JAVA_HOME=/usr/lib/jvm/java-8-openjdk-amd64
COMMAND=mvn -B clean install -DskipTests -U -pl zeppelin-interpreter -am -Ddependency-check.skip=true -Dgpg.skip=true -DfailIfNoTests=false -Dskip.installnodenpm=true -Dskip.npm=true -Dskip.yarn=true -Dlicense.skip=true -Dcheckstyle.skip=true -Drat.skip=true -Denforcer.skip=true -Danimal.sniffer.skip=true -Dmaven.javadoc.skip=true -Dfindbugs.skip=true -Dspotbugs.skip=true -Dwarbucks.skip=true -Dmodernizer.skip=true -Dimpsort.skip=true -Dmdep.analyze.skip=true -Dpgpverify.skip=true -Dxml.skip=true -Dcobertura.skip=true

[INFO] Scanning for projects...
[INFO] Downloading from central: https://repo.maven.apache.org/maven2/org/springframework/boot/spring-boot-dependencies/1.5.15.RELEASE/spring-boot-dependencies-1.5.15.RELEASE.pom
[INFO] Downloaded from central: https://repo.maven.apache.org/maven2/org/springframework/boot/spring-boot-dependencies/1.5.15.RELEASE/spring-boot-dependencies-1.5.15.RELEASE.pom (110 kB at 405 kB/s)
[INFO] Downloading from central: https://repo.maven.apache.org/maven2/org/springframework/data/spring-data-releasetrain/Ingalls-SR14/spring-data-releasetrain-Ingalls-SR14.pom
[INFO] Downloaded from central: https://repo.maven.apache.org/maven2/org/springframework/data/spring-data-releasetrain/Ingalls-SR14/spring-data-releasetrain-Ingalls-SR14.pom (4.6 kB at 144 kB/s)
[INFO] Downloading from central: https://repo.maven.apache.org/maven2/org/springframework/data/build/spring-data-build/1.9.14.RELEASE/spring-data-build-1.9.14.RELEASE.pom
[INFO] Downloaded from central: https://repo.maven.apache.org/maven2/org/springframework/data/build/spring-data-build/1.9.14.RELEASE/spring-data-build-1.9.14.RELEASE.pom (6.6 kB at 187 kB/s)
[WARNING] 
[WARNING] Some problems were encountered while building the effective model for org.apache.iotdb:tsfile:jar:0.13.0-SNAPSHOT
[WARNING] 'dependencyManagement.dependencies.dependency.(groupId:artifactId:type:classifier)' must be unique: org.eclipse.jetty:jetty-server:jar -> version ${jetty.version} vs 11.0.6 @ org.apache.iotdb:iotdb-parent:0.13.0-SNAPSHOT, /home/srafi/after-cam-ready/compare_/compile_repair_output/work/91a2a52dffbf/pom.xml, line 539, column 25
[WARNING] 
[WARNING] Some problems were encountered while building the effective model for org.apache.iotdb:iotdb-parent:pom:0.13.0-SNAPSHOT
[WARNING] 'dependencyManagement.dependencies.dependency.(groupId:artifactId:type:classifier)' must be unique: org.eclipse.jetty:jetty-server:jar -> version ${jetty.version} vs 11.0.6 @ line 539, column 25
[WARNING] 
[WARNING] It is highly recommended to fix these problems because they threaten the stability of your build.
[WARNING] 
[WARNING] For this reason, future Maven versions might no longer support building such malformed projects.
[WARNING] 
Warning: KebabPizza disabling incompatible org.apache.rat:apache-rat-plugin from iotdb-parent
Warning: KebabPizza disabling incompatible org.apache.maven.plugins:maven-enforcer-plugin from iotdb-parent
Warning: KebabPizza disabling incompatible org.apache.rat:apache-rat-plugin from tsfile
Warning: KebabPizza disabling incompatible org.apache.maven.plugins:maven-enforcer-plugin from tsfile
Warning: KebabPizza disabling incompatible org.apache.rat:apache-rat-plugin from iotdb-antlr
Warning: KebabPizza disabling incompatible org.apache.maven.plugins:maven-enforcer-plugin from iotdb-antlr
Warning: KebabPizza disabling incompatible org.apache.rat:apache-rat-plugin from iotdb-thrift
Warning: KebabPizza disabling incompatible org.apache.maven.plugins:maven-enforcer-plugin from iotdb-thrift
Warning: KebabPizza disabling incompatible org.apache.rat:apache-rat-plugin from iotdb-thrift-sync
Warning: KebabPizza disabling incompatible org.apache.maven.plugins:maven-enforcer-plugin from iotdb-thrift-sync
Warning: KebabPizza disabling incompatible org.apache.rat:apache-rat-plugin from service-rpc
Warning: KebabPizza disabling incompatible org.apache.maven.plugins:maven-enforcer-plugin from service-rpc
Warning: KebabPizza disabling incompatible org.apache.rat:apache-rat-plugin from iotdb-jdbc
Warning: KebabPizza disabling incompatible org.apache.maven.plugins:maven-enforcer-plugin from iotdb-jdbc
Warning: KebabPizza disabling incompatible org.apache.rat:apache-rat-plugin from iotdb-server
Warning: KebabPizza disabling incompatible org.apache.maven.plugins:maven-enforcer-plugin from iotdb-server
Warning: KebabPizza disabling incompatible org.apache.rat:apache-rat-plugin from zeppelin-iotdb
Warning: KebabPizza disabling incompatible org.apache.maven.plugins:maven-enforcer-plugin from zeppelin-iotdb
[INFO] ------------------------------------------------------------------------
[INFO] Reactor Build Order:
[INFO] 
[INFO] Apache IoTDB Project Parent POM                                    [pom]
[INFO] TsFile                                                             [jar]
[INFO] sql-antlr                                                          [jar]
[INFO] rpc-thrift                                                         [jar]
[INFO] rpc-thrift-sync                                                    [jar]
[INFO] Service-rpc                                                        [jar]
[INFO] IoTDB Jdbc                                                         [jar]
[INFO] IoTDB Server                                                       [jar]
[INFO] Zeppelin: Apache IoTDB interpreter                                 [jar]
[INFO] 
[INFO] -------------------< org.apache.iotdb:iotdb-parent >--------------------
[INFO] Building Apache IoTDB Project Parent POM 0.13.0-SNAPSHOT           [1/9]
[INFO] --------------------------------[ pom ]---------------------------------
[INFO] Downloading from central: https://repo.maven.apache.org/maven2/com/diffplug/spotless/spotless-maven-plugin/2.4.2/spotless-maven-plugin-2.4.2.pom
[INFO] Downloaded from central: https://repo.maven.apache.org/maven2/com/diffplug/spotless/spotless-maven-plugin/2.4.2/spotless-maven-plugin-2.4.2.pom (2.9 kB at 95 kB/s)
[INFO] Downloading from central: https://repo.maven.apache.org/maven2/com/diffplug/spotless/spotless-maven-plugin/2.4.2/spotless-maven-plugin-2.4.2.jar
[INFO] Downloaded from central: https://repo.maven.apache.org/maven2/com/diffplug/spotless/spotless-maven-plugin/2.4.2/spotless-maven-plugin-2.4.2.jar (62 kB at 1.8 MB/s)
[INFO] Downloading from central: https://repo.maven.apache.org/maven2/au/com/acegi/xml-format-maven-plugin/3.0.7/xml-format-maven-plugin-3.0.7.pom
[INFO] Downloaded from central: https://repo.maven.apache.org/maven2/au/com/acegi/xml-format-maven-plugin/3.0.7/xml-format-maven-plugin-3.0.7.pom (3.9 kB at 105 kB/s)
[INFO] Downloading from central: https://repo.maven.apache.org/maven2/au/com/acegi/acegi-standard-project/0.1.6/acegi-standard-project-0.1.6.pom
[INFO] Downloaded from central: https://repo.maven.apache.org/maven2/au/com/acegi/acegi-standard-project/0.1.6/acegi-standard-project-0.1.6.pom (27 kB at 702 kB/s)
[INFO] Downloading from central: https://repo.maven.apache.org/maven2/au/com/acegi/xml-format-maven-plugin/3.0.7/xml-format-maven-plugin-3.0.7.jar
[INFO] Downloaded from central: https://repo.maven.apache.org/maven2/au/com/acegi/xml-format-maven-plugin/3.0.7/xml-format-maven-plugin-3.0.7.jar (31 kB at 1.0 MB/s)
[INFO] Downloading from apache.snapshots: https://repository.apache.org/snapshots/org/apache/maven/plugins/maven-surefire-plugin/3.0.0-M8-SNAPSHOT/maven-metadata.xml
[INFO] Downloading from apache.snapshots: https://repository.apache.org/snapshots/org/apache/maven/surefire/surefire/3.0.0-M8-SNAPSHOT/maven-metadata.xml
[INFO] 
[INFO] --- maven-clean-plugin:3.1.0:clean (default-clean) @ iotdb-parent ---
[INFO] 
[INFO] --- maven-checkstyle-plugin:3.0.0:check (validate) @ iotdb-parent ---
[INFO] 
[INFO] --- spotless-maven-plugin:2.4.2:check (spotless-check) @ iotdb-parent ---
[INFO] Downloading from central: https://repo.maven.apache.org/maven2/com/diffplug/spotless/spotless-lib/2.8.0/spotless-lib-2.8.0.pom
[INFO] Downloaded from central: https://repo.maven.apache.org/maven2/com/diffplug/spotless/spotless-lib/2.8.0/spotless-lib-2.8.0.pom (1.5 kB at 51 kB/s)
[INFO] Downloading from central: https://repo.maven.apache.org/maven2/com/diffplug/spotless/spotless-lib-extra/2.8.0/spotless-lib-extra-2.8.0.pom
[INFO] Downloaded from central: https://repo.maven.apache.org/maven2/com/diffplug/spotless/spotless-lib-extra/2.8.0/spotless-lib-extra-2.8.0.pom (2.7 kB at 88 kB/s)
[INFO] Downloading from central: https://repo.maven.apache.org/maven2/org/eclipse/jgit/org.eclipse.jgit/5.8.0.202006091008-r/org.eclipse.jgit-5.8.0.202006091008-r.pom
[INFO] Downloaded from central: https://repo.maven.apache.org/maven2/org/eclipse/jgit/org.eclipse.jgit/5.8.0.202006091008-r/org.eclipse.jgit-5.8.0.202006091008-r.pom (7.6 kB at 229 kB/s)
[INFO] Downloading from central: https://repo.maven.apache.org/maven2/org/eclipse/jgit/org.eclipse.jgit-parent/5.8.0.202006091008-r/org.eclipse.jgit-parent-5.8.0.202006091008-r.pom
[INFO] Downloaded from central: https://repo.maven.apache.org/maven2/org/eclipse/jgit/org.eclipse.jgit-parent/5.8.0.202006091008-r/org.eclipse.jgit-parent-5.8.0.202006091008-r.pom (35 kB at 1.2 MB/s)
[INFO] Downloading from central: https://repo.maven.apache.org/maven2/com/googlecode/javaewah/JavaEWAH/1.1.7/JavaEWAH-1.1.7.pom
[INFO] Downloaded from central: https://repo.maven.apache.org/maven2/com/googlecode/javaewah/JavaEWAH/1.1.7/JavaEWAH-1.1.7.pom (0 B at 0 B/s)
[INFO] Downloading from central: https://repo.maven.apache.org/maven2/org/codehaus/groovy/groovy-xml/3.0.3/groovy-xml-3.0.3.pom
[INFO] Downloaded from central: https://repo.maven.apache.org/maven2/org/codehaus/groovy/groovy-xml/3.0.3/groovy-xml-3.0.3.pom (22 kB at 665 kB/s)
[INFO] Downloading from central: https://repo.maven.apache.org/maven2/org/codehaus/groovy/groovy/3.0.3/groovy-3.0.3.pom
[INFO] Downloaded from central: https://repo.maven.apache.org/maven2/org/codehaus/groovy/groovy/3.0.3/groovy-3.0.3.pom (24 kB at 719 kB/s)
[INFO] Downloading from central: https://repo.maven.apache.org/maven2/com/diffplug/spotless/spotless-lib/2.8.0/spotless-lib-2.8.0.jar
[INFO] Downloading from central: https://repo.maven.apache.org/maven2/com/diffplug/spotless/spotless-lib-extra/2.8.0/spotless-lib-extra-2.8.0.jar
[INFO] Downloading from central: https://repo.maven.apache.org/maven2/org/codehaus/groovy/groovy/3.0.3/groovy-3.0.3.jar
[INFO] Downloading from central: https://repo.maven.apache.org/maven2/org/codehaus/groovy/groovy-xml/3.0.3/groovy-xml-3.0.3.jar
[INFO] Downloading from central: https://repo.maven.apache.org/maven2/org/eclipse/jgit/org.eclipse.jgit/5.8.0.202006091008-r/org.eclipse.jgit-5.8.0.202006091008-r.jar
[INFO] Downloaded from central: https://repo.maven.apache.org/maven2/com/diffplug/spotless/spotless-lib/2.8.0/spotless-lib-2.8.0.jar (242 kB at 5.5 MB/s)
[INFO] Downloading from central: https://repo.maven.apache.org/maven2/com/googlecode/javaewah/JavaEWAH/1.1.7/JavaEWAH-1.1.7.jar
[INFO] Downloaded from central: https://repo.maven.apache.org/maven2/com/googlecode/javaewah/JavaEWAH/1.1.7/JavaEWAH-1.1.7.jar (0 B at 0 B/s)
[INFO] Downloaded from central: https://repo.maven.apache.org/maven2/com/diffplug/spotless/spotless-lib-extra/2.8.0/spotless-lib-extra-2.8.0.jar (59 kB at 896 kB/s)
[INFO] Downloaded from central: https://repo.maven.apache.org/maven2/org/codehaus/groovy/groovy-xml/3.0.3/groovy-xml-3.0.3.jar (285 kB at 4.1 MB/s)
[INFO] Downloaded from central: https://repo.maven.apache.org/maven2/org/eclipse/jgit/org.eclipse.jgit/5.8.0.202006091008-r/org.eclipse.jgit-5.8.0.202006091008-r.jar (2.8 MB at 21 MB/s)
[INFO] Downloaded from central: https://repo.maven.apache.org/maven2/org/codehaus/groovy/groovy/3.0.3/groovy-3.0.3.jar (7.9 MB at 34 MB/s)
[INFO] 
[INFO] --- maven-remote-resources-plugin:1.7.0:process (process-resource-bundles) @ iotdb-parent ---
[INFO] Preparing remote bundle org.apache:apache-jar-resource-bundle:1.4
[INFO] Copying 3 resources from 1 bundle.
[INFO] 
[INFO] --- xml-format-maven-plugin:3.0.7:xml-format (xml-format) @ iotdb-parent ---
[INFO] Downloading from central: https://repo.maven.apache.org/maven2/org/dom4j/dom4j/2.0.1/dom4j-2.0.1.pom
[INFO] Downloaded from central: https://repo.maven.apache.org/maven2/org/dom4j/dom4j/2.0.1/dom4j-2.0.1.pom (1.8 kB at 49 kB/s)
[INFO] Downloading from central: https://repo.maven.apache.org/maven2/org/dom4j/dom4j/2.0.1/dom4j-2.0.1.jar
[INFO] Downloaded from central: https://repo.maven.apache.org/maven2/org/dom4j/dom4j/2.0.1/dom4j-2.0.1.jar (312 kB at 7.3 MB/s)
[INFO] 
[INFO] --- maven-surefire-plugin:3.0.0-M8-SNAPSHOT:test (unit-tests) @ iotdb-parent ---
[INFO] Downloading from apache.snapshots: https://repository.apache.org/snapshots/org/apache/maven/surefire/maven-surefire-common/3.0.0-M8-SNAPSHOT/maven-metadata.xml
[INFO] Downloading from apache.snapshots: https://repository.apache.org/snapshots/org/apache/maven/surefire/surefire-api/3.0.0-M8-SNAPSHOT/maven-metadata.xml
[INFO] Downloading from apache.snapshots: https://repository.apache.org/snapshots/org/apache/maven/surefire/surefire-logger-api/3.0.0-M8-SNAPSHOT/maven-metadata.xml
[INFO] Downloading from apache.snapshots: https://repository.apache.org/snapshots/org/apache/maven/surefire/surefire-shared-utils/3.0.0-M8-SNAPSHOT/maven-metadata.xml
[INFO] Downloading from apache.snapshots: https://repository.apache.org/snapshots/org/apache/maven/surefire/surefire-extensions-api/3.0.0-M8-SNAPSHOT/maven-metadata.xml
[INFO] Downloading from apache.snapshots: https://repository.apache.org/snapshots/org/apache/maven/surefire/surefire-booter/3.0.0-M8-SNAPSHOT/maven-metadata.xml
[INFO] Downloading from apache.snapshots: https://repository.apache.org/snapshots/org/apache/maven/surefire/surefire-extensions-spi/3.0.0-M8-SNAPSHOT/maven-metadata.xml
[INFO] Tests are skipped.
[INFO] 
[INFO] --- maven-site-plugin:3.7.1:attach-descriptor (attach-descriptor) @ iotdb-parent ---
[INFO] No site descriptor found: nothing to attach.
[INFO] 
[INFO] >>> maven-source-plugin:3.2.0:jar (create-source-package) > generate-sources @ iotdb-parent >>>
[INFO] 
[INFO] --- maven-checkstyle-plugin:3.0.0:check (validate) @ iotdb-parent ---
[INFO] 
[INFO] --- spotless-maven-plugin:2.4.2:check (spotless-check) @ iotdb-parent ---
[INFO] 
[INFO] <<< maven-source-plugin:3.2.0:jar (create-source-package) < generate-sources @ iotdb-parent <<<
[INFO] 
[INFO] 
[INFO] --- maven-source-plugin:3.2.0:jar (create-source-package) @ iotdb-parent ---
[INFO] 
[INFO] --- maven-surefire-plugin:3.0.0-M8-SNAPSHOT:test (integration-tests) @ iotdb-parent ---
[INFO] Tests are skipped.
[INFO] 
[INFO] --- maven-dependency-plugin:3.1.1:analyze-only (check-dependencies) @ iotdb-parent ---
[INFO] Skipping plugin execution
[INFO] 
[INFO] --- maven-install-plugin:2.5.2:install (default-install) @ iotdb-parent ---
[INFO] Installing /home/srafi/after-cam-ready/compare_/compile_repair_output/work/91a2a52dffbf/pom.xml to /home/srafi/.m2/repository/org/apache/iotdb/iotdb-parent/0.13.0-SNAPSHOT/iotdb-parent-0.13.0-SNAPSHOT.pom
[INFO] 
[INFO] ----------------------< org.apache.iotdb:tsfile >-----------------------
[INFO] Building TsFile 0.13.0-SNAPSHOT                                    [2/9]
[INFO] --------------------------------[ jar ]---------------------------------
[INFO] Downloading from apache.snapshots: https://repository.apache.org/snapshots/org/apache/maven/plugins/maven-failsafe-plugin/3.0.0-M8-SNAPSHOT/maven-metadata.xml
[INFO] 
[INFO] --- maven-clean-plugin:3.1.0:clean (default-clean) @ tsfile ---
[INFO] 
[INFO] --- maven-checkstyle-plugin:3.0.0:check (validate) @ tsfile ---
[INFO] 
[INFO] --- spotless-maven-plugin:2.4.2:check (spotless-check) @ tsfile ---
[INFO] 
[INFO] --- maven-remote-resources-plugin:1.7.0:process (process-resource-bundles) @ tsfile ---
[INFO] Preparing remote bundle org.apache:apache-jar-resource-bundle:1.4
[INFO] Copying 3 resources from 1 bundle.
[INFO] 
[INFO] --- maven-resources-plugin:3.1.0:resources (default-resources) @ tsfile ---
[INFO] Using 'UTF-8' encoding to copy filtered resources.
[INFO] skip non existing resourceDirectory /home/srafi/after-cam-ready/compare_/compile_repair_output/work/91a2a52dffbf/tsfile/src/main/resources
[INFO] Copying 3 resources
[INFO] 
[INFO] --- maven-compiler-plugin:3.8.1:compile (default-compile) @ tsfile ---
[INFO] Changes detected - recompiling the module!
[INFO] Compiling 247 source files to /home/srafi/after-cam-ready/compare_/compile_repair_output/work/91a2a52dffbf/tsfile/target/classes
[INFO] /home/srafi/after-cam-ready/compare_/compile_repair_output/work/91a2a52dffbf/tsfile/src/main/java/org/apache/iotdb/tsfile/read/reader/chunk/VectorChunkReader.java: Some input files use unchecked or unsafe operations.
[INFO] /home/srafi/after-cam-ready/compare_/compile_repair_output/work/91a2a52dffbf/tsfile/src/main/java/org/apache/iotdb/tsfile/read/reader/chunk/VectorChunkReader.java: Recompile with -Xlint:unchecked for details.
[INFO] 
[INFO] --- xml-format-maven-plugin:3.0.7:xml-format (xml-format) @ tsfile ---
[INFO] 
[INFO] --- maven-bundle-plugin:5.1.1:manifest (bundle-manifest) @ tsfile ---
[WARNING] Manifest org.apache.iotdb:tsfile:jar:0.13.0-SNAPSHOT : Export org.apache.iotdb.tsfile.read.query.timegenerator,  has 1,  private references [org.apache.iotdb.tsfile.read.expression.impl]
[INFO] 
[INFO] --- maven-resources-plugin:3.1.0:testResources (default-testResources) @ tsfile ---
[INFO] Using 'UTF-8' encoding to copy filtered resources.
[INFO] Copying 1 resource
[INFO] Copying 3 resources
[INFO] 
[INFO] --- maven-compiler-plugin:3.8.1:testCompile (default-testCompile) @ tsfile ---
[INFO] Changes detected - recompiling the module!
[INFO] Compiling 106 source files to /home/srafi/after-cam-ready/compare_/compile_repair_output/work/91a2a52dffbf/tsfile/target/test-classes
[INFO] /home/srafi/after-cam-ready/compare_/compile_repair_output/work/91a2a52dffbf/tsfile/src/test/java/org/apache/iotdb/tsfile/write/writer/ValuePageWriterTest.java: Some input files use unchecked or unsafe operations.
[INFO] /home/srafi/after-cam-ready/compare_/compile_repair_output/work/91a2a52dffbf/tsfile/src/test/java/org/apache/iotdb/tsfile/write/writer/ValuePageWriterTest.java: Recompile with -Xlint:unchecked for details.
[INFO] 
[INFO] --- maven-surefire-plugin:3.0.0-M8-SNAPSHOT:test (default-test) @ tsfile ---
[INFO] Tests are skipped.
[INFO] 
[INFO] --- maven-surefire-plugin:3.0.0-M8-SNAPSHOT:test (unit-tests) @ tsfile ---
[INFO] Tests are skipped.
[INFO] 
[INFO] --- maven-jar-plugin:3.2.0:jar (default-jar) @ tsfile ---
[INFO] Building jar: /home/srafi/after-cam-ready/compare_/compile_repair_output/work/91a2a52dffbf/tsfile/target/tsfile-0.13.0-SNAPSHOT.jar
[INFO] 
[INFO] --- maven-site-plugin:3.7.1:attach-descriptor (attach-descriptor) @ tsfile ---
[INFO] Skipping because packaging 'jar' is not pom.
[INFO] 
[INFO] >>> maven-source-plugin:3.2.0:jar (create-source-package) > generate-sources @ tsfile >>>
[INFO] 
[INFO] --- maven-checkstyle-plugin:3.0.0:check (validate) @ tsfile ---
[INFO] 
[INFO] --- spotless-maven-plugin:2.4.2:check (spotless-check) @ tsfile ---
[INFO] 
[INFO] <<< maven-source-plugin:3.2.0:jar (create-source-package) < generate-sources @ tsfile <<<
[INFO] 
[INFO] 
[INFO] --- maven-source-plugin:3.2.0:jar (create-source-package) @ tsfile ---
[INFO] Building jar: /home/srafi/after-cam-ready/compare_/compile_repair_output/work/91a2a52dffbf/tsfile/target/tsfile-0.13.0-SNAPSHOT-sources.jar
[INFO] 
[INFO] --- maven-surefire-plugin:3.0.0-M8-SNAPSHOT:test (integration-tests) @ tsfile ---
[INFO] Tests are skipped.
[INFO] 
[INFO] --- maven-failsafe-plugin:3.0.0-M8-SNAPSHOT:integration-test (run-integration-tests) @ tsfile ---
[INFO] Tests are skipped.
[INFO] 
[INFO] --- maven-failsafe-plugin:3.0.0-M8-SNAPSHOT:verify (run-integration-tests) @ tsfile ---
[INFO] Tests are skipped.
[INFO] 
[INFO] --- maven-dependency-plugin:3.1.1:analyze-only (check-dependencies) @ tsfile ---
[INFO] Skipping plugin execution
[INFO] 
[INFO] --- maven-install-plugin:2.5.2:install (default-install) @ tsfile ---
[INFO] Installing /home/srafi/after-cam-ready/compare_/compile_repair_output/work/91a2a52dffbf/tsfile/target/tsfile-0.13.0-SNAPSHOT.jar to /home/srafi/.m2/repository/org/apache/iotdb/tsfile/0.13.0-SNAPSHOT/tsfile-0.13.0-SNAPSHOT.jar
[INFO] Installing /home/srafi/after-cam-ready/compare_/compile_repair_output/work/91a2a52dffbf/tsfile/pom.xml to /home/srafi/.m2/repository/org/apache/iotdb/tsfile/0.13.0-SNAPSHOT/tsfile-0.13.0-SNAPSHOT.pom
[INFO] Installing /home/srafi/after-cam-ready/compare_/compile_repair_output/work/91a2a52dffbf/tsfile/target/tsfile-0.13.0-SNAPSHOT-sources.jar to /home/srafi/.m2/repository/org/apache/iotdb/tsfile/0.13.0-SNAPSHOT/tsfile-0.13.0-SNAPSHOT-sources.jar
[INFO] 
[INFO] --------------------< org.apache.iotdb:iotdb-antlr >--------------------
[INFO] Building sql-antlr 0.13.0-SNAPSHOT                                 [3/9]
[INFO] --------------------------------[ jar ]---------------------------------
[INFO] Downloading from central: https://repo.maven.apache.org/maven2/org/antlr/antlr4-maven-plugin/4.8-1/antlr4-maven-plugin-4.8-1.pom
[INFO] Downloaded from central: https://repo.maven.apache.org/maven2/org/antlr/antlr4-maven-plugin/4.8-1/antlr4-maven-plugin-4.8-1.pom (5.9 kB at 170 kB/s)
[INFO] Downloading from central: https://repo.maven.apache.org/maven2/org/antlr/antlr4-maven-plugin/4.8-1/antlr4-maven-plugin-4.8-1.jar
[INFO] Downloaded from central: https://repo.maven.apache.org/maven2/org/antlr/antlr4-maven-plugin/4.8-1/antlr4-maven-plugin-4.8-1.jar (30 kB at 983 kB/s)
[INFO] 
[INFO] --- maven-clean-plugin:3.1.0:clean (default-clean) @ iotdb-antlr ---
[INFO] 
[INFO] --- maven-checkstyle-plugin:3.0.0:check (validate) @ iotdb-antlr ---
[INFO] 
[INFO] --- spotless-maven-plugin:2.4.2:check (spotless-check) @ iotdb-antlr ---
[INFO] 
[INFO] --- antlr4-maven-plugin:4.8-1:antlr4 (default) @ iotdb-antlr ---
[INFO] Downloading from central: https://repo.maven.apache.org/maven2/org/antlr/antlr4/4.8-1/antlr4-4.8-1.pom
[INFO] Downloaded from central: https://repo.maven.apache.org/maven2/org/antlr/antlr4/4.8-1/antlr4-4.8-1.pom (6.2 kB at 182 kB/s)
[INFO] Downloading from central: https://repo.maven.apache.org/maven2/org/antlr/ST4/4.3/ST4-4.3.pom
[INFO] Downloaded from central: https://repo.maven.apache.org/maven2/org/antlr/ST4/4.3/ST4-4.3.pom (4.7 kB at 157 kB/s)
[INFO] Downloading from central: https://repo.maven.apache.org/maven2/com/ibm/icu/icu4j/61.1/icu4j-61.1.pom
[INFO] Downloaded from central: https://repo.maven.apache.org/maven2/com/ibm/icu/icu4j/61.1/icu4j-61.1.pom (5.0 kB at 127 kB/s)
[INFO] Downloading from central: https://repo.maven.apache.org/maven2/org/antlr/antlr4/4.8-1/antlr4-4.8-1.jar
[INFO] Downloading from central: https://repo.maven.apache.org/maven2/org/antlr/ST4/4.3/ST4-4.3.jar
[INFO] Downloading from central: https://repo.maven.apache.org/maven2/com/ibm/icu/icu4j/61.1/icu4j-61.1.jar
[INFO] Downloaded from central: https://repo.maven.apache.org/maven2/org/antlr/ST4/4.3/ST4-4.3.jar (251 kB at 5.7 MB/s)
[INFO] Downloaded from central: https://repo.maven.apache.org/maven2/org/antlr/antlr4/4.8-1/antlr4-4.8-1.jar (1.2 MB at 20 MB/s)
[INFO] Downloaded from central: https://repo.maven.apache.org/maven2/com/ibm/icu/icu4j/61.1/icu4j-61.1.jar (12 MB at 75 MB/s)
[INFO] ANTLR 4: Processing source directory /home/srafi/after-cam-ready/compare_/compile_repair_output/work/91a2a52dffbf/antlr/src/main/antlr4
[INFO] Processing grammar: org/apache/iotdb/db/qp/sql/IoTDBSqlLexer.g4
[INFO] Processing grammar: org/apache/iotdb/db/qp/sql/IoTDBSqlParser.g4
[INFO] 
[INFO] --- build-helper-maven-plugin:3.2.0:add-source (add-source) @ iotdb-antlr ---
[INFO] Source directory: /home/srafi/after-cam-ready/compare_/compile_repair_output/work/91a2a52dffbf/antlr/target/generated-sources/antlr4 added.
[INFO] 
[INFO] --- maven-remote-resources-plugin:1.7.0:process (process-resource-bundles) @ iotdb-antlr ---
[INFO] Preparing remote bundle org.apache:apache-jar-resource-bundle:1.4
[INFO] Copying 3 resources from 1 bundle.
[INFO] 
[INFO] --- maven-resources-plugin:3.1.0:resources (default-resources) @ iotdb-antlr ---
[INFO] Using 'UTF-8' encoding to copy filtered resources.
[INFO] skip non existing resourceDirectory /home/srafi/after-cam-ready/compare_/compile_repair_output/work/91a2a52dffbf/antlr/src/main/resources
[INFO] Copying 3 resources
[INFO] 
[INFO] --- maven-compiler-plugin:3.8.1:compile (default-compile) @ iotdb-antlr ---
[INFO] Changes detected - recompiling the module!
[INFO] Compiling 4 source files to /home/srafi/after-cam-ready/compare_/compile_repair_output/work/91a2a52dffbf/antlr/target/classes
[INFO] 
[INFO] --- xml-format-maven-plugin:3.0.7:xml-format (xml-format) @ iotdb-antlr ---
[INFO] 
[INFO] --- maven-resources-plugin:3.1.0:testResources (default-testResources) @ iotdb-antlr ---
[INFO] Using 'UTF-8' encoding to copy filtered resources.
[INFO] skip non existing resourceDirectory /home/srafi/after-cam-ready/compare_/compile_repair_output/work/91a2a52dffbf/antlr/src/test/resources
[INFO] Copying 3 resources
[INFO] 
[INFO] --- maven-compiler-plugin:3.8.1:testCompile (default-testCompile) @ iotdb-antlr ---
[INFO] No sources to compile
[INFO] 
[INFO] --- maven-surefire-plugin:3.0.0-M8-SNAPSHOT:test (default-test) @ iotdb-antlr ---
[INFO] Tests are skipped.
[INFO] 
[INFO] --- maven-surefire-plugin:3.0.0-M8-SNAPSHOT:test (unit-tests) @ iotdb-antlr ---
[INFO] Tests are skipped.
[INFO] 
[INFO] --- maven-jar-plugin:3.2.0:jar (default-jar) @ iotdb-antlr ---
[INFO] Building jar: /home/srafi/after-cam-ready/compare_/compile_repair_output/work/91a2a52dffbf/antlr/target/iotdb-antlr-0.13.0-SNAPSHOT.jar
[INFO] 
[INFO] --- maven-site-plugin:3.7.1:attach-descriptor (attach-descriptor) @ iotdb-antlr ---
[INFO] Skipping because packaging 'jar' is not pom.
[INFO] 
[INFO] >>> maven-source-plugin:3.2.0:jar (create-source-package) > generate-sources @ iotdb-antlr >>>
[INFO] 
[INFO] --- maven-checkstyle-plugin:3.0.0:check (validate) @ iotdb-antlr ---
[INFO] 
[INFO] --- spotless-maven-plugin:2.4.2:check (spotless-check) @ iotdb-antlr ---
[INFO] 
[INFO] --- antlr4-maven-plugin:4.8-1:antlr4 (default) @ iotdb-antlr ---
[INFO] No grammars to process
[INFO] ANTLR 4: Processing source directory /home/srafi/after-cam-ready/compare_/compile_repair_output/work/91a2a52dffbf/antlr/src/main/antlr4
[INFO] 
[INFO] --- build-helper-maven-plugin:3.2.0:add-source (add-source) @ iotdb-antlr ---
[INFO] Source directory: /home/srafi/after-cam-ready/compare_/compile_repair_output/work/91a2a52dffbf/antlr/target/generated-sources/antlr4 added.
[INFO] 
[INFO] <<< maven-source-plugin:3.2.0:jar (create-source-package) < generate-sources @ iotdb-antlr <<<
[INFO] 
[INFO] 
[INFO] --- maven-source-plugin:3.2.0:jar (create-source-package) @ iotdb-antlr ---
[INFO] Building jar: /home/srafi/after-cam-ready/compare_/compile_repair_output/work/91a2a52dffbf/antlr/target/iotdb-antlr-0.13.0-SNAPSHOT-sources.jar
[INFO] 
[INFO] --- maven-surefire-plugin:3.0.0-M8-SNAPSHOT:test (integration-tests) @ iotdb-antlr ---
[INFO] Tests are skipped.
[INFO] 
[INFO] --- maven-dependency-plugin:3.1.1:analyze-only (check-dependencies) @ iotdb-antlr ---
[INFO] Skipping plugin execution
[INFO] 
[INFO] --- maven-install-plugin:2.5.2:install (default-install) @ iotdb-antlr ---
[INFO] Installing /home/srafi/after-cam-ready/compare_/compile_repair_output/work/91a2a52dffbf/antlr/target/iotdb-antlr-0.13.0-SNAPSHOT.jar to /home/srafi/.m2/repository/org/apache/iotdb/iotdb-antlr/0.13.0-SNAPSHOT/iotdb-antlr-0.13.0-SNAPSHOT.jar
[INFO] Installing /home/srafi/after-cam-ready/compare_/compile_repair_output/work/91a2a52dffbf/antlr/pom.xml to /home/srafi/.m2/repository/org/apache/iotdb/iotdb-antlr/0.13.0-SNAPSHOT/iotdb-antlr-0.13.0-SNAPSHOT.pom
[INFO] Installing /home/srafi/after-cam-ready/compare_/compile_repair_output/work/91a2a52dffbf/antlr/target/iotdb-antlr-0.13.0-SNAPSHOT-sources.jar to /home/srafi/.m2/repository/org/apache/iotdb/iotdb-antlr/0.13.0-SNAPSHOT/iotdb-antlr-0.13.0-SNAPSHOT-sources.jar
[INFO] 
[INFO] -------------------< org.apache.iotdb:iotdb-thrift >--------------------
[INFO] Building rpc-thrift 0.13.0-SNAPSHOT                                [4/9]
[INFO] --------------------------------[ jar ]---------------------------------
[INFO] Downloading from central: https://repo.maven.apache.org/maven2/com/googlecode/maven-download-plugin/download-maven-plugin/1.6.7/download-maven-plugin-1.6.7.pom
[INFO] Downloaded from central: https://repo.maven.apache.org/maven2/com/googlecode/maven-download-plugin/download-maven-plugin/1.6.7/download-maven-plugin-1.6.7.pom (11 kB at 355 kB/s)
[INFO] Downloading from central: https://repo.maven.apache.org/maven2/com/googlecode/maven-download-plugin/download-maven-plugin/1.6.7/download-maven-plugin-1.6.7.jar
[INFO] Downloaded from central: https://repo.maven.apache.org/maven2/com/googlecode/maven-download-plugin/download-maven-plugin/1.6.7/download-maven-plugin-1.6.7.jar (51 kB at 1.8 MB/s)
[INFO] Downloading from central: https://repo.maven.apache.org/maven2/org/apache/thrift/tools/maven-thrift-plugin/0.1.11/maven-thrift-plugin-0.1.11.pom
[INFO] Downloaded from central: https://repo.maven.apache.org/maven2/org/apache/thrift/tools/maven-thrift-plugin/0.1.11/maven-thrift-plugin-0.1.11.pom (3.3 kB at 99 kB/s)
[INFO] Downloading from central: https://repo.maven.apache.org/maven2/org/apache/thrift/tools/maven-thrift-plugin/0.1.11/maven-thrift-plugin-0.1.11.jar
[INFO] Downloaded from central: https://repo.maven.apache.org/maven2/org/apache/thrift/tools/maven-thrift-plugin/0.1.11/maven-thrift-plugin-0.1.11.jar (18 kB at 658 kB/s)
[INFO] Downloading from central: https://repo.maven.apache.org/maven2/org/apache/thrift/libthrift/0.14.1/libthrift-0.14.1.pom
[INFO] Downloaded from central: https://repo.maven.apache.org/maven2/org/apache/thrift/libthrift/0.14.1/libthrift-0.14.1.pom (2.7 kB at 86 kB/s)
[INFO] Downloading from central: https://repo.maven.apache.org/maven2/org/apache/thrift/libthrift/0.14.1/libthrift-0.14.1.jar
[INFO] Downloaded from central: https://repo.maven.apache.org/maven2/org/apache/thrift/libthrift/0.14.1/libthrift-0.14.1.jar (306 kB at 9.3 MB/s)
[INFO] 
[INFO] --- maven-clean-plugin:3.1.0:clean (default-clean) @ iotdb-thrift ---
[INFO] 
[INFO] --- maven-checkstyle-plugin:3.0.0:check (validate) @ iotdb-thrift ---
[INFO] 
[INFO] --- spotless-maven-plugin:2.4.2:check (spotless-check) @ iotdb-thrift ---
[INFO] 
[INFO] --- download-maven-plugin:1.6.7:wget (get-thrift-executable) @ iotdb-thrift ---
[INFO] 
[INFO] --- exec-maven-plugin:1.6.0:exec (make-thrift-executable-executable) @ iotdb-thrift ---
[INFO] 
[INFO] --- maven-thrift-plugin:0.1.11:compile (generate-thrift-sources-java) @ iotdb-thrift ---
[INFO] Downloading from central: https://repo.maven.apache.org/maven2/com/google/collections/google-collections/0.8/google-collections-0.8.pom
[INFO] Downloaded from central: https://repo.maven.apache.org/maven2/com/google/collections/google-collections/0.8/google-collections-0.8.pom (2.4 kB at 68 kB/s)
[INFO] Downloading from central: https://repo.maven.apache.org/maven2/org/codehaus/plexus/plexus-utils/1.5.4/plexus-utils-1.5.4.pom
[INFO] Downloaded from central: https://repo.maven.apache.org/maven2/org/codehaus/plexus/plexus-utils/1.5.4/plexus-utils-1.5.4.pom (5.1 kB at 156 kB/s)
[INFO] Downloading from central: https://repo.maven.apache.org/maven2/org/slf4j/slf4j-simple/1.5.8/slf4j-simple-1.5.8.pom
[INFO] Downloaded from central: https://repo.maven.apache.org/maven2/org/slf4j/slf4j-simple/1.5.8/slf4j-simple-1.5.8.pom (1.5 kB at 42 kB/s)
[INFO] Downloading from central: https://repo.maven.apache.org/maven2/com/google/collections/google-collections/0.8/google-collections-0.8.jar
[INFO] Downloading from central: https://repo.maven.apache.org/maven2/org/codehaus/plexus/plexus-utils/1.5.4/plexus-utils-1.5.4.jar
[INFO] Downloading from central: https://repo.maven.apache.org/maven2/org/slf4j/slf4j-api/1.5.8/slf4j-api-1.5.8.jar
[INFO] Downloading from central: https://repo.maven.apache.org/maven2/org/slf4j/slf4j-simple/1.5.8/slf4j-simple-1.5.8.jar
[INFO] Downloaded from central: https://repo.maven.apache.org/maven2/org/slf4j/slf4j-simple/1.5.8/slf4j-simple-1.5.8.jar (7.6 kB at 194 kB/s)
[INFO] Downloaded from central: https://repo.maven.apache.org/maven2/org/slf4j/slf4j-api/1.5.8/slf4j-api-1.5.8.jar (23 kB at 572 kB/s)
[INFO] Downloaded from central: https://repo.maven.apache.org/maven2/org/codehaus/plexus/plexus-utils/1.5.4/plexus-utils-1.5.4.jar (250 kB at 5.6 MB/s)
[INFO] Downloaded from central: https://repo.maven.apache.org/maven2/com/google/collections/google-collections/0.8/google-collections-0.8.jar (484 kB at 8.1 MB/s)
[INFO] 
[INFO] --- maven-thrift-plugin:0.1.11:compile (generate-thrift-sources-python) @ iotdb-thrift ---
[INFO] 
[INFO] --- maven-thrift-plugin:0.1.11:compile (generate-thrift-sources-go) @ iotdb-thrift ---
[INFO] 
[INFO] --- build-helper-maven-plugin:3.2.0:add-source (add-source) @ iotdb-thrift ---
[INFO] Source directory: /home/srafi/after-cam-ready/compare_/compile_repair_output/work/91a2a52dffbf/thrift/target/generated-sources/thrift added.
[INFO] 
[INFO] --- maven-remote-resources-plugin:1.7.0:process (process-resource-bundles) @ iotdb-thrift ---
[INFO] Preparing remote bundle org.apache:apache-jar-resource-bundle:1.4
[INFO] Copying 3 resources from 1 bundle.
[INFO] 
[INFO] --- maven-resources-plugin:3.1.0:resources (default-resources) @ iotdb-thrift ---
[INFO] Using 'UTF-8' encoding to copy filtered resources.
[INFO] skip non existing resourceDirectory /home/srafi/after-cam-ready/compare_/compile_repair_output/work/91a2a52dffbf/thrift/src/main/resources
[INFO] Copying 1 resource
[INFO] Copying 1 resource
[INFO] Copying 1 resource
[INFO] Copying 3 resources
[INFO] 
[INFO] --- maven-compiler-plugin:3.8.1:compile (default-compile) @ iotdb-thrift ---
[INFO] Changes detected - recompiling the module!
[INFO] Compiling 39 source files to /home/srafi/after-cam-ready/compare_/compile_repair_output/work/91a2a52dffbf/thrift/target/classes
[INFO] 
[INFO] --- xml-format-maven-plugin:3.0.7:xml-format (xml-format) @ iotdb-thrift ---
[INFO] 
[INFO] --- maven-bundle-plugin:5.1.1:manifest (bundle-manifest) @ iotdb-thrift ---
[INFO] 
[INFO] --- maven-resources-plugin:3.1.0:testResources (default-testResources) @ iotdb-thrift ---
[INFO] Using 'UTF-8' encoding to copy filtered resources.
[INFO] skip non existing resourceDirectory /home/srafi/after-cam-ready/compare_/compile_repair_output/work/91a2a52dffbf/thrift/src/test/resources
[INFO] Copying 3 resources
[INFO] 
[INFO] --- maven-compiler-plugin:3.8.1:testCompile (default-testCompile) @ iotdb-thrift ---
[INFO] No sources to compile
[INFO] 
[INFO] --- maven-surefire-plugin:3.0.0-M8-SNAPSHOT:test (default-test) @ iotdb-thrift ---
[INFO] Tests are skipped.
[INFO] 
[INFO] --- maven-surefire-plugin:3.0.0-M8-SNAPSHOT:test (unit-tests) @ iotdb-thrift ---
[INFO] Tests are skipped.
[INFO] 
[INFO] --- maven-jar-plugin:3.2.0:jar (default-jar) @ iotdb-thrift ---
[INFO] Building jar: /home/srafi/after-cam-ready/compare_/compile_repair_output/work/91a2a52dffbf/thrift/target/iotdb-thrift-0.13.0-SNAPSHOT.jar
[INFO] 
[INFO] --- maven-site-plugin:3.7.1:attach-descriptor (attach-descriptor) @ iotdb-thrift ---
[INFO] Skipping because packaging 'jar' is not pom.
[INFO] 
[INFO] >>> maven-source-plugin:3.2.0:jar (create-source-package) > generate-sources @ iotdb-thrift >>>
[INFO] 
[INFO] --- maven-checkstyle-plugin:3.0.0:check (validate) @ iotdb-thrift ---
[INFO] 
[INFO] --- spotless-maven-plugin:2.4.2:check (spotless-check) @ iotdb-thrift ---
[INFO] 
[INFO] --- download-maven-plugin:1.6.7:wget (get-thrift-executable) @ iotdb-thrift ---
[INFO] File already exist, skipping
[INFO] 
[INFO] --- exec-maven-plugin:1.6.0:exec (make-thrift-executable-executable) @ iotdb-thrift ---
[INFO] 
[INFO] --- maven-thrift-plugin:0.1.11:compile (generate-thrift-sources-java) @ iotdb-thrift ---
[INFO] 
[INFO] --- maven-thrift-plugin:0.1.11:compile (generate-thrift-sources-python) @ iotdb-thrift ---
[INFO] 
[INFO] --- maven-thrift-plugin:0.1.11:compile (generate-thrift-sources-go) @ iotdb-thrift ---
[INFO] 
[INFO] --- build-helper-maven-plugin:3.2.0:add-source (add-source) @ iotdb-thrift ---
[INFO] Source directory: /home/srafi/after-cam-ready/compare_/compile_repair_output/work/91a2a52dffbf/thrift/target/generated-sources/thrift added.
[INFO] 
[INFO] <<< maven-source-plugin:3.2.0:jar (create-source-package) < generate-sources @ iotdb-thrift <<<
[INFO] 
[INFO] 
[INFO] --- maven-source-plugin:3.2.0:jar (create-source-package) @ iotdb-thrift ---
[INFO] Building jar: /home/srafi/after-cam-ready/compare_/compile_repair_output/work/91a2a52dffbf/thrift/target/iotdb-thrift-0.13.0-SNAPSHOT-sources.jar
[INFO] 
[INFO] --- maven-surefire-plugin:3.0.0-M8-SNAPSHOT:test (integration-tests) @ iotdb-thrift ---
[INFO] Tests are skipped.
[INFO] 
[INFO] --- maven-dependency-plugin:3.1.1:analyze-only (check-dependencies) @ iotdb-thrift ---
[INFO] Skipping plugin execution
[INFO] 
[INFO] --- maven-install-plugin:2.5.2:install (default-install) @ iotdb-thrift ---
[INFO] Installing /home/srafi/after-cam-ready/compare_/compile_repair_output/work/91a2a52dffbf/thrift/target/iotdb-thrift-0.13.0-SNAPSHOT.jar to /home/srafi/.m2/repository/org/apache/iotdb/iotdb-thrift/0.13.0-SNAPSHOT/iotdb-thrift-0.13.0-SNAPSHOT.jar
[INFO] Installing /home/srafi/after-cam-ready/compare_/compile_repair_output/work/91a2a52dffbf/thrift/pom.xml to /home/srafi/.m2/repository/org/apache/iotdb/iotdb-thrift/0.13.0-SNAPSHOT/iotdb-thrift-0.13.0-SNAPSHOT.pom
[INFO] Installing /home/srafi/after-cam-ready/compare_/compile_repair_output/work/91a2a52dffbf/thrift/target/iotdb-thrift-0.13.0-SNAPSHOT-sources.jar to /home/srafi/.m2/repository/org/apache/iotdb/iotdb-thrift/0.13.0-SNAPSHOT/iotdb-thrift-0.13.0-SNAPSHOT-sources.jar
[INFO] 
[INFO] -----------------< org.apache.iotdb:iotdb-thrift-sync >-----------------
[INFO] Building rpc-thrift-sync 0.13.0-SNAPSHOT                           [5/9]
[INFO] --------------------------------[ jar ]---------------------------------
[INFO] 
[INFO] --- maven-clean-plugin:3.1.0:clean (default-clean) @ iotdb-thrift-sync ---
[INFO] 
[INFO] --- maven-checkstyle-plugin:3.0.0:check (validate) @ iotdb-thrift-sync ---
[INFO] 
[INFO] --- spotless-maven-plugin:2.4.2:check (spotless-check) @ iotdb-thrift-sync ---
[INFO] 
[INFO] --- download-maven-plugin:1.6.7:wget (get-thrift-executable) @ iotdb-thrift-sync ---
[INFO] 
[INFO] --- exec-maven-plugin:1.6.0:exec (make-thrift-executable-executable) @ iotdb-thrift-sync ---
[INFO] 
[INFO] --- maven-thrift-plugin:0.1.11:compile (generate-thrift-sources-java) @ iotdb-thrift-sync ---
[INFO] 
[INFO] --- maven-thrift-plugin:0.1.11:compile (generate-thrift-sources-python) @ iotdb-thrift-sync ---
[INFO] 
[INFO] --- maven-thrift-plugin:0.1.11:compile (generate-thrift-sources-go) @ iotdb-thrift-sync ---
[INFO] 
[INFO] --- build-helper-maven-plugin:3.2.0:add-source (add-source) @ iotdb-thrift-sync ---
[INFO] Source directory: /home/srafi/after-cam-ready/compare_/compile_repair_output/work/91a2a52dffbf/thrift-sync/target/generated-sources/thrift added.
[INFO] 
[INFO] --- maven-remote-resources-plugin:1.7.0:process (process-resource-bundles) @ iotdb-thrift-sync ---
[INFO] Preparing remote bundle org.apache:apache-jar-resource-bundle:1.4
[INFO] Copying 3 resources from 1 bundle.
[INFO] 
[INFO] --- maven-resources-plugin:3.1.0:resources (default-resources) @ iotdb-thrift-sync ---
[INFO] Using 'UTF-8' encoding to copy filtered resources.
[INFO] skip non existing resourceDirectory /home/srafi/after-cam-ready/compare_/compile_repair_output/work/91a2a52dffbf/thrift-sync/src/main/resources
[INFO] Copying 1 resource
[INFO] Copying 1 resource
[INFO] Copying 1 resource
[INFO] Copying 3 resources
[INFO] 
[INFO] --- maven-compiler-plugin:3.8.1:compile (default-compile) @ iotdb-thrift-sync ---
[INFO] Changes detected - recompiling the module!
[INFO] Compiling 3 source files to /home/srafi/after-cam-ready/compare_/compile_repair_output/work/91a2a52dffbf/thrift-sync/target/classes
[INFO] 
[INFO] --- xml-format-maven-plugin:3.0.7:xml-format (xml-format) @ iotdb-thrift-sync ---
[INFO] 
[INFO] --- maven-resources-plugin:3.1.0:testResources (default-testResources) @ iotdb-thrift-sync ---
[INFO] Using 'UTF-8' encoding to copy filtered resources.
[INFO] skip non existing resourceDirectory /home/srafi/after-cam-ready/compare_/compile_repair_output/work/91a2a52dffbf/thrift-sync/src/test/resources
[INFO] Copying 3 resources
[INFO] 
[INFO] --- maven-compiler-plugin:3.8.1:testCompile (default-testCompile) @ iotdb-thrift-sync ---
[INFO] No sources to compile
[INFO] 
[INFO] --- maven-surefire-plugin:3.0.0-M8-SNAPSHOT:test (default-test) @ iotdb-thrift-sync ---
[INFO] Tests are skipped.
[INFO] 
[INFO] --- maven-surefire-plugin:3.0.0-M8-SNAPSHOT:test (unit-tests) @ iotdb-thrift-sync ---
[INFO] Tests are skipped.
[INFO] 
[INFO] --- maven-jar-plugin:3.2.0:jar (default-jar) @ iotdb-thrift-sync ---
[INFO] Building jar: /home/srafi/after-cam-ready/compare_/compile_repair_output/work/91a2a52dffbf/thrift-sync/target/iotdb-thrift-sync-0.13.0-SNAPSHOT.jar
[INFO] 
[INFO] --- maven-site-plugin:3.7.1:attach-descriptor (attach-descriptor) @ iotdb-thrift-sync ---
[INFO] Skipping because packaging 'jar' is not pom.
[INFO] 
[INFO] >>> maven-source-plugin:3.2.0:jar (create-source-package) > generate-sources @ iotdb-thrift-sync >>>
[INFO] 
[INFO] --- maven-checkstyle-plugin:3.0.0:check (validate) @ iotdb-thrift-sync ---
[INFO] 
[INFO] --- spotless-maven-plugin:2.4.2:check (spotless-check) @ iotdb-thrift-sync ---
[INFO] 
[INFO] --- download-maven-plugin:1.6.7:wget (get-thrift-executable) @ iotdb-thrift-sync ---
[INFO] File already exist, skipping
[INFO] 
[INFO] --- exec-maven-plugin:1.6.0:exec (make-thrift-executable-executable) @ iotdb-thrift-sync ---
[INFO] 
[INFO] --- maven-thrift-plugin:0.1.11:compile (generate-thrift-sources-java) @ iotdb-thrift-sync ---
[INFO] 
[INFO] --- maven-thrift-plugin:0.1.11:compile (generate-thrift-sources-python) @ iotdb-thrift-sync ---
[INFO] 
[INFO] --- maven-thrift-plugin:0.1.11:compile (generate-thrift-sources-go) @ iotdb-thrift-sync ---
[INFO] 
[INFO] --- build-helper-maven-plugin:3.2.0:add-source (add-source) @ iotdb-thrift-sync ---
[INFO] Source directory: /home/srafi/after-cam-ready/compare_/compile_repair_output/work/91a2a52dffbf/thrift-sync/target/generated-sources/thrift added.
[INFO] 
[INFO] <<< maven-source-plugin:3.2.0:jar (create-source-package) < generate-sources @ iotdb-thrift-sync <<<
[INFO] 
[INFO] 
[INFO] --- maven-source-plugin:3.2.0:jar (create-source-package) @ iotdb-thrift-sync ---
[INFO] Building jar: /home/srafi/after-cam-ready/compare_/compile_repair_output/work/91a2a52dffbf/thrift-sync/target/iotdb-thrift-sync-0.13.0-SNAPSHOT-sources.jar
[INFO] 
[INFO] --- maven-surefire-plugin:3.0.0-M8-SNAPSHOT:test (integration-tests) @ iotdb-thrift-sync ---
[INFO] Tests are skipped.
[INFO] 
[INFO] --- maven-dependency-plugin:3.1.1:analyze-only (check-dependencies) @ iotdb-thrift-sync ---
[INFO] Skipping plugin execution
[INFO] 
[INFO] --- maven-install-plugin:2.5.2:install (default-install) @ iotdb-thrift-sync ---
[INFO] Installing /home/srafi/after-cam-ready/compare_/compile_repair_output/work/91a2a52dffbf/thrift-sync/target/iotdb-thrift-sync-0.13.0-SNAPSHOT.jar to /home/srafi/.m2/repository/org/apache/iotdb/iotdb-thrift-sync/0.13.0-SNAPSHOT/iotdb-thrift-sync-0.13.0-SNAPSHOT.jar
[INFO] Installing /home/srafi/after-cam-ready/compare_/compile_repair_output/work/91a2a52dffbf/thrift-sync/pom.xml to /home/srafi/.m2/repository/org/apache/iotdb/iotdb-thrift-sync/0.13.0-SNAPSHOT/iotdb-thrift-sync-0.13.0-SNAPSHOT.pom
[INFO] Installing /home/srafi/after-cam-ready/compare_/compile_repair_output/work/91a2a52dffbf/thrift-sync/target/iotdb-thrift-sync-0.13.0-SNAPSHOT-sources.jar to /home/srafi/.m2/repository/org/apache/iotdb/iotdb-thrift-sync/0.13.0-SNAPSHOT/iotdb-thrift-sync-0.13.0-SNAPSHOT-sources.jar
[INFO] 
[INFO] --------------------< org.apache.iotdb:service-rpc >--------------------
[INFO] Building Service-rpc 0.13.0-SNAPSHOT                               [6/9]
[INFO] --------------------------------[ jar ]---------------------------------
[INFO] 
[INFO] --- maven-clean-plugin:3.1.0:clean (default-clean) @ service-rpc ---
[INFO] 
[INFO] --- maven-checkstyle-plugin:3.0.0:check (validate) @ service-rpc ---
[INFO] 
[INFO] --- spotless-maven-plugin:2.4.2:check (spotless-check) @ service-rpc ---
[INFO] 
[INFO] --- maven-remote-resources-plugin:1.7.0:process (process-resource-bundles) @ service-rpc ---
[INFO] Preparing remote bundle org.apache:apache-jar-resource-bundle:1.4
[INFO] Copying 3 resources from 1 bundle.
[INFO] 
[INFO] --- maven-resources-plugin:3.1.0:resources (default-resources) @ service-rpc ---
[INFO] Using 'UTF-8' encoding to copy filtered resources.
[INFO] skip non existing resourceDirectory /home/srafi/after-cam-ready/compare_/compile_repair_output/work/91a2a52dffbf/service-rpc/src/main/resources
[INFO] Copying 3 resources
[INFO] 
[INFO] --- maven-compiler-plugin:3.8.1:compile (default-compile) @ service-rpc ---
[INFO] Changes detected - recompiling the module!
[INFO] Compiling 24 source files to /home/srafi/after-cam-ready/compare_/compile_repair_output/work/91a2a52dffbf/service-rpc/target/classes
[INFO] 
[INFO] --- xml-format-maven-plugin:3.0.7:xml-format (xml-format) @ service-rpc ---
[INFO] 
[INFO] --- maven-bundle-plugin:5.1.1:manifest (bundle-manifest) @ service-rpc ---
[INFO] 
[INFO] --- maven-resources-plugin:3.1.0:testResources (default-testResources) @ service-rpc ---
[INFO] Using 'UTF-8' encoding to copy filtered resources.
[INFO] skip non existing resourceDirectory /home/srafi/after-cam-ready/compare_/compile_repair_output/work/91a2a52dffbf/service-rpc/src/test/resources
[INFO] Copying 3 resources
[INFO] 
[INFO] --- maven-compiler-plugin:3.8.1:testCompile (default-testCompile) @ service-rpc ---
[INFO] Changes detected - recompiling the module!
[INFO] Compiling 1 source file to /home/srafi/after-cam-ready/compare_/compile_repair_output/work/91a2a52dffbf/service-rpc/target/test-classes
[INFO] 
[INFO] --- maven-surefire-plugin:3.0.0-M8-SNAPSHOT:test (default-test) @ service-rpc ---
[INFO] Tests are skipped.
[INFO] 
[INFO] --- maven-surefire-plugin:3.0.0-M8-SNAPSHOT:test (unit-tests) @ service-rpc ---
[INFO] Tests are skipped.
[INFO] 
[INFO] --- maven-jar-plugin:3.2.0:jar (default-jar) @ service-rpc ---
[INFO] Building jar: /home/srafi/after-cam-ready/compare_/compile_repair_output/work/91a2a52dffbf/service-rpc/target/service-rpc-0.13.0-SNAPSHOT.jar
[INFO] 
[INFO] --- maven-site-plugin:3.7.1:attach-descriptor (attach-descriptor) @ service-rpc ---
[INFO] Skipping because packaging 'jar' is not pom.
[INFO] 
[INFO] >>> maven-source-plugin:3.2.0:jar (create-source-package) > generate-sources @ service-rpc >>>
[INFO] 
[INFO] --- maven-checkstyle-plugin:3.0.0:check (validate) @ service-rpc ---
[INFO] 
[INFO] --- spotless-maven-plugin:2.4.2:check (spotless-check) @ service-rpc ---
[INFO] 
[INFO] <<< maven-source-plugin:3.2.0:jar (create-source-package) < generate-sources @ service-rpc <<<
[INFO] 
[INFO] 
[INFO] --- maven-source-plugin:3.2.0:jar (create-source-package) @ service-rpc ---
[INFO] Building jar: /home/srafi/after-cam-ready/compare_/compile_repair_output/work/91a2a52dffbf/service-rpc/target/service-rpc-0.13.0-SNAPSHOT-sources.jar
[INFO] 
[INFO] --- maven-surefire-plugin:3.0.0-M8-SNAPSHOT:test (integration-tests) @ service-rpc ---
[INFO] Tests are skipped.
[INFO] 
[INFO] --- maven-failsafe-plugin:3.0.0-M8-SNAPSHOT:integration-test (run-integration-tests) @ service-rpc ---
[INFO] Tests are skipped.
[INFO] 
[INFO] --- maven-failsafe-plugin:3.0.0-M8-SNAPSHOT:verify (run-integration-tests) @ service-rpc ---
[INFO] Tests are skipped.
[INFO] 
[INFO] --- maven-dependency-plugin:3.1.1:analyze-only (check-dependencies) @ service-rpc ---
[INFO] Skipping plugin execution
[INFO] 
[INFO] --- maven-install-plugin:2.5.2:install (default-install) @ service-rpc ---
[INFO] Installing /home/srafi/after-cam-ready/compare_/compile_repair_output/work/91a2a52dffbf/service-rpc/target/service-rpc-0.13.0-SNAPSHOT.jar to /home/srafi/.m2/repository/org/apache/iotdb/service-rpc/0.13.0-SNAPSHOT/service-rpc-0.13.0-SNAPSHOT.jar
[INFO] Installing /home/srafi/after-cam-ready/compare_/compile_repair_output/work/91a2a52dffbf/service-rpc/pom.xml to /home/srafi/.m2/repository/org/apache/iotdb/service-rpc/0.13.0-SNAPSHOT/service-rpc-0.13.0-SNAPSHOT.pom
[INFO] Installing /home/srafi/after-cam-ready/compare_/compile_repair_output/work/91a2a52dffbf/service-rpc/target/service-rpc-0.13.0-SNAPSHOT-sources.jar to /home/srafi/.m2/repository/org/apache/iotdb/service-rpc/0.13.0-SNAPSHOT/service-rpc-0.13.0-SNAPSHOT-sources.jar
[INFO] 
[INFO] --------------------< org.apache.iotdb:iotdb-jdbc >---------------------
[INFO] Building IoTDB Jdbc 0.13.0-SNAPSHOT                                [7/9]
[INFO] --------------------------------[ jar ]---------------------------------
[INFO] Downloading from central: https://repo.maven.apache.org/maven2/org/ops4j/pax/jdbc/pax-jdbc-common/1.4.5/pax-jdbc-common-1.4.5.pom
[INFO] Downloaded from central: https://repo.maven.apache.org/maven2/org/ops4j/pax/jdbc/pax-jdbc-common/1.4.5/pax-jdbc-common-1.4.5.pom (1.4 kB at 38 kB/s)
[INFO] Downloading from central: https://repo.maven.apache.org/maven2/org/ops4j/pax/jdbc/1.4.5/jdbc-1.4.5.pom
[INFO] Downloaded from central: https://repo.maven.apache.org/maven2/org/ops4j/pax/jdbc/1.4.5/jdbc-1.4.5.pom (49 kB at 1.4 MB/s)
[INFO] Downloading from central: https://repo.maven.apache.org/maven2/org/ops4j/pax/jdbc/pax-jdbc-common/1.4.5/pax-jdbc-common-1.4.5.jar
[INFO] Downloaded from central: https://repo.maven.apache.org/maven2/org/ops4j/pax/jdbc/pax-jdbc-common/1.4.5/pax-jdbc-common-1.4.5.jar (4.7 kB at 124 kB/s)
[INFO] 
[INFO] --- maven-clean-plugin:3.1.0:clean (default-clean) @ iotdb-jdbc ---
[INFO] 
[INFO] --- maven-checkstyle-plugin:3.0.0:check (validate) @ iotdb-jdbc ---
[INFO] 
[INFO] --- spotless-maven-plugin:2.4.2:check (spotless-check) @ iotdb-jdbc ---
[INFO] 
[INFO] --- maven-remote-resources-plugin:1.7.0:process (process-resource-bundles) @ iotdb-jdbc ---
[INFO] Preparing remote bundle org.apache:apache-jar-resource-bundle:1.4
[INFO] Copying 3 resources from 1 bundle.
[INFO] 
[INFO] --- maven-resources-plugin:3.1.0:resources (default-resources) @ iotdb-jdbc ---
[INFO] Using 'UTF-8' encoding to copy filtered resources.
[INFO] Copying 1 resource to /home/srafi/after-cam-ready/compare_/compile_repair_output/work/91a2a52dffbf/jdbc/target/feature
[INFO] Copying 3 resources
[INFO] 
[INFO] --- maven-resources-plugin:3.1.0:resources (default) @ iotdb-jdbc ---
[INFO] Using 'UTF-8' encoding to copy filtered resources.
[INFO] Copying 1 resource to /home/srafi/after-cam-ready/compare_/compile_repair_output/work/91a2a52dffbf/jdbc/target/feature
[INFO] Copying 3 resources
[INFO] 
[INFO] --- maven-compiler-plugin:3.8.1:compile (default-compile) @ iotdb-jdbc ---
[INFO] Changes detected - recompiling the module!
[INFO] Compiling 24 source files to /home/srafi/after-cam-ready/compare_/compile_repair_output/work/91a2a52dffbf/jdbc/target/classes
[INFO] /home/srafi/after-cam-ready/compare_/compile_repair_output/work/91a2a52dffbf/jdbc/src/main/java/org/apache/iotdb/jdbc/IoTDBPreparedStatement.java: Some input files use or override a deprecated API.
[INFO] /home/srafi/after-cam-ready/compare_/compile_repair_output/work/91a2a52dffbf/jdbc/src/main/java/org/apache/iotdb/jdbc/IoTDBPreparedStatement.java: Recompile with -Xlint:deprecation for details.
[INFO] /home/srafi/after-cam-ready/compare_/compile_repair_output/work/91a2a52dffbf/jdbc/src/main/java/org/apache/iotdb/jdbc/IoTDBDatabaseMetadata.java: /home/srafi/after-cam-ready/compare_/compile_repair_output/work/91a2a52dffbf/jdbc/src/main/java/org/apache/iotdb/jdbc/IoTDBDatabaseMetadata.java uses unchecked or unsafe operations.
[INFO] /home/srafi/after-cam-ready/compare_/compile_repair_output/work/91a2a52dffbf/jdbc/src/main/java/org/apache/iotdb/jdbc/IoTDBDatabaseMetadata.java: Recompile with -Xlint:unchecked for details.
[INFO] 
[INFO] --- xml-format-maven-plugin:3.0.7:xml-format (xml-format) @ iotdb-jdbc ---
[INFO] 
[INFO] --- maven-bundle-plugin:5.1.1:manifest (bundle-manifest) @ iotdb-jdbc ---
[INFO] 
[INFO] --- maven-resources-plugin:3.1.0:testResources (default-testResources) @ iotdb-jdbc ---
[INFO] Using 'UTF-8' encoding to copy filtered resources.
[INFO] skip non existing resourceDirectory /home/srafi/after-cam-ready/compare_/compile_repair_output/work/91a2a52dffbf/jdbc/src/test/resources
[INFO] Copying 3 resources
[INFO] 
[INFO] --- maven-compiler-plugin:3.8.1:testCompile (default-testCompile) @ iotdb-jdbc ---
[INFO] Changes detected - recompiling the module!
[INFO] Compiling 8 source files to /home/srafi/after-cam-ready/compare_/compile_repair_output/work/91a2a52dffbf/jdbc/target/test-classes
[INFO] 
[INFO] --- maven-surefire-plugin:3.0.0-M8-SNAPSHOT:test (default-test) @ iotdb-jdbc ---
[INFO] Tests are skipped.
[INFO] 
[INFO] --- maven-surefire-plugin:3.0.0-M8-SNAPSHOT:test (unit-tests) @ iotdb-jdbc ---
[INFO] Tests are skipped.
[INFO] 
[INFO] --- maven-jar-plugin:3.2.0:jar (default-jar) @ iotdb-jdbc ---
[INFO] Building jar: /home/srafi/after-cam-ready/compare_/compile_repair_output/work/91a2a52dffbf/jdbc/target/iotdb-jdbc-0.13.0-SNAPSHOT.jar
[INFO] 
[INFO] --- maven-site-plugin:3.7.1:attach-descriptor (attach-descriptor) @ iotdb-jdbc ---
[INFO] Skipping because packaging 'jar' is not pom.
[INFO] 
[INFO] --- build-helper-maven-plugin:3.0.0:attach-artifact (attach-features) @ iotdb-jdbc ---
[INFO] 
[INFO] >>> maven-source-plugin:3.2.0:jar (create-source-package) > generate-sources @ iotdb-jdbc >>>
[INFO] 
[INFO] --- maven-checkstyle-plugin:3.0.0:check (validate) @ iotdb-jdbc ---
[INFO] 
[INFO] --- spotless-maven-plugin:2.4.2:check (spotless-check) @ iotdb-jdbc ---
[INFO] 
[INFO] <<< maven-source-plugin:3.2.0:jar (create-source-package) < generate-sources @ iotdb-jdbc <<<
[INFO] 
[INFO] 
[INFO] --- maven-source-plugin:3.2.0:jar (create-source-package) @ iotdb-jdbc ---
[INFO] Building jar: /home/srafi/after-cam-ready/compare_/compile_repair_output/work/91a2a52dffbf/jdbc/target/iotdb-jdbc-0.13.0-SNAPSHOT-sources.jar
[INFO] 
[INFO] --- maven-surefire-plugin:3.0.0-M8-SNAPSHOT:test (integration-tests) @ iotdb-jdbc ---
[INFO] Tests are skipped.
[INFO] 
[INFO] --- maven-failsafe-plugin:3.0.0-M8-SNAPSHOT:integration-test (run-integration-tests) @ iotdb-jdbc ---
[INFO] Tests are skipped.
[INFO] 
[INFO] --- maven-failsafe-plugin:3.0.0-M8-SNAPSHOT:verify (run-integration-tests) @ iotdb-jdbc ---
[INFO] Tests are skipped.
[INFO] 
[INFO] --- maven-dependency-plugin:3.1.1:analyze-only (check-dependencies) @ iotdb-jdbc ---
[INFO] Skipping plugin execution
[INFO] 
[INFO] --- maven-install-plugin:2.5.2:install (default-install) @ iotdb-jdbc ---
[INFO] Installing /home/srafi/after-cam-ready/compare_/compile_repair_output/work/91a2a52dffbf/jdbc/target/iotdb-jdbc-0.13.0-SNAPSHOT.jar to /home/srafi/.m2/repository/org/apache/iotdb/iotdb-jdbc/0.13.0-SNAPSHOT/iotdb-jdbc-0.13.0-SNAPSHOT.jar
[INFO] Installing /home/srafi/after-cam-ready/compare_/compile_repair_output/work/91a2a52dffbf/jdbc/pom.xml to /home/srafi/.m2/repository/org/apache/iotdb/iotdb-jdbc/0.13.0-SNAPSHOT/iotdb-jdbc-0.13.0-SNAPSHOT.pom
[INFO] Installing /home/srafi/after-cam-ready/compare_/compile_repair_output/work/91a2a52dffbf/jdbc/target/feature/feature.xml to /home/srafi/.m2/repository/org/apache/iotdb/iotdb-jdbc/0.13.0-SNAPSHOT/iotdb-jdbc-0.13.0-SNAPSHOT-features.xml
[INFO] Installing /home/srafi/after-cam-ready/compare_/compile_repair_output/work/91a2a52dffbf/jdbc/target/iotdb-jdbc-0.13.0-SNAPSHOT-sources.jar to /home/srafi/.m2/repository/org/apache/iotdb/iotdb-jdbc/0.13.0-SNAPSHOT/iotdb-jdbc-0.13.0-SNAPSHOT-sources.jar
[INFO] 
[INFO] -------------------< org.apache.iotdb:iotdb-server >--------------------
[INFO] Building IoTDB Server 0.13.0-SNAPSHOT                              [8/9]
[INFO] --------------------------------[ jar ]---------------------------------
[INFO] Downloading from central: https://repo.maven.apache.org/maven2/io/airlift/airline/0.8/airline-0.8.pom
[INFO] Downloaded from central: https://repo.maven.apache.org/maven2/io/airlift/airline/0.8/airline-0.8.pom (2.5 kB at 66 kB/s)
[INFO] Downloading from central: https://repo.maven.apache.org/maven2/io/airlift/airbase/68/airbase-68.pom
[INFO] Downloaded from central: https://repo.maven.apache.org/maven2/io/airlift/airbase/68/airbase-68.pom (71 kB at 1.9 MB/s)
[INFO] Downloading from apache.snapshots: https://repository.apache.org/snapshots/com/google/guava/guava/maven-metadata.xml
[INFO] Downloading from sonatype-nexus-snapshots: https://oss.sonatype.org/content/repositories/snapshots/com/google/guava/guava/maven-metadata.xml
[INFO] Downloading from central: https://repo.maven.apache.org/maven2/com/google/guava/guava/maven-metadata.xml
[INFO] Downloaded from central: https://repo.maven.apache.org/maven2/com/google/guava/guava/maven-metadata.xml (5.8 kB at 186 kB/s)
[INFO] Downloading from central: https://repo.maven.apache.org/maven2/com/google/guava/guava/24.1.1-android/guava-24.1.1-android.pom
[INFO] Downloaded from central: https://repo.maven.apache.org/maven2/com/google/guava/guava/24.1.1-android/guava-24.1.1-android.pom (7.8 kB at 236 kB/s)
[INFO] Downloading from central: https://repo.maven.apache.org/maven2/com/google/guava/guava-parent/24.1.1-android/guava-parent-24.1.1-android.pom
[INFO] Downloaded from central: https://repo.maven.apache.org/maven2/com/google/guava/guava-parent/24.1.1-android/guava-parent-24.1.1-android.pom (10 kB at 299 kB/s)
[INFO] Downloading from central: https://repo.maven.apache.org/maven2/com/google/guava/guava/25.0-android/guava-25.0-android.pom
[INFO] Downloaded from central: https://repo.maven.apache.org/maven2/com/google/guava/guava/25.0-android/guava-25.0-android.pom (7.8 kB at 278 kB/s)
[INFO] Downloading from central: https://repo.maven.apache.org/maven2/com/google/guava/guava-parent/25.0-android/guava-parent-25.0-android.pom
[INFO] Downloaded from central: https://repo.maven.apache.org/maven2/com/google/guava/guava-parent/25.0-android/guava-parent-25.0-android.pom (10 kB at 328 kB/s)
[INFO] Downloading from central: https://repo.maven.apache.org/maven2/com/google/guava/guava/27.0-android/guava-27.0-android.pom
[INFO] Downloaded from central: https://repo.maven.apache.org/maven2/com/google/guava/guava/27.0-android/guava-27.0-android.pom (8.1 kB at 290 kB/s)
[INFO] Downloading from central: https://repo.maven.apache.org/maven2/com/google/guava/guava-parent/27.0-android/guava-parent-27.0-android.pom
[INFO] Downloaded from central: https://repo.maven.apache.org/maven2/com/google/guava/guava-parent/27.0-android/guava-parent-27.0-android.pom (10 kB at 351 kB/s)
[INFO] Downloading from central: https://repo.maven.apache.org/maven2/com/google/guava/guava/27.1-android/guava-27.1-android.pom
[INFO] Downloaded from central: https://repo.maven.apache.org/maven2/com/google/guava/guava/27.1-android/guava-27.1-android.pom (8.4 kB at 241 kB/s)
[INFO] Downloading from central: https://repo.maven.apache.org/maven2/com/google/guava/guava-parent/27.1-android/guava-parent-27.1-android.pom
[INFO] Downloaded from central: https://repo.maven.apache.org/maven2/com/google/guava/guava-parent/27.1-android/guava-parent-27.1-android.pom (10 kB at 284 kB/s)
[INFO] Downloading from central: https://repo.maven.apache.org/maven2/com/google/guava/guava/28.0-android/guava-28.0-android.pom
[INFO] Downloaded from central: https://repo.maven.apache.org/maven2/com/google/guava/guava/28.0-android/guava-28.0-android.pom (8.7 kB at 224 kB/s)
[INFO] Downloading from central: https://repo.maven.apache.org/maven2/com/google/guava/guava-parent/28.0-android/guava-parent-28.0-android.pom
[INFO] Downloaded from central: https://repo.maven.apache.org/maven2/com/google/guava/guava-parent/28.0-android/guava-parent-28.0-android.pom (13 kB at 372 kB/s)
[INFO] Downloading from central: https://repo.maven.apache.org/maven2/com/google/guava/guava/28.1-jre/guava-28.1-jre.pom
[INFO] Downloaded from central: https://repo.maven.apache.org/maven2/com/google/guava/guava/28.1-jre/guava-28.1-jre.pom (8.7 kB at 249 kB/s)
[INFO] Downloading from central: https://repo.maven.apache.org/maven2/com/google/guava/guava-parent/28.1-jre/guava-parent-28.1-jre.pom
[INFO] Downloaded from central: https://repo.maven.apache.org/maven2/com/google/guava/guava-parent/28.1-jre/guava-parent-28.1-jre.pom (13 kB at 368 kB/s)
[INFO] Downloading from central: https://repo.maven.apache.org/maven2/com/google/guava/guava/29.0-android/guava-29.0-android.pom
[INFO] Downloaded from central: https://repo.maven.apache.org/maven2/com/google/guava/guava/29.0-android/guava-29.0-android.pom (11 kB at 364 kB/s)
[INFO] Downloading from central: https://repo.maven.apache.org/maven2/com/google/guava/guava-parent/29.0-android/guava-parent-29.0-android.pom
[INFO] Downloaded from central: https://repo.maven.apache.org/maven2/com/google/guava/guava-parent/29.0-android/guava-parent-29.0-android.pom (13 kB at 430 kB/s)
[INFO] Downloading from central: https://repo.maven.apache.org/maven2/com/google/guava/guava/30.1-android/guava-30.1-android.pom
[INFO] Downloaded from central: https://repo.maven.apache.org/maven2/com/google/guava/guava/30.1-android/guava-30.1-android.pom (12 kB at 330 kB/s)
[INFO] Downloading from central: https://repo.maven.apache.org/maven2/com/google/guava/guava-parent/30.1-android/guava-parent-30.1-android.pom
[INFO] Downloaded from central: https://repo.maven.apache.org/maven2/com/google/guava/guava-parent/30.1-android/guava-parent-30.1-android.pom (13 kB at 342 kB/s)
[INFO] Downloading from central: https://repo.maven.apache.org/maven2/com/google/guava/guava/30.1.1-android/guava-30.1.1-android.pom
[INFO] Downloaded from central: https://repo.maven.apache.org/maven2/com/google/guava/guava/30.1.1-android/guava-30.1.1-android.pom (12 kB at 370 kB/s)
[INFO] Downloading from central: https://repo.maven.apache.org/maven2/com/google/guava/guava-parent/30.1.1-android/guava-parent-30.1.1-android.pom
[INFO] Downloaded from central: https://repo.maven.apache.org/maven2/com/google/guava/guava-parent/30.1.1-android/guava-parent-30.1.1-android.pom (14 kB at 401 kB/s)
[INFO] Downloading from central: https://repo.maven.apache.org/maven2/com/google/guava/guava/31.0-android/guava-31.0-android.pom
[INFO] Downloaded from central: https://repo.maven.apache.org/maven2/com/google/guava/guava/31.0-android/guava-31.0-android.pom (12 kB at 320 kB/s)
[INFO] Downloading from central: https://repo.maven.apache.org/maven2/com/google/guava/guava-parent/31.0-android/guava-parent-31.0-android.pom
[INFO] Downloaded from central: https://repo.maven.apache.org/maven2/com/google/guava/guava-parent/31.0-android/guava-parent-31.0-android.pom (14 kB at 448 kB/s)
[INFO] Downloading from central: https://repo.maven.apache.org/maven2/com/google/guava/guava/31.0-jre/guava-31.0-jre.pom
[INFO] Downloaded from central: https://repo.maven.apache.org/maven2/com/google/guava/guava/31.0-jre/guava-31.0-jre.pom (11 kB at 365 kB/s)
[INFO] Downloading from central: https://repo.maven.apache.org/maven2/com/google/guava/guava-parent/31.0-jre/guava-parent-31.0-jre.pom
[INFO] Downloaded from central: https://repo.maven.apache.org/maven2/com/google/guava/guava-parent/31.0-jre/guava-parent-31.0-jre.pom (14 kB at 407 kB/s)
[INFO] Downloading from central: https://repo.maven.apache.org/maven2/com/google/guava/guava/31.0.1-android/guava-31.0.1-android.pom
[INFO] Downloaded from central: https://repo.maven.apache.org/maven2/com/google/guava/guava/31.0.1-android/guava-31.0.1-android.pom (12 kB at 329 kB/s)
[INFO] Downloading from central: https://repo.maven.apache.org/maven2/com/google/guava/guava-parent/31.0.1-android/guava-parent-31.0.1-android.pom
[INFO] Downloaded from central: https://repo.maven.apache.org/maven2/com/google/guava/guava-parent/31.0.1-android/guava-parent-31.0.1-android.pom (14 kB at 316 kB/s)
[INFO] Downloading from central: https://repo.maven.apache.org/maven2/com/google/guava/guava/31.1-android/guava-31.1-android.pom
[INFO] Downloaded from central: https://repo.maven.apache.org/maven2/com/google/guava/guava/31.1-android/guava-31.1-android.pom (11 kB at 297 kB/s)
[INFO] Downloading from central: https://repo.maven.apache.org/maven2/com/google/guava/guava-parent/31.1-android/guava-parent-31.1-android.pom
[INFO] Downloaded from central: https://repo.maven.apache.org/maven2/com/google/guava/guava-parent/31.1-android/guava-parent-31.1-android.pom (15 kB at 464 kB/s)
[INFO] Downloading from central: https://repo.maven.apache.org/maven2/com/google/guava/guava/32.0.0-android/guava-32.0.0-android.pom
[INFO] Downloaded from central: https://repo.maven.apache.org/maven2/com/google/guava/guava/32.0.0-android/guava-32.0.0-android.pom (11 kB at 284 kB/s)
[INFO] Downloading from central: https://repo.maven.apache.org/maven2/com/google/guava/guava-parent/32.0.0-android/guava-parent-32.0.0-android.pom
[INFO] Downloaded from central: https://repo.maven.apache.org/maven2/com/google/guava/guava-parent/32.0.0-android/guava-parent-32.0.0-android.pom (21 kB at 634 kB/s)
[INFO] Downloading from central: https://repo.maven.apache.org/maven2/com/google/guava/guava/32.0.1-android/guava-32.0.1-android.pom
[INFO] Downloaded from central: https://repo.maven.apache.org/maven2/com/google/guava/guava/32.0.1-android/guava-32.0.1-android.pom (11 kB at 334 kB/s)
[INFO] Downloading from central: https://repo.maven.apache.org/maven2/com/google/guava/guava-parent/32.0.1-android/guava-parent-32.0.1-android.pom
[INFO] Downloaded from central: https://repo.maven.apache.org/maven2/com/google/guava/guava-parent/32.0.1-android/guava-parent-32.0.1-android.pom (21 kB at 654 kB/s)
[INFO] Downloading from central: https://repo.maven.apache.org/maven2/com/google/guava/guava/32.1.0-android/guava-32.1.0-android.pom
[INFO] Downloaded from central: https://repo.maven.apache.org/maven2/com/google/guava/guava/32.1.0-android/guava-32.1.0-android.pom (13 kB at 366 kB/s)
[INFO] Downloading from central: https://repo.maven.apache.org/maven2/com/google/guava/guava-parent/32.1.0-android/guava-parent-32.1.0-android.pom
[INFO] Downloaded from central: https://repo.maven.apache.org/maven2/com/google/guava/guava-parent/32.1.0-android/guava-parent-32.1.0-android.pom (22 kB at 621 kB/s)
[INFO] Downloading from central: https://repo.maven.apache.org/maven2/com/google/guava/guava/32.1.0-jre/guava-32.1.0-jre.pom
[INFO] Downloaded from central: https://repo.maven.apache.org/maven2/com/google/guava/guava/32.1.0-jre/guava-32.1.0-jre.pom (13 kB at 376 kB/s)
[INFO] Downloading from central: https://repo.maven.apache.org/maven2/com/google/guava/guava-parent/32.1.0-jre/guava-parent-32.1.0-jre.pom
[INFO] Downloaded from central: https://repo.maven.apache.org/maven2/com/google/guava/guava-parent/32.1.0-jre/guava-parent-32.1.0-jre.pom (22 kB at 584 kB/s)
[INFO] Downloading from central: https://repo.maven.apache.org/maven2/com/google/guava/guava/32.1.1-android/guava-32.1.1-android.pom
[INFO] Downloaded from central: https://repo.maven.apache.org/maven2/com/google/guava/guava/32.1.1-android/guava-32.1.1-android.pom (13 kB at 337 kB/s)
[INFO] Downloading from central: https://repo.maven.apache.org/maven2/com/google/guava/guava-parent/32.1.1-android/guava-parent-32.1.1-android.pom
[INFO] Downloaded from central: https://repo.maven.apache.org/maven2/com/google/guava/guava-parent/32.1.1-android/guava-parent-32.1.1-android.pom (22 kB at 557 kB/s)
[INFO] Downloading from central: https://repo.maven.apache.org/maven2/com/google/guava/guava/32.1.2-android/guava-32.1.2-android.pom
[INFO] Downloaded from central: https://repo.maven.apache.org/maven2/com/google/guava/guava/32.1.2-android/guava-32.1.2-android.pom (13 kB at 390 kB/s)
[INFO] Downloading from central: https://repo.maven.apache.org/maven2/com/google/guava/guava-parent/32.1.2-android/guava-parent-32.1.2-android.pom
[INFO] Downloaded from central: https://repo.maven.apache.org/maven2/com/google/guava/guava-parent/32.1.2-android/guava-parent-32.1.2-android.pom (20 kB at 602 kB/s)
[INFO] Downloading from central: https://repo.maven.apache.org/maven2/com/google/guava/guava/32.1.3-android/guava-32.1.3-android.pom
[INFO] Downloaded from central: https://repo.maven.apache.org/maven2/com/google/guava/guava/32.1.3-android/guava-32.1.3-android.pom (13 kB at 357 kB/s)
[INFO] Downloading from central: https://repo.maven.apache.org/maven2/com/google/guava/guava-parent/32.1.3-android/guava-parent-32.1.3-android.pom
[INFO] Downloaded from central: https://repo.maven.apache.org/maven2/com/google/guava/guava-parent/32.1.3-android/guava-parent-32.1.3-android.pom (21 kB at 559 kB/s)
[INFO] Downloading from central: https://repo.maven.apache.org/maven2/org/checkerframework/checker-qual/3.37.0/checker-qual-3.37.0.pom
[INFO] Downloaded from central: https://repo.maven.apache.org/maven2/org/checkerframework/checker-qual/3.37.0/checker-qual-3.37.0.pom (2.1 kB at 64 kB/s)
[INFO] Downloading from central: https://repo.maven.apache.org/maven2/com/google/guava/guava/32.1.3-jre/guava-32.1.3-jre.pom
[INFO] Downloaded from central: https://repo.maven.apache.org/maven2/com/google/guava/guava/32.1.3-jre/guava-32.1.3-jre.pom (13 kB at 389 kB/s)
[INFO] Downloading from central: https://repo.maven.apache.org/maven2/com/google/guava/guava-parent/32.1.3-jre/guava-parent-32.1.3-jre.pom
[INFO] Downloaded from central: https://repo.maven.apache.org/maven2/com/google/guava/guava-parent/32.1.3-jre/guava-parent-32.1.3-jre.pom (20 kB at 558 kB/s)
[INFO] Downloading from central: https://repo.maven.apache.org/maven2/com/google/guava/guava/33.0.0-android/guava-33.0.0-android.pom
[INFO] Downloaded from central: https://repo.maven.apache.org/maven2/com/google/guava/guava/33.0.0-android/guava-33.0.0-android.pom (13 kB at 306 kB/s)
[INFO] Downloading from central: https://repo.maven.apache.org/maven2/com/google/guava/guava-parent/33.0.0-android/guava-parent-33.0.0-android.pom
[INFO] Downloaded from central: https://repo.maven.apache.org/maven2/com/google/guava/guava-parent/33.0.0-android/guava-parent-33.0.0-android.pom (19 kB at 516 kB/s)
[INFO] Downloading from central: https://repo.maven.apache.org/maven2/org/checkerframework/checker-qual/3.41.0/checker-qual-3.41.0.pom
[INFO] Downloaded from central: https://repo.maven.apache.org/maven2/org/checkerframework/checker-qual/3.41.0/checker-qual-3.41.0.pom (2.1 kB at 58 kB/s)
[INFO] Downloading from central: https://repo.maven.apache.org/maven2/com/google/guava/guava/33.0.0-jre/guava-33.0.0-jre.pom
[INFO] Downloaded from central: https://repo.maven.apache.org/maven2/com/google/guava/guava/33.0.0-jre/guava-33.0.0-jre.pom (13 kB at 330 kB/s)
[INFO] Downloading from central: https://repo.maven.apache.org/maven2/com/google/guava/guava-parent/33.0.0-jre/guava-parent-33.0.0-jre.pom
[INFO] Downloaded from central: https://repo.maven.apache.org/maven2/com/google/guava/guava-parent/33.0.0-jre/guava-parent-33.0.0-jre.pom (19 kB at 583 kB/s)
[INFO] Downloading from central: https://repo.maven.apache.org/maven2/com/google/guava/guava/33.1.0-android/guava-33.1.0-android.pom
[INFO] Downloaded from central: https://repo.maven.apache.org/maven2/com/google/guava/guava/33.1.0-android/guava-33.1.0-android.pom (9.1 kB at 240 kB/s)
[INFO] Downloading from central: https://repo.maven.apache.org/maven2/com/google/guava/guava-parent/33.1.0-android/guava-parent-33.1.0-android.pom
[INFO] Downloaded from central: https://repo.maven.apache.org/maven2/com/google/guava/guava-parent/33.1.0-android/guava-parent-33.1.0-android.pom (20 kB at 523 kB/s)
[INFO] Downloading from central: https://repo.maven.apache.org/maven2/org/checkerframework/checker-qual/3.42.0/checker-qual-3.42.0.pom
[INFO] Downloaded from central: https://repo.maven.apache.org/maven2/org/checkerframework/checker-qual/3.42.0/checker-qual-3.42.0.pom (2.1 kB at 57 kB/s)
[INFO] Downloading from central: https://repo.maven.apache.org/maven2/com/google/guava/guava/33.1.0-jre/guava-33.1.0-jre.pom
[INFO] Downloaded from central: https://repo.maven.apache.org/maven2/com/google/guava/guava/33.1.0-jre/guava-33.1.0-jre.pom (9.1 kB at 267 kB/s)
[INFO] Downloading from central: https://repo.maven.apache.org/maven2/com/google/guava/guava-parent/33.1.0-jre/guava-parent-33.1.0-jre.pom
[INFO] Downloaded from central: https://repo.maven.apache.org/maven2/com/google/guava/guava-parent/33.1.0-jre/guava-parent-33.1.0-jre.pom (19 kB at 525 kB/s)
[INFO] Downloading from central: https://repo.maven.apache.org/maven2/com/google/guava/guava/33.2.0-android/guava-33.2.0-android.pom
[INFO] Downloaded from central: https://repo.maven.apache.org/maven2/com/google/guava/guava/33.2.0-android/guava-33.2.0-android.pom (9.1 kB at 314 kB/s)
[INFO] Downloading from central: https://repo.maven.apache.org/maven2/com/google/guava/guava-parent/33.2.0-android/guava-parent-33.2.0-android.pom
[INFO] Downloaded from central: https://repo.maven.apache.org/maven2/com/google/guava/guava-parent/33.2.0-android/guava-parent-33.2.0-android.pom (20 kB at 621 kB/s)
[INFO] Downloading from central: https://repo.maven.apache.org/maven2/com/google/guava/guava/33.2.0-jre/guava-33.2.0-jre.pom
[INFO] Downloaded from central: https://repo.maven.apache.org/maven2/com/google/guava/guava/33.2.0-jre/guava-33.2.0-jre.pom (9.1 kB at 260 kB/s)
[INFO] Downloading from central: https://repo.maven.apache.org/maven2/com/google/guava/guava-parent/33.2.0-jre/guava-parent-33.2.0-jre.pom
[INFO] Downloaded from central: https://repo.maven.apache.org/maven2/com/google/guava/guava-parent/33.2.0-jre/guava-parent-33.2.0-jre.pom (19 kB at 627 kB/s)
[INFO] Downloading from central: https://repo.maven.apache.org/maven2/com/google/guava/guava/33.2.1-android/guava-33.2.1-android.pom
[INFO] Downloaded from central: https://repo.maven.apache.org/maven2/com/google/guava/guava/33.2.1-android/guava-33.2.1-android.pom (9.1 kB at 260 kB/s)
[INFO] Downloading from central: https://repo.maven.apache.org/maven2/com/google/guava/guava-parent/33.2.1-android/guava-parent-33.2.1-android.pom
[INFO] Downloaded from central: https://repo.maven.apache.org/maven2/com/google/guava/guava-parent/33.2.1-android/guava-parent-33.2.1-android.pom (20 kB at 484 kB/s)
[INFO] Downloading from central: https://repo.maven.apache.org/maven2/com/google/guava/guava/33.2.1-jre/guava-33.2.1-jre.pom
[INFO] Downloaded from central: https://repo.maven.apache.org/maven2/com/google/guava/guava/33.2.1-jre/guava-33.2.1-jre.pom (9.1 kB at 222 kB/s)
[INFO] Downloading from central: https://repo.maven.apache.org/maven2/com/google/guava/guava-parent/33.2.1-jre/guava-parent-33.2.1-jre.pom
[INFO] Downloaded from central: https://repo.maven.apache.org/maven2/com/google/guava/guava-parent/33.2.1-jre/guava-parent-33.2.1-jre.pom (19 kB at 486 kB/s)
[INFO] Downloading from central: https://repo.maven.apache.org/maven2/com/google/guava/guava/33.3.0-android/guava-33.3.0-android.pom
[INFO] Downloaded from central: https://repo.maven.apache.org/maven2/com/google/guava/guava/33.3.0-android/guava-33.3.0-android.pom (9.3 kB at 245 kB/s)
[INFO] Downloading from central: https://repo.maven.apache.org/maven2/com/google/guava/guava-parent/33.3.0-android/guava-parent-33.3.0-android.pom
[INFO] Downloaded from central: https://repo.maven.apache.org/maven2/com/google/guava/guava-parent/33.3.0-android/guava-parent-33.3.0-android.pom (21 kB at 520 kB/s)
[INFO] Downloading from central: https://repo.maven.apache.org/maven2/com/google/guava/guava/33.3.1-android/guava-33.3.1-android.pom
[INFO] Downloaded from central: https://repo.maven.apache.org/maven2/com/google/guava/guava/33.3.1-android/guava-33.3.1-android.pom (9.3 kB at 104 kB/s)
[INFO] Downloading from central: https://repo.maven.apache.org/maven2/com/google/guava/guava-parent/33.3.1-android/guava-parent-33.3.1-android.pom
[INFO] Downloaded from central: https://repo.maven.apache.org/maven2/com/google/guava/guava-parent/33.3.1-android/guava-parent-33.3.1-android.pom (21 kB at 543 kB/s)
[INFO] Downloading from central: https://repo.maven.apache.org/maven2/com/google/guava/guava/33.3.1-jre/guava-33.3.1-jre.pom
[INFO] Downloaded from central: https://repo.maven.apache.org/maven2/com/google/guava/guava/33.3.1-jre/guava-33.3.1-jre.pom (9.3 kB at 266 kB/s)
[INFO] Downloading from central: https://repo.maven.apache.org/maven2/com/google/guava/guava-parent/33.3.1-jre/guava-parent-33.3.1-jre.pom
[INFO] Downloaded from central: https://repo.maven.apache.org/maven2/com/google/guava/guava-parent/33.3.1-jre/guava-parent-33.3.1-jre.pom (20 kB at 493 kB/s)
[INFO] Downloading from central: https://repo.maven.apache.org/maven2/com/google/guava/guava/33.4.0-android/guava-33.4.0-android.pom
[INFO] Downloaded from central: https://repo.maven.apache.org/maven2/com/google/guava/guava/33.4.0-android/guava-33.4.0-android.pom (8.8 kB at 244 kB/s)
[INFO] Downloading from central: https://repo.maven.apache.org/maven2/com/google/guava/guava-parent/33.4.0-android/guava-parent-33.4.0-android.pom
[INFO] Downloaded from central: https://repo.maven.apache.org/maven2/com/google/guava/guava-parent/33.4.0-android/guava-parent-33.4.0-android.pom (22 kB at 501 kB/s)
[INFO] Downloading from central: https://repo.maven.apache.org/maven2/com/google/guava/guava/33.4.0-jre/guava-33.4.0-jre.pom
[INFO] Downloaded from central: https://repo.maven.apache.org/maven2/com/google/guava/guava/33.4.0-jre/guava-33.4.0-jre.pom (8.8 kB at 283 kB/s)
[INFO] Downloading from central: https://repo.maven.apache.org/maven2/com/google/guava/guava-parent/33.4.0-jre/guava-parent-33.4.0-jre.pom
[INFO] Downloaded from central: https://repo.maven.apache.org/maven2/com/google/guava/guava-parent/33.4.0-jre/guava-parent-33.4.0-jre.pom (21 kB at 659 kB/s)
[INFO] Downloading from central: https://repo.maven.apache.org/maven2/com/google/guava/guava/33.4.1-android/guava-33.4.1-android.pom
[INFO] Downloaded from central: https://repo.maven.apache.org/maven2/com/google/guava/guava/33.4.1-android/guava-33.4.1-android.pom (8.9 kB at 279 kB/s)
[INFO] Downloading from central: https://repo.maven.apache.org/maven2/com/google/guava/guava-parent/33.4.1-android/guava-parent-33.4.1-android.pom
[INFO] Downloaded from central: https://repo.maven.apache.org/maven2/com/google/guava/guava-parent/33.4.1-android/guava-parent-33.4.1-android.pom (22 kB at 621 kB/s)
[INFO] Downloading from central: https://repo.maven.apache.org/maven2/com/google/guava/guava/33.4.1-jre/guava-33.4.1-jre.pom
[INFO] Downloaded from central: https://repo.maven.apache.org/maven2/com/google/guava/guava/33.4.1-jre/guava-33.4.1-jre.pom (8.9 kB at 234 kB/s)
[INFO] Downloading from central: https://repo.maven.apache.org/maven2/com/google/guava/guava-parent/33.4.1-jre/guava-parent-33.4.1-jre.pom
[INFO] Downloaded from central: https://repo.maven.apache.org/maven2/com/google/guava/guava-parent/33.4.1-jre/guava-parent-33.4.1-jre.pom (21 kB at 520 kB/s)
[INFO] Downloading from central: https://repo.maven.apache.org/maven2/com/google/guava/guava/33.4.2-android/guava-33.4.2-android.pom
[INFO] Downloaded from central: https://repo.maven.apache.org/maven2/com/google/guava/guava/33.4.2-android/guava-33.4.2-android.pom (8.9 kB at 279 kB/s)
[INFO] Downloading from central: https://repo.maven.apache.org/maven2/com/google/guava/guava-parent/33.4.2-android/guava-parent-33.4.2-android.pom
[INFO] Downloaded from central: https://repo.maven.apache.org/maven2/com/google/guava/guava-parent/33.4.2-android/guava-parent-33.4.2-android.pom (22 kB at 639 kB/s)
[INFO] Downloading from central: https://repo.maven.apache.org/maven2/com/google/guava/guava/33.4.2-jre/guava-33.4.2-jre.pom
[INFO] Downloaded from central: https://repo.maven.apache.org/maven2/com/google/guava/guava/33.4.2-jre/guava-33.4.2-jre.pom (8.9 kB at 278 kB/s)
[INFO] Downloading from central: https://repo.maven.apache.org/maven2/com/google/guava/guava-parent/33.4.2-jre/guava-parent-33.4.2-jre.pom
[INFO] Downloaded from central: https://repo.maven.apache.org/maven2/com/google/guava/guava-parent/33.4.2-jre/guava-parent-33.4.2-jre.pom (21 kB at 627 kB/s)
[INFO] Downloading from central: https://repo.maven.apache.org/maven2/com/google/guava/guava/33.4.3-android/guava-33.4.3-android.pom
[INFO] Downloaded from central: https://repo.maven.apache.org/maven2/com/google/guava/guava/33.4.3-android/guava-33.4.3-android.pom (8.3 kB at 232 kB/s)
[INFO] Downloading from central: https://repo.maven.apache.org/maven2/com/google/guava/guava-parent/33.4.3-android/guava-parent-33.4.3-android.pom
[INFO] Downloaded from central: https://repo.maven.apache.org/maven2/com/google/guava/guava-parent/33.4.3-android/guava-parent-33.4.3-android.pom (22 kB at 694 kB/s)
[INFO] Downloading from central: https://repo.maven.apache.org/maven2/com/google/guava/guava/33.4.3-jre/guava-33.4.3-jre.pom
[INFO] Downloaded from central: https://repo.maven.apache.org/maven2/com/google/guava/guava/33.4.3-jre/guava-33.4.3-jre.pom (8.3 kB at 252 kB/s)
[INFO] Downloading from central: https://repo.maven.apache.org/maven2/com/google/guava/guava-parent/33.4.3-jre/guava-parent-33.4.3-jre.pom
[INFO] Downloaded from central: https://repo.maven.apache.org/maven2/com/google/guava/guava-parent/33.4.3-jre/guava-parent-33.4.3-jre.pom (21 kB at 681 kB/s)
[INFO] Downloading from central: https://repo.maven.apache.org/maven2/com/google/guava/guava/33.4.4-android/guava-33.4.4-android.pom
[INFO] Downloaded from central: https://repo.maven.apache.org/maven2/com/google/guava/guava/33.4.4-android/guava-33.4.4-android.pom (8.0 kB at 229 kB/s)
[INFO] Downloading from central: https://repo.maven.apache.org/maven2/com/google/guava/guava-parent/33.4.4-android/guava-parent-33.4.4-android.pom
[INFO] Downloaded from central: https://repo.maven.apache.org/maven2/com/google/guava/guava-parent/33.4.4-android/guava-parent-33.4.4-android.pom (24 kB at 636 kB/s)
[INFO] Downloading from central: https://repo.maven.apache.org/maven2/com/google/guava/guava/33.4.4-jre/guava-33.4.4-jre.pom
[INFO] Downloaded from central: https://repo.maven.apache.org/maven2/com/google/guava/guava/33.4.4-jre/guava-33.4.4-jre.pom (8.0 kB at 229 kB/s)
[INFO] Downloading from central: https://repo.maven.apache.org/maven2/com/google/guava/guava-parent/33.4.4-jre/guava-parent-33.4.4-jre.pom
[INFO] Downloaded from central: https://repo.maven.apache.org/maven2/com/google/guava/guava-parent/33.4.4-jre/guava-parent-33.4.4-jre.pom (23 kB at 660 kB/s)
[INFO] Downloading from central: https://repo.maven.apache.org/maven2/com/google/guava/guava/33.4.5-android/guava-33.4.5-android.pom
[INFO] Downloaded from central: https://repo.maven.apache.org/maven2/com/google/guava/guava/33.4.5-android/guava-33.4.5-android.pom (9.5 kB at 317 kB/s)
[INFO] Downloading from central: https://repo.maven.apache.org/maven2/com/google/guava/guava-parent/33.4.5-android/guava-parent-33.4.5-android.pom
[INFO] Downloaded from central: https://repo.maven.apache.org/maven2/com/google/guava/guava-parent/33.4.5-android/guava-parent-33.4.5-android.pom (24 kB at 594 kB/s)
[INFO] Downloading from central: https://repo.maven.apache.org/maven2/com/google/guava/failureaccess/1.0.3/failureaccess-1.0.3.pom
[INFO] Downloaded from central: https://repo.maven.apache.org/maven2/com/google/guava/failureaccess/1.0.3/failureaccess-1.0.3.pom (5.6 kB at 164 kB/s)
[INFO] Downloading from central: https://repo.maven.apache.org/maven2/com/google/guava/guava/33.4.5-jre/guava-33.4.5-jre.pom
[INFO] Downloaded from central: https://repo.maven.apache.org/maven2/com/google/guava/guava/33.4.5-jre/guava-33.4.5-jre.pom (9.5 kB at 244 kB/s)
[INFO] Downloading from central: https://repo.maven.apache.org/maven2/com/google/guava/guava-parent/33.4.5-jre/guava-parent-33.4.5-jre.pom
[INFO] Downloaded from central: https://repo.maven.apache.org/maven2/com/google/guava/guava-parent/33.4.5-jre/guava-parent-33.4.5-jre.pom (24 kB at 684 kB/s)
[INFO] Downloading from central: https://repo.maven.apache.org/maven2/com/google/guava/guava/33.4.6-android/guava-33.4.6-android.pom
[INFO] Downloaded from central: https://repo.maven.apache.org/maven2/com/google/guava/guava/33.4.6-android/guava-33.4.6-android.pom (9.6 kB at 301 kB/s)
[INFO] Downloading from central: https://repo.maven.apache.org/maven2/com/google/guava/guava-parent/33.4.6-android/guava-parent-33.4.6-android.pom
[INFO] Downloaded from central: https://repo.maven.apache.org/maven2/com/google/guava/guava-parent/33.4.6-android/guava-parent-33.4.6-android.pom (25 kB at 701 kB/s)
[INFO] Downloading from central: https://repo.maven.apache.org/maven2/com/google/guava/guava/33.4.6-jre/guava-33.4.6-jre.pom
[INFO] Downloaded from central: https://repo.maven.apache.org/maven2/com/google/guava/guava/33.4.6-jre/guava-33.4.6-jre.pom (9.6 kB at 275 kB/s)
[INFO] Downloading from central: https://repo.maven.apache.org/maven2/com/google/guava/guava-parent/33.4.6-jre/guava-parent-33.4.6-jre.pom
[INFO] Downloaded from central: https://repo.maven.apache.org/maven2/com/google/guava/guava-parent/33.4.6-jre/guava-parent-33.4.6-jre.pom (24 kB at 754 kB/s)
[INFO] Downloading from central: https://repo.maven.apache.org/maven2/com/google/guava/guava/33.4.7-android/guava-33.4.7-android.pom
[INFO] Downloaded from central: https://repo.maven.apache.org/maven2/com/google/guava/guava/33.4.7-android/guava-33.4.7-android.pom (9.6 kB at 292 kB/s)
[INFO] Downloading from central: https://repo.maven.apache.org/maven2/com/google/guava/guava-parent/33.4.7-android/guava-parent-33.4.7-android.pom
[INFO] Downloaded from central: https://repo.maven.apache.org/maven2/com/google/guava/guava-parent/33.4.7-android/guava-parent-33.4.7-android.pom (25 kB at 658 kB/s)
[INFO] Downloading from central: https://repo.maven.apache.org/maven2/com/google/guava/guava/33.4.7-jre/guava-33.4.7-jre.pom
[INFO] Downloaded from central: https://repo.maven.apache.org/maven2/com/google/guava/guava/33.4.7-jre/guava-33.4.7-jre.pom (9.6 kB at 300 kB/s)
[INFO] Downloading from central: https://repo.maven.apache.org/maven2/com/google/guava/guava-parent/33.4.7-jre/guava-parent-33.4.7-jre.pom
[INFO] Downloaded from central: https://repo.maven.apache.org/maven2/com/google/guava/guava-parent/33.4.7-jre/guava-parent-33.4.7-jre.pom (25 kB at 631 kB/s)
[INFO] Downloading from central: https://repo.maven.apache.org/maven2/com/google/guava/guava/33.4.8-android/guava-33.4.8-android.pom
[INFO] Downloaded from central: https://repo.maven.apache.org/maven2/com/google/guava/guava/33.4.8-android/guava-33.4.8-android.pom (9.6 kB at 219 kB/s)
[INFO] Downloading from central: https://repo.maven.apache.org/maven2/com/google/guava/guava-parent/33.4.8-android/guava-parent-33.4.8-android.pom
[INFO] Downloaded from central: https://repo.maven.apache.org/maven2/com/google/guava/guava-parent/33.4.8-android/guava-parent-33.4.8-android.pom (25 kB at 715 kB/s)
[INFO] Downloading from central: https://repo.maven.apache.org/maven2/com/google/guava/guava/33.4.8-jre/guava-33.4.8-jre.pom
[INFO] Downloaded from central: https://repo.maven.apache.org/maven2/com/google/guava/guava/33.4.8-jre/guava-33.4.8-jre.pom (9.6 kB at 260 kB/s)
[INFO] Downloading from central: https://repo.maven.apache.org/maven2/com/google/guava/guava-parent/33.4.8-jre/guava-parent-33.4.8-jre.pom
[INFO] Downloaded from central: https://repo.maven.apache.org/maven2/com/google/guava/guava-parent/33.4.8-jre/guava-parent-33.4.8-jre.pom (25 kB at 647 kB/s)
[INFO] Downloading from central: https://repo.maven.apache.org/maven2/com/google/guava/guava/33.5.0-android/guava-33.5.0-android.pom
[INFO] Downloaded from central: https://repo.maven.apache.org/maven2/com/google/guava/guava/33.5.0-android/guava-33.5.0-android.pom (9.9 kB at 340 kB/s)
[INFO] Downloading from central: https://repo.maven.apache.org/maven2/com/google/guava/guava-parent/33.5.0-android/guava-parent-33.5.0-android.pom
[INFO] Downloaded from central: https://repo.maven.apache.org/maven2/com/google/guava/guava-parent/33.5.0-android/guava-parent-33.5.0-android.pom (24 kB at 786 kB/s)
[INFO] Downloading from central: https://repo.maven.apache.org/maven2/com/google/j2objc/j2objc-annotations/3.1/j2objc-annotations-3.1.pom
[INFO] Downloaded from central: https://repo.maven.apache.org/maven2/com/google/j2objc/j2objc-annotations/3.1/j2objc-annotations-3.1.pom (5.4 kB at 181 kB/s)
[INFO] Downloading from central: https://repo.maven.apache.org/maven2/com/google/guava/guava/33.5.0-jre/guava-33.5.0-jre.pom
[INFO] Downloaded from central: https://repo.maven.apache.org/maven2/com/google/guava/guava/33.5.0-jre/guava-33.5.0-jre.pom (9.6 kB at 283 kB/s)
[INFO] Downloading from central: https://repo.maven.apache.org/maven2/com/google/guava/guava-parent/33.5.0-jre/guava-parent-33.5.0-jre.pom
[INFO] Downloaded from central: https://repo.maven.apache.org/maven2/com/google/guava/guava-parent/33.5.0-jre/guava-parent-33.5.0-jre.pom (24 kB at 725 kB/s)
[INFO] Downloading from central: https://repo.maven.apache.org/maven2/com/google/guava/guava/33.6.0-android/guava-33.6.0-android.pom
[INFO] Downloaded from central: https://repo.maven.apache.org/maven2/com/google/guava/guava/33.6.0-android/guava-33.6.0-android.pom (10 kB at 335 kB/s)
[INFO] Downloading from central: https://repo.maven.apache.org/maven2/com/google/guava/guava-parent/33.6.0-android/guava-parent-33.6.0-android.pom
[INFO] Downloaded from central: https://repo.maven.apache.org/maven2/com/google/guava/guava-parent/33.6.0-android/guava-parent-33.6.0-android.pom (26 kB at 779 kB/s)
[INFO] Downloading from central: https://repo.maven.apache.org/maven2/com/google/guava/guava/33.6.0-jre/guava-33.6.0-jre.pom
[INFO] Downloaded from central: https://repo.maven.apache.org/maven2/com/google/guava/guava/33.6.0-jre/guava-33.6.0-jre.pom (9.8 kB at 288 kB/s)
[INFO] Downloading from central: https://repo.maven.apache.org/maven2/com/google/guava/guava-parent/33.6.0-jre/guava-parent-33.6.0-jre.pom
[INFO] Downloaded from central: https://repo.maven.apache.org/maven2/com/google/guava/guava-parent/33.6.0-jre/guava-parent-33.6.0-jre.pom (26 kB at 656 kB/s)
[INFO] Downloading from central: https://repo.maven.apache.org/maven2/io/dropwizard/metrics/metrics-core/4.2.4/metrics-core-4.2.4.pom
[INFO] Downloaded from central: https://repo.maven.apache.org/maven2/io/dropwizard/metrics/metrics-core/4.2.4/metrics-core-4.2.4.pom (2.2 kB at 68 kB/s)
[INFO] Downloading from central: https://repo.maven.apache.org/maven2/io/dropwizard/metrics/metrics-parent/4.2.4/metrics-parent-4.2.4.pom
[INFO] Downloaded from central: https://repo.maven.apache.org/maven2/io/dropwizard/metrics/metrics-parent/4.2.4/metrics-parent-4.2.4.pom (20 kB at 537 kB/s)
[INFO] Downloading from central: https://repo.maven.apache.org/maven2/io/dropwizard/metrics/metrics-jvm/4.2.4/metrics-jvm-4.2.4.pom
[INFO] Downloaded from central: https://repo.maven.apache.org/maven2/io/dropwizard/metrics/metrics-jvm/4.2.4/metrics-jvm-4.2.4.pom (2.4 kB at 64 kB/s)
[INFO] Downloading from central: https://repo.maven.apache.org/maven2/io/dropwizard/metrics/metrics-bom/4.2.4/metrics-bom-4.2.4.pom
[INFO] Downloaded from central: https://repo.maven.apache.org/maven2/io/dropwizard/metrics/metrics-bom/4.2.4/metrics-bom-4.2.4.pom (6.4 kB at 214 kB/s)
[INFO] Downloading from central: https://repo.maven.apache.org/maven2/io/dropwizard/metrics/metrics-json/4.2.4/metrics-json-4.2.4.pom
[INFO] Downloaded from central: https://repo.maven.apache.org/maven2/io/dropwizard/metrics/metrics-json/4.2.4/metrics-json-4.2.4.pom (3.1 kB at 99 kB/s)
[INFO] Downloading from central: https://repo.maven.apache.org/maven2/de/fraunhofer/iosb/io/moquette/moquette-broker/0.14.3/moquette-broker-0.14.3.pom
[INFO] Downloaded from central: https://repo.maven.apache.org/maven2/de/fraunhofer/iosb/io/moquette/moquette-broker/0.14.3/moquette-broker-0.14.3.pom (8.8 kB at 236 kB/s)
[INFO] Downloading from central: https://repo.maven.apache.org/maven2/de/fraunhofer/iosb/io/moquette/moquette-parent/0.14.3/moquette-parent-0.14.3.pom
[INFO] Downloaded from central: https://repo.maven.apache.org/maven2/de/fraunhofer/iosb/io/moquette/moquette-parent/0.14.3/moquette-parent-0.14.3.pom (9.2 kB at 316 kB/s)
[INFO] Downloading from central: https://repo.maven.apache.org/maven2/io/netty/netty-common/4.1.53.Final/netty-common-4.1.53.Final.pom
[INFO] Downloaded from central: https://repo.maven.apache.org/maven2/io/netty/netty-common/4.1.53.Final/netty-common-4.1.53.Final.pom (10 kB at 319 kB/s)
[INFO] Downloading from central: https://repo.maven.apache.org/maven2/io/netty/netty-buffer/4.1.53.Final/netty-buffer-4.1.53.Final.pom
[INFO] Downloaded from central: https://repo.maven.apache.org/maven2/io/netty/netty-buffer/4.1.53.Final/netty-buffer-4.1.53.Final.pom (1.6 kB at 44 kB/s)
[INFO] Downloading from central: https://repo.maven.apache.org/maven2/io/netty/netty-transport/4.1.53.Final/netty-transport-4.1.53.Final.pom
[INFO] Downloaded from central: https://repo.maven.apache.org/maven2/io/netty/netty-transport/4.1.53.Final/netty-transport-4.1.53.Final.pom (1.9 kB at 69 kB/s)
[INFO] Downloading from central: https://repo.maven.apache.org/maven2/io/netty/netty-resolver/4.1.53.Final/netty-resolver-4.1.53.Final.pom
[INFO] Downloaded from central: https://repo.maven.apache.org/maven2/io/netty/netty-resolver/4.1.53.Final/netty-resolver-4.1.53.Final.pom (1.6 kB at 50 kB/s)
[INFO] Downloading from central: https://repo.maven.apache.org/maven2/io/netty/netty-handler/4.1.53.Final/netty-handler-4.1.53.Final.pom
[INFO] Downloaded from central: https://repo.maven.apache.org/maven2/io/netty/netty-handler/4.1.53.Final/netty-handler-4.1.53.Final.pom (3.6 kB at 85 kB/s)
[INFO] Downloading from central: https://repo.maven.apache.org/maven2/io/netty/netty-codec/4.1.53.Final/netty-codec-4.1.53.Final.pom
[INFO] Downloaded from central: https://repo.maven.apache.org/maven2/io/netty/netty-codec/4.1.53.Final/netty-codec-4.1.53.Final.pom (3.6 kB at 85 kB/s)
[INFO] Downloading from central: https://repo.maven.apache.org/maven2/io/netty/netty-codec-http/4.1.53.Final/netty-codec-http-4.1.53.Final.pom
[INFO] Downloaded from central: https://repo.maven.apache.org/maven2/io/netty/netty-codec-http/4.1.53.Final/netty-codec-http-4.1.53.Final.pom (2.4 kB at 77 kB/s)
[INFO] Downloading from central: https://repo.maven.apache.org/maven2/io/netty/netty-codec-mqtt/4.1.53.Final/netty-codec-mqtt-4.1.53.Final.pom
[INFO] Downloaded from central: https://repo.maven.apache.org/maven2/io/netty/netty-codec-mqtt/4.1.53.Final/netty-codec-mqtt-4.1.53.Final.pom (2.1 kB at 63 kB/s)
[INFO] Downloading from central: https://repo.maven.apache.org/maven2/io/netty/netty-transport-native-epoll/4.1.53.Final/netty-transport-native-epoll-4.1.53.Final.pom
[INFO] Downloaded from central: https://repo.maven.apache.org/maven2/io/netty/netty-transport-native-epoll/4.1.53.Final/netty-transport-native-epoll-4.1.53.Final.pom (18 kB at 574 kB/s)
[INFO] Downloading from central: https://repo.maven.apache.org/maven2/io/netty/netty-transport-native-unix-common/4.1.53.Final/netty-transport-native-unix-common-4.1.53.Final.pom
[INFO] Downloaded from central: https://repo.maven.apache.org/maven2/io/netty/netty-transport-native-unix-common/4.1.53.Final/netty-transport-native-unix-common-4.1.53.Final.pom (19 kB at 569 kB/s)
[INFO] Downloading from central: https://repo.maven.apache.org/maven2/com/h2database/h2-mvstore/1.4.199/h2-mvstore-1.4.199.pom
[INFO] Downloaded from central: https://repo.maven.apache.org/maven2/com/h2database/h2-mvstore/1.4.199/h2-mvstore-1.4.199.pom (970 B at 27 kB/s)
[INFO] Downloading from central: https://repo.maven.apache.org/maven2/com/librato/metrics/metrics-librato/5.1.0/metrics-librato-5.1.0.pom
[INFO] Downloaded from central: https://repo.maven.apache.org/maven2/com/librato/metrics/metrics-librato/5.1.0/metrics-librato-5.1.0.pom (5.1 kB at 93 kB/s)
[INFO] Downloading from central: https://repo.maven.apache.org/maven2/com/librato/metrics/librato-java/2.1.0/librato-java-2.1.0.pom
[INFO] Downloaded from central: https://repo.maven.apache.org/maven2/com/librato/metrics/librato-java/2.1.0/librato-java-2.1.0.pom (5.4 kB at 174 kB/s)
[INFO] Downloading from apache.snapshots: https://repository.apache.org/snapshots/com/bugsnag/bugsnag/maven-metadata.xml
[INFO] Downloading from central: https://repo.maven.apache.org/maven2/com/bugsnag/bugsnag/maven-metadata.xml
[INFO] Downloaded from central: https://repo.maven.apache.org/maven2/com/bugsnag/bugsnag/maven-metadata.xml (1.9 kB at 65 kB/s)
[INFO] Downloading from central: https://repo.maven.apache.org/maven2/com/bugsnag/bugsnag/3.0.0/bugsnag-3.0.0.pom
[INFO] Downloaded from central: https://repo.maven.apache.org/maven2/com/bugsnag/bugsnag/3.0.0/bugsnag-3.0.0.pom (2.0 kB at 58 kB/s)
[INFO] Downloading from central: https://repo.maven.apache.org/maven2/com/bugsnag/bugsnag/3.0.1/bugsnag-3.0.1.pom
[INFO] Downloaded from central: https://repo.maven.apache.org/maven2/com/bugsnag/bugsnag/3.0.1/bugsnag-3.0.1.pom (2.0 kB at 61 kB/s)
[INFO] Downloading from central: https://repo.maven.apache.org/maven2/com/bugsnag/bugsnag/3.0.2/bugsnag-3.0.2.pom
[INFO] Downloaded from central: https://repo.maven.apache.org/maven2/com/bugsnag/bugsnag/3.0.2/bugsnag-3.0.2.pom (2.0 kB at 58 kB/s)
[INFO] Downloading from central: https://repo.maven.apache.org/maven2/com/bugsnag/bugsnag/3.1.0/bugsnag-3.1.0.pom
[INFO] Downloaded from central: https://repo.maven.apache.org/maven2/com/bugsnag/bugsnag/3.1.0/bugsnag-3.1.0.pom (2.1 kB at 54 kB/s)
[INFO] Downloading from central: https://repo.maven.apache.org/maven2/com/bugsnag/bugsnag/3.1.1/bugsnag-3.1.1.pom
[INFO] Downloaded from central: https://repo.maven.apache.org/maven2/com/bugsnag/bugsnag/3.1.1/bugsnag-3.1.1.pom (2.5 kB at 67 kB/s)
[INFO] Downloading from central: https://repo.maven.apache.org/maven2/com/bugsnag/bugsnag/3.1.2/bugsnag-3.1.2.pom
[INFO] Downloaded from central: https://repo.maven.apache.org/maven2/com/bugsnag/bugsnag/3.1.2/bugsnag-3.1.2.pom (2.5 kB at 56 kB/s)
[INFO] Downloading from central: https://repo.maven.apache.org/maven2/com/bugsnag/bugsnag/3.1.3/bugsnag-3.1.3.pom
[INFO] Downloaded from central: https://repo.maven.apache.org/maven2/com/bugsnag/bugsnag/3.1.3/bugsnag-3.1.3.pom (2.5 kB at 67 kB/s)
[INFO] Downloading from central: https://repo.maven.apache.org/maven2/com/bugsnag/bugsnag/3.1.4/bugsnag-3.1.4.pom
[INFO] Downloaded from central: https://repo.maven.apache.org/maven2/com/bugsnag/bugsnag/3.1.4/bugsnag-3.1.4.pom (2.3 kB at 62 kB/s)
[INFO] Downloading from central: https://repo.maven.apache.org/maven2/com/bugsnag/bugsnag/3.1.5/bugsnag-3.1.5.pom
[INFO] Downloaded from central: https://repo.maven.apache.org/maven2/com/bugsnag/bugsnag/3.1.5/bugsnag-3.1.5.pom (2.3 kB at 56 kB/s)
[INFO] Downloading from central: https://repo.maven.apache.org/maven2/com/bugsnag/bugsnag/3.1.6/bugsnag-3.1.6.pom
[INFO] Downloaded from central: https://repo.maven.apache.org/maven2/com/bugsnag/bugsnag/3.1.6/bugsnag-3.1.6.pom (2.3 kB at 64 kB/s)
[INFO] Downloading from central: https://repo.maven.apache.org/maven2/com/bugsnag/bugsnag/3.2.0-beta/bugsnag-3.2.0-beta.pom
[INFO] Downloaded from central: https://repo.maven.apache.org/maven2/com/bugsnag/bugsnag/3.2.0-beta/bugsnag-3.2.0-beta.pom (2.3 kB at 72 kB/s)
[INFO] Downloading from central: https://repo.maven.apache.org/maven2/com/bugsnag/bugsnag/3.2.0/bugsnag-3.2.0.pom
[INFO] Downloaded from central: https://repo.maven.apache.org/maven2/com/bugsnag/bugsnag/3.2.0/bugsnag-3.2.0.pom (2.3 kB at 61 kB/s)
[INFO] Downloading from central: https://repo.maven.apache.org/maven2/com/bugsnag/bugsnag/3.2.1/bugsnag-3.2.1.pom
[INFO] Downloaded from central: https://repo.maven.apache.org/maven2/com/bugsnag/bugsnag/3.2.1/bugsnag-3.2.1.pom (2.3 kB at 58 kB/s)
[INFO] Downloading from central: https://repo.maven.apache.org/maven2/com/bugsnag/bugsnag/3.3.0/bugsnag-3.3.0.pom
[INFO] Downloaded from central: https://repo.maven.apache.org/maven2/com/bugsnag/bugsnag/3.3.0/bugsnag-3.3.0.pom (2.3 kB at 62 kB/s)
[INFO] Downloading from central: https://repo.maven.apache.org/maven2/com/bugsnag/bugsnag/3.4.0/bugsnag-3.4.0.pom
[INFO] Downloaded from central: https://repo.maven.apache.org/maven2/com/bugsnag/bugsnag/3.4.0/bugsnag-3.4.0.pom (2.6 kB at 68 kB/s)
[INFO] Downloading from central: https://repo.maven.apache.org/maven2/com/bugsnag/bugsnag/3.4.1/bugsnag-3.4.1.pom
[INFO] Downloaded from central: https://repo.maven.apache.org/maven2/com/bugsnag/bugsnag/3.4.1/bugsnag-3.4.1.pom (2.6 kB at 70 kB/s)
[INFO] Downloading from central: https://repo.maven.apache.org/maven2/com/bugsnag/bugsnag/3.4.2/bugsnag-3.4.2.pom
[INFO] Downloaded from central: https://repo.maven.apache.org/maven2/com/bugsnag/bugsnag/3.4.2/bugsnag-3.4.2.pom (2.6 kB at 68 kB/s)
[INFO] Downloading from central: https://repo.maven.apache.org/maven2/com/bugsnag/bugsnag/3.4.3/bugsnag-3.4.3.pom
[INFO] Downloaded from central: https://repo.maven.apache.org/maven2/com/bugsnag/bugsnag/3.4.3/bugsnag-3.4.3.pom (2.6 kB at 76 kB/s)
[INFO] Downloading from central: https://repo.maven.apache.org/maven2/com/bugsnag/bugsnag/3.4.4/bugsnag-3.4.4.pom
[INFO] Downloaded from central: https://repo.maven.apache.org/maven2/com/bugsnag/bugsnag/3.4.4/bugsnag-3.4.4.pom (2.6 kB at 70 kB/s)
[INFO] Downloading from central: https://repo.maven.apache.org/maven2/com/bugsnag/bugsnag/3.4.5/bugsnag-3.4.5.pom
[INFO] Downloaded from central: https://repo.maven.apache.org/maven2/com/bugsnag/bugsnag/3.4.5/bugsnag-3.4.5.pom (2.6 kB at 78 kB/s)
[INFO] Downloading from central: https://repo.maven.apache.org/maven2/com/bugsnag/bugsnag/3.4.6/bugsnag-3.4.6.pom
[INFO] Downloaded from central: https://repo.maven.apache.org/maven2/com/bugsnag/bugsnag/3.4.6/bugsnag-3.4.6.pom (2.6 kB at 76 kB/s)
[INFO] Downloading from central: https://repo.maven.apache.org/maven2/com/bugsnag/bugsnag/3.5.0/bugsnag-3.5.0.pom
[INFO] Downloaded from central: https://repo.maven.apache.org/maven2/com/bugsnag/bugsnag/3.5.0/bugsnag-3.5.0.pom (2.6 kB at 80 kB/s)
[INFO] Downloading from central: https://repo.maven.apache.org/maven2/com/bugsnag/bugsnag/3.5.1/bugsnag-3.5.1.pom
[INFO] Downloaded from central: https://repo.maven.apache.org/maven2/com/bugsnag/bugsnag/3.5.1/bugsnag-3.5.1.pom (2.6 kB at 76 kB/s)
[INFO] Downloading from central: https://repo.maven.apache.org/maven2/com/bugsnag/bugsnag/3.6.0/bugsnag-3.6.0.pom
[INFO] Downloaded from central: https://repo.maven.apache.org/maven2/com/bugsnag/bugsnag/3.6.0/bugsnag-3.6.0.pom (2.6 kB at 85 kB/s)
[INFO] Downloading from central: https://repo.maven.apache.org/maven2/com/bugsnag/bugsnag/3.6.1/bugsnag-3.6.1.pom
[INFO] Downloaded from central: https://repo.maven.apache.org/maven2/com/bugsnag/bugsnag/3.6.1/bugsnag-3.6.1.pom (2.6 kB at 91 kB/s)
[INFO] Downloading from central: https://repo.maven.apache.org/maven2/com/bugsnag/bugsnag/3.6.2/bugsnag-3.6.2.pom
[INFO] Downloaded from central: https://repo.maven.apache.org/maven2/com/bugsnag/bugsnag/3.6.2/bugsnag-3.6.2.pom (2.6 kB at 74 kB/s)
[INFO] Downloading from central: https://repo.maven.apache.org/maven2/com/bugsnag/bugsnag/3.6.3/bugsnag-3.6.3.pom
[INFO] Downloaded from central: https://repo.maven.apache.org/maven2/com/bugsnag/bugsnag/3.6.3/bugsnag-3.6.3.pom (2.6 kB at 80 kB/s)
[INFO] Downloading from central: https://repo.maven.apache.org/maven2/com/bugsnag/bugsnag/3.6.4/bugsnag-3.6.4.pom
[INFO] Downloaded from central: https://repo.maven.apache.org/maven2/com/bugsnag/bugsnag/3.6.4/bugsnag-3.6.4.pom (2.6 kB at 83 kB/s)
[INFO] Downloading from central: https://repo.maven.apache.org/maven2/com/bugsnag/bugsnag/3.7.0/bugsnag-3.7.0.pom
[INFO] Downloaded from central: https://repo.maven.apache.org/maven2/com/bugsnag/bugsnag/3.7.0/bugsnag-3.7.0.pom (2.0 kB at 55 kB/s)
[INFO] Downloading from central: https://repo.maven.apache.org/maven2/com/bugsnag/bugsnag/3.7.1/bugsnag-3.7.1.pom
[INFO] Downloaded from central: https://repo.maven.apache.org/maven2/com/bugsnag/bugsnag/3.7.1/bugsnag-3.7.1.pom (2.0 kB at 57 kB/s)
[INFO] Downloading from central: https://repo.maven.apache.org/maven2/com/bugsnag/bugsnag/3.7.2/bugsnag-3.7.2.pom
[INFO] Downloaded from central: https://repo.maven.apache.org/maven2/com/bugsnag/bugsnag/3.7.2/bugsnag-3.7.2.pom (2.0 kB at 58 kB/s)
[INFO] Downloading from central: https://repo.maven.apache.org/maven2/com/bugsnag/bugsnag/3.8.0/bugsnag-3.8.0.pom
[INFO] Downloaded from central: https://repo.maven.apache.org/maven2/com/bugsnag/bugsnag/3.8.0/bugsnag-3.8.0.pom (2.0 kB at 55 kB/s)
[INFO] Downloading from central: https://repo.maven.apache.org/maven2/io/jsonwebtoken/jjwt-api/0.10.7/jjwt-api-0.10.7.pom
[INFO] Downloaded from central: https://repo.maven.apache.org/maven2/io/jsonwebtoken/jjwt-api/0.10.7/jjwt-api-0.10.7.pom (1.3 kB at 40 kB/s)
[INFO] Downloading from central: https://repo.maven.apache.org/maven2/io/jsonwebtoken/jjwt-root/0.10.7/jjwt-root-0.10.7.pom
[INFO] Downloaded from central: https://repo.maven.apache.org/maven2/io/jsonwebtoken/jjwt-root/0.10.7/jjwt-root-0.10.7.pom (22 kB at 492 kB/s)
[INFO] Downloading from central: https://repo.maven.apache.org/maven2/io/jsonwebtoken/jjwt-impl/0.10.7/jjwt-impl-0.10.7.pom
[INFO] Downloaded from central: https://repo.maven.apache.org/maven2/io/jsonwebtoken/jjwt-impl/0.10.7/jjwt-impl-0.10.7.pom (2.0 kB at 48 kB/s)
[INFO] Downloading from central: https://repo.maven.apache.org/maven2/io/jsonwebtoken/jjwt-jackson/0.10.7/jjwt-jackson-0.10.7.pom
[INFO] Downloaded from central: https://repo.maven.apache.org/maven2/io/jsonwebtoken/jjwt-jackson/0.10.7/jjwt-jackson-0.10.7.pom (1.6 kB at 48 kB/s)
[INFO] Downloading from central: https://repo.maven.apache.org/maven2/com/nimbusds/oauth2-oidc-sdk/8.3/oauth2-oidc-sdk-8.3.pom
[INFO] Downloaded from central: https://repo.maven.apache.org/maven2/com/nimbusds/oauth2-oidc-sdk/8.3/oauth2-oidc-sdk-8.3.pom (12 kB at 246 kB/s)
[INFO] Downloading from apache.snapshots: https://repository.apache.org/snapshots/net/minidev/json-smart/maven-metadata.xml
[INFO] Downloading from central: https://repo.maven.apache.org/maven2/net/minidev/json-smart/maven-metadata.xml
[INFO] Downloaded from central: https://repo.maven.apache.org/maven2/net/minidev/json-smart/maven-metadata.xml (1.4 kB at 42 kB/s)
[INFO] Downloading from central: https://repo.maven.apache.org/maven2/org/apache/tomcat/embed/tomcat-embed-core/8.5.46/tomcat-embed-core-8.5.46.pom
[INFO] Downloaded from central: https://repo.maven.apache.org/maven2/org/apache/tomcat/embed/tomcat-embed-core/8.5.46/tomcat-embed-core-8.5.46.pom (1.8 kB at 56 kB/s)
[INFO] Downloading from central: https://repo.maven.apache.org/maven2/org/apache/tomcat/tomcat-annotations-api/8.5.46/tomcat-annotations-api-8.5.46.pom
[INFO] Downloaded from central: https://repo.maven.apache.org/maven2/org/apache/tomcat/tomcat-annotations-api/8.5.46/tomcat-annotations-api-8.5.46.pom (1.5 kB at 43 kB/s)
[INFO] Downloading from central: https://repo.maven.apache.org/maven2/org/fusesource/mqtt-client/mqtt-client/1.12/mqtt-client-1.12.pom
[INFO] Downloaded from central: https://repo.maven.apache.org/maven2/org/fusesource/mqtt-client/mqtt-client/1.12/mqtt-client-1.12.pom (6.0 kB at 167 kB/s)
[INFO] Downloading from central: https://repo.maven.apache.org/maven2/org/fusesource/mqtt-client/mqtt-client-project/1.12/mqtt-client-project-1.12.pom
[INFO] Downloaded from central: https://repo.maven.apache.org/maven2/org/fusesource/mqtt-client/mqtt-client-project/1.12/mqtt-client-project-1.12.pom (12 kB at 363 kB/s)
[INFO] Downloading from central: https://repo.maven.apache.org/maven2/org/fusesource/hawtdispatch/hawtdispatch-transport/1.21/hawtdispatch-transport-1.21.pom
[INFO] Downloaded from central: https://repo.maven.apache.org/maven2/org/fusesource/hawtdispatch/hawtdispatch-transport/1.21/hawtdispatch-transport-1.21.pom (2.8 kB at 63 kB/s)
[INFO] Downloading from central: https://repo.maven.apache.org/maven2/org/fusesource/hawtdispatch/hawtdispatch-project/1.21/hawtdispatch-project-1.21.pom
[INFO] Downloaded from central: https://repo.maven.apache.org/maven2/org/fusesource/hawtdispatch/hawtdispatch-project/1.21/hawtdispatch-project-1.21.pom (13 kB at 364 kB/s)
[INFO] Downloading from central: https://repo.maven.apache.org/maven2/org/fusesource/hawtdispatch/hawtdispatch/1.21/hawtdispatch-1.21.pom
[INFO] Downloaded from central: https://repo.maven.apache.org/maven2/org/fusesource/hawtdispatch/hawtdispatch/1.21/hawtdispatch-1.21.pom (3.0 kB at 90 kB/s)
[INFO] Downloading from central: https://repo.maven.apache.org/maven2/org/fusesource/hawtbuf/hawtbuf/1.10/hawtbuf-1.10.pom
[INFO] Downloaded from central: https://repo.maven.apache.org/maven2/org/fusesource/hawtbuf/hawtbuf/1.10/hawtbuf-1.10.pom (2.6 kB at 74 kB/s)
[INFO] Downloading from central: https://repo.maven.apache.org/maven2/org/fusesource/hawtbuf/hawtbuf-project/1.10/hawtbuf-project-1.10.pom
[INFO] Downloaded from central: https://repo.maven.apache.org/maven2/org/fusesource/hawtbuf/hawtbuf-project/1.10/hawtbuf-project-1.10.pom (11 kB at 268 kB/s)
[INFO] Downloading from central: https://repo.maven.apache.org/maven2/com/github/ben-manes/caffeine/caffeine/2.9.1/caffeine-2.9.1.pom
[INFO] Downloaded from central: https://repo.maven.apache.org/maven2/com/github/ben-manes/caffeine/caffeine/2.9.1/caffeine-2.9.1.pom (2.1 kB at 67 kB/s)
[INFO] Downloading from central: https://repo.maven.apache.org/maven2/io/airlift/airline/0.8/airline-0.8.jar
[INFO] Downloading from central: https://repo.maven.apache.org/maven2/com/google/guava/guava/33.6.0-jre/guava-33.6.0-jre.jar
[INFO] Downloading from central: https://repo.maven.apache.org/maven2/com/google/guava/failureaccess/1.0.3/failureaccess-1.0.3.jar
[INFO] Downloading from central: https://repo.maven.apache.org/maven2/com/google/j2objc/j2objc-annotations/3.1/j2objc-annotations-3.1.jar
[INFO] Downloading from central: https://repo.maven.apache.org/maven2/io/dropwizard/metrics/metrics-core/4.2.4/metrics-core-4.2.4.jar
[INFO] Downloaded from central: https://repo.maven.apache.org/maven2/com/google/j2objc/j2objc-annotations/3.1/j2objc-annotations-3.1.jar (17 kB at 559 kB/s)
[INFO] Downloading from central: https://repo.maven.apache.org/maven2/io/dropwizard/metrics/metrics-jvm/4.2.4/metrics-jvm-4.2.4.jar
[INFO] Downloaded from central: https://repo.maven.apache.org/maven2/io/airlift/airline/0.8/airline-0.8.jar (78 kB at 2.5 MB/s)
[INFO] Downloading from central: https://repo.maven.apache.org/maven2/io/dropwizard/metrics/metrics-json/4.2.4/metrics-json-4.2.4.jar
[INFO] Downloaded from central: https://repo.maven.apache.org/maven2/com/google/guava/failureaccess/1.0.3/failureaccess-1.0.3.jar (11 kB at 326 kB/s)
[INFO] Downloading from central: https://repo.maven.apache.org/maven2/de/fraunhofer/iosb/io/moquette/moquette-broker/0.14.3/moquette-broker-0.14.3.jar
[INFO] Downloaded from central: https://repo.maven.apache.org/maven2/io/dropwizard/metrics/metrics-core/4.2.4/metrics-core-4.2.4.jar (126 kB at 3.3 MB/s)
[INFO] Downloading from central: https://repo.maven.apache.org/maven2/io/netty/netty-common/4.1.53.Final/netty-common-4.1.53.Final.jar
[INFO] Downloaded from central: https://repo.maven.apache.org/maven2/io/dropwizard/metrics/metrics-jvm/4.2.4/metrics-jvm-4.2.4.jar (24 kB at 411 kB/s)
[INFO] Downloading from central: https://repo.maven.apache.org/maven2/io/netty/netty-transport/4.1.53.Final/netty-transport-4.1.53.Final.jar
[INFO] Downloaded from central: https://repo.maven.apache.org/maven2/io/dropwizard/metrics/metrics-json/4.2.4/metrics-json-4.2.4.jar (17 kB at 279 kB/s)
[INFO] Downloading from central: https://repo.maven.apache.org/maven2/io/netty/netty-resolver/4.1.53.Final/netty-resolver-4.1.53.Final.jar
[INFO] Downloaded from central: https://repo.maven.apache.org/maven2/com/google/guava/guava/33.6.0-jre/guava-33.6.0-jre.jar (3.1 MB at 49 MB/s)
[INFO] Downloading from central: https://repo.maven.apache.org/maven2/io/netty/netty-handler/4.1.53.Final/netty-handler-4.1.53.Final.jar
[INFO] Downloaded from central: https://repo.maven.apache.org/maven2/de/fraunhofer/iosb/io/moquette/moquette-broker/0.14.3/moquette-broker-0.14.3.jar (179 kB at 2.5 MB/s)
[INFO] Downloading from central: https://repo.maven.apache.org/maven2/io/netty/netty-codec/4.1.53.Final/netty-codec-4.1.53.Final.jar
[INFO] Downloaded from central: https://repo.maven.apache.org/maven2/io/netty/netty-common/4.1.53.Final/netty-common-4.1.53.Final.jar (639 kB at 8.4 MB/s)
[INFO] Downloading from central: https://repo.maven.apache.org/maven2/io/netty/netty-codec-http/4.1.53.Final/netty-codec-http-4.1.53.Final.jar
[INFO] Downloaded from central: https://repo.maven.apache.org/maven2/io/netty/netty-handler/4.1.53.Final/netty-handler-4.1.53.Final.jar (473 kB at 4.9 MB/s)
[INFO] Downloading from central: https://repo.maven.apache.org/maven2/io/netty/netty-codec-mqtt/4.1.53.Final/netty-codec-mqtt-4.1.53.Final.jar
[INFO] Downloaded from central: https://repo.maven.apache.org/maven2/io/netty/netty-resolver/4.1.53.Final/netty-resolver-4.1.53.Final.jar (33 kB at 322 kB/s)
[INFO] Downloading from central: https://repo.maven.apache.org/maven2/io/netty/netty-transport-native-epoll/4.1.53.Final/netty-transport-native-epoll-4.1.53.Final-linux-x86_64.jar
[INFO] Downloaded from central: https://repo.maven.apache.org/maven2/io/netty/netty-transport/4.1.53.Final/netty-transport-4.1.53.Final.jar (474 kB at 4.5 MB/s)
[INFO] Downloading from central: https://repo.maven.apache.org/maven2/io/netty/netty-transport-native-unix-common/4.1.53.Final/netty-transport-native-unix-common-4.1.53.Final.jar
[INFO] Downloaded from central: https://repo.maven.apache.org/maven2/io/netty/netty-codec/4.1.53.Final/netty-codec-4.1.53.Final.jar (320 kB at 3.0 MB/s)
[INFO] Downloading from central: https://repo.maven.apache.org/maven2/com/h2database/h2-mvstore/1.4.199/h2-mvstore-1.4.199.jar
[INFO] Downloaded from central: https://repo.maven.apache.org/maven2/io/netty/netty-codec-http/4.1.53.Final/netty-codec-http-4.1.53.Final.jar (620 kB at 5.5 MB/s)
[INFO] Downloading from central: https://repo.maven.apache.org/maven2/com/librato/metrics/metrics-librato/5.1.0/metrics-librato-5.1.0.jar
[INFO] Downloaded from central: https://repo.maven.apache.org/maven2/io/netty/netty-codec-mqtt/4.1.53.Final/netty-codec-mqtt-4.1.53.Final.jar (92 kB at 694 kB/s)
[INFO] Downloading from central: https://repo.maven.apache.org/maven2/com/librato/metrics/librato-java/2.1.0/librato-java-2.1.0.jar
[INFO] Downloaded from central: https://repo.maven.apache.org/maven2/io/netty/netty-transport-native-epoll/4.1.53.Final/netty-transport-native-epoll-4.1.53.Final-linux-x86_64.jar (153 kB at 1.1 MB/s)
[INFO] Downloaded from central: https://repo.maven.apache.org/maven2/io/netty/netty-transport-native-unix-common/4.1.53.Final/netty-transport-native-unix-common-4.1.53.Final.jar (33 kB at 244 kB/s)
[INFO] Downloading from central: https://repo.maven.apache.org/maven2/io/jsonwebtoken/jjwt-api/0.10.7/jjwt-api-0.10.7.jar
[INFO] Downloading from central: https://repo.maven.apache.org/maven2/com/bugsnag/bugsnag/3.8.0/bugsnag-3.8.0.jar
[INFO] Downloaded from central: https://repo.maven.apache.org/maven2/com/h2database/h2-mvstore/1.4.199/h2-mvstore-1.4.199.jar (286 kB at 2.1 MB/s)
[INFO] Downloading from central: https://repo.maven.apache.org/maven2/io/jsonwebtoken/jjwt-impl/0.10.7/jjwt-impl-0.10.7.jar
[INFO] Downloaded from central: https://repo.maven.apache.org/maven2/com/librato/metrics/metrics-librato/5.1.0/metrics-librato-5.1.0.jar (38 kB at 259 kB/s)
[INFO] Downloading from central: https://repo.maven.apache.org/maven2/io/jsonwebtoken/jjwt-jackson/0.10.7/jjwt-jackson-0.10.7.jar
[INFO] Downloaded from central: https://repo.maven.apache.org/maven2/com/librato/metrics/librato-java/2.1.0/librato-java-2.1.0.jar (45 kB at 272 kB/s)
[INFO] Downloading from central: https://repo.maven.apache.org/maven2/com/nimbusds/oauth2-oidc-sdk/8.3/oauth2-oidc-sdk-8.3.jar
[INFO] Downloaded from central: https://repo.maven.apache.org/maven2/io/jsonwebtoken/jjwt-impl/0.10.7/jjwt-impl-0.10.7.jar (69 kB at 403 kB/s)
[INFO] Downloading from central: https://repo.maven.apache.org/maven2/org/apache/tomcat/embed/tomcat-embed-core/8.5.46/tomcat-embed-core-8.5.46.jar
[INFO] Downloaded from central: https://repo.maven.apache.org/maven2/io/jsonwebtoken/jjwt-api/0.10.7/jjwt-api-0.10.7.jar (74 kB at 428 kB/s)
[INFO] Downloading from central: https://repo.maven.apache.org/maven2/org/apache/tomcat/tomcat-annotations-api/8.5.46/tomcat-annotations-api-8.5.46.jar
[INFO] Downloaded from central: https://repo.maven.apache.org/maven2/com/bugsnag/bugsnag/3.8.0/bugsnag-3.8.0.jar (79 kB at 454 kB/s)
[INFO] Downloading from central: https://repo.maven.apache.org/maven2/io/netty/netty-buffer/4.1.53.Final/netty-buffer-4.1.53.Final.jar
[INFO] Downloaded from central: https://repo.maven.apache.org/maven2/io/jsonwebtoken/jjwt-jackson/0.10.7/jjwt-jackson-0.10.7.jar (4.7 kB at 27 kB/s)
[INFO] Downloading from central: https://repo.maven.apache.org/maven2/org/fusesource/mqtt-client/mqtt-client/1.12/mqtt-client-1.12.jar
[INFO] Downloaded from central: https://repo.maven.apache.org/maven2/com/nimbusds/oauth2-oidc-sdk/8.3/oauth2-oidc-sdk-8.3.jar (588 kB at 2.9 MB/s)
[INFO] Downloading from central: https://repo.maven.apache.org/maven2/org/fusesource/hawtdispatch/hawtdispatch-transport/1.21/hawtdispatch-transport-1.21.jar
[INFO] Downloaded from central: https://repo.maven.apache.org/maven2/org/apache/tomcat/tomcat-annotations-api/8.5.46/tomcat-annotations-api-8.5.46.jar (12 kB at 61 kB/s)
[INFO] Downloading from central: https://repo.maven.apache.org/maven2/org/fusesource/hawtdispatch/hawtdispatch/1.21/hawtdispatch-1.21.jar
[INFO] Downloaded from central: https://repo.maven.apache.org/maven2/io/netty/netty-buffer/4.1.53.Final/netty-buffer-4.1.53.Final.jar (296 kB at 1.4 MB/s)
[INFO] Downloading from central: https://repo.maven.apache.org/maven2/org/fusesource/hawtbuf/hawtbuf/1.10/hawtbuf-1.10.jar
[INFO] Downloaded from central: https://repo.maven.apache.org/maven2/org/fusesource/mqtt-client/mqtt-client/1.12/mqtt-client-1.12.jar (116 kB at 551 kB/s)
[INFO] Downloading from central: https://repo.maven.apache.org/maven2/com/github/ben-manes/caffeine/caffeine/2.9.1/caffeine-2.9.1.jar
[INFO] Downloaded from central: https://repo.maven.apache.org/maven2/org/fusesource/hawtdispatch/hawtdispatch-transport/1.21/hawtdispatch-transport-1.21.jar (128 kB at 548 kB/s)
[INFO] Downloaded from central: https://repo.maven.apache.org/maven2/org/fusesource/hawtdispatch/hawtdispatch/1.21/hawtdispatch-1.21.jar (119 kB at 500 kB/s)
[INFO] Downloaded from central: https://repo.maven.apache.org/maven2/org/fusesource/hawtbuf/hawtbuf/1.10/hawtbuf-1.10.jar (50 kB at 211 kB/s)
[INFO] Downloaded from central: https://repo.maven.apache.org/maven2/org/apache/tomcat/embed/tomcat-embed-core/8.5.46/tomcat-embed-core-8.5.46.jar (3.2 MB at 13 MB/s)
[INFO] Downloaded from central: https://repo.maven.apache.org/maven2/com/github/ben-manes/caffeine/caffeine/2.9.1/caffeine-2.9.1.jar (925 kB at 3.6 MB/s)
[INFO] 
[INFO] --- maven-clean-plugin:3.1.0:clean (default-clean) @ iotdb-server ---
[INFO] 
[INFO] --- maven-checkstyle-plugin:3.0.0:check (validate) @ iotdb-server ---
[INFO] 
[INFO] --- spotless-maven-plugin:2.4.2:check (spotless-check) @ iotdb-server ---
[INFO] 
[INFO] --- maven-remote-resources-plugin:1.7.0:process (process-resource-bundles) @ iotdb-server ---
[INFO] Preparing remote bundle org.apache:apache-jar-resource-bundle:1.4
[INFO] Copying 3 resources from 1 bundle.
[INFO] artifact com.bugsnag:bugsnag: checking for updates from central
[INFO] artifact net.minidev:json-smart: checking for updates from central
[INFO] artifact net.minidev:json-smart: checking for updates from central
[INFO] 
[INFO] --- maven-resources-plugin:3.1.0:resources (default-resources) @ iotdb-server ---
[INFO] Using 'UTF-8' encoding to copy filtered resources.
[INFO] Copying 4 resources
[INFO] Copying 3 resources
[INFO] 
[INFO] --- maven-compiler-plugin:3.8.1:compile (default-compile) @ iotdb-server ---
[INFO] Changes detected - recompiling the module!
[INFO] Compiling 831 source files to /home/srafi/after-cam-ready/compare_/compile_repair_output/work/91a2a52dffbf/server/target/classes
[INFO] /home/srafi/after-cam-ready/compare_/compile_repair_output/work/91a2a52dffbf/server/src/main/java/org/apache/iotdb/db/engine/querycontext/ReadOnlyMemChunk.java: Some input files use unchecked or unsafe operations.
[INFO] /home/srafi/after-cam-ready/compare_/compile_repair_output/work/91a2a52dffbf/server/src/main/java/org/apache/iotdb/db/engine/querycontext/ReadOnlyMemChunk.java: Recompile with -Xlint:unchecked for details.
[INFO] 
[INFO] --- xml-format-maven-plugin:3.0.7:xml-format (xml-format) @ iotdb-server ---
[INFO] 
[INFO] --- maven-resources-plugin:3.1.0:testResources (default-testResources) @ iotdb-server ---
[INFO] Using 'UTF-8' encoding to copy filtered resources.
[INFO] Copying 5 resources
[INFO] Copying 3 resources
[INFO] 
[INFO] --- maven-compiler-plugin:3.8.1:testCompile (default-testCompile) @ iotdb-server ---
[INFO] Changes detected - recompiling the module!
[INFO] Compiling 297 source files to /home/srafi/after-cam-ready/compare_/compile_repair_output/work/91a2a52dffbf/server/target/test-classes
[INFO] /home/srafi/after-cam-ready/compare_/compile_repair_output/work/91a2a52dffbf/server/src/test/java/org/apache/iotdb/db/engine/compaction/cross/MaxFileMergeFileSelectorTest.java: Some input files use unchecked or unsafe operations.
[INFO] /home/srafi/after-cam-ready/compare_/compile_repair_output/work/91a2a52dffbf/server/src/test/java/org/apache/iotdb/db/engine/compaction/cross/MaxFileMergeFileSelectorTest.java: Recompile with -Xlint:unchecked for details.
[INFO] 
[INFO] --- maven-surefire-plugin:3.0.0-M8-SNAPSHOT:test (default-test) @ iotdb-server ---
[INFO] Tests are skipped.
[INFO] 
[INFO] --- maven-surefire-plugin:3.0.0-M8-SNAPSHOT:test (unit-tests) @ iotdb-server ---
[INFO] Tests are skipped.
[INFO] 
[INFO] --- maven-jar-plugin:3.2.0:jar (default-jar) @ iotdb-server ---
[INFO] Building jar: /home/srafi/after-cam-ready/compare_/compile_repair_output/work/91a2a52dffbf/server/target/iotdb-server-0.13.0-SNAPSHOT.jar
[INFO] 
[INFO] --- maven-site-plugin:3.7.1:attach-descriptor (attach-descriptor) @ iotdb-server ---
[INFO] Skipping because packaging 'jar' is not pom.
[INFO] 
[INFO] >>> maven-source-plugin:3.2.0:jar (create-source-package) > generate-sources @ iotdb-server >>>
[INFO] 
[INFO] --- maven-checkstyle-plugin:3.0.0:check (validate) @ iotdb-server ---
[INFO] 
[INFO] --- spotless-maven-plugin:2.4.2:check (spotless-check) @ iotdb-server ---
[INFO] 
[INFO] <<< maven-source-plugin:3.2.0:jar (create-source-package) < generate-sources @ iotdb-server <<<
[INFO] 
[INFO] 
[INFO] --- maven-source-plugin:3.2.0:jar (create-source-package) @ iotdb-server ---
[INFO] Building jar: /home/srafi/after-cam-ready/compare_/compile_repair_output/work/91a2a52dffbf/server/target/iotdb-server-0.13.0-SNAPSHOT-sources.jar
[INFO] 
[INFO] --- maven-assembly-plugin:3.1.0:single (server-assembly) @ iotdb-server ---
[INFO] Reading assembly descriptor: src/assembly/server.xml
[INFO] artifact com.bugsnag:bugsnag: checking for updates from central
[INFO] artifact net.minidev:json-smart: checking for updates from central
[INFO] artifact net.minidev:json-smart: checking for updates from central
[INFO] Downloading from central: https://repo.maven.apache.org/maven2/org/apache/maven/scm/maven-scm-provider-gitexe/1.8.1/maven-scm-provider-gitexe-1.8.1.pom
[INFO] Downloaded from central: https://repo.maven.apache.org/maven2/org/apache/maven/scm/maven-scm-provider-gitexe/1.8.1/maven-scm-provider-gitexe-1.8.1.pom (2.6 kB at 80 kB/s)
[INFO] Downloading from central: https://repo.maven.apache.org/maven2/org/apache/maven/scm/maven-scm-providers-git/1.8.1/maven-scm-providers-git-1.8.1.pom
[INFO] Downloaded from central: https://repo.maven.apache.org/maven2/org/apache/maven/scm/maven-scm-providers-git/1.8.1/maven-scm-providers-git-1.8.1.pom (2.2 kB at 71 kB/s)
[INFO] Downloading from central: https://repo.maven.apache.org/maven2/org/apache/maven/scm/maven-scm-providers/1.8.1/maven-scm-providers-1.8.1.pom
[INFO] Downloaded from central: https://repo.maven.apache.org/maven2/org/apache/maven/scm/maven-scm-providers/1.8.1/maven-scm-providers-1.8.1.pom (3.7 kB at 93 kB/s)
[INFO] Downloading from central: https://repo.maven.apache.org/maven2/org/apache/maven/scm/maven-scm/1.8.1/maven-scm-1.8.1.pom
[INFO] Downloaded from central: https://repo.maven.apache.org/maven2/org/apache/maven/scm/maven-scm/1.8.1/maven-scm-1.8.1.pom (22 kB at 679 kB/s)
[INFO] Downloading from central: https://repo.maven.apache.org/maven2/org/apache/maven/scm/maven-scm-provider-git-commons/1.8.1/maven-scm-provider-git-commons-1.8.1.pom
[INFO] Downloaded from central: https://repo.maven.apache.org/maven2/org/apache/maven/scm/maven-scm-provider-git-commons/1.8.1/maven-scm-provider-git-commons-1.8.1.pom (2.3 kB at 69 kB/s)
[INFO] Downloading from central: https://repo.maven.apache.org/maven2/org/apache/maven/scm/maven-scm-api/1.8.1/maven-scm-api-1.8.1.pom
[INFO] Downloaded from central: https://repo.maven.apache.org/maven2/org/apache/maven/scm/maven-scm-api/1.8.1/maven-scm-api-1.8.1.pom (1.6 kB at 53 kB/s)
[INFO] Downloading from central: https://repo.maven.apache.org/maven2/org/apache/maven/scm/maven-scm-provider-gitexe/1.8.1/maven-scm-provider-gitexe-1.8.1.jar
[INFO] Downloading from central: https://repo.maven.apache.org/maven2/org/apache/maven/scm/maven-scm-provider-git-commons/1.8.1/maven-scm-provider-git-commons-1.8.1.jar
[INFO] Downloading from central: https://repo.maven.apache.org/maven2/org/apache/maven/scm/maven-scm-api/1.8.1/maven-scm-api-1.8.1.jar
[INFO] Downloaded from central: https://repo.maven.apache.org/maven2/org/apache/maven/scm/maven-scm-provider-gitexe/1.8.1/maven-scm-provider-gitexe-1.8.1.jar (64 kB at 2.3 MB/s)
[INFO] Downloaded from central: https://repo.maven.apache.org/maven2/org/apache/maven/scm/maven-scm-provider-git-commons/1.8.1/maven-scm-provider-git-commons-1.8.1.jar (38 kB at 1.1 MB/s)
[INFO] Downloaded from central: https://repo.maven.apache.org/maven2/org/apache/maven/scm/maven-scm-api/1.8.1/maven-scm-api-1.8.1.jar (105 kB at 2.9 MB/s)
[INFO] Downloading from central: https://repo.maven.apache.org/maven2/org/apache/maven/scm/maven-scm-manager-plexus/1.8.1/maven-scm-manager-plexus-1.8.1.pom
[INFO] Downloaded from central: https://repo.maven.apache.org/maven2/org/apache/maven/scm/maven-scm-manager-plexus/1.8.1/maven-scm-manager-plexus-1.8.1.pom (2.2 kB at 61 kB/s)
[INFO] Downloading from central: https://repo.maven.apache.org/maven2/org/apache/maven/scm/maven-scm-managers/1.8.1/maven-scm-managers-1.8.1.pom
[INFO] Downloaded from central: https://repo.maven.apache.org/maven2/org/apache/maven/scm/maven-scm-managers/1.8.1/maven-scm-managers-1.8.1.pom (1.5 kB at 35 kB/s)
[INFO] Downloading from central: https://repo.maven.apache.org/maven2/org/apache/maven/scm/maven-scm-manager-plexus/1.8.1/maven-scm-manager-plexus-1.8.1.jar
[INFO] Downloaded from central: https://repo.maven.apache.org/maven2/org/apache/maven/scm/maven-scm-manager-plexus/1.8.1/maven-scm-manager-plexus-1.8.1.jar (11 kB at 322 kB/s)
[INFO] Downloading from central: https://repo.maven.apache.org/maven2/org/apache/maven/wagon/wagon-webdav-jackrabbit/1.0-beta-7/wagon-webdav-jackrabbit-1.0-beta-7.pom
[INFO] Downloaded from central: https://repo.maven.apache.org/maven2/org/apache/maven/wagon/wagon-webdav-jackrabbit/1.0-beta-7/wagon-webdav-jackrabbit-1.0-beta-7.pom (3.9 kB at 131 kB/s)
[INFO] Downloading from central: https://repo.maven.apache.org/maven2/org/apache/maven/wagon/wagon-providers/1.0-beta-7/wagon-providers-1.0-beta-7.pom
[INFO] Downloaded from central: https://repo.maven.apache.org/maven2/org/apache/maven/wagon/wagon-providers/1.0-beta-7/wagon-providers-1.0-beta-7.pom (2.2 kB at 75 kB/s)
[INFO] Downloading from central: https://repo.maven.apache.org/maven2/org/apache/maven/wagon/wagon-http-shared/1.0-beta-7/wagon-http-shared-1.0-beta-7.pom
[INFO] Downloaded from central: https://repo.maven.apache.org/maven2/org/apache/maven/wagon/wagon-http-shared/1.0-beta-7/wagon-http-shared-1.0-beta-7.pom (2.9 kB at 92 kB/s)
[INFO] Downloading from central: https://repo.maven.apache.org/maven2/org/apache/maven/wagon/wagon-webdav-jackrabbit/1.0-beta-7/wagon-webdav-jackrabbit-1.0-beta-7.jar
[INFO] Downloading from central: https://repo.maven.apache.org/maven2/org/apache/maven/wagon/wagon-http-shared/1.0-beta-7/wagon-http-shared-1.0-beta-7.jar
[INFO] Downloading from central: https://repo.maven.apache.org/maven2/org/slf4j/slf4j-api/1.5.3/slf4j-api-1.5.3.jar
[INFO] Downloading from central: https://repo.maven.apache.org/maven2/org/slf4j/slf4j-nop/1.5.3/slf4j-nop-1.5.3.jar
[INFO] Downloaded from central: https://repo.maven.apache.org/maven2/org/apache/maven/wagon/wagon-webdav-jackrabbit/1.0-beta-7/wagon-webdav-jackrabbit-1.0-beta-7.jar (18 kB at 593 kB/s)
[INFO] Downloaded from central: https://repo.maven.apache.org/maven2/org/slf4j/slf4j-api/1.5.3/slf4j-api-1.5.3.jar (20 kB at 649 kB/s)
[INFO] Downloaded from central: https://repo.maven.apache.org/maven2/org/slf4j/slf4j-nop/1.5.3/slf4j-nop-1.5.3.jar (5.2 kB at 168 kB/s)
[INFO] Downloaded from central: https://repo.maven.apache.org/maven2/org/apache/maven/wagon/wagon-http-shared/1.0-beta-7/wagon-http-shared-1.0-beta-7.jar (26 kB at 797 kB/s)
[INFO] Downloading from central: https://repo.maven.apache.org/maven2/org/apache/felix/maven-bundle-plugin/1.0.0/maven-bundle-plugin-1.0.0.pom
[INFO] Downloaded from central: https://repo.maven.apache.org/maven2/org/apache/felix/maven-bundle-plugin/1.0.0/maven-bundle-plugin-1.0.0.pom (2.8 kB at 67 kB/s)
[INFO] Downloading from central: https://repo.maven.apache.org/maven2/biz/aQute/bndlib/0.0.160/bndlib-0.0.160.pom
[INFO] Downloaded from central: https://repo.maven.apache.org/maven2/biz/aQute/bndlib/0.0.160/bndlib-0.0.160.pom (886 B at 26 kB/s)
[INFO] Downloading from central: https://repo.maven.apache.org/maven2/org/apache/maven/shared/maven-dependency-tree/1.0/maven-dependency-tree-1.0.pom
[INFO] Downloaded from central: https://repo.maven.apache.org/maven2/org/apache/maven/shared/maven-dependency-tree/1.0/maven-dependency-tree-1.0.pom (3.0 kB at 74 kB/s)
[INFO] Downloading from central: https://repo.maven.apache.org/maven2/org/apache/maven/shared/maven-osgi/0.1.0/maven-osgi-0.1.0.pom
[INFO] Downloaded from central: https://repo.maven.apache.org/maven2/org/apache/maven/shared/maven-osgi/0.1.0/maven-osgi-0.1.0.pom (1.9 kB at 46 kB/s)
[INFO] Downloading from central: https://repo.maven.apache.org/maven2/biz/aQute/bndlib/0.0.145/bndlib-0.0.145.pom
[INFO] Downloaded from central: https://repo.maven.apache.org/maven2/biz/aQute/bndlib/0.0.145/bndlib-0.0.145.pom (886 B at 28 kB/s)
[INFO] Downloading from central: https://repo.maven.apache.org/maven2/org/apache/felix/maven-bundle-plugin/1.0.0/maven-bundle-plugin-1.0.0.jar
[INFO] Downloading from central: https://repo.maven.apache.org/maven2/biz/aQute/bndlib/0.0.160/bndlib-0.0.160.jar
[INFO] Downloading from central: https://repo.maven.apache.org/maven2/org/apache/maven/shared/maven-osgi/0.1.0/maven-osgi-0.1.0.jar
[INFO] Downloading from central: https://repo.maven.apache.org/maven2/org/apache/maven/shared/maven-dependency-tree/1.0/maven-dependency-tree-1.0.jar
[INFO] Downloaded from central: https://repo.maven.apache.org/maven2/org/apache/maven/shared/maven-osgi/0.1.0/maven-osgi-0.1.0.jar (12 kB at 332 kB/s)
[INFO] Downloaded from central: https://repo.maven.apache.org/maven2/org/apache/maven/shared/maven-dependency-tree/1.0/maven-dependency-tree-1.0.jar (19 kB at 524 kB/s)
[INFO] Downloaded from central: https://repo.maven.apache.org/maven2/biz/aQute/bndlib/0.0.160/bndlib-0.0.160.jar (115 kB at 3.0 MB/s)
[INFO] Downloaded from central: https://repo.maven.apache.org/maven2/org/apache/felix/maven-bundle-plugin/1.0.0/maven-bundle-plugin-1.0.0.jar (128 kB at 3.1 MB/s)
[INFO] Copying files to /home/srafi/after-cam-ready/compare_/compile_repair_output/work/91a2a52dffbf/server/target/iotdb-server-0.13.0-SNAPSHOT
[WARNING] Assembly file: /home/srafi/after-cam-ready/compare_/compile_repair_output/work/91a2a52dffbf/server/target/iotdb-server-0.13.0-SNAPSHOT is not a regular file (it may be a directory). It cannot be attached to the project build for installation or deployment.
[INFO] artifact com.bugsnag:bugsnag: checking for updates from central
[INFO] artifact net.minidev:json-smart: checking for updates from central
[INFO] artifact net.minidev:json-smart: checking for updates from central
[INFO] Building zip: /home/srafi/after-cam-ready/compare_/compile_repair_output/work/91a2a52dffbf/server/target/iotdb-server-0.13.0-SNAPSHOT.zip
[INFO] 
[INFO] --- maven-jar-plugin:3.2.0:test-jar (default) @ iotdb-server ---
[INFO] Building jar: /home/srafi/after-cam-ready/compare_/compile_repair_output/work/91a2a52dffbf/server/target/iotdb-server-0.13.0-SNAPSHOT-tests.jar
[INFO] 
[INFO] --- maven-surefire-plugin:3.0.0-M8-SNAPSHOT:test (integration-tests) @ iotdb-server ---
[INFO] Tests are skipped.
[INFO] 
[INFO] --- maven-failsafe-plugin:3.0.0-M8-SNAPSHOT:integration-test (run-integration-tests) @ iotdb-server ---
[INFO] Tests are skipped.
[INFO] 
[INFO] --- maven-failsafe-plugin:3.0.0-M8-SNAPSHOT:verify (run-integration-tests) @ iotdb-server ---
[INFO] Tests are skipped.
[INFO] 
[INFO] --- maven-dependency-plugin:3.1.1:analyze-only (check-dependencies) @ iotdb-server ---
[INFO] Skipping plugin execution
[INFO] 
[INFO] --- maven-install-plugin:2.5.2:install (default-install) @ iotdb-server ---
[INFO] Installing /home/srafi/after-cam-ready/compare_/compile_repair_output/work/91a2a52dffbf/server/target/iotdb-server-0.13.0-SNAPSHOT.jar to /home/srafi/.m2/repository/org/apache/iotdb/iotdb-server/0.13.0-SNAPSHOT/iotdb-server-0.13.0-SNAPSHOT.jar
[INFO] Installing /home/srafi/after-cam-ready/compare_/compile_repair_output/work/91a2a52dffbf/server/pom.xml to /home/srafi/.m2/repository/org/apache/iotdb/iotdb-server/0.13.0-SNAPSHOT/iotdb-server-0.13.0-SNAPSHOT.pom
[INFO] Installing /home/srafi/after-cam-ready/compare_/compile_repair_output/work/91a2a52dffbf/server/target/iotdb-server-0.13.0-SNAPSHOT-sources.jar to /home/srafi/.m2/repository/org/apache/iotdb/iotdb-server/0.13.0-SNAPSHOT/iotdb-server-0.13.0-SNAPSHOT-sources.jar
[INFO] Installing /home/srafi/after-cam-ready/compare_/compile_repair_output/work/91a2a52dffbf/server/target/iotdb-server-0.13.0-SNAPSHOT.zip to /home/srafi/.m2/repository/org/apache/iotdb/iotdb-server/0.13.0-SNAPSHOT/iotdb-server-0.13.0-SNAPSHOT.zip
[INFO] Installing /home/srafi/after-cam-ready/compare_/compile_repair_output/work/91a2a52dffbf/server/target/iotdb-server-0.13.0-SNAPSHOT-tests.jar to /home/srafi/.m2/repository/org/apache/iotdb/iotdb-server/0.13.0-SNAPSHOT/iotdb-server-0.13.0-SNAPSHOT-tests.jar
[INFO] 
[INFO] ------------------< org.apache.iotdb:zeppelin-iotdb >-------------------
[INFO] Building Zeppelin: Apache IoTDB interpreter 0.13.0-SNAPSHOT        [9/9]
[INFO] --------------------------------[ jar ]---------------------------------
[INFO] Downloading from central: https://repo.maven.apache.org/maven2/org/apache/zeppelin/zeppelin-interpreter/0.9.0-preview2/zeppelin-interpreter-0.9.0-preview2.pom
[INFO] Downloaded from central: https://repo.maven.apache.org/maven2/org/apache/zeppelin/zeppelin-interpreter/0.9.0-preview2/zeppelin-interpreter-0.9.0-preview2.pom (9.1 kB at 239 kB/s)
[INFO] Downloading from central: https://repo.maven.apache.org/maven2/org/apache/zeppelin/zeppelin/0.9.0-preview2/zeppelin-0.9.0-preview2.pom
[INFO] Downloaded from central: https://repo.maven.apache.org/maven2/org/apache/zeppelin/zeppelin/0.9.0-preview2/zeppelin-0.9.0-preview2.pom (65 kB at 1.9 MB/s)
[INFO] Downloading from central: https://repo.maven.apache.org/maven2/io/atomix/atomix/3.0.0-rc4/atomix-3.0.0-rc4.pom
[INFO] Downloaded from central: https://repo.maven.apache.org/maven2/io/atomix/atomix/3.0.0-rc4/atomix-3.0.0-rc4.pom (2.9 kB at 52 kB/s)
[INFO] Downloading from central: https://repo.maven.apache.org/maven2/io/atomix/atomix-parent/3.0.0-rc4/atomix-parent-3.0.0-rc4.pom
[INFO] Downloaded from central: https://repo.maven.apache.org/maven2/io/atomix/atomix-parent/3.0.0-rc4/atomix-parent-3.0.0-rc4.pom (14 kB at 284 kB/s)
[INFO] Downloading from central: https://repo.maven.apache.org/maven2/io/atomix/atomix-cluster/3.0.0-rc4/atomix-cluster-3.0.0-rc4.pom
[INFO] Downloaded from central: https://repo.maven.apache.org/maven2/io/atomix/atomix-cluster/3.0.0-rc4/atomix-cluster-3.0.0-rc4.pom (2.3 kB at 52 kB/s)
[INFO] Downloading from central: https://repo.maven.apache.org/maven2/io/atomix/atomix-utils/3.0.0-rc4/atomix-utils-3.0.0-rc4.pom
[INFO] Downloaded from central: https://repo.maven.apache.org/maven2/io/atomix/atomix-utils/3.0.0-rc4/atomix-utils-3.0.0-rc4.pom (2.7 kB at 73 kB/s)
[INFO] Downloading from central: https://repo.maven.apache.org/maven2/io/github/lukehutch/fast-classpath-scanner/2.21/fast-classpath-scanner-2.21.pom
[INFO] Downloaded from central: https://repo.maven.apache.org/maven2/io/github/lukehutch/fast-classpath-scanner/2.21/fast-classpath-scanner-2.21.pom (8.3 kB at 218 kB/s)
[INFO] Downloading from central: https://repo.maven.apache.org/maven2/io/netty/netty-transport/4.1.27.Final/netty-transport-4.1.27.Final.pom
[INFO] Downloaded from central: https://repo.maven.apache.org/maven2/io/netty/netty-transport/4.1.27.Final/netty-transport-4.1.27.Final.pom (1.8 kB at 47 kB/s)
[INFO] Downloading from central: https://repo.maven.apache.org/maven2/io/netty/netty-parent/4.1.27.Final/netty-parent-4.1.27.Final.pom
[INFO] Downloaded from central: https://repo.maven.apache.org/maven2/io/netty/netty-parent/4.1.27.Final/netty-parent-4.1.27.Final.pom (53 kB at 1.5 MB/s)
[INFO] Downloading from central: https://repo.maven.apache.org/maven2/io/netty/netty-resolver/4.1.27.Final/netty-resolver-4.1.27.Final.pom
[INFO] Downloaded from central: https://repo.maven.apache.org/maven2/io/netty/netty-resolver/4.1.27.Final/netty-resolver-4.1.27.Final.pom (1.6 kB at 57 kB/s)
[INFO] Downloading from central: https://repo.maven.apache.org/maven2/io/netty/netty-codec/4.1.27.Final/netty-codec-4.1.27.Final.pom
[INFO] Downloaded from central: https://repo.maven.apache.org/maven2/io/netty/netty-codec/4.1.27.Final/netty-codec-4.1.27.Final.pom (3.3 kB at 105 kB/s)
[INFO] Downloading from central: https://repo.maven.apache.org/maven2/io/netty/netty-handler/4.1.27.Final/netty-handler-4.1.27.Final.pom
[INFO] Downloaded from central: https://repo.maven.apache.org/maven2/io/netty/netty-handler/4.1.27.Final/netty-handler-4.1.27.Final.pom (3.0 kB at 96 kB/s)
[INFO] Downloading from central: https://repo.maven.apache.org/maven2/io/netty/netty-transport-native-epoll/4.1.27.Final/netty-transport-native-epoll-4.1.27.Final.pom
[INFO] Downloaded from central: https://repo.maven.apache.org/maven2/io/netty/netty-transport-native-epoll/4.1.27.Final/netty-transport-native-epoll-4.1.27.Final.pom (15 kB at 449 kB/s)
[INFO] Downloading from central: https://repo.maven.apache.org/maven2/io/netty/netty-transport-native-unix-common/4.1.27.Final/netty-transport-native-unix-common-4.1.27.Final.pom
[INFO] Downloaded from central: https://repo.maven.apache.org/maven2/io/netty/netty-transport-native-unix-common/4.1.27.Final/netty-transport-native-unix-common-4.1.27.Final.pom (15 kB at 495 kB/s)
[INFO] Downloading from central: https://repo.maven.apache.org/maven2/io/atomix/atomix-primitive/3.0.0-rc4/atomix-primitive-3.0.0-rc4.pom
[INFO] Downloaded from central: https://repo.maven.apache.org/maven2/io/atomix/atomix-primitive/3.0.0-rc4/atomix-primitive-3.0.0-rc4.pom (2.2 kB at 65 kB/s)
[INFO] Downloading from central: https://repo.maven.apache.org/maven2/io/atomix/atomix-storage/3.0.0-rc4/atomix-storage-3.0.0-rc4.pom
[INFO] Downloaded from central: https://repo.maven.apache.org/maven2/io/atomix/atomix-storage/3.0.0-rc4/atomix-storage-3.0.0-rc4.pom (1.8 kB at 52 kB/s)
[INFO] Downloading from central: https://repo.maven.apache.org/maven2/io/atomix/atomix-raft/3.0.0-rc4/atomix-raft-3.0.0-rc4.pom
[INFO] Downloaded from central: https://repo.maven.apache.org/maven2/io/atomix/atomix-raft/3.0.0-rc4/atomix-raft-3.0.0-rc4.pom (1.9 kB at 53 kB/s)
[INFO] Downloading from central: https://repo.maven.apache.org/maven2/io/atomix/atomix-protocols-parent/3.0.0-rc4/atomix-protocols-parent-3.0.0-rc4.pom
[INFO] Downloaded from central: https://repo.maven.apache.org/maven2/io/atomix/atomix-protocols-parent/3.0.0-rc4/atomix-protocols-parent-3.0.0-rc4.pom (1.3 kB at 34 kB/s)
[INFO] Downloading from central: https://repo.maven.apache.org/maven2/io/atomix/atomix-primary-backup/3.0.0-rc4/atomix-primary-backup-3.0.0-rc4.pom
[INFO] Downloaded from central: https://repo.maven.apache.org/maven2/io/atomix/atomix-primary-backup/3.0.0-rc4/atomix-primary-backup-3.0.0-rc4.pom (2.0 kB at 49 kB/s)
[INFO] Downloading from central: https://repo.maven.apache.org/maven2/org/danilopianini/gson-extras/0.2.1/gson-extras-0.2.1.pom
[INFO] Downloaded from central: https://repo.maven.apache.org/maven2/org/danilopianini/gson-extras/0.2.1/gson-extras-0.2.1.pom (1.7 kB at 43 kB/s)
[INFO] Downloading from central: https://repo.maven.apache.org/maven2/commons-configuration/commons-configuration/1.9/commons-configuration-1.9.pom
[INFO] Downloaded from central: https://repo.maven.apache.org/maven2/commons-configuration/commons-configuration/1.9/commons-configuration-1.9.pom (21 kB at 575 kB/s)
[INFO] Downloading from central: https://repo.maven.apache.org/maven2/org/apache/commons/commons-pool2/2.3/commons-pool2-2.3.pom
[INFO] Downloaded from central: https://repo.maven.apache.org/maven2/org/apache/commons/commons-pool2/2.3/commons-pool2-2.3.pom (11 kB at 299 kB/s)
[INFO] Downloading from central: https://repo.maven.apache.org/maven2/org/slf4j/slf4j-log4j12/1.7.32/slf4j-log4j12-1.7.32.pom
[INFO] Downloaded from central: https://repo.maven.apache.org/maven2/org/slf4j/slf4j-log4j12/1.7.32/slf4j-log4j12-1.7.32.pom (1.1 kB at 34 kB/s)
[INFO] Downloading from central: https://repo.maven.apache.org/maven2/org/sonatype/aether/aether-api/1.12/aether-api-1.12.pom
[INFO] Downloaded from central: https://repo.maven.apache.org/maven2/org/sonatype/aether/aether-api/1.12/aether-api-1.12.pom (1.4 kB at 40 kB/s)
[INFO] Downloading from central: https://repo.maven.apache.org/maven2/org/sonatype/aether/aether/1.12/aether-1.12.pom
[INFO] Downloaded from central: https://repo.maven.apache.org/maven2/org/sonatype/aether/aether/1.12/aether-1.12.pom (12 kB at 326 kB/s)
[INFO] Downloading from central: https://repo.maven.apache.org/maven2/org/sonatype/aether/aether-util/1.12/aether-util-1.12.pom
[INFO] Downloaded from central: https://repo.maven.apache.org/maven2/org/sonatype/aether/aether-util/1.12/aether-util-1.12.pom (1.7 kB at 48 kB/s)
[INFO] Downloading from central: https://repo.maven.apache.org/maven2/org/sonatype/aether/aether-impl/1.12/aether-impl-1.12.pom
[INFO] Downloaded from central: https://repo.maven.apache.org/maven2/org/sonatype/aether/aether-impl/1.12/aether-impl-1.12.pom (3.0 kB at 70 kB/s)
[INFO] Downloading from central: https://repo.maven.apache.org/maven2/org/sonatype/aether/aether-spi/1.12/aether-spi-1.12.pom
[INFO] Downloaded from central: https://repo.maven.apache.org/maven2/org/sonatype/aether/aether-spi/1.12/aether-spi-1.12.pom (1.4 kB at 44 kB/s)
[INFO] Downloading from central: https://repo.maven.apache.org/maven2/org/sonatype/aether/aether-connector-file/1.12/aether-connector-file-1.12.pom
[INFO] Downloaded from central: https://repo.maven.apache.org/maven2/org/sonatype/aether/aether-connector-file/1.12/aether-connector-file-1.12.pom (2.2 kB at 59 kB/s)
[INFO] Downloading from central: https://repo.maven.apache.org/maven2/org/sonatype/aether/aether-connector-wagon/1.12/aether-connector-wagon-1.12.pom
[INFO] Downloaded from central: https://repo.maven.apache.org/maven2/org/sonatype/aether/aether-connector-wagon/1.12/aether-connector-wagon-1.12.pom (3.2 kB at 72 kB/s)
[INFO] Downloading from central: https://repo.maven.apache.org/maven2/org/sonatype/sisu/sisu-inject-plexus/2.2.2/sisu-inject-plexus-2.2.2.pom
[INFO] Downloaded from central: https://repo.maven.apache.org/maven2/org/sonatype/sisu/sisu-inject-plexus/2.2.2/sisu-inject-plexus-2.2.2.pom (5.7 kB at 153 kB/s)
[INFO] Downloading from central: https://repo.maven.apache.org/maven2/org/sonatype/sisu/inject/guice-plexus/2.2.2/guice-plexus-2.2.2.pom
[INFO] Downloaded from central: https://repo.maven.apache.org/maven2/org/sonatype/sisu/inject/guice-plexus/2.2.2/guice-plexus-2.2.2.pom (3.8 kB at 106 kB/s)
[INFO] Downloading from central: https://repo.maven.apache.org/maven2/org/sonatype/sisu/inject/guice-bean/2.2.2/guice-bean-2.2.2.pom
[INFO] Downloaded from central: https://repo.maven.apache.org/maven2/org/sonatype/sisu/inject/guice-bean/2.2.2/guice-bean-2.2.2.pom (3.0 kB at 82 kB/s)
[INFO] Downloading from central: https://repo.maven.apache.org/maven2/org/sonatype/sisu/inject/containers/2.2.2/containers-2.2.2.pom
[INFO] Downloaded from central: https://repo.maven.apache.org/maven2/org/sonatype/sisu/inject/containers/2.2.2/containers-2.2.2.pom (1.2 kB at 35 kB/s)
[INFO] Downloading from central: https://repo.maven.apache.org/maven2/org/sonatype/sisu/sisu-inject/2.2.2/sisu-inject-2.2.2.pom
[INFO] Downloaded from central: https://repo.maven.apache.org/maven2/org/sonatype/sisu/sisu-inject/2.2.2/sisu-inject-2.2.2.pom (3.0 kB at 83 kB/s)
[INFO] Downloading from central: https://repo.maven.apache.org/maven2/org/sonatype/sisu/sisu-parent/2.2.2/sisu-parent-2.2.2.pom
[INFO] Downloaded from central: https://repo.maven.apache.org/maven2/org/sonatype/sisu/sisu-parent/2.2.2/sisu-parent-2.2.2.pom (9.6 kB at 311 kB/s)
[INFO] Downloading from central: https://repo.maven.apache.org/maven2/org/sonatype/sisu/sisu-inject-bean/2.2.2/sisu-inject-bean-2.2.2.pom
[INFO] Downloaded from central: https://repo.maven.apache.org/maven2/org/sonatype/sisu/sisu-inject-bean/2.2.2/sisu-inject-bean-2.2.2.pom (6.4 kB at 172 kB/s)
[INFO] Downloading from central: https://repo.maven.apache.org/maven2/org/sonatype/sisu/sisu-guice/3.0.2/sisu-guice-3.0.2.pom
[INFO] Downloaded from central: https://repo.maven.apache.org/maven2/org/sonatype/sisu/sisu-guice/3.0.2/sisu-guice-3.0.2.pom (7.8 kB at 237 kB/s)
[INFO] Downloading from central: https://repo.maven.apache.org/maven2/org/sonatype/sisu/inject/guice-parent/3.0.2/guice-parent-3.0.2.pom
[INFO] Downloaded from central: https://repo.maven.apache.org/maven2/org/sonatype/sisu/inject/guice-parent/3.0.2/guice-parent-3.0.2.pom (14 kB at 438 kB/s)
[INFO] Downloading from central: https://repo.maven.apache.org/maven2/org/apache/maven/wagon/wagon-provider-api/2.7/wagon-provider-api-2.7.pom
[INFO] Downloaded from central: https://repo.maven.apache.org/maven2/org/apache/maven/wagon/wagon-provider-api/2.7/wagon-provider-api-2.7.pom (1.7 kB at 51 kB/s)
[INFO] Downloading from central: https://repo.maven.apache.org/maven2/org/apache/maven/wagon/wagon/2.7/wagon-2.7.pom
[INFO] Downloaded from central: https://repo.maven.apache.org/maven2/org/apache/maven/wagon/wagon/2.7/wagon-2.7.pom (19 kB at 524 kB/s)
[INFO] Downloading from central: https://repo.maven.apache.org/maven2/org/apache/maven/wagon/wagon-http-lightweight/2.7/wagon-http-lightweight-2.7.pom
[INFO] Downloaded from central: https://repo.maven.apache.org/maven2/org/apache/maven/wagon/wagon-http-lightweight/2.7/wagon-http-lightweight-2.7.pom (1.9 kB at 57 kB/s)
[INFO] Downloading from central: https://repo.maven.apache.org/maven2/org/apache/maven/wagon/wagon-providers/2.7/wagon-providers-2.7.pom
[INFO] Downloaded from central: https://repo.maven.apache.org/maven2/org/apache/maven/wagon/wagon-providers/2.7/wagon-providers-2.7.pom (2.7 kB at 74 kB/s)
[INFO] Downloading from central: https://repo.maven.apache.org/maven2/org/apache/maven/wagon/wagon-http/2.7/wagon-http-2.7.pom
[INFO] Downloaded from central: https://repo.maven.apache.org/maven2/org/apache/maven/wagon/wagon-http/2.7/wagon-http-2.7.pom (5.7 kB at 137 kB/s)
[INFO] Downloading from central: https://repo.maven.apache.org/maven2/org/apache/maven/wagon/wagon-http-shared/2.7/wagon-http-shared-2.7.pom
[INFO] Downloaded from central: https://repo.maven.apache.org/maven2/org/apache/maven/wagon/wagon-http-shared/2.7/wagon-http-shared-2.7.pom (1.9 kB at 51 kB/s)
[INFO] Downloading from central: https://repo.maven.apache.org/maven2/org/slf4j/slf4j-jcl/1.7.32/slf4j-jcl-1.7.32.pom
[INFO] Downloaded from central: https://repo.maven.apache.org/maven2/org/slf4j/slf4j-jcl/1.7.32/slf4j-jcl-1.7.32.pom (945 B at 19 kB/s)
[INFO] Downloading from central: https://repo.maven.apache.org/maven2/org/apache/zeppelin/zeppelin-interpreter/0.9.0-preview2/zeppelin-interpreter-0.9.0-preview2.jar
[INFO] Downloading from central: https://repo.maven.apache.org/maven2/io/atomix/atomix/3.0.0-rc4/atomix-3.0.0-rc4.jar
[INFO] Downloading from central: https://repo.maven.apache.org/maven2/io/atomix/atomix-cluster/3.0.0-rc4/atomix-cluster-3.0.0-rc4.jar
[INFO] Downloading from central: https://repo.maven.apache.org/maven2/io/netty/netty-resolver/4.1.27.Final/netty-resolver-4.1.27.Final.jar
[INFO] Downloading from central: https://repo.maven.apache.org/maven2/io/netty/netty-transport/4.1.27.Final/netty-transport-4.1.27.Final.jar
[INFO] Downloaded from central: https://repo.maven.apache.org/maven2/io/netty/netty-resolver/4.1.27.Final/netty-resolver-4.1.27.Final.jar (32 kB at 787 kB/s)
[INFO] Downloading from central: https://repo.maven.apache.org/maven2/io/netty/netty-codec/4.1.27.Final/netty-codec-4.1.27.Final.jar
[INFO] Downloaded from central: https://repo.maven.apache.org/maven2/io/netty/netty-transport/4.1.27.Final/netty-transport-4.1.27.Final.jar (459 kB at 11 MB/s)
[INFO] Downloading from central: https://repo.maven.apache.org/maven2/io/netty/netty-handler/4.1.27.Final/netty-handler-4.1.27.Final.jar
[INFO] Downloaded from central: https://repo.maven.apache.org/maven2/io/atomix/atomix/3.0.0-rc4/atomix-3.0.0-rc4.jar (1.0 MB at 19 MB/s)
[INFO] Downloading from central: https://repo.maven.apache.org/maven2/io/netty/netty-transport-native-epoll/4.1.27.Final/netty-transport-native-epoll-4.1.27.Final-linux-x86_64.jar
[INFO] Downloaded from central: https://repo.maven.apache.org/maven2/io/atomix/atomix-cluster/3.0.0-rc4/atomix-cluster-3.0.0-rc4.jar (164 kB at 2.6 MB/s)
[INFO] Downloading from central: https://repo.maven.apache.org/maven2/io/netty/netty-transport-native-unix-common/4.1.27.Final/netty-transport-native-unix-common-4.1.27.Final.jar
[INFO] Downloaded from central: https://repo.maven.apache.org/maven2/org/apache/zeppelin/zeppelin-interpreter/0.9.0-preview2/zeppelin-interpreter-0.9.0-preview2.jar (1.7 MB at 25 MB/s)
[INFO] Downloading from central: https://repo.maven.apache.org/maven2/io/atomix/atomix-primitive/3.0.0-rc4/atomix-primitive-3.0.0-rc4.jar
[INFO] Downloaded from central: https://repo.maven.apache.org/maven2/io/netty/netty-codec/4.1.27.Final/netty-codec-4.1.27.Final.jar (316 kB at 4.2 MB/s)
[INFO] Downloading from central: https://repo.maven.apache.org/maven2/io/atomix/atomix-storage/3.0.0-rc4/atomix-storage-3.0.0-rc4.jar
[INFO] Downloaded from central: https://repo.maven.apache.org/maven2/io/netty/netty-handler/4.1.27.Final/netty-handler-4.1.27.Final.jar (388 kB at 4.9 MB/s)
[INFO] Downloading from central: https://repo.maven.apache.org/maven2/io/atomix/atomix-utils/3.0.0-rc4/atomix-utils-3.0.0-rc4.jar
[INFO] Downloaded from central: https://repo.maven.apache.org/maven2/io/netty/netty-transport-native-epoll/4.1.27.Final/netty-transport-native-epoll-4.1.27.Final-linux-x86_64.jar (141 kB at 1.6 MB/s)
[INFO] Downloading from central: https://repo.maven.apache.org/maven2/io/github/lukehutch/fast-classpath-scanner/2.21/fast-classpath-scanner-2.21.jar
[INFO] Downloaded from central: https://repo.maven.apache.org/maven2/io/netty/netty-transport-native-unix-common/4.1.27.Final/netty-transport-native-unix-common-4.1.27.Final.jar (31 kB at 305 kB/s)
[INFO] Downloading from central: https://repo.maven.apache.org/maven2/io/atomix/atomix-raft/3.0.0-rc4/atomix-raft-3.0.0-rc4.jar
[INFO] Downloaded from central: https://repo.maven.apache.org/maven2/io/atomix/atomix-primitive/3.0.0-rc4/atomix-primitive-3.0.0-rc4.jar (219 kB at 2.1 MB/s)
[INFO] Downloading from central: https://repo.maven.apache.org/maven2/io/atomix/atomix-primary-backup/3.0.0-rc4/atomix-primary-backup-3.0.0-rc4.jar
[INFO] Downloaded from central: https://repo.maven.apache.org/maven2/io/atomix/atomix-storage/3.0.0-rc4/atomix-storage-3.0.0-rc4.jar (110 kB at 1.0 MB/s)
[INFO] Downloading from central: https://repo.maven.apache.org/maven2/org/danilopianini/gson-extras/0.2.1/gson-extras-0.2.1.jar
[INFO] Downloaded from central: https://repo.maven.apache.org/maven2/io/atomix/atomix-utils/3.0.0-rc4/atomix-utils-3.0.0-rc4.jar (149 kB at 1.2 MB/s)
[INFO] Downloading from central: https://repo.maven.apache.org/maven2/commons-configuration/commons-configuration/1.9/commons-configuration-1.9.jar
[INFO] Downloaded from central: https://repo.maven.apache.org/maven2/io/github/lukehutch/fast-classpath-scanner/2.21/fast-classpath-scanner-2.21.jar (289 kB at 2.2 MB/s)
[INFO] Downloading from central: https://repo.maven.apache.org/maven2/org/apache/commons/commons-pool2/2.3/commons-pool2-2.3.jar
[INFO] Downloaded from central: https://repo.maven.apache.org/maven2/io/atomix/atomix-primary-backup/3.0.0-rc4/atomix-primary-backup-3.0.0-rc4.jar (112 kB at 812 kB/s)
[INFO] Downloading from central: https://repo.maven.apache.org/maven2/org/slf4j/slf4j-log4j12/1.7.32/slf4j-log4j12-1.7.32.jar
[INFO] Downloaded from central: https://repo.maven.apache.org/maven2/org/danilopianini/gson-extras/0.2.1/gson-extras-0.2.1.jar (27 kB at 186 kB/s)
[INFO] Downloading from central: https://repo.maven.apache.org/maven2/org/sonatype/aether/aether-api/1.12/aether-api-1.12.jar
[INFO] Downloaded from central: https://repo.maven.apache.org/maven2/io/atomix/atomix-raft/3.0.0-rc4/atomix-raft-3.0.0-rc4.jar (411 kB at 2.7 MB/s)
[INFO] Downloading from central: https://repo.maven.apache.org/maven2/org/sonatype/aether/aether-util/1.12/aether-util-1.12.jar
[INFO] Downloaded from central: https://repo.maven.apache.org/maven2/commons-configuration/commons-configuration/1.9/commons-configuration-1.9.jar (358 kB at 2.2 MB/s)
[INFO] Downloading from central: https://repo.maven.apache.org/maven2/org/sonatype/aether/aether-impl/1.12/aether-impl-1.12.jar
[INFO] Downloaded from central: https://repo.maven.apache.org/maven2/org/slf4j/slf4j-log4j12/1.7.32/slf4j-log4j12-1.7.32.jar (12 kB at 73 kB/s)
[INFO] Downloading from central: https://repo.maven.apache.org/maven2/org/sonatype/aether/aether-spi/1.12/aether-spi-1.12.jar
[INFO] Downloaded from central: https://repo.maven.apache.org/maven2/org/apache/commons/commons-pool2/2.3/commons-pool2-2.3.jar (110 kB at 633 kB/s)
[INFO] Downloading from central: https://repo.maven.apache.org/maven2/org/sonatype/aether/aether-connector-file/1.12/aether-connector-file-1.12.jar
[INFO] Downloaded from central: https://repo.maven.apache.org/maven2/org/sonatype/aether/aether-api/1.12/aether-api-1.12.jar (90 kB at 492 kB/s)
[INFO] Downloading from central: https://repo.maven.apache.org/maven2/org/sonatype/aether/aether-connector-wagon/1.12/aether-connector-wagon-1.12.jar
[INFO] Downloaded from central: https://repo.maven.apache.org/maven2/org/sonatype/aether/aether-util/1.12/aether-util-1.12.jar (127 kB at 656 kB/s)
[INFO] Downloading from central: https://repo.maven.apache.org/maven2/org/codehaus/plexus/plexus-utils/2.0.7/plexus-utils-2.0.7.jar
[INFO] Downloaded from central: https://repo.maven.apache.org/maven2/org/sonatype/aether/aether-impl/1.12/aether-impl-1.12.jar (129 kB at 653 kB/s)
[INFO] Downloading from central: https://repo.maven.apache.org/maven2/org/sonatype/sisu/sisu-inject-plexus/2.2.2/sisu-inject-plexus-2.2.2.jar
[INFO] Downloaded from central: https://repo.maven.apache.org/maven2/org/sonatype/aether/aether-connector-file/1.12/aether-connector-file-1.12.jar (24 kB at 117 kB/s)
[INFO] Downloading from central: https://repo.maven.apache.org/maven2/org/sonatype/sisu/sisu-inject-bean/2.2.2/sisu-inject-bean-2.2.2.jar
[INFO] Downloaded from central: https://repo.maven.apache.org/maven2/org/sonatype/aether/aether-spi/1.12/aether-spi-1.12.jar (15 kB at 72 kB/s)
[INFO] Downloading from central: https://repo.maven.apache.org/maven2/org/sonatype/sisu/sisu-guice/3.0.2/sisu-guice-3.0.2-no_aop.jar
[INFO] Downloaded from central: https://repo.maven.apache.org/maven2/org/sonatype/aether/aether-connector-wagon/1.12/aether-connector-wagon-1.12.jar (30 kB at 135 kB/s)
[INFO] Downloading from central: https://repo.maven.apache.org/maven2/org/apache/maven/wagon/wagon-provider-api/2.7/wagon-provider-api-2.7.jar
[INFO] Downloaded from central: https://repo.maven.apache.org/maven2/org/codehaus/plexus/plexus-utils/2.0.7/plexus-utils-2.0.7.jar (224 kB at 922 kB/s)
[INFO] Downloading from central: https://repo.maven.apache.org/maven2/org/apache/maven/wagon/wagon-http-lightweight/2.7/wagon-http-lightweight-2.7.jar
[INFO] Downloaded from central: https://repo.maven.apache.org/maven2/org/sonatype/sisu/sisu-inject-plexus/2.2.2/sisu-inject-plexus-2.2.2.jar (204 kB at 831 kB/s)
[INFO] Downloading from central: https://repo.maven.apache.org/maven2/org/apache/maven/wagon/wagon-http/2.7/wagon-http-2.7.jar
[INFO] Downloaded from central: https://repo.maven.apache.org/maven2/org/apache/maven/wagon/wagon-provider-api/2.7/wagon-provider-api-2.7.jar (53 kB at 206 kB/s)
[INFO] Downloading from central: https://repo.maven.apache.org/maven2/org/apache/maven/wagon/wagon-http-shared/2.7/wagon-http-shared-2.7.jar
[INFO] Downloaded from central: https://repo.maven.apache.org/maven2/org/sonatype/sisu/sisu-inject-bean/2.2.2/sisu-inject-bean-2.2.2.jar (247 kB at 959 kB/s)
[INFO] Downloading from central: https://repo.maven.apache.org/maven2/org/slf4j/slf4j-jcl/1.7.32/slf4j-jcl-1.7.32.jar
[INFO] Downloaded from central: https://repo.maven.apache.org/maven2/org/sonatype/sisu/sisu-guice/3.0.2/sisu-guice-3.0.2-no_aop.jar (489 kB at 1.8 MB/s)
[INFO] Downloaded from central: https://repo.maven.apache.org/maven2/org/apache/maven/wagon/wagon-http-lightweight/2.7/wagon-http-lightweight-2.7.jar (16 kB at 59 kB/s)
[INFO] Downloaded from central: https://repo.maven.apache.org/maven2/org/apache/maven/wagon/wagon-http/2.7/wagon-http-2.7.jar (33 kB at 116 kB/s)
[INFO] Downloaded from central: https://repo.maven.apache.org/maven2/org/apache/maven/wagon/wagon-http-shared/2.7/wagon-http-shared-2.7.jar (12 kB at 40 kB/s)
[INFO] Downloaded from central: https://repo.maven.apache.org/maven2/org/slf4j/slf4j-jcl/1.7.32/slf4j-jcl-1.7.32.jar (7.0 kB at 21 kB/s)
[INFO] 
[INFO] --- maven-clean-plugin:3.1.0:clean (default-clean) @ zeppelin-iotdb ---
[INFO] 
[INFO] --- maven-checkstyle-plugin:3.0.0:check (validate) @ zeppelin-iotdb ---
[INFO] 
[INFO] --- spotless-maven-plugin:2.4.2:check (spotless-check) @ zeppelin-iotdb ---
[INFO] 
[INFO] --- maven-remote-resources-plugin:1.7.0:process (process-resource-bundles) @ zeppelin-iotdb ---
[INFO] Preparing remote bundle org.apache:apache-jar-resource-bundle:1.4
[INFO] Copying 3 resources from 1 bundle.
[INFO] artifact com.bugsnag:bugsnag: checking for updates from central
[INFO] artifact net.minidev:json-smart: checking for updates from central
[INFO] artifact net.minidev:json-smart: checking for updates from central
[INFO] 
[INFO] --- maven-resources-plugin:3.1.0:resources (default-resources) @ zeppelin-iotdb ---
[INFO] Using 'UTF-8' encoding to copy filtered resources.
[INFO] Copying 1 resource
[INFO] Copying 3 resources
[INFO] 
[INFO] --- maven-compiler-plugin:3.8.1:compile (default-compile) @ zeppelin-iotdb ---
[INFO] Changes detected - recompiling the module!
[INFO] Compiling 1 source file to /home/srafi/after-cam-ready/compare_/compile_repair_output/work/91a2a52dffbf/zeppelin-interpreter/target/classes
[INFO] 
[INFO] --- xml-format-maven-plugin:3.0.7:xml-format (xml-format) @ zeppelin-iotdb ---
[INFO] 
[INFO] --- maven-resources-plugin:3.1.0:testResources (default-testResources) @ zeppelin-iotdb ---
[INFO] Using 'UTF-8' encoding to copy filtered resources.
[INFO] skip non existing resourceDirectory /home/srafi/after-cam-ready/compare_/compile_repair_output/work/91a2a52dffbf/zeppelin-interpreter/src/test/resources
[INFO] Copying 3 resources
[INFO] 
[INFO] --- maven-compiler-plugin:3.8.1:testCompile (default-testCompile) @ zeppelin-iotdb ---
[INFO] Changes detected - recompiling the module!
[INFO] Compiling 1 source file to /home/srafi/after-cam-ready/compare_/compile_repair_output/work/91a2a52dffbf/zeppelin-interpreter/target/test-classes
[INFO] 
[INFO] --- maven-surefire-plugin:3.0.0-M8-SNAPSHOT:test (default-test) @ zeppelin-iotdb ---
[INFO] Tests are skipped.
[INFO] 
[INFO] --- maven-surefire-plugin:3.0.0-M8-SNAPSHOT:test (unit-tests) @ zeppelin-iotdb ---
[INFO] Tests are skipped.
[INFO] 
[INFO] --- maven-jar-plugin:3.2.0:jar (default-jar) @ zeppelin-iotdb ---
[INFO] Building jar: /home/srafi/after-cam-ready/compare_/compile_repair_output/work/91a2a52dffbf/zeppelin-interpreter/target/zeppelin-iotdb-0.13.0-SNAPSHOT.jar
[INFO] 
[INFO] --- maven-site-plugin:3.7.1:attach-descriptor (attach-descriptor) @ zeppelin-iotdb ---
[INFO] Skipping because packaging 'jar' is not pom.
[INFO] 
[INFO] >>> maven-source-plugin:3.2.0:jar (create-source-package) > generate-sources @ zeppelin-iotdb >>>
[INFO] 
[INFO] --- maven-checkstyle-plugin:3.0.0:check (validate) @ zeppelin-iotdb ---
[INFO] 
[INFO] --- spotless-maven-plugin:2.4.2:check (spotless-check) @ zeppelin-iotdb ---
[INFO] 
[INFO] <<< maven-source-plugin:3.2.0:jar (create-source-package) < generate-sources @ zeppelin-iotdb <<<
[INFO] 
[INFO] 
[INFO] --- maven-source-plugin:3.2.0:jar (create-source-package) @ zeppelin-iotdb ---
[INFO] Building jar: /home/srafi/after-cam-ready/compare_/compile_repair_output/work/91a2a52dffbf/zeppelin-interpreter/target/zeppelin-iotdb-0.13.0-SNAPSHOT-sources.jar
[INFO] 
[INFO] --- maven-surefire-plugin:3.0.0-M8-SNAPSHOT:test (integration-tests) @ zeppelin-iotdb ---
[INFO] Tests are skipped.
[INFO] 
[INFO] --- maven-dependency-plugin:3.1.1:analyze-only (check-dependencies) @ zeppelin-iotdb ---
[INFO] Skipping plugin execution
[INFO] 
[INFO] --- maven-install-plugin:2.5.2:install (default-install) @ zeppelin-iotdb ---
[INFO] Installing /home/srafi/after-cam-ready/compare_/compile_repair_output/work/91a2a52dffbf/zeppelin-interpreter/target/zeppelin-iotdb-0.13.0-SNAPSHOT.jar to /home/srafi/.m2/repository/org/apache/iotdb/zeppelin-iotdb/0.13.0-SNAPSHOT/zeppelin-iotdb-0.13.0-SNAPSHOT.jar
[INFO] Installing /home/srafi/after-cam-ready/compare_/compile_repair_output/work/91a2a52dffbf/zeppelin-interpreter/pom.xml to /home/srafi/.m2/repository/org/apache/iotdb/zeppelin-iotdb/0.13.0-SNAPSHOT/zeppelin-iotdb-0.13.0-SNAPSHOT.pom
[INFO] Installing /home/srafi/after-cam-ready/compare_/compile_repair_output/work/91a2a52dffbf/zeppelin-interpreter/target/zeppelin-iotdb-0.13.0-SNAPSHOT-sources.jar to /home/srafi/.m2/repository/org/apache/iotdb/zeppelin-iotdb/0.13.0-SNAPSHOT/zeppelin-iotdb-0.13.0-SNAPSHOT-sources.jar
[INFO] ------------------------------------------------------------------------
[INFO] Reactor Summary for Apache IoTDB Project Parent POM 0.13.0-SNAPSHOT:
[INFO] 
[INFO] Apache IoTDB Project Parent POM .................... SUCCESS [  5.359 s]
[INFO] TsFile ............................................. SUCCESS [  7.553 s]
[INFO] sql-antlr .......................................... SUCCESS [  1.228 s]
[INFO] rpc-thrift ......................................... SUCCESS [  3.347 s]
[INFO] rpc-thrift-sync .................................... SUCCESS [  0.518 s]
[INFO] Service-rpc ........................................ SUCCESS [  0.387 s]
[INFO] IoTDB Jdbc ......................................... SUCCESS [  1.065 s]
[INFO] IoTDB Server ....................................... SUCCESS [ 23.072 s]
[INFO] Zeppelin: Apache IoTDB interpreter ................. SUCCESS [  2.781 s]
[INFO] ------------------------------------------------------------------------
[INFO] BUILD SUCCESS
[INFO] ------------------------------------------------------------------------
[INFO] Total time:  46.039 s
[INFO] Finished at: 2026-08-15T15:22:47-04:00
[INFO] ------------------------------------------------------------------------
