JAVA_HOME=/usr/lib/jvm/java-11-openjdk-amd64
COMMAND=mvn -B clean install -DskipTests -U -pl pinot-core -am -Ddependency-check.skip=true -Dgpg.skip=true -DfailIfNoTests=false -Dskip.installnodenpm=true -Dskip.npm=true -Dskip.yarn=true -Dlicense.skip=true -Dcheckstyle.skip=true -Drat.skip=true -Denforcer.skip=true -Danimal.sniffer.skip=true -Dmaven.javadoc.skip=true -Dfindbugs.skip=true -Dspotbugs.skip=true -Dwarbucks.skip=true -Dmodernizer.skip=true -Dimpsort.skip=true -Dmdep.analyze.skip=true -Dpgpverify.skip=true -Dxml.skip=true -Dcobertura.skip=true

[INFO] Scanning for projects...
Warning: KebabPizza disabling incompatible org.jacoco:jacoco-maven-plugin from pinot
Warning: KebabPizza disabling incompatible com.mycila:license-maven-plugin from pinot
Warning: KebabPizza disabling incompatible org.apache.rat:apache-rat-plugin from pinot
Warning: KebabPizza disabling incompatible org.apache.maven.plugins:maven-enforcer-plugin from pinot
Warning: KebabPizza disabling incompatible org.jacoco:jacoco-maven-plugin from pinot-spi
Warning: KebabPizza disabling incompatible com.mycila:license-maven-plugin from pinot-spi
Warning: KebabPizza disabling incompatible org.apache.rat:apache-rat-plugin from pinot-spi
Warning: KebabPizza disabling incompatible org.apache.maven.plugins:maven-enforcer-plugin from pinot-spi
Warning: KebabPizza disabling incompatible org.jacoco:jacoco-maven-plugin from pinot-segment-spi
Warning: KebabPizza disabling incompatible com.mycila:license-maven-plugin from pinot-segment-spi
Warning: KebabPizza disabling incompatible org.apache.rat:apache-rat-plugin from pinot-segment-spi
Warning: KebabPizza disabling incompatible org.apache.maven.plugins:maven-enforcer-plugin from pinot-segment-spi
Warning: KebabPizza disabling incompatible org.jacoco:jacoco-maven-plugin from pinot-plugins
Warning: KebabPizza disabling incompatible com.mycila:license-maven-plugin from pinot-plugins
Warning: KebabPizza disabling incompatible org.apache.rat:apache-rat-plugin from pinot-plugins
Warning: KebabPizza disabling incompatible org.apache.maven.plugins:maven-enforcer-plugin from pinot-plugins
Warning: KebabPizza disabling incompatible org.jacoco:jacoco-maven-plugin from pinot-metrics
Warning: KebabPizza disabling incompatible com.mycila:license-maven-plugin from pinot-metrics
Warning: KebabPizza disabling incompatible org.apache.rat:apache-rat-plugin from pinot-metrics
Warning: KebabPizza disabling incompatible org.apache.maven.plugins:maven-enforcer-plugin from pinot-metrics
Warning: KebabPizza disabling incompatible org.jacoco:jacoco-maven-plugin from pinot-yammer
Warning: KebabPizza disabling incompatible com.mycila:license-maven-plugin from pinot-yammer
Warning: KebabPizza disabling incompatible org.apache.rat:apache-rat-plugin from pinot-yammer
Warning: KebabPizza disabling incompatible org.apache.maven.plugins:maven-enforcer-plugin from pinot-yammer
Warning: KebabPizza disabling incompatible org.jacoco:jacoco-maven-plugin from pinot-fmpp-maven-plugin
Warning: KebabPizza disabling incompatible com.mycila:license-maven-plugin from pinot-fmpp-maven-plugin
Warning: KebabPizza disabling incompatible org.apache.rat:apache-rat-plugin from pinot-fmpp-maven-plugin
Warning: KebabPizza disabling incompatible org.apache.maven.plugins:maven-enforcer-plugin from pinot-fmpp-maven-plugin
Warning: KebabPizza disabling incompatible org.jacoco:jacoco-maven-plugin from pinot-common
Warning: KebabPizza disabling incompatible com.mycila:license-maven-plugin from pinot-common
Warning: KebabPizza disabling incompatible org.apache.rat:apache-rat-plugin from pinot-common
Warning: KebabPizza disabling incompatible org.apache.maven.plugins:maven-enforcer-plugin from pinot-common
Warning: KebabPizza disabling incompatible org.jacoco:jacoco-maven-plugin from pinot-input-format
Warning: KebabPizza disabling incompatible com.mycila:license-maven-plugin from pinot-input-format
Warning: KebabPizza disabling incompatible org.apache.rat:apache-rat-plugin from pinot-input-format
Warning: KebabPizza disabling incompatible org.apache.maven.plugins:maven-enforcer-plugin from pinot-input-format
Warning: KebabPizza disabling incompatible org.jacoco:jacoco-maven-plugin from pinot-avro-base
Warning: KebabPizza disabling incompatible com.mycila:license-maven-plugin from pinot-avro-base
Warning: KebabPizza disabling incompatible org.apache.rat:apache-rat-plugin from pinot-avro-base
Warning: KebabPizza disabling incompatible org.apache.maven.plugins:maven-enforcer-plugin from pinot-avro-base
Warning: KebabPizza disabling incompatible org.jacoco:jacoco-maven-plugin from pinot-avro
Warning: KebabPizza disabling incompatible com.mycila:license-maven-plugin from pinot-avro
Warning: KebabPizza disabling incompatible org.apache.rat:apache-rat-plugin from pinot-avro
Warning: KebabPizza disabling incompatible org.apache.maven.plugins:maven-enforcer-plugin from pinot-avro
Warning: KebabPizza disabling incompatible org.jacoco:jacoco-maven-plugin from pinot-csv
Warning: KebabPizza disabling incompatible com.mycila:license-maven-plugin from pinot-csv
Warning: KebabPizza disabling incompatible org.apache.rat:apache-rat-plugin from pinot-csv
Warning: KebabPizza disabling incompatible org.apache.maven.plugins:maven-enforcer-plugin from pinot-csv
Warning: KebabPizza disabling incompatible org.jacoco:jacoco-maven-plugin from pinot-json
Warning: KebabPizza disabling incompatible com.mycila:license-maven-plugin from pinot-json
Warning: KebabPizza disabling incompatible org.apache.rat:apache-rat-plugin from pinot-json
Warning: KebabPizza disabling incompatible org.apache.maven.plugins:maven-enforcer-plugin from pinot-json
Warning: KebabPizza disabling incompatible org.jacoco:jacoco-maven-plugin from pinot-segment-local
Warning: KebabPizza disabling incompatible com.mycila:license-maven-plugin from pinot-segment-local
Warning: KebabPizza disabling incompatible org.apache.rat:apache-rat-plugin from pinot-segment-local
Warning: KebabPizza disabling incompatible org.apache.maven.plugins:maven-enforcer-plugin from pinot-segment-local
Warning: KebabPizza disabling incompatible org.jacoco:jacoco-maven-plugin from pinot-core
Warning: KebabPizza disabling incompatible com.mycila:license-maven-plugin from pinot-core
Warning: KebabPizza disabling incompatible org.apache.rat:apache-rat-plugin from pinot-core
Warning: KebabPizza disabling incompatible org.apache.maven.plugins:maven-enforcer-plugin from pinot-core
[INFO] ------------------------------------------------------------------------
[INFO] Detecting the operating system and CPU architecture
[INFO] ------------------------------------------------------------------------
[INFO] os.detected.name: linux
[INFO] os.detected.arch: x86_64
[INFO] os.detected.version: 6.8
[INFO] os.detected.version.major: 6
[INFO] os.detected.version.minor: 8
[INFO] os.detected.release: ubuntu
[INFO] os.detected.release.version: 22.04
[INFO] os.detected.release.like.ubuntu: true
[INFO] os.detected.release.like.debian: true
[INFO] os.detected.classifier: linux-x86_64
[INFO] ------------------------------------------------------------------------
[INFO] Reactor Build Order:
[INFO] 
[INFO] Pinot                                                              [pom]
[INFO] Pinot Service Provider Interface                                   [jar]
[INFO] Pinot Segment Service Provider Interface                           [jar]
[INFO] Pinot Plugins                                                      [pom]
[INFO] Pinot Metrics                                                      [pom]
[INFO] Pinot Yammer Metrics                                               [jar]
[INFO] Pinot FMPP plugin                                         [maven-plugin]
[INFO] Pinot Common                                                       [jar]
[INFO] Pinot Input Format                                                 [pom]
[INFO] Pinot Avro Base                                                    [jar]
[INFO] Pinot Avro                                                         [jar]
[INFO] Pinot Csv                                                          [jar]
[INFO] Pinot JSON                                                         [jar]
[INFO] Pinot local segment implementations                                [jar]
[INFO] Pinot Core                                                         [jar]
[INFO] 
[INFO] -----------------------< org.apache.pinot:pinot >-----------------------
[INFO] Building Pinot 0.12.0-SNAPSHOT                                    [1/15]
[INFO] --------------------------------[ pom ]---------------------------------
[INFO] 
[INFO] --- maven-clean-plugin:3.1.0:clean (default-clean) @ pinot ---
[INFO] 
[INFO] --- maven-checkstyle-plugin:3.1.2:check (checkstyle) @ pinot ---
[INFO] 
[INFO] --- buildnumber-maven-plugin:1.3:create (default) @ pinot ---
[INFO] Executing: /bin/sh -c cd /home/srafi/after-cam-ready/compare_/compile_repair_output/work/4b0a56842621 && git rev-parse --verify HEAD
[INFO] Working directory: /home/srafi/after-cam-ready/compare_/compile_repair_output/work/4b0a56842621
[INFO] Storing buildNumber: ecf41be2ecd007853c2db19e1c6a038cf356cb9e at timestamp: 1786823820793
[WARNING] Cannot get the branch information from the git repository: 
Detecting the current branch failed: fatal: ref HEAD is not a symbolic ref

[INFO] Executing: /bin/sh -c cd /home/srafi/after-cam-ready/compare_/compile_repair_output/work/4b0a56842621 && git rev-parse --verify HEAD
[INFO] Working directory: /home/srafi/after-cam-ready/compare_/compile_repair_output/work/4b0a56842621
[INFO] Storing buildScmBranch: UNKNOWN
[INFO] 
[INFO] --- maven-remote-resources-plugin:1.6.0:process (process-resource-bundles) @ pinot ---
[INFO] Preparing remote bundle org.apache:apache-jar-resource-bundle:1.4
[INFO] Copying 3 resources from 1 bundle.
[INFO] 
[INFO] --- maven-remote-resources-plugin:1.6.0:process (default) @ pinot ---
[INFO] Preparing remote bundle org.apache:apache-jar-resource-bundle:1.4
[INFO] Copying 3 resources from 1 bundle.
[INFO] 
[INFO] --- maven-site-plugin:3.7.1:attach-descriptor (attach-descriptor) @ pinot ---
[INFO] No site descriptor found: nothing to attach.
[INFO] 
[INFO] --- maven-surefire-plugin:3.0.0-M8-SNAPSHOT:test (integration-tests) @ pinot ---
[INFO] Downloading from apache.snapshots: https://repository.apache.org/snapshots/org/apache/maven/surefire/maven-surefire-common/3.0.0-M8-SNAPSHOT/maven-metadata.xml
[INFO] Downloading from apache.snapshots: https://repository.apache.org/snapshots/org/apache/maven/surefire/surefire-api/3.0.0-M8-SNAPSHOT/maven-metadata.xml
[INFO] Downloading from apache.snapshots: https://repository.apache.org/snapshots/org/apache/maven/surefire/surefire-logger-api/3.0.0-M8-SNAPSHOT/maven-metadata.xml
[INFO] Downloading from apache.snapshots: https://repository.apache.org/snapshots/org/apache/maven/surefire/surefire-shared-utils/3.0.0-M8-SNAPSHOT/maven-metadata.xml
[INFO] Downloading from apache.snapshots: https://repository.apache.org/snapshots/org/apache/maven/surefire/surefire-extensions-api/3.0.0-M8-SNAPSHOT/maven-metadata.xml
[INFO] Downloading from apache.snapshots: https://repository.apache.org/snapshots/org/apache/maven/surefire/surefire-booter/3.0.0-M8-SNAPSHOT/maven-metadata.xml
[INFO] Downloading from apache.snapshots: https://repository.apache.org/snapshots/org/apache/maven/surefire/surefire-extensions-spi/3.0.0-M8-SNAPSHOT/maven-metadata.xml
[INFO] Tests are skipped.
[INFO] 
[INFO] --- spotless-maven-plugin:2.28.0:check (default) @ pinot ---
[INFO] 
[INFO] --- maven-install-plugin:2.5.2:install (default-install) @ pinot ---
[INFO] Installing /home/srafi/after-cam-ready/compare_/compile_repair_output/work/4b0a56842621/pom.xml to /home/srafi/.m2/repository/org/apache/pinot/pinot/0.12.0-SNAPSHOT/pinot-0.12.0-SNAPSHOT.pom
[INFO] 
[INFO] ---------------------< org.apache.pinot:pinot-spi >---------------------
[INFO] Building Pinot Service Provider Interface 0.12.0-SNAPSHOT         [2/15]
[INFO] --------------------------------[ jar ]---------------------------------
[INFO] 
[INFO] --- maven-clean-plugin:3.1.0:clean (default-clean) @ pinot-spi ---
[INFO] 
[INFO] --- maven-checkstyle-plugin:3.1.2:check (checkstyle) @ pinot-spi ---
[INFO] 
[INFO] --- buildnumber-maven-plugin:1.3:create (default) @ pinot-spi ---
[INFO] Executing: /bin/sh -c cd /home/srafi/after-cam-ready/compare_/compile_repair_output/work/4b0a56842621/pinot-spi && git rev-parse --verify HEAD
[INFO] Working directory: /home/srafi/after-cam-ready/compare_/compile_repair_output/work/4b0a56842621/pinot-spi
[INFO] Storing buildNumber: ecf41be2ecd007853c2db19e1c6a038cf356cb9e at timestamp: 1786823824292
[WARNING] Cannot get the branch information from the git repository: 
Detecting the current branch failed: fatal: ref HEAD is not a symbolic ref

[INFO] Executing: /bin/sh -c cd /home/srafi/after-cam-ready/compare_/compile_repair_output/work/4b0a56842621/pinot-spi && git rev-parse --verify HEAD
[INFO] Working directory: /home/srafi/after-cam-ready/compare_/compile_repair_output/work/4b0a56842621/pinot-spi
[INFO] Storing buildScmBranch: UNKNOWN
[INFO] 
[INFO] --- maven-remote-resources-plugin:1.6.0:process (process-resource-bundles) @ pinot-spi ---
[INFO] Preparing remote bundle org.apache:apache-jar-resource-bundle:1.4
[INFO] Copying 3 resources from 1 bundle.
[INFO] 
[INFO] --- maven-remote-resources-plugin:1.6.0:process (default) @ pinot-spi ---
[INFO] Preparing remote bundle org.apache:apache-jar-resource-bundle:1.4
[INFO] Copying 3 resources from 1 bundle.
[INFO] 
[INFO] --- maven-resources-plugin:2.6:resources (default-resources) @ pinot-spi ---
[INFO] Using 'UTF-8' encoding to copy filtered resources.
[INFO] skip non existing resourceDirectory /home/srafi/after-cam-ready/compare_/compile_repair_output/work/4b0a56842621/pinot-spi/src/main/resources
[INFO] Copying 3 resources
[INFO] Copying 3 resources
[INFO] 
[INFO] --- maven-compiler-plugin:3.8.0:compile (default-compile) @ pinot-spi ---
[INFO] Changes detected - recompiling the module!
[INFO] Compiling 241 source files to /home/srafi/after-cam-ready/compare_/compile_repair_output/work/4b0a56842621/pinot-spi/target/classes
[INFO] 
[INFO] --- maven-resources-plugin:2.6:testResources (default-testResources) @ pinot-spi ---
[INFO] Using 'UTF-8' encoding to copy filtered resources.
[INFO] Copying 11 resources
[INFO] Copying 3 resources
[INFO] Copying 3 resources
[INFO] 
[INFO] --- maven-compiler-plugin:3.8.0:testCompile (default-testCompile) @ pinot-spi ---
[INFO] Changes detected - recompiling the module!
[INFO] Compiling 38 source files to /home/srafi/after-cam-ready/compare_/compile_repair_output/work/4b0a56842621/pinot-spi/target/test-classes
[INFO] 
[INFO] --- maven-surefire-plugin:3.0.0-M8-SNAPSHOT:test (default-test) @ pinot-spi ---
[INFO] Tests are skipped.
[INFO] 
[INFO] --- maven-jar-plugin:3.2.0:jar (default-jar) @ pinot-spi ---
[INFO] Building jar: /home/srafi/after-cam-ready/compare_/compile_repair_output/work/4b0a56842621/pinot-spi/target/pinot-spi-0.12.0-SNAPSHOT.jar
[INFO] 
[INFO] --- maven-site-plugin:3.7.1:attach-descriptor (attach-descriptor) @ pinot-spi ---
[INFO] Skipping because packaging 'jar' is not pom.
[INFO] 
[INFO] --- maven-jar-plugin:3.2.0:test-jar (default) @ pinot-spi ---
[INFO] Building jar: /home/srafi/after-cam-ready/compare_/compile_repair_output/work/4b0a56842621/pinot-spi/target/pinot-spi-0.12.0-SNAPSHOT-tests.jar
[INFO] 
[INFO] --- maven-surefire-plugin:3.0.0-M8-SNAPSHOT:test (integration-tests) @ pinot-spi ---
[INFO] Tests are skipped.
[INFO] 
[INFO] --- spotless-maven-plugin:2.28.0:check (default) @ pinot-spi ---
[INFO] 
[INFO] --- maven-install-plugin:2.5.2:install (default-install) @ pinot-spi ---
[INFO] Installing /home/srafi/after-cam-ready/compare_/compile_repair_output/work/4b0a56842621/pinot-spi/target/pinot-spi-0.12.0-SNAPSHOT.jar to /home/srafi/.m2/repository/org/apache/pinot/pinot-spi/0.12.0-SNAPSHOT/pinot-spi-0.12.0-SNAPSHOT.jar
[INFO] Installing /home/srafi/after-cam-ready/compare_/compile_repair_output/work/4b0a56842621/pinot-spi/pom.xml to /home/srafi/.m2/repository/org/apache/pinot/pinot-spi/0.12.0-SNAPSHOT/pinot-spi-0.12.0-SNAPSHOT.pom
[INFO] Installing /home/srafi/after-cam-ready/compare_/compile_repair_output/work/4b0a56842621/pinot-spi/target/pinot-spi-0.12.0-SNAPSHOT-tests.jar to /home/srafi/.m2/repository/org/apache/pinot/pinot-spi/0.12.0-SNAPSHOT/pinot-spi-0.12.0-SNAPSHOT-tests.jar
[INFO] 
[INFO] -----------------< org.apache.pinot:pinot-segment-spi >-----------------
[INFO] Building Pinot Segment Service Provider Interface 0.12.0-SNAPSHOT [3/15]
[INFO] --------------------------------[ jar ]---------------------------------
[INFO] 
[INFO] --- maven-clean-plugin:3.1.0:clean (default-clean) @ pinot-segment-spi ---
[INFO] 
[INFO] --- maven-checkstyle-plugin:3.1.2:check (checkstyle) @ pinot-segment-spi ---
[INFO] 
[INFO] --- buildnumber-maven-plugin:1.3:create (default) @ pinot-segment-spi ---
[INFO] Executing: /bin/sh -c cd /home/srafi/after-cam-ready/compare_/compile_repair_output/work/4b0a56842621/pinot-segment-spi && git rev-parse --verify HEAD
[INFO] Working directory: /home/srafi/after-cam-ready/compare_/compile_repair_output/work/4b0a56842621/pinot-segment-spi
[INFO] Storing buildNumber: ecf41be2ecd007853c2db19e1c6a038cf356cb9e at timestamp: 1786823828942
[WARNING] Cannot get the branch information from the git repository: 
Detecting the current branch failed: fatal: ref HEAD is not a symbolic ref

[INFO] Executing: /bin/sh -c cd /home/srafi/after-cam-ready/compare_/compile_repair_output/work/4b0a56842621/pinot-segment-spi && git rev-parse --verify HEAD
[INFO] Working directory: /home/srafi/after-cam-ready/compare_/compile_repair_output/work/4b0a56842621/pinot-segment-spi
[INFO] Storing buildScmBranch: UNKNOWN
[INFO] 
[INFO] --- maven-remote-resources-plugin:1.6.0:process (process-resource-bundles) @ pinot-segment-spi ---
[INFO] Preparing remote bundle org.apache:apache-jar-resource-bundle:1.4
[INFO] Copying 3 resources from 1 bundle.
[INFO] 
[INFO] --- maven-remote-resources-plugin:1.6.0:process (default) @ pinot-segment-spi ---
[INFO] Preparing remote bundle org.apache:apache-jar-resource-bundle:1.4
[INFO] Copying 3 resources from 1 bundle.
[INFO] 
[INFO] --- maven-resources-plugin:2.6:resources (default-resources) @ pinot-segment-spi ---
[INFO] Using 'UTF-8' encoding to copy filtered resources.
[INFO] skip non existing resourceDirectory /home/srafi/after-cam-ready/compare_/compile_repair_output/work/4b0a56842621/pinot-segment-spi/src/main/resources
[INFO] Copying 3 resources
[INFO] Copying 3 resources
[INFO] 
[INFO] --- maven-compiler-plugin:3.8.0:compile (default-compile) @ pinot-segment-spi ---
[INFO] Changes detected - recompiling the module!
[INFO] Compiling 125 source files to /home/srafi/after-cam-ready/compare_/compile_repair_output/work/4b0a56842621/pinot-segment-spi/target/classes
[INFO] 
[INFO] --- maven-resources-plugin:2.6:testResources (default-testResources) @ pinot-segment-spi ---
[INFO] Using 'UTF-8' encoding to copy filtered resources.
[INFO] skip non existing resourceDirectory /home/srafi/after-cam-ready/compare_/compile_repair_output/work/4b0a56842621/pinot-segment-spi/src/test/resources
[INFO] Copying 3 resources
[INFO] Copying 3 resources
[INFO] 
[INFO] --- maven-compiler-plugin:3.8.0:testCompile (default-testCompile) @ pinot-segment-spi ---
[INFO] Changes detected - recompiling the module!
[INFO] Compiling 10 source files to /home/srafi/after-cam-ready/compare_/compile_repair_output/work/4b0a56842621/pinot-segment-spi/target/test-classes
[INFO] 
[INFO] --- maven-surefire-plugin:3.0.0-M8-SNAPSHOT:test (default-test) @ pinot-segment-spi ---
[INFO] Tests are skipped.
[INFO] 
[INFO] --- maven-jar-plugin:3.2.0:jar (default-jar) @ pinot-segment-spi ---
[INFO] Building jar: /home/srafi/after-cam-ready/compare_/compile_repair_output/work/4b0a56842621/pinot-segment-spi/target/pinot-segment-spi-0.12.0-SNAPSHOT.jar
[INFO] 
[INFO] --- maven-jar-plugin:3.2.0:test-jar (default) @ pinot-segment-spi ---
[INFO] Building jar: /home/srafi/after-cam-ready/compare_/compile_repair_output/work/4b0a56842621/pinot-segment-spi/target/pinot-segment-spi-0.12.0-SNAPSHOT-tests.jar
[INFO] 
[INFO] --- maven-site-plugin:3.7.1:attach-descriptor (attach-descriptor) @ pinot-segment-spi ---
[INFO] Skipping because packaging 'jar' is not pom.
[INFO] 
[INFO] --- maven-surefire-plugin:3.0.0-M8-SNAPSHOT:test (integration-tests) @ pinot-segment-spi ---
[INFO] Tests are skipped.
[INFO] 
[INFO] --- spotless-maven-plugin:2.28.0:check (default) @ pinot-segment-spi ---
[INFO] 
[INFO] --- maven-install-plugin:2.5.2:install (default-install) @ pinot-segment-spi ---
[INFO] Installing /home/srafi/after-cam-ready/compare_/compile_repair_output/work/4b0a56842621/pinot-segment-spi/target/pinot-segment-spi-0.12.0-SNAPSHOT.jar to /home/srafi/.m2/repository/org/apache/pinot/pinot-segment-spi/0.12.0-SNAPSHOT/pinot-segment-spi-0.12.0-SNAPSHOT.jar
[INFO] Installing /home/srafi/after-cam-ready/compare_/compile_repair_output/work/4b0a56842621/pinot-segment-spi/pom.xml to /home/srafi/.m2/repository/org/apache/pinot/pinot-segment-spi/0.12.0-SNAPSHOT/pinot-segment-spi-0.12.0-SNAPSHOT.pom
[INFO] Installing /home/srafi/after-cam-ready/compare_/compile_repair_output/work/4b0a56842621/pinot-segment-spi/target/pinot-segment-spi-0.12.0-SNAPSHOT-tests.jar to /home/srafi/.m2/repository/org/apache/pinot/pinot-segment-spi/0.12.0-SNAPSHOT/pinot-segment-spi-0.12.0-SNAPSHOT-tests.jar
[INFO] 
[INFO] -------------------< org.apache.pinot:pinot-plugins >-------------------
[INFO] Building Pinot Plugins 0.12.0-SNAPSHOT                            [4/15]
[INFO] --------------------------------[ pom ]---------------------------------
[INFO] 
[INFO] --- maven-clean-plugin:3.1.0:clean (default-clean) @ pinot-plugins ---
[INFO] 
[INFO] --- maven-checkstyle-plugin:3.1.2:check (checkstyle) @ pinot-plugins ---
[INFO] 
[INFO] --- buildnumber-maven-plugin:1.3:create (default) @ pinot-plugins ---
[INFO] Executing: /bin/sh -c cd /home/srafi/after-cam-ready/compare_/compile_repair_output/work/4b0a56842621/pinot-plugins && git rev-parse --verify HEAD
[INFO] Working directory: /home/srafi/after-cam-ready/compare_/compile_repair_output/work/4b0a56842621/pinot-plugins
[INFO] Storing buildNumber: ecf41be2ecd007853c2db19e1c6a038cf356cb9e at timestamp: 1786823831788
[WARNING] Cannot get the branch information from the git repository: 
Detecting the current branch failed: fatal: ref HEAD is not a symbolic ref

[INFO] Executing: /bin/sh -c cd /home/srafi/after-cam-ready/compare_/compile_repair_output/work/4b0a56842621/pinot-plugins && git rev-parse --verify HEAD
[INFO] Working directory: /home/srafi/after-cam-ready/compare_/compile_repair_output/work/4b0a56842621/pinot-plugins
[INFO] Storing buildScmBranch: UNKNOWN
[INFO] 
[INFO] --- maven-remote-resources-plugin:1.6.0:process (process-resource-bundles) @ pinot-plugins ---
[INFO] Preparing remote bundle org.apache:apache-jar-resource-bundle:1.4
[INFO] Copying 3 resources from 1 bundle.
[INFO] 
[INFO] --- maven-remote-resources-plugin:1.6.0:process (default) @ pinot-plugins ---
[INFO] Preparing remote bundle org.apache:apache-jar-resource-bundle:1.4
[INFO] Copying 3 resources from 1 bundle.
[INFO] 
[INFO] --- maven-site-plugin:3.7.1:attach-descriptor (attach-descriptor) @ pinot-plugins ---
[INFO] No site descriptor found: nothing to attach.
[INFO] 
[INFO] --- maven-surefire-plugin:3.0.0-M8-SNAPSHOT:test (integration-tests) @ pinot-plugins ---
[INFO] Tests are skipped.
[INFO] 
[INFO] --- spotless-maven-plugin:2.28.0:check (default) @ pinot-plugins ---
[INFO] 
[INFO] --- maven-install-plugin:2.5.2:install (default-install) @ pinot-plugins ---
[INFO] Installing /home/srafi/after-cam-ready/compare_/compile_repair_output/work/4b0a56842621/pinot-plugins/pom.xml to /home/srafi/.m2/repository/org/apache/pinot/pinot-plugins/0.12.0-SNAPSHOT/pinot-plugins-0.12.0-SNAPSHOT.pom
[INFO] 
[INFO] -------------------< org.apache.pinot:pinot-metrics >-------------------
[INFO] Building Pinot Metrics 0.12.0-SNAPSHOT                            [5/15]
[INFO] --------------------------------[ pom ]---------------------------------
[INFO] 
[INFO] --- maven-clean-plugin:3.1.0:clean (default-clean) @ pinot-metrics ---
[INFO] 
[INFO] --- maven-checkstyle-plugin:3.1.2:check (checkstyle) @ pinot-metrics ---
[INFO] 
[INFO] --- buildnumber-maven-plugin:1.3:create (default) @ pinot-metrics ---
[INFO] Executing: /bin/sh -c cd /home/srafi/after-cam-ready/compare_/compile_repair_output/work/4b0a56842621/pinot-plugins/pinot-metrics && git rev-parse --verify HEAD
[INFO] Working directory: /home/srafi/after-cam-ready/compare_/compile_repair_output/work/4b0a56842621/pinot-plugins/pinot-metrics
[INFO] Storing buildNumber: ecf41be2ecd007853c2db19e1c6a038cf356cb9e at timestamp: 1786823831885
[WARNING] Cannot get the branch information from the git repository: 
Detecting the current branch failed: fatal: ref HEAD is not a symbolic ref

[INFO] Executing: /bin/sh -c cd /home/srafi/after-cam-ready/compare_/compile_repair_output/work/4b0a56842621/pinot-plugins/pinot-metrics && git rev-parse --verify HEAD
[INFO] Working directory: /home/srafi/after-cam-ready/compare_/compile_repair_output/work/4b0a56842621/pinot-plugins/pinot-metrics
[INFO] Storing buildScmBranch: UNKNOWN
[INFO] 
[INFO] --- maven-remote-resources-plugin:1.6.0:process (process-resource-bundles) @ pinot-metrics ---
[INFO] Preparing remote bundle org.apache:apache-jar-resource-bundle:1.4
[INFO] Copying 3 resources from 1 bundle.
[INFO] 
[INFO] --- maven-remote-resources-plugin:1.6.0:process (default) @ pinot-metrics ---
[INFO] Preparing remote bundle org.apache:apache-jar-resource-bundle:1.4
[INFO] Copying 3 resources from 1 bundle.
[INFO] 
[INFO] --- maven-site-plugin:3.7.1:attach-descriptor (attach-descriptor) @ pinot-metrics ---
[INFO] No site descriptor found: nothing to attach.
[INFO] 
[INFO] --- maven-surefire-plugin:3.0.0-M8-SNAPSHOT:test (integration-tests) @ pinot-metrics ---
[INFO] Tests are skipped.
[INFO] 
[INFO] --- spotless-maven-plugin:2.28.0:check (default) @ pinot-metrics ---
[INFO] 
[INFO] --- maven-install-plugin:2.5.2:install (default-install) @ pinot-metrics ---
[INFO] Installing /home/srafi/after-cam-ready/compare_/compile_repair_output/work/4b0a56842621/pinot-plugins/pinot-metrics/pom.xml to /home/srafi/.m2/repository/org/apache/pinot/pinot-metrics/0.12.0-SNAPSHOT/pinot-metrics-0.12.0-SNAPSHOT.pom
[INFO] 
[INFO] -------------------< org.apache.pinot:pinot-yammer >--------------------
[INFO] Building Pinot Yammer Metrics 0.12.0-SNAPSHOT                     [6/15]
[INFO] --------------------------------[ jar ]---------------------------------
[INFO] 
[INFO] --- maven-clean-plugin:3.1.0:clean (default-clean) @ pinot-yammer ---
[INFO] 
[INFO] --- maven-checkstyle-plugin:3.1.2:check (checkstyle) @ pinot-yammer ---
[INFO] 
[INFO] --- buildnumber-maven-plugin:1.3:create (default) @ pinot-yammer ---
[INFO] Executing: /bin/sh -c cd /home/srafi/after-cam-ready/compare_/compile_repair_output/work/4b0a56842621/pinot-plugins/pinot-metrics/pinot-yammer && git rev-parse --verify HEAD
[INFO] Working directory: /home/srafi/after-cam-ready/compare_/compile_repair_output/work/4b0a56842621/pinot-plugins/pinot-metrics/pinot-yammer
[INFO] Storing buildNumber: ecf41be2ecd007853c2db19e1c6a038cf356cb9e at timestamp: 1786823831923
[WARNING] Cannot get the branch information from the git repository: 
Detecting the current branch failed: fatal: ref HEAD is not a symbolic ref

[INFO] Executing: /bin/sh -c cd /home/srafi/after-cam-ready/compare_/compile_repair_output/work/4b0a56842621/pinot-plugins/pinot-metrics/pinot-yammer && git rev-parse --verify HEAD
[INFO] Working directory: /home/srafi/after-cam-ready/compare_/compile_repair_output/work/4b0a56842621/pinot-plugins/pinot-metrics/pinot-yammer
[INFO] Storing buildScmBranch: UNKNOWN
[INFO] 
[INFO] --- maven-remote-resources-plugin:1.6.0:process (process-resource-bundles) @ pinot-yammer ---
[INFO] Preparing remote bundle org.apache:apache-jar-resource-bundle:1.4
[INFO] Copying 3 resources from 1 bundle.
[INFO] 
[INFO] --- maven-remote-resources-plugin:1.6.0:process (default) @ pinot-yammer ---
[INFO] Preparing remote bundle org.apache:apache-jar-resource-bundle:1.4
[INFO] Copying 3 resources from 1 bundle.
[INFO] 
[INFO] --- maven-resources-plugin:2.6:resources (default-resources) @ pinot-yammer ---
[INFO] Using 'UTF-8' encoding to copy filtered resources.
[INFO] skip non existing resourceDirectory /home/srafi/after-cam-ready/compare_/compile_repair_output/work/4b0a56842621/pinot-plugins/pinot-metrics/pinot-yammer/src/main/resources
[INFO] Copying 3 resources
[INFO] Copying 3 resources
[INFO] 
[INFO] --- maven-compiler-plugin:3.8.0:compile (default-compile) @ pinot-yammer ---
[INFO] Changes detected - recompiling the module!
[INFO] Compiling 11 source files to /home/srafi/after-cam-ready/compare_/compile_repair_output/work/4b0a56842621/pinot-plugins/pinot-metrics/pinot-yammer/target/classes
[INFO] 
[INFO] --- maven-resources-plugin:2.6:testResources (default-testResources) @ pinot-yammer ---
[INFO] Using 'UTF-8' encoding to copy filtered resources.
[INFO] skip non existing resourceDirectory /home/srafi/after-cam-ready/compare_/compile_repair_output/work/4b0a56842621/pinot-plugins/pinot-metrics/pinot-yammer/src/test/resources
[INFO] Copying 3 resources
[INFO] Copying 3 resources
[INFO] 
[INFO] --- maven-compiler-plugin:3.8.0:testCompile (default-testCompile) @ pinot-yammer ---
[INFO] No sources to compile
[INFO] 
[INFO] --- maven-surefire-plugin:3.0.0-M8-SNAPSHOT:test (default-test) @ pinot-yammer ---
[INFO] Tests are skipped.
[INFO] 
[INFO] --- maven-jar-plugin:3.2.0:jar (default-jar) @ pinot-yammer ---
[INFO] Building jar: /home/srafi/after-cam-ready/compare_/compile_repair_output/work/4b0a56842621/pinot-plugins/pinot-metrics/pinot-yammer/target/pinot-yammer-0.12.0-SNAPSHOT.jar
[INFO] 
[INFO] --- maven-shade-plugin:3.2.1:shade (default) @ pinot-yammer ---
[INFO] Including org.apache.pinot:pinot-spi:jar:0.12.0-SNAPSHOT in the shaded jar.
[INFO] Including commons-configuration:commons-configuration:jar:1.10 in the shaded jar.
[INFO] Including commons-codec:commons-codec:jar:1.15 in the shaded jar.
[INFO] Including commons-io:commons-io:jar:2.11.0 in the shaded jar.
[INFO] Including commons-lang:commons-lang:jar:2.6 in the shaded jar.
[INFO] Including commons-logging:commons-logging:jar:1.2 in the shaded jar.
[INFO] Including org.apache.commons:commons-lang3:jar:3.11 in the shaded jar.
[INFO] Including commons-collections:commons-collections:jar:3.2.2 in the shaded jar.
[INFO] Including com.google.guava:guava:jar:20.0 in the shaded jar.
[INFO] Including com.google.code.findbugs:jsr305:jar:3.0.0 in the shaded jar.
[INFO] Including org.apache.logging.log4j:log4j-slf4j-impl:jar:2.17.1 in the shaded jar.
[INFO] Including org.apache.logging.log4j:log4j-api:jar:2.17.1 in the shaded jar.
[INFO] Including org.apache.logging.log4j:log4j-core:jar:2.17.1 in the shaded jar.
[INFO] Including com.lmax:disruptor:jar:3.3.4 in the shaded jar.
[INFO] Including org.apache.logging.log4j:log4j-1.2-api:jar:2.17.1 in the shaded jar.
[INFO] Including joda-time:joda-time:jar:2.10.5 in the shaded jar.
[INFO] Including com.fasterxml.jackson.core:jackson-annotations:jar:2.12.7 in the shaded jar.
[INFO] Including org.yaml:snakeyaml:jar:1.33 in the shaded jar.
[INFO] Including com.fasterxml.jackson.core:jackson-databind:jar:2.12.7 in the shaded jar.
[INFO] Including com.fasterxml.jackson.core:jackson-core:jar:2.12.7 in the shaded jar.
[INFO] Including org.apache.avro:avro:jar:1.9.2 in the shaded jar.
[INFO] Including org.apache.commons:commons-compress:jar:1.21 in the shaded jar.
[INFO] Including org.codehaus.groovy:groovy-all:jar:2.4.21 in the shaded jar.
[INFO] Including org.reflections:reflections:jar:0.9.11 in the shaded jar.
[INFO] Including org.javassist:javassist:jar:3.19.0-GA in the shaded jar.
[INFO] Including com.yammer.metrics:metrics-core:jar:2.2.0 in the shaded jar.
[INFO] Including org.slf4j:slf4j-api:jar:1.7.25 in the shaded jar.
[WARNING] Discovered module-info.class. Shading will break its strong encapsulation.
[WARNING] Discovered module-info.class. Shading will break its strong encapsulation.
[WARNING] Discovered module-info.class. Shading will break its strong encapsulation.
[INFO] Attaching shaded artifact.
[INFO] 
[INFO] --- maven-jar-plugin:3.2.0:test-jar (default) @ pinot-yammer ---
[INFO] Building jar: /home/srafi/after-cam-ready/compare_/compile_repair_output/work/4b0a56842621/pinot-plugins/pinot-metrics/pinot-yammer/target/pinot-yammer-0.12.0-SNAPSHOT-tests.jar
[INFO] 
[INFO] --- maven-site-plugin:3.7.1:attach-descriptor (attach-descriptor) @ pinot-yammer ---
[INFO] Skipping because packaging 'jar' is not pom.
[INFO] 
[INFO] --- maven-surefire-plugin:3.0.0-M8-SNAPSHOT:test (integration-tests) @ pinot-yammer ---
[INFO] Tests are skipped.
[INFO] 
[INFO] --- spotless-maven-plugin:2.28.0:check (default) @ pinot-yammer ---
[INFO] 
[INFO] --- maven-install-plugin:2.5.2:install (default-install) @ pinot-yammer ---
[INFO] Installing /home/srafi/after-cam-ready/compare_/compile_repair_output/work/4b0a56842621/pinot-plugins/pinot-metrics/pinot-yammer/target/pinot-yammer-0.12.0-SNAPSHOT.jar to /home/srafi/.m2/repository/org/apache/pinot/pinot-yammer/0.12.0-SNAPSHOT/pinot-yammer-0.12.0-SNAPSHOT.jar
[INFO] Installing /home/srafi/after-cam-ready/compare_/compile_repair_output/work/4b0a56842621/pinot-plugins/pinot-metrics/pinot-yammer/pom.xml to /home/srafi/.m2/repository/org/apache/pinot/pinot-yammer/0.12.0-SNAPSHOT/pinot-yammer-0.12.0-SNAPSHOT.pom
[INFO] Installing /home/srafi/after-cam-ready/compare_/compile_repair_output/work/4b0a56842621/pinot-plugins/pinot-metrics/pinot-yammer/target/pinot-yammer-0.12.0-SNAPSHOT-shaded.jar to /home/srafi/.m2/repository/org/apache/pinot/pinot-yammer/0.12.0-SNAPSHOT/pinot-yammer-0.12.0-SNAPSHOT-shaded.jar
[INFO] Installing /home/srafi/after-cam-ready/compare_/compile_repair_output/work/4b0a56842621/pinot-plugins/pinot-metrics/pinot-yammer/target/pinot-yammer-0.12.0-SNAPSHOT-tests.jar to /home/srafi/.m2/repository/org/apache/pinot/pinot-yammer/0.12.0-SNAPSHOT/pinot-yammer-0.12.0-SNAPSHOT-tests.jar
[INFO] 
[INFO] --------------< org.apache.pinot:pinot-fmpp-maven-plugin >--------------
[INFO] Building Pinot FMPP plugin 0.12.0-SNAPSHOT                        [7/15]
[INFO] ----------------------------[ maven-plugin ]----------------------------
[INFO] 
[INFO] --- maven-clean-plugin:3.1.0:clean (default-clean) @ pinot-fmpp-maven-plugin ---
[INFO] 
[INFO] --- maven-checkstyle-plugin:3.1.2:check (checkstyle) @ pinot-fmpp-maven-plugin ---
[INFO] 
[INFO] --- buildnumber-maven-plugin:1.3:create (default) @ pinot-fmpp-maven-plugin ---
[INFO] Executing: /bin/sh -c cd /home/srafi/after-cam-ready/compare_/compile_repair_output/work/4b0a56842621/contrib/pinot-fmpp-maven-plugin && git rev-parse --verify HEAD
[INFO] Working directory: /home/srafi/after-cam-ready/compare_/compile_repair_output/work/4b0a56842621/contrib/pinot-fmpp-maven-plugin
[INFO] Storing buildNumber: ecf41be2ecd007853c2db19e1c6a038cf356cb9e at timestamp: 1786823836515
[WARNING] Cannot get the branch information from the git repository: 
Detecting the current branch failed: fatal: ref HEAD is not a symbolic ref

[INFO] Executing: /bin/sh -c cd /home/srafi/after-cam-ready/compare_/compile_repair_output/work/4b0a56842621/contrib/pinot-fmpp-maven-plugin && git rev-parse --verify HEAD
[INFO] Working directory: /home/srafi/after-cam-ready/compare_/compile_repair_output/work/4b0a56842621/contrib/pinot-fmpp-maven-plugin
[INFO] Storing buildScmBranch: UNKNOWN
[INFO] 
[INFO] --- maven-remote-resources-plugin:1.6.0:process (process-resource-bundles) @ pinot-fmpp-maven-plugin ---
[INFO] Preparing remote bundle org.apache:apache-jar-resource-bundle:1.4
[INFO] Copying 3 resources from 1 bundle.
[INFO] 
[INFO] --- maven-remote-resources-plugin:1.6.0:process (default) @ pinot-fmpp-maven-plugin ---
[INFO] Preparing remote bundle org.apache:apache-jar-resource-bundle:1.4
[INFO] Copying 3 resources from 1 bundle.
[INFO] 
[INFO] --- maven-resources-plugin:2.6:resources (default-resources) @ pinot-fmpp-maven-plugin ---
[INFO] Using 'UTF-8' encoding to copy filtered resources.
[INFO] skip non existing resourceDirectory /home/srafi/after-cam-ready/compare_/compile_repair_output/work/4b0a56842621/contrib/pinot-fmpp-maven-plugin/src/main/resources
[INFO] Copying 3 resources
[INFO] Copying 3 resources
[INFO] 
[INFO] --- maven-compiler-plugin:3.8.0:compile (default-compile) @ pinot-fmpp-maven-plugin ---
[INFO] Changes detected - recompiling the module!
[INFO] Compiling 2 source files to /home/srafi/after-cam-ready/compare_/compile_repair_output/work/4b0a56842621/contrib/pinot-fmpp-maven-plugin/target/classes
[INFO] 
[INFO] --- maven-plugin-plugin:3.6.0:descriptor (default-descriptor) @ pinot-fmpp-maven-plugin ---
[INFO] Using 'UTF-8' encoding to read mojo source files.
[INFO] java-javadoc mojo extractor found 1 mojo descriptor.
[INFO] java-annotations mojo extractor found 0 mojo descriptor.
[INFO] 
[INFO] --- maven-plugin-plugin:3.6.0:helpmojo (help-descriptor) @ pinot-fmpp-maven-plugin ---
[INFO] Using 'UTF-8' encoding to read mojo source files.
[INFO] java-javadoc mojo extractor found 1 mojo descriptor.
[INFO] java-annotations mojo extractor found 0 mojo descriptor.
[INFO] 
[INFO] --- maven-resources-plugin:2.6:testResources (default-testResources) @ pinot-fmpp-maven-plugin ---
[INFO] Using 'UTF-8' encoding to copy filtered resources.
[INFO] skip non existing resourceDirectory /home/srafi/after-cam-ready/compare_/compile_repair_output/work/4b0a56842621/contrib/pinot-fmpp-maven-plugin/src/test/resources
[INFO] Copying 3 resources
[INFO] Copying 3 resources
[INFO] 
[INFO] --- maven-compiler-plugin:3.8.0:testCompile (default-testCompile) @ pinot-fmpp-maven-plugin ---
[INFO] No sources to compile
[INFO] 
[INFO] --- maven-surefire-plugin:3.0.0-M8-SNAPSHOT:test (default-test) @ pinot-fmpp-maven-plugin ---
[INFO] Tests are skipped.
[INFO] 
[INFO] --- maven-jar-plugin:3.2.0:jar (default-jar) @ pinot-fmpp-maven-plugin ---
[INFO] Building jar: /home/srafi/after-cam-ready/compare_/compile_repair_output/work/4b0a56842621/contrib/pinot-fmpp-maven-plugin/target/pinot-fmpp-maven-plugin-0.12.0-SNAPSHOT.jar
[INFO] 
[INFO] --- maven-plugin-plugin:3.6.0:addPluginArtifactMetadata (default-addPluginArtifactMetadata) @ pinot-fmpp-maven-plugin ---
[INFO] 
[INFO] --- maven-site-plugin:3.7.1:attach-descriptor (attach-descriptor) @ pinot-fmpp-maven-plugin ---
[INFO] Skipping because packaging 'maven-plugin' is not pom.
[INFO] 
[INFO] --- maven-jar-plugin:3.2.0:test-jar (default) @ pinot-fmpp-maven-plugin ---
[INFO] Building jar: /home/srafi/after-cam-ready/compare_/compile_repair_output/work/4b0a56842621/contrib/pinot-fmpp-maven-plugin/target/pinot-fmpp-maven-plugin-0.12.0-SNAPSHOT-tests.jar
[INFO] 
[INFO] --- maven-surefire-plugin:3.0.0-M8-SNAPSHOT:test (integration-tests) @ pinot-fmpp-maven-plugin ---
[INFO] Tests are skipped.
[INFO] 
[INFO] --- spotless-maven-plugin:2.28.0:check (default) @ pinot-fmpp-maven-plugin ---
[INFO] 
[INFO] --- maven-install-plugin:2.5.2:install (default-install) @ pinot-fmpp-maven-plugin ---
[INFO] Installing /home/srafi/after-cam-ready/compare_/compile_repair_output/work/4b0a56842621/contrib/pinot-fmpp-maven-plugin/target/pinot-fmpp-maven-plugin-0.12.0-SNAPSHOT.jar to /home/srafi/.m2/repository/org/apache/pinot/pinot-fmpp-maven-plugin/0.12.0-SNAPSHOT/pinot-fmpp-maven-plugin-0.12.0-SNAPSHOT.jar
[INFO] Installing /home/srafi/after-cam-ready/compare_/compile_repair_output/work/4b0a56842621/contrib/pinot-fmpp-maven-plugin/pom.xml to /home/srafi/.m2/repository/org/apache/pinot/pinot-fmpp-maven-plugin/0.12.0-SNAPSHOT/pinot-fmpp-maven-plugin-0.12.0-SNAPSHOT.pom
[INFO] Installing /home/srafi/after-cam-ready/compare_/compile_repair_output/work/4b0a56842621/contrib/pinot-fmpp-maven-plugin/target/pinot-fmpp-maven-plugin-0.12.0-SNAPSHOT-tests.jar to /home/srafi/.m2/repository/org/apache/pinot/pinot-fmpp-maven-plugin/0.12.0-SNAPSHOT/pinot-fmpp-maven-plugin-0.12.0-SNAPSHOT-tests.jar
[INFO] 
[INFO] -------------------< org.apache.pinot:pinot-common >--------------------
[INFO] Building Pinot Common 0.12.0-SNAPSHOT                             [8/15]
[INFO] --------------------------------[ jar ]---------------------------------
[INFO] Downloading from apache.snapshots: https://repository.apache.org/snapshots/io/grpc/grpc-core/maven-metadata.xml
[INFO] Downloading from central: https://repo.maven.apache.org/maven2/io/grpc/grpc-core/maven-metadata.xml
[INFO] Downloaded from central: https://repo.maven.apache.org/maven2/io/grpc/grpc-core/maven-metadata.xml (6.6 kB at 66 kB/s)
[INFO] Downloading from apache.snapshots: https://repository.apache.org/snapshots/io/grpc/grpc-api/maven-metadata.xml
[INFO] Downloading from central: https://repo.maven.apache.org/maven2/io/grpc/grpc-api/maven-metadata.xml
[INFO] Downloaded from central: https://repo.maven.apache.org/maven2/io/grpc/grpc-api/maven-metadata.xml (5.0 kB at 147 kB/s)
[INFO] 
[INFO] --- maven-clean-plugin:3.1.0:clean (default-clean) @ pinot-common ---
[INFO] 
[INFO] --- maven-checkstyle-plugin:3.1.2:check (checkstyle) @ pinot-common ---
[INFO] 
[INFO] --- buildnumber-maven-plugin:1.3:create (default) @ pinot-common ---
[INFO] Executing: /bin/sh -c cd /home/srafi/after-cam-ready/compare_/compile_repair_output/work/4b0a56842621/pinot-common && git rev-parse --verify HEAD
[INFO] Working directory: /home/srafi/after-cam-ready/compare_/compile_repair_output/work/4b0a56842621/pinot-common
[INFO] Storing buildNumber: ecf41be2ecd007853c2db19e1c6a038cf356cb9e at timestamp: 1786823838894
[WARNING] Cannot get the branch information from the git repository: 
Detecting the current branch failed: fatal: ref HEAD is not a symbolic ref

[INFO] Executing: /bin/sh -c cd /home/srafi/after-cam-ready/compare_/compile_repair_output/work/4b0a56842621/pinot-common && git rev-parse --verify HEAD
[INFO] Working directory: /home/srafi/after-cam-ready/compare_/compile_repair_output/work/4b0a56842621/pinot-common
[INFO] Storing buildScmBranch: UNKNOWN
[INFO] 
[INFO] --- maven-dependency-plugin:2.8:unpack (unpack-parser-template) @ pinot-common ---
[INFO] Configured Artifact: org.apache.calcite:calcite-core:?:jar
[INFO] Unpacking /home/srafi/.m2/repository/org/apache/calcite/calcite-core/1.29.0/calcite-core-1.29.0.jar to /home/srafi/after-cam-ready/compare_/compile_repair_output/work/4b0a56842621/pinot-common/target with includes "**/Parser.jj,**/default_config.fmpp" and excludes ""
[INFO] 
[INFO] --- protobuf-maven-plugin:0.6.1:compile (default) @ pinot-common ---
[INFO] Compiling 4 proto file(s) to /home/srafi/after-cam-ready/compare_/compile_repair_output/work/4b0a56842621/pinot-common/target/generated-sources/protobuf/java
[INFO] 
[INFO] --- protobuf-maven-plugin:0.6.1:compile-custom (default) @ pinot-common ---
[INFO] Compiling 4 proto file(s) to /home/srafi/after-cam-ready/compare_/compile_repair_output/work/4b0a56842621/pinot-common/target/generated-sources/protobuf/grpc-java
[INFO] 
[INFO] --- antlr4-maven-plugin:4.6:antlr4 (antlr) @ pinot-common ---
[INFO] No ANTLR 4 grammars to compile in /home/srafi/after-cam-ready/compare_/compile_repair_output/work/4b0a56842621/pinot-common/src/main/antlr4
[INFO] 
[INFO] --- pinot-fmpp-maven-plugin:0.12.0-SNAPSHOT:generate (generate-fmpp-sources) @ pinot-common ---
[INFO] Freemarker generation:
 scope: compile,
 config: /home/srafi/after-cam-ready/compare_/compile_repair_output/work/4b0a56842621/pinot-common/src/main/codegen/config.fmpp,
 templates: /home/srafi/after-cam-ready/compare_/compile_repair_output/work/4b0a56842621/pinot-common/target/codegen/templates
[INFO] Adding maven data loader
[INFO] Setting data loader maven: org.apache.pinot.fmpp.MavenDataLoader(),tdd(/home/srafi/after-cam-ready/compare_/compile_repair_output/work/4b0a56842621/pinot-common/src/main/codegen/config.fmpp), default:tdd(/home/srafi/after-cam-ready/compare_/compile_repair_output/work/4b0a56842621/pinot-common/target/codegen/default_config.fmpp)
.
[INFO] Freemarker generation took 248ms
[INFO] Incremental output update took 0ms
[INFO] new: 1
[INFO] changed: 0
[INFO] unchanged: 0
[INFO] 
[INFO] --- javacc-maven-plugin:2.6:javacc (javacc) @ pinot-common ---
Java Compiler Compiler Version 7.0.10 (Parser Generator)
(type "javacc" with no arguments for help)
Reading from file /home/srafi/after-cam-ready/compare_/compile_repair_output/work/4b0a56842621/pinot-common/target/generated-sources/fmpp/javacc/Parser.jj . . .
Note: UNICODE_INPUT option is specified. Please make sure you create the parser/lexer using a Reader with the correct character encoding.
Warning: Lookahead adequacy checking not being performed since option LOOKAHEAD is more than 1.  Set option FORCE_LA_CHECK to true to force checking.
File "TokenMgrError.java" does not exist.  Will create one.
File "ParseException.java" does not exist.  Will create one.
File "Token.java" does not exist.  Will create one.
File "SimpleCharStream.java" does not exist.  Will create one.
Parser generated with 0 errors and 1 warnings.
[INFO] Processed 1 grammar
[INFO] 
[INFO] --- build-helper-maven-plugin:3.3.0:add-source (add-generated-sources) @ pinot-common ---
[INFO] Source directory: /home/srafi/after-cam-ready/compare_/compile_repair_output/work/4b0a56842621/pinot-common/target/generated-sources/javacc added.
[INFO] 
[INFO] --- maven-remote-resources-plugin:1.6.0:process (process-resource-bundles) @ pinot-common ---
[INFO] Preparing remote bundle org.apache:apache-jar-resource-bundle:1.4
[INFO] Copying 3 resources from 1 bundle.
[INFO] artifact io.grpc:grpc-core: checking for updates from central
[INFO] artifact io.grpc:grpc-api: checking for updates from central
[INFO] 
[INFO] --- maven-remote-resources-plugin:1.6.0:process (default) @ pinot-common ---
[INFO] Preparing remote bundle org.apache:apache-jar-resource-bundle:1.4
[INFO] Copying 3 resources from 1 bundle.
[INFO] artifact io.grpc:grpc-core: checking for updates from central
[INFO] artifact io.grpc:grpc-api: checking for updates from central
[INFO] 
[INFO] --- maven-resources-plugin:2.6:resources (default-resources) @ pinot-common ---
[INFO] Using 'UTF-8' encoding to copy filtered resources.
[INFO] Copying 4 resources
[INFO] Copying 4 resources
[INFO] Copying 4 resources
[INFO] Copying 3 resources
[INFO] Copying 3 resources
[INFO] 
[INFO] --- maven-compiler-plugin:3.8.0:compile (default-compile) @ pinot-common ---
[INFO] Changes detected - recompiling the module!
[INFO] Compiling 253 source files to /home/srafi/after-cam-ready/compare_/compile_repair_output/work/4b0a56842621/pinot-common/target/classes
[INFO] 
[INFO] --- protobuf-maven-plugin:0.6.1:test-compile (default) @ pinot-common ---
[INFO] /home/srafi/after-cam-ready/compare_/compile_repair_output/work/4b0a56842621/pinot-common/src/test/proto does not exist. Review the configuration or consider disabling the plugin.
[INFO] 
[INFO] --- protobuf-maven-plugin:0.6.1:test-compile-custom (default) @ pinot-common ---
[INFO] /home/srafi/after-cam-ready/compare_/compile_repair_output/work/4b0a56842621/pinot-common/src/test/proto does not exist. Review the configuration or consider disabling the plugin.
[INFO] 
[INFO] --- maven-resources-plugin:2.6:testResources (default-testResources) @ pinot-common ---
[INFO] Using 'UTF-8' encoding to copy filtered resources.
[INFO] Copying 7 resources
[INFO] Copying 3 resources
[INFO] Copying 3 resources
[INFO] 
[INFO] --- maven-compiler-plugin:3.8.0:testCompile (default-testCompile) @ pinot-common ---
[INFO] Changes detected - recompiling the module!
[INFO] Compiling 55 source files to /home/srafi/after-cam-ready/compare_/compile_repair_output/work/4b0a56842621/pinot-common/target/test-classes
[INFO] 
[INFO] --- maven-surefire-plugin:3.0.0-M8-SNAPSHOT:test (default-test) @ pinot-common ---
[INFO] Tests are skipped.
[INFO] 
[INFO] --- maven-jar-plugin:3.2.0:jar (default-jar) @ pinot-common ---
[INFO] Building jar: /home/srafi/after-cam-ready/compare_/compile_repair_output/work/4b0a56842621/pinot-common/target/pinot-common-0.12.0-SNAPSHOT.jar
[INFO] 
[INFO] --- maven-shade-plugin:3.2.1:shade (default) @ pinot-common ---
[INFO] Including org.apache.pinot:pinot-spi:jar:0.12.0-SNAPSHOT in the shaded jar.
[INFO] Including commons-codec:commons-codec:jar:1.15 in the shaded jar.
[INFO] Including org.apache.commons:commons-lang3:jar:3.11 in the shaded jar.
[INFO] Including commons-collections:commons-collections:jar:3.2.2 in the shaded jar.
[INFO] Including org.yaml:snakeyaml:jar:1.33 in the shaded jar.
[INFO] Including org.apache.avro:avro:jar:1.9.2 in the shaded jar.
[INFO] Including org.codehaus.groovy:groovy-all:jar:2.4.21 in the shaded jar.
[INFO] Including org.apache.pinot:pinot-segment-spi:jar:0.12.0-SNAPSHOT in the shaded jar.
[INFO] Including org.roaringbitmap:RoaringBitmap:jar:0.9.35 in the shaded jar.
[INFO] Including org.roaringbitmap:shims:jar:0.9.35 in the shaded jar.
[INFO] Including org.locationtech.jts:jts-core:jar:1.16.1 in the shaded jar.
[INFO] Including org.xerial.larray:larray-mmap:jar:0.4.1 in the shaded jar.
[INFO] Including org.xerial.larray:larray-buffer:jar:0.4.1 in the shaded jar.
[INFO] Including org.apache.httpcomponents:httpmime:jar:4.5.13 in the shaded jar.
[INFO] Including org.apache.httpcomponents:httpclient:jar:4.5.13 in the shaded jar.
[INFO] Including org.apache.httpcomponents:httpcore:jar:4.4.13 in the shaded jar.
[INFO] Including org.antlr:antlr4-runtime:jar:4.6 in the shaded jar.
[INFO] Including org.apache.calcite:calcite-core:jar:1.29.0 in the shaded jar.
[INFO] Including org.apache.calcite:calcite-linq4j:jar:1.29.0 in the shaded jar.
[INFO] Including com.esri.geometry:esri-geometry-api:jar:2.2.0 in the shaded jar.
[INFO] Including org.apache.calcite.avatica:avatica-core:jar:1.20.0 in the shaded jar.
[INFO] Including org.apiguardian:apiguardian-api:jar:1.1.0 in the shaded jar.
[INFO] Including org.checkerframework:checker-qual:jar:3.10.0 in the shaded jar.
[INFO] Including org.slf4j:slf4j-api:jar:1.7.25 in the shaded jar.
[INFO] Including com.fasterxml.jackson.core:jackson-core:jar:2.12.7 in the shaded jar.
[INFO] Including com.fasterxml.jackson.dataformat:jackson-dataformat-yaml:jar:2.12.7 in the shaded jar.
[INFO] Including com.google.uzaygezen:uzaygezen-core:jar:0.2 in the shaded jar.
[INFO] Including org.apache.calcite:calcite-babel:jar:1.29.0 in the shaded jar.
[INFO] Including com.google.guava:guava:jar:20.0 in the shaded jar.
[INFO] Including org.apache.thrift:libthrift:jar:0.15.0 in the shaded jar.
[INFO] Including javax.annotation:javax.annotation-api:jar:1.3.2 in the shaded jar.
[INFO] Including org.xerial.snappy:snappy-java:jar:1.1.8.2 in the shaded jar.
[INFO] Including com.github.luben:zstd-jni:jar:1.5.2-3 in the shaded jar.
[INFO] Including org.lz4:lz4-java:jar:1.8.0 in the shaded jar.
[INFO] Including org.apache.logging.log4j:log4j-slf4j-impl:jar:2.17.1 in the shaded jar.
[INFO] Including org.apache.logging.log4j:log4j-api:jar:2.17.1 in the shaded jar.
[INFO] Including org.apache.logging.log4j:log4j-core:jar:2.17.1 in the shaded jar.
[INFO] Including org.apache.logging.log4j:log4j-1.2-api:jar:2.17.1 in the shaded jar.
[INFO] Including com.lmax:disruptor:jar:3.3.4 in the shaded jar.
[INFO] Including joda-time:joda-time:jar:2.10.5 in the shaded jar.
[INFO] Including commons-configuration:commons-configuration:jar:1.10 in the shaded jar.
[INFO] Including commons-httpclient:commons-httpclient:jar:3.1 in the shaded jar.
[INFO] Including commons-io:commons-io:jar:2.11.0 in the shaded jar.
[INFO] Including org.apache.commons:commons-compress:jar:1.21 in the shaded jar.
[INFO] Including org.apache.helix:helix-core:jar:1.0.4 in the shaded jar.
[INFO] Including org.apache.helix:helix-common:jar:1.0.4 in the shaded jar.
[INFO] Including org.apache.helix:metrics-common:jar:1.0.4 in the shaded jar.
[INFO] Including org.apache.helix:zookeeper-api:jar:1.0.4 in the shaded jar.
[INFO] Including org.apache.helix:metadata-store-directory-common:jar:1.0.4 in the shaded jar.
[INFO] Including commons-cli:commons-cli:jar:1.2 in the shaded jar.
[INFO] Including org.apache.commons:commons-math:jar:2.1 in the shaded jar.
[INFO] Including io.dropwizard.metrics:metrics-core:jar:4.2.2 in the shaded jar.
[INFO] Including it.unimi.dsi:fastutil:jar:8.2.3 in the shaded jar.
[INFO] Including net.sf.jopt-simple:jopt-simple:jar:4.6 in the shaded jar.
[INFO] Including org.webjars:swagger-ui:jar:3.23.11 in the shaded jar.
[INFO] Including com.google.code.findbugs:jsr305:jar:3.0.0 in the shaded jar.
[INFO] Including com.fasterxml.jackson.core:jackson-annotations:jar:2.12.7 in the shaded jar.
[INFO] Including com.fasterxml.jackson.core:jackson-databind:jar:2.12.7 in the shaded jar.
[INFO] Including com.jayway.jsonpath:json-path:jar:2.7.0 in the shaded jar.
[INFO] Including net.minidev:json-smart:jar:2.4.7 in the shaded jar.
[INFO] Including net.minidev:accessors-smart:jar:2.4.7 in the shaded jar.
[INFO] Including org.ow2.asm:asm:jar:9.1 in the shaded jar.
[INFO] Including commons-logging:commons-logging:jar:1.2 in the shaded jar.
[INFO] Including commons-lang:commons-lang:jar:2.6 in the shaded jar.
[INFO] Including org.apache.zookeeper:zookeeper:jar:3.6.3 in the shaded jar.
[INFO] Including org.apache.zookeeper:zookeeper-jute:jar:3.6.3 in the shaded jar.
[INFO] Including io.netty:netty-handler:jar:4.1.79.Final in the shaded jar.
[INFO] Including io.netty:netty-common:jar:4.1.79.Final in the shaded jar.
[INFO] Including io.netty:netty-resolver:jar:4.1.79.Final in the shaded jar.
[INFO] Including io.netty:netty-buffer:jar:4.1.79.Final in the shaded jar.
[INFO] Including io.netty:netty-transport:jar:4.1.79.Final in the shaded jar.
[INFO] Including io.netty:netty-transport-native-unix-common:jar:4.1.79.Final in the shaded jar.
[INFO] Including io.netty:netty-codec:jar:4.1.79.Final in the shaded jar.
[INFO] Including io.netty:netty-transport-native-epoll:jar:4.1.79.Final in the shaded jar.
[INFO] Including io.netty:netty-transport-classes-epoll:jar:4.1.79.Final in the shaded jar.
[INFO] Including javax.servlet:javax.servlet-api:jar:3.0.1 in the shaded jar.
[INFO] Including org.glassfish.jersey.core:jersey-server:jar:2.35 in the shaded jar.
[INFO] Including org.glassfish.jersey.core:jersey-common:jar:2.35 in the shaded jar.
[INFO] Including org.glassfish.hk2:osgi-resource-locator:jar:1.0.3 in the shaded jar.
[INFO] Including org.glassfish.jersey.core:jersey-client:jar:2.35 in the shaded jar.
[INFO] Including jakarta.ws.rs:jakarta.ws.rs-api:jar:2.1.6 in the shaded jar.
[INFO] Including jakarta.annotation:jakarta.annotation-api:jar:1.3.5 in the shaded jar.
[INFO] Including org.glassfish.hk2.external:jakarta.inject:jar:2.6.1 in the shaded jar.
[INFO] Including jakarta.validation:jakarta.validation-api:jar:2.0.2 in the shaded jar.
[INFO] Including org.reflections:reflections:jar:0.9.11 in the shaded jar.
[INFO] Including org.javassist:javassist:jar:3.19.0-GA in the shaded jar.
[INFO] Including com.google.protobuf:protobuf-java:jar:3.19.2 in the shaded jar.
[INFO] Including io.grpc:grpc-netty-shaded:jar:1.41.0 in the shaded jar.
[INFO] Including com.google.errorprone:error_prone_annotations:jar:2.9.0 in the shaded jar.
[INFO] Including io.perfmark:perfmark-api:jar:0.23.0 in the shaded jar.
[INFO] Including io.grpc:grpc-core:jar:1.41.0 in the shaded jar.
[INFO] Including com.google.code.gson:gson:jar:2.2.4 in the shaded jar.
[INFO] Including com.google.android:annotations:jar:4.1.1.4 in the shaded jar.
[INFO] Including org.codehaus.mojo:animal-sniffer-annotations:jar:1.19 in the shaded jar.
[INFO] Including io.grpc:grpc-protobuf:jar:1.41.0 in the shaded jar.
[INFO] Including io.grpc:grpc-api:jar:1.41.0 in the shaded jar.
[INFO] Including io.grpc:grpc-context:jar:1.41.0 in the shaded jar.
[INFO] Including com.google.api.grpc:proto-google-common-protos:jar:2.0.1 in the shaded jar.
[INFO] Including io.grpc:grpc-protobuf-lite:jar:1.41.0 in the shaded jar.
[INFO] Including io.grpc:grpc-stub:jar:1.41.0 in the shaded jar.
[INFO] Including org.apache.yetus:audience-annotations:jar:0.13.0 in the shaded jar.
[INFO] Including org.mindrot:jbcrypt:jar:0.4 in the shaded jar.
[INFO] Including com.github.seancfoley:ipaddress:jar:5.3.4 in the shaded jar.
[WARNING] Discovered module-info.class. Shading will break its strong encapsulation.
[WARNING] Discovered module-info.class. Shading will break its strong encapsulation.
[WARNING] Discovered module-info.class. Shading will break its strong encapsulation.
[WARNING] Discovered module-info.class. Shading will break its strong encapsulation.
[WARNING] Discovered module-info.class. Shading will break its strong encapsulation.
[WARNING] Discovered module-info.class. Shading will break its strong encapsulation.
[WARNING] Discovered module-info.class. Shading will break its strong encapsulation.
[WARNING] Discovered module-info.class. Shading will break its strong encapsulation.
[WARNING] helix-core-1.0.4.jar, helix-common-1.0.4.jar, metrics-common-1.0.4.jar define 9 overlapping classes: 
[WARNING]   - org.apache.helix.monitoring.mbeans.exception.MetricException
[WARNING]   - org.apache.helix.monitoring.mbeans.dynamicMBeans.SimpleDynamicMetric
[WARNING]   - org.apache.helix.monitoring.mbeans.MonitorDomainNames
[WARNING]   - org.apache.helix.monitoring.SensorNameProvider
[WARNING]   - org.apache.helix.monitoring.mbeans.dynamicMBeans.DynamicMetric
[WARNING]   - org.apache.helix.monitoring.mbeans.MBeanRegistrar
[WARNING]   - org.apache.helix.monitoring.mbeans.dynamicMBeans.DynamicMBeanProvider
[WARNING]   - org.apache.helix.monitoring.mbeans.dynamicMBeans.HistogramDynamicMetric$SnapshotAttribute
[WARNING]   - org.apache.helix.monitoring.mbeans.dynamicMBeans.HistogramDynamicMetric
[WARNING] jakarta.annotation-api-1.3.5.jar, javax.annotation-api-1.3.2.jar define 15 overlapping classes: 
[WARNING]   - javax.annotation.ManagedBean
[WARNING]   - javax.annotation.PreDestroy
[WARNING]   - javax.annotation.Resource$AuthenticationType
[WARNING]   - javax.annotation.Generated
[WARNING]   - javax.annotation.security.DeclareRoles
[WARNING]   - javax.annotation.Priority
[WARNING]   - javax.annotation.Resource
[WARNING]   - javax.annotation.security.DenyAll
[WARNING]   - javax.annotation.security.RunAs
[WARNING]   - javax.annotation.sql.DataSourceDefinitions
[WARNING]   - 5 more...
[WARNING] helix-core-1.0.4.jar, helix-common-1.0.4.jar define 9 overlapping classes: 
[WARNING]   - org.apache.helix.manager.zk.serializer.PayloadSerializer
[WARNING]   - org.apache.helix.SystemPropertyKeys
[WARNING]   - org.apache.helix.ZNRecord
[WARNING]   - org.apache.helix.constants.InstanceConstants$InstanceDisabledType
[WARNING]   - org.apache.helix.HelixException
[WARNING]   - org.apache.helix.datamodel.Snapshot
[WARNING]   - org.apache.helix.constants.InstanceConstants
[WARNING]   - org.apache.helix.manager.zk.serializer.JacksonPayloadSerializer
[WARNING]   - org.apache.helix.ZNRecordDelta
[WARNING] zookeeper-api-1.0.4.jar, helix-core-1.0.4.jar, helix-common-1.0.4.jar define 134 overlapping classes: 
[WARNING]   - org.apache.helix.zookeeper.api.client.ZkClientType
[WARNING]   - org.apache.helix.zookeeper.zkclient.metric.ZkClientPathMonitor$PredefinedPath
[WARNING]   - org.apache.helix.zookeeper.datamodel.ZNRecordUpdater
[WARNING]   - org.apache.helix.zookeeper.zkclient.ZkClient$2
[WARNING]   - org.apache.helix.zookeeper.zkclient.serialize.BasicZkSerializer
[WARNING]   - org.apache.helix.zookeeper.zkclient.callback.ZkAsyncCallbacks$SyncCallbackHandler
[WARNING]   - org.apache.helix.zookeeper.zkclient.callback.ZkAsyncCallbacks$DeleteCallbackHandler
[WARNING]   - org.apache.helix.zookeeper.zkclient.callback.ZkAsyncCallbacks$SetDataCallbackHandler
[WARNING]   - org.apache.helix.zookeeper.api.client.HelixZkClient
[WARNING]   - org.apache.helix.zookeeper.zkclient.ZkEventThread
[WARNING]   - 124 more...
[WARNING] helix-core-1.0.4.jar, metadata-store-directory-common-1.0.4.jar, helix-common-1.0.4.jar define 9 overlapping classes: 
[WARNING]   - org.apache.helix.msdcommon.datamodel.MetadataStoreRoutingData
[WARNING]   - org.apache.helix.msdcommon.mock.MockMetadataStoreDirectoryServer
[WARNING]   - org.apache.helix.msdcommon.util.ZkValidationUtil
[WARNING]   - org.apache.helix.msdcommon.datamodel.TrieRoutingData$TrieNode
[WARNING]   - org.apache.helix.msdcommon.constant.MetadataStoreRoutingConstants
[WARNING]   - org.apache.helix.msdcommon.callback.RoutingDataListener
[WARNING]   - org.apache.helix.msdcommon.datamodel.TrieRoutingData
[WARNING]   - org.apache.helix.msdcommon.mock.MockMetadataStoreDirectoryServer$SupportedHttpVerbs
[WARNING]   - org.apache.helix.msdcommon.exception.InvalidRoutingDataException
[WARNING] maven-shade-plugin has detected that some class files are
[WARNING] present in two or more JARs. When this happens, only one
[WARNING] single version of the class is copied to the uber jar.
[WARNING] Usually this is not harmful and you can skip these warnings,
[WARNING] otherwise try to manually exclude artifacts based on
[WARNING] mvn dependency:tree -Ddetail=true and the above output.
[WARNING] See http://maven.apache.org/plugins/maven-shade-plugin/
[INFO] Attaching shaded artifact.
[INFO] 
[INFO] --- maven-jar-plugin:3.2.0:test-jar (default) @ pinot-common ---
[INFO] Building jar: /home/srafi/after-cam-ready/compare_/compile_repair_output/work/4b0a56842621/pinot-common/target/pinot-common-0.12.0-SNAPSHOT-tests.jar
[INFO] 
[INFO] --- maven-site-plugin:3.7.1:attach-descriptor (attach-descriptor) @ pinot-common ---
[INFO] Skipping because packaging 'jar' is not pom.
[INFO] 
[INFO] --- maven-surefire-plugin:3.0.0-M8-SNAPSHOT:test (integration-tests) @ pinot-common ---
[INFO] Tests are skipped.
[INFO] 
[INFO] --- spotless-maven-plugin:2.28.0:check (default) @ pinot-common ---
[INFO] 
[INFO] --- maven-install-plugin:2.5.2:install (default-install) @ pinot-common ---
[INFO] Installing /home/srafi/after-cam-ready/compare_/compile_repair_output/work/4b0a56842621/pinot-common/target/pinot-common-0.12.0-SNAPSHOT.jar to /home/srafi/.m2/repository/org/apache/pinot/pinot-common/0.12.0-SNAPSHOT/pinot-common-0.12.0-SNAPSHOT.jar
[INFO] Installing /home/srafi/after-cam-ready/compare_/compile_repair_output/work/4b0a56842621/pinot-common/pom.xml to /home/srafi/.m2/repository/org/apache/pinot/pinot-common/0.12.0-SNAPSHOT/pinot-common-0.12.0-SNAPSHOT.pom
[INFO] Installing /home/srafi/after-cam-ready/compare_/compile_repair_output/work/4b0a56842621/pinot-common/target/pinot-common-0.12.0-SNAPSHOT-shaded.jar to /home/srafi/.m2/repository/org/apache/pinot/pinot-common/0.12.0-SNAPSHOT/pinot-common-0.12.0-SNAPSHOT-shaded.jar
[INFO] Installing /home/srafi/after-cam-ready/compare_/compile_repair_output/work/4b0a56842621/pinot-common/target/pinot-common-0.12.0-SNAPSHOT-tests.jar to /home/srafi/.m2/repository/org/apache/pinot/pinot-common/0.12.0-SNAPSHOT/pinot-common-0.12.0-SNAPSHOT-tests.jar
[INFO] 
[INFO] ----------------< org.apache.pinot:pinot-input-format >-----------------
[INFO] Building Pinot Input Format 0.12.0-SNAPSHOT                       [9/15]
[INFO] --------------------------------[ pom ]---------------------------------
[INFO] 
[INFO] --- maven-clean-plugin:3.1.0:clean (default-clean) @ pinot-input-format ---
[INFO] 
[INFO] --- maven-checkstyle-plugin:3.1.2:check (checkstyle) @ pinot-input-format ---
[INFO] 
[INFO] --- buildnumber-maven-plugin:1.3:create (default) @ pinot-input-format ---
[INFO] Executing: /bin/sh -c cd /home/srafi/after-cam-ready/compare_/compile_repair_output/work/4b0a56842621/pinot-plugins/pinot-input-format && git rev-parse --verify HEAD
[INFO] Working directory: /home/srafi/after-cam-ready/compare_/compile_repair_output/work/4b0a56842621/pinot-plugins/pinot-input-format
[INFO] Storing buildNumber: ecf41be2ecd007853c2db19e1c6a038cf356cb9e at timestamp: 1786823859612
[WARNING] Cannot get the branch information from the git repository: 
Detecting the current branch failed: fatal: ref HEAD is not a symbolic ref

[INFO] Executing: /bin/sh -c cd /home/srafi/after-cam-ready/compare_/compile_repair_output/work/4b0a56842621/pinot-plugins/pinot-input-format && git rev-parse --verify HEAD
[INFO] Working directory: /home/srafi/after-cam-ready/compare_/compile_repair_output/work/4b0a56842621/pinot-plugins/pinot-input-format
[INFO] Storing buildScmBranch: UNKNOWN
[INFO] 
[INFO] --- maven-remote-resources-plugin:1.6.0:process (process-resource-bundles) @ pinot-input-format ---
[INFO] Preparing remote bundle org.apache:apache-jar-resource-bundle:1.4
[INFO] Copying 3 resources from 1 bundle.
[INFO] 
[INFO] --- maven-remote-resources-plugin:1.6.0:process (default) @ pinot-input-format ---
[INFO] Preparing remote bundle org.apache:apache-jar-resource-bundle:1.4
[INFO] Copying 3 resources from 1 bundle.
[INFO] 
[INFO] --- maven-site-plugin:3.7.1:attach-descriptor (attach-descriptor) @ pinot-input-format ---
[INFO] No site descriptor found: nothing to attach.
[INFO] 
[INFO] --- maven-surefire-plugin:3.0.0-M8-SNAPSHOT:test (integration-tests) @ pinot-input-format ---
[INFO] Tests are skipped.
[INFO] 
[INFO] --- spotless-maven-plugin:2.28.0:check (default) @ pinot-input-format ---
[INFO] 
[INFO] --- maven-install-plugin:2.5.2:install (default-install) @ pinot-input-format ---
[INFO] Installing /home/srafi/after-cam-ready/compare_/compile_repair_output/work/4b0a56842621/pinot-plugins/pinot-input-format/pom.xml to /home/srafi/.m2/repository/org/apache/pinot/pinot-input-format/0.12.0-SNAPSHOT/pinot-input-format-0.12.0-SNAPSHOT.pom
[INFO] 
[INFO] ------------------< org.apache.pinot:pinot-avro-base >------------------
[INFO] Building Pinot Avro Base 0.12.0-SNAPSHOT                         [10/15]
[INFO] --------------------------------[ jar ]---------------------------------
[INFO] 
[INFO] --- maven-clean-plugin:3.1.0:clean (default-clean) @ pinot-avro-base ---
[INFO] 
[INFO] --- maven-checkstyle-plugin:3.1.2:check (checkstyle) @ pinot-avro-base ---
[INFO] 
[INFO] --- buildnumber-maven-plugin:1.3:create (default) @ pinot-avro-base ---
[INFO] Executing: /bin/sh -c cd /home/srafi/after-cam-ready/compare_/compile_repair_output/work/4b0a56842621/pinot-plugins/pinot-input-format/pinot-avro-base && git rev-parse --verify HEAD
[INFO] Working directory: /home/srafi/after-cam-ready/compare_/compile_repair_output/work/4b0a56842621/pinot-plugins/pinot-input-format/pinot-avro-base
[INFO] Storing buildNumber: ecf41be2ecd007853c2db19e1c6a038cf356cb9e at timestamp: 1786823859710
[WARNING] Cannot get the branch information from the git repository: 
Detecting the current branch failed: fatal: ref HEAD is not a symbolic ref

[INFO] Executing: /bin/sh -c cd /home/srafi/after-cam-ready/compare_/compile_repair_output/work/4b0a56842621/pinot-plugins/pinot-input-format/pinot-avro-base && git rev-parse --verify HEAD
[INFO] Working directory: /home/srafi/after-cam-ready/compare_/compile_repair_output/work/4b0a56842621/pinot-plugins/pinot-input-format/pinot-avro-base
[INFO] Storing buildScmBranch: UNKNOWN
[INFO] 
[INFO] --- maven-remote-resources-plugin:1.6.0:process (process-resource-bundles) @ pinot-avro-base ---
[INFO] Preparing remote bundle org.apache:apache-jar-resource-bundle:1.4
[INFO] Copying 3 resources from 1 bundle.
[INFO] 
[INFO] --- maven-remote-resources-plugin:1.6.0:process (default) @ pinot-avro-base ---
[INFO] Preparing remote bundle org.apache:apache-jar-resource-bundle:1.4
[INFO] Copying 3 resources from 1 bundle.
[INFO] 
[INFO] --- maven-resources-plugin:2.6:resources (default-resources) @ pinot-avro-base ---
[INFO] Using 'UTF-8' encoding to copy filtered resources.
[INFO] skip non existing resourceDirectory /home/srafi/after-cam-ready/compare_/compile_repair_output/work/4b0a56842621/pinot-plugins/pinot-input-format/pinot-avro-base/src/main/resources
[INFO] Copying 3 resources
[INFO] Copying 3 resources
[INFO] 
[INFO] --- maven-compiler-plugin:3.8.0:compile (default-compile) @ pinot-avro-base ---
[INFO] Changes detected - recompiling the module!
[INFO] Compiling 7 source files to /home/srafi/after-cam-ready/compare_/compile_repair_output/work/4b0a56842621/pinot-plugins/pinot-input-format/pinot-avro-base/target/classes
[INFO] 
[INFO] --- maven-resources-plugin:2.6:testResources (default-testResources) @ pinot-avro-base ---
[INFO] Using 'UTF-8' encoding to copy filtered resources.
[INFO] Copying 3 resources
[INFO] Copying 3 resources
[INFO] Copying 3 resources
[INFO] 
[INFO] --- maven-compiler-plugin:3.8.0:testCompile (default-testCompile) @ pinot-avro-base ---
[INFO] Changes detected - recompiling the module!
[INFO] Compiling 6 source files to /home/srafi/after-cam-ready/compare_/compile_repair_output/work/4b0a56842621/pinot-plugins/pinot-input-format/pinot-avro-base/target/test-classes
[INFO] 
[INFO] --- maven-surefire-plugin:3.0.0-M8-SNAPSHOT:test (default-test) @ pinot-avro-base ---
[INFO] Tests are skipped.
[INFO] 
[INFO] --- maven-jar-plugin:3.2.0:jar (default-jar) @ pinot-avro-base ---
[INFO] Building jar: /home/srafi/after-cam-ready/compare_/compile_repair_output/work/4b0a56842621/pinot-plugins/pinot-input-format/pinot-avro-base/target/pinot-avro-base-0.12.0-SNAPSHOT.jar
[INFO] 
[INFO] --- maven-shade-plugin:3.2.1:shade (default) @ pinot-avro-base ---
[INFO] Including org.apache.avro:avro:jar:1.9.2 in the shaded jar.
[INFO] Including com.fasterxml.jackson.core:jackson-core:jar:2.12.7 in the shaded jar.
[INFO] Including com.fasterxml.jackson.core:jackson-databind:jar:2.12.7 in the shaded jar.
[INFO] Including org.apache.commons:commons-compress:jar:1.21 in the shaded jar.
[INFO] Including org.slf4j:slf4j-api:jar:1.7.25 in the shaded jar.
[INFO] Including com.fasterxml.jackson.core:jackson-annotations:jar:2.12.7 in the shaded jar.
[WARNING] Discovered module-info.class. Shading will break its strong encapsulation.
[WARNING] Discovered module-info.class. Shading will break its strong encapsulation.
[WARNING] Discovered module-info.class. Shading will break its strong encapsulation.
[INFO] Attaching shaded artifact.
[INFO] 
[INFO] --- maven-site-plugin:3.7.1:attach-descriptor (attach-descriptor) @ pinot-avro-base ---
[INFO] Skipping because packaging 'jar' is not pom.
[INFO] 
[INFO] --- maven-jar-plugin:3.2.0:test-jar (default) @ pinot-avro-base ---
[INFO] Building jar: /home/srafi/after-cam-ready/compare_/compile_repair_output/work/4b0a56842621/pinot-plugins/pinot-input-format/pinot-avro-base/target/pinot-avro-base-0.12.0-SNAPSHOT-tests.jar
[INFO] 
[INFO] --- maven-surefire-plugin:3.0.0-M8-SNAPSHOT:test (integration-tests) @ pinot-avro-base ---
[INFO] Tests are skipped.
[INFO] 
[INFO] --- spotless-maven-plugin:2.28.0:check (default) @ pinot-avro-base ---
[INFO] 
[INFO] --- maven-install-plugin:2.5.2:install (default-install) @ pinot-avro-base ---
[INFO] Installing /home/srafi/after-cam-ready/compare_/compile_repair_output/work/4b0a56842621/pinot-plugins/pinot-input-format/pinot-avro-base/target/pinot-avro-base-0.12.0-SNAPSHOT.jar to /home/srafi/.m2/repository/org/apache/pinot/pinot-avro-base/0.12.0-SNAPSHOT/pinot-avro-base-0.12.0-SNAPSHOT.jar
[INFO] Installing /home/srafi/after-cam-ready/compare_/compile_repair_output/work/4b0a56842621/pinot-plugins/pinot-input-format/pinot-avro-base/pom.xml to /home/srafi/.m2/repository/org/apache/pinot/pinot-avro-base/0.12.0-SNAPSHOT/pinot-avro-base-0.12.0-SNAPSHOT.pom
[INFO] Installing /home/srafi/after-cam-ready/compare_/compile_repair_output/work/4b0a56842621/pinot-plugins/pinot-input-format/pinot-avro-base/target/pinot-avro-base-0.12.0-SNAPSHOT-shaded.jar to /home/srafi/.m2/repository/org/apache/pinot/pinot-avro-base/0.12.0-SNAPSHOT/pinot-avro-base-0.12.0-SNAPSHOT-shaded.jar
[INFO] Installing /home/srafi/after-cam-ready/compare_/compile_repair_output/work/4b0a56842621/pinot-plugins/pinot-input-format/pinot-avro-base/target/pinot-avro-base-0.12.0-SNAPSHOT-tests.jar to /home/srafi/.m2/repository/org/apache/pinot/pinot-avro-base/0.12.0-SNAPSHOT/pinot-avro-base-0.12.0-SNAPSHOT-tests.jar
[INFO] 
[INFO] --------------------< org.apache.pinot:pinot-avro >---------------------
[INFO] Building Pinot Avro 0.12.0-SNAPSHOT                              [11/15]
[INFO] --------------------------------[ jar ]---------------------------------
[INFO] 
[INFO] --- maven-clean-plugin:3.1.0:clean (default-clean) @ pinot-avro ---
[INFO] 
[INFO] --- maven-checkstyle-plugin:3.1.2:check (checkstyle) @ pinot-avro ---
[INFO] 
[INFO] --- buildnumber-maven-plugin:1.3:create (default) @ pinot-avro ---
[INFO] Executing: /bin/sh -c cd /home/srafi/after-cam-ready/compare_/compile_repair_output/work/4b0a56842621/pinot-plugins/pinot-input-format/pinot-avro && git rev-parse --verify HEAD
[INFO] Working directory: /home/srafi/after-cam-ready/compare_/compile_repair_output/work/4b0a56842621/pinot-plugins/pinot-input-format/pinot-avro
[INFO] Storing buildNumber: ecf41be2ecd007853c2db19e1c6a038cf356cb9e at timestamp: 1786823862329
[WARNING] Cannot get the branch information from the git repository: 
Detecting the current branch failed: fatal: ref HEAD is not a symbolic ref

[INFO] Executing: /bin/sh -c cd /home/srafi/after-cam-ready/compare_/compile_repair_output/work/4b0a56842621/pinot-plugins/pinot-input-format/pinot-avro && git rev-parse --verify HEAD
[INFO] Working directory: /home/srafi/after-cam-ready/compare_/compile_repair_output/work/4b0a56842621/pinot-plugins/pinot-input-format/pinot-avro
[INFO] Storing buildScmBranch: UNKNOWN
[INFO] 
[INFO] --- maven-remote-resources-plugin:1.6.0:process (process-resource-bundles) @ pinot-avro ---
[INFO] Preparing remote bundle org.apache:apache-jar-resource-bundle:1.4
[INFO] Copying 3 resources from 1 bundle.
[INFO] 
[INFO] --- maven-remote-resources-plugin:1.6.0:process (default) @ pinot-avro ---
[INFO] Preparing remote bundle org.apache:apache-jar-resource-bundle:1.4
[INFO] Copying 3 resources from 1 bundle.
[INFO] 
[INFO] --- maven-resources-plugin:2.6:resources (default-resources) @ pinot-avro ---
[INFO] Using 'UTF-8' encoding to copy filtered resources.
[INFO] skip non existing resourceDirectory /home/srafi/after-cam-ready/compare_/compile_repair_output/work/4b0a56842621/pinot-plugins/pinot-input-format/pinot-avro/src/main/resources
[INFO] Copying 3 resources
[INFO] Copying 3 resources
[INFO] 
[INFO] --- maven-compiler-plugin:3.8.0:compile (default-compile) @ pinot-avro ---
[INFO] Changes detected - recompiling the module!
[INFO] Compiling 2 source files to /home/srafi/after-cam-ready/compare_/compile_repair_output/work/4b0a56842621/pinot-plugins/pinot-input-format/pinot-avro/target/classes
[INFO] 
[INFO] --- maven-resources-plugin:2.6:testResources (default-testResources) @ pinot-avro ---
[INFO] Using 'UTF-8' encoding to copy filtered resources.
[INFO] skip non existing resourceDirectory /home/srafi/after-cam-ready/compare_/compile_repair_output/work/4b0a56842621/pinot-plugins/pinot-input-format/pinot-avro/src/test/resources
[INFO] Copying 3 resources
[INFO] Copying 3 resources
[INFO] 
[INFO] --- maven-compiler-plugin:3.8.0:testCompile (default-testCompile) @ pinot-avro ---
[INFO] No sources to compile
[INFO] 
[INFO] --- maven-surefire-plugin:3.0.0-M8-SNAPSHOT:test (default-test) @ pinot-avro ---
[INFO] Tests are skipped.
[INFO] 
[INFO] --- maven-jar-plugin:3.2.0:jar (default-jar) @ pinot-avro ---
[INFO] Building jar: /home/srafi/after-cam-ready/compare_/compile_repair_output/work/4b0a56842621/pinot-plugins/pinot-input-format/pinot-avro/target/pinot-avro-0.12.0-SNAPSHOT.jar
[INFO] 
[INFO] --- maven-shade-plugin:3.2.1:shade (default) @ pinot-avro ---
[INFO] Including org.apache.pinot:pinot-avro-base:jar:0.12.0-SNAPSHOT in the shaded jar.
[INFO] Including org.apache.avro:avro:jar:1.9.2 in the shaded jar.
[INFO] Including com.fasterxml.jackson.core:jackson-core:jar:2.12.7 in the shaded jar.
[INFO] Including org.apache.commons:commons-compress:jar:1.21 in the shaded jar.
[INFO] Including org.slf4j:slf4j-api:jar:1.7.25 in the shaded jar.
[INFO] Including com.fasterxml.jackson.core:jackson-annotations:jar:2.12.7 in the shaded jar.
[INFO] Including com.fasterxml.jackson.core:jackson-databind:jar:2.12.7 in the shaded jar.
[WARNING] Discovered module-info.class. Shading will break its strong encapsulation.
[WARNING] Discovered module-info.class. Shading will break its strong encapsulation.
[WARNING] Discovered module-info.class. Shading will break its strong encapsulation.
[INFO] Attaching shaded artifact.
[INFO] 
[INFO] --- maven-site-plugin:3.7.1:attach-descriptor (attach-descriptor) @ pinot-avro ---
[INFO] Skipping because packaging 'jar' is not pom.
[INFO] 
[INFO] --- maven-jar-plugin:3.2.0:test-jar (default) @ pinot-avro ---
[INFO] Building jar: /home/srafi/after-cam-ready/compare_/compile_repair_output/work/4b0a56842621/pinot-plugins/pinot-input-format/pinot-avro/target/pinot-avro-0.12.0-SNAPSHOT-tests.jar
[INFO] 
[INFO] --- maven-surefire-plugin:3.0.0-M8-SNAPSHOT:test (integration-tests) @ pinot-avro ---
[INFO] Tests are skipped.
[INFO] 
[INFO] --- spotless-maven-plugin:2.28.0:check (default) @ pinot-avro ---
[INFO] 
[INFO] --- maven-install-plugin:2.5.2:install (default-install) @ pinot-avro ---
[INFO] Installing /home/srafi/after-cam-ready/compare_/compile_repair_output/work/4b0a56842621/pinot-plugins/pinot-input-format/pinot-avro/target/pinot-avro-0.12.0-SNAPSHOT.jar to /home/srafi/.m2/repository/org/apache/pinot/pinot-avro/0.12.0-SNAPSHOT/pinot-avro-0.12.0-SNAPSHOT.jar
[INFO] Installing /home/srafi/after-cam-ready/compare_/compile_repair_output/work/4b0a56842621/pinot-plugins/pinot-input-format/pinot-avro/pom.xml to /home/srafi/.m2/repository/org/apache/pinot/pinot-avro/0.12.0-SNAPSHOT/pinot-avro-0.12.0-SNAPSHOT.pom
[INFO] Installing /home/srafi/after-cam-ready/compare_/compile_repair_output/work/4b0a56842621/pinot-plugins/pinot-input-format/pinot-avro/target/pinot-avro-0.12.0-SNAPSHOT-shaded.jar to /home/srafi/.m2/repository/org/apache/pinot/pinot-avro/0.12.0-SNAPSHOT/pinot-avro-0.12.0-SNAPSHOT-shaded.jar
[INFO] Installing /home/srafi/after-cam-ready/compare_/compile_repair_output/work/4b0a56842621/pinot-plugins/pinot-input-format/pinot-avro/target/pinot-avro-0.12.0-SNAPSHOT-tests.jar to /home/srafi/.m2/repository/org/apache/pinot/pinot-avro/0.12.0-SNAPSHOT/pinot-avro-0.12.0-SNAPSHOT-tests.jar
[INFO] 
[INFO] ---------------------< org.apache.pinot:pinot-csv >---------------------
[INFO] Building Pinot Csv 0.12.0-SNAPSHOT                               [12/15]
[INFO] --------------------------------[ jar ]---------------------------------
[INFO] 
[INFO] --- maven-clean-plugin:3.1.0:clean (default-clean) @ pinot-csv ---
[INFO] 
[INFO] --- maven-checkstyle-plugin:3.1.2:check (checkstyle) @ pinot-csv ---
[INFO] 
[INFO] --- buildnumber-maven-plugin:1.3:create (default) @ pinot-csv ---
[INFO] Executing: /bin/sh -c cd /home/srafi/after-cam-ready/compare_/compile_repair_output/work/4b0a56842621/pinot-plugins/pinot-input-format/pinot-csv && git rev-parse --verify HEAD
[INFO] Working directory: /home/srafi/after-cam-ready/compare_/compile_repair_output/work/4b0a56842621/pinot-plugins/pinot-input-format/pinot-csv
[INFO] Storing buildNumber: ecf41be2ecd007853c2db19e1c6a038cf356cb9e at timestamp: 1786823863862
[WARNING] Cannot get the branch information from the git repository: 
Detecting the current branch failed: fatal: ref HEAD is not a symbolic ref

[INFO] Executing: /bin/sh -c cd /home/srafi/after-cam-ready/compare_/compile_repair_output/work/4b0a56842621/pinot-plugins/pinot-input-format/pinot-csv && git rev-parse --verify HEAD
[INFO] Working directory: /home/srafi/after-cam-ready/compare_/compile_repair_output/work/4b0a56842621/pinot-plugins/pinot-input-format/pinot-csv
[INFO] Storing buildScmBranch: UNKNOWN
[INFO] 
[INFO] --- maven-remote-resources-plugin:1.6.0:process (process-resource-bundles) @ pinot-csv ---
[INFO] Preparing remote bundle org.apache:apache-jar-resource-bundle:1.4
[INFO] Copying 3 resources from 1 bundle.
[INFO] 
[INFO] --- maven-remote-resources-plugin:1.6.0:process (default) @ pinot-csv ---
[INFO] Preparing remote bundle org.apache:apache-jar-resource-bundle:1.4
[INFO] Copying 3 resources from 1 bundle.
[INFO] 
[INFO] --- maven-resources-plugin:2.6:resources (default-resources) @ pinot-csv ---
[INFO] Using 'UTF-8' encoding to copy filtered resources.
[INFO] skip non existing resourceDirectory /home/srafi/after-cam-ready/compare_/compile_repair_output/work/4b0a56842621/pinot-plugins/pinot-input-format/pinot-csv/src/main/resources
[INFO] Copying 3 resources
[INFO] Copying 3 resources
[INFO] 
[INFO] --- maven-compiler-plugin:3.8.0:compile (default-compile) @ pinot-csv ---
[INFO] Changes detected - recompiling the module!
[INFO] Compiling 5 source files to /home/srafi/after-cam-ready/compare_/compile_repair_output/work/4b0a56842621/pinot-plugins/pinot-input-format/pinot-csv/target/classes
[INFO] 
[INFO] --- maven-resources-plugin:2.6:testResources (default-testResources) @ pinot-csv ---
[INFO] Using 'UTF-8' encoding to copy filtered resources.
[INFO] Copying 1 resource
[INFO] Copying 3 resources
[INFO] Copying 3 resources
[INFO] 
[INFO] --- maven-compiler-plugin:3.8.0:testCompile (default-testCompile) @ pinot-csv ---
[INFO] Changes detected - recompiling the module!
[INFO] Compiling 4 source files to /home/srafi/after-cam-ready/compare_/compile_repair_output/work/4b0a56842621/pinot-plugins/pinot-input-format/pinot-csv/target/test-classes
[INFO] 
[INFO] --- maven-surefire-plugin:3.0.0-M8-SNAPSHOT:test (default-test) @ pinot-csv ---
[INFO] Tests are skipped.
[INFO] 
[INFO] --- maven-jar-plugin:3.2.0:jar (default-jar) @ pinot-csv ---
[INFO] Building jar: /home/srafi/after-cam-ready/compare_/compile_repair_output/work/4b0a56842621/pinot-plugins/pinot-input-format/pinot-csv/target/pinot-csv-0.12.0-SNAPSHOT.jar
[INFO] 
[INFO] --- maven-shade-plugin:3.2.1:shade (default) @ pinot-csv ---
[INFO] Including org.apache.commons:commons-csv:jar:1.0 in the shaded jar.
[INFO] Including commons-lang:commons-lang:jar:2.6 in the shaded jar.
[INFO] Including org.slf4j:slf4j-api:jar:1.7.25 in the shaded jar.
[INFO] Attaching shaded artifact.
[INFO] 
[INFO] --- maven-site-plugin:3.7.1:attach-descriptor (attach-descriptor) @ pinot-csv ---
[INFO] Skipping because packaging 'jar' is not pom.
[INFO] 
[INFO] --- maven-jar-plugin:3.2.0:test-jar (default) @ pinot-csv ---
[INFO] Building jar: /home/srafi/after-cam-ready/compare_/compile_repair_output/work/4b0a56842621/pinot-plugins/pinot-input-format/pinot-csv/target/pinot-csv-0.12.0-SNAPSHOT-tests.jar
[INFO] 
[INFO] --- maven-surefire-plugin:3.0.0-M8-SNAPSHOT:test (integration-tests) @ pinot-csv ---
[INFO] Tests are skipped.
[INFO] 
[INFO] --- spotless-maven-plugin:2.28.0:check (default) @ pinot-csv ---
[INFO] 
[INFO] --- maven-install-plugin:2.5.2:install (default-install) @ pinot-csv ---
[INFO] Installing /home/srafi/after-cam-ready/compare_/compile_repair_output/work/4b0a56842621/pinot-plugins/pinot-input-format/pinot-csv/target/pinot-csv-0.12.0-SNAPSHOT.jar to /home/srafi/.m2/repository/org/apache/pinot/pinot-csv/0.12.0-SNAPSHOT/pinot-csv-0.12.0-SNAPSHOT.jar
[INFO] Installing /home/srafi/after-cam-ready/compare_/compile_repair_output/work/4b0a56842621/pinot-plugins/pinot-input-format/pinot-csv/pom.xml to /home/srafi/.m2/repository/org/apache/pinot/pinot-csv/0.12.0-SNAPSHOT/pinot-csv-0.12.0-SNAPSHOT.pom
[INFO] Installing /home/srafi/after-cam-ready/compare_/compile_repair_output/work/4b0a56842621/pinot-plugins/pinot-input-format/pinot-csv/target/pinot-csv-0.12.0-SNAPSHOT-shaded.jar to /home/srafi/.m2/repository/org/apache/pinot/pinot-csv/0.12.0-SNAPSHOT/pinot-csv-0.12.0-SNAPSHOT-shaded.jar
[INFO] Installing /home/srafi/after-cam-ready/compare_/compile_repair_output/work/4b0a56842621/pinot-plugins/pinot-input-format/pinot-csv/target/pinot-csv-0.12.0-SNAPSHOT-tests.jar to /home/srafi/.m2/repository/org/apache/pinot/pinot-csv/0.12.0-SNAPSHOT/pinot-csv-0.12.0-SNAPSHOT-tests.jar
[INFO] 
[INFO] --------------------< org.apache.pinot:pinot-json >---------------------
[INFO] Building Pinot JSON 0.12.0-SNAPSHOT                              [13/15]
[INFO] --------------------------------[ jar ]---------------------------------
[INFO] 
[INFO] --- maven-clean-plugin:3.1.0:clean (default-clean) @ pinot-json ---
[INFO] 
[INFO] --- maven-checkstyle-plugin:3.1.2:check (checkstyle) @ pinot-json ---
[INFO] 
[INFO] --- buildnumber-maven-plugin:1.3:create (default) @ pinot-json ---
[INFO] Executing: /bin/sh -c cd /home/srafi/after-cam-ready/compare_/compile_repair_output/work/4b0a56842621/pinot-plugins/pinot-input-format/pinot-json && git rev-parse --verify HEAD
[INFO] Working directory: /home/srafi/after-cam-ready/compare_/compile_repair_output/work/4b0a56842621/pinot-plugins/pinot-input-format/pinot-json
[INFO] Storing buildNumber: ecf41be2ecd007853c2db19e1c6a038cf356cb9e at timestamp: 1786823865572
[WARNING] Cannot get the branch information from the git repository: 
Detecting the current branch failed: fatal: ref HEAD is not a symbolic ref

[INFO] Executing: /bin/sh -c cd /home/srafi/after-cam-ready/compare_/compile_repair_output/work/4b0a56842621/pinot-plugins/pinot-input-format/pinot-json && git rev-parse --verify HEAD
[INFO] Working directory: /home/srafi/after-cam-ready/compare_/compile_repair_output/work/4b0a56842621/pinot-plugins/pinot-input-format/pinot-json
[INFO] Storing buildScmBranch: UNKNOWN
[INFO] 
[INFO] --- maven-remote-resources-plugin:1.6.0:process (process-resource-bundles) @ pinot-json ---
[INFO] Preparing remote bundle org.apache:apache-jar-resource-bundle:1.4
[INFO] Copying 3 resources from 1 bundle.
[INFO] 
[INFO] --- maven-remote-resources-plugin:1.6.0:process (default) @ pinot-json ---
[INFO] Preparing remote bundle org.apache:apache-jar-resource-bundle:1.4
[INFO] Copying 3 resources from 1 bundle.
[INFO] 
[INFO] --- maven-resources-plugin:2.6:resources (default-resources) @ pinot-json ---
[INFO] Using 'UTF-8' encoding to copy filtered resources.
[INFO] skip non existing resourceDirectory /home/srafi/after-cam-ready/compare_/compile_repair_output/work/4b0a56842621/pinot-plugins/pinot-input-format/pinot-json/src/main/resources
[INFO] Copying 3 resources
[INFO] Copying 3 resources
[INFO] 
[INFO] --- maven-compiler-plugin:3.8.0:compile (default-compile) @ pinot-json ---
[INFO] Changes detected - recompiling the module!
[INFO] Compiling 3 source files to /home/srafi/after-cam-ready/compare_/compile_repair_output/work/4b0a56842621/pinot-plugins/pinot-input-format/pinot-json/target/classes
[INFO] 
[INFO] --- maven-resources-plugin:2.6:testResources (default-testResources) @ pinot-json ---
[INFO] Using 'UTF-8' encoding to copy filtered resources.
[INFO] Copying 1 resource
[INFO] Copying 3 resources
[INFO] Copying 3 resources
[INFO] 
[INFO] --- maven-compiler-plugin:3.8.0:testCompile (default-testCompile) @ pinot-json ---
[INFO] Changes detected - recompiling the module!
[INFO] Compiling 3 source files to /home/srafi/after-cam-ready/compare_/compile_repair_output/work/4b0a56842621/pinot-plugins/pinot-input-format/pinot-json/target/test-classes
[INFO] 
[INFO] --- maven-surefire-plugin:3.0.0-M8-SNAPSHOT:test (default-test) @ pinot-json ---
[INFO] Tests are skipped.
[INFO] 
[INFO] --- maven-jar-plugin:3.2.0:jar (default-jar) @ pinot-json ---
[INFO] Building jar: /home/srafi/after-cam-ready/compare_/compile_repair_output/work/4b0a56842621/pinot-plugins/pinot-input-format/pinot-json/target/pinot-json-0.12.0-SNAPSHOT.jar
[INFO] 
[INFO] --- maven-shade-plugin:3.2.1:shade (default) @ pinot-json ---
[INFO] Including commons-lang:commons-lang:jar:2.6 in the shaded jar.
[INFO] Including org.slf4j:slf4j-api:jar:1.7.25 in the shaded jar.
[INFO] Attaching shaded artifact.
[INFO] 
[INFO] --- maven-site-plugin:3.7.1:attach-descriptor (attach-descriptor) @ pinot-json ---
[INFO] Skipping because packaging 'jar' is not pom.
[INFO] 
[INFO] --- maven-jar-plugin:3.2.0:test-jar (default) @ pinot-json ---
[INFO] Building jar: /home/srafi/after-cam-ready/compare_/compile_repair_output/work/4b0a56842621/pinot-plugins/pinot-input-format/pinot-json/target/pinot-json-0.12.0-SNAPSHOT-tests.jar
[INFO] 
[INFO] --- maven-surefire-plugin:3.0.0-M8-SNAPSHOT:test (integration-tests) @ pinot-json ---
[INFO] Tests are skipped.
[INFO] 
[INFO] --- spotless-maven-plugin:2.28.0:check (default) @ pinot-json ---
[INFO] 
[INFO] --- maven-install-plugin:2.5.2:install (default-install) @ pinot-json ---
[INFO] Installing /home/srafi/after-cam-ready/compare_/compile_repair_output/work/4b0a56842621/pinot-plugins/pinot-input-format/pinot-json/target/pinot-json-0.12.0-SNAPSHOT.jar to /home/srafi/.m2/repository/org/apache/pinot/pinot-json/0.12.0-SNAPSHOT/pinot-json-0.12.0-SNAPSHOT.jar
[INFO] Installing /home/srafi/after-cam-ready/compare_/compile_repair_output/work/4b0a56842621/pinot-plugins/pinot-input-format/pinot-json/pom.xml to /home/srafi/.m2/repository/org/apache/pinot/pinot-json/0.12.0-SNAPSHOT/pinot-json-0.12.0-SNAPSHOT.pom
[INFO] Installing /home/srafi/after-cam-ready/compare_/compile_repair_output/work/4b0a56842621/pinot-plugins/pinot-input-format/pinot-json/target/pinot-json-0.12.0-SNAPSHOT-shaded.jar to /home/srafi/.m2/repository/org/apache/pinot/pinot-json/0.12.0-SNAPSHOT/pinot-json-0.12.0-SNAPSHOT-shaded.jar
[INFO] Installing /home/srafi/after-cam-ready/compare_/compile_repair_output/work/4b0a56842621/pinot-plugins/pinot-input-format/pinot-json/target/pinot-json-0.12.0-SNAPSHOT-tests.jar to /home/srafi/.m2/repository/org/apache/pinot/pinot-json/0.12.0-SNAPSHOT/pinot-json-0.12.0-SNAPSHOT-tests.jar
[INFO] 
[INFO] ----------------< org.apache.pinot:pinot-segment-local >----------------
[INFO] Building Pinot local segment implementations 0.12.0-SNAPSHOT     [14/15]
[INFO] --------------------------------[ jar ]---------------------------------
[INFO] Downloading from central: https://repo.maven.apache.org/maven2/com/uber/h3/4.0.0/h3-4.0.0.pom
[INFO] Downloaded from central: https://repo.maven.apache.org/maven2/com/uber/h3/4.0.0/h3-4.0.0.pom (15 kB at 448 kB/s)
[INFO] Downloading from central: https://repo.maven.apache.org/maven2/com/uber/h3/4.0.0/h3-4.0.0.jar
[INFO] Downloaded from central: https://repo.maven.apache.org/maven2/com/uber/h3/4.0.0/h3-4.0.0.jar (1.1 MB at 4.8 MB/s)
[INFO] 
[INFO] --- maven-clean-plugin:3.1.0:clean (default-clean) @ pinot-segment-local ---
[INFO] 
[INFO] --- maven-checkstyle-plugin:3.1.2:check (checkstyle) @ pinot-segment-local ---
[INFO] 
[INFO] --- buildnumber-maven-plugin:1.3:create (default) @ pinot-segment-local ---
[INFO] Executing: /bin/sh -c cd /home/srafi/after-cam-ready/compare_/compile_repair_output/work/4b0a56842621/pinot-segment-local && git rev-parse --verify HEAD
[INFO] Working directory: /home/srafi/after-cam-ready/compare_/compile_repair_output/work/4b0a56842621/pinot-segment-local
[INFO] Storing buildNumber: ecf41be2ecd007853c2db19e1c6a038cf356cb9e at timestamp: 1786823867502
[WARNING] Cannot get the branch information from the git repository: 
Detecting the current branch failed: fatal: ref HEAD is not a symbolic ref

[INFO] Executing: /bin/sh -c cd /home/srafi/after-cam-ready/compare_/compile_repair_output/work/4b0a56842621/pinot-segment-local && git rev-parse --verify HEAD
[INFO] Working directory: /home/srafi/after-cam-ready/compare_/compile_repair_output/work/4b0a56842621/pinot-segment-local
[INFO] Storing buildScmBranch: UNKNOWN
[INFO] 
[INFO] --- maven-remote-resources-plugin:1.6.0:process (process-resource-bundles) @ pinot-segment-local ---
[INFO] Preparing remote bundle org.apache:apache-jar-resource-bundle:1.4
[INFO] Copying 3 resources from 1 bundle.
[INFO] artifact io.grpc:grpc-core: checking for updates from central
[INFO] artifact io.grpc:grpc-api: checking for updates from central
[INFO] 
[INFO] --- maven-remote-resources-plugin:1.6.0:process (default) @ pinot-segment-local ---
[INFO] Preparing remote bundle org.apache:apache-jar-resource-bundle:1.4
[INFO] Copying 3 resources from 1 bundle.
[INFO] artifact io.grpc:grpc-core: checking for updates from central
[INFO] artifact io.grpc:grpc-api: checking for updates from central
[INFO] 
[INFO] --- maven-resources-plugin:2.6:resources (default-resources) @ pinot-segment-local ---
[INFO] Using 'UTF-8' encoding to copy filtered resources.
[INFO] skip non existing resourceDirectory /home/srafi/after-cam-ready/compare_/compile_repair_output/work/4b0a56842621/pinot-segment-local/src/main/resources
[INFO] Copying 3 resources
[INFO] Copying 3 resources
[INFO] 
[INFO] --- maven-compiler-plugin:3.8.0:compile (default-compile) @ pinot-segment-local ---
[INFO] Changes detected - recompiling the module!
[INFO] Compiling 367 source files to /home/srafi/after-cam-ready/compare_/compile_repair_output/work/4b0a56842621/pinot-segment-local/target/classes
[INFO] 
[INFO] --- maven-resources-plugin:2.6:testResources (default-testResources) @ pinot-segment-local ---
[INFO] Using 'UTF-8' encoding to copy filtered resources.
[INFO] Copying 44 resources
[INFO] Copying 3 resources
[INFO] Copying 3 resources
[INFO] 
[INFO] --- maven-compiler-plugin:3.8.0:testCompile (default-testCompile) @ pinot-segment-local ---
[INFO] Changes detected - recompiling the module!
[INFO] Compiling 131 source files to /home/srafi/after-cam-ready/compare_/compile_repair_output/work/4b0a56842621/pinot-segment-local/target/test-classes
[INFO] 
[INFO] --- maven-surefire-plugin:3.0.0-M8-SNAPSHOT:test (default-test) @ pinot-segment-local ---
[INFO] Tests are skipped.
[INFO] 
[INFO] --- maven-jar-plugin:3.2.0:jar (default-jar) @ pinot-segment-local ---
[INFO] Building jar: /home/srafi/after-cam-ready/compare_/compile_repair_output/work/4b0a56842621/pinot-segment-local/target/pinot-segment-local-0.12.0-SNAPSHOT.jar
[INFO] 
[INFO] --- maven-jar-plugin:3.2.0:test-jar (default) @ pinot-segment-local ---
[INFO] Building jar: /home/srafi/after-cam-ready/compare_/compile_repair_output/work/4b0a56842621/pinot-segment-local/target/pinot-segment-local-0.12.0-SNAPSHOT-tests.jar
[INFO] 
[INFO] --- maven-site-plugin:3.7.1:attach-descriptor (attach-descriptor) @ pinot-segment-local ---
[INFO] Skipping because packaging 'jar' is not pom.
[INFO] 
[INFO] --- maven-surefire-plugin:3.0.0-M8-SNAPSHOT:test (integration-tests) @ pinot-segment-local ---
[INFO] Tests are skipped.
[INFO] 
[INFO] --- spotless-maven-plugin:2.28.0:check (default) @ pinot-segment-local ---
[INFO] 
[INFO] --- maven-install-plugin:2.5.2:install (default-install) @ pinot-segment-local ---
[INFO] Installing /home/srafi/after-cam-ready/compare_/compile_repair_output/work/4b0a56842621/pinot-segment-local/target/pinot-segment-local-0.12.0-SNAPSHOT.jar to /home/srafi/.m2/repository/org/apache/pinot/pinot-segment-local/0.12.0-SNAPSHOT/pinot-segment-local-0.12.0-SNAPSHOT.jar
[INFO] Installing /home/srafi/after-cam-ready/compare_/compile_repair_output/work/4b0a56842621/pinot-segment-local/pom.xml to /home/srafi/.m2/repository/org/apache/pinot/pinot-segment-local/0.12.0-SNAPSHOT/pinot-segment-local-0.12.0-SNAPSHOT.pom
[INFO] Installing /home/srafi/after-cam-ready/compare_/compile_repair_output/work/4b0a56842621/pinot-segment-local/target/pinot-segment-local-0.12.0-SNAPSHOT-tests.jar to /home/srafi/.m2/repository/org/apache/pinot/pinot-segment-local/0.12.0-SNAPSHOT/pinot-segment-local-0.12.0-SNAPSHOT-tests.jar
[INFO] 
[INFO] --------------------< org.apache.pinot:pinot-core >---------------------
[INFO] Building Pinot Core 0.12.0-SNAPSHOT                              [15/15]
[INFO] --------------------------------[ jar ]---------------------------------
[INFO] Downloading from central: https://repo.maven.apache.org/maven2/io/netty/netty-transport-native-kqueue/4.1.79.Final/netty-transport-native-kqueue-4.1.79.Final.pom
[INFO] Downloaded from central: https://repo.maven.apache.org/maven2/io/netty/netty-transport-native-kqueue/4.1.79.Final/netty-transport-native-kqueue-4.1.79.Final.pom (25 kB at 796 kB/s)
[INFO] Downloading from central: https://repo.maven.apache.org/maven2/io/netty/netty-transport-classes-kqueue/4.1.79.Final/netty-transport-classes-kqueue-4.1.79.Final.pom
[INFO] Downloaded from central: https://repo.maven.apache.org/maven2/io/netty/netty-transport-classes-kqueue/4.1.79.Final/netty-transport-classes-kqueue-4.1.79.Final.pom (2.1 kB at 55 kB/s)
[INFO] Downloading from central: https://repo.maven.apache.org/maven2/io/netty/netty-tcnative-boringssl-static/2.0.53.Final/netty-tcnative-boringssl-static-2.0.53.Final.pom
[INFO] Downloaded from central: https://repo.maven.apache.org/maven2/io/netty/netty-tcnative-boringssl-static/2.0.53.Final/netty-tcnative-boringssl-static-2.0.53.Final.pom (5.3 kB at 146 kB/s)
[INFO] Downloading from central: https://repo.maven.apache.org/maven2/io/netty/netty-tcnative-classes/2.0.53.Final/netty-tcnative-classes-2.0.53.Final.pom
[INFO] Downloaded from central: https://repo.maven.apache.org/maven2/io/netty/netty-tcnative-classes/2.0.53.Final/netty-tcnative-classes-2.0.53.Final.pom (1.6 kB at 40 kB/s)
[INFO] Downloading from central: https://repo.maven.apache.org/maven2/io/netty/netty-tcnative-parent/2.0.53.Final/netty-tcnative-parent-2.0.53.Final.pom
[INFO] Downloaded from central: https://repo.maven.apache.org/maven2/io/netty/netty-tcnative-parent/2.0.53.Final/netty-tcnative-parent-2.0.53.Final.pom (39 kB at 931 kB/s)
[INFO] Downloading from central: https://repo.maven.apache.org/maven2/io/netty/netty-all/4.1.79.Final/netty-all-4.1.79.Final.pom
[INFO] Downloaded from central: https://repo.maven.apache.org/maven2/io/netty/netty-all/4.1.79.Final/netty-all-4.1.79.Final.pom (33 kB at 920 kB/s)
[INFO] Downloading from central: https://repo.maven.apache.org/maven2/io/netty/netty-codec-dns/4.1.79.Final/netty-codec-dns-4.1.79.Final.pom
[INFO] Downloaded from central: https://repo.maven.apache.org/maven2/io/netty/netty-codec-dns/4.1.79.Final/netty-codec-dns-4.1.79.Final.pom (2.1 kB at 63 kB/s)
[INFO] Downloading from central: https://repo.maven.apache.org/maven2/io/netty/netty-codec-haproxy/4.1.79.Final/netty-codec-haproxy-4.1.79.Final.pom
[INFO] Downloaded from central: https://repo.maven.apache.org/maven2/io/netty/netty-codec-haproxy/4.1.79.Final/netty-codec-haproxy-4.1.79.Final.pom (1.8 kB at 51 kB/s)
[INFO] Downloading from central: https://repo.maven.apache.org/maven2/io/netty/netty-codec-http/4.1.79.Final/netty-codec-http-4.1.79.Final.pom
[INFO] Downloaded from central: https://repo.maven.apache.org/maven2/io/netty/netty-codec-http/4.1.79.Final/netty-codec-http-4.1.79.Final.pom (3.3 kB at 95 kB/s)
[INFO] Downloading from central: https://repo.maven.apache.org/maven2/io/netty/netty-codec-http2/4.1.79.Final/netty-codec-http2-4.1.79.Final.pom
[INFO] Downloaded from central: https://repo.maven.apache.org/maven2/io/netty/netty-codec-http2/4.1.79.Final/netty-codec-http2-4.1.79.Final.pom (3.6 kB at 73 kB/s)
[INFO] Downloading from central: https://repo.maven.apache.org/maven2/io/netty/netty-codec-memcache/4.1.79.Final/netty-codec-memcache-4.1.79.Final.pom
[INFO] Downloaded from central: https://repo.maven.apache.org/maven2/io/netty/netty-codec-memcache/4.1.79.Final/netty-codec-memcache-4.1.79.Final.pom (2.0 kB at 71 kB/s)
[INFO] Downloading from central: https://repo.maven.apache.org/maven2/io/netty/netty-codec-mqtt/4.1.79.Final/netty-codec-mqtt-4.1.79.Final.pom
[INFO] Downloaded from central: https://repo.maven.apache.org/maven2/io/netty/netty-codec-mqtt/4.1.79.Final/netty-codec-mqtt-4.1.79.Final.pom (2.1 kB at 72 kB/s)
[INFO] Downloading from central: https://repo.maven.apache.org/maven2/io/netty/netty-codec-redis/4.1.79.Final/netty-codec-redis-4.1.79.Final.pom
[INFO] Downloaded from central: https://repo.maven.apache.org/maven2/io/netty/netty-codec-redis/4.1.79.Final/netty-codec-redis-4.1.79.Final.pom (2.0 kB at 58 kB/s)
[INFO] Downloading from central: https://repo.maven.apache.org/maven2/io/netty/netty-codec-smtp/4.1.79.Final/netty-codec-smtp-4.1.79.Final.pom
[INFO] Downloaded from central: https://repo.maven.apache.org/maven2/io/netty/netty-codec-smtp/4.1.79.Final/netty-codec-smtp-4.1.79.Final.pom (2.0 kB at 66 kB/s)
[INFO] Downloading from central: https://repo.maven.apache.org/maven2/io/netty/netty-codec-socks/4.1.79.Final/netty-codec-socks-4.1.79.Final.pom
[INFO] Downloaded from central: https://repo.maven.apache.org/maven2/io/netty/netty-codec-socks/4.1.79.Final/netty-codec-socks-4.1.79.Final.pom (2.0 kB at 55 kB/s)
[INFO] Downloading from central: https://repo.maven.apache.org/maven2/io/netty/netty-codec-stomp/4.1.79.Final/netty-codec-stomp-4.1.79.Final.pom
[INFO] Downloaded from central: https://repo.maven.apache.org/maven2/io/netty/netty-codec-stomp/4.1.79.Final/netty-codec-stomp-4.1.79.Final.pom (2.0 kB at 64 kB/s)
[INFO] Downloading from central: https://repo.maven.apache.org/maven2/io/netty/netty-codec-xml/4.1.79.Final/netty-codec-xml-4.1.79.Final.pom
[INFO] Downloaded from central: https://repo.maven.apache.org/maven2/io/netty/netty-codec-xml/4.1.79.Final/netty-codec-xml-4.1.79.Final.pom (1.9 kB at 62 kB/s)
[INFO] Downloading from central: https://repo.maven.apache.org/maven2/io/netty/netty-handler-proxy/4.1.79.Final/netty-handler-proxy-4.1.79.Final.pom
[INFO] Downloaded from central: https://repo.maven.apache.org/maven2/io/netty/netty-handler-proxy/4.1.79.Final/netty-handler-proxy-4.1.79.Final.pom (2.8 kB at 85 kB/s)
[INFO] Downloading from central: https://repo.maven.apache.org/maven2/io/netty/netty-resolver-dns/4.1.79.Final/netty-resolver-dns-4.1.79.Final.pom
[INFO] Downloaded from central: https://repo.maven.apache.org/maven2/io/netty/netty-resolver-dns/4.1.79.Final/netty-resolver-dns-4.1.79.Final.pom (3.2 kB at 96 kB/s)
[INFO] Downloading from central: https://repo.maven.apache.org/maven2/io/netty/netty-transport-rxtx/4.1.79.Final/netty-transport-rxtx-4.1.79.Final.pom
[INFO] Downloaded from central: https://repo.maven.apache.org/maven2/io/netty/netty-transport-rxtx/4.1.79.Final/netty-transport-rxtx-4.1.79.Final.pom (1.8 kB at 52 kB/s)
[INFO] Downloading from central: https://repo.maven.apache.org/maven2/io/netty/netty-transport-sctp/4.1.79.Final/netty-transport-sctp-4.1.79.Final.pom
[INFO] Downloaded from central: https://repo.maven.apache.org/maven2/io/netty/netty-transport-sctp/4.1.79.Final/netty-transport-sctp-4.1.79.Final.pom (2.4 kB at 79 kB/s)
[INFO] Downloading from central: https://repo.maven.apache.org/maven2/io/netty/netty-transport-udt/4.1.79.Final/netty-transport-udt-4.1.79.Final.pom
[INFO] Downloaded from central: https://repo.maven.apache.org/maven2/io/netty/netty-transport-udt/4.1.79.Final/netty-transport-udt-4.1.79.Final.pom (2.7 kB at 76 kB/s)
[INFO] Downloading from central: https://repo.maven.apache.org/maven2/io/netty/netty-resolver-dns-classes-macos/4.1.79.Final/netty-resolver-dns-classes-macos-4.1.79.Final.pom
[INFO] Downloaded from central: https://repo.maven.apache.org/maven2/io/netty/netty-resolver-dns-classes-macos/4.1.79.Final/netty-resolver-dns-classes-macos-4.1.79.Final.pom (2.0 kB at 66 kB/s)
[INFO] Downloading from central: https://repo.maven.apache.org/maven2/io/netty/netty-resolver-dns-native-macos/4.1.79.Final/netty-resolver-dns-native-macos-4.1.79.Final.pom
[INFO] Downloaded from central: https://repo.maven.apache.org/maven2/io/netty/netty-resolver-dns-native-macos/4.1.79.Final/netty-resolver-dns-native-macos-4.1.79.Final.pom (13 kB at 415 kB/s)
[INFO] Downloading from central: https://repo.maven.apache.org/maven2/org/glassfish/jersey/containers/jersey-container-grizzly2-http/2.35/jersey-container-grizzly2-http-2.35.pom
[INFO] Downloaded from central: https://repo.maven.apache.org/maven2/org/glassfish/jersey/containers/jersey-container-grizzly2-http/2.35/jersey-container-grizzly2-http-2.35.pom (2.4 kB at 70 kB/s)
[INFO] Downloading from central: https://repo.maven.apache.org/maven2/org/glassfish/jersey/containers/project/2.35/project-2.35.pom
[INFO] Downloaded from central: https://repo.maven.apache.org/maven2/org/glassfish/jersey/containers/project/2.35/project-2.35.pom (2.8 kB at 96 kB/s)
[INFO] Downloading from central: https://repo.maven.apache.org/maven2/io/netty/netty-transport-native-epoll/4.1.79.Final/netty-transport-native-epoll-4.1.79.Final-linux-x86_64.jar
[INFO] Downloading from central: https://repo.maven.apache.org/maven2/io/netty/netty-transport-native-kqueue/4.1.79.Final/netty-transport-native-kqueue-4.1.79.Final-osx-x86_64.jar
[INFO] Downloading from central: https://repo.maven.apache.org/maven2/io/netty/netty-transport-classes-kqueue/4.1.79.Final/netty-transport-classes-kqueue-4.1.79.Final.jar
[INFO] Downloading from central: https://repo.maven.apache.org/maven2/io/netty/netty-tcnative-boringssl-static/2.0.53.Final/netty-tcnative-boringssl-static-2.0.53.Final-linux-x86_64.jar
[INFO] Downloading from central: https://repo.maven.apache.org/maven2/io/netty/netty-tcnative-classes/2.0.53.Final/netty-tcnative-classes-2.0.53.Final.jar
[INFO] Downloaded from central: https://repo.maven.apache.org/maven2/io/netty/netty-transport-native-epoll/4.1.79.Final/netty-transport-native-epoll-4.1.79.Final-linux-x86_64.jar (38 kB at 1.1 MB/s)
[INFO] Downloading from central: https://repo.maven.apache.org/maven2/io/netty/netty-tcnative-boringssl-static/2.0.53.Final/netty-tcnative-boringssl-static-2.0.53.Final-linux-aarch_64.jar
[INFO] Downloaded from central: https://repo.maven.apache.org/maven2/io/netty/netty-transport-native-kqueue/4.1.79.Final/netty-transport-native-kqueue-4.1.79.Final-osx-x86_64.jar (26 kB at 384 kB/s)
[INFO] Downloading from central: https://repo.maven.apache.org/maven2/io/netty/netty-tcnative-boringssl-static/2.0.53.Final/netty-tcnative-boringssl-static-2.0.53.Final-osx-aarch_64.jar
[INFO] Downloaded from central: https://repo.maven.apache.org/maven2/io/netty/netty-tcnative-classes/2.0.53.Final/netty-tcnative-classes-2.0.53.Final.jar (35 kB at 465 kB/s)
[INFO] Downloading from central: https://repo.maven.apache.org/maven2/io/netty/netty-tcnative-boringssl-static/2.0.53.Final/netty-tcnative-boringssl-static-2.0.53.Final-windows-x86_64.jar
[INFO] Downloaded from central: https://repo.maven.apache.org/maven2/io/netty/netty-transport-classes-kqueue/4.1.79.Final/netty-transport-classes-kqueue-4.1.79.Final.jar (108 kB at 1.4 MB/s)
[INFO] Downloading from central: https://repo.maven.apache.org/maven2/io/netty/netty-tcnative-boringssl-static/2.0.53.Final/netty-tcnative-boringssl-static-2.0.53.Final-osx-x86_64.jar
[INFO] Downloaded from central: https://repo.maven.apache.org/maven2/io/netty/netty-tcnative-boringssl-static/2.0.53.Final/netty-tcnative-boringssl-static-2.0.53.Final-linux-aarch_64.jar (964 kB at 10 MB/s)
[INFO] Downloading from central: https://repo.maven.apache.org/maven2/io/netty/netty-all/4.1.79.Final/netty-all-4.1.79.Final.jar
[INFO] Downloaded from central: https://repo.maven.apache.org/maven2/io/netty/netty-tcnative-boringssl-static/2.0.53.Final/netty-tcnative-boringssl-static-2.0.53.Final-linux-x86_64.jar (1.2 MB at 12 MB/s)
[INFO] Downloading from central: https://repo.maven.apache.org/maven2/io/netty/netty-codec-dns/4.1.79.Final/netty-codec-dns-4.1.79.Final.jar
[INFO] Downloaded from central: https://repo.maven.apache.org/maven2/io/netty/netty-tcnative-boringssl-static/2.0.53.Final/netty-tcnative-boringssl-static-2.0.53.Final-osx-aarch_64.jar (864 kB at 7.7 MB/s)
[INFO] Downloading from central: https://repo.maven.apache.org/maven2/io/netty/netty-codec-haproxy/4.1.79.Final/netty-codec-haproxy-4.1.79.Final.jar
[INFO] Downloaded from central: https://repo.maven.apache.org/maven2/io/netty/netty-all/4.1.79.Final/netty-all-4.1.79.Final.jar (4.4 kB at 36 kB/s)
[INFO] Downloading from central: https://repo.maven.apache.org/maven2/io/netty/netty-codec-http/4.1.79.Final/netty-codec-http-4.1.79.Final.jar
[INFO] Downloaded from central: https://repo.maven.apache.org/maven2/io/netty/netty-tcnative-boringssl-static/2.0.53.Final/netty-tcnative-boringssl-static-2.0.53.Final-windows-x86_64.jar (1.0 MB at 8.1 MB/s)
[INFO] Downloading from central: https://repo.maven.apache.org/maven2/io/netty/netty-codec-http2/4.1.79.Final/netty-codec-http2-4.1.79.Final.jar
[INFO] Downloaded from central: https://repo.maven.apache.org/maven2/io/netty/netty-codec-dns/4.1.79.Final/netty-codec-dns-4.1.79.Final.jar (65 kB at 481 kB/s)
[INFO] Downloading from central: https://repo.maven.apache.org/maven2/io/netty/netty-codec-memcache/4.1.79.Final/netty-codec-memcache-4.1.79.Final.jar
[INFO] Downloaded from central: https://repo.maven.apache.org/maven2/io/netty/netty-tcnative-boringssl-static/2.0.53.Final/netty-tcnative-boringssl-static-2.0.53.Final-osx-x86_64.jar (1.1 MB at 8.3 MB/s)
[INFO] Downloading from central: https://repo.maven.apache.org/maven2/io/netty/netty-codec-mqtt/4.1.79.Final/netty-codec-mqtt-4.1.79.Final.jar
[INFO] Downloaded from central: https://repo.maven.apache.org/maven2/io/netty/netty-codec-haproxy/4.1.79.Final/netty-codec-haproxy-4.1.79.Final.jar (36 kB at 257 kB/s)
[INFO] Downloading from central: https://repo.maven.apache.org/maven2/io/netty/netty-codec-redis/4.1.79.Final/netty-codec-redis-4.1.79.Final.jar
[INFO] Downloaded from central: https://repo.maven.apache.org/maven2/io/netty/netty-codec-http2/4.1.79.Final/netty-codec-http2-4.1.79.Final.jar (474 kB at 2.9 MB/s)
[INFO] Downloading from central: https://repo.maven.apache.org/maven2/io/netty/netty-codec-smtp/4.1.79.Final/netty-codec-smtp-4.1.79.Final.jar
[INFO] Downloaded from central: https://repo.maven.apache.org/maven2/io/netty/netty-codec-http/4.1.79.Final/netty-codec-http-4.1.79.Final.jar (640 kB at 4.0 MB/s)
[INFO] Downloading from central: https://repo.maven.apache.org/maven2/io/netty/netty-codec-socks/4.1.79.Final/netty-codec-socks-4.1.79.Final.jar
[INFO] Downloaded from central: https://repo.maven.apache.org/maven2/io/netty/netty-codec-mqtt/4.1.79.Final/netty-codec-mqtt-4.1.79.Final.jar (100 kB at 592 kB/s)
[INFO] Downloading from central: https://repo.maven.apache.org/maven2/io/netty/netty-codec-stomp/4.1.79.Final/netty-codec-stomp-4.1.79.Final.jar
[INFO] Downloaded from central: https://repo.maven.apache.org/maven2/io/netty/netty-codec-redis/4.1.79.Final/netty-codec-redis-4.1.79.Final.jar (45 kB at 260 kB/s)
[INFO] Downloading from central: https://repo.maven.apache.org/maven2/io/netty/netty-codec-xml/4.1.79.Final/netty-codec-xml-4.1.79.Final.jar
[INFO] Downloaded from central: https://repo.maven.apache.org/maven2/io/netty/netty-codec-memcache/4.1.79.Final/netty-codec-memcache-4.1.79.Final.jar (43 kB at 251 kB/s)
[INFO] Downloading from central: https://repo.maven.apache.org/maven2/io/netty/netty-handler-proxy/4.1.79.Final/netty-handler-proxy-4.1.79.Final.jar
[INFO] Downloaded from central: https://repo.maven.apache.org/maven2/io/netty/netty-codec-smtp/4.1.79.Final/netty-codec-smtp-4.1.79.Final.jar (20 kB at 103 kB/s)
[INFO] Downloading from central: https://repo.maven.apache.org/maven2/io/netty/netty-resolver-dns/4.1.79.Final/netty-resolver-dns-4.1.79.Final.jar
[INFO] Downloaded from central: https://repo.maven.apache.org/maven2/io/netty/netty-codec-stomp/4.1.79.Final/netty-codec-stomp-4.1.79.Final.jar (29 kB at 149 kB/s)
[INFO] Downloading from central: https://repo.maven.apache.org/maven2/io/netty/netty-transport-rxtx/4.1.79.Final/netty-transport-rxtx-4.1.79.Final.jar
[INFO] Downloaded from central: https://repo.maven.apache.org/maven2/io/netty/netty-codec-xml/4.1.79.Final/netty-codec-xml-4.1.79.Final.jar (18 kB at 92 kB/s)
[INFO] Downloading from central: https://repo.maven.apache.org/maven2/io/netty/netty-transport-sctp/4.1.79.Final/netty-transport-sctp-4.1.79.Final.jar
[INFO] Downloaded from central: https://repo.maven.apache.org/maven2/io/netty/netty-handler-proxy/4.1.79.Final/netty-handler-proxy-4.1.79.Final.jar (24 kB at 120 kB/s)
[INFO] Downloading from central: https://repo.maven.apache.org/maven2/io/netty/netty-transport-udt/4.1.79.Final/netty-transport-udt-4.1.79.Final.jar
[INFO] Downloaded from central: https://repo.maven.apache.org/maven2/io/netty/netty-codec-socks/4.1.79.Final/netty-codec-socks-4.1.79.Final.jar (119 kB at 541 kB/s)
[INFO] Downloading from central: https://repo.maven.apache.org/maven2/io/netty/netty-resolver-dns-classes-macos/4.1.79.Final/netty-resolver-dns-classes-macos-4.1.79.Final.jar
[INFO] Downloaded from central: https://repo.maven.apache.org/maven2/io/netty/netty-resolver-dns/4.1.79.Final/netty-resolver-dns-4.1.79.Final.jar (157 kB at 713 kB/s)
[INFO] Downloading from central: https://repo.maven.apache.org/maven2/io/netty/netty-transport-native-epoll/4.1.79.Final/netty-transport-native-epoll-4.1.79.Final-linux-aarch_64.jar
[INFO] Downloaded from central: https://repo.maven.apache.org/maven2/io/netty/netty-transport-udt/4.1.79.Final/netty-transport-udt-4.1.79.Final.jar (32 kB at 141 kB/s)
[INFO] Downloading from central: https://repo.maven.apache.org/maven2/io/netty/netty-transport-native-kqueue/4.1.79.Final/netty-transport-native-kqueue-4.1.79.Final-osx-aarch_64.jar
[INFO] Downloaded from central: https://repo.maven.apache.org/maven2/io/netty/netty-transport-rxtx/4.1.79.Final/netty-transport-rxtx-4.1.79.Final.jar (18 kB at 80 kB/s)
[INFO] Downloading from central: https://repo.maven.apache.org/maven2/io/netty/netty-resolver-dns-native-macos/4.1.79.Final/netty-resolver-dns-native-macos-4.1.79.Final-osx-x86_64.jar
[INFO] Downloaded from central: https://repo.maven.apache.org/maven2/io/netty/netty-transport-sctp/4.1.79.Final/netty-transport-sctp-4.1.79.Final.jar (49 kB at 215 kB/s)
[INFO] Downloading from central: https://repo.maven.apache.org/maven2/io/netty/netty-resolver-dns-native-macos/4.1.79.Final/netty-resolver-dns-native-macos-4.1.79.Final-osx-aarch_64.jar
[INFO] Downloaded from central: https://repo.maven.apache.org/maven2/io/netty/netty-resolver-dns-classes-macos/4.1.79.Final/netty-resolver-dns-classes-macos-4.1.79.Final.jar (9.1 kB at 37 kB/s)
[INFO] Downloading from central: https://repo.maven.apache.org/maven2/org/glassfish/jersey/containers/jersey-container-grizzly2-http/2.35/jersey-container-grizzly2-http-2.35.jar
[INFO] Downloaded from central: https://repo.maven.apache.org/maven2/io/netty/netty-transport-native-epoll/4.1.79.Final/netty-transport-native-epoll-4.1.79.Final-linux-aarch_64.jar (39 kB at 157 kB/s)
[INFO] Downloaded from central: https://repo.maven.apache.org/maven2/io/netty/netty-resolver-dns-native-macos/4.1.79.Final/netty-resolver-dns-native-macos-4.1.79.Final-osx-aarch_64.jar (19 kB at 73 kB/s)
[INFO] Downloaded from central: https://repo.maven.apache.org/maven2/io/netty/netty-transport-native-kqueue/4.1.79.Final/netty-transport-native-kqueue-4.1.79.Final-osx-aarch_64.jar (25 kB at 94 kB/s)
[INFO] Downloaded from central: https://repo.maven.apache.org/maven2/org/glassfish/jersey/containers/jersey-container-grizzly2-http/2.35/jersey-container-grizzly2-http-2.35.jar (42 kB at 153 kB/s)
[INFO] Downloaded from central: https://repo.maven.apache.org/maven2/io/netty/netty-resolver-dns-native-macos/4.1.79.Final/netty-resolver-dns-native-macos-4.1.79.Final-osx-x86_64.jar (19 kB at 66 kB/s)
[INFO] 
[INFO] --- maven-clean-plugin:3.1.0:clean (default-clean) @ pinot-core ---
[INFO] 
[INFO] --- maven-checkstyle-plugin:3.1.2:check (checkstyle) @ pinot-core ---
[INFO] 
[INFO] --- buildnumber-maven-plugin:1.3:create (default) @ pinot-core ---
[INFO] Executing: /bin/sh -c cd /home/srafi/after-cam-ready/compare_/compile_repair_output/work/4b0a56842621/pinot-core && git rev-parse --verify HEAD
[INFO] Working directory: /home/srafi/after-cam-ready/compare_/compile_repair_output/work/4b0a56842621/pinot-core
[INFO] Storing buildNumber: ecf41be2ecd007853c2db19e1c6a038cf356cb9e at timestamp: 1786823877815
[WARNING] Cannot get the branch information from the git repository: 
Detecting the current branch failed: fatal: ref HEAD is not a symbolic ref

[INFO] Executing: /bin/sh -c cd /home/srafi/after-cam-ready/compare_/compile_repair_output/work/4b0a56842621/pinot-core && git rev-parse --verify HEAD
[INFO] Working directory: /home/srafi/after-cam-ready/compare_/compile_repair_output/work/4b0a56842621/pinot-core
[INFO] Storing buildScmBranch: UNKNOWN
[INFO] 
[INFO] --- maven-remote-resources-plugin:1.6.0:process (process-resource-bundles) @ pinot-core ---
[INFO] Preparing remote bundle org.apache:apache-jar-resource-bundle:1.4
[INFO] Copying 3 resources from 1 bundle.
[INFO] artifact io.grpc:grpc-core: checking for updates from central
[INFO] artifact io.grpc:grpc-api: checking for updates from central
[INFO] artifact io.grpc:grpc-core: checking for updates from central
[INFO] artifact io.grpc:grpc-api: checking for updates from central
[INFO] 
[INFO] --- maven-remote-resources-plugin:1.6.0:process (default) @ pinot-core ---
[INFO] Preparing remote bundle org.apache:apache-jar-resource-bundle:1.4
[INFO] Copying 3 resources from 1 bundle.
[INFO] artifact io.grpc:grpc-core: checking for updates from central
[INFO] artifact io.grpc:grpc-api: checking for updates from central
[INFO] artifact io.grpc:grpc-core: checking for updates from central
[INFO] artifact io.grpc:grpc-api: checking for updates from central
[INFO] 
[INFO] --- maven-resources-plugin:2.6:resources (default-resources) @ pinot-core ---
[INFO] Using 'UTF-8' encoding to copy filtered resources.
[INFO] skip non existing resourceDirectory /home/srafi/after-cam-ready/compare_/compile_repair_output/work/4b0a56842621/pinot-core/src/main/resources
[INFO] Copying 3 resources
[INFO] Copying 3 resources
[INFO] 
[INFO] --- maven-compiler-plugin:3.8.0:compile (default-compile) @ pinot-core ---
[INFO] Changes detected - recompiling the module!
[INFO] Compiling 610 source files to /home/srafi/after-cam-ready/compare_/compile_repair_output/work/4b0a56842621/pinot-core/target/classes
[INFO] 
[INFO] --- maven-resources-plugin:2.6:testResources (default-testResources) @ pinot-core ---
[INFO] Using 'UTF-8' encoding to copy filtered resources.
[INFO] Copying 47 resources
[INFO] Copying 3 resources
[INFO] Copying 3 resources
[INFO] 
[INFO] --- maven-compiler-plugin:3.8.0:testCompile (default-testCompile) @ pinot-core ---
[INFO] Changes detected - recompiling the module!
[INFO] Compiling 276 source files to /home/srafi/after-cam-ready/compare_/compile_repair_output/work/4b0a56842621/pinot-core/target/test-classes
[INFO] 
[INFO] --- maven-surefire-plugin:3.0.0-M8-SNAPSHOT:test (default-test) @ pinot-core ---
[INFO] Tests are skipped.
[INFO] 
[INFO] --- maven-jar-plugin:3.2.0:jar (default-jar) @ pinot-core ---
[INFO] Building jar: /home/srafi/after-cam-ready/compare_/compile_repair_output/work/4b0a56842621/pinot-core/target/pinot-core-0.12.0-SNAPSHOT.jar
[INFO] 
[INFO] --- maven-jar-plugin:3.2.0:test-jar (default) @ pinot-core ---
[INFO] Building jar: /home/srafi/after-cam-ready/compare_/compile_repair_output/work/4b0a56842621/pinot-core/target/pinot-core-0.12.0-SNAPSHOT-tests.jar
[INFO] 
[INFO] --- maven-site-plugin:3.7.1:attach-descriptor (attach-descriptor) @ pinot-core ---
[INFO] Skipping because packaging 'jar' is not pom.
[INFO] 
[INFO] --- maven-surefire-plugin:3.0.0-M8-SNAPSHOT:test (integration-tests) @ pinot-core ---
[INFO] Tests are skipped.
[INFO] 
[INFO] --- spotless-maven-plugin:2.28.0:check (default) @ pinot-core ---
[INFO] 
[INFO] --- maven-install-plugin:2.5.2:install (default-install) @ pinot-core ---
[INFO] Installing /home/srafi/after-cam-ready/compare_/compile_repair_output/work/4b0a56842621/pinot-core/target/pinot-core-0.12.0-SNAPSHOT.jar to /home/srafi/.m2/repository/org/apache/pinot/pinot-core/0.12.0-SNAPSHOT/pinot-core-0.12.0-SNAPSHOT.jar
[INFO] Installing /home/srafi/after-cam-ready/compare_/compile_repair_output/work/4b0a56842621/pinot-core/pom.xml to /home/srafi/.m2/repository/org/apache/pinot/pinot-core/0.12.0-SNAPSHOT/pinot-core-0.12.0-SNAPSHOT.pom
[INFO] Installing /home/srafi/after-cam-ready/compare_/compile_repair_output/work/4b0a56842621/pinot-core/target/pinot-core-0.12.0-SNAPSHOT-tests.jar to /home/srafi/.m2/repository/org/apache/pinot/pinot-core/0.12.0-SNAPSHOT/pinot-core-0.12.0-SNAPSHOT-tests.jar
[INFO] ------------------------------------------------------------------------
[INFO] Reactor Summary for Pinot 0.12.0-SNAPSHOT:
[INFO] 
[INFO] Pinot .............................................. SUCCESS [  3.908 s]
[INFO] Pinot Service Provider Interface ................... SUCCESS [  4.683 s]
[INFO] Pinot Segment Service Provider Interface ........... SUCCESS [  2.860 s]
[INFO] Pinot Plugins ...................................... SUCCESS [  0.097 s]
[INFO] Pinot Metrics ...................................... SUCCESS [  0.034 s]
[INFO] Pinot Yammer Metrics ............................... SUCCESS [  4.579 s]
[INFO] Pinot FMPP plugin .................................. SUCCESS [  1.632 s]
[INFO] Pinot Common ....................................... SUCCESS [ 21.481 s]
[INFO] Pinot Input Format ................................. SUCCESS [  0.099 s]
[INFO] Pinot Avro Base .................................... SUCCESS [  2.619 s]
[INFO] Pinot Avro ......................................... SUCCESS [  1.533 s]
[INFO] Pinot Csv .......................................... SUCCESS [  1.711 s]
[INFO] Pinot JSON ......................................... SUCCESS [  1.648 s]
[INFO] Pinot local segment implementations ................ SUCCESS [  9.265 s]
[INFO] Pinot Core ......................................... SUCCESS [ 14.192 s]
[INFO] ------------------------------------------------------------------------
[INFO] BUILD SUCCESS
[INFO] ------------------------------------------------------------------------
[INFO] Total time:  01:10 min
[INFO] Finished at: 2026-08-15T15:58:10-04:00
[INFO] ------------------------------------------------------------------------
