JAVA_HOME=/usr/lib/jvm/java-8-openjdk-amd64
COMMAND=mvn -B clean install -DskipTests -U -pl bundles/core -am -Ddependency-check.skip=true -Dgpg.skip=true -DfailIfNoTests=false -Dskip.installnodenpm=true -Dskip.npm=true -Dskip.yarn=true -Dlicense.skip=true -Dcheckstyle.skip=true -Drat.skip=true -Denforcer.skip=true -Danimal.sniffer.skip=true -Dmaven.javadoc.skip=true -Dfindbugs.skip=true -Dspotbugs.skip=true -Dwarbucks.skip=true -Dmodernizer.skip=true -Dimpsort.skip=true -Dmdep.analyze.skip=true -Dpgpverify.skip=true -Dxml.skip=true -Dcobertura.skip=true

[INFO] Scanning for projects...
[INFO] Downloading from adobe-public-releases: https://repo.adobe.com/nexus/content/groups/public/org/apache/sling/org.apache.sling.bnd.models/1.0.0/org.apache.sling.bnd.models-1.0.0.pom
[INFO] Downloading from central: https://repo.maven.apache.org/maven2/org/apache/sling/org.apache.sling.bnd.models/1.0.0/org.apache.sling.bnd.models-1.0.0.pom
[INFO] Downloaded from central: https://repo.maven.apache.org/maven2/org/apache/sling/org.apache.sling.bnd.models/1.0.0/org.apache.sling.bnd.models-1.0.0.pom (3.2 kB at 43 kB/s)
[INFO] Downloading from adobe-public-releases: https://repo.adobe.com/nexus/content/groups/public/org/apache/sling/sling/29/sling-29.pom
[INFO] Downloading from central: https://repo.maven.apache.org/maven2/org/apache/sling/sling/29/sling-29.pom
[INFO] Downloaded from central: https://repo.maven.apache.org/maven2/org/apache/sling/sling/29/sling-29.pom (60 kB at 1.4 MB/s)
[INFO] Downloading from adobe-public-releases: https://repo.adobe.com/nexus/content/groups/public/org/apache/sling/org.apache.sling.caconfig.bnd-plugin/1.0.2/org.apache.sling.caconfig.bnd-plugin-1.0.2.pom
[INFO] Downloading from central: https://repo.maven.apache.org/maven2/org/apache/sling/org.apache.sling.caconfig.bnd-plugin/1.0.2/org.apache.sling.caconfig.bnd-plugin-1.0.2.pom
[INFO] Downloaded from central: https://repo.maven.apache.org/maven2/org/apache/sling/org.apache.sling.caconfig.bnd-plugin/1.0.2/org.apache.sling.caconfig.bnd-plugin-1.0.2.pom (3.3 kB at 82 kB/s)
[INFO] Downloading from adobe-public-releases: https://repo.adobe.com/nexus/content/groups/public/org/apache/sling/org.apache.sling.bnd.models/1.0.0/org.apache.sling.bnd.models-1.0.0.jar
[INFO] Downloading from adobe-public-releases: https://repo.adobe.com/nexus/content/groups/public/org/apache/sling/org.apache.sling.caconfig.bnd-plugin/1.0.2/org.apache.sling.caconfig.bnd-plugin-1.0.2.jar
[INFO] Downloading from central: https://repo.maven.apache.org/maven2/org/apache/sling/org.apache.sling.bnd.models/1.0.0/org.apache.sling.bnd.models-1.0.0.jar
[INFO] Downloading from central: https://repo.maven.apache.org/maven2/org/apache/sling/org.apache.sling.caconfig.bnd-plugin/1.0.2/org.apache.sling.caconfig.bnd-plugin-1.0.2.jar
[INFO] Downloaded from central: https://repo.maven.apache.org/maven2/org/apache/sling/org.apache.sling.bnd.models/1.0.0/org.apache.sling.bnd.models-1.0.0.jar (11 kB at 318 kB/s)
[INFO] Downloaded from central: https://repo.maven.apache.org/maven2/org/apache/sling/org.apache.sling.caconfig.bnd-plugin/1.0.2/org.apache.sling.caconfig.bnd-plugin-1.0.2.jar (10 kB at 202 kB/s)
[INFO] Downloading from adobe-public-releases: https://repo.adobe.com/nexus/content/groups/public/org/apache/jackrabbit/filevault-package-maven-plugin/1.1.6/filevault-package-maven-plugin-1.1.6.pom
[INFO] Downloading from central: https://repo.maven.apache.org/maven2/org/apache/jackrabbit/filevault-package-maven-plugin/1.1.6/filevault-package-maven-plugin-1.1.6.pom
[INFO] Downloaded from central: https://repo.maven.apache.org/maven2/org/apache/jackrabbit/filevault-package-maven-plugin/1.1.6/filevault-package-maven-plugin-1.1.6.pom (29 kB at 696 kB/s)
[INFO] Downloading from adobe-public-releases: https://repo.adobe.com/nexus/content/groups/public/org/apache/jackrabbit/vault/parent/3.4.8/parent-3.4.8.pom
[INFO] Downloading from central: https://repo.maven.apache.org/maven2/org/apache/jackrabbit/vault/parent/3.4.8/parent-3.4.8.pom
[INFO] Downloaded from central: https://repo.maven.apache.org/maven2/org/apache/jackrabbit/vault/parent/3.4.8/parent-3.4.8.pom (32 kB at 645 kB/s)
[INFO] Downloading from adobe-public-releases: https://repo.adobe.com/nexus/content/groups/public/biz/netcentric/filevault/validator/aem-classification-validator/1.0.1/aem-classification-validator-1.0.1.pom
[INFO] Downloading from central: https://repo.maven.apache.org/maven2/biz/netcentric/filevault/validator/aem-classification-validator/1.0.1/aem-classification-validator-1.0.1.pom
[INFO] Downloaded from central: https://repo.maven.apache.org/maven2/biz/netcentric/filevault/validator/aem-classification-validator/1.0.1/aem-classification-validator-1.0.1.pom (4.3 kB at 101 kB/s)
[INFO] Downloading from adobe-public-releases: https://repo.adobe.com/nexus/content/groups/public/biz/netcentric/filevault/validator/aem-classification/1.0.0/aem-classification-1.0.0.pom
[INFO] Downloading from central: https://repo.maven.apache.org/maven2/biz/netcentric/filevault/validator/aem-classification/1.0.0/aem-classification-1.0.0.pom
[INFO] Downloaded from central: https://repo.maven.apache.org/maven2/biz/netcentric/filevault/validator/aem-classification/1.0.0/aem-classification-1.0.0.pom (16 kB at 412 kB/s)
[INFO] Downloading from adobe-public-releases: https://repo.adobe.com/nexus/content/groups/public/org/apache/jackrabbit/vault/vault-validation/3.4.2/vault-validation-3.4.2.pom
[INFO] Downloading from central: https://repo.maven.apache.org/maven2/org/apache/jackrabbit/vault/vault-validation/3.4.2/vault-validation-3.4.2.pom
[INFO] Downloaded from central: https://repo.maven.apache.org/maven2/org/apache/jackrabbit/vault/vault-validation/3.4.2/vault-validation-3.4.2.pom (7.2 kB at 207 kB/s)
[INFO] Downloading from adobe-public-releases: https://repo.adobe.com/nexus/content/groups/public/org/apache/jackrabbit/vault/parent/3.4.2/parent-3.4.2.pom
[INFO] Downloading from central: https://repo.maven.apache.org/maven2/org/apache/jackrabbit/vault/parent/3.4.2/parent-3.4.2.pom
[INFO] Downloaded from central: https://repo.maven.apache.org/maven2/org/apache/jackrabbit/vault/parent/3.4.2/parent-3.4.2.pom (23 kB at 725 kB/s)
[INFO] Downloading from adobe-public-releases: https://repo.adobe.com/nexus/content/groups/public/org/apache/jackrabbit/vault/org.apache.jackrabbit.vault/3.4.2/org.apache.jackrabbit.vault-3.4.2.pom
[INFO] Downloading from central: https://repo.maven.apache.org/maven2/org/apache/jackrabbit/vault/org.apache.jackrabbit.vault/3.4.2/org.apache.jackrabbit.vault-3.4.2.pom
[INFO] Downloaded from central: https://repo.maven.apache.org/maven2/org/apache/jackrabbit/vault/org.apache.jackrabbit.vault/3.4.2/org.apache.jackrabbit.vault-3.4.2.pom (16 kB at 417 kB/s)
[INFO] Downloading from adobe-public-releases: https://repo.adobe.com/nexus/content/groups/public/com/fasterxml/woodstox/woodstox-core/6.0.2/woodstox-core-6.0.2.pom
[INFO] Downloading from central: https://repo.maven.apache.org/maven2/com/fasterxml/woodstox/woodstox-core/6.0.2/woodstox-core-6.0.2.pom
[INFO] Downloaded from central: https://repo.maven.apache.org/maven2/com/fasterxml/woodstox/woodstox-core/6.0.2/woodstox-core-6.0.2.pom (7.6 kB at 201 kB/s)
[INFO] Downloading from adobe-public-releases: https://repo.adobe.com/nexus/content/groups/public/org/apache/jackrabbit/jackrabbit-spi-commons/2.20.2/jackrabbit-spi-commons-2.20.2.pom
[INFO] Downloading from central: https://repo.maven.apache.org/maven2/org/apache/jackrabbit/jackrabbit-spi-commons/2.20.2/jackrabbit-spi-commons-2.20.2.pom
[INFO] Downloaded from central: https://repo.maven.apache.org/maven2/org/apache/jackrabbit/jackrabbit-spi-commons/2.20.2/jackrabbit-spi-commons-2.20.2.pom (6.9 kB at 187 kB/s)
[INFO] Downloading from adobe-public-releases: https://repo.adobe.com/nexus/content/groups/public/org/apache/jackrabbit/jackrabbit-parent/2.20.2/jackrabbit-parent-2.20.2.pom
[INFO] Downloading from central: https://repo.maven.apache.org/maven2/org/apache/jackrabbit/jackrabbit-parent/2.20.2/jackrabbit-parent-2.20.2.pom
[INFO] Downloaded from central: https://repo.maven.apache.org/maven2/org/apache/jackrabbit/jackrabbit-parent/2.20.2/jackrabbit-parent-2.20.2.pom (27 kB at 817 kB/s)
[INFO] Downloading from adobe-public-releases: https://repo.adobe.com/nexus/content/groups/public/org/apache/jackrabbit/jackrabbit-spi/2.20.2/jackrabbit-spi-2.20.2.pom
[INFO] Downloading from central: https://repo.maven.apache.org/maven2/org/apache/jackrabbit/jackrabbit-spi/2.20.2/jackrabbit-spi-2.20.2.pom
[INFO] Downloaded from central: https://repo.maven.apache.org/maven2/org/apache/jackrabbit/jackrabbit-spi/2.20.2/jackrabbit-spi-2.20.2.pom (3.1 kB at 85 kB/s)
[INFO] Downloading from adobe-public-releases: https://repo.adobe.com/nexus/content/groups/public/org/apache/jackrabbit/jackrabbit-jcr-commons/2.20.2/jackrabbit-jcr-commons-2.20.2.pom
[INFO] Downloading from central: https://repo.maven.apache.org/maven2/org/apache/jackrabbit/jackrabbit-jcr-commons/2.20.2/jackrabbit-jcr-commons-2.20.2.pom
[INFO] Downloaded from central: https://repo.maven.apache.org/maven2/org/apache/jackrabbit/jackrabbit-jcr-commons/2.20.2/jackrabbit-jcr-commons-2.20.2.pom (4.0 kB at 118 kB/s)
[INFO] Downloading from adobe-public-releases: https://repo.adobe.com/nexus/content/groups/public/org/apache/sling/org.apache.sling.api/2.21.0/org.apache.sling.api-2.21.0.pom
[INFO] Downloading from central: https://repo.maven.apache.org/maven2/org/apache/sling/org.apache.sling.api/2.21.0/org.apache.sling.api-2.21.0.pom
[INFO] Downloaded from central: https://repo.maven.apache.org/maven2/org/apache/sling/org.apache.sling.api/2.21.0/org.apache.sling.api-2.21.0.pom (7.3 kB at 178 kB/s)
[INFO] Downloading from adobe-public-releases: https://repo.adobe.com/nexus/content/groups/public/org/apache/sling/sling-bundle-parent/35/sling-bundle-parent-35.pom
[INFO] Downloading from central: https://repo.maven.apache.org/maven2/org/apache/sling/sling-bundle-parent/35/sling-bundle-parent-35.pom
[INFO] Downloaded from central: https://repo.maven.apache.org/maven2/org/apache/sling/sling-bundle-parent/35/sling-bundle-parent-35.pom (14 kB at 437 kB/s)
[INFO] Downloading from adobe-public-releases: https://repo.adobe.com/nexus/content/groups/public/org/apache/sling/sling/35/sling-35.pom
[INFO] Downloading from central: https://repo.maven.apache.org/maven2/org/apache/sling/sling/35/sling-35.pom
[INFO] Downloaded from central: https://repo.maven.apache.org/maven2/org/apache/sling/sling/35/sling-35.pom (52 kB at 1.1 MB/s)
[INFO] Downloading from adobe-public-releases: https://repo.adobe.com/nexus/content/groups/public/org/apache/sling/org.apache.sling.jcr.resource/3.0.20/org.apache.sling.jcr.resource-3.0.20.pom
[INFO] Downloading from central: https://repo.maven.apache.org/maven2/org/apache/sling/org.apache.sling.jcr.resource/3.0.20/org.apache.sling.jcr.resource-3.0.20.pom
[INFO] Downloaded from central: https://repo.maven.apache.org/maven2/org/apache/sling/org.apache.sling.jcr.resource/3.0.20/org.apache.sling.jcr.resource-3.0.20.pom (9.4 kB at 270 kB/s)
[INFO] Downloading from adobe-public-releases: https://repo.adobe.com/nexus/content/groups/public/org/apache/sling/sling/34/sling-34.pom
[INFO] Downloading from central: https://repo.maven.apache.org/maven2/org/apache/sling/sling/34/sling-34.pom
[INFO] Downloaded from central: https://repo.maven.apache.org/maven2/org/apache/sling/sling/34/sling-34.pom (62 kB at 1.6 MB/s)
[INFO] Downloading from adobe-public-releases: https://repo.adobe.com/nexus/content/groups/public/org/apache/commons/commons-csv/1.6/commons-csv-1.6.pom
[INFO] Downloading from central: https://repo.maven.apache.org/maven2/org/apache/commons/commons-csv/1.6/commons-csv-1.6.pom
[INFO] Downloaded from central: https://repo.maven.apache.org/maven2/org/apache/commons/commons-csv/1.6/commons-csv-1.6.pom (21 kB at 543 kB/s)
[INFO] Downloading from adobe-public-releases: https://repo.adobe.com/nexus/content/groups/public/biz/netcentric/filevault/validator/maps/aem-classification-map-repo-annotations/6.5.3.0/aem-classification-map-repo-annotations-6.5.3.0.pom
[INFO] Downloading from central: https://repo.maven.apache.org/maven2/biz/netcentric/filevault/validator/maps/aem-classification-map-repo-annotations/6.5.3.0/aem-classification-map-repo-annotations-6.5.3.0.pom
[INFO] Downloaded from central: https://repo.maven.apache.org/maven2/biz/netcentric/filevault/validator/maps/aem-classification-map-repo-annotations/6.5.3.0/aem-classification-map-repo-annotations-6.5.3.0.pom (698 B at 16 kB/s)
[INFO] Downloading from adobe-public-releases: https://repo.adobe.com/nexus/content/groups/public/biz/netcentric/filevault/validator/maps/aem-classification-maps/1.0.0/aem-classification-maps-1.0.0.pom
[INFO] Downloading from central: https://repo.maven.apache.org/maven2/biz/netcentric/filevault/validator/maps/aem-classification-maps/1.0.0/aem-classification-maps-1.0.0.pom
[INFO] Downloaded from central: https://repo.maven.apache.org/maven2/biz/netcentric/filevault/validator/maps/aem-classification-maps/1.0.0/aem-classification-maps-1.0.0.pom (857 B at 25 kB/s)
[INFO] Downloading from adobe-public-releases: https://repo.adobe.com/nexus/content/groups/public/biz/netcentric/filevault/validator/maps/aem-classification-map-deprecations/6.5.0.0/aem-classification-map-deprecations-6.5.0.0.pom
[INFO] Downloading from central: https://repo.maven.apache.org/maven2/biz/netcentric/filevault/validator/maps/aem-classification-map-deprecations/6.5.0.0/aem-classification-map-deprecations-6.5.0.0.pom
[INFO] Downloaded from central: https://repo.maven.apache.org/maven2/biz/netcentric/filevault/validator/maps/aem-classification-map-deprecations/6.5.0.0/aem-classification-map-deprecations-6.5.0.0.pom (719 B at 17 kB/s)
[INFO] Downloading from adobe-public-releases: https://repo.adobe.com/nexus/content/groups/public/biz/netcentric/aem/aem-nodetypes/6.5.7.0/aem-nodetypes-6.5.7.0.pom
[INFO] Downloading from central: https://repo.maven.apache.org/maven2/biz/netcentric/aem/aem-nodetypes/6.5.7.0/aem-nodetypes-6.5.7.0.pom
[INFO] Downloaded from central: https://repo.maven.apache.org/maven2/biz/netcentric/aem/aem-nodetypes/6.5.7.0/aem-nodetypes-6.5.7.0.pom (13 kB at 407 kB/s)
[INFO] Downloading from adobe-public-releases: https://repo.adobe.com/nexus/content/groups/public/biz/netcentric/filevault/validator/aem-cloud-validator/1.1.0/aem-cloud-validator-1.1.0.pom
[INFO] Downloading from central: https://repo.maven.apache.org/maven2/biz/netcentric/filevault/validator/aem-cloud-validator/1.1.0/aem-cloud-validator-1.1.0.pom
[INFO] Downloaded from central: https://repo.maven.apache.org/maven2/biz/netcentric/filevault/validator/aem-cloud-validator/1.1.0/aem-cloud-validator-1.1.0.pom (16 kB at 71 kB/s)
[INFO] Downloading from adobe-public-releases: https://repo.adobe.com/nexus/content/groups/public/org/apache/jackrabbit/vault/org.apache.jackrabbit.vault/3.4.8/org.apache.jackrabbit.vault-3.4.8.pom
[INFO] Downloading from central: https://repo.maven.apache.org/maven2/org/apache/jackrabbit/vault/org.apache.jackrabbit.vault/3.4.8/org.apache.jackrabbit.vault-3.4.8.pom
[INFO] Downloaded from central: https://repo.maven.apache.org/maven2/org/apache/jackrabbit/vault/org.apache.jackrabbit.vault/3.4.8/org.apache.jackrabbit.vault-3.4.8.pom (14 kB at 331 kB/s)
[INFO] Downloading from adobe-public-releases: https://repo.adobe.com/nexus/content/groups/public/com/fasterxml/woodstox/woodstox-core/6.1.1/woodstox-core-6.1.1.pom
[INFO] Downloading from central: https://repo.maven.apache.org/maven2/com/fasterxml/woodstox/woodstox-core/6.1.1/woodstox-core-6.1.1.pom
[INFO] Downloaded from central: https://repo.maven.apache.org/maven2/com/fasterxml/woodstox/woodstox-core/6.1.1/woodstox-core-6.1.1.pom (8.3 kB at 202 kB/s)
[INFO] Downloading from adobe-public-releases: https://repo.adobe.com/nexus/content/groups/public/org/apache/jackrabbit/vault/vault-validation/3.4.8/vault-validation-3.4.8.pom
[INFO] Downloading from central: https://repo.maven.apache.org/maven2/org/apache/jackrabbit/vault/vault-validation/3.4.8/vault-validation-3.4.8.pom
[INFO] Downloaded from central: https://repo.maven.apache.org/maven2/org/apache/jackrabbit/vault/vault-validation/3.4.8/vault-validation-3.4.8.pom (7.2 kB at 191 kB/s)
[INFO] Downloading from adobe-public-releases: https://repo.adobe.com/nexus/content/groups/public/org/apache/jackrabbit/jackrabbit-jcr2spi/2.20.2/jackrabbit-jcr2spi-2.20.2.pom
[INFO] Downloading from central: https://repo.maven.apache.org/maven2/org/apache/jackrabbit/jackrabbit-jcr2spi/2.20.2/jackrabbit-jcr2spi-2.20.2.pom
[INFO] Downloaded from central: https://repo.maven.apache.org/maven2/org/apache/jackrabbit/jackrabbit-jcr2spi/2.20.2/jackrabbit-jcr2spi-2.20.2.pom (5.5 kB at 137 kB/s)
[INFO] Downloading from adobe-public-releases: https://repo.adobe.com/nexus/content/groups/public/org/apache/jackrabbit/oak-jackrabbit-api/1.32.0/oak-jackrabbit-api-1.32.0.pom
[INFO] Downloading from central: https://repo.maven.apache.org/maven2/org/apache/jackrabbit/oak-jackrabbit-api/1.32.0/oak-jackrabbit-api-1.32.0.pom
[INFO] Downloaded from central: https://repo.maven.apache.org/maven2/org/apache/jackrabbit/oak-jackrabbit-api/1.32.0/oak-jackrabbit-api-1.32.0.pom (2.0 kB at 61 kB/s)
[INFO] Downloading from adobe-public-releases: https://repo.adobe.com/nexus/content/groups/public/org/apache/jackrabbit/oak-parent/1.32.0/oak-parent-1.32.0.pom
[INFO] Downloading from central: https://repo.maven.apache.org/maven2/org/apache/jackrabbit/oak-parent/1.32.0/oak-parent-1.32.0.pom
[INFO] Downloaded from central: https://repo.maven.apache.org/maven2/org/apache/jackrabbit/oak-parent/1.32.0/oak-parent-1.32.0.pom (47 kB at 1.1 MB/s)
[INFO] Downloading from adobe-public-releases: https://repo.adobe.com/nexus/content/groups/public/io/github/classgraph/classgraph/4.8.65/classgraph-4.8.65.pom
[INFO] Downloading from central: https://repo.maven.apache.org/maven2/io/github/classgraph/classgraph/4.8.65/classgraph-4.8.65.pom
[INFO] Downloaded from central: https://repo.maven.apache.org/maven2/io/github/classgraph/classgraph/4.8.65/classgraph-4.8.65.pom (29 kB at 703 kB/s)
[INFO] Downloading from adobe-public-releases: https://repo.adobe.com/nexus/content/groups/public/org/apache/jackrabbit/filevault-package-maven-plugin/1.1.6/filevault-package-maven-plugin-1.1.6.jar
[INFO] Downloading from adobe-public-releases: https://repo.adobe.com/nexus/content/groups/public/biz/netcentric/filevault/validator/aem-classification-validator/1.0.1/aem-classification-validator-1.0.1.jar
[INFO] Downloading from adobe-public-releases: https://repo.adobe.com/nexus/content/groups/public/org/apache/sling/org.apache.sling.api/2.21.0/org.apache.sling.api-2.21.0.jar
[INFO] Downloading from adobe-public-releases: https://repo.adobe.com/nexus/content/groups/public/org/apache/sling/org.apache.sling.jcr.resource/3.0.20/org.apache.sling.jcr.resource-3.0.20.jar
[INFO] Downloading from adobe-public-releases: https://repo.adobe.com/nexus/content/groups/public/org/apache/commons/commons-csv/1.6/commons-csv-1.6.jar
[INFO] Downloading from adobe-public-releases: https://repo.adobe.com/nexus/content/groups/public/biz/netcentric/filevault/validator/maps/aem-classification-map-repo-annotations/6.5.3.0/aem-classification-map-repo-annotations-6.5.3.0.jar
[INFO] Downloading from adobe-public-releases: https://repo.adobe.com/nexus/content/groups/public/biz/netcentric/filevault/validator/maps/aem-classification-map-deprecations/6.5.0.0/aem-classification-map-deprecations-6.5.0.0.jar
[INFO] Downloading from adobe-public-releases: https://repo.adobe.com/nexus/content/groups/public/biz/netcentric/aem/aem-nodetypes/6.5.7.0/aem-nodetypes-6.5.7.0.jar
[INFO] Downloading from adobe-public-releases: https://repo.adobe.com/nexus/content/groups/public/biz/netcentric/filevault/validator/aem-cloud-validator/1.1.0/aem-cloud-validator-1.1.0.jar
[INFO] Downloading from adobe-public-releases: https://repo.adobe.com/nexus/content/groups/public/org/apache/jackrabbit/vault/org.apache.jackrabbit.vault/3.4.8/org.apache.jackrabbit.vault-3.4.8.jar
[INFO] Downloading from adobe-public-releases: https://repo.adobe.com/nexus/content/groups/public/com/fasterxml/woodstox/woodstox-core/6.1.1/woodstox-core-6.1.1.jar
[INFO] Downloading from adobe-public-releases: https://repo.adobe.com/nexus/content/groups/public/org/codehaus/woodstox/stax2-api/4.2/stax2-api-4.2.jar
[INFO] Downloading from adobe-public-releases: https://repo.adobe.com/nexus/content/groups/public/org/apache/jackrabbit/vault/vault-validation/3.4.8/vault-validation-3.4.8.jar
[INFO] Downloading from adobe-public-releases: https://repo.adobe.com/nexus/content/groups/public/org/apache/jackrabbit/jackrabbit-spi-commons/2.20.2/jackrabbit-spi-commons-2.20.2.jar
[INFO] Downloading from adobe-public-releases: https://repo.adobe.com/nexus/content/groups/public/org/apache/jackrabbit/jackrabbit-spi/2.20.2/jackrabbit-spi-2.20.2.jar
[INFO] Downloading from adobe-public-releases: https://repo.adobe.com/nexus/content/groups/public/org/apache/jackrabbit/jackrabbit-jcr2spi/2.20.2/jackrabbit-jcr2spi-2.20.2.jar
[INFO] Downloading from adobe-public-releases: https://repo.adobe.com/nexus/content/groups/public/org/apache/jackrabbit/jackrabbit-jcr-commons/2.20.2/jackrabbit-jcr-commons-2.20.2.jar
[INFO] Downloading from adobe-public-releases: https://repo.adobe.com/nexus/content/groups/public/org/apache/jackrabbit/oak-jackrabbit-api/1.32.0/oak-jackrabbit-api-1.32.0.jar
[INFO] Downloading from adobe-public-releases: https://repo.adobe.com/nexus/content/groups/public/io/github/classgraph/classgraph/4.8.65/classgraph-4.8.65.jar
[INFO] Downloading from central: https://repo.maven.apache.org/maven2/org/apache/jackrabbit/filevault-package-maven-plugin/1.1.6/filevault-package-maven-plugin-1.1.6.jar
[INFO] Downloading from central: https://repo.maven.apache.org/maven2/biz/netcentric/filevault/validator/aem-classification-validator/1.0.1/aem-classification-validator-1.0.1.jar
[INFO] Downloading from central: https://repo.maven.apache.org/maven2/org/apache/sling/org.apache.sling.api/2.21.0/org.apache.sling.api-2.21.0.jar
[INFO] Downloading from central: https://repo.maven.apache.org/maven2/org/apache/commons/commons-csv/1.6/commons-csv-1.6.jar
[INFO] Downloading from central: https://repo.maven.apache.org/maven2/org/apache/sling/org.apache.sling.jcr.resource/3.0.20/org.apache.sling.jcr.resource-3.0.20.jar
[INFO] Downloaded from central: https://repo.maven.apache.org/maven2/org/apache/jackrabbit/filevault-package-maven-plugin/1.1.6/filevault-package-maven-plugin-1.1.6.jar (156 kB at 4.5 MB/s)
[INFO] Downloading from central: https://repo.maven.apache.org/maven2/biz/netcentric/filevault/validator/maps/aem-classification-map-repo-annotations/6.5.3.0/aem-classification-map-repo-annotations-6.5.3.0.jar
[INFO] Downloaded from central: https://repo.maven.apache.org/maven2/biz/netcentric/filevault/validator/aem-classification-validator/1.0.1/aem-classification-validator-1.0.1.jar (26 kB at 751 kB/s)
[INFO] Downloading from central: https://repo.maven.apache.org/maven2/biz/netcentric/filevault/validator/maps/aem-classification-map-deprecations/6.5.0.0/aem-classification-map-deprecations-6.5.0.0.jar
[INFO] Downloaded from central: https://repo.maven.apache.org/maven2/org/apache/commons/commons-csv/1.6/commons-csv-1.6.jar (42 kB at 942 kB/s)
[INFO] Downloading from central: https://repo.maven.apache.org/maven2/biz/netcentric/aem/aem-nodetypes/6.5.7.0/aem-nodetypes-6.5.7.0.jar
[INFO] Downloaded from central: https://repo.maven.apache.org/maven2/org/apache/sling/org.apache.sling.api/2.21.0/org.apache.sling.api-2.21.0.jar (134 kB at 2.7 MB/s)
[INFO] Downloading from central: https://repo.maven.apache.org/maven2/biz/netcentric/filevault/validator/aem-cloud-validator/1.1.0/aem-cloud-validator-1.1.0.jar
[INFO] Downloaded from central: https://repo.maven.apache.org/maven2/org/apache/sling/org.apache.sling.jcr.resource/3.0.20/org.apache.sling.jcr.resource-3.0.20.jar (124 kB at 2.0 MB/s)
[INFO] Downloading from central: https://repo.maven.apache.org/maven2/org/apache/jackrabbit/vault/org.apache.jackrabbit.vault/3.4.8/org.apache.jackrabbit.vault-3.4.8.jar
[INFO] Downloaded from central: https://repo.maven.apache.org/maven2/biz/netcentric/filevault/validator/maps/aem-classification-map-deprecations/6.5.0.0/aem-classification-map-deprecations-6.5.0.0.jar (3.6 kB at 54 kB/s)
[INFO] Downloaded from central: https://repo.maven.apache.org/maven2/biz/netcentric/filevault/validator/maps/aem-classification-map-repo-annotations/6.5.3.0/aem-classification-map-repo-annotations-6.5.3.0.jar (15 kB at 218 kB/s)
[INFO] Downloading from central: https://repo.maven.apache.org/maven2/com/fasterxml/woodstox/woodstox-core/6.1.1/woodstox-core-6.1.1.jar
[INFO] Downloading from central: https://repo.maven.apache.org/maven2/org/codehaus/woodstox/stax2-api/4.2/stax2-api-4.2.jar
[INFO] Downloaded from central: https://repo.maven.apache.org/maven2/biz/netcentric/aem/aem-nodetypes/6.5.7.0/aem-nodetypes-6.5.7.0.jar (11 kB at 114 kB/s)
[INFO] Downloading from central: https://repo.maven.apache.org/maven2/org/apache/jackrabbit/vault/vault-validation/3.4.8/vault-validation-3.4.8.jar
[INFO] Downloaded from central: https://repo.maven.apache.org/maven2/org/codehaus/woodstox/stax2-api/4.2/stax2-api-4.2.jar (196 kB at 1.8 MB/s)
[INFO] Downloading from central: https://repo.maven.apache.org/maven2/org/apache/jackrabbit/jackrabbit-spi-commons/2.20.2/jackrabbit-spi-commons-2.20.2.jar
[INFO] Downloaded from central: https://repo.maven.apache.org/maven2/biz/netcentric/filevault/validator/aem-cloud-validator/1.1.0/aem-cloud-validator-1.1.0.jar (10 kB at 85 kB/s)
[INFO] Downloading from central: https://repo.maven.apache.org/maven2/org/apache/jackrabbit/jackrabbit-spi/2.20.2/jackrabbit-spi-2.20.2.jar
[INFO] Downloaded from central: https://repo.maven.apache.org/maven2/org/apache/jackrabbit/vault/vault-validation/3.4.8/vault-validation-3.4.8.jar (136 kB at 961 kB/s)
[INFO] Downloading from central: https://repo.maven.apache.org/maven2/org/apache/jackrabbit/jackrabbit-jcr2spi/2.20.2/jackrabbit-jcr2spi-2.20.2.jar
[INFO] Downloaded from central: https://repo.maven.apache.org/maven2/com/fasterxml/woodstox/woodstox-core/6.1.1/woodstox-core-6.1.1.jar (1.6 MB at 11 MB/s)
[INFO] Downloading from central: https://repo.maven.apache.org/maven2/org/apache/jackrabbit/jackrabbit-jcr-commons/2.20.2/jackrabbit-jcr-commons-2.20.2.jar
[INFO] Downloaded from central: https://repo.maven.apache.org/maven2/org/apache/jackrabbit/jackrabbit-spi-commons/2.20.2/jackrabbit-spi-commons-2.20.2.jar (804 kB at 5.4 MB/s)
[INFO] Downloading from central: https://repo.maven.apache.org/maven2/org/apache/jackrabbit/oak-jackrabbit-api/1.32.0/oak-jackrabbit-api-1.32.0.jar
[INFO] Downloaded from central: https://repo.maven.apache.org/maven2/org/apache/jackrabbit/vault/org.apache.jackrabbit.vault/3.4.8/org.apache.jackrabbit.vault-3.4.8.jar (2.5 MB at 16 MB/s)
[INFO] Downloading from central: https://repo.maven.apache.org/maven2/io/github/classgraph/classgraph/4.8.65/classgraph-4.8.65.jar
[INFO] Downloaded from central: https://repo.maven.apache.org/maven2/org/apache/jackrabbit/jackrabbit-spi/2.20.2/jackrabbit-spi-2.20.2.jar (28 kB at 187 kB/s)
[INFO] Downloaded from central: https://repo.maven.apache.org/maven2/org/apache/jackrabbit/jackrabbit-jcr2spi/2.20.2/jackrabbit-jcr2spi-2.20.2.jar (449 kB at 2.5 MB/s)
[INFO] Downloaded from central: https://repo.maven.apache.org/maven2/org/apache/jackrabbit/jackrabbit-jcr-commons/2.20.2/jackrabbit-jcr-commons-2.20.2.jar (406 kB at 2.2 MB/s)
[INFO] Downloaded from central: https://repo.maven.apache.org/maven2/org/apache/jackrabbit/oak-jackrabbit-api/1.32.0/oak-jackrabbit-api-1.32.0.jar (54 kB at 288 kB/s)
[INFO] Downloaded from central: https://repo.maven.apache.org/maven2/io/github/classgraph/classgraph/4.8.65/classgraph-4.8.65.jar (481 kB at 2.5 MB/s)
Warning: KebabPizza disabling incompatible org.apache.maven.plugins:maven-enforcer-plugin from core.wcm.components.parent
Warning: KebabPizza disabling incompatible org.apache.rat:apache-rat-plugin from core.wcm.components.parent
Warning: KebabPizza disabling incompatible org.apache.maven.plugins:maven-enforcer-plugin from core.wcm.components.junit.core
Warning: KebabPizza disabling incompatible org.apache.rat:apache-rat-plugin from core.wcm.components.junit.core
Warning: KebabPizza disabling incompatible org.apache.maven.plugins:maven-enforcer-plugin from core.wcm.components.core
Warning: KebabPizza disabling incompatible org.apache.rat:apache-rat-plugin from core.wcm.components.core
Warning: KebabPizza disabling incompatible org.jacoco:jacoco-maven-plugin from core.wcm.components.core
[INFO] ------------------------------------------------------------------------
[INFO] Reactor Build Order:
[INFO] 
[INFO] Adobe Experience Manager Core WCM Components Parent                [pom]
[INFO] Adobe Experience Manager Core WCM Components JUnit Testing         [jar]
[INFO] Adobe Experience Manager Core WCM Components Core Bundle        [bundle]
[INFO] 
[INFO] --------------< com.adobe.cq:core.wcm.components.parent >---------------
[INFO] Building Adobe Experience Manager Core WCM Components Parent 2.17.13-SNAPSHOT [1/3]
[INFO] --------------------------------[ pom ]---------------------------------
[INFO] Downloading from adobe-public-releases: https://repo.adobe.com/nexus/content/groups/public/org/codehaus/mojo/xml-maven-plugin/maven-metadata.xml
[INFO] Downloading from central: https://repo.maven.apache.org/maven2/org/codehaus/mojo/xml-maven-plugin/maven-metadata.xml
[INFO] Downloaded from central: https://repo.maven.apache.org/maven2/org/codehaus/mojo/xml-maven-plugin/maven-metadata.xml (639 B at 20 kB/s)
[INFO] Downloading from adobe-public-releases: https://repo.adobe.com/nexus/content/groups/public/org/codehaus/mojo/xml-maven-plugin/1.2.1/xml-maven-plugin-1.2.1.pom
[INFO] Downloading from central: https://repo.maven.apache.org/maven2/org/codehaus/mojo/xml-maven-plugin/1.2.1/xml-maven-plugin-1.2.1.pom
[INFO] Downloaded from central: https://repo.maven.apache.org/maven2/org/codehaus/mojo/xml-maven-plugin/1.2.1/xml-maven-plugin-1.2.1.pom (8.1 kB at 231 kB/s)
[INFO] Downloading from adobe-public-releases: https://repo.adobe.com/nexus/content/groups/public/org/codehaus/mojo/xml-maven-plugin/1.2.1/xml-maven-plugin-1.2.1.jar
[INFO] Downloading from central: https://repo.maven.apache.org/maven2/org/codehaus/mojo/xml-maven-plugin/1.2.1/xml-maven-plugin-1.2.1.jar
[INFO] Downloaded from central: https://repo.maven.apache.org/maven2/org/codehaus/mojo/xml-maven-plugin/1.2.1/xml-maven-plugin-1.2.1.jar (66 kB at 2.2 MB/s)
[INFO] 
[INFO] --- maven-clean-plugin:3.1.0:clean (default-clean) @ core.wcm.components.parent ---
[INFO] 
[INFO] --- maven-install-plugin:2.5.2:install (default-install) @ core.wcm.components.parent ---
[INFO] Installing /home/srafi/after-cam-ready/compare_/compile_repair_output/work/4bd056f96a86/parent/pom.xml to /home/srafi/.m2/repository/com/adobe/cq/core.wcm.components.parent/2.17.13-SNAPSHOT/core.wcm.components.parent-2.17.13-SNAPSHOT.pom
[INFO] 
[INFO] ------------< com.adobe.cq:core.wcm.components.junit.core >-------------
[INFO] Building Adobe Experience Manager Core WCM Components JUnit Testing 2.17.13-SNAPSHOT [2/3]
[INFO] --------------------------------[ jar ]---------------------------------
[INFO] Downloading from adobe-public-releases: https://repo.adobe.com/nexus/content/groups/public/org/apache/maven/plugins/maven-surefire-plugin/3.0.0-M8-SNAPSHOT/maven-metadata.xml
[INFO] Downloading from adobe-public-releases: https://repo.adobe.com/nexus/content/groups/public/org/apache/maven/surefire/surefire/3.0.0-M8-SNAPSHOT/maven-metadata.xml
[INFO] Downloading from adobe-public-releases: https://repo.adobe.com/nexus/content/groups/public/org/osgi/osgi.annotation/7.0.0/osgi.annotation-7.0.0.pom
[INFO] Downloading from central: https://repo.maven.apache.org/maven2/org/osgi/osgi.annotation/7.0.0/osgi.annotation-7.0.0.pom
[INFO] Downloaded from central: https://repo.maven.apache.org/maven2/org/osgi/osgi.annotation/7.0.0/osgi.annotation-7.0.0.pom (1.4 kB at 43 kB/s)
[INFO] Downloading from adobe-public-releases: https://repo.adobe.com/nexus/content/groups/public/org/apache/sling/org.apache.sling.testing.resourceresolver-mock/1.1.22/org.apache.sling.testing.resourceresolver-mock-1.1.22.pom
[INFO] Downloading from central: https://repo.maven.apache.org/maven2/org/apache/sling/org.apache.sling.testing.resourceresolver-mock/1.1.22/org.apache.sling.testing.resourceresolver-mock-1.1.22.pom
[INFO] Downloaded from central: https://repo.maven.apache.org/maven2/org/apache/sling/org.apache.sling.testing.resourceresolver-mock/1.1.22/org.apache.sling.testing.resourceresolver-mock-1.1.22.pom (6.4 kB at 172 kB/s)
[INFO] Downloading from adobe-public-releases: https://repo.adobe.com/nexus/content/groups/public/org/apache/jackrabbit/jackrabbit-jcr-commons/2.12.1/jackrabbit-jcr-commons-2.12.1.pom
[INFO] Downloading from central: https://repo.maven.apache.org/maven2/org/apache/jackrabbit/jackrabbit-jcr-commons/2.12.1/jackrabbit-jcr-commons-2.12.1.pom
[INFO] Downloaded from central: https://repo.maven.apache.org/maven2/org/apache/jackrabbit/jackrabbit-jcr-commons/2.12.1/jackrabbit-jcr-commons-2.12.1.pom (4.7 kB at 124 kB/s)
[INFO] Downloading from adobe-public-releases: https://repo.adobe.com/nexus/content/groups/public/org/apache/jackrabbit/jackrabbit-parent/2.12.1/jackrabbit-parent-2.12.1.pom
[INFO] Downloading from central: https://repo.maven.apache.org/maven2/org/apache/jackrabbit/jackrabbit-parent/2.12.1/jackrabbit-parent-2.12.1.pom
[INFO] Downloaded from central: https://repo.maven.apache.org/maven2/org/apache/jackrabbit/jackrabbit-parent/2.12.1/jackrabbit-parent-2.12.1.pom (30 kB at 740 kB/s)
[INFO] Downloading from adobe-public-releases: https://repo.adobe.com/nexus/content/groups/public/org/mockito/mockito-core/2.24.5/mockito-core-2.24.5.pom
[INFO] Downloading from central: https://repo.maven.apache.org/maven2/org/mockito/mockito-core/2.24.5/mockito-core-2.24.5.pom
[INFO] Downloaded from central: https://repo.maven.apache.org/maven2/org/mockito/mockito-core/2.24.5/mockito-core-2.24.5.pom (18 kB at 524 kB/s)
[INFO] Downloading from adobe-public-releases: https://repo.adobe.com/nexus/content/groups/public/net/bytebuddy/byte-buddy/1.9.7/byte-buddy-1.9.7.pom
[INFO] Downloading from central: https://repo.maven.apache.org/maven2/net/bytebuddy/byte-buddy/1.9.7/byte-buddy-1.9.7.pom
[INFO] Downloaded from central: https://repo.maven.apache.org/maven2/net/bytebuddy/byte-buddy/1.9.7/byte-buddy-1.9.7.pom (10 kB at 227 kB/s)
[INFO] Downloading from adobe-public-releases: https://repo.adobe.com/nexus/content/groups/public/net/bytebuddy/byte-buddy-parent/1.9.7/byte-buddy-parent-1.9.7.pom
[INFO] Downloading from central: https://repo.maven.apache.org/maven2/net/bytebuddy/byte-buddy-parent/1.9.7/byte-buddy-parent-1.9.7.pom
[INFO] Downloaded from central: https://repo.maven.apache.org/maven2/net/bytebuddy/byte-buddy-parent/1.9.7/byte-buddy-parent-1.9.7.pom (36 kB at 777 kB/s)
[INFO] Downloading from adobe-public-releases: https://repo.adobe.com/nexus/content/groups/public/net/bytebuddy/byte-buddy-agent/1.9.7/byte-buddy-agent-1.9.7.pom
[INFO] Downloading from central: https://repo.maven.apache.org/maven2/net/bytebuddy/byte-buddy-agent/1.9.7/byte-buddy-agent-1.9.7.pom
[INFO] Downloaded from central: https://repo.maven.apache.org/maven2/net/bytebuddy/byte-buddy-agent/1.9.7/byte-buddy-agent-1.9.7.pom (6.0 kB at 163 kB/s)
[INFO] Downloading from adobe-public-releases: https://repo.adobe.com/nexus/content/groups/public/org/apache/sling/org.apache.sling.models.api/1.3.6/org.apache.sling.models.api-1.3.6.pom
[INFO] Downloading from central: https://repo.maven.apache.org/maven2/org/apache/sling/org.apache.sling.models.api/1.3.6/org.apache.sling.models.api-1.3.6.pom
[INFO] Downloaded from central: https://repo.maven.apache.org/maven2/org/apache/sling/org.apache.sling.models.api/1.3.6/org.apache.sling.models.api-1.3.6.pom (3.9 kB at 118 kB/s)
[INFO] Downloading from adobe-public-releases: https://repo.adobe.com/nexus/content/groups/public/com/adobe/cq/com.adobe.cq.export.json/0.0.12/com.adobe.cq.export.json-0.0.12.pom
[INFO] Downloaded from adobe-public-releases: https://repo.adobe.com/nexus/content/groups/public/com/adobe/cq/com.adobe.cq.export.json/0.0.12/com.adobe.cq.export.json-0.0.12.pom (3.1 kB at 137 kB/s)
[INFO] Downloading from adobe-public-releases: https://repo.adobe.com/nexus/content/groups/public/com/day/cq/parent/52/parent-52.pom
[INFO] Downloaded from adobe-public-releases: https://repo.adobe.com/nexus/content/groups/public/com/day/cq/parent/52/parent-52.pom (36 kB at 3.0 MB/s)
[INFO] Downloading from adobe-public-releases: https://repo.adobe.com/nexus/content/groups/public/com/adobe/adobe/6/adobe-6.pom
[INFO] Downloaded from adobe-public-releases: https://repo.adobe.com/nexus/content/groups/public/com/adobe/adobe/6/adobe-6.pom (9.2 kB at 925 kB/s)
[INFO] Downloading from adobe-public-releases: https://repo.adobe.com/nexus/content/groups/public/org/apache/sling/org.apache.sling.caconfig.impl/1.4.0/org.apache.sling.caconfig.impl-1.4.0.pom
[INFO] Downloading from central: https://repo.maven.apache.org/maven2/org/apache/sling/org.apache.sling.caconfig.impl/1.4.0/org.apache.sling.caconfig.impl-1.4.0.pom
[INFO] Downloaded from central: https://repo.maven.apache.org/maven2/org/apache/sling/org.apache.sling.caconfig.impl/1.4.0/org.apache.sling.caconfig.impl-1.4.0.pom (12 kB at 349 kB/s)
[INFO] Downloading from adobe-public-releases: https://repo.adobe.com/nexus/content/groups/public/org/apache/sling/org.apache.sling.caconfig.api/1.1.0/org.apache.sling.caconfig.api-1.1.0.pom
[INFO] Downloading from central: https://repo.maven.apache.org/maven2/org/apache/sling/org.apache.sling.caconfig.api/1.1.0/org.apache.sling.caconfig.api-1.1.0.pom
[INFO] Downloaded from central: https://repo.maven.apache.org/maven2/org/apache/sling/org.apache.sling.caconfig.api/1.1.0/org.apache.sling.caconfig.api-1.1.0.pom (2.8 kB at 71 kB/s)
[INFO] Downloading from adobe-public-releases: https://repo.adobe.com/nexus/content/groups/public/org/apache/sling/org.apache.sling.caconfig.spi/1.3.0/org.apache.sling.caconfig.spi-1.3.0.pom
[INFO] Downloading from central: https://repo.maven.apache.org/maven2/org/apache/sling/org.apache.sling.caconfig.spi/1.3.0/org.apache.sling.caconfig.spi-1.3.0.pom
[INFO] Downloaded from central: https://repo.maven.apache.org/maven2/org/apache/sling/org.apache.sling.caconfig.spi/1.3.0/org.apache.sling.caconfig.spi-1.3.0.pom (4.6 kB at 123 kB/s)
[INFO] Downloading from adobe-public-releases: https://repo.adobe.com/nexus/content/groups/public/org/apache/sling/org.apache.sling.sitemap/1.0.2/org.apache.sling.sitemap-1.0.2.pom
[INFO] Downloading from central: https://repo.maven.apache.org/maven2/org/apache/sling/org.apache.sling.sitemap/1.0.2/org.apache.sling.sitemap-1.0.2.pom
[INFO] Downloaded from central: https://repo.maven.apache.org/maven2/org/apache/sling/org.apache.sling.sitemap/1.0.2/org.apache.sling.sitemap-1.0.2.pom (11 kB at 155 kB/s)
[INFO] Downloading from adobe-public-releases: https://repo.adobe.com/nexus/content/groups/public/org/apache/sling/sling-bundle-parent/43/sling-bundle-parent-43.pom
[INFO] Downloading from central: https://repo.maven.apache.org/maven2/org/apache/sling/sling-bundle-parent/43/sling-bundle-parent-43.pom
[INFO] Downloaded from central: https://repo.maven.apache.org/maven2/org/apache/sling/sling-bundle-parent/43/sling-bundle-parent-43.pom (15 kB at 209 kB/s)
[INFO] Downloading from adobe-public-releases: https://repo.adobe.com/nexus/content/groups/public/org/apache/sling/sling/43/sling-43.pom
[INFO] Downloading from central: https://repo.maven.apache.org/maven2/org/apache/sling/sling/43/sling-43.pom
[INFO] Downloaded from central: https://repo.maven.apache.org/maven2/org/apache/sling/sling/43/sling-43.pom (53 kB at 1.4 MB/s)
[INFO] Downloading from adobe-public-releases: https://repo.adobe.com/nexus/content/groups/public/org/osgi/org.osgi.util.tracker/1.5.1/org.osgi.util.tracker-1.5.1.pom
[INFO] Downloading from central: https://repo.maven.apache.org/maven2/org/osgi/org.osgi.util.tracker/1.5.1/org.osgi.util.tracker-1.5.1.pom
[INFO] Downloaded from central: https://repo.maven.apache.org/maven2/org/osgi/org.osgi.util.tracker/1.5.1/org.osgi.util.tracker-1.5.1.pom (1.3 kB at 36 kB/s)
[INFO] Downloading from adobe-public-releases: https://repo.adobe.com/nexus/content/groups/public/org/apache/sling/org.apache.sling.commons.metrics/1.2.8/org.apache.sling.commons.metrics-1.2.8.pom
[INFO] Downloading from central: https://repo.maven.apache.org/maven2/org/apache/sling/org.apache.sling.commons.metrics/1.2.8/org.apache.sling.commons.metrics-1.2.8.pom
[INFO] Downloaded from central: https://repo.maven.apache.org/maven2/org/apache/sling/org.apache.sling.commons.metrics/1.2.8/org.apache.sling.commons.metrics-1.2.8.pom (7.7 kB at 228 kB/s)
[INFO] Downloading from adobe-public-releases: https://repo.adobe.com/nexus/content/groups/public/com/adobe/aem/uber-jar/6.4.8.4-1.0/uber-jar-6.4.8.4-1.0.pom
[INFO] Downloading from central: https://repo.maven.apache.org/maven2/com/adobe/aem/uber-jar/6.4.8.4-1.0/uber-jar-6.4.8.4-1.0.pom
[INFO] Downloaded from central: https://repo.maven.apache.org/maven2/com/adobe/aem/uber-jar/6.4.8.4-1.0/uber-jar-6.4.8.4-1.0.pom (2.5 kB at 60 kB/s)
[INFO] Downloading from adobe-public-releases: https://repo.adobe.com/nexus/content/groups/public/org/osgi/osgi.annotation/7.0.0/osgi.annotation-7.0.0.jar
[INFO] Downloading from adobe-public-releases: https://repo.adobe.com/nexus/content/groups/public/org/apache/sling/org.apache.sling.testing.resourceresolver-mock/1.1.22/org.apache.sling.testing.resourceresolver-mock-1.1.22.jar
[INFO] Downloading from adobe-public-releases: https://repo.adobe.com/nexus/content/groups/public/net/bytebuddy/byte-buddy/1.9.7/byte-buddy-1.9.7.jar
[INFO] Downloading from adobe-public-releases: https://repo.adobe.com/nexus/content/groups/public/org/mockito/mockito-core/2.24.5/mockito-core-2.24.5.jar
[INFO] Downloading from adobe-public-releases: https://repo.adobe.com/nexus/content/groups/public/org/apache/jackrabbit/jackrabbit-jcr-commons/2.12.1/jackrabbit-jcr-commons-2.12.1.jar
[INFO] Downloading from adobe-public-releases: https://repo.adobe.com/nexus/content/groups/public/net/bytebuddy/byte-buddy-agent/1.9.7/byte-buddy-agent-1.9.7.jar
[INFO] Downloading from adobe-public-releases: https://repo.adobe.com/nexus/content/groups/public/org/apache/sling/org.apache.sling.models.api/1.3.6/org.apache.sling.models.api-1.3.6.jar
[INFO] Downloading from adobe-public-releases: https://repo.adobe.com/nexus/content/groups/public/com/adobe/cq/com.adobe.cq.export.json/0.0.12/com.adobe.cq.export.json-0.0.12.jar
[INFO] Downloading from adobe-public-releases: https://repo.adobe.com/nexus/content/groups/public/org/apache/sling/org.apache.sling.caconfig.impl/1.4.0/org.apache.sling.caconfig.impl-1.4.0.jar
[INFO] Downloading from adobe-public-releases: https://repo.adobe.com/nexus/content/groups/public/org/apache/sling/org.apache.sling.caconfig.api/1.1.0/org.apache.sling.caconfig.api-1.1.0.jar
[INFO] Downloaded from adobe-public-releases: https://repo.adobe.com/nexus/content/groups/public/com/adobe/cq/com.adobe.cq.export.json/0.0.12/com.adobe.cq.export.json-0.0.12.jar (6.6 kB at 21 kB/s)
[INFO] Downloading from adobe-public-releases: https://repo.adobe.com/nexus/content/groups/public/org/apache/sling/org.apache.sling.caconfig.spi/1.3.0/org.apache.sling.caconfig.spi-1.3.0.jar
[INFO] Downloading from adobe-public-releases: https://repo.adobe.com/nexus/content/groups/public/org/apache/sling/org.apache.sling.sitemap/1.0.2/org.apache.sling.sitemap-1.0.2.jar
[INFO] Downloading from adobe-public-releases: https://repo.adobe.com/nexus/content/groups/public/org/osgi/org.osgi.util.tracker/1.5.1/org.osgi.util.tracker-1.5.1.jar
[INFO] Downloading from adobe-public-releases: https://repo.adobe.com/nexus/content/groups/public/org/apache/sling/org.apache.sling.commons.metrics/1.2.8/org.apache.sling.commons.metrics-1.2.8.jar
[INFO] Downloading from adobe-public-releases: https://repo.adobe.com/nexus/content/groups/public/com/adobe/aem/uber-jar/6.4.8.4-1.0/uber-jar-6.4.8.4-1.0.jar
[INFO] Downloading from central: https://repo.maven.apache.org/maven2/org/osgi/osgi.annotation/7.0.0/osgi.annotation-7.0.0.jar
[INFO] Downloading from central: https://repo.maven.apache.org/maven2/org/apache/sling/org.apache.sling.testing.resourceresolver-mock/1.1.22/org.apache.sling.testing.resourceresolver-mock-1.1.22.jar
[INFO] Downloading from central: https://repo.maven.apache.org/maven2/org/mockito/mockito-core/2.24.5/mockito-core-2.24.5.jar
[INFO] Downloading from central: https://repo.maven.apache.org/maven2/org/apache/jackrabbit/jackrabbit-jcr-commons/2.12.1/jackrabbit-jcr-commons-2.12.1.jar
[INFO] Downloading from central: https://repo.maven.apache.org/maven2/net/bytebuddy/byte-buddy/1.9.7/byte-buddy-1.9.7.jar
[INFO] Downloaded from central: https://repo.maven.apache.org/maven2/org/osgi/osgi.annotation/7.0.0/osgi.annotation-7.0.0.jar (35 kB at 1.1 MB/s)
[INFO] Downloading from central: https://repo.maven.apache.org/maven2/net/bytebuddy/byte-buddy-agent/1.9.7/byte-buddy-agent-1.9.7.jar
[INFO] Downloaded from central: https://repo.maven.apache.org/maven2/org/mockito/mockito-core/2.24.5/mockito-core-2.24.5.jar (577 kB at 13 MB/s)
[INFO] Downloading from central: https://repo.maven.apache.org/maven2/org/apache/sling/org.apache.sling.models.api/1.3.6/org.apache.sling.models.api-1.3.6.jar
[INFO] Downloaded from central: https://repo.maven.apache.org/maven2/org/apache/jackrabbit/jackrabbit-jcr-commons/2.12.1/jackrabbit-jcr-commons-2.12.1.jar (400 kB at 8.5 MB/s)
[INFO] Downloading from central: https://repo.maven.apache.org/maven2/org/apache/sling/org.apache.sling.caconfig.impl/1.4.0/org.apache.sling.caconfig.impl-1.4.0.jar
[INFO] Downloaded from central: https://repo.maven.apache.org/maven2/org/apache/sling/org.apache.sling.testing.resourceresolver-mock/1.1.22/org.apache.sling.testing.resourceresolver-mock-1.1.22.jar (38 kB at 701 kB/s)
[INFO] Downloading from central: https://repo.maven.apache.org/maven2/org/apache/sling/org.apache.sling.caconfig.api/1.1.0/org.apache.sling.caconfig.api-1.1.0.jar
[INFO] Downloaded from central: https://repo.maven.apache.org/maven2/net/bytebuddy/byte-buddy-agent/1.9.7/byte-buddy-agent-1.9.7.jar (43 kB at 648 kB/s)
[INFO] Downloading from central: https://repo.maven.apache.org/maven2/org/apache/sling/org.apache.sling.caconfig.spi/1.3.0/org.apache.sling.caconfig.spi-1.3.0.jar
[INFO] Downloaded from central: https://repo.maven.apache.org/maven2/org/apache/sling/org.apache.sling.models.api/1.3.6/org.apache.sling.models.api-1.3.6.jar (44 kB at 631 kB/s)
[INFO] Downloading from central: https://repo.maven.apache.org/maven2/org/apache/sling/org.apache.sling.sitemap/1.0.2/org.apache.sling.sitemap-1.0.2.jar
[INFO] Downloaded from central: https://repo.maven.apache.org/maven2/net/bytebuddy/byte-buddy/1.9.7/byte-buddy-1.9.7.jar (3.3 MB at 42 MB/s)
[INFO] Downloading from central: https://repo.maven.apache.org/maven2/org/osgi/org.osgi.util.tracker/1.5.1/org.osgi.util.tracker-1.5.1.jar
[INFO] Downloaded from central: https://repo.maven.apache.org/maven2/org/apache/sling/org.apache.sling.caconfig.impl/1.4.0/org.apache.sling.caconfig.impl-1.4.0.jar (202 kB at 2.4 MB/s)
[INFO] Downloading from central: https://repo.maven.apache.org/maven2/org/apache/sling/org.apache.sling.commons.metrics/1.2.8/org.apache.sling.commons.metrics-1.2.8.jar
[INFO] Downloaded from central: https://repo.maven.apache.org/maven2/org/apache/sling/org.apache.sling.caconfig.spi/1.3.0/org.apache.sling.caconfig.spi-1.3.0.jar (26 kB at 266 kB/s)
[INFO] Downloading from central: https://repo.maven.apache.org/maven2/com/adobe/aem/uber-jar/6.4.8.4-1.0/uber-jar-6.4.8.4-1.0.jar
[INFO] Downloaded from central: https://repo.maven.apache.org/maven2/org/apache/sling/org.apache.sling.sitemap/1.0.2/org.apache.sling.sitemap-1.0.2.jar (115 kB at 1.2 MB/s)
[INFO] Downloaded from central: https://repo.maven.apache.org/maven2/org/apache/sling/org.apache.sling.caconfig.api/1.1.0/org.apache.sling.caconfig.api-1.1.0.jar (13 kB at 115 kB/s)
[INFO] Downloaded from central: https://repo.maven.apache.org/maven2/org/osgi/org.osgi.util.tracker/1.5.1/org.osgi.util.tracker-1.5.1.jar (43 kB at 375 kB/s)
[INFO] Downloaded from central: https://repo.maven.apache.org/maven2/org/apache/sling/org.apache.sling.commons.metrics/1.2.8/org.apache.sling.commons.metrics-1.2.8.jar (64 kB at 560 kB/s)
[INFO] Downloaded from central: https://repo.maven.apache.org/maven2/com/adobe/aem/uber-jar/6.4.8.4-1.0/uber-jar-6.4.8.4-1.0.jar (56 MB at 82 MB/s)
[INFO] 
[INFO] --- maven-clean-plugin:3.1.0:clean (default-clean) @ core.wcm.components.junit.core ---
[INFO] 
[INFO] --- maven-resources-plugin:2.7:resources (default-resources) @ core.wcm.components.junit.core ---
[INFO] Using 'UTF-8' encoding to copy filtered resources.
[INFO] skip non existing resourceDirectory /home/srafi/after-cam-ready/compare_/compile_repair_output/work/4bd056f96a86/testing/junit/core/src/main/resources
[INFO] 
[INFO] --- maven-compiler-plugin:3.8.0:compile (default-compile) @ core.wcm.components.junit.core ---
[INFO] Changes detected - recompiling the module!
[INFO] Compiling 16 source files to /home/srafi/after-cam-ready/compare_/compile_repair_output/work/4bd056f96a86/testing/junit/core/target/classes
[INFO] /home/srafi/after-cam-ready/compare_/compile_repair_output/work/4bd056f96a86/testing/junit/core/src/main/java/com/adobe/cq/wcm/core/components/testing/MockPublishUtils.java: /home/srafi/after-cam-ready/compare_/compile_repair_output/work/4bd056f96a86/testing/junit/core/src/main/java/com/adobe/cq/wcm/core/components/testing/MockPublishUtils.java uses or overrides a deprecated API.
[INFO] /home/srafi/after-cam-ready/compare_/compile_repair_output/work/4bd056f96a86/testing/junit/core/src/main/java/com/adobe/cq/wcm/core/components/testing/MockPublishUtils.java: Recompile with -Xlint:deprecation for details.
[INFO] 
[INFO] --- maven-bundle-plugin:4.2.1:manifest (scr-metadata) @ core.wcm.components.junit.core ---
[INFO] No previous run data found, generating manifest.
[INFO] 
[INFO] --- maven-resources-plugin:2.7:testResources (default-testResources) @ core.wcm.components.junit.core ---
[INFO] Using 'UTF-8' encoding to copy filtered resources.
[INFO] skip non existing resourceDirectory /home/srafi/after-cam-ready/compare_/compile_repair_output/work/4bd056f96a86/testing/junit/core/src/test/resources
[INFO] 
[INFO] --- maven-compiler-plugin:3.8.0:testCompile (default-testCompile) @ core.wcm.components.junit.core ---
[INFO] No sources to compile
[INFO] 
[INFO] --- maven-surefire-plugin:3.0.0-M8-SNAPSHOT:test (default-test) @ core.wcm.components.junit.core ---
[INFO] Downloading from apache.snapshots: https://repository.apache.org/snapshots/org/apache/maven/surefire/maven-surefire-common/3.0.0-M8-SNAPSHOT/maven-metadata.xml
[INFO] Downloading from adobe-public-releases: https://repo.adobe.com/nexus/content/groups/public/org/apache/maven/surefire/maven-surefire-common/3.0.0-M8-SNAPSHOT/maven-metadata.xml
[INFO] Downloading from adobe-public-releases: https://repo.adobe.com/nexus/content/groups/public/org/apache/maven/surefire/surefire-api/3.0.0-M8-SNAPSHOT/maven-metadata.xml
[INFO] Downloading from apache.snapshots: https://repository.apache.org/snapshots/org/apache/maven/surefire/surefire-api/3.0.0-M8-SNAPSHOT/maven-metadata.xml
[INFO] Downloading from adobe-public-releases: https://repo.adobe.com/nexus/content/groups/public/org/apache/maven/surefire/surefire-logger-api/3.0.0-M8-SNAPSHOT/maven-metadata.xml
[INFO] Downloading from apache.snapshots: https://repository.apache.org/snapshots/org/apache/maven/surefire/surefire-logger-api/3.0.0-M8-SNAPSHOT/maven-metadata.xml
[INFO] Downloading from adobe-public-releases: https://repo.adobe.com/nexus/content/groups/public/org/apache/maven/surefire/surefire-shared-utils/3.0.0-M8-SNAPSHOT/maven-metadata.xml
[INFO] Downloading from apache.snapshots: https://repository.apache.org/snapshots/org/apache/maven/surefire/surefire-shared-utils/3.0.0-M8-SNAPSHOT/maven-metadata.xml
[INFO] Downloading from adobe-public-releases: https://repo.adobe.com/nexus/content/groups/public/org/apache/maven/surefire/surefire-extensions-api/3.0.0-M8-SNAPSHOT/maven-metadata.xml
[INFO] Downloading from apache.snapshots: https://repository.apache.org/snapshots/org/apache/maven/surefire/surefire-extensions-api/3.0.0-M8-SNAPSHOT/maven-metadata.xml
[INFO] Downloading from adobe-public-releases: https://repo.adobe.com/nexus/content/groups/public/org/apache/maven/surefire/surefire-booter/3.0.0-M8-SNAPSHOT/maven-metadata.xml
[INFO] Downloading from apache.snapshots: https://repository.apache.org/snapshots/org/apache/maven/surefire/surefire-booter/3.0.0-M8-SNAPSHOT/maven-metadata.xml
[INFO] Downloading from adobe-public-releases: https://repo.adobe.com/nexus/content/groups/public/org/apache/maven/surefire/surefire-extensions-spi/3.0.0-M8-SNAPSHOT/maven-metadata.xml
[INFO] Downloading from apache.snapshots: https://repository.apache.org/snapshots/org/apache/maven/surefire/surefire-extensions-spi/3.0.0-M8-SNAPSHOT/maven-metadata.xml
[INFO] Tests are skipped.
[INFO] 
[INFO] --- maven-jar-plugin:2.4:jar (default-jar) @ core.wcm.components.junit.core ---
[INFO] Building jar: /home/srafi/after-cam-ready/compare_/compile_repair_output/work/4bd056f96a86/testing/junit/core/target/core.wcm.components.junit.core-2.17.13-SNAPSHOT.jar
[INFO] 
[INFO] --- maven-bundle-plugin:4.2.1:baseline (baseline) @ core.wcm.components.junit.core ---
[INFO] artifact com.adobe.cq:core.wcm.components.junit.core: checking for updates from adobe-public-releases
[INFO] artifact com.adobe.cq:core.wcm.components.junit.core: checking for updates from central
[INFO] Downloading from adobe-public-releases: https://repo.adobe.com/nexus/content/groups/public/com/adobe/cq/core.wcm.components.junit.core/2.17.12/core.wcm.components.junit.core-2.17.12.jar
[INFO] Downloading from central: https://repo.maven.apache.org/maven2/com/adobe/cq/core.wcm.components.junit.core/2.17.12/core.wcm.components.junit.core-2.17.12.jar
[INFO] Downloaded from central: https://repo.maven.apache.org/maven2/com/adobe/cq/core.wcm.components.junit.core/2.17.12/core.wcm.components.junit.core-2.17.12.jar (29 kB at 56 kB/s)
[INFO] Baseline Report - Generated by Apache Felix Maven Bundle Plugin on 2026-08-15T14:09Z based on Bnd - see http://www.aqute.biz/Bnd/Bnd
[INFO] Comparing bundle core.wcm.components.junit.core version 2.17.13-SNAPSHOT to version 2.17.12
[INFO] 
[INFO]   PACKAGE_NAME                                       DELTA      CUR_VER    BASE_VER   REC_VER    WARNINGS  
[INFO] = ================================================== ========== ========== ========== ========== ==========
[INFO]   com.adobe.cq.wcm.core.components.testing           unchanged  0.0.0      0.0.0      0.0.0      -         
[INFO] -----------------------------------------------------------------------------------------------------------
[INFO] Baseline analysis complete, 0 error(s), 0 warning(s)
[INFO] 
[INFO] --- maven-install-plugin:2.5.2:install (default-install) @ core.wcm.components.junit.core ---
[INFO] Installing /home/srafi/after-cam-ready/compare_/compile_repair_output/work/4bd056f96a86/testing/junit/core/target/core.wcm.components.junit.core-2.17.13-SNAPSHOT.jar to /home/srafi/.m2/repository/com/adobe/cq/core.wcm.components.junit.core/2.17.13-SNAPSHOT/core.wcm.components.junit.core-2.17.13-SNAPSHOT.jar
[INFO] Installing /home/srafi/after-cam-ready/compare_/compile_repair_output/work/4bd056f96a86/testing/junit/core/pom.xml to /home/srafi/.m2/repository/com/adobe/cq/core.wcm.components.junit.core/2.17.13-SNAPSHOT/core.wcm.components.junit.core-2.17.13-SNAPSHOT.pom
[INFO] 
[INFO] ---------------< com.adobe.cq:core.wcm.components.core >----------------
[INFO] Building Adobe Experience Manager Core WCM Components Core Bundle 2.17.13-SNAPSHOT [3/3]
[INFO] -------------------------------[ bundle ]-------------------------------
[INFO] Downloading from adobe-public-releases: https://repo.adobe.com/nexus/content/groups/public/com/github/spotbugs/spotbugs-maven-plugin/4.0.4/spotbugs-maven-plugin-4.0.4.pom
[INFO] Downloading from central: https://repo.maven.apache.org/maven2/com/github/spotbugs/spotbugs-maven-plugin/4.0.4/spotbugs-maven-plugin-4.0.4.pom
[INFO] Downloaded from central: https://repo.maven.apache.org/maven2/com/github/spotbugs/spotbugs-maven-plugin/4.0.4/spotbugs-maven-plugin-4.0.4.pom (33 kB at 867 kB/s)
[INFO] Downloading from adobe-public-releases: https://repo.adobe.com/nexus/content/groups/public/com/github/hazendaz/base-parent/25/base-parent-25.pom
[INFO] Downloading from central: https://repo.maven.apache.org/maven2/com/github/hazendaz/base-parent/25/base-parent-25.pom
[INFO] Downloaded from central: https://repo.maven.apache.org/maven2/com/github/hazendaz/base-parent/25/base-parent-25.pom (85 kB at 2.2 MB/s)
[INFO] Downloading from adobe-public-releases: https://repo.adobe.com/nexus/content/groups/public/com/github/spotbugs/spotbugs-maven-plugin/4.0.4/spotbugs-maven-plugin-4.0.4.jar
[INFO] Downloading from central: https://repo.maven.apache.org/maven2/com/github/spotbugs/spotbugs-maven-plugin/4.0.4/spotbugs-maven-plugin-4.0.4.jar
[INFO] Downloaded from central: https://repo.maven.apache.org/maven2/com/github/spotbugs/spotbugs-maven-plugin/4.0.4/spotbugs-maven-plugin-4.0.4.jar (144 kB at 4.6 MB/s)
[INFO] Downloading from adobe-public-releases: https://repo.adobe.com/nexus/content/groups/public/org/slf4j/slf4j-nop/1.7.6/slf4j-nop-1.7.6.pom
[INFO] Downloading from central: https://repo.maven.apache.org/maven2/org/slf4j/slf4j-nop/1.7.6/slf4j-nop-1.7.6.pom
[INFO] Downloaded from central: https://repo.maven.apache.org/maven2/org/slf4j/slf4j-nop/1.7.6/slf4j-nop-1.7.6.pom (1.5 kB at 45 kB/s)
[INFO] Downloading from adobe-public-releases: https://repo.adobe.com/nexus/content/groups/public/org/apache/sling/org.apache.sling.commons.osgi/2.4.0/org.apache.sling.commons.osgi-2.4.0.pom
[INFO] Downloading from central: https://repo.maven.apache.org/maven2/org/apache/sling/org.apache.sling.commons.osgi/2.4.0/org.apache.sling.commons.osgi-2.4.0.pom
[INFO] Downloaded from central: https://repo.maven.apache.org/maven2/org/apache/sling/org.apache.sling.commons.osgi/2.4.0/org.apache.sling.commons.osgi-2.4.0.pom (5.4 kB at 150 kB/s)
[INFO] Downloading from adobe-public-releases: https://repo.adobe.com/nexus/content/groups/public/org/apache/sling/org.apache.sling.commons.johnzon/1.0.0/org.apache.sling.commons.johnzon-1.0.0.pom
[INFO] Downloading from central: https://repo.maven.apache.org/maven2/org/apache/sling/org.apache.sling.commons.johnzon/1.0.0/org.apache.sling.commons.johnzon-1.0.0.pom
[INFO] Downloaded from central: https://repo.maven.apache.org/maven2/org/apache/sling/org.apache.sling.commons.johnzon/1.0.0/org.apache.sling.commons.johnzon-1.0.0.pom (3.4 kB at 100 kB/s)
[INFO] Downloading from adobe-public-releases: https://repo.adobe.com/nexus/content/groups/public/com/adobe/cq/dam/cq-dam-cfm-api/1.1.5-NPR-19008-R002/cq-dam-cfm-api-1.1.5-NPR-19008-R002.pom
[INFO] Downloaded from adobe-public-releases: https://repo.adobe.com/nexus/content/groups/public/com/adobe/cq/dam/cq-dam-cfm-api/1.1.5-NPR-19008-R002/cq-dam-cfm-api-1.1.5-NPR-19008-R002.pom (6.1 kB at 10 kB/s)
[INFO] Downloading from adobe-public-releases: https://repo.adobe.com/nexus/content/groups/public/com/day/cq/parent/46/parent-46.pom
[INFO] Downloaded from adobe-public-releases: https://repo.adobe.com/nexus/content/groups/public/com/day/cq/parent/46/parent-46.pom (34 kB at 54 kB/s)
[INFO] Downloading from adobe-public-releases: https://repo.adobe.com/nexus/content/groups/public/org/apache/httpcomponents/httpclient-osgi/4.5.4/httpclient-osgi-4.5.4.pom
[INFO] Downloading from central: https://repo.maven.apache.org/maven2/org/apache/httpcomponents/httpclient-osgi/4.5.4/httpclient-osgi-4.5.4.pom
[INFO] Downloaded from central: https://repo.maven.apache.org/maven2/org/apache/httpcomponents/httpclient-osgi/4.5.4/httpclient-osgi-4.5.4.pom (8.4 kB at 232 kB/s)
[INFO] Downloading from adobe-public-releases: https://repo.adobe.com/nexus/content/groups/public/org/apache/httpcomponents/httpcomponents-client/4.5.4/httpcomponents-client-4.5.4.pom
[INFO] Downloading from central: https://repo.maven.apache.org/maven2/org/apache/httpcomponents/httpcomponents-client/4.5.4/httpcomponents-client-4.5.4.pom
[INFO] Downloaded from central: https://repo.maven.apache.org/maven2/org/apache/httpcomponents/httpcomponents-client/4.5.4/httpcomponents-client-4.5.4.pom (15 kB at 484 kB/s)
[INFO] Downloading from adobe-public-releases: https://repo.adobe.com/nexus/content/groups/public/org/apache/httpcomponents/httpclient/4.5.4/httpclient-4.5.4.pom
[INFO] Downloading from central: https://repo.maven.apache.org/maven2/org/apache/httpcomponents/httpclient/4.5.4/httpclient-4.5.4.pom
[INFO] Downloaded from central: https://repo.maven.apache.org/maven2/org/apache/httpcomponents/httpclient/4.5.4/httpclient-4.5.4.pom (6.2 kB at 164 kB/s)
[INFO] Downloading from adobe-public-releases: https://repo.adobe.com/nexus/content/groups/public/org/apache/httpcomponents/httpcore/4.4.7/httpcore-4.4.7.pom
[INFO] Downloading from central: https://repo.maven.apache.org/maven2/org/apache/httpcomponents/httpcore/4.4.7/httpcore-4.4.7.pom
[INFO] Downloaded from central: https://repo.maven.apache.org/maven2/org/apache/httpcomponents/httpcore/4.4.7/httpcore-4.4.7.pom (5.1 kB at 150 kB/s)
[INFO] Downloading from adobe-public-releases: https://repo.adobe.com/nexus/content/groups/public/org/apache/httpcomponents/httpcomponents-core/4.4.7/httpcomponents-core-4.4.7.pom
[INFO] Downloading from central: https://repo.maven.apache.org/maven2/org/apache/httpcomponents/httpcomponents-core/4.4.7/httpcomponents-core-4.4.7.pom
[INFO] Downloaded from central: https://repo.maven.apache.org/maven2/org/apache/httpcomponents/httpcomponents-core/4.4.7/httpcomponents-core-4.4.7.pom (14 kB at 344 kB/s)
[INFO] Downloading from adobe-public-releases: https://repo.adobe.com/nexus/content/groups/public/org/apache/httpcomponents/project/8/project-8.pom
[INFO] Downloading from central: https://repo.maven.apache.org/maven2/org/apache/httpcomponents/project/8/project-8.pom
[INFO] Downloaded from central: https://repo.maven.apache.org/maven2/org/apache/httpcomponents/project/8/project-8.pom (35 kB at 1.0 MB/s)
[INFO] Downloading from adobe-public-releases: https://repo.adobe.com/nexus/content/groups/public/org/apache/httpcomponents/httpmime/4.5.4/httpmime-4.5.4.pom
[INFO] Downloading from central: https://repo.maven.apache.org/maven2/org/apache/httpcomponents/httpmime/4.5.4/httpmime-4.5.4.pom
[INFO] Downloaded from central: https://repo.maven.apache.org/maven2/org/apache/httpcomponents/httpmime/4.5.4/httpmime-4.5.4.pom (4.6 kB at 145 kB/s)
[INFO] Downloading from adobe-public-releases: https://repo.adobe.com/nexus/content/groups/public/org/apache/httpcomponents/httpclient-cache/4.5.4/httpclient-cache-4.5.4.pom
[INFO] Downloading from central: https://repo.maven.apache.org/maven2/org/apache/httpcomponents/httpclient-cache/4.5.4/httpclient-cache-4.5.4.pom
[INFO] Downloaded from central: https://repo.maven.apache.org/maven2/org/apache/httpcomponents/httpclient-cache/4.5.4/httpclient-cache-4.5.4.pom (6.2 kB at 102 kB/s)
[INFO] Downloading from adobe-public-releases: https://repo.adobe.com/nexus/content/groups/public/org/apache/httpcomponents/fluent-hc/4.5.4/fluent-hc-4.5.4.pom
[INFO] Downloading from central: https://repo.maven.apache.org/maven2/org/apache/httpcomponents/fluent-hc/4.5.4/fluent-hc-4.5.4.pom
[INFO] Downloaded from central: https://repo.maven.apache.org/maven2/org/apache/httpcomponents/fluent-hc/4.5.4/fluent-hc-4.5.4.pom (4.6 kB at 101 kB/s)
[INFO] Downloading from adobe-public-releases: https://repo.adobe.com/nexus/content/groups/public/com/adobe/cq/wcm/com.adobe.aem.wcm.seo/1.0.4/com.adobe.aem.wcm.seo-1.0.4.pom
[INFO] Downloading from central: https://repo.maven.apache.org/maven2/com/adobe/cq/wcm/com.adobe.aem.wcm.seo/1.0.4/com.adobe.aem.wcm.seo-1.0.4.pom
[INFO] Downloaded from central: https://repo.maven.apache.org/maven2/com/adobe/cq/wcm/com.adobe.aem.wcm.seo/1.0.4/com.adobe.aem.wcm.seo-1.0.4.pom (15 kB at 434 kB/s)
[INFO] Downloading from adobe-public-releases: https://repo.adobe.com/nexus/content/groups/public/org/osgi/org.osgi.annotation.versioning/1.1.0/org.osgi.annotation.versioning-1.1.0.pom
[INFO] Downloading from central: https://repo.maven.apache.org/maven2/org/osgi/org.osgi.annotation.versioning/1.1.0/org.osgi.annotation.versioning-1.1.0.pom
[INFO] Downloaded from central: https://repo.maven.apache.org/maven2/org/osgi/org.osgi.annotation.versioning/1.1.0/org.osgi.annotation.versioning-1.1.0.pom (1.5 kB at 39 kB/s)
[INFO] Downloading from adobe-public-releases: https://repo.adobe.com/nexus/content/groups/public/org/apache/sling/org.apache.sling.api/2.22.0/org.apache.sling.api-2.22.0.pom
[INFO] Downloading from central: https://repo.maven.apache.org/maven2/org/apache/sling/org.apache.sling.api/2.22.0/org.apache.sling.api-2.22.0.pom
[INFO] Downloaded from central: https://repo.maven.apache.org/maven2/org/apache/sling/org.apache.sling.api/2.22.0/org.apache.sling.api-2.22.0.pom (7.6 kB at 211 kB/s)
[INFO] Downloading from adobe-public-releases: https://repo.adobe.com/nexus/content/groups/public/org/apache/sling/org.apache.sling.models.impl/1.4.10/org.apache.sling.models.impl-1.4.10.pom
[INFO] Downloading from central: https://repo.maven.apache.org/maven2/org/apache/sling/org.apache.sling.models.impl/1.4.10/org.apache.sling.models.impl-1.4.10.pom
[INFO] Downloaded from central: https://repo.maven.apache.org/maven2/org/apache/sling/org.apache.sling.models.impl/1.4.10/org.apache.sling.models.impl-1.4.10.pom (8.8 kB at 266 kB/s)
[INFO] Downloading from adobe-public-releases: https://repo.adobe.com/nexus/content/groups/public/org/apache/sling/org.apache.sling.testing.caconfig-mock-plugin/1.3.2/org.apache.sling.testing.caconfig-mock-plugin-1.3.2.pom
[INFO] Downloading from central: https://repo.maven.apache.org/maven2/org/apache/sling/org.apache.sling.testing.caconfig-mock-plugin/1.3.2/org.apache.sling.testing.caconfig-mock-plugin-1.3.2.pom
[INFO] Downloaded from central: https://repo.maven.apache.org/maven2/org/apache/sling/org.apache.sling.testing.caconfig-mock-plugin/1.3.2/org.apache.sling.testing.caconfig-mock-plugin-1.3.2.pom (7.7 kB at 250 kB/s)
[INFO] Downloading from adobe-public-releases: https://repo.adobe.com/nexus/content/groups/public/io/wcm/io.wcm.testing.aem-mock.junit5/3.1.0/io.wcm.testing.aem-mock.junit5-3.1.0.pom
[INFO] Downloading from central: https://repo.maven.apache.org/maven2/io/wcm/io.wcm.testing.aem-mock.junit5/3.1.0/io.wcm.testing.aem-mock.junit5-3.1.0.pom
[INFO] Downloaded from central: https://repo.maven.apache.org/maven2/io/wcm/io.wcm.testing.aem-mock.junit5/3.1.0/io.wcm.testing.aem-mock.junit5-3.1.0.pom (7.0 kB at 185 kB/s)
[INFO] Downloading from adobe-public-releases: https://repo.adobe.com/nexus/content/groups/public/io/wcm/io.wcm.testing.aem-mock.parent/3.1.0/io.wcm.testing.aem-mock.parent-3.1.0.pom
[INFO] Downloading from central: https://repo.maven.apache.org/maven2/io/wcm/io.wcm.testing.aem-mock.parent/3.1.0/io.wcm.testing.aem-mock.parent-3.1.0.pom
[INFO] Downloaded from central: https://repo.maven.apache.org/maven2/io/wcm/io.wcm.testing.aem-mock.parent/3.1.0/io.wcm.testing.aem-mock.parent-3.1.0.pom (2.8 kB at 92 kB/s)
[INFO] Downloading from adobe-public-releases: https://repo.adobe.com/nexus/content/groups/public/io/wcm/io.wcm.testing.parent/1.3.2/io.wcm.testing.parent-1.3.2.pom
[INFO] Downloading from central: https://repo.maven.apache.org/maven2/io/wcm/io.wcm.testing.parent/1.3.2/io.wcm.testing.parent-1.3.2.pom
[INFO] Downloaded from central: https://repo.maven.apache.org/maven2/io/wcm/io.wcm.testing.parent/1.3.2/io.wcm.testing.parent-1.3.2.pom (2.1 kB at 33 kB/s)
[INFO] Downloading from adobe-public-releases: https://repo.adobe.com/nexus/content/groups/public/io/wcm/io.wcm.parent_toplevel/1.5.8/io.wcm.parent_toplevel-1.5.8.pom
[INFO] Downloading from central: https://repo.maven.apache.org/maven2/io/wcm/io.wcm.parent_toplevel/1.5.8/io.wcm.parent_toplevel-1.5.8.pom
[INFO] Downloaded from central: https://repo.maven.apache.org/maven2/io/wcm/io.wcm.parent_toplevel/1.5.8/io.wcm.parent_toplevel-1.5.8.pom (15 kB at 373 kB/s)
[INFO] Downloading from adobe-public-releases: https://repo.adobe.com/nexus/content/groups/public/io/wcm/maven/io.wcm.maven.aem-global-parent/1.4.16/io.wcm.maven.aem-global-parent-1.4.16.pom
[INFO] Downloading from central: https://repo.maven.apache.org/maven2/io/wcm/maven/io.wcm.maven.aem-global-parent/1.4.16/io.wcm.maven.aem-global-parent-1.4.16.pom
[INFO] Downloaded from central: https://repo.maven.apache.org/maven2/io/wcm/maven/io.wcm.maven.aem-global-parent/1.4.16/io.wcm.maven.aem-global-parent-1.4.16.pom (30 kB at 757 kB/s)
[INFO] Downloading from adobe-public-releases: https://repo.adobe.com/nexus/content/groups/public/io/wcm/maven/io.wcm.maven.global-parent/35/io.wcm.maven.global-parent-35.pom
[INFO] Downloading from central: https://repo.maven.apache.org/maven2/io/wcm/maven/io.wcm.maven.global-parent/35/io.wcm.maven.global-parent-35.pom
[INFO] Downloaded from central: https://repo.maven.apache.org/maven2/io/wcm/maven/io.wcm.maven.global-parent/35/io.wcm.maven.global-parent-35.pom (47 kB at 1.4 MB/s)
[INFO] Downloading from adobe-public-releases: https://repo.adobe.com/nexus/content/groups/public/io/wcm/maven/io.wcm.maven.aem-dependencies/6.3.0.0003/io.wcm.maven.aem-dependencies-6.3.0.0003.pom
[INFO] Downloading from central: https://repo.maven.apache.org/maven2/io/wcm/maven/io.wcm.maven.aem-dependencies/6.3.0.0003/io.wcm.maven.aem-dependencies-6.3.0.0003.pom
[INFO] Downloaded from central: https://repo.maven.apache.org/maven2/io/wcm/maven/io.wcm.maven.aem-dependencies/6.3.0.0003/io.wcm.maven.aem-dependencies-6.3.0.0003.pom (22 kB at 588 kB/s)
[INFO] Downloading from adobe-public-releases: https://repo.adobe.com/nexus/content/groups/public/io/wcm/io.wcm.testing.aem-mock.core/3.1.0/io.wcm.testing.aem-mock.core-3.1.0.pom
[INFO] Downloading from central: https://repo.maven.apache.org/maven2/io/wcm/io.wcm.testing.aem-mock.core/3.1.0/io.wcm.testing.aem-mock.core-3.1.0.pom
[INFO] Downloaded from central: https://repo.maven.apache.org/maven2/io/wcm/io.wcm.testing.aem-mock.core/3.1.0/io.wcm.testing.aem-mock.core-3.1.0.pom (12 kB at 380 kB/s)
[INFO] Downloading from adobe-public-releases: https://repo.adobe.com/nexus/content/groups/public/org/apache/sling/org.apache.sling.api/2.16.2/org.apache.sling.api-2.16.2.pom
[INFO] Downloading from central: https://repo.maven.apache.org/maven2/org/apache/sling/org.apache.sling.api/2.16.2/org.apache.sling.api-2.16.2.pom
[INFO] Downloaded from central: https://repo.maven.apache.org/maven2/org/apache/sling/org.apache.sling.api/2.16.2/org.apache.sling.api-2.16.2.pom (5.1 kB at 138 kB/s)
[INFO] Downloading from adobe-public-releases: https://repo.adobe.com/nexus/content/groups/public/org/apache/sling/org.apache.sling.resourceresolver/1.5.22/org.apache.sling.resourceresolver-1.5.22.pom
[INFO] Downloading from central: https://repo.maven.apache.org/maven2/org/apache/sling/org.apache.sling.resourceresolver/1.5.22/org.apache.sling.resourceresolver-1.5.22.pom
[INFO] Downloaded from central: https://repo.maven.apache.org/maven2/org/apache/sling/org.apache.sling.resourceresolver/1.5.22/org.apache.sling.resourceresolver-1.5.22.pom (7.2 kB at 232 kB/s)
[INFO] Downloading from adobe-public-releases: https://repo.adobe.com/nexus/content/groups/public/org/apache/sling/org.apache.sling.serviceusermapper/1.0.0/org.apache.sling.serviceusermapper-1.0.0.pom
[INFO] Downloading from central: https://repo.maven.apache.org/maven2/org/apache/sling/org.apache.sling.serviceusermapper/1.0.0/org.apache.sling.serviceusermapper-1.0.0.pom
[INFO] Downloaded from central: https://repo.maven.apache.org/maven2/org/apache/sling/org.apache.sling.serviceusermapper/1.0.0/org.apache.sling.serviceusermapper-1.0.0.pom (5.7 kB at 142 kB/s)
[INFO] Downloading from adobe-public-releases: https://repo.adobe.com/nexus/content/groups/public/org/apache/sling/sling/18/sling-18.pom
[INFO] Downloaded from adobe-public-releases: https://repo.adobe.com/nexus/content/groups/public/org/apache/sling/sling/18/sling-18.pom (44 kB at 339 kB/s)
[INFO] Downloading from adobe-public-releases: https://repo.adobe.com/nexus/content/groups/public/org/apache/sling/org.apache.sling.serviceusermapper/1.2.4/org.apache.sling.serviceusermapper-1.2.4.pom
[INFO] Downloading from central: https://repo.maven.apache.org/maven2/org/apache/sling/org.apache.sling.serviceusermapper/1.2.4/org.apache.sling.serviceusermapper-1.2.4.pom
[INFO] Downloaded from central: https://repo.maven.apache.org/maven2/org/apache/sling/org.apache.sling.serviceusermapper/1.2.4/org.apache.sling.serviceusermapper-1.2.4.pom (6.3 kB at 180 kB/s)
[INFO] Downloading from adobe-public-releases: https://repo.adobe.com/nexus/content/groups/public/org/apache/sling/sling/25/sling-25.pom
[INFO] Downloading from central: https://repo.maven.apache.org/maven2/org/apache/sling/sling/25/sling-25.pom
[INFO] Downloaded from central: https://repo.maven.apache.org/maven2/org/apache/sling/sling/25/sling-25.pom (56 kB at 1.5 MB/s)
[INFO] Downloading from adobe-public-releases: https://repo.adobe.com/nexus/content/groups/public/org/apache/sling/org.apache.sling.jcr.api/2.4.0/org.apache.sling.jcr.api-2.4.0.pom
[INFO] Downloading from central: https://repo.maven.apache.org/maven2/org/apache/sling/org.apache.sling.jcr.api/2.4.0/org.apache.sling.jcr.api-2.4.0.pom
[INFO] Downloaded from central: https://repo.maven.apache.org/maven2/org/apache/sling/org.apache.sling.jcr.api/2.4.0/org.apache.sling.jcr.api-2.4.0.pom (2.9 kB at 62 kB/s)
[INFO] Downloading from adobe-public-releases: https://repo.adobe.com/nexus/content/groups/public/org/apache/sling/org.apache.sling.jcr.resource/2.9.2/org.apache.sling.jcr.resource-2.9.2.pom
[INFO] Downloading from central: https://repo.maven.apache.org/maven2/org/apache/sling/org.apache.sling.jcr.resource/2.9.2/org.apache.sling.jcr.resource-2.9.2.pom
[INFO] Downloaded from central: https://repo.maven.apache.org/maven2/org/apache/sling/org.apache.sling.jcr.resource/2.9.2/org.apache.sling.jcr.resource-2.9.2.pom (9.7 kB at 215 kB/s)
[INFO] Downloading from adobe-public-releases: https://repo.adobe.com/nexus/content/groups/public/org/apache/sling/org.apache.sling.commons.mime/2.1.10/org.apache.sling.commons.mime-2.1.10.pom
[INFO] Downloading from central: https://repo.maven.apache.org/maven2/org/apache/sling/org.apache.sling.commons.mime/2.1.10/org.apache.sling.commons.mime-2.1.10.pom
[INFO] Downloaded from central: https://repo.maven.apache.org/maven2/org/apache/sling/org.apache.sling.commons.mime/2.1.10/org.apache.sling.commons.mime-2.1.10.pom (5.2 kB at 120 kB/s)
[INFO] Downloading from adobe-public-releases: https://repo.adobe.com/nexus/content/groups/public/org/apache/sling/org.apache.sling.commons.json/2.0.20/org.apache.sling.commons.json-2.0.20.pom
[INFO] Downloading from central: https://repo.maven.apache.org/maven2/org/apache/sling/org.apache.sling.commons.json/2.0.20/org.apache.sling.commons.json-2.0.20.pom
[INFO] Downloaded from central: https://repo.maven.apache.org/maven2/org/apache/sling/org.apache.sling.commons.json/2.0.20/org.apache.sling.commons.json-2.0.20.pom (5.7 kB at 112 kB/s)
[INFO] Downloading from adobe-public-releases: https://repo.adobe.com/nexus/content/groups/public/org/apache/sling/org.apache.sling.commons.classloader/1.3.8/org.apache.sling.commons.classloader-1.3.8.pom
[INFO] Downloading from central: https://repo.maven.apache.org/maven2/org/apache/sling/org.apache.sling.commons.classloader/1.3.8/org.apache.sling.commons.classloader-1.3.8.pom
[INFO] Downloaded from central: https://repo.maven.apache.org/maven2/org/apache/sling/org.apache.sling.commons.classloader/1.3.8/org.apache.sling.commons.classloader-1.3.8.pom (7.9 kB at 220 kB/s)
[INFO] Downloading from adobe-public-releases: https://repo.adobe.com/nexus/content/groups/public/org/apache/sling/org.apache.sling.settings/1.3.8/org.apache.sling.settings-1.3.8.pom
[INFO] Downloading from central: https://repo.maven.apache.org/maven2/org/apache/sling/org.apache.sling.settings/1.3.8/org.apache.sling.settings-1.3.8.pom
[INFO] Downloaded from central: https://repo.maven.apache.org/maven2/org/apache/sling/org.apache.sling.settings/1.3.8/org.apache.sling.settings-1.3.8.pom (4.8 kB at 124 kB/s)
[INFO] Downloading from adobe-public-releases: https://repo.adobe.com/nexus/content/groups/public/org/apache/sling/org.apache.sling.i18n/2.4.4/org.apache.sling.i18n-2.4.4.pom
[INFO] Downloading from central: https://repo.maven.apache.org/maven2/org/apache/sling/org.apache.sling.i18n/2.4.4/org.apache.sling.i18n-2.4.4.pom
[INFO] Downloaded from central: https://repo.maven.apache.org/maven2/org/apache/sling/org.apache.sling.i18n/2.4.4/org.apache.sling.i18n-2.4.4.pom (12 kB at 293 kB/s)
[INFO] Downloading from adobe-public-releases: https://repo.adobe.com/nexus/content/groups/public/org/apache/sling/sling/24/sling-24.pom
[INFO] Downloading from central: https://repo.maven.apache.org/maven2/org/apache/sling/sling/24/sling-24.pom
[INFO] Downloaded from central: https://repo.maven.apache.org/maven2/org/apache/sling/sling/24/sling-24.pom (56 kB at 1.5 MB/s)
[INFO] Downloading from adobe-public-releases: https://repo.adobe.com/nexus/content/groups/public/org/apache/sling/org.apache.sling.models.impl/1.3.8/org.apache.sling.models.impl-1.3.8.pom
[INFO] Downloading from central: https://repo.maven.apache.org/maven2/org/apache/sling/org.apache.sling.models.impl/1.3.8/org.apache.sling.models.impl-1.3.8.pom
[INFO] Downloaded from central: https://repo.maven.apache.org/maven2/org/apache/sling/org.apache.sling.models.impl/1.3.8/org.apache.sling.models.impl-1.3.8.pom (8.4 kB at 261 kB/s)
[INFO] Downloading from adobe-public-releases: https://repo.adobe.com/nexus/content/groups/public/org/apache/jackrabbit/oak-jcr/1.6.1/oak-jcr-1.6.1.pom
[INFO] Downloading from central: https://repo.maven.apache.org/maven2/org/apache/jackrabbit/oak-jcr/1.6.1/oak-jcr-1.6.1.pom
[INFO] Downloaded from central: https://repo.maven.apache.org/maven2/org/apache/jackrabbit/oak-jcr/1.6.1/oak-jcr-1.6.1.pom (20 kB at 476 kB/s)
[INFO] Downloading from adobe-public-releases: https://repo.adobe.com/nexus/content/groups/public/org/apache/jackrabbit/oak-parent/1.6.1/oak-parent-1.6.1.pom
[INFO] Downloading from central: https://repo.maven.apache.org/maven2/org/apache/jackrabbit/oak-parent/1.6.1/oak-parent-1.6.1.pom
[INFO] Downloaded from central: https://repo.maven.apache.org/maven2/org/apache/jackrabbit/oak-parent/1.6.1/oak-parent-1.6.1.pom (40 kB at 1.2 MB/s)
[INFO] Downloading from adobe-public-releases: https://repo.adobe.com/nexus/content/groups/public/org/apache/jackrabbit/oak-core/1.6.1/oak-core-1.6.1.pom
[INFO] Downloading from central: https://repo.maven.apache.org/maven2/org/apache/jackrabbit/oak-core/1.6.1/oak-core-1.6.1.pom
[INFO] Downloaded from central: https://repo.maven.apache.org/maven2/org/apache/jackrabbit/oak-core/1.6.1/oak-core-1.6.1.pom (13 kB at 387 kB/s)
[INFO] Downloading from adobe-public-releases: https://repo.adobe.com/nexus/content/groups/public/org/apache/jackrabbit/oak-commons/1.6.1/oak-commons-1.6.1.pom
[INFO] Downloading from central: https://repo.maven.apache.org/maven2/org/apache/jackrabbit/oak-commons/1.6.1/oak-commons-1.6.1.pom
[INFO] Downloaded from central: https://repo.maven.apache.org/maven2/org/apache/jackrabbit/oak-commons/1.6.1/oak-commons-1.6.1.pom (3.5 kB at 109 kB/s)
[INFO] Downloading from adobe-public-releases: https://repo.adobe.com/nexus/content/groups/public/org/apache/jackrabbit/oak-blob/1.6.1/oak-blob-1.6.1.pom
[INFO] Downloading from central: https://repo.maven.apache.org/maven2/org/apache/jackrabbit/oak-blob/1.6.1/oak-blob-1.6.1.pom
[INFO] Downloaded from central: https://repo.maven.apache.org/maven2/org/apache/jackrabbit/oak-blob/1.6.1/oak-blob-1.6.1.pom (5.0 kB at 124 kB/s)
[INFO] Downloading from adobe-public-releases: https://repo.adobe.com/nexus/content/groups/public/org/apache/jackrabbit/jackrabbit-data/2.14.0/jackrabbit-data-2.14.0.pom
[INFO] Downloading from central: https://repo.maven.apache.org/maven2/org/apache/jackrabbit/jackrabbit-data/2.14.0/jackrabbit-data-2.14.0.pom
[INFO] Downloaded from central: https://repo.maven.apache.org/maven2/org/apache/jackrabbit/jackrabbit-data/2.14.0/jackrabbit-data-2.14.0.pom (4.3 kB at 137 kB/s)
[INFO] Downloading from adobe-public-releases: https://repo.adobe.com/nexus/content/groups/public/org/apache/jackrabbit/jackrabbit-parent/2.14.0/jackrabbit-parent-2.14.0.pom
[INFO] Downloading from central: https://repo.maven.apache.org/maven2/org/apache/jackrabbit/jackrabbit-parent/2.14.0/jackrabbit-parent-2.14.0.pom
[INFO] Downloaded from central: https://repo.maven.apache.org/maven2/org/apache/jackrabbit/jackrabbit-parent/2.14.0/jackrabbit-parent-2.14.0.pom (32 kB at 736 kB/s)
[INFO] Downloading from adobe-public-releases: https://repo.adobe.com/nexus/content/groups/public/org/apache/jackrabbit/jackrabbit-api/2.14.0/jackrabbit-api-2.14.0.pom
[INFO] Downloading from central: https://repo.maven.apache.org/maven2/org/apache/jackrabbit/jackrabbit-api/2.14.0/jackrabbit-api-2.14.0.pom
[INFO] Downloaded from central: https://repo.maven.apache.org/maven2/org/apache/jackrabbit/jackrabbit-api/2.14.0/jackrabbit-api-2.14.0.pom (3.7 kB at 103 kB/s)
[INFO] Downloading from adobe-public-releases: https://repo.adobe.com/nexus/content/groups/public/org/slf4j/jcl-over-slf4j/1.7.4/jcl-over-slf4j-1.7.4.pom
[INFO] Downloaded from adobe-public-releases: https://repo.adobe.com/nexus/content/groups/public/org/slf4j/jcl-over-slf4j/1.7.4/jcl-over-slf4j-1.7.4.pom (1.9 kB at 2.8 kB/s)
[INFO] Downloading from adobe-public-releases: https://repo.adobe.com/nexus/content/groups/public/org/slf4j/slf4j-parent/1.7.4/slf4j-parent-1.7.4.pom
[INFO] Downloaded from adobe-public-releases: https://repo.adobe.com/nexus/content/groups/public/org/slf4j/slf4j-parent/1.7.4/slf4j-parent-1.7.4.pom (12 kB at 34 kB/s)
[INFO] Downloading from adobe-public-releases: https://repo.adobe.com/nexus/content/groups/public/org/apache/sling/org.apache.sling.testing.jcr-mock/1.4.6/org.apache.sling.testing.jcr-mock-1.4.6.pom
[INFO] Downloading from central: https://repo.maven.apache.org/maven2/org/apache/sling/org.apache.sling.testing.jcr-mock/1.4.6/org.apache.sling.testing.jcr-mock-1.4.6.pom
[INFO] Downloaded from central: https://repo.maven.apache.org/maven2/org/apache/sling/org.apache.sling.testing.jcr-mock/1.4.6/org.apache.sling.testing.jcr-mock-1.4.6.pom (4.6 kB at 136 kB/s)
[INFO] Downloading from adobe-public-releases: https://repo.adobe.com/nexus/content/groups/public/org/apache/sling/sling-bundle-parent/38/sling-bundle-parent-38.pom
[INFO] Downloading from central: https://repo.maven.apache.org/maven2/org/apache/sling/sling-bundle-parent/38/sling-bundle-parent-38.pom
[INFO] Downloaded from central: https://repo.maven.apache.org/maven2/org/apache/sling/sling-bundle-parent/38/sling-bundle-parent-38.pom (15 kB at 378 kB/s)
[INFO] Downloading from adobe-public-releases: https://repo.adobe.com/nexus/content/groups/public/org/apache/sling/sling/38/sling-38.pom
[INFO] Downloading from central: https://repo.maven.apache.org/maven2/org/apache/sling/sling/38/sling-38.pom
[INFO] Downloaded from central: https://repo.maven.apache.org/maven2/org/apache/sling/sling/38/sling-38.pom (53 kB at 1.5 MB/s)
[INFO] Downloading from adobe-public-releases: https://repo.adobe.com/nexus/content/groups/public/org/apache/jackrabbit/jackrabbit-api/2.8.0/jackrabbit-api-2.8.0.pom
[INFO] Downloading from central: https://repo.maven.apache.org/maven2/org/apache/jackrabbit/jackrabbit-api/2.8.0/jackrabbit-api-2.8.0.pom
[INFO] Downloaded from central: https://repo.maven.apache.org/maven2/org/apache/jackrabbit/jackrabbit-api/2.8.0/jackrabbit-api-2.8.0.pom (3.5 kB at 93 kB/s)
[INFO] Downloading from adobe-public-releases: https://repo.adobe.com/nexus/content/groups/public/org/apache/jackrabbit/jackrabbit-parent/2.8.0/jackrabbit-parent-2.8.0.pom
[INFO] Downloading from central: https://repo.maven.apache.org/maven2/org/apache/jackrabbit/jackrabbit-parent/2.8.0/jackrabbit-parent-2.8.0.pom
[INFO] Downloaded from central: https://repo.maven.apache.org/maven2/org/apache/jackrabbit/jackrabbit-parent/2.8.0/jackrabbit-parent-2.8.0.pom (31 kB at 813 kB/s)
[INFO] Downloading from adobe-public-releases: https://repo.adobe.com/nexus/content/groups/public/org/apache/sling/org.apache.sling.testing.osgi-mock.core/2.4.16/org.apache.sling.testing.osgi-mock.core-2.4.16.pom
[INFO] Downloading from central: https://repo.maven.apache.org/maven2/org/apache/sling/org.apache.sling.testing.osgi-mock.core/2.4.16/org.apache.sling.testing.osgi-mock.core-2.4.16.pom
[INFO] Downloaded from central: https://repo.maven.apache.org/maven2/org/apache/sling/org.apache.sling.testing.osgi-mock.core/2.4.16/org.apache.sling.testing.osgi-mock.core-2.4.16.pom (8.2 kB at 164 kB/s)
[INFO] Downloading from adobe-public-releases: https://repo.adobe.com/nexus/content/groups/public/org/apache/sling/org.apache.sling.testing.osgi-mock.parent/2.4.16/org.apache.sling.testing.osgi-mock.parent-2.4.16.pom
[INFO] Downloading from central: https://repo.maven.apache.org/maven2/org/apache/sling/org.apache.sling.testing.osgi-mock.parent/2.4.16/org.apache.sling.testing.osgi-mock.parent-2.4.16.pom
[INFO] Downloaded from central: https://repo.maven.apache.org/maven2/org/apache/sling/org.apache.sling.testing.osgi-mock.parent/2.4.16/org.apache.sling.testing.osgi-mock.parent-2.4.16.pom (4.5 kB at 120 kB/s)
[INFO] Downloading from adobe-public-releases: https://repo.adobe.com/nexus/content/groups/public/org/apache/sling/org.apache.sling.testing.sling-mock.core/2.6.2/org.apache.sling.testing.sling-mock.core-2.6.2.pom
[INFO] Downloading from central: https://repo.maven.apache.org/maven2/org/apache/sling/org.apache.sling.testing.sling-mock.core/2.6.2/org.apache.sling.testing.sling-mock.core-2.6.2.pom
[INFO] Downloaded from central: https://repo.maven.apache.org/maven2/org/apache/sling/org.apache.sling.testing.sling-mock.core/2.6.2/org.apache.sling.testing.sling-mock.core-2.6.2.pom (15 kB at 432 kB/s)
[INFO] Downloading from adobe-public-releases: https://repo.adobe.com/nexus/content/groups/public/org/apache/sling/org.apache.sling.testing.sling-mock.parent/2.6.2/org.apache.sling.testing.sling-mock.parent-2.6.2.pom
[INFO] Downloading from central: https://repo.maven.apache.org/maven2/org/apache/sling/org.apache.sling.testing.sling-mock.parent/2.6.2/org.apache.sling.testing.sling-mock.parent-2.6.2.pom
[INFO] Downloaded from central: https://repo.maven.apache.org/maven2/org/apache/sling/org.apache.sling.testing.sling-mock.parent/2.6.2/org.apache.sling.testing.sling-mock.parent-2.6.2.pom (5.1 kB at 138 kB/s)
[INFO] Downloading from adobe-public-releases: https://repo.adobe.com/nexus/content/groups/public/org/apache/sling/org.apache.sling.testing.resourceresolver-mock/1.1.26/org.apache.sling.testing.resourceresolver-mock-1.1.26.pom
[INFO] Downloading from central: https://repo.maven.apache.org/maven2/org/apache/sling/org.apache.sling.testing.resourceresolver-mock/1.1.26/org.apache.sling.testing.resourceresolver-mock-1.1.26.pom
[INFO] Downloaded from central: https://repo.maven.apache.org/maven2/org/apache/sling/org.apache.sling.testing.resourceresolver-mock/1.1.26/org.apache.sling.testing.resourceresolver-mock-1.1.26.pom (6.7 kB at 125 kB/s)
[INFO] Downloading from adobe-public-releases: https://repo.adobe.com/nexus/content/groups/public/org/apache/sling/sling-bundle-parent/36/sling-bundle-parent-36.pom
[INFO] Downloading from central: https://repo.maven.apache.org/maven2/org/apache/sling/sling-bundle-parent/36/sling-bundle-parent-36.pom
[INFO] Downloaded from central: https://repo.maven.apache.org/maven2/org/apache/sling/sling-bundle-parent/36/sling-bundle-parent-36.pom (15 kB at 519 kB/s)
[INFO] Downloading from adobe-public-releases: https://repo.adobe.com/nexus/content/groups/public/org/apache/sling/sling/36/sling-36.pom
[INFO] Downloading from central: https://repo.maven.apache.org/maven2/org/apache/sling/sling/36/sling-36.pom
[INFO] Downloaded from central: https://repo.maven.apache.org/maven2/org/apache/sling/sling/36/sling-36.pom (52 kB at 360 kB/s)
[INFO] Downloading from adobe-public-releases: https://repo.adobe.com/nexus/content/groups/public/org/apache/sling/org.apache.sling.servlet-helpers/1.4.2/org.apache.sling.servlet-helpers-1.4.2.pom
[INFO] Downloading from central: https://repo.maven.apache.org/maven2/org/apache/sling/org.apache.sling.servlet-helpers/1.4.2/org.apache.sling.servlet-helpers-1.4.2.pom
[INFO] Downloaded from central: https://repo.maven.apache.org/maven2/org/apache/sling/org.apache.sling.servlet-helpers/1.4.2/org.apache.sling.servlet-helpers-1.4.2.pom (8.7 kB at 255 kB/s)
[INFO] Downloading from adobe-public-releases: https://repo.adobe.com/nexus/content/groups/public/org/apache/sling/org.apache.sling.scripting.api/2.1.12/org.apache.sling.scripting.api-2.1.12.pom
[INFO] Downloading from central: https://repo.maven.apache.org/maven2/org/apache/sling/org.apache.sling.scripting.api/2.1.12/org.apache.sling.scripting.api-2.1.12.pom
[INFO] Downloaded from central: https://repo.maven.apache.org/maven2/org/apache/sling/org.apache.sling.scripting.api/2.1.12/org.apache.sling.scripting.api-2.1.12.pom (2.5 kB at 73 kB/s)
[INFO] Downloading from adobe-public-releases: https://repo.adobe.com/nexus/content/groups/public/org/apache/sling/org.apache.sling.scripting.core/2.0.44/org.apache.sling.scripting.core-2.0.44.pom
[INFO] Downloading from central: https://repo.maven.apache.org/maven2/org/apache/sling/org.apache.sling.scripting.core/2.0.44/org.apache.sling.scripting.core-2.0.44.pom
[INFO] Downloaded from central: https://repo.maven.apache.org/maven2/org/apache/sling/org.apache.sling.scripting.core/2.0.44/org.apache.sling.scripting.core-2.0.44.pom (10 kB at 306 kB/s)
[INFO] Downloading from adobe-public-releases: https://repo.adobe.com/nexus/content/groups/public/org/apache/sling/org.apache.sling.contentparser.api/2.0.0/org.apache.sling.contentparser.api-2.0.0.pom
[INFO] Downloading from central: https://repo.maven.apache.org/maven2/org/apache/sling/org.apache.sling.contentparser.api/2.0.0/org.apache.sling.contentparser.api-2.0.0.pom
[INFO] Downloaded from central: https://repo.maven.apache.org/maven2/org/apache/sling/org.apache.sling.contentparser.api/2.0.0/org.apache.sling.contentparser.api-2.0.0.pom (2.8 kB at 72 kB/s)
[INFO] Downloading from adobe-public-releases: https://repo.adobe.com/nexus/content/groups/public/org/apache/sling/org.apache.sling.contentparser.json/2.0.0/org.apache.sling.contentparser.json-2.0.0.pom
[INFO] Downloading from central: https://repo.maven.apache.org/maven2/org/apache/sling/org.apache.sling.contentparser.json/2.0.0/org.apache.sling.contentparser.json-2.0.0.pom
[INFO] Downloaded from central: https://repo.maven.apache.org/maven2/org/apache/sling/org.apache.sling.contentparser.json/2.0.0/org.apache.sling.contentparser.json-2.0.0.pom (4.1 kB at 102 kB/s)
[INFO] Downloading from adobe-public-releases: https://repo.adobe.com/nexus/content/groups/public/org/apache/johnzon/johnzon-core/1.0.0/johnzon-core-1.0.0.pom
[INFO] Downloading from central: https://repo.maven.apache.org/maven2/org/apache/johnzon/johnzon-core/1.0.0/johnzon-core-1.0.0.pom
[INFO] Downloaded from central: https://repo.maven.apache.org/maven2/org/apache/johnzon/johnzon-core/1.0.0/johnzon-core-1.0.0.pom (1.4 kB at 37 kB/s)
[INFO] Downloading from adobe-public-releases: https://repo.adobe.com/nexus/content/groups/public/org/apache/johnzon/johnzon/1.0.0/johnzon-1.0.0.pom
[INFO] Downloading from central: https://repo.maven.apache.org/maven2/org/apache/johnzon/johnzon/1.0.0/johnzon-1.0.0.pom
[INFO] Downloaded from central: https://repo.maven.apache.org/maven2/org/apache/johnzon/johnzon/1.0.0/johnzon-1.0.0.pom (25 kB at 698 kB/s)
[INFO] Downloading from adobe-public-releases: https://repo.adobe.com/nexus/content/groups/public/org/apache/sling/org.apache.sling.commons.classloader/1.3.2/org.apache.sling.commons.classloader-1.3.2.pom
[INFO] Downloading from central: https://repo.maven.apache.org/maven2/org/apache/sling/org.apache.sling.commons.classloader/1.3.2/org.apache.sling.commons.classloader-1.3.2.pom
[INFO] Downloaded from central: https://repo.maven.apache.org/maven2/org/apache/sling/org.apache.sling.commons.classloader/1.3.2/org.apache.sling.commons.classloader-1.3.2.pom (8.4 kB at 248 kB/s)
[INFO] Downloading from adobe-public-releases: https://repo.adobe.com/nexus/content/groups/public/org/apache/sling/sling/19/sling-19.pom
[INFO] Downloading from central: https://repo.maven.apache.org/maven2/org/apache/sling/sling/19/sling-19.pom
[INFO] Downloaded from central: https://repo.maven.apache.org/maven2/org/apache/sling/sling/19/sling-19.pom (46 kB at 1.3 MB/s)
[INFO] Downloading from adobe-public-releases: https://repo.adobe.com/nexus/content/groups/public/org/apache/sling/org.apache.sling.adapter/2.1.6/org.apache.sling.adapter-2.1.6.pom
[INFO] Downloading from central: https://repo.maven.apache.org/maven2/org/apache/sling/org.apache.sling.adapter/2.1.6/org.apache.sling.adapter-2.1.6.pom
[INFO] Downloaded from central: https://repo.maven.apache.org/maven2/org/apache/sling/org.apache.sling.adapter/2.1.6/org.apache.sling.adapter-2.1.6.pom (6.1 kB at 146 kB/s)
[INFO] Downloading from adobe-public-releases: https://repo.adobe.com/nexus/content/groups/public/org/apache/sling/org.apache.sling.resourcebuilder/1.0.4/org.apache.sling.resourcebuilder-1.0.4.pom
[INFO] Downloading from central: https://repo.maven.apache.org/maven2/org/apache/sling/org.apache.sling.resourcebuilder/1.0.4/org.apache.sling.resourcebuilder-1.0.4.pom
[INFO] Downloaded from central: https://repo.maven.apache.org/maven2/org/apache/sling/org.apache.sling.resourcebuilder/1.0.4/org.apache.sling.resourcebuilder-1.0.4.pom (12 kB at 414 kB/s)
[INFO] Downloading from adobe-public-releases: https://repo.adobe.com/nexus/content/groups/public/org/apache/jackrabbit/jackrabbit-api/2.11.3/jackrabbit-api-2.11.3.pom
[INFO] Downloading from central: https://repo.maven.apache.org/maven2/org/apache/jackrabbit/jackrabbit-api/2.11.3/jackrabbit-api-2.11.3.pom
[INFO] Downloaded from central: https://repo.maven.apache.org/maven2/org/apache/jackrabbit/jackrabbit-api/2.11.3/jackrabbit-api-2.11.3.pom (3.6 kB at 116 kB/s)
[INFO] Downloading from adobe-public-releases: https://repo.adobe.com/nexus/content/groups/public/org/apache/jackrabbit/jackrabbit-parent/2.11.3/jackrabbit-parent-2.11.3.pom
[INFO] Downloading from central: https://repo.maven.apache.org/maven2/org/apache/jackrabbit/jackrabbit-parent/2.11.3/jackrabbit-parent-2.11.3.pom
[INFO] Downloaded from central: https://repo.maven.apache.org/maven2/org/apache/jackrabbit/jackrabbit-parent/2.11.3/jackrabbit-parent-2.11.3.pom (30 kB at 706 kB/s)
[INFO] Downloading from adobe-public-releases: https://repo.adobe.com/nexus/content/groups/public/org/apache/geronimo/specs/geronimo-json_1.1_spec/1.0/geronimo-json_1.1_spec-1.0.pom
[INFO] Downloading from central: https://repo.maven.apache.org/maven2/org/apache/geronimo/specs/geronimo-json_1.1_spec/1.0/geronimo-json_1.1_spec-1.0.pom
[INFO] Downloaded from central: https://repo.maven.apache.org/maven2/org/apache/geronimo/specs/geronimo-json_1.1_spec/1.0/geronimo-json_1.1_spec-1.0.pom (4.1 kB at 97 kB/s)
[INFO] Downloading from adobe-public-releases: https://repo.adobe.com/nexus/content/groups/public/org/apache/jackrabbit/vault/org.apache.jackrabbit.vault/3.1.18/org.apache.jackrabbit.vault-3.1.18.pom
[INFO] Downloading from central: https://repo.maven.apache.org/maven2/org/apache/jackrabbit/vault/org.apache.jackrabbit.vault/3.1.18/org.apache.jackrabbit.vault-3.1.18.pom
[INFO] Downloaded from central: https://repo.maven.apache.org/maven2/org/apache/jackrabbit/vault/org.apache.jackrabbit.vault/3.1.18/org.apache.jackrabbit.vault-3.1.18.pom (10 kB at 299 kB/s)
[INFO] Downloading from adobe-public-releases: https://repo.adobe.com/nexus/content/groups/public/org/apache/jackrabbit/vault/parent/3.1.18/parent-3.1.18.pom
[INFO] Downloading from central: https://repo.maven.apache.org/maven2/org/apache/jackrabbit/vault/parent/3.1.18/parent-3.1.18.pom
[INFO] Downloaded from central: https://repo.maven.apache.org/maven2/org/apache/jackrabbit/vault/parent/3.1.18/parent-3.1.18.pom (16 kB at 367 kB/s)
[INFO] Downloading from adobe-public-releases: https://repo.adobe.com/nexus/content/groups/public/org/apache/commons/commons-imaging/1.0-R1534292/commons-imaging-1.0-R1534292.pom
[INFO] Downloaded from adobe-public-releases: https://repo.adobe.com/nexus/content/groups/public/org/apache/commons/commons-imaging/1.0-R1534292/commons-imaging-1.0-R1534292.pom (13 kB at 34 kB/s)
[INFO] Downloading from adobe-public-releases: https://repo.adobe.com/nexus/content/groups/public/com/day/commons/day-commons-gfx/2.1.28/day-commons-gfx-2.1.28.pom
[INFO] Downloaded from adobe-public-releases: https://repo.adobe.com/nexus/content/groups/public/com/day/commons/day-commons-gfx/2.1.28/day-commons-gfx-2.1.28.pom (7.4 kB at 194 kB/s)
[INFO] Downloading from adobe-public-releases: https://repo.adobe.com/nexus/content/groups/public/com/day/commons/parent/14/parent-14.pom
[INFO] Downloaded from adobe-public-releases: https://repo.adobe.com/nexus/content/groups/public/com/day/commons/parent/14/parent-14.pom (4.3 kB at 112 kB/s)
[INFO] Downloading from adobe-public-releases: https://repo.adobe.com/nexus/content/groups/public/com/adobe/granite/parent/21/parent-21.pom
[INFO] Downloaded from adobe-public-releases: https://repo.adobe.com/nexus/content/groups/public/com/adobe/granite/parent/21/parent-21.pom (29 kB at 712 kB/s)
[INFO] Downloading from adobe-public-releases: https://repo.adobe.com/nexus/content/groups/public/com/adobe/adobe/5/adobe-5.pom
[INFO] Downloaded from adobe-public-releases: https://repo.adobe.com/nexus/content/groups/public/com/adobe/adobe/5/adobe-5.pom (10 kB at 280 kB/s)
[INFO] Downloading from adobe-public-releases: https://repo.adobe.com/nexus/content/groups/public/com/day/commons/day-commons-any/2.0.0/day-commons-any-2.0.0.pom
[INFO] Downloaded from adobe-public-releases: https://repo.adobe.com/nexus/content/groups/public/com/day/commons/day-commons-any/2.0.0/day-commons-any-2.0.0.pom (3.2 kB at 89 kB/s)
[INFO] Downloading from adobe-public-releases: https://repo.adobe.com/nexus/content/groups/public/com/day/commons/parent/5/parent-5.pom
[INFO] Downloaded from adobe-public-releases: https://repo.adobe.com/nexus/content/groups/public/com/day/commons/parent/5/parent-5.pom (7.5 kB at 202 kB/s)
[INFO] Downloading from adobe-public-releases: https://repo.adobe.com/nexus/content/groups/public/com/day/day/5/day-5.pom
[INFO] Downloaded from adobe-public-releases: https://repo.adobe.com/nexus/content/groups/public/com/day/day/5/day-5.pom (5.8 kB at 156 kB/s)
[INFO] Downloading from adobe-public-releases: https://repo.adobe.com/nexus/content/groups/public/com/day/commons/day-commons-text/1.1.3/day-commons-text-1.1.3.pom
[INFO] Downloaded from adobe-public-releases: https://repo.adobe.com/nexus/content/groups/public/com/day/commons/day-commons-text/1.1.3/day-commons-text-1.1.3.pom (1.9 kB at 43 kB/s)
[INFO] Downloading from adobe-public-releases: https://repo.adobe.com/nexus/content/groups/public/com/day/commons/day-commons/3/day-commons-3.pom
[INFO] Downloaded from adobe-public-releases: https://repo.adobe.com/nexus/content/groups/public/com/day/commons/day-commons/3/day-commons-3.pom (4.8 kB at 132 kB/s)
[INFO] Downloading from adobe-public-releases: https://repo.adobe.com/nexus/content/groups/public/com/day/day/3/day-3.pom
[INFO] Downloaded from adobe-public-releases: https://repo.adobe.com/nexus/content/groups/public/com/day/day/3/day-3.pom (6.5 kB at 176 kB/s)
[INFO] Downloading from adobe-public-releases: https://repo.adobe.com/nexus/content/groups/public/org/apache/sling/org.apache.sling.testing.hamcrest/1.0.2/org.apache.sling.testing.hamcrest-1.0.2.pom
[INFO] Downloading from central: https://repo.maven.apache.org/maven2/org/apache/sling/org.apache.sling.testing.hamcrest/1.0.2/org.apache.sling.testing.hamcrest-1.0.2.pom
[INFO] Downloaded from central: https://repo.maven.apache.org/maven2/org/apache/sling/org.apache.sling.testing.hamcrest/1.0.2/org.apache.sling.testing.hamcrest-1.0.2.pom (3.1 kB at 81 kB/s)
[INFO] Downloading from adobe-public-releases: https://repo.adobe.com/nexus/content/groups/public/org/apache/sling/org.apache.sling.xss/2.0.0/org.apache.sling.xss-2.0.0.pom
[INFO] Downloading from central: https://repo.maven.apache.org/maven2/org/apache/sling/org.apache.sling.xss/2.0.0/org.apache.sling.xss-2.0.0.pom
[INFO] Downloaded from central: https://repo.maven.apache.org/maven2/org/apache/sling/org.apache.sling.xss/2.0.0/org.apache.sling.xss-2.0.0.pom (13 kB at 329 kB/s)
[INFO] Downloading from adobe-public-releases: https://repo.adobe.com/nexus/content/groups/public/org/mockito/mockito-junit-jupiter/2.24.5/mockito-junit-jupiter-2.24.5.pom
[INFO] Downloading from central: https://repo.maven.apache.org/maven2/org/mockito/mockito-junit-jupiter/2.24.5/mockito-junit-jupiter-2.24.5.pom
[INFO] Downloaded from central: https://repo.maven.apache.org/maven2/org/mockito/mockito-junit-jupiter/2.24.5/mockito-junit-jupiter-2.24.5.pom (18 kB at 395 kB/s)
[INFO] Downloading from adobe-public-releases: https://repo.adobe.com/nexus/content/groups/public/org/junit/platform/junit-platform-commons/1.5.2/junit-platform-commons-1.5.2.pom
[INFO] Downloading from central: https://repo.maven.apache.org/maven2/org/junit/platform/junit-platform-commons/1.5.2/junit-platform-commons-1.5.2.pom
[INFO] Downloaded from central: https://repo.maven.apache.org/maven2/org/junit/platform/junit-platform-commons/1.5.2/junit-platform-commons-1.5.2.pom (2.0 kB at 63 kB/s)
[INFO] Downloading from adobe-public-releases: https://repo.adobe.com/nexus/content/groups/public/com/github/tomakehurst/wiremock-standalone/2.27.2/wiremock-standalone-2.27.2.pom
[INFO] Downloading from central: https://repo.maven.apache.org/maven2/com/github/tomakehurst/wiremock-standalone/2.27.2/wiremock-standalone-2.27.2.pom
[INFO] Downloaded from central: https://repo.maven.apache.org/maven2/com/github/tomakehurst/wiremock-standalone/2.27.2/wiremock-standalone-2.27.2.pom (1.2 kB at 29 kB/s)
[INFO] Downloading from adobe-public-releases: https://repo.adobe.com/nexus/content/groups/public/com/sun/xml/bind/jaxb-core/2.2.11/jaxb-core-2.2.11.pom
[INFO] Downloading from central: https://repo.maven.apache.org/maven2/com/sun/xml/bind/jaxb-core/2.2.11/jaxb-core-2.2.11.pom
[INFO] Downloaded from central: https://repo.maven.apache.org/maven2/com/sun/xml/bind/jaxb-core/2.2.11/jaxb-core-2.2.11.pom (15 kB at 465 kB/s)
[INFO] Downloading from adobe-public-releases: https://repo.adobe.com/nexus/content/groups/public/com/sun/xml/bind/mvn/jaxb-bundles/2.2.11/jaxb-bundles-2.2.11.pom
[INFO] Downloading from central: https://repo.maven.apache.org/maven2/com/sun/xml/bind/mvn/jaxb-bundles/2.2.11/jaxb-bundles-2.2.11.pom
[INFO] Downloaded from central: https://repo.maven.apache.org/maven2/com/sun/xml/bind/mvn/jaxb-bundles/2.2.11/jaxb-bundles-2.2.11.pom (2.8 kB at 58 kB/s)
[INFO] Downloading from adobe-public-releases: https://repo.adobe.com/nexus/content/groups/public/com/sun/xml/bind/jaxb-impl/2.2.11/jaxb-impl-2.2.11.pom
[INFO] Downloading from central: https://repo.maven.apache.org/maven2/com/sun/xml/bind/jaxb-impl/2.2.11/jaxb-impl-2.2.11.pom
[INFO] Downloaded from central: https://repo.maven.apache.org/maven2/com/sun/xml/bind/jaxb-impl/2.2.11/jaxb-impl-2.2.11.pom (14 kB at 443 kB/s)
[INFO] Downloading from adobe-public-releases: https://repo.adobe.com/nexus/content/groups/public/com/day/commons/day-commons-gfx/2.1.50/day-commons-gfx-2.1.50.pom
[INFO] Downloading from central: https://repo.maven.apache.org/maven2/com/day/commons/day-commons-gfx/2.1.50/day-commons-gfx-2.1.50.pom
[INFO] Downloaded from central: https://repo.maven.apache.org/maven2/com/day/commons/day-commons-gfx/2.1.50/day-commons-gfx-2.1.50.pom (6.7 kB at 187 kB/s)
[INFO] Downloading from adobe-public-releases: https://repo.adobe.com/nexus/content/groups/public/com/adobe/granite/parent/60/parent-60.pom
[INFO] Downloading from central: https://repo.maven.apache.org/maven2/com/adobe/granite/parent/60/parent-60.pom
[INFO] Downloaded from central: https://repo.maven.apache.org/maven2/com/adobe/granite/parent/60/parent-60.pom (39 kB at 924 kB/s)
[INFO] Downloading from adobe-public-releases: https://repo.adobe.com/nexus/content/groups/public/org/jacoco/org.jacoco.agent/0.8.3/org.jacoco.agent-0.8.3.pom
[INFO] Downloading from central: https://repo.maven.apache.org/maven2/org/jacoco/org.jacoco.agent/0.8.3/org.jacoco.agent-0.8.3.pom
[INFO] Downloaded from central: https://repo.maven.apache.org/maven2/org/jacoco/org.jacoco.agent/0.8.3/org.jacoco.agent-0.8.3.pom (3.5 kB at 88 kB/s)
[INFO] Downloading from adobe-public-releases: https://repo.adobe.com/nexus/content/groups/public/org/jacoco/org.jacoco.build/0.8.3/org.jacoco.build-0.8.3.pom
[INFO] Downloading from central: https://repo.maven.apache.org/maven2/org/jacoco/org.jacoco.build/0.8.3/org.jacoco.build-0.8.3.pom
[INFO] Downloaded from central: https://repo.maven.apache.org/maven2/org/jacoco/org.jacoco.build/0.8.3/org.jacoco.build-0.8.3.pom (38 kB at 1.1 MB/s)
[INFO] Downloading from adobe-public-releases: https://repo.adobe.com/nexus/content/groups/public/org/slf4j/slf4j-nop/1.7.6/slf4j-nop-1.7.6.jar
[INFO] Downloading from adobe-public-releases: https://repo.adobe.com/nexus/content/groups/public/org/apache/sling/org.apache.sling.commons.osgi/2.4.0/org.apache.sling.commons.osgi-2.4.0.jar
[INFO] Downloading from adobe-public-releases: https://repo.adobe.com/nexus/content/groups/public/org/apache/httpcomponents/httpclient-osgi/4.5.4/httpclient-osgi-4.5.4.jar
[INFO] Downloading from adobe-public-releases: https://repo.adobe.com/nexus/content/groups/public/com/adobe/cq/dam/cq-dam-cfm-api/1.1.5-NPR-19008-R002/cq-dam-cfm-api-1.1.5-NPR-19008-R002.jar
[INFO] Downloading from adobe-public-releases: https://repo.adobe.com/nexus/content/groups/public/org/apache/sling/org.apache.sling.commons.johnzon/1.0.0/org.apache.sling.commons.johnzon-1.0.0.jar
[INFO] Downloading from adobe-public-releases: https://repo.adobe.com/nexus/content/groups/public/org/apache/httpcomponents/httpclient/4.5.4/httpclient-4.5.4.jar
[INFO] Downloading from adobe-public-releases: https://repo.adobe.com/nexus/content/groups/public/org/apache/httpcomponents/httpcore/4.4.7/httpcore-4.4.7.jar
[INFO] Downloading from adobe-public-releases: https://repo.adobe.com/nexus/content/groups/public/org/apache/httpcomponents/httpmime/4.5.4/httpmime-4.5.4.jar
[INFO] Downloading from adobe-public-releases: https://repo.adobe.com/nexus/content/groups/public/org/apache/httpcomponents/httpclient-cache/4.5.4/httpclient-cache-4.5.4.jar
[INFO] Downloading from adobe-public-releases: https://repo.adobe.com/nexus/content/groups/public/org/apache/httpcomponents/fluent-hc/4.5.4/fluent-hc-4.5.4.jar
[INFO] Downloading from adobe-public-releases: https://repo.adobe.com/nexus/content/groups/public/com/adobe/cq/wcm/com.adobe.aem.wcm.seo/1.0.4/com.adobe.aem.wcm.seo-1.0.4.jar
[INFO] Downloaded from adobe-public-releases: https://repo.adobe.com/nexus/content/groups/public/com/adobe/cq/dam/cq-dam-cfm-api/1.1.5-NPR-19008-R002/cq-dam-cfm-api-1.1.5-NPR-19008-R002.jar (17 kB at 30 kB/s)
[INFO] Downloading from adobe-public-releases: https://repo.adobe.com/nexus/content/groups/public/org/osgi/org.osgi.annotation.versioning/1.1.0/org.osgi.annotation.versioning-1.1.0.jar
[INFO] Downloading from adobe-public-releases: https://repo.adobe.com/nexus/content/groups/public/org/apache/sling/org.apache.sling.api/2.22.0/org.apache.sling.api-2.22.0.jar
[INFO] Downloading from adobe-public-releases: https://repo.adobe.com/nexus/content/groups/public/org/apache/sling/org.apache.sling.models.impl/1.4.10/org.apache.sling.models.impl-1.4.10.jar
[INFO] Downloading from adobe-public-releases: https://repo.adobe.com/nexus/content/groups/public/org/apache/sling/org.apache.sling.testing.caconfig-mock-plugin/1.3.2/org.apache.sling.testing.caconfig-mock-plugin-1.3.2.jar
[INFO] Downloading from adobe-public-releases: https://repo.adobe.com/nexus/content/groups/public/io/wcm/io.wcm.testing.aem-mock.junit5/3.1.0/io.wcm.testing.aem-mock.junit5-3.1.0.jar
[INFO] Downloading from adobe-public-releases: https://repo.adobe.com/nexus/content/groups/public/io/wcm/io.wcm.testing.aem-mock.core/3.1.0/io.wcm.testing.aem-mock.core-3.1.0.jar
[INFO] Downloading from adobe-public-releases: https://repo.adobe.com/nexus/content/groups/public/org/apache/sling/org.apache.sling.resourceresolver/1.5.22/org.apache.sling.resourceresolver-1.5.22.jar
[INFO] Downloading from adobe-public-releases: https://repo.adobe.com/nexus/content/groups/public/org/apache/sling/org.apache.sling.serviceusermapper/1.2.4/org.apache.sling.serviceusermapper-1.2.4.jar
[INFO] Downloading from adobe-public-releases: https://repo.adobe.com/nexus/content/groups/public/org/apache/sling/org.apache.sling.jcr.api/2.4.0/org.apache.sling.jcr.api-2.4.0.jar
[INFO] Downloading from adobe-public-releases: https://repo.adobe.com/nexus/content/groups/public/org/apache/sling/org.apache.sling.jcr.resource/2.9.2/org.apache.sling.jcr.resource-2.9.2.jar
[INFO] Downloading from adobe-public-releases: https://repo.adobe.com/nexus/content/groups/public/org/apache/sling/org.apache.sling.commons.mime/2.1.10/org.apache.sling.commons.mime-2.1.10.jar
[INFO] Downloading from adobe-public-releases: https://repo.adobe.com/nexus/content/groups/public/org/apache/sling/org.apache.sling.commons.json/2.0.20/org.apache.sling.commons.json-2.0.20.jar
[INFO] Downloading from adobe-public-releases: https://repo.adobe.com/nexus/content/groups/public/org/apache/sling/org.apache.sling.commons.classloader/1.3.8/org.apache.sling.commons.classloader-1.3.8.jar
[INFO] Downloading from adobe-public-releases: https://repo.adobe.com/nexus/content/groups/public/org/apache/sling/org.apache.sling.settings/1.3.8/org.apache.sling.settings-1.3.8.jar
[INFO] Downloading from adobe-public-releases: https://repo.adobe.com/nexus/content/groups/public/org/apache/jackrabbit/oak-jcr/1.6.1/oak-jcr-1.6.1.jar
[INFO] Downloading from adobe-public-releases: https://repo.adobe.com/nexus/content/groups/public/org/apache/jackrabbit/oak-core/1.6.1/oak-core-1.6.1.jar
[INFO] Downloading from adobe-public-releases: https://repo.adobe.com/nexus/content/groups/public/org/apache/jackrabbit/oak-blob/1.6.1/oak-blob-1.6.1.jar
[INFO] Downloading from adobe-public-releases: https://repo.adobe.com/nexus/content/groups/public/org/apache/jackrabbit/jackrabbit-data/2.14.0/jackrabbit-data-2.14.0.jar
[INFO] Downloading from adobe-public-releases: https://repo.adobe.com/nexus/content/groups/public/org/slf4j/jcl-over-slf4j/1.7.4/jcl-over-slf4j-1.7.4.jar
[INFO] Downloading from adobe-public-releases: https://repo.adobe.com/nexus/content/groups/public/org/apache/jackrabbit/oak-commons/1.6.1/oak-commons-1.6.1.jar
[INFO] Downloading from adobe-public-releases: https://repo.adobe.com/nexus/content/groups/public/org/apache/jackrabbit/jackrabbit-api/2.14.0/jackrabbit-api-2.14.0.jar
[INFO] Downloading from adobe-public-releases: https://repo.adobe.com/nexus/content/groups/public/org/apache/sling/org.apache.sling.testing.jcr-mock/1.4.6/org.apache.sling.testing.jcr-mock-1.4.6.jar
[INFO] Downloaded from adobe-public-releases: https://repo.adobe.com/nexus/content/groups/public/org/slf4j/jcl-over-slf4j/1.7.4/jcl-over-slf4j-1.7.4.jar (16 kB at 13 kB/s)
[INFO] Downloading from adobe-public-releases: https://repo.adobe.com/nexus/content/groups/public/org/apache/sling/org.apache.sling.testing.osgi-mock.core/2.4.16/org.apache.sling.testing.osgi-mock.core-2.4.16.jar
[INFO] Downloading from adobe-public-releases: https://repo.adobe.com/nexus/content/groups/public/org/apache/sling/org.apache.sling.testing.sling-mock.core/2.6.2/org.apache.sling.testing.sling-mock.core-2.6.2.jar
[INFO] Downloading from adobe-public-releases: https://repo.adobe.com/nexus/content/groups/public/org/apache/sling/org.apache.sling.scripting.api/2.1.12/org.apache.sling.scripting.api-2.1.12.jar
[INFO] Downloading from adobe-public-releases: https://repo.adobe.com/nexus/content/groups/public/org/apache/sling/org.apache.sling.scripting.core/2.0.44/org.apache.sling.scripting.core-2.0.44.jar
[INFO] Downloading from adobe-public-releases: https://repo.adobe.com/nexus/content/groups/public/org/apache/sling/org.apache.sling.contentparser.api/2.0.0/org.apache.sling.contentparser.api-2.0.0.jar
[INFO] Downloading from adobe-public-releases: https://repo.adobe.com/nexus/content/groups/public/org/apache/sling/org.apache.sling.contentparser.json/2.0.0/org.apache.sling.contentparser.json-2.0.0.jar
[INFO] Downloading from adobe-public-releases: https://repo.adobe.com/nexus/content/groups/public/org/apache/johnzon/johnzon-core/1.0.0/johnzon-core-1.0.0.jar
[INFO] Downloading from adobe-public-releases: https://repo.adobe.com/nexus/content/groups/public/org/apache/sling/org.apache.sling.adapter/2.1.6/org.apache.sling.adapter-2.1.6.jar
[INFO] Downloading from adobe-public-releases: https://repo.adobe.com/nexus/content/groups/public/org/apache/sling/org.apache.sling.resourcebuilder/1.0.4/org.apache.sling.resourcebuilder-1.0.4.jar
[INFO] Downloading from adobe-public-releases: https://repo.adobe.com/nexus/content/groups/public/org/apache/geronimo/specs/geronimo-json_1.1_spec/1.0/geronimo-json_1.1_spec-1.0.jar
[INFO] Downloading from adobe-public-releases: https://repo.adobe.com/nexus/content/groups/public/org/apache/jackrabbit/vault/org.apache.jackrabbit.vault/3.1.18/org.apache.jackrabbit.vault-3.1.18.jar
[INFO] Downloading from adobe-public-releases: https://repo.adobe.com/nexus/content/groups/public/org/apache/sling/org.apache.sling.xss/2.0.0/org.apache.sling.xss-2.0.0.jar
[INFO] Downloading from adobe-public-releases: https://repo.adobe.com/nexus/content/groups/public/org/apache/sling/org.apache.sling.servlet-helpers/1.4.2/org.apache.sling.servlet-helpers-1.4.2.jar
[INFO] Downloading from adobe-public-releases: https://repo.adobe.com/nexus/content/groups/public/org/apache/sling/org.apache.sling.i18n/2.4.4/org.apache.sling.i18n-2.4.4.jar
[INFO] Downloading from adobe-public-releases: https://repo.adobe.com/nexus/content/groups/public/org/apache/commons/commons-imaging/1.0-R1534292/commons-imaging-1.0-R1534292.jar
[INFO] Downloading from adobe-public-releases: https://repo.adobe.com/nexus/content/groups/public/org/mockito/mockito-junit-jupiter/2.24.5/mockito-junit-jupiter-2.24.5.jar
[INFO] Downloaded from adobe-public-releases: https://repo.adobe.com/nexus/content/groups/public/org/apache/commons/commons-imaging/1.0-R1534292/commons-imaging-1.0-R1534292.jar (716 kB at 364 kB/s)
[INFO] Downloading from adobe-public-releases: https://repo.adobe.com/nexus/content/groups/public/org/junit/platform/junit-platform-commons/1.5.2/junit-platform-commons-1.5.2.jar
[INFO] Downloading from adobe-public-releases: https://repo.adobe.com/nexus/content/groups/public/com/github/tomakehurst/wiremock-standalone/2.27.2/wiremock-standalone-2.27.2.jar
[INFO] Downloading from adobe-public-releases: https://repo.adobe.com/nexus/content/groups/public/com/sun/xml/bind/jaxb-core/2.2.11/jaxb-core-2.2.11.jar
[INFO] Downloading from adobe-public-releases: https://repo.adobe.com/nexus/content/groups/public/com/sun/xml/bind/jaxb-impl/2.2.11/jaxb-impl-2.2.11.jar
[INFO] Downloading from adobe-public-releases: https://repo.adobe.com/nexus/content/groups/public/com/day/commons/day-commons-gfx/2.1.50/day-commons-gfx-2.1.50.jar
[INFO] Downloading from adobe-public-releases: https://repo.adobe.com/nexus/content/groups/public/org/apache/sling/org.apache.sling.testing.hamcrest/1.0.2/org.apache.sling.testing.hamcrest-1.0.2.jar
[INFO] Downloading from adobe-public-releases: https://repo.adobe.com/nexus/content/groups/public/org/jacoco/org.jacoco.agent/0.8.3/org.jacoco.agent-0.8.3-runtime.jar
[INFO] Downloading from central: https://repo.maven.apache.org/maven2/org/slf4j/slf4j-nop/1.7.6/slf4j-nop-1.7.6.jar
[INFO] Downloading from central: https://repo.maven.apache.org/maven2/org/apache/sling/org.apache.sling.commons.osgi/2.4.0/org.apache.sling.commons.osgi-2.4.0.jar
[INFO] Downloading from central: https://repo.maven.apache.org/maven2/org/apache/sling/org.apache.sling.commons.johnzon/1.0.0/org.apache.sling.commons.johnzon-1.0.0.jar
[INFO] Downloading from central: https://repo.maven.apache.org/maven2/org/apache/httpcomponents/httpclient/4.5.4/httpclient-4.5.4.jar
[INFO] Downloading from central: https://repo.maven.apache.org/maven2/org/apache/httpcomponents/httpclient-osgi/4.5.4/httpclient-osgi-4.5.4.jar
[INFO] Downloaded from central: https://repo.maven.apache.org/maven2/org/apache/sling/org.apache.sling.commons.osgi/2.4.0/org.apache.sling.commons.osgi-2.4.0.jar (34 kB at 935 kB/s)
[INFO] Downloading from central: https://repo.maven.apache.org/maven2/org/apache/httpcomponents/httpcore/4.4.7/httpcore-4.4.7.jar
[INFO] Downloaded from central: https://repo.maven.apache.org/maven2/org/apache/sling/org.apache.sling.commons.johnzon/1.0.0/org.apache.sling.commons.johnzon-1.0.0.jar (107 kB at 3.0 MB/s)
[INFO] Downloading from central: https://repo.maven.apache.org/maven2/org/apache/httpcomponents/httpmime/4.5.4/httpmime-4.5.4.jar
[INFO] Downloaded from central: https://repo.maven.apache.org/maven2/org/slf4j/slf4j-nop/1.7.6/slf4j-nop-1.7.6.jar (4.1 kB at 108 kB/s)
[INFO] Downloading from central: https://repo.maven.apache.org/maven2/org/apache/httpcomponents/httpclient-cache/4.5.4/httpclient-cache-4.5.4.jar
[INFO] Downloaded from central: https://repo.maven.apache.org/maven2/org/apache/httpcomponents/httpclient/4.5.4/httpclient-4.5.4.jar (782 kB at 13 MB/s)
[INFO] Downloading from central: https://repo.maven.apache.org/maven2/org/apache/httpcomponents/fluent-hc/4.5.4/fluent-hc-4.5.4.jar
[INFO] Downloaded from central: https://repo.maven.apache.org/maven2/org/apache/httpcomponents/httpmime/4.5.4/httpmime-4.5.4.jar (42 kB at 605 kB/s)
[INFO] Downloading from central: https://repo.maven.apache.org/maven2/com/adobe/cq/wcm/com.adobe.aem.wcm.seo/1.0.4/com.adobe.aem.wcm.seo-1.0.4.jar
[INFO] Downloaded from central: https://repo.maven.apache.org/maven2/org/apache/httpcomponents/httpclient-cache/4.5.4/httpclient-cache-4.5.4.jar (162 kB at 2.2 MB/s)
[INFO] Downloading from central: https://repo.maven.apache.org/maven2/org/osgi/org.osgi.annotation.versioning/1.1.0/org.osgi.annotation.versioning-1.1.0.jar
[INFO] Downloaded from central: https://repo.maven.apache.org/maven2/org/apache/httpcomponents/httpcore/4.4.7/httpcore-4.4.7.jar (325 kB at 3.8 MB/s)
[INFO] Downloading from central: https://repo.maven.apache.org/maven2/org/apache/sling/org.apache.sling.api/2.22.0/org.apache.sling.api-2.22.0.jar
[INFO] Downloaded from central: https://repo.maven.apache.org/maven2/org/apache/httpcomponents/fluent-hc/4.5.4/fluent-hc-4.5.4.jar (31 kB at 342 kB/s)
[INFO] Downloading from central: https://repo.maven.apache.org/maven2/org/apache/sling/org.apache.sling.models.impl/1.4.10/org.apache.sling.models.impl-1.4.10.jar
[INFO] Downloaded from central: https://repo.maven.apache.org/maven2/org/osgi/org.osgi.annotation.versioning/1.1.0/org.osgi.annotation.versioning-1.1.0.jar (15 kB at 144 kB/s)
[INFO] Downloading from central: https://repo.maven.apache.org/maven2/org/apache/sling/org.apache.sling.testing.caconfig-mock-plugin/1.3.2/org.apache.sling.testing.caconfig-mock-plugin-1.3.2.jar
[INFO] Downloaded from central: https://repo.maven.apache.org/maven2/com/adobe/cq/wcm/com.adobe.aem.wcm.seo/1.0.4/com.adobe.aem.wcm.seo-1.0.4.jar (9.3 kB at 87 kB/s)
[INFO] Downloading from central: https://repo.maven.apache.org/maven2/io/wcm/io.wcm.testing.aem-mock.junit5/3.1.0/io.wcm.testing.aem-mock.junit5-3.1.0.jar
[INFO] Downloaded from central: https://repo.maven.apache.org/maven2/org/apache/sling/org.apache.sling.api/2.22.0/org.apache.sling.api-2.22.0.jar (136 kB at 1.1 MB/s)
[INFO] Downloading from central: https://repo.maven.apache.org/maven2/io/wcm/io.wcm.testing.aem-mock.core/3.1.0/io.wcm.testing.aem-mock.core-3.1.0.jar
[INFO] Downloaded from central: https://repo.maven.apache.org/maven2/org/apache/sling/org.apache.sling.models.impl/1.4.10/org.apache.sling.models.impl-1.4.10.jar (161 kB at 1.2 MB/s)
[INFO] Downloading from central: https://repo.maven.apache.org/maven2/org/apache/sling/org.apache.sling.resourceresolver/1.5.22/org.apache.sling.resourceresolver-1.5.22.jar
[INFO] Downloaded from central: https://repo.maven.apache.org/maven2/org/apache/sling/org.apache.sling.testing.caconfig-mock-plugin/1.3.2/org.apache.sling.testing.caconfig-mock-plugin-1.3.2.jar (21 kB at 146 kB/s)
[INFO] Downloading from central: https://repo.maven.apache.org/maven2/org/apache/sling/org.apache.sling.serviceusermapper/1.2.4/org.apache.sling.serviceusermapper-1.2.4.jar
[INFO] Downloaded from central: https://repo.maven.apache.org/maven2/io/wcm/io.wcm.testing.aem-mock.junit5/3.1.0/io.wcm.testing.aem-mock.junit5-3.1.0.jar (18 kB at 127 kB/s)
[INFO] Downloading from central: https://repo.maven.apache.org/maven2/org/apache/sling/org.apache.sling.jcr.api/2.4.0/org.apache.sling.jcr.api-2.4.0.jar
[INFO] Downloaded from central: https://repo.maven.apache.org/maven2/io/wcm/io.wcm.testing.aem-mock.core/3.1.0/io.wcm.testing.aem-mock.core-3.1.0.jar (134 kB at 780 kB/s)
[INFO] Downloading from central: https://repo.maven.apache.org/maven2/org/apache/sling/org.apache.sling.jcr.resource/2.9.2/org.apache.sling.jcr.resource-2.9.2.jar
[INFO] Downloaded from central: https://repo.maven.apache.org/maven2/org/apache/sling/org.apache.sling.serviceusermapper/1.2.4/org.apache.sling.serviceusermapper-1.2.4.jar (34 kB at 199 kB/s)
[INFO] Downloading from central: https://repo.maven.apache.org/maven2/org/apache/sling/org.apache.sling.commons.mime/2.1.10/org.apache.sling.commons.mime-2.1.10.jar
[INFO] Downloaded from central: https://repo.maven.apache.org/maven2/org/apache/sling/org.apache.sling.jcr.api/2.4.0/org.apache.sling.jcr.api-2.4.0.jar (14 kB at 75 kB/s)
[INFO] Downloading from central: https://repo.maven.apache.org/maven2/org/apache/sling/org.apache.sling.commons.json/2.0.20/org.apache.sling.commons.json-2.0.20.jar
[INFO] Downloaded from central: https://repo.maven.apache.org/maven2/org/apache/sling/org.apache.sling.resourceresolver/1.5.22/org.apache.sling.resourceresolver-1.5.22.jar (228 kB at 1.3 MB/s)
[INFO] Downloading from central: https://repo.maven.apache.org/maven2/org/apache/sling/org.apache.sling.commons.classloader/1.3.8/org.apache.sling.commons.classloader-1.3.8.jar
[INFO] Downloaded from central: https://repo.maven.apache.org/maven2/org/apache/sling/org.apache.sling.commons.mime/2.1.10/org.apache.sling.commons.mime-2.1.10.jar (41 kB at 200 kB/s)
[INFO] Downloading from central: https://repo.maven.apache.org/maven2/org/apache/sling/org.apache.sling.settings/1.3.8/org.apache.sling.settings-1.3.8.jar
[INFO] Downloaded from central: https://repo.maven.apache.org/maven2/org/apache/sling/org.apache.sling.jcr.resource/2.9.2/org.apache.sling.jcr.resource-2.9.2.jar (142 kB at 690 kB/s)
[INFO] Downloading from central: https://repo.maven.apache.org/maven2/org/apache/jackrabbit/oak-jcr/1.6.1/oak-jcr-1.6.1.jar
[INFO] Downloaded from central: https://repo.maven.apache.org/maven2/org/apache/sling/org.apache.sling.commons.json/2.0.20/org.apache.sling.commons.json-2.0.20.jar (67 kB at 307 kB/s)
[INFO] Downloading from central: https://repo.maven.apache.org/maven2/org/apache/jackrabbit/oak-core/1.6.1/oak-core-1.6.1.jar
[INFO] Downloaded from central: https://repo.maven.apache.org/maven2/org/apache/sling/org.apache.sling.commons.classloader/1.3.8/org.apache.sling.commons.classloader-1.3.8.jar (26 kB at 120 kB/s)
[INFO] Downloading from central: https://repo.maven.apache.org/maven2/org/apache/jackrabbit/oak-blob/1.6.1/oak-blob-1.6.1.jar
[INFO] Downloaded from central: https://repo.maven.apache.org/maven2/org/apache/httpcomponents/httpclient-osgi/4.5.4/httpclient-osgi-4.5.4.jar (1.3 MB at 5.4 MB/s)
[INFO] Downloading from central: https://repo.maven.apache.org/maven2/org/apache/jackrabbit/jackrabbit-data/2.14.0/jackrabbit-data-2.14.0.jar
[INFO] Downloaded from central: https://repo.maven.apache.org/maven2/org/apache/jackrabbit/oak-blob/1.6.1/oak-blob-1.6.1.jar (56 kB at 222 kB/s)
[INFO] Downloading from central: https://repo.maven.apache.org/maven2/org/apache/jackrabbit/oak-commons/1.6.1/oak-commons-1.6.1.jar
[INFO] Downloaded from central: https://repo.maven.apache.org/maven2/org/apache/jackrabbit/oak-jcr/1.6.1/oak-jcr-1.6.1.jar (558 kB at 2.2 MB/s)
[INFO] Downloading from central: https://repo.maven.apache.org/maven2/org/apache/jackrabbit/jackrabbit-api/2.14.0/jackrabbit-api-2.14.0.jar
[INFO] Downloaded from central: https://repo.maven.apache.org/maven2/org/apache/sling/org.apache.sling.settings/1.3.8/org.apache.sling.settings-1.3.8.jar (31 kB at 120 kB/s)
[INFO] Downloading from central: https://repo.maven.apache.org/maven2/org/apache/sling/org.apache.sling.testing.jcr-mock/1.4.6/org.apache.sling.testing.jcr-mock-1.4.6.jar
[INFO] Downloaded from central: https://repo.maven.apache.org/maven2/org/apache/jackrabbit/oak-commons/1.6.1/oak-commons-1.6.1.jar (88 kB at 315 kB/s)
[INFO] Downloading from central: https://repo.maven.apache.org/maven2/org/apache/sling/org.apache.sling.testing.osgi-mock.core/2.4.16/org.apache.sling.testing.osgi-mock.core-2.4.16.jar
[INFO] Downloaded from central: https://repo.maven.apache.org/maven2/org/apache/jackrabbit/jackrabbit-api/2.14.0/jackrabbit-api-2.14.0.jar (42 kB at 149 kB/s)
[INFO] Downloading from central: https://repo.maven.apache.org/maven2/org/apache/sling/org.apache.sling.testing.sling-mock.core/2.6.2/org.apache.sling.testing.sling-mock.core-2.6.2.jar
[INFO] Downloaded from central: https://repo.maven.apache.org/maven2/org/apache/jackrabbit/jackrabbit-data/2.14.0/jackrabbit-data-2.14.0.jar (172 kB at 607 kB/s)
[INFO] Downloading from central: https://repo.maven.apache.org/maven2/org/apache/sling/org.apache.sling.scripting.api/2.1.12/org.apache.sling.scripting.api-2.1.12.jar
[INFO] Downloaded from central: https://repo.maven.apache.org/maven2/org/apache/sling/org.apache.sling.testing.jcr-mock/1.4.6/org.apache.sling.testing.jcr-mock-1.4.6.jar (52 kB at 172 kB/s)
[INFO] Downloading from central: https://repo.maven.apache.org/maven2/org/apache/sling/org.apache.sling.scripting.core/2.0.44/org.apache.sling.scripting.core-2.0.44.jar
[INFO] Downloaded from central: https://repo.maven.apache.org/maven2/org/apache/jackrabbit/oak-core/1.6.1/oak-core-1.6.1.jar (3.1 MB at 10 MB/s)
[INFO] Downloading from central: https://repo.maven.apache.org/maven2/org/apache/sling/org.apache.sling.contentparser.api/2.0.0/org.apache.sling.contentparser.api-2.0.0.jar
[INFO] Downloaded from central: https://repo.maven.apache.org/maven2/org/apache/sling/org.apache.sling.testing.osgi-mock.core/2.4.16/org.apache.sling.testing.osgi-mock.core-2.4.16.jar (478 kB at 1.5 MB/s)
[INFO] Downloading from central: https://repo.maven.apache.org/maven2/org/apache/sling/org.apache.sling.contentparser.json/2.0.0/org.apache.sling.contentparser.json-2.0.0.jar
[INFO] Downloaded from central: https://repo.maven.apache.org/maven2/org/apache/sling/org.apache.sling.testing.sling-mock.core/2.6.2/org.apache.sling.testing.sling-mock.core-2.6.2.jar (99 kB at 314 kB/s)
[INFO] Downloading from central: https://repo.maven.apache.org/maven2/org/apache/johnzon/johnzon-core/1.0.0/johnzon-core-1.0.0.jar
[INFO] Downloaded from central: https://repo.maven.apache.org/maven2/org/apache/sling/org.apache.sling.scripting.api/2.1.12/org.apache.sling.scripting.api-2.1.12.jar (17 kB at 51 kB/s)
[INFO] Downloading from central: https://repo.maven.apache.org/maven2/org/apache/sling/org.apache.sling.adapter/2.1.6/org.apache.sling.adapter-2.1.6.jar
[INFO] Downloaded from central: https://repo.maven.apache.org/maven2/org/apache/sling/org.apache.sling.contentparser.api/2.0.0/org.apache.sling.contentparser.api-2.0.0.jar (13 kB at 38 kB/s)
[INFO] Downloading from central: https://repo.maven.apache.org/maven2/org/apache/sling/org.apache.sling.resourcebuilder/1.0.4/org.apache.sling.resourcebuilder-1.0.4.jar
[INFO] Downloaded from central: https://repo.maven.apache.org/maven2/org/apache/sling/org.apache.sling.scripting.core/2.0.44/org.apache.sling.scripting.core-2.0.44.jar (90 kB at 263 kB/s)
[INFO] Downloading from central: https://repo.maven.apache.org/maven2/org/apache/geronimo/specs/geronimo-json_1.1_spec/1.0/geronimo-json_1.1_spec-1.0.jar
[INFO] Downloaded from central: https://repo.maven.apache.org/maven2/org/apache/sling/org.apache.sling.contentparser.json/2.0.0/org.apache.sling.contentparser.json-2.0.0.jar (18 kB at 52 kB/s)
[INFO] Downloading from central: https://repo.maven.apache.org/maven2/org/apache/jackrabbit/vault/org.apache.jackrabbit.vault/3.1.18/org.apache.jackrabbit.vault-3.1.18.jar
[INFO] Downloaded from central: https://repo.maven.apache.org/maven2/org/apache/johnzon/johnzon-core/1.0.0/johnzon-core-1.0.0.jar (90 kB at 260 kB/s)
[INFO] Downloading from central: https://repo.maven.apache.org/maven2/org/apache/sling/org.apache.sling.xss/2.0.0/org.apache.sling.xss-2.0.0.jar
[INFO] Downloaded from central: https://repo.maven.apache.org/maven2/org/apache/geronimo/specs/geronimo-json_1.1_spec/1.0/geronimo-json_1.1_spec-1.0.jar (36 kB at 93 kB/s)
[INFO] Downloading from central: https://repo.maven.apache.org/maven2/org/apache/sling/org.apache.sling.servlet-helpers/1.4.2/org.apache.sling.servlet-helpers-1.4.2.jar
[INFO] Downloaded from central: https://repo.maven.apache.org/maven2/org/apache/sling/org.apache.sling.resourcebuilder/1.0.4/org.apache.sling.resourcebuilder-1.0.4.jar (19 kB at 50 kB/s)
[INFO] Downloading from central: https://repo.maven.apache.org/maven2/org/apache/sling/org.apache.sling.i18n/2.4.4/org.apache.sling.i18n-2.4.4.jar
[INFO] Downloaded from central: https://repo.maven.apache.org/maven2/org/apache/sling/org.apache.sling.adapter/2.1.6/org.apache.sling.adapter-2.1.6.jar (30 kB at 78 kB/s)
[INFO] Downloading from central: https://repo.maven.apache.org/maven2/org/mockito/mockito-junit-jupiter/2.24.5/mockito-junit-jupiter-2.24.5.jar
[INFO] Downloaded from central: https://repo.maven.apache.org/maven2/org/apache/jackrabbit/vault/org.apache.jackrabbit.vault/3.1.18/org.apache.jackrabbit.vault-3.1.18.jar (1.3 MB at 3.2 MB/s)
[INFO] Downloading from central: https://repo.maven.apache.org/maven2/org/junit/platform/junit-platform-commons/1.5.2/junit-platform-commons-1.5.2.jar
[INFO] Downloaded from central: https://repo.maven.apache.org/maven2/org/apache/sling/org.apache.sling.servlet-helpers/1.4.2/org.apache.sling.servlet-helpers-1.4.2.jar (53 kB at 127 kB/s)
[INFO] Downloaded from central: https://repo.maven.apache.org/maven2/org/apache/sling/org.apache.sling.i18n/2.4.4/org.apache.sling.i18n-2.4.4.jar (71 kB at 170 kB/s)
[INFO] Downloading from central: https://repo.maven.apache.org/maven2/com/sun/xml/bind/jaxb-core/2.2.11/jaxb-core-2.2.11.jar
[INFO] Downloaded from central: https://repo.maven.apache.org/maven2/org/apache/sling/org.apache.sling.xss/2.0.0/org.apache.sling.xss-2.0.0.jar (2.7 MB at 6.6 MB/s)
[INFO] Downloading from central: https://repo.maven.apache.org/maven2/com/sun/xml/bind/jaxb-impl/2.2.11/jaxb-impl-2.2.11.jar
[INFO] Downloading from central: https://repo.maven.apache.org/maven2/com/github/tomakehurst/wiremock-standalone/2.27.2/wiremock-standalone-2.27.2.jar
[INFO] Downloaded from central: https://repo.maven.apache.org/maven2/org/mockito/mockito-junit-jupiter/2.24.5/mockito-junit-jupiter-2.24.5.jar (4.8 kB at 11 kB/s)
[INFO] Downloading from central: https://repo.maven.apache.org/maven2/com/day/commons/day-commons-gfx/2.1.50/day-commons-gfx-2.1.50.jar
[INFO] Downloaded from central: https://repo.maven.apache.org/maven2/com/sun/xml/bind/jaxb-core/2.2.11/jaxb-core-2.2.11.jar (252 kB at 543 kB/s)
[INFO] Downloading from central: https://repo.maven.apache.org/maven2/org/apache/sling/org.apache.sling.testing.hamcrest/1.0.2/org.apache.sling.testing.hamcrest-1.0.2.jar
[INFO] Downloaded from central: https://repo.maven.apache.org/maven2/com/sun/xml/bind/jaxb-impl/2.2.11/jaxb-impl-2.2.11.jar (1.0 MB at 2.2 MB/s)
[INFO] Downloading from central: https://repo.maven.apache.org/maven2/org/jacoco/org.jacoco.agent/0.8.3/org.jacoco.agent-0.8.3-runtime.jar
[INFO] Downloaded from central: https://repo.maven.apache.org/maven2/org/junit/platform/junit-platform-commons/1.5.2/junit-platform-commons-1.5.2.jar (92 kB at 196 kB/s)
[INFO] Downloaded from central: https://repo.maven.apache.org/maven2/com/day/commons/day-commons-gfx/2.1.50/day-commons-gfx-2.1.50.jar (195 kB at 415 kB/s)
[INFO] Downloaded from central: https://repo.maven.apache.org/maven2/org/apache/sling/org.apache.sling.testing.hamcrest/1.0.2/org.apache.sling.testing.hamcrest-1.0.2.jar (20 kB at 41 kB/s)
[INFO] Downloaded from central: https://repo.maven.apache.org/maven2/org/jacoco/org.jacoco.agent/0.8.3/org.jacoco.agent-0.8.3-runtime.jar (279 kB at 556 kB/s)
[INFO] Downloaded from central: https://repo.maven.apache.org/maven2/com/github/tomakehurst/wiremock-standalone/2.27.2/wiremock-standalone-2.27.2.jar (13 MB at 23 MB/s)
[INFO] 
[INFO] --- maven-clean-plugin:3.1.0:clean (default-clean) @ core.wcm.components.core ---
[INFO] 
[INFO] --- maven-resources-plugin:2.7:resources (default-resources) @ core.wcm.components.core ---
[INFO] Using 'UTF-8' encoding to copy filtered resources.
[INFO] skip non existing resourceDirectory /home/srafi/after-cam-ready/compare_/compile_repair_output/work/4bd056f96a86/bundles/core/src/main/resources
[INFO] 
[INFO] --- maven-compiler-plugin:3.8.0:compile (default-compile) @ core.wcm.components.core ---
[INFO] Changes detected - recompiling the module!
[INFO] Compiling 231 source files to /home/srafi/after-cam-ready/compare_/compile_repair_output/work/4bd056f96a86/bundles/core/target/classes
[INFO] /home/srafi/after-cam-ready/compare_/compile_repair_output/work/4bd056f96a86/bundles/core/src/main/java/com/adobe/cq/wcm/core/components/internal/Utils.java: Some input files use or override a deprecated API.
[INFO] /home/srafi/after-cam-ready/compare_/compile_repair_output/work/4bd056f96a86/bundles/core/src/main/java/com/adobe/cq/wcm/core/components/internal/Utils.java: Recompile with -Xlint:deprecation for details.
[INFO] /home/srafi/after-cam-ready/compare_/compile_repair_output/work/4bd056f96a86/bundles/core/src/main/java/com/adobe/cq/wcm/core/components/internal/models/v1/ExperienceFragmentDataImpl.java: Some input files use unchecked or unsafe operations.
[INFO] /home/srafi/after-cam-ready/compare_/compile_repair_output/work/4bd056f96a86/bundles/core/src/main/java/com/adobe/cq/wcm/core/components/internal/models/v1/ExperienceFragmentDataImpl.java: Recompile with -Xlint:unchecked for details.
[INFO] 
[INFO] --- maven-bundle-plugin:4.2.1:manifest (scr-metadata) @ core.wcm.components.core ---
[INFO] No previous run data found, generating manifest.
[INFO] 
[INFO] >>> spotbugs-maven-plugin:4.0.4:check (find-bugs) > :spotbugs @ core.wcm.components.core >>>
[INFO] 
[INFO] --- spotbugs-maven-plugin:4.0.4:spotbugs (spotbugs) @ core.wcm.components.core ---
[INFO] Downloading from adobe-public-releases: https://repo.adobe.com/nexus/content/groups/public/com/github/spotbugs/spotbugs/4.0.4/spotbugs-4.0.4.pom
[INFO] Downloading from central: https://repo.maven.apache.org/maven2/com/github/spotbugs/spotbugs/4.0.4/spotbugs-4.0.4.pom
[INFO] Downloaded from central: https://repo.maven.apache.org/maven2/com/github/spotbugs/spotbugs/4.0.4/spotbugs-4.0.4.pom (5.9 kB at 168 kB/s)
[INFO] Downloading from adobe-public-releases: https://repo.adobe.com/nexus/content/groups/public/org/apache/bcel/bcel/6.4.1/bcel-6.4.1.pom
[INFO] Downloading from central: https://repo.maven.apache.org/maven2/org/apache/bcel/bcel/6.4.1/bcel-6.4.1.pom
[INFO] Downloaded from central: https://repo.maven.apache.org/maven2/org/apache/bcel/bcel/6.4.1/bcel-6.4.1.pom (22 kB at 526 kB/s)
[INFO] Downloading from adobe-public-releases: https://repo.adobe.com/nexus/content/groups/public/org/apache/commons/commons-parent/49/commons-parent-49.pom
[INFO] Downloading from central: https://repo.maven.apache.org/maven2/org/apache/commons/commons-parent/49/commons-parent-49.pom
[INFO] Downloaded from central: https://repo.maven.apache.org/maven2/org/apache/commons/commons-parent/49/commons-parent-49.pom (76 kB at 1.8 MB/s)
[INFO] Downloading from adobe-public-releases: https://repo.adobe.com/nexus/content/groups/public/com/github/spotbugs/spotbugs-annotations/4.0.4/spotbugs-annotations-4.0.4.pom
[INFO] Downloading from central: https://repo.maven.apache.org/maven2/com/github/spotbugs/spotbugs-annotations/4.0.4/spotbugs-annotations-4.0.4.pom
[INFO] Downloaded from central: https://repo.maven.apache.org/maven2/com/github/spotbugs/spotbugs-annotations/4.0.4/spotbugs-annotations-4.0.4.pom (2.8 kB at 73 kB/s)
[INFO] Downloading from adobe-public-releases: https://repo.adobe.com/nexus/content/groups/public/org/codehaus/groovy/groovy/3.0.4/groovy-3.0.4.pom
[INFO] Downloading from central: https://repo.maven.apache.org/maven2/org/codehaus/groovy/groovy/3.0.4/groovy-3.0.4.pom
[INFO] Downloaded from central: https://repo.maven.apache.org/maven2/org/codehaus/groovy/groovy/3.0.4/groovy-3.0.4.pom (24 kB at 552 kB/s)
[INFO] Downloading from adobe-public-releases: https://repo.adobe.com/nexus/content/groups/public/org/codehaus/groovy/groovy-ant/3.0.4/groovy-ant-3.0.4.pom
[INFO] Downloading from central: https://repo.maven.apache.org/maven2/org/codehaus/groovy/groovy-ant/3.0.4/groovy-ant-3.0.4.pom
[INFO] Downloaded from central: https://repo.maven.apache.org/maven2/org/codehaus/groovy/groovy-ant/3.0.4/groovy-ant-3.0.4.pom (23 kB at 649 kB/s)
[INFO] Downloading from adobe-public-releases: https://repo.adobe.com/nexus/content/groups/public/org/codehaus/groovy/groovy-dateutil/3.0.4/groovy-dateutil-3.0.4.pom
[INFO] Downloading from central: https://repo.maven.apache.org/maven2/org/codehaus/groovy/groovy-dateutil/3.0.4/groovy-dateutil-3.0.4.pom
[INFO] Downloaded from central: https://repo.maven.apache.org/maven2/org/codehaus/groovy/groovy-dateutil/3.0.4/groovy-dateutil-3.0.4.pom (22 kB at 549 kB/s)
[INFO] Downloading from adobe-public-releases: https://repo.adobe.com/nexus/content/groups/public/org/codehaus/groovy/groovy-docgenerator/3.0.4/groovy-docgenerator-3.0.4.pom
[INFO] Downloading from central: https://repo.maven.apache.org/maven2/org/codehaus/groovy/groovy-docgenerator/3.0.4/groovy-docgenerator-3.0.4.pom
[INFO] Downloaded from central: https://repo.maven.apache.org/maven2/org/codehaus/groovy/groovy-docgenerator/3.0.4/groovy-docgenerator-3.0.4.pom (24 kB at 512 kB/s)
[INFO] Downloading from adobe-public-releases: https://repo.adobe.com/nexus/content/groups/public/org/codehaus/groovy/groovy-groovydoc/3.0.4/groovy-groovydoc-3.0.4.pom
[INFO] Downloading from central: https://repo.maven.apache.org/maven2/org/codehaus/groovy/groovy-groovydoc/3.0.4/groovy-groovydoc-3.0.4.pom
[INFO] Downloaded from central: https://repo.maven.apache.org/maven2/org/codehaus/groovy/groovy-groovydoc/3.0.4/groovy-groovydoc-3.0.4.pom (24 kB at 625 kB/s)
[INFO] Downloading from adobe-public-releases: https://repo.adobe.com/nexus/content/groups/public/com/github/javaparser/javaparser-core/3.15.22/javaparser-core-3.15.22.pom
[INFO] Downloading from central: https://repo.maven.apache.org/maven2/com/github/javaparser/javaparser-core/3.15.22/javaparser-core-3.15.22.pom
[INFO] Downloaded from central: https://repo.maven.apache.org/maven2/com/github/javaparser/javaparser-core/3.15.22/javaparser-core-3.15.22.pom (4.9 kB at 143 kB/s)
[INFO] Downloading from adobe-public-releases: https://repo.adobe.com/nexus/content/groups/public/com/github/javaparser/javaparser-parent/3.15.22/javaparser-parent-3.15.22.pom
[INFO] Downloading from central: https://repo.maven.apache.org/maven2/com/github/javaparser/javaparser-parent/3.15.22/javaparser-parent-3.15.22.pom
[INFO] Downloaded from central: https://repo.maven.apache.org/maven2/com/github/javaparser/javaparser-parent/3.15.22/javaparser-parent-3.15.22.pom (15 kB at 428 kB/s)
[INFO] Downloading from adobe-public-releases: https://repo.adobe.com/nexus/content/groups/public/org/codehaus/groovy/groovy-templates/3.0.4/groovy-templates-3.0.4.pom
[INFO] Downloading from central: https://repo.maven.apache.org/maven2/org/codehaus/groovy/groovy-templates/3.0.4/groovy-templates-3.0.4.pom
[INFO] Downloaded from central: https://repo.maven.apache.org/maven2/org/codehaus/groovy/groovy-templates/3.0.4/groovy-templates-3.0.4.pom (22 kB at 671 kB/s)
[INFO] Downloading from adobe-public-releases: https://repo.adobe.com/nexus/content/groups/public/org/codehaus/groovy/groovy-xml/3.0.4/groovy-xml-3.0.4.pom
[INFO] Downloading from central: https://repo.maven.apache.org/maven2/org/codehaus/groovy/groovy-xml/3.0.4/groovy-xml-3.0.4.pom
[INFO] Downloaded from central: https://repo.maven.apache.org/maven2/org/codehaus/groovy/groovy-xml/3.0.4/groovy-xml-3.0.4.pom (22 kB at 627 kB/s)
[INFO] Downloading from adobe-public-releases: https://repo.adobe.com/nexus/content/groups/public/com/github/spotbugs/spotbugs/4.0.4/spotbugs-4.0.4.jar
[INFO] Downloading from adobe-public-releases: https://repo.adobe.com/nexus/content/groups/public/com/github/spotbugs/spotbugs-annotations/4.0.4/spotbugs-annotations-4.0.4.jar
[INFO] Downloading from adobe-public-releases: https://repo.adobe.com/nexus/content/groups/public/org/codehaus/groovy/groovy-ant/3.0.4/groovy-ant-3.0.4-indy.jar
[INFO] Downloading from adobe-public-releases: https://repo.adobe.com/nexus/content/groups/public/org/apache/bcel/bcel/6.4.1/bcel-6.4.1.jar
[INFO] Downloading from adobe-public-releases: https://repo.adobe.com/nexus/content/groups/public/org/codehaus/groovy/groovy/3.0.4/groovy-3.0.4-indy.jar
[INFO] Downloading from adobe-public-releases: https://repo.adobe.com/nexus/content/groups/public/org/codehaus/groovy/groovy-dateutil/3.0.4/groovy-dateutil-3.0.4-indy.jar
[INFO] Downloading from adobe-public-releases: https://repo.adobe.com/nexus/content/groups/public/org/codehaus/groovy/groovy-docgenerator/3.0.4/groovy-docgenerator-3.0.4-indy.jar
[INFO] Downloading from adobe-public-releases: https://repo.adobe.com/nexus/content/groups/public/org/codehaus/groovy/groovy-groovydoc/3.0.4/groovy-groovydoc-3.0.4-indy.jar
[INFO] Downloading from adobe-public-releases: https://repo.adobe.com/nexus/content/groups/public/com/github/javaparser/javaparser-core/3.15.22/javaparser-core-3.15.22.jar
[INFO] Downloading from adobe-public-releases: https://repo.adobe.com/nexus/content/groups/public/org/codehaus/groovy/groovy-templates/3.0.4/groovy-templates-3.0.4-indy.jar
[INFO] Downloading from adobe-public-releases: https://repo.adobe.com/nexus/content/groups/public/org/codehaus/groovy/groovy-xml/3.0.4/groovy-xml-3.0.4-indy.jar
[INFO] Downloading from adobe-public-releases: https://repo.adobe.com/nexus/content/groups/public/org/ow2/asm/asm-util/8.0.1/asm-util-8.0.1.jar
[INFO] Downloading from central: https://repo.maven.apache.org/maven2/com/github/spotbugs/spotbugs/4.0.4/spotbugs-4.0.4.jar
[INFO] Downloading from central: https://repo.maven.apache.org/maven2/org/apache/bcel/bcel/6.4.1/bcel-6.4.1.jar
[INFO] Downloading from central: https://repo.maven.apache.org/maven2/org/codehaus/groovy/groovy/3.0.4/groovy-3.0.4-indy.jar
[INFO] Downloading from central: https://repo.maven.apache.org/maven2/com/github/spotbugs/spotbugs-annotations/4.0.4/spotbugs-annotations-4.0.4.jar
[INFO] Downloading from central: https://repo.maven.apache.org/maven2/org/codehaus/groovy/groovy-ant/3.0.4/groovy-ant-3.0.4-indy.jar
[INFO] Downloaded from central: https://repo.maven.apache.org/maven2/org/apache/bcel/bcel/6.4.1/bcel-6.4.1.jar (694 kB at 14 MB/s)
[INFO] Downloading from central: https://repo.maven.apache.org/maven2/org/codehaus/groovy/groovy-dateutil/3.0.4/groovy-dateutil-3.0.4-indy.jar
[INFO] Downloaded from central: https://repo.maven.apache.org/maven2/com/github/spotbugs/spotbugs-annotations/4.0.4/spotbugs-annotations-4.0.4.jar (15 kB at 265 kB/s)
[INFO] Downloading from central: https://repo.maven.apache.org/maven2/org/codehaus/groovy/groovy-docgenerator/3.0.4/groovy-docgenerator-3.0.4-indy.jar
[INFO] Downloaded from central: https://repo.maven.apache.org/maven2/org/codehaus/groovy/groovy-ant/3.0.4/groovy-ant-3.0.4-indy.jar (83 kB at 1.3 MB/s)
[INFO] Downloading from central: https://repo.maven.apache.org/maven2/org/codehaus/groovy/groovy-groovydoc/3.0.4/groovy-groovydoc-3.0.4-indy.jar
[INFO] Downloaded from central: https://repo.maven.apache.org/maven2/org/codehaus/groovy/groovy-dateutil/3.0.4/groovy-dateutil-3.0.4-indy.jar (7.4 kB at 91 kB/s)
[INFO] Downloading from central: https://repo.maven.apache.org/maven2/com/github/javaparser/javaparser-core/3.15.22/javaparser-core-3.15.22.jar
[INFO] Downloaded from central: https://repo.maven.apache.org/maven2/com/github/spotbugs/spotbugs/4.0.4/spotbugs-4.0.4.jar (3.4 MB at 38 MB/s)
[INFO] Downloading from central: https://repo.maven.apache.org/maven2/org/codehaus/groovy/groovy-templates/3.0.4/groovy-templates-3.0.4-indy.jar
[INFO] Downloaded from central: https://repo.maven.apache.org/maven2/org/codehaus/groovy/groovy-docgenerator/3.0.4/groovy-docgenerator-3.0.4-indy.jar (121 kB at 1.3 MB/s)
[INFO] Downloading from central: https://repo.maven.apache.org/maven2/org/codehaus/groovy/groovy-xml/3.0.4/groovy-xml-3.0.4-indy.jar
[INFO] Downloaded from central: https://repo.maven.apache.org/maven2/org/codehaus/groovy/groovy-groovydoc/3.0.4/groovy-groovydoc-3.0.4-indy.jar (160 kB at 1.4 MB/s)
[INFO] Downloading from central: https://repo.maven.apache.org/maven2/org/ow2/asm/asm-util/8.0.1/asm-util-8.0.1.jar
[INFO] Downloaded from central: https://repo.maven.apache.org/maven2/org/codehaus/groovy/groovy-templates/3.0.4/groovy-templates-3.0.4-indy.jar (93 kB at 715 kB/s)
[INFO] Downloaded from central: https://repo.maven.apache.org/maven2/com/github/javaparser/javaparser-core/3.15.22/javaparser-core-3.15.22.jar (1.2 MB at 9.1 MB/s)
[INFO] Downloaded from central: https://repo.maven.apache.org/maven2/org/codehaus/groovy/groovy-xml/3.0.4/groovy-xml-3.0.4-indy.jar (280 kB at 2.0 MB/s)
[INFO] Downloaded from central: https://repo.maven.apache.org/maven2/org/codehaus/groovy/groovy/3.0.4/groovy-3.0.4-indy.jar (7.9 MB at 49 MB/s)
[INFO] Downloaded from central: https://repo.maven.apache.org/maven2/org/ow2/asm/asm-util/8.0.1/asm-util-8.0.1.jar (85 kB at 514 kB/s)
[INFO] 
[INFO] <<< spotbugs-maven-plugin:4.0.4:check (find-bugs) < :spotbugs @ core.wcm.components.core <<<
[INFO] 
[INFO] 
[INFO] --- spotbugs-maven-plugin:4.0.4:check (find-bugs) @ core.wcm.components.core ---
[INFO] 
[INFO] --- maven-resources-plugin:2.7:testResources (default-testResources) @ core.wcm.components.core ---
[INFO] Using 'UTF-8' encoding to copy filtered resources.
[INFO] Copying 462 resources
[INFO] 
[INFO] --- maven-compiler-plugin:3.8.0:testCompile (default-testCompile) @ core.wcm.components.core ---
[INFO] Changes detected - recompiling the module!
[INFO] Compiling 117 source files to /home/srafi/after-cam-ready/compare_/compile_repair_output/work/4bd056f96a86/bundles/core/target/test-classes
[INFO] /home/srafi/after-cam-ready/compare_/compile_repair_output/work/4bd056f96a86/bundles/core/src/test/java/com/adobe/cq/wcm/core/components/internal/models/v1/contentfragment/AbstractContentFragmentTest.java: Some input files use or override a deprecated API.
[INFO] /home/srafi/after-cam-ready/compare_/compile_repair_output/work/4bd056f96a86/bundles/core/src/test/java/com/adobe/cq/wcm/core/components/internal/models/v1/contentfragment/AbstractContentFragmentTest.java: Recompile with -Xlint:deprecation for details.
[INFO] /home/srafi/after-cam-ready/compare_/compile_repair_output/work/4bd056f96a86/bundles/core/src/test/java/com/adobe/cq/wcm/core/components/internal/servlets/contentfragment/ModelDataSourceServletTest.java: Some input files use unchecked or unsafe operations.
[INFO] /home/srafi/after-cam-ready/compare_/compile_repair_output/work/4bd056f96a86/bundles/core/src/test/java/com/adobe/cq/wcm/core/components/internal/servlets/contentfragment/ModelDataSourceServletTest.java: Recompile with -Xlint:unchecked for details.
[INFO] 
[INFO] --- maven-surefire-plugin:3.0.0-M8-SNAPSHOT:test (default-test) @ core.wcm.components.core ---
[INFO] Tests are skipped.
[INFO] 
[INFO] --- maven-bundle-plugin:4.2.1:bundle (default-bundle) @ core.wcm.components.core ---
[INFO] 
[INFO] --- maven-bundle-plugin:4.2.1:baseline (baseline) @ core.wcm.components.core ---
[INFO] artifact com.adobe.cq:core.wcm.components.core: checking for updates from adobe-public-releases
[INFO] artifact com.adobe.cq:core.wcm.components.core: checking for updates from central
[INFO] Downloading from adobe-public-releases: https://repo.adobe.com/nexus/content/groups/public/com/adobe/cq/core.wcm.components.core/2.17.12/core.wcm.components.core-2.17.12.jar
[INFO] Downloading from central: https://repo.maven.apache.org/maven2/com/adobe/cq/core.wcm.components.core/2.17.12/core.wcm.components.core-2.17.12.jar
[INFO] Downloaded from central: https://repo.maven.apache.org/maven2/com/adobe/cq/core.wcm.components.core/2.17.12/core.wcm.components.core-2.17.12.jar (549 kB at 3.9 MB/s)
[INFO] Baseline Report - Generated by Apache Felix Maven Bundle Plugin on 2026-08-15T14:10Z based on Bnd - see http://www.aqute.biz/Bnd/Bnd
[INFO] Comparing bundle core.wcm.components.core version 2.17.13-SNAPSHOT to version 2.17.12
[INFO] 
[INFO]   PACKAGE_NAME                                       DELTA      CUR_VER    BASE_VER   REC_VER    WARNINGS  
[INFO] = ================================================== ========== ========== ========== ========== ==========
[INFO]   com.adobe.cq.wcm.core.components.commons.editor.dialog.childreneditor unchanged  1.0.0      1.0.0      1.0.0      -         
[INFO] -----------------------------------------------------------------------------------------------------------
[INFO]   com.adobe.cq.wcm.core.components.commons.editor.dialog.inherited unchanged  1.1.0      1.1.0      1.1.0      -         
[INFO] -----------------------------------------------------------------------------------------------------------
[INFO]   com.adobe.cq.wcm.core.components.commons.link      unchanged  1.1.0      1.1.0      1.1.0      -         
[INFO] -----------------------------------------------------------------------------------------------------------
[INFO]   com.adobe.cq.wcm.core.components.config            unchanged  1.1.0      1.1.0      1.1.0      -         
[INFO] -----------------------------------------------------------------------------------------------------------
[INFO] ~ com.adobe.cq.wcm.core.components.models            changed    12.23.1    12.23.0    12.23.1    -         
[INFO]      ~ interface com.adobe.cq.wcm.core.components.models.Accordion
[INFO]          ~ method getData()
[INFO]              ~ annotated com.fasterxml.jackson.databind.annotation.JsonSerialize
[INFO]                  - property using=com.adobe.cq.wcm.core.components.internal.jackson.ComponentDataModelSerializer
[INFO]                  + property using=com.adobe.cq.wcm.core.components.models.datalayer.jackson.ComponentDataModelSerializer
[INFO]      ~ interface com.adobe.cq.wcm.core.components.models.Breadcrumb
[INFO]          ~ method getData()
[INFO]              ~ annotated com.fasterxml.jackson.databind.annotation.JsonSerialize
[INFO]                  - property using=com.adobe.cq.wcm.core.components.internal.jackson.ComponentDataModelSerializer
[INFO]                  + property using=com.adobe.cq.wcm.core.components.models.datalayer.jackson.ComponentDataModelSerializer
[INFO]      ~ interface com.adobe.cq.wcm.core.components.models.Button
[INFO]          ~ method getData()
[INFO]              ~ annotated com.fasterxml.jackson.databind.annotation.JsonSerialize
[INFO]                  - property using=com.adobe.cq.wcm.core.components.internal.jackson.ComponentDataModelSerializer
[INFO]                  + property using=com.adobe.cq.wcm.core.components.models.datalayer.jackson.ComponentDataModelSerializer
[INFO]      ~ interface com.adobe.cq.wcm.core.components.models.Carousel
[INFO]          ~ method getData()
[INFO]              ~ annotated com.fasterxml.jackson.databind.annotation.JsonSerialize
[INFO]                  - property using=com.adobe.cq.wcm.core.components.internal.jackson.ComponentDataModelSerializer
[INFO]                  + property using=com.adobe.cq.wcm.core.components.models.datalayer.jackson.ComponentDataModelSerializer
[INFO]      ~ interface com.adobe.cq.wcm.core.components.models.Component
[INFO]          ~ method getData()
[INFO]              ~ annotated com.fasterxml.jackson.databind.annotation.JsonSerialize
[INFO]                  - property using=com.adobe.cq.wcm.core.components.internal.jackson.ComponentDataModelSerializer
[INFO]                  + property using=com.adobe.cq.wcm.core.components.models.datalayer.jackson.ComponentDataModelSerializer
[INFO]      ~ interface com.adobe.cq.wcm.core.components.models.Container
[INFO]          ~ method getData()
[INFO]              ~ annotated com.fasterxml.jackson.databind.annotation.JsonSerialize
[INFO]                  - property using=com.adobe.cq.wcm.core.components.internal.jackson.ComponentDataModelSerializer
[INFO]                  + property using=com.adobe.cq.wcm.core.components.models.datalayer.jackson.ComponentDataModelSerializer
[INFO]      ~ interface com.adobe.cq.wcm.core.components.models.Download
[INFO]          ~ method getData()
[INFO]              ~ annotated com.fasterxml.jackson.databind.annotation.JsonSerialize
[INFO]                  - property using=com.adobe.cq.wcm.core.components.internal.jackson.ComponentDataModelSerializer
[INFO]                  + property using=com.adobe.cq.wcm.core.components.models.datalayer.jackson.ComponentDataModelSerializer
[INFO]      ~ interface com.adobe.cq.wcm.core.components.models.Embed
[INFO]          ~ method getData()
[INFO]              ~ annotated com.fasterxml.jackson.databind.annotation.JsonSerialize
[INFO]                  - property using=com.adobe.cq.wcm.core.components.internal.jackson.ComponentDataModelSerializer
[INFO]                  + property using=com.adobe.cq.wcm.core.components.models.datalayer.jackson.ComponentDataModelSerializer
[INFO]      ~ interface com.adobe.cq.wcm.core.components.models.ExperienceFragment
[INFO]          ~ method getData()
[INFO]              ~ annotated com.fasterxml.jackson.databind.annotation.JsonSerialize
[INFO]                  - property using=com.adobe.cq.wcm.core.components.internal.jackson.ComponentDataModelSerializer
[INFO]                  + property using=com.adobe.cq.wcm.core.components.models.datalayer.jackson.ComponentDataModelSerializer
[INFO]      ~ interface com.adobe.cq.wcm.core.components.models.Image
[INFO]          ~ method getData()
[INFO]              ~ annotated com.fasterxml.jackson.databind.annotation.JsonSerialize
[INFO]                  - property using=com.adobe.cq.wcm.core.components.internal.jackson.ComponentDataModelSerializer
[INFO]                  + property using=com.adobe.cq.wcm.core.components.models.datalayer.jackson.ComponentDataModelSerializer
[INFO]      ~ interface com.adobe.cq.wcm.core.components.models.LanguageNavigation
[INFO]          ~ method getData()
[INFO]              ~ annotated com.fasterxml.jackson.databind.annotation.JsonSerialize
[INFO]                  - property using=com.adobe.cq.wcm.core.components.internal.jackson.ComponentDataModelSerializer
[INFO]                  + property using=com.adobe.cq.wcm.core.components.models.datalayer.jackson.ComponentDataModelSerializer
[INFO]      ~ interface com.adobe.cq.wcm.core.components.models.LanguageNavigationItem
[INFO]          ~ method getData()
[INFO]              ~ annotated com.fasterxml.jackson.databind.annotation.JsonSerialize
[INFO]                  - property using=com.adobe.cq.wcm.core.components.internal.jackson.ComponentDataModelSerializer
[INFO]                  + property using=com.adobe.cq.wcm.core.components.models.datalayer.jackson.ComponentDataModelSerializer
[INFO]      ~ interface com.adobe.cq.wcm.core.components.models.LayoutContainer
[INFO]          ~ method getData()
[INFO]              ~ annotated com.fasterxml.jackson.databind.annotation.JsonSerialize
[INFO]                  - property using=com.adobe.cq.wcm.core.components.internal.jackson.ComponentDataModelSerializer
[INFO]                  + property using=com.adobe.cq.wcm.core.components.models.datalayer.jackson.ComponentDataModelSerializer
[INFO]      ~ interface com.adobe.cq.wcm.core.components.models.List
[INFO]          ~ method getData()
[INFO]              ~ annotated com.fasterxml.jackson.databind.annotation.JsonSerialize
[INFO]                  - property using=com.adobe.cq.wcm.core.components.internal.jackson.ComponentDataModelSerializer
[INFO]                  + property using=com.adobe.cq.wcm.core.components.models.datalayer.jackson.ComponentDataModelSerializer
[INFO]      ~ interface com.adobe.cq.wcm.core.components.models.ListItem
[INFO]          ~ method getData()
[INFO]              ~ annotated com.fasterxml.jackson.databind.annotation.JsonSerialize
[INFO]                  - property using=com.adobe.cq.wcm.core.components.internal.jackson.ComponentDataModelSerializer
[INFO]                  + property using=com.adobe.cq.wcm.core.components.models.datalayer.jackson.ComponentDataModelSerializer
[INFO]      ~ interface com.adobe.cq.wcm.core.components.models.Navigation
[INFO]          ~ method getData()
[INFO]              ~ annotated com.fasterxml.jackson.databind.annotation.JsonSerialize
[INFO]                  - property using=com.adobe.cq.wcm.core.components.internal.jackson.ComponentDataModelSerializer
[INFO]                  + property using=com.adobe.cq.wcm.core.components.models.datalayer.jackson.ComponentDataModelSerializer
[INFO]      ~ interface com.adobe.cq.wcm.core.components.models.NavigationItem
[INFO]          ~ method getData()
[INFO]              ~ annotated com.fasterxml.jackson.databind.annotation.JsonSerialize
[INFO]                  - property using=com.adobe.cq.wcm.core.components.internal.jackson.ComponentDataModelSerializer
[INFO]                  + property using=com.adobe.cq.wcm.core.components.models.datalayer.jackson.ComponentDataModelSerializer
[INFO]      ~ interface com.adobe.cq.wcm.core.components.models.Page
[INFO]          ~ method getData()
[INFO]              ~ annotated com.fasterxml.jackson.databind.annotation.JsonSerialize
[INFO]                  - property using=com.adobe.cq.wcm.core.components.internal.jackson.ComponentDataModelSerializer
[INFO]                  + property using=com.adobe.cq.wcm.core.components.models.datalayer.jackson.ComponentDataModelSerializer
[INFO]      ~ interface com.adobe.cq.wcm.core.components.models.PdfViewer
[INFO]          ~ method getData()
[INFO]              ~ annotated com.fasterxml.jackson.databind.annotation.JsonSerialize
[INFO]                  - property using=com.adobe.cq.wcm.core.components.internal.jackson.ComponentDataModelSerializer
[INFO]                  + property using=com.adobe.cq.wcm.core.components.models.datalayer.jackson.ComponentDataModelSerializer
[INFO]      ~ interface com.adobe.cq.wcm.core.components.models.ProgressBar
[INFO]          ~ method getData()
[INFO]              ~ annotated com.fasterxml.jackson.databind.annotation.JsonSerialize
[INFO]                  - property using=com.adobe.cq.wcm.core.components.internal.jackson.ComponentDataModelSerializer
[INFO]                  + property using=com.adobe.cq.wcm.core.components.models.datalayer.jackson.ComponentDataModelSerializer
[INFO]      ~ interface com.adobe.cq.wcm.core.components.models.Search
[INFO]          ~ method getData()
[INFO]              ~ annotated com.fasterxml.jackson.databind.annotation.JsonSerialize
[INFO]                  - property using=com.adobe.cq.wcm.core.components.internal.jackson.ComponentDataModelSerializer
[INFO]                  + property using=com.adobe.cq.wcm.core.components.models.datalayer.jackson.ComponentDataModelSerializer
[INFO]      ~ interface com.adobe.cq.wcm.core.components.models.Separator
[INFO]          ~ method getData()
[INFO]              ~ annotated com.fasterxml.jackson.databind.annotation.JsonSerialize
[INFO]                  - property using=com.adobe.cq.wcm.core.components.internal.jackson.ComponentDataModelSerializer
[INFO]                  + property using=com.adobe.cq.wcm.core.components.models.datalayer.jackson.ComponentDataModelSerializer
[INFO]      ~ interface com.adobe.cq.wcm.core.components.models.SocialMediaHelper
[INFO]          ~ method getData()
[INFO]              ~ annotated com.fasterxml.jackson.databind.annotation.JsonSerialize
[INFO]                  - property using=com.adobe.cq.wcm.core.components.internal.jackson.ComponentDataModelSerializer
[INFO]                  + property using=com.adobe.cq.wcm.core.components.models.datalayer.jackson.ComponentDataModelSerializer
[INFO]      ~ interface com.adobe.cq.wcm.core.components.models.Tabs
[INFO]          ~ method getData()
[INFO]              ~ annotated com.fasterxml.jackson.databind.annotation.JsonSerialize
[INFO]                  - property using=com.adobe.cq.wcm.core.components.internal.jackson.ComponentDataModelSerializer
[INFO]                  + property using=com.adobe.cq.wcm.core.components.models.datalayer.jackson.ComponentDataModelSerializer
[INFO]      ~ interface com.adobe.cq.wcm.core.components.models.Teaser
[INFO]          ~ method getData()
[INFO]              ~ annotated com.fasterxml.jackson.databind.annotation.JsonSerialize
[INFO]                  - property using=com.adobe.cq.wcm.core.components.internal.jackson.ComponentDataModelSerializer
[INFO]                  + property using=com.adobe.cq.wcm.core.components.models.datalayer.jackson.ComponentDataModelSerializer
[INFO]      ~ interface com.adobe.cq.wcm.core.components.models.Text
[INFO]          ~ method getData()
[INFO]              ~ annotated com.fasterxml.jackson.databind.annotation.JsonSerialize
[INFO]                  - property using=com.adobe.cq.wcm.core.components.internal.jackson.ComponentDataModelSerializer
[INFO]                  + property using=com.adobe.cq.wcm.core.components.models.datalayer.jackson.ComponentDataModelSerializer
[INFO]      ~ interface com.adobe.cq.wcm.core.components.models.Title
[INFO]          ~ method getData()
[INFO]              ~ annotated com.fasterxml.jackson.databind.annotation.JsonSerialize
[INFO]                  - property using=com.adobe.cq.wcm.core.components.internal.jackson.ComponentDataModelSerializer
[INFO]                  + property using=com.adobe.cq.wcm.core.components.models.datalayer.jackson.ComponentDataModelSerializer
[INFO]      - version 12.23.0
[INFO]      + version 12.23.1
[INFO] -----------------------------------------------------------------------------------------------------------
[INFO] ~ com.adobe.cq.wcm.core.components.models.contentfragment changed    1.5.1      1.5.0      1.5.1      -         
[INFO]      ~ interface com.adobe.cq.wcm.core.components.models.contentfragment.ContentFragment
[INFO]          ~ method getData()
[INFO]              ~ annotated com.fasterxml.jackson.databind.annotation.JsonSerialize
[INFO]                  - property using=com.adobe.cq.wcm.core.components.internal.jackson.ComponentDataModelSerializer
[INFO]                  + property using=com.adobe.cq.wcm.core.components.models.datalayer.jackson.ComponentDataModelSerializer
[INFO]      ~ interface com.adobe.cq.wcm.core.components.models.contentfragment.ContentFragmentList
[INFO]          ~ method getData()
[INFO]              ~ annotated com.fasterxml.jackson.databind.annotation.JsonSerialize
[INFO]                  - property using=com.adobe.cq.wcm.core.components.internal.jackson.ComponentDataModelSerializer
[INFO]                  + property using=com.adobe.cq.wcm.core.components.models.datalayer.jackson.ComponentDataModelSerializer
[INFO]      - version 1.5.0
[INFO]      + version 1.5.1
[INFO] -----------------------------------------------------------------------------------------------------------
[INFO]   com.adobe.cq.wcm.core.components.models.datalayer  unchanged  1.3.1      1.3.1      1.3.1      -         
[INFO] -----------------------------------------------------------------------------------------------------------
[INFO]   com.adobe.cq.wcm.core.components.models.datalayer.builder unchanged  1.2.0      1.2.0      1.2.0      -         
[INFO] -----------------------------------------------------------------------------------------------------------
[INFO] + com.adobe.cq.wcm.core.components.models.datalayer.jackson added      1.0.0      0.0.0      1.0.0      -         
[INFO]      + class com.adobe.cq.wcm.core.components.models.datalayer.jackson.ComponentDataModelSerializer
[INFO]          + extends com.fasterxml.jackson.databind.ser.std.StdSerializer
[INFO]          + method <init>()
[INFO]              + return void
[INFO]          + method <init>(java.lang.Class)
[INFO]              + return void
[INFO]          + method clone()
[INFO]              + access protected
[INFO]              + return java.lang.Object
[INFO]          + method equals(java.lang.Object)
[INFO]              + return boolean
[INFO]          + method finalize()
[INFO]              + access protected
[INFO]              + return void
[INFO]          + method hashCode()
[INFO]              + return int
[INFO]          + method serialize(com.adobe.cq.wcm.core.components.models.datalayer.ComponentData,com.fasterxml.jackson.core.JsonGenerator,com.fasterxml.jackson.databind.SerializerProvider)
[INFO]              + return void
[INFO]          + method toString()
[INFO]              + return java.lang.String
[INFO]      + version 1.0.0
[INFO] -----------------------------------------------------------------------------------------------------------
[INFO] ~ com.adobe.cq.wcm.core.components.models.embeddable changed    1.1.1      1.1.0      1.1.1      -         
[INFO]      ~ interface com.adobe.cq.wcm.core.components.models.embeddable.Embeddable
[INFO]          ~ method getData()
[INFO]              ~ annotated com.fasterxml.jackson.databind.annotation.JsonSerialize
[INFO]                  - property using=com.adobe.cq.wcm.core.components.internal.jackson.ComponentDataModelSerializer
[INFO]                  + property using=com.adobe.cq.wcm.core.components.models.datalayer.jackson.ComponentDataModelSerializer
[INFO]      ~ interface com.adobe.cq.wcm.core.components.models.embeddable.YouTube
[INFO]          ~ method getData()
[INFO]              ~ annotated com.fasterxml.jackson.databind.annotation.JsonSerialize
[INFO]                  - property using=com.adobe.cq.wcm.core.components.internal.jackson.ComponentDataModelSerializer
[INFO]                  + property using=com.adobe.cq.wcm.core.components.models.datalayer.jackson.ComponentDataModelSerializer
[INFO]      - version 1.1.0
[INFO]      + version 1.1.1
[INFO] -----------------------------------------------------------------------------------------------------------
[INFO]   com.adobe.cq.wcm.core.components.models.form       unchanged  14.3.0     14.3.0     14.3.0     -         
[INFO] -----------------------------------------------------------------------------------------------------------
[INFO]   com.adobe.cq.wcm.core.components.services.embed    unchanged  1.0.0      1.0.0      1.0.0      -         
[INFO] -----------------------------------------------------------------------------------------------------------
[INFO]   com.adobe.cq.wcm.core.components.services.form     unchanged  1.0.0      1.0.0      1.0.0      -         
[INFO] -----------------------------------------------------------------------------------------------------------
[INFO]   com.adobe.cq.wcm.core.components.services.link     unchanged  1.1.0      1.1.0      1.1.0      -         
[INFO] -----------------------------------------------------------------------------------------------------------
[INFO]   com.adobe.cq.wcm.core.components.util              unchanged  1.4.0      1.4.0      1.4.0      -         
[INFO] -----------------------------------------------------------------------------------------------------------
[INFO] Baseline analysis complete, 0 error(s), 0 warning(s)
[INFO] 
[INFO] --- maven-install-plugin:2.5.2:install (default-install) @ core.wcm.components.core ---
[INFO] Installing /home/srafi/after-cam-ready/compare_/compile_repair_output/work/4bd056f96a86/bundles/core/target/core.wcm.components.core-2.17.13-SNAPSHOT.jar to /home/srafi/.m2/repository/com/adobe/cq/core.wcm.components.core/2.17.13-SNAPSHOT/core.wcm.components.core-2.17.13-SNAPSHOT.jar
[INFO] Installing /home/srafi/after-cam-ready/compare_/compile_repair_output/work/4bd056f96a86/bundles/core/pom.xml to /home/srafi/.m2/repository/com/adobe/cq/core.wcm.components.core/2.17.13-SNAPSHOT/core.wcm.components.core-2.17.13-SNAPSHOT.pom
[INFO] 
[INFO] --- maven-bundle-plugin:4.2.1:install (default-install) @ core.wcm.components.core ---
[INFO] Installing com/adobe/cq/core.wcm.components.core/2.17.13-SNAPSHOT/core.wcm.components.core-2.17.13-SNAPSHOT.jar
[INFO] Writing OBR metadata
[INFO] ------------------------------------------------------------------------
[INFO] Reactor Summary for Adobe Experience Manager Core WCM Components Parent 2.17.13-SNAPSHOT:
[INFO] 
[INFO] Adobe Experience Manager Core WCM Components Parent  SUCCESS [  0.608 s]
[INFO] Adobe Experience Manager Core WCM Components JUnit Testing SUCCESS [ 12.732 s]
[INFO] Adobe Experience Manager Core WCM Components Core Bundle SUCCESS [ 49.938 s]
[INFO] ------------------------------------------------------------------------
[INFO] BUILD SUCCESS
[INFO] ------------------------------------------------------------------------
[INFO] Total time:  01:16 min
[INFO] Finished at: 2026-08-15T14:10:35-04:00
[INFO] ------------------------------------------------------------------------
