JAVA_HOME=/usr/lib/jvm/java-8-openjdk-amd64
COMMAND=mvn -B clean install -DskipTests -U -pl common -am -Ddependency-check.skip=true -Dgpg.skip=true -DfailIfNoTests=false -Dskip.installnodenpm=true -Dskip.npm=true -Dskip.yarn=true -Dlicense.skip=true -Dcheckstyle.skip=true -Drat.skip=true -Denforcer.skip=true -Danimal.sniffer.skip=true -Dmaven.javadoc.skip=true -Dfindbugs.skip=true -Dspotbugs.skip=true -Dwarbucks.skip=true -Dmodernizer.skip=true -Dimpsort.skip=true -Dmdep.analyze.skip=true -Dpgpverify.skip=true -Dxml.skip=true -Dcobertura.skip=true

[INFO] Scanning for projects...
[WARNING] 
[WARNING] Some problems were encountered while building the effective model for org.apache.sedona:sedona-spark-common-3.0_2.12:jar:1.5.1-SNAPSHOT
[WARNING] 'artifactId' contains an expression but should be a constant. @ org.apache.sedona:sedona-spark-common-${spark.compat.version}_${scala.compat.version}:1.5.1-SNAPSHOT, /home/srafi/after-cam-ready/compare_/compile_repair_output/work/41fa59f97307/spark/common/pom.xml, line 28, column 14
[WARNING] 'artifactId' contains an expression but should be a constant. @ org.apache.sedona:sedona-spark-parent-${spark.compat.version}_${scala.compat.version}:1.5.1-SNAPSHOT, /home/srafi/after-cam-ready/compare_/compile_repair_output/work/41fa59f97307/spark/pom.xml, line 28, column 14
[WARNING] 
[WARNING] Some problems were encountered while building the effective model for org.apache.sedona:sedona-spark-3.0_2.12:jar:1.5.1-SNAPSHOT
[WARNING] 'artifactId' contains an expression but should be a constant. @ org.apache.sedona:sedona-spark-3.0_${scala.compat.version}:1.5.1-SNAPSHOT, /home/srafi/after-cam-ready/compare_/compile_repair_output/work/41fa59f97307/spark/spark-3.0/pom.xml, line 28, column 14
[WARNING] 
[WARNING] Some problems were encountered while building the effective model for org.apache.sedona:sedona-spark-parent-3.0_2.12:pom:1.5.1-SNAPSHOT
[WARNING] 'artifactId' contains an expression but should be a constant. @ org.apache.sedona:sedona-spark-parent-${spark.compat.version}_${scala.compat.version}:1.5.1-SNAPSHOT, /home/srafi/after-cam-ready/compare_/compile_repair_output/work/41fa59f97307/spark/pom.xml, line 28, column 14
[WARNING] 
[WARNING] Some problems were encountered while building the effective model for org.apache.sedona:sedona-spark-shaded-3.0_2.12:jar:1.5.1-SNAPSHOT
[WARNING] 'artifactId' contains an expression but should be a constant. @ org.apache.sedona:sedona-spark-shaded-${spark.compat.version}_${scala.compat.version}:1.5.1-SNAPSHOT, /home/srafi/after-cam-ready/compare_/compile_repair_output/work/41fa59f97307/spark-shaded/pom.xml, line 27, column 17
[WARNING] 
[WARNING] Some problems were encountered while building the effective model for org.apache.sedona:sedona-flink_2.12:jar:1.5.1-SNAPSHOT
[WARNING] 'artifactId' contains an expression but should be a constant. @ org.apache.sedona:sedona-flink_${scala.compat.version}:1.5.1-SNAPSHOT, /home/srafi/after-cam-ready/compare_/compile_repair_output/work/41fa59f97307/flink/pom.xml, line 28, column 14
[WARNING] 
[WARNING] Some problems were encountered while building the effective model for org.apache.sedona:sedona-flink-shaded_2.12:jar:1.5.1-SNAPSHOT
[WARNING] 'artifactId' contains an expression but should be a constant. @ org.apache.sedona:sedona-flink-shaded_${scala.compat.version}:1.5.1-SNAPSHOT, /home/srafi/after-cam-ready/compare_/compile_repair_output/work/41fa59f97307/flink-shaded/pom.xml, line 27, column 17
[WARNING] 
[WARNING] It is highly recommended to fix these problems because they threaten the stability of your build.
[WARNING] 
[WARNING] For this reason, future Maven versions might no longer support building such malformed projects.
[WARNING] 
Warning: KebabPizza disabling incompatible org.apache.maven.plugins:maven-enforcer-plugin from sedona-parent
Warning: KebabPizza disabling incompatible org.apache.rat:apache-rat-plugin from sedona-parent
Warning: KebabPizza disabling incompatible org.apache.maven.plugins:maven-enforcer-plugin from sedona-common
Warning: KebabPizza disabling incompatible org.apache.rat:apache-rat-plugin from sedona-common
[INFO] ------------------------------------------------------------------------
[INFO] Reactor Build Order:
[INFO] 
[INFO] sedona-parent                                                      [pom]
[INFO] org.apache.sedona:sedona-common                                    [jar]
[INFO] 
[INFO] ------------------< org.apache.sedona:sedona-parent >-------------------
[INFO] Building sedona-parent 1.5.1-SNAPSHOT                              [1/2]
[INFO] --------------------------------[ pom ]---------------------------------
[INFO] Downloading from central: https://repo.maven.apache.org/maven2/net/nicoulaj/maven/plugins/checksum-maven-plugin/1.9/checksum-maven-plugin-1.9.pom
[INFO] Downloaded from central: https://repo.maven.apache.org/maven2/net/nicoulaj/maven/plugins/checksum-maven-plugin/1.9/checksum-maven-plugin-1.9.pom (13 kB at 52 kB/s)
[INFO] Downloading from central: https://repo.maven.apache.org/maven2/net/nicoulaj/parent/59/parent-59.pom
[INFO] Downloaded from central: https://repo.maven.apache.org/maven2/net/nicoulaj/parent/59/parent-59.pom (29 kB at 855 kB/s)
[INFO] Downloading from central: https://repo.maven.apache.org/maven2/net/nicoulaj/maven/plugins/checksum-maven-plugin/1.9/checksum-maven-plugin-1.9.jar
[INFO] Downloaded from central: https://repo.maven.apache.org/maven2/net/nicoulaj/maven/plugins/checksum-maven-plugin/1.9/checksum-maven-plugin-1.9.jar (69 kB at 1.8 MB/s)
[INFO] Downloading from central: https://repo.maven.apache.org/maven2/io/paradoxical/resolved-pom-maven-plugin/1.0/resolved-pom-maven-plugin-1.0.pom
[INFO] Downloaded from central: https://repo.maven.apache.org/maven2/io/paradoxical/resolved-pom-maven-plugin/1.0/resolved-pom-maven-plugin-1.0.pom (10.0 kB at 312 kB/s)
[INFO] Downloading from central: https://repo.maven.apache.org/maven2/io/paradoxical/resolved-pom-maven-plugin/1.0/resolved-pom-maven-plugin-1.0.jar
[INFO] Downloaded from central: https://repo.maven.apache.org/maven2/io/paradoxical/resolved-pom-maven-plugin/1.0/resolved-pom-maven-plugin-1.0.jar (17 kB at 508 kB/s)
[INFO] 
[INFO] --- maven-clean-plugin:3.1.0:clean (default-clean) @ sedona-parent ---
[INFO] 
[INFO] --- maven-remote-resources-plugin:1.7.0:process (process-resource-bundles) @ sedona-parent ---
[INFO] Preparing remote bundle org.apache:apache-jar-resource-bundle:1.4
[INFO] Copying 3 resources from 1 bundle.
[INFO] 
[INFO] --- maven-compiler-plugin:3.10.1:compile (default) @ sedona-parent ---
[INFO] No sources to compile
[INFO] 
[INFO] --- maven-site-plugin:3.7.1:attach-descriptor (attach-descriptor) @ sedona-parent ---
[INFO] No site descriptor found: nothing to attach.
[INFO] 
[INFO] --- resolved-pom-maven-plugin:1.0:resolve-pom (resolve-my-pom) @ sedona-parent ---
[INFO] Filtering pom at /home/srafi/after-cam-ready/compare_/compile_repair_output/work/41fa59f97307/pom.xml to /home/srafi/after-cam-ready/compare_/compile_repair_output/work/41fa59f97307/target/resolved-pom.xml
[INFO] Filtered pom to /home/srafi/after-cam-ready/compare_/compile_repair_output/work/41fa59f97307/target/resolved-pom.xml
[INFO] 
[INFO] --- maven-javadoc-plugin:2.10.4:jar (attach-javadocs) @ sedona-parent ---
[INFO] Skipping javadoc generation
[INFO] 
[INFO] --- checksum-maven-plugin:1.9:artifacts (default) @ sedona-parent ---
[INFO] Downloading from central: https://repo.maven.apache.org/maven2/org/bouncycastle/bcprov-jdk15on/1.62/bcprov-jdk15on-1.62.pom
[INFO] Downloaded from central: https://repo.maven.apache.org/maven2/org/bouncycastle/bcprov-jdk15on/1.62/bcprov-jdk15on-1.62.pom (1.1 kB at 29 kB/s)
[INFO] Downloading from central: https://repo.maven.apache.org/maven2/org/bouncycastle/bcprov-jdk15on/1.62/bcprov-jdk15on-1.62.jar
[INFO] Downloaded from central: https://repo.maven.apache.org/maven2/org/bouncycastle/bcprov-jdk15on/1.62/bcprov-jdk15on-1.62.jar (4.6 MB at 33 MB/s)
[INFO] 
[INFO] --- maven-install-plugin:2.5.2:install (default-install) @ sedona-parent ---
[INFO] Installing /home/srafi/after-cam-ready/compare_/compile_repair_output/work/41fa59f97307/target/resolved-pom.xml to /home/srafi/.m2/repository/org/apache/sedona/sedona-parent/1.5.1-SNAPSHOT/sedona-parent-1.5.1-SNAPSHOT.pom
[INFO] Installing /home/srafi/after-cam-ready/compare_/compile_repair_output/work/41fa59f97307/target/resolved-pom.xml to /home/srafi/.m2/repository/org/apache/sedona/sedona-parent/1.5.1-SNAPSHOT/sedona-parent-1.5.1-SNAPSHOT.pom
[INFO] 
[INFO] ------------------< org.apache.sedona:sedona-common >-------------------
[INFO] Building org.apache.sedona:sedona-common 1.5.1-SNAPSHOT            [2/2]
[INFO] --------------------------------[ jar ]---------------------------------
[INFO] Downloading from apache.snapshots: https://repository.apache.org/snapshots/org/apache/maven/plugins/maven-surefire-plugin/3.0.0-M8-SNAPSHOT/maven-metadata.xml
[INFO] Downloading from apache.snapshots: https://repository.apache.org/snapshots/org/apache/maven/surefire/surefire/3.0.0-M8-SNAPSHOT/maven-metadata.xml
[INFO] Downloading from maven-central: https://repo.maven.apache.org/maven2/org/geotools/gt-main/28.2/gt-main-28.2.pom
[INFO] Downloading from osgeo: https://repo.osgeo.org/repository/release/org/geotools/gt-main/28.2/gt-main-28.2.pom
[INFO] Downloaded from osgeo: https://repo.osgeo.org/repository/release/org/geotools/gt-main/28.2/gt-main-28.2.pom (9.3 kB at 21 kB/s)
[INFO] Downloading from maven-central: https://repo.maven.apache.org/maven2/org/geotools/library/28.2/library-28.2.pom
[INFO] Downloading from osgeo: https://repo.osgeo.org/repository/release/org/geotools/library/28.2/library-28.2.pom
[INFO] Downloaded from osgeo: https://repo.osgeo.org/repository/release/org/geotools/library/28.2/library-28.2.pom (2.2 kB at 15 kB/s)
[INFO] Downloading from maven-central: https://repo.maven.apache.org/maven2/org/geotools/modules/28.2/modules-28.2.pom
[INFO] Downloading from osgeo: https://repo.osgeo.org/repository/release/org/geotools/modules/28.2/modules-28.2.pom
[INFO] Downloaded from osgeo: https://repo.osgeo.org/repository/release/org/geotools/modules/28.2/modules-28.2.pom (2.5 kB at 17 kB/s)
[INFO] Downloading from maven-central: https://repo.maven.apache.org/maven2/org/geotools/geotools/28.2/geotools-28.2.pom
[INFO] Downloading from osgeo: https://repo.osgeo.org/repository/release/org/geotools/geotools/28.2/geotools-28.2.pom
[INFO] Downloaded from osgeo: https://repo.osgeo.org/repository/release/org/geotools/geotools/28.2/geotools-28.2.pom (97 kB at 346 kB/s)
[INFO] Downloading from maven-central: https://repo.maven.apache.org/maven2/org/geotools/gt-referencing/28.2/gt-referencing-28.2.pom
[INFO] Downloading from osgeo: https://repo.osgeo.org/repository/release/org/geotools/gt-referencing/28.2/gt-referencing-28.2.pom
[INFO] Downloaded from osgeo: https://repo.osgeo.org/repository/release/org/geotools/gt-referencing/28.2/gt-referencing-28.2.pom (7.3 kB at 50 kB/s)
[INFO] Downloading from maven-central: https://repo.maven.apache.org/maven2/org/ejml/ejml-ddense/0.41/ejml-ddense-0.41.pom
[INFO] Downloaded from maven-central: https://repo.maven.apache.org/maven2/org/ejml/ejml-ddense/0.41/ejml-ddense-0.41.pom (1.7 kB at 38 kB/s)
[INFO] Downloading from maven-central: https://repo.maven.apache.org/maven2/org/ejml/ejml-core/0.41/ejml-core-0.41.pom
[INFO] Downloaded from maven-central: https://repo.maven.apache.org/maven2/org/ejml/ejml-core/0.41/ejml-core-0.41.pom (1.5 kB at 45 kB/s)
[INFO] Downloading from maven-central: https://repo.maven.apache.org/maven2/org/geotools/gt-metadata/28.2/gt-metadata-28.2.pom
[INFO] Downloading from osgeo: https://repo.osgeo.org/repository/release/org/geotools/gt-metadata/28.2/gt-metadata-28.2.pom
[INFO] Downloaded from osgeo: https://repo.osgeo.org/repository/release/org/geotools/gt-metadata/28.2/gt-metadata-28.2.pom (8.2 kB at 55 kB/s)
[INFO] Downloading from maven-central: https://repo.maven.apache.org/maven2/org/geotools/gt-opengis/28.2/gt-opengis-28.2.pom
[INFO] Downloading from osgeo: https://repo.osgeo.org/repository/release/org/geotools/gt-opengis/28.2/gt-opengis-28.2.pom
[INFO] Downloaded from osgeo: https://repo.osgeo.org/repository/release/org/geotools/gt-opengis/28.2/gt-opengis-28.2.pom (5.7 kB at 38 kB/s)
[INFO] Downloading from maven-central: https://repo.maven.apache.org/maven2/systems/uom/systems-common/2.0.2/systems-common-2.0.2.pom
[INFO] Downloaded from maven-central: https://repo.maven.apache.org/maven2/systems/uom/systems-common/2.0.2/systems-common-2.0.2.pom (6.5 kB at 141 kB/s)
[INFO] Downloading from maven-central: https://repo.maven.apache.org/maven2/systems/uom/systems-parent/2.0.2/systems-parent-2.0.2.pom
[INFO] Downloaded from maven-central: https://repo.maven.apache.org/maven2/systems/uom/systems-parent/2.0.2/systems-parent-2.0.2.pom (12 kB at 340 kB/s)
[INFO] Downloading from maven-central: https://repo.maven.apache.org/maven2/tech/uom/uom-parent/2.0.2/uom-parent-2.0.2.pom
[INFO] Downloaded from maven-central: https://repo.maven.apache.org/maven2/tech/uom/uom-parent/2.0.2/uom-parent-2.0.2.pom (17 kB at 434 kB/s)
[INFO] Downloading from maven-central: https://repo.maven.apache.org/maven2/javax/measure/unit-api/2.0/unit-api-2.0.pom
[INFO] Downloaded from maven-central: https://repo.maven.apache.org/maven2/javax/measure/unit-api/2.0/unit-api-2.0.pom (34 kB at 990 kB/s)
[INFO] Downloading from maven-central: https://repo.maven.apache.org/maven2/tech/units/indriya/2.0.2/indriya-2.0.2.pom
[INFO] Downloaded from maven-central: https://repo.maven.apache.org/maven2/tech/units/indriya/2.0.2/indriya-2.0.2.pom (18 kB at 414 kB/s)
[INFO] Downloading from maven-central: https://repo.maven.apache.org/maven2/tech/uom/uom-parent/2.0.1/uom-parent-2.0.1.pom
[INFO] Downloaded from maven-central: https://repo.maven.apache.org/maven2/tech/uom/uom-parent/2.0.1/uom-parent-2.0.1.pom (17 kB at 390 kB/s)
[INFO] Downloading from maven-central: https://repo.maven.apache.org/maven2/tech/uom/lib/uom-lib-common/2.0/uom-lib-common-2.0.pom
[INFO] Downloaded from maven-central: https://repo.maven.apache.org/maven2/tech/uom/lib/uom-lib-common/2.0/uom-lib-common-2.0.pom (3.4 kB at 89 kB/s)
[INFO] Downloading from maven-central: https://repo.maven.apache.org/maven2/tech/uom/lib/uom-lib/2.0/uom-lib-2.0.pom
[INFO] Downloaded from maven-central: https://repo.maven.apache.org/maven2/tech/uom/lib/uom-lib/2.0/uom-lib-2.0.pom (5.2 kB at 128 kB/s)
[INFO] Downloading from maven-central: https://repo.maven.apache.org/maven2/tech/uom/uom-parent/2.0/uom-parent-2.0.pom
[INFO] Downloaded from maven-central: https://repo.maven.apache.org/maven2/tech/uom/uom-parent/2.0/uom-parent-2.0.pom (17 kB at 439 kB/s)
[INFO] Downloading from maven-central: https://repo.maven.apache.org/maven2/si/uom/si-quantity/2.0.1/si-quantity-2.0.1.pom
[INFO] Downloaded from maven-central: https://repo.maven.apache.org/maven2/si/uom/si-quantity/2.0.1/si-quantity-2.0.1.pom (1.9 kB at 54 kB/s)
[INFO] Downloading from maven-central: https://repo.maven.apache.org/maven2/si/uom/si-parent/2.0.1/si-parent-2.0.1.pom
[INFO] Downloaded from maven-central: https://repo.maven.apache.org/maven2/si/uom/si-parent/2.0.1/si-parent-2.0.1.pom (9.4 kB at 240 kB/s)
[INFO] Downloading from maven-central: https://repo.maven.apache.org/maven2/si/uom/si-units/2.0.1/si-units-2.0.1.pom
[INFO] Downloaded from maven-central: https://repo.maven.apache.org/maven2/si/uom/si-units/2.0.1/si-units-2.0.1.pom (4.6 kB at 137 kB/s)
[INFO] Downloading from maven-central: https://repo.maven.apache.org/maven2/tech/units/indriya/2.0.1/indriya-2.0.1.pom
[INFO] Downloaded from maven-central: https://repo.maven.apache.org/maven2/tech/units/indriya/2.0.1/indriya-2.0.1.pom (18 kB at 476 kB/s)
[INFO] Downloading from maven-central: https://repo.maven.apache.org/maven2/si/uom/si-quantity/2.0/si-quantity-2.0.pom
[INFO] Downloaded from maven-central: https://repo.maven.apache.org/maven2/si/uom/si-quantity/2.0/si-quantity-2.0.pom (1.9 kB at 51 kB/s)
[INFO] Downloading from maven-central: https://repo.maven.apache.org/maven2/si/uom/si-parent/2.0/si-parent-2.0.pom
[INFO] Downloaded from maven-central: https://repo.maven.apache.org/maven2/si/uom/si-parent/2.0/si-parent-2.0.pom (9.3 kB at 292 kB/s)
[INFO] Downloading from maven-central: https://repo.maven.apache.org/maven2/javax/media/jai_core/1.1.3/jai_core-1.1.3.pom
[INFO] Downloaded from maven-central: https://repo.maven.apache.org/maven2/javax/media/jai_core/1.1.3/jai_core-1.1.3.pom (1.3 kB at 41 kB/s)
[INFO] Downloading from maven-central: https://repo.maven.apache.org/maven2/org/geotools/ogc/net.opengis.ows/28.2/net.opengis.ows-28.2.pom
[INFO] Downloading from osgeo: https://repo.osgeo.org/repository/release/org/geotools/ogc/net.opengis.ows/28.2/net.opengis.ows-28.2.pom
[INFO] Downloaded from osgeo: https://repo.osgeo.org/repository/release/org/geotools/ogc/net.opengis.ows/28.2/net.opengis.ows-28.2.pom (828 B at 5.9 kB/s)
[INFO] Downloading from maven-central: https://repo.maven.apache.org/maven2/org/geotools/ogc/28.2/ogc-28.2.pom
[INFO] Downloading from osgeo: https://repo.osgeo.org/repository/release/org/geotools/ogc/28.2/ogc-28.2.pom
[INFO] Downloaded from osgeo: https://repo.osgeo.org/repository/release/org/geotools/ogc/28.2/ogc-28.2.pom (2.6 kB at 18 kB/s)
[INFO] Downloading from maven-central: https://repo.maven.apache.org/maven2/org/geotools/ogc/org.w3.xlink/28.2/org.w3.xlink-28.2.pom
[INFO] Downloading from osgeo: https://repo.osgeo.org/repository/release/org/geotools/ogc/org.w3.xlink/28.2/org.w3.xlink-28.2.pom
[INFO] Downloaded from osgeo: https://repo.osgeo.org/repository/release/org/geotools/ogc/org.w3.xlink/28.2/org.w3.xlink-28.2.pom (600 B at 4.1 kB/s)
[INFO] Downloading from maven-central: https://repo.maven.apache.org/maven2/org/eclipse/emf/org.eclipse.emf.common/2.15.0/org.eclipse.emf.common-2.15.0.pom
[INFO] Downloaded from maven-central: https://repo.maven.apache.org/maven2/org/eclipse/emf/org.eclipse.emf.common/2.15.0/org.eclipse.emf.common-2.15.0.pom (1.3 kB at 28 kB/s)
[INFO] Downloading from maven-central: https://repo.maven.apache.org/maven2/org/eclipse/emf/org.eclipse.emf.ecore/2.15.0/org.eclipse.emf.ecore-2.15.0.pom
[INFO] Downloaded from maven-central: https://repo.maven.apache.org/maven2/org/eclipse/emf/org.eclipse.emf.ecore/2.15.0/org.eclipse.emf.ecore-2.15.0.pom (1.7 kB at 56 kB/s)
[INFO] Downloading from snapshots-repo: https://oss.sonatype.org/content/repositories/snapshots/org/eclipse/emf/org.eclipse.emf.common/maven-metadata.xml
[INFO] Downloading from unidata-all: https://artifacts.unidata.ucar.edu/repository/unidata-all/org/eclipse/emf/org.eclipse.emf.common/maven-metadata.xml
[INFO] Downloading from maven-central: https://repo.maven.apache.org/maven2/org/eclipse/emf/org.eclipse.emf.common/maven-metadata.xml
[INFO] Downloading from osgeo: https://repo.osgeo.org/repository/release/org/eclipse/emf/org.eclipse.emf.common/maven-metadata.xml
[INFO] Downloading from apache.snapshots: https://repository.apache.org/snapshots/org/eclipse/emf/org.eclipse.emf.common/maven-metadata.xml
[INFO] Downloading from central: https://repo.maven.apache.org/maven2/org/eclipse/emf/org.eclipse.emf.common/maven-metadata.xml
[INFO] Downloaded from maven-central: https://repo.maven.apache.org/maven2/org/eclipse/emf/org.eclipse.emf.common/maven-metadata.xml (1.7 kB at 14 kB/s)
[INFO] Downloading from osgeo-snapshot: https://repo.osgeo.org/repository/snapshot/org/eclipse/emf/org.eclipse.emf.common/maven-metadata.xml
[INFO] Downloaded from central: https://repo.maven.apache.org/maven2/org/eclipse/emf/org.eclipse.emf.common/maven-metadata.xml (1.7 kB at 28 kB/s)
[WARNING] Could not transfer metadata org.eclipse.emf:org.eclipse.emf.common/maven-metadata.xml from/to unidata-all (https://artifacts.unidata.ucar.edu/repository/unidata-all/): Transfer failed for https://artifacts.unidata.ucar.edu/repository/unidata-all/org/eclipse/emf/org.eclipse.emf.common/maven-metadata.xml
[INFO] Downloading from maven-central: https://repo.maven.apache.org/maven2/org/eclipse/emf/org.eclipse.emf.common/2.16.0/org.eclipse.emf.common-2.16.0.pom
[INFO] Downloaded from maven-central: https://repo.maven.apache.org/maven2/org/eclipse/emf/org.eclipse.emf.common/2.16.0/org.eclipse.emf.common-2.16.0.pom (1.3 kB at 34 kB/s)
[INFO] Downloading from maven-central: https://repo.maven.apache.org/maven2/org/eclipse/emf/org.eclipse.emf.common/2.17.0/org.eclipse.emf.common-2.17.0.pom
[INFO] Downloaded from maven-central: https://repo.maven.apache.org/maven2/org/eclipse/emf/org.eclipse.emf.common/2.17.0/org.eclipse.emf.common-2.17.0.pom (1.3 kB at 35 kB/s)
[INFO] Downloading from maven-central: https://repo.maven.apache.org/maven2/org/eclipse/emf/org.eclipse.emf.common/2.18.0/org.eclipse.emf.common-2.18.0.pom
[INFO] Downloaded from maven-central: https://repo.maven.apache.org/maven2/org/eclipse/emf/org.eclipse.emf.common/2.18.0/org.eclipse.emf.common-2.18.0.pom (1.3 kB at 35 kB/s)
[INFO] Downloading from maven-central: https://repo.maven.apache.org/maven2/org/eclipse/emf/org.eclipse.emf.common/2.19.0/org.eclipse.emf.common-2.19.0.pom
[INFO] Downloaded from maven-central: https://repo.maven.apache.org/maven2/org/eclipse/emf/org.eclipse.emf.common/2.19.0/org.eclipse.emf.common-2.19.0.pom (1.3 kB at 33 kB/s)
[INFO] Downloading from maven-central: https://repo.maven.apache.org/maven2/org/eclipse/emf/org.eclipse.emf.common/2.20.0/org.eclipse.emf.common-2.20.0.pom
[INFO] Downloaded from maven-central: https://repo.maven.apache.org/maven2/org/eclipse/emf/org.eclipse.emf.common/2.20.0/org.eclipse.emf.common-2.20.0.pom (1.3 kB at 34 kB/s)
[INFO] Downloading from maven-central: https://repo.maven.apache.org/maven2/org/eclipse/emf/org.eclipse.emf.common/2.21.0/org.eclipse.emf.common-2.21.0.pom
[INFO] Downloaded from maven-central: https://repo.maven.apache.org/maven2/org/eclipse/emf/org.eclipse.emf.common/2.21.0/org.eclipse.emf.common-2.21.0.pom (1.3 kB at 39 kB/s)
[INFO] Downloading from maven-central: https://repo.maven.apache.org/maven2/org/eclipse/emf/org.eclipse.emf.common/2.22.0/org.eclipse.emf.common-2.22.0.pom
[INFO] Downloaded from maven-central: https://repo.maven.apache.org/maven2/org/eclipse/emf/org.eclipse.emf.common/2.22.0/org.eclipse.emf.common-2.22.0.pom (1.3 kB at 36 kB/s)
[INFO] Downloading from maven-central: https://repo.maven.apache.org/maven2/org/eclipse/emf/org.eclipse.emf.common/2.23.0/org.eclipse.emf.common-2.23.0.pom
[INFO] Downloaded from maven-central: https://repo.maven.apache.org/maven2/org/eclipse/emf/org.eclipse.emf.common/2.23.0/org.eclipse.emf.common-2.23.0.pom (1.9 kB at 56 kB/s)
[INFO] Downloading from maven-central: https://repo.maven.apache.org/maven2/org/eclipse/emf/org.eclipse.emf.common/2.24.0/org.eclipse.emf.common-2.24.0.pom
[INFO] Downloaded from maven-central: https://repo.maven.apache.org/maven2/org/eclipse/emf/org.eclipse.emf.common/2.24.0/org.eclipse.emf.common-2.24.0.pom (1.9 kB at 48 kB/s)
[INFO] Downloading from maven-central: https://repo.maven.apache.org/maven2/org/eclipse/emf/org.eclipse.emf.common/2.25.0/org.eclipse.emf.common-2.25.0.pom
[INFO] Downloaded from maven-central: https://repo.maven.apache.org/maven2/org/eclipse/emf/org.eclipse.emf.common/2.25.0/org.eclipse.emf.common-2.25.0.pom (1.9 kB at 56 kB/s)
[INFO] Downloading from maven-central: https://repo.maven.apache.org/maven2/org/eclipse/emf/org.eclipse.emf.common/2.26.0/org.eclipse.emf.common-2.26.0.pom
[INFO] Downloaded from maven-central: https://repo.maven.apache.org/maven2/org/eclipse/emf/org.eclipse.emf.common/2.26.0/org.eclipse.emf.common-2.26.0.pom (1.9 kB at 59 kB/s)
[INFO] Downloading from maven-central: https://repo.maven.apache.org/maven2/org/eclipse/emf/org.eclipse.emf.common/2.27.0/org.eclipse.emf.common-2.27.0.pom
[INFO] Downloaded from maven-central: https://repo.maven.apache.org/maven2/org/eclipse/emf/org.eclipse.emf.common/2.27.0/org.eclipse.emf.common-2.27.0.pom (1.9 kB at 54 kB/s)
[INFO] Downloading from maven-central: https://repo.maven.apache.org/maven2/org/eclipse/emf/org.eclipse.emf.common/2.28.0/org.eclipse.emf.common-2.28.0.pom
[INFO] Downloaded from maven-central: https://repo.maven.apache.org/maven2/org/eclipse/emf/org.eclipse.emf.common/2.28.0/org.eclipse.emf.common-2.28.0.pom (1.9 kB at 52 kB/s)
[INFO] Downloading from maven-central: https://repo.maven.apache.org/maven2/org/eclipse/emf/org.eclipse.emf.common/2.29.0/org.eclipse.emf.common-2.29.0.pom
[INFO] Downloaded from maven-central: https://repo.maven.apache.org/maven2/org/eclipse/emf/org.eclipse.emf.common/2.29.0/org.eclipse.emf.common-2.29.0.pom (2.0 kB at 59 kB/s)
[INFO] Downloading from maven-central: https://repo.maven.apache.org/maven2/org/eclipse/emf/org.eclipse.emf.common/2.30.0/org.eclipse.emf.common-2.30.0.pom
[INFO] Downloaded from maven-central: https://repo.maven.apache.org/maven2/org/eclipse/emf/org.eclipse.emf.common/2.30.0/org.eclipse.emf.common-2.30.0.pom (2.0 kB at 54 kB/s)
[INFO] Downloading from maven-central: https://repo.maven.apache.org/maven2/org/eclipse/emf/org.eclipse.emf.common/2.31.0/org.eclipse.emf.common-2.31.0.pom
[INFO] Downloaded from maven-central: https://repo.maven.apache.org/maven2/org/eclipse/emf/org.eclipse.emf.common/2.31.0/org.eclipse.emf.common-2.31.0.pom (2.0 kB at 54 kB/s)
[INFO] Downloading from maven-central: https://repo.maven.apache.org/maven2/org/eclipse/emf/org.eclipse.emf.common/2.40.0/org.eclipse.emf.common-2.40.0.pom
[INFO] Downloaded from maven-central: https://repo.maven.apache.org/maven2/org/eclipse/emf/org.eclipse.emf.common/2.40.0/org.eclipse.emf.common-2.40.0.pom (2.0 kB at 53 kB/s)
[INFO] Downloading from maven-central: https://repo.maven.apache.org/maven2/org/eclipse/emf/org.eclipse.emf.common/2.41.0/org.eclipse.emf.common-2.41.0.pom
[INFO] Downloaded from maven-central: https://repo.maven.apache.org/maven2/org/eclipse/emf/org.eclipse.emf.common/2.41.0/org.eclipse.emf.common-2.41.0.pom (2.0 kB at 53 kB/s)
[INFO] Downloading from maven-central: https://repo.maven.apache.org/maven2/org/eclipse/emf/org.eclipse.emf.common/2.42.0/org.eclipse.emf.common-2.42.0.pom
[INFO] Downloaded from maven-central: https://repo.maven.apache.org/maven2/org/eclipse/emf/org.eclipse.emf.common/2.42.0/org.eclipse.emf.common-2.42.0.pom (1.8 kB at 45 kB/s)
[INFO] Downloading from maven-central: https://repo.maven.apache.org/maven2/org/eclipse/emf/org.eclipse.emf.common/2.43.0/org.eclipse.emf.common-2.43.0.pom
[INFO] Downloaded from maven-central: https://repo.maven.apache.org/maven2/org/eclipse/emf/org.eclipse.emf.common/2.43.0/org.eclipse.emf.common-2.43.0.pom (1.8 kB at 45 kB/s)
[INFO] Downloading from maven-central: https://repo.maven.apache.org/maven2/org/eclipse/emf/org.eclipse.emf.common/2.44.0/org.eclipse.emf.common-2.44.0.pom
[INFO] Downloaded from maven-central: https://repo.maven.apache.org/maven2/org/eclipse/emf/org.eclipse.emf.common/2.44.0/org.eclipse.emf.common-2.44.0.pom (1.8 kB at 48 kB/s)
[INFO] Downloading from maven-central: https://repo.maven.apache.org/maven2/org/eclipse/emf/org.eclipse.emf.common/2.45.0/org.eclipse.emf.common-2.45.0.pom
[INFO] Downloaded from maven-central: https://repo.maven.apache.org/maven2/org/eclipse/emf/org.eclipse.emf.common/2.45.0/org.eclipse.emf.common-2.45.0.pom (1.8 kB at 49 kB/s)
[INFO] Downloading from maven-central: https://repo.maven.apache.org/maven2/org/eclipse/emf/org.eclipse.emf.ecore.xmi/2.15.0/org.eclipse.emf.ecore.xmi-2.15.0.pom
[INFO] Downloaded from maven-central: https://repo.maven.apache.org/maven2/org/eclipse/emf/org.eclipse.emf.ecore.xmi/2.15.0/org.eclipse.emf.ecore.xmi-2.15.0.pom (1.5 kB at 34 kB/s)
[INFO] Downloading from snapshots-repo: https://oss.sonatype.org/content/repositories/snapshots/org/eclipse/emf/org.eclipse.emf.ecore/maven-metadata.xml
[INFO] Downloading from maven-central: https://repo.maven.apache.org/maven2/org/eclipse/emf/org.eclipse.emf.ecore/maven-metadata.xml
[INFO] Downloading from unidata-all: https://artifacts.unidata.ucar.edu/repository/unidata-all/org/eclipse/emf/org.eclipse.emf.ecore/maven-metadata.xml
[INFO] Downloading from osgeo: https://repo.osgeo.org/repository/release/org/eclipse/emf/org.eclipse.emf.ecore/maven-metadata.xml
[INFO] Downloading from apache.snapshots: https://repository.apache.org/snapshots/org/eclipse/emf/org.eclipse.emf.ecore/maven-metadata.xml
[INFO] Downloading from central: https://repo.maven.apache.org/maven2/org/eclipse/emf/org.eclipse.emf.ecore/maven-metadata.xml
[INFO] Downloaded from maven-central: https://repo.maven.apache.org/maven2/org/eclipse/emf/org.eclipse.emf.ecore/maven-metadata.xml (1.7 kB at 15 kB/s)
[INFO] Downloading from osgeo-snapshot: https://repo.osgeo.org/repository/snapshot/org/eclipse/emf/org.eclipse.emf.ecore/maven-metadata.xml
[INFO] Downloaded from central: https://repo.maven.apache.org/maven2/org/eclipse/emf/org.eclipse.emf.ecore/maven-metadata.xml (1.7 kB at 54 kB/s)
[WARNING] Could not transfer metadata org.eclipse.emf:org.eclipse.emf.ecore/maven-metadata.xml from/to unidata-all (https://artifacts.unidata.ucar.edu/repository/unidata-all/): Transfer failed for https://artifacts.unidata.ucar.edu/repository/unidata-all/org/eclipse/emf/org.eclipse.emf.ecore/maven-metadata.xml
[INFO] Downloading from maven-central: https://repo.maven.apache.org/maven2/org/eclipse/emf/org.eclipse.emf.ecore/2.18.0/org.eclipse.emf.ecore-2.18.0.pom
[INFO] Downloaded from maven-central: https://repo.maven.apache.org/maven2/org/eclipse/emf/org.eclipse.emf.ecore/2.18.0/org.eclipse.emf.ecore-2.18.0.pom (1.7 kB at 48 kB/s)
[WARNING] Failure to transfer org.eclipse.emf:org.eclipse.emf.common/maven-metadata.xml from https://artifacts.unidata.ucar.edu/repository/unidata-all/ was cached in the local repository, resolution will not be reattempted until the update interval of unidata-all has elapsed or updates are forced. Original error: Could not transfer metadata org.eclipse.emf:org.eclipse.emf.common/maven-metadata.xml from/to unidata-all (https://artifacts.unidata.ucar.edu/repository/unidata-all/): Transfer failed for https://artifacts.unidata.ucar.edu/repository/unidata-all/org/eclipse/emf/org.eclipse.emf.common/maven-metadata.xml
[INFO] Downloading from maven-central: https://repo.maven.apache.org/maven2/org/eclipse/emf/org.eclipse.emf.ecore/2.19.0/org.eclipse.emf.ecore-2.19.0.pom
[INFO] Downloaded from maven-central: https://repo.maven.apache.org/maven2/org/eclipse/emf/org.eclipse.emf.ecore/2.19.0/org.eclipse.emf.ecore-2.19.0.pom (1.7 kB at 47 kB/s)
[INFO] Downloading from maven-central: https://repo.maven.apache.org/maven2/org/eclipse/emf/org.eclipse.emf.ecore/2.20.0/org.eclipse.emf.ecore-2.20.0.pom
[INFO] Downloaded from maven-central: https://repo.maven.apache.org/maven2/org/eclipse/emf/org.eclipse.emf.ecore/2.20.0/org.eclipse.emf.ecore-2.20.0.pom (1.7 kB at 51 kB/s)
[WARNING] Failure to transfer org.eclipse.emf:org.eclipse.emf.common/maven-metadata.xml from https://artifacts.unidata.ucar.edu/repository/unidata-all/ was cached in the local repository, resolution will not be reattempted until the update interval of unidata-all has elapsed or updates are forced. Original error: Could not transfer metadata org.eclipse.emf:org.eclipse.emf.common/maven-metadata.xml from/to unidata-all (https://artifacts.unidata.ucar.edu/repository/unidata-all/): Transfer failed for https://artifacts.unidata.ucar.edu/repository/unidata-all/org/eclipse/emf/org.eclipse.emf.common/maven-metadata.xml
[INFO] Downloading from maven-central: https://repo.maven.apache.org/maven2/org/eclipse/emf/org.eclipse.emf.ecore/2.21.0/org.eclipse.emf.ecore-2.21.0.pom
[INFO] Downloaded from maven-central: https://repo.maven.apache.org/maven2/org/eclipse/emf/org.eclipse.emf.ecore/2.21.0/org.eclipse.emf.ecore-2.21.0.pom (1.7 kB at 58 kB/s)
[WARNING] Failure to transfer org.eclipse.emf:org.eclipse.emf.common/maven-metadata.xml from https://artifacts.unidata.ucar.edu/repository/unidata-all/ was cached in the local repository, resolution will not be reattempted until the update interval of unidata-all has elapsed or updates are forced. Original error: Could not transfer metadata org.eclipse.emf:org.eclipse.emf.common/maven-metadata.xml from/to unidata-all (https://artifacts.unidata.ucar.edu/repository/unidata-all/): Transfer failed for https://artifacts.unidata.ucar.edu/repository/unidata-all/org/eclipse/emf/org.eclipse.emf.common/maven-metadata.xml
[INFO] Downloading from maven-central: https://repo.maven.apache.org/maven2/org/eclipse/emf/org.eclipse.emf.ecore/2.22.0/org.eclipse.emf.ecore-2.22.0.pom
[INFO] Downloaded from maven-central: https://repo.maven.apache.org/maven2/org/eclipse/emf/org.eclipse.emf.ecore/2.22.0/org.eclipse.emf.ecore-2.22.0.pom (1.7 kB at 50 kB/s)
[WARNING] Failure to transfer org.eclipse.emf:org.eclipse.emf.common/maven-metadata.xml from https://artifacts.unidata.ucar.edu/repository/unidata-all/ was cached in the local repository, resolution will not be reattempted until the update interval of unidata-all has elapsed or updates are forced. Original error: Could not transfer metadata org.eclipse.emf:org.eclipse.emf.common/maven-metadata.xml from/to unidata-all (https://artifacts.unidata.ucar.edu/repository/unidata-all/): Transfer failed for https://artifacts.unidata.ucar.edu/repository/unidata-all/org/eclipse/emf/org.eclipse.emf.common/maven-metadata.xml
[INFO] Downloading from maven-central: https://repo.maven.apache.org/maven2/org/eclipse/emf/org.eclipse.emf.ecore/2.23.0/org.eclipse.emf.ecore-2.23.0.pom
[INFO] Downloaded from maven-central: https://repo.maven.apache.org/maven2/org/eclipse/emf/org.eclipse.emf.ecore/2.23.0/org.eclipse.emf.ecore-2.23.0.pom (1.7 kB at 50 kB/s)
[WARNING] Failure to transfer org.eclipse.emf:org.eclipse.emf.common/maven-metadata.xml from https://artifacts.unidata.ucar.edu/repository/unidata-all/ was cached in the local repository, resolution will not be reattempted until the update interval of unidata-all has elapsed or updates are forced. Original error: Could not transfer metadata org.eclipse.emf:org.eclipse.emf.common/maven-metadata.xml from/to unidata-all (https://artifacts.unidata.ucar.edu/repository/unidata-all/): Transfer failed for https://artifacts.unidata.ucar.edu/repository/unidata-all/org/eclipse/emf/org.eclipse.emf.common/maven-metadata.xml
[INFO] Downloading from maven-central: https://repo.maven.apache.org/maven2/org/eclipse/emf/org.eclipse.emf.ecore/2.24.0/org.eclipse.emf.ecore-2.24.0.pom
[INFO] Downloaded from maven-central: https://repo.maven.apache.org/maven2/org/eclipse/emf/org.eclipse.emf.ecore/2.24.0/org.eclipse.emf.ecore-2.24.0.pom (2.3 kB at 75 kB/s)
[WARNING] Failure to transfer org.eclipse.emf:org.eclipse.emf.common/maven-metadata.xml from https://artifacts.unidata.ucar.edu/repository/unidata-all/ was cached in the local repository, resolution will not be reattempted until the update interval of unidata-all has elapsed or updates are forced. Original error: Could not transfer metadata org.eclipse.emf:org.eclipse.emf.common/maven-metadata.xml from/to unidata-all (https://artifacts.unidata.ucar.edu/repository/unidata-all/): Transfer failed for https://artifacts.unidata.ucar.edu/repository/unidata-all/org/eclipse/emf/org.eclipse.emf.common/maven-metadata.xml
[INFO] Downloading from maven-central: https://repo.maven.apache.org/maven2/org/eclipse/emf/org.eclipse.emf.ecore/2.25.0/org.eclipse.emf.ecore-2.25.0.pom
[INFO] Downloaded from maven-central: https://repo.maven.apache.org/maven2/org/eclipse/emf/org.eclipse.emf.ecore/2.25.0/org.eclipse.emf.ecore-2.25.0.pom (2.3 kB at 66 kB/s)
[WARNING] Failure to transfer org.eclipse.emf:org.eclipse.emf.common/maven-metadata.xml from https://artifacts.unidata.ucar.edu/repository/unidata-all/ was cached in the local repository, resolution will not be reattempted until the update interval of unidata-all has elapsed or updates are forced. Original error: Could not transfer metadata org.eclipse.emf:org.eclipse.emf.common/maven-metadata.xml from/to unidata-all (https://artifacts.unidata.ucar.edu/repository/unidata-all/): Transfer failed for https://artifacts.unidata.ucar.edu/repository/unidata-all/org/eclipse/emf/org.eclipse.emf.common/maven-metadata.xml
[INFO] Downloading from maven-central: https://repo.maven.apache.org/maven2/org/eclipse/emf/org.eclipse.emf.ecore/2.26.0/org.eclipse.emf.ecore-2.26.0.pom
[INFO] Downloaded from maven-central: https://repo.maven.apache.org/maven2/org/eclipse/emf/org.eclipse.emf.ecore/2.26.0/org.eclipse.emf.ecore-2.26.0.pom (2.3 kB at 71 kB/s)
[WARNING] Failure to transfer org.eclipse.emf:org.eclipse.emf.common/maven-metadata.xml from https://artifacts.unidata.ucar.edu/repository/unidata-all/ was cached in the local repository, resolution will not be reattempted until the update interval of unidata-all has elapsed or updates are forced. Original error: Could not transfer metadata org.eclipse.emf:org.eclipse.emf.common/maven-metadata.xml from/to unidata-all (https://artifacts.unidata.ucar.edu/repository/unidata-all/): Transfer failed for https://artifacts.unidata.ucar.edu/repository/unidata-all/org/eclipse/emf/org.eclipse.emf.common/maven-metadata.xml
[INFO] Downloading from maven-central: https://repo.maven.apache.org/maven2/org/eclipse/emf/org.eclipse.emf.ecore/2.27.0/org.eclipse.emf.ecore-2.27.0.pom
[INFO] Downloaded from maven-central: https://repo.maven.apache.org/maven2/org/eclipse/emf/org.eclipse.emf.ecore/2.27.0/org.eclipse.emf.ecore-2.27.0.pom (2.3 kB at 66 kB/s)
[WARNING] Failure to transfer org.eclipse.emf:org.eclipse.emf.common/maven-metadata.xml from https://artifacts.unidata.ucar.edu/repository/unidata-all/ was cached in the local repository, resolution will not be reattempted until the update interval of unidata-all has elapsed or updates are forced. Original error: Could not transfer metadata org.eclipse.emf:org.eclipse.emf.common/maven-metadata.xml from/to unidata-all (https://artifacts.unidata.ucar.edu/repository/unidata-all/): Transfer failed for https://artifacts.unidata.ucar.edu/repository/unidata-all/org/eclipse/emf/org.eclipse.emf.common/maven-metadata.xml
[INFO] Downloading from maven-central: https://repo.maven.apache.org/maven2/org/eclipse/emf/org.eclipse.emf.ecore/2.28.0/org.eclipse.emf.ecore-2.28.0.pom
[INFO] Downloaded from maven-central: https://repo.maven.apache.org/maven2/org/eclipse/emf/org.eclipse.emf.ecore/2.28.0/org.eclipse.emf.ecore-2.28.0.pom (2.3 kB at 73 kB/s)
[WARNING] Failure to transfer org.eclipse.emf:org.eclipse.emf.common/maven-metadata.xml from https://artifacts.unidata.ucar.edu/repository/unidata-all/ was cached in the local repository, resolution will not be reattempted until the update interval of unidata-all has elapsed or updates are forced. Original error: Could not transfer metadata org.eclipse.emf:org.eclipse.emf.common/maven-metadata.xml from/to unidata-all (https://artifacts.unidata.ucar.edu/repository/unidata-all/): Transfer failed for https://artifacts.unidata.ucar.edu/repository/unidata-all/org/eclipse/emf/org.eclipse.emf.common/maven-metadata.xml
[INFO] Downloading from maven-central: https://repo.maven.apache.org/maven2/org/eclipse/emf/org.eclipse.emf.ecore/2.29.0/org.eclipse.emf.ecore-2.29.0.pom
[INFO] Downloaded from maven-central: https://repo.maven.apache.org/maven2/org/eclipse/emf/org.eclipse.emf.ecore/2.29.0/org.eclipse.emf.ecore-2.29.0.pom (2.3 kB at 78 kB/s)
[WARNING] Failure to transfer org.eclipse.emf:org.eclipse.emf.common/maven-metadata.xml from https://artifacts.unidata.ucar.edu/repository/unidata-all/ was cached in the local repository, resolution will not be reattempted until the update interval of unidata-all has elapsed or updates are forced. Original error: Could not transfer metadata org.eclipse.emf:org.eclipse.emf.common/maven-metadata.xml from/to unidata-all (https://artifacts.unidata.ucar.edu/repository/unidata-all/): Transfer failed for https://artifacts.unidata.ucar.edu/repository/unidata-all/org/eclipse/emf/org.eclipse.emf.common/maven-metadata.xml
[INFO] Downloading from maven-central: https://repo.maven.apache.org/maven2/org/eclipse/emf/org.eclipse.emf.ecore/2.33.0/org.eclipse.emf.ecore-2.33.0.pom
[INFO] Downloaded from maven-central: https://repo.maven.apache.org/maven2/org/eclipse/emf/org.eclipse.emf.ecore/2.33.0/org.eclipse.emf.ecore-2.33.0.pom (2.3 kB at 65 kB/s)
[WARNING] Failure to transfer org.eclipse.emf:org.eclipse.emf.common/maven-metadata.xml from https://artifacts.unidata.ucar.edu/repository/unidata-all/ was cached in the local repository, resolution will not be reattempted until the update interval of unidata-all has elapsed or updates are forced. Original error: Could not transfer metadata org.eclipse.emf:org.eclipse.emf.common/maven-metadata.xml from/to unidata-all (https://artifacts.unidata.ucar.edu/repository/unidata-all/): Transfer failed for https://artifacts.unidata.ucar.edu/repository/unidata-all/org/eclipse/emf/org.eclipse.emf.common/maven-metadata.xml
[INFO] Downloading from maven-central: https://repo.maven.apache.org/maven2/org/eclipse/emf/org.eclipse.emf.ecore/2.34.0/org.eclipse.emf.ecore-2.34.0.pom
[INFO] Downloaded from maven-central: https://repo.maven.apache.org/maven2/org/eclipse/emf/org.eclipse.emf.ecore/2.34.0/org.eclipse.emf.ecore-2.34.0.pom (2.4 kB at 76 kB/s)
[INFO] Downloading from maven-central: https://repo.maven.apache.org/maven2/org/eclipse/emf/org.eclipse.emf.ecore/2.35.0/org.eclipse.emf.ecore-2.35.0.pom
[INFO] Downloaded from maven-central: https://repo.maven.apache.org/maven2/org/eclipse/emf/org.eclipse.emf.ecore/2.35.0/org.eclipse.emf.ecore-2.35.0.pom (2.4 kB at 71 kB/s)
[WARNING] Failure to transfer org.eclipse.emf:org.eclipse.emf.common/maven-metadata.xml from https://artifacts.unidata.ucar.edu/repository/unidata-all/ was cached in the local repository, resolution will not be reattempted until the update interval of unidata-all has elapsed or updates are forced. Original error: Could not transfer metadata org.eclipse.emf:org.eclipse.emf.common/maven-metadata.xml from/to unidata-all (https://artifacts.unidata.ucar.edu/repository/unidata-all/): Transfer failed for https://artifacts.unidata.ucar.edu/repository/unidata-all/org/eclipse/emf/org.eclipse.emf.common/maven-metadata.xml
[INFO] Downloading from maven-central: https://repo.maven.apache.org/maven2/org/eclipse/emf/org.eclipse.emf.ecore/2.36.0/org.eclipse.emf.ecore-2.36.0.pom
[INFO] Downloaded from maven-central: https://repo.maven.apache.org/maven2/org/eclipse/emf/org.eclipse.emf.ecore/2.36.0/org.eclipse.emf.ecore-2.36.0.pom (2.4 kB at 71 kB/s)
[WARNING] Failure to transfer org.eclipse.emf:org.eclipse.emf.common/maven-metadata.xml from https://artifacts.unidata.ucar.edu/repository/unidata-all/ was cached in the local repository, resolution will not be reattempted until the update interval of unidata-all has elapsed or updates are forced. Original error: Could not transfer metadata org.eclipse.emf:org.eclipse.emf.common/maven-metadata.xml from/to unidata-all (https://artifacts.unidata.ucar.edu/repository/unidata-all/): Transfer failed for https://artifacts.unidata.ucar.edu/repository/unidata-all/org/eclipse/emf/org.eclipse.emf.common/maven-metadata.xml
[INFO] Downloading from maven-central: https://repo.maven.apache.org/maven2/org/eclipse/emf/org.eclipse.emf.ecore/2.37.0/org.eclipse.emf.ecore-2.37.0.pom
[INFO] Downloaded from maven-central: https://repo.maven.apache.org/maven2/org/eclipse/emf/org.eclipse.emf.ecore/2.37.0/org.eclipse.emf.ecore-2.37.0.pom (2.4 kB at 84 kB/s)
[WARNING] Failure to transfer org.eclipse.emf:org.eclipse.emf.common/maven-metadata.xml from https://artifacts.unidata.ucar.edu/repository/unidata-all/ was cached in the local repository, resolution will not be reattempted until the update interval of unidata-all has elapsed or updates are forced. Original error: Could not transfer metadata org.eclipse.emf:org.eclipse.emf.common/maven-metadata.xml from/to unidata-all (https://artifacts.unidata.ucar.edu/repository/unidata-all/): Transfer failed for https://artifacts.unidata.ucar.edu/repository/unidata-all/org/eclipse/emf/org.eclipse.emf.common/maven-metadata.xml
[INFO] Downloading from maven-central: https://repo.maven.apache.org/maven2/org/eclipse/emf/org.eclipse.emf.ecore/2.38.0/org.eclipse.emf.ecore-2.38.0.pom
[INFO] Downloaded from maven-central: https://repo.maven.apache.org/maven2/org/eclipse/emf/org.eclipse.emf.ecore/2.38.0/org.eclipse.emf.ecore-2.38.0.pom (2.4 kB at 84 kB/s)
[WARNING] Failure to transfer org.eclipse.emf:org.eclipse.emf.common/maven-metadata.xml from https://artifacts.unidata.ucar.edu/repository/unidata-all/ was cached in the local repository, resolution will not be reattempted until the update interval of unidata-all has elapsed or updates are forced. Original error: Could not transfer metadata org.eclipse.emf:org.eclipse.emf.common/maven-metadata.xml from/to unidata-all (https://artifacts.unidata.ucar.edu/repository/unidata-all/): Transfer failed for https://artifacts.unidata.ucar.edu/repository/unidata-all/org/eclipse/emf/org.eclipse.emf.common/maven-metadata.xml
[INFO] Downloading from maven-central: https://repo.maven.apache.org/maven2/org/eclipse/emf/org.eclipse.emf.ecore/2.39.0/org.eclipse.emf.ecore-2.39.0.pom
[INFO] Downloaded from maven-central: https://repo.maven.apache.org/maven2/org/eclipse/emf/org.eclipse.emf.ecore/2.39.0/org.eclipse.emf.ecore-2.39.0.pom (2.2 kB at 66 kB/s)
[INFO] Downloading from maven-central: https://repo.maven.apache.org/maven2/org/eclipse/emf/org.eclipse.emf.ecore/2.40.0/org.eclipse.emf.ecore-2.40.0.pom
[INFO] Downloaded from maven-central: https://repo.maven.apache.org/maven2/org/eclipse/emf/org.eclipse.emf.ecore/2.40.0/org.eclipse.emf.ecore-2.40.0.pom (2.4 kB at 76 kB/s)
[INFO] Downloading from maven-central: https://repo.maven.apache.org/maven2/org/eclipse/emf/org.eclipse.emf.ecore/2.41.0/org.eclipse.emf.ecore-2.41.0.pom
[INFO] Downloaded from maven-central: https://repo.maven.apache.org/maven2/org/eclipse/emf/org.eclipse.emf.ecore/2.41.0/org.eclipse.emf.ecore-2.41.0.pom (2.4 kB at 67 kB/s)
[INFO] Downloading from maven-central: https://repo.maven.apache.org/maven2/org/eclipse/emf/org.eclipse.emf.ecore/2.42.0/org.eclipse.emf.ecore-2.42.0.pom
[INFO] Downloaded from maven-central: https://repo.maven.apache.org/maven2/org/eclipse/emf/org.eclipse.emf.ecore/2.42.0/org.eclipse.emf.ecore-2.42.0.pom (2.4 kB at 59 kB/s)
[INFO] Downloading from maven-central: https://repo.maven.apache.org/maven2/it/geosolutions/jgridshift/jgridshift-core/1.3/jgridshift-core-1.3.pom
[INFO] Downloading from osgeo: https://repo.osgeo.org/repository/release/it/geosolutions/jgridshift/jgridshift-core/1.3/jgridshift-core-1.3.pom
[INFO] Downloaded from osgeo: https://repo.osgeo.org/repository/release/it/geosolutions/jgridshift/jgridshift-core/1.3/jgridshift-core-1.3.pom (681 B at 2.4 kB/s)
[INFO] Downloading from maven-central: https://repo.maven.apache.org/maven2/it/geosolutions/jgridshift/jgridshift/1.3/jgridshift-1.3.pom
[INFO] Downloading from osgeo: https://repo.osgeo.org/repository/release/it/geosolutions/jgridshift/jgridshift/1.3/jgridshift-1.3.pom
[INFO] Downloaded from osgeo: https://repo.osgeo.org/repository/release/it/geosolutions/jgridshift/jgridshift/1.3/jgridshift-1.3.pom (1.5 kB at 10 kB/s)
[INFO] Downloading from maven-central: https://repo.maven.apache.org/maven2/org/geotools/gt-http/28.2/gt-http-28.2.pom
[INFO] Downloading from osgeo: https://repo.osgeo.org/repository/release/org/geotools/gt-http/28.2/gt-http-28.2.pom
[INFO] Downloaded from osgeo: https://repo.osgeo.org/repository/release/org/geotools/gt-http/28.2/gt-http-28.2.pom (3.4 kB at 22 kB/s)
[INFO] Downloading from maven-central: https://repo.maven.apache.org/maven2/com/google/re2j/re2j/1.6/re2j-1.6.pom
[INFO] Downloaded from maven-central: https://repo.maven.apache.org/maven2/com/google/re2j/re2j/1.6/re2j-1.6.pom (933 B at 22 kB/s)
[INFO] Downloading from maven-central: https://repo.maven.apache.org/maven2/org/geotools/gt-epsg-hsql/28.2/gt-epsg-hsql-28.2.pom
[INFO] Downloading from osgeo: https://repo.osgeo.org/repository/release/org/geotools/gt-epsg-hsql/28.2/gt-epsg-hsql-28.2.pom
[INFO] Downloaded from osgeo: https://repo.osgeo.org/repository/release/org/geotools/gt-epsg-hsql/28.2/gt-epsg-hsql-28.2.pom (5.9 kB at 41 kB/s)
[INFO] Downloading from maven-central: https://repo.maven.apache.org/maven2/org/geotools/plugin/28.2/plugin-28.2.pom
[INFO] Downloading from osgeo: https://repo.osgeo.org/repository/release/org/geotools/plugin/28.2/plugin-28.2.pom
[INFO] Downloaded from osgeo: https://repo.osgeo.org/repository/release/org/geotools/plugin/28.2/plugin-28.2.pom (2.7 kB at 18 kB/s)
[INFO] Downloading from maven-central: https://repo.maven.apache.org/maven2/org/hsqldb/hsqldb/2.7.1/hsqldb-2.7.1.pom
[INFO] Downloaded from maven-central: https://repo.maven.apache.org/maven2/org/hsqldb/hsqldb/2.7.1/hsqldb-2.7.1.pom (1.4 kB at 33 kB/s)
[INFO] Downloading from maven-central: https://repo.maven.apache.org/maven2/org/geotools/gt-geotiff/28.2/gt-geotiff-28.2.pom
[INFO] Downloading from osgeo: https://repo.osgeo.org/repository/release/org/geotools/gt-geotiff/28.2/gt-geotiff-28.2.pom
[INFO] Downloaded from osgeo: https://repo.osgeo.org/repository/release/org/geotools/gt-geotiff/28.2/gt-geotiff-28.2.pom (5.2 kB at 36 kB/s)
[INFO] Downloading from maven-central: https://repo.maven.apache.org/maven2/org/geotools/gt-coverage/28.2/gt-coverage-28.2.pom
[INFO] Downloading from osgeo: https://repo.osgeo.org/repository/release/org/geotools/gt-coverage/28.2/gt-coverage-28.2.pom
[INFO] Downloaded from osgeo: https://repo.osgeo.org/repository/release/org/geotools/gt-coverage/28.2/gt-coverage-28.2.pom (9.9 kB at 70 kB/s)
[INFO] Downloading from maven-central: https://repo.maven.apache.org/maven2/javax/media/jai_imageio/1.1/jai_imageio-1.1.pom
[INFO] Downloading from osgeo: https://repo.osgeo.org/repository/release/javax/media/jai_imageio/1.1/jai_imageio-1.1.pom
[INFO] Downloaded from osgeo: https://repo.osgeo.org/repository/release/javax/media/jai_imageio/1.1/jai_imageio-1.1.pom (277 B at 1.9 kB/s)
[INFO] Downloading from maven-central: https://repo.maven.apache.org/maven2/it/geosolutions/imageio-ext/imageio-ext-tiff/1.4.7/imageio-ext-tiff-1.4.7.pom
[INFO] Downloading from osgeo: https://repo.osgeo.org/repository/release/it/geosolutions/imageio-ext/imageio-ext-tiff/1.4.7/imageio-ext-tiff-1.4.7.pom
[INFO] Downloaded from osgeo: https://repo.osgeo.org/repository/release/it/geosolutions/imageio-ext/imageio-ext-tiff/1.4.7/imageio-ext-tiff-1.4.7.pom (1.7 kB at 12 kB/s)
[INFO] Downloading from maven-central: https://repo.maven.apache.org/maven2/it/geosolutions/imageio-ext/imageio-ext-plugin/1.4.7/imageio-ext-plugin-1.4.7.pom
[INFO] Downloading from osgeo: https://repo.osgeo.org/repository/release/it/geosolutions/imageio-ext/imageio-ext-plugin/1.4.7/imageio-ext-plugin-1.4.7.pom
[INFO] Downloaded from osgeo: https://repo.osgeo.org/repository/release/it/geosolutions/imageio-ext/imageio-ext-plugin/1.4.7/imageio-ext-plugin-1.4.7.pom (2.9 kB at 17 kB/s)
[INFO] Downloading from maven-central: https://repo.maven.apache.org/maven2/it/geosolutions/imageio-ext/imageio-ext/1.4.7/imageio-ext-1.4.7.pom
[INFO] Downloading from osgeo: https://repo.osgeo.org/repository/release/it/geosolutions/imageio-ext/imageio-ext/1.4.7/imageio-ext-1.4.7.pom
[INFO] Downloaded from osgeo: https://repo.osgeo.org/repository/release/it/geosolutions/imageio-ext/imageio-ext/1.4.7/imageio-ext-1.4.7.pom (24 kB at 110 kB/s)
[INFO] Downloading from maven-central: https://repo.maven.apache.org/maven2/it/geosolutions/imageio-ext/imageio-ext-utilities/1.4.7/imageio-ext-utilities-1.4.7.pom
[INFO] Downloading from osgeo: https://repo.osgeo.org/repository/release/it/geosolutions/imageio-ext/imageio-ext-utilities/1.4.7/imageio-ext-utilities-1.4.7.pom
[INFO] Downloaded from osgeo: https://repo.osgeo.org/repository/release/it/geosolutions/imageio-ext/imageio-ext-utilities/1.4.7/imageio-ext-utilities-1.4.7.pom (626 B at 4.1 kB/s)
[INFO] Downloading from maven-central: https://repo.maven.apache.org/maven2/it/geosolutions/imageio-ext/imageio-ext-library/1.4.7/imageio-ext-library-1.4.7.pom
[INFO] Downloading from osgeo: https://repo.osgeo.org/repository/release/it/geosolutions/imageio-ext/imageio-ext-library/1.4.7/imageio-ext-library-1.4.7.pom
[INFO] Downloaded from osgeo: https://repo.osgeo.org/repository/release/it/geosolutions/imageio-ext/imageio-ext-library/1.4.7/imageio-ext-library-1.4.7.pom (1.3 kB at 8.5 kB/s)
[INFO] Downloading from maven-central: https://repo.maven.apache.org/maven2/javax/media/jai_codec/1.1.3/jai_codec-1.1.3.pom
[INFO] Downloading from osgeo: https://repo.osgeo.org/repository/release/javax/media/jai_codec/1.1.3/jai_codec-1.1.3.pom
[INFO] Downloaded from osgeo: https://repo.osgeo.org/repository/release/javax/media/jai_codec/1.1.3/jai_codec-1.1.3.pom (277 B at 1.9 kB/s)
[INFO] Downloading from maven-central: https://repo.maven.apache.org/maven2/it/geosolutions/imageio-ext/imageio-ext-geocore/1.4.7/imageio-ext-geocore-1.4.7.pom
[INFO] Downloading from osgeo: https://repo.osgeo.org/repository/release/it/geosolutions/imageio-ext/imageio-ext-geocore/1.4.7/imageio-ext-geocore-1.4.7.pom
[INFO] Downloaded from osgeo: https://repo.osgeo.org/repository/release/it/geosolutions/imageio-ext/imageio-ext-geocore/1.4.7/imageio-ext-geocore-1.4.7.pom (1.9 kB at 13 kB/s)
[INFO] Downloading from maven-central: https://repo.maven.apache.org/maven2/it/geosolutions/imageio-ext/imageio-ext-streams/1.4.7/imageio-ext-streams-1.4.7.pom
[INFO] Downloading from osgeo: https://repo.osgeo.org/repository/release/it/geosolutions/imageio-ext/imageio-ext-streams/1.4.7/imageio-ext-streams-1.4.7.pom
[INFO] Downloaded from osgeo: https://repo.osgeo.org/repository/release/it/geosolutions/imageio-ext/imageio-ext-streams/1.4.7/imageio-ext-streams-1.4.7.pom (1.3 kB at 8.2 kB/s)
[INFO] Downloading from maven-central: https://repo.maven.apache.org/maven2/org/glassfish/jaxb/jaxb-runtime/2.4.0-b180830.0438/jaxb-runtime-2.4.0-b180830.0438.pom
[INFO] Downloaded from maven-central: https://repo.maven.apache.org/maven2/org/glassfish/jaxb/jaxb-runtime/2.4.0-b180830.0438/jaxb-runtime-2.4.0-b180830.0438.pom (7.8 kB at 139 kB/s)
[INFO] Downloading from maven-central: https://repo.maven.apache.org/maven2/com/sun/xml/bind/mvn/jaxb-runtime-parent/2.4.0-b180830.0438/jaxb-runtime-parent-2.4.0-b180830.0438.pom
[INFO] Downloaded from maven-central: https://repo.maven.apache.org/maven2/com/sun/xml/bind/mvn/jaxb-runtime-parent/2.4.0-b180830.0438/jaxb-runtime-parent-2.4.0-b180830.0438.pom (2.8 kB at 71 kB/s)
[INFO] Downloading from maven-central: https://repo.maven.apache.org/maven2/org/glassfish/jaxb/txw2/2.4.0-b180830.0438/txw2-2.4.0-b180830.0438.pom
[INFO] Downloaded from maven-central: https://repo.maven.apache.org/maven2/org/glassfish/jaxb/txw2/2.4.0-b180830.0438/txw2-2.4.0-b180830.0438.pom (4.3 kB at 121 kB/s)
[INFO] Downloading from maven-central: https://repo.maven.apache.org/maven2/com/sun/xml/bind/mvn/jaxb-txw-parent/2.4.0-b180830.0438/jaxb-txw-parent-2.4.0-b180830.0438.pom
[INFO] Downloaded from maven-central: https://repo.maven.apache.org/maven2/com/sun/xml/bind/mvn/jaxb-txw-parent/2.4.0-b180830.0438/jaxb-txw-parent-2.4.0-b180830.0438.pom (2.8 kB at 79 kB/s)
[INFO] Downloading from maven-central: https://repo.maven.apache.org/maven2/io/airlift/aircompressor/0.20/aircompressor-0.20.pom
[INFO] Downloaded from maven-central: https://repo.maven.apache.org/maven2/io/airlift/aircompressor/0.20/aircompressor-0.20.pom (6.3 kB at 175 kB/s)
[INFO] Downloading from maven-central: https://repo.maven.apache.org/maven2/org/jaitools/jt-zonalstats/1.6.0/jt-zonalstats-1.6.0.pom
[INFO] Downloaded from maven-central: https://repo.maven.apache.org/maven2/org/jaitools/jt-zonalstats/1.6.0/jt-zonalstats-1.6.0.pom (877 B at 26 kB/s)
[INFO] Downloading from maven-central: https://repo.maven.apache.org/maven2/org/jaitools/operator/1.6.0/operator-1.6.0.pom
[INFO] Downloaded from maven-central: https://repo.maven.apache.org/maven2/org/jaitools/operator/1.6.0/operator-1.6.0.pom (1.1 kB at 32 kB/s)
[INFO] Downloading from maven-central: https://repo.maven.apache.org/maven2/org/jaitools/jaitools/1.6.0/jaitools-1.6.0.pom
[INFO] Downloaded from maven-central: https://repo.maven.apache.org/maven2/org/jaitools/jaitools/1.6.0/jaitools-1.6.0.pom (11 kB at 316 kB/s)
[INFO] Downloading from maven-central: https://repo.maven.apache.org/maven2/org/jaitools/jt-utils/1.6.0/jt-utils-1.6.0.pom
[INFO] Downloaded from maven-central: https://repo.maven.apache.org/maven2/org/jaitools/jt-utils/1.6.0/jt-utils-1.6.0.pom (814 B at 23 kB/s)
[INFO] Downloading from maven-central: https://repo.maven.apache.org/maven2/it/geosolutions/jaiext/affine/jt-affine/1.1.24/jt-affine-1.1.24.pom
[INFO] Downloading from osgeo: https://repo.osgeo.org/repository/release/it/geosolutions/jaiext/affine/jt-affine/1.1.24/jt-affine-1.1.24.pom
[INFO] Downloaded from osgeo: https://repo.osgeo.org/repository/release/it/geosolutions/jaiext/affine/jt-affine/1.1.24/jt-affine-1.1.24.pom (1.4 kB at 8.3 kB/s)
[INFO] Downloading from maven-central: https://repo.maven.apache.org/maven2/it/geosolutions/jaiext/jaiext/1.1.24/jaiext-1.1.24.pom
[INFO] Downloading from osgeo: https://repo.osgeo.org/repository/release/it/geosolutions/jaiext/jaiext/1.1.24/jaiext-1.1.24.pom
[INFO] Downloaded from osgeo: https://repo.osgeo.org/repository/release/it/geosolutions/jaiext/jaiext/1.1.24/jaiext-1.1.24.pom (28 kB at 125 kB/s)
[INFO] Downloading from maven-central: https://repo.maven.apache.org/maven2/it/geosolutions/jaiext/iterators/jt-iterators/1.1.24/jt-iterators-1.1.24.pom
[INFO] Downloading from osgeo: https://repo.osgeo.org/repository/release/it/geosolutions/jaiext/iterators/jt-iterators/1.1.24/jt-iterators-1.1.24.pom
[INFO] Downloaded from osgeo: https://repo.osgeo.org/repository/release/it/geosolutions/jaiext/iterators/jt-iterators/1.1.24/jt-iterators-1.1.24.pom (639 B at 3.2 kB/s)
[INFO] Downloading from maven-central: https://repo.maven.apache.org/maven2/it/geosolutions/jaiext/utilities/jt-utilities/1.1.24/jt-utilities-1.1.24.pom
[INFO] Downloading from osgeo: https://repo.osgeo.org/repository/release/it/geosolutions/jaiext/utilities/jt-utilities/1.1.24/jt-utilities-1.1.24.pom
[INFO] Downloaded from osgeo: https://repo.osgeo.org/repository/release/it/geosolutions/jaiext/utilities/jt-utilities/1.1.24/jt-utilities-1.1.24.pom (1.3 kB at 8.4 kB/s)
[INFO] Downloading from maven-central: https://repo.maven.apache.org/maven2/it/geosolutions/jaiext/scale/jt-scale/1.1.24/jt-scale-1.1.24.pom
[INFO] Downloading from osgeo: https://repo.osgeo.org/repository/release/it/geosolutions/jaiext/scale/jt-scale/1.1.24/jt-scale-1.1.24.pom
[INFO] Downloaded from osgeo: https://repo.osgeo.org/repository/release/it/geosolutions/jaiext/scale/jt-scale/1.1.24/jt-scale-1.1.24.pom (1.5 kB at 10 kB/s)
[INFO] Downloading from maven-central: https://repo.maven.apache.org/maven2/it/geosolutions/jaiext/vectorbin/jt-vectorbin/1.1.24/jt-vectorbin-1.1.24.pom
[INFO] Downloading from osgeo: https://repo.osgeo.org/repository/release/it/geosolutions/jaiext/vectorbin/jt-vectorbin/1.1.24/jt-vectorbin-1.1.24.pom
[INFO] Downloaded from osgeo: https://repo.osgeo.org/repository/release/it/geosolutions/jaiext/vectorbin/jt-vectorbin/1.1.24/jt-vectorbin-1.1.24.pom (1.1 kB at 7.1 kB/s)
[INFO] Downloading from maven-central: https://repo.maven.apache.org/maven2/it/geosolutions/jaiext/translate/jt-translate/1.1.24/jt-translate-1.1.24.pom
[INFO] Downloading from osgeo: https://repo.osgeo.org/repository/release/it/geosolutions/jaiext/translate/jt-translate/1.1.24/jt-translate-1.1.24.pom
[INFO] Downloaded from osgeo: https://repo.osgeo.org/repository/release/it/geosolutions/jaiext/translate/jt-translate/1.1.24/jt-translate-1.1.24.pom (1.0 kB at 6.6 kB/s)
[INFO] Downloading from maven-central: https://repo.maven.apache.org/maven2/it/geosolutions/jaiext/algebra/jt-algebra/1.1.24/jt-algebra-1.1.24.pom
[INFO] Downloading from osgeo: https://repo.osgeo.org/repository/release/it/geosolutions/jaiext/algebra/jt-algebra/1.1.24/jt-algebra-1.1.24.pom
[INFO] Downloaded from osgeo: https://repo.osgeo.org/repository/release/it/geosolutions/jaiext/algebra/jt-algebra/1.1.24/jt-algebra-1.1.24.pom (1.0 kB at 6.4 kB/s)
[INFO] Downloading from maven-central: https://repo.maven.apache.org/maven2/it/geosolutions/jaiext/bandmerge/jt-bandmerge/1.1.24/jt-bandmerge-1.1.24.pom
[INFO] Downloading from osgeo: https://repo.osgeo.org/repository/release/it/geosolutions/jaiext/bandmerge/jt-bandmerge/1.1.24/jt-bandmerge-1.1.24.pom
[INFO] Downloaded from osgeo: https://repo.osgeo.org/repository/release/it/geosolutions/jaiext/bandmerge/jt-bandmerge/1.1.24/jt-bandmerge-1.1.24.pom (1.0 kB at 6.6 kB/s)
[INFO] Downloading from maven-central: https://repo.maven.apache.org/maven2/it/geosolutions/jaiext/bandselect/jt-bandselect/1.1.24/jt-bandselect-1.1.24.pom
[INFO] Downloading from osgeo: https://repo.osgeo.org/repository/release/it/geosolutions/jaiext/bandselect/jt-bandselect/1.1.24/jt-bandselect-1.1.24.pom
[INFO] Downloaded from osgeo: https://repo.osgeo.org/repository/release/it/geosolutions/jaiext/bandselect/jt-bandselect/1.1.24/jt-bandselect-1.1.24.pom (1.0 kB at 6.6 kB/s)
[INFO] Downloading from maven-central: https://repo.maven.apache.org/maven2/it/geosolutions/jaiext/bandcombine/jt-bandcombine/1.1.24/jt-bandcombine-1.1.24.pom
[INFO] Downloading from osgeo: https://repo.osgeo.org/repository/release/it/geosolutions/jaiext/bandcombine/jt-bandcombine/1.1.24/jt-bandcombine-1.1.24.pom
[INFO] Downloaded from osgeo: https://repo.osgeo.org/repository/release/it/geosolutions/jaiext/bandcombine/jt-bandcombine/1.1.24/jt-bandcombine-1.1.24.pom (1.1 kB at 6.8 kB/s)
[INFO] Downloading from maven-central: https://repo.maven.apache.org/maven2/it/geosolutions/jaiext/border/jt-border/1.1.24/jt-border-1.1.24.pom
[INFO] Downloading from osgeo: https://repo.osgeo.org/repository/release/it/geosolutions/jaiext/border/jt-border/1.1.24/jt-border-1.1.24.pom
[INFO] Downloaded from osgeo: https://repo.osgeo.org/repository/release/it/geosolutions/jaiext/border/jt-border/1.1.24/jt-border-1.1.24.pom (1.0 kB at 6.6 kB/s)
[INFO] Downloading from maven-central: https://repo.maven.apache.org/maven2/it/geosolutions/jaiext/buffer/jt-buffer/1.1.24/jt-buffer-1.1.24.pom
[INFO] Downloading from osgeo: https://repo.osgeo.org/repository/release/it/geosolutions/jaiext/buffer/jt-buffer/1.1.24/jt-buffer-1.1.24.pom
[INFO] Downloaded from osgeo: https://repo.osgeo.org/repository/release/it/geosolutions/jaiext/buffer/jt-buffer/1.1.24/jt-buffer-1.1.24.pom (1.4 kB at 9.1 kB/s)
[INFO] Downloading from maven-central: https://repo.maven.apache.org/maven2/it/geosolutions/jaiext/crop/jt-crop/1.1.24/jt-crop-1.1.24.pom
[INFO] Downloading from osgeo: https://repo.osgeo.org/repository/release/it/geosolutions/jaiext/crop/jt-crop/1.1.24/jt-crop-1.1.24.pom
[INFO] Downloaded from osgeo: https://repo.osgeo.org/repository/release/it/geosolutions/jaiext/crop/jt-crop/1.1.24/jt-crop-1.1.24.pom (1.4 kB at 9.2 kB/s)
[INFO] Downloading from maven-central: https://repo.maven.apache.org/maven2/it/geosolutions/jaiext/mosaic/jt-mosaic/1.1.24/jt-mosaic-1.1.24.pom
[INFO] Downloading from osgeo: https://repo.osgeo.org/repository/release/it/geosolutions/jaiext/mosaic/jt-mosaic/1.1.24/jt-mosaic-1.1.24.pom
[INFO] Downloaded from osgeo: https://repo.osgeo.org/repository/release/it/geosolutions/jaiext/mosaic/jt-mosaic/1.1.24/jt-mosaic-1.1.24.pom (1.3 kB at 8.4 kB/s)
[INFO] Downloading from maven-central: https://repo.maven.apache.org/maven2/it/geosolutions/jaiext/lookup/jt-lookup/1.1.24/jt-lookup-1.1.24.pom
[INFO] Downloading from osgeo: https://repo.osgeo.org/repository/release/it/geosolutions/jaiext/lookup/jt-lookup/1.1.24/jt-lookup-1.1.24.pom
[INFO] Downloaded from osgeo: https://repo.osgeo.org/repository/release/it/geosolutions/jaiext/lookup/jt-lookup/1.1.24/jt-lookup-1.1.24.pom (1.2 kB at 8.2 kB/s)
[INFO] Downloading from maven-central: https://repo.maven.apache.org/maven2/it/geosolutions/jaiext/nullop/jt-nullop/1.1.24/jt-nullop-1.1.24.pom
[INFO] Downloading from osgeo: https://repo.osgeo.org/repository/release/it/geosolutions/jaiext/nullop/jt-nullop/1.1.24/jt-nullop-1.1.24.pom
[INFO] Downloaded from osgeo: https://repo.osgeo.org/repository/release/it/geosolutions/jaiext/nullop/jt-nullop/1.1.24/jt-nullop-1.1.24.pom (1.0 kB at 6.9 kB/s)
[INFO] Downloading from maven-central: https://repo.maven.apache.org/maven2/it/geosolutions/jaiext/rescale/jt-rescale/1.1.24/jt-rescale-1.1.24.pom
[INFO] Downloading from osgeo: https://repo.osgeo.org/repository/release/it/geosolutions/jaiext/rescale/jt-rescale/1.1.24/jt-rescale-1.1.24.pom
[INFO] Downloaded from osgeo: https://repo.osgeo.org/repository/release/it/geosolutions/jaiext/rescale/jt-rescale/1.1.24/jt-rescale-1.1.24.pom (1.2 kB at 7.8 kB/s)
[INFO] Downloading from maven-central: https://repo.maven.apache.org/maven2/it/geosolutions/jaiext/scale2/jt-scale2/1.1.24/jt-scale2-1.1.24.pom
[INFO] Downloading from osgeo: https://repo.osgeo.org/repository/release/it/geosolutions/jaiext/scale2/jt-scale2/1.1.24/jt-scale2-1.1.24.pom
[INFO] Downloaded from osgeo: https://repo.osgeo.org/repository/release/it/geosolutions/jaiext/scale2/jt-scale2/1.1.24/jt-scale2-1.1.24.pom (1.7 kB at 11 kB/s)
[INFO] Downloading from maven-central: https://repo.maven.apache.org/maven2/org/huldra/math/bigint/0.7.1/bigint-0.7.1.pom
[INFO] Downloading from osgeo: https://repo.osgeo.org/repository/release/org/huldra/math/bigint/0.7.1/bigint-0.7.1.pom
[INFO] Downloaded from osgeo: https://repo.osgeo.org/repository/release/org/huldra/math/bigint/0.7.1/bigint-0.7.1.pom (1.8 kB at 13 kB/s)
[INFO] Downloading from maven-central: https://repo.maven.apache.org/maven2/it/geosolutions/jaiext/stats/jt-stats/1.1.24/jt-stats-1.1.24.pom
[INFO] Downloading from osgeo: https://repo.osgeo.org/repository/release/it/geosolutions/jaiext/stats/jt-stats/1.1.24/jt-stats-1.1.24.pom
[INFO] Downloaded from osgeo: https://repo.osgeo.org/repository/release/it/geosolutions/jaiext/stats/jt-stats/1.1.24/jt-stats-1.1.24.pom (1.3 kB at 9.1 kB/s)
[INFO] Downloading from maven-central: https://repo.maven.apache.org/maven2/it/geosolutions/jaiext/warp/jt-warp/1.1.24/jt-warp-1.1.24.pom
[INFO] Downloading from osgeo: https://repo.osgeo.org/repository/release/it/geosolutions/jaiext/warp/jt-warp/1.1.24/jt-warp-1.1.24.pom
[INFO] Downloaded from osgeo: https://repo.osgeo.org/repository/release/it/geosolutions/jaiext/warp/jt-warp/1.1.24/jt-warp-1.1.24.pom (1.5 kB at 10 kB/s)
[INFO] Downloading from maven-central: https://repo.maven.apache.org/maven2/it/geosolutions/jaiext/zonal/jt-zonal/1.1.24/jt-zonal-1.1.24.pom
[INFO] Downloading from osgeo: https://repo.osgeo.org/repository/release/it/geosolutions/jaiext/zonal/jt-zonal/1.1.24/jt-zonal-1.1.24.pom
[INFO] Downloaded from osgeo: https://repo.osgeo.org/repository/release/it/geosolutions/jaiext/zonal/jt-zonal/1.1.24/jt-zonal-1.1.24.pom (1.5 kB at 10 kB/s)
[INFO] Downloading from maven-central: https://repo.maven.apache.org/maven2/it/geosolutions/jaiext/binarize/jt-binarize/1.1.24/jt-binarize-1.1.24.pom
[INFO] Downloading from osgeo: https://repo.osgeo.org/repository/release/it/geosolutions/jaiext/binarize/jt-binarize/1.1.24/jt-binarize-1.1.24.pom
[INFO] Downloaded from osgeo: https://repo.osgeo.org/repository/release/it/geosolutions/jaiext/binarize/jt-binarize/1.1.24/jt-binarize-1.1.24.pom (1.1 kB at 7.4 kB/s)
[INFO] Downloading from maven-central: https://repo.maven.apache.org/maven2/it/geosolutions/jaiext/format/jt-format/1.1.24/jt-format-1.1.24.pom
[INFO] Downloading from osgeo: https://repo.osgeo.org/repository/release/it/geosolutions/jaiext/format/jt-format/1.1.24/jt-format-1.1.24.pom
[INFO] Downloaded from osgeo: https://repo.osgeo.org/repository/release/it/geosolutions/jaiext/format/jt-format/1.1.24/jt-format-1.1.24.pom (1.2 kB at 8.3 kB/s)
[INFO] Downloading from maven-central: https://repo.maven.apache.org/maven2/it/geosolutions/jaiext/colorconvert/jt-colorconvert/1.1.24/jt-colorconvert-1.1.24.pom
[INFO] Downloading from osgeo: https://repo.osgeo.org/repository/release/it/geosolutions/jaiext/colorconvert/jt-colorconvert/1.1.24/jt-colorconvert-1.1.24.pom
[INFO] Downloaded from osgeo: https://repo.osgeo.org/repository/release/it/geosolutions/jaiext/colorconvert/jt-colorconvert/1.1.24/jt-colorconvert-1.1.24.pom (1.1 kB at 7.2 kB/s)
[INFO] Downloading from maven-central: https://repo.maven.apache.org/maven2/it/geosolutions/jaiext/errordiffusion/jt-errordiffusion/1.1.24/jt-errordiffusion-1.1.24.pom
[INFO] Downloading from osgeo: https://repo.osgeo.org/repository/release/it/geosolutions/jaiext/errordiffusion/jt-errordiffusion/1.1.24/jt-errordiffusion-1.1.24.pom
[INFO] Downloaded from osgeo: https://repo.osgeo.org/repository/release/it/geosolutions/jaiext/errordiffusion/jt-errordiffusion/1.1.24/jt-errordiffusion-1.1.24.pom (1.4 kB at 9.4 kB/s)
[INFO] Downloading from maven-central: https://repo.maven.apache.org/maven2/it/geosolutions/jaiext/orderdither/jt-orderdither/1.1.24/jt-orderdither-1.1.24.pom
[INFO] Downloading from osgeo: https://repo.osgeo.org/repository/release/it/geosolutions/jaiext/orderdither/jt-orderdither/1.1.24/jt-orderdither-1.1.24.pom
[INFO] Downloaded from osgeo: https://repo.osgeo.org/repository/release/it/geosolutions/jaiext/orderdither/jt-orderdither/1.1.24/jt-orderdither-1.1.24.pom (1.3 kB at 8.3 kB/s)
[INFO] Downloading from maven-central: https://repo.maven.apache.org/maven2/it/geosolutions/jaiext/colorindexer/jt-colorindexer/1.1.24/jt-colorindexer-1.1.24.pom
[INFO] Downloading from osgeo: https://repo.osgeo.org/repository/release/it/geosolutions/jaiext/colorindexer/jt-colorindexer/1.1.24/jt-colorindexer-1.1.24.pom
[INFO] Downloaded from osgeo: https://repo.osgeo.org/repository/release/it/geosolutions/jaiext/colorindexer/jt-colorindexer/1.1.24/jt-colorindexer-1.1.24.pom (1.8 kB at 13 kB/s)
[INFO] Downloading from maven-central: https://repo.maven.apache.org/maven2/it/geosolutions/jaiext/imagefunction/jt-imagefunction/1.1.24/jt-imagefunction-1.1.24.pom
[INFO] Downloading from osgeo: https://repo.osgeo.org/repository/release/it/geosolutions/jaiext/imagefunction/jt-imagefunction/1.1.24/jt-imagefunction-1.1.24.pom
[INFO] Downloaded from osgeo: https://repo.osgeo.org/repository/release/it/geosolutions/jaiext/imagefunction/jt-imagefunction/1.1.24/jt-imagefunction-1.1.24.pom (1.1 kB at 7.5 kB/s)
[INFO] Downloading from maven-central: https://repo.maven.apache.org/maven2/it/geosolutions/jaiext/piecewise/jt-piecewise/1.1.24/jt-piecewise-1.1.24.pom
[INFO] Downloading from osgeo: https://repo.osgeo.org/repository/release/it/geosolutions/jaiext/piecewise/jt-piecewise/1.1.24/jt-piecewise-1.1.24.pom
[INFO] Downloaded from osgeo: https://repo.osgeo.org/repository/release/it/geosolutions/jaiext/piecewise/jt-piecewise/1.1.24/jt-piecewise-1.1.24.pom (2.0 kB at 13 kB/s)
[INFO] Downloading from maven-central: https://repo.maven.apache.org/maven2/it/geosolutions/jaiext/classifier/jt-classifier/1.1.24/jt-classifier-1.1.24.pom
[INFO] Downloading from osgeo: https://repo.osgeo.org/repository/release/it/geosolutions/jaiext/classifier/jt-classifier/1.1.24/jt-classifier-1.1.24.pom
[INFO] Downloaded from osgeo: https://repo.osgeo.org/repository/release/it/geosolutions/jaiext/classifier/jt-classifier/1.1.24/jt-classifier-1.1.24.pom (1.2 kB at 8.2 kB/s)
[INFO] Downloading from maven-central: https://repo.maven.apache.org/maven2/it/geosolutions/jaiext/rlookup/jt-rlookup/1.1.24/jt-rlookup-1.1.24.pom
[INFO] Downloading from osgeo: https://repo.osgeo.org/repository/release/it/geosolutions/jaiext/rlookup/jt-rlookup/1.1.24/jt-rlookup-1.1.24.pom
[INFO] Downloaded from osgeo: https://repo.osgeo.org/repository/release/it/geosolutions/jaiext/rlookup/jt-rlookup/1.1.24/jt-rlookup-1.1.24.pom (1.1 kB at 7.1 kB/s)
[INFO] Downloading from maven-central: https://repo.maven.apache.org/maven2/it/geosolutions/jaiext/shadedrelief/jt-shadedrelief/1.1.24/jt-shadedrelief-1.1.24.pom
[INFO] Downloading from osgeo: https://repo.osgeo.org/repository/release/it/geosolutions/jaiext/shadedrelief/jt-shadedrelief/1.1.24/jt-shadedrelief-1.1.24.pom
[INFO] Downloaded from osgeo: https://repo.osgeo.org/repository/release/it/geosolutions/jaiext/shadedrelief/jt-shadedrelief/1.1.24/jt-shadedrelief-1.1.24.pom (2.1 kB at 14 kB/s)
[INFO] Downloading from maven-central: https://repo.maven.apache.org/maven2/it/geosolutions/imageio-ext/imageio-ext-cog-reader/1.4.7/imageio-ext-cog-reader-1.4.7.pom
[INFO] Downloading from osgeo: https://repo.osgeo.org/repository/release/it/geosolutions/imageio-ext/imageio-ext-cog-reader/1.4.7/imageio-ext-cog-reader-1.4.7.pom
[INFO] Downloaded from osgeo: https://repo.osgeo.org/repository/release/it/geosolutions/imageio-ext/imageio-ext-cog-reader/1.4.7/imageio-ext-cog-reader-1.4.7.pom (5.8 kB at 20 kB/s)
[INFO] Downloading from maven-central: https://repo.maven.apache.org/maven2/it/geosolutions/imageio-ext/imageio-ext-cog/1.4.7/imageio-ext-cog-1.4.7.pom
[INFO] Downloading from osgeo: https://repo.osgeo.org/repository/release/it/geosolutions/imageio-ext/imageio-ext-cog/1.4.7/imageio-ext-cog-1.4.7.pom
[INFO] Downloaded from osgeo: https://repo.osgeo.org/repository/release/it/geosolutions/imageio-ext/imageio-ext-cog/1.4.7/imageio-ext-cog-1.4.7.pom (3.7 kB at 24 kB/s)
[INFO] Downloading from maven-central: https://repo.maven.apache.org/maven2/it/geosolutions/imageio-ext/imageio-ext-cog-commons/1.4.7/imageio-ext-cog-commons-1.4.7.pom
[INFO] Downloading from osgeo: https://repo.osgeo.org/repository/release/it/geosolutions/imageio-ext/imageio-ext-cog-commons/1.4.7/imageio-ext-cog-commons-1.4.7.pom
[INFO] Downloaded from osgeo: https://repo.osgeo.org/repository/release/it/geosolutions/imageio-ext/imageio-ext-cog-commons/1.4.7/imageio-ext-cog-commons-1.4.7.pom (783 B at 5.3 kB/s)
[INFO] Downloading from maven-central: https://repo.maven.apache.org/maven2/it/geosolutions/imageio-ext/imageio-ext-cog-streams/1.4.7/imageio-ext-cog-streams-1.4.7.pom
[INFO] Downloading from osgeo: https://repo.osgeo.org/repository/release/it/geosolutions/imageio-ext/imageio-ext-cog-streams/1.4.7/imageio-ext-cog-streams-1.4.7.pom
[INFO] Downloaded from osgeo: https://repo.osgeo.org/repository/release/it/geosolutions/imageio-ext/imageio-ext-cog-streams/1.4.7/imageio-ext-cog-streams-1.4.7.pom (864 B at 5.8 kB/s)
[INFO] Downloading from maven-central: https://repo.maven.apache.org/maven2/org/ehcache/ehcache/3.4.0/ehcache-3.4.0.pom
[INFO] Downloaded from maven-central: https://repo.maven.apache.org/maven2/org/ehcache/ehcache/3.4.0/ehcache-3.4.0.pom (1.8 kB at 31 kB/s)
[INFO] Downloading from maven-central: https://repo.maven.apache.org/maven2/org/geotools/gt-arcgrid/28.2/gt-arcgrid-28.2.pom
[INFO] Downloading from osgeo: https://repo.osgeo.org/repository/release/org/geotools/gt-arcgrid/28.2/gt-arcgrid-28.2.pom
[INFO] Downloaded from osgeo: https://repo.osgeo.org/repository/release/org/geotools/gt-arcgrid/28.2/gt-arcgrid-28.2.pom (3.7 kB at 23 kB/s)
[INFO] Downloading from maven-central: https://repo.maven.apache.org/maven2/it/geosolutions/imageio-ext/imageio-ext-arcgrid/1.4.7/imageio-ext-arcgrid-1.4.7.pom
[INFO] Downloading from osgeo: https://repo.osgeo.org/repository/release/it/geosolutions/imageio-ext/imageio-ext-arcgrid/1.4.7/imageio-ext-arcgrid-1.4.7.pom
[INFO] Downloaded from osgeo: https://repo.osgeo.org/repository/release/it/geosolutions/imageio-ext/imageio-ext-arcgrid/1.4.7/imageio-ext-arcgrid-1.4.7.pom (1.0 kB at 6.8 kB/s)
[INFO] Downloading from maven-central: https://repo.maven.apache.org/maven2/org/geotools/gt-process-feature/28.2/gt-process-feature-28.2.pom
[INFO] Downloading from osgeo: https://repo.osgeo.org/repository/release/org/geotools/gt-process-feature/28.2/gt-process-feature-28.2.pom
[INFO] Downloaded from osgeo: https://repo.osgeo.org/repository/release/org/geotools/gt-process-feature/28.2/gt-process-feature-28.2.pom (4.4 kB at 20 kB/s)
[INFO] Downloading from maven-central: https://repo.maven.apache.org/maven2/org/geotools/unsupported/28.2/unsupported-28.2.pom
[INFO] Downloading from osgeo: https://repo.osgeo.org/repository/release/org/geotools/unsupported/28.2/unsupported-28.2.pom
[INFO] Downloaded from osgeo: https://repo.osgeo.org/repository/release/org/geotools/unsupported/28.2/unsupported-28.2.pom (6.2 kB at 38 kB/s)
[INFO] Downloading from maven-central: https://repo.maven.apache.org/maven2/org/geotools/gt-process/28.2/gt-process-28.2.pom
[INFO] Downloading from osgeo: https://repo.osgeo.org/repository/release/org/geotools/gt-process/28.2/gt-process-28.2.pom
[INFO] Downloaded from osgeo: https://repo.osgeo.org/repository/release/org/geotools/gt-process/28.2/gt-process-28.2.pom (3.9 kB at 20 kB/s)
[INFO] Downloading from maven-central: https://repo.maven.apache.org/maven2/org/geotools/gt-grid/28.2/gt-grid-28.2.pom
[INFO] Downloading from osgeo: https://repo.osgeo.org/repository/release/org/geotools/gt-grid/28.2/gt-grid-28.2.pom
[INFO] Downloaded from osgeo: https://repo.osgeo.org/repository/release/org/geotools/gt-grid/28.2/gt-grid-28.2.pom (2.1 kB at 9.4 kB/s)
[INFO] Downloading from maven-central: https://repo.maven.apache.org/maven2/org/geotools/extension/28.2/extension-28.2.pom
[INFO] Downloading from osgeo: https://repo.osgeo.org/repository/release/org/geotools/extension/28.2/extension-28.2.pom
[INFO] Downloaded from osgeo: https://repo.osgeo.org/repository/release/org/geotools/extension/28.2/extension-28.2.pom (2.3 kB at 15 kB/s)
[INFO] Downloading from maven-central: https://repo.maven.apache.org/maven2/org/geotools/gt-cql/28.2/gt-cql-28.2.pom
[INFO] Downloading from osgeo: https://repo.osgeo.org/repository/release/org/geotools/gt-cql/28.2/gt-cql-28.2.pom
[INFO] Downloaded from osgeo: https://repo.osgeo.org/repository/release/org/geotools/gt-cql/28.2/gt-cql-28.2.pom (5.7 kB at 26 kB/s)
[INFO] Downloading from maven-central: https://repo.maven.apache.org/maven2/org/wololo/jts2geojson/0.16.1/jts2geojson-0.16.1.pom
[INFO] Downloaded from maven-central: https://repo.maven.apache.org/maven2/org/wololo/jts2geojson/0.16.1/jts2geojson-0.16.1.pom (4.8 kB at 89 kB/s)
[INFO] Downloading from maven-central: https://repo.maven.apache.org/maven2/org/locationtech/spatial4j/spatial4j/0.8/spatial4j-0.8.pom
[INFO] Downloaded from maven-central: https://repo.maven.apache.org/maven2/org/locationtech/spatial4j/spatial4j/0.8/spatial4j-0.8.pom (16 kB at 324 kB/s)
[INFO] Downloading from maven-central: https://repo.maven.apache.org/maven2/com/google/geometry/s2-geometry/2.0.0/s2-geometry-2.0.0.pom
[INFO] Downloaded from maven-central: https://repo.maven.apache.org/maven2/com/google/geometry/s2-geometry/2.0.0/s2-geometry-2.0.0.pom (6.1 kB at 100 kB/s)
[INFO] Downloading from maven-central: https://repo.maven.apache.org/maven2/com/uber/h3/4.1.1/h3-4.1.1.pom
[INFO] Downloaded from maven-central: https://repo.maven.apache.org/maven2/com/uber/h3/4.1.1/h3-4.1.1.pom (16 kB at 306 kB/s)
[INFO] Downloading from maven-central: https://repo.maven.apache.org/maven2/net/sf/geographiclib/GeographicLib-Java/1.52/GeographicLib-Java-1.52.pom
[INFO] Downloaded from maven-central: https://repo.maven.apache.org/maven2/net/sf/geographiclib/GeographicLib-Java/1.52/GeographicLib-Java-1.52.pom (5.3 kB at 107 kB/s)
[INFO] Downloading from maven-central: https://repo.maven.apache.org/maven2/com/github/ben-manes/caffeine/caffeine/2.9.2/caffeine-2.9.2.pom
[INFO] Downloaded from maven-central: https://repo.maven.apache.org/maven2/com/github/ben-manes/caffeine/caffeine/2.9.2/caffeine-2.9.2.pom (2.1 kB at 36 kB/s)
[INFO] Downloading from maven-central: https://repo.maven.apache.org/maven2/it/geosolutions/jaiext/jiffle/jt-jiffle-language/1.1.24/jt-jiffle-language-1.1.24.pom
[INFO] Downloading from osgeo: https://repo.osgeo.org/repository/release/it/geosolutions/jaiext/jiffle/jt-jiffle-language/1.1.24/jt-jiffle-language-1.1.24.pom
[INFO] Downloaded from osgeo: https://repo.osgeo.org/repository/release/it/geosolutions/jaiext/jiffle/jt-jiffle-language/1.1.24/jt-jiffle-language-1.1.24.pom (1.8 kB at 12 kB/s)
[INFO] Downloading from maven-central: https://repo.maven.apache.org/maven2/it/geosolutions/jaiext/jiffle/jt-jiffle/1.1.24/jt-jiffle-1.1.24.pom
[INFO] Downloading from osgeo: https://repo.osgeo.org/repository/release/it/geosolutions/jaiext/jiffle/jt-jiffle/1.1.24/jt-jiffle-1.1.24.pom
[INFO] Downloaded from osgeo: https://repo.osgeo.org/repository/release/it/geosolutions/jaiext/jiffle/jt-jiffle/1.1.24/jt-jiffle-1.1.24.pom (2.6 kB at 18 kB/s)
[INFO] Downloading from maven-central: https://repo.maven.apache.org/maven2/org/codehaus/janino/janino/3.1.9/janino-3.1.9.pom
[INFO] Downloaded from maven-central: https://repo.maven.apache.org/maven2/org/codehaus/janino/janino/3.1.9/janino-3.1.9.pom (0 B at 0 B/s)
[INFO] Downloading from maven-central: https://repo.maven.apache.org/maven2/org/codehaus/janino/janino-parent/3.1.9/janino-parent-3.1.9.pom
[INFO] Downloaded from maven-central: https://repo.maven.apache.org/maven2/org/codehaus/janino/janino-parent/3.1.9/janino-parent-3.1.9.pom (0 B at 0 B/s)
[INFO] Downloading from maven-central: https://repo.maven.apache.org/maven2/org/codehaus/janino/commons-compiler/3.1.9/commons-compiler-3.1.9.pom
[INFO] Downloaded from maven-central: https://repo.maven.apache.org/maven2/org/codehaus/janino/commons-compiler/3.1.9/commons-compiler-3.1.9.pom (0 B at 0 B/s)
[INFO] Downloading from maven-central: https://repo.maven.apache.org/maven2/org/geotools/gt-main/28.2/gt-main-28.2.jar
[INFO] Downloading from maven-central: https://repo.maven.apache.org/maven2/org/geotools/gt-http/28.2/gt-http-28.2.jar
[INFO] Downloading from maven-central: https://repo.maven.apache.org/maven2/com/google/re2j/re2j/1.6/re2j-1.6.jar
[INFO] Downloading from maven-central: https://repo.maven.apache.org/maven2/javax/media/jai_core/1.1.3/jai_core-1.1.3.jar
[INFO] Downloading from maven-central: https://repo.maven.apache.org/maven2/org/geotools/gt-referencing/28.2/gt-referencing-28.2.jar
[INFO] Downloading from maven-central: https://repo.maven.apache.org/maven2/org/ejml/ejml-ddense/0.41/ejml-ddense-0.41.jar
[INFO] Downloaded from maven-central: https://repo.maven.apache.org/maven2/com/google/re2j/re2j/1.6/re2j-1.6.jar (113 kB at 2.3 MB/s)
[INFO] Downloading from maven-central: https://repo.maven.apache.org/maven2/org/ejml/ejml-core/0.41/ejml-core-0.41.jar
[INFO] Downloaded from maven-central: https://repo.maven.apache.org/maven2/org/ejml/ejml-core/0.41/ejml-core-0.41.jar (259 kB at 3.2 MB/s)
[INFO] Downloading from maven-central: https://repo.maven.apache.org/maven2/org/geotools/gt-metadata/28.2/gt-metadata-28.2.jar
[INFO] Downloaded from maven-central: https://repo.maven.apache.org/maven2/org/ejml/ejml-ddense/0.41/ejml-ddense-0.41.jar (408 kB at 4.5 MB/s)
[INFO] Downloading from maven-central: https://repo.maven.apache.org/maven2/org/geotools/gt-opengis/28.2/gt-opengis-28.2.jar
[INFO] Downloading from maven-central: https://repo.maven.apache.org/maven2/systems/uom/systems-common/2.0.2/systems-common-2.0.2.jar
[INFO] Downloading from maven-central: https://repo.maven.apache.org/maven2/javax/measure/unit-api/2.0/unit-api-2.0.jar
[INFO] Downloading from maven-central: https://repo.maven.apache.org/maven2/tech/units/indriya/2.0.2/indriya-2.0.2.jar
[INFO] Downloaded from maven-central: https://repo.maven.apache.org/maven2/systems/uom/systems-common/2.0.2/systems-common-2.0.2.jar (25 kB at 177 kB/s)
[INFO] Downloading from maven-central: https://repo.maven.apache.org/maven2/tech/uom/lib/uom-lib-common/2.0/uom-lib-common-2.0.jar
[INFO] Downloaded from maven-central: https://repo.maven.apache.org/maven2/javax/measure/unit-api/2.0/unit-api-2.0.jar (37 kB at 240 kB/s)
[INFO] Downloading from maven-central: https://repo.maven.apache.org/maven2/si/uom/si-quantity/2.0.1/si-quantity-2.0.1.jar
[INFO] Downloaded from maven-central: https://repo.maven.apache.org/maven2/tech/units/indriya/2.0.2/indriya-2.0.2.jar (262 kB at 1.6 MB/s)
[INFO] Downloading from maven-central: https://repo.maven.apache.org/maven2/si/uom/si-units/2.0.1/si-units-2.0.1.jar
[INFO] Downloaded from maven-central: https://repo.maven.apache.org/maven2/tech/uom/lib/uom-lib-common/2.0/uom-lib-common-2.0.jar (22 kB at 126 kB/s)
[INFO] Downloading from maven-central: https://repo.maven.apache.org/maven2/org/geotools/ogc/net.opengis.ows/28.2/net.opengis.ows-28.2.jar
[INFO] Downloading from maven-central: https://repo.maven.apache.org/maven2/org/geotools/ogc/org.w3.xlink/28.2/org.w3.xlink-28.2.jar
[INFO] Downloaded from maven-central: https://repo.maven.apache.org/maven2/si/uom/si-quantity/2.0.1/si-quantity-2.0.1.jar (9.2 kB at 49 kB/s)
[INFO] Downloading from maven-central: https://repo.maven.apache.org/maven2/org/eclipse/emf/org.eclipse.emf.common/2.15.0/org.eclipse.emf.common-2.15.0.jar
[INFO] Downloaded from maven-central: https://repo.maven.apache.org/maven2/si/uom/si-units/2.0.1/si-units-2.0.1.jar (18 kB at 91 kB/s)
[INFO] Downloading from maven-central: https://repo.maven.apache.org/maven2/org/eclipse/emf/org.eclipse.emf.ecore/2.15.0/org.eclipse.emf.ecore-2.15.0.jar
[INFO] Downloading from maven-central: https://repo.maven.apache.org/maven2/org/eclipse/emf/org.eclipse.emf.ecore.xmi/2.15.0/org.eclipse.emf.ecore.xmi-2.15.0.jar
[INFO] Downloaded from maven-central: https://repo.maven.apache.org/maven2/org/eclipse/emf/org.eclipse.emf.common/2.15.0/org.eclipse.emf.common-2.15.0.jar (376 kB at 1.6 MB/s)
[INFO] Downloading from maven-central: https://repo.maven.apache.org/maven2/it/geosolutions/jgridshift/jgridshift-core/1.3/jgridshift-core-1.3.jar
[INFO] Downloaded from maven-central: https://repo.maven.apache.org/maven2/org/eclipse/emf/org.eclipse.emf.ecore.xmi/2.15.0/org.eclipse.emf.ecore.xmi-2.15.0.jar (235 kB at 855 kB/s)
[INFO] Downloading from maven-central: https://repo.maven.apache.org/maven2/org/geotools/gt-epsg-hsql/28.2/gt-epsg-hsql-28.2.jar
[INFO] Downloaded from maven-central: https://repo.maven.apache.org/maven2/org/eclipse/emf/org.eclipse.emf.ecore/2.15.0/org.eclipse.emf.ecore-2.15.0.jar (1.4 MB at 5.0 MB/s)
[INFO] Downloading from maven-central: https://repo.maven.apache.org/maven2/org/hsqldb/hsqldb/2.7.1/hsqldb-2.7.1-jdk8.jar
[INFO] Downloading from maven-central: https://repo.maven.apache.org/maven2/org/geotools/gt-geotiff/28.2/gt-geotiff-28.2.jar
[INFO] Downloading from maven-central: https://repo.maven.apache.org/maven2/org/geotools/gt-coverage/28.2/gt-coverage-28.2.jar
[INFO] Downloading from maven-central: https://repo.maven.apache.org/maven2/org/jaitools/jt-zonalstats/1.6.0/jt-zonalstats-1.6.0.jar
[INFO] Downloaded from maven-central: https://repo.maven.apache.org/maven2/org/hsqldb/hsqldb/2.7.1/hsqldb-2.7.1-jdk8.jar (1.7 MB at 4.9 MB/s)
[INFO] Downloading from maven-central: https://repo.maven.apache.org/maven2/org/jaitools/jt-utils/1.6.0/jt-utils-1.6.0.jar
[INFO] Downloaded from maven-central: https://repo.maven.apache.org/maven2/org/jaitools/jt-zonalstats/1.6.0/jt-zonalstats-1.6.0.jar (21 kB at 59 kB/s)
[INFO] Downloading from maven-central: https://repo.maven.apache.org/maven2/it/geosolutions/jaiext/affine/jt-affine/1.1.24/jt-affine-1.1.24.jar
[INFO] Downloaded from maven-central: https://repo.maven.apache.org/maven2/org/jaitools/jt-utils/1.6.0/jt-utils-1.6.0.jar (209 kB at 563 kB/s)
[INFO] Downloading from maven-central: https://repo.maven.apache.org/maven2/it/geosolutions/jaiext/algebra/jt-algebra/1.1.24/jt-algebra-1.1.24.jar
[INFO] Downloading from maven-central: https://repo.maven.apache.org/maven2/it/geosolutions/jaiext/bandmerge/jt-bandmerge/1.1.24/jt-bandmerge-1.1.24.jar
[INFO] Downloading from maven-central: https://repo.maven.apache.org/maven2/it/geosolutions/jaiext/bandselect/jt-bandselect/1.1.24/jt-bandselect-1.1.24.jar
[INFO] Downloading from maven-central: https://repo.maven.apache.org/maven2/it/geosolutions/jaiext/bandcombine/jt-bandcombine/1.1.24/jt-bandcombine-1.1.24.jar
[INFO] Downloading from maven-central: https://repo.maven.apache.org/maven2/it/geosolutions/jaiext/border/jt-border/1.1.24/jt-border-1.1.24.jar
[INFO] Downloading from maven-central: https://repo.maven.apache.org/maven2/it/geosolutions/jaiext/buffer/jt-buffer/1.1.24/jt-buffer-1.1.24.jar
[INFO] Downloading from maven-central: https://repo.maven.apache.org/maven2/it/geosolutions/jaiext/crop/jt-crop/1.1.24/jt-crop-1.1.24.jar
[INFO] Downloading from maven-central: https://repo.maven.apache.org/maven2/it/geosolutions/jaiext/iterators/jt-iterators/1.1.24/jt-iterators-1.1.24.jar
[INFO] Downloading from maven-central: https://repo.maven.apache.org/maven2/it/geosolutions/jaiext/lookup/jt-lookup/1.1.24/jt-lookup-1.1.24.jar
[INFO] Downloading from maven-central: https://repo.maven.apache.org/maven2/it/geosolutions/jaiext/mosaic/jt-mosaic/1.1.24/jt-mosaic-1.1.24.jar
[INFO] Downloading from maven-central: https://repo.maven.apache.org/maven2/it/geosolutions/jaiext/nullop/jt-nullop/1.1.24/jt-nullop-1.1.24.jar
[INFO] Downloading from maven-central: https://repo.maven.apache.org/maven2/it/geosolutions/jaiext/rescale/jt-rescale/1.1.24/jt-rescale-1.1.24.jar
[INFO] Downloading from maven-central: https://repo.maven.apache.org/maven2/it/geosolutions/jaiext/scale/jt-scale/1.1.24/jt-scale-1.1.24.jar
[INFO] Downloading from maven-central: https://repo.maven.apache.org/maven2/it/geosolutions/jaiext/scale2/jt-scale2/1.1.24/jt-scale2-1.1.24.jar
[INFO] Downloading from maven-central: https://repo.maven.apache.org/maven2/org/huldra/math/bigint/0.7.1/bigint-0.7.1.jar
[INFO] Downloading from maven-central: https://repo.maven.apache.org/maven2/it/geosolutions/jaiext/stats/jt-stats/1.1.24/jt-stats-1.1.24.jar
[INFO] Downloading from maven-central: https://repo.maven.apache.org/maven2/it/geosolutions/jaiext/translate/jt-translate/1.1.24/jt-translate-1.1.24.jar
[INFO] Downloading from maven-central: https://repo.maven.apache.org/maven2/it/geosolutions/jaiext/utilities/jt-utilities/1.1.24/jt-utilities-1.1.24.jar
[INFO] Downloading from maven-central: https://repo.maven.apache.org/maven2/it/geosolutions/jaiext/warp/jt-warp/1.1.24/jt-warp-1.1.24.jar
[INFO] Downloading from maven-central: https://repo.maven.apache.org/maven2/it/geosolutions/jaiext/zonal/jt-zonal/1.1.24/jt-zonal-1.1.24.jar
[INFO] Downloading from maven-central: https://repo.maven.apache.org/maven2/it/geosolutions/jaiext/binarize/jt-binarize/1.1.24/jt-binarize-1.1.24.jar
[INFO] Downloading from maven-central: https://repo.maven.apache.org/maven2/it/geosolutions/jaiext/format/jt-format/1.1.24/jt-format-1.1.24.jar
[INFO] Downloading from maven-central: https://repo.maven.apache.org/maven2/it/geosolutions/jaiext/colorconvert/jt-colorconvert/1.1.24/jt-colorconvert-1.1.24.jar
[INFO] Downloading from maven-central: https://repo.maven.apache.org/maven2/it/geosolutions/jaiext/errordiffusion/jt-errordiffusion/1.1.24/jt-errordiffusion-1.1.24.jar
[INFO] Downloading from maven-central: https://repo.maven.apache.org/maven2/it/geosolutions/jaiext/orderdither/jt-orderdither/1.1.24/jt-orderdither-1.1.24.jar
[INFO] Downloading from maven-central: https://repo.maven.apache.org/maven2/it/geosolutions/jaiext/colorindexer/jt-colorindexer/1.1.24/jt-colorindexer-1.1.24.jar
[INFO] Downloading from maven-central: https://repo.maven.apache.org/maven2/it/geosolutions/jaiext/imagefunction/jt-imagefunction/1.1.24/jt-imagefunction-1.1.24.jar
[INFO] Downloading from maven-central: https://repo.maven.apache.org/maven2/it/geosolutions/jaiext/piecewise/jt-piecewise/1.1.24/jt-piecewise-1.1.24.jar
[INFO] Downloading from maven-central: https://repo.maven.apache.org/maven2/it/geosolutions/jaiext/classifier/jt-classifier/1.1.24/jt-classifier-1.1.24.jar
[INFO] Downloading from maven-central: https://repo.maven.apache.org/maven2/it/geosolutions/jaiext/rlookup/jt-rlookup/1.1.24/jt-rlookup-1.1.24.jar
[INFO] Downloading from maven-central: https://repo.maven.apache.org/maven2/it/geosolutions/jaiext/vectorbin/jt-vectorbin/1.1.24/jt-vectorbin-1.1.24.jar
[INFO] Downloading from maven-central: https://repo.maven.apache.org/maven2/it/geosolutions/jaiext/shadedrelief/jt-shadedrelief/1.1.24/jt-shadedrelief-1.1.24.jar
[INFO] Downloading from maven-central: https://repo.maven.apache.org/maven2/javax/media/jai_imageio/1.1/jai_imageio-1.1.jar
[INFO] Downloading from maven-central: https://repo.maven.apache.org/maven2/it/geosolutions/imageio-ext/imageio-ext-tiff/1.4.7/imageio-ext-tiff-1.4.7.jar
[INFO] Downloading from maven-central: https://repo.maven.apache.org/maven2/it/geosolutions/imageio-ext/imageio-ext-utilities/1.4.7/imageio-ext-utilities-1.4.7.jar
[INFO] Downloading from maven-central: https://repo.maven.apache.org/maven2/it/geosolutions/imageio-ext/imageio-ext-geocore/1.4.7/imageio-ext-geocore-1.4.7.jar
[INFO] Downloading from maven-central: https://repo.maven.apache.org/maven2/org/glassfish/jaxb/jaxb-runtime/2.4.0-b180830.0438/jaxb-runtime-2.4.0-b180830.0438.jar
[INFO] Downloading from maven-central: https://repo.maven.apache.org/maven2/org/glassfish/jaxb/txw2/2.4.0-b180830.0438/txw2-2.4.0-b180830.0438.jar
[INFO] Downloading from maven-central: https://repo.maven.apache.org/maven2/io/airlift/aircompressor/0.20/aircompressor-0.20.jar
[INFO] Downloaded from maven-central: https://repo.maven.apache.org/maven2/org/glassfish/jaxb/txw2/2.4.0-b180830.0438/txw2-2.4.0-b180830.0438.jar (70 kB at 43 kB/s)
[INFO] Downloading from maven-central: https://repo.maven.apache.org/maven2/javax/media/jai_codec/1.1.3/jai_codec-1.1.3.jar
[INFO] Downloaded from maven-central: https://repo.maven.apache.org/maven2/io/airlift/aircompressor/0.20/aircompressor-0.20.jar (185 kB at 112 kB/s)
[INFO] Downloading from maven-central: https://repo.maven.apache.org/maven2/it/geosolutions/imageio-ext/imageio-ext-cog-reader/1.4.7/imageio-ext-cog-reader-1.4.7.jar
[INFO] Downloaded from maven-central: https://repo.maven.apache.org/maven2/org/glassfish/jaxb/jaxb-runtime/2.4.0-b180830.0438/jaxb-runtime-2.4.0-b180830.0438.jar (1.1 MB at 663 kB/s)
[INFO] Downloading from maven-central: https://repo.maven.apache.org/maven2/it/geosolutions/imageio-ext/imageio-ext-cog-commons/1.4.7/imageio-ext-cog-commons-1.4.7.jar
[INFO] Downloading from maven-central: https://repo.maven.apache.org/maven2/it/geosolutions/imageio-ext/imageio-ext-cog-streams/1.4.7/imageio-ext-cog-streams-1.4.7.jar
[INFO] Downloading from maven-central: https://repo.maven.apache.org/maven2/org/ehcache/ehcache/3.4.0/ehcache-3.4.0.jar
[INFO] Downloading from maven-central: https://repo.maven.apache.org/maven2/org/geotools/gt-arcgrid/28.2/gt-arcgrid-28.2.jar
[INFO] Downloading from maven-central: https://repo.maven.apache.org/maven2/it/geosolutions/imageio-ext/imageio-ext-arcgrid/1.4.7/imageio-ext-arcgrid-1.4.7.jar
[INFO] Downloading from maven-central: https://repo.maven.apache.org/maven2/it/geosolutions/imageio-ext/imageio-ext-streams/1.4.7/imageio-ext-streams-1.4.7.jar
[INFO] Downloaded from maven-central: https://repo.maven.apache.org/maven2/org/ehcache/ehcache/3.4.0/ehcache-3.4.0.jar (1.7 MB at 951 kB/s)
[INFO] Downloading from maven-central: https://repo.maven.apache.org/maven2/org/geotools/gt-process-feature/28.2/gt-process-feature-28.2.jar
[INFO] Downloading from maven-central: https://repo.maven.apache.org/maven2/org/geotools/gt-process/28.2/gt-process-28.2.jar
[INFO] Downloading from maven-central: https://repo.maven.apache.org/maven2/org/geotools/gt-grid/28.2/gt-grid-28.2.jar
[INFO] Downloading from maven-central: https://repo.maven.apache.org/maven2/org/geotools/gt-cql/28.2/gt-cql-28.2.jar
[INFO] Downloading from maven-central: https://repo.maven.apache.org/maven2/org/wololo/jts2geojson/0.16.1/jts2geojson-0.16.1.jar
[INFO] Downloading from maven-central: https://repo.maven.apache.org/maven2/org/locationtech/spatial4j/spatial4j/0.8/spatial4j-0.8.jar
[INFO] Downloaded from maven-central: https://repo.maven.apache.org/maven2/org/wololo/jts2geojson/0.16.1/jts2geojson-0.16.1.jar (18 kB at 8.8 kB/s)
[INFO] Downloading from maven-central: https://repo.maven.apache.org/maven2/com/google/geometry/s2-geometry/2.0.0/s2-geometry-2.0.0.jar
[INFO] Downloading from maven-central: https://repo.maven.apache.org/maven2/com/uber/h3/4.1.1/h3-4.1.1.jar
[INFO] Downloaded from maven-central: https://repo.maven.apache.org/maven2/org/locationtech/spatial4j/spatial4j/0.8/spatial4j-0.8.jar (190 kB at 92 kB/s)
[INFO] Downloading from maven-central: https://repo.maven.apache.org/maven2/net/sf/geographiclib/GeographicLib-Java/1.52/GeographicLib-Java-1.52.jar
[INFO] Downloaded from maven-central: https://repo.maven.apache.org/maven2/com/google/geometry/s2-geometry/2.0.0/s2-geometry-2.0.0.jar (514 kB at 248 kB/s)
[INFO] Downloading from maven-central: https://repo.maven.apache.org/maven2/com/github/ben-manes/caffeine/caffeine/2.9.2/caffeine-2.9.2.jar
[INFO] Downloading from maven-central: https://repo.maven.apache.org/maven2/it/geosolutions/jaiext/jiffle/jt-jiffle-language/1.1.24/jt-jiffle-language-1.1.24.jar
[INFO] Downloaded from maven-central: https://repo.maven.apache.org/maven2/net/sf/geographiclib/GeographicLib-Java/1.52/GeographicLib-Java-1.52.jar (37 kB at 18 kB/s)
[INFO] Downloading from maven-central: https://repo.maven.apache.org/maven2/org/codehaus/janino/janino/3.1.9/janino-3.1.9.jar
[INFO] Downloading from maven-central: https://repo.maven.apache.org/maven2/org/codehaus/janino/commons-compiler/3.1.9/commons-compiler-3.1.9.jar
[INFO] Downloaded from maven-central: https://repo.maven.apache.org/maven2/org/codehaus/janino/janino/3.1.9/janino-3.1.9.jar (0 B at 0 B/s)
[INFO] Downloaded from maven-central: https://repo.maven.apache.org/maven2/com/github/ben-manes/caffeine/caffeine/2.9.2/caffeine-2.9.2.jar (925 kB at 436 kB/s)
[INFO] Downloaded from maven-central: https://repo.maven.apache.org/maven2/com/uber/h3/4.1.1/h3-4.1.1.jar (1.1 MB at 524 kB/s)
[INFO] Downloaded from maven-central: https://repo.maven.apache.org/maven2/org/codehaus/janino/commons-compiler/3.1.9/commons-compiler-3.1.9.jar (0 B at 0 B/s)
[INFO] Downloading from osgeo: https://repo.osgeo.org/repository/release/org/geotools/gt-main/28.2/gt-main-28.2.jar
[INFO] Downloading from osgeo: https://repo.osgeo.org/repository/release/org/geotools/gt-http/28.2/gt-http-28.2.jar
[INFO] Downloading from osgeo: https://repo.osgeo.org/repository/release/javax/media/jai_core/1.1.3/jai_core-1.1.3.jar
[INFO] Downloading from osgeo: https://repo.osgeo.org/repository/release/org/geotools/gt-referencing/28.2/gt-referencing-28.2.jar
[INFO] Downloading from osgeo: https://repo.osgeo.org/repository/release/org/geotools/gt-metadata/28.2/gt-metadata-28.2.jar
[INFO] Downloaded from osgeo: https://repo.osgeo.org/repository/release/org/geotools/gt-http/28.2/gt-http-28.2.jar (24 kB at 67 kB/s)
[INFO] Downloading from osgeo: https://repo.osgeo.org/repository/release/org/geotools/gt-opengis/28.2/gt-opengis-28.2.jar
[INFO] Downloaded from osgeo: https://repo.osgeo.org/repository/release/org/geotools/gt-main/28.2/gt-main-28.2.jar (2.1 MB at 3.4 MB/s)
[INFO] Downloading from osgeo: https://repo.osgeo.org/repository/release/org/geotools/ogc/net.opengis.ows/28.2/net.opengis.ows-28.2.jar
[INFO] Downloaded from osgeo: https://repo.osgeo.org/repository/release/org/geotools/gt-metadata/28.2/gt-metadata-28.2.jar (623 kB at 1.0 MB/s)
[INFO] Downloading from osgeo: https://repo.osgeo.org/repository/release/org/geotools/ogc/org.w3.xlink/28.2/org.w3.xlink-28.2.jar
[INFO] Downloaded from osgeo: https://repo.osgeo.org/repository/release/org/geotools/gt-referencing/28.2/gt-referencing-28.2.jar (1.5 MB at 2.1 MB/s)
[INFO] Downloading from osgeo: https://repo.osgeo.org/repository/release/it/geosolutions/jgridshift/jgridshift-core/1.3/jgridshift-core-1.3.jar
[INFO] Downloaded from osgeo: https://repo.osgeo.org/repository/release/javax/media/jai_core/1.1.3/jai_core-1.1.3.jar (1.9 MB at 2.5 MB/s)
[INFO] Downloading from osgeo: https://repo.osgeo.org/repository/release/org/geotools/gt-epsg-hsql/28.2/gt-epsg-hsql-28.2.jar
[INFO] Downloaded from osgeo: https://repo.osgeo.org/repository/release/org/geotools/ogc/net.opengis.ows/28.2/net.opengis.ows-28.2.jar (594 kB at 776 kB/s)
[INFO] Downloading from osgeo: https://repo.osgeo.org/repository/release/org/geotools/gt-geotiff/28.2/gt-geotiff-28.2.jar
[INFO] Downloaded from osgeo: https://repo.osgeo.org/repository/release/org/geotools/ogc/org.w3.xlink/28.2/org.w3.xlink-28.2.jar (54 kB at 70 kB/s)
[INFO] Downloading from osgeo: https://repo.osgeo.org/repository/release/org/geotools/gt-coverage/28.2/gt-coverage-28.2.jar
[INFO] Downloaded from osgeo: https://repo.osgeo.org/repository/release/org/geotools/gt-opengis/28.2/gt-opengis-28.2.jar (359 kB at 463 kB/s)
[INFO] Downloading from osgeo: https://repo.osgeo.org/repository/release/it/geosolutions/jaiext/affine/jt-affine/1.1.24/jt-affine-1.1.24.jar
[INFO] Downloaded from osgeo: https://repo.osgeo.org/repository/release/it/geosolutions/jgridshift/jgridshift-core/1.3/jgridshift-core-1.3.jar (13 kB at 15 kB/s)
[INFO] Downloading from osgeo: https://repo.osgeo.org/repository/release/it/geosolutions/jaiext/algebra/jt-algebra/1.1.24/jt-algebra-1.1.24.jar
[INFO] Downloaded from osgeo: https://repo.osgeo.org/repository/release/org/geotools/gt-geotiff/28.2/gt-geotiff-28.2.jar (35 kB at 38 kB/s)
[INFO] Downloading from osgeo: https://repo.osgeo.org/repository/release/it/geosolutions/jaiext/bandmerge/jt-bandmerge/1.1.24/jt-bandmerge-1.1.24.jar
[INFO] Downloaded from osgeo: https://repo.osgeo.org/repository/release/it/geosolutions/jaiext/affine/jt-affine/1.1.24/jt-affine-1.1.24.jar (125 kB at 135 kB/s)
[INFO] Downloading from osgeo: https://repo.osgeo.org/repository/release/it/geosolutions/jaiext/bandselect/jt-bandselect/1.1.24/jt-bandselect-1.1.24.jar
[INFO] Downloaded from osgeo: https://repo.osgeo.org/repository/release/org/geotools/gt-coverage/28.2/gt-coverage-28.2.jar (622 kB at 674 kB/s)
[INFO] Downloading from osgeo: https://repo.osgeo.org/repository/release/it/geosolutions/jaiext/bandcombine/jt-bandcombine/1.1.24/jt-bandcombine-1.1.24.jar
[INFO] Downloaded from osgeo: https://repo.osgeo.org/repository/release/org/geotools/gt-epsg-hsql/28.2/gt-epsg-hsql-28.2.jar (2.7 MB at 2.8 MB/s)
[INFO] Downloading from osgeo: https://repo.osgeo.org/repository/release/it/geosolutions/jaiext/border/jt-border/1.1.24/jt-border-1.1.24.jar
[INFO] Downloaded from osgeo: https://repo.osgeo.org/repository/release/it/geosolutions/jaiext/algebra/jt-algebra/1.1.24/jt-algebra-1.1.24.jar (54 kB at 55 kB/s)
[INFO] Downloading from osgeo: https://repo.osgeo.org/repository/release/it/geosolutions/jaiext/buffer/jt-buffer/1.1.24/jt-buffer-1.1.24.jar
[INFO] Downloaded from osgeo: https://repo.osgeo.org/repository/release/it/geosolutions/jaiext/bandselect/jt-bandselect/1.1.24/jt-bandselect-1.1.24.jar (9.9 kB at 9.3 kB/s)
[INFO] Downloading from osgeo: https://repo.osgeo.org/repository/release/it/geosolutions/jaiext/crop/jt-crop/1.1.24/jt-crop-1.1.24.jar
[INFO] Downloaded from osgeo: https://repo.osgeo.org/repository/release/it/geosolutions/jaiext/bandmerge/jt-bandmerge/1.1.24/jt-bandmerge-1.1.24.jar (35 kB at 32 kB/s)
[INFO] Downloading from osgeo: https://repo.osgeo.org/repository/release/it/geosolutions/jaiext/iterators/jt-iterators/1.1.24/jt-iterators-1.1.24.jar
[INFO] Downloaded from osgeo: https://repo.osgeo.org/repository/release/it/geosolutions/jaiext/bandcombine/jt-bandcombine/1.1.24/jt-bandcombine-1.1.24.jar (17 kB at 16 kB/s)
[INFO] Downloading from osgeo: https://repo.osgeo.org/repository/release/it/geosolutions/jaiext/lookup/jt-lookup/1.1.24/jt-lookup-1.1.24.jar
[INFO] Downloaded from osgeo: https://repo.osgeo.org/repository/release/it/geosolutions/jaiext/border/jt-border/1.1.24/jt-border-1.1.24.jar (14 kB at 13 kB/s)
[INFO] Downloading from osgeo: https://repo.osgeo.org/repository/release/it/geosolutions/jaiext/mosaic/jt-mosaic/1.1.24/jt-mosaic-1.1.24.jar
[INFO] Downloaded from osgeo: https://repo.osgeo.org/repository/release/it/geosolutions/jaiext/buffer/jt-buffer/1.1.24/jt-buffer-1.1.24.jar (20 kB at 17 kB/s)
[INFO] Downloading from osgeo: https://repo.osgeo.org/repository/release/it/geosolutions/jaiext/nullop/jt-nullop/1.1.24/jt-nullop-1.1.24.jar
[INFO] Downloaded from osgeo: https://repo.osgeo.org/repository/release/it/geosolutions/jaiext/iterators/jt-iterators/1.1.24/jt-iterators-1.1.24.jar (34 kB at 28 kB/s)
[INFO] Downloaded from osgeo: https://repo.osgeo.org/repository/release/it/geosolutions/jaiext/crop/jt-crop/1.1.24/jt-crop-1.1.24.jar (10 kB at 8.3 kB/s)
[INFO] Downloading from osgeo: https://repo.osgeo.org/repository/release/it/geosolutions/jaiext/rescale/jt-rescale/1.1.24/jt-rescale-1.1.24.jar
[INFO] Downloading from osgeo: https://repo.osgeo.org/repository/release/it/geosolutions/jaiext/scale/jt-scale/1.1.24/jt-scale-1.1.24.jar
[INFO] Downloaded from osgeo: https://repo.osgeo.org/repository/release/it/geosolutions/jaiext/lookup/jt-lookup/1.1.24/jt-lookup-1.1.24.jar (42 kB at 35 kB/s)
[INFO] Downloading from osgeo: https://repo.osgeo.org/repository/release/it/geosolutions/jaiext/scale2/jt-scale2/1.1.24/jt-scale2-1.1.24.jar
[INFO] Downloaded from osgeo: https://repo.osgeo.org/repository/release/it/geosolutions/jaiext/mosaic/jt-mosaic/1.1.24/jt-mosaic-1.1.24.jar (41 kB at 33 kB/s)
[INFO] Downloading from osgeo: https://repo.osgeo.org/repository/release/org/huldra/math/bigint/0.7.1/bigint-0.7.1.jar
[INFO] Downloaded from osgeo: https://repo.osgeo.org/repository/release/it/geosolutions/jaiext/nullop/jt-nullop/1.1.24/jt-nullop-1.1.24.jar (7.2 kB at 5.5 kB/s)
[INFO] Downloading from osgeo: https://repo.osgeo.org/repository/release/it/geosolutions/jaiext/stats/jt-stats/1.1.24/jt-stats-1.1.24.jar
[INFO] Downloaded from osgeo: https://repo.osgeo.org/repository/release/it/geosolutions/jaiext/rescale/jt-rescale/1.1.24/jt-rescale-1.1.24.jar (20 kB at 15 kB/s)
[INFO] Downloading from osgeo: https://repo.osgeo.org/repository/release/it/geosolutions/jaiext/translate/jt-translate/1.1.24/jt-translate-1.1.24.jar
[INFO] Downloaded from osgeo: https://repo.osgeo.org/repository/release/it/geosolutions/jaiext/scale/jt-scale/1.1.24/jt-scale-1.1.24.jar (94 kB at 69 kB/s)
[INFO] Downloading from osgeo: https://repo.osgeo.org/repository/release/it/geosolutions/jaiext/utilities/jt-utilities/1.1.24/jt-utilities-1.1.24.jar
[INFO] Downloaded from osgeo: https://repo.osgeo.org/repository/release/it/geosolutions/jaiext/scale2/jt-scale2/1.1.24/jt-scale2-1.1.24.jar (96 kB at 70 kB/s)
[INFO] Downloading from osgeo: https://repo.osgeo.org/repository/release/it/geosolutions/jaiext/warp/jt-warp/1.1.24/jt-warp-1.1.24.jar
[INFO] Downloaded from osgeo: https://repo.osgeo.org/repository/release/org/huldra/math/bigint/0.7.1/bigint-0.7.1.jar (22 kB at 15 kB/s)
[INFO] Downloading from osgeo: https://repo.osgeo.org/repository/release/it/geosolutions/jaiext/zonal/jt-zonal/1.1.24/jt-zonal-1.1.24.jar
[INFO] Downloaded from osgeo: https://repo.osgeo.org/repository/release/it/geosolutions/jaiext/stats/jt-stats/1.1.24/jt-stats-1.1.24.jar (36 kB at 25 kB/s)
[INFO] Downloading from osgeo: https://repo.osgeo.org/repository/release/it/geosolutions/jaiext/binarize/jt-binarize/1.1.24/jt-binarize-1.1.24.jar
[INFO] Downloaded from osgeo: https://repo.osgeo.org/repository/release/it/geosolutions/jaiext/utilities/jt-utilities/1.1.24/jt-utilities-1.1.24.jar (187 kB at 124 kB/s)
[INFO] Downloading from osgeo: https://repo.osgeo.org/repository/release/it/geosolutions/jaiext/format/jt-format/1.1.24/jt-format-1.1.24.jar
[INFO] Downloaded from osgeo: https://repo.osgeo.org/repository/release/it/geosolutions/jaiext/warp/jt-warp/1.1.24/jt-warp-1.1.24.jar (70 kB at 47 kB/s)
[INFO] Downloading from osgeo: https://repo.osgeo.org/repository/release/it/geosolutions/jaiext/colorconvert/jt-colorconvert/1.1.24/jt-colorconvert-1.1.24.jar
[INFO] Downloaded from osgeo: https://repo.osgeo.org/repository/release/it/geosolutions/jaiext/translate/jt-translate/1.1.24/jt-translate-1.1.24.jar (10 kB at 6.8 kB/s)
[INFO] Downloading from osgeo: https://repo.osgeo.org/repository/release/it/geosolutions/jaiext/errordiffusion/jt-errordiffusion/1.1.24/jt-errordiffusion-1.1.24.jar
[INFO] Downloaded from osgeo: https://repo.osgeo.org/repository/release/it/geosolutions/jaiext/zonal/jt-zonal/1.1.24/jt-zonal-1.1.24.jar (34 kB at 22 kB/s)
[INFO] Downloading from osgeo: https://repo.osgeo.org/repository/release/it/geosolutions/jaiext/orderdither/jt-orderdither/1.1.24/jt-orderdither-1.1.24.jar
[INFO] Downloaded from osgeo: https://repo.osgeo.org/repository/release/it/geosolutions/jaiext/binarize/jt-binarize/1.1.24/jt-binarize-1.1.24.jar (15 kB at 9.4 kB/s)
[INFO] Downloading from osgeo: https://repo.osgeo.org/repository/release/it/geosolutions/jaiext/colorindexer/jt-colorindexer/1.1.24/jt-colorindexer-1.1.24.jar
[INFO] Downloaded from osgeo: https://repo.osgeo.org/repository/release/it/geosolutions/jaiext/format/jt-format/1.1.24/jt-format-1.1.24.jar (7.3 kB at 4.4 kB/s)
[INFO] Downloading from osgeo: https://repo.osgeo.org/repository/release/it/geosolutions/jaiext/imagefunction/jt-imagefunction/1.1.24/jt-imagefunction-1.1.24.jar
[INFO] Downloaded from osgeo: https://repo.osgeo.org/repository/release/it/geosolutions/jaiext/colorconvert/jt-colorconvert/1.1.24/jt-colorconvert-1.1.24.jar (71 kB at 43 kB/s)
[INFO] Downloaded from osgeo: https://repo.osgeo.org/repository/release/it/geosolutions/jaiext/errordiffusion/jt-errordiffusion/1.1.24/jt-errordiffusion-1.1.24.jar (19 kB at 12 kB/s)
[INFO] Downloading from osgeo: https://repo.osgeo.org/repository/release/it/geosolutions/jaiext/classifier/jt-classifier/1.1.24/jt-classifier-1.1.24.jar
[INFO] Downloading from osgeo: https://repo.osgeo.org/repository/release/it/geosolutions/jaiext/piecewise/jt-piecewise/1.1.24/jt-piecewise-1.1.24.jar
[INFO] Downloaded from osgeo: https://repo.osgeo.org/repository/release/it/geosolutions/jaiext/orderdither/jt-orderdither/1.1.24/jt-orderdither-1.1.24.jar (28 kB at 16 kB/s)
[INFO] Downloading from osgeo: https://repo.osgeo.org/repository/release/it/geosolutions/jaiext/rlookup/jt-rlookup/1.1.24/jt-rlookup-1.1.24.jar
[INFO] Downloaded from osgeo: https://repo.osgeo.org/repository/release/it/geosolutions/jaiext/colorindexer/jt-colorindexer/1.1.24/jt-colorindexer-1.1.24.jar (41 kB at 24 kB/s)
[INFO] Downloading from osgeo: https://repo.osgeo.org/repository/release/it/geosolutions/jaiext/vectorbin/jt-vectorbin/1.1.24/jt-vectorbin-1.1.24.jar
[INFO] Downloaded from osgeo: https://repo.osgeo.org/repository/release/it/geosolutions/jaiext/imagefunction/jt-imagefunction/1.1.24/jt-imagefunction-1.1.24.jar (13 kB at 7.3 kB/s)
[INFO] Downloading from osgeo: https://repo.osgeo.org/repository/release/it/geosolutions/jaiext/shadedrelief/jt-shadedrelief/1.1.24/jt-shadedrelief-1.1.24.jar
[INFO] Downloaded from osgeo: https://repo.osgeo.org/repository/release/it/geosolutions/jaiext/classifier/jt-classifier/1.1.24/jt-classifier-1.1.24.jar (19 kB at 11 kB/s)
[INFO] Downloading from osgeo: https://repo.osgeo.org/repository/release/javax/media/jai_imageio/1.1/jai_imageio-1.1.jar
[INFO] Downloaded from osgeo: https://repo.osgeo.org/repository/release/it/geosolutions/jaiext/piecewise/jt-piecewise/1.1.24/jt-piecewise-1.1.24.jar (38 kB at 21 kB/s)
[INFO] Downloading from osgeo: https://repo.osgeo.org/repository/release/it/geosolutions/imageio-ext/imageio-ext-tiff/1.4.7/imageio-ext-tiff-1.4.7.jar
[INFO] Downloaded from osgeo: https://repo.osgeo.org/repository/release/it/geosolutions/jaiext/rlookup/jt-rlookup/1.1.24/jt-rlookup-1.1.24.jar (19 kB at 10 kB/s)
[INFO] Downloading from osgeo: https://repo.osgeo.org/repository/release/it/geosolutions/imageio-ext/imageio-ext-utilities/1.4.7/imageio-ext-utilities-1.4.7.jar
[INFO] Downloaded from osgeo: https://repo.osgeo.org/repository/release/it/geosolutions/jaiext/vectorbin/jt-vectorbin/1.1.24/jt-vectorbin-1.1.24.jar (19 kB at 10 kB/s)
[INFO] Downloading from osgeo: https://repo.osgeo.org/repository/release/it/geosolutions/imageio-ext/imageio-ext-geocore/1.4.7/imageio-ext-geocore-1.4.7.jar
[INFO] Downloaded from osgeo: https://repo.osgeo.org/repository/release/it/geosolutions/jaiext/shadedrelief/jt-shadedrelief/1.1.24/jt-shadedrelief-1.1.24.jar (39 kB at 20 kB/s)
[INFO] Downloading from osgeo: https://repo.osgeo.org/repository/release/javax/media/jai_codec/1.1.3/jai_codec-1.1.3.jar
[INFO] Downloaded from osgeo: https://repo.osgeo.org/repository/release/it/geosolutions/imageio-ext/imageio-ext-tiff/1.4.7/imageio-ext-tiff-1.4.7.jar (371 kB at 189 kB/s)
[INFO] Downloading from osgeo: https://repo.osgeo.org/repository/release/it/geosolutions/imageio-ext/imageio-ext-cog-reader/1.4.7/imageio-ext-cog-reader-1.4.7.jar
[INFO] Downloaded from osgeo: https://repo.osgeo.org/repository/release/javax/media/jai_imageio/1.1/jai_imageio-1.1.jar (1.1 MB at 581 kB/s)
[INFO] Downloading from osgeo: https://repo.osgeo.org/repository/release/it/geosolutions/imageio-ext/imageio-ext-cog-commons/1.4.7/imageio-ext-cog-commons-1.4.7.jar
[INFO] Downloaded from osgeo: https://repo.osgeo.org/repository/release/it/geosolutions/imageio-ext/imageio-ext-utilities/1.4.7/imageio-ext-utilities-1.4.7.jar (43 kB at 21 kB/s)
[INFO] Downloading from osgeo: https://repo.osgeo.org/repository/release/it/geosolutions/imageio-ext/imageio-ext-cog-streams/1.4.7/imageio-ext-cog-streams-1.4.7.jar
[INFO] Downloaded from osgeo: https://repo.osgeo.org/repository/release/it/geosolutions/imageio-ext/imageio-ext-geocore/1.4.7/imageio-ext-geocore-1.4.7.jar (51 kB at 25 kB/s)
[INFO] Downloading from osgeo: https://repo.osgeo.org/repository/release/org/geotools/gt-arcgrid/28.2/gt-arcgrid-28.2.jar
[INFO] Downloaded from osgeo: https://repo.osgeo.org/repository/release/javax/media/jai_codec/1.1.3/jai_codec-1.1.3.jar (258 kB at 123 kB/s)
[INFO] Downloading from osgeo: https://repo.osgeo.org/repository/release/it/geosolutions/imageio-ext/imageio-ext-arcgrid/1.4.7/imageio-ext-arcgrid-1.4.7.jar
[INFO] Downloaded from osgeo: https://repo.osgeo.org/repository/release/it/geosolutions/imageio-ext/imageio-ext-cog-reader/1.4.7/imageio-ext-cog-reader-1.4.7.jar (9.5 kB at 4.5 kB/s)
[INFO] Downloading from osgeo: https://repo.osgeo.org/repository/release/it/geosolutions/imageio-ext/imageio-ext-streams/1.4.7/imageio-ext-streams-1.4.7.jar
[INFO] Downloaded from osgeo: https://repo.osgeo.org/repository/release/it/geosolutions/imageio-ext/imageio-ext-cog-commons/1.4.7/imageio-ext-cog-commons-1.4.7.jar (13 kB at 6.4 kB/s)
[INFO] Downloading from osgeo: https://repo.osgeo.org/repository/release/org/geotools/gt-process-feature/28.2/gt-process-feature-28.2.jar
[INFO] Downloaded from osgeo: https://repo.osgeo.org/repository/release/org/geotools/gt-arcgrid/28.2/gt-arcgrid-28.2.jar (24 kB at 11 kB/s)
[INFO] Downloading from osgeo: https://repo.osgeo.org/repository/release/org/geotools/gt-process/28.2/gt-process-28.2.jar
[INFO] Downloaded from osgeo: https://repo.osgeo.org/repository/release/it/geosolutions/imageio-ext/imageio-ext-cog-streams/1.4.7/imageio-ext-cog-streams-1.4.7.jar (17 kB at 7.9 kB/s)
[INFO] Downloading from osgeo: https://repo.osgeo.org/repository/release/org/geotools/gt-grid/28.2/gt-grid-28.2.jar
[INFO] Downloaded from osgeo: https://repo.osgeo.org/repository/release/it/geosolutions/imageio-ext/imageio-ext-arcgrid/1.4.7/imageio-ext-arcgrid-1.4.7.jar (42 kB at 19 kB/s)
[INFO] Downloading from osgeo: https://repo.osgeo.org/repository/release/org/geotools/gt-cql/28.2/gt-cql-28.2.jar
[INFO] Downloaded from osgeo: https://repo.osgeo.org/repository/release/it/geosolutions/imageio-ext/imageio-ext-streams/1.4.7/imageio-ext-streams-1.4.7.jar (54 kB at 24 kB/s)
[INFO] Downloading from osgeo: https://repo.osgeo.org/repository/release/it/geosolutions/jaiext/jiffle/jt-jiffle-language/1.1.24/jt-jiffle-language-1.1.24.jar
[INFO] Downloaded from osgeo: https://repo.osgeo.org/repository/release/org/geotools/gt-process-feature/28.2/gt-process-feature-28.2.jar (184 kB at 79 kB/s)
[INFO] Downloaded from osgeo: https://repo.osgeo.org/repository/release/org/geotools/gt-grid/28.2/gt-grid-28.2.jar (41 kB at 18 kB/s)
[INFO] Downloaded from osgeo: https://repo.osgeo.org/repository/release/org/geotools/gt-process/28.2/gt-process-28.2.jar (60 kB at 26 kB/s)
[INFO] Downloaded from osgeo: https://repo.osgeo.org/repository/release/org/geotools/gt-cql/28.2/gt-cql-28.2.jar (201 kB at 83 kB/s)
[INFO] Downloaded from osgeo: https://repo.osgeo.org/repository/release/it/geosolutions/jaiext/jiffle/jt-jiffle-language/1.1.24/jt-jiffle-language-1.1.24.jar (273 kB at 112 kB/s)
[INFO] 
[INFO] --- maven-clean-plugin:3.1.0:clean (default-clean) @ sedona-common ---
[INFO] 
[INFO] --- maven-remote-resources-plugin:1.7.0:process (process-resource-bundles) @ sedona-common ---
[INFO] Preparing remote bundle org.apache:apache-jar-resource-bundle:1.4
[INFO] Copying 3 resources from 1 bundle.
[INFO] artifact org.eclipse.emf:org.eclipse.emf.common: checking for updates from maven-central
[INFO] artifact org.eclipse.emf:org.eclipse.emf.common: checking for updates from osgeo
[INFO] artifact org.eclipse.emf:org.eclipse.emf.common: checking for updates from unidata-all
[WARNING] repository metadata for: 'artifact org.eclipse.emf:org.eclipse.emf.common' could not be retrieved from repository: unidata-all due to an error: Transfer failed for https://artifacts.unidata.ucar.edu/repository/unidata-all/org/eclipse/emf/org.eclipse.emf.common/maven-metadata.xml
[INFO] artifact org.eclipse.emf:org.eclipse.emf.common: checking for updates from central
[INFO] artifact org.eclipse.emf:org.eclipse.emf.ecore: checking for updates from maven-central
[INFO] artifact org.eclipse.emf:org.eclipse.emf.ecore: checking for updates from osgeo
[INFO] artifact org.eclipse.emf:org.eclipse.emf.ecore: checking for updates from unidata-all
[WARNING] repository metadata for: 'artifact org.eclipse.emf:org.eclipse.emf.ecore' could not be retrieved from repository: unidata-all due to an error: Transfer failed for https://artifacts.unidata.ucar.edu/repository/unidata-all/org/eclipse/emf/org.eclipse.emf.ecore/maven-metadata.xml
[INFO] artifact org.eclipse.emf:org.eclipse.emf.ecore: checking for updates from central
[INFO] artifact org.eclipse.emf:org.eclipse.emf.common: checking for updates from maven-central
[INFO] artifact org.eclipse.emf:org.eclipse.emf.common: checking for updates from osgeo
[INFO] artifact org.eclipse.emf:org.eclipse.emf.common: checking for updates from unidata-all
[WARNING] repository metadata for: 'artifact org.eclipse.emf:org.eclipse.emf.common' could not be retrieved from repository: unidata-all due to an error: Transfer failed for https://artifacts.unidata.ucar.edu/repository/unidata-all/org/eclipse/emf/org.eclipse.emf.common/maven-metadata.xml
[INFO] artifact org.eclipse.emf:org.eclipse.emf.common: checking for updates from central
[INFO] artifact org.eclipse.emf:org.eclipse.emf.ecore: checking for updates from maven-central
[INFO] artifact org.eclipse.emf:org.eclipse.emf.ecore: checking for updates from osgeo
[INFO] artifact org.eclipse.emf:org.eclipse.emf.ecore: checking for updates from unidata-all
[WARNING] repository metadata for: 'artifact org.eclipse.emf:org.eclipse.emf.ecore' could not be retrieved from repository: unidata-all due to an error: Transfer failed for https://artifacts.unidata.ucar.edu/repository/unidata-all/org/eclipse/emf/org.eclipse.emf.ecore/maven-metadata.xml
[INFO] artifact org.eclipse.emf:org.eclipse.emf.ecore: checking for updates from central
[INFO] artifact org.eclipse.emf:org.eclipse.emf.common: checking for updates from maven-central
[INFO] artifact org.eclipse.emf:org.eclipse.emf.common: checking for updates from osgeo
[INFO] artifact org.eclipse.emf:org.eclipse.emf.common: checking for updates from unidata-all
[WARNING] repository metadata for: 'artifact org.eclipse.emf:org.eclipse.emf.common' could not be retrieved from repository: unidata-all due to an error: Transfer failed for https://artifacts.unidata.ucar.edu/repository/unidata-all/org/eclipse/emf/org.eclipse.emf.common/maven-metadata.xml
[INFO] artifact org.eclipse.emf:org.eclipse.emf.common: checking for updates from central
[INFO] artifact org.eclipse.emf:org.eclipse.emf.ecore: checking for updates from maven-central
[INFO] artifact org.eclipse.emf:org.eclipse.emf.ecore: checking for updates from osgeo
[INFO] artifact org.eclipse.emf:org.eclipse.emf.ecore: checking for updates from unidata-all
[WARNING] repository metadata for: 'artifact org.eclipse.emf:org.eclipse.emf.ecore' could not be retrieved from repository: unidata-all due to an error: Transfer failed for https://artifacts.unidata.ucar.edu/repository/unidata-all/org/eclipse/emf/org.eclipse.emf.ecore/maven-metadata.xml
[INFO] artifact org.eclipse.emf:org.eclipse.emf.ecore: checking for updates from central
[INFO] artifact org.eclipse.emf:org.eclipse.emf.common: checking for updates from maven-central
[INFO] artifact org.eclipse.emf:org.eclipse.emf.common: checking for updates from osgeo
[INFO] artifact org.eclipse.emf:org.eclipse.emf.common: checking for updates from unidata-all
[WARNING] repository metadata for: 'artifact org.eclipse.emf:org.eclipse.emf.common' could not be retrieved from repository: unidata-all due to an error: Transfer failed for https://artifacts.unidata.ucar.edu/repository/unidata-all/org/eclipse/emf/org.eclipse.emf.common/maven-metadata.xml
[INFO] artifact org.eclipse.emf:org.eclipse.emf.common: checking for updates from central
[INFO] artifact org.eclipse.emf:org.eclipse.emf.ecore: checking for updates from maven-central
[INFO] artifact org.eclipse.emf:org.eclipse.emf.ecore: checking for updates from osgeo
[INFO] artifact org.eclipse.emf:org.eclipse.emf.ecore: checking for updates from unidata-all
[WARNING] repository metadata for: 'artifact org.eclipse.emf:org.eclipse.emf.ecore' could not be retrieved from repository: unidata-all due to an error: Transfer failed for https://artifacts.unidata.ucar.edu/repository/unidata-all/org/eclipse/emf/org.eclipse.emf.ecore/maven-metadata.xml
[INFO] artifact org.eclipse.emf:org.eclipse.emf.ecore: checking for updates from central
[INFO] 
[INFO] --- maven-resources-plugin:3.1.0:resources (default-resources) @ sedona-common ---
[INFO] Using 'UTF-8' encoding to copy filtered resources.
[INFO] skip non existing resourceDirectory /home/srafi/after-cam-ready/compare_/compile_repair_output/work/41fa59f97307/common/src/main/resources
[INFO] Copying 3 resources
[INFO] 
[INFO] --- maven-compiler-plugin:3.10.1:compile (default-compile) @ sedona-common ---
[INFO] Changes detected - recompiling the module!
[INFO] Compiling 59 source files to /home/srafi/after-cam-ready/compare_/compile_repair_output/work/41fa59f97307/common/target/classes
[WARNING] /home/srafi/after-cam-ready/compare_/compile_repair_output/work/41fa59f97307/common/src/main/java/org/apache/sedona/common/geometrySerde/UnsafeGeometryBuffer.java:[28,16] sun.misc.Unsafe is internal proprietary API and may be removed in a future release
[WARNING] /home/srafi/after-cam-ready/compare_/compile_repair_output/work/41fa59f97307/common/src/main/java/org/apache/sedona/common/geometrySerde/UnsafeGeometryBuffer.java:[33,26] sun.misc.Unsafe is internal proprietary API and may be removed in a future release
[WARNING] /home/srafi/after-cam-ready/compare_/compile_repair_output/work/41fa59f97307/common/src/main/java/org/apache/sedona/common/geometrySerde/UnsafeGeometryBuffer.java:[37,9] sun.misc.Unsafe is internal proprietary API and may be removed in a future release
[WARNING] /home/srafi/after-cam-ready/compare_/compile_repair_output/work/41fa59f97307/common/src/main/java/org/apache/sedona/common/geometrySerde/UnsafeGeometryBuffer.java:[40,31] sun.misc.Unsafe is internal proprietary API and may be removed in a future release
[WARNING] /home/srafi/after-cam-ready/compare_/compile_repair_output/work/41fa59f97307/common/src/main/java/org/apache/sedona/common/geometrySerde/UnsafeGeometryBuffer.java:[42,23] sun.misc.Unsafe is internal proprietary API and may be removed in a future release
[INFO] /home/srafi/after-cam-ready/compare_/compile_repair_output/work/41fa59f97307/common/src/main/java/org/apache/sedona/common/raster/DeepCopiedRenderedImage.java: /home/srafi/after-cam-ready/compare_/compile_repair_output/work/41fa59f97307/common/src/main/java/org/apache/sedona/common/raster/DeepCopiedRenderedImage.java uses or overrides a deprecated API.
[INFO] /home/srafi/after-cam-ready/compare_/compile_repair_output/work/41fa59f97307/common/src/main/java/org/apache/sedona/common/raster/DeepCopiedRenderedImage.java: Recompile with -Xlint:deprecation for details.
[INFO] /home/srafi/after-cam-ready/compare_/compile_repair_output/work/41fa59f97307/common/src/main/java/org/apache/sedona/common/utils/GeomUtils.java: Some input files use unchecked or unsafe operations.
[INFO] /home/srafi/after-cam-ready/compare_/compile_repair_output/work/41fa59f97307/common/src/main/java/org/apache/sedona/common/utils/GeomUtils.java: Recompile with -Xlint:unchecked for details.
[INFO] 
[INFO] --- maven-compiler-plugin:3.10.1:compile (default) @ sedona-common ---
[INFO] Changes detected - recompiling the module!
[INFO] Compiling 59 source files to /home/srafi/after-cam-ready/compare_/compile_repair_output/work/41fa59f97307/common/target/classes
[WARNING] /home/srafi/after-cam-ready/compare_/compile_repair_output/work/41fa59f97307/common/src/main/java/org/apache/sedona/common/geometrySerde/UnsafeGeometryBuffer.java:[28,16] sun.misc.Unsafe is internal proprietary API and may be removed in a future release
[WARNING] /home/srafi/after-cam-ready/compare_/compile_repair_output/work/41fa59f97307/common/src/main/java/org/apache/sedona/common/geometrySerde/UnsafeGeometryBuffer.java:[33,26] sun.misc.Unsafe is internal proprietary API and may be removed in a future release
[WARNING] /home/srafi/after-cam-ready/compare_/compile_repair_output/work/41fa59f97307/common/src/main/java/org/apache/sedona/common/geometrySerde/UnsafeGeometryBuffer.java:[37,9] sun.misc.Unsafe is internal proprietary API and may be removed in a future release
[WARNING] /home/srafi/after-cam-ready/compare_/compile_repair_output/work/41fa59f97307/common/src/main/java/org/apache/sedona/common/geometrySerde/UnsafeGeometryBuffer.java:[40,31] sun.misc.Unsafe is internal proprietary API and may be removed in a future release
[WARNING] /home/srafi/after-cam-ready/compare_/compile_repair_output/work/41fa59f97307/common/src/main/java/org/apache/sedona/common/geometrySerde/UnsafeGeometryBuffer.java:[42,23] sun.misc.Unsafe is internal proprietary API and may be removed in a future release
[INFO] /home/srafi/after-cam-ready/compare_/compile_repair_output/work/41fa59f97307/common/src/main/java/org/apache/sedona/common/raster/DeepCopiedRenderedImage.java: /home/srafi/after-cam-ready/compare_/compile_repair_output/work/41fa59f97307/common/src/main/java/org/apache/sedona/common/raster/DeepCopiedRenderedImage.java uses or overrides a deprecated API.
[INFO] /home/srafi/after-cam-ready/compare_/compile_repair_output/work/41fa59f97307/common/src/main/java/org/apache/sedona/common/raster/DeepCopiedRenderedImage.java: Recompile with -Xlint:deprecation for details.
[INFO] /home/srafi/after-cam-ready/compare_/compile_repair_output/work/41fa59f97307/common/src/main/java/org/apache/sedona/common/utils/GeomUtils.java: Some input files use unchecked or unsafe operations.
[INFO] /home/srafi/after-cam-ready/compare_/compile_repair_output/work/41fa59f97307/common/src/main/java/org/apache/sedona/common/utils/GeomUtils.java: Recompile with -Xlint:unchecked for details.
[INFO] 
[INFO] --- maven-resources-plugin:3.1.0:testResources (default-testResources) @ sedona-common ---
[INFO] Using 'UTF-8' encoding to copy filtered resources.
[INFO] Copying 1 resource
[INFO] Copying 3 resources
[INFO] 
[INFO] --- maven-compiler-plugin:3.10.1:testCompile (default-testCompile) @ sedona-common ---
[INFO] Changes detected - recompiling the module!
[INFO] Compiling 31 source files to /home/srafi/after-cam-ready/compare_/compile_repair_output/work/41fa59f97307/common/target/test-classes
[INFO] /home/srafi/after-cam-ready/compare_/compile_repair_output/work/41fa59f97307/common/src/test/java/org/apache/sedona/common/geometrySerde/SpatialIndexSerdeTest.java: /home/srafi/after-cam-ready/compare_/compile_repair_output/work/41fa59f97307/common/src/test/java/org/apache/sedona/common/geometrySerde/SpatialIndexSerdeTest.java uses or overrides a deprecated API.
[INFO] /home/srafi/after-cam-ready/compare_/compile_repair_output/work/41fa59f97307/common/src/test/java/org/apache/sedona/common/geometrySerde/SpatialIndexSerdeTest.java: Recompile with -Xlint:deprecation for details.
[INFO] 
[INFO] --- maven-surefire-plugin:3.0.0-M8-SNAPSHOT:test (default-test) @ sedona-common ---
[INFO] Downloading from apache.snapshots: https://repository.apache.org/snapshots/org/apache/maven/surefire/maven-surefire-common/3.0.0-M8-SNAPSHOT/maven-metadata.xml
[INFO] Downloading from apache.snapshots: https://repository.apache.org/snapshots/org/apache/maven/surefire/surefire-api/3.0.0-M8-SNAPSHOT/maven-metadata.xml
[INFO] Downloading from apache.snapshots: https://repository.apache.org/snapshots/org/apache/maven/surefire/surefire-logger-api/3.0.0-M8-SNAPSHOT/maven-metadata.xml
[INFO] Downloading from apache.snapshots: https://repository.apache.org/snapshots/org/apache/maven/surefire/surefire-shared-utils/3.0.0-M8-SNAPSHOT/maven-metadata.xml
[INFO] Downloading from apache.snapshots: https://repository.apache.org/snapshots/org/apache/maven/surefire/surefire-extensions-api/3.0.0-M8-SNAPSHOT/maven-metadata.xml
[INFO] Downloading from apache.snapshots: https://repository.apache.org/snapshots/org/apache/maven/surefire/surefire-booter/3.0.0-M8-SNAPSHOT/maven-metadata.xml
[INFO] Downloading from apache.snapshots: https://repository.apache.org/snapshots/org/apache/maven/surefire/surefire-extensions-spi/3.0.0-M8-SNAPSHOT/maven-metadata.xml
[INFO] Tests are skipped.
[INFO] 
[INFO] --- maven-jar-plugin:3.2.0:jar (default-jar) @ sedona-common ---
[INFO] Building jar: /home/srafi/after-cam-ready/compare_/compile_repair_output/work/41fa59f97307/common/target/sedona-common-1.5.1-SNAPSHOT.jar
[INFO] 
[INFO] --- maven-site-plugin:3.7.1:attach-descriptor (attach-descriptor) @ sedona-common ---
[INFO] Skipping because packaging 'jar' is not pom.
[INFO] 
[INFO] --- resolved-pom-maven-plugin:1.0:resolve-pom (resolve-my-pom) @ sedona-common ---
[INFO] Filtering pom at /home/srafi/after-cam-ready/compare_/compile_repair_output/work/41fa59f97307/common/pom.xml to /home/srafi/after-cam-ready/compare_/compile_repair_output/work/41fa59f97307/common/target/resolved-pom.xml
[INFO] Filtered pom to /home/srafi/after-cam-ready/compare_/compile_repair_output/work/41fa59f97307/common/target/resolved-pom.xml
[INFO] 
[INFO] --- maven-javadoc-plugin:2.10.4:jar (attach-javadocs) @ sedona-common ---
[INFO] Skipping javadoc generation
[INFO] 
[INFO] --- checksum-maven-plugin:1.9:artifacts (default) @ sedona-common ---
[INFO] sedona-common-1.5.1-SNAPSHOT.jar - SHA-512 : 901ce47caa7cc89bd9bcced0ddad28983e50dfb73d6e4acdd8e1fd0fce87a7fb4a9fcdd1de8aeb38b98a3dfb2912c8f82fa6f4c65a4f72bfa290e2342ccb5483
[INFO] 
[INFO] --- maven-install-plugin:2.5.2:install (default-install) @ sedona-common ---
[INFO] Got a request to merge metadata for: project org.apache.sedona:sedona-common sedona-common-1.5.1-SNAPSHOT.pom
[INFO] Installing /home/srafi/after-cam-ready/compare_/compile_repair_output/work/41fa59f97307/common/target/sedona-common-1.5.1-SNAPSHOT.jar to /home/srafi/.m2/repository/org/apache/sedona/sedona-common/1.5.1-SNAPSHOT/sedona-common-1.5.1-SNAPSHOT.jar
[INFO] Installing /home/srafi/after-cam-ready/compare_/compile_repair_output/work/41fa59f97307/common/target/resolved-pom.xml to /home/srafi/.m2/repository/org/apache/sedona/sedona-common/1.5.1-SNAPSHOT/sedona-common-1.5.1-SNAPSHOT.pom
[INFO] ------------------------------------------------------------------------
[INFO] Reactor Summary for sedona-parent 1.5.1-SNAPSHOT:
[INFO] 
[INFO] sedona-parent ...................................... SUCCESS [  1.721 s]
[INFO] org.apache.sedona:sedona-common .................... SUCCESS [ 38.989 s]
[INFO] ------------------------------------------------------------------------
[INFO] BUILD SUCCESS
[INFO] ------------------------------------------------------------------------
[INFO] Total time:  40.835 s
[INFO] Finished at: 2026-08-15T16:01:27-04:00
[INFO] ------------------------------------------------------------------------
