JAVA_HOME=/usr/lib/jvm/java-8-openjdk-amd64
COMMAND=mvn -B clean install -DskipTests -U -Ddependency-check.skip=true -Dgpg.skip=true -DfailIfNoTests=false -Dskip.installnodenpm=true -Dskip.npm=true -Dskip.yarn=true -Dlicense.skip=true -Dcheckstyle.skip=true -Drat.skip=true -Denforcer.skip=true -Danimal.sniffer.skip=true -Dmaven.javadoc.skip=true -Dfindbugs.skip=true -Dspotbugs.skip=true -Dwarbucks.skip=true -Dmodernizer.skip=true -Dimpsort.skip=true -Dmdep.analyze.skip=true -Dpgpverify.skip=true -Dxml.skip=true -Dcobertura.skip=true

[INFO] Scanning for projects...
Warning: KebabPizza disabling incompatible org.apache.maven.plugins:maven-enforcer-plugin from karaf
Warning: KebabPizza disabling incompatible org.apache.maven.plugins:maven-enforcer-plugin from jaas
Warning: KebabPizza disabling incompatible org.apache.maven.plugins:maven-enforcer-plugin from org.apache.karaf.jaas.boot
Warning: KebabPizza disabling incompatible org.apache.maven.plugins:maven-enforcer-plugin from org.apache.karaf.util
Warning: KebabPizza disabling incompatible org.apache.maven.plugins:maven-enforcer-plugin from org.apache.karaf.main
Warning: KebabPizza disabling incompatible org.apache.maven.plugins:maven-enforcer-plugin from features
Warning: KebabPizza disabling incompatible org.apache.maven.plugins:maven-enforcer-plugin from org.apache.karaf.features.extension
Warning: KebabPizza disabling incompatible org.apache.maven.plugins:maven-enforcer-plugin from service
Warning: KebabPizza disabling incompatible org.apache.maven.plugins:maven-enforcer-plugin from org.apache.karaf.service.guard
Warning: KebabPizza disabling incompatible org.apache.maven.plugins:maven-enforcer-plugin from shell
Warning: KebabPizza disabling incompatible org.apache.maven.plugins:maven-enforcer-plugin from org.apache.karaf.shell.core
Warning: KebabPizza disabling incompatible org.apache.maven.plugins:maven-enforcer-plugin from tooling
Warning: KebabPizza disabling incompatible org.apache.maven.plugins:maven-enforcer-plugin from karaf-services-maven-plugin
Warning: KebabPizza disabling incompatible org.apache.maven.plugins:maven-enforcer-plugin from org.apache.karaf.features.core
Warning: KebabPizza disabling incompatible org.apache.maven.plugins:maven-enforcer-plugin from org.apache.karaf.features.command
Warning: KebabPizza disabling incompatible org.apache.maven.plugins:maven-enforcer-plugin from org.apache.karaf.kar.core
Warning: KebabPizza disabling incompatible org.apache.maven.plugins:maven-enforcer-plugin from org.apache.karaf.jaas.config
Warning: KebabPizza disabling incompatible org.apache.maven.plugins:maven-enforcer-plugin from org.apache.karaf.jaas.modules
Warning: KebabPizza disabling incompatible org.apache.maven.plugins:maven-enforcer-plugin from bundle
Warning: KebabPizza disabling incompatible org.apache.maven.plugins:maven-enforcer-plugin from org.apache.karaf.bundle.core
Warning: KebabPizza disabling incompatible org.apache.maven.plugins:maven-enforcer-plugin from org.apache.karaf.bundle.blueprintstate
Warning: KebabPizza disabling incompatible org.apache.maven.plugins:maven-enforcer-plugin from org.apache.karaf.bundle.springstate
Warning: KebabPizza disabling incompatible org.apache.maven.plugins:maven-enforcer-plugin from org.apache.karaf.config.core
Warning: KebabPizza disabling incompatible org.apache.maven.plugins:maven-enforcer-plugin from org.apache.karaf.tools.utils
Warning: KebabPizza disabling incompatible org.apache.maven.plugins:maven-enforcer-plugin from deployer
Warning: KebabPizza disabling incompatible org.apache.maven.plugins:maven-enforcer-plugin from org.apache.karaf.deployer.blueprint
Warning: KebabPizza disabling incompatible org.apache.maven.plugins:maven-enforcer-plugin from org.apache.karaf.deployer.spring
Warning: KebabPizza disabling incompatible org.apache.maven.plugins:maven-enforcer-plugin from org.apache.karaf.profile.core
Warning: KebabPizza disabling incompatible org.apache.maven.plugins:maven-enforcer-plugin from org.apache.karaf.instance.core
Warning: KebabPizza disabling incompatible org.apache.maven.plugins:maven-enforcer-plugin from org.apache.karaf.package.core
Warning: KebabPizza disabling incompatible org.apache.maven.plugins:maven-enforcer-plugin from org.apache.karaf.http.core
Warning: KebabPizza disabling incompatible org.apache.maven.plugins:maven-enforcer-plugin from org.apache.karaf.service.core
Warning: KebabPizza disabling incompatible org.apache.maven.plugins:maven-enforcer-plugin from org.apache.karaf.log.core
Warning: KebabPizza disabling incompatible org.apache.maven.plugins:maven-enforcer-plugin from org.apache.karaf.deployer.features
Warning: KebabPizza disabling incompatible org.apache.maven.plugins:maven-enforcer-plugin from org.apache.karaf.deployer.kar
Warning: KebabPizza disabling incompatible org.apache.maven.plugins:maven-enforcer-plugin from org.apache.karaf.deployer.wrap
Warning: KebabPizza disabling incompatible org.apache.maven.plugins:maven-enforcer-plugin from org.apache.karaf.shell.commands
Warning: KebabPizza disabling incompatible org.apache.maven.plugins:maven-enforcer-plugin from org.apache.karaf.shell.console
Warning: KebabPizza disabling incompatible org.apache.maven.plugins:maven-enforcer-plugin from org.apache.karaf.shell.table
Warning: KebabPizza disabling incompatible org.apache.maven.plugins:maven-enforcer-plugin from org.apache.karaf.shell.ssh
Warning: KebabPizza disabling incompatible org.apache.maven.plugins:maven-enforcer-plugin from org.apache.karaf.jaas.jasypt
Warning: KebabPizza disabling incompatible org.apache.maven.plugins:maven-enforcer-plugin from org.apache.karaf.jaas.command
Warning: KebabPizza disabling incompatible org.apache.maven.plugins:maven-enforcer-plugin from blueprint
Warning: KebabPizza disabling incompatible org.apache.maven.plugins:maven-enforcer-plugin from org.apache.karaf.jaas.blueprint.config
Warning: KebabPizza disabling incompatible org.apache.maven.plugins:maven-enforcer-plugin from org.apache.karaf.jaas.blueprint.jasypt
Warning: KebabPizza disabling incompatible org.apache.maven.plugins:maven-enforcer-plugin from org.apache.karaf.client
Warning: KebabPizza disabling incompatible org.apache.maven.plugins:maven-enforcer-plugin from management
Warning: KebabPizza disabling incompatible org.apache.maven.plugins:maven-enforcer-plugin from org.apache.karaf.management.server
Warning: KebabPizza disabling incompatible org.apache.maven.plugins:maven-enforcer-plugin from org.apache.karaf.system.core
Warning: KebabPizza disabling incompatible org.apache.maven.plugins:maven-enforcer-plugin from org.apache.karaf.web.core
Warning: KebabPizza disabling incompatible org.apache.maven.plugins:maven-enforcer-plugin from org.apache.karaf.wrapper.core
Warning: KebabPizza disabling incompatible org.apache.maven.plugins:maven-enforcer-plugin from webconsole
Warning: KebabPizza disabling incompatible org.apache.maven.plugins:maven-enforcer-plugin from org.apache.karaf.webconsole.console
Warning: KebabPizza disabling incompatible org.apache.maven.plugins:maven-enforcer-plugin from org.apache.karaf.webconsole.features
Warning: KebabPizza disabling incompatible org.apache.maven.plugins:maven-enforcer-plugin from org.apache.karaf.webconsole.gogo
Warning: KebabPizza disabling incompatible org.apache.maven.plugins:maven-enforcer-plugin from org.apache.karaf.webconsole.http
Warning: KebabPizza disabling incompatible org.apache.maven.plugins:maven-enforcer-plugin from org.apache.karaf.webconsole.instance
Warning: KebabPizza disabling incompatible org.apache.maven.plugins:maven-enforcer-plugin from org.apache.karaf.scheduler.core
Warning: KebabPizza disabling incompatible org.apache.maven.plugins:maven-enforcer-plugin from scr
Warning: KebabPizza disabling incompatible org.apache.maven.plugins:maven-enforcer-plugin from org.apache.karaf.scr.management
Warning: KebabPizza disabling incompatible org.apache.maven.plugins:maven-enforcer-plugin from org.apache.karaf.scr.state
Warning: KebabPizza disabling incompatible org.apache.maven.plugins:maven-enforcer-plugin from org.apache.karaf.scr.examples
Warning: KebabPizza disabling incompatible org.apache.maven.plugins:maven-enforcer-plugin from org.apache.karaf.scr.examples.service
Warning: KebabPizza disabling incompatible org.apache.maven.plugins:maven-enforcer-plugin from org.apache.karaf.scr.examples.managed.service
Warning: KebabPizza disabling incompatible org.apache.maven.plugins:maven-enforcer-plugin from org.apache.karaf.scr.examples.component.factories
Warning: KebabPizza disabling incompatible org.apache.maven.plugins:maven-enforcer-plugin from diagnostic
Warning: KebabPizza disabling incompatible org.apache.maven.plugins:maven-enforcer-plugin from org.apache.karaf.diagnostic.boot
Warning: KebabPizza disabling incompatible org.apache.maven.plugins:maven-enforcer-plugin from org.apache.karaf.diagnostic.core
Warning: KebabPizza disabling incompatible org.apache.maven.plugins:maven-enforcer-plugin from org.apache.karaf.obr.core
Warning: KebabPizza disabling incompatible org.apache.maven.plugins:maven-enforcer-plugin from org.apache.karaf.docker.core
Warning: KebabPizza disabling incompatible org.apache.maven.plugins:maven-enforcer-plugin from org.apache.karaf.jndi.core
Warning: KebabPizza disabling incompatible org.apache.maven.plugins:maven-enforcer-plugin from org.apache.karaf.jdbc.core
Warning: KebabPizza disabling incompatible org.apache.maven.plugins:maven-enforcer-plugin from org.apache.karaf.jms.core
Warning: KebabPizza disabling incompatible org.apache.maven.plugins:maven-enforcer-plugin from jpa-parent
Warning: KebabPizza disabling incompatible org.apache.maven.plugins:maven-enforcer-plugin from hibernate
Warning: KebabPizza disabling incompatible org.apache.maven.plugins:maven-enforcer-plugin from org.apache.karaf.maven.core
Warning: KebabPizza disabling incompatible org.apache.maven.plugins:maven-enforcer-plugin from maven-parent
Warning: KebabPizza disabling incompatible org.apache.maven.plugins:maven-enforcer-plugin from org.apache.karaf.services.coordinator
Warning: KebabPizza disabling incompatible org.apache.maven.plugins:maven-enforcer-plugin from org.apache.karaf.services.eventadmin
Warning: KebabPizza disabling incompatible org.apache.maven.plugins:maven-enforcer-plugin from org.apache.karaf.services.staticcm
Warning: KebabPizza disabling incompatible org.apache.maven.plugins:maven-enforcer-plugin from services
Warning: KebabPizza disabling incompatible org.apache.maven.plugins:maven-enforcer-plugin from org.apache.karaf.audit.core
Warning: KebabPizza disabling incompatible org.apache.maven.plugins:maven-enforcer-plugin from org.apache.karaf.subsystem.core
Warning: KebabPizza disabling incompatible org.apache.maven.plugins:maven-enforcer-plugin from org.apache.karaf.event
Warning: KebabPizza disabling incompatible org.apache.maven.plugins:maven-enforcer-plugin from karaf-maven-plugin
Warning: KebabPizza disabling incompatible org.jacoco:jacoco-maven-plugin from karaf-maven-plugin
Warning: KebabPizza disabling incompatible org.apache.maven.plugins:maven-enforcer-plugin from manual
Warning: KebabPizza disabling incompatible org.apache.maven.plugins:maven-enforcer-plugin from specs
Warning: KebabPizza disabling incompatible org.apache.maven.plugins:maven-enforcer-plugin from org.apache.karaf.specs.locator
Warning: KebabPizza disabling incompatible org.apache.maven.plugins:maven-enforcer-plugin from org.apache.karaf.specs.activator
Warning: KebabPizza disabling incompatible org.apache.maven.plugins:maven-enforcer-plugin from org.apache.karaf.specs.java.xml
Warning: KebabPizza disabling incompatible org.apache.maven.plugins:maven-enforcer-plugin from org.apache.karaf.specs.java.xml.ws
Warning: KebabPizza disabling incompatible org.apache.maven.plugins:maven-enforcer-plugin from assemblies
Warning: KebabPizza disabling incompatible org.apache.maven.plugins:maven-enforcer-plugin from features
Warning: KebabPizza disabling incompatible org.apache.maven.plugins:maven-enforcer-plugin from base
Warning: KebabPizza disabling incompatible org.apache.maven.plugins:maven-enforcer-plugin from framework
Warning: KebabPizza disabling incompatible org.apache.maven.plugins:maven-enforcer-plugin from static
Warning: KebabPizza disabling incompatible org.apache.maven.plugins:maven-enforcer-plugin from standard
Warning: KebabPizza disabling incompatible org.apache.maven.plugins:maven-enforcer-plugin from spring
Warning: KebabPizza disabling incompatible org.apache.maven.plugins:maven-enforcer-plugin from spring-legacy
Warning: KebabPizza disabling incompatible org.apache.maven.plugins:maven-enforcer-plugin from enterprise
Warning: KebabPizza disabling incompatible org.apache.maven.plugins:maven-enforcer-plugin from enterprise-legacy
Warning: KebabPizza disabling incompatible org.apache.maven.plugins:maven-enforcer-plugin from apache-karaf-minimal
Warning: KebabPizza disabling incompatible org.apache.maven.plugins:maven-enforcer-plugin from apache-karaf
Warning: KebabPizza disabling incompatible org.apache.maven.plugins:maven-enforcer-plugin from apache-karaf-examples
Warning: KebabPizza disabling incompatible org.apache.maven.plugins:maven-enforcer-plugin from karaf-blueprint-example
Warning: KebabPizza disabling incompatible org.apache.maven.plugins:maven-enforcer-plugin from karaf-blueprint-example-common
Warning: KebabPizza disabling incompatible org.apache.maven.plugins:maven-enforcer-plugin from karaf-blueprint-example-provider
Warning: KebabPizza disabling incompatible org.apache.maven.plugins:maven-enforcer-plugin from karaf-blueprint-example-client
Warning: KebabPizza disabling incompatible org.apache.maven.plugins:maven-enforcer-plugin from karaf-blueprint-example-features
Warning: KebabPizza disabling incompatible org.apache.maven.plugins:maven-enforcer-plugin from karaf-branding-example
Warning: KebabPizza disabling incompatible org.apache.maven.plugins:maven-enforcer-plugin from karaf-bundle-example
Warning: KebabPizza disabling incompatible org.apache.maven.plugins:maven-enforcer-plugin from karaf-bundle-example-common
Warning: KebabPizza disabling incompatible org.apache.maven.plugins:maven-enforcer-plugin from karaf-bundle-example-provider
Warning: KebabPizza disabling incompatible org.apache.maven.plugins:maven-enforcer-plugin from karaf-bundle-example-client
Warning: KebabPizza disabling incompatible org.apache.maven.plugins:maven-enforcer-plugin from karaf-bundle-example-features
Warning: KebabPizza disabling incompatible org.apache.maven.plugins:maven-enforcer-plugin from karaf-camel-example
Warning: KebabPizza disabling incompatible org.apache.maven.plugins:maven-enforcer-plugin from karaf-camel-example-java
Warning: KebabPizza disabling incompatible org.apache.maven.plugins:maven-enforcer-plugin from karaf-camel-example-blueprint
Warning: KebabPizza disabling incompatible org.apache.maven.plugins:maven-enforcer-plugin from karaf-camel-example-features
Warning: KebabPizza disabling incompatible org.apache.maven.plugins:maven-enforcer-plugin from karaf-command-example
Warning: KebabPizza disabling incompatible org.apache.maven.plugins:maven-enforcer-plugin from karaf-command-example-api
Warning: KebabPizza disabling incompatible org.apache.maven.plugins:maven-enforcer-plugin from karaf-command-example-provider
Warning: KebabPizza disabling incompatible org.apache.maven.plugins:maven-enforcer-plugin from karaf-command-example-command
Warning: KebabPizza disabling incompatible org.apache.maven.plugins:maven-enforcer-plugin from karaf-command-example-features
Warning: KebabPizza disabling incompatible org.apache.maven.plugins:maven-enforcer-plugin from karaf-config-example
Warning: KebabPizza disabling incompatible org.apache.maven.plugins:maven-enforcer-plugin from karaf-config-example-static
Warning: KebabPizza disabling incompatible org.apache.maven.plugins:maven-enforcer-plugin from karaf-config-example-managed
Warning: KebabPizza disabling incompatible org.apache.maven.plugins:maven-enforcer-plugin from karaf-config-example-managed-factory
Warning: KebabPizza disabling incompatible org.apache.maven.plugins:maven-enforcer-plugin from karaf-config-example-listener
Warning: KebabPizza disabling incompatible org.apache.maven.plugins:maven-enforcer-plugin from karaf-config-example-blueprint
Warning: KebabPizza disabling incompatible org.apache.maven.plugins:maven-enforcer-plugin from karaf-config-example-scr
Warning: KebabPizza disabling incompatible org.apache.maven.plugins:maven-enforcer-plugin from karaf-config-example-features
Warning: KebabPizza disabling incompatible org.apache.maven.plugins:maven-enforcer-plugin from karaf-deployer-example
Warning: KebabPizza disabling incompatible org.apache.maven.plugins:maven-enforcer-plugin from karaf-dump-example
Warning: KebabPizza disabling incompatible org.apache.maven.plugins:maven-enforcer-plugin from karaf-http-resource-example
Warning: KebabPizza disabling incompatible org.apache.maven.plugins:maven-enforcer-plugin from karaf-http-resource-example-whiteboard
Warning: KebabPizza disabling incompatible org.apache.maven.plugins:maven-enforcer-plugin from karaf-http-resource-example-features
Warning: KebabPizza disabling incompatible org.apache.maven.plugins:maven-enforcer-plugin from karaf-log-appender-example
Warning: KebabPizza disabling incompatible org.apache.maven.plugins:maven-enforcer-plugin from karaf-log-appender-example-core
Warning: KebabPizza disabling incompatible org.apache.maven.plugins:maven-enforcer-plugin from karaf-log-appender-example-features
Warning: KebabPizza disabling incompatible org.apache.maven.plugins:maven-enforcer-plugin from karaf-jdbc-example
Warning: KebabPizza disabling incompatible org.apache.maven.plugins:maven-enforcer-plugin from karaf-jdbc-example-api
Warning: KebabPizza disabling incompatible org.apache.maven.plugins:maven-enforcer-plugin from karaf-jdbc-example-provider
Warning: KebabPizza disabling incompatible org.apache.maven.plugins:maven-enforcer-plugin from karaf-jdbc-example-command
Warning: KebabPizza disabling incompatible org.apache.maven.plugins:maven-enforcer-plugin from karaf-jdbc-example-features
Warning: KebabPizza disabling incompatible org.apache.maven.plugins:maven-enforcer-plugin from karaf-jms-example
Warning: KebabPizza disabling incompatible org.apache.maven.plugins:maven-enforcer-plugin from karaf-jms-example-command
Warning: KebabPizza disabling incompatible org.apache.maven.plugins:maven-enforcer-plugin from karaf-jms-example-features
Warning: KebabPizza disabling incompatible org.apache.maven.plugins:maven-enforcer-plugin from karaf-jpa-example
Warning: KebabPizza disabling incompatible org.apache.maven.plugins:maven-enforcer-plugin from karaf-jpa-example-provider
Warning: KebabPizza disabling incompatible org.apache.maven.plugins:maven-enforcer-plugin from karaf-jpa-example-provider-api
Warning: KebabPizza disabling incompatible org.apache.maven.plugins:maven-enforcer-plugin from karaf-jpa-example-provider-ds
Warning: KebabPizza disabling incompatible org.apache.maven.plugins:maven-enforcer-plugin from karaf-jpa-example-provider-ds-eclipselink
Warning: KebabPizza disabling incompatible org.apache.maven.plugins:maven-enforcer-plugin from karaf-jpa-example-provider-ds-hibernate
Warning: KebabPizza disabling incompatible org.apache.maven.plugins:maven-enforcer-plugin from karaf-jpa-example-provider-ds-openjpa
Warning: KebabPizza disabling incompatible org.apache.maven.plugins:maven-enforcer-plugin from karaf-jpa-example-provider-blueprint
Warning: KebabPizza disabling incompatible org.apache.maven.plugins:maven-enforcer-plugin from karaf-jpa-example-provider-blueprint-eclipselink
Warning: KebabPizza disabling incompatible org.apache.maven.plugins:maven-enforcer-plugin from karaf-jpa-example-provider-blueprint-hibernate
Warning: KebabPizza disabling incompatible org.apache.maven.plugins:maven-enforcer-plugin from karaf-jpa-example-provider-blueprint-openjpa
Warning: KebabPizza disabling incompatible org.apache.maven.plugins:maven-enforcer-plugin from karaf-jpa-example-command
Warning: KebabPizza disabling incompatible org.apache.maven.plugins:maven-enforcer-plugin from karaf-jpa-example-features
Warning: KebabPizza disabling incompatible org.apache.maven.plugins:maven-enforcer-plugin from itests
Warning: KebabPizza disabling incompatible org.apache.maven.plugins:maven-enforcer-plugin from common
Warning: KebabPizza disabling incompatible org.apache.maven.plugins:maven-enforcer-plugin from karaf-itest-example
Warning: KebabPizza disabling incompatible org.apache.maven.plugins:maven-enforcer-plugin from karaf-maven-example
Warning: KebabPizza disabling incompatible org.apache.maven.plugins:maven-enforcer-plugin from karaf-maven-example-run
Warning: KebabPizza disabling incompatible org.apache.maven.plugins:maven-enforcer-plugin from karaf-maven-example-run-bundle
Warning: KebabPizza disabling incompatible org.apache.maven.plugins:maven-enforcer-plugin from karaf-mbean-example
Warning: KebabPizza disabling incompatible org.apache.maven.plugins:maven-enforcer-plugin from karaf-mbean-example-api
Warning: KebabPizza disabling incompatible org.apache.maven.plugins:maven-enforcer-plugin from karaf-mbean-example-provider
Warning: KebabPizza disabling incompatible org.apache.maven.plugins:maven-enforcer-plugin from karaf-mbean-example-simple
Warning: KebabPizza disabling incompatible org.apache.maven.plugins:maven-enforcer-plugin from karaf-mbean-example-blueprint
Warning: KebabPizza disabling incompatible org.apache.maven.plugins:maven-enforcer-plugin from karaf-mbean-example-scr
Warning: KebabPizza disabling incompatible org.apache.maven.plugins:maven-enforcer-plugin from karaf-mbean-example-features
Warning: KebabPizza disabling incompatible org.apache.maven.plugins:maven-enforcer-plugin from karaf-profile-example
Warning: KebabPizza disabling incompatible org.apache.maven.plugins:maven-enforcer-plugin from karaf-profile-example-registry
Warning: KebabPizza disabling incompatible org.apache.maven.plugins:maven-enforcer-plugin from karaf-profile-example-dynamic
Warning: KebabPizza disabling incompatible org.apache.maven.plugins:maven-enforcer-plugin from karaf-profile-example-static
Warning: KebabPizza disabling incompatible org.apache.maven.plugins:maven-enforcer-plugin from karaf-url-namespace-handler-example
Warning: KebabPizza disabling incompatible org.apache.maven.plugins:maven-enforcer-plugin from karaf-url-namespace-handler-example-core
Warning: KebabPizza disabling incompatible org.apache.maven.plugins:maven-enforcer-plugin from karaf-url-namespace-handler-example-features
Warning: KebabPizza disabling incompatible org.apache.maven.plugins:maven-enforcer-plugin from karaf-rest-example
Warning: KebabPizza disabling incompatible org.apache.maven.plugins:maven-enforcer-plugin from karaf-rest-example-api
Warning: KebabPizza disabling incompatible org.apache.maven.plugins:maven-enforcer-plugin from karaf-rest-example-provider
Warning: KebabPizza disabling incompatible org.apache.maven.plugins:maven-enforcer-plugin from karaf-rest-example-client
Warning: KebabPizza disabling incompatible org.apache.maven.plugins:maven-enforcer-plugin from karaf-rest-example-client-cxf
Warning: KebabPizza disabling incompatible org.apache.maven.plugins:maven-enforcer-plugin from karaf-rest-example-client-http
Warning: KebabPizza disabling incompatible org.apache.maven.plugins:maven-enforcer-plugin from karaf-rest-example-features
Warning: KebabPizza disabling incompatible org.apache.maven.plugins:maven-enforcer-plugin from karaf-rest-example-whiteboard
Warning: KebabPizza disabling incompatible org.apache.maven.plugins:maven-enforcer-plugin from karaf-servlet-example
Warning: KebabPizza disabling incompatible org.apache.maven.plugins:maven-enforcer-plugin from karaf-servlet-example-annotation
Warning: KebabPizza disabling incompatible org.apache.maven.plugins:maven-enforcer-plugin from karaf-servlet-example-registration
Warning: KebabPizza disabling incompatible org.apache.maven.plugins:maven-enforcer-plugin from karaf-servlet-example-blueprint
Warning: KebabPizza disabling incompatible org.apache.maven.plugins:maven-enforcer-plugin from karaf-servlet-example-scr
Warning: KebabPizza disabling incompatible org.apache.maven.plugins:maven-enforcer-plugin from karaf-servlet-example-features
Warning: KebabPizza disabling incompatible org.apache.maven.plugins:maven-enforcer-plugin from karaf-scheduler-example
Warning: KebabPizza disabling incompatible org.apache.maven.plugins:maven-enforcer-plugin from karaf-scheduler-example-runnable
Warning: KebabPizza disabling incompatible org.apache.maven.plugins:maven-enforcer-plugin from karaf-scheduler-example-features
Warning: KebabPizza disabling incompatible org.apache.maven.plugins:maven-enforcer-plugin from karaf-scr-example
Warning: KebabPizza disabling incompatible org.apache.maven.plugins:maven-enforcer-plugin from karaf-scr-example-api
Warning: KebabPizza disabling incompatible org.apache.maven.plugins:maven-enforcer-plugin from karaf-scr-example-provider
Warning: KebabPizza disabling incompatible org.apache.maven.plugins:maven-enforcer-plugin from karaf-scr-example-client
Warning: KebabPizza disabling incompatible org.apache.maven.plugins:maven-enforcer-plugin from karaf-scr-example-features
Warning: KebabPizza disabling incompatible org.apache.maven.plugins:maven-enforcer-plugin from karaf-soap-example
Warning: KebabPizza disabling incompatible org.apache.maven.plugins:maven-enforcer-plugin from karaf-soap-example-api
Warning: KebabPizza disabling incompatible org.apache.maven.plugins:maven-enforcer-plugin from karaf-soap-example-provider
Warning: KebabPizza disabling incompatible org.apache.maven.plugins:maven-enforcer-plugin from karaf-soap-example-client
Warning: KebabPizza disabling incompatible org.apache.maven.plugins:maven-enforcer-plugin from karaf-soap-example-features
Warning: KebabPizza disabling incompatible org.apache.maven.plugins:maven-enforcer-plugin from karaf-websocket-example
Warning: KebabPizza disabling incompatible org.apache.maven.plugins:maven-enforcer-plugin from karaf-war-example
Warning: KebabPizza disabling incompatible org.apache.maven.plugins:maven-enforcer-plugin from karaf-war-example-webapp
Warning: KebabPizza disabling incompatible org.apache.maven.plugins:maven-enforcer-plugin from karaf-war-example-features
Warning: KebabPizza disabling incompatible org.apache.maven.plugins:maven-enforcer-plugin from archetypes
Warning: KebabPizza disabling incompatible org.apache.maven.plugins:maven-enforcer-plugin from karaf-assembly-archetype
Warning: KebabPizza disabling incompatible org.apache.maven.plugins:maven-enforcer-plugin from karaf-command-archetype
Warning: KebabPizza disabling incompatible org.apache.maven.plugins:maven-enforcer-plugin from karaf-feature-archetype
Warning: KebabPizza disabling incompatible org.apache.maven.plugins:maven-enforcer-plugin from karaf-kar-archetype
Warning: KebabPizza disabling incompatible org.apache.maven.plugins:maven-enforcer-plugin from karaf-bundle-archetype
Warning: KebabPizza disabling incompatible org.apache.maven.plugins:maven-enforcer-plugin from karaf-blueprint-archetype
Warning: KebabPizza disabling incompatible org.apache.maven.plugins:maven-enforcer-plugin from tests
[WARNING] The project org.apache.karaf:karaf:pom:4.2.3-SNAPSHOT uses prerequisites which is only intended for maven-plugin projects but not for non maven-plugin projects. For such purposes you should use the maven-enforcer-plugin. See https://maven.apache.org/enforcer/enforcer-rules/requireMavenVersion.html
[INFO] ------------------------------------------------------------------------
[INFO] Reactor Build Order:
[INFO] 
[INFO] Apache Karaf                                                       [pom]
[INFO] Apache Karaf :: JAAS                                               [pom]
[INFO] Apache Karaf :: JAAS :: Boot                                    [bundle]
[INFO] Apache Karaf :: Util                                               [jar]
[INFO] Apache Karaf :: Main                                            [bundle]
[INFO] Apache Karaf :: Features                                           [pom]
[INFO] Apache Karaf :: Features :: Extension                           [bundle]
[INFO] Apache Karaf :: Service                                            [pom]
[INFO] Apache Karaf :: Service :: Guard                                [bundle]
[INFO] Apache Karaf :: Shell                                              [pom]
[INFO] Apache Karaf :: Shell :: Core                                   [bundle]
[INFO] Apache Karaf :: Tooling                                            [pom]
[INFO] Apache Karaf :: Tooling :: Maven Karaf Plugin for Services Metadata [maven-plugin]
[INFO] Apache Karaf :: Features :: Core                                [bundle]
[INFO] Apache Karaf :: Features :: Command                             [bundle]
[INFO] Apache Karaf :: KAR :: Core                                     [bundle]
[INFO] Apache Karaf :: JAAS :: Config                                  [bundle]
[INFO] Apache Karaf :: JAAS :: Modules                                 [bundle]
[INFO] Apache Karaf :: Bundle                                             [pom]
[INFO] Apache Karaf :: Bundle :: Core                                  [bundle]
[INFO] Apache Karaf :: Bundle :: BlueprintStateService                 [bundle]
[INFO] Apache Karaf :: Bundle :: SpringStateService                    [bundle]
[INFO] Apache Karaf :: ConfigAdmin :: Core                             [bundle]
[INFO] Apache Karaf :: Tooling :: Utils                                [bundle]
[INFO] Apache Karaf :: Deployer                                           [pom]
[INFO] Apache Karaf :: Deployer :: Blueprint                           [bundle]
[INFO] Apache Karaf :: Deployer :: Spring                              [bundle]
[INFO] Apache Karaf :: Profile :: Core                                 [bundle]
[INFO] Apache Karaf :: Instance :: Core                                [bundle]
[INFO] Apache Karaf :: Package :: Core                                 [bundle]
[INFO] Apache Karaf :: HTTP :: Core                                    [bundle]
[INFO] Apache Karaf :: Service :: Core                                 [bundle]
[INFO] Apache Karaf :: Log :: Core                                     [bundle]
[INFO] Apache Karaf :: Deployer :: Features                            [bundle]
[INFO] Apache Karaf :: Deployer :: Karaf Archive (.kar)                [bundle]
[INFO] Apache Karaf :: Deployer :: Wrap Non OSGi Jar                   [bundle]
[INFO] Apache Karaf :: Shell :: Various Commands                       [bundle]
[INFO] Apache Karaf :: Shell :: Console                                [bundle]
[INFO] Apache Karaf :: Shell :: Table                                  [bundle]
[INFO] Apache Karaf :: Shell :: SSH                                    [bundle]
[INFO] Apache Karaf :: JAAS :: Jasypt Encryption                       [bundle]
[INFO] Apache Karaf :: JAAS :: Command                                 [bundle]
[INFO] Apache Karaf :: JAAS :: Blueprint                                  [pom]
[INFO] Apache Karaf :: JAAS :: Blueprint :: Config                     [bundle]
[INFO] Apache Karaf :: JAAS :: Blueprint :: Jasypt                     [bundle]
[INFO] Apache Karaf :: Client                                          [bundle]
[INFO] Apache Karaf :: Management                                         [pom]
[INFO] Apache Karaf :: Management                                      [bundle]
[INFO] Apache Karaf :: System :: Core                                  [bundle]
[INFO] Apache Karaf :: Web :: Core                                     [bundle]
[INFO] Apache Karaf :: Wrapper :: Core                                 [bundle]
[INFO] Apache Karaf :: Web Console                                        [pom]
[INFO] Apache Karaf :: Web Console :: Console                          [bundle]
[INFO] Apache Karaf :: Web Console :: Features Plugin                  [bundle]
[INFO] Apache Karaf :: Web Console :: Gogo Plugin                      [bundle]
[INFO] Apache Karaf :: Web Console :: HTTP Plugin                      [bundle]
[INFO] Apache Karaf :: Web Console :: Instance Plugin                  [bundle]
[INFO] Apache Karaf :: Scheduler :: Core                               [bundle]
[INFO] Apache Karaf :: Declarative Services (DS)                          [pom]
[INFO] Apache Karaf :: SCR :: Management MBeans                        [bundle]
[INFO] Apache Karaf :: SCR :: Bundle State                             [bundle]
[INFO] Apache Karaf :: SCR :: Examples                                    [pom]
[INFO] Apache Karaf :: SCR :: Examples :: Basic Service                [bundle]
[INFO] Apache Karaf :: SCR :: Examples :: Managed Services             [bundle]
[INFO] Apache Karaf :: SCR :: Examples :: Component Factories          [bundle]
[INFO] Apache Karaf :: Diagnostic                                         [pom]
[INFO] Apache Karaf :: Diagnostic :: Boot                              [bundle]
[INFO] Apache Karaf :: Diagnostic :: Core                              [bundle]
[INFO] Apache Karaf :: OBR :: Core                                     [bundle]
[INFO] Apache Karaf :: Docker :: Core                                  [bundle]
[INFO] Apache Karaf :: JNDI :: Core                                    [bundle]
[INFO] Apache Karaf :: JDBC :: Core                                    [bundle]
[INFO] Apache Karaf :: JMS :: Core                                     [bundle]
[INFO] Apache Karaf :: JPA :: Parent                                      [pom]
[INFO] Apache Karaf :: JPA :: Hibernate                                [bundle]
[INFO] Apache Karaf :: Maven :: Core                                   [bundle]
[INFO] Apache Karaf :: Maven                                              [pom]
[INFO] Apache Karaf :: OSGi Services :: Coordinator                    [bundle]
[INFO] Apache Karaf :: OSGi Services :: EventAdmin                     [bundle]
[INFO] Apache Karaf :: OSGi Services :: Static ConfigAdmin             [bundle]
[INFO] Apache Karaf :: OSGi Services                                      [pom]
[INFO] Apache Karaf :: Audit :: Core                                   [bundle]
[INFO] Apache Karaf :: Subsystem :: Core                               [bundle]
[INFO] Apache Karaf :: OSGi Services :: Event                          [bundle]
[INFO] Apache Karaf :: Tooling :: Maven Karaf Plugin             [maven-plugin]
[INFO] Apache Karaf :: Manual                                          [bundle]
[INFO] Apache Karaf :: Specs                                              [pom]
[INFO] Apache Karaf :: Specs :: Locator                                   [jar]
[INFO] Apache Karaf :: Specs :: Activator                                 [jar]
[INFO] Apache Karaf :: Specs :: Java Xml                                  [jar]
[INFO] Apache Karaf :: Specs :: Java Xml WS                               [jar]
[INFO] Apache Karaf :: Assemblies                                         [pom]
[INFO] Apache Karaf :: Assemblies :: Features                             [pom]
[INFO] Apache Karaf :: Assemblies :: Features :: Base                     [jar]
[INFO] Apache Karaf :: Assemblies :: Features :: Framework                [pom]
[INFO] Apache Karaf :: Assemblies :: Features :: Static                   [pom]
[INFO] Apache Karaf :: Assemblies :: Features :: Standard                 [pom]
[INFO] Apache Karaf :: Assemblies :: Features :: Spring                   [pom]
[INFO] Apache Karaf :: Assemblies :: Features :: Spring Legacy            [pom]
[INFO] Apache Karaf :: Assemblies :: Features :: Enterprise               [pom]
[INFO] Apache Karaf :: Assemblies :: Features :: Enterprise Legacy        [pom]
[INFO] Apache Karaf :: Assemblies :: Minimal Distribution                 [pom]
[INFO] Apache Karaf :: Assemblies :: Default Distribution                 [pom]
[INFO] Apache Karaf :: Examples                                           [pom]
[INFO] Apache Karaf :: Examples :: Blueprint                              [pom]
[INFO] Apache Karaf :: Examples :: Blueprint :: Common                 [bundle]
[INFO] Apache Karaf :: Examples :: Blueprint :: Provider               [bundle]
[INFO] Apache Karaf :: Examples :: Blueprint :: Client                 [bundle]
[INFO] Apache Karaf :: Examples :: Blueprint :: Features                  [pom]
[INFO] Apache Karaf :: Examples :: Branding                            [bundle]
[INFO] Apache Karaf :: Examples :: Bundle                                 [pom]
[INFO] Apache Karaf :: Examples :: Bundle :: Common                    [bundle]
[INFO] Apache Karaf :: Examples :: Bundle :: Provider                  [bundle]
[INFO] Apache Karaf :: Examples :: Bundle :: Client                    [bundle]
[INFO] Apache Karaf :: Examples :: Bundle :: Features                     [pom]
[INFO] Apache Karaf :: Examples :: Camel                                  [pom]
[INFO] Apache Karaf :: Examples :: Camel :: Java DSL                   [bundle]
[INFO] Apache Karaf :: Examples :: Camel :: Blueprint DSL                 [pom]
[INFO] Apache Karaf :: Examples :: Camel :: Features                      [pom]
[INFO] Apache Karaf :: Examples :: Shell Command                          [pom]
[INFO] Apache Karaf :: Examples :: Shell Command :: API                [bundle]
[INFO] Apache Karaf :: Examples :: Shell Command :: Service Provider   [bundle]
[INFO] Apache Karaf :: Examples :: Shell Command :: Command            [bundle]
[INFO] Apache Karaf :: Examples :: Shell Command :: Features              [pom]
[INFO] Apache Karaf :: Examples :: Configuration                          [pom]
[INFO] Apache Karaf :: Examples :: Configuration :: Static             [bundle]
[INFO] Apache Karaf :: Examples :: Configuration :: Managed            [bundle]
[INFO] Apache Karaf :: Examples :: Configuration :: Managed Factory    [bundle]
[INFO] Apache Karaf :: Examples :: Configuration :: Listener           [bundle]
[INFO] Apache Karaf :: Examples :: Configuration :: Blueprint          [bundle]
[INFO] Apache Karaf :: Examples :: Configuration :: SCR                [bundle]
[INFO] Apache Karaf :: Examples :: Configuration :: Features              [pom]
[INFO] Apache Karaf :: Examples :: Deployer                            [bundle]
[INFO] Apache Karaf :: Examples :: Dump                                [bundle]
[INFO] Apache Karaf :: Examples :: HTTP Resource                          [pom]
[INFO] Apache Karaf :: Examples :: HTTP Resource :: Whiteboard         [bundle]
[INFO] Apache Karaf :: Examples :: HTTP Resource :: Features              [pom]
[INFO] Apache Karaf :: Examples :: Log Appender                           [pom]
[INFO] Apache Karaf :: Examples :: Log Appender :: Core                [bundle]
[INFO] Apache Karaf :: Examples :: Log Appender :: Features               [pom]
[INFO] Apache Karaf :: Examples :: JDBC                                   [pom]
[INFO] Apache Karaf :: Examples :: JDBC :: API                         [bundle]
[INFO] Apache Karaf :: Examples :: JDBC :: Service Provider            [bundle]
[INFO] Apache Karaf :: Examples :: JDBC :: Command                     [bundle]
[INFO] Apache Karaf :: Examples :: JDBC :: Features                       [pom]
[INFO] Apache Karaf :: Examples :: JMS                                    [pom]
[INFO] Apache Karaf :: Examples :: JMS :: Command                      [bundle]
[INFO] Apache Karaf :: Examples :: JMS :: Features                        [pom]
[INFO] Apache Karaf :: Examples :: JPA                                    [pom]
[INFO] Apache Karaf :: Examples :: JPA :: Provider                        [pom]
[INFO] Apache Karaf :: Examples :: JPA :: Provider :: API              [bundle]
[INFO] Apache Karaf :: Examples :: JPA :: Provider :: Declarative Service [pom]
[INFO] Apache Karaf :: Examples :: JPA :: Provider :: Declarative Service :: EclipseLink [bundle]
[INFO] Apache Karaf :: Examples :: JPA :: Provider :: Declarative Service :: Hibernate [bundle]
[INFO] Apache Karaf :: Examples :: JPA :: Provider :: Declarative Service :: OpenJPA [bundle]
[INFO] Apache Karaf :: Examples :: JPA :: Provider :: Blueprint           [pom]
[INFO] Apache Karaf :: Examples :: JPA :: Provider :: Blueprint :: EclipseLink [bundle]
[INFO] Apache Karaf :: Examples :: JPA :: Provider :: Blueprint :: Hibernate [bundle]
[INFO] Apache Karaf :: Examples :: JPA :: Provider :: Blueprint :: OpenJPA [bundle]
[INFO] Apache Karaf :: Examples :: JPA :: Command                      [bundle]
[INFO] Apache Karaf :: Examples :: JPA :: Features                        [pom]
[INFO] Apache Karaf :: Integration Tests                                  [pom]
[INFO] Apache Karaf :: Integration Tests :: Common                     [bundle]
[INFO] Apache Karaf :: Examples :: Integration Tests                      [jar]
[INFO] Apache Karaf :: Examples :: Maven                                  [pom]
[INFO] Apache Karaf :: Examples :: Maven :: Run                           [pom]
[INFO] Apache Karaf :: Examples :: Maven :: Run Bundle                 [bundle]
[INFO] Apache Karaf :: Examples :: MBean                                  [pom]
[INFO] Apache Karaf :: Examples :: MBean :: API                        [bundle]
[INFO] Apache Karaf :: Examples :: MBean :: Service Provider           [bundle]
[INFO] Apache Karaf :: Examples :: MBean :: Simple                     [bundle]
[INFO] Apache Karaf :: Examples :: MBean :: Blueprint                  [bundle]
[INFO] Apache Karaf :: Examples :: MBean :: SCR                        [bundle]
[INFO] Apache Karaf :: Examples :: MBean :: Features                      [pom]
[INFO] Apache Karaf :: Examples :: Profile                                [pom]
[INFO] Apache Karaf :: Examples :: Profile :: Registry                    [jar]
[INFO] Apache Karaf :: Examples :: Profile :: Dynamic Assembly            [jar]
[INFO] Apache Karaf :: Examples :: Profile :: Static Assembly             [pom]
[INFO] Apache Karaf :: Examples :: URL Namespace Handler                  [pom]
[INFO] Apache Karaf :: Examples :: URL Namespace Handler :: Core       [bundle]
[INFO] Apache Karaf :: Examples :: URL Namespace Handler :: Features      [pom]
[INFO] Apache Karaf :: Examples :: REST                                   [pom]
[INFO] Apache Karaf :: Examples :: REST :: API                         [bundle]
[INFO] Apache Karaf :: Examples :: REST :: Provider                    [bundle]
[INFO] Apache Karaf :: Examples :: REST :: Client                         [pom]
[INFO] Apache Karaf :: Examples :: REST :: Client :: Apache CXF        [bundle]
[INFO] Apache Karaf :: Examples :: REST :: Client :: Java HTTP         [bundle]
[INFO] Apache Karaf :: Examples :: REST :: Features                       [pom]
[INFO] Apache Karaf :: Examples :: REST :: Whiteboard                  [bundle]
[INFO] Apache Karaf :: Examples :: Servlet                                [pom]
[INFO] Apache Karaf :: Examples :: Servlet :: Annotation               [bundle]
[INFO] Apache Karaf :: Examples :: Servlet :: Registration             [bundle]
[INFO] Apache Karaf :: Examples :: Servlet :: Blueprint                [bundle]
[INFO] Apache Karaf :: Examples :: Servlet :: SCR                      [bundle]
[INFO] Apache Karaf :: Examples :: Servlet :: Features                    [pom]
[INFO] Apache Karaf :: Examples :: Scheduler                              [pom]
[INFO] Apache Karaf :: Examples :: Scheduler :: Runnable               [bundle]
[INFO] Apache Karaf :: Examples :: Scheduler :: Features                  [pom]
[INFO] Apache Karaf :: Examples :: SCR                                    [pom]
[INFO] Apache Karaf :: Examples :: SCR :: API                          [bundle]
[INFO] Apache Karaf :: Examples :: SCR :: Service Provider             [bundle]
[INFO] Apache Karaf :: Examples :: SCR :: Client                       [bundle]
[INFO] Apache Karaf :: Examples :: SCR :: Features                        [pom]
[INFO] Apache Karaf :: Examples :: SOAP                                   [pom]
[INFO] Apache Karaf :: Examples :: SOAP :: API                         [bundle]
[INFO] Apache Karaf :: Examples :: SOAP :: Provider                    [bundle]
[INFO] Apache Karaf :: Examples :: SOAP :: Client                      [bundle]
[INFO] Apache Karaf :: Examples :: SOAP :: Features                       [pom]
[INFO] Apache Karaf :: Examples :: Websocket                           [bundle]
[INFO] Apache Karaf :: Examples :: WAR                                    [pom]
[INFO] Apache Karaf :: Examples :: WAR :: WebApp                          [war]
[INFO] Apache Karaf :: Examples :: WAR :: Features                        [pom]
[INFO] Apache Karaf :: Archetypes                                         [pom]
[INFO] Apache Karaf :: Archetypes :: Assembly Archetype       [maven-archetype]
[INFO] Apache Karaf :: Archetypes :: Command Archetype        [maven-archetype]
[INFO] Apache Karaf :: Archetypes :: Feature Archetype        [maven-archetype]
[INFO] Apache Karaf :: Archetypes :: Kar Archetype            [maven-archetype]
[INFO] Apache Karaf :: Archetypes :: Bundle Archetype         [maven-archetype]
[INFO] Apache Karaf :: Archetypes :: Blueprint Archetype      [maven-archetype]
[INFO] Apache Karaf :: Integration Tests :: Tests                         [jar]
[INFO] 
[INFO] -----------------------< org.apache.karaf:karaf >-----------------------
[INFO] Building Apache Karaf 4.2.3-SNAPSHOT                             [1/220]
[INFO] --------------------------------[ pom ]---------------------------------
[INFO] 
[INFO] --- maven-clean-plugin:3.1.0:clean (default-clean) @ karaf ---
[INFO] 
[INFO] --- maven-bundle-plugin:4.1.0:cleanVersions (cleanVersions) @ karaf ---
[INFO] 
[INFO] --- maven-remote-resources-plugin:1.5:process (process-resource-bundles) @ karaf ---
[INFO] 
[INFO] --- maven-remote-resources-plugin:1.5:process (default) @ karaf ---
[INFO] 
[INFO] --- maven-site-plugin:3.7.1:attach-descriptor (attach-descriptor) @ karaf ---
[INFO] No site descriptor found: nothing to attach.
[INFO] 
[INFO] --- maven-install-plugin:3.0.0-M1:install (default-install) @ karaf ---
[INFO] Installing /home/srafi/after-cam-ready/compare_/compile_repair_output/work/f8c14d8531fc/pom.xml to /home/srafi/.m2/repository/org/apache/karaf/karaf/4.2.3-SNAPSHOT/karaf-4.2.3-SNAPSHOT.pom
[INFO] 
[INFO] ---------------------< org.apache.karaf.jaas:jaas >---------------------
[INFO] Building Apache Karaf :: JAAS 4.2.3-SNAPSHOT                     [2/220]
[INFO] --------------------------------[ pom ]---------------------------------
[INFO] 
[INFO] --- maven-clean-plugin:3.1.0:clean (default-clean) @ jaas ---
[INFO] 
[INFO] --- maven-bundle-plugin:4.1.0:cleanVersions (cleanVersions) @ jaas ---
[INFO] 
[INFO] --- maven-remote-resources-plugin:1.5:process (process-resource-bundles) @ jaas ---
[INFO] 
[INFO] --- maven-remote-resources-plugin:1.5:process (default) @ jaas ---
[INFO] 
[INFO] --- maven-site-plugin:3.7.1:attach-descriptor (attach-descriptor) @ jaas ---
[INFO] No site descriptor found: nothing to attach.
[INFO] 
[INFO] --- maven-install-plugin:3.0.0-M1:install (default-install) @ jaas ---
[INFO] Installing /home/srafi/after-cam-ready/compare_/compile_repair_output/work/f8c14d8531fc/jaas/pom.xml to /home/srafi/.m2/repository/org/apache/karaf/jaas/jaas/4.2.3-SNAPSHOT/jaas-4.2.3-SNAPSHOT.pom
[INFO] 
[INFO] ----------< org.apache.karaf.jaas:org.apache.karaf.jaas.boot >----------
[INFO] Building Apache Karaf :: JAAS :: Boot 4.2.3-SNAPSHOT             [3/220]
[INFO] -------------------------------[ bundle ]-------------------------------
[INFO] Downloading from apache-snapshots: https://repository.apache.org/content/groups/snapshots-group/org/apache/maven/plugins/maven-surefire-plugin/3.0.0-M8-SNAPSHOT/maven-metadata.xml
[INFO] Downloading from apache-snapshots: https://repository.apache.org/content/groups/snapshots-group/org/apache/maven/surefire/surefire/3.0.0-M8-SNAPSHOT/maven-metadata.xml
[INFO] 
[INFO] --- maven-clean-plugin:3.1.0:clean (default-clean) @ org.apache.karaf.jaas.boot ---
[INFO] 
[INFO] --- maven-bundle-plugin:4.1.0:cleanVersions (cleanVersions) @ org.apache.karaf.jaas.boot ---
[INFO] 
[INFO] --- maven-remote-resources-plugin:1.5:process (process-resource-bundles) @ org.apache.karaf.jaas.boot ---
[INFO] 
[INFO] --- maven-remote-resources-plugin:1.5:process (default) @ org.apache.karaf.jaas.boot ---
[INFO] 
[INFO] --- maven-resources-plugin:3.1.0:resources (default-resources) @ org.apache.karaf.jaas.boot ---
[INFO] Using 'UTF-8' encoding to copy filtered resources.
[INFO] Copying 1 resource
[INFO] Copying 1 resource
[INFO] Copying 3 resources
[INFO] Copying 3 resources
[INFO] 
[INFO] --- maven-compiler-plugin:3.8.0:compile (default-compile) @ org.apache.karaf.jaas.boot ---
[INFO] Changes detected - recompiling the module!
[INFO] Compiling 7 source files to /home/srafi/after-cam-ready/compare_/compile_repair_output/work/f8c14d8531fc/jaas/boot/target/classes
[INFO] 
[INFO] --- maven-resources-plugin:3.1.0:testResources (default-testResources) @ org.apache.karaf.jaas.boot ---
[INFO] Using 'UTF-8' encoding to copy filtered resources.
[INFO] skip non existing resourceDirectory /home/srafi/after-cam-ready/compare_/compile_repair_output/work/f8c14d8531fc/jaas/boot/src/test/resources
[INFO] Copying 3 resources
[INFO] Copying 3 resources
[INFO] 
[INFO] --- maven-compiler-plugin:3.8.0:testCompile (default-testCompile) @ org.apache.karaf.jaas.boot ---
[INFO] No sources to compile
[INFO] 
[INFO] --- maven-surefire-plugin:3.0.0-M8-SNAPSHOT:test (default-test) @ org.apache.karaf.jaas.boot ---
[INFO] Downloading from apache-snapshots: https://repository.apache.org/content/groups/snapshots-group/org/apache/maven/surefire/maven-surefire-common/3.0.0-M8-SNAPSHOT/maven-metadata.xml
[INFO] Downloading from apache.snapshots: https://repository.apache.org/snapshots/org/apache/maven/surefire/maven-surefire-common/3.0.0-M8-SNAPSHOT/maven-metadata.xml
[INFO] Downloading from apache-snapshots: https://repository.apache.org/content/groups/snapshots-group/org/apache/maven/surefire/surefire-api/3.0.0-M8-SNAPSHOT/maven-metadata.xml
[INFO] Downloading from apache.snapshots: https://repository.apache.org/snapshots/org/apache/maven/surefire/surefire-api/3.0.0-M8-SNAPSHOT/maven-metadata.xml
[INFO] Downloading from apache-snapshots: https://repository.apache.org/content/groups/snapshots-group/org/apache/maven/surefire/surefire-logger-api/3.0.0-M8-SNAPSHOT/maven-metadata.xml
[INFO] Downloading from apache.snapshots: https://repository.apache.org/snapshots/org/apache/maven/surefire/surefire-logger-api/3.0.0-M8-SNAPSHOT/maven-metadata.xml
[INFO] Downloading from apache.snapshots: https://repository.apache.org/snapshots/org/apache/maven/surefire/surefire-shared-utils/3.0.0-M8-SNAPSHOT/maven-metadata.xml
[INFO] Downloading from apache-snapshots: https://repository.apache.org/content/groups/snapshots-group/org/apache/maven/surefire/surefire-shared-utils/3.0.0-M8-SNAPSHOT/maven-metadata.xml
[INFO] Downloading from apache.snapshots: https://repository.apache.org/snapshots/org/apache/maven/surefire/surefire-extensions-api/3.0.0-M8-SNAPSHOT/maven-metadata.xml
[INFO] Downloading from apache-snapshots: https://repository.apache.org/content/groups/snapshots-group/org/apache/maven/surefire/surefire-extensions-api/3.0.0-M8-SNAPSHOT/maven-metadata.xml
[INFO] Downloading from apache-snapshots: https://repository.apache.org/content/groups/snapshots-group/org/apache/maven/surefire/surefire-booter/3.0.0-M8-SNAPSHOT/maven-metadata.xml
[INFO] Downloading from apache.snapshots: https://repository.apache.org/snapshots/org/apache/maven/surefire/surefire-booter/3.0.0-M8-SNAPSHOT/maven-metadata.xml
[INFO] Downloading from apache-snapshots: https://repository.apache.org/content/groups/snapshots-group/org/apache/maven/surefire/surefire-extensions-spi/3.0.0-M8-SNAPSHOT/maven-metadata.xml
[INFO] Downloading from apache.snapshots: https://repository.apache.org/snapshots/org/apache/maven/surefire/surefire-extensions-spi/3.0.0-M8-SNAPSHOT/maven-metadata.xml
[INFO] Tests are skipped.
[INFO] 
[INFO] --- maven-bundle-plugin:4.1.0:bundle (default-bundle) @ org.apache.karaf.jaas.boot ---
[INFO] 
[INFO] --- maven-site-plugin:3.7.1:attach-descriptor (attach-descriptor) @ org.apache.karaf.jaas.boot ---
[INFO] Skipping because packaging 'bundle' is not pom.
[INFO] 
[INFO] --- maven-install-plugin:3.0.0-M1:install (default-install) @ org.apache.karaf.jaas.boot ---
[INFO] Installing /home/srafi/after-cam-ready/compare_/compile_repair_output/work/f8c14d8531fc/jaas/boot/target/org.apache.karaf.jaas.boot-4.2.3-SNAPSHOT.jar to /home/srafi/.m2/repository/org/apache/karaf/jaas/org.apache.karaf.jaas.boot/4.2.3-SNAPSHOT/org.apache.karaf.jaas.boot-4.2.3-SNAPSHOT.jar
[INFO] Installing /home/srafi/after-cam-ready/compare_/compile_repair_output/work/f8c14d8531fc/jaas/boot/pom.xml to /home/srafi/.m2/repository/org/apache/karaf/jaas/org.apache.karaf.jaas.boot/4.2.3-SNAPSHOT/org.apache.karaf.jaas.boot-4.2.3-SNAPSHOT.pom
[INFO] 
[INFO] --- maven-bundle-plugin:4.1.0:install (default-install) @ org.apache.karaf.jaas.boot ---
[INFO] Local OBR update disabled (enable with -DobrRepository)
[INFO] 
[INFO] ---------------< org.apache.karaf:org.apache.karaf.util >---------------
[INFO] Building Apache Karaf :: Util 4.2.3-SNAPSHOT                     [4/220]
[INFO] --------------------------------[ jar ]---------------------------------
[INFO] 
[INFO] --- maven-clean-plugin:3.1.0:clean (default-clean) @ org.apache.karaf.util ---
[INFO] 
[INFO] --- maven-bundle-plugin:4.1.0:cleanVersions (cleanVersions) @ org.apache.karaf.util ---
[INFO] 
[INFO] --- maven-remote-resources-plugin:1.5:process (process-resource-bundles) @ org.apache.karaf.util ---
[INFO] 
[INFO] --- maven-remote-resources-plugin:1.5:process (default) @ org.apache.karaf.util ---
[INFO] 
[INFO] --- maven-resources-plugin:3.1.0:resources (default-resources) @ org.apache.karaf.util ---
[INFO] Using 'UTF-8' encoding to copy filtered resources.
[INFO] Copying 4 resources
[INFO] Copying 1 resource
[INFO] Copying 3 resources
[INFO] Copying 3 resources
[INFO] 
[INFO] --- maven-compiler-plugin:3.8.0:compile (default-compile) @ org.apache.karaf.util ---
[INFO] Changes detected - recompiling the module!
[INFO] Compiling 33 source files to /home/srafi/after-cam-ready/compare_/compile_repair_output/work/f8c14d8531fc/util/target/classes
[INFO] /home/srafi/after-cam-ready/compare_/compile_repair_output/work/f8c14d8531fc/util/src/main/java/org/apache/karaf/util/tracker/BaseActivator.java: Some input files use unchecked or unsafe operations.
[INFO] /home/srafi/after-cam-ready/compare_/compile_repair_output/work/f8c14d8531fc/util/src/main/java/org/apache/karaf/util/tracker/BaseActivator.java: Recompile with -Xlint:unchecked for details.
[INFO] 
[INFO] --- maven-resources-plugin:3.1.0:testResources (default-testResources) @ org.apache.karaf.util ---
[INFO] Using 'UTF-8' encoding to copy filtered resources.
[INFO] skip non existing resourceDirectory /home/srafi/after-cam-ready/compare_/compile_repair_output/work/f8c14d8531fc/util/src/test/resources
[INFO] Copying 3 resources
[INFO] Copying 3 resources
[INFO] 
[INFO] --- maven-compiler-plugin:3.8.0:testCompile (default-testCompile) @ org.apache.karaf.util ---
[INFO] Changes detected - recompiling the module!
[INFO] Compiling 2 source files to /home/srafi/after-cam-ready/compare_/compile_repair_output/work/f8c14d8531fc/util/target/test-classes
[INFO] 
[INFO] --- maven-surefire-plugin:3.0.0-M8-SNAPSHOT:test (default-test) @ org.apache.karaf.util ---
[INFO] Tests are skipped.
[INFO] 
[INFO] --- maven-jar-plugin:3.1.0:jar (default-jar) @ org.apache.karaf.util ---
[INFO] Building jar: /home/srafi/after-cam-ready/compare_/compile_repair_output/work/f8c14d8531fc/util/target/org.apache.karaf.util-4.2.3-SNAPSHOT.jar
[INFO] 
[INFO] --- maven-site-plugin:3.7.1:attach-descriptor (attach-descriptor) @ org.apache.karaf.util ---
[INFO] Skipping because packaging 'jar' is not pom.
[INFO] 
[INFO] --- maven-install-plugin:3.0.0-M1:install (default-install) @ org.apache.karaf.util ---
[INFO] Installing /home/srafi/after-cam-ready/compare_/compile_repair_output/work/f8c14d8531fc/util/target/org.apache.karaf.util-4.2.3-SNAPSHOT.jar to /home/srafi/.m2/repository/org/apache/karaf/org.apache.karaf.util/4.2.3-SNAPSHOT/org.apache.karaf.util-4.2.3-SNAPSHOT.jar
[INFO] Installing /home/srafi/after-cam-ready/compare_/compile_repair_output/work/f8c14d8531fc/util/pom.xml to /home/srafi/.m2/repository/org/apache/karaf/org.apache.karaf.util/4.2.3-SNAPSHOT/org.apache.karaf.util-4.2.3-SNAPSHOT.pom
[INFO] 
[INFO] ---------------< org.apache.karaf:org.apache.karaf.main >---------------
[INFO] Building Apache Karaf :: Main 4.2.3-SNAPSHOT                     [5/220]
[INFO] -------------------------------[ bundle ]-------------------------------
[INFO] 
[INFO] --- maven-clean-plugin:3.1.0:clean (default-clean) @ org.apache.karaf.main ---
[INFO] 
[INFO] --- maven-bundle-plugin:4.1.0:cleanVersions (cleanVersions) @ org.apache.karaf.main ---
[INFO] 
[INFO] --- maven-remote-resources-plugin:1.5:process (process-resource-bundles) @ org.apache.karaf.main ---
[INFO] 
[INFO] --- maven-remote-resources-plugin:1.5:process (default) @ org.apache.karaf.main ---
[INFO] 
[INFO] --- maven-resources-plugin:3.1.0:resources (default-resources) @ org.apache.karaf.main ---
[INFO] Using 'UTF-8' encoding to copy filtered resources.
[INFO] Copying 1 resource
[INFO] Copying 3 resources
[INFO] Copying 3 resources
[INFO] 
[INFO] --- maven-compiler-plugin:3.8.0:compile (default-compile) @ org.apache.karaf.main ---
[INFO] Changes detected - recompiling the module!
[INFO] Compiling 34 source files to /home/srafi/after-cam-ready/compare_/compile_repair_output/work/f8c14d8531fc/main/target/classes
[INFO] 
[INFO] --- maven-resources-plugin:3.1.0:testResources (default-testResources) @ org.apache.karaf.main ---
[INFO] Using 'UTF-8' encoding to copy filtered resources.
[INFO] Copying 9 resources
[INFO] Copying 3 resources
[INFO] Copying 3 resources
[INFO] 
[INFO] --- maven-compiler-plugin:3.8.0:testCompile (default-testCompile) @ org.apache.karaf.main ---
[INFO] Changes detected - recompiling the module!
[INFO] Compiling 19 source files to /home/srafi/after-cam-ready/compare_/compile_repair_output/work/f8c14d8531fc/main/target/test-classes
[INFO] 
[INFO] --- maven-surefire-plugin:3.0.0-M8-SNAPSHOT:test (default-test) @ org.apache.karaf.main ---
[INFO] Tests are skipped.
[INFO] 
[INFO] --- maven-bundle-plugin:4.1.0:bundle (default-bundle) @ org.apache.karaf.main ---
[INFO] 
[INFO] --- maven-site-plugin:3.7.1:attach-descriptor (attach-descriptor) @ org.apache.karaf.main ---
[INFO] Skipping because packaging 'bundle' is not pom.
[INFO] 
[INFO] --- maven-install-plugin:3.0.0-M1:install (default-install) @ org.apache.karaf.main ---
[INFO] Installing /home/srafi/after-cam-ready/compare_/compile_repair_output/work/f8c14d8531fc/main/target/org.apache.karaf.main-4.2.3-SNAPSHOT.jar to /home/srafi/.m2/repository/org/apache/karaf/org.apache.karaf.main/4.2.3-SNAPSHOT/org.apache.karaf.main-4.2.3-SNAPSHOT.jar
[INFO] Installing /home/srafi/after-cam-ready/compare_/compile_repair_output/work/f8c14d8531fc/main/pom.xml to /home/srafi/.m2/repository/org/apache/karaf/org.apache.karaf.main/4.2.3-SNAPSHOT/org.apache.karaf.main-4.2.3-SNAPSHOT.pom
[INFO] 
[INFO] --- maven-bundle-plugin:4.1.0:install (default-install) @ org.apache.karaf.main ---
[INFO] Local OBR update disabled (enable with -DobrRepository)
[INFO] 
[INFO] -----------------< org.apache.karaf.features:features >-----------------
[INFO] Building Apache Karaf :: Features 4.2.3-SNAPSHOT                 [6/220]
[INFO] --------------------------------[ pom ]---------------------------------
[INFO] 
[INFO] --- maven-clean-plugin:3.1.0:clean (default-clean) @ features ---
[INFO] 
[INFO] --- maven-bundle-plugin:4.1.0:cleanVersions (cleanVersions) @ features ---
[INFO] 
[INFO] --- maven-remote-resources-plugin:1.5:process (process-resource-bundles) @ features ---
[INFO] 
[INFO] --- maven-remote-resources-plugin:1.5:process (default) @ features ---
[INFO] 
[INFO] --- maven-site-plugin:3.7.1:attach-descriptor (attach-descriptor) @ features ---
[INFO] No site descriptor found: nothing to attach.
[INFO] 
[INFO] --- maven-install-plugin:3.0.0-M1:install (default-install) @ features ---
[INFO] Installing /home/srafi/after-cam-ready/compare_/compile_repair_output/work/f8c14d8531fc/features/pom.xml to /home/srafi/.m2/repository/org/apache/karaf/features/features/4.2.3-SNAPSHOT/features-4.2.3-SNAPSHOT.pom
[INFO] 
[INFO] ---< org.apache.karaf.features:org.apache.karaf.features.extension >----
[INFO] Building Apache Karaf :: Features :: Extension 4.2.3-SNAPSHOT    [7/220]
[INFO] -------------------------------[ bundle ]-------------------------------
[INFO] 
[INFO] --- maven-clean-plugin:3.1.0:clean (default-clean) @ org.apache.karaf.features.extension ---
[INFO] 
[INFO] --- maven-bundle-plugin:4.1.0:cleanVersions (cleanVersions) @ org.apache.karaf.features.extension ---
[INFO] 
[INFO] --- maven-remote-resources-plugin:1.5:process (process-resource-bundles) @ org.apache.karaf.features.extension ---
[INFO] 
[INFO] --- maven-remote-resources-plugin:1.5:process (default) @ org.apache.karaf.features.extension ---
[INFO] 
[INFO] --- maven-resources-plugin:3.1.0:resources (default-resources) @ org.apache.karaf.features.extension ---
[INFO] Using 'UTF-8' encoding to copy filtered resources.
[INFO] skip non existing resourceDirectory /home/srafi/after-cam-ready/compare_/compile_repair_output/work/f8c14d8531fc/features/extension/src/main/resources
[INFO] Copying 3 resources
[INFO] Copying 3 resources
[INFO] 
[INFO] --- maven-compiler-plugin:3.8.0:compile (default-compile) @ org.apache.karaf.features.extension ---
[INFO] Changes detected - recompiling the module!
[INFO] Compiling 3 source files to /home/srafi/after-cam-ready/compare_/compile_repair_output/work/f8c14d8531fc/features/extension/target/classes
[INFO] 
[INFO] --- maven-resources-plugin:3.1.0:testResources (default-testResources) @ org.apache.karaf.features.extension ---
[INFO] Using 'UTF-8' encoding to copy filtered resources.
[INFO] Copying 1 resource
[INFO] Copying 3 resources
[INFO] Copying 3 resources
[INFO] 
[INFO] --- maven-compiler-plugin:3.8.0:testCompile (default-testCompile) @ org.apache.karaf.features.extension ---
[INFO] Changes detected - recompiling the module!
[INFO] Compiling 1 source file to /home/srafi/after-cam-ready/compare_/compile_repair_output/work/f8c14d8531fc/features/extension/target/test-classes
[INFO] 
[INFO] --- maven-surefire-plugin:3.0.0-M8-SNAPSHOT:test (default-test) @ org.apache.karaf.features.extension ---
[INFO] Tests are skipped.
[INFO] 
[INFO] --- maven-bundle-plugin:4.1.0:bundle (default-bundle) @ org.apache.karaf.features.extension ---
[WARNING] Bundle org.apache.karaf.features:org.apache.karaf.features.extension:bundle:4.2.3-SNAPSHOT : Host system.bundle=extension:=framework for this fragment cannot be found on the classpath
[INFO] 
[INFO] --- maven-site-plugin:3.7.1:attach-descriptor (attach-descriptor) @ org.apache.karaf.features.extension ---
[INFO] Skipping because packaging 'bundle' is not pom.
[INFO] 
[INFO] --- maven-install-plugin:3.0.0-M1:install (default-install) @ org.apache.karaf.features.extension ---
[INFO] Installing /home/srafi/after-cam-ready/compare_/compile_repair_output/work/f8c14d8531fc/features/extension/target/org.apache.karaf.features.extension-4.2.3-SNAPSHOT.jar to /home/srafi/.m2/repository/org/apache/karaf/features/org.apache.karaf.features.extension/4.2.3-SNAPSHOT/org.apache.karaf.features.extension-4.2.3-SNAPSHOT.jar
[INFO] Installing /home/srafi/after-cam-ready/compare_/compile_repair_output/work/f8c14d8531fc/features/extension/pom.xml to /home/srafi/.m2/repository/org/apache/karaf/features/org.apache.karaf.features.extension/4.2.3-SNAPSHOT/org.apache.karaf.features.extension-4.2.3-SNAPSHOT.pom
[INFO] 
[INFO] --- maven-bundle-plugin:4.1.0:install (default-install) @ org.apache.karaf.features.extension ---
[INFO] Local OBR update disabled (enable with -DobrRepository)
[INFO] 
[INFO] ------------------< org.apache.karaf.service:service >------------------
[INFO] Building Apache Karaf :: Service 4.2.3-SNAPSHOT                  [8/220]
[INFO] --------------------------------[ pom ]---------------------------------
[INFO] 
[INFO] --- maven-clean-plugin:3.1.0:clean (default-clean) @ service ---
[INFO] 
[INFO] --- maven-bundle-plugin:4.1.0:cleanVersions (cleanVersions) @ service ---
[INFO] 
[INFO] --- maven-remote-resources-plugin:1.5:process (process-resource-bundles) @ service ---
[INFO] 
[INFO] --- maven-remote-resources-plugin:1.5:process (default) @ service ---
[INFO] 
[INFO] --- maven-site-plugin:3.7.1:attach-descriptor (attach-descriptor) @ service ---
[INFO] No site descriptor found: nothing to attach.
[INFO] 
[INFO] --- maven-install-plugin:3.0.0-M1:install (default-install) @ service ---
[INFO] Installing /home/srafi/after-cam-ready/compare_/compile_repair_output/work/f8c14d8531fc/service/pom.xml to /home/srafi/.m2/repository/org/apache/karaf/service/service/4.2.3-SNAPSHOT/service-4.2.3-SNAPSHOT.pom
[INFO] 
[INFO] ------< org.apache.karaf.service:org.apache.karaf.service.guard >-------
[INFO] Building Apache Karaf :: Service :: Guard 4.2.3-SNAPSHOT         [9/220]
[INFO] -------------------------------[ bundle ]-------------------------------
[INFO] 
[INFO] --- maven-clean-plugin:3.1.0:clean (default-clean) @ org.apache.karaf.service.guard ---
[INFO] 
[INFO] --- maven-bundle-plugin:4.1.0:cleanVersions (cleanVersions) @ org.apache.karaf.service.guard ---
[INFO] 
[INFO] --- maven-remote-resources-plugin:1.5:process (process-resource-bundles) @ org.apache.karaf.service.guard ---
[INFO] 
[INFO] --- maven-remote-resources-plugin:1.5:process (default) @ org.apache.karaf.service.guard ---
[INFO] 
[INFO] --- maven-resources-plugin:3.1.0:resources (default-resources) @ org.apache.karaf.service.guard ---
[INFO] Using 'UTF-8' encoding to copy filtered resources.
[INFO] Copying 1 resource
[INFO] Copying 1 resource
[INFO] Copying 3 resources
[INFO] Copying 3 resources
[INFO] 
[INFO] --- maven-compiler-plugin:3.8.0:compile (default-compile) @ org.apache.karaf.service.guard ---
[INFO] Changes detected - recompiling the module!
[INFO] Compiling 5 source files to /home/srafi/after-cam-ready/compare_/compile_repair_output/work/f8c14d8531fc/service/guard/target/classes
[INFO] 
[INFO] --- maven-resources-plugin:3.1.0:testResources (default-testResources) @ org.apache.karaf.service.guard ---
[INFO] Using 'UTF-8' encoding to copy filtered resources.
[INFO] skip non existing resourceDirectory /home/srafi/after-cam-ready/compare_/compile_repair_output/work/f8c14d8531fc/service/guard/src/test/resources
[INFO] Copying 3 resources
[INFO] Copying 3 resources
[INFO] 
[INFO] --- maven-compiler-plugin:3.8.0:testCompile (default-testCompile) @ org.apache.karaf.service.guard ---
[INFO] Changes detected - recompiling the module!
[INFO] Compiling 5 source files to /home/srafi/after-cam-ready/compare_/compile_repair_output/work/f8c14d8531fc/service/guard/target/test-classes
[INFO] 
[INFO] --- maven-surefire-plugin:3.0.0-M8-SNAPSHOT:test (default-test) @ org.apache.karaf.service.guard ---
[INFO] Tests are skipped.
[INFO] 
[INFO] --- maven-bundle-plugin:4.1.0:bundle (default-bundle) @ org.apache.karaf.service.guard ---
[INFO] 
[INFO] --- maven-site-plugin:3.7.1:attach-descriptor (attach-descriptor) @ org.apache.karaf.service.guard ---
[INFO] Skipping because packaging 'bundle' is not pom.
[INFO] 
[INFO] --- maven-install-plugin:3.0.0-M1:install (default-install) @ org.apache.karaf.service.guard ---
[INFO] Installing /home/srafi/after-cam-ready/compare_/compile_repair_output/work/f8c14d8531fc/service/guard/target/org.apache.karaf.service.guard-4.2.3-SNAPSHOT.jar to /home/srafi/.m2/repository/org/apache/karaf/service/org.apache.karaf.service.guard/4.2.3-SNAPSHOT/org.apache.karaf.service.guard-4.2.3-SNAPSHOT.jar
[INFO] Installing /home/srafi/after-cam-ready/compare_/compile_repair_output/work/f8c14d8531fc/service/guard/pom.xml to /home/srafi/.m2/repository/org/apache/karaf/service/org.apache.karaf.service.guard/4.2.3-SNAPSHOT/org.apache.karaf.service.guard-4.2.3-SNAPSHOT.pom
[INFO] 
[INFO] --- maven-bundle-plugin:4.1.0:install (default-install) @ org.apache.karaf.service.guard ---
[INFO] Local OBR update disabled (enable with -DobrRepository)
[INFO] 
[INFO] --------------------< org.apache.karaf.shell:shell >--------------------
[INFO] Building Apache Karaf :: Shell 4.2.3-SNAPSHOT                   [10/220]
[INFO] --------------------------------[ pom ]---------------------------------
[INFO] 
[INFO] --- maven-clean-plugin:3.1.0:clean (default-clean) @ shell ---
[INFO] 
[INFO] --- maven-bundle-plugin:4.1.0:cleanVersions (cleanVersions) @ shell ---
[INFO] 
[INFO] --- maven-remote-resources-plugin:1.5:process (process-resource-bundles) @ shell ---
[INFO] 
[INFO] --- maven-remote-resources-plugin:1.5:process (default) @ shell ---
[INFO] 
[INFO] --- maven-site-plugin:3.7.1:attach-descriptor (attach-descriptor) @ shell ---
[INFO] No site descriptor found: nothing to attach.
[INFO] 
[INFO] --- maven-install-plugin:3.0.0-M1:install (default-install) @ shell ---
[INFO] Installing /home/srafi/after-cam-ready/compare_/compile_repair_output/work/f8c14d8531fc/shell/pom.xml to /home/srafi/.m2/repository/org/apache/karaf/shell/shell/4.2.3-SNAPSHOT/shell-4.2.3-SNAPSHOT.pom
[INFO] 
[INFO] ---------< org.apache.karaf.shell:org.apache.karaf.shell.core >---------
[INFO] Building Apache Karaf :: Shell :: Core 4.2.3-SNAPSHOT           [11/220]
[INFO] -------------------------------[ bundle ]-------------------------------
[INFO] 
[INFO] --- maven-clean-plugin:3.1.0:clean (default-clean) @ org.apache.karaf.shell.core ---
[INFO] 
[INFO] --- maven-bundle-plugin:4.1.0:cleanVersions (cleanVersions) @ org.apache.karaf.shell.core ---
[INFO] 
[INFO] --- maven-remote-resources-plugin:1.5:process (process-resource-bundles) @ org.apache.karaf.shell.core ---
[INFO] 
[INFO] --- maven-remote-resources-plugin:1.5:process (default) @ org.apache.karaf.shell.core ---
[INFO] 
[INFO] --- maven-resources-plugin:3.1.0:resources (default-resources) @ org.apache.karaf.shell.core ---
[INFO] Using 'UTF-8' encoding to copy filtered resources.
[INFO] Copying 1 resource
[INFO] Copying 1 resource
[INFO] Copying 1 resource
[INFO] Copying 2 resources
[INFO] Copying 3 resources
[INFO] Copying 3 resources
[INFO] 
[INFO] --- maven-compiler-plugin:3.8.0:compile (default-compile) @ org.apache.karaf.shell.core ---
[INFO] Changes detected - recompiling the module!
[INFO] Compiling 108 source files to /home/srafi/after-cam-ready/compare_/compile_repair_output/work/f8c14d8531fc/shell/core/target/classes
[INFO] /home/srafi/after-cam-ready/compare_/compile_repair_output/work/f8c14d8531fc/shell/core/src/main/java/org/apache/karaf/shell/impl/action/osgi/MultiServiceTracker.java: Some input files use unchecked or unsafe operations.
[INFO] /home/srafi/after-cam-ready/compare_/compile_repair_output/work/f8c14d8531fc/shell/core/src/main/java/org/apache/karaf/shell/impl/action/osgi/MultiServiceTracker.java: Recompile with -Xlint:unchecked for details.
[INFO] 
[INFO] --- maven-resources-plugin:3.1.0:testResources (default-testResources) @ org.apache.karaf.shell.core ---
[INFO] Using 'UTF-8' encoding to copy filtered resources.
[INFO] skip non existing resourceDirectory /home/srafi/after-cam-ready/compare_/compile_repair_output/work/f8c14d8531fc/shell/core/src/test/resources
[INFO] Copying 3 resources
[INFO] Copying 3 resources
[INFO] 
[INFO] --- maven-compiler-plugin:3.8.0:testCompile (default-testCompile) @ org.apache.karaf.shell.core ---
[INFO] Changes detected - recompiling the module!
[INFO] Compiling 6 source files to /home/srafi/after-cam-ready/compare_/compile_repair_output/work/f8c14d8531fc/shell/core/target/test-classes
[INFO] 
[INFO] --- maven-surefire-plugin:3.0.0-M8-SNAPSHOT:test (default-test) @ org.apache.karaf.shell.core ---
[INFO] Tests are skipped.
[INFO] 
[INFO] --- maven-bundle-plugin:4.1.0:bundle (default-bundle) @ org.apache.karaf.shell.core ---
[WARNING] Bundle org.apache.karaf.shell:org.apache.karaf.shell.core:bundle:4.2.3-SNAPSHOT : Split package, multiple jars provide the same package:org/apache/karaf/util/jaas
Use Import/Export Package directive -split-package:=(merge-first|merge-last|error|first) to get rid of this warning
Package found in   [Jar:org.apache.karaf.util, Jar:org.apache.karaf.service.guard]
Class path         [Jar:., Jar:slf4j-api, Jar:jline, Jar:org.osgi.core, Jar:org.osgi.compendium, Jar:org.apache.karaf.jaas.boot, Jar:org.apache.felix.gogo.runtime, Jar:org.apache.felix.gogo.jline, Jar:org.apache.felix.utils, Jar:org.apache.karaf.util, Jar:sshd-core, Jar:org.apache.karaf.service.guard]
[WARNING] Bundle org.apache.karaf.shell:org.apache.karaf.shell.core:bundle:4.2.3-SNAPSHOT : Split package, multiple jars provide the same package:org/apache/felix/gogo/runtime
Use Import/Export Package directive -split-package:=(merge-first|merge-last|error|first) to get rid of this warning
Package found in   [Jar:., Jar:org.apache.felix.gogo.runtime]
Class path         [Jar:., Jar:slf4j-api, Jar:jline, Jar:org.osgi.core, Jar:org.osgi.compendium, Jar:org.apache.karaf.jaas.boot, Jar:org.apache.felix.gogo.runtime, Jar:org.apache.felix.gogo.jline, Jar:org.apache.felix.utils, Jar:org.apache.karaf.util, Jar:sshd-core, Jar:org.apache.karaf.service.guard]
[INFO] 
[INFO] --- maven-site-plugin:3.7.1:attach-descriptor (attach-descriptor) @ org.apache.karaf.shell.core ---
[INFO] Skipping because packaging 'bundle' is not pom.
[INFO] 
[INFO] --- maven-install-plugin:3.0.0-M1:install (default-install) @ org.apache.karaf.shell.core ---
[INFO] Installing /home/srafi/after-cam-ready/compare_/compile_repair_output/work/f8c14d8531fc/shell/core/target/org.apache.karaf.shell.core-4.2.3-SNAPSHOT.jar to /home/srafi/.m2/repository/org/apache/karaf/shell/org.apache.karaf.shell.core/4.2.3-SNAPSHOT/org.apache.karaf.shell.core-4.2.3-SNAPSHOT.jar
[INFO] Installing /home/srafi/after-cam-ready/compare_/compile_repair_output/work/f8c14d8531fc/shell/core/pom.xml to /home/srafi/.m2/repository/org/apache/karaf/shell/org.apache.karaf.shell.core/4.2.3-SNAPSHOT/org.apache.karaf.shell.core-4.2.3-SNAPSHOT.pom
[INFO] 
[INFO] --- maven-bundle-plugin:4.1.0:install (default-install) @ org.apache.karaf.shell.core ---
[INFO] Local OBR update disabled (enable with -DobrRepository)
[INFO] 
[INFO] ------------------< org.apache.karaf.tooling:tooling >------------------
[INFO] Building Apache Karaf :: Tooling 4.2.3-SNAPSHOT                 [12/220]
[INFO] --------------------------------[ pom ]---------------------------------
[INFO] 
[INFO] --- maven-clean-plugin:3.1.0:clean (default-clean) @ tooling ---
[INFO] 
[INFO] --- maven-bundle-plugin:4.1.0:cleanVersions (cleanVersions) @ tooling ---
[INFO] 
[INFO] --- maven-remote-resources-plugin:1.5:process (process-resource-bundles) @ tooling ---
[INFO] 
[INFO] --- maven-remote-resources-plugin:1.5:process (default) @ tooling ---
[INFO] 
[INFO] --- maven-site-plugin:3.7.1:attach-descriptor (attach-descriptor) @ tooling ---
[INFO] No site descriptor found: nothing to attach.
[INFO] 
[INFO] --- maven-install-plugin:3.0.0-M1:install (default-install) @ tooling ---
[INFO] Installing /home/srafi/after-cam-ready/compare_/compile_repair_output/work/f8c14d8531fc/tooling/pom.xml to /home/srafi/.m2/repository/org/apache/karaf/tooling/tooling/4.2.3-SNAPSHOT/tooling-4.2.3-SNAPSHOT.pom
[INFO] 
[INFO] --------< org.apache.karaf.tooling:karaf-services-maven-plugin >--------
[INFO] Building Apache Karaf :: Tooling :: Maven Karaf Plugin for Services Metadata 4.2.3-SNAPSHOT [13/220]
[INFO] ----------------------------[ maven-plugin ]----------------------------
[INFO] 
[INFO] --- maven-clean-plugin:3.1.0:clean (default-clean) @ karaf-services-maven-plugin ---
[INFO] 
[INFO] --- maven-bundle-plugin:4.1.0:cleanVersions (cleanVersions) @ karaf-services-maven-plugin ---
[INFO] 
[INFO] --- maven-remote-resources-plugin:1.5:process (process-resource-bundles) @ karaf-services-maven-plugin ---
[INFO] 
[INFO] --- maven-remote-resources-plugin:1.5:process (default) @ karaf-services-maven-plugin ---
[INFO] 
[INFO] --- maven-resources-plugin:3.1.0:resources (default-resources) @ karaf-services-maven-plugin ---
[INFO] Using 'UTF-8' encoding to copy filtered resources.
[INFO] Copying 1 resource
[INFO] Copying 3 resources
[INFO] Copying 3 resources
[INFO] 
[INFO] --- maven-compiler-plugin:3.8.0:compile (default-compile) @ karaf-services-maven-plugin ---
[INFO] Changes detected - recompiling the module!
[INFO] Compiling 1 source file to /home/srafi/after-cam-ready/compare_/compile_repair_output/work/f8c14d8531fc/tooling/karaf-services-maven-plugin/target/classes
[INFO] 
[INFO] --- maven-plugin-plugin:3.5.2:descriptor (default-descriptor) @ karaf-services-maven-plugin ---
[INFO] Using 'UTF-8' encoding to read mojo source files.
[INFO] java-javadoc mojo extractor found 0 mojo descriptor.
[INFO] java-annotations mojo extractor found 1 mojo descriptor.
[INFO] 
[INFO] --- maven-resources-plugin:3.1.0:testResources (default-testResources) @ karaf-services-maven-plugin ---
[INFO] Using 'UTF-8' encoding to copy filtered resources.
[INFO] skip non existing resourceDirectory /home/srafi/after-cam-ready/compare_/compile_repair_output/work/f8c14d8531fc/tooling/karaf-services-maven-plugin/src/test/resources
[INFO] Copying 3 resources
[INFO] Copying 3 resources
[INFO] 
[INFO] --- maven-compiler-plugin:3.8.0:testCompile (default-testCompile) @ karaf-services-maven-plugin ---
[INFO] No sources to compile
[INFO] 
[INFO] --- maven-surefire-plugin:3.0.0-M8-SNAPSHOT:test (default-test) @ karaf-services-maven-plugin ---
[INFO] Tests are skipped.
[INFO] 
[INFO] --- maven-jar-plugin:3.1.0:jar (default-jar) @ karaf-services-maven-plugin ---
[INFO] Building jar: /home/srafi/after-cam-ready/compare_/compile_repair_output/work/f8c14d8531fc/tooling/karaf-services-maven-plugin/target/karaf-services-maven-plugin-4.2.3-SNAPSHOT.jar
[INFO] 
[INFO] --- maven-plugin-plugin:3.5.2:addPluginArtifactMetadata (default-addPluginArtifactMetadata) @ karaf-services-maven-plugin ---
[INFO] 
[INFO] --- maven-site-plugin:3.7.1:attach-descriptor (attach-descriptor) @ karaf-services-maven-plugin ---
[INFO] Skipping because packaging 'maven-plugin' is not pom.
[INFO] 
[INFO] --- maven-install-plugin:3.0.0-M1:install (default-install) @ karaf-services-maven-plugin ---
[INFO] Installing /home/srafi/after-cam-ready/compare_/compile_repair_output/work/f8c14d8531fc/tooling/karaf-services-maven-plugin/target/karaf-services-maven-plugin-4.2.3-SNAPSHOT.jar to /home/srafi/.m2/repository/org/apache/karaf/tooling/karaf-services-maven-plugin/4.2.3-SNAPSHOT/karaf-services-maven-plugin-4.2.3-SNAPSHOT.jar
[INFO] Installing /home/srafi/after-cam-ready/compare_/compile_repair_output/work/f8c14d8531fc/tooling/karaf-services-maven-plugin/pom.xml to /home/srafi/.m2/repository/org/apache/karaf/tooling/karaf-services-maven-plugin/4.2.3-SNAPSHOT/karaf-services-maven-plugin-4.2.3-SNAPSHOT.pom
[INFO] 
[INFO] ------< org.apache.karaf.features:org.apache.karaf.features.core >------
[INFO] Building Apache Karaf :: Features :: Core 4.2.3-SNAPSHOT        [14/220]
[INFO] -------------------------------[ bundle ]-------------------------------
[INFO] 
[INFO] --- maven-clean-plugin:3.1.0:clean (default-clean) @ org.apache.karaf.features.core ---
[INFO] 
[INFO] --- maven-bundle-plugin:4.1.0:cleanVersions (cleanVersions) @ org.apache.karaf.features.core ---
[INFO] 
[INFO] --- maven-remote-resources-plugin:1.5:process (process-resource-bundles) @ org.apache.karaf.features.core ---
[INFO] 
[INFO] --- maven-remote-resources-plugin:1.5:process (default) @ org.apache.karaf.features.core ---
[INFO] 
[INFO] --- maven-resources-plugin:3.1.0:resources (default-resources) @ org.apache.karaf.features.core ---
[INFO] Using 'UTF-8' encoding to copy filtered resources.
[INFO] Copying 10 resources
[INFO] Copying 1 resource
[INFO] Copying 3 resources
[INFO] Copying 3 resources
[INFO] 
[INFO] --- maven-compiler-plugin:3.8.0:compile (default-compile) @ org.apache.karaf.features.core ---
[INFO] Changes detected - recompiling the module!
[INFO] Compiling 114 source files to /home/srafi/after-cam-ready/compare_/compile_repair_output/work/f8c14d8531fc/features/core/target/classes
[INFO] /home/srafi/after-cam-ready/compare_/compile_repair_output/work/f8c14d8531fc/features/core/src/main/java/org/apache/karaf/features/internal/service/FeaturesProcessorImpl.java: Some input files use or override a deprecated API.
[INFO] /home/srafi/after-cam-ready/compare_/compile_repair_output/work/f8c14d8531fc/features/core/src/main/java/org/apache/karaf/features/internal/service/FeaturesProcessorImpl.java: Recompile with -Xlint:deprecation for details.
[INFO] /home/srafi/after-cam-ready/compare_/compile_repair_output/work/f8c14d8531fc/features/core/src/main/java/org/apache/karaf/features/internal/region/OfflineResolver.java: Some input files use unchecked or unsafe operations.
[INFO] /home/srafi/after-cam-ready/compare_/compile_repair_output/work/f8c14d8531fc/features/core/src/main/java/org/apache/karaf/features/internal/region/OfflineResolver.java: Recompile with -Xlint:unchecked for details.
[INFO] 
[INFO] --- karaf-services-maven-plugin:4.2.3-SNAPSHOT:service-metadata-generate (service-metadata-generate) @ org.apache.karaf.features.core ---
[INFO] Activator org.apache.karaf.features.internal.osgi.Activator
[INFO] 
[INFO] --- maven-resources-plugin:3.1.0:testResources (default-testResources) @ org.apache.karaf.features.core ---
[INFO] Using 'UTF-8' encoding to copy filtered resources.
[INFO] Copying 100 resources
[INFO] Copying 3 resources
[INFO] Copying 3 resources
[INFO] 
[INFO] --- maven-compiler-plugin:3.8.0:testCompile (default-testCompile) @ org.apache.karaf.features.core ---
[INFO] Changes detected - recompiling the module!
[INFO] Compiling 27 source files to /home/srafi/after-cam-ready/compare_/compile_repair_output/work/f8c14d8531fc/features/core/target/test-classes
[INFO] /home/srafi/after-cam-ready/compare_/compile_repair_output/work/f8c14d8531fc/features/core/src/test/java/org/apache/karaf/features/internal/service/OverridesTest.java: Some input files use or override a deprecated API.
[INFO] /home/srafi/after-cam-ready/compare_/compile_repair_output/work/f8c14d8531fc/features/core/src/test/java/org/apache/karaf/features/internal/service/OverridesTest.java: Recompile with -Xlint:deprecation for details.
[INFO] 
[INFO] --- maven-surefire-plugin:3.0.0-M8-SNAPSHOT:test (default-test) @ org.apache.karaf.features.core ---
[INFO] Tests are skipped.
[INFO] 
[INFO] --- maven-bundle-plugin:4.1.0:bundle (default-bundle) @ org.apache.karaf.features.core ---
[INFO] 
[INFO] --- maven-site-plugin:3.7.1:attach-descriptor (attach-descriptor) @ org.apache.karaf.features.core ---
[INFO] Skipping because packaging 'bundle' is not pom.
[INFO] 
[INFO] --- maven-install-plugin:3.0.0-M1:install (default-install) @ org.apache.karaf.features.core ---
[INFO] Installing /home/srafi/after-cam-ready/compare_/compile_repair_output/work/f8c14d8531fc/features/core/target/org.apache.karaf.features.core-4.2.3-SNAPSHOT.jar to /home/srafi/.m2/repository/org/apache/karaf/features/org.apache.karaf.features.core/4.2.3-SNAPSHOT/org.apache.karaf.features.core-4.2.3-SNAPSHOT.jar
[INFO] Installing /home/srafi/after-cam-ready/compare_/compile_repair_output/work/f8c14d8531fc/features/core/pom.xml to /home/srafi/.m2/repository/org/apache/karaf/features/org.apache.karaf.features.core/4.2.3-SNAPSHOT/org.apache.karaf.features.core-4.2.3-SNAPSHOT.pom
[INFO] 
[INFO] --- maven-bundle-plugin:4.1.0:install (default-install) @ org.apache.karaf.features.core ---
[INFO] Local OBR update disabled (enable with -DobrRepository)
[INFO] 
[INFO] ----< org.apache.karaf.features:org.apache.karaf.features.command >-----
[INFO] Building Apache Karaf :: Features :: Command 4.2.3-SNAPSHOT     [15/220]
[INFO] -------------------------------[ bundle ]-------------------------------
[INFO] 
[INFO] --- maven-clean-plugin:3.1.0:clean (default-clean) @ org.apache.karaf.features.command ---
[INFO] 
[INFO] --- maven-bundle-plugin:4.1.0:cleanVersions (cleanVersions) @ org.apache.karaf.features.command ---
[INFO] 
[INFO] --- maven-remote-resources-plugin:1.5:process (process-resource-bundles) @ org.apache.karaf.features.command ---
[INFO] 
[INFO] --- maven-remote-resources-plugin:1.5:process (default) @ org.apache.karaf.features.command ---
[INFO] 
[INFO] --- maven-resources-plugin:3.1.0:resources (default-resources) @ org.apache.karaf.features.command ---
[INFO] Using 'UTF-8' encoding to copy filtered resources.
[INFO] Copying 2 resources
[INFO] Copying 2 resources
[INFO] Copying 3 resources
[INFO] Copying 3 resources
[INFO] 
[INFO] --- maven-compiler-plugin:3.8.0:compile (default-compile) @ org.apache.karaf.features.command ---
[INFO] Changes detected - recompiling the module!
[INFO] Compiling 27 source files to /home/srafi/after-cam-ready/compare_/compile_repair_output/work/f8c14d8531fc/features/command/target/classes
[INFO] 
[INFO] --- karaf-services-maven-plugin:4.2.3-SNAPSHOT:service-metadata-generate (service-metadata-generate) @ org.apache.karaf.features.command ---
[INFO] Ignoring jar:file:/home/srafi/after-cam-ready/compare_/compile_repair_output/work/f8c14d8531fc/features/core/target/org.apache.karaf.features.core-4.2.3-SNAPSHOT.jar!/org/apache/karaf/features/internal/osgi/Activator.class
[INFO] Service org.apache.karaf.features.command
[INFO] Service org.apache.karaf.features.command
[INFO] Service org.apache.karaf.features.command
[INFO] Service org.apache.karaf.features.command
[INFO] Service org.apache.karaf.features.command
[INFO] Service org.apache.karaf.features.command.completers
[INFO] Service org.apache.karaf.features.command.completers
[INFO] Service org.apache.karaf.features.command.completers
[INFO] Service org.apache.karaf.features.command.completers
[INFO] Service org.apache.karaf.features.command.completers
[INFO] Service org.apache.karaf.features.command.completers
[INFO] Service org.apache.karaf.features.command.completers
[INFO] Service org.apache.karaf.features.command.completers
[INFO] Service org.apache.karaf.features.command
[INFO] Service org.apache.karaf.features.command
[INFO] Service org.apache.karaf.features.command
[INFO] Service org.apache.karaf.features.command
[INFO] Service org.apache.karaf.features.command
[INFO] Service org.apache.karaf.features.command
[INFO] Service org.apache.karaf.features.command
[INFO] Service org.apache.karaf.features.command
[INFO] Service org.apache.karaf.features.command
[INFO] Service org.apache.karaf.features.command
[INFO] Service org.apache.karaf.features.command
[INFO] Service org.apache.karaf.features.command
[INFO] 
[INFO] --- maven-resources-plugin:3.1.0:testResources (default-testResources) @ org.apache.karaf.features.command ---
[INFO] Using 'UTF-8' encoding to copy filtered resources.
[INFO] skip non existing resourceDirectory /home/srafi/after-cam-ready/compare_/compile_repair_output/work/f8c14d8531fc/features/command/src/test/resources
[INFO] Copying 3 resources
[INFO] Copying 3 resources
[INFO] 
[INFO] --- maven-compiler-plugin:3.8.0:testCompile (default-testCompile) @ org.apache.karaf.features.command ---
[INFO] Changes detected - recompiling the module!
[INFO] Compiling 1 source file to /home/srafi/after-cam-ready/compare_/compile_repair_output/work/f8c14d8531fc/features/command/target/test-classes
[INFO] 
[INFO] --- maven-surefire-plugin:3.0.0-M8-SNAPSHOT:test (default-test) @ org.apache.karaf.features.command ---
[INFO] Tests are skipped.
[INFO] 
[INFO] --- maven-bundle-plugin:4.1.0:bundle (default-bundle) @ org.apache.karaf.features.command ---
[WARNING] Bundle org.apache.karaf.features:org.apache.karaf.features.command:bundle:4.2.3-SNAPSHOT : Split package, multiple jars provide the same package:org/apache/karaf/util/tracker
Use Import/Export Package directive -split-package:=(merge-first|merge-last|error|first) to get rid of this warning
Package found in   [Jar:org.apache.karaf.features.core, Jar:org.apache.karaf.shell.core]
Class path         [Jar:., Jar:org.osgi.core, Jar:org.osgi.compendium, Jar:org.apache.karaf.features.core, Jar:pax-url-aether, Jar:jcl-over-slf4j, Jar:ops4j-base-util-property, Jar:ops4j-base-util-collections, Jar:ops4j-base-lang, Jar:pax-swissbox-property, Jar:org.apache.karaf.shell.core, Jar:jline, Jar:org.apache.karaf.jaas.boot, Jar:sshd-core, Jar:slf4j-api, Jar:org.apache.felix.gogo.runtime, Jar:org.eclipse.equinox.region]
[WARNING] Bundle org.apache.karaf.features:org.apache.karaf.features.command:bundle:4.2.3-SNAPSHOT : Unknown directive blueprint.graceperiod: in Bundle-SymbolicName, allowed directives are singleton:,fragment-attachment:,mandatory:, and 'x-*'.
[INFO] 
[INFO] --- maven-site-plugin:3.7.1:attach-descriptor (attach-descriptor) @ org.apache.karaf.features.command ---
[INFO] Skipping because packaging 'bundle' is not pom.
[INFO] 
[INFO] --- maven-install-plugin:3.0.0-M1:install (default-install) @ org.apache.karaf.features.command ---
[INFO] Installing /home/srafi/after-cam-ready/compare_/compile_repair_output/work/f8c14d8531fc/features/command/target/org.apache.karaf.features.command-4.2.3-SNAPSHOT.jar to /home/srafi/.m2/repository/org/apache/karaf/features/org.apache.karaf.features.command/4.2.3-SNAPSHOT/org.apache.karaf.features.command-4.2.3-SNAPSHOT.jar
[INFO] Installing /home/srafi/after-cam-ready/compare_/compile_repair_output/work/f8c14d8531fc/features/command/pom.xml to /home/srafi/.m2/repository/org/apache/karaf/features/org.apache.karaf.features.command/4.2.3-SNAPSHOT/org.apache.karaf.features.command-4.2.3-SNAPSHOT.pom
[INFO] 
[INFO] --- maven-bundle-plugin:4.1.0:install (default-install) @ org.apache.karaf.features.command ---
[INFO] Local OBR update disabled (enable with -DobrRepository)
[INFO] 
[INFO] -----------< org.apache.karaf.kar:org.apache.karaf.kar.core >-----------
[INFO] Building Apache Karaf :: KAR :: Core 4.2.3-SNAPSHOT             [16/220]
[INFO] -------------------------------[ bundle ]-------------------------------
[INFO] 
[INFO] --- maven-clean-plugin:3.1.0:clean (default-clean) @ org.apache.karaf.kar.core ---
[INFO] 
[INFO] --- maven-bundle-plugin:4.1.0:cleanVersions (cleanVersions) @ org.apache.karaf.kar.core ---
[INFO] 
[INFO] --- maven-remote-resources-plugin:1.5:process (process-resource-bundles) @ org.apache.karaf.kar.core ---
[INFO] 
[INFO] --- maven-remote-resources-plugin:1.5:process (default) @ org.apache.karaf.kar.core ---
[INFO] 
[INFO] --- maven-resources-plugin:3.1.0:resources (default-resources) @ org.apache.karaf.kar.core ---
[INFO] Using 'UTF-8' encoding to copy filtered resources.
[INFO] Copying 1 resource
[INFO] Copying 1 resource
[INFO] Copying 3 resources
[INFO] Copying 3 resources
[INFO] 
[INFO] --- maven-compiler-plugin:3.8.0:compile (default-compile) @ org.apache.karaf.kar.core ---
[INFO] Changes detected - recompiling the module!
[INFO] Compiling 12 source files to /home/srafi/after-cam-ready/compare_/compile_repair_output/work/f8c14d8531fc/kar/target/classes
[INFO] 
[INFO] --- karaf-services-maven-plugin:4.2.3-SNAPSHOT:service-metadata-generate (service-metadata-generate) @ org.apache.karaf.kar.core ---
[INFO] Ignoring jar:file:/home/srafi/after-cam-ready/compare_/compile_repair_output/work/f8c14d8531fc/features/core/target/org.apache.karaf.features.core-4.2.3-SNAPSHOT.jar!/org/apache/karaf/features/internal/osgi/Activator.class
[INFO] Activator org.apache.karaf.kar.internal.osgi.Activator
[INFO] Service org.apache.karaf.features.command.completers
[INFO] Service org.apache.karaf.features.command.completers
[INFO] Service org.apache.karaf.features.command.completers
[INFO] Service org.apache.karaf.features.command.completers
[INFO] Service org.apache.karaf.features.command.completers
[INFO] Service org.apache.karaf.features.command.completers
[INFO] Service org.apache.karaf.features.command.completers
[INFO] Service org.apache.karaf.features.command.completers
[INFO] Service org.apache.karaf.features.command
[INFO] Service org.apache.karaf.features.command
[INFO] Service org.apache.karaf.features.command
[INFO] Service org.apache.karaf.features.command
[INFO] Service org.apache.karaf.features.command
[INFO] Service org.apache.karaf.features.command
[INFO] Service org.apache.karaf.features.command
[INFO] Service org.apache.karaf.features.command
[INFO] Service org.apache.karaf.features.command
[INFO] Service org.apache.karaf.features.command
[INFO] Service org.apache.karaf.features.command
[INFO] Service org.apache.karaf.features.command
[INFO] Service org.apache.karaf.features.command
[INFO] Service org.apache.karaf.features.command
[INFO] Service org.apache.karaf.features.command
[INFO] Service org.apache.karaf.features.command
[INFO] Service org.apache.karaf.features.command
[INFO] Service org.apache.karaf.kar.command
[INFO] Service org.apache.karaf.kar.command.completers
[INFO] Service org.apache.karaf.kar.command
[INFO] Service org.apache.karaf.kar.command
[INFO] Service org.apache.karaf.kar.command
[INFO] 
[INFO] --- maven-resources-plugin:3.1.0:testResources (default-testResources) @ org.apache.karaf.kar.core ---
[INFO] Using 'UTF-8' encoding to copy filtered resources.
[INFO] skip non existing resourceDirectory /home/srafi/after-cam-ready/compare_/compile_repair_output/work/f8c14d8531fc/kar/src/test/resources
[INFO] Copying 3 resources
[INFO] Copying 3 resources
[INFO] 
[INFO] --- maven-compiler-plugin:3.8.0:testCompile (default-testCompile) @ org.apache.karaf.kar.core ---
[INFO] No sources to compile
[INFO] 
[INFO] --- maven-surefire-plugin:3.0.0-M8-SNAPSHOT:test (default-test) @ org.apache.karaf.kar.core ---
[INFO] Tests are skipped.
[INFO] 
[INFO] --- maven-bundle-plugin:4.1.0:bundle (default-bundle) @ org.apache.karaf.kar.core ---
[WARNING] Bundle org.apache.karaf.kar:org.apache.karaf.kar.core:bundle:4.2.3-SNAPSHOT : Split package, multiple jars provide the same package:org/apache/karaf/util
Use Import/Export Package directive -split-package:=(merge-first|merge-last|error|first) to get rid of this warning
Package found in   [Jar:org.apache.karaf.util, Jar:org.apache.karaf.features.core, Jar:org.apache.karaf.shell.core]
Class path         [Jar:., Jar:org.apache.felix.utils, Jar:org.apache.karaf.util, Jar:org.apache.karaf.jaas.boot, Jar:org.osgi.core, Jar:org.osgi.compendium, Jar:org.apache.karaf.features.command, Jar:org.apache.karaf.features.core, Jar:pax-url-aether, Jar:jcl-over-slf4j, Jar:ops4j-base-util-property, Jar:ops4j-base-util-collections, Jar:ops4j-base-lang, Jar:pax-swissbox-property, Jar:org.apache.felix.gogo.runtime, Jar:slf4j-api, Jar:org.apache.karaf.shell.core, Jar:jline, Jar:sshd-core]
[WARNING] Bundle org.apache.karaf.kar:org.apache.karaf.kar.core:bundle:4.2.3-SNAPSHOT : Split package, multiple jars provide the same package:org/apache/karaf/util/maven
Use Import/Export Package directive -split-package:=(merge-first|merge-last|error|first) to get rid of this warning
Package found in   [Jar:org.apache.karaf.util, Jar:org.apache.karaf.features.core]
Class path         [Jar:., Jar:org.apache.felix.utils, Jar:org.apache.karaf.util, Jar:org.apache.karaf.jaas.boot, Jar:org.osgi.core, Jar:org.osgi.compendium, Jar:org.apache.karaf.features.command, Jar:org.apache.karaf.features.core, Jar:pax-url-aether, Jar:jcl-over-slf4j, Jar:ops4j-base-util-property, Jar:ops4j-base-util-collections, Jar:ops4j-base-lang, Jar:pax-swissbox-property, Jar:org.apache.felix.gogo.runtime, Jar:slf4j-api, Jar:org.apache.karaf.shell.core, Jar:jline, Jar:sshd-core]
[WARNING] Bundle org.apache.karaf.kar:org.apache.karaf.kar.core:bundle:4.2.3-SNAPSHOT : Split package, multiple jars provide the same package:org/apache/felix/utils/properties
Use Import/Export Package directive -split-package:=(merge-first|merge-last|error|first) to get rid of this warning
Package found in   [Jar:org.apache.felix.utils, Jar:org.apache.karaf.features.core, Jar:org.apache.karaf.shell.core]
Class path         [Jar:., Jar:org.apache.felix.utils, Jar:org.apache.karaf.util, Jar:org.apache.karaf.jaas.boot, Jar:org.osgi.core, Jar:org.osgi.compendium, Jar:org.apache.karaf.features.command, Jar:org.apache.karaf.features.core, Jar:pax-url-aether, Jar:jcl-over-slf4j, Jar:ops4j-base-util-property, Jar:ops4j-base-util-collections, Jar:ops4j-base-lang, Jar:pax-swissbox-property, Jar:org.apache.felix.gogo.runtime, Jar:slf4j-api, Jar:org.apache.karaf.shell.core, Jar:jline, Jar:sshd-core]
[WARNING] Bundle org.apache.karaf.kar:org.apache.karaf.kar.core:bundle:4.2.3-SNAPSHOT : Split package, multiple jars provide the same package:org/apache/karaf/util/tracker
Use Import/Export Package directive -split-package:=(merge-first|merge-last|error|first) to get rid of this warning
Package found in   [Jar:org.apache.karaf.util, Jar:org.apache.karaf.features.command, Jar:org.apache.karaf.features.core, Jar:org.apache.karaf.shell.core]
Class path         [Jar:., Jar:org.apache.felix.utils, Jar:org.apache.karaf.util, Jar:org.apache.karaf.jaas.boot, Jar:org.osgi.core, Jar:org.osgi.compendium, Jar:org.apache.karaf.features.command, Jar:org.apache.karaf.features.core, Jar:pax-url-aether, Jar:jcl-over-slf4j, Jar:ops4j-base-util-property, Jar:ops4j-base-util-collections, Jar:ops4j-base-lang, Jar:pax-swissbox-property, Jar:org.apache.felix.gogo.runtime, Jar:slf4j-api, Jar:org.apache.karaf.shell.core, Jar:jline, Jar:sshd-core]
[INFO] 
[INFO] --- maven-site-plugin:3.7.1:attach-descriptor (attach-descriptor) @ org.apache.karaf.kar.core ---
[INFO] Skipping because packaging 'bundle' is not pom.
[INFO] 
[INFO] --- maven-install-plugin:3.0.0-M1:install (default-install) @ org.apache.karaf.kar.core ---
[INFO] Installing /home/srafi/after-cam-ready/compare_/compile_repair_output/work/f8c14d8531fc/kar/target/org.apache.karaf.kar.core-4.2.3-SNAPSHOT.jar to /home/srafi/.m2/repository/org/apache/karaf/kar/org.apache.karaf.kar.core/4.2.3-SNAPSHOT/org.apache.karaf.kar.core-4.2.3-SNAPSHOT.jar
[INFO] Installing /home/srafi/after-cam-ready/compare_/compile_repair_output/work/f8c14d8531fc/kar/pom.xml to /home/srafi/.m2/repository/org/apache/karaf/kar/org.apache.karaf.kar.core/4.2.3-SNAPSHOT/org.apache.karaf.kar.core-4.2.3-SNAPSHOT.pom
[INFO] 
[INFO] --- maven-bundle-plugin:4.1.0:install (default-install) @ org.apache.karaf.kar.core ---
[INFO] Local OBR update disabled (enable with -DobrRepository)
[INFO] 
[INFO] ---------< org.apache.karaf.jaas:org.apache.karaf.jaas.config >---------
[INFO] Building Apache Karaf :: JAAS :: Config 4.2.3-SNAPSHOT          [17/220]
[INFO] -------------------------------[ bundle ]-------------------------------
[INFO] 
[INFO] --- maven-clean-plugin:3.1.0:clean (default-clean) @ org.apache.karaf.jaas.config ---
[INFO] 
[INFO] --- maven-bundle-plugin:4.1.0:cleanVersions (cleanVersions) @ org.apache.karaf.jaas.config ---
[INFO] 
[INFO] --- maven-remote-resources-plugin:1.5:process (process-resource-bundles) @ org.apache.karaf.jaas.config ---
[INFO] 
[INFO] --- maven-remote-resources-plugin:1.5:process (default) @ org.apache.karaf.jaas.config ---
[INFO] 
[INFO] --- maven-resources-plugin:3.1.0:resources (default-resources) @ org.apache.karaf.jaas.config ---
[INFO] Using 'UTF-8' encoding to copy filtered resources.
[INFO] Copying 1 resource
[INFO] Copying 1 resource
[INFO] Copying 3 resources
[INFO] Copying 3 resources
[INFO] 
[INFO] --- maven-compiler-plugin:3.8.0:compile (default-compile) @ org.apache.karaf.jaas.config ---
[INFO] Changes detected - recompiling the module!
[INFO] Compiling 12 source files to /home/srafi/after-cam-ready/compare_/compile_repair_output/work/f8c14d8531fc/jaas/config/target/classes
[INFO] /home/srafi/after-cam-ready/compare_/compile_repair_output/work/f8c14d8531fc/jaas/config/src/main/java/org/apache/karaf/jaas/config/impl/ResourceKeystoreInstance.java: /home/srafi/after-cam-ready/compare_/compile_repair_output/work/f8c14d8531fc/jaas/config/src/main/java/org/apache/karaf/jaas/config/impl/ResourceKeystoreInstance.java uses unchecked or unsafe operations.
[INFO] /home/srafi/after-cam-ready/compare_/compile_repair_output/work/f8c14d8531fc/jaas/config/src/main/java/org/apache/karaf/jaas/config/impl/ResourceKeystoreInstance.java: Recompile with -Xlint:unchecked for details.
[INFO] 
[INFO] --- maven-resources-plugin:3.1.0:testResources (default-testResources) @ org.apache.karaf.jaas.config ---
[INFO] Using 'UTF-8' encoding to copy filtered resources.
[INFO] skip non existing resourceDirectory /home/srafi/after-cam-ready/compare_/compile_repair_output/work/f8c14d8531fc/jaas/config/src/test/resources
[INFO] Copying 3 resources
[INFO] Copying 3 resources
[INFO] 
[INFO] --- maven-compiler-plugin:3.8.0:testCompile (default-testCompile) @ org.apache.karaf.jaas.config ---
[INFO] No sources to compile
[INFO] 
[INFO] --- maven-surefire-plugin:3.0.0-M8-SNAPSHOT:test (default-test) @ org.apache.karaf.jaas.config ---
[INFO] Tests are skipped.
[INFO] 
[INFO] --- maven-bundle-plugin:4.1.0:bundle (default-bundle) @ org.apache.karaf.jaas.config ---
[INFO] 
[INFO] --- maven-site-plugin:3.7.1:attach-descriptor (attach-descriptor) @ org.apache.karaf.jaas.config ---
[INFO] Skipping because packaging 'bundle' is not pom.
[INFO] 
[INFO] --- maven-install-plugin:3.0.0-M1:install (default-install) @ org.apache.karaf.jaas.config ---
[INFO] Installing /home/srafi/after-cam-ready/compare_/compile_repair_output/work/f8c14d8531fc/jaas/config/target/org.apache.karaf.jaas.config-4.2.3-SNAPSHOT.jar to /home/srafi/.m2/repository/org/apache/karaf/jaas/org.apache.karaf.jaas.config/4.2.3-SNAPSHOT/org.apache.karaf.jaas.config-4.2.3-SNAPSHOT.jar
[INFO] Installing /home/srafi/after-cam-ready/compare_/compile_repair_output/work/f8c14d8531fc/jaas/config/pom.xml to /home/srafi/.m2/repository/org/apache/karaf/jaas/org.apache.karaf.jaas.config/4.2.3-SNAPSHOT/org.apache.karaf.jaas.config-4.2.3-SNAPSHOT.pom
[INFO] 
[INFO] --- maven-bundle-plugin:4.1.0:install (default-install) @ org.apache.karaf.jaas.config ---
[INFO] Local OBR update disabled (enable with -DobrRepository)
[INFO] 
[INFO] --------< org.apache.karaf.jaas:org.apache.karaf.jaas.modules >---------
[INFO] Building Apache Karaf :: JAAS :: Modules 4.2.3-SNAPSHOT         [18/220]
[INFO] -------------------------------[ bundle ]-------------------------------
[INFO] 
[INFO] --- maven-clean-plugin:3.1.0:clean (default-clean) @ org.apache.karaf.jaas.modules ---
[INFO] 
[INFO] --- maven-bundle-plugin:4.1.0:cleanVersions (cleanVersions) @ org.apache.karaf.jaas.modules ---
[INFO] 
[INFO] --- maven-remote-resources-plugin:1.5:process (process-resource-bundles) @ org.apache.karaf.jaas.modules ---
[INFO] 
[INFO] --- maven-remote-resources-plugin:1.5:process (default) @ org.apache.karaf.jaas.modules ---
[INFO] 
[INFO] --- maven-resources-plugin:3.1.0:resources (default-resources) @ org.apache.karaf.jaas.modules ---
[INFO] Using 'UTF-8' encoding to copy filtered resources.
[INFO] Copying 1 resource
[INFO] Copying 1 resource
[INFO] Copying 3 resources
[INFO] Copying 3 resources
[INFO] 
[INFO] --- maven-compiler-plugin:3.8.0:compile (default-compile) @ org.apache.karaf.jaas.modules ---
[INFO] Changes detected - recompiling the module!
[INFO] Compiling 44 source files to /home/srafi/after-cam-ready/compare_/compile_repair_output/work/f8c14d8531fc/jaas/modules/target/classes
[INFO] /home/srafi/after-cam-ready/compare_/compile_repair_output/work/f8c14d8531fc/jaas/modules/src/main/java/org/apache/karaf/jaas/modules/syncope/SyncopeLoginModule.java: Some input files use or override a deprecated API.
[INFO] /home/srafi/after-cam-ready/compare_/compile_repair_output/work/f8c14d8531fc/jaas/modules/src/main/java/org/apache/karaf/jaas/modules/syncope/SyncopeLoginModule.java: Recompile with -Xlint:deprecation for details.
[INFO] /home/srafi/after-cam-ready/compare_/compile_repair_output/work/f8c14d8531fc/jaas/modules/src/main/java/org/apache/karaf/jaas/modules/syncope/SyncopeBackingEngine.java: /home/srafi/after-cam-ready/compare_/compile_repair_output/work/f8c14d8531fc/jaas/modules/src/main/java/org/apache/karaf/jaas/modules/syncope/SyncopeBackingEngine.java uses unchecked or unsafe operations.
[INFO] /home/srafi/after-cam-ready/compare_/compile_repair_output/work/f8c14d8531fc/jaas/modules/src/main/java/org/apache/karaf/jaas/modules/syncope/SyncopeBackingEngine.java: Recompile with -Xlint:unchecked for details.
[INFO] 
[INFO] --- karaf-services-maven-plugin:4.2.3-SNAPSHOT:service-metadata-generate (service-metadata-generate) @ org.apache.karaf.jaas.modules ---
[INFO] Activator org.apache.karaf.jaas.modules.impl.Activator
[INFO] 
[INFO] --- maven-resources-plugin:3.1.0:testResources (default-testResources) @ org.apache.karaf.jaas.modules ---
[INFO] Using 'UTF-8' encoding to copy filtered resources.
[INFO] Copying 18 resources
[INFO] Copying 3 resources
[INFO] Copying 3 resources
[INFO] 
[INFO] --- maven-compiler-plugin:3.8.0:testCompile (default-testCompile) @ org.apache.karaf.jaas.modules ---
[INFO] Changes detected - recompiling the module!
[INFO] Compiling 20 source files to /home/srafi/after-cam-ready/compare_/compile_repair_output/work/f8c14d8531fc/jaas/modules/target/test-classes
[INFO] 
[INFO] --- maven-surefire-plugin:3.0.0-M8-SNAPSHOT:test (default-test) @ org.apache.karaf.jaas.modules ---
[INFO] Tests are skipped.
[INFO] 
[INFO] --- maven-bundle-plugin:4.1.0:bundle (default-bundle) @ org.apache.karaf.jaas.modules ---
[WARNING] Bundle org.apache.karaf.jaas:org.apache.karaf.jaas.modules:bundle:4.2.3-SNAPSHOT : Export org.apache.karaf.jaas.modules.properties,  has 1,  private references [org.apache.felix.utils.properties]
[WARNING] Bundle org.apache.karaf.jaas:org.apache.karaf.jaas.modules:bundle:4.2.3-SNAPSHOT : Export org.apache.karaf.jaas.modules.publickey,  has 1,  private references [org.apache.felix.utils.properties]
[INFO] 
[INFO] --- maven-site-plugin:3.7.1:attach-descriptor (attach-descriptor) @ org.apache.karaf.jaas.modules ---
[INFO] Skipping because packaging 'bundle' is not pom.
[INFO] 
[INFO] --- maven-install-plugin:3.0.0-M1:install (default-install) @ org.apache.karaf.jaas.modules ---
[INFO] Installing /home/srafi/after-cam-ready/compare_/compile_repair_output/work/f8c14d8531fc/jaas/modules/target/org.apache.karaf.jaas.modules-4.2.3-SNAPSHOT.jar to /home/srafi/.m2/repository/org/apache/karaf/jaas/org.apache.karaf.jaas.modules/4.2.3-SNAPSHOT/org.apache.karaf.jaas.modules-4.2.3-SNAPSHOT.jar
[INFO] Installing /home/srafi/after-cam-ready/compare_/compile_repair_output/work/f8c14d8531fc/jaas/modules/pom.xml to /home/srafi/.m2/repository/org/apache/karaf/jaas/org.apache.karaf.jaas.modules/4.2.3-SNAPSHOT/org.apache.karaf.jaas.modules-4.2.3-SNAPSHOT.pom
[INFO] 
[INFO] --- maven-bundle-plugin:4.1.0:install (default-install) @ org.apache.karaf.jaas.modules ---
[INFO] Local OBR update disabled (enable with -DobrRepository)
[INFO] 
[INFO] -------------------< org.apache.karaf.bundle:bundle >-------------------
[INFO] Building Apache Karaf :: Bundle 4.2.3-SNAPSHOT                  [19/220]
[INFO] --------------------------------[ pom ]---------------------------------
[INFO] 
[INFO] --- maven-clean-plugin:3.1.0:clean (default-clean) @ bundle ---
[INFO] 
[INFO] --- maven-bundle-plugin:4.1.0:cleanVersions (cleanVersions) @ bundle ---
[INFO] 
[INFO] --- maven-remote-resources-plugin:1.5:process (process-resource-bundles) @ bundle ---
[INFO] 
[INFO] --- maven-remote-resources-plugin:1.5:process (default) @ bundle ---
[INFO] 
[INFO] --- maven-site-plugin:3.7.1:attach-descriptor (attach-descriptor) @ bundle ---
[INFO] No site descriptor found: nothing to attach.
[INFO] 
[INFO] --- maven-install-plugin:3.0.0-M1:install (default-install) @ bundle ---
[INFO] Installing /home/srafi/after-cam-ready/compare_/compile_repair_output/work/f8c14d8531fc/bundle/pom.xml to /home/srafi/.m2/repository/org/apache/karaf/bundle/bundle/4.2.3-SNAPSHOT/bundle-4.2.3-SNAPSHOT.pom
[INFO] 
[INFO] --------< org.apache.karaf.bundle:org.apache.karaf.bundle.core >--------
[INFO] Building Apache Karaf :: Bundle :: Core 4.2.3-SNAPSHOT          [20/220]
[INFO] -------------------------------[ bundle ]-------------------------------
[INFO] 
[INFO] --- maven-clean-plugin:3.1.0:clean (default-clean) @ org.apache.karaf.bundle.core ---
[INFO] 
[INFO] --- maven-bundle-plugin:4.1.0:cleanVersions (cleanVersions) @ org.apache.karaf.bundle.core ---
[INFO] 
[INFO] --- maven-remote-resources-plugin:1.5:process (process-resource-bundles) @ org.apache.karaf.bundle.core ---
[INFO] 
[INFO] --- maven-remote-resources-plugin:1.5:process (default) @ org.apache.karaf.bundle.core ---
[INFO] 
[INFO] --- maven-resources-plugin:3.1.0:resources (default-resources) @ org.apache.karaf.bundle.core ---
[INFO] Using 'UTF-8' encoding to copy filtered resources.
[INFO] Copying 1 resource
[INFO] Copying 1 resource
[INFO] Copying 3 resources
[INFO] Copying 3 resources
[INFO] 
[INFO] --- maven-compiler-plugin:3.8.0:compile (default-compile) @ org.apache.karaf.bundle.core ---
[INFO] Changes detected - recompiling the module!
[INFO] Compiling 42 source files to /home/srafi/after-cam-ready/compare_/compile_repair_output/work/f8c14d8531fc/bundle/core/target/classes
[INFO] 
[INFO] --- karaf-services-maven-plugin:4.2.3-SNAPSHOT:service-metadata-generate (service-metadata-generate) @ org.apache.karaf.bundle.core ---
[INFO] Ignoring jar:file:/home/srafi/after-cam-ready/compare_/compile_repair_output/work/f8c14d8531fc/jaas/modules/target/org.apache.karaf.jaas.modules-4.2.3-SNAPSHOT.jar!/org/apache/karaf/jaas/modules/impl/Activator.class
[INFO] Activator org.apache.karaf.bundle.core.internal.osgi.Activator
[INFO] Service org.apache.karaf.bundle.command
[INFO] Service org.apache.karaf.bundle.command
[INFO] Service org.apache.karaf.bundle.command
[INFO] Service org.apache.karaf.bundle.command
[INFO] Service org.apache.karaf.bundle.command
[INFO] Service org.apache.karaf.bundle.command
[INFO] Service org.apache.karaf.bundle.command
[INFO] Service org.apache.karaf.bundle.command
[INFO] Service org.apache.karaf.bundle.command
[INFO] Service org.apache.karaf.bundle.command
[INFO] Service org.apache.karaf.bundle.command.completers
[INFO] Service org.apache.karaf.bundle.command
[INFO] Service org.apache.karaf.bundle.command
[INFO] Service org.apache.karaf.bundle.command
[INFO] Service org.apache.karaf.bundle.command
[INFO] Service org.apache.karaf.bundle.command
[INFO] Service org.apache.karaf.bundle.command
[INFO] Service org.apache.karaf.bundle.command
[INFO] Service org.apache.karaf.bundle.command
[INFO] Service org.apache.karaf.bundle.command
[INFO] Service org.apache.karaf.bundle.command
[INFO] Service org.apache.karaf.bundle.command
[INFO] Service org.apache.karaf.bundle.command
[INFO] Service org.apache.karaf.bundle.command
[INFO] Service org.apache.karaf.bundle.command
[INFO] 
[INFO] --- maven-resources-plugin:3.1.0:testResources (default-testResources) @ org.apache.karaf.bundle.core ---
[INFO] Using 'UTF-8' encoding to copy filtered resources.
[INFO] Copying 2 resources
[INFO] Copying 3 resources
[INFO] Copying 3 resources
[INFO] 
[INFO] --- maven-compiler-plugin:3.8.0:testCompile (default-testCompile) @ org.apache.karaf.bundle.core ---
[INFO] Changes detected - recompiling the module!
[INFO] Compiling 4 source files to /home/srafi/after-cam-ready/compare_/compile_repair_output/work/f8c14d8531fc/bundle/core/target/test-classes
[INFO] 
[INFO] --- maven-surefire-plugin:3.0.0-M8-SNAPSHOT:test (default-test) @ org.apache.karaf.bundle.core ---
[INFO] Tests are skipped.
[INFO] 
[INFO] --- maven-bundle-plugin:4.1.0:bundle (default-bundle) @ org.apache.karaf.bundle.core ---
[WARNING] Bundle org.apache.karaf.bundle:org.apache.karaf.bundle.core:bundle:4.2.3-SNAPSHOT : Split package, multiple jars provide the same package:org/apache/karaf/util
Use Import/Export Package directive -split-package:=(merge-first|merge-last|error|first) to get rid of this warning
Package found in   [Jar:org.apache.karaf.util, Jar:org.apache.karaf.shell.core, Jar:org.apache.karaf.jaas.modules]
Class path         [Jar:., Jar:org.apache.aries.blueprint.api, Jar:org.osgi.core, Jar:org.osgi.compendium, Jar:pax-url-aether, Jar:jcl-over-slf4j, Jar:slf4j-api, Jar:org.apache.karaf.util, Jar:org.apache.karaf.jaas.boot, Jar:org.apache.felix.utils, Jar:org.apache.karaf.shell.core, Jar:jline, Jar:sshd-core, Jar:org.apache.karaf.jaas.modules, Jar:org.apache.karaf.jaas.config]
[WARNING] Bundle org.apache.karaf.bundle:org.apache.karaf.bundle.core:bundle:4.2.3-SNAPSHOT : Split package, multiple jars provide the same package:org/apache/karaf/util/jaas
Use Import/Export Package directive -split-package:=(merge-first|merge-last|error|first) to get rid of this warning
Package found in   [Jar:org.apache.karaf.util, Jar:org.apache.karaf.shell.core]
Class path         [Jar:., Jar:org.apache.aries.blueprint.api, Jar:org.osgi.core, Jar:org.osgi.compendium, Jar:pax-url-aether, Jar:jcl-over-slf4j, Jar:slf4j-api, Jar:org.apache.karaf.util, Jar:org.apache.karaf.jaas.boot, Jar:org.apache.felix.utils, Jar:org.apache.karaf.shell.core, Jar:jline, Jar:sshd-core, Jar:org.apache.karaf.jaas.modules, Jar:org.apache.karaf.jaas.config]
[WARNING] Bundle org.apache.karaf.bundle:org.apache.karaf.bundle.core:bundle:4.2.3-SNAPSHOT : Split package, multiple jars provide the same package:org/apache/felix/utils/manifest
Use Import/Export Package directive -split-package:=(merge-first|merge-last|error|first) to get rid of this warning
Package found in   [Jar:org.apache.felix.utils, Jar:org.apache.karaf.shell.core]
Class path         [Jar:., Jar:org.apache.aries.blueprint.api, Jar:org.osgi.core, Jar:org.osgi.compendium, Jar:pax-url-aether, Jar:jcl-over-slf4j, Jar:slf4j-api, Jar:org.apache.karaf.util, Jar:org.apache.karaf.jaas.boot, Jar:org.apache.felix.utils, Jar:org.apache.karaf.shell.core, Jar:jline, Jar:sshd-core, Jar:org.apache.karaf.jaas.modules, Jar:org.apache.karaf.jaas.config]
[WARNING] Bundle org.apache.karaf.bundle:org.apache.karaf.bundle.core:bundle:4.2.3-SNAPSHOT : Split package, multiple jars provide the same package:org/apache/karaf/util/tracker
Use Import/Export Package directive -split-package:=(merge-first|merge-last|error|first) to get rid of this warning
Package found in   [Jar:org.apache.karaf.util, Jar:org.apache.karaf.shell.core, Jar:org.apache.karaf.jaas.modules]
Class path         [Jar:., Jar:org.apache.aries.blueprint.api, Jar:org.osgi.core, Jar:org.osgi.compendium, Jar:pax-url-aether, Jar:jcl-over-slf4j, Jar:slf4j-api, Jar:org.apache.karaf.util, Jar:org.apache.karaf.jaas.boot, Jar:org.apache.felix.utils, Jar:org.apache.karaf.shell.core, Jar:jline, Jar:sshd-core, Jar:org.apache.karaf.jaas.modules, Jar:org.apache.karaf.jaas.config]
[INFO] 
[INFO] --- maven-site-plugin:3.7.1:attach-descriptor (attach-descriptor) @ org.apache.karaf.bundle.core ---
[INFO] Skipping because packaging 'bundle' is not pom.
[INFO] 
[INFO] --- maven-install-plugin:3.0.0-M1:install (default-install) @ org.apache.karaf.bundle.core ---
[INFO] Installing /home/srafi/after-cam-ready/compare_/compile_repair_output/work/f8c14d8531fc/bundle/core/target/org.apache.karaf.bundle.core-4.2.3-SNAPSHOT.jar to /home/srafi/.m2/repository/org/apache/karaf/bundle/org.apache.karaf.bundle.core/4.2.3-SNAPSHOT/org.apache.karaf.bundle.core-4.2.3-SNAPSHOT.jar
[INFO] Installing /home/srafi/after-cam-ready/compare_/compile_repair_output/work/f8c14d8531fc/bundle/core/pom.xml to /home/srafi/.m2/repository/org/apache/karaf/bundle/org.apache.karaf.bundle.core/4.2.3-SNAPSHOT/org.apache.karaf.bundle.core-4.2.3-SNAPSHOT.pom
[INFO] 
[INFO] --- maven-bundle-plugin:4.1.0:install (default-install) @ org.apache.karaf.bundle.core ---
[INFO] Local OBR update disabled (enable with -DobrRepository)
[INFO] 
[INFO] ---< org.apache.karaf.bundle:org.apache.karaf.bundle.blueprintstate >---
[INFO] Building Apache Karaf :: Bundle :: BlueprintStateService 4.2.3-SNAPSHOT [21/220]
[INFO] -------------------------------[ bundle ]-------------------------------
[INFO] 
[INFO] --- maven-clean-plugin:3.1.0:clean (default-clean) @ org.apache.karaf.bundle.blueprintstate ---
[INFO] 
[INFO] --- maven-bundle-plugin:4.1.0:cleanVersions (cleanVersions) @ org.apache.karaf.bundle.blueprintstate ---
[INFO] 
[INFO] --- maven-remote-resources-plugin:1.5:process (process-resource-bundles) @ org.apache.karaf.bundle.blueprintstate ---
[INFO] 
[INFO] --- maven-remote-resources-plugin:1.5:process (default) @ org.apache.karaf.bundle.blueprintstate ---
[INFO] 
[INFO] --- maven-resources-plugin:3.1.0:resources (default-resources) @ org.apache.karaf.bundle.blueprintstate ---
[INFO] Using 'UTF-8' encoding to copy filtered resources.
[INFO] skip non existing resourceDirectory /home/srafi/after-cam-ready/compare_/compile_repair_output/work/f8c14d8531fc/bundle/blueprintstate/src/main/resources
[INFO] skip non existing resourceDirectory /home/srafi/after-cam-ready/compare_/compile_repair_output/work/f8c14d8531fc/bundle/blueprintstate/src/main/resources
[INFO] Copying 3 resources
[INFO] Copying 3 resources
[INFO] 
[INFO] --- maven-compiler-plugin:3.8.0:compile (default-compile) @ org.apache.karaf.bundle.blueprintstate ---
[INFO] Changes detected - recompiling the module!
[INFO] Compiling 2 source files to /home/srafi/after-cam-ready/compare_/compile_repair_output/work/f8c14d8531fc/bundle/blueprintstate/target/classes
[INFO] 
[INFO] --- maven-resources-plugin:3.1.0:testResources (default-testResources) @ org.apache.karaf.bundle.blueprintstate ---
[INFO] Using 'UTF-8' encoding to copy filtered resources.
[INFO] skip non existing resourceDirectory /home/srafi/after-cam-ready/compare_/compile_repair_output/work/f8c14d8531fc/bundle/blueprintstate/src/test/resources
[INFO] Copying 3 resources
[INFO] Copying 3 resources
[INFO] 
[INFO] --- maven-compiler-plugin:3.8.0:testCompile (default-testCompile) @ org.apache.karaf.bundle.blueprintstate ---
[INFO] No sources to compile
[INFO] 
[INFO] --- maven-surefire-plugin:3.0.0-M8-SNAPSHOT:test (default-test) @ org.apache.karaf.bundle.blueprintstate ---
[INFO] Tests are skipped.
[INFO] 
[INFO] --- maven-bundle-plugin:4.1.0:bundle (default-bundle) @ org.apache.karaf.bundle.blueprintstate ---
[INFO] 
[INFO] --- maven-site-plugin:3.7.1:attach-descriptor (attach-descriptor) @ org.apache.karaf.bundle.blueprintstate ---
[INFO] Skipping because packaging 'bundle' is not pom.
[INFO] 
[INFO] --- maven-install-plugin:3.0.0-M1:install (default-install) @ org.apache.karaf.bundle.blueprintstate ---
[INFO] Installing /home/srafi/after-cam-ready/compare_/compile_repair_output/work/f8c14d8531fc/bundle/blueprintstate/target/org.apache.karaf.bundle.blueprintstate-4.2.3-SNAPSHOT.jar to /home/srafi/.m2/repository/org/apache/karaf/bundle/org.apache.karaf.bundle.blueprintstate/4.2.3-SNAPSHOT/org.apache.karaf.bundle.blueprintstate-4.2.3-SNAPSHOT.jar
[INFO] Installing /home/srafi/after-cam-ready/compare_/compile_repair_output/work/f8c14d8531fc/bundle/blueprintstate/pom.xml to /home/srafi/.m2/repository/org/apache/karaf/bundle/org.apache.karaf.bundle.blueprintstate/4.2.3-SNAPSHOT/org.apache.karaf.bundle.blueprintstate-4.2.3-SNAPSHOT.pom
[INFO] 
[INFO] --- maven-bundle-plugin:4.1.0:install (default-install) @ org.apache.karaf.bundle.blueprintstate ---
[INFO] Local OBR update disabled (enable with -DobrRepository)
[INFO] 
[INFO] ----< org.apache.karaf.bundle:org.apache.karaf.bundle.springstate >-----
[INFO] Building Apache Karaf :: Bundle :: SpringStateService 4.2.3-SNAPSHOT [22/220]
[INFO] -------------------------------[ bundle ]-------------------------------
[INFO] 
[INFO] --- maven-clean-plugin:3.1.0:clean (default-clean) @ org.apache.karaf.bundle.springstate ---
[INFO] 
[INFO] --- maven-bundle-plugin:4.1.0:cleanVersions (cleanVersions) @ org.apache.karaf.bundle.springstate ---
[INFO] 
[INFO] --- maven-remote-resources-plugin:1.5:process (process-resource-bundles) @ org.apache.karaf.bundle.springstate ---
[INFO] 
[INFO] --- maven-remote-resources-plugin:1.5:process (default) @ org.apache.karaf.bundle.springstate ---
[INFO] 
[INFO] --- maven-resources-plugin:3.1.0:resources (default-resources) @ org.apache.karaf.bundle.springstate ---
[INFO] Using 'UTF-8' encoding to copy filtered resources.
[INFO] skip non existing resourceDirectory /home/srafi/after-cam-ready/compare_/compile_repair_output/work/f8c14d8531fc/bundle/springstate/src/main/resources
[INFO] skip non existing resourceDirectory /home/srafi/after-cam-ready/compare_/compile_repair_output/work/f8c14d8531fc/bundle/springstate/src/main/resources
[INFO] Copying 3 resources
[INFO] Copying 3 resources
[INFO] 
[INFO] --- maven-compiler-plugin:3.8.0:compile (default-compile) @ org.apache.karaf.bundle.springstate ---
[INFO] Changes detected - recompiling the module!
[INFO] Compiling 2 source files to /home/srafi/after-cam-ready/compare_/compile_repair_output/work/f8c14d8531fc/bundle/springstate/target/classes
[INFO] 
[INFO] --- maven-resources-plugin:3.1.0:testResources (default-testResources) @ org.apache.karaf.bundle.springstate ---
[INFO] Using 'UTF-8' encoding to copy filtered resources.
[INFO] skip non existing resourceDirectory /home/srafi/after-cam-ready/compare_/compile_repair_output/work/f8c14d8531fc/bundle/springstate/src/test/resources
[INFO] Copying 3 resources
[INFO] Copying 3 resources
[INFO] 
[INFO] --- maven-compiler-plugin:3.8.0:testCompile (default-testCompile) @ org.apache.karaf.bundle.springstate ---
[INFO] No sources to compile
[INFO] 
[INFO] --- maven-surefire-plugin:3.0.0-M8-SNAPSHOT:test (default-test) @ org.apache.karaf.bundle.springstate ---
[INFO] Tests are skipped.
[INFO] 
[INFO] --- maven-bundle-plugin:4.1.0:bundle (default-bundle) @ org.apache.karaf.bundle.springstate ---
[INFO] 
[INFO] --- maven-site-plugin:3.7.1:attach-descriptor (attach-descriptor) @ org.apache.karaf.bundle.springstate ---
[INFO] Skipping because packaging 'bundle' is not pom.
[INFO] 
[INFO] --- maven-install-plugin:3.0.0-M1:install (default-install) @ org.apache.karaf.bundle.springstate ---
[INFO] Installing /home/srafi/after-cam-ready/compare_/compile_repair_output/work/f8c14d8531fc/bundle/springstate/target/org.apache.karaf.bundle.springstate-4.2.3-SNAPSHOT.jar to /home/srafi/.m2/repository/org/apache/karaf/bundle/org.apache.karaf.bundle.springstate/4.2.3-SNAPSHOT/org.apache.karaf.bundle.springstate-4.2.3-SNAPSHOT.jar
[INFO] Installing /home/srafi/after-cam-ready/compare_/compile_repair_output/work/f8c14d8531fc/bundle/springstate/pom.xml to /home/srafi/.m2/repository/org/apache/karaf/bundle/org.apache.karaf.bundle.springstate/4.2.3-SNAPSHOT/org.apache.karaf.bundle.springstate-4.2.3-SNAPSHOT.pom
[INFO] 
[INFO] --- maven-bundle-plugin:4.1.0:install (default-install) @ org.apache.karaf.bundle.springstate ---
[INFO] Local OBR update disabled (enable with -DobrRepository)
[INFO] 
[INFO] --------< org.apache.karaf.config:org.apache.karaf.config.core >--------
[INFO] Building Apache Karaf :: ConfigAdmin :: Core 4.2.3-SNAPSHOT     [23/220]
[INFO] -------------------------------[ bundle ]-------------------------------
[INFO] 
[INFO] --- maven-clean-plugin:3.1.0:clean (default-clean) @ org.apache.karaf.config.core ---
[INFO] 
[INFO] --- maven-bundle-plugin:4.1.0:cleanVersions (cleanVersions) @ org.apache.karaf.config.core ---
[INFO] 
[INFO] --- maven-remote-resources-plugin:1.5:process (process-resource-bundles) @ org.apache.karaf.config.core ---
[INFO] 
[INFO] --- maven-remote-resources-plugin:1.5:process (default) @ org.apache.karaf.config.core ---
[INFO] 
[INFO] --- maven-resources-plugin:3.1.0:resources (default-resources) @ org.apache.karaf.config.core ---
[INFO] Using 'UTF-8' encoding to copy filtered resources.
[INFO] Copying 4 resources
[INFO] Copying 1 resource
[INFO] Copying 3 resources
[INFO] Copying 3 resources
[INFO] 
[INFO] --- maven-compiler-plugin:3.8.0:compile (default-compile) @ org.apache.karaf.config.core ---
[INFO] Changes detected - recompiling the module!
[INFO] Compiling 23 source files to /home/srafi/after-cam-ready/compare_/compile_repair_output/work/f8c14d8531fc/config/target/classes
[INFO] 
[INFO] --- karaf-services-maven-plugin:4.2.3-SNAPSHOT:service-metadata-generate (service-metadata-generate) @ org.apache.karaf.config.core ---
[INFO] Activator org.apache.karaf.config.core.impl.osgi.Activator
[INFO] Service org.apache.karaf.config.command
[INFO] Service org.apache.karaf.config.command
[INFO] Service org.apache.karaf.config.command
[INFO] Service org.apache.karaf.config.command
[INFO] Service org.apache.karaf.config.command.completers
[INFO] Service org.apache.karaf.config.command.completers
[INFO] Service org.apache.karaf.config.command.completers
[INFO] Service org.apache.karaf.config.command
[INFO] Service org.apache.karaf.config.command
[INFO] Service org.apache.karaf.config.command
[INFO] Service org.apache.karaf.config.command
[INFO] Service org.apache.karaf.config.command
[INFO] Service org.apache.karaf.config.command
[INFO] Service org.apache.karaf.config.command
[INFO] Service org.apache.karaf.config.command
[INFO] 
[INFO] --- maven-resources-plugin:3.1.0:testResources (default-testResources) @ org.apache.karaf.config.core ---
[INFO] Using 'UTF-8' encoding to copy filtered resources.
[INFO] skip non existing resourceDirectory /home/srafi/after-cam-ready/compare_/compile_repair_output/work/f8c14d8531fc/config/src/test/resources
[INFO] Copying 3 resources
[INFO] Copying 3 resources
[INFO] 
[INFO] --- maven-compiler-plugin:3.8.0:testCompile (default-testCompile) @ org.apache.karaf.config.core ---
[INFO] Changes detected - recompiling the module!
[INFO] Compiling 3 source files to /home/srafi/after-cam-ready/compare_/compile_repair_output/work/f8c14d8531fc/config/target/test-classes
[INFO] 
[INFO] --- maven-surefire-plugin:3.0.0-M8-SNAPSHOT:test (default-test) @ org.apache.karaf.config.core ---
[INFO] Tests are skipped.
[INFO] 
[INFO] --- maven-bundle-plugin:4.1.0:bundle (default-bundle) @ org.apache.karaf.config.core ---
[WARNING] Bundle org.apache.karaf.config:org.apache.karaf.config.core:bundle:4.2.3-SNAPSHOT : Split package, multiple jars provide the same package:org/apache/karaf/util
Use Import/Export Package directive -split-package:=(merge-first|merge-last|error|first) to get rid of this warning
Package found in   [Jar:org.apache.karaf.util, Jar:org.apache.karaf.shell.core]
Class path         [Jar:., Jar:org.osgi.core, Jar:org.osgi.compendium, Jar:slf4j-api, Jar:org.apache.karaf.util, Jar:org.apache.felix.utils, Jar:org.apache.karaf.jaas.boot, Jar:org.apache.karaf.shell.core, Jar:jline, Jar:sshd-core]
[WARNING] Bundle org.apache.karaf.config:org.apache.karaf.config.core:bundle:4.2.3-SNAPSHOT : Split package, multiple jars provide the same package:org/apache/felix/utils/properties
Use Import/Export Package directive -split-package:=(merge-first|merge-last|error|first) to get rid of this warning
Package found in   [Jar:org.apache.felix.utils, Jar:org.apache.karaf.shell.core]
Class path         [Jar:., Jar:org.osgi.core, Jar:org.osgi.compendium, Jar:slf4j-api, Jar:org.apache.karaf.util, Jar:org.apache.felix.utils, Jar:org.apache.karaf.jaas.boot, Jar:org.apache.karaf.shell.core, Jar:jline, Jar:sshd-core]
[WARNING] Bundle org.apache.karaf.config:org.apache.karaf.config.core:bundle:4.2.3-SNAPSHOT : Split package, multiple jars provide the same package:org/apache/karaf/util/tracker
Use Import/Export Package directive -split-package:=(merge-first|merge-last|error|first) to get rid of this warning
Package found in   [Jar:org.apache.karaf.util, Jar:org.apache.karaf.shell.core]
Class path         [Jar:., Jar:org.osgi.core, Jar:org.osgi.compendium, Jar:slf4j-api, Jar:org.apache.karaf.util, Jar:org.apache.felix.utils, Jar:org.apache.karaf.jaas.boot, Jar:org.apache.karaf.shell.core, Jar:jline, Jar:sshd-core]
[WARNING] Bundle org.apache.karaf.config:org.apache.karaf.config.core:bundle:4.2.3-SNAPSHOT : Export org.apache.karaf.config.command,  has 1,  private references [org.apache.felix.utils.properties]
[WARNING] Bundle org.apache.karaf.config:org.apache.karaf.config.core:bundle:4.2.3-SNAPSHOT : Export org.apache.karaf.config.core,  has 1,  private references [org.apache.felix.utils.properties]
[INFO] 
[INFO] --- maven-site-plugin:3.7.1:attach-descriptor (attach-descriptor) @ org.apache.karaf.config.core ---
[INFO] Skipping because packaging 'bundle' is not pom.
[INFO] 
[INFO] --- maven-install-plugin:3.0.0-M1:install (default-install) @ org.apache.karaf.config.core ---
[INFO] Installing /home/srafi/after-cam-ready/compare_/compile_repair_output/work/f8c14d8531fc/config/target/org.apache.karaf.config.core-4.2.3-SNAPSHOT.jar to /home/srafi/.m2/repository/org/apache/karaf/config/org.apache.karaf.config.core/4.2.3-SNAPSHOT/org.apache.karaf.config.core-4.2.3-SNAPSHOT.jar
[INFO] Installing /home/srafi/after-cam-ready/compare_/compile_repair_output/work/f8c14d8531fc/config/pom.xml to /home/srafi/.m2/repository/org/apache/karaf/config/org.apache.karaf.config.core/4.2.3-SNAPSHOT/org.apache.karaf.config.core-4.2.3-SNAPSHOT.pom
[INFO] 
[INFO] --- maven-bundle-plugin:4.1.0:install (default-install) @ org.apache.karaf.config.core ---
[INFO] Local OBR update disabled (enable with -DobrRepository)
[INFO] 
[INFO] -------< org.apache.karaf.tooling:org.apache.karaf.tools.utils >--------
[INFO] Building Apache Karaf :: Tooling :: Utils 4.2.3-SNAPSHOT        [24/220]
[INFO] -------------------------------[ bundle ]-------------------------------
[INFO] 
[INFO] --- maven-clean-plugin:3.1.0:clean (default-clean) @ org.apache.karaf.tools.utils ---
[INFO] 
[INFO] --- modello-maven-plugin:1.9.1:java (default) @ org.apache.karaf.tools.utils ---
[INFO] outputDirectory: /home/srafi/after-cam-ready/compare_/compile_repair_output/work/f8c14d8531fc/tooling/utils/target/generated-sources/modello
[INFO] Working on model: src/main/mdo/edits.mdo
[INFO] Generating current version: 1.0.0
[INFO] 
[INFO] --- modello-maven-plugin:1.9.1:stax-reader (default) @ org.apache.karaf.tools.utils ---
[INFO] outputDirectory: /home/srafi/after-cam-ready/compare_/compile_repair_output/work/f8c14d8531fc/tooling/utils/target/generated-sources/modello
[INFO] Working on model: src/main/mdo/edits.mdo
[INFO] Generating current version: 1.0.0
[INFO] 
[INFO] --- modello-maven-plugin:1.9.1:stax-writer (default) @ org.apache.karaf.tools.utils ---
[INFO] outputDirectory: /home/srafi/after-cam-ready/compare_/compile_repair_output/work/f8c14d8531fc/tooling/utils/target/generated-sources/modello
[INFO] Working on model: src/main/mdo/edits.mdo
[INFO] Generating current version: 1.0.0
[INFO] 
[INFO] --- modello-maven-plugin:1.9.1:xsd (default) @ org.apache.karaf.tools.utils ---
[INFO] outputDirectory: /home/srafi/after-cam-ready/compare_/compile_repair_output/work/f8c14d8531fc/tooling/utils/target/generated-site/resources/xsd
[INFO] Working on model: src/main/mdo/edits.mdo
[INFO] Generating current version: 1.0.0
[INFO] 
[INFO] --- modello-maven-plugin:1.9.1:xdoc (default) @ org.apache.karaf.tools.utils ---
[INFO] outputDirectory: /home/srafi/after-cam-ready/compare_/compile_repair_output/work/f8c14d8531fc/tooling/utils/target/generated-site/xdoc
[INFO] Working on model: src/main/mdo/edits.mdo
[INFO] Generating current version: 1.0.0
[INFO] 
[INFO] --- maven-bundle-plugin:4.1.0:cleanVersions (cleanVersions) @ org.apache.karaf.tools.utils ---
[INFO] 
[INFO] --- maven-remote-resources-plugin:1.5:process (process-resource-bundles) @ org.apache.karaf.tools.utils ---
[INFO] 
[INFO] --- maven-remote-resources-plugin:1.5:process (default) @ org.apache.karaf.tools.utils ---
[INFO] 
[INFO] --- maven-resources-plugin:3.1.0:resources (default-resources) @ org.apache.karaf.tools.utils ---
[INFO] Using 'UTF-8' encoding to copy filtered resources.
[INFO] skip non existing resourceDirectory /home/srafi/after-cam-ready/compare_/compile_repair_output/work/f8c14d8531fc/tooling/utils/src/main/resources
[INFO] Copying 3 resources
[INFO] Copying 3 resources
[INFO] 
[INFO] --- maven-compiler-plugin:3.8.0:compile (default-compile) @ org.apache.karaf.tools.utils ---
[INFO] Changes detected - recompiling the module!
[INFO] Compiling 10 source files to /home/srafi/after-cam-ready/compare_/compile_repair_output/work/f8c14d8531fc/tooling/utils/target/classes
[INFO] /home/srafi/after-cam-ready/compare_/compile_repair_output/work/f8c14d8531fc/tooling/utils/target/generated-sources/modello/org/apache/karaf/tools/utils/model/io/stax/KarafPropertyInstructionsModelStaxReader.java: /home/srafi/after-cam-ready/compare_/compile_repair_output/work/f8c14d8531fc/tooling/utils/target/generated-sources/modello/org/apache/karaf/tools/utils/model/io/stax/KarafPropertyInstructionsModelStaxReader.java uses unchecked or unsafe operations.
[INFO] /home/srafi/after-cam-ready/compare_/compile_repair_output/work/f8c14d8531fc/tooling/utils/target/generated-sources/modello/org/apache/karaf/tools/utils/model/io/stax/KarafPropertyInstructionsModelStaxReader.java: Recompile with -Xlint:unchecked for details.
[INFO] 
[INFO] --- maven-resources-plugin:3.1.0:testResources (default-testResources) @ org.apache.karaf.tools.utils ---
[INFO] Using 'UTF-8' encoding to copy filtered resources.
[INFO] Copying 1 resource
[INFO] Copying 3 resources
[INFO] Copying 3 resources
[INFO] 
[INFO] --- maven-compiler-plugin:3.8.0:testCompile (default-testCompile) @ org.apache.karaf.tools.utils ---
[INFO] Changes detected - recompiling the module!
[INFO] Compiling 1 source file to /home/srafi/after-cam-ready/compare_/compile_repair_output/work/f8c14d8531fc/tooling/utils/target/test-classes
[INFO] 
[INFO] --- maven-surefire-plugin:3.0.0-M8-SNAPSHOT:test (default-test) @ org.apache.karaf.tools.utils ---
[INFO] Tests are skipped.
[INFO] 
[INFO] --- maven-bundle-plugin:4.1.0:bundle (default-bundle) @ org.apache.karaf.tools.utils ---
[INFO] 
[INFO] --- maven-site-plugin:3.7.1:attach-descriptor (attach-descriptor) @ org.apache.karaf.tools.utils ---
[INFO] Skipping because packaging 'bundle' is not pom.
[INFO] 
[INFO] --- maven-install-plugin:3.0.0-M1:install (default-install) @ org.apache.karaf.tools.utils ---
[INFO] Installing /home/srafi/after-cam-ready/compare_/compile_repair_output/work/f8c14d8531fc/tooling/utils/target/org.apache.karaf.tools.utils-4.2.3-SNAPSHOT.jar to /home/srafi/.m2/repository/org/apache/karaf/tooling/org.apache.karaf.tools.utils/4.2.3-SNAPSHOT/org.apache.karaf.tools.utils-4.2.3-SNAPSHOT.jar
[INFO] Installing /home/srafi/after-cam-ready/compare_/compile_repair_output/work/f8c14d8531fc/tooling/utils/pom.xml to /home/srafi/.m2/repository/org/apache/karaf/tooling/org.apache.karaf.tools.utils/4.2.3-SNAPSHOT/org.apache.karaf.tools.utils-4.2.3-SNAPSHOT.pom
[INFO] 
[INFO] --- maven-bundle-plugin:4.1.0:install (default-install) @ org.apache.karaf.tools.utils ---
[INFO] Local OBR update disabled (enable with -DobrRepository)
[INFO] 
[INFO] -----------------< org.apache.karaf.deployer:deployer >-----------------
[INFO] Building Apache Karaf :: Deployer 4.2.3-SNAPSHOT                [25/220]
[INFO] --------------------------------[ pom ]---------------------------------
[INFO] 
[INFO] --- maven-clean-plugin:3.1.0:clean (default-clean) @ deployer ---
[INFO] 
[INFO] --- maven-bundle-plugin:4.1.0:cleanVersions (cleanVersions) @ deployer ---
[INFO] 
[INFO] --- maven-remote-resources-plugin:1.5:process (process-resource-bundles) @ deployer ---
[INFO] 
[INFO] --- maven-remote-resources-plugin:1.5:process (default) @ deployer ---
[INFO] 
[INFO] --- maven-site-plugin:3.7.1:attach-descriptor (attach-descriptor) @ deployer ---
[INFO] No site descriptor found: nothing to attach.
[INFO] 
[INFO] --- maven-install-plugin:3.0.0-M1:install (default-install) @ deployer ---
[INFO] Installing /home/srafi/after-cam-ready/compare_/compile_repair_output/work/f8c14d8531fc/deployer/pom.xml to /home/srafi/.m2/repository/org/apache/karaf/deployer/deployer/4.2.3-SNAPSHOT/deployer-4.2.3-SNAPSHOT.pom
[INFO] 
[INFO] ---< org.apache.karaf.deployer:org.apache.karaf.deployer.blueprint >----
[INFO] Building Apache Karaf :: Deployer :: Blueprint 4.2.3-SNAPSHOT   [26/220]
[INFO] -------------------------------[ bundle ]-------------------------------
[INFO] 
[INFO] --- maven-clean-plugin:3.1.0:clean (default-clean) @ org.apache.karaf.deployer.blueprint ---
[INFO] 
[INFO] --- maven-bundle-plugin:4.1.0:cleanVersions (cleanVersions) @ org.apache.karaf.deployer.blueprint ---
[INFO] 
[INFO] --- maven-remote-resources-plugin:1.5:process (process-resource-bundles) @ org.apache.karaf.deployer.blueprint ---
[INFO] 
[INFO] --- maven-remote-resources-plugin:1.5:process (default) @ org.apache.karaf.deployer.blueprint ---
[INFO] 
[INFO] --- maven-resources-plugin:3.1.0:resources (default-resources) @ org.apache.karaf.deployer.blueprint ---
[INFO] Using 'UTF-8' encoding to copy filtered resources.
[INFO] Copying 3 resources
[INFO] Copying 1 resource
[INFO] Copying 3 resources
[INFO] Copying 3 resources
[INFO] 
[INFO] --- maven-compiler-plugin:3.8.0:compile (default-compile) @ org.apache.karaf.deployer.blueprint ---
[INFO] Changes detected - recompiling the module!
[INFO] Compiling 4 source files to /home/srafi/after-cam-ready/compare_/compile_repair_output/work/f8c14d8531fc/deployer/blueprint/target/classes
[INFO] 
[INFO] --- karaf-services-maven-plugin:4.2.3-SNAPSHOT:service-metadata-generate (service-metadata-generate) @ org.apache.karaf.deployer.blueprint ---
[INFO] Activator org.apache.karaf.deployer.blueprint.osgi.Activator
[INFO] 
[INFO] --- maven-resources-plugin:3.1.0:testResources (default-testResources) @ org.apache.karaf.deployer.blueprint ---
[INFO] Using 'UTF-8' encoding to copy filtered resources.
[INFO] Copying 2 resources
[INFO] Copying 3 resources
[INFO] Copying 3 resources
[INFO] 
[INFO] --- maven-compiler-plugin:3.8.0:testCompile (default-testCompile) @ org.apache.karaf.deployer.blueprint ---
[INFO] Changes detected - recompiling the module!
[INFO] Compiling 1 source file to /home/srafi/after-cam-ready/compare_/compile_repair_output/work/f8c14d8531fc/deployer/blueprint/target/test-classes
[INFO] /home/srafi/after-cam-ready/compare_/compile_repair_output/work/f8c14d8531fc/deployer/blueprint/src/test/java/org/apache/karaf/deployer/blueprint/BlueprintDeploymentListenerTest.java: /home/srafi/after-cam-ready/compare_/compile_repair_output/work/f8c14d8531fc/deployer/blueprint/src/test/java/org/apache/karaf/deployer/blueprint/BlueprintDeploymentListenerTest.java uses or overrides a deprecated API.
[INFO] /home/srafi/after-cam-ready/compare_/compile_repair_output/work/f8c14d8531fc/deployer/blueprint/src/test/java/org/apache/karaf/deployer/blueprint/BlueprintDeploymentListenerTest.java: Recompile with -Xlint:deprecation for details.
[INFO] 
[INFO] --- maven-surefire-plugin:3.0.0-M8-SNAPSHOT:test (default-test) @ org.apache.karaf.deployer.blueprint ---
[INFO] Tests are skipped.
[INFO] 
[INFO] --- maven-bundle-plugin:4.1.0:bundle (default-bundle) @ org.apache.karaf.deployer.blueprint ---
[INFO] 
[INFO] --- maven-site-plugin:3.7.1:attach-descriptor (attach-descriptor) @ org.apache.karaf.deployer.blueprint ---
[INFO] Skipping because packaging 'bundle' is not pom.
[INFO] 
[INFO] --- maven-install-plugin:3.0.0-M1:install (default-install) @ org.apache.karaf.deployer.blueprint ---
[INFO] Installing /home/srafi/after-cam-ready/compare_/compile_repair_output/work/f8c14d8531fc/deployer/blueprint/target/org.apache.karaf.deployer.blueprint-4.2.3-SNAPSHOT.jar to /home/srafi/.m2/repository/org/apache/karaf/deployer/org.apache.karaf.deployer.blueprint/4.2.3-SNAPSHOT/org.apache.karaf.deployer.blueprint-4.2.3-SNAPSHOT.jar
[INFO] Installing /home/srafi/after-cam-ready/compare_/compile_repair_output/work/f8c14d8531fc/deployer/blueprint/pom.xml to /home/srafi/.m2/repository/org/apache/karaf/deployer/org.apache.karaf.deployer.blueprint/4.2.3-SNAPSHOT/org.apache.karaf.deployer.blueprint-4.2.3-SNAPSHOT.pom
[INFO] 
[INFO] --- maven-bundle-plugin:4.1.0:install (default-install) @ org.apache.karaf.deployer.blueprint ---
[INFO] Local OBR update disabled (enable with -DobrRepository)
[INFO] 
[INFO] -----< org.apache.karaf.deployer:org.apache.karaf.deployer.spring >-----
[INFO] Building Apache Karaf :: Deployer :: Spring 4.2.3-SNAPSHOT      [27/220]
[INFO] -------------------------------[ bundle ]-------------------------------
[INFO] 
[INFO] --- maven-clean-plugin:3.1.0:clean (default-clean) @ org.apache.karaf.deployer.spring ---
[INFO] 
[INFO] --- maven-bundle-plugin:4.1.0:cleanVersions (cleanVersions) @ org.apache.karaf.deployer.spring ---
[INFO] 
[INFO] --- maven-remote-resources-plugin:1.5:process (process-resource-bundles) @ org.apache.karaf.deployer.spring ---
[INFO] 
[INFO] --- maven-remote-resources-plugin:1.5:process (default) @ org.apache.karaf.deployer.spring ---
[INFO] 
[INFO] --- maven-resources-plugin:3.1.0:resources (default-resources) @ org.apache.karaf.deployer.spring ---
[INFO] Using 'UTF-8' encoding to copy filtered resources.
[INFO] Copying 3 resources
[INFO] Copying 1 resource
[INFO] Copying 3 resources
[INFO] Copying 3 resources
[INFO] 
[INFO] --- maven-compiler-plugin:3.8.0:compile (default-compile) @ org.apache.karaf.deployer.spring ---
[INFO] Changes detected - recompiling the module!
[INFO] Compiling 4 source files to /home/srafi/after-cam-ready/compare_/compile_repair_output/work/f8c14d8531fc/deployer/spring/target/classes
[INFO] 
[INFO] --- karaf-services-maven-plugin:4.2.3-SNAPSHOT:service-metadata-generate (service-metadata-generate) @ org.apache.karaf.deployer.spring ---
[INFO] Activator org.apache.karaf.deployer.spring.osgi.Activator
[INFO] 
[INFO] --- maven-resources-plugin:3.1.0:testResources (default-testResources) @ org.apache.karaf.deployer.spring ---
[INFO] Using 'UTF-8' encoding to copy filtered resources.
[INFO] Copying 1 resource
[INFO] Copying 3 resources
[INFO] Copying 3 resources
[INFO] 
[INFO] --- maven-compiler-plugin:3.8.0:testCompile (default-testCompile) @ org.apache.karaf.deployer.spring ---
[INFO] Changes detected - recompiling the module!
[INFO] Compiling 1 source file to /home/srafi/after-cam-ready/compare_/compile_repair_output/work/f8c14d8531fc/deployer/spring/target/test-classes
[INFO] /home/srafi/after-cam-ready/compare_/compile_repair_output/work/f8c14d8531fc/deployer/spring/src/test/java/org/apache/karaf/deployer/spring/SpringDeploymentListenerTest.java: /home/srafi/after-cam-ready/compare_/compile_repair_output/work/f8c14d8531fc/deployer/spring/src/test/java/org/apache/karaf/deployer/spring/SpringDeploymentListenerTest.java uses or overrides a deprecated API.
[INFO] /home/srafi/after-cam-ready/compare_/compile_repair_output/work/f8c14d8531fc/deployer/spring/src/test/java/org/apache/karaf/deployer/spring/SpringDeploymentListenerTest.java: Recompile with -Xlint:deprecation for details.
[INFO] 
[INFO] --- maven-surefire-plugin:3.0.0-M8-SNAPSHOT:test (default-test) @ org.apache.karaf.deployer.spring ---
[INFO] Tests are skipped.
[INFO] 
[INFO] --- maven-bundle-plugin:4.1.0:bundle (default-bundle) @ org.apache.karaf.deployer.spring ---
[INFO] 
[INFO] --- maven-site-plugin:3.7.1:attach-descriptor (attach-descriptor) @ org.apache.karaf.deployer.spring ---
[INFO] Skipping because packaging 'bundle' is not pom.
[INFO] 
[INFO] --- maven-install-plugin:3.0.0-M1:install (default-install) @ org.apache.karaf.deployer.spring ---
[INFO] Installing /home/srafi/after-cam-ready/compare_/compile_repair_output/work/f8c14d8531fc/deployer/spring/target/org.apache.karaf.deployer.spring-4.2.3-SNAPSHOT.jar to /home/srafi/.m2/repository/org/apache/karaf/deployer/org.apache.karaf.deployer.spring/4.2.3-SNAPSHOT/org.apache.karaf.deployer.spring-4.2.3-SNAPSHOT.jar
[INFO] Installing /home/srafi/after-cam-ready/compare_/compile_repair_output/work/f8c14d8531fc/deployer/spring/pom.xml to /home/srafi/.m2/repository/org/apache/karaf/deployer/org.apache.karaf.deployer.spring/4.2.3-SNAPSHOT/org.apache.karaf.deployer.spring-4.2.3-SNAPSHOT.pom
[INFO] 
[INFO] --- maven-bundle-plugin:4.1.0:install (default-install) @ org.apache.karaf.deployer.spring ---
[INFO] Local OBR update disabled (enable with -DobrRepository)
[INFO] 
[INFO] -------< org.apache.karaf.profile:org.apache.karaf.profile.core >-------
[INFO] Building Apache Karaf :: Profile :: Core 4.2.3-SNAPSHOT         [28/220]
[INFO] -------------------------------[ bundle ]-------------------------------
[INFO] 
[INFO] --- maven-clean-plugin:3.1.0:clean (default-clean) @ org.apache.karaf.profile.core ---
[INFO] 
[INFO] --- maven-bundle-plugin:4.1.0:cleanVersions (cleanVersions) @ org.apache.karaf.profile.core ---
[INFO] 
[INFO] --- maven-remote-resources-plugin:1.5:process (process-resource-bundles) @ org.apache.karaf.profile.core ---
[INFO] 
[INFO] --- maven-remote-resources-plugin:1.5:process (default) @ org.apache.karaf.profile.core ---
[INFO] 
[INFO] --- maven-resources-plugin:3.1.0:resources (default-resources) @ org.apache.karaf.profile.core ---
[INFO] Using 'UTF-8' encoding to copy filtered resources.
[INFO] Copying 1 resource
[INFO] Copying 0 resource
[INFO] Copying 3 resources
[INFO] Copying 3 resources
[INFO] 
[INFO] --- maven-compiler-plugin:3.8.0:compile (default-compile) @ org.apache.karaf.profile.core ---
[INFO] Changes detected - recompiling the module!
[INFO] Compiling 34 source files to /home/srafi/after-cam-ready/compare_/compile_repair_output/work/f8c14d8531fc/profile/target/classes
[INFO] 
[INFO] --- karaf-services-maven-plugin:4.2.3-SNAPSHOT:service-metadata-generate (service-metadata-generate) @ org.apache.karaf.profile.core ---
[INFO] Ignoring jar:file:/home/srafi/after-cam-ready/compare_/compile_repair_output/work/f8c14d8531fc/deployer/spring/target/org.apache.karaf.deployer.spring-4.2.3-SNAPSHOT.jar!/org/apache/karaf/deployer/spring/osgi/Activator.class
[INFO] Ignoring jar:file:/home/srafi/after-cam-ready/compare_/compile_repair_output/work/f8c14d8531fc/deployer/blueprint/target/org.apache.karaf.deployer.blueprint-4.2.3-SNAPSHOT.jar!/org/apache/karaf/deployer/blueprint/osgi/Activator.class
[INFO] Ignoring jar:file:/home/srafi/after-cam-ready/compare_/compile_repair_output/work/f8c14d8531fc/kar/target/org.apache.karaf.kar.core-4.2.3-SNAPSHOT.jar!/org/apache/karaf/kar/internal/osgi/Activator.class
[INFO] Ignoring jar:file:/home/srafi/after-cam-ready/compare_/compile_repair_output/work/f8c14d8531fc/features/core/target/org.apache.karaf.features.core-4.2.3-SNAPSHOT.jar!/org/apache/karaf/features/internal/osgi/Activator.class
[INFO] Activator org.apache.karaf.profile.impl.osgi.Activator
[INFO] Service org.apache.karaf.kar.command.completers
[INFO] Service org.apache.karaf.kar.command
[INFO] Service org.apache.karaf.kar.command
[INFO] Service org.apache.karaf.kar.command
[INFO] Service org.apache.karaf.kar.command
[INFO] Service org.apache.karaf.profile.command
[INFO] Service org.apache.karaf.profile.command
[INFO] Service org.apache.karaf.profile.command
[INFO] Service org.apache.karaf.profile.command.completers
[INFO] Service org.apache.karaf.profile.command
[INFO] Service org.apache.karaf.profile.command
[INFO] Service org.apache.karaf.profile.command
[INFO] Service org.apache.karaf.profile.command
[INFO] Service org.apache.karaf.profile.command
[INFO] 
[INFO] --- maven-resources-plugin:3.1.0:testResources (default-testResources) @ org.apache.karaf.profile.core ---
[INFO] Using 'UTF-8' encoding to copy filtered resources.
[INFO] Copying 4 resources
[INFO] Copying 3 resources
[INFO] Copying 3 resources
[INFO] 
[INFO] --- maven-compiler-plugin:3.8.0:testCompile (default-testCompile) @ org.apache.karaf.profile.core ---
[INFO] Changes detected - recompiling the module!
[INFO] Compiling 3 source files to /home/srafi/after-cam-ready/compare_/compile_repair_output/work/f8c14d8531fc/profile/target/test-classes
[INFO] 
[INFO] --- maven-surefire-plugin:3.0.0-M8-SNAPSHOT:test (default-test) @ org.apache.karaf.profile.core ---
[INFO] Tests are skipped.
[INFO] 
[INFO] --- maven-bundle-plugin:4.1.0:bundle (default-bundle) @ org.apache.karaf.profile.core ---
[INFO] 
[INFO] --- maven-site-plugin:3.7.1:attach-descriptor (attach-descriptor) @ org.apache.karaf.profile.core ---
[INFO] Skipping because packaging 'bundle' is not pom.
[INFO] 
[INFO] --- maven-install-plugin:3.0.0-M1:install (default-install) @ org.apache.karaf.profile.core ---
[INFO] Installing /home/srafi/after-cam-ready/compare_/compile_repair_output/work/f8c14d8531fc/profile/target/org.apache.karaf.profile.core-4.2.3-SNAPSHOT.jar to /home/srafi/.m2/repository/org/apache/karaf/profile/org.apache.karaf.profile.core/4.2.3-SNAPSHOT/org.apache.karaf.profile.core-4.2.3-SNAPSHOT.jar
[INFO] Installing /home/srafi/after-cam-ready/compare_/compile_repair_output/work/f8c14d8531fc/profile/pom.xml to /home/srafi/.m2/repository/org/apache/karaf/profile/org.apache.karaf.profile.core/4.2.3-SNAPSHOT/org.apache.karaf.profile.core-4.2.3-SNAPSHOT.pom
[INFO] 
[INFO] --- maven-bundle-plugin:4.1.0:install (default-install) @ org.apache.karaf.profile.core ---
[INFO] Local OBR update disabled (enable with -DobrRepository)
[INFO] 
[INFO] ------< org.apache.karaf.instance:org.apache.karaf.instance.core >------
[INFO] Building Apache Karaf :: Instance :: Core 4.2.3-SNAPSHOT        [29/220]
[INFO] -------------------------------[ bundle ]-------------------------------
[INFO] 
[INFO] --- maven-clean-plugin:3.1.0:clean (default-clean) @ org.apache.karaf.instance.core ---
[INFO] 
[INFO] --- build-helper-maven-plugin:3.0.0:regex-property (regex-property) @ org.apache.karaf.instance.core ---
[INFO] 
[INFO] --- maven-bundle-plugin:4.1.0:cleanVersions (cleanVersions) @ org.apache.karaf.instance.core ---
[INFO] 
[INFO] --- maven-remote-resources-plugin:1.5:process (process-resource-bundles) @ org.apache.karaf.instance.core ---
[INFO] 
[INFO] --- maven-remote-resources-plugin:1.5:process (default) @ org.apache.karaf.instance.core ---
[INFO] 
[INFO] --- maven-resources-plugin:3.1.0:copy-resources (copy-resources) @ org.apache.karaf.instance.core ---
[INFO] Using 'UTF-8' encoding to copy filtered resources.
[INFO] Copying 24 resources
[INFO] Copying 15 resources
[INFO] Copying 30 resources
[INFO] 
[INFO] --- maven-resources-plugin:3.1.0:resources (filter) @ org.apache.karaf.instance.core ---
[INFO] Using 'UTF-8' encoding to copy filtered resources.
[INFO] Copying 32 resources
[INFO] Copying 69 resources
[INFO] Copying 3 resources
[INFO] Copying 3 resources
[INFO] 
[INFO] --- maven-resources-plugin:3.1.0:resources (default-resources) @ org.apache.karaf.instance.core ---
[INFO] Using 'UTF-8' encoding to copy filtered resources.
[INFO] Copying 32 resources
[INFO] Copying 69 resources
[INFO] Copying 3 resources
[INFO] Copying 3 resources
[INFO] 
[INFO] --- maven-compiler-plugin:3.8.0:compile (default-compile) @ org.apache.karaf.instance.core ---
[INFO] Changes detected - recompiling the module!
[INFO] Compiling 29 source files to /home/srafi/after-cam-ready/compare_/compile_repair_output/work/f8c14d8531fc/instance/target/classes
[INFO] 
[INFO] --- karaf-services-maven-plugin:4.2.3-SNAPSHOT:service-metadata-generate (service-metadata-generate) @ org.apache.karaf.instance.core ---
[INFO] Ignoring jar:file:/home/srafi/after-cam-ready/compare_/compile_repair_output/work/f8c14d8531fc/profile/target/org.apache.karaf.profile.core-4.2.3-SNAPSHOT.jar!/org/apache/karaf/profile/impl/osgi/Activator.class
[INFO] Ignoring jar:file:/home/srafi/after-cam-ready/compare_/compile_repair_output/work/f8c14d8531fc/features/core/target/org.apache.karaf.features.core-4.2.3-SNAPSHOT.jar!/org/apache/karaf/features/internal/osgi/Activator.class
[INFO] Activator org.apache.karaf.instance.core.internal.osgi.Activator
[INFO] Service org.apache.karaf.profile.command.completers
[INFO] Service org.apache.karaf.profile.command
[INFO] Service org.apache.karaf.profile.command
[INFO] Service org.apache.karaf.profile.command
[INFO] Service org.apache.karaf.profile.command
[INFO] Service org.apache.karaf.profile.command
[INFO] Service org.apache.karaf.profile.command
[INFO] Service org.apache.karaf.profile.command
[INFO] Service org.apache.karaf.profile.command
[INFO] Service org.apache.karaf.features.command.completers
[INFO] Service org.apache.karaf.features.command.completers
[INFO] Service org.apache.karaf.features.command.completers
[INFO] Service org.apache.karaf.features.command.completers
[INFO] Service org.apache.karaf.features.command.completers
[INFO] Service org.apache.karaf.features.command.completers
[INFO] Service org.apache.karaf.features.command.completers
[INFO] Service org.apache.karaf.features.command.completers
[INFO] Service org.apache.karaf.features.command
[INFO] Service org.apache.karaf.features.command
[INFO] Service org.apache.karaf.features.command
[INFO] Service org.apache.karaf.features.command
[INFO] Service org.apache.karaf.features.command
[INFO] Service org.apache.karaf.features.command
[INFO] Service org.apache.karaf.features.command
[INFO] Service org.apache.karaf.features.command
[INFO] Service org.apache.karaf.features.command
[INFO] Service org.apache.karaf.features.command
[INFO] Service org.apache.karaf.features.command
[INFO] Service org.apache.karaf.features.command
[INFO] Service org.apache.karaf.features.command
[INFO] Service org.apache.karaf.features.command
[INFO] Service org.apache.karaf.features.command
[INFO] Service org.apache.karaf.features.command
[INFO] Service org.apache.karaf.features.command
[INFO] Service org.apache.karaf.instance.command
[INFO] Service org.apache.karaf.instance.command
[INFO] Service org.apache.karaf.instance.command
[INFO] Service org.apache.karaf.instance.command
[INFO] Service org.apache.karaf.instance.command
[INFO] Service org.apache.karaf.instance.command.completers
[INFO] Service org.apache.karaf.instance.command.completers
[INFO] Service org.apache.karaf.instance.command.completers
[INFO] Service org.apache.karaf.instance.command
[INFO] Service org.apache.karaf.instance.command
[INFO] Service org.apache.karaf.instance.command
[INFO] Service org.apache.karaf.instance.command
[INFO] Service org.apache.karaf.instance.command
[INFO] Service org.apache.karaf.instance.command
[INFO] Service org.apache.karaf.instance.command
[INFO] Service org.apache.karaf.instance.command
[INFO] Service org.apache.karaf.instance.command
[INFO] Service org.apache.karaf.instance.command
[INFO] 
[INFO] --- maven-resources-plugin:3.1.0:testResources (default-testResources) @ org.apache.karaf.instance.core ---
[INFO] Using 'UTF-8' encoding to copy filtered resources.
[INFO] Copying 2 resources
[INFO] Copying 3 resources
[INFO] Copying 3 resources
[INFO] 
[INFO] --- maven-compiler-plugin:3.8.0:testCompile (default-testCompile) @ org.apache.karaf.instance.core ---
[INFO] Changes detected - recompiling the module!
[INFO] Compiling 8 source files to /home/srafi/after-cam-ready/compare_/compile_repair_output/work/f8c14d8531fc/instance/target/test-classes
[INFO] 
[INFO] --- maven-surefire-plugin:3.0.0-M8-SNAPSHOT:test (default-test) @ org.apache.karaf.instance.core ---
[INFO] Tests are skipped.
[INFO] 
[INFO] --- maven-bundle-plugin:4.1.0:bundle (default-bundle) @ org.apache.karaf.instance.core ---
[WARNING] Bundle org.apache.karaf.instance:org.apache.karaf.instance.core:bundle:4.2.3-SNAPSHOT : Split package, multiple jars provide the same package:org/apache/karaf/util
Use Import/Export Package directive -split-package:=(merge-first|merge-last|error|first) to get rid of this warning
Package found in   [Jar:org.apache.karaf.shell.core, Jar:org.apache.karaf.util, Jar:org.apache.karaf.features.core, Jar:org.apache.karaf.profile.core]
Class path         [Jar:., Jar:org.osgi.core, Jar:org.osgi.compendium, Jar:slf4j-api, Jar:org.apache.felix.utils, Jar:org.apache.karaf.shell.core, Jar:jline, Jar:org.apache.karaf.jaas.boot, Jar:sshd-core, Jar:org.apache.karaf.util, Jar:org.apache.karaf.features.command, Jar:org.apache.karaf.features.core, Jar:pax-url-aether, Jar:jcl-over-slf4j, Jar:ops4j-base-util-property, Jar:ops4j-base-util-collections, Jar:ops4j-base-lang, Jar:pax-swissbox-property, Jar:org.apache.felix.gogo.runtime, Jar:org.apache.karaf.profile.core, Jar:org.apache.karaf.tools.utils, Jar:commons-io]
[WARNING] Bundle org.apache.karaf.instance:org.apache.karaf.instance.core:bundle:4.2.3-SNAPSHOT : Split package, multiple jars provide the same package:org/apache/karaf/util/config
Use Import/Export Package directive -split-package:=(merge-first|merge-last|error|first) to get rid of this warning
Package found in   [Jar:org.apache.karaf.util, Jar:org.apache.karaf.profile.core]
Class path         [Jar:., Jar:org.osgi.core, Jar:org.osgi.compendium, Jar:slf4j-api, Jar:org.apache.felix.utils, Jar:org.apache.karaf.shell.core, Jar:jline, Jar:org.apache.karaf.jaas.boot, Jar:sshd-core, Jar:org.apache.karaf.util, Jar:org.apache.karaf.features.command, Jar:org.apache.karaf.features.core, Jar:pax-url-aether, Jar:jcl-over-slf4j, Jar:ops4j-base-util-property, Jar:ops4j-base-util-collections, Jar:ops4j-base-lang, Jar:pax-swissbox-property, Jar:org.apache.felix.gogo.runtime, Jar:org.apache.karaf.profile.core, Jar:org.apache.karaf.tools.utils, Jar:commons-io]
[WARNING] Bundle org.apache.karaf.instance:org.apache.karaf.instance.core:bundle:4.2.3-SNAPSHOT : Split package, multiple jars provide the same package:org/apache/karaf/util/tracker
Use Import/Export Package directive -split-package:=(merge-first|merge-last|error|first) to get rid of this warning
Package found in   [Jar:org.apache.karaf.shell.core, Jar:org.apache.karaf.util, Jar:org.apache.karaf.features.command, Jar:org.apache.karaf.features.core, Jar:org.apache.karaf.profile.core]
Class path         [Jar:., Jar:org.osgi.core, Jar:org.osgi.compendium, Jar:slf4j-api, Jar:org.apache.felix.utils, Jar:org.apache.karaf.shell.core, Jar:jline, Jar:org.apache.karaf.jaas.boot, Jar:sshd-core, Jar:org.apache.karaf.util, Jar:org.apache.karaf.features.command, Jar:org.apache.karaf.features.core, Jar:pax-url-aether, Jar:jcl-over-slf4j, Jar:ops4j-base-util-property, Jar:ops4j-base-util-collections, Jar:ops4j-base-lang, Jar:pax-swissbox-property, Jar:org.apache.felix.gogo.runtime, Jar:org.apache.karaf.profile.core, Jar:org.apache.karaf.tools.utils, Jar:commons-io]
[INFO] 
[INFO] --- maven-site-plugin:3.7.1:attach-descriptor (attach-descriptor) @ org.apache.karaf.instance.core ---
[INFO] Skipping because packaging 'bundle' is not pom.
[INFO] 
[INFO] --- maven-install-plugin:3.0.0-M1:install (default-install) @ org.apache.karaf.instance.core ---
[INFO] Installing /home/srafi/after-cam-ready/compare_/compile_repair_output/work/f8c14d8531fc/instance/target/org.apache.karaf.instance.core-4.2.3-SNAPSHOT.jar to /home/srafi/.m2/repository/org/apache/karaf/instance/org.apache.karaf.instance.core/4.2.3-SNAPSHOT/org.apache.karaf.instance.core-4.2.3-SNAPSHOT.jar
[INFO] Installing /home/srafi/after-cam-ready/compare_/compile_repair_output/work/f8c14d8531fc/instance/pom.xml to /home/srafi/.m2/repository/org/apache/karaf/instance/org.apache.karaf.instance.core/4.2.3-SNAPSHOT/org.apache.karaf.instance.core-4.2.3-SNAPSHOT.pom
[INFO] 
[INFO] --- maven-bundle-plugin:4.1.0:install (default-install) @ org.apache.karaf.instance.core ---
[INFO] Local OBR update disabled (enable with -DobrRepository)
[INFO] 
[INFO] -------< org.apache.karaf.package:org.apache.karaf.package.core >-------
[INFO] Building Apache Karaf :: Package :: Core 4.2.3-SNAPSHOT         [30/220]
[INFO] -------------------------------[ bundle ]-------------------------------
[INFO] 
[INFO] --- maven-clean-plugin:3.1.0:clean (default-clean) @ org.apache.karaf.package.core ---
[INFO] 
[INFO] --- maven-bundle-plugin:4.1.0:cleanVersions (cleanVersions) @ org.apache.karaf.package.core ---
[INFO] 
[INFO] --- maven-remote-resources-plugin:1.5:process (process-resource-bundles) @ org.apache.karaf.package.core ---
[INFO] 
[INFO] --- maven-remote-resources-plugin:1.5:process (default) @ org.apache.karaf.package.core ---
[INFO] 
[INFO] --- maven-resources-plugin:3.1.0:resources (default-resources) @ org.apache.karaf.package.core ---
[INFO] Using 'UTF-8' encoding to copy filtered resources.
[INFO] Copying 1 resource
[INFO] Copying 1 resource
[INFO] Copying 3 resources
[INFO] Copying 3 resources
[INFO] 
[INFO] --- maven-compiler-plugin:3.8.0:compile (default-compile) @ org.apache.karaf.package.core ---
[INFO] Changes detected - recompiling the module!
[INFO] Compiling 16 source files to /home/srafi/after-cam-ready/compare_/compile_repair_output/work/f8c14d8531fc/package/target/classes
[INFO] 
[INFO] --- karaf-services-maven-plugin:4.2.3-SNAPSHOT:service-metadata-generate (service-metadata-generate) @ org.apache.karaf.package.core ---
[INFO] Activator org.apache.karaf.packages.core.internal.osgi.Activator
[INFO] Service org.apache.karaf.packages.command
[INFO] Service org.apache.karaf.packages.command
[INFO] 
[INFO] --- maven-resources-plugin:3.1.0:testResources (default-testResources) @ org.apache.karaf.package.core ---
[INFO] Using 'UTF-8' encoding to copy filtered resources.
[INFO] skip non existing resourceDirectory /home/srafi/after-cam-ready/compare_/compile_repair_output/work/f8c14d8531fc/package/src/test/resources
[INFO] Copying 3 resources
[INFO] Copying 3 resources
[INFO] 
[INFO] --- maven-compiler-plugin:3.8.0:testCompile (default-testCompile) @ org.apache.karaf.package.core ---
[INFO] Changes detected - recompiling the module!
[INFO] Compiling 5 source files to /home/srafi/after-cam-ready/compare_/compile_repair_output/work/f8c14d8531fc/package/target/test-classes
[INFO] 
[INFO] --- maven-surefire-plugin:3.0.0-M8-SNAPSHOT:test (default-test) @ org.apache.karaf.package.core ---
[INFO] Tests are skipped.
[INFO] 
[INFO] --- maven-bundle-plugin:4.1.0:bundle (default-bundle) @ org.apache.karaf.package.core ---
[WARNING] Bundle org.apache.karaf.package:org.apache.karaf.package.core:bundle:4.2.3-SNAPSHOT : Split package, multiple jars provide the same package:org/apache/felix/utils/manifest
Use Import/Export Package directive -split-package:=(merge-first|merge-last|error|first) to get rid of this warning
Package found in   [Jar:org.apache.felix.utils, Jar:org.apache.karaf.shell.core]
Class path         [Jar:., Jar:org.apache.aries.blueprint.api, Jar:org.osgi.core, Jar:slf4j-api, Jar:org.apache.felix.utils, Jar:org.apache.karaf.util, Jar:org.apache.karaf.jaas.boot, Jar:org.apache.karaf.shell.core, Jar:jline, Jar:sshd-core]
[WARNING] Bundle org.apache.karaf.package:org.apache.karaf.package.core:bundle:4.2.3-SNAPSHOT : Split package, multiple jars provide the same package:org/apache/karaf/util/tracker
Use Import/Export Package directive -split-package:=(merge-first|merge-last|error|first) to get rid of this warning
Package found in   [Jar:org.apache.karaf.util, Jar:org.apache.karaf.shell.core]
Class path         [Jar:., Jar:org.apache.aries.blueprint.api, Jar:org.osgi.core, Jar:slf4j-api, Jar:org.apache.felix.utils, Jar:org.apache.karaf.util, Jar:org.apache.karaf.jaas.boot, Jar:org.apache.karaf.shell.core, Jar:jline, Jar:sshd-core]
[INFO] 
[INFO] --- maven-site-plugin:3.7.1:attach-descriptor (attach-descriptor) @ org.apache.karaf.package.core ---
[INFO] Skipping because packaging 'bundle' is not pom.
[INFO] 
[INFO] --- maven-install-plugin:3.0.0-M1:install (default-install) @ org.apache.karaf.package.core ---
[INFO] Installing /home/srafi/after-cam-ready/compare_/compile_repair_output/work/f8c14d8531fc/package/target/org.apache.karaf.package.core-4.2.3-SNAPSHOT.jar to /home/srafi/.m2/repository/org/apache/karaf/package/org.apache.karaf.package.core/4.2.3-SNAPSHOT/org.apache.karaf.package.core-4.2.3-SNAPSHOT.jar
[INFO] Installing /home/srafi/after-cam-ready/compare_/compile_repair_output/work/f8c14d8531fc/package/pom.xml to /home/srafi/.m2/repository/org/apache/karaf/package/org.apache.karaf.package.core/4.2.3-SNAPSHOT/org.apache.karaf.package.core-4.2.3-SNAPSHOT.pom
[INFO] 
[INFO] --- maven-bundle-plugin:4.1.0:install (default-install) @ org.apache.karaf.package.core ---
[INFO] Local OBR update disabled (enable with -DobrRepository)
[INFO] 
[INFO] ----------< org.apache.karaf.http:org.apache.karaf.http.core >----------
[INFO] Building Apache Karaf :: HTTP :: Core 4.2.3-SNAPSHOT            [31/220]
[INFO] -------------------------------[ bundle ]-------------------------------
[INFO] 
[INFO] --- maven-clean-plugin:3.1.0:clean (default-clean) @ org.apache.karaf.http.core ---
[INFO] 
[INFO] --- maven-bundle-plugin:4.1.0:cleanVersions (cleanVersions) @ org.apache.karaf.http.core ---
[INFO] 
[INFO] --- maven-remote-resources-plugin:1.5:process (process-resource-bundles) @ org.apache.karaf.http.core ---
[INFO] 
[INFO] --- maven-remote-resources-plugin:1.5:process (default) @ org.apache.karaf.http.core ---
[INFO] 
[INFO] --- maven-resources-plugin:3.1.0:resources (default-resources) @ org.apache.karaf.http.core ---
[INFO] Using 'UTF-8' encoding to copy filtered resources.
[INFO] Copying 1 resource
[INFO] Copying 1 resource
[INFO] Copying 3 resources
[INFO] Copying 3 resources
[INFO] 
[INFO] --- maven-compiler-plugin:3.8.0:compile (default-compile) @ org.apache.karaf.http.core ---
[INFO] Changes detected - recompiling the module!
[INFO] Compiling 15 source files to /home/srafi/after-cam-ready/compare_/compile_repair_output/work/f8c14d8531fc/http/target/classes
[INFO] /home/srafi/after-cam-ready/compare_/compile_repair_output/work/f8c14d8531fc/http/src/main/java/org/apache/karaf/http/core/internal/ProxyServlet.java: /home/srafi/after-cam-ready/compare_/compile_repair_output/work/f8c14d8531fc/http/src/main/java/org/apache/karaf/http/core/internal/ProxyServlet.java uses or overrides a deprecated API.
[INFO] /home/srafi/after-cam-ready/compare_/compile_repair_output/work/f8c14d8531fc/http/src/main/java/org/apache/karaf/http/core/internal/ProxyServlet.java: Recompile with -Xlint:deprecation for details.
[INFO] /home/srafi/after-cam-ready/compare_/compile_repair_output/work/f8c14d8531fc/http/src/main/java/org/apache/karaf/http/core/internal/ProxyServlet.java: /home/srafi/after-cam-ready/compare_/compile_repair_output/work/f8c14d8531fc/http/src/main/java/org/apache/karaf/http/core/internal/ProxyServlet.java uses unchecked or unsafe operations.
[INFO] /home/srafi/after-cam-ready/compare_/compile_repair_output/work/f8c14d8531fc/http/src/main/java/org/apache/karaf/http/core/internal/ProxyServlet.java: Recompile with -Xlint:unchecked for details.
[INFO] 
[INFO] --- karaf-services-maven-plugin:4.2.3-SNAPSHOT:service-metadata-generate (service-metadata-generate) @ org.apache.karaf.http.core ---
[INFO] Activator org.apache.karaf.http.core.internal.osgi.Activator
[INFO] Service org.apache.karaf.http.command
[INFO] Service org.apache.karaf.http.command.completers
[INFO] Service org.apache.karaf.http.command
[INFO] Service org.apache.karaf.http.command
[INFO] Service org.apache.karaf.http.command
[INFO] 
[INFO] --- maven-resources-plugin:3.1.0:testResources (default-testResources) @ org.apache.karaf.http.core ---
[INFO] Using 'UTF-8' encoding to copy filtered resources.
[INFO] skip non existing resourceDirectory /home/srafi/after-cam-ready/compare_/compile_repair_output/work/f8c14d8531fc/http/src/test/resources
[INFO] Copying 3 resources
[INFO] Copying 3 resources
[INFO] 
[INFO] --- maven-compiler-plugin:3.8.0:testCompile (default-testCompile) @ org.apache.karaf.http.core ---
[INFO] Changes detected - recompiling the module!
[INFO] Compiling 1 source file to /home/srafi/after-cam-ready/compare_/compile_repair_output/work/f8c14d8531fc/http/target/test-classes
[INFO] 
[INFO] --- maven-surefire-plugin:3.0.0-M8-SNAPSHOT:test (default-test) @ org.apache.karaf.http.core ---
[INFO] Tests are skipped.
[INFO] 
[INFO] --- maven-bundle-plugin:4.1.0:bundle (default-bundle) @ org.apache.karaf.http.core ---
[WARNING] Bundle org.apache.karaf.http:org.apache.karaf.http.core:bundle:4.2.3-SNAPSHOT : Split package, multiple jars provide the same package:org/apache/felix/utils/manifest
Use Import/Export Package directive -split-package:=(merge-first|merge-last|error|first) to get rid of this warning
Package found in   [Jar:org.apache.felix.utils, Jar:org.apache.karaf.shell.core]
Class path         [Jar:., Jar:org.osgi.core, Jar:org.osgi.compendium, Jar:pax-web-spi, Jar:javax.servlet-api, Jar:org.apache.karaf.util, Jar:slf4j-api, Jar:org.apache.karaf.jaas.boot, Jar:org.apache.felix.utils, Jar:org.apache.karaf.shell.core, Jar:jline, Jar:sshd-core, Jar:httpclient, Jar:httpcore, Jar:commons-logging, Jar:commons-codec]
[WARNING] Bundle org.apache.karaf.http:org.apache.karaf.http.core:bundle:4.2.3-SNAPSHOT : Split package, multiple jars provide the same package:org/apache/karaf/util/tracker
Use Import/Export Package directive -split-package:=(merge-first|merge-last|error|first) to get rid of this warning
Package found in   [Jar:org.apache.karaf.util, Jar:org.apache.karaf.shell.core]
Class path         [Jar:., Jar:org.osgi.core, Jar:org.osgi.compendium, Jar:pax-web-spi, Jar:javax.servlet-api, Jar:org.apache.karaf.util, Jar:slf4j-api, Jar:org.apache.karaf.jaas.boot, Jar:org.apache.felix.utils, Jar:org.apache.karaf.shell.core, Jar:jline, Jar:sshd-core, Jar:httpclient, Jar:httpcore, Jar:commons-logging, Jar:commons-codec]
[INFO] 
[INFO] --- maven-site-plugin:3.7.1:attach-descriptor (attach-descriptor) @ org.apache.karaf.http.core ---
[INFO] Skipping because packaging 'bundle' is not pom.
[INFO] 
[INFO] --- maven-install-plugin:3.0.0-M1:install (default-install) @ org.apache.karaf.http.core ---
[INFO] Installing /home/srafi/after-cam-ready/compare_/compile_repair_output/work/f8c14d8531fc/http/target/org.apache.karaf.http.core-4.2.3-SNAPSHOT.jar to /home/srafi/.m2/repository/org/apache/karaf/http/org.apache.karaf.http.core/4.2.3-SNAPSHOT/org.apache.karaf.http.core-4.2.3-SNAPSHOT.jar
[INFO] Installing /home/srafi/after-cam-ready/compare_/compile_repair_output/work/f8c14d8531fc/http/pom.xml to /home/srafi/.m2/repository/org/apache/karaf/http/org.apache.karaf.http.core/4.2.3-SNAPSHOT/org.apache.karaf.http.core-4.2.3-SNAPSHOT.pom
[INFO] 
[INFO] --- maven-bundle-plugin:4.1.0:install (default-install) @ org.apache.karaf.http.core ---
[INFO] Local OBR update disabled (enable with -DobrRepository)
[INFO] 
[INFO] -------< org.apache.karaf.service:org.apache.karaf.service.core >-------
[INFO] Building Apache Karaf :: Service :: Core 4.2.3-SNAPSHOT         [32/220]
[INFO] -------------------------------[ bundle ]-------------------------------
[INFO] 
[INFO] --- maven-clean-plugin:3.1.0:clean (default-clean) @ org.apache.karaf.service.core ---
[INFO] 
[INFO] --- maven-bundle-plugin:4.1.0:cleanVersions (cleanVersions) @ org.apache.karaf.service.core ---
[INFO] 
[INFO] --- maven-remote-resources-plugin:1.5:process (process-resource-bundles) @ org.apache.karaf.service.core ---
[INFO] 
[INFO] --- maven-remote-resources-plugin:1.5:process (default) @ org.apache.karaf.service.core ---
[INFO] 
[INFO] --- maven-resources-plugin:3.1.0:resources (default-resources) @ org.apache.karaf.service.core ---
[INFO] Using 'UTF-8' encoding to copy filtered resources.
[INFO] Copying 1 resource
[INFO] Copying 1 resource
[INFO] Copying 3 resources
[INFO] Copying 3 resources
[INFO] 
[INFO] --- maven-compiler-plugin:3.8.0:compile (default-compile) @ org.apache.karaf.service.core ---
[INFO] Changes detected - recompiling the module!
[INFO] Compiling 7 source files to /home/srafi/after-cam-ready/compare_/compile_repair_output/work/f8c14d8531fc/service/core/target/classes
[INFO] /home/srafi/after-cam-ready/compare_/compile_repair_output/work/f8c14d8531fc/service/core/src/main/java/org/apache/karaf/service/core/internal/ServicesMBeanImpl.java: /home/srafi/after-cam-ready/compare_/compile_repair_output/work/f8c14d8531fc/service/core/src/main/java/org/apache/karaf/service/core/internal/ServicesMBeanImpl.java uses unchecked or unsafe operations.
[INFO] /home/srafi/after-cam-ready/compare_/compile_repair_output/work/f8c14d8531fc/service/core/src/main/java/org/apache/karaf/service/core/internal/ServicesMBeanImpl.java: Recompile with -Xlint:unchecked for details.
[INFO] 
[INFO] --- karaf-services-maven-plugin:4.2.3-SNAPSHOT:service-metadata-generate (service-metadata-generate) @ org.apache.karaf.service.core ---
[INFO] Activator org.apache.karaf.service.core.internal.osgi.Activator
[INFO] Service org.apache.karaf.service.command
[INFO] Service org.apache.karaf.service.command
[INFO] Service org.apache.karaf.service.command
[INFO] 
[INFO] --- maven-resources-plugin:3.1.0:testResources (default-testResources) @ org.apache.karaf.service.core ---
[INFO] Using 'UTF-8' encoding to copy filtered resources.
[INFO] skip non existing resourceDirectory /home/srafi/after-cam-ready/compare_/compile_repair_output/work/f8c14d8531fc/service/core/src/test/resources
[INFO] Copying 3 resources
[INFO] Copying 3 resources
[INFO] 
[INFO] --- maven-compiler-plugin:3.8.0:testCompile (default-testCompile) @ org.apache.karaf.service.core ---
[INFO] Changes detected - recompiling the module!
[INFO] Compiling 4 source files to /home/srafi/after-cam-ready/compare_/compile_repair_output/work/f8c14d8531fc/service/core/target/test-classes
[INFO] 
[INFO] --- maven-surefire-plugin:3.0.0-M8-SNAPSHOT:test (default-test) @ org.apache.karaf.service.core ---
[INFO] Tests are skipped.
[INFO] 
[INFO] --- maven-bundle-plugin:4.1.0:bundle (default-bundle) @ org.apache.karaf.service.core ---
[WARNING] Bundle org.apache.karaf.service:org.apache.karaf.service.core:bundle:4.2.3-SNAPSHOT : Split package, multiple jars provide the same package:org/apache/karaf/util/tracker
Use Import/Export Package directive -split-package:=(merge-first|merge-last|error|first) to get rid of this warning
Package found in   [Jar:org.apache.karaf.util, Jar:org.apache.karaf.shell.core]
Class path         [Jar:., Jar:org.osgi.core, Jar:org.apache.karaf.util, Jar:org.apache.felix.utils, Jar:slf4j-api, Jar:org.apache.karaf.jaas.boot, Jar:org.apache.karaf.shell.core, Jar:jline, Jar:sshd-core]
[INFO] 
[INFO] --- maven-site-plugin:3.7.1:attach-descriptor (attach-descriptor) @ org.apache.karaf.service.core ---
[INFO] Skipping because packaging 'bundle' is not pom.
[INFO] 
[INFO] --- maven-install-plugin:3.0.0-M1:install (default-install) @ org.apache.karaf.service.core ---
[INFO] Installing /home/srafi/after-cam-ready/compare_/compile_repair_output/work/f8c14d8531fc/service/core/target/org.apache.karaf.service.core-4.2.3-SNAPSHOT.jar to /home/srafi/.m2/repository/org/apache/karaf/service/org.apache.karaf.service.core/4.2.3-SNAPSHOT/org.apache.karaf.service.core-4.2.3-SNAPSHOT.jar
[INFO] Installing /home/srafi/after-cam-ready/compare_/compile_repair_output/work/f8c14d8531fc/service/core/pom.xml to /home/srafi/.m2/repository/org/apache/karaf/service/org.apache.karaf.service.core/4.2.3-SNAPSHOT/org.apache.karaf.service.core-4.2.3-SNAPSHOT.pom
[INFO] 
[INFO] --- maven-bundle-plugin:4.1.0:install (default-install) @ org.apache.karaf.service.core ---
[INFO] Local OBR update disabled (enable with -DobrRepository)
[INFO] 
[INFO] -----------< org.apache.karaf.log:org.apache.karaf.log.core >-----------
[INFO] Building Apache Karaf :: Log :: Core 4.2.3-SNAPSHOT             [33/220]
[INFO] -------------------------------[ bundle ]-------------------------------
[INFO] 
[INFO] --- maven-clean-plugin:3.1.0:clean (default-clean) @ org.apache.karaf.log.core ---
[INFO] 
[INFO] --- maven-bundle-plugin:4.1.0:cleanVersions (cleanVersions) @ org.apache.karaf.log.core ---
[INFO] 
[INFO] --- maven-remote-resources-plugin:1.5:process (process-resource-bundles) @ org.apache.karaf.log.core ---
[INFO] 
[INFO] --- maven-remote-resources-plugin:1.5:process (default) @ org.apache.karaf.log.core ---
[INFO] 
[INFO] --- maven-resources-plugin:3.1.0:resources (default-resources) @ org.apache.karaf.log.core ---
[INFO] Using 'UTF-8' encoding to copy filtered resources.
[INFO] Copying 3 resources
[INFO] Copying 1 resource
[INFO] Copying 3 resources
[INFO] Copying 3 resources
[INFO] 
[INFO] --- maven-compiler-plugin:3.8.0:compile (default-compile) @ org.apache.karaf.log.core ---
[INFO] Changes detected - recompiling the module!
[INFO] Compiling 28 source files to /home/srafi/after-cam-ready/compare_/compile_repair_output/work/f8c14d8531fc/log/target/classes
[INFO] 
[INFO] --- karaf-services-maven-plugin:4.2.3-SNAPSHOT:service-metadata-generate (service-metadata-generate) @ org.apache.karaf.log.core ---
[INFO] Activator org.apache.karaf.log.core.internal.osgi.Activator
[INFO] Service org.apache.karaf.log.command
[INFO] Service org.apache.karaf.log.command
[INFO] Service org.apache.karaf.log.command
[INFO] Service org.apache.karaf.log.command
[INFO] Service org.apache.karaf.log.command
[INFO] Service org.apache.karaf.log.command
[INFO] Service org.apache.karaf.log.command
[INFO] Service org.apache.karaf.log.command
[INFO] 
[INFO] --- maven-resources-plugin:3.1.0:testResources (default-testResources) @ org.apache.karaf.log.core ---
[INFO] Using 'UTF-8' encoding to copy filtered resources.
[INFO] skip non existing resourceDirectory /home/srafi/after-cam-ready/compare_/compile_repair_output/work/f8c14d8531fc/log/src/test/resources
[INFO] Copying 3 resources
[INFO] Copying 3 resources
[INFO] 
[INFO] --- maven-compiler-plugin:3.8.0:testCompile (default-testCompile) @ org.apache.karaf.log.core ---
[INFO] Changes detected - recompiling the module!
[INFO] Compiling 3 source files to /home/srafi/after-cam-ready/compare_/compile_repair_output/work/f8c14d8531fc/log/target/test-classes
[INFO] 
[INFO] --- maven-surefire-plugin:3.0.0-M8-SNAPSHOT:test (default-test) @ org.apache.karaf.log.core ---
[INFO] Tests are skipped.
[INFO] 
[INFO] --- maven-bundle-plugin:4.1.0:bundle (default-bundle) @ org.apache.karaf.log.core ---
[WARNING] Bundle org.apache.karaf.log:org.apache.karaf.log.core:bundle:4.2.3-SNAPSHOT : Split package, multiple jars provide the same package:org/apache/karaf/util/tracker
Use Import/Export Package directive -split-package:=(merge-first|merge-last|error|first) to get rid of this warning
Package found in   [Jar:org.apache.karaf.util, Jar:org.apache.karaf.shell.core]
Class path         [Jar:., Jar:org.osgi.core, Jar:org.osgi.compendium, Jar:pax-logging-log4j2, Jar:pax-logging-api, Jar:org.apache.karaf.util, Jar:org.apache.felix.utils, Jar:slf4j-api, Jar:org.apache.karaf.jaas.boot, Jar:org.apache.karaf.shell.core, Jar:jline, Jar:sshd-core]
[INFO] 
[INFO] --- maven-site-plugin:3.7.1:attach-descriptor (attach-descriptor) @ org.apache.karaf.log.core ---
[INFO] Skipping because packaging 'bundle' is not pom.
[INFO] 
[INFO] --- maven-install-plugin:3.0.0-M1:install (default-install) @ org.apache.karaf.log.core ---
[INFO] Installing /home/srafi/after-cam-ready/compare_/compile_repair_output/work/f8c14d8531fc/log/target/org.apache.karaf.log.core-4.2.3-SNAPSHOT.jar to /home/srafi/.m2/repository/org/apache/karaf/log/org.apache.karaf.log.core/4.2.3-SNAPSHOT/org.apache.karaf.log.core-4.2.3-SNAPSHOT.jar
[INFO] Installing /home/srafi/after-cam-ready/compare_/compile_repair_output/work/f8c14d8531fc/log/pom.xml to /home/srafi/.m2/repository/org/apache/karaf/log/org.apache.karaf.log.core/4.2.3-SNAPSHOT/org.apache.karaf.log.core-4.2.3-SNAPSHOT.pom
[INFO] 
[INFO] --- maven-bundle-plugin:4.1.0:install (default-install) @ org.apache.karaf.log.core ---
[INFO] Local OBR update disabled (enable with -DobrRepository)
[INFO] 
[INFO] ----< org.apache.karaf.deployer:org.apache.karaf.deployer.features >----
[INFO] Building Apache Karaf :: Deployer :: Features 4.2.3-SNAPSHOT    [34/220]
[INFO] -------------------------------[ bundle ]-------------------------------
[INFO] 
[INFO] --- maven-clean-plugin:3.1.0:clean (default-clean) @ org.apache.karaf.deployer.features ---
[INFO] 
[INFO] --- maven-bundle-plugin:4.1.0:cleanVersions (cleanVersions) @ org.apache.karaf.deployer.features ---
[INFO] 
[INFO] --- maven-remote-resources-plugin:1.5:process (process-resource-bundles) @ org.apache.karaf.deployer.features ---
[INFO] 
[INFO] --- maven-remote-resources-plugin:1.5:process (default) @ org.apache.karaf.deployer.features ---
[INFO] 
[INFO] --- maven-resources-plugin:3.1.0:resources (default-resources) @ org.apache.karaf.deployer.features ---
[INFO] Using 'UTF-8' encoding to copy filtered resources.
[INFO] Copying 1 resource
[INFO] Copying 1 resource
[INFO] Copying 3 resources
[INFO] Copying 3 resources
[INFO] 
[INFO] --- maven-compiler-plugin:3.8.0:compile (default-compile) @ org.apache.karaf.deployer.features ---
[INFO] Changes detected - recompiling the module!
[INFO] Compiling 4 source files to /home/srafi/after-cam-ready/compare_/compile_repair_output/work/f8c14d8531fc/deployer/features/target/classes
[INFO] 
[INFO] --- karaf-services-maven-plugin:4.2.3-SNAPSHOT:service-metadata-generate (service-metadata-generate) @ org.apache.karaf.deployer.features ---
[INFO] Ignoring jar:file:/home/srafi/after-cam-ready/compare_/compile_repair_output/work/f8c14d8531fc/features/core/target/org.apache.karaf.features.core-4.2.3-SNAPSHOT.jar!/org/apache/karaf/features/internal/osgi/Activator.class
[INFO] Activator org.apache.karaf.deployer.features.osgi.Activator
[INFO] 
[INFO] --- maven-resources-plugin:3.1.0:testResources (default-testResources) @ org.apache.karaf.deployer.features ---
[INFO] Using 'UTF-8' encoding to copy filtered resources.
[INFO] skip non existing resourceDirectory /home/srafi/after-cam-ready/compare_/compile_repair_output/work/f8c14d8531fc/deployer/features/src/test/resources
[INFO] Copying 3 resources
[INFO] Copying 3 resources
[INFO] 
[INFO] --- maven-compiler-plugin:3.8.0:testCompile (default-testCompile) @ org.apache.karaf.deployer.features ---
[INFO] No sources to compile
[INFO] 
[INFO] --- maven-surefire-plugin:3.0.0-M8-SNAPSHOT:test (default-test) @ org.apache.karaf.deployer.features ---
[INFO] Tests are skipped.
[INFO] 
[INFO] --- maven-bundle-plugin:4.1.0:bundle (default-bundle) @ org.apache.karaf.deployer.features ---
[WARNING] Bundle org.apache.karaf.deployer:org.apache.karaf.deployer.features:bundle:4.2.3-SNAPSHOT : Split package, multiple jars provide the same package:org/apache/karaf/util
Use Import/Export Package directive -split-package:=(merge-first|merge-last|error|first) to get rid of this warning
Package found in   [Jar:org.apache.karaf.util, Jar:org.apache.karaf.features.core]
Class path         [Jar:., Jar:org.apache.karaf.util, Jar:org.apache.felix.utils, Jar:org.apache.karaf.jaas.boot, Jar:slf4j-api, Jar:org.osgi.core, Jar:org.osgi.compendium, Jar:spring-osgi-core, Jar:spring-osgi-io, Jar:org.apache.karaf.features.core, Jar:pax-url-aether, Jar:jcl-over-slf4j, Jar:ops4j-base-util-property, Jar:ops4j-base-util-collections, Jar:ops4j-base-lang, Jar:pax-swissbox-property, Jar:org.apache.felix.fileinstall]
[WARNING] Bundle org.apache.karaf.deployer:org.apache.karaf.deployer.features:bundle:4.2.3-SNAPSHOT : Split package, multiple jars provide the same package:org/apache/felix/utils/version
Use Import/Export Package directive -split-package:=(merge-first|merge-last|error|first) to get rid of this warning
Package found in   [Jar:org.apache.felix.utils, Jar:org.apache.karaf.features.core, Jar:org.apache.felix.fileinstall]
Class path         [Jar:., Jar:org.apache.karaf.util, Jar:org.apache.felix.utils, Jar:org.apache.karaf.jaas.boot, Jar:slf4j-api, Jar:org.osgi.core, Jar:org.osgi.compendium, Jar:spring-osgi-core, Jar:spring-osgi-io, Jar:org.apache.karaf.features.core, Jar:pax-url-aether, Jar:jcl-over-slf4j, Jar:ops4j-base-util-property, Jar:ops4j-base-util-collections, Jar:ops4j-base-lang, Jar:pax-swissbox-property, Jar:org.apache.felix.fileinstall]
[WARNING] Bundle org.apache.karaf.deployer:org.apache.karaf.deployer.features:bundle:4.2.3-SNAPSHOT : Split package, multiple jars provide the same package:org/apache/karaf/util/tracker
Use Import/Export Package directive -split-package:=(merge-first|merge-last|error|first) to get rid of this warning
Package found in   [Jar:org.apache.karaf.util, Jar:org.apache.karaf.features.core]
Class path         [Jar:., Jar:org.apache.karaf.util, Jar:org.apache.felix.utils, Jar:org.apache.karaf.jaas.boot, Jar:slf4j-api, Jar:org.osgi.core, Jar:org.osgi.compendium, Jar:spring-osgi-core, Jar:spring-osgi-io, Jar:org.apache.karaf.features.core, Jar:pax-url-aether, Jar:jcl-over-slf4j, Jar:ops4j-base-util-property, Jar:ops4j-base-util-collections, Jar:ops4j-base-lang, Jar:pax-swissbox-property, Jar:org.apache.felix.fileinstall]
[INFO] 
[INFO] --- maven-site-plugin:3.7.1:attach-descriptor (attach-descriptor) @ org.apache.karaf.deployer.features ---
[INFO] Skipping because packaging 'bundle' is not pom.
[INFO] 
[INFO] --- maven-install-plugin:3.0.0-M1:install (default-install) @ org.apache.karaf.deployer.features ---
[INFO] Installing /home/srafi/after-cam-ready/compare_/compile_repair_output/work/f8c14d8531fc/deployer/features/target/org.apache.karaf.deployer.features-4.2.3-SNAPSHOT.jar to /home/srafi/.m2/repository/org/apache/karaf/deployer/org.apache.karaf.deployer.features/4.2.3-SNAPSHOT/org.apache.karaf.deployer.features-4.2.3-SNAPSHOT.jar
[INFO] Installing /home/srafi/after-cam-ready/compare_/compile_repair_output/work/f8c14d8531fc/deployer/features/pom.xml to /home/srafi/.m2/repository/org/apache/karaf/deployer/org.apache.karaf.deployer.features/4.2.3-SNAPSHOT/org.apache.karaf.deployer.features-4.2.3-SNAPSHOT.pom
[INFO] 
[INFO] --- maven-bundle-plugin:4.1.0:install (default-install) @ org.apache.karaf.deployer.features ---
[INFO] Local OBR update disabled (enable with -DobrRepository)
[INFO] 
[INFO] ------< org.apache.karaf.deployer:org.apache.karaf.deployer.kar >-------
[INFO] Building Apache Karaf :: Deployer :: Karaf Archive (.kar) 4.2.3-SNAPSHOT [35/220]
[INFO] -------------------------------[ bundle ]-------------------------------
[INFO] 
[INFO] --- maven-clean-plugin:3.1.0:clean (default-clean) @ org.apache.karaf.deployer.kar ---
[INFO] 
[INFO] --- maven-bundle-plugin:4.1.0:cleanVersions (cleanVersions) @ org.apache.karaf.deployer.kar ---
[INFO] 
[INFO] --- maven-remote-resources-plugin:1.5:process (process-resource-bundles) @ org.apache.karaf.deployer.kar ---
[INFO] 
[INFO] --- maven-remote-resources-plugin:1.5:process (default) @ org.apache.karaf.deployer.kar ---
[INFO] 
[INFO] --- maven-resources-plugin:3.1.0:resources (default-resources) @ org.apache.karaf.deployer.kar ---
[INFO] Using 'UTF-8' encoding to copy filtered resources.
[INFO] Copying 1 resource
[INFO] Copying 1 resource
[INFO] Copying 3 resources
[INFO] Copying 3 resources
[INFO] 
[INFO] --- maven-compiler-plugin:3.8.0:compile (default-compile) @ org.apache.karaf.deployer.kar ---
[INFO] Changes detected - recompiling the module!
[INFO] Compiling 2 source files to /home/srafi/after-cam-ready/compare_/compile_repair_output/work/f8c14d8531fc/deployer/kar/target/classes
[INFO] 
[INFO] --- karaf-services-maven-plugin:4.2.3-SNAPSHOT:service-metadata-generate (service-metadata-generate) @ org.apache.karaf.deployer.kar ---
[INFO] Ignoring jar:file:/home/srafi/after-cam-ready/compare_/compile_repair_output/work/f8c14d8531fc/kar/target/org.apache.karaf.kar.core-4.2.3-SNAPSHOT.jar!/org/apache/karaf/kar/internal/osgi/Activator.class
[INFO] Ignoring jar:file:/home/srafi/after-cam-ready/compare_/compile_repair_output/work/f8c14d8531fc/features/core/target/org.apache.karaf.features.core-4.2.3-SNAPSHOT.jar!/org/apache/karaf/features/internal/osgi/Activator.class
[INFO] Activator org.apache.karaf.deployer.kar.osgi.Activator
[INFO] Service org.apache.karaf.kar.command.completers
[INFO] Service org.apache.karaf.kar.command
[INFO] Service org.apache.karaf.kar.command
[INFO] Service org.apache.karaf.kar.command
[INFO] Service org.apache.karaf.kar.command
[INFO] 
[INFO] --- maven-resources-plugin:3.1.0:testResources (default-testResources) @ org.apache.karaf.deployer.kar ---
[INFO] Using 'UTF-8' encoding to copy filtered resources.
[INFO] Copying 10 resources
[INFO] Copying 3 resources
[INFO] Copying 3 resources
[INFO] 
[INFO] --- maven-compiler-plugin:3.8.0:testCompile (default-testCompile) @ org.apache.karaf.deployer.kar ---
[INFO] Changes detected - recompiling the module!
[INFO] Compiling 1 source file to /home/srafi/after-cam-ready/compare_/compile_repair_output/work/f8c14d8531fc/deployer/kar/target/test-classes
[INFO] 
[INFO] --- maven-surefire-plugin:3.0.0-M8-SNAPSHOT:test (default-test) @ org.apache.karaf.deployer.kar ---
[INFO] Tests are skipped.
[INFO] 
[INFO] --- maven-bundle-plugin:4.1.0:bundle (default-bundle) @ org.apache.karaf.deployer.kar ---
[WARNING] Bundle org.apache.karaf.deployer:org.apache.karaf.deployer.kar:bundle:4.2.3-SNAPSHOT : Split package, multiple jars provide the same package:org/apache/karaf/util/tracker
Use Import/Export Package directive -split-package:=(merge-first|merge-last|error|first) to get rid of this warning
Package found in   [Jar:org.apache.karaf.features.core, Jar:org.apache.karaf.kar.core, Jar:org.apache.karaf.util]
Class path         [Jar:., Jar:slf4j-api, Jar:slf4j-simple, Jar:org.osgi.core, Jar:org.osgi.compendium, Jar:org.apache.karaf.features.core, Jar:pax-url-aether, Jar:jcl-over-slf4j, Jar:ops4j-base-util-property, Jar:ops4j-base-util-collections, Jar:ops4j-base-lang, Jar:pax-swissbox-property, Jar:org.apache.karaf.kar.core, Jar:org.apache.karaf.util, Jar:org.apache.felix.utils, Jar:org.apache.karaf.jaas.boot, Jar:org.apache.felix.fileinstall]
[INFO] 
[INFO] --- maven-site-plugin:3.7.1:attach-descriptor (attach-descriptor) @ org.apache.karaf.deployer.kar ---
[INFO] Skipping because packaging 'bundle' is not pom.
[INFO] 
[INFO] --- maven-install-plugin:3.0.0-M1:install (default-install) @ org.apache.karaf.deployer.kar ---
[INFO] Installing /home/srafi/after-cam-ready/compare_/compile_repair_output/work/f8c14d8531fc/deployer/kar/target/org.apache.karaf.deployer.kar-4.2.3-SNAPSHOT.jar to /home/srafi/.m2/repository/org/apache/karaf/deployer/org.apache.karaf.deployer.kar/4.2.3-SNAPSHOT/org.apache.karaf.deployer.kar-4.2.3-SNAPSHOT.jar
[INFO] Installing /home/srafi/after-cam-ready/compare_/compile_repair_output/work/f8c14d8531fc/deployer/kar/pom.xml to /home/srafi/.m2/repository/org/apache/karaf/deployer/org.apache.karaf.deployer.kar/4.2.3-SNAPSHOT/org.apache.karaf.deployer.kar-4.2.3-SNAPSHOT.pom
[INFO] 
[INFO] --- maven-bundle-plugin:4.1.0:install (default-install) @ org.apache.karaf.deployer.kar ---
[INFO] Local OBR update disabled (enable with -DobrRepository)
[INFO] 
[INFO] ------< org.apache.karaf.deployer:org.apache.karaf.deployer.wrap >------
[INFO] Building Apache Karaf :: Deployer :: Wrap Non OSGi Jar 4.2.3-SNAPSHOT [36/220]
[INFO] -------------------------------[ bundle ]-------------------------------
[INFO] 
[INFO] --- maven-clean-plugin:3.1.0:clean (default-clean) @ org.apache.karaf.deployer.wrap ---
[INFO] 
[INFO] --- maven-bundle-plugin:4.1.0:cleanVersions (cleanVersions) @ org.apache.karaf.deployer.wrap ---
[INFO] 
[INFO] --- maven-remote-resources-plugin:1.5:process (process-resource-bundles) @ org.apache.karaf.deployer.wrap ---
[INFO] 
[INFO] --- maven-remote-resources-plugin:1.5:process (default) @ org.apache.karaf.deployer.wrap ---
[INFO] 
[INFO] --- maven-resources-plugin:3.1.0:resources (default-resources) @ org.apache.karaf.deployer.wrap ---
[INFO] Using 'UTF-8' encoding to copy filtered resources.
[INFO] Copying 1 resource
[INFO] Copying 1 resource
[INFO] Copying 3 resources
[INFO] Copying 3 resources
[INFO] 
[INFO] --- maven-compiler-plugin:3.8.0:compile (default-compile) @ org.apache.karaf.deployer.wrap ---
[INFO] Changes detected - recompiling the module!
[INFO] Compiling 2 source files to /home/srafi/after-cam-ready/compare_/compile_repair_output/work/f8c14d8531fc/deployer/wrap/target/classes
[INFO] 
[INFO] --- karaf-services-maven-plugin:4.2.3-SNAPSHOT:service-metadata-generate (service-metadata-generate) @ org.apache.karaf.deployer.wrap ---
[INFO] Activator org.apache.karaf.deployer.wrap.osgi.Activator
[INFO] 
[INFO] --- maven-resources-plugin:3.1.0:testResources (default-testResources) @ org.apache.karaf.deployer.wrap ---
[INFO] Using 'UTF-8' encoding to copy filtered resources.
[INFO] skip non existing resourceDirectory /home/srafi/after-cam-ready/compare_/compile_repair_output/work/f8c14d8531fc/deployer/wrap/src/test/resources
[INFO] Copying 3 resources
[INFO] Copying 3 resources
[INFO] 
[INFO] --- maven-compiler-plugin:3.8.0:testCompile (default-testCompile) @ org.apache.karaf.deployer.wrap ---
[INFO] No sources to compile
[INFO] 
[INFO] --- maven-surefire-plugin:3.0.0-M8-SNAPSHOT:test (default-test) @ org.apache.karaf.deployer.wrap ---
[INFO] Tests are skipped.
[INFO] 
[INFO] --- maven-bundle-plugin:4.1.0:bundle (default-bundle) @ org.apache.karaf.deployer.wrap ---
[INFO] 
[INFO] --- maven-site-plugin:3.7.1:attach-descriptor (attach-descriptor) @ org.apache.karaf.deployer.wrap ---
[INFO] Skipping because packaging 'bundle' is not pom.
[INFO] 
[INFO] --- maven-install-plugin:3.0.0-M1:install (default-install) @ org.apache.karaf.deployer.wrap ---
[INFO] Installing /home/srafi/after-cam-ready/compare_/compile_repair_output/work/f8c14d8531fc/deployer/wrap/target/org.apache.karaf.deployer.wrap-4.2.3-SNAPSHOT.jar to /home/srafi/.m2/repository/org/apache/karaf/deployer/org.apache.karaf.deployer.wrap/4.2.3-SNAPSHOT/org.apache.karaf.deployer.wrap-4.2.3-SNAPSHOT.jar
[INFO] Installing /home/srafi/after-cam-ready/compare_/compile_repair_output/work/f8c14d8531fc/deployer/wrap/pom.xml to /home/srafi/.m2/repository/org/apache/karaf/deployer/org.apache.karaf.deployer.wrap/4.2.3-SNAPSHOT/org.apache.karaf.deployer.wrap-4.2.3-SNAPSHOT.pom
[INFO] 
[INFO] --- maven-bundle-plugin:4.1.0:install (default-install) @ org.apache.karaf.deployer.wrap ---
[INFO] Local OBR update disabled (enable with -DobrRepository)
[INFO] 
[INFO] -------< org.apache.karaf.shell:org.apache.karaf.shell.commands >-------
[INFO] Building Apache Karaf :: Shell :: Various Commands 4.2.3-SNAPSHOT [37/220]
[INFO] -------------------------------[ bundle ]-------------------------------
[INFO] 
[INFO] --- maven-clean-plugin:3.1.0:clean (default-clean) @ org.apache.karaf.shell.commands ---
[INFO] 
[INFO] --- maven-bundle-plugin:4.1.0:cleanVersions (cleanVersions) @ org.apache.karaf.shell.commands ---
[INFO] 
[INFO] --- maven-remote-resources-plugin:1.5:process (process-resource-bundles) @ org.apache.karaf.shell.commands ---
[INFO] 
[INFO] --- maven-remote-resources-plugin:1.5:process (default) @ org.apache.karaf.shell.commands ---
[INFO] 
[INFO] --- maven-resources-plugin:3.1.0:resources (default-resources) @ org.apache.karaf.shell.commands ---
[INFO] Using 'UTF-8' encoding to copy filtered resources.
[INFO] Copying 2 resources
[INFO] Copying 1 resource
[INFO] Copying 3 resources
[INFO] Copying 3 resources
[INFO] 
[INFO] --- maven-compiler-plugin:3.8.0:compile (default-compile) @ org.apache.karaf.shell.commands ---
[INFO] Changes detected - recompiling the module!
[INFO] Compiling 14 source files to /home/srafi/after-cam-ready/compare_/compile_repair_output/work/f8c14d8531fc/shell/commands/target/classes
[INFO] /home/srafi/after-cam-ready/compare_/compile_repair_output/work/f8c14d8531fc/shell/commands/src/main/java/org/apache/karaf/shell/commands/impl/JavaAction.java: /home/srafi/after-cam-ready/compare_/compile_repair_output/work/f8c14d8531fc/shell/commands/src/main/java/org/apache/karaf/shell/commands/impl/JavaAction.java uses unchecked or unsafe operations.
[INFO] /home/srafi/after-cam-ready/compare_/compile_repair_output/work/f8c14d8531fc/shell/commands/src/main/java/org/apache/karaf/shell/commands/impl/JavaAction.java: Recompile with -Xlint:unchecked for details.
[INFO] 
[INFO] --- karaf-services-maven-plugin:4.2.3-SNAPSHOT:service-metadata-generate (service-metadata-generate) @ org.apache.karaf.shell.commands ---
[INFO] Service org.apache.karaf.shell.commands.impl
[INFO] Service org.apache.karaf.shell.commands.impl
[INFO] Service org.apache.karaf.shell.commands.impl
[INFO] Service org.apache.karaf.shell.commands.impl
[INFO] Service org.apache.karaf.shell.commands.impl
[INFO] Service org.apache.karaf.shell.commands.impl
[INFO] Service org.apache.karaf.shell.commands.impl
[INFO] Service org.apache.karaf.shell.commands.impl
[INFO] Service org.apache.karaf.shell.commands.impl
[INFO] Service org.apache.karaf.shell.commands.impl
[INFO] Service org.apache.karaf.shell.commands.impl
[INFO] Service org.apache.karaf.shell.commands.impl
[INFO] 
[INFO] --- maven-resources-plugin:3.1.0:testResources (default-testResources) @ org.apache.karaf.shell.commands ---
[INFO] Using 'UTF-8' encoding to copy filtered resources.
[INFO] skip non existing resourceDirectory /home/srafi/after-cam-ready/compare_/compile_repair_output/work/f8c14d8531fc/shell/commands/src/test/resources
[INFO] Copying 3 resources
[INFO] Copying 3 resources
[INFO] 
[INFO] --- maven-compiler-plugin:3.8.0:testCompile (default-testCompile) @ org.apache.karaf.shell.commands ---
[INFO] Changes detected - recompiling the module!
[INFO] Compiling 2 source files to /home/srafi/after-cam-ready/compare_/compile_repair_output/work/f8c14d8531fc/shell/commands/target/test-classes
[INFO] 
[INFO] --- maven-surefire-plugin:3.0.0-M8-SNAPSHOT:test (default-test) @ org.apache.karaf.shell.commands ---
[INFO] Tests are skipped.
[INFO] 
[INFO] --- maven-bundle-plugin:4.1.0:bundle (default-bundle) @ org.apache.karaf.shell.commands ---
[WARNING] Bundle org.apache.karaf.shell:org.apache.karaf.shell.commands:bundle:4.2.3-SNAPSHOT : Split package, multiple jars provide the same package:org/apache/karaf/util/tracker
Use Import/Export Package directive -split-package:=(merge-first|merge-last|error|first) to get rid of this warning
Package found in   [Jar:org.apache.karaf.shell.core, Jar:org.apache.karaf.util]
Class path         [Jar:., Jar:org.apache.karaf.shell.core, Jar:jline, Jar:org.apache.karaf.jaas.boot, Jar:sshd-core, Jar:org.apache.felix.gogo.runtime, Jar:org.apache.karaf.util, Jar:org.apache.felix.utils, Jar:org.osgi.compendium, Jar:org.osgi.core, Jar:slf4j-api]
[INFO] 
[INFO] --- maven-site-plugin:3.7.1:attach-descriptor (attach-descriptor) @ org.apache.karaf.shell.commands ---
[INFO] Skipping because packaging 'bundle' is not pom.
[INFO] 
[INFO] --- maven-install-plugin:3.0.0-M1:install (default-install) @ org.apache.karaf.shell.commands ---
[INFO] Installing /home/srafi/after-cam-ready/compare_/compile_repair_output/work/f8c14d8531fc/shell/commands/target/org.apache.karaf.shell.commands-4.2.3-SNAPSHOT.jar to /home/srafi/.m2/repository/org/apache/karaf/shell/org.apache.karaf.shell.commands/4.2.3-SNAPSHOT/org.apache.karaf.shell.commands-4.2.3-SNAPSHOT.jar
[INFO] Installing /home/srafi/after-cam-ready/compare_/compile_repair_output/work/f8c14d8531fc/shell/commands/pom.xml to /home/srafi/.m2/repository/org/apache/karaf/shell/org.apache.karaf.shell.commands/4.2.3-SNAPSHOT/org.apache.karaf.shell.commands-4.2.3-SNAPSHOT.pom
[INFO] 
[INFO] --- maven-bundle-plugin:4.1.0:install (default-install) @ org.apache.karaf.shell.commands ---
[INFO] Local OBR update disabled (enable with -DobrRepository)
[INFO] 
[INFO] -------< org.apache.karaf.shell:org.apache.karaf.shell.console >--------
[INFO] Building Apache Karaf :: Shell :: Console 4.2.3-SNAPSHOT        [38/220]
[INFO] -------------------------------[ bundle ]-------------------------------
[INFO] 
[INFO] --- maven-clean-plugin:3.1.0:clean (default-clean) @ org.apache.karaf.shell.console ---
[INFO] 
[INFO] --- maven-bundle-plugin:4.1.0:cleanVersions (cleanVersions) @ org.apache.karaf.shell.console ---
[INFO] 
[INFO] --- maven-remote-resources-plugin:1.5:process (process-resource-bundles) @ org.apache.karaf.shell.console ---
[INFO] 
[INFO] --- maven-remote-resources-plugin:1.5:process (default) @ org.apache.karaf.shell.console ---
[INFO] 
[INFO] --- maven-resources-plugin:3.1.0:resources (default-resources) @ org.apache.karaf.shell.console ---
[INFO] Using 'UTF-8' encoding to copy filtered resources.
[INFO] Copying 1 resource
[INFO] Copying 5 resources
[INFO] Copying 1 resource
[INFO] Copying 2 resources
[INFO] Copying 3 resources
[INFO] Copying 3 resources
[INFO] 
[INFO] --- maven-compiler-plugin:3.8.0:compile (default-compile) @ org.apache.karaf.shell.console ---
[INFO] Changes detected - recompiling the module!
[INFO] Compiling 75 source files to /home/srafi/after-cam-ready/compare_/compile_repair_output/work/f8c14d8531fc/shell/console/target/classes
[INFO] /home/srafi/after-cam-ready/compare_/compile_repair_output/work/f8c14d8531fc/shell/console/src/main/java/org/apache/karaf/shell/console/completer/FileCompleter.java: Some input files use or override a deprecated API.
[INFO] /home/srafi/after-cam-ready/compare_/compile_repair_output/work/f8c14d8531fc/shell/console/src/main/java/org/apache/karaf/shell/console/completer/FileCompleter.java: Recompile with -Xlint:deprecation for details.
[INFO] /home/srafi/after-cam-ready/compare_/compile_repair_output/work/f8c14d8531fc/shell/console/src/main/java/org/apache/karaf/shell/console/completer/ArgumentCompleter.java: Some input files use unchecked or unsafe operations.
[INFO] /home/srafi/after-cam-ready/compare_/compile_repair_output/work/f8c14d8531fc/shell/console/src/main/java/org/apache/karaf/shell/console/completer/ArgumentCompleter.java: Recompile with -Xlint:unchecked for details.
[INFO] 
[INFO] --- maven-resources-plugin:3.1.0:testResources (default-testResources) @ org.apache.karaf.shell.console ---
[INFO] Using 'UTF-8' encoding to copy filtered resources.
[INFO] skip non existing resourceDirectory /home/srafi/after-cam-ready/compare_/compile_repair_output/work/f8c14d8531fc/shell/console/src/test/resources
[INFO] Copying 3 resources
[INFO] Copying 3 resources
[INFO] 
[INFO] --- maven-compiler-plugin:3.8.0:testCompile (default-testCompile) @ org.apache.karaf.shell.console ---
[INFO] No sources to compile
[INFO] 
[INFO] --- maven-surefire-plugin:3.0.0-M8-SNAPSHOT:test (default-test) @ org.apache.karaf.shell.console ---
[INFO] Tests are skipped.
[INFO] 
[INFO] --- maven-bundle-plugin:4.1.0:bundle (default-bundle) @ org.apache.karaf.shell.console ---
[WARNING] Bundle org.apache.karaf.shell:org.apache.karaf.shell.console:bundle:4.2.3-SNAPSHOT : Split package, multiple jars provide the same package:org/apache/karaf/util/jaas
Use Import/Export Package directive -split-package:=(merge-first|merge-last|error|first) to get rid of this warning
Package found in   [Jar:org.apache.karaf.shell.core, Jar:org.apache.karaf.util]
Class path         [Jar:., Jar:slf4j-api, Jar:jline, Jar:jansi, Jar:org.osgi.core, Jar:org.osgi.compendium, Jar:org.apache.karaf.jaas.modules, Jar:org.apache.karaf.jaas.config, Jar:org.apache.karaf.jaas.boot, Jar:org.apache.karaf.shell.core, Jar:org.apache.karaf.util, Jar:org.apache.aries.blueprint.api, Jar:org.apache.aries.blueprint.core, Jar:org.apache.aries.quiesce.api, Jar:org.apache.aries.proxy.api, Jar:org.apache.felix.gogo.runtime, Jar:org.apache.felix.utils, Jar:sshd-core]
[WARNING] Bundle org.apache.karaf.shell:org.apache.karaf.shell.console:bundle:4.2.3-SNAPSHOT : Unused Private-Package instructions, no such package(s) on the class path: [org.apache.karaf.shell.inject.impl*]
[WARNING] Bundle org.apache.karaf.shell:org.apache.karaf.shell.console:bundle:4.2.3-SNAPSHOT : Split package, multiple jars provide the same package:org/apache/karaf/shell/console
Use Import/Export Package directive -split-package:=(merge-first|merge-last|error|first) to get rid of this warning
Package found in   [Jar:., Jar:org.apache.karaf.shell.core]
Class path         [Jar:., Jar:slf4j-api, Jar:jline, Jar:jansi, Jar:org.osgi.core, Jar:org.osgi.compendium, Jar:org.apache.karaf.jaas.modules, Jar:org.apache.karaf.jaas.config, Jar:org.apache.karaf.jaas.boot, Jar:org.apache.karaf.shell.core, Jar:org.apache.karaf.util, Jar:org.apache.aries.blueprint.api, Jar:org.apache.aries.blueprint.core, Jar:org.apache.aries.quiesce.api, Jar:org.apache.aries.proxy.api, Jar:org.apache.felix.gogo.runtime, Jar:org.apache.felix.utils, Jar:sshd-core]
[WARNING] Bundle org.apache.karaf.shell:org.apache.karaf.shell.console:bundle:4.2.3-SNAPSHOT : Split package, multiple jars provide the same package:org/apache/felix/service/command
Use Import/Export Package directive -split-package:=(merge-first|merge-last|error|first) to get rid of this warning
Package found in   [Jar:org.apache.karaf.shell.core, Jar:org.apache.felix.gogo.runtime]
Class path         [Jar:., Jar:slf4j-api, Jar:jline, Jar:jansi, Jar:org.osgi.core, Jar:org.osgi.compendium, Jar:org.apache.karaf.jaas.modules, Jar:org.apache.karaf.jaas.config, Jar:org.apache.karaf.jaas.boot, Jar:org.apache.karaf.shell.core, Jar:org.apache.karaf.util, Jar:org.apache.aries.blueprint.api, Jar:org.apache.aries.blueprint.core, Jar:org.apache.aries.quiesce.api, Jar:org.apache.aries.proxy.api, Jar:org.apache.felix.gogo.runtime, Jar:org.apache.felix.utils, Jar:sshd-core]
[WARNING] Bundle org.apache.karaf.shell:org.apache.karaf.shell.console:bundle:4.2.3-SNAPSHOT : Split package, multiple jars provide the same package:org/apache/felix/service/threadio
Use Import/Export Package directive -split-package:=(merge-first|merge-last|error|first) to get rid of this warning
Package found in   [Jar:org.apache.karaf.shell.core, Jar:org.apache.felix.gogo.runtime]
Class path         [Jar:., Jar:slf4j-api, Jar:jline, Jar:jansi, Jar:org.osgi.core, Jar:org.osgi.compendium, Jar:org.apache.karaf.jaas.modules, Jar:org.apache.karaf.jaas.config, Jar:org.apache.karaf.jaas.boot, Jar:org.apache.karaf.shell.core, Jar:org.apache.karaf.util, Jar:org.apache.aries.blueprint.api, Jar:org.apache.aries.blueprint.core, Jar:org.apache.aries.quiesce.api, Jar:org.apache.aries.proxy.api, Jar:org.apache.felix.gogo.runtime, Jar:org.apache.felix.utils, Jar:sshd-core]
[WARNING] Bundle org.apache.karaf.shell:org.apache.karaf.shell.console:bundle:4.2.3-SNAPSHOT : Version for package org.apache.felix.service.command is set to different values in the source (0.17.0) and in the manifest (1.0.0). The version in the manifest is not picked up by an other sibling bundles in this project or projects that directly depend on this project
[WARNING] Bundle org.apache.karaf.shell:org.apache.karaf.shell.console:bundle:4.2.3-SNAPSHOT : Version for package org.apache.felix.service.threadio is set to different values in the source (2.14) and in the manifest (1.0.0). The version in the manifest is not picked up by an other sibling bundles in this project or projects that directly depend on this project
[WARNING] Bundle org.apache.karaf.shell:org.apache.karaf.shell.console:bundle:4.2.3-SNAPSHOT : Unused Import-Package instructions: [org.apache.sshd.agent*] 
[INFO] 
[INFO] --- maven-site-plugin:3.7.1:attach-descriptor (attach-descriptor) @ org.apache.karaf.shell.console ---
[INFO] Skipping because packaging 'bundle' is not pom.
[INFO] 
[INFO] --- maven-install-plugin:3.0.0-M1:install (default-install) @ org.apache.karaf.shell.console ---
[INFO] Installing /home/srafi/after-cam-ready/compare_/compile_repair_output/work/f8c14d8531fc/shell/console/target/org.apache.karaf.shell.console-4.2.3-SNAPSHOT.jar to /home/srafi/.m2/repository/org/apache/karaf/shell/org.apache.karaf.shell.console/4.2.3-SNAPSHOT/org.apache.karaf.shell.console-4.2.3-SNAPSHOT.jar
[INFO] Installing /home/srafi/after-cam-ready/compare_/compile_repair_output/work/f8c14d8531fc/shell/console/pom.xml to /home/srafi/.m2/repository/org/apache/karaf/shell/org.apache.karaf.shell.console/4.2.3-SNAPSHOT/org.apache.karaf.shell.console-4.2.3-SNAPSHOT.pom
[INFO] 
[INFO] --- maven-bundle-plugin:4.1.0:install (default-install) @ org.apache.karaf.shell.console ---
[INFO] Local OBR update disabled (enable with -DobrRepository)
[INFO] 
[INFO] --------< org.apache.karaf.shell:org.apache.karaf.shell.table >---------
[INFO] Building Apache Karaf :: Shell :: Table 4.2.3-SNAPSHOT          [39/220]
[INFO] -------------------------------[ bundle ]-------------------------------
[INFO] 
[INFO] --- maven-clean-plugin:3.1.0:clean (default-clean) @ org.apache.karaf.shell.table ---
[INFO] 
[INFO] --- maven-bundle-plugin:4.1.0:cleanVersions (cleanVersions) @ org.apache.karaf.shell.table ---
[INFO] 
[INFO] --- maven-remote-resources-plugin:1.5:process (process-resource-bundles) @ org.apache.karaf.shell.table ---
[INFO] 
[INFO] --- maven-remote-resources-plugin:1.5:process (default) @ org.apache.karaf.shell.table ---
[INFO] 
[INFO] --- maven-resources-plugin:3.1.0:resources (default-resources) @ org.apache.karaf.shell.table ---
[INFO] Using 'UTF-8' encoding to copy filtered resources.
[INFO] skip non existing resourceDirectory /home/srafi/after-cam-ready/compare_/compile_repair_output/work/f8c14d8531fc/shell/table/src/main/resources
[INFO] Copying 3 resources
[INFO] Copying 3 resources
[INFO] 
[INFO] --- maven-compiler-plugin:3.8.0:compile (default-compile) @ org.apache.karaf.shell.table ---
[INFO] Changes detected - recompiling the module!
[INFO] Compiling 6 source files to /home/srafi/after-cam-ready/compare_/compile_repair_output/work/f8c14d8531fc/shell/table/target/classes
[INFO] 
[INFO] --- maven-resources-plugin:3.1.0:testResources (default-testResources) @ org.apache.karaf.shell.table ---
[INFO] Using 'UTF-8' encoding to copy filtered resources.
[INFO] skip non existing resourceDirectory /home/srafi/after-cam-ready/compare_/compile_repair_output/work/f8c14d8531fc/shell/table/src/test/resources
[INFO] Copying 3 resources
[INFO] Copying 3 resources
[INFO] 
[INFO] --- maven-compiler-plugin:3.8.0:testCompile (default-testCompile) @ org.apache.karaf.shell.table ---
[INFO] Changes detected - recompiling the module!
[INFO] Compiling 1 source file to /home/srafi/after-cam-ready/compare_/compile_repair_output/work/f8c14d8531fc/shell/table/target/test-classes
[INFO] /home/srafi/after-cam-ready/compare_/compile_repair_output/work/f8c14d8531fc/shell/table/src/test/java/org/apache/karaf/shell/tabletest/ShellTableTest.java: /home/srafi/after-cam-ready/compare_/compile_repair_output/work/f8c14d8531fc/shell/table/src/test/java/org/apache/karaf/shell/tabletest/ShellTableTest.java uses or overrides a deprecated API.
[INFO] /home/srafi/after-cam-ready/compare_/compile_repair_output/work/f8c14d8531fc/shell/table/src/test/java/org/apache/karaf/shell/tabletest/ShellTableTest.java: Recompile with -Xlint:deprecation for details.
[INFO] 
[INFO] --- maven-surefire-plugin:3.0.0-M8-SNAPSHOT:test (default-test) @ org.apache.karaf.shell.table ---
[INFO] Tests are skipped.
[INFO] 
[INFO] --- maven-bundle-plugin:4.1.0:bundle (default-bundle) @ org.apache.karaf.shell.table ---
[INFO] 
[INFO] --- maven-site-plugin:3.7.1:attach-descriptor (attach-descriptor) @ org.apache.karaf.shell.table ---
[INFO] Skipping because packaging 'bundle' is not pom.
[INFO] 
[INFO] --- maven-install-plugin:3.0.0-M1:install (default-install) @ org.apache.karaf.shell.table ---
[INFO] Installing /home/srafi/after-cam-ready/compare_/compile_repair_output/work/f8c14d8531fc/shell/table/target/org.apache.karaf.shell.table-4.2.3-SNAPSHOT.jar to /home/srafi/.m2/repository/org/apache/karaf/shell/org.apache.karaf.shell.table/4.2.3-SNAPSHOT/org.apache.karaf.shell.table-4.2.3-SNAPSHOT.jar
[INFO] Installing /home/srafi/after-cam-ready/compare_/compile_repair_output/work/f8c14d8531fc/shell/table/pom.xml to /home/srafi/.m2/repository/org/apache/karaf/shell/org.apache.karaf.shell.table/4.2.3-SNAPSHOT/org.apache.karaf.shell.table-4.2.3-SNAPSHOT.pom
[INFO] 
[INFO] --- maven-bundle-plugin:4.1.0:install (default-install) @ org.apache.karaf.shell.table ---
[INFO] Local OBR update disabled (enable with -DobrRepository)
[INFO] 
[INFO] ---------< org.apache.karaf.shell:org.apache.karaf.shell.ssh >----------
[INFO] Building Apache Karaf :: Shell :: SSH 4.2.3-SNAPSHOT            [40/220]
[INFO] -------------------------------[ bundle ]-------------------------------
[INFO] 
[INFO] --- maven-clean-plugin:3.1.0:clean (default-clean) @ org.apache.karaf.shell.ssh ---
[INFO] 
[INFO] --- maven-bundle-plugin:4.1.0:cleanVersions (cleanVersions) @ org.apache.karaf.shell.ssh ---
[INFO] 
[INFO] --- maven-remote-resources-plugin:1.5:process (process-resource-bundles) @ org.apache.karaf.shell.ssh ---
[INFO] 
[INFO] --- maven-remote-resources-plugin:1.5:process (default) @ org.apache.karaf.shell.ssh ---
[INFO] 
[INFO] --- maven-resources-plugin:3.1.0:resources (default-resources) @ org.apache.karaf.shell.ssh ---
[INFO] Using 'UTF-8' encoding to copy filtered resources.
[INFO] Copying 5 resources
[INFO] Copying 1 resource
[INFO] Copying 3 resources
[INFO] Copying 3 resources
[INFO] 
[INFO] --- maven-compiler-plugin:3.8.0:compile (default-compile) @ org.apache.karaf.shell.ssh ---
[INFO] Changes detected - recompiling the module!
[INFO] Compiling 16 source files to /home/srafi/after-cam-ready/compare_/compile_repair_output/work/f8c14d8531fc/shell/ssh/target/classes
[INFO] 
[INFO] --- karaf-services-maven-plugin:4.2.3-SNAPSHOT:service-metadata-generate (service-metadata-generate) @ org.apache.karaf.shell.ssh ---
[INFO] Ignoring jar:file:/home/srafi/after-cam-ready/compare_/compile_repair_output/work/f8c14d8531fc/jaas/modules/target/org.apache.karaf.jaas.modules-4.2.3-SNAPSHOT.jar!/org/apache/karaf/jaas/modules/impl/Activator.class
[INFO] Activator org.apache.karaf.shell.ssh.Activator
[INFO] Service org.apache.karaf.shell.ssh
[INFO] Service org.apache.karaf.shell.ssh
[INFO] 
[INFO] --- maven-resources-plugin:3.1.0:testResources (default-testResources) @ org.apache.karaf.shell.ssh ---
[INFO] Using 'UTF-8' encoding to copy filtered resources.
[INFO] Copying 2 resources
[INFO] Copying 3 resources
[INFO] Copying 3 resources
[INFO] 
[INFO] --- maven-compiler-plugin:3.8.0:testCompile (default-testCompile) @ org.apache.karaf.shell.ssh ---
[INFO] Changes detected - recompiling the module!
[INFO] Compiling 5 source files to /home/srafi/after-cam-ready/compare_/compile_repair_output/work/f8c14d8531fc/shell/ssh/target/test-classes
[INFO] 
[INFO] --- maven-surefire-plugin:3.0.0-M8-SNAPSHOT:test (default-test) @ org.apache.karaf.shell.ssh ---
[INFO] Tests are skipped.
[INFO] 
[INFO] --- maven-bundle-plugin:4.1.0:bundle (default-bundle) @ org.apache.karaf.shell.ssh ---
[WARNING] Bundle org.apache.karaf.shell:org.apache.karaf.shell.ssh:bundle:4.2.3-SNAPSHOT : Split package, multiple jars provide the same package:org/apache/karaf/util
Use Import/Export Package directive -split-package:=(merge-first|merge-last|error|first) to get rid of this warning
Package found in   [Jar:org.apache.karaf.shell.core, Jar:org.apache.karaf.jaas.modules, Jar:org.apache.karaf.util]
Class path         [Jar:., Jar:org.apache.karaf.shell.core, Jar:jline, Jar:org.apache.karaf.jaas.boot, Jar:org.apache.felix.gogo.runtime, Jar:org.osgi.core, Jar:org.osgi.compendium, Jar:slf4j-api, Jar:sshd-core, Jar:org.apache.servicemix.bundles.not-yet-commons-ssl, Jar:org.apache.karaf.jaas.modules, Jar:org.apache.karaf.jaas.config, Jar:org.apache.karaf.util, Jar:org.apache.felix.utils]
[WARNING] Bundle org.apache.karaf.shell:org.apache.karaf.shell.ssh:bundle:4.2.3-SNAPSHOT : Split package, multiple jars provide the same package:org/apache/karaf/util/filesstream
Use Import/Export Package directive -split-package:=(merge-first|merge-last|error|first) to get rid of this warning
Package found in   [Jar:org.apache.karaf.shell.core, Jar:org.apache.karaf.util]
Class path         [Jar:., Jar:org.apache.karaf.shell.core, Jar:jline, Jar:org.apache.karaf.jaas.boot, Jar:org.apache.felix.gogo.runtime, Jar:org.osgi.core, Jar:org.osgi.compendium, Jar:slf4j-api, Jar:sshd-core, Jar:org.apache.servicemix.bundles.not-yet-commons-ssl, Jar:org.apache.karaf.jaas.modules, Jar:org.apache.karaf.jaas.config, Jar:org.apache.karaf.util, Jar:org.apache.felix.utils]
[WARNING] Bundle org.apache.karaf.shell:org.apache.karaf.shell.ssh:bundle:4.2.3-SNAPSHOT : Split package, multiple jars provide the same package:org/apache/karaf/util/jaas
Use Import/Export Package directive -split-package:=(merge-first|merge-last|error|first) to get rid of this warning
Package found in   [Jar:org.apache.karaf.shell.core, Jar:org.apache.karaf.util]
Class path         [Jar:., Jar:org.apache.karaf.shell.core, Jar:jline, Jar:org.apache.karaf.jaas.boot, Jar:org.apache.felix.gogo.runtime, Jar:org.osgi.core, Jar:org.osgi.compendium, Jar:slf4j-api, Jar:sshd-core, Jar:org.apache.servicemix.bundles.not-yet-commons-ssl, Jar:org.apache.karaf.jaas.modules, Jar:org.apache.karaf.jaas.config, Jar:org.apache.karaf.util, Jar:org.apache.felix.utils]
[WARNING] Bundle org.apache.karaf.shell:org.apache.karaf.shell.ssh:bundle:4.2.3-SNAPSHOT : Split package, multiple jars provide the same package:org/apache/karaf/util/tracker
Use Import/Export Package directive -split-package:=(merge-first|merge-last|error|first) to get rid of this warning
Package found in   [Jar:org.apache.karaf.shell.core, Jar:org.apache.karaf.jaas.modules, Jar:org.apache.karaf.util]
Class path         [Jar:., Jar:org.apache.karaf.shell.core, Jar:jline, Jar:org.apache.karaf.jaas.boot, Jar:org.apache.felix.gogo.runtime, Jar:org.osgi.core, Jar:org.osgi.compendium, Jar:slf4j-api, Jar:sshd-core, Jar:org.apache.servicemix.bundles.not-yet-commons-ssl, Jar:org.apache.karaf.jaas.modules, Jar:org.apache.karaf.jaas.config, Jar:org.apache.karaf.util, Jar:org.apache.felix.utils]
[WARNING] Bundle org.apache.karaf.shell:org.apache.karaf.shell.ssh:bundle:4.2.3-SNAPSHOT : Export org.apache.karaf.shell.ssh,  has 1,  private references [org.apache.karaf.util.tracker]
[INFO] 
[INFO] --- maven-site-plugin:3.7.1:attach-descriptor (attach-descriptor) @ org.apache.karaf.shell.ssh ---
[INFO] Skipping because packaging 'bundle' is not pom.
[INFO] 
[INFO] --- maven-install-plugin:3.0.0-M1:install (default-install) @ org.apache.karaf.shell.ssh ---
[INFO] Installing /home/srafi/after-cam-ready/compare_/compile_repair_output/work/f8c14d8531fc/shell/ssh/target/org.apache.karaf.shell.ssh-4.2.3-SNAPSHOT.jar to /home/srafi/.m2/repository/org/apache/karaf/shell/org.apache.karaf.shell.ssh/4.2.3-SNAPSHOT/org.apache.karaf.shell.ssh-4.2.3-SNAPSHOT.jar
[INFO] Installing /home/srafi/after-cam-ready/compare_/compile_repair_output/work/f8c14d8531fc/shell/ssh/pom.xml to /home/srafi/.m2/repository/org/apache/karaf/shell/org.apache.karaf.shell.ssh/4.2.3-SNAPSHOT/org.apache.karaf.shell.ssh-4.2.3-SNAPSHOT.pom
[INFO] 
[INFO] --- maven-bundle-plugin:4.1.0:install (default-install) @ org.apache.karaf.shell.ssh ---
[INFO] Local OBR update disabled (enable with -DobrRepository)
[INFO] 
[INFO] ---------< org.apache.karaf.jaas:org.apache.karaf.jaas.jasypt >---------
[INFO] Building Apache Karaf :: JAAS :: Jasypt Encryption 4.2.3-SNAPSHOT [41/220]
[INFO] -------------------------------[ bundle ]-------------------------------
[INFO] 
[INFO] --- maven-clean-plugin:3.1.0:clean (default-clean) @ org.apache.karaf.jaas.jasypt ---
[INFO] 
[INFO] --- maven-bundle-plugin:4.1.0:cleanVersions (cleanVersions) @ org.apache.karaf.jaas.jasypt ---
[INFO] 
[INFO] --- maven-remote-resources-plugin:1.5:process (process-resource-bundles) @ org.apache.karaf.jaas.jasypt ---
[INFO] 
[INFO] --- maven-remote-resources-plugin:1.5:process (default) @ org.apache.karaf.jaas.jasypt ---
[INFO] 
[INFO] --- maven-resources-plugin:3.1.0:resources (default-resources) @ org.apache.karaf.jaas.jasypt ---
[INFO] Using 'UTF-8' encoding to copy filtered resources.
[INFO] Copying 1 resource
[INFO] Copying 1 resource
[INFO] Copying 3 resources
[INFO] Copying 3 resources
[INFO] 
[INFO] --- maven-compiler-plugin:3.8.0:compile (default-compile) @ org.apache.karaf.jaas.jasypt ---
[INFO] Changes detected - recompiling the module!
[INFO] Compiling 3 source files to /home/srafi/after-cam-ready/compare_/compile_repair_output/work/f8c14d8531fc/jaas/jasypt/target/classes
[INFO] 
[INFO] --- maven-resources-plugin:3.1.0:testResources (default-testResources) @ org.apache.karaf.jaas.jasypt ---
[INFO] Using 'UTF-8' encoding to copy filtered resources.
[INFO] Copying 1 resource
[INFO] Copying 3 resources
[INFO] Copying 3 resources
[INFO] 
[INFO] --- maven-compiler-plugin:3.8.0:testCompile (default-testCompile) @ org.apache.karaf.jaas.jasypt ---
[INFO] Changes detected - recompiling the module!
[INFO] Compiling 1 source file to /home/srafi/after-cam-ready/compare_/compile_repair_output/work/f8c14d8531fc/jaas/jasypt/target/test-classes
[INFO] 
[INFO] --- maven-surefire-plugin:3.0.0-M8-SNAPSHOT:test (default-test) @ org.apache.karaf.jaas.jasypt ---
[INFO] Tests are skipped.
[INFO] 
[INFO] --- maven-bundle-plugin:4.1.0:bundle (default-bundle) @ org.apache.karaf.jaas.jasypt ---
[INFO] 
[INFO] --- maven-site-plugin:3.7.1:attach-descriptor (attach-descriptor) @ org.apache.karaf.jaas.jasypt ---
[INFO] Skipping because packaging 'bundle' is not pom.
[INFO] 
[INFO] --- maven-install-plugin:3.0.0-M1:install (default-install) @ org.apache.karaf.jaas.jasypt ---
[INFO] Installing /home/srafi/after-cam-ready/compare_/compile_repair_output/work/f8c14d8531fc/jaas/jasypt/target/org.apache.karaf.jaas.jasypt-4.2.3-SNAPSHOT.jar to /home/srafi/.m2/repository/org/apache/karaf/jaas/org.apache.karaf.jaas.jasypt/4.2.3-SNAPSHOT/org.apache.karaf.jaas.jasypt-4.2.3-SNAPSHOT.jar
[INFO] Installing /home/srafi/after-cam-ready/compare_/compile_repair_output/work/f8c14d8531fc/jaas/jasypt/pom.xml to /home/srafi/.m2/repository/org/apache/karaf/jaas/org.apache.karaf.jaas.jasypt/4.2.3-SNAPSHOT/org.apache.karaf.jaas.jasypt-4.2.3-SNAPSHOT.pom
[INFO] 
[INFO] --- maven-bundle-plugin:4.1.0:install (default-install) @ org.apache.karaf.jaas.jasypt ---
[INFO] Local OBR update disabled (enable with -DobrRepository)
[INFO] 
[INFO] --------< org.apache.karaf.jaas:org.apache.karaf.jaas.command >---------
[INFO] Building Apache Karaf :: JAAS :: Command 4.2.3-SNAPSHOT         [42/220]
[INFO] -------------------------------[ bundle ]-------------------------------
[INFO] 
[INFO] --- maven-clean-plugin:3.1.0:clean (default-clean) @ org.apache.karaf.jaas.command ---
[INFO] 
[INFO] --- maven-bundle-plugin:4.1.0:cleanVersions (cleanVersions) @ org.apache.karaf.jaas.command ---
[INFO] 
[INFO] --- maven-remote-resources-plugin:1.5:process (process-resource-bundles) @ org.apache.karaf.jaas.command ---
[INFO] 
[INFO] --- maven-remote-resources-plugin:1.5:process (default) @ org.apache.karaf.jaas.command ---
[INFO] 
[INFO] --- maven-resources-plugin:3.1.0:resources (default-resources) @ org.apache.karaf.jaas.command ---
[INFO] Using 'UTF-8' encoding to copy filtered resources.
[INFO] Copying 1 resource
[INFO] Copying 1 resource
[INFO] Copying 3 resources
[INFO] Copying 3 resources
[INFO] 
[INFO] --- maven-compiler-plugin:3.8.0:compile (default-compile) @ org.apache.karaf.jaas.command ---
[INFO] Changes detected - recompiling the module!
[INFO] Compiling 22 source files to /home/srafi/after-cam-ready/compare_/compile_repair_output/work/f8c14d8531fc/jaas/command/target/classes
[INFO] /home/srafi/after-cam-ready/compare_/compile_repair_output/work/f8c14d8531fc/jaas/command/src/main/java/org/apache/karaf/jaas/command/WhoamiCommand.java: /home/srafi/after-cam-ready/compare_/compile_repair_output/work/f8c14d8531fc/jaas/command/src/main/java/org/apache/karaf/jaas/command/WhoamiCommand.java uses unchecked or unsafe operations.
[INFO] /home/srafi/after-cam-ready/compare_/compile_repair_output/work/f8c14d8531fc/jaas/command/src/main/java/org/apache/karaf/jaas/command/WhoamiCommand.java: Recompile with -Xlint:unchecked for details.
[INFO] 
[INFO] --- karaf-services-maven-plugin:4.2.3-SNAPSHOT:service-metadata-generate (service-metadata-generate) @ org.apache.karaf.jaas.command ---
[INFO] Ignoring jar:file:/home/srafi/after-cam-ready/compare_/compile_repair_output/work/f8c14d8531fc/jaas/modules/target/org.apache.karaf.jaas.modules-4.2.3-SNAPSHOT.jar!/org/apache/karaf/jaas/modules/impl/Activator.class
[INFO] Service org.apache.karaf.jaas.command
[INFO] Service org.apache.karaf.jaas.command
[INFO] Service org.apache.karaf.jaas.command
[INFO] Service org.apache.karaf.jaas.command
[INFO] Service org.apache.karaf.jaas.command
[INFO] Service org.apache.karaf.jaas.command
[INFO] Service org.apache.karaf.jaas.command
[INFO] Service org.apache.karaf.jaas.command.completers
[INFO] Service org.apache.karaf.jaas.command.completers
[INFO] Service org.apache.karaf.jaas.command
[INFO] Service org.apache.karaf.jaas.command
[INFO] Service org.apache.karaf.jaas.command
[INFO] Service org.apache.karaf.jaas.command
[INFO] Service org.apache.karaf.jaas.command
[INFO] Service org.apache.karaf.jaas.command
[INFO] Service org.apache.karaf.jaas.command
[INFO] Service org.apache.karaf.jaas.command
[INFO] Service org.apache.karaf.jaas.command
[INFO] Service org.apache.karaf.jaas.command
[INFO] Service org.apache.karaf.jaas.command
[INFO] Service org.apache.karaf.jaas.command
[INFO] 
[INFO] --- maven-resources-plugin:3.1.0:testResources (default-testResources) @ org.apache.karaf.jaas.command ---
[INFO] Using 'UTF-8' encoding to copy filtered resources.
[INFO] skip non existing resourceDirectory /home/srafi/after-cam-ready/compare_/compile_repair_output/work/f8c14d8531fc/jaas/command/src/test/resources
[INFO] Copying 3 resources
[INFO] Copying 3 resources
[INFO] 
[INFO] --- maven-compiler-plugin:3.8.0:testCompile (default-testCompile) @ org.apache.karaf.jaas.command ---
[INFO] Changes detected - recompiling the module!
[INFO] Compiling 1 source file to /home/srafi/after-cam-ready/compare_/compile_repair_output/work/f8c14d8531fc/jaas/command/target/test-classes
[INFO] 
[INFO] --- maven-surefire-plugin:3.0.0-M8-SNAPSHOT:test (default-test) @ org.apache.karaf.jaas.command ---
[INFO] Tests are skipped.
[INFO] 
[INFO] --- maven-bundle-plugin:4.1.0:bundle (default-bundle) @ org.apache.karaf.jaas.command ---
[WARNING] Bundle org.apache.karaf.jaas:org.apache.karaf.jaas.command:bundle:4.2.3-SNAPSHOT : Split package, multiple jars provide the same package:org/apache/karaf/util/jaas
Use Import/Export Package directive -split-package:=(merge-first|merge-last|error|first) to get rid of this warning
Package found in   [Jar:org.apache.karaf.util, Jar:org.apache.karaf.shell.core]
Class path         [Jar:., Jar:org.osgi.core, Jar:org.apache.karaf.jaas.config, Jar:org.apache.karaf.util, Jar:org.apache.felix.utils, Jar:slf4j-api, Jar:org.apache.karaf.jaas.boot, Jar:org.apache.karaf.jaas.modules, Jar:org.apache.karaf.shell.core, Jar:jline, Jar:sshd-core]
[WARNING] Bundle org.apache.karaf.jaas:org.apache.karaf.jaas.command:bundle:4.2.3-SNAPSHOT : Split package, multiple jars provide the same package:org/apache/karaf/util/tracker
Use Import/Export Package directive -split-package:=(merge-first|merge-last|error|first) to get rid of this warning
Package found in   [Jar:org.apache.karaf.util, Jar:org.apache.karaf.jaas.modules, Jar:org.apache.karaf.shell.core]
Class path         [Jar:., Jar:org.osgi.core, Jar:org.apache.karaf.jaas.config, Jar:org.apache.karaf.util, Jar:org.apache.felix.utils, Jar:slf4j-api, Jar:org.apache.karaf.jaas.boot, Jar:org.apache.karaf.jaas.modules, Jar:org.apache.karaf.shell.core, Jar:jline, Jar:sshd-core]
[INFO] 
[INFO] --- maven-site-plugin:3.7.1:attach-descriptor (attach-descriptor) @ org.apache.karaf.jaas.command ---
[INFO] Skipping because packaging 'bundle' is not pom.
[INFO] 
[INFO] --- maven-install-plugin:3.0.0-M1:install (default-install) @ org.apache.karaf.jaas.command ---
[INFO] Installing /home/srafi/after-cam-ready/compare_/compile_repair_output/work/f8c14d8531fc/jaas/command/target/org.apache.karaf.jaas.command-4.2.3-SNAPSHOT.jar to /home/srafi/.m2/repository/org/apache/karaf/jaas/org.apache.karaf.jaas.command/4.2.3-SNAPSHOT/org.apache.karaf.jaas.command-4.2.3-SNAPSHOT.jar
[INFO] Installing /home/srafi/after-cam-ready/compare_/compile_repair_output/work/f8c14d8531fc/jaas/command/pom.xml to /home/srafi/.m2/repository/org/apache/karaf/jaas/org.apache.karaf.jaas.command/4.2.3-SNAPSHOT/org.apache.karaf.jaas.command-4.2.3-SNAPSHOT.pom
[INFO] 
[INFO] --- maven-bundle-plugin:4.1.0:install (default-install) @ org.apache.karaf.jaas.command ---
[INFO] Local OBR update disabled (enable with -DobrRepository)
[INFO] 
[INFO] -------------< org.apache.karaf.jaas.blueprint:blueprint >--------------
[INFO] Building Apache Karaf :: JAAS :: Blueprint 4.2.3-SNAPSHOT       [43/220]
[INFO] --------------------------------[ pom ]---------------------------------
[INFO] 
[INFO] --- maven-clean-plugin:3.1.0:clean (default-clean) @ blueprint ---
[INFO] 
[INFO] --- maven-bundle-plugin:4.1.0:cleanVersions (cleanVersions) @ blueprint ---
[INFO] 
[INFO] --- maven-remote-resources-plugin:1.5:process (process-resource-bundles) @ blueprint ---
[INFO] 
[INFO] --- maven-remote-resources-plugin:1.5:process (default) @ blueprint ---
[INFO] 
[INFO] --- maven-site-plugin:3.7.1:attach-descriptor (attach-descriptor) @ blueprint ---
[INFO] No site descriptor found: nothing to attach.
[INFO] 
[INFO] --- maven-install-plugin:3.0.0-M1:install (default-install) @ blueprint ---
[INFO] Installing /home/srafi/after-cam-ready/compare_/compile_repair_output/work/f8c14d8531fc/jaas/blueprint/pom.xml to /home/srafi/.m2/repository/org/apache/karaf/jaas/blueprint/blueprint/4.2.3-SNAPSHOT/blueprint-4.2.3-SNAPSHOT.pom
[INFO] 
[INFO] --< org.apache.karaf.jaas.blueprint:org.apache.karaf.jaas.blueprint.config >--
[INFO] Building Apache Karaf :: JAAS :: Blueprint :: Config 4.2.3-SNAPSHOT [44/220]
[INFO] -------------------------------[ bundle ]-------------------------------
[INFO] 
[INFO] --- maven-clean-plugin:3.1.0:clean (default-clean) @ org.apache.karaf.jaas.blueprint.config ---
[INFO] 
[INFO] --- maven-bundle-plugin:4.1.0:cleanVersions (cleanVersions) @ org.apache.karaf.jaas.blueprint.config ---
[INFO] 
[INFO] --- maven-remote-resources-plugin:1.5:process (process-resource-bundles) @ org.apache.karaf.jaas.blueprint.config ---
[INFO] 
[INFO] --- maven-remote-resources-plugin:1.5:process (default) @ org.apache.karaf.jaas.blueprint.config ---
[INFO] 
[INFO] --- maven-resources-plugin:3.1.0:resources (default-resources) @ org.apache.karaf.jaas.blueprint.config ---
[INFO] Using 'UTF-8' encoding to copy filtered resources.
[INFO] Copying 4 resources
[INFO] Copying 3 resources
[INFO] Copying 3 resources
[INFO] 
[INFO] --- maven-compiler-plugin:3.8.0:compile (default-compile) @ org.apache.karaf.jaas.blueprint.config ---
[INFO] Changes detected - recompiling the module!
[INFO] Compiling 1 source file to /home/srafi/after-cam-ready/compare_/compile_repair_output/work/f8c14d8531fc/jaas/blueprint/config/target/classes
[INFO] 
[INFO] --- maven-resources-plugin:3.1.0:testResources (default-testResources) @ org.apache.karaf.jaas.blueprint.config ---
[INFO] Using 'UTF-8' encoding to copy filtered resources.
[INFO] skip non existing resourceDirectory /home/srafi/after-cam-ready/compare_/compile_repair_output/work/f8c14d8531fc/jaas/blueprint/config/src/test/resources
[INFO] Copying 3 resources
[INFO] Copying 3 resources
[INFO] 
[INFO] --- maven-compiler-plugin:3.8.0:testCompile (default-testCompile) @ org.apache.karaf.jaas.blueprint.config ---
[INFO] No sources to compile
[INFO] 
[INFO] --- maven-surefire-plugin:3.0.0-M8-SNAPSHOT:test (default-test) @ org.apache.karaf.jaas.blueprint.config ---
[INFO] Tests are skipped.
[INFO] 
[INFO] --- maven-bundle-plugin:4.1.0:bundle (default-bundle) @ org.apache.karaf.jaas.blueprint.config ---
[INFO] 
[INFO] --- maven-site-plugin:3.7.1:attach-descriptor (attach-descriptor) @ org.apache.karaf.jaas.blueprint.config ---
[INFO] Skipping because packaging 'bundle' is not pom.
[INFO] 
[INFO] --- maven-install-plugin:3.0.0-M1:install (default-install) @ org.apache.karaf.jaas.blueprint.config ---
[INFO] Installing /home/srafi/after-cam-ready/compare_/compile_repair_output/work/f8c14d8531fc/jaas/blueprint/config/target/org.apache.karaf.jaas.blueprint.config-4.2.3-SNAPSHOT.jar to /home/srafi/.m2/repository/org/apache/karaf/jaas/blueprint/org.apache.karaf.jaas.blueprint.config/4.2.3-SNAPSHOT/org.apache.karaf.jaas.blueprint.config-4.2.3-SNAPSHOT.jar
[INFO] Installing /home/srafi/after-cam-ready/compare_/compile_repair_output/work/f8c14d8531fc/jaas/blueprint/config/pom.xml to /home/srafi/.m2/repository/org/apache/karaf/jaas/blueprint/org.apache.karaf.jaas.blueprint.config/4.2.3-SNAPSHOT/org.apache.karaf.jaas.blueprint.config-4.2.3-SNAPSHOT.pom
[INFO] 
[INFO] --- maven-bundle-plugin:4.1.0:install (default-install) @ org.apache.karaf.jaas.blueprint.config ---
[INFO] Local OBR update disabled (enable with -DobrRepository)
[INFO] 
[INFO] --< org.apache.karaf.jaas.blueprint:org.apache.karaf.jaas.blueprint.jasypt >--
[INFO] Building Apache Karaf :: JAAS :: Blueprint :: Jasypt 4.2.3-SNAPSHOT [45/220]
[INFO] -------------------------------[ bundle ]-------------------------------
[INFO] 
[INFO] --- maven-clean-plugin:3.1.0:clean (default-clean) @ org.apache.karaf.jaas.blueprint.jasypt ---
[INFO] 
[INFO] --- maven-bundle-plugin:4.1.0:cleanVersions (cleanVersions) @ org.apache.karaf.jaas.blueprint.jasypt ---
[INFO] 
[INFO] --- maven-remote-resources-plugin:1.5:process (process-resource-bundles) @ org.apache.karaf.jaas.blueprint.jasypt ---
[INFO] 
[INFO] --- maven-remote-resources-plugin:1.5:process (default) @ org.apache.karaf.jaas.blueprint.jasypt ---
[INFO] 
[INFO] --- maven-resources-plugin:3.1.0:resources (default-resources) @ org.apache.karaf.jaas.blueprint.jasypt ---
[INFO] Using 'UTF-8' encoding to copy filtered resources.
[INFO] Copying 3 resources
[INFO] Copying 1 resource
[INFO] Copying 3 resources
[INFO] Copying 3 resources
[INFO] 
[INFO] --- maven-compiler-plugin:3.8.0:compile (default-compile) @ org.apache.karaf.jaas.blueprint.jasypt ---
[INFO] Changes detected - recompiling the module!
[INFO] Compiling 2 source files to /home/srafi/after-cam-ready/compare_/compile_repair_output/work/f8c14d8531fc/jaas/blueprint/jasypt/target/classes
[INFO] 
[INFO] --- maven-resources-plugin:3.1.0:testResources (default-testResources) @ org.apache.karaf.jaas.blueprint.jasypt ---
[INFO] Using 'UTF-8' encoding to copy filtered resources.
[INFO] Copying 4 resources
[INFO] Copying 3 resources
[INFO] Copying 3 resources
[INFO] 
[INFO] --- maven-compiler-plugin:3.8.0:testCompile (default-testCompile) @ org.apache.karaf.jaas.blueprint.jasypt ---
[INFO] Changes detected - recompiling the module!
[INFO] Compiling 3 source files to /home/srafi/after-cam-ready/compare_/compile_repair_output/work/f8c14d8531fc/jaas/blueprint/jasypt/target/test-classes
[INFO] /home/srafi/after-cam-ready/compare_/compile_repair_output/work/f8c14d8531fc/jaas/blueprint/jasypt/src/test/java/org/apache/karaf/jaas/blueprint/jasypt/handler/EncryptablePropertyPlaceholderTest.java: Some input files use unchecked or unsafe operations.
[INFO] /home/srafi/after-cam-ready/compare_/compile_repair_output/work/f8c14d8531fc/jaas/blueprint/jasypt/src/test/java/org/apache/karaf/jaas/blueprint/jasypt/handler/EncryptablePropertyPlaceholderTest.java: Recompile with -Xlint:unchecked for details.
[INFO] 
[INFO] --- maven-surefire-plugin:3.0.0-M8-SNAPSHOT:test (default-test) @ org.apache.karaf.jaas.blueprint.jasypt ---
[INFO] Tests are skipped.
[INFO] 
[INFO] --- maven-bundle-plugin:4.1.0:bundle (default-bundle) @ org.apache.karaf.jaas.blueprint.jasypt ---
[INFO] 
[INFO] --- maven-site-plugin:3.7.1:attach-descriptor (attach-descriptor) @ org.apache.karaf.jaas.blueprint.jasypt ---
[INFO] Skipping because packaging 'bundle' is not pom.
[INFO] 
[INFO] --- maven-install-plugin:3.0.0-M1:install (default-install) @ org.apache.karaf.jaas.blueprint.jasypt ---
[INFO] Installing /home/srafi/after-cam-ready/compare_/compile_repair_output/work/f8c14d8531fc/jaas/blueprint/jasypt/target/org.apache.karaf.jaas.blueprint.jasypt-4.2.3-SNAPSHOT.jar to /home/srafi/.m2/repository/org/apache/karaf/jaas/blueprint/org.apache.karaf.jaas.blueprint.jasypt/4.2.3-SNAPSHOT/org.apache.karaf.jaas.blueprint.jasypt-4.2.3-SNAPSHOT.jar
[INFO] Installing /home/srafi/after-cam-ready/compare_/compile_repair_output/work/f8c14d8531fc/jaas/blueprint/jasypt/pom.xml to /home/srafi/.m2/repository/org/apache/karaf/jaas/blueprint/org.apache.karaf.jaas.blueprint.jasypt/4.2.3-SNAPSHOT/org.apache.karaf.jaas.blueprint.jasypt-4.2.3-SNAPSHOT.pom
[INFO] 
[INFO] --- maven-bundle-plugin:4.1.0:install (default-install) @ org.apache.karaf.jaas.blueprint.jasypt ---
[INFO] Local OBR update disabled (enable with -DobrRepository)
[INFO] 
[INFO] --------------< org.apache.karaf:org.apache.karaf.client >--------------
[INFO] Building Apache Karaf :: Client 4.2.3-SNAPSHOT                  [46/220]
[INFO] -------------------------------[ bundle ]-------------------------------
[INFO] 
[INFO] --- maven-clean-plugin:3.1.0:clean (default-clean) @ org.apache.karaf.client ---
[INFO] 
[INFO] --- maven-bundle-plugin:4.1.0:cleanVersions (cleanVersions) @ org.apache.karaf.client ---
[INFO] 
[INFO] --- maven-remote-resources-plugin:1.5:process (process-resource-bundles) @ org.apache.karaf.client ---
[INFO] 
[INFO] --- maven-remote-resources-plugin:1.5:process (default) @ org.apache.karaf.client ---
[INFO] 
[INFO] --- maven-resources-plugin:3.1.0:resources (default-resources) @ org.apache.karaf.client ---
[INFO] Using 'UTF-8' encoding to copy filtered resources.
[INFO] Copying 1 resource
[INFO] Copying 3 resources
[INFO] Copying 3 resources
[INFO] 
[INFO] --- maven-compiler-plugin:3.8.0:compile (default-compile) @ org.apache.karaf.client ---
[INFO] Changes detected - recompiling the module!
[INFO] Compiling 5 source files to /home/srafi/after-cam-ready/compare_/compile_repair_output/work/f8c14d8531fc/client/target/classes
[INFO] 
[INFO] --- maven-resources-plugin:3.1.0:testResources (default-testResources) @ org.apache.karaf.client ---
[INFO] Using 'UTF-8' encoding to copy filtered resources.
[INFO] Copying 6 resources
[INFO] Copying 3 resources
[INFO] Copying 3 resources
[INFO] 
[INFO] --- maven-compiler-plugin:3.8.0:testCompile (default-testCompile) @ org.apache.karaf.client ---
[INFO] Changes detected - recompiling the module!
[INFO] Compiling 1 source file to /home/srafi/after-cam-ready/compare_/compile_repair_output/work/f8c14d8531fc/client/target/test-classes
[INFO] 
[INFO] --- maven-surefire-plugin:3.0.0-M8-SNAPSHOT:test (default-test) @ org.apache.karaf.client ---
[INFO] Tests are skipped.
[INFO] 
[INFO] --- maven-bundle-plugin:4.1.0:bundle (default-bundle) @ org.apache.karaf.client ---
[INFO] 
[INFO] --- maven-site-plugin:3.7.1:attach-descriptor (attach-descriptor) @ org.apache.karaf.client ---
[INFO] Skipping because packaging 'bundle' is not pom.
[INFO] 
[INFO] --- build-helper-maven-plugin:3.0.0:attach-artifact (attach-artifacts) @ org.apache.karaf.client ---
[INFO] 
[INFO] --- maven-install-plugin:3.0.0-M1:install (default-install) @ org.apache.karaf.client ---
[INFO] Installing /home/srafi/after-cam-ready/compare_/compile_repair_output/work/f8c14d8531fc/client/target/org.apache.karaf.client-4.2.3-SNAPSHOT.jar to /home/srafi/.m2/repository/org/apache/karaf/org.apache.karaf.client/4.2.3-SNAPSHOT/org.apache.karaf.client-4.2.3-SNAPSHOT.jar
[INFO] Installing /home/srafi/after-cam-ready/compare_/compile_repair_output/work/f8c14d8531fc/client/pom.xml to /home/srafi/.m2/repository/org/apache/karaf/org.apache.karaf.client/4.2.3-SNAPSHOT/org.apache.karaf.client-4.2.3-SNAPSHOT.pom
[INFO] Installing /home/srafi/after-cam-ready/compare_/compile_repair_output/work/f8c14d8531fc/client/target/classes/karaf.key to /home/srafi/.m2/repository/org/apache/karaf/org.apache.karaf.client/4.2.3-SNAPSHOT/org.apache.karaf.client-4.2.3-SNAPSHOT.key
[INFO] 
[INFO] --- maven-bundle-plugin:4.1.0:install (default-install) @ org.apache.karaf.client ---
[INFO] Local OBR update disabled (enable with -DobrRepository)
[INFO] 
[INFO] ---------------< org.apache.karaf.management:management >---------------
[INFO] Building Apache Karaf :: Management 4.2.3-SNAPSHOT              [47/220]
[INFO] --------------------------------[ pom ]---------------------------------
[INFO] 
[INFO] --- maven-clean-plugin:3.1.0:clean (default-clean) @ management ---
[INFO] 
[INFO] --- maven-bundle-plugin:4.1.0:cleanVersions (cleanVersions) @ management ---
[INFO] 
[INFO] --- maven-remote-resources-plugin:1.5:process (process-resource-bundles) @ management ---
[INFO] 
[INFO] --- maven-remote-resources-plugin:1.5:process (default) @ management ---
[INFO] 
[INFO] --- maven-site-plugin:3.7.1:attach-descriptor (attach-descriptor) @ management ---
[INFO] No site descriptor found: nothing to attach.
[INFO] 
[INFO] --- maven-install-plugin:3.0.0-M1:install (default-install) @ management ---
[INFO] Installing /home/srafi/after-cam-ready/compare_/compile_repair_output/work/f8c14d8531fc/management/pom.xml to /home/srafi/.m2/repository/org/apache/karaf/management/management/4.2.3-SNAPSHOT/management-4.2.3-SNAPSHOT.pom
[INFO] 
[INFO] ---< org.apache.karaf.management:org.apache.karaf.management.server >---
[INFO] Building Apache Karaf :: Management 4.2.3-SNAPSHOT              [48/220]
[INFO] -------------------------------[ bundle ]-------------------------------
[INFO] 
[INFO] --- maven-clean-plugin:3.1.0:clean (default-clean) @ org.apache.karaf.management.server ---
[INFO] 
[INFO] --- maven-bundle-plugin:4.1.0:cleanVersions (cleanVersions) @ org.apache.karaf.management.server ---
[INFO] 
[INFO] --- maven-remote-resources-plugin:1.5:process (process-resource-bundles) @ org.apache.karaf.management.server ---
[INFO] 
[INFO] --- maven-remote-resources-plugin:1.5:process (default) @ org.apache.karaf.management.server ---
[INFO] 
[INFO] --- maven-resources-plugin:3.1.0:resources (default-resources) @ org.apache.karaf.management.server ---
[INFO] Using 'UTF-8' encoding to copy filtered resources.
[INFO] Copying 3 resources
[INFO] Copying 1 resource
[INFO] Copying 3 resources
[INFO] Copying 3 resources
[INFO] 
[INFO] --- maven-compiler-plugin:3.8.0:compile (default-compile) @ org.apache.karaf.management.server ---
[INFO] Changes detected - recompiling the module!
[INFO] Compiling 13 source files to /home/srafi/after-cam-ready/compare_/compile_repair_output/work/f8c14d8531fc/management/server/target/classes
[INFO] /home/srafi/after-cam-ready/compare_/compile_repair_output/work/f8c14d8531fc/management/server/src/main/java/org/apache/karaf/management/RmiRegistryFactory.java: /home/srafi/after-cam-ready/compare_/compile_repair_output/work/f8c14d8531fc/management/server/src/main/java/org/apache/karaf/management/RmiRegistryFactory.java uses unchecked or unsafe operations.
[INFO] /home/srafi/after-cam-ready/compare_/compile_repair_output/work/f8c14d8531fc/management/server/src/main/java/org/apache/karaf/management/RmiRegistryFactory.java: Recompile with -Xlint:unchecked for details.
[INFO] 
[INFO] --- karaf-services-maven-plugin:4.2.3-SNAPSHOT:service-metadata-generate (service-metadata-generate) @ org.apache.karaf.management.server ---
[INFO] Activator org.apache.karaf.management.internal.Activator
[INFO] 
[INFO] --- maven-resources-plugin:3.1.0:testResources (default-testResources) @ org.apache.karaf.management.server ---
[INFO] Using 'UTF-8' encoding to copy filtered resources.
[INFO] Copying 1 resource
[INFO] Copying 3 resources
[INFO] Copying 3 resources
[INFO] 
[INFO] --- maven-compiler-plugin:3.8.0:testCompile (default-testCompile) @ org.apache.karaf.management.server ---
[INFO] Changes detected - recompiling the module!
[INFO] Compiling 3 source files to /home/srafi/after-cam-ready/compare_/compile_repair_output/work/f8c14d8531fc/management/server/target/test-classes
[INFO] /home/srafi/after-cam-ready/compare_/compile_repair_output/work/f8c14d8531fc/management/server/src/test/java/org/apache/karaf/management/KarafMBeanServerGuardTest.java: /home/srafi/after-cam-ready/compare_/compile_repair_output/work/f8c14d8531fc/management/server/src/test/java/org/apache/karaf/management/KarafMBeanServerGuardTest.java uses unchecked or unsafe operations.
[INFO] /home/srafi/after-cam-ready/compare_/compile_repair_output/work/f8c14d8531fc/management/server/src/test/java/org/apache/karaf/management/KarafMBeanServerGuardTest.java: Recompile with -Xlint:unchecked for details.
[INFO] 
[INFO] --- maven-surefire-plugin:3.0.0-M8-SNAPSHOT:test (default-test) @ org.apache.karaf.management.server ---
[INFO] Tests are skipped.
[INFO] 
[INFO] --- maven-bundle-plugin:4.1.0:bundle (default-bundle) @ org.apache.karaf.management.server ---
[WARNING] Bundle org.apache.karaf.management:org.apache.karaf.management.server:bundle:4.2.3-SNAPSHOT : Split package, multiple jars provide the same package:org/apache/karaf/util/jaas
Use Import/Export Package directive -split-package:=(merge-first|merge-last|error|first) to get rid of this warning
Package found in   [Jar:org.apache.karaf.service.guard, Jar:org.apache.karaf.util]
Class path         [Jar:., Jar:org.osgi.core, Jar:org.osgi.compendium, Jar:org.apache.karaf.jaas.boot, Jar:org.apache.karaf.jaas.config, Jar:org.apache.karaf.service.guard, Jar:org.apache.karaf.util, Jar:org.apache.felix.utils, Jar:slf4j-api]
[WARNING] Bundle org.apache.karaf.management:org.apache.karaf.management.server:bundle:4.2.3-SNAPSHOT : Export org.apache.karaf.management,  has 1,  private references [org.apache.karaf.management.internal]
[INFO] 
[INFO] --- maven-site-plugin:3.7.1:attach-descriptor (attach-descriptor) @ org.apache.karaf.management.server ---
[INFO] Skipping because packaging 'bundle' is not pom.
[INFO] 
[INFO] --- maven-install-plugin:3.0.0-M1:install (default-install) @ org.apache.karaf.management.server ---
[INFO] Installing /home/srafi/after-cam-ready/compare_/compile_repair_output/work/f8c14d8531fc/management/server/target/org.apache.karaf.management.server-4.2.3-SNAPSHOT.jar to /home/srafi/.m2/repository/org/apache/karaf/management/org.apache.karaf.management.server/4.2.3-SNAPSHOT/org.apache.karaf.management.server-4.2.3-SNAPSHOT.jar
[INFO] Installing /home/srafi/after-cam-ready/compare_/compile_repair_output/work/f8c14d8531fc/management/server/pom.xml to /home/srafi/.m2/repository/org/apache/karaf/management/org.apache.karaf.management.server/4.2.3-SNAPSHOT/org.apache.karaf.management.server-4.2.3-SNAPSHOT.pom
[INFO] 
[INFO] --- maven-bundle-plugin:4.1.0:install (default-install) @ org.apache.karaf.management.server ---
[INFO] Local OBR update disabled (enable with -DobrRepository)
[INFO] 
[INFO] --------< org.apache.karaf.system:org.apache.karaf.system.core >--------
[INFO] Building Apache Karaf :: System :: Core 4.2.3-SNAPSHOT          [49/220]
[INFO] -------------------------------[ bundle ]-------------------------------
[INFO] 
[INFO] --- maven-clean-plugin:3.1.0:clean (default-clean) @ org.apache.karaf.system.core ---
[INFO] 
[INFO] --- maven-bundle-plugin:4.1.0:cleanVersions (cleanVersions) @ org.apache.karaf.system.core ---
[INFO] 
[INFO] --- maven-remote-resources-plugin:1.5:process (process-resource-bundles) @ org.apache.karaf.system.core ---
[INFO] 
[INFO] --- maven-remote-resources-plugin:1.5:process (default) @ org.apache.karaf.system.core ---
[INFO] 
[INFO] --- maven-resources-plugin:3.1.0:resources (default-resources) @ org.apache.karaf.system.core ---
[INFO] Using 'UTF-8' encoding to copy filtered resources.
[INFO] Copying 1 resource
[INFO] Copying 1 resource
[INFO] Copying 3 resources
[INFO] Copying 3 resources
[INFO] 
[INFO] --- maven-compiler-plugin:3.8.0:compile (default-compile) @ org.apache.karaf.system.core ---
[INFO] Changes detected - recompiling the module!
[INFO] Compiling 12 source files to /home/srafi/after-cam-ready/compare_/compile_repair_output/work/f8c14d8531fc/system/target/classes
[INFO] /home/srafi/after-cam-ready/compare_/compile_repair_output/work/f8c14d8531fc/system/src/main/java/org/apache/karaf/system/management/internal/SystemMBeanImpl.java: Some input files use or override a deprecated API.
[INFO] /home/srafi/after-cam-ready/compare_/compile_repair_output/work/f8c14d8531fc/system/src/main/java/org/apache/karaf/system/management/internal/SystemMBeanImpl.java: Recompile with -Xlint:deprecation for details.
[INFO] 
[INFO] --- karaf-services-maven-plugin:4.2.3-SNAPSHOT:service-metadata-generate (service-metadata-generate) @ org.apache.karaf.system.core ---
[INFO] Activator org.apache.karaf.system.internal.osgi.Activator
[INFO] Service org.apache.karaf.system.commands
[INFO] Service org.apache.karaf.system.commands
[INFO] Service org.apache.karaf.system.commands
[INFO] Service org.apache.karaf.system.commands
[INFO] Service org.apache.karaf.system.commands
[INFO] Service org.apache.karaf.system.commands
[INFO] 
[INFO] --- maven-resources-plugin:3.1.0:testResources (default-testResources) @ org.apache.karaf.system.core ---
[INFO] Using 'UTF-8' encoding to copy filtered resources.
[INFO] Copying 1 resource
[INFO] Copying 3 resources
[INFO] Copying 3 resources
[INFO] 
[INFO] --- maven-compiler-plugin:3.8.0:testCompile (default-testCompile) @ org.apache.karaf.system.core ---
[INFO] Changes detected - recompiling the module!
[INFO] Compiling 1 source file to /home/srafi/after-cam-ready/compare_/compile_repair_output/work/f8c14d8531fc/system/target/test-classes
[INFO] 
[INFO] --- maven-surefire-plugin:3.0.0-M8-SNAPSHOT:test (default-test) @ org.apache.karaf.system.core ---
[INFO] Tests are skipped.
[INFO] 
[INFO] --- maven-bundle-plugin:4.1.0:bundle (default-bundle) @ org.apache.karaf.system.core ---
[WARNING] Bundle org.apache.karaf.system:org.apache.karaf.system.core:bundle:4.2.3-SNAPSHOT : Split package, multiple jars provide the same package:org/apache/felix/utils/properties
Use Import/Export Package directive -split-package:=(merge-first|merge-last|error|first) to get rid of this warning
Package found in   [Jar:org.apache.felix.utils, Jar:org.apache.karaf.shell.core]
Class path         [Jar:., Jar:org.osgi.core, Jar:slf4j-api, Jar:org.apache.karaf.util, Jar:org.apache.karaf.jaas.boot, Jar:org.apache.felix.utils, Jar:org.apache.karaf.shell.core, Jar:jline, Jar:sshd-core]
[WARNING] Bundle org.apache.karaf.system:org.apache.karaf.system.core:bundle:4.2.3-SNAPSHOT : Split package, multiple jars provide the same package:org/apache/karaf/util/tracker
Use Import/Export Package directive -split-package:=(merge-first|merge-last|error|first) to get rid of this warning
Package found in   [Jar:org.apache.karaf.util, Jar:org.apache.karaf.shell.core]
Class path         [Jar:., Jar:org.osgi.core, Jar:slf4j-api, Jar:org.apache.karaf.util, Jar:org.apache.karaf.jaas.boot, Jar:org.apache.felix.utils, Jar:org.apache.karaf.shell.core, Jar:jline, Jar:sshd-core]
[INFO] 
[INFO] --- maven-site-plugin:3.7.1:attach-descriptor (attach-descriptor) @ org.apache.karaf.system.core ---
[INFO] Skipping because packaging 'bundle' is not pom.
[INFO] 
[INFO] --- maven-install-plugin:3.0.0-M1:install (default-install) @ org.apache.karaf.system.core ---
[INFO] Installing /home/srafi/after-cam-ready/compare_/compile_repair_output/work/f8c14d8531fc/system/target/org.apache.karaf.system.core-4.2.3-SNAPSHOT.jar to /home/srafi/.m2/repository/org/apache/karaf/system/org.apache.karaf.system.core/4.2.3-SNAPSHOT/org.apache.karaf.system.core-4.2.3-SNAPSHOT.jar
[INFO] Installing /home/srafi/after-cam-ready/compare_/compile_repair_output/work/f8c14d8531fc/system/pom.xml to /home/srafi/.m2/repository/org/apache/karaf/system/org.apache.karaf.system.core/4.2.3-SNAPSHOT/org.apache.karaf.system.core-4.2.3-SNAPSHOT.pom
[INFO] 
[INFO] --- maven-bundle-plugin:4.1.0:install (default-install) @ org.apache.karaf.system.core ---
[INFO] Local OBR update disabled (enable with -DobrRepository)
[INFO] 
[INFO] -----------< org.apache.karaf.web:org.apache.karaf.web.core >-----------
[INFO] Building Apache Karaf :: Web :: Core 4.2.3-SNAPSHOT             [50/220]
[INFO] -------------------------------[ bundle ]-------------------------------
[INFO] 
[INFO] --- maven-clean-plugin:3.1.0:clean (default-clean) @ org.apache.karaf.web.core ---
[INFO] 
[INFO] --- maven-bundle-plugin:4.1.0:cleanVersions (cleanVersions) @ org.apache.karaf.web.core ---
[INFO] 
[INFO] --- maven-remote-resources-plugin:1.5:process (process-resource-bundles) @ org.apache.karaf.web.core ---
[INFO] 
[INFO] --- maven-remote-resources-plugin:1.5:process (default) @ org.apache.karaf.web.core ---
[INFO] 
[INFO] --- maven-resources-plugin:3.1.0:resources (default-resources) @ org.apache.karaf.web.core ---
[INFO] Using 'UTF-8' encoding to copy filtered resources.
[INFO] Copying 1 resource
[INFO] Copying 1 resource
[INFO] Copying 3 resources
[INFO] Copying 3 resources
[INFO] 
[INFO] --- maven-compiler-plugin:3.8.0:compile (default-compile) @ org.apache.karaf.web.core ---
[INFO] Changes detected - recompiling the module!
[INFO] Compiling 11 source files to /home/srafi/after-cam-ready/compare_/compile_repair_output/work/f8c14d8531fc/web/target/classes
[INFO] 
[INFO] --- karaf-services-maven-plugin:4.2.3-SNAPSHOT:service-metadata-generate (service-metadata-generate) @ org.apache.karaf.web.core ---
[INFO] Activator org.apache.karaf.web.internal.osgi.Activator
[INFO] Service org.apache.karaf.web.commands
[INFO] Service org.apache.karaf.web.commands
[INFO] Service org.apache.karaf.web.commands
[INFO] Service org.apache.karaf.web.commands
[INFO] 
[INFO] --- maven-resources-plugin:3.1.0:testResources (default-testResources) @ org.apache.karaf.web.core ---
[INFO] Using 'UTF-8' encoding to copy filtered resources.
[INFO] skip non existing resourceDirectory /home/srafi/after-cam-ready/compare_/compile_repair_output/work/f8c14d8531fc/web/src/test/resources
[INFO] Copying 3 resources
[INFO] Copying 3 resources
[INFO] 
[INFO] --- maven-compiler-plugin:3.8.0:testCompile (default-testCompile) @ org.apache.karaf.web.core ---
[INFO] No sources to compile
[INFO] 
[INFO] --- maven-surefire-plugin:3.0.0-M8-SNAPSHOT:test (default-test) @ org.apache.karaf.web.core ---
[INFO] Tests are skipped.
[INFO] 
[INFO] --- maven-bundle-plugin:4.1.0:bundle (default-bundle) @ org.apache.karaf.web.core ---
[WARNING] Bundle org.apache.karaf.web:org.apache.karaf.web.core:bundle:4.2.3-SNAPSHOT : Split package, multiple jars provide the same package:org/apache/karaf/util/tracker
Use Import/Export Package directive -split-package:=(merge-first|merge-last|error|first) to get rid of this warning
Package found in   [Jar:org.apache.karaf.util, Jar:org.apache.karaf.shell.core]
Class path         [Jar:., Jar:org.osgi.core, Jar:pax-web-spi, Jar:slf4j-api, Jar:org.apache.karaf.util, Jar:org.apache.felix.utils, Jar:org.apache.karaf.jaas.boot, Jar:org.apache.karaf.shell.core, Jar:jline, Jar:sshd-core]
[INFO] 
[INFO] --- maven-site-plugin:3.7.1:attach-descriptor (attach-descriptor) @ org.apache.karaf.web.core ---
[INFO] Skipping because packaging 'bundle' is not pom.
[INFO] 
[INFO] --- maven-install-plugin:3.0.0-M1:install (default-install) @ org.apache.karaf.web.core ---
[INFO] Installing /home/srafi/after-cam-ready/compare_/compile_repair_output/work/f8c14d8531fc/web/target/org.apache.karaf.web.core-4.2.3-SNAPSHOT.jar to /home/srafi/.m2/repository/org/apache/karaf/web/org.apache.karaf.web.core/4.2.3-SNAPSHOT/org.apache.karaf.web.core-4.2.3-SNAPSHOT.jar
[INFO] Installing /home/srafi/after-cam-ready/compare_/compile_repair_output/work/f8c14d8531fc/web/pom.xml to /home/srafi/.m2/repository/org/apache/karaf/web/org.apache.karaf.web.core/4.2.3-SNAPSHOT/org.apache.karaf.web.core-4.2.3-SNAPSHOT.pom
[INFO] 
[INFO] --- maven-bundle-plugin:4.1.0:install (default-install) @ org.apache.karaf.web.core ---
[INFO] Local OBR update disabled (enable with -DobrRepository)
[INFO] 
[INFO] -------< org.apache.karaf.wrapper:org.apache.karaf.wrapper.core >-------
[INFO] Building Apache Karaf :: Wrapper :: Core 4.2.3-SNAPSHOT         [51/220]
[INFO] -------------------------------[ bundle ]-------------------------------
[INFO] 
[INFO] --- maven-clean-plugin:3.1.0:clean (default-clean) @ org.apache.karaf.wrapper.core ---
[INFO] 
[INFO] --- maven-bundle-plugin:4.1.0:cleanVersions (cleanVersions) @ org.apache.karaf.wrapper.core ---
[INFO] 
[INFO] --- maven-remote-resources-plugin:1.5:process (process-resource-bundles) @ org.apache.karaf.wrapper.core ---
[INFO] 
[INFO] --- maven-remote-resources-plugin:1.5:process (default) @ org.apache.karaf.wrapper.core ---
[INFO] 
[INFO] --- maven-resources-plugin:3.1.0:resources (default-resources) @ org.apache.karaf.wrapper.core ---
[INFO] Using 'UTF-8' encoding to copy filtered resources.
[INFO] Copying 38 resources
[INFO] Copying 1 resource
[INFO] Copying 3 resources
[INFO] Copying 3 resources
[INFO] 
[INFO] --- maven-compiler-plugin:3.8.0:compile (default-compile) @ org.apache.karaf.wrapper.core ---
[INFO] Changes detected - recompiling the module!
[INFO] Compiling 7 source files to /home/srafi/after-cam-ready/compare_/compile_repair_output/work/f8c14d8531fc/wrapper/target/classes
[INFO] 
[INFO] --- karaf-services-maven-plugin:4.2.3-SNAPSHOT:service-metadata-generate (service-metadata-generate) @ org.apache.karaf.wrapper.core ---
[INFO] Activator org.apache.karaf.wrapper.internal.osgi.Activator
[INFO] Service org.apache.karaf.wrapper.commands
[INFO] 
[INFO] --- maven-resources-plugin:3.1.0:testResources (default-testResources) @ org.apache.karaf.wrapper.core ---
[INFO] Using 'UTF-8' encoding to copy filtered resources.
[INFO] skip non existing resourceDirectory /home/srafi/after-cam-ready/compare_/compile_repair_output/work/f8c14d8531fc/wrapper/src/test/resources
[INFO] Copying 3 resources
[INFO] Copying 3 resources
[INFO] 
[INFO] --- maven-compiler-plugin:3.8.0:testCompile (default-testCompile) @ org.apache.karaf.wrapper.core ---
[INFO] No sources to compile
[INFO] 
[INFO] --- maven-surefire-plugin:3.0.0-M8-SNAPSHOT:test (default-test) @ org.apache.karaf.wrapper.core ---
[INFO] Tests are skipped.
[INFO] 
[INFO] --- maven-bundle-plugin:4.1.0:bundle (default-bundle) @ org.apache.karaf.wrapper.core ---
[WARNING] Bundle org.apache.karaf.wrapper:org.apache.karaf.wrapper.core:bundle:4.2.3-SNAPSHOT : Split package, multiple jars provide the same package:org/apache/karaf/util/tracker
Use Import/Export Package directive -split-package:=(merge-first|merge-last|error|first) to get rid of this warning
Package found in   [Jar:org.apache.karaf.util, Jar:org.apache.karaf.shell.core]
Class path         [Jar:., Jar:org.osgi.core, Jar:org.apache.karaf.main, Jar:org.apache.karaf.util, Jar:org.apache.felix.utils, Jar:jna, Jar:jna-platform, Jar:org.apache.karaf.shell.core, Jar:jline, Jar:org.apache.karaf.jaas.boot, Jar:sshd-core, Jar:wrapper, Jar:slf4j-api]
[INFO] 
[INFO] --- maven-site-plugin:3.7.1:attach-descriptor (attach-descriptor) @ org.apache.karaf.wrapper.core ---
[INFO] Skipping because packaging 'bundle' is not pom.
[INFO] 
[INFO] --- maven-install-plugin:3.0.0-M1:install (default-install) @ org.apache.karaf.wrapper.core ---
[INFO] Installing /home/srafi/after-cam-ready/compare_/compile_repair_output/work/f8c14d8531fc/wrapper/target/org.apache.karaf.wrapper.core-4.2.3-SNAPSHOT.jar to /home/srafi/.m2/repository/org/apache/karaf/wrapper/org.apache.karaf.wrapper.core/4.2.3-SNAPSHOT/org.apache.karaf.wrapper.core-4.2.3-SNAPSHOT.jar
[INFO] Installing /home/srafi/after-cam-ready/compare_/compile_repair_output/work/f8c14d8531fc/wrapper/pom.xml to /home/srafi/.m2/repository/org/apache/karaf/wrapper/org.apache.karaf.wrapper.core/4.2.3-SNAPSHOT/org.apache.karaf.wrapper.core-4.2.3-SNAPSHOT.pom
[INFO] 
[INFO] --- maven-bundle-plugin:4.1.0:install (default-install) @ org.apache.karaf.wrapper.core ---
[INFO] Local OBR update disabled (enable with -DobrRepository)
[INFO] 
[INFO] ---------------< org.apache.karaf.webconsole:webconsole >---------------
[INFO] Building Apache Karaf :: Web Console 4.2.3-SNAPSHOT             [52/220]
[INFO] --------------------------------[ pom ]---------------------------------
[INFO] 
[INFO] --- maven-clean-plugin:3.1.0:clean (default-clean) @ webconsole ---
[INFO] 
[INFO] --- maven-bundle-plugin:4.1.0:cleanVersions (cleanVersions) @ webconsole ---
[INFO] 
[INFO] --- maven-remote-resources-plugin:1.5:process (process-resource-bundles) @ webconsole ---
[INFO] 
[INFO] --- maven-remote-resources-plugin:1.5:process (default) @ webconsole ---
[INFO] 
[INFO] --- maven-site-plugin:3.7.1:attach-descriptor (attach-descriptor) @ webconsole ---
[INFO] No site descriptor found: nothing to attach.
[INFO] 
[INFO] --- maven-install-plugin:3.0.0-M1:install (default-install) @ webconsole ---
[INFO] Installing /home/srafi/after-cam-ready/compare_/compile_repair_output/work/f8c14d8531fc/webconsole/pom.xml to /home/srafi/.m2/repository/org/apache/karaf/webconsole/webconsole/4.2.3-SNAPSHOT/webconsole-4.2.3-SNAPSHOT.pom
[INFO] 
[INFO] --< org.apache.karaf.webconsole:org.apache.karaf.webconsole.console >---
[INFO] Building Apache Karaf :: Web Console :: Console 4.2.3-SNAPSHOT  [53/220]
[INFO] -------------------------------[ bundle ]-------------------------------
[INFO] 
[INFO] --- maven-clean-plugin:3.1.0:clean (default-clean) @ org.apache.karaf.webconsole.console ---
[INFO] 
[INFO] --- maven-bundle-plugin:4.1.0:cleanVersions (cleanVersions) @ org.apache.karaf.webconsole.console ---
[INFO] 
[INFO] --- maven-remote-resources-plugin:1.5:process (process-resource-bundles) @ org.apache.karaf.webconsole.console ---
[INFO] 
[INFO] --- maven-remote-resources-plugin:1.5:process (default) @ org.apache.karaf.webconsole.console ---
[INFO] 
[INFO] --- maven-resources-plugin:3.1.0:resources (default-resources) @ org.apache.karaf.webconsole.console ---
[INFO] Using 'UTF-8' encoding to copy filtered resources.
[INFO] Copying 6 resources
[INFO] Copying 1 resource
[INFO] Copying 3 resources
[INFO] Copying 3 resources
[INFO] 
[INFO] --- maven-compiler-plugin:3.8.0:compile (default-compile) @ org.apache.karaf.webconsole.console ---
[INFO] Changes detected - recompiling the module!
[INFO] Compiling 3 source files to /home/srafi/after-cam-ready/compare_/compile_repair_output/work/f8c14d8531fc/webconsole/console/target/classes
[INFO] 
[INFO] --- maven-resources-plugin:3.1.0:testResources (default-testResources) @ org.apache.karaf.webconsole.console ---
[INFO] Using 'UTF-8' encoding to copy filtered resources.
[INFO] skip non existing resourceDirectory /home/srafi/after-cam-ready/compare_/compile_repair_output/work/f8c14d8531fc/webconsole/console/src/test/resources
[INFO] Copying 3 resources
[INFO] Copying 3 resources
[INFO] 
[INFO] --- maven-compiler-plugin:3.8.0:testCompile (default-testCompile) @ org.apache.karaf.webconsole.console ---
[INFO] No sources to compile
[INFO] 
[INFO] --- maven-surefire-plugin:3.0.0-M8-SNAPSHOT:test (default-test) @ org.apache.karaf.webconsole.console ---
[INFO] Tests are skipped.
[INFO] 
[INFO] --- maven-bundle-plugin:4.1.0:bundle (default-bundle) @ org.apache.karaf.webconsole.console ---
[WARNING] Bundle org.apache.karaf.webconsole:org.apache.karaf.webconsole.console:bundle:4.2.3-SNAPSHOT : Version for package org.apache.felix.webconsole is set to different values in the source (3.1.2) and in the manifest (3.3.0). The version in the manifest is not picked up by an other sibling bundles in this project or projects that directly depend on this project
[INFO] 
[INFO] --- maven-site-plugin:3.7.1:attach-descriptor (attach-descriptor) @ org.apache.karaf.webconsole.console ---
[INFO] Skipping because packaging 'bundle' is not pom.
[INFO] 
[INFO] --- maven-install-plugin:3.0.0-M1:install (default-install) @ org.apache.karaf.webconsole.console ---
[INFO] Installing /home/srafi/after-cam-ready/compare_/compile_repair_output/work/f8c14d8531fc/webconsole/console/target/org.apache.karaf.webconsole.console-4.2.3-SNAPSHOT.jar to /home/srafi/.m2/repository/org/apache/karaf/webconsole/org.apache.karaf.webconsole.console/4.2.3-SNAPSHOT/org.apache.karaf.webconsole.console-4.2.3-SNAPSHOT.jar
[INFO] Installing /home/srafi/after-cam-ready/compare_/compile_repair_output/work/f8c14d8531fc/webconsole/console/pom.xml to /home/srafi/.m2/repository/org/apache/karaf/webconsole/org.apache.karaf.webconsole.console/4.2.3-SNAPSHOT/org.apache.karaf.webconsole.console-4.2.3-SNAPSHOT.pom
[INFO] 
[INFO] --- maven-bundle-plugin:4.1.0:install (default-install) @ org.apache.karaf.webconsole.console ---
[INFO] Local OBR update disabled (enable with -DobrRepository)
[INFO] 
[INFO] --< org.apache.karaf.webconsole:org.apache.karaf.webconsole.features >--
[INFO] Building Apache Karaf :: Web Console :: Features Plugin 4.2.3-SNAPSHOT [54/220]
[INFO] -------------------------------[ bundle ]-------------------------------
[INFO] 
[INFO] --- maven-clean-plugin:3.1.0:clean (default-clean) @ org.apache.karaf.webconsole.features ---
[INFO] 
[INFO] --- maven-bundle-plugin:4.1.0:cleanVersions (cleanVersions) @ org.apache.karaf.webconsole.features ---
[INFO] 
[INFO] --- maven-remote-resources-plugin:1.5:process (process-resource-bundles) @ org.apache.karaf.webconsole.features ---
[INFO] 
[INFO] --- maven-remote-resources-plugin:1.5:process (default) @ org.apache.karaf.webconsole.features ---
[INFO] 
[INFO] --- maven-resources-plugin:3.1.0:resources (default-resources) @ org.apache.karaf.webconsole.features ---
[INFO] Using 'UTF-8' encoding to copy filtered resources.
[INFO] Copying 2 resources
[INFO] Copying 1 resource
[INFO] Copying 3 resources
[INFO] Copying 3 resources
[INFO] 
[INFO] --- maven-compiler-plugin:3.8.0:compile (default-compile) @ org.apache.karaf.webconsole.features ---
[INFO] Changes detected - recompiling the module!
[INFO] Compiling 3 source files to /home/srafi/after-cam-ready/compare_/compile_repair_output/work/f8c14d8531fc/webconsole/features/target/classes
[INFO] 
[INFO] --- karaf-services-maven-plugin:4.2.3-SNAPSHOT:service-metadata-generate (service-metadata-generate) @ org.apache.karaf.webconsole.features ---
[INFO] Ignoring jar:file:/home/srafi/after-cam-ready/compare_/compile_repair_output/work/f8c14d8531fc/features/core/target/org.apache.karaf.features.core-4.2.3-SNAPSHOT.jar!/org/apache/karaf/features/internal/osgi/Activator.class
[INFO] Activator org.apache.karaf.webconsole.features.Activator
[INFO] 
[INFO] --- maven-resources-plugin:3.1.0:testResources (default-testResources) @ org.apache.karaf.webconsole.features ---
[INFO] Using 'UTF-8' encoding to copy filtered resources.
[INFO] skip non existing resourceDirectory /home/srafi/after-cam-ready/compare_/compile_repair_output/work/f8c14d8531fc/webconsole/features/src/test/resources
[INFO] Copying 3 resources
[INFO] Copying 3 resources
[INFO] 
[INFO] --- maven-compiler-plugin:3.8.0:testCompile (default-testCompile) @ org.apache.karaf.webconsole.features ---
[INFO] No sources to compile
[INFO] 
[INFO] --- maven-surefire-plugin:3.0.0-M8-SNAPSHOT:test (default-test) @ org.apache.karaf.webconsole.features ---
[INFO] Tests are skipped.
[INFO] 
[INFO] --- maven-bundle-plugin:4.1.0:bundle (default-bundle) @ org.apache.karaf.webconsole.features ---
[WARNING] Bundle org.apache.karaf.webconsole:org.apache.karaf.webconsole.features:bundle:4.2.3-SNAPSHOT : Split package, multiple jars provide the same package:org/apache/felix/utils/json
Use Import/Export Package directive -split-package:=(merge-first|merge-last|error|first) to get rid of this warning
Package found in   [Jar:org.apache.felix.webconsole, Jar:org.apache.felix.utils, Jar:org.apache.karaf.features.core]
Class path         [Jar:., Jar:org.osgi.core, Jar:org.osgi.compendium, Jar:slf4j-api, Jar:org.apache.felix.webconsole, Jar:org.apache.felix.utils, Jar:org.apache.karaf.util, Jar:org.apache.karaf.jaas.boot, Jar:javax.servlet-api, Jar:org.apache.karaf.features.core, Jar:pax-url-aether, Jar:jcl-over-slf4j, Jar:ops4j-base-util-property, Jar:ops4j-base-util-collections, Jar:ops4j-base-lang, Jar:pax-swissbox-property]
[WARNING] Bundle org.apache.karaf.webconsole:org.apache.karaf.webconsole.features:bundle:4.2.3-SNAPSHOT : Split package, multiple jars provide the same package:org/apache/karaf/util/tracker
Use Import/Export Package directive -split-package:=(merge-first|merge-last|error|first) to get rid of this warning
Package found in   [Jar:org.apache.karaf.util, Jar:org.apache.karaf.features.core]
Class path         [Jar:., Jar:org.osgi.core, Jar:org.osgi.compendium, Jar:slf4j-api, Jar:org.apache.felix.webconsole, Jar:org.apache.felix.utils, Jar:org.apache.karaf.util, Jar:org.apache.karaf.jaas.boot, Jar:javax.servlet-api, Jar:org.apache.karaf.features.core, Jar:pax-url-aether, Jar:jcl-over-slf4j, Jar:ops4j-base-util-property, Jar:ops4j-base-util-collections, Jar:ops4j-base-lang, Jar:pax-swissbox-property]
[WARNING] Bundle org.apache.karaf.webconsole:org.apache.karaf.webconsole.features:bundle:4.2.3-SNAPSHOT : Export org.apache.karaf.webconsole.features,  has 1,  private references [org.apache.karaf.util.tracker]
[INFO] 
[INFO] --- maven-site-plugin:3.7.1:attach-descriptor (attach-descriptor) @ org.apache.karaf.webconsole.features ---
[INFO] Skipping because packaging 'bundle' is not pom.
[INFO] 
[INFO] --- maven-install-plugin:3.0.0-M1:install (default-install) @ org.apache.karaf.webconsole.features ---
[INFO] Installing /home/srafi/after-cam-ready/compare_/compile_repair_output/work/f8c14d8531fc/webconsole/features/target/org.apache.karaf.webconsole.features-4.2.3-SNAPSHOT.jar to /home/srafi/.m2/repository/org/apache/karaf/webconsole/org.apache.karaf.webconsole.features/4.2.3-SNAPSHOT/org.apache.karaf.webconsole.features-4.2.3-SNAPSHOT.jar
[INFO] Installing /home/srafi/after-cam-ready/compare_/compile_repair_output/work/f8c14d8531fc/webconsole/features/pom.xml to /home/srafi/.m2/repository/org/apache/karaf/webconsole/org.apache.karaf.webconsole.features/4.2.3-SNAPSHOT/org.apache.karaf.webconsole.features-4.2.3-SNAPSHOT.pom
[INFO] 
[INFO] --- maven-bundle-plugin:4.1.0:install (default-install) @ org.apache.karaf.webconsole.features ---
[INFO] Local OBR update disabled (enable with -DobrRepository)
[INFO] 
[INFO] ----< org.apache.karaf.webconsole:org.apache.karaf.webconsole.gogo >----
[INFO] Building Apache Karaf :: Web Console :: Gogo Plugin 4.2.3-SNAPSHOT [55/220]
[INFO] -------------------------------[ bundle ]-------------------------------
[INFO] 
[INFO] --- maven-clean-plugin:3.1.0:clean (default-clean) @ org.apache.karaf.webconsole.gogo ---
[INFO] 
[INFO] --- maven-bundle-plugin:4.1.0:cleanVersions (cleanVersions) @ org.apache.karaf.webconsole.gogo ---
[INFO] 
[INFO] --- maven-remote-resources-plugin:1.5:process (process-resource-bundles) @ org.apache.karaf.webconsole.gogo ---
[INFO] 
[INFO] --- maven-remote-resources-plugin:1.5:process (default) @ org.apache.karaf.webconsole.gogo ---
[INFO] 
[INFO] --- maven-resources-plugin:3.1.0:resources (default-resources) @ org.apache.karaf.webconsole.gogo ---
[INFO] Using 'UTF-8' encoding to copy filtered resources.
[INFO] Copying 3 resources
[INFO] Copying 1 resource
[INFO] Copying 3 resources
[INFO] Copying 3 resources
[INFO] 
[INFO] --- maven-compiler-plugin:3.8.0:compile (default-compile) @ org.apache.karaf.webconsole.gogo ---
[INFO] Changes detected - recompiling the module!
[INFO] Compiling 4 source files to /home/srafi/after-cam-ready/compare_/compile_repair_output/work/f8c14d8531fc/webconsole/gogo/target/classes
[INFO] 
[INFO] --- karaf-services-maven-plugin:4.2.3-SNAPSHOT:service-metadata-generate (service-metadata-generate) @ org.apache.karaf.webconsole.gogo ---
[INFO] Ignoring jar:file:/home/srafi/after-cam-ready/compare_/compile_repair_output/work/f8c14d8531fc/jaas/modules/target/org.apache.karaf.jaas.modules-4.2.3-SNAPSHOT.jar!/org/apache/karaf/jaas/modules/impl/Activator.class
[INFO] Activator org.apache.karaf.webconsole.gogo.Activator
[INFO] 
[INFO] --- maven-resources-plugin:3.1.0:testResources (default-testResources) @ org.apache.karaf.webconsole.gogo ---
[INFO] Using 'UTF-8' encoding to copy filtered resources.
[INFO] skip non existing resourceDirectory /home/srafi/after-cam-ready/compare_/compile_repair_output/work/f8c14d8531fc/webconsole/gogo/src/test/resources
[INFO] Copying 3 resources
[INFO] Copying 3 resources
[INFO] 
[INFO] --- maven-compiler-plugin:3.8.0:testCompile (default-testCompile) @ org.apache.karaf.webconsole.gogo ---
[INFO] No sources to compile
[INFO] 
[INFO] --- maven-surefire-plugin:3.0.0-M8-SNAPSHOT:test (default-test) @ org.apache.karaf.webconsole.gogo ---
[INFO] Tests are skipped.
[INFO] 
[INFO] --- maven-bundle-plugin:4.1.0:bundle (default-bundle) @ org.apache.karaf.webconsole.gogo ---
[WARNING] Bundle org.apache.karaf.webconsole:org.apache.karaf.webconsole.gogo:bundle:4.2.3-SNAPSHOT : Split package, multiple jars provide the same package:org/apache/felix/utils/json
Use Import/Export Package directive -split-package:=(merge-first|merge-last|error|first) to get rid of this warning
Package found in   [Jar:org.apache.felix.webconsole, Jar:org.apache.felix.utils, Jar:org.apache.karaf.jaas.modules]
Class path         [Jar:., Jar:org.osgi.core, Jar:org.osgi.compendium, Jar:org.apache.felix.gogo.runtime, Jar:slf4j-api, Jar:org.apache.felix.webconsole, Jar:org.apache.felix.utils, Jar:javax.servlet-api, Jar:org.apache.karaf.jaas.boot, Jar:org.apache.karaf.jaas.modules, Jar:org.apache.karaf.jaas.config, Jar:org.apache.karaf.shell.console, Jar:jansi, Jar:org.apache.karaf.shell.core, Jar:sshd-core, Jar:jline, Jar:org.apache.karaf.util]
[WARNING] Bundle org.apache.karaf.webconsole:org.apache.karaf.webconsole.gogo:bundle:4.2.3-SNAPSHOT : Split package, multiple jars provide the same package:org/apache/karaf/util/tracker
Use Import/Export Package directive -split-package:=(merge-first|merge-last|error|first) to get rid of this warning
Package found in   [Jar:org.apache.karaf.jaas.modules, Jar:org.apache.karaf.shell.core, Jar:org.apache.karaf.util]
Class path         [Jar:., Jar:org.osgi.core, Jar:org.osgi.compendium, Jar:org.apache.felix.gogo.runtime, Jar:slf4j-api, Jar:org.apache.felix.webconsole, Jar:org.apache.felix.utils, Jar:javax.servlet-api, Jar:org.apache.karaf.jaas.boot, Jar:org.apache.karaf.jaas.modules, Jar:org.apache.karaf.jaas.config, Jar:org.apache.karaf.shell.console, Jar:jansi, Jar:org.apache.karaf.shell.core, Jar:sshd-core, Jar:jline, Jar:org.apache.karaf.util]
[WARNING] Bundle org.apache.karaf.webconsole:org.apache.karaf.webconsole.gogo:bundle:4.2.3-SNAPSHOT : Export org.apache.karaf.webconsole.gogo,  has 1,  private references [org.apache.karaf.util.tracker]
[INFO] 
[INFO] --- maven-site-plugin:3.7.1:attach-descriptor (attach-descriptor) @ org.apache.karaf.webconsole.gogo ---
[INFO] Skipping because packaging 'bundle' is not pom.
[INFO] 
[INFO] --- maven-install-plugin:3.0.0-M1:install (default-install) @ org.apache.karaf.webconsole.gogo ---
[INFO] Installing /home/srafi/after-cam-ready/compare_/compile_repair_output/work/f8c14d8531fc/webconsole/gogo/target/org.apache.karaf.webconsole.gogo-4.2.3-SNAPSHOT.jar to /home/srafi/.m2/repository/org/apache/karaf/webconsole/org.apache.karaf.webconsole.gogo/4.2.3-SNAPSHOT/org.apache.karaf.webconsole.gogo-4.2.3-SNAPSHOT.jar
[INFO] Installing /home/srafi/after-cam-ready/compare_/compile_repair_output/work/f8c14d8531fc/webconsole/gogo/pom.xml to /home/srafi/.m2/repository/org/apache/karaf/webconsole/org.apache.karaf.webconsole.gogo/4.2.3-SNAPSHOT/org.apache.karaf.webconsole.gogo-4.2.3-SNAPSHOT.pom
[INFO] 
[INFO] --- maven-bundle-plugin:4.1.0:install (default-install) @ org.apache.karaf.webconsole.gogo ---
[INFO] Local OBR update disabled (enable with -DobrRepository)
[INFO] 
[INFO] ----< org.apache.karaf.webconsole:org.apache.karaf.webconsole.http >----
[INFO] Building Apache Karaf :: Web Console :: HTTP Plugin 4.2.3-SNAPSHOT [56/220]
[INFO] -------------------------------[ bundle ]-------------------------------
[INFO] 
[INFO] --- maven-clean-plugin:3.1.0:clean (default-clean) @ org.apache.karaf.webconsole.http ---
[INFO] 
[INFO] --- maven-bundle-plugin:4.1.0:cleanVersions (cleanVersions) @ org.apache.karaf.webconsole.http ---
[INFO] 
[INFO] --- maven-remote-resources-plugin:1.5:process (process-resource-bundles) @ org.apache.karaf.webconsole.http ---
[INFO] 
[INFO] --- maven-remote-resources-plugin:1.5:process (default) @ org.apache.karaf.webconsole.http ---
[INFO] 
[INFO] --- maven-resources-plugin:3.1.0:resources (default-resources) @ org.apache.karaf.webconsole.http ---
[INFO] Using 'UTF-8' encoding to copy filtered resources.
[INFO] Copying 2 resources
[INFO] Copying 1 resource
[INFO] Copying 3 resources
[INFO] Copying 3 resources
[INFO] 
[INFO] --- maven-compiler-plugin:3.8.0:compile (default-compile) @ org.apache.karaf.webconsole.http ---
[INFO] Changes detected - recompiling the module!
[INFO] Compiling 6 source files to /home/srafi/after-cam-ready/compare_/compile_repair_output/work/f8c14d8531fc/webconsole/http/target/classes
[INFO] 
[INFO] --- karaf-services-maven-plugin:4.2.3-SNAPSHOT:service-metadata-generate (service-metadata-generate) @ org.apache.karaf.webconsole.http ---
[INFO] Ignoring jar:file:/home/srafi/after-cam-ready/compare_/compile_repair_output/work/f8c14d8531fc/features/core/target/org.apache.karaf.features.core-4.2.3-SNAPSHOT.jar!/org/apache/karaf/features/internal/osgi/Activator.class
[INFO] Ignoring jar:file:/home/srafi/after-cam-ready/compare_/compile_repair_output/work/f8c14d8531fc/http/target/org.apache.karaf.http.core-4.2.3-SNAPSHOT.jar!/org/apache/karaf/http/core/internal/osgi/Activator.class
[INFO] Activator org.apache.karaf.webconsole.http.Activator
[INFO] Service org.apache.karaf.http.command.completers
[INFO] Service org.apache.karaf.http.command
[INFO] Service org.apache.karaf.http.command
[INFO] Service org.apache.karaf.http.command
[INFO] Service org.apache.karaf.http.command
[INFO] 
[INFO] --- maven-resources-plugin:3.1.0:testResources (default-testResources) @ org.apache.karaf.webconsole.http ---
[INFO] Using 'UTF-8' encoding to copy filtered resources.
[INFO] skip non existing resourceDirectory /home/srafi/after-cam-ready/compare_/compile_repair_output/work/f8c14d8531fc/webconsole/http/src/test/resources
[INFO] Copying 3 resources
[INFO] Copying 3 resources
[INFO] 
[INFO] --- maven-compiler-plugin:3.8.0:testCompile (default-testCompile) @ org.apache.karaf.webconsole.http ---
[INFO] No sources to compile
[INFO] 
[INFO] --- maven-surefire-plugin:3.0.0-M8-SNAPSHOT:test (default-test) @ org.apache.karaf.webconsole.http ---
[INFO] Tests are skipped.
[INFO] 
[INFO] --- maven-bundle-plugin:4.1.0:bundle (default-bundle) @ org.apache.karaf.webconsole.http ---
[WARNING] Bundle org.apache.karaf.webconsole:org.apache.karaf.webconsole.http:bundle:4.2.3-SNAPSHOT : Split package, multiple jars provide the same package:org/apache/felix/utils/json
Use Import/Export Package directive -split-package:=(merge-first|merge-last|error|first) to get rid of this warning
Package found in   [Jar:org.apache.felix.webconsole, Jar:org.apache.felix.utils, Jar:org.apache.karaf.features.core]
Class path         [Jar:., Jar:org.osgi.core, Jar:org.osgi.compendium, Jar:slf4j-api, Jar:org.apache.felix.webconsole, Jar:org.apache.felix.utils, Jar:javax.servlet-api, Jar:pax-web-spi, Jar:org.apache.karaf.http.core, Jar:httpclient, Jar:httpcore, Jar:commons-logging, Jar:commons-codec, Jar:org.apache.karaf.features.core, Jar:pax-url-aether, Jar:jcl-over-slf4j, Jar:ops4j-base-util-property, Jar:ops4j-base-util-collections, Jar:ops4j-base-lang, Jar:pax-swissbox-property, Jar:org.apache.karaf.util, Jar:org.apache.karaf.jaas.boot]
[WARNING] Bundle org.apache.karaf.webconsole:org.apache.karaf.webconsole.http:bundle:4.2.3-SNAPSHOT : Split package, multiple jars provide the same package:org/apache/karaf/util/tracker
Use Import/Export Package directive -split-package:=(merge-first|merge-last|error|first) to get rid of this warning
Package found in   [Jar:org.apache.karaf.http.core, Jar:org.apache.karaf.features.core, Jar:org.apache.karaf.util]
Class path         [Jar:., Jar:org.osgi.core, Jar:org.osgi.compendium, Jar:slf4j-api, Jar:org.apache.felix.webconsole, Jar:org.apache.felix.utils, Jar:javax.servlet-api, Jar:pax-web-spi, Jar:org.apache.karaf.http.core, Jar:httpclient, Jar:httpcore, Jar:commons-logging, Jar:commons-codec, Jar:org.apache.karaf.features.core, Jar:pax-url-aether, Jar:jcl-over-slf4j, Jar:ops4j-base-util-property, Jar:ops4j-base-util-collections, Jar:ops4j-base-lang, Jar:pax-swissbox-property, Jar:org.apache.karaf.util, Jar:org.apache.karaf.jaas.boot]
[WARNING] Bundle org.apache.karaf.webconsole:org.apache.karaf.webconsole.http:bundle:4.2.3-SNAPSHOT : Export org.apache.karaf.webconsole.http,  has 1,  private references [org.apache.karaf.util.tracker]
[INFO] 
[INFO] --- maven-site-plugin:3.7.1:attach-descriptor (attach-descriptor) @ org.apache.karaf.webconsole.http ---
[INFO] Skipping because packaging 'bundle' is not pom.
[INFO] 
[INFO] --- maven-install-plugin:3.0.0-M1:install (default-install) @ org.apache.karaf.webconsole.http ---
[INFO] Installing /home/srafi/after-cam-ready/compare_/compile_repair_output/work/f8c14d8531fc/webconsole/http/target/org.apache.karaf.webconsole.http-4.2.3-SNAPSHOT.jar to /home/srafi/.m2/repository/org/apache/karaf/webconsole/org.apache.karaf.webconsole.http/4.2.3-SNAPSHOT/org.apache.karaf.webconsole.http-4.2.3-SNAPSHOT.jar
[INFO] Installing /home/srafi/after-cam-ready/compare_/compile_repair_output/work/f8c14d8531fc/webconsole/http/pom.xml to /home/srafi/.m2/repository/org/apache/karaf/webconsole/org.apache.karaf.webconsole.http/4.2.3-SNAPSHOT/org.apache.karaf.webconsole.http-4.2.3-SNAPSHOT.pom
[INFO] 
[INFO] --- maven-bundle-plugin:4.1.0:install (default-install) @ org.apache.karaf.webconsole.http ---
[INFO] Local OBR update disabled (enable with -DobrRepository)
[INFO] 
[INFO] --< org.apache.karaf.webconsole:org.apache.karaf.webconsole.instance >--
[INFO] Building Apache Karaf :: Web Console :: Instance Plugin 4.2.3-SNAPSHOT [57/220]
[INFO] -------------------------------[ bundle ]-------------------------------
[INFO] 
[INFO] --- maven-clean-plugin:3.1.0:clean (default-clean) @ org.apache.karaf.webconsole.instance ---
[INFO] 
[INFO] --- maven-bundle-plugin:4.1.0:cleanVersions (cleanVersions) @ org.apache.karaf.webconsole.instance ---
[INFO] 
[INFO] --- maven-remote-resources-plugin:1.5:process (process-resource-bundles) @ org.apache.karaf.webconsole.instance ---
[INFO] 
[INFO] --- maven-remote-resources-plugin:1.5:process (default) @ org.apache.karaf.webconsole.instance ---
[INFO] 
[INFO] --- maven-resources-plugin:3.1.0:resources (default-resources) @ org.apache.karaf.webconsole.instance ---
[INFO] Using 'UTF-8' encoding to copy filtered resources.
[INFO] Copying 2 resources
[INFO] Copying 1 resource
[INFO] Copying 3 resources
[INFO] Copying 3 resources
[INFO] 
[INFO] --- maven-compiler-plugin:3.8.0:compile (default-compile) @ org.apache.karaf.webconsole.instance ---
[INFO] Changes detected - recompiling the module!
[INFO] Compiling 2 source files to /home/srafi/after-cam-ready/compare_/compile_repair_output/work/f8c14d8531fc/webconsole/instance/target/classes
[INFO] 
[INFO] --- karaf-services-maven-plugin:4.2.3-SNAPSHOT:service-metadata-generate (service-metadata-generate) @ org.apache.karaf.webconsole.instance ---
[INFO] Ignoring jar:file:/home/srafi/after-cam-ready/compare_/compile_repair_output/work/f8c14d8531fc/instance/target/org.apache.karaf.instance.core-4.2.3-SNAPSHOT.jar!/org/apache/karaf/instance/core/internal/osgi/Activator.class
[INFO] Activator org.apache.karaf.webconsole.instance.Activator
[INFO] Service org.apache.karaf.instance.command.completers
[INFO] Service org.apache.karaf.instance.command.completers
[INFO] Service org.apache.karaf.instance.command.completers
[INFO] Service org.apache.karaf.instance.command
[INFO] Service org.apache.karaf.instance.command
[INFO] Service org.apache.karaf.instance.command
[INFO] Service org.apache.karaf.instance.command
[INFO] Service org.apache.karaf.instance.command
[INFO] Service org.apache.karaf.instance.command
[INFO] Service org.apache.karaf.instance.command
[INFO] Service org.apache.karaf.instance.command
[INFO] Service org.apache.karaf.instance.command
[INFO] Service org.apache.karaf.instance.command
[INFO] Service org.apache.karaf.instance.command
[INFO] Service org.apache.karaf.instance.command
[INFO] Service org.apache.karaf.instance.command
[INFO] Service org.apache.karaf.instance.command
[INFO] Service org.apache.karaf.instance.command
[INFO] 
[INFO] --- maven-resources-plugin:3.1.0:testResources (default-testResources) @ org.apache.karaf.webconsole.instance ---
[INFO] Using 'UTF-8' encoding to copy filtered resources.
[INFO] skip non existing resourceDirectory /home/srafi/after-cam-ready/compare_/compile_repair_output/work/f8c14d8531fc/webconsole/instance/src/test/resources
[INFO] Copying 3 resources
[INFO] Copying 3 resources
[INFO] 
[INFO] --- maven-compiler-plugin:3.8.0:testCompile (default-testCompile) @ org.apache.karaf.webconsole.instance ---
[INFO] Changes detected - recompiling the module!
[INFO] Compiling 1 source file to /home/srafi/after-cam-ready/compare_/compile_repair_output/work/f8c14d8531fc/webconsole/instance/target/test-classes
[INFO] 
[INFO] --- maven-surefire-plugin:3.0.0-M8-SNAPSHOT:test (default-test) @ org.apache.karaf.webconsole.instance ---
[INFO] Tests are skipped.
[INFO] 
[INFO] --- maven-bundle-plugin:4.1.0:bundle (default-bundle) @ org.apache.karaf.webconsole.instance ---
[WARNING] Bundle org.apache.karaf.webconsole:org.apache.karaf.webconsole.instance:bundle:4.2.3-SNAPSHOT : Split package, multiple jars provide the same package:org/apache/felix/utils/json
Use Import/Export Package directive -split-package:=(merge-first|merge-last|error|first) to get rid of this warning
Package found in   [Jar:org.apache.felix.webconsole, Jar:org.apache.felix.utils]
Class path         [Jar:., Jar:slf4j-api, Jar:slf4j-simple, Jar:org.osgi.core, Jar:org.osgi.compendium, Jar:org.apache.felix.webconsole, Jar:org.apache.felix.utils, Jar:javax.servlet-api, Jar:org.apache.karaf.instance.core, Jar:org.apache.karaf.util, Jar:org.apache.karaf.jaas.boot]
[WARNING] Bundle org.apache.karaf.webconsole:org.apache.karaf.webconsole.instance:bundle:4.2.3-SNAPSHOT : Split package, multiple jars provide the same package:org/apache/karaf/util/tracker
Use Import/Export Package directive -split-package:=(merge-first|merge-last|error|first) to get rid of this warning
Package found in   [Jar:org.apache.karaf.instance.core, Jar:org.apache.karaf.util]
Class path         [Jar:., Jar:slf4j-api, Jar:slf4j-simple, Jar:org.osgi.core, Jar:org.osgi.compendium, Jar:org.apache.felix.webconsole, Jar:org.apache.felix.utils, Jar:javax.servlet-api, Jar:org.apache.karaf.instance.core, Jar:org.apache.karaf.util, Jar:org.apache.karaf.jaas.boot]
[WARNING] Bundle org.apache.karaf.webconsole:org.apache.karaf.webconsole.instance:bundle:4.2.3-SNAPSHOT : Export org.apache.karaf.webconsole.instance,  has 1,  private references [org.apache.karaf.util.tracker]
[INFO] 
[INFO] --- maven-site-plugin:3.7.1:attach-descriptor (attach-descriptor) @ org.apache.karaf.webconsole.instance ---
[INFO] Skipping because packaging 'bundle' is not pom.
[INFO] 
[INFO] --- maven-install-plugin:3.0.0-M1:install (default-install) @ org.apache.karaf.webconsole.instance ---
[INFO] Installing /home/srafi/after-cam-ready/compare_/compile_repair_output/work/f8c14d8531fc/webconsole/instance/target/org.apache.karaf.webconsole.instance-4.2.3-SNAPSHOT.jar to /home/srafi/.m2/repository/org/apache/karaf/webconsole/org.apache.karaf.webconsole.instance/4.2.3-SNAPSHOT/org.apache.karaf.webconsole.instance-4.2.3-SNAPSHOT.jar
[INFO] Installing /home/srafi/after-cam-ready/compare_/compile_repair_output/work/f8c14d8531fc/webconsole/instance/pom.xml to /home/srafi/.m2/repository/org/apache/karaf/webconsole/org.apache.karaf.webconsole.instance/4.2.3-SNAPSHOT/org.apache.karaf.webconsole.instance-4.2.3-SNAPSHOT.pom
[INFO] 
[INFO] --- maven-bundle-plugin:4.1.0:install (default-install) @ org.apache.karaf.webconsole.instance ---
[INFO] Local OBR update disabled (enable with -DobrRepository)
[INFO] 
[INFO] -----< org.apache.karaf.scheduler:org.apache.karaf.scheduler.core >-----
[INFO] Building Apache Karaf :: Scheduler :: Core 4.2.3-SNAPSHOT       [58/220]
[INFO] -------------------------------[ bundle ]-------------------------------
[INFO] 
[INFO] --- maven-clean-plugin:3.1.0:clean (default-clean) @ org.apache.karaf.scheduler.core ---
[INFO] 
[INFO] --- maven-bundle-plugin:4.1.0:cleanVersions (cleanVersions) @ org.apache.karaf.scheduler.core ---
[INFO] 
[INFO] --- maven-remote-resources-plugin:1.5:process (process-resource-bundles) @ org.apache.karaf.scheduler.core ---
[INFO] 
[INFO] --- maven-remote-resources-plugin:1.5:process (default) @ org.apache.karaf.scheduler.core ---
[INFO] 
[INFO] --- maven-resources-plugin:3.1.0:resources (default-resources) @ org.apache.karaf.scheduler.core ---
[INFO] Using 'UTF-8' encoding to copy filtered resources.
[INFO] Copying 1 resource
[INFO] Copying 1 resource
[INFO] Copying 3 resources
[INFO] Copying 3 resources
[INFO] 
[INFO] --- maven-compiler-plugin:3.8.0:compile (default-compile) @ org.apache.karaf.scheduler.core ---
[INFO] Changes detected - recompiling the module!
[INFO] Compiling 21 source files to /home/srafi/after-cam-ready/compare_/compile_repair_output/work/f8c14d8531fc/scheduler/target/classes
[INFO] /home/srafi/after-cam-ready/compare_/compile_repair_output/work/f8c14d8531fc/scheduler/src/main/java/org/apache/karaf/scheduler/core/WhiteboardHandler.java: /home/srafi/after-cam-ready/compare_/compile_repair_output/work/f8c14d8531fc/scheduler/src/main/java/org/apache/karaf/scheduler/core/WhiteboardHandler.java uses unchecked or unsafe operations.
[INFO] /home/srafi/after-cam-ready/compare_/compile_repair_output/work/f8c14d8531fc/scheduler/src/main/java/org/apache/karaf/scheduler/core/WhiteboardHandler.java: Recompile with -Xlint:unchecked for details.
[INFO] 
[INFO] --- karaf-services-maven-plugin:4.2.3-SNAPSHOT:service-metadata-generate (service-metadata-generate) @ org.apache.karaf.scheduler.core ---
[INFO] Activator org.apache.karaf.scheduler.core.Activator
[INFO] Service org.apache.karaf.scheduler.command
[INFO] Service org.apache.karaf.scheduler.command
[INFO] Service org.apache.karaf.scheduler.command
[INFO] Service org.apache.karaf.scheduler.command
[INFO] Service org.apache.karaf.scheduler.command.completers
[INFO] Service org.apache.karaf.scheduler.command
[INFO] 
[INFO] --- maven-resources-plugin:3.1.0:testResources (default-testResources) @ org.apache.karaf.scheduler.core ---
[INFO] Using 'UTF-8' encoding to copy filtered resources.
[INFO] skip non existing resourceDirectory /home/srafi/after-cam-ready/compare_/compile_repair_output/work/f8c14d8531fc/scheduler/src/test/resources
[INFO] Copying 3 resources
[INFO] Copying 3 resources
[INFO] 
[INFO] --- maven-compiler-plugin:3.8.0:testCompile (default-testCompile) @ org.apache.karaf.scheduler.core ---
[INFO] No sources to compile
[INFO] 
[INFO] --- maven-surefire-plugin:3.0.0-M8-SNAPSHOT:test (default-test) @ org.apache.karaf.scheduler.core ---
[INFO] Tests are skipped.
[INFO] 
[INFO] --- maven-bundle-plugin:4.1.0:bundle (default-bundle) @ org.apache.karaf.scheduler.core ---
[WARNING] Bundle org.apache.karaf.scheduler:org.apache.karaf.scheduler.core:bundle:4.2.3-SNAPSHOT : Split package, multiple jars provide the same package:org/apache/karaf/util/tracker
Use Import/Export Package directive -split-package:=(merge-first|merge-last|error|first) to get rid of this warning
Package found in   [Jar:org.apache.karaf.util, Jar:org.apache.karaf.shell.core]
Class path         [Jar:., Jar:org.osgi.core, Jar:org.osgi.compendium, Jar:slf4j-api, Jar:quartz, Jar:c3p0, Jar:org.apache.karaf.util, Jar:org.apache.felix.utils, Jar:org.apache.karaf.jaas.boot, Jar:org.apache.karaf.shell.core, Jar:jline, Jar:sshd-core]
[INFO] 
[INFO] --- maven-site-plugin:3.7.1:attach-descriptor (attach-descriptor) @ org.apache.karaf.scheduler.core ---
[INFO] Skipping because packaging 'bundle' is not pom.
[INFO] 
[INFO] --- maven-install-plugin:3.0.0-M1:install (default-install) @ org.apache.karaf.scheduler.core ---
[INFO] Installing /home/srafi/after-cam-ready/compare_/compile_repair_output/work/f8c14d8531fc/scheduler/target/org.apache.karaf.scheduler.core-4.2.3-SNAPSHOT.jar to /home/srafi/.m2/repository/org/apache/karaf/scheduler/org.apache.karaf.scheduler.core/4.2.3-SNAPSHOT/org.apache.karaf.scheduler.core-4.2.3-SNAPSHOT.jar
[INFO] Installing /home/srafi/after-cam-ready/compare_/compile_repair_output/work/f8c14d8531fc/scheduler/pom.xml to /home/srafi/.m2/repository/org/apache/karaf/scheduler/org.apache.karaf.scheduler.core/4.2.3-SNAPSHOT/org.apache.karaf.scheduler.core-4.2.3-SNAPSHOT.pom
[INFO] 
[INFO] --- maven-bundle-plugin:4.1.0:install (default-install) @ org.apache.karaf.scheduler.core ---
[INFO] Local OBR update disabled (enable with -DobrRepository)
[INFO] 
[INFO] ----------------------< org.apache.karaf.scr:scr >----------------------
[INFO] Building Apache Karaf :: Declarative Services (DS) 4.2.3-SNAPSHOT [59/220]
[INFO] --------------------------------[ pom ]---------------------------------
[INFO] 
[INFO] --- maven-clean-plugin:3.1.0:clean (default-clean) @ scr ---
[INFO] 
[INFO] --- maven-bundle-plugin:4.1.0:cleanVersions (cleanVersions) @ scr ---
[INFO] 
[INFO] --- maven-remote-resources-plugin:1.5:process (process-resource-bundles) @ scr ---
[INFO] 
[INFO] --- maven-remote-resources-plugin:1.5:process (default) @ scr ---
[INFO] 
[INFO] --- maven-site-plugin:3.7.1:attach-descriptor (attach-descriptor) @ scr ---
[INFO] No site descriptor found: nothing to attach.
[INFO] 
[INFO] --- maven-install-plugin:3.0.0-M1:install (default-install) @ scr ---
[INFO] Installing /home/srafi/after-cam-ready/compare_/compile_repair_output/work/f8c14d8531fc/scr/pom.xml to /home/srafi/.m2/repository/org/apache/karaf/scr/scr/4.2.3-SNAPSHOT/scr-4.2.3-SNAPSHOT.pom
[INFO] 
[INFO] --------< org.apache.karaf.scr:org.apache.karaf.scr.management >--------
[INFO] Building Apache Karaf :: SCR :: Management MBeans 4.2.3-SNAPSHOT [60/220]
[INFO] -------------------------------[ bundle ]-------------------------------
[INFO] 
[INFO] --- maven-clean-plugin:3.1.0:clean (default-clean) @ org.apache.karaf.scr.management ---
[INFO] 
[INFO] --- maven-bundle-plugin:4.1.0:cleanVersions (cleanVersions) @ org.apache.karaf.scr.management ---
[INFO] 
[INFO] --- maven-remote-resources-plugin:1.5:process (process-resource-bundles) @ org.apache.karaf.scr.management ---
[INFO] 
[INFO] --- maven-remote-resources-plugin:1.5:process (default) @ org.apache.karaf.scr.management ---
[INFO] 
[INFO] --- maven-resources-plugin:3.1.0:resources (default-resources) @ org.apache.karaf.scr.management ---
[INFO] Using 'UTF-8' encoding to copy filtered resources.
[INFO] Copying 2 resources
[INFO] Copying 1 resource
[INFO] Copying 3 resources
[INFO] Copying 3 resources
[INFO] 
[INFO] --- maven-compiler-plugin:3.8.0:compile (default-compile) @ org.apache.karaf.scr.management ---
[INFO] Changes detected - recompiling the module!
[INFO] Compiling 7 source files to /home/srafi/after-cam-ready/compare_/compile_repair_output/work/f8c14d8531fc/scr/management/target/classes
[INFO] 
[INFO] --- maven-resources-plugin:3.1.0:testResources (default-testResources) @ org.apache.karaf.scr.management ---
[INFO] Using 'UTF-8' encoding to copy filtered resources.
[INFO] skip non existing resourceDirectory /home/srafi/after-cam-ready/compare_/compile_repair_output/work/f8c14d8531fc/scr/management/src/test/resources
[INFO] Copying 3 resources
[INFO] Copying 3 resources
[INFO] 
[INFO] --- maven-compiler-plugin:3.8.0:testCompile (default-testCompile) @ org.apache.karaf.scr.management ---
[INFO] No sources to compile
[INFO] 
[INFO] --- maven-surefire-plugin:3.0.0-M8-SNAPSHOT:test (default-test) @ org.apache.karaf.scr.management ---
[INFO] Tests are skipped.
[INFO] 
[INFO] --- maven-bundle-plugin:4.1.0:bundle (default-bundle) @ org.apache.karaf.scr.management ---
[WARNING] Bundle org.apache.karaf.scr:org.apache.karaf.scr.management:bundle:4.2.3-SNAPSHOT : Service-Component is normally generated by bnd. If you want to point at specific component XML files (wildcards are allowed, see findEntries) make sure it ends in '.xml'. Found *
[INFO] 
[INFO] --- maven-site-plugin:3.7.1:attach-descriptor (attach-descriptor) @ org.apache.karaf.scr.management ---
[INFO] Skipping because packaging 'bundle' is not pom.
[INFO] 
[INFO] --- maven-install-plugin:3.0.0-M1:install (default-install) @ org.apache.karaf.scr.management ---
[INFO] Installing /home/srafi/after-cam-ready/compare_/compile_repair_output/work/f8c14d8531fc/scr/management/target/org.apache.karaf.scr.management-4.2.3-SNAPSHOT.jar to /home/srafi/.m2/repository/org/apache/karaf/scr/org.apache.karaf.scr.management/4.2.3-SNAPSHOT/org.apache.karaf.scr.management-4.2.3-SNAPSHOT.jar
[INFO] Installing /home/srafi/after-cam-ready/compare_/compile_repair_output/work/f8c14d8531fc/scr/management/pom.xml to /home/srafi/.m2/repository/org/apache/karaf/scr/org.apache.karaf.scr.management/4.2.3-SNAPSHOT/org.apache.karaf.scr.management-4.2.3-SNAPSHOT.pom
[INFO] 
[INFO] --- maven-bundle-plugin:4.1.0:install (default-install) @ org.apache.karaf.scr.management ---
[INFO] Local OBR update disabled (enable with -DobrRepository)
[INFO] 
[INFO] ----------< org.apache.karaf.scr:org.apache.karaf.scr.state >-----------
[INFO] Building Apache Karaf :: SCR :: Bundle State 4.2.3-SNAPSHOT     [61/220]
[INFO] -------------------------------[ bundle ]-------------------------------
[INFO] 
[INFO] --- maven-clean-plugin:3.1.0:clean (default-clean) @ org.apache.karaf.scr.state ---
[INFO] 
[INFO] --- maven-bundle-plugin:4.1.0:cleanVersions (cleanVersions) @ org.apache.karaf.scr.state ---
[INFO] 
[INFO] --- maven-remote-resources-plugin:1.5:process (process-resource-bundles) @ org.apache.karaf.scr.state ---
[INFO] 
[INFO] --- maven-remote-resources-plugin:1.5:process (default) @ org.apache.karaf.scr.state ---
[INFO] 
[INFO] --- maven-resources-plugin:3.1.0:resources (default-resources) @ org.apache.karaf.scr.state ---
[INFO] Using 'UTF-8' encoding to copy filtered resources.
[INFO] skip non existing resourceDirectory /home/srafi/after-cam-ready/compare_/compile_repair_output/work/f8c14d8531fc/scr/state/src/main/resources
[INFO] skip non existing resourceDirectory /home/srafi/after-cam-ready/compare_/compile_repair_output/work/f8c14d8531fc/scr/state/src/main/resources
[INFO] Copying 3 resources
[INFO] Copying 3 resources
[INFO] 
[INFO] --- maven-compiler-plugin:3.8.0:compile (default-compile) @ org.apache.karaf.scr.state ---
[INFO] Changes detected - recompiling the module!
[INFO] Compiling 2 source files to /home/srafi/after-cam-ready/compare_/compile_repair_output/work/f8c14d8531fc/scr/state/target/classes
[INFO] 
[INFO] --- karaf-services-maven-plugin:4.2.3-SNAPSHOT:service-metadata-generate (service-metadata-generate) @ org.apache.karaf.scr.state ---
[INFO] Ignoring jar:file:/home/srafi/after-cam-ready/compare_/compile_repair_output/work/f8c14d8531fc/bundle/core/target/org.apache.karaf.bundle.core-4.2.3-SNAPSHOT.jar!/org/apache/karaf/bundle/core/internal/osgi/Activator.class
[INFO] Activator org.apache.karaf.scr.state.Activator
[INFO] Service org.apache.karaf.bundle.command.completers
[INFO] Service org.apache.karaf.bundle.command
[INFO] Service org.apache.karaf.bundle.command
[INFO] Service org.apache.karaf.bundle.command
[INFO] Service org.apache.karaf.bundle.command
[INFO] Service org.apache.karaf.bundle.command
[INFO] Service org.apache.karaf.bundle.command
[INFO] Service org.apache.karaf.bundle.command
[INFO] Service org.apache.karaf.bundle.command
[INFO] Service org.apache.karaf.bundle.command
[INFO] Service org.apache.karaf.bundle.command
[INFO] Service org.apache.karaf.bundle.command
[INFO] Service org.apache.karaf.bundle.command
[INFO] Service org.apache.karaf.bundle.command
[INFO] Service org.apache.karaf.bundle.command
[INFO] Service org.apache.karaf.bundle.command
[INFO] Service org.apache.karaf.bundle.command
[INFO] Service org.apache.karaf.bundle.command
[INFO] Service org.apache.karaf.bundle.command
[INFO] Service org.apache.karaf.bundle.command
[INFO] Service org.apache.karaf.bundle.command
[INFO] Service org.apache.karaf.bundle.command
[INFO] Service org.apache.karaf.bundle.command
[INFO] Service org.apache.karaf.bundle.command
[INFO] Service org.apache.karaf.bundle.command
[INFO] 
[INFO] --- maven-resources-plugin:3.1.0:testResources (default-testResources) @ org.apache.karaf.scr.state ---
[INFO] Using 'UTF-8' encoding to copy filtered resources.
[INFO] skip non existing resourceDirectory /home/srafi/after-cam-ready/compare_/compile_repair_output/work/f8c14d8531fc/scr/state/src/test/resources
[INFO] Copying 3 resources
[INFO] Copying 3 resources
[INFO] 
[INFO] --- maven-compiler-plugin:3.8.0:testCompile (default-testCompile) @ org.apache.karaf.scr.state ---
[INFO] No sources to compile
[INFO] 
[INFO] --- maven-surefire-plugin:3.0.0-M8-SNAPSHOT:test (default-test) @ org.apache.karaf.scr.state ---
[INFO] Tests are skipped.
[INFO] 
[INFO] --- maven-bundle-plugin:4.1.0:bundle (default-bundle) @ org.apache.karaf.scr.state ---
[WARNING] Bundle org.apache.karaf.scr:org.apache.karaf.scr.state:bundle:4.2.3-SNAPSHOT : Split package, multiple jars provide the same package:org/apache/karaf/util/tracker
Use Import/Export Package directive -split-package:=(merge-first|merge-last|error|first) to get rid of this warning
Package found in   [Jar:org.apache.karaf.util, Jar:org.apache.karaf.bundle.core]
Class path         [Jar:., Jar:org.osgi.core, Jar:slf4j-api, Jar:org.apache.karaf.util, Jar:org.apache.felix.utils, Jar:org.apache.karaf.jaas.boot, Jar:org.apache.karaf.bundle.core, Jar:org.apache.felix.scr, Jar:animal-sniffer-annotations]
[WARNING] Bundle org.apache.karaf.scr:org.apache.karaf.scr.state:bundle:4.2.3-SNAPSHOT : Export org.apache.karaf.scr.state,  has 1,  private references [org.apache.karaf.util.tracker]
[INFO] 
[INFO] --- maven-site-plugin:3.7.1:attach-descriptor (attach-descriptor) @ org.apache.karaf.scr.state ---
[INFO] Skipping because packaging 'bundle' is not pom.
[INFO] 
[INFO] --- maven-install-plugin:3.0.0-M1:install (default-install) @ org.apache.karaf.scr.state ---
[INFO] Installing /home/srafi/after-cam-ready/compare_/compile_repair_output/work/f8c14d8531fc/scr/state/target/org.apache.karaf.scr.state-4.2.3-SNAPSHOT.jar to /home/srafi/.m2/repository/org/apache/karaf/scr/org.apache.karaf.scr.state/4.2.3-SNAPSHOT/org.apache.karaf.scr.state-4.2.3-SNAPSHOT.jar
[INFO] Installing /home/srafi/after-cam-ready/compare_/compile_repair_output/work/f8c14d8531fc/scr/state/pom.xml to /home/srafi/.m2/repository/org/apache/karaf/scr/org.apache.karaf.scr.state/4.2.3-SNAPSHOT/org.apache.karaf.scr.state-4.2.3-SNAPSHOT.pom
[INFO] 
[INFO] --- maven-bundle-plugin:4.1.0:install (default-install) @ org.apache.karaf.scr.state ---
[INFO] Local OBR update disabled (enable with -DobrRepository)
[INFO] 
[INFO] ---------< org.apache.karaf.scr:org.apache.karaf.scr.examples >---------
[INFO] Building Apache Karaf :: SCR :: Examples 4.2.3-SNAPSHOT         [62/220]
[INFO] --------------------------------[ pom ]---------------------------------
[INFO] 
[INFO] --- maven-clean-plugin:3.1.0:clean (default-clean) @ org.apache.karaf.scr.examples ---
[INFO] 
[INFO] --- maven-bundle-plugin:4.1.0:cleanVersions (cleanVersions) @ org.apache.karaf.scr.examples ---
[INFO] 
[INFO] --- maven-remote-resources-plugin:1.5:process (process-resource-bundles) @ org.apache.karaf.scr.examples ---
[INFO] 
[INFO] --- maven-remote-resources-plugin:1.5:process (default) @ org.apache.karaf.scr.examples ---
[INFO] 
[INFO] --- maven-site-plugin:3.7.1:attach-descriptor (attach-descriptor) @ org.apache.karaf.scr.examples ---
[INFO] No site descriptor found: nothing to attach.
[INFO] 
[INFO] --- maven-install-plugin:3.0.0-M1:install (default-install) @ org.apache.karaf.scr.examples ---
[INFO] Installing /home/srafi/after-cam-ready/compare_/compile_repair_output/work/f8c14d8531fc/scr/examples/pom.xml to /home/srafi/.m2/repository/org/apache/karaf/scr/org.apache.karaf.scr.examples/4.2.3-SNAPSHOT/org.apache.karaf.scr.examples-4.2.3-SNAPSHOT.pom
[INFO] 
[INFO] --< org.apache.karaf.scr.examples:org.apache.karaf.scr.examples.service >--
[INFO] Building Apache Karaf :: SCR :: Examples :: Basic Service 4.2.3-SNAPSHOT [63/220]
[INFO] -------------------------------[ bundle ]-------------------------------
[INFO] 
[INFO] --- maven-clean-plugin:3.1.0:clean (default-clean) @ org.apache.karaf.scr.examples.service ---
[INFO] 
[INFO] --- maven-bundle-plugin:4.1.0:cleanVersions (cleanVersions) @ org.apache.karaf.scr.examples.service ---
[INFO] 
[INFO] --- maven-remote-resources-plugin:1.5:process (process-resource-bundles) @ org.apache.karaf.scr.examples.service ---
[INFO] 
[INFO] --- maven-remote-resources-plugin:1.5:process (default) @ org.apache.karaf.scr.examples.service ---
[INFO] 
[INFO] --- maven-resources-plugin:3.1.0:resources (default-resources) @ org.apache.karaf.scr.examples.service ---
[INFO] Using 'UTF-8' encoding to copy filtered resources.
[INFO] Copying 1 resource
[INFO] Copying 3 resources
[INFO] Copying 3 resources
[INFO] 
[INFO] --- maven-compiler-plugin:3.8.0:compile (default-compile) @ org.apache.karaf.scr.examples.service ---
[INFO] Changes detected - recompiling the module!
[INFO] Compiling 3 source files to /home/srafi/after-cam-ready/compare_/compile_repair_output/work/f8c14d8531fc/scr/examples/service/target/classes
[INFO] 
[INFO] --- maven-resources-plugin:3.1.0:testResources (default-testResources) @ org.apache.karaf.scr.examples.service ---
[INFO] Using 'UTF-8' encoding to copy filtered resources.
[INFO] skip non existing resourceDirectory /home/srafi/after-cam-ready/compare_/compile_repair_output/work/f8c14d8531fc/scr/examples/service/src/test/resources
[INFO] Copying 3 resources
[INFO] Copying 3 resources
[INFO] 
[INFO] --- maven-compiler-plugin:3.8.0:testCompile (default-testCompile) @ org.apache.karaf.scr.examples.service ---
[INFO] No sources to compile
[INFO] 
[INFO] --- maven-surefire-plugin:3.0.0-M8-SNAPSHOT:test (default-test) @ org.apache.karaf.scr.examples.service ---
[INFO] Tests are skipped.
[INFO] 
[INFO] --- maven-bundle-plugin:4.1.0:bundle (default-bundle) @ org.apache.karaf.scr.examples.service ---
[WARNING] Bundle org.apache.karaf.scr.examples:org.apache.karaf.scr.examples.service:bundle:4.2.3-SNAPSHOT : Service-Component is normally generated by bnd. If you want to point at specific component XML files (wildcards are allowed, see findEntries) make sure it ends in '.xml'. Found *
[INFO] 
[INFO] --- maven-site-plugin:3.7.1:attach-descriptor (attach-descriptor) @ org.apache.karaf.scr.examples.service ---
[INFO] Skipping because packaging 'bundle' is not pom.
[INFO] 
[INFO] --- maven-install-plugin:3.0.0-M1:install (default-install) @ org.apache.karaf.scr.examples.service ---
[INFO] Installing /home/srafi/after-cam-ready/compare_/compile_repair_output/work/f8c14d8531fc/scr/examples/service/target/org.apache.karaf.scr.examples.service-4.2.3-SNAPSHOT.jar to /home/srafi/.m2/repository/org/apache/karaf/scr/examples/org.apache.karaf.scr.examples.service/4.2.3-SNAPSHOT/org.apache.karaf.scr.examples.service-4.2.3-SNAPSHOT.jar
[INFO] Installing /home/srafi/after-cam-ready/compare_/compile_repair_output/work/f8c14d8531fc/scr/examples/service/pom.xml to /home/srafi/.m2/repository/org/apache/karaf/scr/examples/org.apache.karaf.scr.examples.service/4.2.3-SNAPSHOT/org.apache.karaf.scr.examples.service-4.2.3-SNAPSHOT.pom
[INFO] 
[INFO] --- maven-bundle-plugin:4.1.0:install (default-install) @ org.apache.karaf.scr.examples.service ---
[INFO] Local OBR update disabled (enable with -DobrRepository)
[INFO] 
[INFO] --< org.apache.karaf.scr.examples:org.apache.karaf.scr.examples.managed.service >--
[INFO] Building Apache Karaf :: SCR :: Examples :: Managed Services 4.2.3-SNAPSHOT [64/220]
[INFO] -------------------------------[ bundle ]-------------------------------
[INFO] 
[INFO] --- maven-clean-plugin:3.1.0:clean (default-clean) @ org.apache.karaf.scr.examples.managed.service ---
[INFO] 
[INFO] --- maven-bundle-plugin:4.1.0:cleanVersions (cleanVersions) @ org.apache.karaf.scr.examples.managed.service ---
[INFO] 
[INFO] --- maven-remote-resources-plugin:1.5:process (process-resource-bundles) @ org.apache.karaf.scr.examples.managed.service ---
[INFO] 
[INFO] --- maven-remote-resources-plugin:1.5:process (default) @ org.apache.karaf.scr.examples.managed.service ---
[INFO] 
[INFO] --- maven-resources-plugin:3.1.0:resources (default-resources) @ org.apache.karaf.scr.examples.managed.service ---
[INFO] Using 'UTF-8' encoding to copy filtered resources.
[INFO] Copying 1 resource
[INFO] Copying 3 resources
[INFO] Copying 3 resources
[INFO] 
[INFO] --- maven-compiler-plugin:3.8.0:compile (default-compile) @ org.apache.karaf.scr.examples.managed.service ---
[INFO] Changes detected - recompiling the module!
[INFO] Compiling 3 source files to /home/srafi/after-cam-ready/compare_/compile_repair_output/work/f8c14d8531fc/scr/examples/managed-service/target/classes
[INFO] 
[INFO] --- maven-resources-plugin:3.1.0:testResources (default-testResources) @ org.apache.karaf.scr.examples.managed.service ---
[INFO] Using 'UTF-8' encoding to copy filtered resources.
[INFO] skip non existing resourceDirectory /home/srafi/after-cam-ready/compare_/compile_repair_output/work/f8c14d8531fc/scr/examples/managed-service/src/test/resources
[INFO] Copying 3 resources
[INFO] Copying 3 resources
[INFO] 
[INFO] --- maven-compiler-plugin:3.8.0:testCompile (default-testCompile) @ org.apache.karaf.scr.examples.managed.service ---
[INFO] No sources to compile
[INFO] 
[INFO] --- maven-surefire-plugin:3.0.0-M8-SNAPSHOT:test (default-test) @ org.apache.karaf.scr.examples.managed.service ---
[INFO] Tests are skipped.
[INFO] 
[INFO] --- maven-bundle-plugin:4.1.0:bundle (default-bundle) @ org.apache.karaf.scr.examples.managed.service ---
[WARNING] Bundle org.apache.karaf.scr.examples:org.apache.karaf.scr.examples.managed.service:bundle:4.2.3-SNAPSHOT : Service-Component is normally generated by bnd. If you want to point at specific component XML files (wildcards are allowed, see findEntries) make sure it ends in '.xml'. Found *
[WARNING] Bundle org.apache.karaf.scr.examples:org.apache.karaf.scr.examples.managed.service:bundle:4.2.3-SNAPSHOT : None of the methods related to 'setGreeterService' in the class 'org.apache.karaf.scr.examples.managed.service.component.ManagedGreeterComponent' named 'unsetGreeterService' for service type 'org.apache.karaf.scr.examples.managed.service.ManagedGreeterService' have an acceptable signature. The descriptors found are:
[WARNING] Bundle org.apache.karaf.scr.examples:org.apache.karaf.scr.examples.managed.service:bundle:4.2.3-SNAPSHOT :   methodname: unsetGreeterService descriptor: ()V
[INFO] 
[INFO] --- maven-site-plugin:3.7.1:attach-descriptor (attach-descriptor) @ org.apache.karaf.scr.examples.managed.service ---
[INFO] Skipping because packaging 'bundle' is not pom.
[INFO] 
[INFO] --- maven-install-plugin:3.0.0-M1:install (default-install) @ org.apache.karaf.scr.examples.managed.service ---
[INFO] Installing /home/srafi/after-cam-ready/compare_/compile_repair_output/work/f8c14d8531fc/scr/examples/managed-service/target/org.apache.karaf.scr.examples.managed.service-4.2.3-SNAPSHOT.jar to /home/srafi/.m2/repository/org/apache/karaf/scr/examples/org.apache.karaf.scr.examples.managed.service/4.2.3-SNAPSHOT/org.apache.karaf.scr.examples.managed.service-4.2.3-SNAPSHOT.jar
[INFO] Installing /home/srafi/after-cam-ready/compare_/compile_repair_output/work/f8c14d8531fc/scr/examples/managed-service/pom.xml to /home/srafi/.m2/repository/org/apache/karaf/scr/examples/org.apache.karaf.scr.examples.managed.service/4.2.3-SNAPSHOT/org.apache.karaf.scr.examples.managed.service-4.2.3-SNAPSHOT.pom
[INFO] 
[INFO] --- maven-bundle-plugin:4.1.0:install (default-install) @ org.apache.karaf.scr.examples.managed.service ---
[INFO] Local OBR update disabled (enable with -DobrRepository)
[INFO] 
[INFO] --< org.apache.karaf.scr.examples:org.apache.karaf.scr.examples.component.factories >--
[INFO] Building Apache Karaf :: SCR :: Examples :: Component Factories 4.2.3-SNAPSHOT [65/220]
[INFO] -------------------------------[ bundle ]-------------------------------
[INFO] 
[INFO] --- maven-clean-plugin:3.1.0:clean (default-clean) @ org.apache.karaf.scr.examples.component.factories ---
[INFO] 
[INFO] --- maven-bundle-plugin:4.1.0:cleanVersions (cleanVersions) @ org.apache.karaf.scr.examples.component.factories ---
[INFO] 
[INFO] --- maven-remote-resources-plugin:1.5:process (process-resource-bundles) @ org.apache.karaf.scr.examples.component.factories ---
[INFO] 
[INFO] --- maven-remote-resources-plugin:1.5:process (default) @ org.apache.karaf.scr.examples.component.factories ---
[INFO] 
[INFO] --- maven-resources-plugin:3.1.0:resources (default-resources) @ org.apache.karaf.scr.examples.component.factories ---
[INFO] Using 'UTF-8' encoding to copy filtered resources.
[INFO] Copying 1 resource
[INFO] Copying 3 resources
[INFO] Copying 3 resources
[INFO] 
[INFO] --- maven-compiler-plugin:3.8.0:compile (default-compile) @ org.apache.karaf.scr.examples.component.factories ---
[INFO] Changes detected - recompiling the module!
[INFO] Compiling 3 source files to /home/srafi/after-cam-ready/compare_/compile_repair_output/work/f8c14d8531fc/scr/examples/component-factory/target/classes
[INFO] /home/srafi/after-cam-ready/compare_/compile_repair_output/work/f8c14d8531fc/scr/examples/component-factory/src/main/java/org/apache/karaf/scr/examples/component/factories/component/GreeterServiceFactoryManager.java: /home/srafi/after-cam-ready/compare_/compile_repair_output/work/f8c14d8531fc/scr/examples/component-factory/src/main/java/org/apache/karaf/scr/examples/component/factories/component/GreeterServiceFactoryManager.java uses unchecked or unsafe operations.
[INFO] /home/srafi/after-cam-ready/compare_/compile_repair_output/work/f8c14d8531fc/scr/examples/component-factory/src/main/java/org/apache/karaf/scr/examples/component/factories/component/GreeterServiceFactoryManager.java: Recompile with -Xlint:unchecked for details.
[INFO] 
[INFO] --- maven-resources-plugin:3.1.0:testResources (default-testResources) @ org.apache.karaf.scr.examples.component.factories ---
[INFO] Using 'UTF-8' encoding to copy filtered resources.
[INFO] skip non existing resourceDirectory /home/srafi/after-cam-ready/compare_/compile_repair_output/work/f8c14d8531fc/scr/examples/component-factory/src/test/resources
[INFO] Copying 3 resources
[INFO] Copying 3 resources
[INFO] 
[INFO] --- maven-compiler-plugin:3.8.0:testCompile (default-testCompile) @ org.apache.karaf.scr.examples.component.factories ---
[INFO] No sources to compile
[INFO] 
[INFO] --- maven-surefire-plugin:3.0.0-M8-SNAPSHOT:test (default-test) @ org.apache.karaf.scr.examples.component.factories ---
[INFO] Tests are skipped.
[INFO] 
[INFO] --- maven-bundle-plugin:4.1.0:bundle (default-bundle) @ org.apache.karaf.scr.examples.component.factories ---
[WARNING] Bundle org.apache.karaf.scr.examples:org.apache.karaf.scr.examples.component.factories:bundle:4.2.3-SNAPSHOT : Service-Component is normally generated by bnd. If you want to point at specific component XML files (wildcards are allowed, see findEntries) make sure it ends in '.xml'. Found *
[WARNING] Bundle org.apache.karaf.scr.examples:org.apache.karaf.scr.examples.component.factories:bundle:4.2.3-SNAPSHOT : None of the methods related to 'setFactory' in the class 'org.apache.karaf.scr.examples.component.factories.component.GreeterServiceFactoryManager' named 'unsetFactory' for service type 'org.osgi.service.component.ComponentFactory' have an acceptable signature. The descriptors found are:
[WARNING] Bundle org.apache.karaf.scr.examples:org.apache.karaf.scr.examples.component.factories:bundle:4.2.3-SNAPSHOT :   methodname: unsetFactory descriptor: ()V
[INFO] 
[INFO] --- maven-site-plugin:3.7.1:attach-descriptor (attach-descriptor) @ org.apache.karaf.scr.examples.component.factories ---
[INFO] Skipping because packaging 'bundle' is not pom.
[INFO] 
[INFO] --- maven-install-plugin:3.0.0-M1:install (default-install) @ org.apache.karaf.scr.examples.component.factories ---
[INFO] Installing /home/srafi/after-cam-ready/compare_/compile_repair_output/work/f8c14d8531fc/scr/examples/component-factory/target/org.apache.karaf.scr.examples.component.factories-4.2.3-SNAPSHOT.jar to /home/srafi/.m2/repository/org/apache/karaf/scr/examples/org.apache.karaf.scr.examples.component.factories/4.2.3-SNAPSHOT/org.apache.karaf.scr.examples.component.factories-4.2.3-SNAPSHOT.jar
[INFO] Installing /home/srafi/after-cam-ready/compare_/compile_repair_output/work/f8c14d8531fc/scr/examples/component-factory/pom.xml to /home/srafi/.m2/repository/org/apache/karaf/scr/examples/org.apache.karaf.scr.examples.component.factories/4.2.3-SNAPSHOT/org.apache.karaf.scr.examples.component.factories-4.2.3-SNAPSHOT.pom
[INFO] 
[INFO] --- maven-bundle-plugin:4.1.0:install (default-install) @ org.apache.karaf.scr.examples.component.factories ---
[INFO] Local OBR update disabled (enable with -DobrRepository)
[INFO] 
[INFO] ---------------< org.apache.karaf.diagnostic:diagnostic >---------------
[INFO] Building Apache Karaf :: Diagnostic 4.2.3-SNAPSHOT              [66/220]
[INFO] --------------------------------[ pom ]---------------------------------
[INFO] 
[INFO] --- maven-clean-plugin:3.1.0:clean (default-clean) @ diagnostic ---
[INFO] 
[INFO] --- maven-bundle-plugin:4.1.0:cleanVersions (cleanVersions) @ diagnostic ---
[INFO] 
[INFO] --- maven-remote-resources-plugin:1.5:process (process-resource-bundles) @ diagnostic ---
[INFO] 
[INFO] --- maven-remote-resources-plugin:1.5:process (default) @ diagnostic ---
[INFO] 
[INFO] --- maven-site-plugin:3.7.1:attach-descriptor (attach-descriptor) @ diagnostic ---
[INFO] No site descriptor found: nothing to attach.
[INFO] 
[INFO] --- maven-install-plugin:3.0.0-M1:install (default-install) @ diagnostic ---
[INFO] Installing /home/srafi/after-cam-ready/compare_/compile_repair_output/work/f8c14d8531fc/diagnostic/pom.xml to /home/srafi/.m2/repository/org/apache/karaf/diagnostic/diagnostic/4.2.3-SNAPSHOT/diagnostic-4.2.3-SNAPSHOT.pom
[INFO] 
[INFO] ----< org.apache.karaf.diagnostic:org.apache.karaf.diagnostic.boot >----
[INFO] Building Apache Karaf :: Diagnostic :: Boot 4.2.3-SNAPSHOT      [67/220]
[INFO] -------------------------------[ bundle ]-------------------------------
[INFO] 
[INFO] --- maven-clean-plugin:3.1.0:clean (default-clean) @ org.apache.karaf.diagnostic.boot ---
[INFO] 
[INFO] --- maven-bundle-plugin:4.1.0:cleanVersions (cleanVersions) @ org.apache.karaf.diagnostic.boot ---
[INFO] 
[INFO] --- maven-remote-resources-plugin:1.5:process (process-resource-bundles) @ org.apache.karaf.diagnostic.boot ---
[INFO] 
[INFO] --- maven-remote-resources-plugin:1.5:process (default) @ org.apache.karaf.diagnostic.boot ---
[INFO] 
[INFO] --- maven-resources-plugin:3.1.0:resources (default-resources) @ org.apache.karaf.diagnostic.boot ---
[INFO] Using 'UTF-8' encoding to copy filtered resources.
[INFO] Copying 1 resource
[INFO] Copying 3 resources
[INFO] Copying 3 resources
[INFO] 
[INFO] --- maven-compiler-plugin:3.8.0:compile (default-compile) @ org.apache.karaf.diagnostic.boot ---
[INFO] Changes detected - recompiling the module!
[INFO] Compiling 14 source files to /home/srafi/after-cam-ready/compare_/compile_repair_output/work/f8c14d8531fc/diagnostic/boot/target/classes
[WARNING] /home/srafi/after-cam-ready/compare_/compile_repair_output/work/f8c14d8531fc/diagnostic/boot/src/main/java/org/apache/karaf/diagnostic/core/internal/DumpHandler.java:[30,16] sun.misc.Signal is internal proprietary API and may be removed in a future release
[WARNING] /home/srafi/after-cam-ready/compare_/compile_repair_output/work/f8c14d8531fc/diagnostic/boot/src/main/java/org/apache/karaf/diagnostic/core/internal/DumpHandler.java:[31,16] sun.misc.SignalHandler is internal proprietary API and may be removed in a future release
[WARNING] /home/srafi/after-cam-ready/compare_/compile_repair_output/work/f8c14d8531fc/diagnostic/boot/src/main/java/org/apache/karaf/diagnostic/core/internal/DumpHandler.java:[33,37] sun.misc.SignalHandler is internal proprietary API and may be removed in a future release
[WARNING] /home/srafi/after-cam-ready/compare_/compile_repair_output/work/f8c14d8531fc/diagnostic/boot/src/main/java/org/apache/karaf/diagnostic/core/internal/DumpHandler.java:[36,13] sun.misc.SignalHandler is internal proprietary API and may be removed in a future release
[WARNING] /home/srafi/after-cam-ready/compare_/compile_repair_output/work/f8c14d8531fc/diagnostic/boot/src/main/java/org/apache/karaf/diagnostic/core/internal/DumpHandler.java:[40,47] sun.misc.Signal is internal proprietary API and may be removed in a future release
[WARNING] /home/srafi/after-cam-ready/compare_/compile_repair_output/work/f8c14d8531fc/diagnostic/boot/src/main/java/org/apache/karaf/diagnostic/core/internal/DumpHandler.java:[40,28] sun.misc.Signal is internal proprietary API and may be removed in a future release
[WARNING] /home/srafi/after-cam-ready/compare_/compile_repair_output/work/f8c14d8531fc/diagnostic/boot/src/main/java/org/apache/karaf/diagnostic/core/internal/DumpHandler.java:[43,24] sun.misc.Signal is internal proprietary API and may be removed in a future release
[WARNING] /home/srafi/after-cam-ready/compare_/compile_repair_output/work/f8c14d8531fc/diagnostic/boot/src/main/java/org/apache/karaf/diagnostic/core/internal/DumpHandler.java:[52,36] sun.misc.Signal is internal proprietary API and may be removed in a future release
[WARNING] /home/srafi/after-cam-ready/compare_/compile_repair_output/work/f8c14d8531fc/diagnostic/boot/src/main/java/org/apache/karaf/diagnostic/core/internal/DumpHandler.java:[52,17] sun.misc.Signal is internal proprietary API and may be removed in a future release
[INFO] 
[INFO] --- maven-resources-plugin:3.1.0:testResources (default-testResources) @ org.apache.karaf.diagnostic.boot ---
[INFO] Using 'UTF-8' encoding to copy filtered resources.
[INFO] skip non existing resourceDirectory /home/srafi/after-cam-ready/compare_/compile_repair_output/work/f8c14d8531fc/diagnostic/boot/src/test/resources
[INFO] Copying 3 resources
[INFO] Copying 3 resources
[INFO] 
[INFO] --- maven-compiler-plugin:3.8.0:testCompile (default-testCompile) @ org.apache.karaf.diagnostic.boot ---
[INFO] No sources to compile
[INFO] 
[INFO] --- maven-surefire-plugin:3.0.0-M8-SNAPSHOT:test (default-test) @ org.apache.karaf.diagnostic.boot ---
[INFO] Tests are skipped.
[INFO] 
[INFO] --- maven-bundle-plugin:4.1.0:bundle (default-bundle) @ org.apache.karaf.diagnostic.boot ---
[INFO] 
[INFO] --- maven-site-plugin:3.7.1:attach-descriptor (attach-descriptor) @ org.apache.karaf.diagnostic.boot ---
[INFO] Skipping because packaging 'bundle' is not pom.
[INFO] 
[INFO] --- maven-install-plugin:3.0.0-M1:install (default-install) @ org.apache.karaf.diagnostic.boot ---
[INFO] Installing /home/srafi/after-cam-ready/compare_/compile_repair_output/work/f8c14d8531fc/diagnostic/boot/target/org.apache.karaf.diagnostic.boot-4.2.3-SNAPSHOT.jar to /home/srafi/.m2/repository/org/apache/karaf/diagnostic/org.apache.karaf.diagnostic.boot/4.2.3-SNAPSHOT/org.apache.karaf.diagnostic.boot-4.2.3-SNAPSHOT.jar
[INFO] Installing /home/srafi/after-cam-ready/compare_/compile_repair_output/work/f8c14d8531fc/diagnostic/boot/pom.xml to /home/srafi/.m2/repository/org/apache/karaf/diagnostic/org.apache.karaf.diagnostic.boot/4.2.3-SNAPSHOT/org.apache.karaf.diagnostic.boot-4.2.3-SNAPSHOT.pom
[INFO] 
[INFO] --- maven-bundle-plugin:4.1.0:install (default-install) @ org.apache.karaf.diagnostic.boot ---
[INFO] Local OBR update disabled (enable with -DobrRepository)
[INFO] 
[INFO] ----< org.apache.karaf.diagnostic:org.apache.karaf.diagnostic.core >----
[INFO] Building Apache Karaf :: Diagnostic :: Core 4.2.3-SNAPSHOT      [68/220]
[INFO] -------------------------------[ bundle ]-------------------------------
[INFO] 
[INFO] --- maven-clean-plugin:3.1.0:clean (default-clean) @ org.apache.karaf.diagnostic.core ---
[INFO] 
[INFO] --- maven-bundle-plugin:4.1.0:cleanVersions (cleanVersions) @ org.apache.karaf.diagnostic.core ---
[INFO] 
[INFO] --- maven-remote-resources-plugin:1.5:process (process-resource-bundles) @ org.apache.karaf.diagnostic.core ---
[INFO] 
[INFO] --- maven-remote-resources-plugin:1.5:process (default) @ org.apache.karaf.diagnostic.core ---
[INFO] 
[INFO] --- maven-resources-plugin:3.1.0:resources (default-resources) @ org.apache.karaf.diagnostic.core ---
[INFO] Using 'UTF-8' encoding to copy filtered resources.
[INFO] Copying 1 resource
[INFO] Copying 1 resource
[INFO] Copying 3 resources
[INFO] Copying 3 resources
[INFO] 
[INFO] --- maven-compiler-plugin:3.8.0:compile (default-compile) @ org.apache.karaf.diagnostic.core ---
[INFO] Changes detected - recompiling the module!
[INFO] Compiling 7 source files to /home/srafi/after-cam-ready/compare_/compile_repair_output/work/f8c14d8531fc/diagnostic/core/target/classes
[INFO] /home/srafi/after-cam-ready/compare_/compile_repair_output/work/f8c14d8531fc/diagnostic/core/src/main/java/org/apache/karaf/diagnostic/common/LogDumpProvider.java: /home/srafi/after-cam-ready/compare_/compile_repair_output/work/f8c14d8531fc/diagnostic/core/src/main/java/org/apache/karaf/diagnostic/common/LogDumpProvider.java uses unchecked or unsafe operations.
[INFO] /home/srafi/after-cam-ready/compare_/compile_repair_output/work/f8c14d8531fc/diagnostic/core/src/main/java/org/apache/karaf/diagnostic/common/LogDumpProvider.java: Recompile with -Xlint:unchecked for details.
[INFO] 
[INFO] --- karaf-services-maven-plugin:4.2.3-SNAPSHOT:service-metadata-generate (service-metadata-generate) @ org.apache.karaf.diagnostic.core ---
[INFO] Ignoring jar:file:/home/srafi/after-cam-ready/compare_/compile_repair_output/work/f8c14d8531fc/features/core/target/org.apache.karaf.features.core-4.2.3-SNAPSHOT.jar!/org/apache/karaf/features/internal/osgi/Activator.class
[INFO] Service org.apache.karaf.diagnostic.command
[INFO] 
[INFO] --- maven-resources-plugin:3.1.0:testResources (default-testResources) @ org.apache.karaf.diagnostic.core ---
[INFO] Using 'UTF-8' encoding to copy filtered resources.
[INFO] skip non existing resourceDirectory /home/srafi/after-cam-ready/compare_/compile_repair_output/work/f8c14d8531fc/diagnostic/core/src/test/resources
[INFO] Copying 3 resources
[INFO] Copying 3 resources
[INFO] 
[INFO] --- maven-compiler-plugin:3.8.0:testCompile (default-testCompile) @ org.apache.karaf.diagnostic.core ---
[INFO] No sources to compile
[INFO] 
[INFO] --- maven-surefire-plugin:3.0.0-M8-SNAPSHOT:test (default-test) @ org.apache.karaf.diagnostic.core ---
[INFO] Tests are skipped.
[INFO] 
[INFO] --- maven-bundle-plugin:4.1.0:bundle (default-bundle) @ org.apache.karaf.diagnostic.core ---
[WARNING] Bundle org.apache.karaf.diagnostic:org.apache.karaf.diagnostic.core:bundle:4.2.3-SNAPSHOT : Split package, multiple jars provide the same package:org/apache/karaf/util
Use Import/Export Package directive -split-package:=(merge-first|merge-last|error|first) to get rid of this warning
Package found in   [Jar:org.apache.karaf.util, Jar:org.apache.karaf.features.core, Jar:org.apache.karaf.shell.core]
Class path         [Jar:., Jar:org.osgi.core, Jar:org.osgi.compendium, Jar:org.apache.karaf.util, Jar:org.apache.felix.utils, Jar:slf4j-api, Jar:org.apache.karaf.jaas.boot, Jar:org.apache.karaf.features.core, Jar:pax-url-aether, Jar:jcl-over-slf4j, Jar:ops4j-base-util-property, Jar:ops4j-base-util-collections, Jar:ops4j-base-lang, Jar:pax-swissbox-property, Jar:org.apache.karaf.diagnostic.boot, Jar:org.apache.karaf.shell.core, Jar:jline, Jar:sshd-core]
[WARNING] Bundle org.apache.karaf.diagnostic:org.apache.karaf.diagnostic.core:bundle:4.2.3-SNAPSHOT : Split package, multiple jars provide the same package:org/apache/karaf/util/tracker
Use Import/Export Package directive -split-package:=(merge-first|merge-last|error|first) to get rid of this warning
Package found in   [Jar:org.apache.karaf.util, Jar:org.apache.karaf.features.core, Jar:org.apache.karaf.shell.core]
Class path         [Jar:., Jar:org.osgi.core, Jar:org.osgi.compendium, Jar:org.apache.karaf.util, Jar:org.apache.felix.utils, Jar:slf4j-api, Jar:org.apache.karaf.jaas.boot, Jar:org.apache.karaf.features.core, Jar:pax-url-aether, Jar:jcl-over-slf4j, Jar:ops4j-base-util-property, Jar:ops4j-base-util-collections, Jar:ops4j-base-lang, Jar:pax-swissbox-property, Jar:org.apache.karaf.diagnostic.boot, Jar:org.apache.karaf.shell.core, Jar:jline, Jar:sshd-core]
[WARNING] Bundle org.apache.karaf.diagnostic:org.apache.karaf.diagnostic.core:bundle:4.2.3-SNAPSHOT : Unused Import-Package instructions: [com.sun.management*] 
[INFO] 
[INFO] --- maven-site-plugin:3.7.1:attach-descriptor (attach-descriptor) @ org.apache.karaf.diagnostic.core ---
[INFO] Skipping because packaging 'bundle' is not pom.
[INFO] 
[INFO] --- maven-install-plugin:3.0.0-M1:install (default-install) @ org.apache.karaf.diagnostic.core ---
[INFO] Installing /home/srafi/after-cam-ready/compare_/compile_repair_output/work/f8c14d8531fc/diagnostic/core/target/org.apache.karaf.diagnostic.core-4.2.3-SNAPSHOT.jar to /home/srafi/.m2/repository/org/apache/karaf/diagnostic/org.apache.karaf.diagnostic.core/4.2.3-SNAPSHOT/org.apache.karaf.diagnostic.core-4.2.3-SNAPSHOT.jar
[INFO] Installing /home/srafi/after-cam-ready/compare_/compile_repair_output/work/f8c14d8531fc/diagnostic/core/pom.xml to /home/srafi/.m2/repository/org/apache/karaf/diagnostic/org.apache.karaf.diagnostic.core/4.2.3-SNAPSHOT/org.apache.karaf.diagnostic.core-4.2.3-SNAPSHOT.pom
[INFO] 
[INFO] --- maven-bundle-plugin:4.1.0:install (default-install) @ org.apache.karaf.diagnostic.core ---
[INFO] Local OBR update disabled (enable with -DobrRepository)
[INFO] 
[INFO] -----------< org.apache.karaf.obr:org.apache.karaf.obr.core >-----------
[INFO] Building Apache Karaf :: OBR :: Core 4.2.3-SNAPSHOT             [69/220]
[INFO] -------------------------------[ bundle ]-------------------------------
[INFO] 
[INFO] --- maven-clean-plugin:3.1.0:clean (default-clean) @ org.apache.karaf.obr.core ---
[INFO] 
[INFO] --- maven-bundle-plugin:4.1.0:cleanVersions (cleanVersions) @ org.apache.karaf.obr.core ---
[INFO] 
[INFO] --- maven-remote-resources-plugin:1.5:process (process-resource-bundles) @ org.apache.karaf.obr.core ---
[INFO] 
[INFO] --- maven-remote-resources-plugin:1.5:process (default) @ org.apache.karaf.obr.core ---
[INFO] 
[INFO] --- maven-resources-plugin:3.1.0:resources (default-resources) @ org.apache.karaf.obr.core ---
[INFO] Using 'UTF-8' encoding to copy filtered resources.
[INFO] Copying 1 resource
[INFO] Copying 1 resource
[INFO] Copying 3 resources
[INFO] Copying 3 resources
[INFO] 
[INFO] --- maven-compiler-plugin:3.8.0:compile (default-compile) @ org.apache.karaf.obr.core ---
[INFO] Changes detected - recompiling the module!
[INFO] Compiling 16 source files to /home/srafi/after-cam-ready/compare_/compile_repair_output/work/f8c14d8531fc/obr/target/classes
[INFO] 
[INFO] --- karaf-services-maven-plugin:4.2.3-SNAPSHOT:service-metadata-generate (service-metadata-generate) @ org.apache.karaf.obr.core ---
[INFO] Activator org.apache.karaf.obr.core.internal.osgi.Activator
[INFO] Service org.apache.karaf.obr.command
[INFO] Service org.apache.karaf.obr.command
[INFO] Service org.apache.karaf.obr.command
[INFO] Service org.apache.karaf.obr.command
[INFO] Service org.apache.karaf.obr.command
[INFO] Service org.apache.karaf.obr.command
[INFO] Service org.apache.karaf.obr.command
[INFO] Service org.apache.karaf.obr.command
[INFO] Service org.apache.karaf.obr.command
[INFO] Service org.apache.karaf.obr.command
[INFO] Service org.apache.karaf.obr.command
[INFO] 
[INFO] --- maven-resources-plugin:3.1.0:testResources (default-testResources) @ org.apache.karaf.obr.core ---
[INFO] Using 'UTF-8' encoding to copy filtered resources.
[INFO] skip non existing resourceDirectory /home/srafi/after-cam-ready/compare_/compile_repair_output/work/f8c14d8531fc/obr/src/test/resources
[INFO] Copying 3 resources
[INFO] Copying 3 resources
[INFO] 
[INFO] --- maven-compiler-plugin:3.8.0:testCompile (default-testCompile) @ org.apache.karaf.obr.core ---
[INFO] No sources to compile
[INFO] 
[INFO] --- maven-surefire-plugin:3.0.0-M8-SNAPSHOT:test (default-test) @ org.apache.karaf.obr.core ---
[INFO] Tests are skipped.
[INFO] 
[INFO] --- maven-bundle-plugin:4.1.0:bundle (default-bundle) @ org.apache.karaf.obr.core ---
[WARNING] Bundle org.apache.karaf.obr:org.apache.karaf.obr.core:bundle:4.2.3-SNAPSHOT : Split package, multiple jars provide the same package:org/apache/karaf/util/tracker
Use Import/Export Package directive -split-package:=(merge-first|merge-last|error|first) to get rid of this warning
Package found in   [Jar:org.apache.karaf.util, Jar:org.apache.karaf.shell.core]
Class path         [Jar:., Jar:org.osgi.core, Jar:org.apache.felix.bundlerepository, Jar:org.apache.karaf.util, Jar:org.apache.felix.utils, Jar:slf4j-api, Jar:org.apache.karaf.jaas.boot, Jar:org.apache.karaf.shell.core, Jar:jline, Jar:sshd-core]
[INFO] 
[INFO] --- maven-site-plugin:3.7.1:attach-descriptor (attach-descriptor) @ org.apache.karaf.obr.core ---
[INFO] Skipping because packaging 'bundle' is not pom.
[INFO] 
[INFO] --- maven-install-plugin:3.0.0-M1:install (default-install) @ org.apache.karaf.obr.core ---
[INFO] Installing /home/srafi/after-cam-ready/compare_/compile_repair_output/work/f8c14d8531fc/obr/target/org.apache.karaf.obr.core-4.2.3-SNAPSHOT.jar to /home/srafi/.m2/repository/org/apache/karaf/obr/org.apache.karaf.obr.core/4.2.3-SNAPSHOT/org.apache.karaf.obr.core-4.2.3-SNAPSHOT.jar
[INFO] Installing /home/srafi/after-cam-ready/compare_/compile_repair_output/work/f8c14d8531fc/obr/pom.xml to /home/srafi/.m2/repository/org/apache/karaf/obr/org.apache.karaf.obr.core/4.2.3-SNAPSHOT/org.apache.karaf.obr.core-4.2.3-SNAPSHOT.pom
[INFO] 
[INFO] --- maven-bundle-plugin:4.1.0:install (default-install) @ org.apache.karaf.obr.core ---
[INFO] Local OBR update disabled (enable with -DobrRepository)
[INFO] 
[INFO] --------< org.apache.karaf.docker:org.apache.karaf.docker.core >--------
[INFO] Building Apache Karaf :: Docker :: Core 4.2.3-SNAPSHOT          [70/220]
[INFO] -------------------------------[ bundle ]-------------------------------
[INFO] Downloading from apache.snapshots: https://repository.apache.org/snapshots/com/fasterxml/jackson/core/jackson-databind/maven-metadata.xml
[INFO] Downloading from central: https://repo.maven.apache.org/maven2/com/fasterxml/jackson/core/jackson-databind/maven-metadata.xml
[INFO] Downloading from apache-snapshots: https://repository.apache.org/content/groups/snapshots-group/com/fasterxml/jackson/core/jackson-databind/maven-metadata.xml
[INFO] Downloading from ops4j.sonatype.snapshots.deploy: https://oss.sonatype.org/content/repositories/ops4j-snapshots/com/fasterxml/jackson/core/jackson-databind/maven-metadata.xml
[INFO] Downloaded from central: https://repo.maven.apache.org/maven2/com/fasterxml/jackson/core/jackson-databind/maven-metadata.xml (7.8 kB at 33 kB/s)
[INFO] 
[INFO] --- maven-clean-plugin:3.1.0:clean (default-clean) @ org.apache.karaf.docker.core ---
[INFO] 
[INFO] --- maven-bundle-plugin:4.1.0:cleanVersions (cleanVersions) @ org.apache.karaf.docker.core ---
[INFO] 
[INFO] --- maven-remote-resources-plugin:1.5:process (process-resource-bundles) @ org.apache.karaf.docker.core ---
[INFO] 
[INFO] --- maven-remote-resources-plugin:1.5:process (default) @ org.apache.karaf.docker.core ---
[INFO] 
[INFO] --- maven-resources-plugin:3.1.0:resources (default-resources) @ org.apache.karaf.docker.core ---
[INFO] Using 'UTF-8' encoding to copy filtered resources.
[INFO] skip non existing resourceDirectory /home/srafi/after-cam-ready/compare_/compile_repair_output/work/f8c14d8531fc/docker/src/main/resources
[INFO] skip non existing resourceDirectory /home/srafi/after-cam-ready/compare_/compile_repair_output/work/f8c14d8531fc/docker/src/main/resources
[INFO] Copying 3 resources
[INFO] Copying 3 resources
[INFO] 
[INFO] --- maven-compiler-plugin:3.8.0:compile (default-compile) @ org.apache.karaf.docker.core ---
[INFO] Changes detected - recompiling the module!
[INFO] Compiling 43 source files to /home/srafi/after-cam-ready/compare_/compile_repair_output/work/f8c14d8531fc/docker/target/classes
[INFO] 
[INFO] --- karaf-services-maven-plugin:4.2.3-SNAPSHOT:service-metadata-generate (service-metadata-generate) @ org.apache.karaf.docker.core ---
[INFO] ------------------------------------------------------------------------
[INFO] Reactor Summary for Apache Karaf 4.2.3-SNAPSHOT:
[INFO] 
[INFO] Apache Karaf ....................................... SUCCESS [  0.596 s]
[INFO] Apache Karaf :: JAAS ............................... SUCCESS [  0.019 s]
[INFO] Apache Karaf :: JAAS :: Boot ....................... SUCCESS [  4.282 s]
[INFO] Apache Karaf :: Util ............................... SUCCESS [  0.547 s]
[INFO] Apache Karaf :: Main ............................... SUCCESS [  0.509 s]
[INFO] Apache Karaf :: Features ........................... SUCCESS [  0.013 s]
[INFO] Apache Karaf :: Features :: Extension .............. SUCCESS [  0.112 s]
[INFO] Apache Karaf :: Service ............................ SUCCESS [  0.014 s]
[INFO] Apache Karaf :: Service :: Guard ................... SUCCESS [  0.314 s]
[INFO] Apache Karaf :: Shell .............................. SUCCESS [  0.014 s]
[INFO] Apache Karaf :: Shell :: Core ...................... SUCCESS [  0.810 s]
[INFO] Apache Karaf :: Tooling ............................ SUCCESS [  0.011 s]
[INFO] Apache Karaf :: Tooling :: Maven Karaf Plugin for Services Metadata SUCCESS [  1.382 s]
[INFO] Apache Karaf :: Features :: Core ................... SUCCESS [  1.347 s]
[INFO] Apache Karaf :: Features :: Command ................ SUCCESS [  0.921 s]
[INFO] Apache Karaf :: KAR :: Core ........................ SUCCESS [  0.568 s]
[INFO] Apache Karaf :: JAAS :: Config ..................... SUCCESS [  0.111 s]
[INFO] Apache Karaf :: JAAS :: Modules .................... SUCCESS [  1.039 s]
[INFO] Apache Karaf :: Bundle ............................. SUCCESS [  0.008 s]
[INFO] Apache Karaf :: Bundle :: Core ..................... SUCCESS [  0.693 s]
[INFO] Apache Karaf :: Bundle :: BlueprintStateService .... SUCCESS [  0.062 s]
[INFO] Apache Karaf :: Bundle :: SpringStateService ....... SUCCESS [  0.110 s]
[INFO] Apache Karaf :: ConfigAdmin :: Core ................ SUCCESS [  0.359 s]
[INFO] Apache Karaf :: Tooling :: Utils ................... SUCCESS [  0.233 s]
[INFO] Apache Karaf :: Deployer ........................... SUCCESS [  0.009 s]
[INFO] Apache Karaf :: Deployer :: Blueprint .............. SUCCESS [  0.124 s]
[INFO] Apache Karaf :: Deployer :: Spring ................. SUCCESS [  0.165 s]
[INFO] Apache Karaf :: Profile :: Core .................... SUCCESS [  1.054 s]
[INFO] Apache Karaf :: Instance :: Core ................... SUCCESS [  0.842 s]
[INFO] Apache Karaf :: Package :: Core .................... SUCCESS [  0.258 s]
[INFO] Apache Karaf :: HTTP :: Core ....................... SUCCESS [  0.672 s]
[INFO] Apache Karaf :: Service :: Core .................... SUCCESS [  0.283 s]
[INFO] Apache Karaf :: Log :: Core ........................ SUCCESS [  0.459 s]
[INFO] Apache Karaf :: Deployer :: Features ............... SUCCESS [  0.427 s]
[INFO] Apache Karaf :: Deployer :: Karaf Archive (.kar) ... SUCCESS [  0.398 s]
[INFO] Apache Karaf :: Deployer :: Wrap Non OSGi Jar ...... SUCCESS [  0.092 s]
[INFO] Apache Karaf :: Shell :: Various Commands .......... SUCCESS [  0.306 s]
[INFO] Apache Karaf :: Shell :: Console ................... SUCCESS [  0.373 s]
[INFO] Apache Karaf :: Shell :: Table ..................... SUCCESS [  0.078 s]
[INFO] Apache Karaf :: Shell :: SSH ....................... SUCCESS [  0.436 s]
[INFO] Apache Karaf :: JAAS :: Jasypt Encryption .......... SUCCESS [  0.093 s]
[INFO] Apache Karaf :: JAAS :: Command .................... SUCCESS [  0.375 s]
[INFO] Apache Karaf :: JAAS :: Blueprint .................. SUCCESS [  0.009 s]
[INFO] Apache Karaf :: JAAS :: Blueprint :: Config ........ SUCCESS [  0.061 s]
[INFO] Apache Karaf :: JAAS :: Blueprint :: Jasypt ........ SUCCESS [  0.113 s]
[INFO] Apache Karaf :: Client ............................. SUCCESS [  0.111 s]
[INFO] Apache Karaf :: Management ......................... SUCCESS [  0.008 s]
[INFO] Apache Karaf :: Management ......................... SUCCESS [  0.249 s]
[INFO] Apache Karaf :: System :: Core ..................... SUCCESS [  0.252 s]
[INFO] Apache Karaf :: Web :: Core ........................ SUCCESS [  0.240 s]
[INFO] Apache Karaf :: Wrapper :: Core .................... SUCCESS [  0.479 s]
[INFO] Apache Karaf :: Web Console ........................ SUCCESS [  0.007 s]
[INFO] Apache Karaf :: Web Console :: Console ............. SUCCESS [  0.170 s]
[INFO] Apache Karaf :: Web Console :: Features Plugin ..... SUCCESS [  0.426 s]
[INFO] Apache Karaf :: Web Console :: Gogo Plugin ......... SUCCESS [  0.386 s]
[INFO] Apache Karaf :: Web Console :: HTTP Plugin ......... SUCCESS [  0.525 s]
[INFO] Apache Karaf :: Web Console :: Instance Plugin ..... SUCCESS [  0.173 s]
[INFO] Apache Karaf :: Scheduler :: Core .................. SUCCESS [  0.496 s]
[INFO] Apache Karaf :: Declarative Services (DS) .......... SUCCESS [  0.008 s]
[INFO] Apache Karaf :: SCR :: Management MBeans ........... SUCCESS [  0.078 s]
[INFO] Apache Karaf :: SCR :: Bundle State ................ SUCCESS [  0.123 s]
[INFO] Apache Karaf :: SCR :: Examples .................... SUCCESS [  0.007 s]
[INFO] Apache Karaf :: SCR :: Examples :: Basic Service ... SUCCESS [  0.043 s]
[INFO] Apache Karaf :: SCR :: Examples :: Managed Services  SUCCESS [  0.050 s]
[INFO] Apache Karaf :: SCR :: Examples :: Component Factories SUCCESS [  0.050 s]
[INFO] Apache Karaf :: Diagnostic ......................... SUCCESS [  0.007 s]
[INFO] Apache Karaf :: Diagnostic :: Boot ................. SUCCESS [  0.064 s]
[INFO] Apache Karaf :: Diagnostic :: Core ................. SUCCESS [  0.500 s]
[INFO] Apache Karaf :: OBR :: Core ........................ SUCCESS [  0.239 s]
[INFO] Apache Karaf :: Docker :: Core ..................... FAILURE [  0.963 s]
[INFO] Apache Karaf :: JNDI :: Core ....................... SKIPPED
[INFO] Apache Karaf :: JDBC :: Core ....................... SKIPPED
[INFO] Apache Karaf :: JMS :: Core ........................ SKIPPED
[INFO] Apache Karaf :: JPA :: Parent ...................... SKIPPED
[INFO] Apache Karaf :: JPA :: Hibernate ................... SKIPPED
[INFO] Apache Karaf :: Maven :: Core ...................... SKIPPED
[INFO] Apache Karaf :: Maven .............................. SKIPPED
[INFO] Apache Karaf :: OSGi Services :: Coordinator ....... SKIPPED
[INFO] Apache Karaf :: OSGi Services :: EventAdmin ........ SKIPPED
[INFO] Apache Karaf :: OSGi Services :: Static ConfigAdmin  SKIPPED
[INFO] Apache Karaf :: OSGi Services ...................... SKIPPED
[INFO] Apache Karaf :: Audit :: Core ...................... SKIPPED
[INFO] Apache Karaf :: Subsystem :: Core .................. SKIPPED
[INFO] Apache Karaf :: OSGi Services :: Event ............. SKIPPED
[INFO] Apache Karaf :: Tooling :: Maven Karaf Plugin ...... SKIPPED
[INFO] Apache Karaf :: Manual ............................. SKIPPED
[INFO] Apache Karaf :: Specs .............................. SKIPPED
[INFO] Apache Karaf :: Specs :: Locator ................... SKIPPED
[INFO] Apache Karaf :: Specs :: Activator ................. SKIPPED
[INFO] Apache Karaf :: Specs :: Java Xml .................. SKIPPED
[INFO] Apache Karaf :: Specs :: Java Xml WS ............... SKIPPED
[INFO] Apache Karaf :: Assemblies ......................... SKIPPED
[INFO] Apache Karaf :: Assemblies :: Features ............. SKIPPED
[INFO] Apache Karaf :: Assemblies :: Features :: Base ..... SKIPPED
[INFO] Apache Karaf :: Assemblies :: Features :: Framework  SKIPPED
[INFO] Apache Karaf :: Assemblies :: Features :: Static ... SKIPPED
[INFO] Apache Karaf :: Assemblies :: Features :: Standard . SKIPPED
[INFO] Apache Karaf :: Assemblies :: Features :: Spring ... SKIPPED
[INFO] Apache Karaf :: Assemblies :: Features :: Spring Legacy SKIPPED
[INFO] Apache Karaf :: Assemblies :: Features :: Enterprise SKIPPED
[INFO] Apache Karaf :: Assemblies :: Features :: Enterprise Legacy SKIPPED
[INFO] Apache Karaf :: Assemblies :: Minimal Distribution . SKIPPED
[INFO] Apache Karaf :: Assemblies :: Default Distribution . SKIPPED
[INFO] Apache Karaf :: Examples ........................... SKIPPED
[INFO] Apache Karaf :: Examples :: Blueprint .............. SKIPPED
[INFO] Apache Karaf :: Examples :: Blueprint :: Common .... SKIPPED
[INFO] Apache Karaf :: Examples :: Blueprint :: Provider .. SKIPPED
[INFO] Apache Karaf :: Examples :: Blueprint :: Client .... SKIPPED
[INFO] Apache Karaf :: Examples :: Blueprint :: Features .. SKIPPED
[INFO] Apache Karaf :: Examples :: Branding ............... SKIPPED
[INFO] Apache Karaf :: Examples :: Bundle ................. SKIPPED
[INFO] Apache Karaf :: Examples :: Bundle :: Common ....... SKIPPED
[INFO] Apache Karaf :: Examples :: Bundle :: Provider ..... SKIPPED
[INFO] Apache Karaf :: Examples :: Bundle :: Client ....... SKIPPED
[INFO] Apache Karaf :: Examples :: Bundle :: Features ..... SKIPPED
[INFO] Apache Karaf :: Examples :: Camel .................. SKIPPED
[INFO] Apache Karaf :: Examples :: Camel :: Java DSL ...... SKIPPED
[INFO] Apache Karaf :: Examples :: Camel :: Blueprint DSL . SKIPPED
[INFO] Apache Karaf :: Examples :: Camel :: Features ...... SKIPPED
[INFO] Apache Karaf :: Examples :: Shell Command .......... SKIPPED
[INFO] Apache Karaf :: Examples :: Shell Command :: API ... SKIPPED
[INFO] Apache Karaf :: Examples :: Shell Command :: Service Provider SKIPPED
[INFO] Apache Karaf :: Examples :: Shell Command :: Command SKIPPED
[INFO] Apache Karaf :: Examples :: Shell Command :: Features SKIPPED
[INFO] Apache Karaf :: Examples :: Configuration .......... SKIPPED
[INFO] Apache Karaf :: Examples :: Configuration :: Static  SKIPPED
[INFO] Apache Karaf :: Examples :: Configuration :: Managed SKIPPED
[INFO] Apache Karaf :: Examples :: Configuration :: Managed Factory SKIPPED
[INFO] Apache Karaf :: Examples :: Configuration :: Listener SKIPPED
[INFO] Apache Karaf :: Examples :: Configuration :: Blueprint SKIPPED
[INFO] Apache Karaf :: Examples :: Configuration :: SCR ... SKIPPED
[INFO] Apache Karaf :: Examples :: Configuration :: Features SKIPPED
[INFO] Apache Karaf :: Examples :: Deployer ............... SKIPPED
[INFO] Apache Karaf :: Examples :: Dump ................... SKIPPED
[INFO] Apache Karaf :: Examples :: HTTP Resource .......... SKIPPED
[INFO] Apache Karaf :: Examples :: HTTP Resource :: Whiteboard SKIPPED
[INFO] Apache Karaf :: Examples :: HTTP Resource :: Features SKIPPED
[INFO] Apache Karaf :: Examples :: Log Appender ........... SKIPPED
[INFO] Apache Karaf :: Examples :: Log Appender :: Core ... SKIPPED
[INFO] Apache Karaf :: Examples :: Log Appender :: Features SKIPPED
[INFO] Apache Karaf :: Examples :: JDBC ................... SKIPPED
[INFO] Apache Karaf :: Examples :: JDBC :: API ............ SKIPPED
[INFO] Apache Karaf :: Examples :: JDBC :: Service Provider SKIPPED
[INFO] Apache Karaf :: Examples :: JDBC :: Command ........ SKIPPED
[INFO] Apache Karaf :: Examples :: JDBC :: Features ....... SKIPPED
[INFO] Apache Karaf :: Examples :: JMS .................... SKIPPED
[INFO] Apache Karaf :: Examples :: JMS :: Command ......... SKIPPED
[INFO] Apache Karaf :: Examples :: JMS :: Features ........ SKIPPED
[INFO] Apache Karaf :: Examples :: JPA .................... SKIPPED
[INFO] Apache Karaf :: Examples :: JPA :: Provider ........ SKIPPED
[INFO] Apache Karaf :: Examples :: JPA :: Provider :: API . SKIPPED
[INFO] Apache Karaf :: Examples :: JPA :: Provider :: Declarative Service SKIPPED
[INFO] Apache Karaf :: Examples :: JPA :: Provider :: Declarative Service :: EclipseLink SKIPPED
[INFO] Apache Karaf :: Examples :: JPA :: Provider :: Declarative Service :: Hibernate SKIPPED
[INFO] Apache Karaf :: Examples :: JPA :: Provider :: Declarative Service :: OpenJPA SKIPPED
[INFO] Apache Karaf :: Examples :: JPA :: Provider :: Blueprint SKIPPED
[INFO] Apache Karaf :: Examples :: JPA :: Provider :: Blueprint :: EclipseLink SKIPPED
[INFO] Apache Karaf :: Examples :: JPA :: Provider :: Blueprint :: Hibernate SKIPPED
[INFO] Apache Karaf :: Examples :: JPA :: Provider :: Blueprint :: OpenJPA SKIPPED
[INFO] Apache Karaf :: Examples :: JPA :: Command ......... SKIPPED
[INFO] Apache Karaf :: Examples :: JPA :: Features ........ SKIPPED
[INFO] Apache Karaf :: Integration Tests .................. SKIPPED
[INFO] Apache Karaf :: Integration Tests :: Common ........ SKIPPED
[INFO] Apache Karaf :: Examples :: Integration Tests ...... SKIPPED
[INFO] Apache Karaf :: Examples :: Maven .................. SKIPPED
[INFO] Apache Karaf :: Examples :: Maven :: Run ........... SKIPPED
[INFO] Apache Karaf :: Examples :: Maven :: Run Bundle .... SKIPPED
[INFO] Apache Karaf :: Examples :: MBean .................. SKIPPED
[INFO] Apache Karaf :: Examples :: MBean :: API ........... SKIPPED
[INFO] Apache Karaf :: Examples :: MBean :: Service Provider SKIPPED
[INFO] Apache Karaf :: Examples :: MBean :: Simple ........ SKIPPED
[INFO] Apache Karaf :: Examples :: MBean :: Blueprint ..... SKIPPED
[INFO] Apache Karaf :: Examples :: MBean :: SCR ........... SKIPPED
[INFO] Apache Karaf :: Examples :: MBean :: Features ...... SKIPPED
[INFO] Apache Karaf :: Examples :: Profile ................ SKIPPED
[INFO] Apache Karaf :: Examples :: Profile :: Registry .... SKIPPED
[INFO] Apache Karaf :: Examples :: Profile :: Dynamic Assembly SKIPPED
[INFO] Apache Karaf :: Examples :: Profile :: Static Assembly SKIPPED
[INFO] Apache Karaf :: Examples :: URL Namespace Handler .. SKIPPED
[INFO] Apache Karaf :: Examples :: URL Namespace Handler :: Core SKIPPED
[INFO] Apache Karaf :: Examples :: URL Namespace Handler :: Features SKIPPED
[INFO] Apache Karaf :: Examples :: REST ................... SKIPPED
[INFO] Apache Karaf :: Examples :: REST :: API ............ SKIPPED
[INFO] Apache Karaf :: Examples :: REST :: Provider ....... SKIPPED
[INFO] Apache Karaf :: Examples :: REST :: Client ......... SKIPPED
[INFO] Apache Karaf :: Examples :: REST :: Client :: Apache CXF SKIPPED
[INFO] Apache Karaf :: Examples :: REST :: Client :: Java HTTP SKIPPED
[INFO] Apache Karaf :: Examples :: REST :: Features ....... SKIPPED
[INFO] Apache Karaf :: Examples :: REST :: Whiteboard ..... SKIPPED
[INFO] Apache Karaf :: Examples :: Servlet ................ SKIPPED
[INFO] Apache Karaf :: Examples :: Servlet :: Annotation .. SKIPPED
[INFO] Apache Karaf :: Examples :: Servlet :: Registration  SKIPPED
[INFO] Apache Karaf :: Examples :: Servlet :: Blueprint ... SKIPPED
[INFO] Apache Karaf :: Examples :: Servlet :: SCR ......... SKIPPED
[INFO] Apache Karaf :: Examples :: Servlet :: Features .... SKIPPED
[INFO] Apache Karaf :: Examples :: Scheduler .............. SKIPPED
[INFO] Apache Karaf :: Examples :: Scheduler :: Runnable .. SKIPPED
[INFO] Apache Karaf :: Examples :: Scheduler :: Features .. SKIPPED
[INFO] Apache Karaf :: Examples :: SCR .................... SKIPPED
[INFO] Apache Karaf :: Examples :: SCR :: API ............. SKIPPED
[INFO] Apache Karaf :: Examples :: SCR :: Service Provider  SKIPPED
[INFO] Apache Karaf :: Examples :: SCR :: Client .......... SKIPPED
[INFO] Apache Karaf :: Examples :: SCR :: Features ........ SKIPPED
[INFO] Apache Karaf :: Examples :: SOAP ................... SKIPPED
[INFO] Apache Karaf :: Examples :: SOAP :: API ............ SKIPPED
[INFO] Apache Karaf :: Examples :: SOAP :: Provider ....... SKIPPED
[INFO] Apache Karaf :: Examples :: SOAP :: Client ......... SKIPPED
[INFO] Apache Karaf :: Examples :: SOAP :: Features ....... SKIPPED
[INFO] Apache Karaf :: Examples :: Websocket .............. SKIPPED
[INFO] Apache Karaf :: Examples :: WAR .................... SKIPPED
[INFO] Apache Karaf :: Examples :: WAR :: WebApp .......... SKIPPED
[INFO] Apache Karaf :: Examples :: WAR :: Features ........ SKIPPED
[INFO] Apache Karaf :: Archetypes ......................... SKIPPED
[INFO] Apache Karaf :: Archetypes :: Assembly Archetype ... SKIPPED
[INFO] Apache Karaf :: Archetypes :: Command Archetype .... SKIPPED
[INFO] Apache Karaf :: Archetypes :: Feature Archetype .... SKIPPED
[INFO] Apache Karaf :: Archetypes :: Kar Archetype ........ SKIPPED
[INFO] Apache Karaf :: Archetypes :: Bundle Archetype ..... SKIPPED
[INFO] Apache Karaf :: Archetypes :: Blueprint Archetype .. SKIPPED
[INFO] Apache Karaf :: Integration Tests :: Tests ......... SKIPPED
[INFO] ------------------------------------------------------------------------
[INFO] BUILD FAILURE
[INFO] ------------------------------------------------------------------------
[INFO] Total time:  27.446 s
[INFO] Finished at: 2026-08-15T15:26:56-04:00
[INFO] ------------------------------------------------------------------------
[ERROR] Failed to execute goal org.apache.karaf.tooling:karaf-services-maven-plugin:4.2.3-SNAPSHOT:service-metadata-generate (service-metadata-generate) on project org.apache.karaf.docker.core: Error building commands help: Unsupported class file major version 61 -> [Help 1]
[ERROR] 
[ERROR] To see the full stack trace of the errors, re-run Maven with the -e switch.
[ERROR] Re-run Maven using the -X switch to enable full debug logging.
[ERROR] 
[ERROR] For more information about the errors and possible solutions, please read the following articles:
[ERROR] [Help 1] http://cwiki.apache.org/confluence/display/MAVEN/MojoExecutionException
[ERROR] 
[ERROR] After correcting the problems, you can resume the build with the command
[ERROR]   mvn <args> -rf :org.apache.karaf.docker.core
