JAVA_HOME=/usr/lib/jvm/java-8-openjdk-amd64
COMMAND=mvn -B clean install -DskipTests -U -pl server -am -Ddependency-check.skip=true -Dgpg.skip=true -DfailIfNoTests=false -Dskip.installnodenpm=true -Dskip.npm=true -Dskip.yarn=true -Dlicense.skip=true -Dcheckstyle.skip=true -Drat.skip=true -Denforcer.skip=true -Danimal.sniffer.skip=true -Dmaven.javadoc.skip=true -Dfindbugs.skip=true -Dspotbugs.skip=true -Dwarbucks.skip=true -Dmodernizer.skip=true -Dimpsort.skip=true -Dmdep.analyze.skip=true -Dpgpverify.skip=true -Dxml.skip=true -Dcobertura.skip=true

[INFO] Scanning for projects...
[INFO] Downloading from central: https://repo.maven.apache.org/maven2/org/springframework/boot/spring-boot-dependencies/1.4.1.RELEASE/spring-boot-dependencies-1.4.1.RELEASE.pom
[INFO] Downloaded from central: https://repo.maven.apache.org/maven2/org/springframework/boot/spring-boot-dependencies/1.4.1.RELEASE/spring-boot-dependencies-1.4.1.RELEASE.pom (88 kB at 346 kB/s)
[INFO] Downloading from central: https://repo.maven.apache.org/maven2/org/springframework/spring-framework-bom/4.3.3.RELEASE/spring-framework-bom-4.3.3.RELEASE.pom
[INFO] Downloaded from central: https://repo.maven.apache.org/maven2/org/springframework/spring-framework-bom/4.3.3.RELEASE/spring-framework-bom-4.3.3.RELEASE.pom (5.1 kB at 155 kB/s)
[INFO] Downloading from central: https://repo.maven.apache.org/maven2/org/springframework/data/spring-data-releasetrain/Hopper-SR3/spring-data-releasetrain-Hopper-SR3.pom
[INFO] Downloaded from central: https://repo.maven.apache.org/maven2/org/springframework/data/spring-data-releasetrain/Hopper-SR3/spring-data-releasetrain-Hopper-SR3.pom (4.4 kB at 129 kB/s)
[INFO] Downloading from central: https://repo.maven.apache.org/maven2/org/springframework/data/build/spring-data-build/1.8.3.RELEASE/spring-data-build-1.8.3.RELEASE.pom
[INFO] Downloaded from central: https://repo.maven.apache.org/maven2/org/springframework/data/build/spring-data-build/1.8.3.RELEASE/spring-data-build-1.8.3.RELEASE.pom (5.4 kB at 155 kB/s)
[INFO] Downloading from central: https://repo.maven.apache.org/maven2/org/springframework/integration/spring-integration-bom/4.3.2.RELEASE/spring-integration-bom-4.3.2.RELEASE.pom
[INFO] Downloaded from central: https://repo.maven.apache.org/maven2/org/springframework/integration/spring-integration-bom/4.3.2.RELEASE/spring-integration-bom-4.3.2.RELEASE.pom (8.5 kB at 282 kB/s)
[INFO] Downloading from central: https://repo.maven.apache.org/maven2/kr/motd/maven/os-maven-plugin/maven-metadata.xml
[INFO] Downloaded from central: https://repo.maven.apache.org/maven2/kr/motd/maven/os-maven-plugin/maven-metadata.xml (879 B at 27 kB/s)
[WARNING] 
[WARNING] Some problems were encountered while building the effective model for timely:timely-common:jar:1.0.1-SNAPSHOT
[WARNING] 'dependencyManagement.dependencies.dependency.systemPath' for collectd:collectd-api:jar refers to a non-existing file /usr/share/collectd/java/collectd-api.jar @ timely:timely:1.0.1-SNAPSHOT, /home/srafi/after-cam-ready/compare_/compile_repair_output/work/d6b8d980ac03/pom.xml, line 306, column 21
[WARNING] 
[WARNING] Some problems were encountered while building the effective model for timely:timely-client:jar:1.0.1-SNAPSHOT
[WARNING] 'dependencyManagement.dependencies.dependency.systemPath' for collectd:collectd-api:jar refers to a non-existing file /usr/share/collectd/java/collectd-api.jar @ timely:timely:1.0.1-SNAPSHOT, /home/srafi/after-cam-ready/compare_/compile_repair_output/work/d6b8d980ac03/pom.xml, line 306, column 21
[WARNING] 
[WARNING] Some problems were encountered while building the effective model for timely:timely-server:jar:1.0.1-SNAPSHOT
[WARNING] 'dependencyManagement.dependencies.dependency.systemPath' for collectd:collectd-api:jar refers to a non-existing file /usr/share/collectd/java/collectd-api.jar @ timely:timely:1.0.1-SNAPSHOT, /home/srafi/after-cam-ready/compare_/compile_repair_output/work/d6b8d980ac03/pom.xml, line 306, column 21
[WARNING] 
[WARNING] Some problems were encountered while building the effective model for timely:timely-app:pom:1.0.1-SNAPSHOT
[WARNING] 'dependencyManagement.dependencies.dependency.systemPath' for collectd:collectd-api:jar refers to a non-existing file /usr/share/collectd/java/collectd-api.jar @ timely:timely:1.0.1-SNAPSHOT, /home/srafi/after-cam-ready/compare_/compile_repair_output/work/d6b8d980ac03/pom.xml, line 306, column 21
[WARNING] 
[WARNING] Some problems were encountered while building the effective model for timely:timely-analytics:jar:1.0.1-SNAPSHOT
[WARNING] 'dependencyManagement.dependencies.dependency.systemPath' for collectd:collectd-api:jar refers to a non-existing file /usr/share/collectd/java/collectd-api.jar @ timely:timely:1.0.1-SNAPSHOT, /home/srafi/after-cam-ready/compare_/compile_repair_output/work/d6b8d980ac03/pom.xml, line 306, column 21
[WARNING] 
[WARNING] Some problems were encountered while building the effective model for timely:timely-balancer:jar:1.0.1-SNAPSHOT
[WARNING] 'dependencies.dependency.(groupId:artifactId:type:classifier)' must be unique: timely:timely-common:jar -> duplicate declaration of version (?) @ line 188, column 17
[WARNING] 'dependencyManagement.dependencies.dependency.systemPath' for collectd:collectd-api:jar refers to a non-existing file /usr/share/collectd/java/collectd-api.jar @ timely:timely:1.0.1-SNAPSHOT, /home/srafi/after-cam-ready/compare_/compile_repair_output/work/d6b8d980ac03/pom.xml, line 306, column 21
[WARNING] 
[WARNING] Some problems were encountered while building the effective model for timely:timely:pom:1.0.1-SNAPSHOT
[WARNING] 'dependencyManagement.dependencies.dependency.systemPath' for collectd:collectd-api:jar refers to a non-existing file /usr/share/collectd/java/collectd-api.jar @ line 306, column 21
[WARNING] 
[WARNING] It is highly recommended to fix these problems because they threaten the stability of your build.
[WARNING] 
[WARNING] For this reason, future Maven versions might no longer support building such malformed projects.
[WARNING] 
Warning: KebabPizza disabling incompatible org.apache.maven.plugins:maven-enforcer-plugin from timely
Warning: KebabPizza disabling incompatible org.jacoco:jacoco-maven-plugin from timely
Warning: KebabPizza disabling incompatible org.apache.maven.plugins:maven-enforcer-plugin from timely-common
Warning: KebabPizza disabling incompatible org.jacoco:jacoco-maven-plugin from timely-common
Warning: KebabPizza disabling incompatible org.apache.maven.plugins:maven-enforcer-plugin from timely-client
Warning: KebabPizza disabling incompatible org.jacoco:jacoco-maven-plugin from timely-client
Warning: KebabPizza disabling incompatible org.apache.maven.plugins:maven-enforcer-plugin from timely-server
Warning: KebabPizza disabling incompatible org.jacoco:jacoco-maven-plugin from timely-server
[INFO] ------------------------------------------------------------------------
[INFO] Detecting the operating system and CPU architecture
[INFO] ------------------------------------------------------------------------
[INFO] os.detected.name: linux
[INFO] os.detected.arch: x86_64
[INFO] os.detected.bitness: 64
[INFO] os.detected.version: 6.8
[INFO] os.detected.version.major: 6
[INFO] os.detected.version.minor: 8
[INFO] os.detected.release: ubuntu
[INFO] os.detected.release.version: 22.04
[INFO] os.detected.release.like.ubuntu: true
[INFO] os.detected.release.like.debian: true
[INFO] os.detected.classifier: linux-x86_64
[INFO] ------------------------------------------------------------------------
[INFO] Reactor Build Order:
[INFO] 
[INFO] Timely                                                             [pom]
[INFO] timely-common                                                      [jar]
[INFO] timely-client                                                      [jar]
[INFO] timely-server                                                      [jar]
[INFO] 
[INFO] ---------------------------< timely:timely >----------------------------
[INFO] Building Timely 1.0.1-SNAPSHOT                                     [1/4]
[INFO] --------------------------------[ pom ]---------------------------------
[INFO] Downloading from central: https://repo.maven.apache.org/maven2/net/revelc/code/formatter/formatter-maven-plugin/2.8.0/formatter-maven-plugin-2.8.0.pom
[INFO] Downloaded from central: https://repo.maven.apache.org/maven2/net/revelc/code/formatter/formatter-maven-plugin/2.8.0/formatter-maven-plugin-2.8.0.pom (27 kB at 219 kB/s)
[INFO] Downloading from central: https://repo.maven.apache.org/maven2/net/revelc/code/formatter/formatter-maven-plugin/2.8.0/formatter-maven-plugin-2.8.0.jar
[INFO] Downloaded from central: https://repo.maven.apache.org/maven2/net/revelc/code/formatter/formatter-maven-plugin/2.8.0/formatter-maven-plugin-2.8.0.jar (56 kB at 387 kB/s)
[INFO] Downloading from central: https://repo.maven.apache.org/maven2/net/revelc/code/impsort-maven-plugin/1.2.0/impsort-maven-plugin-1.2.0.pom
[INFO] Downloaded from central: https://repo.maven.apache.org/maven2/net/revelc/code/impsort-maven-plugin/1.2.0/impsort-maven-plugin-1.2.0.pom (22 kB at 636 kB/s)
[INFO] Downloading from central: https://repo.maven.apache.org/maven2/net/revelc/code/impsort-maven-plugin/1.2.0/impsort-maven-plugin-1.2.0.jar
[INFO] Downloaded from central: https://repo.maven.apache.org/maven2/net/revelc/code/impsort-maven-plugin/1.2.0/impsort-maven-plugin-1.2.0.jar (37 kB at 950 kB/s)
[INFO] Downloading from central: https://repo.maven.apache.org/maven2/com/github/ekryd/sortpom/sortpom-maven-plugin/2.8.0/sortpom-maven-plugin-2.8.0.pom
[INFO] Downloaded from central: https://repo.maven.apache.org/maven2/com/github/ekryd/sortpom/sortpom-maven-plugin/2.8.0/sortpom-maven-plugin-2.8.0.pom (3.4 kB at 91 kB/s)
[INFO] Downloading from central: https://repo.maven.apache.org/maven2/com/github/ekryd/sortpom/sortpom-parent/2.8.0/sortpom-parent-2.8.0.pom
[INFO] Downloaded from central: https://repo.maven.apache.org/maven2/com/github/ekryd/sortpom/sortpom-parent/2.8.0/sortpom-parent-2.8.0.pom (18 kB at 531 kB/s)
[INFO] Downloading from central: https://repo.maven.apache.org/maven2/com/github/ekryd/sortpom/sortpom-maven-plugin/2.8.0/sortpom-maven-plugin-2.8.0.jar
[INFO] Downloaded from central: https://repo.maven.apache.org/maven2/com/github/ekryd/sortpom/sortpom-maven-plugin/2.8.0/sortpom-maven-plugin-2.8.0.jar (19 kB at 524 kB/s)
[INFO] Downloading from central: https://repo.maven.apache.org/maven2/com/github/spotbugs/spotbugs-maven-plugin/3.1.7/spotbugs-maven-plugin-3.1.7.pom
[INFO] Downloaded from central: https://repo.maven.apache.org/maven2/com/github/spotbugs/spotbugs-maven-plugin/3.1.7/spotbugs-maven-plugin-3.1.7.pom (27 kB at 618 kB/s)
[INFO] Downloading from central: https://repo.maven.apache.org/maven2/com/github/spotbugs/spotbugs-maven-plugin/3.1.7/spotbugs-maven-plugin-3.1.7.jar
[INFO] Downloaded from central: https://repo.maven.apache.org/maven2/com/github/spotbugs/spotbugs-maven-plugin/3.1.7/spotbugs-maven-plugin-3.1.7.jar (164 kB at 3.2 MB/s)
[INFO] 
[INFO] --- maven-clean-plugin:2.5:clean (default-clean) @ timely ---
[INFO] 
[INFO] --- buildnumber-maven-plugin:1.4:create (create-buildnumber) @ timely ---
[INFO] Executing: /bin/sh -c cd '/home/srafi/after-cam-ready/compare_/compile_repair_output/work/d6b8d980ac03' && 'git' 'rev-parse' '--verify' 'HEAD'
[INFO] Working directory: /home/srafi/after-cam-ready/compare_/compile_repair_output/work/d6b8d980ac03
[INFO] Storing buildNumber: 3a8cbd3378cffdc96aad1c52e9b0b2e1481ca45f at timestamp: 1786825920254
[WARNING] Cannot get the branch information from the git repository: 
Detecting the current branch failed: fatal: ref HEAD is not a symbolic ref

[INFO] Executing: /bin/sh -c cd '/home/srafi/after-cam-ready/compare_/compile_repair_output/work/d6b8d980ac03' && 'git' 'rev-parse' '--verify' 'HEAD'
[INFO] Working directory: /home/srafi/after-cam-ready/compare_/compile_repair_output/work/d6b8d980ac03
[INFO] Storing buildScmBranch: UNKNOWN
[INFO] 
[INFO] --- sortpom-maven-plugin:2.8.0:sort (sort-pom) @ timely ---
[INFO] Downloading from central: https://repo.maven.apache.org/maven2/com/github/ekryd/sortpom/sortpom-sorter/2.8.0/sortpom-sorter-2.8.0.pom
[INFO] Downloaded from central: https://repo.maven.apache.org/maven2/com/github/ekryd/sortpom/sortpom-sorter/2.8.0/sortpom-sorter-2.8.0.pom (1.3 kB at 35 kB/s)
[INFO] Downloading from central: https://repo.maven.apache.org/maven2/com/github/ekryd/sortpom/sortpom-sorter/2.8.0/sortpom-sorter-2.8.0.jar
[INFO] Downloaded from central: https://repo.maven.apache.org/maven2/com/github/ekryd/sortpom/sortpom-sorter/2.8.0/sortpom-sorter-2.8.0.jar (71 kB at 2.3 MB/s)
[INFO] Sorting file /home/srafi/after-cam-ready/compare_/compile_repair_output/work/d6b8d980ac03/pom.xml
[INFO] Pom file is already sorted, exiting
[INFO] 
[INFO] --- formatter-maven-plugin:2.8.0:format (format-java-source) @ timely ---
[INFO] Downloading from central: https://repo.maven.apache.org/maven2/net/revelc/code/formatter/jsdt-core/2.6.0/jsdt-core-2.6.0.pom
[INFO] Downloaded from central: https://repo.maven.apache.org/maven2/net/revelc/code/formatter/jsdt-core/2.6.0/jsdt-core-2.6.0.pom (14 kB at 468 kB/s)
[INFO] Downloading from central: https://repo.maven.apache.org/maven2/net/sourceforge/cssparser/cssparser/0.9.26/cssparser-0.9.26.pom
[INFO] Downloaded from central: https://repo.maven.apache.org/maven2/net/sourceforge/cssparser/cssparser/0.9.26/cssparser-0.9.26.pom (14 kB at 444 kB/s)
[INFO] Downloading from central: https://repo.maven.apache.org/maven2/org/eclipse/platform/org.eclipse.core.resources/maven-metadata.xml
[INFO] Downloaded from central: https://repo.maven.apache.org/maven2/org/eclipse/platform/org.eclipse.core.resources/maven-metadata.xml (1.5 kB at 47 kB/s)
[INFO] Downloading from central: https://repo.maven.apache.org/maven2/org/eclipse/platform/org.eclipse.core.expressions/maven-metadata.xml
[INFO] Downloaded from central: https://repo.maven.apache.org/maven2/org/eclipse/platform/org.eclipse.core.expressions/maven-metadata.xml (1.0 kB at 17 kB/s)
[INFO] Downloading from central: https://repo.maven.apache.org/maven2/org/eclipse/platform/org.eclipse.core.runtime/maven-metadata.xml
[INFO] Downloaded from central: https://repo.maven.apache.org/maven2/org/eclipse/platform/org.eclipse.core.runtime/maven-metadata.xml (1.4 kB at 38 kB/s)
[INFO] Downloading from central: https://repo.maven.apache.org/maven2/org/eclipse/platform/org.eclipse.osgi/maven-metadata.xml
[INFO] Downloaded from central: https://repo.maven.apache.org/maven2/org/eclipse/platform/org.eclipse.osgi/maven-metadata.xml (1.6 kB at 14 kB/s)
[INFO] Downloading from central: https://repo.maven.apache.org/maven2/org/eclipse/platform/org.eclipse.equinox.common/maven-metadata.xml
[INFO] Downloaded from central: https://repo.maven.apache.org/maven2/org/eclipse/platform/org.eclipse.equinox.common/maven-metadata.xml (1.4 kB at 42 kB/s)
[INFO] Downloading from central: https://repo.maven.apache.org/maven2/org/eclipse/platform/org.eclipse.core.jobs/maven-metadata.xml
[INFO] Downloaded from central: https://repo.maven.apache.org/maven2/org/eclipse/platform/org.eclipse.core.jobs/maven-metadata.xml (1.4 kB at 46 kB/s)
[INFO] Downloading from central: https://repo.maven.apache.org/maven2/org/eclipse/platform/org.eclipse.equinox.registry/maven-metadata.xml
[INFO] Downloaded from central: https://repo.maven.apache.org/maven2/org/eclipse/platform/org.eclipse.equinox.registry/maven-metadata.xml (1.2 kB at 42 kB/s)
[INFO] Downloading from central: https://repo.maven.apache.org/maven2/org/eclipse/platform/org.eclipse.equinox.preferences/maven-metadata.xml
[INFO] Downloaded from central: https://repo.maven.apache.org/maven2/org/eclipse/platform/org.eclipse.equinox.preferences/maven-metadata.xml (1.2 kB at 36 kB/s)
[INFO] Downloading from central: https://repo.maven.apache.org/maven2/org/osgi/org.osgi.service.prefs/maven-metadata.xml
[INFO] Downloaded from central: https://repo.maven.apache.org/maven2/org/osgi/org.osgi.service.prefs/maven-metadata.xml (389 B at 12 kB/s)
[INFO] Downloading from central: https://repo.maven.apache.org/maven2/org/eclipse/platform/org.eclipse.core.contenttype/maven-metadata.xml
[INFO] Downloaded from central: https://repo.maven.apache.org/maven2/org/eclipse/platform/org.eclipse.core.contenttype/maven-metadata.xml (1.1 kB at 40 kB/s)
[INFO] Downloading from central: https://repo.maven.apache.org/maven2/org/eclipse/platform/org.eclipse.equinox.app/maven-metadata.xml
[INFO] Downloaded from central: https://repo.maven.apache.org/maven2/org/eclipse/platform/org.eclipse.equinox.app/maven-metadata.xml (1.1 kB at 37 kB/s)
[INFO] Downloading from central: https://repo.maven.apache.org/maven2/org/eclipse/platform/org.eclipse.core.filesystem/maven-metadata.xml
[INFO] Downloaded from central: https://repo.maven.apache.org/maven2/org/eclipse/platform/org.eclipse.core.filesystem/maven-metadata.xml (1.2 kB at 40 kB/s)
[INFO] Downloading from central: https://repo.maven.apache.org/maven2/org/eclipse/platform/org.eclipse.text/maven-metadata.xml
[INFO] Downloaded from central: https://repo.maven.apache.org/maven2/org/eclipse/platform/org.eclipse.text/maven-metadata.xml (1.2 kB at 21 kB/s)
[INFO] Downloading from central: https://repo.maven.apache.org/maven2/org/eclipse/platform/org.eclipse.core.commands/maven-metadata.xml
[INFO] Downloaded from central: https://repo.maven.apache.org/maven2/org/eclipse/platform/org.eclipse.core.commands/maven-metadata.xml (1.2 kB at 38 kB/s)
[INFO] Downloading from central: https://repo.maven.apache.org/maven2/net/revelc/code/formatter/jsdt-core/2.6.0/jsdt-core-2.6.0.jar
[INFO] Downloading from central: https://repo.maven.apache.org/maven2/net/sourceforge/cssparser/cssparser/0.9.26/cssparser-0.9.26.jar
[INFO] Downloaded from central: https://repo.maven.apache.org/maven2/net/sourceforge/cssparser/cssparser/0.9.26/cssparser-0.9.26.jar (392 kB at 4.8 MB/s)
[INFO] Downloaded from central: https://repo.maven.apache.org/maven2/net/revelc/code/formatter/jsdt-core/2.6.0/jsdt-core-2.6.0.jar (28 MB at 63 MB/s)
[INFO] Using 'UTF-8' encoding to format source files.
[INFO] Number of files to be formatted: 0
[INFO] 
[INFO] --- impsort-maven-plugin:1.2.0:sort (sort-imports) @ timely ---
[INFO] Downloading from central: https://repo.maven.apache.org/maven2/com/github/javaparser/javaparser-core/3.6.12/javaparser-core-3.6.12.pom
[INFO] Downloaded from central: https://repo.maven.apache.org/maven2/com/github/javaparser/javaparser-core/3.6.12/javaparser-core-3.6.12.pom (7.3 kB at 251 kB/s)
[INFO] Downloading from central: https://repo.maven.apache.org/maven2/com/github/javaparser/javaparser-parent/3.6.12/javaparser-parent-3.6.12.pom
[INFO] Downloaded from central: https://repo.maven.apache.org/maven2/com/github/javaparser/javaparser-parent/3.6.12/javaparser-parent-3.6.12.pom (13 kB at 452 kB/s)
[INFO] Downloading from central: https://repo.maven.apache.org/maven2/com/github/javaparser/javaparser-core/3.6.12/javaparser-core-3.6.12.jar
[INFO] Downloaded from central: https://repo.maven.apache.org/maven2/com/github/javaparser/javaparser-core/3.6.12/javaparser-core-3.6.12.jar (1.1 MB at 16 MB/s)
[INFO] Skipping execution of impsort-maven-plugin
[INFO] 
[INFO] >>> spotbugs-maven-plugin:3.1.7:check (spotbugs) > :spotbugs @ timely >>>
[INFO] 
[INFO] --- spotbugs-maven-plugin:3.1.7:spotbugs (spotbugs) @ timely ---
[INFO] Downloading from central: https://repo.maven.apache.org/maven2/com/github/spotbugs/spotbugs/3.1.7/spotbugs-3.1.7.pom
[INFO] Downloaded from central: https://repo.maven.apache.org/maven2/com/github/spotbugs/spotbugs/3.1.7/spotbugs-3.1.7.pom (4.8 kB at 127 kB/s)
[INFO] Downloading from central: https://repo.maven.apache.org/maven2/org/ow2/asm/asm-util/6.2/asm-util-6.2.pom
[INFO] Downloaded from central: https://repo.maven.apache.org/maven2/org/ow2/asm/asm-util/6.2/asm-util-6.2.pom (3.6 kB at 93 kB/s)
[INFO] Downloading from central: https://repo.maven.apache.org/maven2/org/ow2/asm/asm-xml/6.2/asm-xml-6.2.pom
[INFO] Downloaded from central: https://repo.maven.apache.org/maven2/org/ow2/asm/asm-xml/6.2/asm-xml-6.2.pom (3.3 kB at 91 kB/s)
[INFO] Downloading from central: https://repo.maven.apache.org/maven2/com/github/spotbugs/spotbugs-annotations/3.1.7/spotbugs-annotations-3.1.7.pom
[INFO] Downloaded from central: https://repo.maven.apache.org/maven2/com/github/spotbugs/spotbugs-annotations/3.1.7/spotbugs-annotations-3.1.7.pom (2.5 kB at 63 kB/s)
[INFO] Downloading from central: https://repo.maven.apache.org/maven2/org/codehaus/groovy/groovy-dateutil/2.5.3/groovy-dateutil-2.5.3.pom
[INFO] Downloaded from central: https://repo.maven.apache.org/maven2/org/codehaus/groovy/groovy-dateutil/2.5.3/groovy-dateutil-2.5.3.pom (18 kB at 375 kB/s)
[INFO] Downloading from central: https://repo.maven.apache.org/maven2/org/codehaus/groovy/groovy/2.5.3/groovy-2.5.3.pom
[INFO] Downloaded from central: https://repo.maven.apache.org/maven2/org/codehaus/groovy/groovy/2.5.3/groovy-2.5.3.pom (20 kB at 525 kB/s)
[INFO] Downloading from central: https://repo.maven.apache.org/maven2/org/codehaus/groovy/groovy-ant/2.5.3/groovy-ant-2.5.3.pom
[INFO] Downloaded from central: https://repo.maven.apache.org/maven2/org/codehaus/groovy/groovy-ant/2.5.3/groovy-ant-2.5.3.pom (19 kB at 480 kB/s)
[INFO] Downloading from central: https://repo.maven.apache.org/maven2/org/codehaus/groovy/groovy-groovydoc/2.5.3/groovy-groovydoc-2.5.3.pom
[INFO] Downloaded from central: https://repo.maven.apache.org/maven2/org/codehaus/groovy/groovy-groovydoc/2.5.3/groovy-groovydoc-2.5.3.pom (19 kB at 619 kB/s)
[INFO] Downloading from central: https://repo.maven.apache.org/maven2/org/codehaus/groovy/groovy-xml/2.5.3/groovy-xml-2.5.3.pom
[INFO] Downloaded from central: https://repo.maven.apache.org/maven2/org/codehaus/groovy/groovy-xml/2.5.3/groovy-xml-2.5.3.pom (18 kB at 599 kB/s)
[INFO] Downloading from central: https://repo.maven.apache.org/maven2/com/github/spotbugs/spotbugs/3.1.7/spotbugs-3.1.7.jar
[INFO] Downloading from central: https://repo.maven.apache.org/maven2/org/ow2/asm/asm-util/6.2/asm-util-6.2.jar
[INFO] Downloading from central: https://repo.maven.apache.org/maven2/org/ow2/asm/asm-xml/6.2/asm-xml-6.2.jar
[INFO] Downloading from central: https://repo.maven.apache.org/maven2/com/github/spotbugs/spotbugs-annotations/3.1.7/spotbugs-annotations-3.1.7.jar
[INFO] Downloading from central: https://repo.maven.apache.org/maven2/org/codehaus/groovy/groovy-dateutil/2.5.3/groovy-dateutil-2.5.3-indy.jar
[INFO] Downloaded from central: https://repo.maven.apache.org/maven2/org/ow2/asm/asm-xml/6.2/asm-xml-6.2.jar (85 kB at 1.7 MB/s)
[INFO] Downloading from central: https://repo.maven.apache.org/maven2/org/codehaus/groovy/groovy/2.5.3/groovy-2.5.3.jar
[INFO] Downloaded from central: https://repo.maven.apache.org/maven2/com/github/spotbugs/spotbugs-annotations/3.1.7/spotbugs-annotations-3.1.7.jar (15 kB at 285 kB/s)
[INFO] Downloading from central: https://repo.maven.apache.org/maven2/org/codehaus/groovy/groovy-ant/2.5.3/groovy-ant-2.5.3.jar
[INFO] Downloaded from central: https://repo.maven.apache.org/maven2/org/ow2/asm/asm-util/6.2/asm-util-6.2.jar (80 kB at 1.2 MB/s)
[INFO] Downloading from central: https://repo.maven.apache.org/maven2/org/codehaus/groovy/groovy-groovydoc/2.5.3/groovy-groovydoc-2.5.3.jar
[INFO] Downloaded from central: https://repo.maven.apache.org/maven2/com/github/spotbugs/spotbugs/3.1.7/spotbugs-3.1.7.jar (3.4 MB at 53 MB/s)
[INFO] Downloading from central: https://repo.maven.apache.org/maven2/org/codehaus/groovy/groovy-xml/2.5.3/groovy-xml-2.5.3.jar
[INFO] Downloaded from central: https://repo.maven.apache.org/maven2/org/codehaus/groovy/groovy-dateutil/2.5.3/groovy-dateutil-2.5.3-indy.jar (7.4 kB at 107 kB/s)
[INFO] Downloaded from central: https://repo.maven.apache.org/maven2/org/codehaus/groovy/groovy-ant/2.5.3/groovy-ant-2.5.3.jar (74 kB at 806 kB/s)
[INFO] Downloaded from central: https://repo.maven.apache.org/maven2/org/codehaus/groovy/groovy-groovydoc/2.5.3/groovy-groovydoc-2.5.3.jar (143 kB at 1.4 MB/s)
[INFO] Downloaded from central: https://repo.maven.apache.org/maven2/org/codehaus/groovy/groovy-xml/2.5.3/groovy-xml-2.5.3.jar (222 kB at 2.0 MB/s)
[INFO] Downloaded from central: https://repo.maven.apache.org/maven2/org/codehaus/groovy/groovy/2.5.3/groovy-2.5.3.jar (5.5 MB at 37 MB/s)
[INFO] 
[INFO] <<< spotbugs-maven-plugin:3.1.7:check (spotbugs) < :spotbugs @ timely <<<
[INFO] 
[INFO] 
[INFO] --- spotbugs-maven-plugin:3.1.7:check (spotbugs) @ timely ---
[INFO] 
[INFO] --- maven-install-plugin:2.4:install (default-install) @ timely ---
[INFO] Installing /home/srafi/after-cam-ready/compare_/compile_repair_output/work/d6b8d980ac03/pom.xml to /home/srafi/.m2/repository/timely/timely/1.0.1-SNAPSHOT/timely-1.0.1-SNAPSHOT.pom
[INFO] 
[INFO] ------------------------< timely:timely-common >------------------------
[INFO] Building timely-common 1.0.1-SNAPSHOT                              [2/4]
[INFO] --------------------------------[ jar ]---------------------------------
[INFO] Downloading from central: https://repo.maven.apache.org/maven2/org/apache/maven/plugins/maven-jar-plugin/3.0.1/maven-jar-plugin-3.0.1.pom
[INFO] Downloaded from central: https://repo.maven.apache.org/maven2/org/apache/maven/plugins/maven-jar-plugin/3.0.1/maven-jar-plugin-3.0.1.pom (6.2 kB at 137 kB/s)
[INFO] Downloading from central: https://repo.maven.apache.org/maven2/org/apache/maven/plugins/maven-jar-plugin/3.0.1/maven-jar-plugin-3.0.1.jar
[INFO] Downloaded from central: https://repo.maven.apache.org/maven2/org/apache/maven/plugins/maven-jar-plugin/3.0.1/maven-jar-plugin-3.0.1.jar (27 kB at 675 kB/s)
[INFO] 
[INFO] --- maven-clean-plugin:2.5:clean (default-clean) @ timely-common ---
[INFO] 
[INFO] --- buildnumber-maven-plugin:1.4:create (create-buildnumber) @ timely-common ---
[INFO] Executing: /bin/sh -c cd '/home/srafi/after-cam-ready/compare_/compile_repair_output/work/d6b8d980ac03/common' && 'git' 'rev-parse' '--verify' 'HEAD'
[INFO] Working directory: /home/srafi/after-cam-ready/compare_/compile_repair_output/work/d6b8d980ac03/common
[INFO] Storing buildNumber: 3a8cbd3378cffdc96aad1c52e9b0b2e1481ca45f at timestamp: 1786825923129
[WARNING] Cannot get the branch information from the git repository: 
Detecting the current branch failed: fatal: ref HEAD is not a symbolic ref

[INFO] Executing: /bin/sh -c cd '/home/srafi/after-cam-ready/compare_/compile_repair_output/work/d6b8d980ac03/common' && 'git' 'rev-parse' '--verify' 'HEAD'
[INFO] Working directory: /home/srafi/after-cam-ready/compare_/compile_repair_output/work/d6b8d980ac03/common
[INFO] Storing buildScmBranch: UNKNOWN
[INFO] 
[INFO] --- sortpom-maven-plugin:2.8.0:sort (sort-pom) @ timely-common ---
[INFO] Sorting file /home/srafi/after-cam-ready/compare_/compile_repair_output/work/d6b8d980ac03/common/pom.xml
[INFO] Pom file is already sorted, exiting
[INFO] 
[INFO] --- formatter-maven-plugin:2.8.0:format (format-java-source) @ timely-common ---
[INFO] Using 'UTF-8' encoding to format source files.
[INFO] Number of files to be formatted: 1
[INFO] Successfully formatted:          0 file(s)
[INFO] Fail to format:                  0 file(s)
[INFO] Skipped:                         1 file(s)
[INFO] Read only skipped:               0 file(s)
[INFO] Approximate time taken:          0s
[INFO] 
[INFO] --- impsort-maven-plugin:1.2.0:sort (sort-imports) @ timely-common ---
[INFO] Skipping execution of impsort-maven-plugin
[INFO] 
[INFO] --- maven-resources-plugin:3.1.0:resources (default-resources) @ timely-common ---
[INFO] Using 'UTF-8' encoding to copy filtered resources.
[INFO] skip non existing resourceDirectory /home/srafi/after-cam-ready/compare_/compile_repair_output/work/d6b8d980ac03/common/src/main/resources
[INFO] 
[INFO] --- maven-compiler-plugin:3.3:compile (default-compile) @ timely-common ---
[INFO] Changes detected - recompiling the module!
[INFO] Compiling 1 source file to /home/srafi/after-cam-ready/compare_/compile_repair_output/work/d6b8d980ac03/common/target/classes
[INFO] 
[INFO] --- maven-resources-plugin:3.1.0:testResources (default-testResources) @ timely-common ---
[INFO] Using 'UTF-8' encoding to copy filtered resources.
[INFO] skip non existing resourceDirectory /home/srafi/after-cam-ready/compare_/compile_repair_output/work/d6b8d980ac03/common/src/test/resources
[INFO] 
[INFO] --- maven-compiler-plugin:3.3:testCompile (default-testCompile) @ timely-common ---
[INFO] No sources to compile
[INFO] 
[INFO] --- maven-surefire-plugin:3.0.0-M8-SNAPSHOT:test (default-test) @ timely-common ---
[INFO] Downloading from apache.snapshots: https://repository.apache.org/snapshots/org/apache/maven/surefire/maven-surefire-common/3.0.0-M8-SNAPSHOT/maven-metadata.xml
[INFO] Downloading from apache.snapshots: https://repository.apache.org/snapshots/org/apache/maven/surefire/surefire-api/3.0.0-M8-SNAPSHOT/maven-metadata.xml
[INFO] Downloading from apache.snapshots: https://repository.apache.org/snapshots/org/apache/maven/surefire/surefire-logger-api/3.0.0-M8-SNAPSHOT/maven-metadata.xml
[INFO] Downloading from apache.snapshots: https://repository.apache.org/snapshots/org/apache/maven/surefire/surefire-shared-utils/3.0.0-M8-SNAPSHOT/maven-metadata.xml
[INFO] Downloading from apache.snapshots: https://repository.apache.org/snapshots/org/apache/maven/surefire/surefire-extensions-api/3.0.0-M8-SNAPSHOT/maven-metadata.xml
[INFO] Downloading from apache.snapshots: https://repository.apache.org/snapshots/org/apache/maven/surefire/surefire-booter/3.0.0-M8-SNAPSHOT/maven-metadata.xml
[INFO] Downloading from apache.snapshots: https://repository.apache.org/snapshots/org/apache/maven/surefire/surefire-extensions-spi/3.0.0-M8-SNAPSHOT/maven-metadata.xml
[INFO] Tests are skipped.
[INFO] 
[INFO] >>> spotbugs-maven-plugin:3.1.7:check (spotbugs) > :spotbugs @ timely-common >>>
[INFO] 
[INFO] --- spotbugs-maven-plugin:3.1.7:spotbugs (spotbugs) @ timely-common ---
[INFO] 
[INFO] <<< spotbugs-maven-plugin:3.1.7:check (spotbugs) < :spotbugs @ timely-common <<<
[INFO] 
[INFO] 
[INFO] --- spotbugs-maven-plugin:3.1.7:check (spotbugs) @ timely-common ---
[INFO] 
[INFO] --- maven-jar-plugin:3.0.1:jar (default-jar) @ timely-common ---
[INFO] Downloading from central: https://repo.maven.apache.org/maven2/org/apache/maven/maven-archiver/3.1.0/maven-archiver-3.1.0.pom
[INFO] Downloaded from central: https://repo.maven.apache.org/maven2/org/apache/maven/maven-archiver/3.1.0/maven-archiver-3.1.0.pom (4.3 kB at 94 kB/s)
[INFO] Downloading from central: https://repo.maven.apache.org/maven2/org/apache/maven/maven-archiver/3.1.0/maven-archiver-3.1.0.jar
[INFO] Downloaded from central: https://repo.maven.apache.org/maven2/org/apache/maven/maven-archiver/3.1.0/maven-archiver-3.1.0.jar (24 kB at 540 kB/s)
[INFO] Building jar: /home/srafi/after-cam-ready/compare_/compile_repair_output/work/d6b8d980ac03/common/target/timely-common-1.0.1-SNAPSHOT.jar
[INFO] 
[INFO] --- maven-install-plugin:2.4:install (default-install) @ timely-common ---
[INFO] Installing /home/srafi/after-cam-ready/compare_/compile_repair_output/work/d6b8d980ac03/common/target/timely-common-1.0.1-SNAPSHOT.jar to /home/srafi/.m2/repository/timely/timely-common/1.0.1-SNAPSHOT/timely-common-1.0.1-SNAPSHOT.jar
[INFO] Installing /home/srafi/after-cam-ready/compare_/compile_repair_output/work/d6b8d980ac03/common/pom.xml to /home/srafi/.m2/repository/timely/timely-common/1.0.1-SNAPSHOT/timely-common-1.0.1-SNAPSHOT.pom
[INFO] 
[INFO] ------------------------< timely:timely-client >------------------------
[INFO] Building timely-client 1.0.1-SNAPSHOT                              [3/4]
[INFO] --------------------------------[ jar ]---------------------------------
[INFO] Downloading from central: https://repo.maven.apache.org/maven2/org/glassfish/tyrus/tyrus-client/1.13/tyrus-client-1.13.pom
[INFO] Downloaded from central: https://repo.maven.apache.org/maven2/org/glassfish/tyrus/tyrus-client/1.13/tyrus-client-1.13.pom (3.8 kB at 82 kB/s)
[INFO] Downloading from central: https://repo.maven.apache.org/maven2/org/glassfish/tyrus/tyrus-project/1.13/tyrus-project-1.13.pom
[INFO] Downloaded from central: https://repo.maven.apache.org/maven2/org/glassfish/tyrus/tyrus-project/1.13/tyrus-project-1.13.pom (30 kB at 671 kB/s)
[INFO] Downloading from central: https://repo.maven.apache.org/maven2/org/glassfish/tyrus/tyrus-core/1.13/tyrus-core-1.13.pom
[INFO] Downloaded from central: https://repo.maven.apache.org/maven2/org/glassfish/tyrus/tyrus-core/1.13/tyrus-core-1.13.pom (5.7 kB at 121 kB/s)
[INFO] Downloading from central: https://repo.maven.apache.org/maven2/org/glassfish/tyrus/tyrus-spi/1.13/tyrus-spi-1.13.pom
[INFO] Downloaded from central: https://repo.maven.apache.org/maven2/org/glassfish/tyrus/tyrus-spi/1.13/tyrus-spi-1.13.pom (3.4 kB at 62 kB/s)
[INFO] Downloading from central: https://repo.maven.apache.org/maven2/org/glassfish/tyrus/tyrus-container-grizzly-client/1.13/tyrus-container-grizzly-client-1.13.pom
[INFO] Downloaded from central: https://repo.maven.apache.org/maven2/org/glassfish/tyrus/tyrus-container-grizzly-client/1.13/tyrus-container-grizzly-client-1.13.pom (3.9 kB at 83 kB/s)
[INFO] Downloading from central: https://repo.maven.apache.org/maven2/org/glassfish/tyrus/tyrus-containers-project/1.13/tyrus-containers-project-1.13.pom
[INFO] Downloaded from central: https://repo.maven.apache.org/maven2/org/glassfish/tyrus/tyrus-containers-project/1.13/tyrus-containers-project-1.13.pom (3.0 kB at 69 kB/s)
[INFO] Downloading from central: https://repo.maven.apache.org/maven2/org/glassfish/grizzly/grizzly-framework/2.3.25/grizzly-framework-2.3.25.pom
[INFO] Downloaded from central: https://repo.maven.apache.org/maven2/org/glassfish/grizzly/grizzly-framework/2.3.25/grizzly-framework-2.3.25.pom (6.6 kB at 158 kB/s)
[INFO] Downloading from central: https://repo.maven.apache.org/maven2/org/glassfish/grizzly/grizzly-project/2.3.25/grizzly-project-2.3.25.pom
[INFO] Downloaded from central: https://repo.maven.apache.org/maven2/org/glassfish/grizzly/grizzly-project/2.3.25/grizzly-project-2.3.25.pom (21 kB at 498 kB/s)
[INFO] Downloading from central: https://repo.maven.apache.org/maven2/org/glassfish/grizzly/grizzly-bom/2.3.25/grizzly-bom-2.3.25.pom
[INFO] Downloaded from central: https://repo.maven.apache.org/maven2/org/glassfish/grizzly/grizzly-bom/2.3.25/grizzly-bom-2.3.25.pom (11 kB at 234 kB/s)
[INFO] Downloading from central: https://repo.maven.apache.org/maven2/org/glassfish/grizzly/grizzly-http-server/2.3.25/grizzly-http-server-2.3.25.pom
[INFO] Downloaded from central: https://repo.maven.apache.org/maven2/org/glassfish/grizzly/grizzly-http-server/2.3.25/grizzly-http-server-2.3.25.pom (5.3 kB at 113 kB/s)
[INFO] Downloading from central: https://repo.maven.apache.org/maven2/org/glassfish/grizzly/grizzly-http/2.3.25/grizzly-http-2.3.25.pom
[INFO] Downloaded from central: https://repo.maven.apache.org/maven2/org/glassfish/grizzly/grizzly-http/2.3.25/grizzly-http-2.3.25.pom (4.5 kB at 105 kB/s)
[INFO] Downloading from central: https://repo.maven.apache.org/maven2/org/glassfish/tyrus/tyrus-client/1.13/tyrus-client-1.13.jar
[INFO] Downloading from central: https://repo.maven.apache.org/maven2/org/glassfish/tyrus/tyrus-core/1.13/tyrus-core-1.13.jar
[INFO] Downloading from central: https://repo.maven.apache.org/maven2/org/glassfish/tyrus/tyrus-spi/1.13/tyrus-spi-1.13.jar
[INFO] Downloading from central: https://repo.maven.apache.org/maven2/org/glassfish/tyrus/tyrus-container-grizzly-client/1.13/tyrus-container-grizzly-client-1.13.jar
[INFO] Downloading from central: https://repo.maven.apache.org/maven2/org/glassfish/grizzly/grizzly-framework/2.3.25/grizzly-framework-2.3.25.jar
[INFO] Downloaded from central: https://repo.maven.apache.org/maven2/org/glassfish/tyrus/tyrus-container-grizzly-client/1.13/tyrus-container-grizzly-client-1.13.jar (51 kB at 1.3 MB/s)
[INFO] Downloading from central: https://repo.maven.apache.org/maven2/org/glassfish/grizzly/grizzly-http-server/2.3.25/grizzly-http-server-2.3.25.jar
[INFO] Downloaded from central: https://repo.maven.apache.org/maven2/org/glassfish/tyrus/tyrus-core/1.13/tyrus-core-1.13.jar (380 kB at 9.5 MB/s)
[INFO] Downloading from central: https://repo.maven.apache.org/maven2/org/glassfish/grizzly/grizzly-http/2.3.25/grizzly-http-2.3.25.jar
[INFO] Downloaded from central: https://repo.maven.apache.org/maven2/org/glassfish/tyrus/tyrus-client/1.13/tyrus-client-1.13.jar (71 kB at 1.7 MB/s)
[INFO] Downloading from central: https://repo.maven.apache.org/maven2/org/slf4j/slf4j-api/1.7.21/slf4j-api-1.7.21.jar
[INFO] Downloaded from central: https://repo.maven.apache.org/maven2/org/glassfish/tyrus/tyrus-spi/1.13/tyrus-spi-1.13.jar (14 kB at 301 kB/s)
[INFO] Downloading from central: https://repo.maven.apache.org/maven2/org/apache/logging/log4j/log4j-slf4j-impl/2.6.2/log4j-slf4j-impl-2.6.2.jar
[INFO] Downloaded from central: https://repo.maven.apache.org/maven2/org/glassfish/grizzly/grizzly-framework/2.3.25/grizzly-framework-2.3.25.jar (901 kB at 16 MB/s)
[INFO] Downloaded from central: https://repo.maven.apache.org/maven2/org/glassfish/grizzly/grizzly-http/2.3.25/grizzly-http-2.3.25.jar (339 kB at 4.8 MB/s)
[INFO] Downloaded from central: https://repo.maven.apache.org/maven2/org/slf4j/slf4j-api/1.7.21/slf4j-api-1.7.21.jar (0 B at 0 B/s)
[INFO] Downloaded from central: https://repo.maven.apache.org/maven2/org/apache/logging/log4j/log4j-slf4j-impl/2.6.2/log4j-slf4j-impl-2.6.2.jar (23 kB at 294 kB/s)
[INFO] Downloaded from central: https://repo.maven.apache.org/maven2/org/glassfish/grizzly/grizzly-http-server/2.3.25/grizzly-http-server-2.3.25.jar (287 kB at 2.9 MB/s)
[INFO] 
[INFO] --- maven-clean-plugin:2.5:clean (default-clean) @ timely-client ---
[INFO] 
[INFO] --- buildnumber-maven-plugin:1.4:create (create-buildnumber) @ timely-client ---
[INFO] Executing: /bin/sh -c cd '/home/srafi/after-cam-ready/compare_/compile_repair_output/work/d6b8d980ac03/client' && 'git' 'rev-parse' '--verify' 'HEAD'
[INFO] Working directory: /home/srafi/after-cam-ready/compare_/compile_repair_output/work/d6b8d980ac03/client
[INFO] Storing buildNumber: 3a8cbd3378cffdc96aad1c52e9b0b2e1481ca45f at timestamp: 1786825927308
[WARNING] Cannot get the branch information from the git repository: 
Detecting the current branch failed: fatal: ref HEAD is not a symbolic ref

[INFO] Executing: /bin/sh -c cd '/home/srafi/after-cam-ready/compare_/compile_repair_output/work/d6b8d980ac03/client' && 'git' 'rev-parse' '--verify' 'HEAD'
[INFO] Working directory: /home/srafi/after-cam-ready/compare_/compile_repair_output/work/d6b8d980ac03/client
[INFO] Storing buildScmBranch: UNKNOWN
[INFO] 
[INFO] --- sortpom-maven-plugin:2.8.0:sort (sort-pom) @ timely-client ---
[INFO] Sorting file /home/srafi/after-cam-ready/compare_/compile_repair_output/work/d6b8d980ac03/client/pom.xml
[INFO] Pom file is already sorted, exiting
[INFO] 
[INFO] --- formatter-maven-plugin:2.8.0:format (format-java-source) @ timely-client ---
[INFO] Using 'UTF-8' encoding to format source files.
[INFO] Number of files to be formatted: 29
[INFO] Successfully formatted:          0 file(s)
[INFO] Fail to format:                  0 file(s)
[INFO] Skipped:                         29 file(s)
[INFO] Read only skipped:               0 file(s)
[INFO] Approximate time taken:          0s
[INFO] 
[INFO] --- impsort-maven-plugin:1.2.0:sort (sort-imports) @ timely-client ---
[INFO] Skipping execution of impsort-maven-plugin
[INFO] 
[INFO] --- maven-resources-plugin:3.1.0:resources (default-resources) @ timely-client ---
[INFO] Using 'UTF-8' encoding to copy filtered resources.
[INFO] skip non existing resourceDirectory /home/srafi/after-cam-ready/compare_/compile_repair_output/work/d6b8d980ac03/client/src/main/resources
[INFO] 
[INFO] --- maven-resources-plugin:3.1.0:copy-resources (filter-setup) @ timely-client ---
[INFO] Using 'UTF-8' encoding to copy filtered resources.
[INFO] Copying 1 resource
[INFO] 
[INFO] --- maven-compiler-plugin:3.3:compile (default-compile) @ timely-client ---
[INFO] Changes detected - recompiling the module!
[INFO] Compiling 25 source files to /home/srafi/after-cam-ready/compare_/compile_repair_output/work/d6b8d980ac03/client/target/classes
[INFO] 
[INFO] --- maven-resources-plugin:3.1.0:testResources (default-testResources) @ timely-client ---
[INFO] Using 'UTF-8' encoding to copy filtered resources.
[INFO] skip non existing resourceDirectory /home/srafi/after-cam-ready/compare_/compile_repair_output/work/d6b8d980ac03/client/src/test/resources
[INFO] 
[INFO] --- maven-compiler-plugin:3.3:testCompile (default-testCompile) @ timely-client ---
[INFO] Changes detected - recompiling the module!
[INFO] Compiling 4 source files to /home/srafi/after-cam-ready/compare_/compile_repair_output/work/d6b8d980ac03/client/target/test-classes
[INFO] 
[INFO] --- maven-surefire-plugin:3.0.0-M8-SNAPSHOT:test (default-test) @ timely-client ---
[INFO] Tests are skipped.
[INFO] 
[INFO] >>> spotbugs-maven-plugin:3.1.7:check (spotbugs) > :spotbugs @ timely-client >>>
[INFO] 
[INFO] --- spotbugs-maven-plugin:3.1.7:spotbugs (spotbugs) @ timely-client ---
[INFO] 
[INFO] <<< spotbugs-maven-plugin:3.1.7:check (spotbugs) < :spotbugs @ timely-client <<<
[INFO] 
[INFO] 
[INFO] --- spotbugs-maven-plugin:3.1.7:check (spotbugs) @ timely-client ---
[INFO] 
[INFO] --- maven-jar-plugin:3.0.1:jar (default-jar) @ timely-client ---
[INFO] Building jar: /home/srafi/after-cam-ready/compare_/compile_repair_output/work/d6b8d980ac03/client/target/timely-client-1.0.1-SNAPSHOT.jar
[INFO] 
[INFO] --- maven-install-plugin:2.4:install (default-install) @ timely-client ---
[INFO] Installing /home/srafi/after-cam-ready/compare_/compile_repair_output/work/d6b8d980ac03/client/target/timely-client-1.0.1-SNAPSHOT.jar to /home/srafi/.m2/repository/timely/timely-client/1.0.1-SNAPSHOT/timely-client-1.0.1-SNAPSHOT.jar
[INFO] Installing /home/srafi/after-cam-ready/compare_/compile_repair_output/work/d6b8d980ac03/client/pom.xml to /home/srafi/.m2/repository/timely/timely-client/1.0.1-SNAPSHOT/timely-client-1.0.1-SNAPSHOT.pom
[INFO] 
[INFO] ------------------------< timely:timely-server >------------------------
[INFO] Building timely-server 1.0.1-SNAPSHOT                              [4/4]
[INFO] --------------------------------[ jar ]---------------------------------
[INFO] Downloading from central: https://repo.maven.apache.org/maven2/com/github/ben-manes/caffeine/caffeine/2.3.3/caffeine-2.3.3.pom
[INFO] Downloaded from central: https://repo.maven.apache.org/maven2/com/github/ben-manes/caffeine/caffeine/2.3.3/caffeine-2.3.3.pom (4.6 kB at 82 kB/s)
[INFO] Downloading from central: https://repo.maven.apache.org/maven2/com/google/flatbuffers/flatbuffers-java/1.10.0/flatbuffers-java-1.10.0.pom
[INFO] Downloaded from central: https://repo.maven.apache.org/maven2/com/google/flatbuffers/flatbuffers-java/1.10.0/flatbuffers-java-1.10.0.pom (4.2 kB at 71 kB/s)
[INFO] Downloading from central: https://repo.maven.apache.org/maven2/fi/iki/yak/compression-gorilla/2.1.1/compression-gorilla-2.1.1.pom
[INFO] Downloaded from central: https://repo.maven.apache.org/maven2/fi/iki/yak/compression-gorilla/2.1.1/compression-gorilla-2.1.1.pom (7.0 kB at 27 kB/s)
[INFO] Downloading from central: https://repo.maven.apache.org/maven2/org/openjdk/jmh/jmh-core/1.18/jmh-core-1.18.pom
[INFO] Downloaded from central: https://repo.maven.apache.org/maven2/org/openjdk/jmh/jmh-core/1.18/jmh-core-1.18.pom (10 kB at 197 kB/s)
[INFO] Downloading from central: https://repo.maven.apache.org/maven2/org/openjdk/jmh/jmh-parent/1.18/jmh-parent-1.18.pom
[INFO] Downloaded from central: https://repo.maven.apache.org/maven2/org/openjdk/jmh/jmh-parent/1.18/jmh-parent-1.18.pom (5.9 kB at 114 kB/s)
[INFO] Downloading from central: https://repo.maven.apache.org/maven2/io/github/lukehutch/fast-classpath-scanner/2.0.5/fast-classpath-scanner-2.0.5.pom
[INFO] Downloaded from central: https://repo.maven.apache.org/maven2/io/github/lukehutch/fast-classpath-scanner/2.0.5/fast-classpath-scanner-2.0.5.pom (6.6 kB at 19 kB/s)
[INFO] Downloading from central: https://repo.maven.apache.org/maven2/io/netty/netty-all/4.0.56.Final/netty-all-4.0.56.Final.pom
[INFO] Downloaded from central: https://repo.maven.apache.org/maven2/io/netty/netty-all/4.0.56.Final/netty-all-4.0.56.Final.pom (19 kB at 160 kB/s)
[INFO] Downloading from central: https://repo.maven.apache.org/maven2/org/apache/accumulo/accumulo-core/1.7.4/accumulo-core-1.7.4.pom
[INFO] Downloaded from central: https://repo.maven.apache.org/maven2/org/apache/accumulo/accumulo-core/1.7.4/accumulo-core-1.7.4.pom (11 kB at 232 kB/s)
[INFO] Downloading from central: https://repo.maven.apache.org/maven2/org/apache/accumulo/accumulo-project/1.7.4/accumulo-project-1.7.4.pom
[INFO] Downloaded from central: https://repo.maven.apache.org/maven2/org/apache/accumulo/accumulo-project/1.7.4/accumulo-project-1.7.4.pom (57 kB at 1.0 MB/s)
[INFO] Downloading from central: https://repo.maven.apache.org/maven2/org/apache/accumulo/accumulo-fate/1.7.4/accumulo-fate-1.7.4.pom
[INFO] Downloaded from central: https://repo.maven.apache.org/maven2/org/apache/accumulo/accumulo-fate/1.7.4/accumulo-fate-1.7.4.pom (2.3 kB at 43 kB/s)
[INFO] Downloading from central: https://repo.maven.apache.org/maven2/org/apache/accumulo/accumulo-start/1.7.4/accumulo-start-1.7.4.pom
[INFO] Downloaded from central: https://repo.maven.apache.org/maven2/org/apache/accumulo/accumulo-start/1.7.4/accumulo-start-1.7.4.pom (3.5 kB at 66 kB/s)
[INFO] Downloading from central: https://repo.maven.apache.org/maven2/org/apache/commons/commons-vfs2/2.2/commons-vfs2-2.2.pom
[INFO] Downloaded from central: https://repo.maven.apache.org/maven2/org/apache/commons/commons-vfs2/2.2/commons-vfs2-2.2.pom (12 kB at 199 kB/s)
[INFO] Downloading from central: https://repo.maven.apache.org/maven2/org/apache/commons/commons-vfs2-project/2.2/commons-vfs2-project-2.2.pom
[INFO] Downloaded from central: https://repo.maven.apache.org/maven2/org/apache/commons/commons-vfs2-project/2.2/commons-vfs2-project-2.2.pom (21 kB at 397 kB/s)
[INFO] Downloading from central: https://repo.maven.apache.org/maven2/org/apache/hadoop/hadoop-client/2.7.3/hadoop-client-2.7.3.pom
[INFO] Downloaded from central: https://repo.maven.apache.org/maven2/org/apache/hadoop/hadoop-client/2.7.3/hadoop-client-2.7.3.pom (10 kB at 172 kB/s)
[INFO] Downloading from central: https://repo.maven.apache.org/maven2/org/apache/hadoop/hadoop-hdfs/2.7.3/hadoop-hdfs-2.7.3.pom
[INFO] Downloaded from central: https://repo.maven.apache.org/maven2/org/apache/hadoop/hadoop-hdfs/2.7.3/hadoop-hdfs-2.7.3.pom (24 kB at 443 kB/s)
[INFO] Downloading from central: https://repo.maven.apache.org/maven2/org/apache/hadoop/hadoop-mapreduce-client-app/2.7.3/hadoop-mapreduce-client-app-2.7.3.pom
[INFO] Downloaded from central: https://repo.maven.apache.org/maven2/org/apache/hadoop/hadoop-mapreduce-client-app/2.7.3/hadoop-mapreduce-client-app-2.7.3.pom (4.7 kB at 96 kB/s)
[INFO] Downloading from central: https://repo.maven.apache.org/maven2/org/apache/hadoop/hadoop-mapreduce-client-common/2.7.3/hadoop-mapreduce-client-common-2.7.3.pom
[INFO] Downloaded from central: https://repo.maven.apache.org/maven2/org/apache/hadoop/hadoop-mapreduce-client-common/2.7.3/hadoop-mapreduce-client-common-2.7.3.pom (3.3 kB at 73 kB/s)
[INFO] Downloading from central: https://repo.maven.apache.org/maven2/org/apache/hadoop/hadoop-yarn-client/2.7.3/hadoop-yarn-client-2.7.3.pom
[INFO] Downloaded from central: https://repo.maven.apache.org/maven2/org/apache/hadoop/hadoop-yarn-client/2.7.3/hadoop-yarn-client-2.7.3.pom (5.8 kB at 96 kB/s)
[INFO] Downloading from central: https://repo.maven.apache.org/maven2/org/apache/hadoop/hadoop-yarn-server-common/2.7.3/hadoop-yarn-server-common-2.7.3.pom
[INFO] Downloaded from central: https://repo.maven.apache.org/maven2/org/apache/hadoop/hadoop-yarn-server-common/2.7.3/hadoop-yarn-server-common-2.7.3.pom (5.5 kB at 73 kB/s)
[INFO] Downloading from central: https://repo.maven.apache.org/maven2/org/apache/hadoop/hadoop-yarn-server/2.7.3/hadoop-yarn-server-2.7.3.pom
[INFO] Downloaded from central: https://repo.maven.apache.org/maven2/org/apache/hadoop/hadoop-yarn-server/2.7.3/hadoop-yarn-server-2.7.3.pom (1.8 kB at 37 kB/s)
[INFO] Downloading from central: https://repo.maven.apache.org/maven2/org/apache/hadoop/hadoop-mapreduce-client-shuffle/2.7.3/hadoop-mapreduce-client-shuffle-2.7.3.pom
[INFO] Downloaded from central: https://repo.maven.apache.org/maven2/org/apache/hadoop/hadoop-mapreduce-client-shuffle/2.7.3/hadoop-mapreduce-client-shuffle-2.7.3.pom (3.1 kB at 65 kB/s)
[INFO] Downloading from central: https://repo.maven.apache.org/maven2/org/apache/hadoop/hadoop-mapreduce-client-jobclient/2.7.3/hadoop-mapreduce-client-jobclient-2.7.3.pom
[INFO] Downloaded from central: https://repo.maven.apache.org/maven2/org/apache/hadoop/hadoop-mapreduce-client-jobclient/2.7.3/hadoop-mapreduce-client-jobclient-2.7.3.pom (5.9 kB at 128 kB/s)
[INFO] Downloading from central: https://repo.maven.apache.org/maven2/org/apache/hadoop/hadoop-yarn-server-nodemanager/2.7.3/hadoop-yarn-server-nodemanager-2.7.3.pom
[INFO] Downloaded from central: https://repo.maven.apache.org/maven2/org/apache/hadoop/hadoop-yarn-server-nodemanager/2.7.3/hadoop-yarn-server-nodemanager-2.7.3.pom (11 kB at 250 kB/s)
[INFO] Downloading from central: https://repo.maven.apache.org/maven2/org/apache/accumulo/accumulo-minicluster/1.7.4/accumulo-minicluster-1.7.4.pom
[INFO] Downloaded from central: https://repo.maven.apache.org/maven2/org/apache/accumulo/accumulo-minicluster/1.7.4/accumulo-minicluster-1.7.4.pom (5.1 kB at 113 kB/s)
[INFO] Downloading from central: https://repo.maven.apache.org/maven2/org/apache/accumulo/accumulo-gc/1.7.4/accumulo-gc-1.7.4.pom
[INFO] Downloaded from central: https://repo.maven.apache.org/maven2/org/apache/accumulo/accumulo-gc/1.7.4/accumulo-gc-1.7.4.pom (3.2 kB at 70 kB/s)
[INFO] Downloading from central: https://repo.maven.apache.org/maven2/org/apache/accumulo/accumulo-server-base/1.7.4/accumulo-server-base-1.7.4.pom
[INFO] Downloaded from central: https://repo.maven.apache.org/maven2/org/apache/accumulo/accumulo-server-base/1.7.4/accumulo-server-base-1.7.4.pom (5.1 kB at 116 kB/s)
[INFO] Downloading from central: https://repo.maven.apache.org/maven2/org/apache/accumulo/accumulo-master/1.7.4/accumulo-master-1.7.4.pom
[INFO] Downloaded from central: https://repo.maven.apache.org/maven2/org/apache/accumulo/accumulo-master/1.7.4/accumulo-master-1.7.4.pom (3.5 kB at 77 kB/s)
[INFO] Downloading from central: https://repo.maven.apache.org/maven2/org/apache/accumulo/accumulo-monitor/1.7.4/accumulo-monitor-1.7.4.pom
[INFO] Downloaded from central: https://repo.maven.apache.org/maven2/org/apache/accumulo/accumulo-monitor/1.7.4/accumulo-monitor-1.7.4.pom (5.9 kB at 21 kB/s)
[INFO] Downloading from central: https://repo.maven.apache.org/maven2/org/apache/accumulo/accumulo-shell/1.7.4/accumulo-shell-1.7.4.pom
[INFO] Downloaded from central: https://repo.maven.apache.org/maven2/org/apache/accumulo/accumulo-shell/1.7.4/accumulo-shell-1.7.4.pom (4.4 kB at 15 kB/s)
[INFO] Downloading from central: https://repo.maven.apache.org/maven2/org/apache/accumulo/accumulo-tracer/1.7.4/accumulo-tracer-1.7.4.pom
[INFO] Downloaded from central: https://repo.maven.apache.org/maven2/org/apache/accumulo/accumulo-tracer/1.7.4/accumulo-tracer-1.7.4.pom (4.0 kB at 68 kB/s)
[INFO] Downloading from central: https://repo.maven.apache.org/maven2/org/apache/accumulo/accumulo-tserver/1.7.4/accumulo-tserver-1.7.4.pom
[INFO] Downloaded from central: https://repo.maven.apache.org/maven2/org/apache/accumulo/accumulo-tserver/1.7.4/accumulo-tserver-1.7.4.pom (4.9 kB at 106 kB/s)
[INFO] Downloading from central: https://repo.maven.apache.org/maven2/org/apache/hadoop/hadoop-minicluster/2.7.3/hadoop-minicluster-2.7.3.pom
[INFO] Downloaded from central: https://repo.maven.apache.org/maven2/org/apache/hadoop/hadoop-minicluster/2.7.3/hadoop-minicluster-2.7.3.pom (3.2 kB at 12 kB/s)
[INFO] Downloading from central: https://repo.maven.apache.org/maven2/org/apache/hadoop/hadoop-yarn-server-tests/2.7.3/hadoop-yarn-server-tests-2.7.3.pom
[INFO] Downloaded from central: https://repo.maven.apache.org/maven2/org/apache/hadoop/hadoop-yarn-server-tests/2.7.3/hadoop-yarn-server-tests-2.7.3.pom (5.9 kB at 46 kB/s)
[INFO] Downloading from central: https://repo.maven.apache.org/maven2/org/apache/hadoop/hadoop-yarn-server-resourcemanager/2.7.3/hadoop-yarn-server-resourcemanager-2.7.3.pom
[INFO] Downloaded from central: https://repo.maven.apache.org/maven2/org/apache/hadoop/hadoop-yarn-server-resourcemanager/2.7.3/hadoop-yarn-server-resourcemanager-2.7.3.pom (12 kB at 50 kB/s)
[INFO] Downloading from central: https://repo.maven.apache.org/maven2/org/apache/hadoop/hadoop-yarn-server-applicationhistoryservice/2.7.3/hadoop-yarn-server-applicationhistoryservice-2.7.3.pom
[INFO] Downloaded from central: https://repo.maven.apache.org/maven2/org/apache/hadoop/hadoop-yarn-server-applicationhistoryservice/2.7.3/hadoop-yarn-server-applicationhistoryservice-2.7.3.pom (7.8 kB at 63 kB/s)
[INFO] Downloading from central: https://repo.maven.apache.org/maven2/org/apache/hadoop/hadoop-yarn-server-web-proxy/2.7.3/hadoop-yarn-server-web-proxy-2.7.3.pom
[INFO] Downloaded from central: https://repo.maven.apache.org/maven2/org/apache/hadoop/hadoop-yarn-server-web-proxy/2.7.3/hadoop-yarn-server-web-proxy-2.7.3.pom (4.0 kB at 31 kB/s)
[INFO] Downloading from central: https://repo.maven.apache.org/maven2/org/apache/hadoop/hadoop-mapreduce-client-hs/2.7.3/hadoop-mapreduce-client-hs-2.7.3.pom
[INFO] Downloaded from central: https://repo.maven.apache.org/maven2/org/apache/hadoop/hadoop-mapreduce-client-hs/2.7.3/hadoop-mapreduce-client-hs-2.7.3.pom (2.9 kB at 11 kB/s)
[INFO] Downloading from central: https://repo.maven.apache.org/maven2/org/springframework/boot/spring-boot-starter/1.4.1.RELEASE/spring-boot-starter-1.4.1.RELEASE.pom
[INFO] Downloaded from central: https://repo.maven.apache.org/maven2/org/springframework/boot/spring-boot-starter/1.4.1.RELEASE/spring-boot-starter-1.4.1.RELEASE.pom (1.7 kB at 33 kB/s)
[INFO] Downloading from central: https://repo.maven.apache.org/maven2/org/springframework/boot/spring-boot-starters/1.4.1.RELEASE/spring-boot-starters-1.4.1.RELEASE.pom
[INFO] Downloaded from central: https://repo.maven.apache.org/maven2/org/springframework/boot/spring-boot-starters/1.4.1.RELEASE/spring-boot-starters-1.4.1.RELEASE.pom (6.6 kB at 141 kB/s)
[INFO] Downloading from central: https://repo.maven.apache.org/maven2/org/springframework/boot/spring-boot-parent/1.4.1.RELEASE/spring-boot-parent-1.4.1.RELEASE.pom
[INFO] Downloaded from central: https://repo.maven.apache.org/maven2/org/springframework/boot/spring-boot-parent/1.4.1.RELEASE/spring-boot-parent-1.4.1.RELEASE.pom (26 kB at 598 kB/s)
[INFO] Downloading from central: https://repo.maven.apache.org/maven2/org/springframework/boot/spring-boot/1.4.1.RELEASE/spring-boot-1.4.1.RELEASE.pom
[INFO] Downloaded from central: https://repo.maven.apache.org/maven2/org/springframework/boot/spring-boot/1.4.1.RELEASE/spring-boot-1.4.1.RELEASE.pom (10 kB at 224 kB/s)
[INFO] Downloading from central: https://repo.maven.apache.org/maven2/org/springframework/spring-core/4.3.3.RELEASE/spring-core-4.3.3.RELEASE.pom
[INFO] Downloaded from central: https://repo.maven.apache.org/maven2/org/springframework/spring-core/4.3.3.RELEASE/spring-core-4.3.3.RELEASE.pom (2.5 kB at 39 kB/s)
[INFO] Downloading from central: https://repo.maven.apache.org/maven2/org/springframework/spring-context/4.3.3.RELEASE/spring-context-4.3.3.RELEASE.pom
[INFO] Downloaded from central: https://repo.maven.apache.org/maven2/org/springframework/spring-context/4.3.3.RELEASE/spring-context-4.3.3.RELEASE.pom (5.0 kB at 73 kB/s)
[INFO] Downloading from central: https://repo.maven.apache.org/maven2/org/springframework/spring-aop/4.3.3.RELEASE/spring-aop-4.3.3.RELEASE.pom
[INFO] Downloaded from central: https://repo.maven.apache.org/maven2/org/springframework/spring-aop/4.3.3.RELEASE/spring-aop-4.3.3.RELEASE.pom (2.7 kB at 38 kB/s)
[INFO] Downloading from central: https://repo.maven.apache.org/maven2/org/springframework/spring-beans/4.3.3.RELEASE/spring-beans-4.3.3.RELEASE.pom
[INFO] Downloaded from central: https://repo.maven.apache.org/maven2/org/springframework/spring-beans/4.3.3.RELEASE/spring-beans-4.3.3.RELEASE.pom (2.5 kB at 45 kB/s)
[INFO] Downloading from central: https://repo.maven.apache.org/maven2/org/springframework/spring-expression/4.3.3.RELEASE/spring-expression-4.3.3.RELEASE.pom
[INFO] Downloaded from central: https://repo.maven.apache.org/maven2/org/springframework/spring-expression/4.3.3.RELEASE/spring-expression-4.3.3.RELEASE.pom (1.7 kB at 31 kB/s)
[INFO] Downloading from central: https://repo.maven.apache.org/maven2/org/springframework/boot/spring-boot-autoconfigure/1.4.1.RELEASE/spring-boot-autoconfigure-1.4.1.RELEASE.pom
[INFO] Downloaded from central: https://repo.maven.apache.org/maven2/org/springframework/boot/spring-boot-autoconfigure/1.4.1.RELEASE/spring-boot-autoconfigure-1.4.1.RELEASE.pom (20 kB at 355 kB/s)
[INFO] Downloading from central: https://repo.maven.apache.org/maven2/org/springframework/boot/spring-boot-starter-log4j2/1.4.1.RELEASE/spring-boot-starter-log4j2-1.4.1.RELEASE.pom
[INFO] Downloaded from central: https://repo.maven.apache.org/maven2/org/springframework/boot/spring-boot-starter-log4j2/1.4.1.RELEASE/spring-boot-starter-log4j2-1.4.1.RELEASE.pom (1.5 kB at 12 kB/s)
[INFO] Downloading from central: https://repo.maven.apache.org/maven2/org/slf4j/jcl-over-slf4j/1.7.21/jcl-over-slf4j-1.7.21.pom
[INFO] Downloaded from central: https://repo.maven.apache.org/maven2/org/slf4j/jcl-over-slf4j/1.7.21/jcl-over-slf4j-1.7.21.pom (0 B at 0 B/s)
[INFO] Downloading from central: https://repo.maven.apache.org/maven2/org/slf4j/jul-to-slf4j/1.7.21/jul-to-slf4j-1.7.21.pom
[INFO] Downloaded from central: https://repo.maven.apache.org/maven2/org/slf4j/jul-to-slf4j/1.7.21/jul-to-slf4j-1.7.21.pom (986 B at 21 kB/s)
[INFO] Downloading from central: https://repo.maven.apache.org/maven2/org/springframework/boot/spring-boot-starter-validation/1.4.1.RELEASE/spring-boot-starter-validation-1.4.1.RELEASE.pom
[INFO] Downloaded from central: https://repo.maven.apache.org/maven2/org/springframework/boot/spring-boot-starter-validation/1.4.1.RELEASE/spring-boot-starter-validation-1.4.1.RELEASE.pom (1.3 kB at 15 kB/s)
[INFO] Downloading from central: https://repo.maven.apache.org/maven2/org/springframework/boot/spring-boot-starter-logging/1.4.1.RELEASE/spring-boot-starter-logging-1.4.1.RELEASE.pom
[INFO] Downloaded from central: https://repo.maven.apache.org/maven2/org/springframework/boot/spring-boot-starter-logging/1.4.1.RELEASE/spring-boot-starter-logging-1.4.1.RELEASE.pom (1.3 kB at 25 kB/s)
[INFO] Downloading from central: https://repo.maven.apache.org/maven2/ch/qos/logback/logback-classic/1.1.7/logback-classic-1.1.7.pom
[INFO] Downloaded from central: https://repo.maven.apache.org/maven2/ch/qos/logback/logback-classic/1.1.7/logback-classic-1.1.7.pom (13 kB at 233 kB/s)
[INFO] Downloading from central: https://repo.maven.apache.org/maven2/ch/qos/logback/logback-parent/1.1.7/logback-parent-1.1.7.pom
[INFO] Downloaded from central: https://repo.maven.apache.org/maven2/ch/qos/logback/logback-parent/1.1.7/logback-parent-1.1.7.pom (17 kB at 318 kB/s)
[INFO] Downloading from central: https://repo.maven.apache.org/maven2/ch/qos/logback/logback-core/1.1.7/logback-core-1.1.7.pom
[INFO] Downloaded from central: https://repo.maven.apache.org/maven2/ch/qos/logback/logback-core/1.1.7/logback-core-1.1.7.pom (4.4 kB at 90 kB/s)
[INFO] Downloading from central: https://repo.maven.apache.org/maven2/org/slf4j/log4j-over-slf4j/1.7.21/log4j-over-slf4j-1.7.21.pom
[INFO] Downloaded from central: https://repo.maven.apache.org/maven2/org/slf4j/log4j-over-slf4j/1.7.21/log4j-over-slf4j-1.7.21.pom (1.1 kB at 20 kB/s)
[INFO] Downloading from central: https://repo.maven.apache.org/maven2/org/apache/tomcat/embed/tomcat-embed-el/8.5.5/tomcat-embed-el-8.5.5.pom
[INFO] Downloaded from central: https://repo.maven.apache.org/maven2/org/apache/tomcat/embed/tomcat-embed-el/8.5.5/tomcat-embed-el-8.5.5.pom (1.3 kB at 27 kB/s)
[INFO] Downloading from central: https://repo.maven.apache.org/maven2/org/springframework/security/spring-security-config/4.1.3.RELEASE/spring-security-config-4.1.3.RELEASE.pom
[INFO] Downloaded from central: https://repo.maven.apache.org/maven2/org/springframework/security/spring-security-config/4.1.3.RELEASE/spring-security-config-4.1.3.RELEASE.pom (13 kB at 268 kB/s)
[INFO] Downloading from central: https://repo.maven.apache.org/maven2/org/springframework/spring-framework-bom/4.3.2.RELEASE/spring-framework-bom-4.3.2.RELEASE.pom
[INFO] Downloaded from central: https://repo.maven.apache.org/maven2/org/springframework/spring-framework-bom/4.3.2.RELEASE/spring-framework-bom-4.3.2.RELEASE.pom (5.1 kB at 104 kB/s)
[INFO] Downloading from central: https://repo.maven.apache.org/maven2/org/springframework/security/spring-security-core/4.1.3.RELEASE/spring-security-core-4.1.3.RELEASE.pom
[INFO] Downloaded from central: https://repo.maven.apache.org/maven2/org/springframework/security/spring-security-core/4.1.3.RELEASE/spring-security-core-4.1.3.RELEASE.pom (8.7 kB at 185 kB/s)
[INFO] Downloading from central: https://repo.maven.apache.org/maven2/org/springframework/security/spring-security-web/4.1.3.RELEASE/spring-security-web-4.1.3.RELEASE.pom
[INFO] Downloaded from central: https://repo.maven.apache.org/maven2/org/springframework/security/spring-security-web/4.1.3.RELEASE/spring-security-web-4.1.3.RELEASE.pom (7.7 kB at 174 kB/s)
[INFO] Downloading from central: https://repo.maven.apache.org/maven2/org/springframework/spring-web/4.3.3.RELEASE/spring-web-4.3.3.RELEASE.pom
[INFO] Downloaded from central: https://repo.maven.apache.org/maven2/org/springframework/spring-web/4.3.3.RELEASE/spring-web-4.3.3.RELEASE.pom (8.0 kB at 181 kB/s)
[INFO] Downloading from central: https://repo.maven.apache.org/maven2/io/netty/netty-tcnative/2.0.7.Final/netty-tcnative-2.0.7.Final.pom
[INFO] Downloaded from central: https://repo.maven.apache.org/maven2/io/netty/netty-tcnative/2.0.7.Final/netty-tcnative-2.0.7.Final.pom (7.2 kB at 185 kB/s)
[INFO] Downloading from central: https://repo.maven.apache.org/maven2/io/netty/netty-tcnative-parent/2.0.7.Final/netty-tcnative-parent-2.0.7.Final.pom
[INFO] Downloaded from central: https://repo.maven.apache.org/maven2/io/netty/netty-tcnative-parent/2.0.7.Final/netty-tcnative-parent-2.0.7.Final.pom (20 kB at 439 kB/s)
[INFO] Downloading from central: https://repo.maven.apache.org/maven2/org/jsoup/jsoup/1.9.2/jsoup-1.9.2.pom
[INFO] Downloaded from central: https://repo.maven.apache.org/maven2/org/jsoup/jsoup/1.9.2/jsoup-1.9.2.pom (6.5 kB at 144 kB/s)
[INFO] Downloading from central: https://repo.maven.apache.org/maven2/org/springframework/boot/spring-boot-test-autoconfigure/1.4.1.RELEASE/spring-boot-test-autoconfigure-1.4.1.RELEASE.pom
[INFO] Downloaded from central: https://repo.maven.apache.org/maven2/org/springframework/boot/spring-boot-test-autoconfigure/1.4.1.RELEASE/spring-boot-test-autoconfigure-1.4.1.RELEASE.pom (5.2 kB at 93 kB/s)
[INFO] Downloading from central: https://repo.maven.apache.org/maven2/org/springframework/boot/spring-boot-test/1.4.1.RELEASE/spring-boot-test-1.4.1.RELEASE.pom
[INFO] Downloaded from central: https://repo.maven.apache.org/maven2/org/springframework/boot/spring-boot-test/1.4.1.RELEASE/spring-boot-test-1.4.1.RELEASE.pom (4.4 kB at 93 kB/s)
[INFO] Downloading from central: https://repo.maven.apache.org/maven2/io/netty/netty-transport-native-epoll/4.0.56.Final/netty-transport-native-epoll-4.0.56.Final.pom
[INFO] Downloaded from central: https://repo.maven.apache.org/maven2/io/netty/netty-transport-native-epoll/4.0.56.Final/netty-transport-native-epoll-4.0.56.Final.pom (9.2 kB at 201 kB/s)
[INFO] Downloading from central: https://repo.maven.apache.org/maven2/com/github/ben-manes/caffeine/caffeine/2.3.3/caffeine-2.3.3.jar
[INFO] Downloading from central: https://repo.maven.apache.org/maven2/com/google/flatbuffers/flatbuffers-java/1.10.0/flatbuffers-java-1.10.0.jar
[INFO] Downloading from central: https://repo.maven.apache.org/maven2/fi/iki/yak/compression-gorilla/2.1.1/compression-gorilla-2.1.1.jar
[INFO] Downloading from central: https://repo.maven.apache.org/maven2/io/github/lukehutch/fast-classpath-scanner/2.0.5/fast-classpath-scanner-2.0.5.jar
[INFO] Downloading from central: https://repo.maven.apache.org/maven2/org/openjdk/jmh/jmh-core/1.18/jmh-core-1.18.jar
[INFO] Downloaded from central: https://repo.maven.apache.org/maven2/com/google/flatbuffers/flatbuffers-java/1.10.0/flatbuffers-java-1.10.0.jar (19 kB at 536 kB/s)
[INFO] Downloading from central: https://repo.maven.apache.org/maven2/io/netty/netty-all/4.0.56.Final/netty-all-4.0.56.Final.jar
[INFO] Downloaded from central: https://repo.maven.apache.org/maven2/io/github/lukehutch/fast-classpath-scanner/2.0.5/fast-classpath-scanner-2.0.5.jar (169 kB at 4.1 MB/s)
[INFO] Downloading from central: https://repo.maven.apache.org/maven2/org/apache/accumulo/accumulo-core/1.7.4/accumulo-core-1.7.4.jar
[INFO] Downloaded from central: https://repo.maven.apache.org/maven2/com/github/ben-manes/caffeine/caffeine/2.3.3/caffeine-2.3.3.jar (966 kB at 18 MB/s)
[INFO] Downloading from central: https://repo.maven.apache.org/maven2/org/apache/accumulo/accumulo-fate/1.7.4/accumulo-fate-1.7.4.jar
[INFO] Downloaded from central: https://repo.maven.apache.org/maven2/org/openjdk/jmh/jmh-core/1.18/jmh-core-1.18.jar (499 kB at 8.1 MB/s)
[INFO] Downloading from central: https://repo.maven.apache.org/maven2/org/apache/accumulo/accumulo-start/1.7.4/accumulo-start-1.7.4.jar
[INFO] Downloaded from central: https://repo.maven.apache.org/maven2/io/netty/netty-all/4.0.56.Final/netty-all-4.0.56.Final.jar (2.3 MB at 23 MB/s)
[INFO] Downloading from central: https://repo.maven.apache.org/maven2/org/apache/commons/commons-vfs2/2.2/commons-vfs2-2.2.jar
[INFO] Downloaded from central: https://repo.maven.apache.org/maven2/org/apache/accumulo/accumulo-fate/1.7.4/accumulo-fate-1.7.4.jar (122 kB at 1.2 MB/s)
[INFO] Downloading from central: https://repo.maven.apache.org/maven2/org/apache/thrift/libthrift/0.9.1/libthrift-0.9.1.jar
[INFO] Downloaded from central: https://repo.maven.apache.org/maven2/org/apache/accumulo/accumulo-start/1.7.4/accumulo-start-1.7.4.jar (52 kB at 478 kB/s)
[INFO] Downloading from central: https://repo.maven.apache.org/maven2/org/apache/accumulo/accumulo-minicluster/1.7.4/accumulo-minicluster-1.7.4.jar
[INFO] Downloaded from central: https://repo.maven.apache.org/maven2/org/apache/commons/commons-vfs2/2.2/commons-vfs2-2.2.jar (442 kB at 3.3 MB/s)
[INFO] Downloading from central: https://repo.maven.apache.org/maven2/org/apache/accumulo/accumulo-gc/1.7.4/accumulo-gc-1.7.4.jar
[INFO] Downloaded from central: https://repo.maven.apache.org/maven2/org/apache/accumulo/accumulo-core/1.7.4/accumulo-core-1.7.4.jar (4.9 MB at 36 MB/s)
[INFO] Downloading from central: https://repo.maven.apache.org/maven2/org/apache/accumulo/accumulo-master/1.7.4/accumulo-master-1.7.4.jar
[INFO] Downloaded from central: https://repo.maven.apache.org/maven2/org/apache/accumulo/accumulo-minicluster/1.7.4/accumulo-minicluster-1.7.4.jar (83 kB at 542 kB/s)
[INFO] Downloading from central: https://repo.maven.apache.org/maven2/org/apache/accumulo/accumulo-monitor/1.7.4/accumulo-monitor-1.7.4.jar
[INFO] Downloaded from central: https://repo.maven.apache.org/maven2/org/apache/thrift/libthrift/0.9.1/libthrift-0.9.1.jar (217 kB at 1.4 MB/s)
[INFO] Downloading from central: https://repo.maven.apache.org/maven2/org/apache/accumulo/accumulo-shell/1.7.4/accumulo-shell-1.7.4.jar
[INFO] Downloaded from central: https://repo.maven.apache.org/maven2/org/apache/accumulo/accumulo-master/1.7.4/accumulo-master-1.7.4.jar (286 kB at 1.6 MB/s)
[INFO] Downloading from central: https://repo.maven.apache.org/maven2/org/apache/accumulo/accumulo-server-base/1.7.4/accumulo-server-base-1.7.4.jar
[INFO] Downloaded from central: https://repo.maven.apache.org/maven2/org/apache/accumulo/accumulo-gc/1.7.4/accumulo-gc-1.7.4.jar (58 kB at 333 kB/s)
[INFO] Downloading from central: https://repo.maven.apache.org/maven2/org/apache/accumulo/accumulo-tracer/1.7.4/accumulo-tracer-1.7.4.jar
[INFO] Downloaded from central: https://repo.maven.apache.org/maven2/org/apache/accumulo/accumulo-tracer/1.7.4/accumulo-tracer-1.7.4.jar (140 kB at 677 kB/s)
[INFO] Downloading from central: https://repo.maven.apache.org/maven2/org/apache/accumulo/accumulo-tserver/1.7.4/accumulo-tserver-1.7.4.jar
[INFO] Downloaded from central: https://repo.maven.apache.org/maven2/org/apache/accumulo/accumulo-server-base/1.7.4/accumulo-server-base-1.7.4.jar (680 kB at 3.1 MB/s)
[INFO] Downloading from central: https://repo.maven.apache.org/maven2/org/apache/hadoop/hadoop-client/2.7.3/hadoop-client-2.7.3.jar
[INFO] Downloaded from central: https://repo.maven.apache.org/maven2/org/apache/accumulo/accumulo-tserver/1.7.4/accumulo-tserver-1.7.4.jar (489 kB at 2.0 MB/s)
[INFO] Downloading from central: https://repo.maven.apache.org/maven2/org/apache/hadoop/hadoop-hdfs/2.7.3/hadoop-hdfs-2.7.3.jar
[INFO] Downloaded from central: https://repo.maven.apache.org/maven2/fi/iki/yak/compression-gorilla/2.1.1/compression-gorilla-2.1.1.jar (64 kB at 259 kB/s)
[INFO] Downloading from central: https://repo.maven.apache.org/maven2/org/apache/hadoop/hadoop-mapreduce-client-app/2.7.3/hadoop-mapreduce-client-app-2.7.3.jar
[INFO] Downloaded from central: https://repo.maven.apache.org/maven2/org/apache/hadoop/hadoop-client/2.7.3/hadoop-client-2.7.3.jar (26 kB at 104 kB/s)
[INFO] Downloading from central: https://repo.maven.apache.org/maven2/org/apache/hadoop/hadoop-mapreduce-client-common/2.7.3/hadoop-mapreduce-client-common-2.7.3.jar
[INFO] Downloaded from central: https://repo.maven.apache.org/maven2/org/apache/hadoop/hadoop-mapreduce-client-app/2.7.3/hadoop-mapreduce-client-app-2.7.3.jar (543 kB at 1.8 MB/s)
[INFO] Downloading from central: https://repo.maven.apache.org/maven2/org/apache/hadoop/hadoop-yarn-client/2.7.3/hadoop-yarn-client-2.7.3.jar
[INFO] Downloaded from central: https://repo.maven.apache.org/maven2/org/apache/hadoop/hadoop-mapreduce-client-common/2.7.3/hadoop-mapreduce-client-common-2.7.3.jar (777 kB at 2.5 MB/s)
[INFO] Downloading from central: https://repo.maven.apache.org/maven2/org/apache/hadoop/hadoop-mapreduce-client-shuffle/2.7.3/hadoop-mapreduce-client-shuffle-2.7.3.jar
[INFO] Downloaded from central: https://repo.maven.apache.org/maven2/org/apache/hadoop/hadoop-yarn-client/2.7.3/hadoop-yarn-client-2.7.3.jar (166 kB at 504 kB/s)
[INFO] Downloading from central: https://repo.maven.apache.org/maven2/org/apache/hadoop/hadoop-mapreduce-client-jobclient/2.7.3/hadoop-mapreduce-client-jobclient-2.7.3.jar
[INFO] Downloaded from central: https://repo.maven.apache.org/maven2/org/apache/hadoop/hadoop-mapreduce-client-shuffle/2.7.3/hadoop-mapreduce-client-shuffle-2.7.3.jar (72 kB at 208 kB/s)
[INFO] Downloading from central: https://repo.maven.apache.org/maven2/org/apache/hadoop/hadoop-minicluster/2.7.3/hadoop-minicluster-2.7.3.jar
[INFO] Downloaded from central: https://repo.maven.apache.org/maven2/org/apache/hadoop/hadoop-mapreduce-client-jobclient/2.7.3/hadoop-mapreduce-client-jobclient-2.7.3.jar (62 kB at 174 kB/s)
[INFO] Downloading from central: https://repo.maven.apache.org/maven2/org/apache/hadoop/hadoop-common/2.7.3/hadoop-common-2.7.3-tests.jar
[INFO] Downloaded from central: https://repo.maven.apache.org/maven2/org/apache/hadoop/hadoop-hdfs/2.7.3/hadoop-hdfs-2.7.3.jar (8.3 MB at 22 MB/s)
[INFO] Downloading from central: https://repo.maven.apache.org/maven2/org/apache/hadoop/hadoop-hdfs/2.7.3/hadoop-hdfs-2.7.3-tests.jar
[INFO] Downloaded from central: https://repo.maven.apache.org/maven2/org/apache/accumulo/accumulo-shell/1.7.4/accumulo-shell-1.7.4.jar (264 kB at 641 kB/s)
[INFO] Downloading from central: https://repo.maven.apache.org/maven2/org/apache/hadoop/hadoop-yarn-server-tests/2.7.3/hadoop-yarn-server-tests-2.7.3-tests.jar
[INFO] Downloaded from central: https://repo.maven.apache.org/maven2/org/apache/hadoop/hadoop-common/2.7.3/hadoop-common-2.7.3-tests.jar (1.9 MB at 4.6 MB/s)
[INFO] Downloading from central: https://repo.maven.apache.org/maven2/org/apache/hadoop/hadoop-yarn-server-common/2.7.3/hadoop-yarn-server-common-2.7.3.jar
[INFO] Downloaded from central: https://repo.maven.apache.org/maven2/org/apache/hadoop/hadoop-hdfs/2.7.3/hadoop-hdfs-2.7.3-tests.jar (3.4 MB at 7.7 MB/s)
[INFO] Downloading from central: https://repo.maven.apache.org/maven2/org/apache/hadoop/hadoop-yarn-server-nodemanager/2.7.3/hadoop-yarn-server-nodemanager-2.7.3.jar
[INFO] Downloaded from central: https://repo.maven.apache.org/maven2/org/apache/hadoop/hadoop-yarn-server-common/2.7.3/hadoop-yarn-server-common-2.7.3.jar (388 kB at 835 kB/s)
[INFO] Downloading from central: https://repo.maven.apache.org/maven2/org/apache/hadoop/hadoop-yarn-server-resourcemanager/2.7.3/hadoop-yarn-server-resourcemanager-2.7.3.jar
[INFO] Downloaded from central: https://repo.maven.apache.org/maven2/org/apache/hadoop/hadoop-yarn-server-nodemanager/2.7.3/hadoop-yarn-server-nodemanager-2.7.3.jar (719 kB at 1.5 MB/s)
[INFO] Downloading from central: https://repo.maven.apache.org/maven2/org/apache/hadoop/hadoop-yarn-server-applicationhistoryservice/2.7.3/hadoop-yarn-server-applicationhistoryservice-2.7.3.jar
[INFO] Downloaded from central: https://repo.maven.apache.org/maven2/org/apache/accumulo/accumulo-monitor/1.7.4/accumulo-monitor-1.7.4.jar (329 kB at 680 kB/s)
[INFO] Downloading from central: https://repo.maven.apache.org/maven2/org/apache/hadoop/hadoop-yarn-server-web-proxy/2.7.3/hadoop-yarn-server-web-proxy-2.7.3.jar
[INFO] Downloaded from central: https://repo.maven.apache.org/maven2/org/apache/hadoop/hadoop-minicluster/2.7.3/hadoop-minicluster-2.7.3.jar (26 kB at 41 kB/s)
[INFO] Downloading from central: https://repo.maven.apache.org/maven2/org/apache/hadoop/hadoop-mapreduce-client-jobclient/2.7.3/hadoop-mapreduce-client-jobclient-2.7.3-tests.jar
[INFO] Downloaded from central: https://repo.maven.apache.org/maven2/org/apache/hadoop/hadoop-yarn-server-tests/2.7.3/hadoop-yarn-server-tests-2.7.3-tests.jar (76 kB at 116 kB/s)
[INFO] Downloading from central: https://repo.maven.apache.org/maven2/org/apache/hadoop/hadoop-mapreduce-client-hs/2.7.3/hadoop-mapreduce-client-hs-2.7.3.jar
[INFO] Downloaded from central: https://repo.maven.apache.org/maven2/org/apache/hadoop/hadoop-yarn-server-applicationhistoryservice/2.7.3/hadoop-yarn-server-applicationhistoryservice-2.7.3.jar (220 kB at 325 kB/s)
[INFO] Downloading from central: https://repo.maven.apache.org/maven2/org/springframework/boot/spring-boot-starter/1.4.1.RELEASE/spring-boot-starter-1.4.1.RELEASE.jar
[INFO] Downloaded from central: https://repo.maven.apache.org/maven2/org/apache/hadoop/hadoop-yarn-server-web-proxy/2.7.3/hadoop-yarn-server-web-proxy-2.7.3.jar (58 kB at 82 kB/s)
[INFO] Downloading from central: https://repo.maven.apache.org/maven2/org/springframework/boot/spring-boot/1.4.1.RELEASE/spring-boot-1.4.1.RELEASE.jar
[INFO] Downloaded from central: https://repo.maven.apache.org/maven2/org/springframework/boot/spring-boot-starter/1.4.1.RELEASE/spring-boot-starter-1.4.1.RELEASE.jar (2.3 kB at 3.2 kB/s)
[INFO] Downloading from central: https://repo.maven.apache.org/maven2/org/springframework/boot/spring-boot-autoconfigure/1.4.1.RELEASE/spring-boot-autoconfigure-1.4.1.RELEASE.jar
[INFO] Downloaded from central: https://repo.maven.apache.org/maven2/org/apache/hadoop/hadoop-yarn-server-resourcemanager/2.7.3/hadoop-yarn-server-resourcemanager-2.7.3.jar (1.3 MB at 1.8 MB/s)
[INFO] Downloading from central: https://repo.maven.apache.org/maven2/org/springframework/spring-core/4.3.3.RELEASE/spring-core-4.3.3.RELEASE.jar
[INFO] Downloaded from central: https://repo.maven.apache.org/maven2/org/springframework/boot/spring-boot-autoconfigure/1.4.1.RELEASE/spring-boot-autoconfigure-1.4.1.RELEASE.jar (968 kB at 1.3 MB/s)
[INFO] Downloading from central: https://repo.maven.apache.org/maven2/org/springframework/boot/spring-boot-starter-log4j2/1.4.1.RELEASE/spring-boot-starter-log4j2-1.4.1.RELEASE.jar
[INFO] Downloaded from central: https://repo.maven.apache.org/maven2/org/springframework/boot/spring-boot/1.4.1.RELEASE/spring-boot-1.4.1.RELEASE.jar (657 kB at 863 kB/s)
[INFO] Downloading from central: https://repo.maven.apache.org/maven2/org/slf4j/jcl-over-slf4j/1.7.21/jcl-over-slf4j-1.7.21.jar
[INFO] Downloaded from central: https://repo.maven.apache.org/maven2/org/springframework/spring-core/4.3.3.RELEASE/spring-core-4.3.3.RELEASE.jar (1.1 MB at 1.4 MB/s)
[INFO] Downloading from central: https://repo.maven.apache.org/maven2/org/slf4j/jul-to-slf4j/1.7.21/jul-to-slf4j-1.7.21.jar
[INFO] Downloaded from central: https://repo.maven.apache.org/maven2/org/slf4j/jcl-over-slf4j/1.7.21/jcl-over-slf4j-1.7.21.jar (0 B at 0 B/s)
[INFO] Downloading from central: https://repo.maven.apache.org/maven2/org/springframework/boot/spring-boot-starter-validation/1.4.1.RELEASE/spring-boot-starter-validation-1.4.1.RELEASE.jar
[INFO] Downloaded from central: https://repo.maven.apache.org/maven2/org/slf4j/jul-to-slf4j/1.7.21/jul-to-slf4j-1.7.21.jar (4.6 kB at 5.7 kB/s)
[INFO] Downloading from central: https://repo.maven.apache.org/maven2/org/apache/tomcat/embed/tomcat-embed-el/8.5.5/tomcat-embed-el-8.5.5.jar
[INFO] Downloaded from central: https://repo.maven.apache.org/maven2/org/apache/tomcat/embed/tomcat-embed-el/8.5.5/tomcat-embed-el-8.5.5.jar (240 kB at 283 kB/s)
[INFO] Downloading from central: https://repo.maven.apache.org/maven2/org/springframework/security/spring-security-config/4.1.3.RELEASE/spring-security-config-4.1.3.RELEASE.jar
[INFO] Downloaded from central: https://repo.maven.apache.org/maven2/org/springframework/boot/spring-boot-starter-log4j2/1.4.1.RELEASE/spring-boot-starter-log4j2-1.4.1.RELEASE.jar (2.3 kB at 2.7 kB/s)
[INFO] Downloading from central: https://repo.maven.apache.org/maven2/org/springframework/security/spring-security-core/4.1.3.RELEASE/spring-security-core-4.1.3.RELEASE.jar
[INFO] Downloaded from central: https://repo.maven.apache.org/maven2/org/springframework/boot/spring-boot-starter-validation/1.4.1.RELEASE/spring-boot-starter-validation-1.4.1.RELEASE.jar (2.3 kB at 2.6 kB/s)
[INFO] Downloading from central: https://repo.maven.apache.org/maven2/org/springframework/spring-aop/4.3.3.RELEASE/spring-aop-4.3.3.RELEASE.jar
[INFO] Downloaded from central: https://repo.maven.apache.org/maven2/org/apache/hadoop/hadoop-mapreduce-client-jobclient/2.7.3/hadoop-mapreduce-client-jobclient-2.7.3-tests.jar (1.6 MB at 1.7 MB/s)
[INFO] Downloading from central: https://repo.maven.apache.org/maven2/org/springframework/spring-beans/4.3.3.RELEASE/spring-beans-4.3.3.RELEASE.jar
[INFO] Downloaded from central: https://repo.maven.apache.org/maven2/org/springframework/security/spring-security-config/4.1.3.RELEASE/spring-security-config-4.1.3.RELEASE.jar (545 kB at 603 kB/s)
[INFO] Downloading from central: https://repo.maven.apache.org/maven2/org/springframework/spring-context/4.3.3.RELEASE/spring-context-4.3.3.RELEASE.jar
[INFO] Downloaded from central: https://repo.maven.apache.org/maven2/org/springframework/security/spring-security-core/4.1.3.RELEASE/spring-security-core-4.1.3.RELEASE.jar (376 kB at 415 kB/s)
[INFO] Downloading from central: https://repo.maven.apache.org/maven2/org/springframework/security/spring-security-web/4.1.3.RELEASE/spring-security-web-4.1.3.RELEASE.jar
[INFO] Downloaded from central: https://repo.maven.apache.org/maven2/org/apache/hadoop/hadoop-mapreduce-client-hs/2.7.3/hadoop-mapreduce-client-hs-2.7.3.jar (192 kB at 204 kB/s)
[INFO] Downloading from central: https://repo.maven.apache.org/maven2/org/springframework/spring-expression/4.3.3.RELEASE/spring-expression-4.3.3.RELEASE.jar
[INFO] Downloaded from central: https://repo.maven.apache.org/maven2/org/springframework/spring-aop/4.3.3.RELEASE/spring-aop-4.3.3.RELEASE.jar (380 kB at 403 kB/s)
[INFO] Downloading from central: https://repo.maven.apache.org/maven2/org/springframework/spring-web/4.3.3.RELEASE/spring-web-4.3.3.RELEASE.jar
[INFO] Downloaded from central: https://repo.maven.apache.org/maven2/org/springframework/security/spring-security-web/4.1.3.RELEASE/spring-security-web-4.1.3.RELEASE.jar (360 kB at 378 kB/s)
[INFO] Downloading from central: https://repo.maven.apache.org/maven2/io/netty/netty-tcnative/2.0.7.Final/netty-tcnative-2.0.7.Final-linux-x86_64.jar
[INFO] Downloaded from central: https://repo.maven.apache.org/maven2/org/springframework/spring-beans/4.3.3.RELEASE/spring-beans-4.3.3.RELEASE.jar (761 kB at 794 kB/s)
[INFO] Downloading from central: https://repo.maven.apache.org/maven2/org/jsoup/jsoup/1.9.2/jsoup-1.9.2.jar
[INFO] Downloaded from central: https://repo.maven.apache.org/maven2/org/springframework/spring-context/4.3.3.RELEASE/spring-context-4.3.3.RELEASE.jar (1.1 MB at 1.2 MB/s)
[INFO] Downloading from central: https://repo.maven.apache.org/maven2/org/springframework/boot/spring-boot-test-autoconfigure/1.4.1.RELEASE/spring-boot-test-autoconfigure-1.4.1.RELEASE.jar
[INFO] Downloaded from central: https://repo.maven.apache.org/maven2/org/springframework/spring-expression/4.3.3.RELEASE/spring-expression-4.3.3.RELEASE.jar (264 kB at 268 kB/s)
[INFO] Downloading from central: https://repo.maven.apache.org/maven2/org/springframework/boot/spring-boot-test/1.4.1.RELEASE/spring-boot-test-1.4.1.RELEASE.jar
[INFO] Downloaded from central: https://repo.maven.apache.org/maven2/org/springframework/spring-web/4.3.3.RELEASE/spring-web-4.3.3.RELEASE.jar (813 kB at 824 kB/s)
[INFO] Downloading from central: https://repo.maven.apache.org/maven2/io/netty/netty-transport-native-epoll/4.0.56.Final/netty-transport-native-epoll-4.0.56.Final-linux-x86_64.jar
[INFO] Downloaded from central: https://repo.maven.apache.org/maven2/io/netty/netty-tcnative/2.0.7.Final/netty-tcnative-2.0.7.Final-linux-x86_64.jar (64 kB at 65 kB/s)
[INFO] Downloading from central: https://repo.maven.apache.org/maven2/io/netty/netty-common/4.0.56.Final/netty-common-4.0.56.Final.jar
[INFO] Downloaded from central: https://repo.maven.apache.org/maven2/org/jsoup/jsoup/1.9.2/jsoup-1.9.2.jar (319 kB at 316 kB/s)
[INFO] Downloading from central: https://repo.maven.apache.org/maven2/io/netty/netty-buffer/4.0.56.Final/netty-buffer-4.0.56.Final.jar
[INFO] Downloaded from central: https://repo.maven.apache.org/maven2/io/netty/netty-common/4.0.56.Final/netty-common-4.0.56.Final.jar (408 kB at 397 kB/s)
[INFO] Downloading from central: https://repo.maven.apache.org/maven2/io/netty/netty-transport/4.0.56.Final/netty-transport-4.0.56.Final.jar
[INFO] Downloaded from central: https://repo.maven.apache.org/maven2/io/netty/netty-transport-native-epoll/4.0.56.Final/netty-transport-native-epoll-4.0.56.Final-linux-x86_64.jar (153 kB at 148 kB/s)
[INFO] Downloaded from central: https://repo.maven.apache.org/maven2/org/springframework/boot/spring-boot-test/1.4.1.RELEASE/spring-boot-test-1.4.1.RELEASE.jar (149 kB at 144 kB/s)
[INFO] Downloaded from central: https://repo.maven.apache.org/maven2/org/springframework/boot/spring-boot-test-autoconfigure/1.4.1.RELEASE/spring-boot-test-autoconfigure-1.4.1.RELEASE.jar (111 kB at 106 kB/s)
[INFO] Downloaded from central: https://repo.maven.apache.org/maven2/io/netty/netty-buffer/4.0.56.Final/netty-buffer-4.0.56.Final.jar (234 kB at 219 kB/s)
[INFO] Downloaded from central: https://repo.maven.apache.org/maven2/io/netty/netty-transport/4.0.56.Final/netty-transport-4.0.56.Final.jar (390 kB at 359 kB/s)
[INFO] 
[INFO] --- maven-clean-plugin:2.5:clean (default-clean) @ timely-server ---
[INFO] 
[INFO] --- buildnumber-maven-plugin:1.4:create (create-buildnumber) @ timely-server ---
[INFO] Executing: /bin/sh -c cd '/home/srafi/after-cam-ready/compare_/compile_repair_output/work/d6b8d980ac03/server' && 'git' 'rev-parse' '--verify' 'HEAD'
[INFO] Working directory: /home/srafi/after-cam-ready/compare_/compile_repair_output/work/d6b8d980ac03/server
[INFO] Storing buildNumber: 3a8cbd3378cffdc96aad1c52e9b0b2e1481ca45f at timestamp: 1786825934982
[WARNING] Cannot get the branch information from the git repository: 
Detecting the current branch failed: fatal: ref HEAD is not a symbolic ref

[INFO] Executing: /bin/sh -c cd '/home/srafi/after-cam-ready/compare_/compile_repair_output/work/d6b8d980ac03/server' && 'git' 'rev-parse' '--verify' 'HEAD'
[INFO] Working directory: /home/srafi/after-cam-ready/compare_/compile_repair_output/work/d6b8d980ac03/server
[INFO] Storing buildScmBranch: UNKNOWN
[INFO] 
[INFO] --- build-helper-maven-plugin:1.12:add-source (add-source) @ timely-server ---
[INFO] Source directory: /home/srafi/after-cam-ready/compare_/compile_repair_output/work/d6b8d980ac03/server/src/main/generated-java added.
[INFO] 
[INFO] --- sortpom-maven-plugin:2.8.0:sort (sort-pom) @ timely-server ---
[INFO] Sorting file /home/srafi/after-cam-ready/compare_/compile_repair_output/work/d6b8d980ac03/server/pom.xml
[INFO] Pom file is already sorted, exiting
[INFO] 
[INFO] --- formatter-maven-plugin:2.8.0:format (format-java-source) @ timely-server ---
[INFO] Using 'UTF-8' encoding to format source files.
[INFO] Number of files to be formatted: 190
[INFO] Successfully formatted:          0 file(s)
[INFO] Fail to format:                  0 file(s)
[INFO] Skipped:                         190 file(s)
[INFO] Read only skipped:               0 file(s)
[INFO] Approximate time taken:          1s
[INFO] 
[INFO] --- impsort-maven-plugin:1.2.0:sort (sort-imports) @ timely-server ---
[INFO] Skipping execution of impsort-maven-plugin
[INFO] 
[INFO] --- maven-resources-plugin:3.1.0:resources (default-resources) @ timely-server ---
[INFO] Using 'UTF-8' encoding to copy filtered resources.
[INFO] Copying 5 resources
[INFO] 
[INFO] --- maven-compiler-plugin:3.3:compile (default-compile) @ timely-server ---
[INFO] Changes detected - recompiling the module!
[INFO] Compiling 138 source files to /home/srafi/after-cam-ready/compare_/compile_repair_output/work/d6b8d980ac03/server/target/classes
[INFO] /home/srafi/after-cam-ready/compare_/compile_repair_output/work/d6b8d980ac03/server/src/main/java/timely/store/cache/OrderedTags.java: /home/srafi/after-cam-ready/compare_/compile_repair_output/work/d6b8d980ac03/server/src/main/java/timely/store/cache/OrderedTags.java uses unchecked or unsafe operations.
[INFO] /home/srafi/after-cam-ready/compare_/compile_repair_output/work/d6b8d980ac03/server/src/main/java/timely/store/cache/OrderedTags.java: Recompile with -Xlint:unchecked for details.
[INFO] 
[INFO] --- maven-resources-plugin:3.1.0:testResources (default-testResources) @ timely-server ---
[INFO] Using 'UTF-8' encoding to copy filtered resources.
[INFO] Copying 2 resources
[INFO] 
[INFO] --- maven-compiler-plugin:3.3:testCompile (default-testCompile) @ timely-server ---
[INFO] Changes detected - recompiling the module!
[INFO] Compiling 55 source files to /home/srafi/after-cam-ready/compare_/compile_repair_output/work/d6b8d980ac03/server/target/test-classes
[INFO] /home/srafi/after-cam-ready/compare_/compile_repair_output/work/d6b8d980ac03/server/src/test/java/timely/test/integration/TwoWaySSLIT.java: Some input files use or override a deprecated API.
[INFO] /home/srafi/after-cam-ready/compare_/compile_repair_output/work/d6b8d980ac03/server/src/test/java/timely/test/integration/TwoWaySSLIT.java: Recompile with -Xlint:deprecation for details.
[INFO] 
[INFO] --- maven-dependency-plugin:2.10:unpack (unpack-native) @ timely-server ---
[INFO] Configured Artifact: io.netty:netty-tcnative:linux-x86_64:2.0.7.Final:jar
[INFO] Unpacking /home/srafi/.m2/repository/io/netty/netty-tcnative/2.0.7.Final/netty-tcnative-2.0.7.Final-linux-x86_64.jar to /home/srafi/after-cam-ready/compare_/compile_repair_output/work/d6b8d980ac03/server/target/native with includes "**/*.so" and excludes ""
[INFO] 
[INFO] --- maven-surefire-plugin:3.0.0-M8-SNAPSHOT:test (default-test) @ timely-server ---
[INFO] Tests are skipped.
[INFO] 
[INFO] >>> spotbugs-maven-plugin:3.1.7:check (spotbugs) > :spotbugs @ timely-server >>>
[INFO] 
[INFO] --- spotbugs-maven-plugin:3.1.7:spotbugs (spotbugs) @ timely-server ---
[INFO] 
[INFO] <<< spotbugs-maven-plugin:3.1.7:check (spotbugs) < :spotbugs @ timely-server <<<
[INFO] 
[INFO] 
[INFO] --- spotbugs-maven-plugin:3.1.7:check (spotbugs) @ timely-server ---
[INFO] 
[INFO] --- maven-dependency-plugin:2.10:copy-dependencies (copy-dependencies) @ timely-server ---
[INFO] Copying hadoop-mapreduce-client-jobclient-2.7.3-tests.jar to /home/srafi/after-cam-ready/compare_/compile_repair_output/work/d6b8d980ac03/server/target/lib/hadoop-mapreduce-client-jobclient-2.7.3-tests.jar
[INFO] Copying spring-boot-starter-validation-1.4.1.RELEASE.jar to /home/srafi/after-cam-ready/compare_/compile_repair_output/work/d6b8d980ac03/server/target/lib/spring-boot-starter-validation-1.4.1.RELEASE.jar
[INFO] Copying netty-3.7.0.Final.jar to /home/srafi/after-cam-ready/compare_/compile_repair_output/work/d6b8d980ac03/server/target/lib/netty-3.7.0.Final.jar
[INFO] Copying htrace-core-3.1.0-incubating.jar to /home/srafi/after-cam-ready/compare_/compile_repair_output/work/d6b8d980ac03/server/target/lib/htrace-core-3.1.0-incubating.jar
[INFO] Copying protobuf-java-2.5.0.jar to /home/srafi/after-cam-ready/compare_/compile_repair_output/work/d6b8d980ac03/server/target/lib/protobuf-java-2.5.0.jar
[INFO] Copying aopalliance-1.0.jar to /home/srafi/after-cam-ready/compare_/compile_repair_output/work/d6b8d980ac03/server/target/lib/aopalliance-1.0.jar
[INFO] Copying timely-client-1.0.1-SNAPSHOT.jar to /home/srafi/after-cam-ready/compare_/compile_repair_output/work/d6b8d980ac03/server/target/lib/timely-client-1.0.1-SNAPSHOT.jar
[INFO] Copying hadoop-minicluster-2.7.3.jar to /home/srafi/after-cam-ready/compare_/compile_repair_output/work/d6b8d980ac03/server/target/lib/hadoop-minicluster-2.7.3.jar
[INFO] Copying jersey-json-1.9.jar to /home/srafi/after-cam-ready/compare_/compile_repair_output/work/d6b8d980ac03/server/target/lib/jersey-json-1.9.jar
[INFO] Copying hadoop-mapreduce-client-hs-2.7.3.jar to /home/srafi/after-cam-ready/compare_/compile_repair_output/work/d6b8d980ac03/server/target/lib/hadoop-mapreduce-client-hs-2.7.3.jar
[INFO] Copying commons-beanutils-1.9.3.jar to /home/srafi/after-cam-ready/compare_/compile_repair_output/work/d6b8d980ac03/server/target/lib/commons-beanutils-1.9.3.jar
[INFO] Copying spring-web-4.3.3.RELEASE.jar to /home/srafi/after-cam-ready/compare_/compile_repair_output/work/d6b8d980ac03/server/target/lib/spring-web-4.3.3.RELEASE.jar
[INFO] Copying httpcore-4.4.5.jar to /home/srafi/after-cam-ready/compare_/compile_repair_output/work/d6b8d980ac03/server/target/lib/httpcore-4.4.5.jar
[INFO] Copying commons-vfs2-2.2.jar to /home/srafi/after-cam-ready/compare_/compile_repair_output/work/d6b8d980ac03/server/target/lib/commons-vfs2-2.2.jar
[INFO] Copying spring-boot-test-1.4.1.RELEASE.jar to /home/srafi/after-cam-ready/compare_/compile_repair_output/work/d6b8d980ac03/server/target/lib/spring-boot-test-1.4.1.RELEASE.jar
[INFO] Copying jsr305-3.0.0.jar to /home/srafi/after-cam-ready/compare_/compile_repair_output/work/d6b8d980ac03/server/target/lib/jsr305-3.0.0.jar
[INFO] Copying xml-apis-1.4.01.jar to /home/srafi/after-cam-ready/compare_/compile_repair_output/work/d6b8d980ac03/server/target/lib/xml-apis-1.4.01.jar
[INFO] Copying leveldbjni-all-1.8.jar to /home/srafi/after-cam-ready/compare_/compile_repair_output/work/d6b8d980ac03/server/target/lib/leveldbjni-all-1.8.jar
[INFO] Copying grizzly-http-server-2.3.25.jar to /home/srafi/after-cam-ready/compare_/compile_repair_output/work/d6b8d980ac03/server/target/lib/grizzly-http-server-2.3.25.jar
[INFO] Copying accumulo-master-1.7.4.jar to /home/srafi/after-cam-ready/compare_/compile_repair_output/work/d6b8d980ac03/server/target/lib/accumulo-master-1.7.4.jar
[INFO] Copying caffeine-2.3.3.jar to /home/srafi/after-cam-ready/compare_/compile_repair_output/work/d6b8d980ac03/server/target/lib/caffeine-2.3.3.jar
[INFO] Copying javassist-3.21.0-GA.jar to /home/srafi/after-cam-ready/compare_/compile_repair_output/work/d6b8d980ac03/server/target/lib/javassist-3.21.0-GA.jar
[INFO] Copying commons-digester-2.1.jar to /home/srafi/after-cam-ready/compare_/compile_repair_output/work/d6b8d980ac03/server/target/lib/commons-digester-2.1.jar
[INFO] Copying hadoop-common-2.7.3-tests.jar to /home/srafi/after-cam-ready/compare_/compile_repair_output/work/d6b8d980ac03/server/target/lib/hadoop-common-2.7.3-tests.jar
[INFO] Copying spring-beans-4.3.3.RELEASE.jar to /home/srafi/after-cam-ready/compare_/compile_repair_output/work/d6b8d980ac03/server/target/lib/spring-beans-4.3.3.RELEASE.jar
[INFO] Copying guice-3.0.jar to /home/srafi/after-cam-ready/compare_/compile_repair_output/work/d6b8d980ac03/server/target/lib/guice-3.0.jar
[INFO] Copying commons-io-2.4.jar to /home/srafi/after-cam-ready/compare_/compile_repair_output/work/d6b8d980ac03/server/target/lib/commons-io-2.4.jar
[INFO] Copying commons-lang3-3.5.jar to /home/srafi/after-cam-ready/compare_/compile_repair_output/work/d6b8d980ac03/server/target/lib/commons-lang3-3.5.jar
[INFO] Copying jersey-core-1.9.jar to /home/srafi/after-cam-ready/compare_/compile_repair_output/work/d6b8d980ac03/server/target/lib/jersey-core-1.9.jar
[INFO] Copying commons-logging-1.2.jar to /home/srafi/after-cam-ready/compare_/compile_repair_output/work/d6b8d980ac03/server/target/lib/commons-logging-1.2.jar
[INFO] Copying hadoop-auth-2.7.3.jar to /home/srafi/after-cam-ready/compare_/compile_repair_output/work/d6b8d980ac03/server/target/lib/hadoop-auth-2.7.3.jar
[INFO] Copying hadoop-client-2.7.3.jar to /home/srafi/after-cam-ready/compare_/compile_repair_output/work/d6b8d980ac03/server/target/lib/hadoop-client-2.7.3.jar
[INFO] Copying log4j-api-2.6.2.jar to /home/srafi/after-cam-ready/compare_/compile_repair_output/work/d6b8d980ac03/server/target/lib/log4j-api-2.6.2.jar
[INFO] Copying accumulo-gc-1.7.4.jar to /home/srafi/after-cam-ready/compare_/compile_repair_output/work/d6b8d980ac03/server/target/lib/accumulo-gc-1.7.4.jar
[INFO] Copying hadoop-mapreduce-client-shuffle-2.7.3.jar to /home/srafi/after-cam-ready/compare_/compile_repair_output/work/d6b8d980ac03/server/target/lib/hadoop-mapreduce-client-shuffle-2.7.3.jar
[INFO] Copying jackson-core-asl-1.9.13.jar to /home/srafi/after-cam-ready/compare_/compile_repair_output/work/d6b8d980ac03/server/target/lib/jackson-core-asl-1.9.13.jar
[INFO] Copying accumulo-monitor-1.7.4.jar to /home/srafi/after-cam-ready/compare_/compile_repair_output/work/d6b8d980ac03/server/target/lib/accumulo-monitor-1.7.4.jar
[INFO] Copying hadoop-yarn-server-resourcemanager-2.7.3.jar to /home/srafi/after-cam-ready/compare_/compile_repair_output/work/d6b8d980ac03/server/target/lib/hadoop-yarn-server-resourcemanager-2.7.3.jar
[INFO] Copying log4j-slf4j-impl-2.6.2.jar to /home/srafi/after-cam-ready/compare_/compile_repair_output/work/d6b8d980ac03/server/target/lib/log4j-slf4j-impl-2.6.2.jar
[INFO] Copying jackson-databind-2.9.7.jar to /home/srafi/after-cam-ready/compare_/compile_repair_output/work/d6b8d980ac03/server/target/lib/jackson-databind-2.9.7.jar
[INFO] Copying tyrus-client-1.13.jar to /home/srafi/after-cam-ready/compare_/compile_repair_output/work/d6b8d980ac03/server/target/lib/tyrus-client-1.13.jar
[INFO] Copying validation-api-1.1.0.Final.jar to /home/srafi/after-cam-ready/compare_/compile_repair_output/work/d6b8d980ac03/server/target/lib/validation-api-1.1.0.Final.jar
[INFO] Copying accumulo-minicluster-1.7.4.jar to /home/srafi/after-cam-ready/compare_/compile_repair_output/work/d6b8d980ac03/server/target/lib/accumulo-minicluster-1.7.4.jar
[INFO] Copying spring-core-4.3.3.RELEASE.jar to /home/srafi/after-cam-ready/compare_/compile_repair_output/work/d6b8d980ac03/server/target/lib/spring-core-4.3.3.RELEASE.jar
[INFO] Copying timely-common-1.0.1-SNAPSHOT.jar to /home/srafi/after-cam-ready/compare_/compile_repair_output/work/d6b8d980ac03/server/target/lib/timely-common-1.0.1-SNAPSHOT.jar
[INFO] Copying jersey-guice-1.9.jar to /home/srafi/after-cam-ready/compare_/compile_repair_output/work/d6b8d980ac03/server/target/lib/jersey-guice-1.9.jar
[INFO] Copying jcl-over-slf4j-1.7.21.jar to /home/srafi/after-cam-ready/compare_/compile_repair_output/work/d6b8d980ac03/server/target/lib/jcl-over-slf4j-1.7.21.jar
[INFO] Copying spring-boot-test-autoconfigure-1.4.1.RELEASE.jar to /home/srafi/after-cam-ready/compare_/compile_repair_output/work/d6b8d980ac03/server/target/lib/spring-boot-test-autoconfigure-1.4.1.RELEASE.jar
[INFO] Copying jetty-security-9.3.11.v20160721.jar to /home/srafi/after-cam-ready/compare_/compile_repair_output/work/d6b8d980ac03/server/target/lib/jetty-security-9.3.11.v20160721.jar
[INFO] Copying hadoop-mapreduce-client-core-2.7.3.jar to /home/srafi/after-cam-ready/compare_/compile_repair_output/work/d6b8d980ac03/server/target/lib/hadoop-mapreduce-client-core-2.7.3.jar
[INFO] Copying jersey-client-1.9.jar to /home/srafi/after-cam-ready/compare_/compile_repair_output/work/d6b8d980ac03/server/target/lib/jersey-client-1.9.jar
[INFO] Copying tyrus-core-1.13.jar to /home/srafi/after-cam-ready/compare_/compile_repair_output/work/d6b8d980ac03/server/target/lib/tyrus-core-1.13.jar
[INFO] Copying commons-net-3.1.jar to /home/srafi/after-cam-ready/compare_/compile_repair_output/work/d6b8d980ac03/server/target/lib/commons-net-3.1.jar
[INFO] Copying grizzly-framework-2.3.25.jar to /home/srafi/after-cam-ready/compare_/compile_repair_output/work/d6b8d980ac03/server/target/lib/grizzly-framework-2.3.25.jar
[INFO] Copying javax.websocket-api-1.1.jar to /home/srafi/after-cam-ready/compare_/compile_repair_output/work/d6b8d980ac03/server/target/lib/javax.websocket-api-1.1.jar
[INFO] Copying netty-all-4.0.56.Final.jar to /home/srafi/after-cam-ready/compare_/compile_repair_output/work/d6b8d980ac03/server/target/lib/netty-all-4.0.56.Final.jar
[INFO] Copying guava-19.0.jar to /home/srafi/after-cam-ready/compare_/compile_repair_output/work/d6b8d980ac03/server/target/lib/guava-19.0.jar
[INFO] Copying jaxb-api-2.2.2.jar to /home/srafi/after-cam-ready/compare_/compile_repair_output/work/d6b8d980ac03/server/target/lib/jaxb-api-2.2.2.jar
[INFO] Copying accumulo-server-base-1.7.4.jar to /home/srafi/after-cam-ready/compare_/compile_repair_output/work/d6b8d980ac03/server/target/lib/accumulo-server-base-1.7.4.jar
[INFO] Copying jackson-jaxrs-1.8.3.jar to /home/srafi/after-cam-ready/compare_/compile_repair_output/work/d6b8d980ac03/server/target/lib/jackson-jaxrs-1.8.3.jar
[INFO] Copying jetty-util-9.3.11.v20160721.jar to /home/srafi/after-cam-ready/compare_/compile_repair_output/work/d6b8d980ac03/server/target/lib/jetty-util-9.3.11.v20160721.jar
[INFO] Copying jetty-io-9.3.11.v20160721.jar to /home/srafi/after-cam-ready/compare_/compile_repair_output/work/d6b8d980ac03/server/target/lib/jetty-io-9.3.11.v20160721.jar
[INFO] Copying activation-1.1.jar to /home/srafi/after-cam-ready/compare_/compile_repair_output/work/d6b8d980ac03/server/target/lib/activation-1.1.jar
[INFO] Copying hadoop-yarn-client-2.7.3.jar to /home/srafi/after-cam-ready/compare_/compile_repair_output/work/d6b8d980ac03/server/target/lib/hadoop-yarn-client-2.7.3.jar
[INFO] Copying zookeeper-3.4.6.jar to /home/srafi/after-cam-ready/compare_/compile_repair_output/work/d6b8d980ac03/server/target/lib/zookeeper-3.4.6.jar
[INFO] Copying xz-1.0.jar to /home/srafi/after-cam-ready/compare_/compile_repair_output/work/d6b8d980ac03/server/target/lib/xz-1.0.jar
[INFO] Copying commons-collections4-4.1.jar to /home/srafi/after-cam-ready/compare_/compile_repair_output/work/d6b8d980ac03/server/target/lib/commons-collections4-4.1.jar
[INFO] Copying asm-3.1.jar to /home/srafi/after-cam-ready/compare_/compile_repair_output/work/d6b8d980ac03/server/target/lib/asm-3.1.jar
[INFO] Copying commons-codec-1.10.jar to /home/srafi/after-cam-ready/compare_/compile_repair_output/work/d6b8d980ac03/server/target/lib/commons-codec-1.10.jar
[INFO] Copying jackson-datatype-jdk8-2.9.7.jar to /home/srafi/after-cam-ready/compare_/compile_repair_output/work/d6b8d980ac03/server/target/lib/jackson-datatype-jdk8-2.9.7.jar
[INFO] Copying log4j-core-2.6.2.jar to /home/srafi/after-cam-ready/compare_/compile_repair_output/work/d6b8d980ac03/server/target/lib/log4j-core-2.6.2.jar
[INFO] Copying log4j-1.2.16.jar to /home/srafi/after-cam-ready/compare_/compile_repair_output/work/d6b8d980ac03/server/target/lib/log4j-1.2.16.jar
[INFO] Copying gson-2.7.jar to /home/srafi/after-cam-ready/compare_/compile_repair_output/work/d6b8d980ac03/server/target/lib/gson-2.7.jar
[INFO] Copying javax.inject-1.jar to /home/srafi/after-cam-ready/compare_/compile_repair_output/work/d6b8d980ac03/server/target/lib/javax.inject-1.jar
[INFO] Copying slf4j-api-1.7.21.jar to /home/srafi/after-cam-ready/compare_/compile_repair_output/work/d6b8d980ac03/server/target/lib/slf4j-api-1.7.21.jar
[INFO] Copying java-xmlbuilder-0.4.jar to /home/srafi/after-cam-ready/compare_/compile_repair_output/work/d6b8d980ac03/server/target/lib/java-xmlbuilder-0.4.jar
[INFO] Copying commons-beanutils-core-1.8.0.jar to /home/srafi/after-cam-ready/compare_/compile_repair_output/work/d6b8d980ac03/server/target/lib/commons-beanutils-core-1.8.0.jar
[INFO] Copying jline-2.11.jar to /home/srafi/after-cam-ready/compare_/compile_repair_output/work/d6b8d980ac03/server/target/lib/jline-2.11.jar
[INFO] Copying javax.servlet-api-3.1.0.jar to /home/srafi/after-cam-ready/compare_/compile_repair_output/work/d6b8d980ac03/server/target/lib/javax.servlet-api-3.1.0.jar
[INFO] Copying hadoop-mapreduce-client-common-2.7.3.jar to /home/srafi/after-cam-ready/compare_/compile_repair_output/work/d6b8d980ac03/server/target/lib/hadoop-mapreduce-client-common-2.7.3.jar
[INFO] Copying hadoop-yarn-server-applicationhistoryservice-2.7.3.jar to /home/srafi/after-cam-ready/compare_/compile_repair_output/work/d6b8d980ac03/server/target/lib/hadoop-yarn-server-applicationhistoryservice-2.7.3.jar
[INFO] Copying stax-api-1.0-2.jar to /home/srafi/after-cam-ready/compare_/compile_repair_output/work/d6b8d980ac03/server/target/lib/stax-api-1.0-2.jar
[INFO] Copying hadoop-mapreduce-client-jobclient-2.7.3.jar to /home/srafi/after-cam-ready/compare_/compile_repair_output/work/d6b8d980ac03/server/target/lib/hadoop-mapreduce-client-jobclient-2.7.3.jar
[INFO] Copying jsoup-1.9.2.jar to /home/srafi/after-cam-ready/compare_/compile_repair_output/work/d6b8d980ac03/server/target/lib/jsoup-1.9.2.jar
[INFO] Copying accumulo-shell-1.7.4.jar to /home/srafi/after-cam-ready/compare_/compile_repair_output/work/d6b8d980ac03/server/target/lib/accumulo-shell-1.7.4.jar
[INFO] Copying spring-aop-4.3.3.RELEASE.jar to /home/srafi/after-cam-ready/compare_/compile_repair_output/work/d6b8d980ac03/server/target/lib/spring-aop-4.3.3.RELEASE.jar
[INFO] Copying servlet-api-2.5.jar to /home/srafi/after-cam-ready/compare_/compile_repair_output/work/d6b8d980ac03/server/target/lib/servlet-api-2.5.jar
[INFO] Copying jsch-0.1.42.jar to /home/srafi/after-cam-ready/compare_/compile_repair_output/work/d6b8d980ac03/server/target/lib/jsch-0.1.42.jar
[INFO] Copying zookeeper-3.4.6-tests.jar to /home/srafi/after-cam-ready/compare_/compile_repair_output/work/d6b8d980ac03/server/target/lib/zookeeper-3.4.6-tests.jar
[INFO] Copying jets3t-0.9.0.jar to /home/srafi/after-cam-ready/compare_/compile_repair_output/work/d6b8d980ac03/server/target/lib/jets3t-0.9.0.jar
[INFO] Copying accumulo-fate-1.7.4.jar to /home/srafi/after-cam-ready/compare_/compile_repair_output/work/d6b8d980ac03/server/target/lib/accumulo-fate-1.7.4.jar
[INFO] Copying snappy-java-1.0.4.1.jar to /home/srafi/after-cam-ready/compare_/compile_repair_output/work/d6b8d980ac03/server/target/lib/snappy-java-1.0.4.1.jar
[INFO] Copying flatbuffers-java-1.10.0.jar to /home/srafi/after-cam-ready/compare_/compile_repair_output/work/d6b8d980ac03/server/target/lib/flatbuffers-java-1.10.0.jar
[INFO] Copying jopt-simple-4.6.jar to /home/srafi/after-cam-ready/compare_/compile_repair_output/work/d6b8d980ac03/server/target/lib/jopt-simple-4.6.jar
[INFO] Copying jetty-server-9.3.11.v20160721.jar to /home/srafi/after-cam-ready/compare_/compile_repair_output/work/d6b8d980ac03/server/target/lib/jetty-server-9.3.11.v20160721.jar
[INFO] Copying jboss-logging-3.3.0.Final.jar to /home/srafi/after-cam-ready/compare_/compile_repair_output/work/d6b8d980ac03/server/target/lib/jboss-logging-3.3.0.Final.jar
[INFO] Copying spring-expression-4.3.3.RELEASE.jar to /home/srafi/after-cam-ready/compare_/compile_repair_output/work/d6b8d980ac03/server/target/lib/spring-expression-4.3.3.RELEASE.jar
[INFO] Copying spring-boot-1.4.1.RELEASE.jar to /home/srafi/after-cam-ready/compare_/compile_repair_output/work/d6b8d980ac03/server/target/lib/spring-boot-1.4.1.RELEASE.jar
[INFO] Copying compression-gorilla-2.1.1.jar to /home/srafi/after-cam-ready/compare_/compile_repair_output/work/d6b8d980ac03/server/target/lib/compression-gorilla-2.1.1.jar
[INFO] Copying accumulo-tserver-1.7.4.jar to /home/srafi/after-cam-ready/compare_/compile_repair_output/work/d6b8d980ac03/server/target/lib/accumulo-tserver-1.7.4.jar
[INFO] Copying disruptor-3.3.6.jar to /home/srafi/after-cam-ready/compare_/compile_repair_output/work/d6b8d980ac03/server/target/lib/disruptor-3.3.6.jar
[INFO] Copying hadoop-yarn-common-2.7.3.jar to /home/srafi/after-cam-ready/compare_/compile_repair_output/work/d6b8d980ac03/server/target/lib/hadoop-yarn-common-2.7.3.jar
[INFO] Copying spring-security-web-4.1.3.RELEASE.jar to /home/srafi/after-cam-ready/compare_/compile_repair_output/work/d6b8d980ac03/server/target/lib/spring-security-web-4.1.3.RELEASE.jar
[INFO] Copying hadoop-yarn-api-2.7.3.jar to /home/srafi/after-cam-ready/compare_/compile_repair_output/work/d6b8d980ac03/server/target/lib/hadoop-yarn-api-2.7.3.jar
[INFO] Copying libthrift-0.9.1.jar to /home/srafi/after-cam-ready/compare_/compile_repair_output/work/d6b8d980ac03/server/target/lib/libthrift-0.9.1.jar
[INFO] Copying commons-daemon-1.0.13.jar to /home/srafi/after-cam-ready/compare_/compile_repair_output/work/d6b8d980ac03/server/target/lib/commons-daemon-1.0.13.jar
[INFO] Copying hadoop-yarn-server-common-2.7.3.jar to /home/srafi/after-cam-ready/compare_/compile_repair_output/work/d6b8d980ac03/server/target/lib/hadoop-yarn-server-common-2.7.3.jar
[INFO] Copying jul-to-slf4j-1.7.21.jar to /home/srafi/after-cam-ready/compare_/compile_repair_output/work/d6b8d980ac03/server/target/lib/jul-to-slf4j-1.7.21.jar
[INFO] Copying jackson-xc-1.8.3.jar to /home/srafi/after-cam-ready/compare_/compile_repair_output/work/d6b8d980ac03/server/target/lib/jackson-xc-1.8.3.jar
[INFO] Copying curator-framework-2.7.1.jar to /home/srafi/after-cam-ready/compare_/compile_repair_output/work/d6b8d980ac03/server/target/lib/curator-framework-2.7.1.jar
[INFO] Copying hibernate-validator-5.2.4.Final.jar to /home/srafi/after-cam-ready/compare_/compile_repair_output/work/d6b8d980ac03/server/target/lib/hibernate-validator-5.2.4.Final.jar
[INFO] Copying fast-classpath-scanner-2.0.5.jar to /home/srafi/after-cam-ready/compare_/compile_repair_output/work/d6b8d980ac03/server/target/lib/fast-classpath-scanner-2.0.5.jar
[INFO] Copying curator-recipes-2.7.1.jar to /home/srafi/after-cam-ready/compare_/compile_repair_output/work/d6b8d980ac03/server/target/lib/curator-recipes-2.7.1.jar
[INFO] Copying classmate-1.3.1.jar to /home/srafi/after-cam-ready/compare_/compile_repair_output/work/d6b8d980ac03/server/target/lib/classmate-1.3.1.jar
[INFO] Copying commons-lang-2.4.jar to /home/srafi/after-cam-ready/compare_/compile_repair_output/work/d6b8d980ac03/server/target/lib/commons-lang-2.4.jar
[INFO] Copying commons-compress-1.4.1.jar to /home/srafi/after-cam-ready/compare_/compile_repair_output/work/d6b8d980ac03/server/target/lib/commons-compress-1.4.1.jar
[INFO] Copying apacheds-kerberos-codec-2.0.0-M15.jar to /home/srafi/after-cam-ready/compare_/compile_repair_output/work/d6b8d980ac03/server/target/lib/apacheds-kerberos-codec-2.0.0-M15.jar
[INFO] Copying jaxb-impl-2.2.3-1.jar to /home/srafi/after-cam-ready/compare_/compile_repair_output/work/d6b8d980ac03/server/target/lib/jaxb-impl-2.2.3-1.jar
[INFO] Copying commons-math3-3.1.1.jar to /home/srafi/after-cam-ready/compare_/compile_repair_output/work/d6b8d980ac03/server/target/lib/commons-math3-3.1.1.jar
[INFO] Copying spring-context-4.3.3.RELEASE.jar to /home/srafi/after-cam-ready/compare_/compile_repair_output/work/d6b8d980ac03/server/target/lib/spring-context-4.3.3.RELEASE.jar
[INFO] Copying spring-boot-starter-log4j2-1.4.1.RELEASE.jar to /home/srafi/after-cam-ready/compare_/compile_repair_output/work/d6b8d980ac03/server/target/lib/spring-boot-starter-log4j2-1.4.1.RELEASE.jar
[INFO] Copying snakeyaml-1.17.jar to /home/srafi/after-cam-ready/compare_/compile_repair_output/work/d6b8d980ac03/server/target/lib/snakeyaml-1.17.jar
[INFO] Copying httpclient-4.5.2.jar to /home/srafi/after-cam-ready/compare_/compile_repair_output/work/d6b8d980ac03/server/target/lib/httpclient-4.5.2.jar
[INFO] Copying hamcrest-core-1.3.jar to /home/srafi/after-cam-ready/compare_/compile_repair_output/work/d6b8d980ac03/server/target/lib/hamcrest-core-1.3.jar
[INFO] Copying netty-transport-4.0.56.Final.jar to /home/srafi/after-cam-ready/compare_/compile_repair_output/work/d6b8d980ac03/server/target/lib/netty-transport-4.0.56.Final.jar
[INFO] Copying jackson-mapper-asl-1.9.13.jar to /home/srafi/after-cam-ready/compare_/compile_repair_output/work/d6b8d980ac03/server/target/lib/jackson-mapper-asl-1.9.13.jar
[INFO] Copying jackson-annotations-2.9.7.jar to /home/srafi/after-cam-ready/compare_/compile_repair_output/work/d6b8d980ac03/server/target/lib/jackson-annotations-2.9.7.jar
[INFO] Copying hadoop-hdfs-2.7.3-tests.jar to /home/srafi/after-cam-ready/compare_/compile_repair_output/work/d6b8d980ac03/server/target/lib/hadoop-hdfs-2.7.3-tests.jar
[INFO] Copying jsp-api-2.1.jar to /home/srafi/after-cam-ready/compare_/compile_repair_output/work/d6b8d980ac03/server/target/lib/jsp-api-2.1.jar
[INFO] Copying netty-common-4.0.56.Final.jar to /home/srafi/after-cam-ready/compare_/compile_repair_output/work/d6b8d980ac03/server/target/lib/netty-common-4.0.56.Final.jar
[INFO] Copying jetty-servlet-9.3.11.v20160721.jar to /home/srafi/after-cam-ready/compare_/compile_repair_output/work/d6b8d980ac03/server/target/lib/jetty-servlet-9.3.11.v20160721.jar
[INFO] Copying jersey-server-1.9.jar to /home/srafi/after-cam-ready/compare_/compile_repair_output/work/d6b8d980ac03/server/target/lib/jersey-server-1.9.jar
[INFO] Copying spring-boot-starter-1.4.1.RELEASE.jar to /home/srafi/after-cam-ready/compare_/compile_repair_output/work/d6b8d980ac03/server/target/lib/spring-boot-starter-1.4.1.RELEASE.jar
[INFO] Copying xmlenc-0.52.jar to /home/srafi/after-cam-ready/compare_/compile_repair_output/work/d6b8d980ac03/server/target/lib/xmlenc-0.52.jar
[INFO] Copying hadoop-hdfs-2.7.3.jar to /home/srafi/after-cam-ready/compare_/compile_repair_output/work/d6b8d980ac03/server/target/lib/hadoop-hdfs-2.7.3.jar
[INFO] Copying paranamer-2.3.jar to /home/srafi/after-cam-ready/compare_/compile_repair_output/work/d6b8d980ac03/server/target/lib/paranamer-2.3.jar
[INFO] Copying api-util-1.0.0-M20.jar to /home/srafi/after-cam-ready/compare_/compile_repair_output/work/d6b8d980ac03/server/target/lib/api-util-1.0.0-M20.jar
[INFO] Copying jcommander-1.32.jar to /home/srafi/after-cam-ready/compare_/compile_repair_output/work/d6b8d980ac03/server/target/lib/jcommander-1.32.jar
[INFO] Copying api-asn1-api-1.0.0-M20.jar to /home/srafi/after-cam-ready/compare_/compile_repair_output/work/d6b8d980ac03/server/target/lib/api-asn1-api-1.0.0-M20.jar
[INFO] Copying netty-tcnative-2.0.7.Final-linux-x86_64.jar to /home/srafi/after-cam-ready/compare_/compile_repair_output/work/d6b8d980ac03/server/target/lib/netty-tcnative-2.0.7.Final-linux-x86_64.jar
[INFO] Copying commons-math-2.1.jar to /home/srafi/after-cam-ready/compare_/compile_repair_output/work/d6b8d980ac03/server/target/lib/commons-math-2.1.jar
[INFO] Copying hadoop-yarn-server-web-proxy-2.7.3.jar to /home/srafi/after-cam-ready/compare_/compile_repair_output/work/d6b8d980ac03/server/target/lib/hadoop-yarn-server-web-proxy-2.7.3.jar
[INFO] Copying spring-security-config-4.1.3.RELEASE.jar to /home/srafi/after-cam-ready/compare_/compile_repair_output/work/d6b8d980ac03/server/target/lib/spring-security-config-4.1.3.RELEASE.jar
[INFO] Copying hadoop-common-2.7.3.jar to /home/srafi/after-cam-ready/compare_/compile_repair_output/work/d6b8d980ac03/server/target/lib/hadoop-common-2.7.3.jar
[INFO] Copying netty-transport-native-epoll-4.0.56.Final-linux-x86_64.jar to /home/srafi/after-cam-ready/compare_/compile_repair_output/work/d6b8d980ac03/server/target/lib/netty-transport-native-epoll-4.0.56.Final-linux-x86_64.jar
[INFO] Copying commons-configuration-1.6.jar to /home/srafi/after-cam-ready/compare_/compile_repair_output/work/d6b8d980ac03/server/target/lib/commons-configuration-1.6.jar
[INFO] Copying accumulo-start-1.7.4.jar to /home/srafi/after-cam-ready/compare_/compile_repair_output/work/d6b8d980ac03/server/target/lib/accumulo-start-1.7.4.jar
[INFO] Copying accumulo-tracer-1.7.4.jar to /home/srafi/after-cam-ready/compare_/compile_repair_output/work/d6b8d980ac03/server/target/lib/accumulo-tracer-1.7.4.jar
[INFO] Copying apacheds-i18n-2.0.0-M15.jar to /home/srafi/after-cam-ready/compare_/compile_repair_output/work/d6b8d980ac03/server/target/lib/apacheds-i18n-2.0.0-M15.jar
[INFO] Copying jetty-http-9.3.11.v20160721.jar to /home/srafi/after-cam-ready/compare_/compile_repair_output/work/d6b8d980ac03/server/target/lib/jetty-http-9.3.11.v20160721.jar
[INFO] Copying grizzly-http-2.3.25.jar to /home/srafi/after-cam-ready/compare_/compile_repair_output/work/d6b8d980ac03/server/target/lib/grizzly-http-2.3.25.jar
[INFO] Copying spring-boot-autoconfigure-1.4.1.RELEASE.jar to /home/srafi/after-cam-ready/compare_/compile_repair_output/work/d6b8d980ac03/server/target/lib/spring-boot-autoconfigure-1.4.1.RELEASE.jar
[INFO] Copying hadoop-yarn-server-tests-2.7.3-tests.jar to /home/srafi/after-cam-ready/compare_/compile_repair_output/work/d6b8d980ac03/server/target/lib/hadoop-yarn-server-tests-2.7.3-tests.jar
[INFO] Copying curator-client-2.7.1.jar to /home/srafi/after-cam-ready/compare_/compile_repair_output/work/d6b8d980ac03/server/target/lib/curator-client-2.7.1.jar
[INFO] Copying jackson-core-2.9.7.jar to /home/srafi/after-cam-ready/compare_/compile_repair_output/work/d6b8d980ac03/server/target/lib/jackson-core-2.9.7.jar
[INFO] Copying accumulo-core-1.7.4.jar to /home/srafi/after-cam-ready/compare_/compile_repair_output/work/d6b8d980ac03/server/target/lib/accumulo-core-1.7.4.jar
[INFO] Copying commons-cli-1.2.jar to /home/srafi/after-cam-ready/compare_/compile_repair_output/work/d6b8d980ac03/server/target/lib/commons-cli-1.2.jar
[INFO] Copying xercesImpl-2.9.1.jar to /home/srafi/after-cam-ready/compare_/compile_repair_output/work/d6b8d980ac03/server/target/lib/xercesImpl-2.9.1.jar
[INFO] Copying netty-buffer-4.0.56.Final.jar to /home/srafi/after-cam-ready/compare_/compile_repair_output/work/d6b8d980ac03/server/target/lib/netty-buffer-4.0.56.Final.jar
[INFO] Copying hadoop-annotations-2.7.3.jar to /home/srafi/after-cam-ready/compare_/compile_repair_output/work/d6b8d980ac03/server/target/lib/hadoop-annotations-2.7.3.jar
[INFO] Copying hadoop-yarn-server-nodemanager-2.7.3.jar to /home/srafi/after-cam-ready/compare_/compile_repair_output/work/d6b8d980ac03/server/target/lib/hadoop-yarn-server-nodemanager-2.7.3.jar
[INFO] Copying commons-collections-3.2.2.jar to /home/srafi/after-cam-ready/compare_/compile_repair_output/work/d6b8d980ac03/server/target/lib/commons-collections-3.2.2.jar
[INFO] Copying jettison-1.1.jar to /home/srafi/after-cam-ready/compare_/compile_repair_output/work/d6b8d980ac03/server/target/lib/jettison-1.1.jar
[INFO] Copying spring-security-core-4.1.3.RELEASE.jar to /home/srafi/after-cam-ready/compare_/compile_repair_output/work/d6b8d980ac03/server/target/lib/spring-security-core-4.1.3.RELEASE.jar
[INFO] Copying hadoop-mapreduce-client-app-2.7.3.jar to /home/srafi/after-cam-ready/compare_/compile_repair_output/work/d6b8d980ac03/server/target/lib/hadoop-mapreduce-client-app-2.7.3.jar
[INFO] Copying guice-servlet-3.0.jar to /home/srafi/after-cam-ready/compare_/compile_repair_output/work/d6b8d980ac03/server/target/lib/guice-servlet-3.0.jar
[INFO] Copying tyrus-container-grizzly-client-1.13.jar to /home/srafi/after-cam-ready/compare_/compile_repair_output/work/d6b8d980ac03/server/target/lib/tyrus-container-grizzly-client-1.13.jar
[INFO] Copying tomcat-embed-el-8.5.5.jar to /home/srafi/after-cam-ready/compare_/compile_repair_output/work/d6b8d980ac03/server/target/lib/tomcat-embed-el-8.5.5.jar
[INFO] Copying jmh-core-1.18.jar to /home/srafi/after-cam-ready/compare_/compile_repair_output/work/d6b8d980ac03/server/target/lib/jmh-core-1.18.jar
[INFO] Copying avro-1.7.4.jar to /home/srafi/after-cam-ready/compare_/compile_repair_output/work/d6b8d980ac03/server/target/lib/avro-1.7.4.jar
[INFO] Copying tyrus-spi-1.13.jar to /home/srafi/after-cam-ready/compare_/compile_repair_output/work/d6b8d980ac03/server/target/lib/tyrus-spi-1.13.jar
[INFO] Copying commons-httpclient-3.1.jar to /home/srafi/after-cam-ready/compare_/compile_repair_output/work/d6b8d980ac03/server/target/lib/commons-httpclient-3.1.jar
[INFO] 
[INFO] --- maven-jar-plugin:3.0.1:jar (default-jar) @ timely-server ---
[INFO] Building jar: /home/srafi/after-cam-ready/compare_/compile_repair_output/work/d6b8d980ac03/server/target/timely-server-1.0.1-SNAPSHOT.jar
[INFO] 
[INFO] --- maven-assembly-plugin:2.6:single (assemble) @ timely-server ---
[INFO] Downloading from central: https://repo.maven.apache.org/maven2/org/apache/maven/shared/maven-repository-builder/1.0/maven-repository-builder-1.0.pom
[INFO] Downloaded from central: https://repo.maven.apache.org/maven2/org/apache/maven/shared/maven-repository-builder/1.0/maven-repository-builder-1.0.pom (4.6 kB at 126 kB/s)
[INFO] Downloading from central: https://repo.maven.apache.org/maven2/org/apache/maven/shared/maven-repository-builder/1.0/maven-repository-builder-1.0.jar
[INFO] Downloaded from central: https://repo.maven.apache.org/maven2/org/apache/maven/shared/maven-repository-builder/1.0/maven-repository-builder-1.0.jar (22 kB at 789 kB/s)
[INFO] Reading assembly descriptor: src/main/dist/assembly.xml
[INFO] Building tar: /home/srafi/after-cam-ready/compare_/compile_repair_output/work/d6b8d980ac03/server/target/timely-server-1.0.1-SNAPSHOT-dist.tar.gz
[INFO] 
[INFO] --- maven-failsafe-plugin:3.0.0-M8-SNAPSHOT:integration-test (default) @ timely-server ---
[INFO] Tests are skipped.
[INFO] 
[INFO] --- maven-failsafe-plugin:3.0.0-M8-SNAPSHOT:verify (default) @ timely-server ---
[INFO] Tests are skipped.
[INFO] 
[INFO] --- maven-install-plugin:2.4:install (default-install) @ timely-server ---
[INFO] Installing /home/srafi/after-cam-ready/compare_/compile_repair_output/work/d6b8d980ac03/server/target/timely-server-1.0.1-SNAPSHOT.jar to /home/srafi/.m2/repository/timely/timely-server/1.0.1-SNAPSHOT/timely-server-1.0.1-SNAPSHOT.jar
[INFO] Installing /home/srafi/after-cam-ready/compare_/compile_repair_output/work/d6b8d980ac03/server/pom.xml to /home/srafi/.m2/repository/timely/timely-server/1.0.1-SNAPSHOT/timely-server-1.0.1-SNAPSHOT.pom
[INFO] Installing /home/srafi/after-cam-ready/compare_/compile_repair_output/work/d6b8d980ac03/server/target/timely-server-1.0.1-SNAPSHOT-dist.tar.gz to /home/srafi/.m2/repository/timely/timely-server/1.0.1-SNAPSHOT/timely-server-1.0.1-SNAPSHOT-dist.tar.gz
[INFO] ------------------------------------------------------------------------
[INFO] Reactor Summary for Timely 1.0.1-SNAPSHOT:
[INFO] 
[INFO] Timely ............................................. SUCCESS [  3.598 s]
[INFO] timely-common ...................................... SUCCESS [  3.636 s]
[INFO] timely-client ...................................... SUCCESS [  1.284 s]
[INFO] timely-server ...................................... SUCCESS [ 13.058 s]
[INFO] ------------------------------------------------------------------------
[INFO] BUILD SUCCESS
[INFO] ------------------------------------------------------------------------
[INFO] Total time:  22.327 s
[INFO] Finished at: 2026-08-15T16:32:21-04:00
[INFO] ------------------------------------------------------------------------
