JAVA_HOME=/usr/lib/jvm/java-8-openjdk-amd64
COMMAND=mvn -B clean install -DskipTests -U -pl nifi-nar-bundles/nifi-solr-bundle/nifi-solr-processors -am -Ddependency-check.skip=true -Dgpg.skip=true -DfailIfNoTests=false -Dskip.installnodenpm=true -Dskip.npm=true -Dskip.yarn=true -Dlicense.skip=true -Dcheckstyle.skip=true -Drat.skip=true -Denforcer.skip=true -Danimal.sniffer.skip=true -Dmaven.javadoc.skip=true -Dfindbugs.skip=true -Dspotbugs.skip=true -Dwarbucks.skip=true -Dmodernizer.skip=true -Dimpsort.skip=true -Dmdep.analyze.skip=true -Dpgpverify.skip=true -Dxml.skip=true -Dcobertura.skip=true

[INFO] Scanning for projects...
Warning: KebabPizza disabling incompatible org.apache.maven.plugins:maven-enforcer-plugin from nifi
Warning: KebabPizza disabling incompatible org.apache.rat:apache-rat-plugin from nifi
Warning: KebabPizza disabling incompatible org.apache.maven.plugins:maven-enforcer-plugin from nifi-commons
Warning: KebabPizza disabling incompatible org.apache.rat:apache-rat-plugin from nifi-commons
Warning: KebabPizza disabling incompatible org.apache.maven.plugins:maven-enforcer-plugin from nifi-api
Warning: KebabPizza disabling incompatible org.apache.rat:apache-rat-plugin from nifi-api
Warning: KebabPizza disabling incompatible org.apache.maven.plugins:maven-enforcer-plugin from nifi-utils
Warning: KebabPizza disabling incompatible org.apache.rat:apache-rat-plugin from nifi-utils
Warning: KebabPizza disabling incompatible org.apache.maven.plugins:maven-enforcer-plugin from nifi-security-utils-api
Warning: KebabPizza disabling incompatible org.apache.rat:apache-rat-plugin from nifi-security-utils-api
Warning: KebabPizza disabling incompatible org.apache.maven.plugins:maven-enforcer-plugin from nifi-security-kms
Warning: KebabPizza disabling incompatible org.apache.rat:apache-rat-plugin from nifi-security-kms
Warning: KebabPizza disabling incompatible org.apache.maven.plugins:maven-enforcer-plugin from nifi-property-utils
Warning: KebabPizza disabling incompatible org.apache.rat:apache-rat-plugin from nifi-property-utils
Warning: KebabPizza disabling incompatible org.apache.maven.plugins:maven-enforcer-plugin from nifi-properties
Warning: KebabPizza disabling incompatible org.apache.rat:apache-rat-plugin from nifi-properties
Warning: KebabPizza disabling incompatible org.apache.maven.plugins:maven-enforcer-plugin from nifi-security-utils
Warning: KebabPizza disabling incompatible org.apache.rat:apache-rat-plugin from nifi-security-utils
Warning: KebabPizza disabling incompatible org.apache.maven.plugins:maven-enforcer-plugin from nifi-framework-api
Warning: KebabPizza disabling incompatible org.apache.rat:apache-rat-plugin from nifi-framework-api
Warning: KebabPizza disabling incompatible org.apache.maven.plugins:maven-enforcer-plugin from nifi-data-provenance-utils
Warning: KebabPizza disabling incompatible org.apache.rat:apache-rat-plugin from nifi-data-provenance-utils
Warning: KebabPizza disabling incompatible org.apache.maven.plugins:maven-enforcer-plugin from nifi-parameter
Warning: KebabPizza disabling incompatible org.apache.rat:apache-rat-plugin from nifi-parameter
Warning: KebabPizza disabling incompatible org.apache.maven.plugins:maven-enforcer-plugin from nifi-uuid5
Warning: KebabPizza disabling incompatible org.apache.rat:apache-rat-plugin from nifi-uuid5
Warning: KebabPizza disabling incompatible org.apache.maven.plugins:maven-enforcer-plugin from nifi-expression-language
Warning: KebabPizza disabling incompatible org.apache.rat:apache-rat-plugin from nifi-expression-language
Warning: KebabPizza disabling incompatible org.apache.maven.plugins:maven-enforcer-plugin from nifi-record
Warning: KebabPizza disabling incompatible org.apache.rat:apache-rat-plugin from nifi-record
Warning: KebabPizza disabling incompatible org.apache.maven.plugins:maven-enforcer-plugin from nifi-record-path
Warning: KebabPizza disabling incompatible org.apache.rat:apache-rat-plugin from nifi-record-path
Warning: KebabPizza disabling incompatible org.apache.maven.plugins:maven-enforcer-plugin from nifi-security-kerberos-api
Warning: KebabPizza disabling incompatible org.apache.rat:apache-rat-plugin from nifi-security-kerberos-api
Warning: KebabPizza disabling incompatible org.apache.maven.plugins:maven-enforcer-plugin from nifi-security-kerberos
Warning: KebabPizza disabling incompatible org.apache.rat:apache-rat-plugin from nifi-security-kerberos
Warning: KebabPizza disabling incompatible org.apache.maven.plugins:maven-enforcer-plugin from nifi-security-socket-ssl
Warning: KebabPizza disabling incompatible org.apache.rat:apache-rat-plugin from nifi-security-socket-ssl
Warning: KebabPizza disabling incompatible org.apache.maven.plugins:maven-enforcer-plugin from nifi-registry
Warning: KebabPizza disabling incompatible org.apache.rat:apache-rat-plugin from nifi-registry
Warning: KebabPizza disabling incompatible org.apache.maven.plugins:maven-enforcer-plugin from nifi-registry-core
Warning: KebabPizza disabling incompatible org.apache.rat:apache-rat-plugin from nifi-registry-core
Warning: KebabPizza disabling incompatible org.apache.maven.plugins:maven-enforcer-plugin from nifi-registry-revision
Warning: KebabPizza disabling incompatible org.apache.rat:apache-rat-plugin from nifi-registry-revision
Warning: KebabPizza disabling incompatible org.apache.maven.plugins:maven-enforcer-plugin from nifi-registry-revision-entity-model
Warning: KebabPizza disabling incompatible org.apache.rat:apache-rat-plugin from nifi-registry-revision-entity-model
Warning: KebabPizza disabling incompatible org.apache.maven.plugins:maven-enforcer-plugin from nifi-registry-data-model
Warning: KebabPizza disabling incompatible org.apache.rat:apache-rat-plugin from nifi-registry-data-model
Warning: KebabPizza disabling incompatible org.apache.maven.plugins:maven-enforcer-plugin from nifi-nar-bundles
Warning: KebabPizza disabling incompatible org.apache.rat:apache-rat-plugin from nifi-nar-bundles
Warning: KebabPizza disabling incompatible org.apache.maven.plugins:maven-enforcer-plugin from nifi-framework-bundle
Warning: KebabPizza disabling incompatible org.apache.rat:apache-rat-plugin from nifi-framework-bundle
Warning: KebabPizza disabling incompatible org.apache.maven.plugins:maven-enforcer-plugin from nifi-framework
Warning: KebabPizza disabling incompatible org.apache.rat:apache-rat-plugin from nifi-framework
Warning: KebabPizza disabling incompatible org.apache.maven.plugins:maven-enforcer-plugin from nifi-client-dto
Warning: KebabPizza disabling incompatible org.apache.rat:apache-rat-plugin from nifi-client-dto
Warning: KebabPizza disabling incompatible org.apache.maven.plugins:maven-enforcer-plugin from nifi-site-to-site-client
Warning: KebabPizza disabling incompatible org.apache.rat:apache-rat-plugin from nifi-site-to-site-client
Warning: KebabPizza disabling incompatible org.apache.maven.plugins:maven-enforcer-plugin from nifi-server-api
Warning: KebabPizza disabling incompatible org.apache.rat:apache-rat-plugin from nifi-server-api
Warning: KebabPizza disabling incompatible org.apache.maven.plugins:maven-enforcer-plugin from nifi-nar-utils
Warning: KebabPizza disabling incompatible org.apache.rat:apache-rat-plugin from nifi-nar-utils
Warning: KebabPizza disabling incompatible org.apache.maven.plugins:maven-enforcer-plugin from nifi-framework-nar-utils
Warning: KebabPizza disabling incompatible org.apache.rat:apache-rat-plugin from nifi-framework-nar-utils
Warning: KebabPizza disabling incompatible org.apache.maven.plugins:maven-enforcer-plugin from nifi-mock-authorizer
Warning: KebabPizza disabling incompatible org.apache.rat:apache-rat-plugin from nifi-mock-authorizer
Warning: KebabPizza disabling incompatible org.apache.maven.plugins:maven-enforcer-plugin from nifi-framework-authorization
Warning: KebabPizza disabling incompatible org.apache.rat:apache-rat-plugin from nifi-framework-authorization
Warning: KebabPizza disabling incompatible org.apache.maven.plugins:maven-enforcer-plugin from nifi-registry-security-utils
Warning: KebabPizza disabling incompatible org.apache.rat:apache-rat-plugin from nifi-registry-security-utils
Warning: KebabPizza disabling incompatible org.apache.maven.plugins:maven-enforcer-plugin from nifi-registry-client
Warning: KebabPizza disabling incompatible org.apache.rat:apache-rat-plugin from nifi-registry-client
Warning: KebabPizza disabling incompatible org.apache.maven.plugins:maven-enforcer-plugin from nifi-framework-core-api
Warning: KebabPizza disabling incompatible org.apache.rat:apache-rat-plugin from nifi-framework-core-api
Warning: KebabPizza disabling incompatible org.apache.maven.plugins:maven-enforcer-plugin from nifi-mock
Warning: KebabPizza disabling incompatible org.apache.rat:apache-rat-plugin from nifi-mock
Warning: KebabPizza disabling incompatible org.apache.maven.plugins:maven-enforcer-plugin from nifi-extension-utils
Warning: KebabPizza disabling incompatible org.apache.rat:apache-rat-plugin from nifi-extension-utils
Warning: KebabPizza disabling incompatible org.apache.maven.plugins:maven-enforcer-plugin from nifi-standard-services
Warning: KebabPizza disabling incompatible org.apache.rat:apache-rat-plugin from nifi-standard-services
Warning: KebabPizza disabling incompatible org.apache.maven.plugins:maven-enforcer-plugin from nifi-kerberos-credentials-service-api
Warning: KebabPizza disabling incompatible org.apache.rat:apache-rat-plugin from nifi-kerberos-credentials-service-api
Warning: KebabPizza disabling incompatible org.apache.maven.plugins:maven-enforcer-plugin from nifi-kerberos-user-service-api
Warning: KebabPizza disabling incompatible org.apache.rat:apache-rat-plugin from nifi-kerberos-user-service-api
Warning: KebabPizza disabling incompatible org.apache.maven.plugins:maven-enforcer-plugin from nifi-distributed-cache-client-service-api
Warning: KebabPizza disabling incompatible org.apache.rat:apache-rat-plugin from nifi-distributed-cache-client-service-api
Warning: KebabPizza disabling incompatible org.apache.maven.plugins:maven-enforcer-plugin from nifi-record-serialization-service-api
Warning: KebabPizza disabling incompatible org.apache.rat:apache-rat-plugin from nifi-record-serialization-service-api
Warning: KebabPizza disabling incompatible org.apache.maven.plugins:maven-enforcer-plugin from nifi-ssl-context-service-api
Warning: KebabPizza disabling incompatible org.apache.rat:apache-rat-plugin from nifi-ssl-context-service-api
Warning: KebabPizza disabling incompatible org.apache.maven.plugins:maven-enforcer-plugin from nifi-schema-registry-service-api
Warning: KebabPizza disabling incompatible org.apache.rat:apache-rat-plugin from nifi-schema-registry-service-api
Warning: KebabPizza disabling incompatible org.apache.maven.plugins:maven-enforcer-plugin from nifi-record-utils
Warning: KebabPizza disabling incompatible org.apache.rat:apache-rat-plugin from nifi-record-utils
Warning: KebabPizza disabling incompatible org.apache.maven.plugins:maven-enforcer-plugin from nifi-standard-record-utils
Warning: KebabPizza disabling incompatible org.apache.rat:apache-rat-plugin from nifi-standard-record-utils
Warning: KebabPizza disabling incompatible org.apache.maven.plugins:maven-enforcer-plugin from nifi-avro-record-utils
Warning: KebabPizza disabling incompatible org.apache.rat:apache-rat-plugin from nifi-avro-record-utils
Warning: KebabPizza disabling incompatible org.apache.maven.plugins:maven-enforcer-plugin from nifi-mock-record-utils
Warning: KebabPizza disabling incompatible org.apache.rat:apache-rat-plugin from nifi-mock-record-utils
Warning: KebabPizza disabling incompatible org.apache.maven.plugins:maven-enforcer-plugin from nifi-event-transport
Warning: KebabPizza disabling incompatible org.apache.rat:apache-rat-plugin from nifi-event-transport
Warning: KebabPizza disabling incompatible org.apache.maven.plugins:maven-enforcer-plugin from nifi-processor-utils
Warning: KebabPizza disabling incompatible org.apache.rat:apache-rat-plugin from nifi-processor-utils
Warning: KebabPizza disabling incompatible org.apache.maven.plugins:maven-enforcer-plugin from nifi-syslog-utils
Warning: KebabPizza disabling incompatible org.apache.rat:apache-rat-plugin from nifi-syslog-utils
Warning: KebabPizza disabling incompatible org.apache.maven.plugins:maven-enforcer-plugin from nifi-record-serialization-services-bundle
Warning: KebabPizza disabling incompatible org.apache.rat:apache-rat-plugin from nifi-record-serialization-services-bundle
Warning: KebabPizza disabling incompatible org.apache.maven.plugins:maven-enforcer-plugin from nifi-record-serialization-services
Warning: KebabPizza disabling incompatible org.apache.rat:apache-rat-plugin from nifi-record-serialization-services
Warning: KebabPizza disabling incompatible org.apache.maven.plugins:maven-enforcer-plugin from nifi-solr-bundle
Warning: KebabPizza disabling incompatible org.apache.rat:apache-rat-plugin from nifi-solr-bundle
Warning: KebabPizza disabling incompatible org.apache.maven.plugins:maven-enforcer-plugin from nifi-solr-processors
Warning: KebabPizza disabling incompatible org.apache.rat:apache-rat-plugin from nifi-solr-processors
[INFO] Inspecting build with total of 57 modules...
[INFO] Installing Nexus Staging features:
[INFO]   ... total of 57 executions of maven-deploy-plugin replaced with nexus-staging-maven-plugin
[INFO] ------------------------------------------------------------------------
[INFO] Reactor Build Order:
[INFO] 
[INFO] nifi                                                               [pom]
[INFO] nifi-commons                                                       [pom]
[INFO] nifi-api                                                           [jar]
[INFO] nifi-utils                                                         [jar]
[INFO] nifi-security-utils-api                                            [jar]
[INFO] nifi-security-kms                                                  [jar]
[INFO] nifi-property-utils                                                [jar]
[INFO] nifi-properties                                                    [jar]
[INFO] nifi-security-utils                                                [jar]
[INFO] nifi-framework-api                                                 [jar]
[INFO] nifi-data-provenance-utils                                         [jar]
[INFO] nifi-parameter                                                     [jar]
[INFO] nifi-uuid5                                                         [jar]
[INFO] nifi-expression-language                                           [jar]
[INFO] nifi-record                                                        [jar]
[INFO] nifi-record-path                                                   [jar]
[INFO] nifi-security-kerberos-api                                         [jar]
[INFO] nifi-security-kerberos                                             [jar]
[INFO] nifi-security-socket-ssl                                           [jar]
[INFO] nifi-registry                                                      [pom]
[INFO] nifi-registry-core                                                 [pom]
[INFO] nifi-registry-revision                                             [pom]
[INFO] nifi-registry-revision-entity-model                                [jar]
[INFO] nifi-registry-data-model                                           [jar]
[INFO] nifi-nar-bundles                                                   [pom]
[INFO] nifi-framework-bundle                                              [pom]
[INFO] nifi-framework                                                     [pom]
[INFO] nifi-client-dto                                                    [jar]
[INFO] nifi-site-to-site-client                                           [jar]
[INFO] nifi-server-api                                                    [jar]
[INFO] nifi-nar-utils                                                     [jar]
[INFO] nifi-framework-nar-utils                                           [jar]
[INFO] nifi-mock-authorizer                                               [jar]
[INFO] nifi-framework-authorization                                       [jar]
[INFO] nifi-registry-security-utils                                       [jar]
[INFO] nifi-registry-client                                               [jar]
[INFO] nifi-framework-core-api                                            [jar]
[INFO] nifi-mock                                                          [jar]
[INFO] nifi-extension-utils                                               [pom]
[INFO] nifi-standard-services                                             [pom]
[INFO] nifi-kerberos-credentials-service-api                              [jar]
[INFO] nifi-kerberos-user-service-api                                     [jar]
[INFO] nifi-distributed-cache-client-service-api                          [jar]
[INFO] nifi-record-serialization-service-api                              [jar]
[INFO] nifi-ssl-context-service-api                                       [jar]
[INFO] nifi-schema-registry-service-api                                   [jar]
[INFO] nifi-record-utils                                                  [pom]
[INFO] nifi-standard-record-utils                                         [jar]
[INFO] nifi-avro-record-utils                                             [jar]
[INFO] nifi-mock-record-utils                                             [jar]
[INFO] nifi-event-transport                                               [jar]
[INFO] nifi-processor-utils                                               [jar]
[INFO] nifi-syslog-utils                                                  [jar]
[INFO] nifi-record-serialization-services-bundle                          [pom]
[INFO] nifi-record-serialization-services                                 [jar]
[INFO] nifi-solr-bundle                                                   [pom]
[INFO] nifi-solr-processors                                               [jar]
[INFO] 
[INFO] ------------------------< org.apache.nifi:nifi >------------------------
[INFO] Building nifi 1.15.0-SNAPSHOT                                     [1/57]
[INFO] --------------------------------[ pom ]---------------------------------
[INFO] 
[INFO] --- maven-clean-plugin:3.1.0:clean (default-clean) @ nifi ---
[INFO] 
[INFO] --- maven-remote-resources-plugin:1.7.0:process (process-resource-bundles) @ nifi ---
[INFO] Preparing remote bundle org.apache:apache-jar-resource-bundle:1.4
[INFO] Copying 3 resources from 1 bundle.
[INFO] 
[INFO] --- maven-compiler-plugin:3.8.1:testCompile (groovy-tests) @ nifi ---
[INFO] No sources to compile
[INFO] 
[INFO] --- maven-site-plugin:3.7.1:attach-descriptor (attach-descriptor) @ nifi ---
[INFO] No site descriptor found: nothing to attach.
[INFO] 
[INFO] --- maven-install-plugin:2.5.2:install (default-install) @ nifi ---
[INFO] Installing /home/srafi/after-cam-ready/compare_/compile_repair_output/work/a1b954f3eb4f/pom.xml to /home/srafi/.m2/repository/org/apache/nifi/nifi/1.15.0-SNAPSHOT/nifi-1.15.0-SNAPSHOT.pom
[INFO] 
[INFO] --------------------< org.apache.nifi:nifi-commons >--------------------
[INFO] Building nifi-commons 1.15.0-SNAPSHOT                             [2/57]
[INFO] --------------------------------[ pom ]---------------------------------
[INFO] 
[INFO] --- maven-clean-plugin:3.1.0:clean (default-clean) @ nifi-commons ---
[INFO] 
[INFO] --- maven-remote-resources-plugin:1.7.0:process (process-resource-bundles) @ nifi-commons ---
[INFO] Preparing remote bundle org.apache:apache-jar-resource-bundle:1.4
[INFO] Copying 3 resources from 1 bundle.
[INFO] 
[INFO] --- maven-compiler-plugin:3.8.1:testCompile (groovy-tests) @ nifi-commons ---
[INFO] No sources to compile
[INFO] 
[INFO] --- maven-site-plugin:3.7.1:attach-descriptor (attach-descriptor) @ nifi-commons ---
[INFO] No site descriptor found: nothing to attach.
[INFO] 
[INFO] --- maven-install-plugin:2.5.2:install (default-install) @ nifi-commons ---
[INFO] Installing /home/srafi/after-cam-ready/compare_/compile_repair_output/work/a1b954f3eb4f/nifi-commons/pom.xml to /home/srafi/.m2/repository/org/apache/nifi/nifi-commons/1.15.0-SNAPSHOT/nifi-commons-1.15.0-SNAPSHOT.pom
[INFO] 
[INFO] ----------------------< org.apache.nifi:nifi-api >----------------------
[INFO] Building nifi-api 1.15.0-SNAPSHOT                                 [3/57]
[INFO] --------------------------------[ jar ]---------------------------------
[INFO] Downloading from apache.snapshots: https://repository.apache.org/snapshots/org/apache/maven/plugins/maven-surefire-plugin/3.0.0-M8-SNAPSHOT/maven-metadata.xml
[INFO] Downloading from apache.snapshots: https://repository.apache.org/snapshots/org/apache/maven/surefire/surefire/3.0.0-M8-SNAPSHOT/maven-metadata.xml
[INFO] 
[INFO] --- maven-clean-plugin:3.1.0:clean (default-clean) @ nifi-api ---
[INFO] 
[INFO] --- maven-remote-resources-plugin:1.7.0:process (process-resource-bundles) @ nifi-api ---
[INFO] Preparing remote bundle org.apache:apache-jar-resource-bundle:1.4
[INFO] Copying 3 resources from 1 bundle.
[INFO] 
[INFO] --- maven-resources-plugin:3.1.0:resources (default-resources) @ nifi-api ---
[INFO] Using 'UTF-8' encoding to copy filtered resources.
[INFO] skip non existing resourceDirectory /home/srafi/after-cam-ready/compare_/compile_repair_output/work/a1b954f3eb4f/nifi-api/src/main/resources
[INFO] Copying 3 resources
[INFO] 
[INFO] --- maven-compiler-plugin:3.8.1:compile (default-compile) @ nifi-api ---
[INFO] Changes detected - recompiling the module!
[INFO] Compiling 196 source files to /home/srafi/after-cam-ready/compare_/compile_repair_output/work/a1b954f3eb4f/nifi-api/target/classes
[WARNING] /home/srafi/after-cam-ready/compare_/compile_repair_output/work/a1b954f3eb4f/nifi-api/src/main/java/org/apache/nifi/documentation/xml/XmlDocumentationWriter.java:[249,67] [deprecation] supportsExpressionLanguage() in DynamicProperty has been deprecated
[INFO] 
[INFO] --- maven-resources-plugin:3.1.0:testResources (default-testResources) @ nifi-api ---
[INFO] Using 'UTF-8' encoding to copy filtered resources.
[INFO] Copying 1 resource
[INFO] Copying 3 resources
[INFO] 
[INFO] --- maven-compiler-plugin:3.8.1:testCompile (default-testCompile) @ nifi-api ---
[INFO] Changes detected - recompiling the module!
[INFO] Compiling 5 source files to /home/srafi/after-cam-ready/compare_/compile_repair_output/work/a1b954f3eb4f/nifi-api/target/test-classes
[INFO] 
[INFO] --- maven-compiler-plugin:3.8.1:testCompile (groovy-tests) @ nifi-api ---
[INFO] Changes detected - recompiling the module!
[INFO] Nothing to compile - all classes are up to date
[INFO] 
[INFO] --- maven-surefire-plugin:3.0.0-M8-SNAPSHOT:test (default-test) @ nifi-api ---
[INFO] Downloading from apache.snapshots: https://repository.apache.org/snapshots/org/apache/maven/surefire/maven-surefire-common/3.0.0-M8-SNAPSHOT/maven-metadata.xml
[INFO] Downloading from apache.snapshots: https://repository.apache.org/snapshots/org/apache/maven/surefire/surefire-api/3.0.0-M8-SNAPSHOT/maven-metadata.xml
[INFO] Downloading from apache.snapshots: https://repository.apache.org/snapshots/org/apache/maven/surefire/surefire-logger-api/3.0.0-M8-SNAPSHOT/maven-metadata.xml
[INFO] Downloading from apache.snapshots: https://repository.apache.org/snapshots/org/apache/maven/surefire/surefire-shared-utils/3.0.0-M8-SNAPSHOT/maven-metadata.xml
[INFO] Downloading from apache.snapshots: https://repository.apache.org/snapshots/org/apache/maven/surefire/surefire-extensions-api/3.0.0-M8-SNAPSHOT/maven-metadata.xml
[INFO] Downloading from apache.snapshots: https://repository.apache.org/snapshots/org/apache/maven/surefire/surefire-booter/3.0.0-M8-SNAPSHOT/maven-metadata.xml
[INFO] Downloading from apache.snapshots: https://repository.apache.org/snapshots/org/apache/maven/surefire/surefire-extensions-spi/3.0.0-M8-SNAPSHOT/maven-metadata.xml
[INFO] Tests are skipped.
[INFO] 
[INFO] --- maven-jar-plugin:3.2.0:jar (default-jar) @ nifi-api ---
[INFO] Building jar: /home/srafi/after-cam-ready/compare_/compile_repair_output/work/a1b954f3eb4f/nifi-api/target/nifi-api-1.15.0-SNAPSHOT.jar
[INFO] 
[INFO] --- maven-site-plugin:3.7.1:attach-descriptor (attach-descriptor) @ nifi-api ---
[INFO] Skipping because packaging 'jar' is not pom.
[INFO] 
[INFO] --- maven-install-plugin:2.5.2:install (default-install) @ nifi-api ---
[INFO] Installing /home/srafi/after-cam-ready/compare_/compile_repair_output/work/a1b954f3eb4f/nifi-api/target/nifi-api-1.15.0-SNAPSHOT.jar to /home/srafi/.m2/repository/org/apache/nifi/nifi-api/1.15.0-SNAPSHOT/nifi-api-1.15.0-SNAPSHOT.jar
[INFO] Installing /home/srafi/after-cam-ready/compare_/compile_repair_output/work/a1b954f3eb4f/nifi-api/pom.xml to /home/srafi/.m2/repository/org/apache/nifi/nifi-api/1.15.0-SNAPSHOT/nifi-api-1.15.0-SNAPSHOT.pom
[INFO] 
[INFO] ---------------------< org.apache.nifi:nifi-utils >---------------------
[INFO] Building nifi-utils 1.15.0-SNAPSHOT                               [4/57]
[INFO] --------------------------------[ jar ]---------------------------------
[INFO] 
[INFO] --- maven-clean-plugin:3.1.0:clean (default-clean) @ nifi-utils ---
[INFO] 
[INFO] --- maven-remote-resources-plugin:1.7.0:process (process-resource-bundles) @ nifi-utils ---
[INFO] Preparing remote bundle org.apache:apache-jar-resource-bundle:1.4
[INFO] Copying 3 resources from 1 bundle.
[INFO] 
[INFO] --- maven-resources-plugin:3.1.0:resources (default-resources) @ nifi-utils ---
[INFO] Using 'UTF-8' encoding to copy filtered resources.
[INFO] skip non existing resourceDirectory /home/srafi/after-cam-ready/compare_/compile_repair_output/work/a1b954f3eb4f/nifi-commons/nifi-utils/src/main/resources
[INFO] Copying 3 resources
[INFO] 
[INFO] --- maven-compiler-plugin:3.8.1:compile (default-compile) @ nifi-utils ---
[INFO] Changes detected - recompiling the module!
[INFO] Compiling 89 source files to /home/srafi/after-cam-ready/compare_/compile_repair_output/work/a1b954f3eb4f/nifi-commons/nifi-utils/target/classes
[WARNING] /home/srafi/after-cam-ready/compare_/compile_repair_output/work/a1b954f3eb4f/nifi-commons/nifi-utils/src/main/java/org/apache/nifi/processor/util/StandardValidators.java:[842,46] [deprecation] getTimeDuration(String,TimeUnit) in FormatUtils has been deprecated
[INFO] 
[INFO] --- maven-resources-plugin:3.1.0:testResources (default-testResources) @ nifi-utils ---
[INFO] Using 'UTF-8' encoding to copy filtered resources.
[INFO] Copying 3 resources
[INFO] Copying 3 resources
[INFO] 
[INFO] --- maven-compiler-plugin:3.8.1:testCompile (default-testCompile) @ nifi-utils ---
[INFO] Changes detected - recompiling the module!
[INFO] Compiling 20 source files to /home/srafi/after-cam-ready/compare_/compile_repair_output/work/a1b954f3eb4f/nifi-commons/nifi-utils/target/test-classes
[WARNING] /home/srafi/after-cam-ready/compare_/compile_repair_output/work/a1b954f3eb4f/nifi-commons/nifi-utils/src/test/java/org/apache/nifi/util/validator/TestStandardValidators.java:[471,42] [deprecation] createURLorFileValidator() in StandardValidators has been deprecated
[WARNING] /home/srafi/after-cam-ready/compare_/compile_repair_output/work/a1b954f3eb4f/nifi-commons/nifi-utils/src/test/java/org/apache/nifi/util/validator/TestStandardValidators.java:[501,42] [deprecation] ISO8061_INSTANT_VALIDATOR in StandardValidators has been deprecated
[WARNING] /home/srafi/after-cam-ready/compare_/compile_repair_output/work/a1b954f3eb4f/nifi-commons/nifi-utils/src/test/java/org/apache/nifi/processor/TestFormatUtils.java:[31,35] [deprecation] getTimeDuration(String,TimeUnit) in FormatUtils has been deprecated
[WARNING] /home/srafi/after-cam-ready/compare_/compile_repair_output/work/a1b954f3eb4f/nifi-commons/nifi-utils/src/test/java/org/apache/nifi/processor/TestFormatUtils.java:[32,38] [deprecation] getTimeDuration(String,TimeUnit) in FormatUtils has been deprecated
[WARNING] /home/srafi/after-cam-ready/compare_/compile_repair_output/work/a1b954f3eb4f/nifi-commons/nifi-utils/src/test/java/org/apache/nifi/processor/TestFormatUtils.java:[33,35] [deprecation] getTimeDuration(String,TimeUnit) in FormatUtils has been deprecated
[WARNING] /home/srafi/after-cam-ready/compare_/compile_repair_output/work/a1b954f3eb4f/nifi-commons/nifi-utils/src/test/java/org/apache/nifi/processor/TestFormatUtils.java:[34,68] [deprecation] getTimeDuration(String,TimeUnit) in FormatUtils has been deprecated
[WARNING] /home/srafi/after-cam-ready/compare_/compile_repair_output/work/a1b954f3eb4f/nifi-commons/nifi-utils/src/test/java/org/apache/nifi/processor/TestFormatUtils.java:[35,36] [deprecation] getTimeDuration(String,TimeUnit) in FormatUtils has been deprecated
[WARNING] /home/srafi/after-cam-ready/compare_/compile_repair_output/work/a1b954f3eb4f/nifi-commons/nifi-utils/src/test/java/org/apache/nifi/processor/TestFormatUtils.java:[36,36] [deprecation] getTimeDuration(String,TimeUnit) in FormatUtils has been deprecated
[WARNING] /home/srafi/after-cam-ready/compare_/compile_repair_output/work/a1b954f3eb4f/nifi-commons/nifi-utils/src/test/java/org/apache/nifi/processor/TestFormatUtils.java:[37,36] [deprecation] getTimeDuration(String,TimeUnit) in FormatUtils has been deprecated
[INFO] 
[INFO] --- maven-compiler-plugin:3.8.1:testCompile (groovy-tests) @ nifi-utils ---
[INFO] Changes detected - recompiling the module!
[INFO] Using Groovy-Eclipse compiler to compile both Java and Groovy files
[INFO] Compiling in a forked process using /home/srafi/.m2/repository/org/codehaus/groovy/groovy-eclipse-batch/2.5.14-01/groovy-eclipse-batch-2.5.14-01.jar
[INFO] 
[INFO] --- maven-surefire-plugin:3.0.0-M8-SNAPSHOT:test (default-test) @ nifi-utils ---
[INFO] Tests are skipped.
[INFO] 
[INFO] --- maven-jar-plugin:3.2.0:jar (default-jar) @ nifi-utils ---
[INFO] Building jar: /home/srafi/after-cam-ready/compare_/compile_repair_output/work/a1b954f3eb4f/nifi-commons/nifi-utils/target/nifi-utils-1.15.0-SNAPSHOT.jar
[INFO] 
[INFO] --- maven-site-plugin:3.7.1:attach-descriptor (attach-descriptor) @ nifi-utils ---
[INFO] Skipping because packaging 'jar' is not pom.
[INFO] 
[INFO] --- maven-install-plugin:2.5.2:install (default-install) @ nifi-utils ---
[INFO] Installing /home/srafi/after-cam-ready/compare_/compile_repair_output/work/a1b954f3eb4f/nifi-commons/nifi-utils/target/nifi-utils-1.15.0-SNAPSHOT.jar to /home/srafi/.m2/repository/org/apache/nifi/nifi-utils/1.15.0-SNAPSHOT/nifi-utils-1.15.0-SNAPSHOT.jar
[INFO] Installing /home/srafi/after-cam-ready/compare_/compile_repair_output/work/a1b954f3eb4f/nifi-commons/nifi-utils/pom.xml to /home/srafi/.m2/repository/org/apache/nifi/nifi-utils/1.15.0-SNAPSHOT/nifi-utils-1.15.0-SNAPSHOT.pom
[INFO] 
[INFO] --------------< org.apache.nifi:nifi-security-utils-api >---------------
[INFO] Building nifi-security-utils-api 1.15.0-SNAPSHOT                  [5/57]
[INFO] --------------------------------[ jar ]---------------------------------
[INFO] 
[INFO] --- maven-clean-plugin:3.1.0:clean (default-clean) @ nifi-security-utils-api ---
[INFO] 
[INFO] --- maven-remote-resources-plugin:1.7.0:process (process-resource-bundles) @ nifi-security-utils-api ---
[INFO] Preparing remote bundle org.apache:apache-jar-resource-bundle:1.4
[INFO] Copying 3 resources from 1 bundle.
[INFO] 
[INFO] --- maven-resources-plugin:3.1.0:resources (default-resources) @ nifi-security-utils-api ---
[INFO] Using 'UTF-8' encoding to copy filtered resources.
[INFO] skip non existing resourceDirectory /home/srafi/after-cam-ready/compare_/compile_repair_output/work/a1b954f3eb4f/nifi-commons/nifi-security-utils-api/src/main/resources
[INFO] Copying 3 resources
[INFO] 
[INFO] --- maven-compiler-plugin:3.8.1:compile (default-compile) @ nifi-security-utils-api ---
[INFO] Changes detected - recompiling the module!
[INFO] Compiling 5 source files to /home/srafi/after-cam-ready/compare_/compile_repair_output/work/a1b954f3eb4f/nifi-commons/nifi-security-utils-api/target/classes
[INFO] 
[INFO] --- maven-resources-plugin:3.1.0:testResources (default-testResources) @ nifi-security-utils-api ---
[INFO] Using 'UTF-8' encoding to copy filtered resources.
[INFO] skip non existing resourceDirectory /home/srafi/after-cam-ready/compare_/compile_repair_output/work/a1b954f3eb4f/nifi-commons/nifi-security-utils-api/src/test/resources
[INFO] Copying 3 resources
[INFO] 
[INFO] --- maven-compiler-plugin:3.8.1:testCompile (default-testCompile) @ nifi-security-utils-api ---
[INFO] Changes detected - recompiling the module!
[INFO] Compiling 1 source file to /home/srafi/after-cam-ready/compare_/compile_repair_output/work/a1b954f3eb4f/nifi-commons/nifi-security-utils-api/target/test-classes
[INFO] 
[INFO] --- maven-compiler-plugin:3.8.1:testCompile (groovy-tests) @ nifi-security-utils-api ---
[INFO] Changes detected - recompiling the module!
[INFO] Using Groovy-Eclipse compiler to compile both Java and Groovy files
[INFO] Compiling in a forked process using /home/srafi/.m2/repository/org/codehaus/groovy/groovy-eclipse-batch/2.5.14-01/groovy-eclipse-batch-2.5.14-01.jar
[INFO] 
[INFO] --- maven-surefire-plugin:3.0.0-M8-SNAPSHOT:test (default-test) @ nifi-security-utils-api ---
[INFO] Tests are skipped.
[INFO] 
[INFO] --- maven-jar-plugin:3.2.0:jar (default-jar) @ nifi-security-utils-api ---
[INFO] Building jar: /home/srafi/after-cam-ready/compare_/compile_repair_output/work/a1b954f3eb4f/nifi-commons/nifi-security-utils-api/target/nifi-security-utils-api-1.15.0-SNAPSHOT.jar
[INFO] 
[INFO] --- maven-site-plugin:3.7.1:attach-descriptor (attach-descriptor) @ nifi-security-utils-api ---
[INFO] Skipping because packaging 'jar' is not pom.
[INFO] 
[INFO] --- maven-install-plugin:2.5.2:install (default-install) @ nifi-security-utils-api ---
[INFO] Installing /home/srafi/after-cam-ready/compare_/compile_repair_output/work/a1b954f3eb4f/nifi-commons/nifi-security-utils-api/target/nifi-security-utils-api-1.15.0-SNAPSHOT.jar to /home/srafi/.m2/repository/org/apache/nifi/nifi-security-utils-api/1.15.0-SNAPSHOT/nifi-security-utils-api-1.15.0-SNAPSHOT.jar
[INFO] Installing /home/srafi/after-cam-ready/compare_/compile_repair_output/work/a1b954f3eb4f/nifi-commons/nifi-security-utils-api/pom.xml to /home/srafi/.m2/repository/org/apache/nifi/nifi-security-utils-api/1.15.0-SNAPSHOT/nifi-security-utils-api-1.15.0-SNAPSHOT.pom
[INFO] 
[INFO] -----------------< org.apache.nifi:nifi-security-kms >------------------
[INFO] Building nifi-security-kms 1.15.0-SNAPSHOT                        [6/57]
[INFO] --------------------------------[ jar ]---------------------------------
[INFO] 
[INFO] --- maven-clean-plugin:3.1.0:clean (default-clean) @ nifi-security-kms ---
[INFO] 
[INFO] --- maven-remote-resources-plugin:1.7.0:process (process-resource-bundles) @ nifi-security-kms ---
[INFO] Preparing remote bundle org.apache:apache-jar-resource-bundle:1.4
[INFO] Copying 3 resources from 1 bundle.
[INFO] 
[INFO] --- maven-resources-plugin:3.1.0:resources (default-resources) @ nifi-security-kms ---
[INFO] Using 'UTF-8' encoding to copy filtered resources.
[INFO] skip non existing resourceDirectory /home/srafi/after-cam-ready/compare_/compile_repair_output/work/a1b954f3eb4f/nifi-commons/nifi-security-kms/src/main/resources
[INFO] Copying 3 resources
[INFO] 
[INFO] --- maven-compiler-plugin:3.8.1:compile (default-compile) @ nifi-security-kms ---
[INFO] Changes detected - recompiling the module!
[INFO] Compiling 12 source files to /home/srafi/after-cam-ready/compare_/compile_repair_output/work/a1b954f3eb4f/nifi-commons/nifi-security-kms/target/classes
[INFO] 
[INFO] --- maven-resources-plugin:3.1.0:testResources (default-testResources) @ nifi-security-kms ---
[INFO] Using 'UTF-8' encoding to copy filtered resources.
[INFO] skip non existing resourceDirectory /home/srafi/after-cam-ready/compare_/compile_repair_output/work/a1b954f3eb4f/nifi-commons/nifi-security-kms/src/test/resources
[INFO] Copying 3 resources
[INFO] 
[INFO] --- maven-compiler-plugin:3.8.1:testCompile (default-testCompile) @ nifi-security-kms ---
[INFO] Changes detected - recompiling the module!
[INFO] Compiling 6 source files to /home/srafi/after-cam-ready/compare_/compile_repair_output/work/a1b954f3eb4f/nifi-commons/nifi-security-kms/target/test-classes
[INFO] 
[INFO] --- maven-compiler-plugin:3.8.1:testCompile (groovy-tests) @ nifi-security-kms ---
[INFO] Changes detected - recompiling the module!
[INFO] Nothing to compile - all classes are up to date
[INFO] 
[INFO] --- maven-surefire-plugin:3.0.0-M8-SNAPSHOT:test (default-test) @ nifi-security-kms ---
[INFO] Tests are skipped.
[INFO] 
[INFO] --- maven-jar-plugin:3.2.0:jar (default-jar) @ nifi-security-kms ---
[INFO] Building jar: /home/srafi/after-cam-ready/compare_/compile_repair_output/work/a1b954f3eb4f/nifi-commons/nifi-security-kms/target/nifi-security-kms-1.15.0-SNAPSHOT.jar
[INFO] 
[INFO] --- maven-site-plugin:3.7.1:attach-descriptor (attach-descriptor) @ nifi-security-kms ---
[INFO] Skipping because packaging 'jar' is not pom.
[INFO] 
[INFO] --- maven-install-plugin:2.5.2:install (default-install) @ nifi-security-kms ---
[INFO] Installing /home/srafi/after-cam-ready/compare_/compile_repair_output/work/a1b954f3eb4f/nifi-commons/nifi-security-kms/target/nifi-security-kms-1.15.0-SNAPSHOT.jar to /home/srafi/.m2/repository/org/apache/nifi/nifi-security-kms/1.15.0-SNAPSHOT/nifi-security-kms-1.15.0-SNAPSHOT.jar
[INFO] Installing /home/srafi/after-cam-ready/compare_/compile_repair_output/work/a1b954f3eb4f/nifi-commons/nifi-security-kms/pom.xml to /home/srafi/.m2/repository/org/apache/nifi/nifi-security-kms/1.15.0-SNAPSHOT/nifi-security-kms-1.15.0-SNAPSHOT.pom
[INFO] 
[INFO] ----------------< org.apache.nifi:nifi-property-utils >-----------------
[INFO] Building nifi-property-utils 1.15.0-SNAPSHOT                      [7/57]
[INFO] --------------------------------[ jar ]---------------------------------
[INFO] 
[INFO] --- maven-clean-plugin:3.1.0:clean (default-clean) @ nifi-property-utils ---
[INFO] 
[INFO] --- maven-remote-resources-plugin:1.7.0:process (process-resource-bundles) @ nifi-property-utils ---
[INFO] Preparing remote bundle org.apache:apache-jar-resource-bundle:1.4
[INFO] Copying 3 resources from 1 bundle.
[INFO] 
[INFO] --- maven-resources-plugin:3.1.0:resources (default-resources) @ nifi-property-utils ---
[INFO] Using 'UTF-8' encoding to copy filtered resources.
[INFO] skip non existing resourceDirectory /home/srafi/after-cam-ready/compare_/compile_repair_output/work/a1b954f3eb4f/nifi-commons/nifi-property-utils/src/main/resources
[INFO] Copying 3 resources
[INFO] 
[INFO] --- maven-compiler-plugin:3.8.1:compile (default-compile) @ nifi-property-utils ---
[INFO] Changes detected - recompiling the module!
[INFO] Compiling 7 source files to /home/srafi/after-cam-ready/compare_/compile_repair_output/work/a1b954f3eb4f/nifi-commons/nifi-property-utils/target/classes
[INFO] 
[INFO] --- maven-resources-plugin:3.1.0:testResources (default-testResources) @ nifi-property-utils ---
[INFO] Using 'UTF-8' encoding to copy filtered resources.
[INFO] skip non existing resourceDirectory /home/srafi/after-cam-ready/compare_/compile_repair_output/work/a1b954f3eb4f/nifi-commons/nifi-property-utils/src/test/resources
[INFO] Copying 3 resources
[INFO] 
[INFO] --- maven-compiler-plugin:3.8.1:testCompile (default-testCompile) @ nifi-property-utils ---
[INFO] No sources to compile
[INFO] 
[INFO] --- maven-compiler-plugin:3.8.1:testCompile (groovy-tests) @ nifi-property-utils ---
[INFO] No sources to compile
[INFO] 
[INFO] --- maven-surefire-plugin:3.0.0-M8-SNAPSHOT:test (default-test) @ nifi-property-utils ---
[INFO] Tests are skipped.
[INFO] 
[INFO] --- maven-jar-plugin:3.2.0:jar (default-jar) @ nifi-property-utils ---
[INFO] Building jar: /home/srafi/after-cam-ready/compare_/compile_repair_output/work/a1b954f3eb4f/nifi-commons/nifi-property-utils/target/nifi-property-utils-1.15.0-SNAPSHOT.jar
[INFO] 
[INFO] --- maven-site-plugin:3.7.1:attach-descriptor (attach-descriptor) @ nifi-property-utils ---
[INFO] Skipping because packaging 'jar' is not pom.
[INFO] 
[INFO] --- maven-install-plugin:2.5.2:install (default-install) @ nifi-property-utils ---
[INFO] Installing /home/srafi/after-cam-ready/compare_/compile_repair_output/work/a1b954f3eb4f/nifi-commons/nifi-property-utils/target/nifi-property-utils-1.15.0-SNAPSHOT.jar to /home/srafi/.m2/repository/org/apache/nifi/nifi-property-utils/1.15.0-SNAPSHOT/nifi-property-utils-1.15.0-SNAPSHOT.jar
[INFO] Installing /home/srafi/after-cam-ready/compare_/compile_repair_output/work/a1b954f3eb4f/nifi-commons/nifi-property-utils/pom.xml to /home/srafi/.m2/repository/org/apache/nifi/nifi-property-utils/1.15.0-SNAPSHOT/nifi-property-utils-1.15.0-SNAPSHOT.pom
[INFO] 
[INFO] ------------------< org.apache.nifi:nifi-properties >-------------------
[INFO] Building nifi-properties 1.15.0-SNAPSHOT                          [8/57]
[INFO] --------------------------------[ jar ]---------------------------------
[INFO] 
[INFO] --- maven-clean-plugin:3.1.0:clean (default-clean) @ nifi-properties ---
[INFO] 
[INFO] --- maven-remote-resources-plugin:1.7.0:process (process-resource-bundles) @ nifi-properties ---
[INFO] Preparing remote bundle org.apache:apache-jar-resource-bundle:1.4
[INFO] Copying 3 resources from 1 bundle.
[INFO] 
[INFO] --- maven-resources-plugin:3.1.0:resources (default-resources) @ nifi-properties ---
[INFO] Using 'UTF-8' encoding to copy filtered resources.
[INFO] skip non existing resourceDirectory /home/srafi/after-cam-ready/compare_/compile_repair_output/work/a1b954f3eb4f/nifi-commons/nifi-properties/src/main/resources
[INFO] Copying 3 resources
[INFO] 
[INFO] --- maven-compiler-plugin:3.8.1:compile (default-compile) @ nifi-properties ---
[INFO] Changes detected - recompiling the module!
[INFO] Compiling 4 source files to /home/srafi/after-cam-ready/compare_/compile_repair_output/work/a1b954f3eb4f/nifi-commons/nifi-properties/target/classes
[INFO] 
[INFO] --- maven-resources-plugin:3.1.0:testResources (default-testResources) @ nifi-properties ---
[INFO] Using 'UTF-8' encoding to copy filtered resources.
[INFO] Copying 3 resources
[INFO] Copying 3 resources
[INFO] 
[INFO] --- maven-compiler-plugin:3.8.1:testCompile (default-testCompile) @ nifi-properties ---
[INFO] Changes detected - recompiling the module!
[INFO] Compiling 2 source files to /home/srafi/after-cam-ready/compare_/compile_repair_output/work/a1b954f3eb4f/nifi-commons/nifi-properties/target/test-classes
[INFO] 
[INFO] --- maven-compiler-plugin:3.8.1:testCompile (groovy-tests) @ nifi-properties ---
[INFO] Changes detected - recompiling the module!
[INFO] Nothing to compile - all classes are up to date
[INFO] 
[INFO] --- maven-surefire-plugin:3.0.0-M8-SNAPSHOT:test (default-test) @ nifi-properties ---
[INFO] Tests are skipped.
[INFO] 
[INFO] --- maven-jar-plugin:3.2.0:jar (default-jar) @ nifi-properties ---
[INFO] Building jar: /home/srafi/after-cam-ready/compare_/compile_repair_output/work/a1b954f3eb4f/nifi-commons/nifi-properties/target/nifi-properties-1.15.0-SNAPSHOT.jar
[INFO] 
[INFO] --- maven-site-plugin:3.7.1:attach-descriptor (attach-descriptor) @ nifi-properties ---
[INFO] Skipping because packaging 'jar' is not pom.
[INFO] 
[INFO] --- maven-install-plugin:2.5.2:install (default-install) @ nifi-properties ---
[INFO] Installing /home/srafi/after-cam-ready/compare_/compile_repair_output/work/a1b954f3eb4f/nifi-commons/nifi-properties/target/nifi-properties-1.15.0-SNAPSHOT.jar to /home/srafi/.m2/repository/org/apache/nifi/nifi-properties/1.15.0-SNAPSHOT/nifi-properties-1.15.0-SNAPSHOT.jar
[INFO] Installing /home/srafi/after-cam-ready/compare_/compile_repair_output/work/a1b954f3eb4f/nifi-commons/nifi-properties/pom.xml to /home/srafi/.m2/repository/org/apache/nifi/nifi-properties/1.15.0-SNAPSHOT/nifi-properties-1.15.0-SNAPSHOT.pom
[INFO] 
[INFO] ----------------< org.apache.nifi:nifi-security-utils >-----------------
[INFO] Building nifi-security-utils 1.15.0-SNAPSHOT                      [9/57]
[INFO] --------------------------------[ jar ]---------------------------------
[INFO] 
[INFO] --- maven-clean-plugin:3.1.0:clean (default-clean) @ nifi-security-utils ---
[INFO] 
[INFO] --- maven-remote-resources-plugin:1.7.0:process (process-resource-bundles) @ nifi-security-utils ---
[INFO] Preparing remote bundle org.apache:apache-jar-resource-bundle:1.4
[INFO] Copying 3 resources from 1 bundle.
[INFO] 
[INFO] --- maven-resources-plugin:3.1.0:resources (default-resources) @ nifi-security-utils ---
[INFO] Using 'UTF-8' encoding to copy filtered resources.
[INFO] skip non existing resourceDirectory /home/srafi/after-cam-ready/compare_/compile_repair_output/work/a1b954f3eb4f/nifi-commons/nifi-security-utils/src/main/resources
[INFO] Copying 3 resources
[INFO] 
[INFO] --- maven-compiler-plugin:3.8.1:compile (default-compile) @ nifi-security-utils ---
[INFO] Changes detected - recompiling the module!
[INFO] Compiling 38 source files to /home/srafi/after-cam-ready/compare_/compile_repair_output/work/a1b954f3eb4f/nifi-commons/nifi-security-utils/target/classes
[INFO] 
[INFO] --- maven-resources-plugin:3.1.0:testResources (default-testResources) @ nifi-security-utils ---
[INFO] Using 'UTF-8' encoding to copy filtered resources.
[INFO] Copying 17 resources
[INFO] Copying 3 resources
[INFO] 
[INFO] --- maven-compiler-plugin:3.8.1:testCompile (default-testCompile) @ nifi-security-utils ---
[INFO] Changes detected - recompiling the module!
[INFO] Compiling 5 source files to /home/srafi/after-cam-ready/compare_/compile_repair_output/work/a1b954f3eb4f/nifi-commons/nifi-security-utils/target/test-classes
[INFO] 
[INFO] --- maven-compiler-plugin:3.8.1:testCompile (groovy-tests) @ nifi-security-utils ---
[INFO] Changes detected - recompiling the module!
[INFO] Using Groovy-Eclipse compiler to compile both Java and Groovy files
[INFO] Compiling in a forked process using /home/srafi/.m2/repository/org/codehaus/groovy/groovy-eclipse-batch/2.5.14-01/groovy-eclipse-batch-2.5.14-01.jar
[WARNING] Error output from groovy-eclipse compiler:
----------
1. WARNING in /home/srafi/after-cam-ready/compare_/compile_repair_output/work/a1b954f3eb4f/nifi-commons/nifi-security-utils/src/test/groovy/org/apache/nifi/security/util/crypto/NiFiLegacyCipherProviderGroovyTest.groovy (at line 75)
	NiFiLegacyCipherProvider cipherProvider = new NiFiLegacyCipherProvider()
	^^^^^^^^^^^^^^^^^^^^^^^^
The type NiFiLegacyCipherProvider is deprecated
----------
2. WARNING in /home/srafi/after-cam-ready/compare_/compile_repair_output/work/a1b954f3eb4f/nifi-commons/nifi-security-utils/src/test/groovy/org/apache/nifi/security/util/crypto/NiFiLegacyCipherProviderGroovyTest.groovy (at line 110)
	NiFiLegacyCipherProvider cipherProvider = new NiFiLegacyCipherProvider()
	^^^^^^^^^^^^^^^^^^^^^^^^
The type NiFiLegacyCipherProvider is deprecated
----------
3. WARNING in /home/srafi/after-cam-ready/compare_/compile_repair_output/work/a1b954f3eb4f/nifi-commons/nifi-security-utils/src/test/groovy/org/apache/nifi/security/util/crypto/NiFiLegacyCipherProviderGroovyTest.groovy (at line 140)
	NiFiLegacyCipherProvider cipherProvider = new NiFiLegacyCipherProvider()
	^^^^^^^^^^^^^^^^^^^^^^^^
The type NiFiLegacyCipherProvider is deprecated
----------
4. WARNING in /home/srafi/after-cam-ready/compare_/compile_repair_output/work/a1b954f3eb4f/nifi-commons/nifi-security-utils/src/test/groovy/org/apache/nifi/security/util/crypto/NiFiLegacyCipherProviderGroovyTest.groovy (at line 175)
	NiFiLegacyCipherProvider cipherProvider = new NiFiLegacyCipherProvider()
	^^^^^^^^^^^^^^^^^^^^^^^^
The type NiFiLegacyCipherProvider is deprecated
----------
5. WARNING in /home/srafi/after-cam-ready/compare_/compile_repair_output/work/a1b954f3eb4f/nifi-commons/nifi-security-utils/src/test/groovy/org/apache/nifi/security/util/crypto/NiFiLegacyCipherProviderGroovyTest.groovy (at line 209)
	NiFiLegacyCipherProvider cipherProvider = new NiFiLegacyCipherProvider()
	^^^^^^^^^^^^^^^^^^^^^^^^
The type NiFiLegacyCipherProvider is deprecated
----------
6. WARNING in /home/srafi/after-cam-ready/compare_/compile_repair_output/work/a1b954f3eb4f/nifi-commons/nifi-security-utils/src/test/groovy/org/apache/nifi/security/util/crypto/NiFiLegacyCipherProviderGroovyTest.groovy (at line 260)
	NiFiLegacyCipherProvider cipherProvider = new NiFiLegacyCipherProvider()
	^^^^^^^^^^^^^^^^^^^^^^^^
The type NiFiLegacyCipherProvider is deprecated
----------
----------
7. WARNING in /home/srafi/after-cam-ready/compare_/compile_repair_output/work/a1b954f3eb4f/nifi-commons/nifi-security-utils/src/test/groovy/org/apache/nifi/security/util/CertificateUtilsTest.groovy (at line 118)
	@SuppressWarnings("deprecation")
	                  ^^^^^^^^^^^^^
Unnecessary @SuppressWarnings("deprecation")
----------
7 problems (7 warnings)

[INFO] 
[INFO] --- maven-surefire-plugin:3.0.0-M8-SNAPSHOT:test (default-test) @ nifi-security-utils ---
[INFO] Tests are skipped.
[INFO] 
[INFO] --- maven-jar-plugin:3.2.0:jar (default-jar) @ nifi-security-utils ---
[INFO] Building jar: /home/srafi/after-cam-ready/compare_/compile_repair_output/work/a1b954f3eb4f/nifi-commons/nifi-security-utils/target/nifi-security-utils-1.15.0-SNAPSHOT.jar
[INFO] 
[INFO] --- maven-site-plugin:3.7.1:attach-descriptor (attach-descriptor) @ nifi-security-utils ---
[INFO] Skipping because packaging 'jar' is not pom.
[INFO] 
[INFO] --- maven-install-plugin:2.5.2:install (default-install) @ nifi-security-utils ---
[INFO] Installing /home/srafi/after-cam-ready/compare_/compile_repair_output/work/a1b954f3eb4f/nifi-commons/nifi-security-utils/target/nifi-security-utils-1.15.0-SNAPSHOT.jar to /home/srafi/.m2/repository/org/apache/nifi/nifi-security-utils/1.15.0-SNAPSHOT/nifi-security-utils-1.15.0-SNAPSHOT.jar
[INFO] Installing /home/srafi/after-cam-ready/compare_/compile_repair_output/work/a1b954f3eb4f/nifi-commons/nifi-security-utils/pom.xml to /home/srafi/.m2/repository/org/apache/nifi/nifi-security-utils/1.15.0-SNAPSHOT/nifi-security-utils-1.15.0-SNAPSHOT.pom
[INFO] 
[INFO] -----------------< org.apache.nifi:nifi-framework-api >-----------------
[INFO] Building nifi-framework-api 1.15.0-SNAPSHOT                      [10/57]
[INFO] --------------------------------[ jar ]---------------------------------
[INFO] 
[INFO] --- maven-clean-plugin:3.1.0:clean (default-clean) @ nifi-framework-api ---
[INFO] 
[INFO] --- maven-remote-resources-plugin:1.7.0:process (process-resource-bundles) @ nifi-framework-api ---
[INFO] Preparing remote bundle org.apache:apache-jar-resource-bundle:1.4
[INFO] Copying 3 resources from 1 bundle.
[INFO] 
[INFO] --- maven-resources-plugin:3.1.0:resources (default-resources) @ nifi-framework-api ---
[INFO] Using 'UTF-8' encoding to copy filtered resources.
[INFO] skip non existing resourceDirectory /home/srafi/after-cam-ready/compare_/compile_repair_output/work/a1b954f3eb4f/nifi-framework-api/src/main/resources
[INFO] Copying 3 resources
[INFO] 
[INFO] --- maven-compiler-plugin:3.8.1:compile (default-compile) @ nifi-framework-api ---
[INFO] Changes detected - recompiling the module!
[INFO] Compiling 144 source files to /home/srafi/after-cam-ready/compare_/compile_repair_output/work/a1b954f3eb4f/nifi-framework-api/target/classes
[INFO] 
[INFO] --- maven-resources-plugin:3.1.0:testResources (default-testResources) @ nifi-framework-api ---
[INFO] Using 'UTF-8' encoding to copy filtered resources.
[INFO] skip non existing resourceDirectory /home/srafi/after-cam-ready/compare_/compile_repair_output/work/a1b954f3eb4f/nifi-framework-api/src/test/resources
[INFO] Copying 3 resources
[INFO] 
[INFO] --- maven-compiler-plugin:3.8.1:testCompile (default-testCompile) @ nifi-framework-api ---
[INFO] Changes detected - recompiling the module!
[INFO] Compiling 8 source files to /home/srafi/after-cam-ready/compare_/compile_repair_output/work/a1b954f3eb4f/nifi-framework-api/target/test-classes
[INFO] 
[INFO] --- maven-compiler-plugin:3.8.1:testCompile (groovy-tests) @ nifi-framework-api ---
[INFO] Changes detected - recompiling the module!
[INFO] Nothing to compile - all classes are up to date
[INFO] 
[INFO] --- maven-surefire-plugin:3.0.0-M8-SNAPSHOT:test (default-test) @ nifi-framework-api ---
[INFO] Tests are skipped.
[INFO] 
[INFO] --- maven-jar-plugin:3.2.0:jar (default-jar) @ nifi-framework-api ---
[INFO] Building jar: /home/srafi/after-cam-ready/compare_/compile_repair_output/work/a1b954f3eb4f/nifi-framework-api/target/nifi-framework-api-1.15.0-SNAPSHOT.jar
[INFO] 
[INFO] --- maven-site-plugin:3.7.1:attach-descriptor (attach-descriptor) @ nifi-framework-api ---
[INFO] Skipping because packaging 'jar' is not pom.
[INFO] 
[INFO] --- maven-install-plugin:2.5.2:install (default-install) @ nifi-framework-api ---
[INFO] Installing /home/srafi/after-cam-ready/compare_/compile_repair_output/work/a1b954f3eb4f/nifi-framework-api/target/nifi-framework-api-1.15.0-SNAPSHOT.jar to /home/srafi/.m2/repository/org/apache/nifi/nifi-framework-api/1.15.0-SNAPSHOT/nifi-framework-api-1.15.0-SNAPSHOT.jar
[INFO] Installing /home/srafi/after-cam-ready/compare_/compile_repair_output/work/a1b954f3eb4f/nifi-framework-api/pom.xml to /home/srafi/.m2/repository/org/apache/nifi/nifi-framework-api/1.15.0-SNAPSHOT/nifi-framework-api-1.15.0-SNAPSHOT.pom
[INFO] 
[INFO] -------------< org.apache.nifi:nifi-data-provenance-utils >-------------
[INFO] Building nifi-data-provenance-utils 1.15.0-SNAPSHOT              [11/57]
[INFO] --------------------------------[ jar ]---------------------------------
[INFO] 
[INFO] --- maven-clean-plugin:3.1.0:clean (default-clean) @ nifi-data-provenance-utils ---
[INFO] 
[INFO] --- maven-remote-resources-plugin:1.7.0:process (process-resource-bundles) @ nifi-data-provenance-utils ---
[INFO] Preparing remote bundle org.apache:apache-jar-resource-bundle:1.4
[INFO] Copying 3 resources from 1 bundle.
[INFO] 
[INFO] --- maven-resources-plugin:3.1.0:resources (default-resources) @ nifi-data-provenance-utils ---
[INFO] Using 'UTF-8' encoding to copy filtered resources.
[INFO] skip non existing resourceDirectory /home/srafi/after-cam-ready/compare_/compile_repair_output/work/a1b954f3eb4f/nifi-commons/nifi-data-provenance-utils/src/main/resources
[INFO] Copying 3 resources
[INFO] 
[INFO] --- maven-compiler-plugin:3.8.1:compile (default-compile) @ nifi-data-provenance-utils ---
[INFO] Changes detected - recompiling the module!
[INFO] Compiling 14 source files to /home/srafi/after-cam-ready/compare_/compile_repair_output/work/a1b954f3eb4f/nifi-commons/nifi-data-provenance-utils/target/classes
[INFO] 
[INFO] --- maven-resources-plugin:3.1.0:testResources (default-testResources) @ nifi-data-provenance-utils ---
[INFO] Using 'UTF-8' encoding to copy filtered resources.
[INFO] skip non existing resourceDirectory /home/srafi/after-cam-ready/compare_/compile_repair_output/work/a1b954f3eb4f/nifi-commons/nifi-data-provenance-utils/src/test/resources
[INFO] Copying 3 resources
[INFO] 
[INFO] --- maven-compiler-plugin:3.8.1:testCompile (default-testCompile) @ nifi-data-provenance-utils ---
[INFO] No sources to compile
[INFO] 
[INFO] --- maven-compiler-plugin:3.8.1:testCompile (groovy-tests) @ nifi-data-provenance-utils ---
[INFO] No sources to compile
[INFO] 
[INFO] --- maven-surefire-plugin:3.0.0-M8-SNAPSHOT:test (default-test) @ nifi-data-provenance-utils ---
[INFO] Tests are skipped.
[INFO] 
[INFO] --- maven-jar-plugin:3.2.0:jar (default-jar) @ nifi-data-provenance-utils ---
[INFO] Building jar: /home/srafi/after-cam-ready/compare_/compile_repair_output/work/a1b954f3eb4f/nifi-commons/nifi-data-provenance-utils/target/nifi-data-provenance-utils-1.15.0-SNAPSHOT.jar
[INFO] 
[INFO] --- maven-site-plugin:3.7.1:attach-descriptor (attach-descriptor) @ nifi-data-provenance-utils ---
[INFO] Skipping because packaging 'jar' is not pom.
[INFO] 
[INFO] --- maven-install-plugin:2.5.2:install (default-install) @ nifi-data-provenance-utils ---
[INFO] Installing /home/srafi/after-cam-ready/compare_/compile_repair_output/work/a1b954f3eb4f/nifi-commons/nifi-data-provenance-utils/target/nifi-data-provenance-utils-1.15.0-SNAPSHOT.jar to /home/srafi/.m2/repository/org/apache/nifi/nifi-data-provenance-utils/1.15.0-SNAPSHOT/nifi-data-provenance-utils-1.15.0-SNAPSHOT.jar
[INFO] Installing /home/srafi/after-cam-ready/compare_/compile_repair_output/work/a1b954f3eb4f/nifi-commons/nifi-data-provenance-utils/pom.xml to /home/srafi/.m2/repository/org/apache/nifi/nifi-data-provenance-utils/1.15.0-SNAPSHOT/nifi-data-provenance-utils-1.15.0-SNAPSHOT.pom
[INFO] 
[INFO] -------------------< org.apache.nifi:nifi-parameter >-------------------
[INFO] Building nifi-parameter 1.15.0-SNAPSHOT                          [12/57]
[INFO] --------------------------------[ jar ]---------------------------------
[INFO] 
[INFO] --- maven-clean-plugin:3.1.0:clean (default-clean) @ nifi-parameter ---
[INFO] 
[INFO] --- maven-remote-resources-plugin:1.7.0:process (process-resource-bundles) @ nifi-parameter ---
[INFO] Preparing remote bundle org.apache:apache-jar-resource-bundle:1.4
[INFO] Copying 3 resources from 1 bundle.
[INFO] 
[INFO] --- maven-resources-plugin:3.1.0:resources (default-resources) @ nifi-parameter ---
[INFO] Using 'UTF-8' encoding to copy filtered resources.
[INFO] skip non existing resourceDirectory /home/srafi/after-cam-ready/compare_/compile_repair_output/work/a1b954f3eb4f/nifi-commons/nifi-parameter/src/main/resources
[INFO] Copying 3 resources
[INFO] 
[INFO] --- maven-compiler-plugin:3.8.1:compile (default-compile) @ nifi-parameter ---
[INFO] Changes detected - recompiling the module!
[INFO] Compiling 12 source files to /home/srafi/after-cam-ready/compare_/compile_repair_output/work/a1b954f3eb4f/nifi-commons/nifi-parameter/target/classes
[INFO] 
[INFO] --- maven-resources-plugin:3.1.0:testResources (default-testResources) @ nifi-parameter ---
[INFO] Using 'UTF-8' encoding to copy filtered resources.
[INFO] skip non existing resourceDirectory /home/srafi/after-cam-ready/compare_/compile_repair_output/work/a1b954f3eb4f/nifi-commons/nifi-parameter/src/test/resources
[INFO] Copying 3 resources
[INFO] 
[INFO] --- maven-compiler-plugin:3.8.1:testCompile (default-testCompile) @ nifi-parameter ---
[INFO] Changes detected - recompiling the module!
[INFO] Compiling 3 source files to /home/srafi/after-cam-ready/compare_/compile_repair_output/work/a1b954f3eb4f/nifi-commons/nifi-parameter/target/test-classes
[INFO] 
[INFO] --- maven-compiler-plugin:3.8.1:testCompile (groovy-tests) @ nifi-parameter ---
[INFO] Changes detected - recompiling the module!
[INFO] Nothing to compile - all classes are up to date
[INFO] 
[INFO] --- maven-surefire-plugin:3.0.0-M8-SNAPSHOT:test (default-test) @ nifi-parameter ---
[INFO] Tests are skipped.
[INFO] 
[INFO] --- maven-jar-plugin:3.2.0:jar (default-jar) @ nifi-parameter ---
[INFO] Building jar: /home/srafi/after-cam-ready/compare_/compile_repair_output/work/a1b954f3eb4f/nifi-commons/nifi-parameter/target/nifi-parameter-1.15.0-SNAPSHOT.jar
[INFO] 
[INFO] --- maven-site-plugin:3.7.1:attach-descriptor (attach-descriptor) @ nifi-parameter ---
[INFO] Skipping because packaging 'jar' is not pom.
[INFO] 
[INFO] --- maven-install-plugin:2.5.2:install (default-install) @ nifi-parameter ---
[INFO] Installing /home/srafi/after-cam-ready/compare_/compile_repair_output/work/a1b954f3eb4f/nifi-commons/nifi-parameter/target/nifi-parameter-1.15.0-SNAPSHOT.jar to /home/srafi/.m2/repository/org/apache/nifi/nifi-parameter/1.15.0-SNAPSHOT/nifi-parameter-1.15.0-SNAPSHOT.jar
[INFO] Installing /home/srafi/after-cam-ready/compare_/compile_repair_output/work/a1b954f3eb4f/nifi-commons/nifi-parameter/pom.xml to /home/srafi/.m2/repository/org/apache/nifi/nifi-parameter/1.15.0-SNAPSHOT/nifi-parameter-1.15.0-SNAPSHOT.pom
[INFO] 
[INFO] ---------------------< org.apache.nifi:nifi-uuid5 >---------------------
[INFO] Building nifi-uuid5 1.15.0-SNAPSHOT                              [13/57]
[INFO] --------------------------------[ jar ]---------------------------------
[INFO] 
[INFO] --- maven-clean-plugin:3.1.0:clean (default-clean) @ nifi-uuid5 ---
[INFO] 
[INFO] --- maven-remote-resources-plugin:1.7.0:process (process-resource-bundles) @ nifi-uuid5 ---
[INFO] Preparing remote bundle org.apache:apache-jar-resource-bundle:1.4
[INFO] Copying 3 resources from 1 bundle.
[INFO] 
[INFO] --- maven-resources-plugin:3.1.0:resources (default-resources) @ nifi-uuid5 ---
[INFO] Using 'UTF-8' encoding to copy filtered resources.
[INFO] skip non existing resourceDirectory /home/srafi/after-cam-ready/compare_/compile_repair_output/work/a1b954f3eb4f/nifi-commons/nifi-uuid5/src/main/resources
[INFO] Copying 3 resources
[INFO] 
[INFO] --- maven-compiler-plugin:3.8.1:compile (default-compile) @ nifi-uuid5 ---
[INFO] Changes detected - recompiling the module!
[INFO] Compiling 1 source file to /home/srafi/after-cam-ready/compare_/compile_repair_output/work/a1b954f3eb4f/nifi-commons/nifi-uuid5/target/classes
[INFO] 
[INFO] --- maven-resources-plugin:3.1.0:testResources (default-testResources) @ nifi-uuid5 ---
[INFO] Using 'UTF-8' encoding to copy filtered resources.
[INFO] skip non existing resourceDirectory /home/srafi/after-cam-ready/compare_/compile_repair_output/work/a1b954f3eb4f/nifi-commons/nifi-uuid5/src/test/resources
[INFO] Copying 3 resources
[INFO] 
[INFO] --- maven-compiler-plugin:3.8.1:testCompile (default-testCompile) @ nifi-uuid5 ---
[INFO] No sources to compile
[INFO] 
[INFO] --- maven-compiler-plugin:3.8.1:testCompile (groovy-tests) @ nifi-uuid5 ---
[INFO] No sources to compile
[INFO] 
[INFO] --- maven-surefire-plugin:3.0.0-M8-SNAPSHOT:test (default-test) @ nifi-uuid5 ---
[INFO] Tests are skipped.
[INFO] 
[INFO] --- maven-jar-plugin:3.2.0:jar (default-jar) @ nifi-uuid5 ---
[INFO] Building jar: /home/srafi/after-cam-ready/compare_/compile_repair_output/work/a1b954f3eb4f/nifi-commons/nifi-uuid5/target/nifi-uuid5-1.15.0-SNAPSHOT.jar
[INFO] 
[INFO] --- maven-site-plugin:3.7.1:attach-descriptor (attach-descriptor) @ nifi-uuid5 ---
[INFO] Skipping because packaging 'jar' is not pom.
[INFO] 
[INFO] --- maven-install-plugin:2.5.2:install (default-install) @ nifi-uuid5 ---
[INFO] Installing /home/srafi/after-cam-ready/compare_/compile_repair_output/work/a1b954f3eb4f/nifi-commons/nifi-uuid5/target/nifi-uuid5-1.15.0-SNAPSHOT.jar to /home/srafi/.m2/repository/org/apache/nifi/nifi-uuid5/1.15.0-SNAPSHOT/nifi-uuid5-1.15.0-SNAPSHOT.jar
[INFO] Installing /home/srafi/after-cam-ready/compare_/compile_repair_output/work/a1b954f3eb4f/nifi-commons/nifi-uuid5/pom.xml to /home/srafi/.m2/repository/org/apache/nifi/nifi-uuid5/1.15.0-SNAPSHOT/nifi-uuid5-1.15.0-SNAPSHOT.pom
[INFO] 
[INFO] --------------< org.apache.nifi:nifi-expression-language >--------------
[INFO] Building nifi-expression-language 1.15.0-SNAPSHOT                [14/57]
[INFO] --------------------------------[ jar ]---------------------------------
[INFO] 
[INFO] --- maven-clean-plugin:3.1.0:clean (default-clean) @ nifi-expression-language ---
[INFO] 
[INFO] --- antlr3-maven-plugin:3.5.2:antlr (default) @ nifi-expression-language ---
[INFO] ANTLR: Processing source directory /home/srafi/after-cam-ready/compare_/compile_repair_output/work/a1b954f3eb4f/nifi-commons/nifi-expression-language/src/main/antlr3
ANTLR Parser Generator  Version 3.5.2
Output file /home/srafi/after-cam-ready/compare_/compile_repair_output/work/a1b954f3eb4f/nifi-commons/nifi-expression-language/target/generated-sources/antlr3/org/apache/nifi/attribute/expression/language/antlr/AttributeExpressionLexer.java does not exist: must build /home/srafi/after-cam-ready/compare_/compile_repair_output/work/a1b954f3eb4f/nifi-commons/nifi-expression-language/src/main/antlr3/org/apache/nifi/attribute/expression/language/antlr/AttributeExpressionLexer.g
org/apache/nifi/attribute/expression/language/antlr/AttributeExpressionLexer.g
Output file /home/srafi/after-cam-ready/compare_/compile_repair_output/work/a1b954f3eb4f/nifi-commons/nifi-expression-language/target/generated-sources/antlr3/org/apache/nifi/attribute/expression/language/antlr/AttributeExpressionParser.java does not exist: must build /home/srafi/after-cam-ready/compare_/compile_repair_output/work/a1b954f3eb4f/nifi-commons/nifi-expression-language/src/main/antlr3/org/apache/nifi/attribute/expression/language/antlr/AttributeExpressionParser.g
org/apache/nifi/attribute/expression/language/antlr/AttributeExpressionParser.g
[INFO] 
[INFO] --- maven-remote-resources-plugin:1.7.0:process (process-resource-bundles) @ nifi-expression-language ---
[INFO] Preparing remote bundle org.apache:apache-jar-resource-bundle:1.4
[INFO] Copying 3 resources from 1 bundle.
[INFO] 
[INFO] --- maven-resources-plugin:3.1.0:resources (default-resources) @ nifi-expression-language ---
[INFO] Using 'UTF-8' encoding to copy filtered resources.
[INFO] skip non existing resourceDirectory /home/srafi/after-cam-ready/compare_/compile_repair_output/work/a1b954f3eb4f/nifi-commons/nifi-expression-language/src/main/resources
[INFO] Copying 3 resources
[INFO] 
[INFO] --- maven-compiler-plugin:3.8.1:compile (default-compile) @ nifi-expression-language ---
[INFO] Changes detected - recompiling the module!
[INFO] Compiling 143 source files to /home/srafi/after-cam-ready/compare_/compile_repair_output/work/a1b954f3eb4f/nifi-commons/nifi-expression-language/target/classes
[WARNING] /home/srafi/after-cam-ready/compare_/compile_repair_output/work/a1b954f3eb4f/nifi-commons/nifi-expression-language/src/main/java/org/apache/nifi/attribute/expression/language/StandardPropertyValue.java:[122,54] [deprecation] getTimeDuration(String,TimeUnit) in FormatUtils has been deprecated
[INFO] 
[INFO] --- maven-resources-plugin:3.1.0:testResources (default-testResources) @ nifi-expression-language ---
[INFO] Using 'UTF-8' encoding to copy filtered resources.
[INFO] Copying 1 resource
[INFO] Copying 3 resources
[INFO] 
[INFO] --- maven-compiler-plugin:3.8.1:testCompile (default-testCompile) @ nifi-expression-language ---
[INFO] Changes detected - recompiling the module!
[INFO] Compiling 3 source files to /home/srafi/after-cam-ready/compare_/compile_repair_output/work/a1b954f3eb4f/nifi-commons/nifi-expression-language/target/test-classes
[INFO] 
[INFO] --- maven-compiler-plugin:3.8.1:testCompile (groovy-tests) @ nifi-expression-language ---
[INFO] Changes detected - recompiling the module!
[INFO] Using Groovy-Eclipse compiler to compile both Java and Groovy files
[INFO] Compiling in a forked process using /home/srafi/.m2/repository/org/codehaus/groovy/groovy-eclipse-batch/2.5.14-01/groovy-eclipse-batch-2.5.14-01.jar
[INFO] 
[INFO] --- maven-surefire-plugin:3.0.0-M8-SNAPSHOT:test (default-test) @ nifi-expression-language ---
[INFO] Tests are skipped.
[INFO] 
[INFO] --- maven-jar-plugin:3.2.0:jar (default-jar) @ nifi-expression-language ---
[INFO] Building jar: /home/srafi/after-cam-ready/compare_/compile_repair_output/work/a1b954f3eb4f/nifi-commons/nifi-expression-language/target/nifi-expression-language-1.15.0-SNAPSHOT.jar
[INFO] 
[INFO] --- maven-site-plugin:3.7.1:attach-descriptor (attach-descriptor) @ nifi-expression-language ---
[INFO] Skipping because packaging 'jar' is not pom.
[INFO] 
[INFO] --- maven-install-plugin:2.5.2:install (default-install) @ nifi-expression-language ---
[INFO] Installing /home/srafi/after-cam-ready/compare_/compile_repair_output/work/a1b954f3eb4f/nifi-commons/nifi-expression-language/target/nifi-expression-language-1.15.0-SNAPSHOT.jar to /home/srafi/.m2/repository/org/apache/nifi/nifi-expression-language/1.15.0-SNAPSHOT/nifi-expression-language-1.15.0-SNAPSHOT.jar
[INFO] Installing /home/srafi/after-cam-ready/compare_/compile_repair_output/work/a1b954f3eb4f/nifi-commons/nifi-expression-language/pom.xml to /home/srafi/.m2/repository/org/apache/nifi/nifi-expression-language/1.15.0-SNAPSHOT/nifi-expression-language-1.15.0-SNAPSHOT.pom
[INFO] 
[INFO] --------------------< org.apache.nifi:nifi-record >---------------------
[INFO] Building nifi-record 1.15.0-SNAPSHOT                             [15/57]
[INFO] --------------------------------[ jar ]---------------------------------
[INFO] 
[INFO] --- maven-clean-plugin:3.1.0:clean (default-clean) @ nifi-record ---
[INFO] 
[INFO] --- maven-remote-resources-plugin:1.7.0:process (process-resource-bundles) @ nifi-record ---
[INFO] Preparing remote bundle org.apache:apache-jar-resource-bundle:1.4
[INFO] Copying 3 resources from 1 bundle.
[INFO] 
[INFO] --- maven-resources-plugin:3.1.0:resources (default-resources) @ nifi-record ---
[INFO] Using 'UTF-8' encoding to copy filtered resources.
[INFO] skip non existing resourceDirectory /home/srafi/after-cam-ready/compare_/compile_repair_output/work/a1b954f3eb4f/nifi-commons/nifi-record/src/main/resources
[INFO] Copying 3 resources
[INFO] 
[INFO] --- maven-compiler-plugin:3.8.1:compile (default-compile) @ nifi-record ---
[INFO] Changes detected - recompiling the module!
[INFO] Compiling 37 source files to /home/srafi/after-cam-ready/compare_/compile_repair_output/work/a1b954f3eb4f/nifi-commons/nifi-record/target/classes
[INFO] 
[INFO] --- maven-resources-plugin:3.1.0:testResources (default-testResources) @ nifi-record ---
[INFO] Using 'UTF-8' encoding to copy filtered resources.
[INFO] skip non existing resourceDirectory /home/srafi/after-cam-ready/compare_/compile_repair_output/work/a1b954f3eb4f/nifi-commons/nifi-record/src/test/resources
[INFO] Copying 3 resources
[INFO] 
[INFO] --- maven-compiler-plugin:3.8.1:testCompile (default-testCompile) @ nifi-record ---
[INFO] Changes detected - recompiling the module!
[INFO] Compiling 4 source files to /home/srafi/after-cam-ready/compare_/compile_repair_output/work/a1b954f3eb4f/nifi-commons/nifi-record/target/test-classes
[INFO] 
[INFO] --- maven-compiler-plugin:3.8.1:testCompile (groovy-tests) @ nifi-record ---
[INFO] Changes detected - recompiling the module!
[INFO] Nothing to compile - all classes are up to date
[INFO] 
[INFO] --- maven-surefire-plugin:3.0.0-M8-SNAPSHOT:test (default-test) @ nifi-record ---
[INFO] Tests are skipped.
[INFO] 
[INFO] --- maven-jar-plugin:3.2.0:jar (default-jar) @ nifi-record ---
[INFO] Building jar: /home/srafi/after-cam-ready/compare_/compile_repair_output/work/a1b954f3eb4f/nifi-commons/nifi-record/target/nifi-record-1.15.0-SNAPSHOT.jar
[INFO] 
[INFO] --- maven-site-plugin:3.7.1:attach-descriptor (attach-descriptor) @ nifi-record ---
[INFO] Skipping because packaging 'jar' is not pom.
[INFO] 
[INFO] --- maven-install-plugin:2.5.2:install (default-install) @ nifi-record ---
[INFO] Installing /home/srafi/after-cam-ready/compare_/compile_repair_output/work/a1b954f3eb4f/nifi-commons/nifi-record/target/nifi-record-1.15.0-SNAPSHOT.jar to /home/srafi/.m2/repository/org/apache/nifi/nifi-record/1.15.0-SNAPSHOT/nifi-record-1.15.0-SNAPSHOT.jar
[INFO] Installing /home/srafi/after-cam-ready/compare_/compile_repair_output/work/a1b954f3eb4f/nifi-commons/nifi-record/pom.xml to /home/srafi/.m2/repository/org/apache/nifi/nifi-record/1.15.0-SNAPSHOT/nifi-record-1.15.0-SNAPSHOT.pom
[INFO] 
[INFO] ------------------< org.apache.nifi:nifi-record-path >------------------
[INFO] Building nifi-record-path 1.15.0-SNAPSHOT                        [16/57]
[INFO] --------------------------------[ jar ]---------------------------------
[INFO] 
[INFO] --- maven-clean-plugin:3.1.0:clean (default-clean) @ nifi-record-path ---
[INFO] 
[INFO] --- antlr3-maven-plugin:3.5.2:antlr (default) @ nifi-record-path ---
[INFO] ANTLR: Processing source directory /home/srafi/after-cam-ready/compare_/compile_repair_output/work/a1b954f3eb4f/nifi-commons/nifi-record-path/src/main/antlr3
ANTLR Parser Generator  Version 3.5.2
Output file /home/srafi/after-cam-ready/compare_/compile_repair_output/work/a1b954f3eb4f/nifi-commons/nifi-record-path/target/generated-sources/antlr3/org/apache/nifi/record/path/RecordPathLexer.java does not exist: must build /home/srafi/after-cam-ready/compare_/compile_repair_output/work/a1b954f3eb4f/nifi-commons/nifi-record-path/src/main/antlr3/org/apache/nifi/record/path/RecordPathLexer.g
org/apache/nifi/record/path/RecordPathLexer.g
Output file /home/srafi/after-cam-ready/compare_/compile_repair_output/work/a1b954f3eb4f/nifi-commons/nifi-record-path/target/generated-sources/antlr3/org/apache/nifi/record/path/RecordPathParser.java does not exist: must build /home/srafi/after-cam-ready/compare_/compile_repair_output/work/a1b954f3eb4f/nifi-commons/nifi-record-path/src/main/antlr3/org/apache/nifi/record/path/RecordPathParser.g
org/apache/nifi/record/path/RecordPathParser.g
warning(200): org/apache/nifi/record/path/RecordPathParser.g:208:9: 
Decision can match input such as "LBRACKET STRING_LITERAL RBRACKET" using multiple alternatives: 1, 2

As a result, alternative(s) 2 were disabled for that input
[INFO] 
[INFO] --- maven-remote-resources-plugin:1.7.0:process (process-resource-bundles) @ nifi-record-path ---
[INFO] Preparing remote bundle org.apache:apache-jar-resource-bundle:1.4
[INFO] Copying 3 resources from 1 bundle.
[INFO] 
[INFO] --- maven-resources-plugin:3.1.0:resources (default-resources) @ nifi-record-path ---
[INFO] Using 'UTF-8' encoding to copy filtered resources.
[INFO] skip non existing resourceDirectory /home/srafi/after-cam-ready/compare_/compile_repair_output/work/a1b954f3eb4f/nifi-commons/nifi-record-path/src/main/resources
[INFO] Copying 3 resources
[INFO] 
[INFO] --- maven-compiler-plugin:3.8.1:compile (default-compile) @ nifi-record-path ---
[INFO] Changes detected - recompiling the module!
[INFO] Compiling 84 source files to /home/srafi/after-cam-ready/compare_/compile_repair_output/work/a1b954f3eb4f/nifi-commons/nifi-record-path/target/classes
[INFO] 
[INFO] --- maven-resources-plugin:3.1.0:testResources (default-testResources) @ nifi-record-path ---
[INFO] Using 'UTF-8' encoding to copy filtered resources.
[INFO] skip non existing resourceDirectory /home/srafi/after-cam-ready/compare_/compile_repair_output/work/a1b954f3eb4f/nifi-commons/nifi-record-path/src/test/resources
[INFO] Copying 3 resources
[INFO] 
[INFO] --- maven-compiler-plugin:3.8.1:testCompile (default-testCompile) @ nifi-record-path ---
[INFO] Changes detected - recompiling the module!
[INFO] Compiling 4 source files to /home/srafi/after-cam-ready/compare_/compile_repair_output/work/a1b954f3eb4f/nifi-commons/nifi-record-path/target/test-classes
[INFO] 
[INFO] --- maven-compiler-plugin:3.8.1:testCompile (groovy-tests) @ nifi-record-path ---
[INFO] Changes detected - recompiling the module!
[INFO] Nothing to compile - all classes are up to date
[INFO] 
[INFO] --- maven-surefire-plugin:3.0.0-M8-SNAPSHOT:test (default-test) @ nifi-record-path ---
[INFO] Tests are skipped.
[INFO] 
[INFO] --- maven-jar-plugin:3.2.0:jar (default-jar) @ nifi-record-path ---
[INFO] Building jar: /home/srafi/after-cam-ready/compare_/compile_repair_output/work/a1b954f3eb4f/nifi-commons/nifi-record-path/target/nifi-record-path-1.15.0-SNAPSHOT.jar
[INFO] 
[INFO] --- maven-site-plugin:3.7.1:attach-descriptor (attach-descriptor) @ nifi-record-path ---
[INFO] Skipping because packaging 'jar' is not pom.
[INFO] 
[INFO] --- maven-install-plugin:2.5.2:install (default-install) @ nifi-record-path ---
[INFO] Installing /home/srafi/after-cam-ready/compare_/compile_repair_output/work/a1b954f3eb4f/nifi-commons/nifi-record-path/target/nifi-record-path-1.15.0-SNAPSHOT.jar to /home/srafi/.m2/repository/org/apache/nifi/nifi-record-path/1.15.0-SNAPSHOT/nifi-record-path-1.15.0-SNAPSHOT.jar
[INFO] Installing /home/srafi/after-cam-ready/compare_/compile_repair_output/work/a1b954f3eb4f/nifi-commons/nifi-record-path/pom.xml to /home/srafi/.m2/repository/org/apache/nifi/nifi-record-path/1.15.0-SNAPSHOT/nifi-record-path-1.15.0-SNAPSHOT.pom
[INFO] 
[INFO] -------------< org.apache.nifi:nifi-security-kerberos-api >-------------
[INFO] Building nifi-security-kerberos-api 1.15.0-SNAPSHOT              [17/57]
[INFO] --------------------------------[ jar ]---------------------------------
[INFO] 
[INFO] --- maven-clean-plugin:3.1.0:clean (default-clean) @ nifi-security-kerberos-api ---
[INFO] 
[INFO] --- maven-remote-resources-plugin:1.7.0:process (process-resource-bundles) @ nifi-security-kerberos-api ---
[INFO] Preparing remote bundle org.apache:apache-jar-resource-bundle:1.4
[INFO] Copying 3 resources from 1 bundle.
[INFO] 
[INFO] --- maven-resources-plugin:3.1.0:resources (default-resources) @ nifi-security-kerberos-api ---
[INFO] Using 'UTF-8' encoding to copy filtered resources.
[INFO] skip non existing resourceDirectory /home/srafi/after-cam-ready/compare_/compile_repair_output/work/a1b954f3eb4f/nifi-commons/nifi-security-kerberos-api/src/main/resources
[INFO] Copying 3 resources
[INFO] 
[INFO] --- maven-compiler-plugin:3.8.1:compile (default-compile) @ nifi-security-kerberos-api ---
[INFO] Changes detected - recompiling the module!
[INFO] Compiling 2 source files to /home/srafi/after-cam-ready/compare_/compile_repair_output/work/a1b954f3eb4f/nifi-commons/nifi-security-kerberos-api/target/classes
[INFO] 
[INFO] --- maven-resources-plugin:3.1.0:testResources (default-testResources) @ nifi-security-kerberos-api ---
[INFO] Using 'UTF-8' encoding to copy filtered resources.
[INFO] skip non existing resourceDirectory /home/srafi/after-cam-ready/compare_/compile_repair_output/work/a1b954f3eb4f/nifi-commons/nifi-security-kerberos-api/src/test/resources
[INFO] Copying 3 resources
[INFO] 
[INFO] --- maven-compiler-plugin:3.8.1:testCompile (default-testCompile) @ nifi-security-kerberos-api ---
[INFO] No sources to compile
[INFO] 
[INFO] --- maven-compiler-plugin:3.8.1:testCompile (groovy-tests) @ nifi-security-kerberos-api ---
[INFO] No sources to compile
[INFO] 
[INFO] --- maven-surefire-plugin:3.0.0-M8-SNAPSHOT:test (default-test) @ nifi-security-kerberos-api ---
[INFO] Tests are skipped.
[INFO] 
[INFO] --- maven-jar-plugin:3.2.0:jar (default-jar) @ nifi-security-kerberos-api ---
[INFO] Building jar: /home/srafi/after-cam-ready/compare_/compile_repair_output/work/a1b954f3eb4f/nifi-commons/nifi-security-kerberos-api/target/nifi-security-kerberos-api-1.15.0-SNAPSHOT.jar
[INFO] 
[INFO] --- maven-site-plugin:3.7.1:attach-descriptor (attach-descriptor) @ nifi-security-kerberos-api ---
[INFO] Skipping because packaging 'jar' is not pom.
[INFO] 
[INFO] --- maven-install-plugin:2.5.2:install (default-install) @ nifi-security-kerberos-api ---
[INFO] Installing /home/srafi/after-cam-ready/compare_/compile_repair_output/work/a1b954f3eb4f/nifi-commons/nifi-security-kerberos-api/target/nifi-security-kerberos-api-1.15.0-SNAPSHOT.jar to /home/srafi/.m2/repository/org/apache/nifi/nifi-security-kerberos-api/1.15.0-SNAPSHOT/nifi-security-kerberos-api-1.15.0-SNAPSHOT.jar
[INFO] Installing /home/srafi/after-cam-ready/compare_/compile_repair_output/work/a1b954f3eb4f/nifi-commons/nifi-security-kerberos-api/pom.xml to /home/srafi/.m2/repository/org/apache/nifi/nifi-security-kerberos-api/1.15.0-SNAPSHOT/nifi-security-kerberos-api-1.15.0-SNAPSHOT.pom
[INFO] 
[INFO] ---------------< org.apache.nifi:nifi-security-kerberos >---------------
[INFO] Building nifi-security-kerberos 1.15.0-SNAPSHOT                  [18/57]
[INFO] --------------------------------[ jar ]---------------------------------
[INFO] 
[INFO] --- maven-clean-plugin:3.1.0:clean (default-clean) @ nifi-security-kerberos ---
[INFO] 
[INFO] --- maven-remote-resources-plugin:1.7.0:process (process-resource-bundles) @ nifi-security-kerberos ---
[INFO] Preparing remote bundle org.apache:apache-jar-resource-bundle:1.4
[INFO] Copying 3 resources from 1 bundle.
[INFO] 
[INFO] --- maven-resources-plugin:3.1.0:resources (default-resources) @ nifi-security-kerberos ---
[INFO] Using 'UTF-8' encoding to copy filtered resources.
[INFO] skip non existing resourceDirectory /home/srafi/after-cam-ready/compare_/compile_repair_output/work/a1b954f3eb4f/nifi-commons/nifi-security-kerberos/src/main/resources
[INFO] Copying 3 resources
[INFO] 
[INFO] --- maven-compiler-plugin:3.8.1:compile (default-compile) @ nifi-security-kerberos ---
[INFO] Changes detected - recompiling the module!
[INFO] Compiling 10 source files to /home/srafi/after-cam-ready/compare_/compile_repair_output/work/a1b954f3eb4f/nifi-commons/nifi-security-kerberos/target/classes
[INFO] 
[INFO] --- maven-resources-plugin:3.1.0:testResources (default-testResources) @ nifi-security-kerberos ---
[INFO] Using 'UTF-8' encoding to copy filtered resources.
[INFO] skip non existing resourceDirectory /home/srafi/after-cam-ready/compare_/compile_repair_output/work/a1b954f3eb4f/nifi-commons/nifi-security-kerberos/src/test/resources
[INFO] Copying 3 resources
[INFO] 
[INFO] --- maven-compiler-plugin:3.8.1:testCompile (default-testCompile) @ nifi-security-kerberos ---
[INFO] Changes detected - recompiling the module!
[INFO] Compiling 6 source files to /home/srafi/after-cam-ready/compare_/compile_repair_output/work/a1b954f3eb4f/nifi-commons/nifi-security-kerberos/target/test-classes
[INFO] 
[INFO] --- maven-compiler-plugin:3.8.1:testCompile (groovy-tests) @ nifi-security-kerberos ---
[INFO] Changes detected - recompiling the module!
[INFO] Nothing to compile - all classes are up to date
[INFO] 
[INFO] --- maven-surefire-plugin:3.0.0-M8-SNAPSHOT:test (default-test) @ nifi-security-kerberos ---
[INFO] Tests are skipped.
[INFO] 
[INFO] --- maven-jar-plugin:3.2.0:jar (default-jar) @ nifi-security-kerberos ---
[INFO] Building jar: /home/srafi/after-cam-ready/compare_/compile_repair_output/work/a1b954f3eb4f/nifi-commons/nifi-security-kerberos/target/nifi-security-kerberos-1.15.0-SNAPSHOT.jar
[INFO] 
[INFO] --- maven-site-plugin:3.7.1:attach-descriptor (attach-descriptor) @ nifi-security-kerberos ---
[INFO] Skipping because packaging 'jar' is not pom.
[INFO] 
[INFO] --- maven-install-plugin:2.5.2:install (default-install) @ nifi-security-kerberos ---
[INFO] Installing /home/srafi/after-cam-ready/compare_/compile_repair_output/work/a1b954f3eb4f/nifi-commons/nifi-security-kerberos/target/nifi-security-kerberos-1.15.0-SNAPSHOT.jar to /home/srafi/.m2/repository/org/apache/nifi/nifi-security-kerberos/1.15.0-SNAPSHOT/nifi-security-kerberos-1.15.0-SNAPSHOT.jar
[INFO] Installing /home/srafi/after-cam-ready/compare_/compile_repair_output/work/a1b954f3eb4f/nifi-commons/nifi-security-kerberos/pom.xml to /home/srafi/.m2/repository/org/apache/nifi/nifi-security-kerberos/1.15.0-SNAPSHOT/nifi-security-kerberos-1.15.0-SNAPSHOT.pom
[INFO] 
[INFO] --------------< org.apache.nifi:nifi-security-socket-ssl >--------------
[INFO] Building nifi-security-socket-ssl 1.15.0-SNAPSHOT                [19/57]
[INFO] --------------------------------[ jar ]---------------------------------
[INFO] 
[INFO] --- maven-clean-plugin:3.1.0:clean (default-clean) @ nifi-security-socket-ssl ---
[INFO] 
[INFO] --- maven-remote-resources-plugin:1.7.0:process (process-resource-bundles) @ nifi-security-socket-ssl ---
[INFO] Preparing remote bundle org.apache:apache-jar-resource-bundle:1.4
[INFO] Copying 3 resources from 1 bundle.
[INFO] 
[INFO] --- maven-resources-plugin:3.1.0:resources (default-resources) @ nifi-security-socket-ssl ---
[INFO] Using 'UTF-8' encoding to copy filtered resources.
[INFO] skip non existing resourceDirectory /home/srafi/after-cam-ready/compare_/compile_repair_output/work/a1b954f3eb4f/nifi-commons/nifi-security-socket-ssl/src/main/resources
[INFO] Copying 3 resources
[INFO] 
[INFO] --- maven-compiler-plugin:3.8.1:compile (default-compile) @ nifi-security-socket-ssl ---
[INFO] Changes detected - recompiling the module!
[INFO] Compiling 3 source files to /home/srafi/after-cam-ready/compare_/compile_repair_output/work/a1b954f3eb4f/nifi-commons/nifi-security-socket-ssl/target/classes
[INFO] 
[INFO] --- maven-resources-plugin:3.1.0:testResources (default-testResources) @ nifi-security-socket-ssl ---
[INFO] Using 'UTF-8' encoding to copy filtered resources.
[INFO] skip non existing resourceDirectory /home/srafi/after-cam-ready/compare_/compile_repair_output/work/a1b954f3eb4f/nifi-commons/nifi-security-socket-ssl/src/test/resources
[INFO] Copying 3 resources
[INFO] 
[INFO] --- maven-compiler-plugin:3.8.1:testCompile (default-testCompile) @ nifi-security-socket-ssl ---
[INFO] Changes detected - recompiling the module!
[INFO] Compiling 1 source file to /home/srafi/after-cam-ready/compare_/compile_repair_output/work/a1b954f3eb4f/nifi-commons/nifi-security-socket-ssl/target/test-classes
[INFO] 
[INFO] --- maven-compiler-plugin:3.8.1:testCompile (groovy-tests) @ nifi-security-socket-ssl ---
[INFO] Changes detected - recompiling the module!
[INFO] Nothing to compile - all classes are up to date
[INFO] 
[INFO] --- maven-surefire-plugin:3.0.0-M8-SNAPSHOT:test (default-test) @ nifi-security-socket-ssl ---
[INFO] Tests are skipped.
[INFO] 
[INFO] --- maven-jar-plugin:3.2.0:jar (default-jar) @ nifi-security-socket-ssl ---
[INFO] Building jar: /home/srafi/after-cam-ready/compare_/compile_repair_output/work/a1b954f3eb4f/nifi-commons/nifi-security-socket-ssl/target/nifi-security-socket-ssl-1.15.0-SNAPSHOT.jar
[INFO] 
[INFO] --- maven-site-plugin:3.7.1:attach-descriptor (attach-descriptor) @ nifi-security-socket-ssl ---
[INFO] Skipping because packaging 'jar' is not pom.
[INFO] 
[INFO] --- maven-install-plugin:2.5.2:install (default-install) @ nifi-security-socket-ssl ---
[INFO] Installing /home/srafi/after-cam-ready/compare_/compile_repair_output/work/a1b954f3eb4f/nifi-commons/nifi-security-socket-ssl/target/nifi-security-socket-ssl-1.15.0-SNAPSHOT.jar to /home/srafi/.m2/repository/org/apache/nifi/nifi-security-socket-ssl/1.15.0-SNAPSHOT/nifi-security-socket-ssl-1.15.0-SNAPSHOT.jar
[INFO] Installing /home/srafi/after-cam-ready/compare_/compile_repair_output/work/a1b954f3eb4f/nifi-commons/nifi-security-socket-ssl/pom.xml to /home/srafi/.m2/repository/org/apache/nifi/nifi-security-socket-ssl/1.15.0-SNAPSHOT/nifi-security-socket-ssl-1.15.0-SNAPSHOT.pom
[INFO] 
[INFO] ---------------< org.apache.nifi.registry:nifi-registry >---------------
[INFO] Building nifi-registry 1.15.0-SNAPSHOT                           [20/57]
[INFO] --------------------------------[ pom ]---------------------------------
[INFO] 
[INFO] --- maven-clean-plugin:3.1.0:clean (default-clean) @ nifi-registry ---
[INFO] 
[INFO] --- maven-remote-resources-plugin:1.7.0:process (process-resource-bundles) @ nifi-registry ---
[INFO] Preparing remote bundle org.apache:apache-jar-resource-bundle:1.4
[INFO] Copying 3 resources from 1 bundle.
[INFO] 
[INFO] --- maven-compiler-plugin:3.8.1:testCompile (groovy-tests) @ nifi-registry ---
[INFO] No sources to compile
[INFO] 
[INFO] --- maven-site-plugin:3.4:attach-descriptor (attach-descriptor) @ nifi-registry ---
[INFO] 
[INFO] --- maven-install-plugin:2.5.2:install (default-install) @ nifi-registry ---
[INFO] Installing /home/srafi/after-cam-ready/compare_/compile_repair_output/work/a1b954f3eb4f/nifi-registry/pom.xml to /home/srafi/.m2/repository/org/apache/nifi/registry/nifi-registry/1.15.0-SNAPSHOT/nifi-registry-1.15.0-SNAPSHOT.pom
[INFO] 
[INFO] ------------< org.apache.nifi.registry:nifi-registry-core >-------------
[INFO] Building nifi-registry-core 1.15.0-SNAPSHOT                      [21/57]
[INFO] --------------------------------[ pom ]---------------------------------
[INFO] 
[INFO] --- maven-clean-plugin:3.1.0:clean (default-clean) @ nifi-registry-core ---
[INFO] 
[INFO] --- maven-remote-resources-plugin:1.7.0:process (process-resource-bundles) @ nifi-registry-core ---
[INFO] Preparing remote bundle org.apache:apache-jar-resource-bundle:1.4
[INFO] Copying 3 resources from 1 bundle.
[INFO] 
[INFO] --- maven-compiler-plugin:3.8.1:testCompile (groovy-tests) @ nifi-registry-core ---
[INFO] No sources to compile
[INFO] 
[INFO] --- maven-site-plugin:3.4:attach-descriptor (attach-descriptor) @ nifi-registry-core ---
[INFO] 
[INFO] --- maven-install-plugin:2.5.2:install (default-install) @ nifi-registry-core ---
[INFO] Installing /home/srafi/after-cam-ready/compare_/compile_repair_output/work/a1b954f3eb4f/nifi-registry/nifi-registry-core/pom.xml to /home/srafi/.m2/repository/org/apache/nifi/registry/nifi-registry-core/1.15.0-SNAPSHOT/nifi-registry-core-1.15.0-SNAPSHOT.pom
[INFO] 
[INFO] ----------< org.apache.nifi.registry:nifi-registry-revision >-----------
[INFO] Building nifi-registry-revision 1.15.0-SNAPSHOT                  [22/57]
[INFO] --------------------------------[ pom ]---------------------------------
[INFO] 
[INFO] --- maven-clean-plugin:3.1.0:clean (default-clean) @ nifi-registry-revision ---
[INFO] 
[INFO] --- maven-remote-resources-plugin:1.7.0:process (process-resource-bundles) @ nifi-registry-revision ---
[INFO] Preparing remote bundle org.apache:apache-jar-resource-bundle:1.4
[INFO] Copying 3 resources from 1 bundle.
[INFO] 
[INFO] --- maven-compiler-plugin:3.8.1:testCompile (groovy-tests) @ nifi-registry-revision ---
[INFO] No sources to compile
[INFO] 
[INFO] --- maven-site-plugin:3.4:attach-descriptor (attach-descriptor) @ nifi-registry-revision ---
[INFO] 
[INFO] --- maven-install-plugin:2.5.2:install (default-install) @ nifi-registry-revision ---
[INFO] Installing /home/srafi/after-cam-ready/compare_/compile_repair_output/work/a1b954f3eb4f/nifi-registry/nifi-registry-core/nifi-registry-revision/pom.xml to /home/srafi/.m2/repository/org/apache/nifi/registry/nifi-registry-revision/1.15.0-SNAPSHOT/nifi-registry-revision-1.15.0-SNAPSHOT.pom
[INFO] 
[INFO] ----< org.apache.nifi.registry:nifi-registry-revision-entity-model >----
[INFO] Building nifi-registry-revision-entity-model 1.15.0-SNAPSHOT     [23/57]
[INFO] --------------------------------[ jar ]---------------------------------
[INFO] 
[INFO] --- maven-clean-plugin:3.1.0:clean (default-clean) @ nifi-registry-revision-entity-model ---
[INFO] 
[INFO] --- maven-remote-resources-plugin:1.7.0:process (process-resource-bundles) @ nifi-registry-revision-entity-model ---
[INFO] Preparing remote bundle org.apache:apache-jar-resource-bundle:1.4
[INFO] Copying 3 resources from 1 bundle.
[INFO] 
[INFO] --- maven-resources-plugin:2.7:resources (default-resources) @ nifi-registry-revision-entity-model ---
[INFO] Using 'UTF-8' encoding to copy filtered resources.
[INFO] skip non existing resourceDirectory /home/srafi/after-cam-ready/compare_/compile_repair_output/work/a1b954f3eb4f/nifi-registry/nifi-registry-core/nifi-registry-revision/nifi-registry-revision-entity-model/src/main/resources
[INFO] Copying 3 resources
[INFO] 
[INFO] --- maven-compiler-plugin:3.8.1:compile (default-compile) @ nifi-registry-revision-entity-model ---
[INFO] Changes detected - recompiling the module!
[INFO] Compiling 2 source files to /home/srafi/after-cam-ready/compare_/compile_repair_output/work/a1b954f3eb4f/nifi-registry/nifi-registry-core/nifi-registry-revision/nifi-registry-revision-entity-model/target/classes
[INFO] 
[INFO] --- maven-resources-plugin:2.7:testResources (default-testResources) @ nifi-registry-revision-entity-model ---
[INFO] Using 'UTF-8' encoding to copy filtered resources.
[INFO] skip non existing resourceDirectory /home/srafi/after-cam-ready/compare_/compile_repair_output/work/a1b954f3eb4f/nifi-registry/nifi-registry-core/nifi-registry-revision/nifi-registry-revision-entity-model/src/test/resources
[INFO] Copying 3 resources
[INFO] 
[INFO] --- maven-compiler-plugin:3.8.1:testCompile (default-testCompile) @ nifi-registry-revision-entity-model ---
[INFO] No sources to compile
[INFO] 
[INFO] --- maven-compiler-plugin:3.8.1:testCompile (groovy-tests) @ nifi-registry-revision-entity-model ---
[INFO] No sources to compile
[INFO] 
[INFO] --- maven-surefire-plugin:3.0.0-M8-SNAPSHOT:test (default-test) @ nifi-registry-revision-entity-model ---
[INFO] Tests are skipped.
[INFO] 
[INFO] --- maven-jar-plugin:2.5:jar (default-jar) @ nifi-registry-revision-entity-model ---
[INFO] Building jar: /home/srafi/after-cam-ready/compare_/compile_repair_output/work/a1b954f3eb4f/nifi-registry/nifi-registry-core/nifi-registry-revision/nifi-registry-revision-entity-model/target/nifi-registry-revision-entity-model-1.15.0-SNAPSHOT.jar
[INFO] 
[INFO] --- maven-site-plugin:3.4:attach-descriptor (attach-descriptor) @ nifi-registry-revision-entity-model ---
[INFO] 
[INFO] --- maven-install-plugin:2.5.2:install (default-install) @ nifi-registry-revision-entity-model ---
[INFO] Installing /home/srafi/after-cam-ready/compare_/compile_repair_output/work/a1b954f3eb4f/nifi-registry/nifi-registry-core/nifi-registry-revision/nifi-registry-revision-entity-model/target/nifi-registry-revision-entity-model-1.15.0-SNAPSHOT.jar to /home/srafi/.m2/repository/org/apache/nifi/registry/nifi-registry-revision-entity-model/1.15.0-SNAPSHOT/nifi-registry-revision-entity-model-1.15.0-SNAPSHOT.jar
[INFO] Installing /home/srafi/after-cam-ready/compare_/compile_repair_output/work/a1b954f3eb4f/nifi-registry/nifi-registry-core/nifi-registry-revision/nifi-registry-revision-entity-model/pom.xml to /home/srafi/.m2/repository/org/apache/nifi/registry/nifi-registry-revision-entity-model/1.15.0-SNAPSHOT/nifi-registry-revision-entity-model-1.15.0-SNAPSHOT.pom
[INFO] 
[INFO] ---------< org.apache.nifi.registry:nifi-registry-data-model >----------
[INFO] Building nifi-registry-data-model 1.15.0-SNAPSHOT                [24/57]
[INFO] --------------------------------[ jar ]---------------------------------
[INFO] 
[INFO] --- maven-clean-plugin:3.1.0:clean (default-clean) @ nifi-registry-data-model ---
[INFO] 
[INFO] --- maven-remote-resources-plugin:1.7.0:process (process-resource-bundles) @ nifi-registry-data-model ---
[INFO] Preparing remote bundle org.apache:apache-jar-resource-bundle:1.4
[INFO] Copying 3 resources from 1 bundle.
[INFO] 
[INFO] --- maven-resources-plugin:2.7:resources (default-resources) @ nifi-registry-data-model ---
[INFO] Using 'UTF-8' encoding to copy filtered resources.
[INFO] skip non existing resourceDirectory /home/srafi/after-cam-ready/compare_/compile_repair_output/work/a1b954f3eb4f/nifi-registry/nifi-registry-core/nifi-registry-data-model/src/main/resources
[INFO] Copying 3 resources
[INFO] 
[INFO] --- maven-compiler-plugin:3.8.1:compile (default-compile) @ nifi-registry-data-model ---
[INFO] Changes detected - recompiling the module!
[INFO] Compiling 70 source files to /home/srafi/after-cam-ready/compare_/compile_repair_output/work/a1b954f3eb4f/nifi-registry/nifi-registry-core/nifi-registry-data-model/target/classes
[INFO] 
[INFO] --- maven-resources-plugin:2.7:testResources (default-testResources) @ nifi-registry-data-model ---
[INFO] Using 'UTF-8' encoding to copy filtered resources.
[INFO] skip non existing resourceDirectory /home/srafi/after-cam-ready/compare_/compile_repair_output/work/a1b954f3eb4f/nifi-registry/nifi-registry-core/nifi-registry-data-model/src/test/resources
[INFO] Copying 3 resources
[INFO] 
[INFO] --- maven-compiler-plugin:3.8.1:testCompile (default-testCompile) @ nifi-registry-data-model ---
[INFO] Changes detected - recompiling the module!
[INFO] Compiling 1 source file to /home/srafi/after-cam-ready/compare_/compile_repair_output/work/a1b954f3eb4f/nifi-registry/nifi-registry-core/nifi-registry-data-model/target/test-classes
[WARNING] /home/srafi/after-cam-ready/compare_/compile_repair_output/work/a1b954f3eb4f/nifi-registry/nifi-registry-core/nifi-registry-data-model/src/test/java/org/apache/nifi/registry/flow/TestVersionedRemoteProcessGroup.java:[36,31] [deprecation] getTargetUri() in VersionedRemoteProcessGroup has been deprecated
[WARNING] /home/srafi/after-cam-ready/compare_/compile_repair_output/work/a1b954f3eb4f/nifi-registry/nifi-registry-core/nifi-registry-data-model/src/test/java/org/apache/nifi/registry/flow/TestVersionedRemoteProcessGroup.java:[41,31] [deprecation] getTargetUri() in VersionedRemoteProcessGroup has been deprecated
[WARNING] /home/srafi/after-cam-ready/compare_/compile_repair_output/work/a1b954f3eb4f/nifi-registry/nifi-registry-core/nifi-registry-data-model/src/test/java/org/apache/nifi/registry/flow/TestVersionedRemoteProcessGroup.java:[51,34] [deprecation] getTargetUri() in VersionedRemoteProcessGroup has been deprecated
[WARNING] /home/srafi/after-cam-ready/compare_/compile_repair_output/work/a1b954f3eb4f/nifi-registry/nifi-registry-core/nifi-registry-data-model/src/test/java/org/apache/nifi/registry/flow/TestVersionedRemoteProcessGroup.java:[59,31] [deprecation] getTargetUri() in VersionedRemoteProcessGroup has been deprecated
[WARNING] /home/srafi/after-cam-ready/compare_/compile_repair_output/work/a1b954f3eb4f/nifi-registry/nifi-registry-core/nifi-registry-data-model/src/test/java/org/apache/nifi/registry/flow/TestVersionedRemoteProcessGroup.java:[64,31] [deprecation] getTargetUri() in VersionedRemoteProcessGroup has been deprecated
[WARNING] /home/srafi/after-cam-ready/compare_/compile_repair_output/work/a1b954f3eb4f/nifi-registry/nifi-registry-core/nifi-registry-data-model/src/test/java/org/apache/nifi/registry/flow/TestVersionedRemoteProcessGroup.java:[69,34] [deprecation] getTargetUri() in VersionedRemoteProcessGroup has been deprecated
[WARNING] /home/srafi/after-cam-ready/compare_/compile_repair_output/work/a1b954f3eb4f/nifi-registry/nifi-registry-core/nifi-registry-data-model/src/test/java/org/apache/nifi/registry/flow/TestVersionedRemoteProcessGroup.java:[74,34] [deprecation] getTargetUri() in VersionedRemoteProcessGroup has been deprecated
[WARNING] /home/srafi/after-cam-ready/compare_/compile_repair_output/work/a1b954f3eb4f/nifi-registry/nifi-registry-core/nifi-registry-data-model/src/test/java/org/apache/nifi/registry/flow/TestVersionedRemoteProcessGroup.java:[82,34] [deprecation] getTargetUri() in VersionedRemoteProcessGroup has been deprecated
[WARNING] /home/srafi/after-cam-ready/compare_/compile_repair_output/work/a1b954f3eb4f/nifi-registry/nifi-registry-core/nifi-registry-data-model/src/test/java/org/apache/nifi/registry/flow/TestVersionedRemoteProcessGroup.java:[87,34] [deprecation] getTargetUri() in VersionedRemoteProcessGroup has been deprecated
[WARNING] /home/srafi/after-cam-ready/compare_/compile_repair_output/work/a1b954f3eb4f/nifi-registry/nifi-registry-core/nifi-registry-data-model/src/test/java/org/apache/nifi/registry/flow/TestVersionedRemoteProcessGroup.java:[92,34] [deprecation] getTargetUri() in VersionedRemoteProcessGroup has been deprecated
[WARNING] /home/srafi/after-cam-ready/compare_/compile_repair_output/work/a1b954f3eb4f/nifi-registry/nifi-registry-core/nifi-registry-data-model/src/test/java/org/apache/nifi/registry/flow/TestVersionedRemoteProcessGroup.java:[97,34] [deprecation] getTargetUri() in VersionedRemoteProcessGroup has been deprecated
[INFO] 
[INFO] --- maven-compiler-plugin:3.8.1:testCompile (groovy-tests) @ nifi-registry-data-model ---
[INFO] Changes detected - recompiling the module!
[INFO] Nothing to compile - all classes are up to date
[INFO] 
[INFO] --- maven-surefire-plugin:3.0.0-M8-SNAPSHOT:test (default-test) @ nifi-registry-data-model ---
[INFO] Tests are skipped.
[INFO] 
[INFO] --- maven-jar-plugin:2.5:jar (default-jar) @ nifi-registry-data-model ---
[INFO] Building jar: /home/srafi/after-cam-ready/compare_/compile_repair_output/work/a1b954f3eb4f/nifi-registry/nifi-registry-core/nifi-registry-data-model/target/nifi-registry-data-model-1.15.0-SNAPSHOT.jar
[INFO] 
[INFO] --- maven-site-plugin:3.4:attach-descriptor (attach-descriptor) @ nifi-registry-data-model ---
[INFO] 
[INFO] --- maven-install-plugin:2.5.2:install (default-install) @ nifi-registry-data-model ---
[INFO] Installing /home/srafi/after-cam-ready/compare_/compile_repair_output/work/a1b954f3eb4f/nifi-registry/nifi-registry-core/nifi-registry-data-model/target/nifi-registry-data-model-1.15.0-SNAPSHOT.jar to /home/srafi/.m2/repository/org/apache/nifi/registry/nifi-registry-data-model/1.15.0-SNAPSHOT/nifi-registry-data-model-1.15.0-SNAPSHOT.jar
[INFO] Installing /home/srafi/after-cam-ready/compare_/compile_repair_output/work/a1b954f3eb4f/nifi-registry/nifi-registry-core/nifi-registry-data-model/pom.xml to /home/srafi/.m2/repository/org/apache/nifi/registry/nifi-registry-data-model/1.15.0-SNAPSHOT/nifi-registry-data-model-1.15.0-SNAPSHOT.pom
[INFO] 
[INFO] ------------------< org.apache.nifi:nifi-nar-bundles >------------------
[INFO] Building nifi-nar-bundles 1.15.0-SNAPSHOT                        [25/57]
[INFO] --------------------------------[ pom ]---------------------------------
[INFO] 
[INFO] --- maven-clean-plugin:3.1.0:clean (default-clean) @ nifi-nar-bundles ---
[INFO] 
[INFO] --- buildnumber-maven-plugin:1.4:create (default) @ nifi-nar-bundles ---
[INFO] ShortRevision tag detected. The value is '7'.
[INFO] Executing: /bin/sh -c cd '/home/srafi/after-cam-ready/compare_/compile_repair_output/work/a1b954f3eb4f/nifi-nar-bundles' && 'git' 'rev-parse' '--verify' '--short=7' 'HEAD'
[INFO] Working directory: /home/srafi/after-cam-ready/compare_/compile_repair_output/work/a1b954f3eb4f/nifi-nar-bundles
[INFO] Storing buildNumber: 2bd752d at timestamp: 1786823138989
[WARNING] Cannot get the branch information from the git repository: 
Detecting the current branch failed: fatal: ref HEAD is not a symbolic ref

[INFO] ShortRevision tag detected. The value is '7'.
[INFO] Executing: /bin/sh -c cd '/home/srafi/after-cam-ready/compare_/compile_repair_output/work/a1b954f3eb4f/nifi-nar-bundles' && 'git' 'rev-parse' '--verify' '--short=7' 'HEAD'
[INFO] Working directory: /home/srafi/after-cam-ready/compare_/compile_repair_output/work/a1b954f3eb4f/nifi-nar-bundles
[INFO] Storing buildScmBranch: UNKNOWN
[INFO] 
[INFO] --- maven-remote-resources-plugin:1.7.0:process (process-resource-bundles) @ nifi-nar-bundles ---
[INFO] Preparing remote bundle org.apache:apache-jar-resource-bundle:1.4
[INFO] Copying 3 resources from 1 bundle.
[INFO] 
[INFO] --- maven-compiler-plugin:3.8.1:testCompile (groovy-tests) @ nifi-nar-bundles ---
[INFO] No sources to compile
[INFO] 
[INFO] --- maven-site-plugin:3.7.1:attach-descriptor (attach-descriptor) @ nifi-nar-bundles ---
[INFO] No site descriptor found: nothing to attach.
[INFO] 
[INFO] --- maven-install-plugin:2.5.2:install (default-install) @ nifi-nar-bundles ---
[INFO] Installing /home/srafi/after-cam-ready/compare_/compile_repair_output/work/a1b954f3eb4f/nifi-nar-bundles/pom.xml to /home/srafi/.m2/repository/org/apache/nifi/nifi-nar-bundles/1.15.0-SNAPSHOT/nifi-nar-bundles-1.15.0-SNAPSHOT.pom
[INFO] 
[INFO] ---------------< org.apache.nifi:nifi-framework-bundle >----------------
[INFO] Building nifi-framework-bundle 1.15.0-SNAPSHOT                   [26/57]
[INFO] --------------------------------[ pom ]---------------------------------
[INFO] 
[INFO] --- maven-clean-plugin:3.1.0:clean (default-clean) @ nifi-framework-bundle ---
[INFO] 
[INFO] --- buildnumber-maven-plugin:1.4:create (default) @ nifi-framework-bundle ---
[INFO] 
[INFO] --- maven-remote-resources-plugin:1.7.0:process (process-resource-bundles) @ nifi-framework-bundle ---
[INFO] Preparing remote bundle org.apache:apache-jar-resource-bundle:1.4
[INFO] Copying 3 resources from 1 bundle.
[INFO] 
[INFO] --- maven-compiler-plugin:3.8.1:testCompile (groovy-tests) @ nifi-framework-bundle ---
[INFO] No sources to compile
[INFO] 
[INFO] --- maven-site-plugin:3.7.1:attach-descriptor (attach-descriptor) @ nifi-framework-bundle ---
[INFO] No site descriptor found: nothing to attach.
[INFO] 
[INFO] --- maven-install-plugin:2.5.2:install (default-install) @ nifi-framework-bundle ---
[INFO] Installing /home/srafi/after-cam-ready/compare_/compile_repair_output/work/a1b954f3eb4f/nifi-nar-bundles/nifi-framework-bundle/pom.xml to /home/srafi/.m2/repository/org/apache/nifi/nifi-framework-bundle/1.15.0-SNAPSHOT/nifi-framework-bundle-1.15.0-SNAPSHOT.pom
[INFO] 
[INFO] -------------------< org.apache.nifi:nifi-framework >-------------------
[INFO] Building nifi-framework 1.15.0-SNAPSHOT                          [27/57]
[INFO] --------------------------------[ pom ]---------------------------------
[INFO] 
[INFO] --- maven-clean-plugin:3.1.0:clean (default-clean) @ nifi-framework ---
[INFO] 
[INFO] --- buildnumber-maven-plugin:1.4:create (default) @ nifi-framework ---
[INFO] 
[INFO] --- maven-remote-resources-plugin:1.7.0:process (process-resource-bundles) @ nifi-framework ---
[INFO] Preparing remote bundle org.apache:apache-jar-resource-bundle:1.4
[INFO] Copying 3 resources from 1 bundle.
[INFO] 
[INFO] --- maven-compiler-plugin:3.8.1:testCompile (groovy-tests) @ nifi-framework ---
[INFO] No sources to compile
[INFO] 
[INFO] --- maven-site-plugin:3.7.1:attach-descriptor (attach-descriptor) @ nifi-framework ---
[INFO] No site descriptor found: nothing to attach.
[INFO] 
[INFO] --- maven-install-plugin:2.5.2:install (default-install) @ nifi-framework ---
[INFO] Installing /home/srafi/after-cam-ready/compare_/compile_repair_output/work/a1b954f3eb4f/nifi-nar-bundles/nifi-framework-bundle/nifi-framework/pom.xml to /home/srafi/.m2/repository/org/apache/nifi/nifi-framework/1.15.0-SNAPSHOT/nifi-framework-1.15.0-SNAPSHOT.pom
[INFO] 
[INFO] ------------------< org.apache.nifi:nifi-client-dto >-------------------
[INFO] Building nifi-client-dto 1.15.0-SNAPSHOT                         [28/57]
[INFO] --------------------------------[ jar ]---------------------------------
[INFO] 
[INFO] --- maven-clean-plugin:3.1.0:clean (default-clean) @ nifi-client-dto ---
[INFO] 
[INFO] --- buildnumber-maven-plugin:1.4:create (default) @ nifi-client-dto ---
[INFO] 
[INFO] --- maven-remote-resources-plugin:1.7.0:process (process-resource-bundles) @ nifi-client-dto ---
[INFO] Preparing remote bundle org.apache:apache-jar-resource-bundle:1.4
[INFO] Copying 3 resources from 1 bundle.
[INFO] 
[INFO] --- maven-resources-plugin:3.1.0:resources (default-resources) @ nifi-client-dto ---
[INFO] Using 'UTF-8' encoding to copy filtered resources.
[INFO] skip non existing resourceDirectory /home/srafi/after-cam-ready/compare_/compile_repair_output/work/a1b954f3eb4f/nifi-nar-bundles/nifi-framework-bundle/nifi-framework/nifi-client-dto/src/main/resources
[INFO] Copying 3 resources
[INFO] 
[INFO] --- maven-compiler-plugin:3.8.1:compile (default-compile) @ nifi-client-dto ---
[INFO] Changes detected - recompiling the module!
[INFO] Compiling 342 source files to /home/srafi/after-cam-ready/compare_/compile_repair_output/work/a1b954f3eb4f/nifi-nar-bundles/nifi-framework-bundle/nifi-framework/nifi-client-dto/target/classes
[INFO] 
[INFO] --- maven-resources-plugin:3.1.0:testResources (default-testResources) @ nifi-client-dto ---
[INFO] Using 'UTF-8' encoding to copy filtered resources.
[INFO] skip non existing resourceDirectory /home/srafi/after-cam-ready/compare_/compile_repair_output/work/a1b954f3eb4f/nifi-nar-bundles/nifi-framework-bundle/nifi-framework/nifi-client-dto/src/test/resources
[INFO] Copying 3 resources
[INFO] 
[INFO] --- maven-compiler-plugin:3.8.1:testCompile (default-testCompile) @ nifi-client-dto ---
[INFO] Changes detected - recompiling the module!
[INFO] Compiling 4 source files to /home/srafi/after-cam-ready/compare_/compile_repair_output/work/a1b954f3eb4f/nifi-nar-bundles/nifi-framework-bundle/nifi-framework/nifi-client-dto/target/test-classes
[INFO] 
[INFO] --- maven-compiler-plugin:3.8.1:testCompile (groovy-tests) @ nifi-client-dto ---
[INFO] Changes detected - recompiling the module!
[INFO] Nothing to compile - all classes are up to date
[INFO] 
[INFO] --- maven-surefire-plugin:3.0.0-M8-SNAPSHOT:test (default-test) @ nifi-client-dto ---
[INFO] Tests are skipped.
[INFO] 
[INFO] --- maven-jar-plugin:3.2.0:jar (default-jar) @ nifi-client-dto ---
[INFO] Building jar: /home/srafi/after-cam-ready/compare_/compile_repair_output/work/a1b954f3eb4f/nifi-nar-bundles/nifi-framework-bundle/nifi-framework/nifi-client-dto/target/nifi-client-dto-1.15.0-SNAPSHOT.jar
[INFO] 
[INFO] --- maven-site-plugin:3.7.1:attach-descriptor (attach-descriptor) @ nifi-client-dto ---
[INFO] Skipping because packaging 'jar' is not pom.
[INFO] 
[INFO] --- maven-install-plugin:2.5.2:install (default-install) @ nifi-client-dto ---
[INFO] Installing /home/srafi/after-cam-ready/compare_/compile_repair_output/work/a1b954f3eb4f/nifi-nar-bundles/nifi-framework-bundle/nifi-framework/nifi-client-dto/target/nifi-client-dto-1.15.0-SNAPSHOT.jar to /home/srafi/.m2/repository/org/apache/nifi/nifi-client-dto/1.15.0-SNAPSHOT/nifi-client-dto-1.15.0-SNAPSHOT.jar
[INFO] Installing /home/srafi/after-cam-ready/compare_/compile_repair_output/work/a1b954f3eb4f/nifi-nar-bundles/nifi-framework-bundle/nifi-framework/nifi-client-dto/pom.xml to /home/srafi/.m2/repository/org/apache/nifi/nifi-client-dto/1.15.0-SNAPSHOT/nifi-client-dto-1.15.0-SNAPSHOT.pom
[INFO] 
[INFO] --------------< org.apache.nifi:nifi-site-to-site-client >--------------
[INFO] Building nifi-site-to-site-client 1.15.0-SNAPSHOT                [29/57]
[INFO] --------------------------------[ jar ]---------------------------------
[INFO] 
[INFO] --- maven-clean-plugin:3.1.0:clean (default-clean) @ nifi-site-to-site-client ---
[INFO] 
[INFO] --- maven-remote-resources-plugin:1.7.0:process (process-resource-bundles) @ nifi-site-to-site-client ---
[INFO] Preparing remote bundle org.apache:apache-jar-resource-bundle:1.4
[INFO] Copying 3 resources from 1 bundle.
[INFO] 
[INFO] --- maven-resources-plugin:3.1.0:resources (default-resources) @ nifi-site-to-site-client ---
[INFO] Using 'UTF-8' encoding to copy filtered resources.
[INFO] skip non existing resourceDirectory /home/srafi/after-cam-ready/compare_/compile_repair_output/work/a1b954f3eb4f/nifi-commons/nifi-site-to-site-client/src/main/resources
[INFO] Copying 3 resources
[INFO] 
[INFO] --- maven-compiler-plugin:3.8.1:compile (default-compile) @ nifi-site-to-site-client ---
[INFO] Changes detected - recompiling the module!
[INFO] Compiling 65 source files to /home/srafi/after-cam-ready/compare_/compile_repair_output/work/a1b954f3eb4f/nifi-commons/nifi-site-to-site-client/target/classes
[INFO] 
[INFO] --- maven-resources-plugin:3.1.0:testResources (default-testResources) @ nifi-site-to-site-client ---
[INFO] Using 'UTF-8' encoding to copy filtered resources.
[INFO] skip non existing resourceDirectory /home/srafi/after-cam-ready/compare_/compile_repair_output/work/a1b954f3eb4f/nifi-commons/nifi-site-to-site-client/src/test/resources
[INFO] Copying 3 resources
[INFO] 
[INFO] --- maven-compiler-plugin:3.8.1:testCompile (default-testCompile) @ nifi-site-to-site-client ---
[INFO] Changes detected - recompiling the module!
[INFO] Compiling 8 source files to /home/srafi/after-cam-ready/compare_/compile_repair_output/work/a1b954f3eb4f/nifi-commons/nifi-site-to-site-client/target/test-classes
[WARNING] /home/srafi/after-cam-ready/compare_/compile_repair_output/work/a1b954f3eb4f/nifi-commons/nifi-site-to-site-client/src/test/java/org/apache/nifi/remote/client/socket/TestSiteToSiteClient.java:[111,53] [deprecation] getUrl() in SiteToSiteClientConfig has been deprecated
[INFO] 
[INFO] --- maven-compiler-plugin:3.8.1:testCompile (groovy-tests) @ nifi-site-to-site-client ---
[INFO] Changes detected - recompiling the module!
[INFO] Using Groovy-Eclipse compiler to compile both Java and Groovy files
[INFO] Compiling in a forked process using /home/srafi/.m2/repository/org/codehaus/groovy/groovy-eclipse-batch/2.5.14-01/groovy-eclipse-batch-2.5.14-01.jar
[INFO] 
[INFO] --- maven-surefire-plugin:3.0.0-M8-SNAPSHOT:test (default-test) @ nifi-site-to-site-client ---
[INFO] Tests are skipped.
[INFO] 
[INFO] --- maven-jar-plugin:3.2.0:jar (default-jar) @ nifi-site-to-site-client ---
[INFO] Building jar: /home/srafi/after-cam-ready/compare_/compile_repair_output/work/a1b954f3eb4f/nifi-commons/nifi-site-to-site-client/target/nifi-site-to-site-client-1.15.0-SNAPSHOT.jar
[INFO] 
[INFO] --- maven-site-plugin:3.7.1:attach-descriptor (attach-descriptor) @ nifi-site-to-site-client ---
[INFO] Skipping because packaging 'jar' is not pom.
[INFO] 
[INFO] --- maven-install-plugin:2.5.2:install (default-install) @ nifi-site-to-site-client ---
[INFO] Installing /home/srafi/after-cam-ready/compare_/compile_repair_output/work/a1b954f3eb4f/nifi-commons/nifi-site-to-site-client/target/nifi-site-to-site-client-1.15.0-SNAPSHOT.jar to /home/srafi/.m2/repository/org/apache/nifi/nifi-site-to-site-client/1.15.0-SNAPSHOT/nifi-site-to-site-client-1.15.0-SNAPSHOT.jar
[INFO] Installing /home/srafi/after-cam-ready/compare_/compile_repair_output/work/a1b954f3eb4f/nifi-commons/nifi-site-to-site-client/pom.xml to /home/srafi/.m2/repository/org/apache/nifi/nifi-site-to-site-client/1.15.0-SNAPSHOT/nifi-site-to-site-client-1.15.0-SNAPSHOT.pom
[INFO] 
[INFO] ------------------< org.apache.nifi:nifi-server-api >-------------------
[INFO] Building nifi-server-api 1.15.0-SNAPSHOT                         [30/57]
[INFO] --------------------------------[ jar ]---------------------------------
[INFO] 
[INFO] --- maven-clean-plugin:3.1.0:clean (default-clean) @ nifi-server-api ---
[INFO] 
[INFO] --- maven-remote-resources-plugin:1.7.0:process (process-resource-bundles) @ nifi-server-api ---
[INFO] Preparing remote bundle org.apache:apache-jar-resource-bundle:1.4
[INFO] Copying 3 resources from 1 bundle.
[INFO] 
[INFO] --- maven-resources-plugin:3.1.0:resources (default-resources) @ nifi-server-api ---
[INFO] Using 'UTF-8' encoding to copy filtered resources.
[INFO] skip non existing resourceDirectory /home/srafi/after-cam-ready/compare_/compile_repair_output/work/a1b954f3eb4f/nifi-server-api/src/main/resources
[INFO] Copying 3 resources
[INFO] 
[INFO] --- maven-compiler-plugin:3.8.1:compile (default-compile) @ nifi-server-api ---
[INFO] Changes detected - recompiling the module!
[INFO] Compiling 2 source files to /home/srafi/after-cam-ready/compare_/compile_repair_output/work/a1b954f3eb4f/nifi-server-api/target/classes
[INFO] 
[INFO] --- maven-resources-plugin:3.1.0:testResources (default-testResources) @ nifi-server-api ---
[INFO] Using 'UTF-8' encoding to copy filtered resources.
[INFO] skip non existing resourceDirectory /home/srafi/after-cam-ready/compare_/compile_repair_output/work/a1b954f3eb4f/nifi-server-api/src/test/resources
[INFO] Copying 3 resources
[INFO] 
[INFO] --- maven-compiler-plugin:3.8.1:testCompile (default-testCompile) @ nifi-server-api ---
[INFO] No sources to compile
[INFO] 
[INFO] --- maven-compiler-plugin:3.8.1:testCompile (groovy-tests) @ nifi-server-api ---
[INFO] No sources to compile
[INFO] 
[INFO] --- maven-surefire-plugin:3.0.0-M8-SNAPSHOT:test (default-test) @ nifi-server-api ---
[INFO] Tests are skipped.
[INFO] 
[INFO] --- maven-jar-plugin:3.2.0:jar (default-jar) @ nifi-server-api ---
[INFO] Building jar: /home/srafi/after-cam-ready/compare_/compile_repair_output/work/a1b954f3eb4f/nifi-server-api/target/nifi-server-api-1.15.0-SNAPSHOT.jar
[INFO] 
[INFO] --- maven-site-plugin:3.7.1:attach-descriptor (attach-descriptor) @ nifi-server-api ---
[INFO] Skipping because packaging 'jar' is not pom.
[INFO] 
[INFO] --- maven-install-plugin:2.5.2:install (default-install) @ nifi-server-api ---
[INFO] Installing /home/srafi/after-cam-ready/compare_/compile_repair_output/work/a1b954f3eb4f/nifi-server-api/target/nifi-server-api-1.15.0-SNAPSHOT.jar to /home/srafi/.m2/repository/org/apache/nifi/nifi-server-api/1.15.0-SNAPSHOT/nifi-server-api-1.15.0-SNAPSHOT.jar
[INFO] Installing /home/srafi/after-cam-ready/compare_/compile_repair_output/work/a1b954f3eb4f/nifi-server-api/pom.xml to /home/srafi/.m2/repository/org/apache/nifi/nifi-server-api/1.15.0-SNAPSHOT/nifi-server-api-1.15.0-SNAPSHOT.pom
[INFO] 
[INFO] -------------------< org.apache.nifi:nifi-nar-utils >-------------------
[INFO] Building nifi-nar-utils 1.15.0-SNAPSHOT                          [31/57]
[INFO] --------------------------------[ jar ]---------------------------------
[INFO] 
[INFO] --- maven-clean-plugin:3.1.0:clean (default-clean) @ nifi-nar-utils ---
[INFO] 
[INFO] --- buildnumber-maven-plugin:1.4:create (default) @ nifi-nar-utils ---
[INFO] 
[INFO] --- maven-remote-resources-plugin:1.7.0:process (process-resource-bundles) @ nifi-nar-utils ---
[INFO] Preparing remote bundle org.apache:apache-jar-resource-bundle:1.4
[INFO] Copying 3 resources from 1 bundle.
[INFO] 
[INFO] --- maven-resources-plugin:3.1.0:resources (default-resources) @ nifi-nar-utils ---
[INFO] Using 'UTF-8' encoding to copy filtered resources.
[INFO] Copying 1 resource
[INFO] Copying 3 resources
[INFO] 
[INFO] --- maven-compiler-plugin:3.8.1:compile (default-compile) @ nifi-nar-utils ---
[INFO] Changes detected - recompiling the module!
[INFO] Compiling 13 source files to /home/srafi/after-cam-ready/compare_/compile_repair_output/work/a1b954f3eb4f/nifi-nar-bundles/nifi-framework-bundle/nifi-framework/nifi-nar-utils/target/classes
[INFO] 
[INFO] --- aspectj-maven-plugin:1.12.6:compile (default) @ nifi-nar-utils ---
[INFO] Showing AJC message detail for messages of types: [error, warning, fail]
[INFO] 
[INFO] --- maven-resources-plugin:3.1.0:testResources (default-testResources) @ nifi-nar-utils ---
[INFO] Using 'UTF-8' encoding to copy filtered resources.
[INFO] Copying 4 resources
[INFO] Copying 3 resources
[INFO] 
[INFO] --- maven-compiler-plugin:3.8.1:testCompile (default-testCompile) @ nifi-nar-utils ---
[INFO] Changes detected - recompiling the module!
[INFO] Compiling 3 source files to /home/srafi/after-cam-ready/compare_/compile_repair_output/work/a1b954f3eb4f/nifi-nar-bundles/nifi-framework-bundle/nifi-framework/nifi-nar-utils/target/test-classes
[WARNING] /home/srafi/after-cam-ready/compare_/compile_repair_output/work/a1b954f3eb4f/nifi-nar-bundles/nifi-framework-bundle/nifi-framework/nifi-nar-utils/src/test/java/org/apache/nifi/nar/AbstractNativeLibHandlingClassLoaderTest.java:[66,8] [deprecation] initMocks(Object) in MockitoAnnotations has been deprecated
[INFO] 
[INFO] --- maven-compiler-plugin:3.8.1:testCompile (groovy-tests) @ nifi-nar-utils ---
[INFO] Changes detected - recompiling the module!
[INFO] Nothing to compile - all classes are up to date
[INFO] 
[INFO] --- maven-surefire-plugin:3.0.0-M8-SNAPSHOT:test (default-test) @ nifi-nar-utils ---
[INFO] Tests are skipped.
[INFO] 
[INFO] --- maven-jar-plugin:3.2.0:jar (default-jar) @ nifi-nar-utils ---
[INFO] Building jar: /home/srafi/after-cam-ready/compare_/compile_repair_output/work/a1b954f3eb4f/nifi-nar-bundles/nifi-framework-bundle/nifi-framework/nifi-nar-utils/target/nifi-nar-utils-1.15.0-SNAPSHOT.jar
[INFO] 
[INFO] --- maven-site-plugin:3.7.1:attach-descriptor (attach-descriptor) @ nifi-nar-utils ---
[INFO] Skipping because packaging 'jar' is not pom.
[INFO] 
[INFO] --- maven-install-plugin:2.5.2:install (default-install) @ nifi-nar-utils ---
[INFO] Installing /home/srafi/after-cam-ready/compare_/compile_repair_output/work/a1b954f3eb4f/nifi-nar-bundles/nifi-framework-bundle/nifi-framework/nifi-nar-utils/target/nifi-nar-utils-1.15.0-SNAPSHOT.jar to /home/srafi/.m2/repository/org/apache/nifi/nifi-nar-utils/1.15.0-SNAPSHOT/nifi-nar-utils-1.15.0-SNAPSHOT.jar
[INFO] Installing /home/srafi/after-cam-ready/compare_/compile_repair_output/work/a1b954f3eb4f/nifi-nar-bundles/nifi-framework-bundle/nifi-framework/nifi-nar-utils/pom.xml to /home/srafi/.m2/repository/org/apache/nifi/nifi-nar-utils/1.15.0-SNAPSHOT/nifi-nar-utils-1.15.0-SNAPSHOT.pom
[INFO] 
[INFO] --------------< org.apache.nifi:nifi-framework-nar-utils >--------------
[INFO] Building nifi-framework-nar-utils 1.15.0-SNAPSHOT                [32/57]
[INFO] --------------------------------[ jar ]---------------------------------
[INFO] 
[INFO] --- maven-clean-plugin:3.1.0:clean (default-clean) @ nifi-framework-nar-utils ---
[INFO] 
[INFO] --- buildnumber-maven-plugin:1.4:create (default) @ nifi-framework-nar-utils ---
[INFO] 
[INFO] --- maven-remote-resources-plugin:1.7.0:process (process-resource-bundles) @ nifi-framework-nar-utils ---
[INFO] Preparing remote bundle org.apache:apache-jar-resource-bundle:1.4
[INFO] Copying 3 resources from 1 bundle.
[INFO] 
[INFO] --- maven-resources-plugin:3.1.0:resources (default-resources) @ nifi-framework-nar-utils ---
[INFO] Using 'UTF-8' encoding to copy filtered resources.
[INFO] skip non existing resourceDirectory /home/srafi/after-cam-ready/compare_/compile_repair_output/work/a1b954f3eb4f/nifi-nar-bundles/nifi-framework-bundle/nifi-framework/nifi-framework-nar-utils/src/main/resources
[INFO] Copying 3 resources
[INFO] 
[INFO] --- maven-compiler-plugin:3.8.1:compile (default-compile) @ nifi-framework-nar-utils ---
[INFO] Changes detected - recompiling the module!
[INFO] Compiling 22 source files to /home/srafi/after-cam-ready/compare_/compile_repair_output/work/a1b954f3eb4f/nifi-nar-bundles/nifi-framework-bundle/nifi-framework/nifi-framework-nar-utils/target/classes
[INFO] 
[INFO] --- maven-resources-plugin:3.1.0:testResources (default-testResources) @ nifi-framework-nar-utils ---
[INFO] Using 'UTF-8' encoding to copy filtered resources.
[INFO] Copying 7 resources
[INFO] Copying 3 resources
[INFO] 
[INFO] --- maven-compiler-plugin:3.8.1:testCompile (default-testCompile) @ nifi-framework-nar-utils ---
[INFO] Changes detected - recompiling the module!
[INFO] Compiling 3 source files to /home/srafi/after-cam-ready/compare_/compile_repair_output/work/a1b954f3eb4f/nifi-nar-bundles/nifi-framework-bundle/nifi-framework/nifi-framework-nar-utils/target/test-classes
[INFO] 
[INFO] --- maven-compiler-plugin:3.8.1:testCompile (groovy-tests) @ nifi-framework-nar-utils ---
[INFO] Changes detected - recompiling the module!
[INFO] Nothing to compile - all classes are up to date
[INFO] 
[INFO] --- maven-surefire-plugin:3.0.0-M8-SNAPSHOT:test (default-test) @ nifi-framework-nar-utils ---
[INFO] Tests are skipped.
[INFO] 
[INFO] --- maven-jar-plugin:3.2.0:jar (default-jar) @ nifi-framework-nar-utils ---
[INFO] Building jar: /home/srafi/after-cam-ready/compare_/compile_repair_output/work/a1b954f3eb4f/nifi-nar-bundles/nifi-framework-bundle/nifi-framework/nifi-framework-nar-utils/target/nifi-framework-nar-utils-1.15.0-SNAPSHOT.jar
[INFO] 
[INFO] --- maven-site-plugin:3.7.1:attach-descriptor (attach-descriptor) @ nifi-framework-nar-utils ---
[INFO] Skipping because packaging 'jar' is not pom.
[INFO] 
[INFO] --- maven-install-plugin:2.5.2:install (default-install) @ nifi-framework-nar-utils ---
[INFO] Installing /home/srafi/after-cam-ready/compare_/compile_repair_output/work/a1b954f3eb4f/nifi-nar-bundles/nifi-framework-bundle/nifi-framework/nifi-framework-nar-utils/target/nifi-framework-nar-utils-1.15.0-SNAPSHOT.jar to /home/srafi/.m2/repository/org/apache/nifi/nifi-framework-nar-utils/1.15.0-SNAPSHOT/nifi-framework-nar-utils-1.15.0-SNAPSHOT.jar
[INFO] Installing /home/srafi/after-cam-ready/compare_/compile_repair_output/work/a1b954f3eb4f/nifi-nar-bundles/nifi-framework-bundle/nifi-framework/nifi-framework-nar-utils/pom.xml to /home/srafi/.m2/repository/org/apache/nifi/nifi-framework-nar-utils/1.15.0-SNAPSHOT/nifi-framework-nar-utils-1.15.0-SNAPSHOT.pom
[INFO] 
[INFO] ----------------< org.apache.nifi:nifi-mock-authorizer >----------------
[INFO] Building nifi-mock-authorizer 1.15.0-SNAPSHOT                    [33/57]
[INFO] --------------------------------[ jar ]---------------------------------
[INFO] 
[INFO] --- maven-clean-plugin:3.1.0:clean (default-clean) @ nifi-mock-authorizer ---
[INFO] 
[INFO] --- buildnumber-maven-plugin:1.4:create (default) @ nifi-mock-authorizer ---
[INFO] 
[INFO] --- maven-remote-resources-plugin:1.7.0:process (process-resource-bundles) @ nifi-mock-authorizer ---
[INFO] Preparing remote bundle org.apache:apache-jar-resource-bundle:1.4
[INFO] Copying 3 resources from 1 bundle.
[INFO] 
[INFO] --- maven-resources-plugin:3.1.0:resources (default-resources) @ nifi-mock-authorizer ---
[INFO] Using 'UTF-8' encoding to copy filtered resources.
[INFO] skip non existing resourceDirectory /home/srafi/after-cam-ready/compare_/compile_repair_output/work/a1b954f3eb4f/nifi-nar-bundles/nifi-framework-bundle/nifi-framework/nifi-mock-authorizer/src/main/resources
[INFO] Copying 3 resources
[INFO] 
[INFO] --- maven-compiler-plugin:3.8.1:compile (default-compile) @ nifi-mock-authorizer ---
[INFO] Changes detected - recompiling the module!
[INFO] Compiling 1 source file to /home/srafi/after-cam-ready/compare_/compile_repair_output/work/a1b954f3eb4f/nifi-nar-bundles/nifi-framework-bundle/nifi-framework/nifi-mock-authorizer/target/classes
[INFO] 
[INFO] --- maven-resources-plugin:3.1.0:testResources (default-testResources) @ nifi-mock-authorizer ---
[INFO] Using 'UTF-8' encoding to copy filtered resources.
[INFO] skip non existing resourceDirectory /home/srafi/after-cam-ready/compare_/compile_repair_output/work/a1b954f3eb4f/nifi-nar-bundles/nifi-framework-bundle/nifi-framework/nifi-mock-authorizer/src/test/resources
[INFO] Copying 3 resources
[INFO] 
[INFO] --- maven-compiler-plugin:3.8.1:testCompile (default-testCompile) @ nifi-mock-authorizer ---
[INFO] No sources to compile
[INFO] 
[INFO] --- maven-compiler-plugin:3.8.1:testCompile (groovy-tests) @ nifi-mock-authorizer ---
[INFO] No sources to compile
[INFO] 
[INFO] --- maven-surefire-plugin:3.0.0-M8-SNAPSHOT:test (default-test) @ nifi-mock-authorizer ---
[INFO] Tests are skipped.
[INFO] 
[INFO] --- maven-jar-plugin:3.2.0:jar (default-jar) @ nifi-mock-authorizer ---
[INFO] Building jar: /home/srafi/after-cam-ready/compare_/compile_repair_output/work/a1b954f3eb4f/nifi-nar-bundles/nifi-framework-bundle/nifi-framework/nifi-mock-authorizer/target/nifi-mock-authorizer-1.15.0-SNAPSHOT.jar
[INFO] 
[INFO] --- maven-site-plugin:3.7.1:attach-descriptor (attach-descriptor) @ nifi-mock-authorizer ---
[INFO] Skipping because packaging 'jar' is not pom.
[INFO] 
[INFO] --- maven-install-plugin:2.5.2:install (default-install) @ nifi-mock-authorizer ---
[INFO] Installing /home/srafi/after-cam-ready/compare_/compile_repair_output/work/a1b954f3eb4f/nifi-nar-bundles/nifi-framework-bundle/nifi-framework/nifi-mock-authorizer/target/nifi-mock-authorizer-1.15.0-SNAPSHOT.jar to /home/srafi/.m2/repository/org/apache/nifi/nifi-mock-authorizer/1.15.0-SNAPSHOT/nifi-mock-authorizer-1.15.0-SNAPSHOT.jar
[INFO] Installing /home/srafi/after-cam-ready/compare_/compile_repair_output/work/a1b954f3eb4f/nifi-nar-bundles/nifi-framework-bundle/nifi-framework/nifi-mock-authorizer/pom.xml to /home/srafi/.m2/repository/org/apache/nifi/nifi-mock-authorizer/1.15.0-SNAPSHOT/nifi-mock-authorizer-1.15.0-SNAPSHOT.pom
[INFO] 
[INFO] ------------< org.apache.nifi:nifi-framework-authorization >------------
[INFO] Building nifi-framework-authorization 1.15.0-SNAPSHOT            [34/57]
[INFO] --------------------------------[ jar ]---------------------------------
[INFO] 
[INFO] --- maven-clean-plugin:3.1.0:clean (default-clean) @ nifi-framework-authorization ---
[INFO] 
[INFO] --- buildnumber-maven-plugin:1.4:create (default) @ nifi-framework-authorization ---
[INFO] 
[INFO] --- maven-remote-resources-plugin:1.7.0:process (process-resource-bundles) @ nifi-framework-authorization ---
[INFO] Preparing remote bundle org.apache:apache-jar-resource-bundle:1.4
[INFO] Copying 3 resources from 1 bundle.
[INFO] 
[INFO] --- maven-resources-plugin:3.1.0:resources (default-resources) @ nifi-framework-authorization ---
[INFO] Using 'UTF-8' encoding to copy filtered resources.
[INFO] skip non existing resourceDirectory /home/srafi/after-cam-ready/compare_/compile_repair_output/work/a1b954f3eb4f/nifi-nar-bundles/nifi-framework-bundle/nifi-framework/nifi-framework-authorization/src/main/resources
[INFO] Copying 3 resources
[INFO] 
[INFO] --- maven-compiler-plugin:3.8.1:compile (default-compile) @ nifi-framework-authorization ---
[INFO] Changes detected - recompiling the module!
[INFO] Compiling 12 source files to /home/srafi/after-cam-ready/compare_/compile_repair_output/work/a1b954f3eb4f/nifi-nar-bundles/nifi-framework-bundle/nifi-framework/nifi-framework-authorization/target/classes
[INFO] 
[INFO] --- maven-resources-plugin:3.1.0:testResources (default-testResources) @ nifi-framework-authorization ---
[INFO] Using 'UTF-8' encoding to copy filtered resources.
[INFO] skip non existing resourceDirectory /home/srafi/after-cam-ready/compare_/compile_repair_output/work/a1b954f3eb4f/nifi-nar-bundles/nifi-framework-bundle/nifi-framework/nifi-framework-authorization/src/test/resources
[INFO] Copying 3 resources
[INFO] 
[INFO] --- maven-compiler-plugin:3.8.1:testCompile (default-testCompile) @ nifi-framework-authorization ---
[INFO] Changes detected - recompiling the module!
[INFO] Compiling 3 source files to /home/srafi/after-cam-ready/compare_/compile_repair_output/work/a1b954f3eb4f/nifi-nar-bundles/nifi-framework-bundle/nifi-framework/nifi-framework-authorization/target/test-classes
[INFO] 
[INFO] --- maven-compiler-plugin:3.8.1:testCompile (groovy-tests) @ nifi-framework-authorization ---
[INFO] Changes detected - recompiling the module!
[INFO] Nothing to compile - all classes are up to date
[INFO] 
[INFO] --- maven-surefire-plugin:3.0.0-M8-SNAPSHOT:test (default-test) @ nifi-framework-authorization ---
[INFO] Tests are skipped.
[INFO] 
[INFO] --- maven-jar-plugin:3.2.0:jar (default-jar) @ nifi-framework-authorization ---
[INFO] Building jar: /home/srafi/after-cam-ready/compare_/compile_repair_output/work/a1b954f3eb4f/nifi-nar-bundles/nifi-framework-bundle/nifi-framework/nifi-framework-authorization/target/nifi-framework-authorization-1.15.0-SNAPSHOT.jar
[INFO] 
[INFO] --- maven-site-plugin:3.7.1:attach-descriptor (attach-descriptor) @ nifi-framework-authorization ---
[INFO] Skipping because packaging 'jar' is not pom.
[INFO] 
[INFO] --- maven-install-plugin:2.5.2:install (default-install) @ nifi-framework-authorization ---
[INFO] Installing /home/srafi/after-cam-ready/compare_/compile_repair_output/work/a1b954f3eb4f/nifi-nar-bundles/nifi-framework-bundle/nifi-framework/nifi-framework-authorization/target/nifi-framework-authorization-1.15.0-SNAPSHOT.jar to /home/srafi/.m2/repository/org/apache/nifi/nifi-framework-authorization/1.15.0-SNAPSHOT/nifi-framework-authorization-1.15.0-SNAPSHOT.jar
[INFO] Installing /home/srafi/after-cam-ready/compare_/compile_repair_output/work/a1b954f3eb4f/nifi-nar-bundles/nifi-framework-bundle/nifi-framework/nifi-framework-authorization/pom.xml to /home/srafi/.m2/repository/org/apache/nifi/nifi-framework-authorization/1.15.0-SNAPSHOT/nifi-framework-authorization-1.15.0-SNAPSHOT.pom
[INFO] 
[INFO] -------< org.apache.nifi.registry:nifi-registry-security-utils >--------
[INFO] Building nifi-registry-security-utils 1.15.0-SNAPSHOT            [35/57]
[INFO] --------------------------------[ jar ]---------------------------------
[INFO] 
[INFO] --- maven-clean-plugin:3.1.0:clean (default-clean) @ nifi-registry-security-utils ---
[INFO] 
[INFO] --- maven-remote-resources-plugin:1.7.0:process (process-resource-bundles) @ nifi-registry-security-utils ---
[INFO] Preparing remote bundle org.apache:apache-jar-resource-bundle:1.4
[INFO] Copying 3 resources from 1 bundle.
[INFO] 
[INFO] --- maven-resources-plugin:2.7:resources (default-resources) @ nifi-registry-security-utils ---
[INFO] Using 'UTF-8' encoding to copy filtered resources.
[INFO] skip non existing resourceDirectory /home/srafi/after-cam-ready/compare_/compile_repair_output/work/a1b954f3eb4f/nifi-registry/nifi-registry-core/nifi-registry-security-utils/src/main/resources
[INFO] Copying 3 resources
[INFO] 
[INFO] --- maven-compiler-plugin:3.8.1:compile (default-compile) @ nifi-registry-security-utils ---
[INFO] Changes detected - recompiling the module!
[INFO] Compiling 7 source files to /home/srafi/after-cam-ready/compare_/compile_repair_output/work/a1b954f3eb4f/nifi-registry/nifi-registry-core/nifi-registry-security-utils/target/classes
[INFO] 
[INFO] --- maven-resources-plugin:2.7:testResources (default-testResources) @ nifi-registry-security-utils ---
[INFO] Using 'UTF-8' encoding to copy filtered resources.
[INFO] skip non existing resourceDirectory /home/srafi/after-cam-ready/compare_/compile_repair_output/work/a1b954f3eb4f/nifi-registry/nifi-registry-core/nifi-registry-security-utils/src/test/resources
[INFO] Copying 3 resources
[INFO] 
[INFO] --- maven-compiler-plugin:3.8.1:testCompile (default-testCompile) @ nifi-registry-security-utils ---
[INFO] Changes detected - recompiling the module!
[INFO] Compiling 1 source file to /home/srafi/after-cam-ready/compare_/compile_repair_output/work/a1b954f3eb4f/nifi-registry/nifi-registry-core/nifi-registry-security-utils/target/test-classes
[INFO] 
[INFO] --- maven-compiler-plugin:3.8.1:testCompile (groovy-tests) @ nifi-registry-security-utils ---
[INFO] Changes detected - recompiling the module!
[INFO] Using Groovy-Eclipse compiler to compile both Java and Groovy files
[INFO] Compiling in a forked process using /home/srafi/.m2/repository/org/codehaus/groovy/groovy-eclipse-batch/2.5.14-01/groovy-eclipse-batch-2.5.14-01.jar
[INFO] 
[INFO] --- maven-surefire-plugin:3.0.0-M8-SNAPSHOT:test (default-test) @ nifi-registry-security-utils ---
[INFO] Tests are skipped.
[INFO] 
[INFO] --- maven-jar-plugin:2.5:jar (default-jar) @ nifi-registry-security-utils ---
[INFO] Building jar: /home/srafi/after-cam-ready/compare_/compile_repair_output/work/a1b954f3eb4f/nifi-registry/nifi-registry-core/nifi-registry-security-utils/target/nifi-registry-security-utils-1.15.0-SNAPSHOT.jar
[INFO] 
[INFO] --- maven-site-plugin:3.4:attach-descriptor (attach-descriptor) @ nifi-registry-security-utils ---
[INFO] 
[INFO] --- maven-install-plugin:2.5.2:install (default-install) @ nifi-registry-security-utils ---
[INFO] Installing /home/srafi/after-cam-ready/compare_/compile_repair_output/work/a1b954f3eb4f/nifi-registry/nifi-registry-core/nifi-registry-security-utils/target/nifi-registry-security-utils-1.15.0-SNAPSHOT.jar to /home/srafi/.m2/repository/org/apache/nifi/registry/nifi-registry-security-utils/1.15.0-SNAPSHOT/nifi-registry-security-utils-1.15.0-SNAPSHOT.jar
[INFO] Installing /home/srafi/after-cam-ready/compare_/compile_repair_output/work/a1b954f3eb4f/nifi-registry/nifi-registry-core/nifi-registry-security-utils/pom.xml to /home/srafi/.m2/repository/org/apache/nifi/registry/nifi-registry-security-utils/1.15.0-SNAPSHOT/nifi-registry-security-utils-1.15.0-SNAPSHOT.pom
[INFO] 
[INFO] -----------< org.apache.nifi.registry:nifi-registry-client >------------
[INFO] Building nifi-registry-client 1.15.0-SNAPSHOT                    [36/57]
[INFO] --------------------------------[ jar ]---------------------------------
[INFO] 
[INFO] --- maven-clean-plugin:3.1.0:clean (default-clean) @ nifi-registry-client ---
[INFO] 
[INFO] --- maven-remote-resources-plugin:1.7.0:process (process-resource-bundles) @ nifi-registry-client ---
[INFO] Preparing remote bundle org.apache:apache-jar-resource-bundle:1.4
[INFO] Copying 3 resources from 1 bundle.
[INFO] 
[INFO] --- maven-resources-plugin:2.7:resources (default-resources) @ nifi-registry-client ---
[INFO] Using 'UTF-8' encoding to copy filtered resources.
[INFO] skip non existing resourceDirectory /home/srafi/after-cam-ready/compare_/compile_repair_output/work/a1b954f3eb4f/nifi-registry/nifi-registry-core/nifi-registry-client/src/main/resources
[INFO] Copying 3 resources
[INFO] 
[INFO] --- maven-compiler-plugin:3.8.1:compile (default-compile) @ nifi-registry-client ---
[INFO] Changes detected - recompiling the module!
[INFO] Compiling 36 source files to /home/srafi/after-cam-ready/compare_/compile_repair_output/work/a1b954f3eb4f/nifi-registry/nifi-registry-core/nifi-registry-client/target/classes
[WARNING] /home/srafi/after-cam-ready/compare_/compile_repair_output/work/a1b954f3eb4f/nifi-registry/nifi-registry-core/nifi-registry-client/src/main/java/org/apache/nifi/registry/client/impl/JerseyNiFiRegistryClient.java:[296,26] [deprecation] getPoliciesClient(String...) in NiFiRegistryClient has been deprecated
[WARNING] /home/srafi/after-cam-ready/compare_/compile_repair_output/work/a1b954f3eb4f/nifi-registry/nifi-registry-core/nifi-registry-client/src/main/java/org/apache/nifi/registry/client/impl/JerseyNiFiRegistryClient.java:[280,25] [deprecation] getTenantsClient(String...) in NiFiRegistryClient has been deprecated
[WARNING] /home/srafi/after-cam-ready/compare_/compile_repair_output/work/a1b954f3eb4f/nifi-registry/nifi-registry-core/nifi-registry-client/src/main/java/org/apache/nifi/registry/client/impl/JerseyNiFiRegistryClient.java:[264,27] [deprecation] getExtensionClient(String...) in NiFiRegistryClient has been deprecated
[WARNING] /home/srafi/after-cam-ready/compare_/compile_repair_output/work/a1b954f3eb4f/nifi-registry/nifi-registry-core/nifi-registry-client/src/main/java/org/apache/nifi/registry/client/impl/JerseyNiFiRegistryClient.java:[248,31] [deprecation] getExtensionRepoClient(String...) in NiFiRegistryClient has been deprecated
[WARNING] /home/srafi/after-cam-ready/compare_/compile_repair_output/work/a1b954f3eb4f/nifi-registry/nifi-registry-core/nifi-registry-client/src/main/java/org/apache/nifi/registry/client/impl/JerseyNiFiRegistryClient.java:[232,31] [deprecation] getBundleVersionClient(String...) in NiFiRegistryClient has been deprecated
[WARNING] /home/srafi/after-cam-ready/compare_/compile_repair_output/work/a1b954f3eb4f/nifi-registry/nifi-registry-core/nifi-registry-client/src/main/java/org/apache/nifi/registry/client/impl/JerseyNiFiRegistryClient.java:[216,24] [deprecation] getBundleClient(String...) in NiFiRegistryClient has been deprecated
[WARNING] /home/srafi/after-cam-ready/compare_/compile_repair_output/work/a1b954f3eb4f/nifi-registry/nifi-registry-core/nifi-registry-client/src/main/java/org/apache/nifi/registry/client/impl/JerseyNiFiRegistryClient.java:[200,22] [deprecation] getUserClient(String...) in NiFiRegistryClient has been deprecated
[WARNING] /home/srafi/after-cam-ready/compare_/compile_repair_output/work/a1b954f3eb4f/nifi-registry/nifi-registry-core/nifi-registry-client/src/main/java/org/apache/nifi/registry/client/impl/JerseyNiFiRegistryClient.java:[184,23] [deprecation] getItemsClient(String...) in NiFiRegistryClient has been deprecated
[WARNING] /home/srafi/after-cam-ready/compare_/compile_repair_output/work/a1b954f3eb4f/nifi-registry/nifi-registry-core/nifi-registry-client/src/main/java/org/apache/nifi/registry/client/impl/JerseyNiFiRegistryClient.java:[168,30] [deprecation] getFlowSnapshotClient(String...) in NiFiRegistryClient has been deprecated
[WARNING] /home/srafi/after-cam-ready/compare_/compile_repair_output/work/a1b954f3eb4f/nifi-registry/nifi-registry-core/nifi-registry-client/src/main/java/org/apache/nifi/registry/client/impl/JerseyNiFiRegistryClient.java:[152,22] [deprecation] getFlowClient(String...) in NiFiRegistryClient has been deprecated
[WARNING] /home/srafi/after-cam-ready/compare_/compile_repair_output/work/a1b954f3eb4f/nifi-registry/nifi-registry-core/nifi-registry-client/src/main/java/org/apache/nifi/registry/client/impl/JerseyNiFiRegistryClient.java:[136,24] [deprecation] getBucketClient(String...) in NiFiRegistryClient has been deprecated
[WARNING] /home/srafi/after-cam-ready/compare_/compile_repair_output/work/a1b954f3eb4f/nifi-registry/nifi-registry-core/nifi-registry-client/src/main/java/org/apache/nifi/registry/client/impl/JerseyNiFiRegistryClient.java:[351,14] [deprecation] setPropertyInclusion(Value) in ObjectMapper has been deprecated
[INFO] 
[INFO] --- maven-resources-plugin:2.7:testResources (default-testResources) @ nifi-registry-client ---
[INFO] Using 'UTF-8' encoding to copy filtered resources.
[INFO] skip non existing resourceDirectory /home/srafi/after-cam-ready/compare_/compile_repair_output/work/a1b954f3eb4f/nifi-registry/nifi-registry-core/nifi-registry-client/src/test/resources
[INFO] Copying 3 resources
[INFO] 
[INFO] --- maven-compiler-plugin:3.8.1:testCompile (default-testCompile) @ nifi-registry-client ---
[INFO] Changes detected - recompiling the module!
[INFO] Compiling 3 source files to /home/srafi/after-cam-ready/compare_/compile_repair_output/work/a1b954f3eb4f/nifi-registry/nifi-registry-core/nifi-registry-client/target/test-classes
[INFO] 
[INFO] --- maven-compiler-plugin:3.8.1:testCompile (groovy-tests) @ nifi-registry-client ---
[INFO] Changes detected - recompiling the module!
[INFO] Nothing to compile - all classes are up to date
[INFO] 
[INFO] --- maven-surefire-plugin:3.0.0-M8-SNAPSHOT:test (default-test) @ nifi-registry-client ---
[INFO] Tests are skipped.
[INFO] 
[INFO] --- maven-jar-plugin:2.5:jar (default-jar) @ nifi-registry-client ---
[INFO] Building jar: /home/srafi/after-cam-ready/compare_/compile_repair_output/work/a1b954f3eb4f/nifi-registry/nifi-registry-core/nifi-registry-client/target/nifi-registry-client-1.15.0-SNAPSHOT.jar
[INFO] 
[INFO] --- maven-site-plugin:3.4:attach-descriptor (attach-descriptor) @ nifi-registry-client ---
[INFO] 
[INFO] --- maven-install-plugin:2.5.2:install (default-install) @ nifi-registry-client ---
[INFO] Installing /home/srafi/after-cam-ready/compare_/compile_repair_output/work/a1b954f3eb4f/nifi-registry/nifi-registry-core/nifi-registry-client/target/nifi-registry-client-1.15.0-SNAPSHOT.jar to /home/srafi/.m2/repository/org/apache/nifi/registry/nifi-registry-client/1.15.0-SNAPSHOT/nifi-registry-client-1.15.0-SNAPSHOT.jar
[INFO] Installing /home/srafi/after-cam-ready/compare_/compile_repair_output/work/a1b954f3eb4f/nifi-registry/nifi-registry-core/nifi-registry-client/pom.xml to /home/srafi/.m2/repository/org/apache/nifi/registry/nifi-registry-client/1.15.0-SNAPSHOT/nifi-registry-client-1.15.0-SNAPSHOT.pom
[INFO] 
[INFO] --------------< org.apache.nifi:nifi-framework-core-api >---------------
[INFO] Building nifi-framework-core-api 1.15.0-SNAPSHOT                 [37/57]
[INFO] --------------------------------[ jar ]---------------------------------
[INFO] 
[INFO] --- maven-clean-plugin:3.1.0:clean (default-clean) @ nifi-framework-core-api ---
[INFO] 
[INFO] --- buildnumber-maven-plugin:1.4:create (default) @ nifi-framework-core-api ---
[INFO] 
[INFO] --- maven-remote-resources-plugin:1.7.0:process (process-resource-bundles) @ nifi-framework-core-api ---
[INFO] Preparing remote bundle org.apache:apache-jar-resource-bundle:1.4
[INFO] Copying 3 resources from 1 bundle.
[INFO] 
[INFO] --- maven-resources-plugin:3.1.0:resources (default-resources) @ nifi-framework-core-api ---
[INFO] Using 'UTF-8' encoding to copy filtered resources.
[INFO] skip non existing resourceDirectory /home/srafi/after-cam-ready/compare_/compile_repair_output/work/a1b954f3eb4f/nifi-nar-bundles/nifi-framework-bundle/nifi-framework/nifi-framework-core-api/src/main/resources
[INFO] Copying 3 resources
[INFO] 
[INFO] --- maven-compiler-plugin:3.8.1:compile (default-compile) @ nifi-framework-core-api ---
[INFO] Changes detected - recompiling the module!
[INFO] Compiling 121 source files to /home/srafi/after-cam-ready/compare_/compile_repair_output/work/a1b954f3eb4f/nifi-nar-bundles/nifi-framework-bundle/nifi-framework/nifi-framework-core-api/target/classes
[WARNING] /home/srafi/after-cam-ready/compare_/compile_repair_output/work/a1b954f3eb4f/nifi-nar-bundles/nifi-framework-bundle/nifi-framework/nifi-framework-core-api/src/main/java/org/apache/nifi/util/CharacterFilterUtils.java:[20,46] [deprecation] AggregateTranslator in org.apache.commons.lang3.text.translate has been deprecated
[WARNING] /home/srafi/after-cam-ready/compare_/compile_repair_output/work/a1b954f3eb4f/nifi-nar-bundles/nifi-framework-bundle/nifi-framework/nifi-framework-core-api/src/main/java/org/apache/nifi/util/CharacterFilterUtils.java:[21,46] [deprecation] CharSequenceTranslator in org.apache.commons.lang3.text.translate has been deprecated
[WARNING] /home/srafi/after-cam-ready/compare_/compile_repair_output/work/a1b954f3eb4f/nifi-nar-bundles/nifi-framework-bundle/nifi-framework/nifi-framework-core-api/src/main/java/org/apache/nifi/util/CharacterFilterUtils.java:[22,46] [deprecation] LookupTranslator in org.apache.commons.lang3.text.translate has been deprecated
[WARNING] /home/srafi/after-cam-ready/compare_/compile_repair_output/work/a1b954f3eb4f/nifi-nar-bundles/nifi-framework-bundle/nifi-framework/nifi-framework-core-api/src/main/java/org/apache/nifi/util/CharacterFilterUtils.java:[23,46] [deprecation] UnicodeUnpairedSurrogateRemover in org.apache.commons.lang3.text.translate has been deprecated
[WARNING] /home/srafi/after-cam-ready/compare_/compile_repair_output/work/a1b954f3eb4f/nifi-nar-bundles/nifi-framework-bundle/nifi-framework/nifi-framework-core-api/src/main/java/org/apache/nifi/controller/AbstractPort.java:[459,44] [deprecation] getTimeDuration(String,TimeUnit) in FormatUtils has been deprecated
[WARNING] /home/srafi/after-cam-ready/compare_/compile_repair_output/work/a1b954f3eb4f/nifi-nar-bundles/nifi-framework-bundle/nifi-framework/nifi-framework-core-api/src/main/java/org/apache/nifi/controller/AbstractPort.java:[468,48] [deprecation] getTimeDuration(String,TimeUnit) in FormatUtils has been deprecated
[WARNING] /home/srafi/after-cam-ready/compare_/compile_repair_output/work/a1b954f3eb4f/nifi-nar-bundles/nifi-framework-bundle/nifi-framework/nifi-framework-core-api/src/main/java/org/apache/nifi/controller/AbstractPort.java:[479,26] [deprecation] getTimeDuration(String,TimeUnit) in FormatUtils has been deprecated
[WARNING] /home/srafi/after-cam-ready/compare_/compile_repair_output/work/a1b954f3eb4f/nifi-nar-bundles/nifi-framework-bundle/nifi-framework/nifi-framework-core-api/src/main/java/org/apache/nifi/controller/AbstractPort.java:[526,26] [deprecation] getTimeDuration(String,TimeUnit) in FormatUtils has been deprecated
[WARNING] /home/srafi/after-cam-ready/compare_/compile_repair_output/work/a1b954f3eb4f/nifi-nar-bundles/nifi-framework-bundle/nifi-framework/nifi-framework-core-api/src/main/java/org/apache/nifi/controller/StandardFunnel.java:[436,44] [deprecation] getTimeDuration(String,TimeUnit) in FormatUtils has been deprecated
[WARNING] /home/srafi/after-cam-ready/compare_/compile_repair_output/work/a1b954f3eb4f/nifi-nar-bundles/nifi-framework-bundle/nifi-framework/nifi-framework-core-api/src/main/java/org/apache/nifi/controller/StandardFunnel.java:[445,48] [deprecation] getTimeDuration(String,TimeUnit) in FormatUtils has been deprecated
[WARNING] /home/srafi/after-cam-ready/compare_/compile_repair_output/work/a1b954f3eb4f/nifi-nar-bundles/nifi-framework-bundle/nifi-framework/nifi-framework-core-api/src/main/java/org/apache/nifi/controller/StandardFunnel.java:[456,26] [deprecation] getTimeDuration(String,TimeUnit) in FormatUtils has been deprecated
[WARNING] /home/srafi/after-cam-ready/compare_/compile_repair_output/work/a1b954f3eb4f/nifi-nar-bundles/nifi-framework-bundle/nifi-framework/nifi-framework-core-api/src/main/java/org/apache/nifi/controller/StandardFunnel.java:[504,26] [deprecation] getTimeDuration(String,TimeUnit) in FormatUtils has been deprecated
[WARNING] /home/srafi/after-cam-ready/compare_/compile_repair_output/work/a1b954f3eb4f/nifi-nar-bundles/nifi-framework-bundle/nifi-framework/nifi-framework-core-api/src/main/java/org/apache/nifi/util/CharacterFilterUtils.java:[40,25] [deprecation] CharSequenceTranslator in org.apache.commons.lang3.text.translate has been deprecated
[WARNING] /home/srafi/after-cam-ready/compare_/compile_repair_output/work/a1b954f3eb4f/nifi-nar-bundles/nifi-framework-bundle/nifi-framework/nifi-framework-core-api/src/main/java/org/apache/nifi/util/CharacterFilterUtils.java:[40,83] [deprecation] AggregateTranslator in org.apache.commons.lang3.text.translate has been deprecated
[WARNING] /home/srafi/after-cam-ready/compare_/compile_repair_output/work/a1b954f3eb4f/nifi-nar-bundles/nifi-framework-bundle/nifi-framework/nifi-framework-core-api/src/main/java/org/apache/nifi/util/CharacterFilterUtils.java:[41,16] [deprecation] LookupTranslator in org.apache.commons.lang3.text.translate has been deprecated
[WARNING] /home/srafi/after-cam-ready/compare_/compile_repair_output/work/a1b954f3eb4f/nifi-nar-bundles/nifi-framework-bundle/nifi-framework/nifi-framework-core-api/src/main/java/org/apache/nifi/util/CharacterFilterUtils.java:[42,16] [deprecation] UnicodeUnpairedSurrogateRemover in org.apache.commons.lang3.text.translate has been deprecated
[INFO] 
[INFO] --- maven-resources-plugin:3.1.0:testResources (default-testResources) @ nifi-framework-core-api ---
[INFO] Using 'UTF-8' encoding to copy filtered resources.
[INFO] skip non existing resourceDirectory /home/srafi/after-cam-ready/compare_/compile_repair_output/work/a1b954f3eb4f/nifi-nar-bundles/nifi-framework-bundle/nifi-framework/nifi-framework-core-api/src/test/resources
[INFO] Copying 3 resources
[INFO] 
[INFO] --- maven-compiler-plugin:3.8.1:testCompile (default-testCompile) @ nifi-framework-core-api ---
[INFO] Changes detected - recompiling the module!
[INFO] Compiling 5 source files to /home/srafi/after-cam-ready/compare_/compile_repair_output/work/a1b954f3eb4f/nifi-nar-bundles/nifi-framework-bundle/nifi-framework/nifi-framework-core-api/target/test-classes
[INFO] 
[INFO] --- maven-compiler-plugin:3.8.1:testCompile (groovy-tests) @ nifi-framework-core-api ---
[INFO] Changes detected - recompiling the module!
[INFO] Nothing to compile - all classes are up to date
[INFO] 
[INFO] --- maven-surefire-plugin:3.0.0-M8-SNAPSHOT:test (default-test) @ nifi-framework-core-api ---
[INFO] Tests are skipped.
[INFO] 
[INFO] --- maven-jar-plugin:3.2.0:jar (default-jar) @ nifi-framework-core-api ---
[INFO] Building jar: /home/srafi/after-cam-ready/compare_/compile_repair_output/work/a1b954f3eb4f/nifi-nar-bundles/nifi-framework-bundle/nifi-framework/nifi-framework-core-api/target/nifi-framework-core-api-1.15.0-SNAPSHOT.jar
[INFO] 
[INFO] --- maven-site-plugin:3.7.1:attach-descriptor (attach-descriptor) @ nifi-framework-core-api ---
[INFO] Skipping because packaging 'jar' is not pom.
[INFO] 
[INFO] --- maven-install-plugin:2.5.2:install (default-install) @ nifi-framework-core-api ---
[INFO] Installing /home/srafi/after-cam-ready/compare_/compile_repair_output/work/a1b954f3eb4f/nifi-nar-bundles/nifi-framework-bundle/nifi-framework/nifi-framework-core-api/target/nifi-framework-core-api-1.15.0-SNAPSHOT.jar to /home/srafi/.m2/repository/org/apache/nifi/nifi-framework-core-api/1.15.0-SNAPSHOT/nifi-framework-core-api-1.15.0-SNAPSHOT.jar
[INFO] Installing /home/srafi/after-cam-ready/compare_/compile_repair_output/work/a1b954f3eb4f/nifi-nar-bundles/nifi-framework-bundle/nifi-framework/nifi-framework-core-api/pom.xml to /home/srafi/.m2/repository/org/apache/nifi/nifi-framework-core-api/1.15.0-SNAPSHOT/nifi-framework-core-api-1.15.0-SNAPSHOT.pom
[INFO] 
[INFO] ---------------------< org.apache.nifi:nifi-mock >----------------------
[INFO] Building nifi-mock 1.15.0-SNAPSHOT                               [38/57]
[INFO] --------------------------------[ jar ]---------------------------------
[INFO] 
[INFO] --- maven-clean-plugin:3.1.0:clean (default-clean) @ nifi-mock ---
[INFO] 
[INFO] --- maven-remote-resources-plugin:1.7.0:process (process-resource-bundles) @ nifi-mock ---
[INFO] Preparing remote bundle org.apache:apache-jar-resource-bundle:1.4
[INFO] Copying 3 resources from 1 bundle.
[INFO] 
[INFO] --- maven-resources-plugin:3.1.0:resources (default-resources) @ nifi-mock ---
[INFO] Using 'UTF-8' encoding to copy filtered resources.
[INFO] Copying 1 resource
[INFO] Copying 3 resources
[INFO] 
[INFO] --- maven-compiler-plugin:3.8.1:compile (default-compile) @ nifi-mock ---
[INFO] Changes detected - recompiling the module!
[INFO] Compiling 39 source files to /home/srafi/after-cam-ready/compare_/compile_repair_output/work/a1b954f3eb4f/nifi-mock/target/classes
[INFO] 
[INFO] --- maven-resources-plugin:3.1.0:testResources (default-testResources) @ nifi-mock ---
[INFO] Using 'UTF-8' encoding to copy filtered resources.
[INFO] skip non existing resourceDirectory /home/srafi/after-cam-ready/compare_/compile_repair_output/work/a1b954f3eb4f/nifi-mock/src/test/resources
[INFO] Copying 3 resources
[INFO] 
[INFO] --- maven-compiler-plugin:3.8.1:testCompile (default-testCompile) @ nifi-mock ---
[INFO] Changes detected - recompiling the module!
[INFO] Compiling 4 source files to /home/srafi/after-cam-ready/compare_/compile_repair_output/work/a1b954f3eb4f/nifi-mock/target/test-classes
[INFO] 
[INFO] --- maven-compiler-plugin:3.8.1:testCompile (groovy-tests) @ nifi-mock ---
[INFO] Changes detected - recompiling the module!
[INFO] Nothing to compile - all classes are up to date
[INFO] 
[INFO] --- maven-surefire-plugin:3.0.0-M8-SNAPSHOT:test (default-test) @ nifi-mock ---
[INFO] Tests are skipped.
[INFO] 
[INFO] --- maven-jar-plugin:3.2.0:jar (default-jar) @ nifi-mock ---
[INFO] Building jar: /home/srafi/after-cam-ready/compare_/compile_repair_output/work/a1b954f3eb4f/nifi-mock/target/nifi-mock-1.15.0-SNAPSHOT.jar
[INFO] 
[INFO] --- maven-site-plugin:3.7.1:attach-descriptor (attach-descriptor) @ nifi-mock ---
[INFO] Skipping because packaging 'jar' is not pom.
[INFO] 
[INFO] --- maven-install-plugin:2.5.2:install (default-install) @ nifi-mock ---
[INFO] Installing /home/srafi/after-cam-ready/compare_/compile_repair_output/work/a1b954f3eb4f/nifi-mock/target/nifi-mock-1.15.0-SNAPSHOT.jar to /home/srafi/.m2/repository/org/apache/nifi/nifi-mock/1.15.0-SNAPSHOT/nifi-mock-1.15.0-SNAPSHOT.jar
[INFO] Installing /home/srafi/after-cam-ready/compare_/compile_repair_output/work/a1b954f3eb4f/nifi-mock/pom.xml to /home/srafi/.m2/repository/org/apache/nifi/nifi-mock/1.15.0-SNAPSHOT/nifi-mock-1.15.0-SNAPSHOT.pom
[INFO] 
[INFO] ----------------< org.apache.nifi:nifi-extension-utils >----------------
[INFO] Building nifi-extension-utils 1.15.0-SNAPSHOT                    [39/57]
[INFO] --------------------------------[ pom ]---------------------------------
[INFO] 
[INFO] --- maven-clean-plugin:3.1.0:clean (default-clean) @ nifi-extension-utils ---
[INFO] 
[INFO] --- buildnumber-maven-plugin:1.4:create (default) @ nifi-extension-utils ---
[INFO] 
[INFO] --- maven-remote-resources-plugin:1.7.0:process (process-resource-bundles) @ nifi-extension-utils ---
[INFO] Preparing remote bundle org.apache:apache-jar-resource-bundle:1.4
[INFO] Copying 3 resources from 1 bundle.
[INFO] 
[INFO] --- maven-compiler-plugin:3.8.1:testCompile (groovy-tests) @ nifi-extension-utils ---
[INFO] No sources to compile
[INFO] 
[INFO] --- maven-site-plugin:3.7.1:attach-descriptor (attach-descriptor) @ nifi-extension-utils ---
[INFO] No site descriptor found: nothing to attach.
[INFO] 
[INFO] --- maven-install-plugin:2.5.2:install (default-install) @ nifi-extension-utils ---
[INFO] Installing /home/srafi/after-cam-ready/compare_/compile_repair_output/work/a1b954f3eb4f/nifi-nar-bundles/nifi-extension-utils/pom.xml to /home/srafi/.m2/repository/org/apache/nifi/nifi-extension-utils/1.15.0-SNAPSHOT/nifi-extension-utils-1.15.0-SNAPSHOT.pom
[INFO] 
[INFO] ---------------< org.apache.nifi:nifi-standard-services >---------------
[INFO] Building nifi-standard-services 1.15.0-SNAPSHOT                  [40/57]
[INFO] --------------------------------[ pom ]---------------------------------
[INFO] 
[INFO] --- maven-clean-plugin:3.1.0:clean (default-clean) @ nifi-standard-services ---
[INFO] 
[INFO] --- buildnumber-maven-plugin:1.4:create (default) @ nifi-standard-services ---
[INFO] 
[INFO] --- maven-remote-resources-plugin:1.7.0:process (process-resource-bundles) @ nifi-standard-services ---
[INFO] Preparing remote bundle org.apache:apache-jar-resource-bundle:1.4
[INFO] Copying 3 resources from 1 bundle.
[INFO] 
[INFO] --- maven-compiler-plugin:3.8.1:testCompile (groovy-tests) @ nifi-standard-services ---
[INFO] No sources to compile
[INFO] 
[INFO] --- maven-site-plugin:3.7.1:attach-descriptor (attach-descriptor) @ nifi-standard-services ---
[INFO] No site descriptor found: nothing to attach.
[INFO] 
[INFO] --- maven-install-plugin:2.5.2:install (default-install) @ nifi-standard-services ---
[INFO] Installing /home/srafi/after-cam-ready/compare_/compile_repair_output/work/a1b954f3eb4f/nifi-nar-bundles/nifi-standard-services/pom.xml to /home/srafi/.m2/repository/org/apache/nifi/nifi-standard-services/1.15.0-SNAPSHOT/nifi-standard-services-1.15.0-SNAPSHOT.pom
[INFO] 
[INFO] -------< org.apache.nifi:nifi-kerberos-credentials-service-api >--------
[INFO] Building nifi-kerberos-credentials-service-api 1.15.0-SNAPSHOT   [41/57]
[INFO] --------------------------------[ jar ]---------------------------------
[INFO] 
[INFO] --- maven-clean-plugin:3.1.0:clean (default-clean) @ nifi-kerberos-credentials-service-api ---
[INFO] 
[INFO] --- buildnumber-maven-plugin:1.4:create (default) @ nifi-kerberos-credentials-service-api ---
[INFO] 
[INFO] --- maven-remote-resources-plugin:1.7.0:process (process-resource-bundles) @ nifi-kerberos-credentials-service-api ---
[INFO] Preparing remote bundle org.apache:apache-jar-resource-bundle:1.4
[INFO] Copying 3 resources from 1 bundle.
[INFO] 
[INFO] --- maven-resources-plugin:3.1.0:resources (default-resources) @ nifi-kerberos-credentials-service-api ---
[INFO] Using 'UTF-8' encoding to copy filtered resources.
[INFO] skip non existing resourceDirectory /home/srafi/after-cam-ready/compare_/compile_repair_output/work/a1b954f3eb4f/nifi-nar-bundles/nifi-standard-services/nifi-kerberos-credentials-service-api/src/main/resources
[INFO] Copying 3 resources
[INFO] 
[INFO] --- maven-compiler-plugin:3.8.1:compile (default-compile) @ nifi-kerberos-credentials-service-api ---
[INFO] Changes detected - recompiling the module!
[INFO] Compiling 1 source file to /home/srafi/after-cam-ready/compare_/compile_repair_output/work/a1b954f3eb4f/nifi-nar-bundles/nifi-standard-services/nifi-kerberos-credentials-service-api/target/classes
[INFO] 
[INFO] --- maven-resources-plugin:3.1.0:testResources (default-testResources) @ nifi-kerberos-credentials-service-api ---
[INFO] Using 'UTF-8' encoding to copy filtered resources.
[INFO] skip non existing resourceDirectory /home/srafi/after-cam-ready/compare_/compile_repair_output/work/a1b954f3eb4f/nifi-nar-bundles/nifi-standard-services/nifi-kerberos-credentials-service-api/src/test/resources
[INFO] Copying 3 resources
[INFO] 
[INFO] --- maven-compiler-plugin:3.8.1:testCompile (default-testCompile) @ nifi-kerberos-credentials-service-api ---
[INFO] No sources to compile
[INFO] 
[INFO] --- maven-compiler-plugin:3.8.1:testCompile (groovy-tests) @ nifi-kerberos-credentials-service-api ---
[INFO] No sources to compile
[INFO] 
[INFO] --- maven-surefire-plugin:3.0.0-M8-SNAPSHOT:test (default-test) @ nifi-kerberos-credentials-service-api ---
[INFO] Tests are skipped.
[INFO] 
[INFO] --- maven-jar-plugin:3.2.0:jar (default-jar) @ nifi-kerberos-credentials-service-api ---
[INFO] Building jar: /home/srafi/after-cam-ready/compare_/compile_repair_output/work/a1b954f3eb4f/nifi-nar-bundles/nifi-standard-services/nifi-kerberos-credentials-service-api/target/nifi-kerberos-credentials-service-api-1.15.0-SNAPSHOT.jar
[INFO] 
[INFO] --- maven-site-plugin:3.7.1:attach-descriptor (attach-descriptor) @ nifi-kerberos-credentials-service-api ---
[INFO] Skipping because packaging 'jar' is not pom.
[INFO] 
[INFO] --- maven-install-plugin:2.5.2:install (default-install) @ nifi-kerberos-credentials-service-api ---
[INFO] Installing /home/srafi/after-cam-ready/compare_/compile_repair_output/work/a1b954f3eb4f/nifi-nar-bundles/nifi-standard-services/nifi-kerberos-credentials-service-api/target/nifi-kerberos-credentials-service-api-1.15.0-SNAPSHOT.jar to /home/srafi/.m2/repository/org/apache/nifi/nifi-kerberos-credentials-service-api/1.15.0-SNAPSHOT/nifi-kerberos-credentials-service-api-1.15.0-SNAPSHOT.jar
[INFO] Installing /home/srafi/after-cam-ready/compare_/compile_repair_output/work/a1b954f3eb4f/nifi-nar-bundles/nifi-standard-services/nifi-kerberos-credentials-service-api/pom.xml to /home/srafi/.m2/repository/org/apache/nifi/nifi-kerberos-credentials-service-api/1.15.0-SNAPSHOT/nifi-kerberos-credentials-service-api-1.15.0-SNAPSHOT.pom
[INFO] 
[INFO] -----------< org.apache.nifi:nifi-kerberos-user-service-api >-----------
[INFO] Building nifi-kerberos-user-service-api 1.15.0-SNAPSHOT          [42/57]
[INFO] --------------------------------[ jar ]---------------------------------
[INFO] 
[INFO] --- maven-clean-plugin:3.1.0:clean (default-clean) @ nifi-kerberos-user-service-api ---
[INFO] 
[INFO] --- buildnumber-maven-plugin:1.4:create (default) @ nifi-kerberos-user-service-api ---
[INFO] 
[INFO] --- maven-remote-resources-plugin:1.7.0:process (process-resource-bundles) @ nifi-kerberos-user-service-api ---
[INFO] Preparing remote bundle org.apache:apache-jar-resource-bundle:1.4
[INFO] Copying 3 resources from 1 bundle.
[INFO] 
[INFO] --- maven-resources-plugin:3.1.0:resources (default-resources) @ nifi-kerberos-user-service-api ---
[INFO] Using 'UTF-8' encoding to copy filtered resources.
[INFO] skip non existing resourceDirectory /home/srafi/after-cam-ready/compare_/compile_repair_output/work/a1b954f3eb4f/nifi-nar-bundles/nifi-standard-services/nifi-kerberos-user-service-api/src/main/resources
[INFO] Copying 3 resources
[INFO] 
[INFO] --- maven-compiler-plugin:3.8.1:compile (default-compile) @ nifi-kerberos-user-service-api ---
[INFO] Changes detected - recompiling the module!
[INFO] Compiling 2 source files to /home/srafi/after-cam-ready/compare_/compile_repair_output/work/a1b954f3eb4f/nifi-nar-bundles/nifi-standard-services/nifi-kerberos-user-service-api/target/classes
[INFO] 
[INFO] --- maven-resources-plugin:3.1.0:testResources (default-testResources) @ nifi-kerberos-user-service-api ---
[INFO] Using 'UTF-8' encoding to copy filtered resources.
[INFO] skip non existing resourceDirectory /home/srafi/after-cam-ready/compare_/compile_repair_output/work/a1b954f3eb4f/nifi-nar-bundles/nifi-standard-services/nifi-kerberos-user-service-api/src/test/resources
[INFO] Copying 3 resources
[INFO] 
[INFO] --- maven-compiler-plugin:3.8.1:testCompile (default-testCompile) @ nifi-kerberos-user-service-api ---
[INFO] No sources to compile
[INFO] 
[INFO] --- maven-compiler-plugin:3.8.1:testCompile (groovy-tests) @ nifi-kerberos-user-service-api ---
[INFO] No sources to compile
[INFO] 
[INFO] --- maven-surefire-plugin:3.0.0-M8-SNAPSHOT:test (default-test) @ nifi-kerberos-user-service-api ---
[INFO] Tests are skipped.
[INFO] 
[INFO] --- maven-jar-plugin:3.2.0:jar (default-jar) @ nifi-kerberos-user-service-api ---
[INFO] Building jar: /home/srafi/after-cam-ready/compare_/compile_repair_output/work/a1b954f3eb4f/nifi-nar-bundles/nifi-standard-services/nifi-kerberos-user-service-api/target/nifi-kerberos-user-service-api-1.15.0-SNAPSHOT.jar
[INFO] 
[INFO] --- maven-site-plugin:3.7.1:attach-descriptor (attach-descriptor) @ nifi-kerberos-user-service-api ---
[INFO] Skipping because packaging 'jar' is not pom.
[INFO] 
[INFO] --- maven-install-plugin:2.5.2:install (default-install) @ nifi-kerberos-user-service-api ---
[INFO] Installing /home/srafi/after-cam-ready/compare_/compile_repair_output/work/a1b954f3eb4f/nifi-nar-bundles/nifi-standard-services/nifi-kerberos-user-service-api/target/nifi-kerberos-user-service-api-1.15.0-SNAPSHOT.jar to /home/srafi/.m2/repository/org/apache/nifi/nifi-kerberos-user-service-api/1.15.0-SNAPSHOT/nifi-kerberos-user-service-api-1.15.0-SNAPSHOT.jar
[INFO] Installing /home/srafi/after-cam-ready/compare_/compile_repair_output/work/a1b954f3eb4f/nifi-nar-bundles/nifi-standard-services/nifi-kerberos-user-service-api/pom.xml to /home/srafi/.m2/repository/org/apache/nifi/nifi-kerberos-user-service-api/1.15.0-SNAPSHOT/nifi-kerberos-user-service-api-1.15.0-SNAPSHOT.pom
[INFO] 
[INFO] -----< org.apache.nifi:nifi-distributed-cache-client-service-api >------
[INFO] Building nifi-distributed-cache-client-service-api 1.15.0-SNAPSHOT [43/57]
[INFO] --------------------------------[ jar ]---------------------------------
[INFO] 
[INFO] --- maven-clean-plugin:3.1.0:clean (default-clean) @ nifi-distributed-cache-client-service-api ---
[INFO] 
[INFO] --- buildnumber-maven-plugin:1.4:create (default) @ nifi-distributed-cache-client-service-api ---
[INFO] 
[INFO] --- maven-remote-resources-plugin:1.7.0:process (process-resource-bundles) @ nifi-distributed-cache-client-service-api ---
[INFO] Preparing remote bundle org.apache:apache-jar-resource-bundle:1.4
[INFO] Copying 3 resources from 1 bundle.
[INFO] 
[INFO] --- maven-resources-plugin:3.1.0:resources (default-resources) @ nifi-distributed-cache-client-service-api ---
[INFO] Using 'UTF-8' encoding to copy filtered resources.
[INFO] skip non existing resourceDirectory /home/srafi/after-cam-ready/compare_/compile_repair_output/work/a1b954f3eb4f/nifi-nar-bundles/nifi-standard-services/nifi-distributed-cache-client-service-api/src/main/resources
[INFO] Copying 3 resources
[INFO] 
[INFO] --- maven-compiler-plugin:3.8.1:compile (default-compile) @ nifi-distributed-cache-client-service-api ---
[INFO] Changes detected - recompiling the module!
[INFO] Compiling 8 source files to /home/srafi/after-cam-ready/compare_/compile_repair_output/work/a1b954f3eb4f/nifi-nar-bundles/nifi-standard-services/nifi-distributed-cache-client-service-api/target/classes
[INFO] 
[INFO] --- maven-resources-plugin:3.1.0:testResources (default-testResources) @ nifi-distributed-cache-client-service-api ---
[INFO] Using 'UTF-8' encoding to copy filtered resources.
[INFO] skip non existing resourceDirectory /home/srafi/after-cam-ready/compare_/compile_repair_output/work/a1b954f3eb4f/nifi-nar-bundles/nifi-standard-services/nifi-distributed-cache-client-service-api/src/test/resources
[INFO] Copying 3 resources
[INFO] 
[INFO] --- maven-compiler-plugin:3.8.1:testCompile (default-testCompile) @ nifi-distributed-cache-client-service-api ---
[INFO] No sources to compile
[INFO] 
[INFO] --- maven-compiler-plugin:3.8.1:testCompile (groovy-tests) @ nifi-distributed-cache-client-service-api ---
[INFO] No sources to compile
[INFO] 
[INFO] --- maven-surefire-plugin:3.0.0-M8-SNAPSHOT:test (default-test) @ nifi-distributed-cache-client-service-api ---
[INFO] Tests are skipped.
[INFO] 
[INFO] --- maven-jar-plugin:3.2.0:jar (default-jar) @ nifi-distributed-cache-client-service-api ---
[INFO] Building jar: /home/srafi/after-cam-ready/compare_/compile_repair_output/work/a1b954f3eb4f/nifi-nar-bundles/nifi-standard-services/nifi-distributed-cache-client-service-api/target/nifi-distributed-cache-client-service-api-1.15.0-SNAPSHOT.jar
[INFO] 
[INFO] --- maven-site-plugin:3.7.1:attach-descriptor (attach-descriptor) @ nifi-distributed-cache-client-service-api ---
[INFO] Skipping because packaging 'jar' is not pom.
[INFO] 
[INFO] --- maven-install-plugin:2.5.2:install (default-install) @ nifi-distributed-cache-client-service-api ---
[INFO] Installing /home/srafi/after-cam-ready/compare_/compile_repair_output/work/a1b954f3eb4f/nifi-nar-bundles/nifi-standard-services/nifi-distributed-cache-client-service-api/target/nifi-distributed-cache-client-service-api-1.15.0-SNAPSHOT.jar to /home/srafi/.m2/repository/org/apache/nifi/nifi-distributed-cache-client-service-api/1.15.0-SNAPSHOT/nifi-distributed-cache-client-service-api-1.15.0-SNAPSHOT.jar
[INFO] Installing /home/srafi/after-cam-ready/compare_/compile_repair_output/work/a1b954f3eb4f/nifi-nar-bundles/nifi-standard-services/nifi-distributed-cache-client-service-api/pom.xml to /home/srafi/.m2/repository/org/apache/nifi/nifi-distributed-cache-client-service-api/1.15.0-SNAPSHOT/nifi-distributed-cache-client-service-api-1.15.0-SNAPSHOT.pom
[INFO] 
[INFO] -------< org.apache.nifi:nifi-record-serialization-service-api >--------
[INFO] Building nifi-record-serialization-service-api 1.15.0-SNAPSHOT   [44/57]
[INFO] --------------------------------[ jar ]---------------------------------
[INFO] 
[INFO] --- maven-clean-plugin:3.1.0:clean (default-clean) @ nifi-record-serialization-service-api ---
[INFO] 
[INFO] --- buildnumber-maven-plugin:1.4:create (default) @ nifi-record-serialization-service-api ---
[INFO] 
[INFO] --- maven-remote-resources-plugin:1.7.0:process (process-resource-bundles) @ nifi-record-serialization-service-api ---
[INFO] Preparing remote bundle org.apache:apache-jar-resource-bundle:1.4
[INFO] Copying 3 resources from 1 bundle.
[INFO] 
[INFO] --- maven-resources-plugin:3.1.0:resources (default-resources) @ nifi-record-serialization-service-api ---
[INFO] Using 'UTF-8' encoding to copy filtered resources.
[INFO] skip non existing resourceDirectory /home/srafi/after-cam-ready/compare_/compile_repair_output/work/a1b954f3eb4f/nifi-nar-bundles/nifi-standard-services/nifi-record-serialization-service-api/src/main/resources
[INFO] Copying 3 resources
[INFO] 
[INFO] --- maven-compiler-plugin:3.8.1:compile (default-compile) @ nifi-record-serialization-service-api ---
[INFO] Changes detected - recompiling the module!
[INFO] Compiling 3 source files to /home/srafi/after-cam-ready/compare_/compile_repair_output/work/a1b954f3eb4f/nifi-nar-bundles/nifi-standard-services/nifi-record-serialization-service-api/target/classes
[INFO] 
[INFO] --- maven-resources-plugin:3.1.0:testResources (default-testResources) @ nifi-record-serialization-service-api ---
[INFO] Using 'UTF-8' encoding to copy filtered resources.
[INFO] skip non existing resourceDirectory /home/srafi/after-cam-ready/compare_/compile_repair_output/work/a1b954f3eb4f/nifi-nar-bundles/nifi-standard-services/nifi-record-serialization-service-api/src/test/resources
[INFO] Copying 3 resources
[INFO] 
[INFO] --- maven-compiler-plugin:3.8.1:testCompile (default-testCompile) @ nifi-record-serialization-service-api ---
[INFO] No sources to compile
[INFO] 
[INFO] --- maven-compiler-plugin:3.8.1:testCompile (groovy-tests) @ nifi-record-serialization-service-api ---
[INFO] No sources to compile
[INFO] 
[INFO] --- maven-surefire-plugin:3.0.0-M8-SNAPSHOT:test (default-test) @ nifi-record-serialization-service-api ---
[INFO] Tests are skipped.
[INFO] 
[INFO] --- maven-jar-plugin:3.2.0:jar (default-jar) @ nifi-record-serialization-service-api ---
[INFO] Building jar: /home/srafi/after-cam-ready/compare_/compile_repair_output/work/a1b954f3eb4f/nifi-nar-bundles/nifi-standard-services/nifi-record-serialization-service-api/target/nifi-record-serialization-service-api-1.15.0-SNAPSHOT.jar
[INFO] 
[INFO] --- maven-site-plugin:3.7.1:attach-descriptor (attach-descriptor) @ nifi-record-serialization-service-api ---
[INFO] Skipping because packaging 'jar' is not pom.
[INFO] 
[INFO] --- maven-install-plugin:2.5.2:install (default-install) @ nifi-record-serialization-service-api ---
[INFO] Installing /home/srafi/after-cam-ready/compare_/compile_repair_output/work/a1b954f3eb4f/nifi-nar-bundles/nifi-standard-services/nifi-record-serialization-service-api/target/nifi-record-serialization-service-api-1.15.0-SNAPSHOT.jar to /home/srafi/.m2/repository/org/apache/nifi/nifi-record-serialization-service-api/1.15.0-SNAPSHOT/nifi-record-serialization-service-api-1.15.0-SNAPSHOT.jar
[INFO] Installing /home/srafi/after-cam-ready/compare_/compile_repair_output/work/a1b954f3eb4f/nifi-nar-bundles/nifi-standard-services/nifi-record-serialization-service-api/pom.xml to /home/srafi/.m2/repository/org/apache/nifi/nifi-record-serialization-service-api/1.15.0-SNAPSHOT/nifi-record-serialization-service-api-1.15.0-SNAPSHOT.pom
[INFO] 
[INFO] ------------< org.apache.nifi:nifi-ssl-context-service-api >------------
[INFO] Building nifi-ssl-context-service-api 1.15.0-SNAPSHOT            [45/57]
[INFO] --------------------------------[ jar ]---------------------------------
[INFO] 
[INFO] --- maven-clean-plugin:3.1.0:clean (default-clean) @ nifi-ssl-context-service-api ---
[INFO] 
[INFO] --- buildnumber-maven-plugin:1.4:create (default) @ nifi-ssl-context-service-api ---
[INFO] 
[INFO] --- maven-remote-resources-plugin:1.7.0:process (process-resource-bundles) @ nifi-ssl-context-service-api ---
[INFO] Preparing remote bundle org.apache:apache-jar-resource-bundle:1.4
[INFO] Copying 3 resources from 1 bundle.
[INFO] 
[INFO] --- maven-resources-plugin:3.1.0:resources (default-resources) @ nifi-ssl-context-service-api ---
[INFO] Using 'UTF-8' encoding to copy filtered resources.
[INFO] skip non existing resourceDirectory /home/srafi/after-cam-ready/compare_/compile_repair_output/work/a1b954f3eb4f/nifi-nar-bundles/nifi-standard-services/nifi-ssl-context-service-api/src/main/resources
[INFO] Copying 3 resources
[INFO] 
[INFO] --- maven-compiler-plugin:3.8.1:compile (default-compile) @ nifi-ssl-context-service-api ---
[INFO] Changes detected - recompiling the module!
[INFO] Compiling 2 source files to /home/srafi/after-cam-ready/compare_/compile_repair_output/work/a1b954f3eb4f/nifi-nar-bundles/nifi-standard-services/nifi-ssl-context-service-api/target/classes
[INFO] 
[INFO] --- maven-resources-plugin:3.1.0:testResources (default-testResources) @ nifi-ssl-context-service-api ---
[INFO] Using 'UTF-8' encoding to copy filtered resources.
[INFO] skip non existing resourceDirectory /home/srafi/after-cam-ready/compare_/compile_repair_output/work/a1b954f3eb4f/nifi-nar-bundles/nifi-standard-services/nifi-ssl-context-service-api/src/test/resources
[INFO] Copying 3 resources
[INFO] 
[INFO] --- maven-compiler-plugin:3.8.1:testCompile (default-testCompile) @ nifi-ssl-context-service-api ---
[INFO] No sources to compile
[INFO] 
[INFO] --- maven-compiler-plugin:3.8.1:testCompile (groovy-tests) @ nifi-ssl-context-service-api ---
[INFO] No sources to compile
[INFO] 
[INFO] --- maven-surefire-plugin:3.0.0-M8-SNAPSHOT:test (default-test) @ nifi-ssl-context-service-api ---
[INFO] Tests are skipped.
[INFO] 
[INFO] --- maven-jar-plugin:3.2.0:jar (default-jar) @ nifi-ssl-context-service-api ---
[INFO] Building jar: /home/srafi/after-cam-ready/compare_/compile_repair_output/work/a1b954f3eb4f/nifi-nar-bundles/nifi-standard-services/nifi-ssl-context-service-api/target/nifi-ssl-context-service-api-1.15.0-SNAPSHOT.jar
[INFO] 
[INFO] --- maven-site-plugin:3.7.1:attach-descriptor (attach-descriptor) @ nifi-ssl-context-service-api ---
[INFO] Skipping because packaging 'jar' is not pom.
[INFO] 
[INFO] --- maven-install-plugin:2.5.2:install (default-install) @ nifi-ssl-context-service-api ---
[INFO] Installing /home/srafi/after-cam-ready/compare_/compile_repair_output/work/a1b954f3eb4f/nifi-nar-bundles/nifi-standard-services/nifi-ssl-context-service-api/target/nifi-ssl-context-service-api-1.15.0-SNAPSHOT.jar to /home/srafi/.m2/repository/org/apache/nifi/nifi-ssl-context-service-api/1.15.0-SNAPSHOT/nifi-ssl-context-service-api-1.15.0-SNAPSHOT.jar
[INFO] Installing /home/srafi/after-cam-ready/compare_/compile_repair_output/work/a1b954f3eb4f/nifi-nar-bundles/nifi-standard-services/nifi-ssl-context-service-api/pom.xml to /home/srafi/.m2/repository/org/apache/nifi/nifi-ssl-context-service-api/1.15.0-SNAPSHOT/nifi-ssl-context-service-api-1.15.0-SNAPSHOT.pom
[INFO] 
[INFO] ----------< org.apache.nifi:nifi-schema-registry-service-api >----------
[INFO] Building nifi-schema-registry-service-api 1.15.0-SNAPSHOT        [46/57]
[INFO] --------------------------------[ jar ]---------------------------------
[INFO] 
[INFO] --- maven-clean-plugin:3.1.0:clean (default-clean) @ nifi-schema-registry-service-api ---
[INFO] 
[INFO] --- buildnumber-maven-plugin:1.4:create (default) @ nifi-schema-registry-service-api ---
[INFO] 
[INFO] --- maven-remote-resources-plugin:1.7.0:process (process-resource-bundles) @ nifi-schema-registry-service-api ---
[INFO] Preparing remote bundle org.apache:apache-jar-resource-bundle:1.4
[INFO] Copying 3 resources from 1 bundle.
[INFO] 
[INFO] --- maven-resources-plugin:3.1.0:resources (default-resources) @ nifi-schema-registry-service-api ---
[INFO] Using 'UTF-8' encoding to copy filtered resources.
[INFO] skip non existing resourceDirectory /home/srafi/after-cam-ready/compare_/compile_repair_output/work/a1b954f3eb4f/nifi-nar-bundles/nifi-standard-services/nifi-schema-registry-service-api/src/main/resources
[INFO] Copying 3 resources
[INFO] 
[INFO] --- maven-compiler-plugin:3.8.1:compile (default-compile) @ nifi-schema-registry-service-api ---
[INFO] Changes detected - recompiling the module!
[INFO] Compiling 1 source file to /home/srafi/after-cam-ready/compare_/compile_repair_output/work/a1b954f3eb4f/nifi-nar-bundles/nifi-standard-services/nifi-schema-registry-service-api/target/classes
[INFO] 
[INFO] --- maven-resources-plugin:3.1.0:testResources (default-testResources) @ nifi-schema-registry-service-api ---
[INFO] Using 'UTF-8' encoding to copy filtered resources.
[INFO] skip non existing resourceDirectory /home/srafi/after-cam-ready/compare_/compile_repair_output/work/a1b954f3eb4f/nifi-nar-bundles/nifi-standard-services/nifi-schema-registry-service-api/src/test/resources
[INFO] Copying 3 resources
[INFO] 
[INFO] --- maven-compiler-plugin:3.8.1:testCompile (default-testCompile) @ nifi-schema-registry-service-api ---
[INFO] No sources to compile
[INFO] 
[INFO] --- maven-compiler-plugin:3.8.1:testCompile (groovy-tests) @ nifi-schema-registry-service-api ---
[INFO] No sources to compile
[INFO] 
[INFO] --- maven-surefire-plugin:3.0.0-M8-SNAPSHOT:test (default-test) @ nifi-schema-registry-service-api ---
[INFO] Tests are skipped.
[INFO] 
[INFO] --- maven-jar-plugin:3.2.0:jar (default-jar) @ nifi-schema-registry-service-api ---
[INFO] Building jar: /home/srafi/after-cam-ready/compare_/compile_repair_output/work/a1b954f3eb4f/nifi-nar-bundles/nifi-standard-services/nifi-schema-registry-service-api/target/nifi-schema-registry-service-api-1.15.0-SNAPSHOT.jar
[INFO] 
[INFO] --- maven-site-plugin:3.7.1:attach-descriptor (attach-descriptor) @ nifi-schema-registry-service-api ---
[INFO] Skipping because packaging 'jar' is not pom.
[INFO] 
[INFO] --- maven-install-plugin:2.5.2:install (default-install) @ nifi-schema-registry-service-api ---
[INFO] Installing /home/srafi/after-cam-ready/compare_/compile_repair_output/work/a1b954f3eb4f/nifi-nar-bundles/nifi-standard-services/nifi-schema-registry-service-api/target/nifi-schema-registry-service-api-1.15.0-SNAPSHOT.jar to /home/srafi/.m2/repository/org/apache/nifi/nifi-schema-registry-service-api/1.15.0-SNAPSHOT/nifi-schema-registry-service-api-1.15.0-SNAPSHOT.jar
[INFO] Installing /home/srafi/after-cam-ready/compare_/compile_repair_output/work/a1b954f3eb4f/nifi-nar-bundles/nifi-standard-services/nifi-schema-registry-service-api/pom.xml to /home/srafi/.m2/repository/org/apache/nifi/nifi-schema-registry-service-api/1.15.0-SNAPSHOT/nifi-schema-registry-service-api-1.15.0-SNAPSHOT.pom
[INFO] 
[INFO] -----------------< org.apache.nifi:nifi-record-utils >------------------
[INFO] Building nifi-record-utils 1.15.0-SNAPSHOT                       [47/57]
[INFO] --------------------------------[ pom ]---------------------------------
[INFO] 
[INFO] --- maven-clean-plugin:3.1.0:clean (default-clean) @ nifi-record-utils ---
[INFO] 
[INFO] --- buildnumber-maven-plugin:1.4:create (default) @ nifi-record-utils ---
[INFO] 
[INFO] --- maven-remote-resources-plugin:1.7.0:process (process-resource-bundles) @ nifi-record-utils ---
[INFO] Preparing remote bundle org.apache:apache-jar-resource-bundle:1.4
[INFO] Copying 3 resources from 1 bundle.
[INFO] 
[INFO] --- maven-compiler-plugin:3.8.1:testCompile (groovy-tests) @ nifi-record-utils ---
[INFO] No sources to compile
[INFO] 
[INFO] --- maven-site-plugin:3.7.1:attach-descriptor (attach-descriptor) @ nifi-record-utils ---
[INFO] No site descriptor found: nothing to attach.
[INFO] 
[INFO] --- maven-install-plugin:2.5.2:install (default-install) @ nifi-record-utils ---
[INFO] Installing /home/srafi/after-cam-ready/compare_/compile_repair_output/work/a1b954f3eb4f/nifi-nar-bundles/nifi-extension-utils/nifi-record-utils/pom.xml to /home/srafi/.m2/repository/org/apache/nifi/nifi-record-utils/1.15.0-SNAPSHOT/nifi-record-utils-1.15.0-SNAPSHOT.pom
[INFO] 
[INFO] -------------< org.apache.nifi:nifi-standard-record-utils >-------------
[INFO] Building nifi-standard-record-utils 1.15.0-SNAPSHOT              [48/57]
[INFO] --------------------------------[ jar ]---------------------------------
[INFO] 
[INFO] --- maven-clean-plugin:3.1.0:clean (default-clean) @ nifi-standard-record-utils ---
[INFO] 
[INFO] --- buildnumber-maven-plugin:1.4:create (default) @ nifi-standard-record-utils ---
[INFO] 
[INFO] --- maven-remote-resources-plugin:1.7.0:process (process-resource-bundles) @ nifi-standard-record-utils ---
[INFO] Preparing remote bundle org.apache:apache-jar-resource-bundle:1.4
[INFO] Copying 3 resources from 1 bundle.
[INFO] 
[INFO] --- maven-resources-plugin:3.1.0:resources (default-resources) @ nifi-standard-record-utils ---
[INFO] Using 'UTF-8' encoding to copy filtered resources.
[INFO] skip non existing resourceDirectory /home/srafi/after-cam-ready/compare_/compile_repair_output/work/a1b954f3eb4f/nifi-nar-bundles/nifi-extension-utils/nifi-record-utils/nifi-standard-record-utils/src/main/resources
[INFO] Copying 3 resources
[INFO] 
[INFO] --- maven-compiler-plugin:3.8.1:compile (default-compile) @ nifi-standard-record-utils ---
[INFO] Changes detected - recompiling the module!
[INFO] Compiling 28 source files to /home/srafi/after-cam-ready/compare_/compile_repair_output/work/a1b954f3eb4f/nifi-nar-bundles/nifi-extension-utils/nifi-record-utils/nifi-standard-record-utils/target/classes
[INFO] 
[INFO] --- maven-resources-plugin:3.1.0:testResources (default-testResources) @ nifi-standard-record-utils ---
[INFO] Using 'UTF-8' encoding to copy filtered resources.
[INFO] skip non existing resourceDirectory /home/srafi/after-cam-ready/compare_/compile_repair_output/work/a1b954f3eb4f/nifi-nar-bundles/nifi-extension-utils/nifi-record-utils/nifi-standard-record-utils/src/test/resources
[INFO] Copying 3 resources
[INFO] 
[INFO] --- maven-compiler-plugin:3.8.1:testCompile (default-testCompile) @ nifi-standard-record-utils ---
[INFO] Changes detected - recompiling the module!
[INFO] Compiling 12 source files to /home/srafi/after-cam-ready/compare_/compile_repair_output/work/a1b954f3eb4f/nifi-nar-bundles/nifi-extension-utils/nifi-record-utils/nifi-standard-record-utils/target/test-classes
[INFO] 
[INFO] --- maven-compiler-plugin:3.8.1:testCompile (groovy-tests) @ nifi-standard-record-utils ---
[INFO] Changes detected - recompiling the module!
[INFO] Nothing to compile - all classes are up to date
[INFO] 
[INFO] --- maven-surefire-plugin:3.0.0-M8-SNAPSHOT:test (default-test) @ nifi-standard-record-utils ---
[INFO] Tests are skipped.
[INFO] 
[INFO] --- maven-jar-plugin:3.2.0:jar (default-jar) @ nifi-standard-record-utils ---
[INFO] Building jar: /home/srafi/after-cam-ready/compare_/compile_repair_output/work/a1b954f3eb4f/nifi-nar-bundles/nifi-extension-utils/nifi-record-utils/nifi-standard-record-utils/target/nifi-standard-record-utils-1.15.0-SNAPSHOT.jar
[INFO] 
[INFO] --- maven-site-plugin:3.7.1:attach-descriptor (attach-descriptor) @ nifi-standard-record-utils ---
[INFO] Skipping because packaging 'jar' is not pom.
[INFO] 
[INFO] --- maven-install-plugin:2.5.2:install (default-install) @ nifi-standard-record-utils ---
[INFO] Installing /home/srafi/after-cam-ready/compare_/compile_repair_output/work/a1b954f3eb4f/nifi-nar-bundles/nifi-extension-utils/nifi-record-utils/nifi-standard-record-utils/target/nifi-standard-record-utils-1.15.0-SNAPSHOT.jar to /home/srafi/.m2/repository/org/apache/nifi/nifi-standard-record-utils/1.15.0-SNAPSHOT/nifi-standard-record-utils-1.15.0-SNAPSHOT.jar
[INFO] Installing /home/srafi/after-cam-ready/compare_/compile_repair_output/work/a1b954f3eb4f/nifi-nar-bundles/nifi-extension-utils/nifi-record-utils/nifi-standard-record-utils/pom.xml to /home/srafi/.m2/repository/org/apache/nifi/nifi-standard-record-utils/1.15.0-SNAPSHOT/nifi-standard-record-utils-1.15.0-SNAPSHOT.pom
[INFO] 
[INFO] ---------------< org.apache.nifi:nifi-avro-record-utils >---------------
[INFO] Building nifi-avro-record-utils 1.15.0-SNAPSHOT                  [49/57]
[INFO] --------------------------------[ jar ]---------------------------------
[INFO] 
[INFO] --- maven-clean-plugin:3.1.0:clean (default-clean) @ nifi-avro-record-utils ---
[INFO] 
[INFO] --- buildnumber-maven-plugin:1.4:create (default) @ nifi-avro-record-utils ---
[INFO] 
[INFO] --- maven-remote-resources-plugin:1.7.0:process (process-resource-bundles) @ nifi-avro-record-utils ---
[INFO] Preparing remote bundle org.apache:apache-jar-resource-bundle:1.4
[INFO] Copying 3 resources from 1 bundle.
[INFO] 
[INFO] --- maven-resources-plugin:3.1.0:resources (default-resources) @ nifi-avro-record-utils ---
[INFO] Using 'UTF-8' encoding to copy filtered resources.
[INFO] skip non existing resourceDirectory /home/srafi/after-cam-ready/compare_/compile_repair_output/work/a1b954f3eb4f/nifi-nar-bundles/nifi-extension-utils/nifi-record-utils/nifi-avro-record-utils/src/main/resources
[INFO] Copying 3 resources
[INFO] 
[INFO] --- maven-compiler-plugin:3.8.1:compile (default-compile) @ nifi-avro-record-utils ---
[INFO] Changes detected - recompiling the module!
[INFO] Compiling 9 source files to /home/srafi/after-cam-ready/compare_/compile_repair_output/work/a1b954f3eb4f/nifi-nar-bundles/nifi-extension-utils/nifi-record-utils/nifi-avro-record-utils/target/classes
[INFO] 
[INFO] --- maven-resources-plugin:3.1.0:testResources (default-testResources) @ nifi-avro-record-utils ---
[INFO] Using 'UTF-8' encoding to copy filtered resources.
[INFO] Copying 7 resources
[INFO] Copying 3 resources
[INFO] 
[INFO] --- maven-compiler-plugin:3.8.1:testCompile (default-testCompile) @ nifi-avro-record-utils ---
[INFO] Changes detected - recompiling the module!
[INFO] Compiling 2 source files to /home/srafi/after-cam-ready/compare_/compile_repair_output/work/a1b954f3eb4f/nifi-nar-bundles/nifi-extension-utils/nifi-record-utils/nifi-avro-record-utils/target/test-classes
[WARNING] /home/srafi/after-cam-ready/compare_/compile_repair_output/work/a1b954f3eb4f/nifi-nar-bundles/nifi-extension-utils/nifi-record-utils/nifi-avro-record-utils/src/test/java/org/apache/nifi/avro/TestAvroTypeUtil.java:[648,12] [deprecation] Field(String,Schema,String,JsonNode) in Field has been deprecated
[INFO] 
[INFO] --- maven-compiler-plugin:3.8.1:testCompile (groovy-tests) @ nifi-avro-record-utils ---
[INFO] Changes detected - recompiling the module!
[INFO] Using Groovy-Eclipse compiler to compile both Java and Groovy files
[INFO] Compiling in a forked process using /home/srafi/.m2/repository/org/codehaus/groovy/groovy-eclipse-batch/2.5.14-01/groovy-eclipse-batch-2.5.14-01.jar
[INFO] 
[INFO] --- maven-surefire-plugin:3.0.0-M8-SNAPSHOT:test (default-test) @ nifi-avro-record-utils ---
[INFO] Tests are skipped.
[INFO] 
[INFO] --- maven-jar-plugin:3.2.0:jar (default-jar) @ nifi-avro-record-utils ---
[INFO] Building jar: /home/srafi/after-cam-ready/compare_/compile_repair_output/work/a1b954f3eb4f/nifi-nar-bundles/nifi-extension-utils/nifi-record-utils/nifi-avro-record-utils/target/nifi-avro-record-utils-1.15.0-SNAPSHOT.jar
[INFO] 
[INFO] --- maven-site-plugin:3.7.1:attach-descriptor (attach-descriptor) @ nifi-avro-record-utils ---
[INFO] Skipping because packaging 'jar' is not pom.
[INFO] 
[INFO] --- maven-install-plugin:2.5.2:install (default-install) @ nifi-avro-record-utils ---
[INFO] Installing /home/srafi/after-cam-ready/compare_/compile_repair_output/work/a1b954f3eb4f/nifi-nar-bundles/nifi-extension-utils/nifi-record-utils/nifi-avro-record-utils/target/nifi-avro-record-utils-1.15.0-SNAPSHOT.jar to /home/srafi/.m2/repository/org/apache/nifi/nifi-avro-record-utils/1.15.0-SNAPSHOT/nifi-avro-record-utils-1.15.0-SNAPSHOT.jar
[INFO] Installing /home/srafi/after-cam-ready/compare_/compile_repair_output/work/a1b954f3eb4f/nifi-nar-bundles/nifi-extension-utils/nifi-record-utils/nifi-avro-record-utils/pom.xml to /home/srafi/.m2/repository/org/apache/nifi/nifi-avro-record-utils/1.15.0-SNAPSHOT/nifi-avro-record-utils-1.15.0-SNAPSHOT.pom
[INFO] 
[INFO] ---------------< org.apache.nifi:nifi-mock-record-utils >---------------
[INFO] Building nifi-mock-record-utils 1.15.0-SNAPSHOT                  [50/57]
[INFO] --------------------------------[ jar ]---------------------------------
[INFO] 
[INFO] --- maven-clean-plugin:3.1.0:clean (default-clean) @ nifi-mock-record-utils ---
[INFO] 
[INFO] --- buildnumber-maven-plugin:1.4:create (default) @ nifi-mock-record-utils ---
[INFO] 
[INFO] --- build-helper-maven-plugin:1.5:add-source (add-source) @ nifi-mock-record-utils ---
[INFO] Source directory: /home/srafi/after-cam-ready/compare_/compile_repair_output/work/a1b954f3eb4f/nifi-nar-bundles/nifi-extension-utils/nifi-record-utils/nifi-mock-record-utils/src/main/groovy added.
[INFO] 
[INFO] --- maven-remote-resources-plugin:1.7.0:process (process-resource-bundles) @ nifi-mock-record-utils ---
[INFO] Preparing remote bundle org.apache:apache-jar-resource-bundle:1.4
[INFO] Copying 3 resources from 1 bundle.
[INFO] 
[INFO] --- maven-resources-plugin:3.1.0:resources (default-resources) @ nifi-mock-record-utils ---
[INFO] Using 'UTF-8' encoding to copy filtered resources.
[INFO] skip non existing resourceDirectory /home/srafi/after-cam-ready/compare_/compile_repair_output/work/a1b954f3eb4f/nifi-nar-bundles/nifi-extension-utils/nifi-record-utils/nifi-mock-record-utils/src/main/resources
[INFO] Copying 3 resources
[INFO] 
[INFO] --- maven-compiler-plugin:3.8.1:compile (default-compile) @ nifi-mock-record-utils ---
[INFO] Changes detected - recompiling the module!
[INFO] Compiling 7 source files to /home/srafi/after-cam-ready/compare_/compile_repair_output/work/a1b954f3eb4f/nifi-nar-bundles/nifi-extension-utils/nifi-record-utils/nifi-mock-record-utils/target/classes
[INFO] 
[INFO] --- build-helper-maven-plugin:1.5:add-test-source (add-test-source) @ nifi-mock-record-utils ---
[INFO] Test Source directory: /home/srafi/after-cam-ready/compare_/compile_repair_output/work/a1b954f3eb4f/nifi-nar-bundles/nifi-extension-utils/nifi-record-utils/nifi-mock-record-utils/src/test/groovy added.
[INFO] 
[INFO] --- maven-resources-plugin:3.1.0:testResources (default-testResources) @ nifi-mock-record-utils ---
[INFO] Using 'UTF-8' encoding to copy filtered resources.
[INFO] skip non existing resourceDirectory /home/srafi/after-cam-ready/compare_/compile_repair_output/work/a1b954f3eb4f/nifi-nar-bundles/nifi-extension-utils/nifi-record-utils/nifi-mock-record-utils/src/test/resources
[INFO] Copying 3 resources
[INFO] 
[INFO] --- maven-compiler-plugin:3.8.1:testCompile (default-testCompile) @ nifi-mock-record-utils ---
[INFO] Changes detected - recompiling the module!
[INFO] 
[INFO] --- maven-compiler-plugin:3.8.1:testCompile (groovy-tests) @ nifi-mock-record-utils ---
[INFO] Changes detected - recompiling the module!
[INFO] Using Groovy-Eclipse compiler to compile both Java and Groovy files
[INFO] Compiling in a forked process using /home/srafi/.m2/repository/org/codehaus/groovy/groovy-eclipse-batch/2.5.14-01/groovy-eclipse-batch-2.5.14-01.jar
[INFO] 
[INFO] --- maven-surefire-plugin:3.0.0-M8-SNAPSHOT:test (default-test) @ nifi-mock-record-utils ---
[INFO] Tests are skipped.
[INFO] 
[INFO] --- maven-jar-plugin:3.2.0:jar (default-jar) @ nifi-mock-record-utils ---
[INFO] Building jar: /home/srafi/after-cam-ready/compare_/compile_repair_output/work/a1b954f3eb4f/nifi-nar-bundles/nifi-extension-utils/nifi-record-utils/nifi-mock-record-utils/target/nifi-mock-record-utils-1.15.0-SNAPSHOT.jar
[INFO] 
[INFO] --- maven-site-plugin:3.7.1:attach-descriptor (attach-descriptor) @ nifi-mock-record-utils ---
[INFO] Skipping because packaging 'jar' is not pom.
[INFO] 
[INFO] --- maven-install-plugin:2.5.2:install (default-install) @ nifi-mock-record-utils ---
[INFO] Installing /home/srafi/after-cam-ready/compare_/compile_repair_output/work/a1b954f3eb4f/nifi-nar-bundles/nifi-extension-utils/nifi-record-utils/nifi-mock-record-utils/target/nifi-mock-record-utils-1.15.0-SNAPSHOT.jar to /home/srafi/.m2/repository/org/apache/nifi/nifi-mock-record-utils/1.15.0-SNAPSHOT/nifi-mock-record-utils-1.15.0-SNAPSHOT.jar
[INFO] Installing /home/srafi/after-cam-ready/compare_/compile_repair_output/work/a1b954f3eb4f/nifi-nar-bundles/nifi-extension-utils/nifi-record-utils/nifi-mock-record-utils/pom.xml to /home/srafi/.m2/repository/org/apache/nifi/nifi-mock-record-utils/1.15.0-SNAPSHOT/nifi-mock-record-utils-1.15.0-SNAPSHOT.pom
[INFO] 
[INFO] ----------------< org.apache.nifi:nifi-event-transport >----------------
[INFO] Building nifi-event-transport 1.15.0-SNAPSHOT                    [51/57]
[INFO] --------------------------------[ jar ]---------------------------------
[INFO] 
[INFO] --- maven-clean-plugin:3.1.0:clean (default-clean) @ nifi-event-transport ---
[INFO] 
[INFO] --- buildnumber-maven-plugin:1.4:create (default) @ nifi-event-transport ---
[INFO] 
[INFO] --- maven-remote-resources-plugin:1.7.0:process (process-resource-bundles) @ nifi-event-transport ---
[INFO] Preparing remote bundle org.apache:apache-jar-resource-bundle:1.4
[INFO] Copying 3 resources from 1 bundle.
[INFO] 
[INFO] --- maven-resources-plugin:3.1.0:resources (default-resources) @ nifi-event-transport ---
[INFO] Using 'UTF-8' encoding to copy filtered resources.
[INFO] skip non existing resourceDirectory /home/srafi/after-cam-ready/compare_/compile_repair_output/work/a1b954f3eb4f/nifi-nar-bundles/nifi-extension-utils/nifi-event-transport/src/main/resources
[INFO] Copying 3 resources
[INFO] 
[INFO] --- maven-compiler-plugin:3.8.1:compile (default-compile) @ nifi-event-transport ---
[INFO] Changes detected - recompiling the module!
[INFO] Compiling 30 source files to /home/srafi/after-cam-ready/compare_/compile_repair_output/work/a1b954f3eb4f/nifi-nar-bundles/nifi-extension-utils/nifi-event-transport/target/classes
[INFO] 
[INFO] --- maven-resources-plugin:3.1.0:testResources (default-testResources) @ nifi-event-transport ---
[INFO] Using 'UTF-8' encoding to copy filtered resources.
[INFO] skip non existing resourceDirectory /home/srafi/after-cam-ready/compare_/compile_repair_output/work/a1b954f3eb4f/nifi-nar-bundles/nifi-extension-utils/nifi-event-transport/src/test/resources
[INFO] Copying 3 resources
[INFO] 
[INFO] --- maven-compiler-plugin:3.8.1:testCompile (default-testCompile) @ nifi-event-transport ---
[INFO] Changes detected - recompiling the module!
[INFO] Compiling 4 source files to /home/srafi/after-cam-ready/compare_/compile_repair_output/work/a1b954f3eb4f/nifi-nar-bundles/nifi-extension-utils/nifi-event-transport/target/test-classes
[INFO] 
[INFO] --- maven-compiler-plugin:3.8.1:testCompile (groovy-tests) @ nifi-event-transport ---
[INFO] Changes detected - recompiling the module!
[INFO] Nothing to compile - all classes are up to date
[INFO] 
[INFO] --- maven-surefire-plugin:3.0.0-M8-SNAPSHOT:test (default-test) @ nifi-event-transport ---
[INFO] Tests are skipped.
[INFO] 
[INFO] --- maven-jar-plugin:3.2.0:jar (default-jar) @ nifi-event-transport ---
[INFO] Building jar: /home/srafi/after-cam-ready/compare_/compile_repair_output/work/a1b954f3eb4f/nifi-nar-bundles/nifi-extension-utils/nifi-event-transport/target/nifi-event-transport-1.15.0-SNAPSHOT.jar
[INFO] 
[INFO] --- maven-site-plugin:3.7.1:attach-descriptor (attach-descriptor) @ nifi-event-transport ---
[INFO] Skipping because packaging 'jar' is not pom.
[INFO] 
[INFO] --- maven-install-plugin:2.5.2:install (default-install) @ nifi-event-transport ---
[INFO] Installing /home/srafi/after-cam-ready/compare_/compile_repair_output/work/a1b954f3eb4f/nifi-nar-bundles/nifi-extension-utils/nifi-event-transport/target/nifi-event-transport-1.15.0-SNAPSHOT.jar to /home/srafi/.m2/repository/org/apache/nifi/nifi-event-transport/1.15.0-SNAPSHOT/nifi-event-transport-1.15.0-SNAPSHOT.jar
[INFO] Installing /home/srafi/after-cam-ready/compare_/compile_repair_output/work/a1b954f3eb4f/nifi-nar-bundles/nifi-extension-utils/nifi-event-transport/pom.xml to /home/srafi/.m2/repository/org/apache/nifi/nifi-event-transport/1.15.0-SNAPSHOT/nifi-event-transport-1.15.0-SNAPSHOT.pom
[INFO] 
[INFO] ----------------< org.apache.nifi:nifi-processor-utils >----------------
[INFO] Building nifi-processor-utils 1.15.0-SNAPSHOT                    [52/57]
[INFO] --------------------------------[ jar ]---------------------------------
[INFO] 
[INFO] --- maven-clean-plugin:3.1.0:clean (default-clean) @ nifi-processor-utils ---
[INFO] 
[INFO] --- buildnumber-maven-plugin:1.4:create (default) @ nifi-processor-utils ---
[INFO] 
[INFO] --- maven-remote-resources-plugin:1.7.0:process (process-resource-bundles) @ nifi-processor-utils ---
[INFO] Preparing remote bundle org.apache:apache-jar-resource-bundle:1.4
[INFO] Copying 3 resources from 1 bundle.
[INFO] 
[INFO] --- maven-resources-plugin:3.1.0:resources (default-resources) @ nifi-processor-utils ---
[INFO] Using 'UTF-8' encoding to copy filtered resources.
[INFO] skip non existing resourceDirectory /home/srafi/after-cam-ready/compare_/compile_repair_output/work/a1b954f3eb4f/nifi-nar-bundles/nifi-extension-utils/nifi-processor-utils/src/main/resources
[INFO] Copying 3 resources
[INFO] 
[INFO] --- maven-compiler-plugin:3.8.1:compile (default-compile) @ nifi-processor-utils ---
[INFO] Changes detected - recompiling the module!
[INFO] Compiling 51 source files to /home/srafi/after-cam-ready/compare_/compile_repair_output/work/a1b954f3eb4f/nifi-nar-bundles/nifi-extension-utils/nifi-processor-utils/target/classes
[INFO] 
[INFO] --- maven-resources-plugin:3.1.0:testResources (default-testResources) @ nifi-processor-utils ---
[INFO] Using 'UTF-8' encoding to copy filtered resources.
[INFO] skip non existing resourceDirectory /home/srafi/after-cam-ready/compare_/compile_repair_output/work/a1b954f3eb4f/nifi-nar-bundles/nifi-extension-utils/nifi-processor-utils/src/test/resources
[INFO] Copying 3 resources
[INFO] 
[INFO] --- maven-compiler-plugin:3.8.1:testCompile (default-testCompile) @ nifi-processor-utils ---
[INFO] Changes detected - recompiling the module!
[INFO] Compiling 5 source files to /home/srafi/after-cam-ready/compare_/compile_repair_output/work/a1b954f3eb4f/nifi-nar-bundles/nifi-extension-utils/nifi-processor-utils/target/test-classes
[INFO] 
[INFO] --- maven-compiler-plugin:3.8.1:testCompile (groovy-tests) @ nifi-processor-utils ---
[INFO] Changes detected - recompiling the module!
[INFO] Nothing to compile - all classes are up to date
[INFO] 
[INFO] --- maven-surefire-plugin:3.0.0-M8-SNAPSHOT:test (default-test) @ nifi-processor-utils ---
[INFO] Tests are skipped.
[INFO] 
[INFO] --- maven-jar-plugin:3.2.0:jar (default-jar) @ nifi-processor-utils ---
[INFO] Building jar: /home/srafi/after-cam-ready/compare_/compile_repair_output/work/a1b954f3eb4f/nifi-nar-bundles/nifi-extension-utils/nifi-processor-utils/target/nifi-processor-utils-1.15.0-SNAPSHOT.jar
[INFO] 
[INFO] --- maven-site-plugin:3.7.1:attach-descriptor (attach-descriptor) @ nifi-processor-utils ---
[INFO] Skipping because packaging 'jar' is not pom.
[INFO] 
[INFO] --- maven-install-plugin:2.5.2:install (default-install) @ nifi-processor-utils ---
[INFO] Installing /home/srafi/after-cam-ready/compare_/compile_repair_output/work/a1b954f3eb4f/nifi-nar-bundles/nifi-extension-utils/nifi-processor-utils/target/nifi-processor-utils-1.15.0-SNAPSHOT.jar to /home/srafi/.m2/repository/org/apache/nifi/nifi-processor-utils/1.15.0-SNAPSHOT/nifi-processor-utils-1.15.0-SNAPSHOT.jar
[INFO] Installing /home/srafi/after-cam-ready/compare_/compile_repair_output/work/a1b954f3eb4f/nifi-nar-bundles/nifi-extension-utils/nifi-processor-utils/pom.xml to /home/srafi/.m2/repository/org/apache/nifi/nifi-processor-utils/1.15.0-SNAPSHOT/nifi-processor-utils-1.15.0-SNAPSHOT.pom
[INFO] 
[INFO] -----------------< org.apache.nifi:nifi-syslog-utils >------------------
[INFO] Building nifi-syslog-utils 1.15.0-SNAPSHOT                       [53/57]
[INFO] --------------------------------[ jar ]---------------------------------
[INFO] Downloading from central: https://repo1.maven.org/maven2/com/github/palindromicity/simple-syslog-5424/0.0.16/simple-syslog-5424-0.0.16.pom
[INFO] Downloaded from central: https://repo1.maven.org/maven2/com/github/palindromicity/simple-syslog-5424/0.0.16/simple-syslog-5424-0.0.16.pom (6.6 kB at 60 kB/s)
[INFO] Downloading from central: https://repo1.maven.org/maven2/com/github/palindromicity/simple-syslog-5424/0.0.16/simple-syslog-5424-0.0.16.jar
[INFO] Downloaded from central: https://repo1.maven.org/maven2/com/github/palindromicity/simple-syslog-5424/0.0.16/simple-syslog-5424-0.0.16.jar (145 kB at 2.5 MB/s)
[INFO] 
[INFO] --- maven-clean-plugin:3.1.0:clean (default-clean) @ nifi-syslog-utils ---
[INFO] 
[INFO] --- buildnumber-maven-plugin:1.4:create (default) @ nifi-syslog-utils ---
[INFO] 
[INFO] --- maven-remote-resources-plugin:1.7.0:process (process-resource-bundles) @ nifi-syslog-utils ---
[INFO] Preparing remote bundle org.apache:apache-jar-resource-bundle:1.4
[INFO] Copying 3 resources from 1 bundle.
[INFO] 
[INFO] --- maven-resources-plugin:3.1.0:resources (default-resources) @ nifi-syslog-utils ---
[INFO] Using 'UTF-8' encoding to copy filtered resources.
[INFO] skip non existing resourceDirectory /home/srafi/after-cam-ready/compare_/compile_repair_output/work/a1b954f3eb4f/nifi-nar-bundles/nifi-extension-utils/nifi-syslog-utils/src/main/resources
[INFO] Copying 3 resources
[INFO] 
[INFO] --- maven-compiler-plugin:3.8.1:compile (default-compile) @ nifi-syslog-utils ---
[INFO] Changes detected - recompiling the module!
[INFO] Compiling 10 source files to /home/srafi/after-cam-ready/compare_/compile_repair_output/work/a1b954f3eb4f/nifi-nar-bundles/nifi-extension-utils/nifi-syslog-utils/target/classes
[INFO] 
[INFO] --- maven-resources-plugin:3.1.0:testResources (default-testResources) @ nifi-syslog-utils ---
[INFO] Using 'UTF-8' encoding to copy filtered resources.
[INFO] skip non existing resourceDirectory /home/srafi/after-cam-ready/compare_/compile_repair_output/work/a1b954f3eb4f/nifi-nar-bundles/nifi-extension-utils/nifi-syslog-utils/src/test/resources
[INFO] Copying 3 resources
[INFO] 
[INFO] --- maven-compiler-plugin:3.8.1:testCompile (default-testCompile) @ nifi-syslog-utils ---
[INFO] Changes detected - recompiling the module!
[INFO] Compiling 5 source files to /home/srafi/after-cam-ready/compare_/compile_repair_output/work/a1b954f3eb4f/nifi-nar-bundles/nifi-extension-utils/nifi-syslog-utils/target/test-classes
[INFO] 
[INFO] --- maven-compiler-plugin:3.8.1:testCompile (groovy-tests) @ nifi-syslog-utils ---
[INFO] Changes detected - recompiling the module!
[INFO] Nothing to compile - all classes are up to date
[INFO] 
[INFO] --- maven-surefire-plugin:3.0.0-M8-SNAPSHOT:test (default-test) @ nifi-syslog-utils ---
[INFO] Tests are skipped.
[INFO] 
[INFO] --- maven-jar-plugin:3.2.0:jar (default-jar) @ nifi-syslog-utils ---
[INFO] Building jar: /home/srafi/after-cam-ready/compare_/compile_repair_output/work/a1b954f3eb4f/nifi-nar-bundles/nifi-extension-utils/nifi-syslog-utils/target/nifi-syslog-utils-1.15.0-SNAPSHOT.jar
[INFO] 
[INFO] --- maven-site-plugin:3.7.1:attach-descriptor (attach-descriptor) @ nifi-syslog-utils ---
[INFO] Skipping because packaging 'jar' is not pom.
[INFO] 
[INFO] --- maven-install-plugin:2.5.2:install (default-install) @ nifi-syslog-utils ---
[INFO] Installing /home/srafi/after-cam-ready/compare_/compile_repair_output/work/a1b954f3eb4f/nifi-nar-bundles/nifi-extension-utils/nifi-syslog-utils/target/nifi-syslog-utils-1.15.0-SNAPSHOT.jar to /home/srafi/.m2/repository/org/apache/nifi/nifi-syslog-utils/1.15.0-SNAPSHOT/nifi-syslog-utils-1.15.0-SNAPSHOT.jar
[INFO] Installing /home/srafi/after-cam-ready/compare_/compile_repair_output/work/a1b954f3eb4f/nifi-nar-bundles/nifi-extension-utils/nifi-syslog-utils/pom.xml to /home/srafi/.m2/repository/org/apache/nifi/nifi-syslog-utils/1.15.0-SNAPSHOT/nifi-syslog-utils-1.15.0-SNAPSHOT.pom
[INFO] 
[INFO] -----< org.apache.nifi:nifi-record-serialization-services-bundle >------
[INFO] Building nifi-record-serialization-services-bundle 1.15.0-SNAPSHOT [54/57]
[INFO] --------------------------------[ pom ]---------------------------------
[INFO] 
[INFO] --- maven-clean-plugin:3.1.0:clean (default-clean) @ nifi-record-serialization-services-bundle ---
[INFO] 
[INFO] --- buildnumber-maven-plugin:1.4:create (default) @ nifi-record-serialization-services-bundle ---
[INFO] 
[INFO] --- maven-remote-resources-plugin:1.7.0:process (process-resource-bundles) @ nifi-record-serialization-services-bundle ---
[INFO] Preparing remote bundle org.apache:apache-jar-resource-bundle:1.4
[INFO] Copying 3 resources from 1 bundle.
[INFO] 
[INFO] --- maven-compiler-plugin:3.8.1:testCompile (groovy-tests) @ nifi-record-serialization-services-bundle ---
[INFO] No sources to compile
[INFO] 
[INFO] --- maven-site-plugin:3.7.1:attach-descriptor (attach-descriptor) @ nifi-record-serialization-services-bundle ---
[INFO] No site descriptor found: nothing to attach.
[INFO] 
[INFO] --- maven-install-plugin:2.5.2:install (default-install) @ nifi-record-serialization-services-bundle ---
[INFO] Installing /home/srafi/after-cam-ready/compare_/compile_repair_output/work/a1b954f3eb4f/nifi-nar-bundles/nifi-standard-services/nifi-record-serialization-services-bundle/pom.xml to /home/srafi/.m2/repository/org/apache/nifi/nifi-record-serialization-services-bundle/1.15.0-SNAPSHOT/nifi-record-serialization-services-bundle-1.15.0-SNAPSHOT.pom
[INFO] 
[INFO] ---------< org.apache.nifi:nifi-record-serialization-services >---------
[INFO] Building nifi-record-serialization-services 1.15.0-SNAPSHOT      [55/57]
[INFO] --------------------------------[ jar ]---------------------------------
[INFO] Downloading from central: https://repo1.maven.org/maven2/com/fasterxml/jackson/dataformat/jackson-dataformat-csv/2.12.3/jackson-dataformat-csv-2.12.3.pom
[INFO] Downloaded from central: https://repo1.maven.org/maven2/com/fasterxml/jackson/dataformat/jackson-dataformat-csv/2.12.3/jackson-dataformat-csv-2.12.3.pom (2.7 kB at 59 kB/s)
[INFO] Downloading from central: https://repo1.maven.org/maven2/com/fasterxml/jackson/dataformat/jackson-dataformats-text/2.12.3/jackson-dataformats-text-2.12.3.pom
[INFO] Downloaded from central: https://repo1.maven.org/maven2/com/fasterxml/jackson/dataformat/jackson-dataformats-text/2.12.3/jackson-dataformats-text-2.12.3.pom (3.3 kB at 74 kB/s)
[INFO] Downloading from central: https://repo1.maven.org/maven2/io/krakens/java-grok/0.1.9/java-grok-0.1.9.pom
[INFO] Downloaded from central: https://repo1.maven.org/maven2/io/krakens/java-grok/0.1.9/java-grok-0.1.9.pom (2.0 kB at 47 kB/s)
[INFO] Downloading from central: https://repo1.maven.org/maven2/net/java/dev/stax-utils/stax-utils/20070216/stax-utils-20070216.pom
[INFO] Downloaded from central: https://repo1.maven.org/maven2/net/java/dev/stax-utils/stax-utils/20070216/stax-utils-20070216.pom (1.2 kB at 27 kB/s)
[INFO] Downloading from central: https://repo1.maven.org/maven2/org/xmlunit/xmlunit-matchers/2.6.3/xmlunit-matchers-2.6.3.pom
[INFO] Downloaded from central: https://repo1.maven.org/maven2/org/xmlunit/xmlunit-matchers/2.6.3/xmlunit-matchers-2.6.3.pom (2.2 kB at 42 kB/s)
[INFO] Downloading from central: https://repo1.maven.org/maven2/org/xmlunit/xmlunit-parent/2.6.3/xmlunit-parent-2.6.3.pom
[INFO] Downloaded from central: https://repo1.maven.org/maven2/org/xmlunit/xmlunit-parent/2.6.3/xmlunit-parent-2.6.3.pom (18 kB at 394 kB/s)
[INFO] Downloading from central: https://repo1.maven.org/maven2/org/xmlunit/xmlunit-core/2.6.3/xmlunit-core-2.6.3.pom
[INFO] Downloaded from central: https://repo1.maven.org/maven2/org/xmlunit/xmlunit-core/2.6.3/xmlunit-core-2.6.3.pom (2.7 kB at 59 kB/s)
[INFO] Downloading from central: https://repo1.maven.org/maven2/com/fasterxml/jackson/dataformat/jackson-dataformat-csv/2.12.3/jackson-dataformat-csv-2.12.3.jar
[INFO] Downloading from central: https://repo1.maven.org/maven2/io/krakens/java-grok/0.1.9/java-grok-0.1.9.jar
[INFO] Downloading from central: https://repo1.maven.org/maven2/net/java/dev/stax-utils/stax-utils/20070216/stax-utils-20070216.jar
[INFO] Downloading from central: https://repo1.maven.org/maven2/org/xmlunit/xmlunit-matchers/2.6.3/xmlunit-matchers-2.6.3.jar
[INFO] Downloading from central: https://repo1.maven.org/maven2/org/xmlunit/xmlunit-core/2.6.3/xmlunit-core-2.6.3.jar
[INFO] Downloaded from central: https://repo1.maven.org/maven2/io/krakens/java-grok/0.1.9/java-grok-0.1.9.jar (32 kB at 607 kB/s)
[INFO] Downloaded from central: https://repo1.maven.org/maven2/net/java/dev/stax-utils/stax-utils/20070216/stax-utils-20070216.jar (129 kB at 2.3 MB/s)
[INFO] Downloaded from central: https://repo1.maven.org/maven2/org/xmlunit/xmlunit-matchers/2.6.3/xmlunit-matchers-2.6.3.jar (20 kB at 359 kB/s)
[INFO] Downloaded from central: https://repo1.maven.org/maven2/org/xmlunit/xmlunit-core/2.6.3/xmlunit-core-2.6.3.jar (168 kB at 2.7 MB/s)
[INFO] Downloaded from central: https://repo1.maven.org/maven2/com/fasterxml/jackson/dataformat/jackson-dataformat-csv/2.12.3/jackson-dataformat-csv-2.12.3.jar (104 kB at 1.4 MB/s)
[INFO] 
[INFO] --- maven-clean-plugin:3.1.0:clean (default-clean) @ nifi-record-serialization-services ---
[INFO] 
[INFO] --- buildnumber-maven-plugin:1.4:create (default) @ nifi-record-serialization-services ---
[INFO] 
[INFO] --- maven-remote-resources-plugin:1.7.0:process (process-resource-bundles) @ nifi-record-serialization-services ---
[INFO] Preparing remote bundle org.apache:apache-jar-resource-bundle:1.4
[INFO] Copying 3 resources from 1 bundle.
[INFO] 
[INFO] --- maven-resources-plugin:3.1.0:resources (default-resources) @ nifi-record-serialization-services ---
[INFO] Using 'UTF-8' encoding to copy filtered resources.
[INFO] Copying 11 resources
[INFO] Copying 3 resources
[INFO] 
[INFO] --- maven-compiler-plugin:3.8.1:compile (default-compile) @ nifi-record-serialization-services ---
[INFO] Changes detected - recompiling the module!
[INFO] Compiling 68 source files to /home/srafi/after-cam-ready/compare_/compile_repair_output/work/a1b954f3eb4f/nifi-nar-bundles/nifi-standard-services/nifi-record-serialization-services-bundle/nifi-record-serialization-services/target/classes
[INFO] 
[INFO] --- maven-resources-plugin:3.1.0:testResources (default-testResources) @ nifi-record-serialization-services ---
[INFO] Using 'UTF-8' encoding to copy filtered resources.
[INFO] Copying 81 resources
[INFO] Copying 3 resources
[INFO] 
[INFO] --- maven-compiler-plugin:3.8.1:testCompile (default-testCompile) @ nifi-record-serialization-services ---
[INFO] Changes detected - recompiling the module!
[INFO] Compiling 39 source files to /home/srafi/after-cam-ready/compare_/compile_repair_output/work/a1b954f3eb4f/nifi-nar-bundles/nifi-standard-services/nifi-record-serialization-services-bundle/nifi-record-serialization-services/target/test-classes
[WARNING] /home/srafi/after-cam-ready/compare_/compile_repair_output/work/a1b954f3eb4f/nifi-nar-bundles/nifi-standard-services/nifi-record-serialization-services-bundle/nifi-record-serialization-services/src/test/java/org/apache/nifi/csv/ITApacheCSVRecordReader.java:[103,12] [deprecation] <T>assertThat(T,Matcher<? super T>) in Assert has been deprecated
  where T is a type-variable:
    T extends Object declared in method <T>assertThat(T,Matcher<? super T>)
[WARNING] /home/srafi/after-cam-ready/compare_/compile_repair_output/work/a1b954f3eb4f/nifi-nar-bundles/nifi-standard-services/nifi-record-serialization-services-bundle/nifi-record-serialization-services/src/test/java/org/apache/nifi/csv/ITApacheCSVRecordReader.java:[104,12] [deprecation] <T>assertThat(T,Matcher<? super T>) in Assert has been deprecated
  where T is a type-variable:
    T extends Object declared in method <T>assertThat(T,Matcher<? super T>)
[WARNING] /home/srafi/after-cam-ready/compare_/compile_repair_output/work/a1b954f3eb4f/nifi-nar-bundles/nifi-standard-services/nifi-record-serialization-services-bundle/nifi-record-serialization-services/src/test/java/org/apache/nifi/xml/TestWriteXMLResult.java:[109,8] [deprecation] <T>assertThat(T,Matcher<? super T>) in Assert has been deprecated
  where T is a type-variable:
    T extends Object declared in method <T>assertThat(T,Matcher<? super T>)
[WARNING] /home/srafi/after-cam-ready/compare_/compile_repair_output/work/a1b954f3eb4f/nifi-nar-bundles/nifi-standard-services/nifi-record-serialization-services-bundle/nifi-record-serialization-services/src/test/java/org/apache/nifi/xml/TestWriteXMLResult.java:[145,8] [deprecation] <T>assertThat(T,Matcher<? super T>) in Assert has been deprecated
  where T is a type-variable:
    T extends Object declared in method <T>assertThat(T,Matcher<? super T>)
[WARNING] /home/srafi/after-cam-ready/compare_/compile_repair_output/work/a1b954f3eb4f/nifi-nar-bundles/nifi-standard-services/nifi-record-serialization-services-bundle/nifi-record-serialization-services/src/test/java/org/apache/nifi/xml/TestWriteXMLResult.java:[215,8] [deprecation] <T>assertThat(T,Matcher<? super T>) in Assert has been deprecated
  where T is a type-variable:
    T extends Object declared in method <T>assertThat(T,Matcher<? super T>)
[WARNING] /home/srafi/after-cam-ready/compare_/compile_repair_output/work/a1b954f3eb4f/nifi-nar-bundles/nifi-standard-services/nifi-record-serialization-services-bundle/nifi-record-serialization-services/src/test/java/org/apache/nifi/xml/TestWriteXMLResult.java:[231,8] [deprecation] <T>assertThat(T,Matcher<? super T>) in Assert has been deprecated
  where T is a type-variable:
    T extends Object declared in method <T>assertThat(T,Matcher<? super T>)
[WARNING] /home/srafi/after-cam-ready/compare_/compile_repair_output/work/a1b954f3eb4f/nifi-nar-bundles/nifi-standard-services/nifi-record-serialization-services-bundle/nifi-record-serialization-services/src/test/java/org/apache/nifi/xml/TestWriteXMLResult.java:[247,8] [deprecation] <T>assertThat(T,Matcher<? super T>) in Assert has been deprecated
  where T is a type-variable:
    T extends Object declared in method <T>assertThat(T,Matcher<? super T>)
[WARNING] /home/srafi/after-cam-ready/compare_/compile_repair_output/work/a1b954f3eb4f/nifi-nar-bundles/nifi-standard-services/nifi-record-serialization-services-bundle/nifi-record-serialization-services/src/test/java/org/apache/nifi/xml/TestWriteXMLResult.java:[263,8] [deprecation] <T>assertThat(T,Matcher<? super T>) in Assert has been deprecated
  where T is a type-variable:
    T extends Object declared in method <T>assertThat(T,Matcher<? super T>)
[WARNING] /home/srafi/after-cam-ready/compare_/compile_repair_output/work/a1b954f3eb4f/nifi-nar-bundles/nifi-standard-services/nifi-record-serialization-services-bundle/nifi-record-serialization-services/src/test/java/org/apache/nifi/xml/TestWriteXMLResult.java:[279,8] [deprecation] <T>assertThat(T,Matcher<? super T>) in Assert has been deprecated
  where T is a type-variable:
    T extends Object declared in method <T>assertThat(T,Matcher<? super T>)
[WARNING] /home/srafi/after-cam-ready/compare_/compile_repair_output/work/a1b954f3eb4f/nifi-nar-bundles/nifi-standard-services/nifi-record-serialization-services-bundle/nifi-record-serialization-services/src/test/java/org/apache/nifi/xml/TestWriteXMLResult.java:[326,8] [deprecation] <T>assertThat(T,Matcher<? super T>) in Assert has been deprecated
  where T is a type-variable:
    T extends Object declared in method <T>assertThat(T,Matcher<? super T>)
[WARNING] /home/srafi/after-cam-ready/compare_/compile_repair_output/work/a1b954f3eb4f/nifi-nar-bundles/nifi-standard-services/nifi-record-serialization-services-bundle/nifi-record-serialization-services/src/test/java/org/apache/nifi/xml/TestWriteXMLResult.java:[344,8] [deprecation] <T>assertThat(T,Matcher<? super T>) in Assert has been deprecated
  where T is a type-variable:
    T extends Object declared in method <T>assertThat(T,Matcher<? super T>)
[WARNING] /home/srafi/after-cam-ready/compare_/compile_repair_output/work/a1b954f3eb4f/nifi-nar-bundles/nifi-standard-services/nifi-record-serialization-services-bundle/nifi-record-serialization-services/src/test/java/org/apache/nifi/xml/TestWriteXMLResult.java:[360,8] [deprecation] <T>assertThat(T,Matcher<? super T>) in Assert has been deprecated
  where T is a type-variable:
    T extends Object declared in method <T>assertThat(T,Matcher<? super T>)
[WARNING] /home/srafi/after-cam-ready/compare_/compile_repair_output/work/a1b954f3eb4f/nifi-nar-bundles/nifi-standard-services/nifi-record-serialization-services-bundle/nifi-record-serialization-services/src/test/java/org/apache/nifi/xml/TestWriteXMLResult.java:[378,8] [deprecation] <T>assertThat(T,Matcher<? super T>) in Assert has been deprecated
  where T is a type-variable:
    T extends Object declared in method <T>assertThat(T,Matcher<? super T>)
[WARNING] /home/srafi/after-cam-ready/compare_/compile_repair_output/work/a1b954f3eb4f/nifi-nar-bundles/nifi-standard-services/nifi-record-serialization-services-bundle/nifi-record-serialization-services/src/test/java/org/apache/nifi/xml/TestWriteXMLResult.java:[396,8] [deprecation] <T>assertThat(T,Matcher<? super T>) in Assert has been deprecated
  where T is a type-variable:
    T extends Object declared in method <T>assertThat(T,Matcher<? super T>)
[WARNING] /home/srafi/after-cam-ready/compare_/compile_repair_output/work/a1b954f3eb4f/nifi-nar-bundles/nifi-standard-services/nifi-record-serialization-services-bundle/nifi-record-serialization-services/src/test/java/org/apache/nifi/xml/TestWriteXMLResult.java:[414,8] [deprecation] <T>assertThat(T,Matcher<? super T>) in Assert has been deprecated
  where T is a type-variable:
    T extends Object declared in method <T>assertThat(T,Matcher<? super T>)
[WARNING] /home/srafi/after-cam-ready/compare_/compile_repair_output/work/a1b954f3eb4f/nifi-nar-bundles/nifi-standard-services/nifi-record-serialization-services-bundle/nifi-record-serialization-services/src/test/java/org/apache/nifi/xml/TestWriteXMLResult.java:[434,8] [deprecation] <T>assertThat(T,Matcher<? super T>) in Assert has been deprecated
  where T is a type-variable:
    T extends Object declared in method <T>assertThat(T,Matcher<? super T>)
[WARNING] /home/srafi/after-cam-ready/compare_/compile_repair_output/work/a1b954f3eb4f/nifi-nar-bundles/nifi-standard-services/nifi-record-serialization-services-bundle/nifi-record-serialization-services/src/test/java/org/apache/nifi/xml/TestWriteXMLResult.java:[452,8] [deprecation] <T>assertThat(T,Matcher<? super T>) in Assert has been deprecated
  where T is a type-variable:
    T extends Object declared in method <T>assertThat(T,Matcher<? super T>)
[WARNING] /home/srafi/after-cam-ready/compare_/compile_repair_output/work/a1b954f3eb4f/nifi-nar-bundles/nifi-standard-services/nifi-record-serialization-services-bundle/nifi-record-serialization-services/src/test/java/org/apache/nifi/xml/TestWriteXMLResult.java:[470,8] [deprecation] <T>assertThat(T,Matcher<? super T>) in Assert has been deprecated
  where T is a type-variable:
    T extends Object declared in method <T>assertThat(T,Matcher<? super T>)
[WARNING] /home/srafi/after-cam-ready/compare_/compile_repair_output/work/a1b954f3eb4f/nifi-nar-bundles/nifi-standard-services/nifi-record-serialization-services-bundle/nifi-record-serialization-services/src/test/java/org/apache/nifi/xml/TestWriteXMLResult.java:[488,8] [deprecation] <T>assertThat(T,Matcher<? super T>) in Assert has been deprecated
  where T is a type-variable:
    T extends Object declared in method <T>assertThat(T,Matcher<? super T>)
[WARNING] /home/srafi/after-cam-ready/compare_/compile_repair_output/work/a1b954f3eb4f/nifi-nar-bundles/nifi-standard-services/nifi-record-serialization-services-bundle/nifi-record-serialization-services/src/test/java/org/apache/nifi/xml/TestWriteXMLResult.java:[508,8] [deprecation] <T>assertThat(T,Matcher<? super T>) in Assert has been deprecated
  where T is a type-variable:
    T extends Object declared in method <T>assertThat(T,Matcher<? super T>)
[WARNING] /home/srafi/after-cam-ready/compare_/compile_repair_output/work/a1b954f3eb4f/nifi-nar-bundles/nifi-standard-services/nifi-record-serialization-services-bundle/nifi-record-serialization-services/src/test/java/org/apache/nifi/xml/TestWriteXMLResult.java:[528,8] [deprecation] <T>assertThat(T,Matcher<? super T>) in Assert has been deprecated
  where T is a type-variable:
    T extends Object declared in method <T>assertThat(T,Matcher<? super T>)
[WARNING] /home/srafi/after-cam-ready/compare_/compile_repair_output/work/a1b954f3eb4f/nifi-nar-bundles/nifi-standard-services/nifi-record-serialization-services-bundle/nifi-record-serialization-services/src/test/java/org/apache/nifi/xml/TestWriteXMLResult.java:[548,8] [deprecation] <T>assertThat(T,Matcher<? super T>) in Assert has been deprecated
  where T is a type-variable:
    T extends Object declared in method <T>assertThat(T,Matcher<? super T>)
[WARNING] /home/srafi/after-cam-ready/compare_/compile_repair_output/work/a1b954f3eb4f/nifi-nar-bundles/nifi-standard-services/nifi-record-serialization-services-bundle/nifi-record-serialization-services/src/test/java/org/apache/nifi/xml/TestWriteXMLResult.java:[566,8] [deprecation] <T>assertThat(T,Matcher<? super T>) in Assert has been deprecated
  where T is a type-variable:
    T extends Object declared in method <T>assertThat(T,Matcher<? super T>)
[WARNING] /home/srafi/after-cam-ready/compare_/compile_repair_output/work/a1b954f3eb4f/nifi-nar-bundles/nifi-standard-services/nifi-record-serialization-services-bundle/nifi-record-serialization-services/src/test/java/org/apache/nifi/xml/TestWriteXMLResult.java:[584,8] [deprecation] <T>assertThat(T,Matcher<? super T>) in Assert has been deprecated
  where T is a type-variable:
    T extends Object declared in method <T>assertThat(T,Matcher<? super T>)
[WARNING] /home/srafi/after-cam-ready/compare_/compile_repair_output/work/a1b954f3eb4f/nifi-nar-bundles/nifi-standard-services/nifi-record-serialization-services-bundle/nifi-record-serialization-services/src/test/java/org/apache/nifi/xml/TestWriteXMLResult.java:[602,8] [deprecation] <T>assertThat(T,Matcher<? super T>) in Assert has been deprecated
  where T is a type-variable:
    T extends Object declared in method <T>assertThat(T,Matcher<? super T>)
[WARNING] /home/srafi/after-cam-ready/compare_/compile_repair_output/work/a1b954f3eb4f/nifi-nar-bundles/nifi-standard-services/nifi-record-serialization-services-bundle/nifi-record-serialization-services/src/test/java/org/apache/nifi/xml/TestWriteXMLResult.java:[620,8] [deprecation] <T>assertThat(T,Matcher<? super T>) in Assert has been deprecated
  where T is a type-variable:
    T extends Object declared in method <T>assertThat(T,Matcher<? super T>)
[WARNING] /home/srafi/after-cam-ready/compare_/compile_repair_output/work/a1b954f3eb4f/nifi-nar-bundles/nifi-standard-services/nifi-record-serialization-services-bundle/nifi-record-serialization-services/src/test/java/org/apache/nifi/xml/TestWriteXMLResult.java:[640,8] [deprecation] <T>assertThat(T,Matcher<? super T>) in Assert has been deprecated
  where T is a type-variable:
    T extends Object declared in method <T>assertThat(T,Matcher<? super T>)
[WARNING] /home/srafi/after-cam-ready/compare_/compile_repair_output/work/a1b954f3eb4f/nifi-nar-bundles/nifi-standard-services/nifi-record-serialization-services-bundle/nifi-record-serialization-services/src/test/java/org/apache/nifi/xml/TestWriteXMLResult.java:[660,8] [deprecation] <T>assertThat(T,Matcher<? super T>) in Assert has been deprecated
  where T is a type-variable:
    T extends Object declared in method <T>assertThat(T,Matcher<? super T>)
[WARNING] /home/srafi/after-cam-ready/compare_/compile_repair_output/work/a1b954f3eb4f/nifi-nar-bundles/nifi-standard-services/nifi-record-serialization-services-bundle/nifi-record-serialization-services/src/test/java/org/apache/nifi/xml/TestWriteXMLResult.java:[680,8] [deprecation] <T>assertThat(T,Matcher<? super T>) in Assert has been deprecated
  where T is a type-variable:
    T extends Object declared in method <T>assertThat(T,Matcher<? super T>)
[WARNING] /home/srafi/after-cam-ready/compare_/compile_repair_output/work/a1b954f3eb4f/nifi-nar-bundles/nifi-standard-services/nifi-record-serialization-services-bundle/nifi-record-serialization-services/src/test/java/org/apache/nifi/xml/TestWriteXMLResult.java:[700,8] [deprecation] <T>assertThat(T,Matcher<? super T>) in Assert has been deprecated
  where T is a type-variable:
    T extends Object declared in method <T>assertThat(T,Matcher<? super T>)
[WARNING] /home/srafi/after-cam-ready/compare_/compile_repair_output/work/a1b954f3eb4f/nifi-nar-bundles/nifi-standard-services/nifi-record-serialization-services-bundle/nifi-record-serialization-services/src/test/java/org/apache/nifi/xml/TestWriteXMLResult.java:[718,8] [deprecation] <T>assertThat(T,Matcher<? super T>) in Assert has been deprecated
  where T is a type-variable:
    T extends Object declared in method <T>assertThat(T,Matcher<? super T>)
[WARNING] /home/srafi/after-cam-ready/compare_/compile_repair_output/work/a1b954f3eb4f/nifi-nar-bundles/nifi-standard-services/nifi-record-serialization-services-bundle/nifi-record-serialization-services/src/test/java/org/apache/nifi/xml/TestWriteXMLResult.java:[738,8] [deprecation] <T>assertThat(T,Matcher<? super T>) in Assert has been deprecated
  where T is a type-variable:
    T extends Object declared in method <T>assertThat(T,Matcher<? super T>)
[WARNING] /home/srafi/after-cam-ready/compare_/compile_repair_output/work/a1b954f3eb4f/nifi-nar-bundles/nifi-standard-services/nifi-record-serialization-services-bundle/nifi-record-serialization-services/src/test/java/org/apache/nifi/xml/TestWriteXMLResult.java:[758,8] [deprecation] <T>assertThat(T,Matcher<? super T>) in Assert has been deprecated
  where T is a type-variable:
    T extends Object declared in method <T>assertThat(T,Matcher<? super T>)
[WARNING] /home/srafi/after-cam-ready/compare_/compile_repair_output/work/a1b954f3eb4f/nifi-nar-bundles/nifi-standard-services/nifi-record-serialization-services-bundle/nifi-record-serialization-services/src/test/java/org/apache/nifi/xml/TestWriteXMLResult.java:[776,8] [deprecation] <T>assertThat(T,Matcher<? super T>) in Assert has been deprecated
  where T is a type-variable:
    T extends Object declared in method <T>assertThat(T,Matcher<? super T>)
[WARNING] /home/srafi/after-cam-ready/compare_/compile_repair_output/work/a1b954f3eb4f/nifi-nar-bundles/nifi-standard-services/nifi-record-serialization-services-bundle/nifi-record-serialization-services/src/test/java/org/apache/nifi/xml/TestWriteXMLResult.java:[792,8] [deprecation] <T>assertThat(T,Matcher<? super T>) in Assert has been deprecated
  where T is a type-variable:
    T extends Object declared in method <T>assertThat(T,Matcher<? super T>)
[WARNING] /home/srafi/after-cam-ready/compare_/compile_repair_output/work/a1b954f3eb4f/nifi-nar-bundles/nifi-standard-services/nifi-record-serialization-services-bundle/nifi-record-serialization-services/src/test/java/org/apache/nifi/xml/TestWriteXMLResult.java:[826,8] [deprecation] <T>assertThat(T,Matcher<? super T>) in Assert has been deprecated
  where T is a type-variable:
    T extends Object declared in method <T>assertThat(T,Matcher<? super T>)
[WARNING] /home/srafi/after-cam-ready/compare_/compile_repair_output/work/a1b954f3eb4f/nifi-nar-bundles/nifi-standard-services/nifi-record-serialization-services-bundle/nifi-record-serialization-services/src/test/java/org/apache/nifi/xml/TestWriteXMLResult.java:[850,8] [deprecation] <T>assertThat(T,Matcher<? super T>) in Assert has been deprecated
  where T is a type-variable:
    T extends Object declared in method <T>assertThat(T,Matcher<? super T>)
[WARNING] /home/srafi/after-cam-ready/compare_/compile_repair_output/work/a1b954f3eb4f/nifi-nar-bundles/nifi-standard-services/nifi-record-serialization-services-bundle/nifi-record-serialization-services/src/test/java/org/apache/nifi/xml/TestWriteXMLResult.java:[874,8] [deprecation] <T>assertThat(T,Matcher<? super T>) in Assert has been deprecated
  where T is a type-variable:
    T extends Object declared in method <T>assertThat(T,Matcher<? super T>)
[WARNING] /home/srafi/after-cam-ready/compare_/compile_repair_output/work/a1b954f3eb4f/nifi-nar-bundles/nifi-standard-services/nifi-record-serialization-services-bundle/nifi-record-serialization-services/src/test/java/org/apache/nifi/xml/TestWriteXMLResult.java:[898,8] [deprecation] <T>assertThat(T,Matcher<? super T>) in Assert has been deprecated
  where T is a type-variable:
    T extends Object declared in method <T>assertThat(T,Matcher<? super T>)
[WARNING] /home/srafi/after-cam-ready/compare_/compile_repair_output/work/a1b954f3eb4f/nifi-nar-bundles/nifi-standard-services/nifi-record-serialization-services-bundle/nifi-record-serialization-services/src/test/java/org/apache/nifi/xml/TestWriteXMLResult.java:[924,8] [deprecation] <T>assertThat(T,Matcher<? super T>) in Assert has been deprecated
  where T is a type-variable:
    T extends Object declared in method <T>assertThat(T,Matcher<? super T>)
[WARNING] /home/srafi/after-cam-ready/compare_/compile_repair_output/work/a1b954f3eb4f/nifi-nar-bundles/nifi-standard-services/nifi-record-serialization-services-bundle/nifi-record-serialization-services/src/test/java/org/apache/nifi/xml/TestWriteXMLResult.java:[950,8] [deprecation] <T>assertThat(T,Matcher<? super T>) in Assert has been deprecated
  where T is a type-variable:
    T extends Object declared in method <T>assertThat(T,Matcher<? super T>)
[WARNING] /home/srafi/after-cam-ready/compare_/compile_repair_output/work/a1b954f3eb4f/nifi-nar-bundles/nifi-standard-services/nifi-record-serialization-services-bundle/nifi-record-serialization-services/src/test/java/org/apache/nifi/xml/TestWriteXMLResult.java:[976,8] [deprecation] <T>assertThat(T,Matcher<? super T>) in Assert has been deprecated
  where T is a type-variable:
    T extends Object declared in method <T>assertThat(T,Matcher<? super T>)
[WARNING] /home/srafi/after-cam-ready/compare_/compile_repair_output/work/a1b954f3eb4f/nifi-nar-bundles/nifi-standard-services/nifi-record-serialization-services-bundle/nifi-record-serialization-services/src/test/java/org/apache/nifi/xml/TestWriteXMLResult.java:[1002,8] [deprecation] <T>assertThat(T,Matcher<? super T>) in Assert has been deprecated
  where T is a type-variable:
    T extends Object declared in method <T>assertThat(T,Matcher<? super T>)
[WARNING] /home/srafi/after-cam-ready/compare_/compile_repair_output/work/a1b954f3eb4f/nifi-nar-bundles/nifi-standard-services/nifi-record-serialization-services-bundle/nifi-record-serialization-services/src/test/java/org/apache/nifi/xml/TestWriteXMLResult.java:[1030,8] [deprecation] <T>assertThat(T,Matcher<? super T>) in Assert has been deprecated
  where T is a type-variable:
    T extends Object declared in method <T>assertThat(T,Matcher<? super T>)
[WARNING] /home/srafi/after-cam-ready/compare_/compile_repair_output/work/a1b954f3eb4f/nifi-nar-bundles/nifi-standard-services/nifi-record-serialization-services-bundle/nifi-record-serialization-services/src/test/java/org/apache/nifi/xml/TestWriteXMLResult.java:[1058,8] [deprecation] <T>assertThat(T,Matcher<? super T>) in Assert has been deprecated
  where T is a type-variable:
    T extends Object declared in method <T>assertThat(T,Matcher<? super T>)
[WARNING] /home/srafi/after-cam-ready/compare_/compile_repair_output/work/a1b954f3eb4f/nifi-nar-bundles/nifi-standard-services/nifi-record-serialization-services-bundle/nifi-record-serialization-services/src/test/java/org/apache/nifi/xml/TestWriteXMLResult.java:[1086,8] [deprecation] <T>assertThat(T,Matcher<? super T>) in Assert has been deprecated
  where T is a type-variable:
    T extends Object declared in method <T>assertThat(T,Matcher<? super T>)
[WARNING] /home/srafi/after-cam-ready/compare_/compile_repair_output/work/a1b954f3eb4f/nifi-nar-bundles/nifi-standard-services/nifi-record-serialization-services-bundle/nifi-record-serialization-services/src/test/java/org/apache/nifi/xml/TestWriteXMLResult.java:[1114,8] [deprecation] <T>assertThat(T,Matcher<? super T>) in Assert has been deprecated
  where T is a type-variable:
    T extends Object declared in method <T>assertThat(T,Matcher<? super T>)
[WARNING] /home/srafi/after-cam-ready/compare_/compile_repair_output/work/a1b954f3eb4f/nifi-nar-bundles/nifi-standard-services/nifi-record-serialization-services-bundle/nifi-record-serialization-services/src/test/java/org/apache/nifi/xml/TestWriteXMLResult.java:[1140,8] [deprecation] <T>assertThat(T,Matcher<? super T>) in Assert has been deprecated
  where T is a type-variable:
    T extends Object declared in method <T>assertThat(T,Matcher<? super T>)
[WARNING] /home/srafi/after-cam-ready/compare_/compile_repair_output/work/a1b954f3eb4f/nifi-nar-bundles/nifi-standard-services/nifi-record-serialization-services-bundle/nifi-record-serialization-services/src/test/java/org/apache/nifi/xml/TestWriteXMLResult.java:[1166,8] [deprecation] <T>assertThat(T,Matcher<? super T>) in Assert has been deprecated
  where T is a type-variable:
    T extends Object declared in method <T>assertThat(T,Matcher<? super T>)
[WARNING] /home/srafi/after-cam-ready/compare_/compile_repair_output/work/a1b954f3eb4f/nifi-nar-bundles/nifi-standard-services/nifi-record-serialization-services-bundle/nifi-record-serialization-services/src/test/java/org/apache/nifi/xml/TestWriteXMLResult.java:[1192,8] [deprecation] <T>assertThat(T,Matcher<? super T>) in Assert has been deprecated
  where T is a type-variable:
    T extends Object declared in method <T>assertThat(T,Matcher<? super T>)
[WARNING] /home/srafi/after-cam-ready/compare_/compile_repair_output/work/a1b954f3eb4f/nifi-nar-bundles/nifi-standard-services/nifi-record-serialization-services-bundle/nifi-record-serialization-services/src/test/java/org/apache/nifi/xml/TestWriteXMLResult.java:[1218,8] [deprecation] <T>assertThat(T,Matcher<? super T>) in Assert has been deprecated
  where T is a type-variable:
    T extends Object declared in method <T>assertThat(T,Matcher<? super T>)
[WARNING] /home/srafi/after-cam-ready/compare_/compile_repair_output/work/a1b954f3eb4f/nifi-nar-bundles/nifi-standard-services/nifi-record-serialization-services-bundle/nifi-record-serialization-services/src/test/java/org/apache/nifi/xml/TestWriteXMLResult.java:[1246,8] [deprecation] <T>assertThat(T,Matcher<? super T>) in Assert has been deprecated
  where T is a type-variable:
    T extends Object declared in method <T>assertThat(T,Matcher<? super T>)
[WARNING] /home/srafi/after-cam-ready/compare_/compile_repair_output/work/a1b954f3eb4f/nifi-nar-bundles/nifi-standard-services/nifi-record-serialization-services-bundle/nifi-record-serialization-services/src/test/java/org/apache/nifi/xml/TestWriteXMLResult.java:[1274,8] [deprecation] <T>assertThat(T,Matcher<? super T>) in Assert has been deprecated
  where T is a type-variable:
    T extends Object declared in method <T>assertThat(T,Matcher<? super T>)
[WARNING] /home/srafi/after-cam-ready/compare_/compile_repair_output/work/a1b954f3eb4f/nifi-nar-bundles/nifi-standard-services/nifi-record-serialization-services-bundle/nifi-record-serialization-services/src/test/java/org/apache/nifi/xml/TestWriteXMLResult.java:[1302,8] [deprecation] <T>assertThat(T,Matcher<? super T>) in Assert has been deprecated
  where T is a type-variable:
    T extends Object declared in method <T>assertThat(T,Matcher<? super T>)
[WARNING] /home/srafi/after-cam-ready/compare_/compile_repair_output/work/a1b954f3eb4f/nifi-nar-bundles/nifi-standard-services/nifi-record-serialization-services-bundle/nifi-record-serialization-services/src/test/java/org/apache/nifi/xml/TestWriteXMLResult.java:[1322,8] [deprecation] <T>assertThat(T,Matcher<? super T>) in Assert has been deprecated
  where T is a type-variable:
    T extends Object declared in method <T>assertThat(T,Matcher<? super T>)
[WARNING] /home/srafi/after-cam-ready/compare_/compile_repair_output/work/a1b954f3eb4f/nifi-nar-bundles/nifi-standard-services/nifi-record-serialization-services-bundle/nifi-record-serialization-services/src/test/java/org/apache/nifi/xml/TestWriteXMLResult.java:[1348,8] [deprecation] <T>assertThat(T,Matcher<? super T>) in Assert has been deprecated
  where T is a type-variable:
    T extends Object declared in method <T>assertThat(T,Matcher<? super T>)
[WARNING] /home/srafi/after-cam-ready/compare_/compile_repair_output/work/a1b954f3eb4f/nifi-nar-bundles/nifi-standard-services/nifi-record-serialization-services-bundle/nifi-record-serialization-services/src/test/java/org/apache/nifi/xml/TestWriteXMLResult.java:[1374,8] [deprecation] <T>assertThat(T,Matcher<? super T>) in Assert has been deprecated
  where T is a type-variable:
    T extends Object declared in method <T>assertThat(T,Matcher<? super T>)
[WARNING] /home/srafi/after-cam-ready/compare_/compile_repair_output/work/a1b954f3eb4f/nifi-nar-bundles/nifi-standard-services/nifi-record-serialization-services-bundle/nifi-record-serialization-services/src/test/java/org/apache/nifi/xml/TestWriteXMLResult.java:[1402,8] [deprecation] <T>assertThat(T,Matcher<? super T>) in Assert has been deprecated
  where T is a type-variable:
    T extends Object declared in method <T>assertThat(T,Matcher<? super T>)
[WARNING] /home/srafi/after-cam-ready/compare_/compile_repair_output/work/a1b954f3eb4f/nifi-nar-bundles/nifi-standard-services/nifi-record-serialization-services-bundle/nifi-record-serialization-services/src/test/java/org/apache/nifi/xml/TestWriteXMLResult.java:[1428,8] [deprecation] <T>assertThat(T,Matcher<? super T>) in Assert has been deprecated
  where T is a type-variable:
    T extends Object declared in method <T>assertThat(T,Matcher<? super T>)
[WARNING] /home/srafi/after-cam-ready/compare_/compile_repair_output/work/a1b954f3eb4f/nifi-nar-bundles/nifi-standard-services/nifi-record-serialization-services-bundle/nifi-record-serialization-services/src/test/java/org/apache/nifi/lookup/TestRecordSetWriterLookup.java:[170,31] [deprecation] createWriter(ComponentLog,RecordSchema,OutputStream) in RecordSetWriterFactory has been deprecated
[WARNING] /home/srafi/after-cam-ready/compare_/compile_repair_output/work/a1b954f3eb4f/nifi-nar-bundles/nifi-standard-services/nifi-record-serialization-services-bundle/nifi-record-serialization-services/src/test/java/org/apache/nifi/xml/TestXMLRecordSetWriter.java:[83,8] [deprecation] <T>assertThat(T,Matcher<? super T>) in Assert has been deprecated
  where T is a type-variable:
    T extends Object declared in method <T>assertThat(T,Matcher<? super T>)
[WARNING] /home/srafi/after-cam-ready/compare_/compile_repair_output/work/a1b954f3eb4f/nifi-nar-bundles/nifi-standard-services/nifi-record-serialization-services-bundle/nifi-record-serialization-services/src/test/java/org/apache/nifi/xml/TestXMLRecordSetWriter.java:[103,8] [deprecation] <T>assertThat(T,Matcher<? super T>) in Assert has been deprecated
  where T is a type-variable:
    T extends Object declared in method <T>assertThat(T,Matcher<? super T>)
[WARNING] /home/srafi/after-cam-ready/compare_/compile_repair_output/work/a1b954f3eb4f/nifi-nar-bundles/nifi-standard-services/nifi-record-serialization-services-bundle/nifi-record-serialization-services/src/test/java/org/apache/nifi/xml/TestXMLRecordSetWriter.java:[125,8] [deprecation] <T>assertThat(T,Matcher<? super T>) in Assert has been deprecated
  where T is a type-variable:
    T extends Object declared in method <T>assertThat(T,Matcher<? super T>)
[WARNING] /home/srafi/after-cam-ready/compare_/compile_repair_output/work/a1b954f3eb4f/nifi-nar-bundles/nifi-standard-services/nifi-record-serialization-services-bundle/nifi-record-serialization-services/src/test/java/org/apache/nifi/xml/TestXMLRecordSetWriter.java:[152,8] [deprecation] <T>assertThat(T,Matcher<? super T>) in Assert has been deprecated
  where T is a type-variable:
    T extends Object declared in method <T>assertThat(T,Matcher<? super T>)
[WARNING] /home/srafi/after-cam-ready/compare_/compile_repair_output/work/a1b954f3eb4f/nifi-nar-bundles/nifi-standard-services/nifi-record-serialization-services-bundle/nifi-record-serialization-services/src/test/java/org/apache/nifi/xml/TestXMLRecordSetWriter.java:[176,8] [deprecation] <T>assertThat(T,Matcher<? super T>) in Assert has been deprecated
  where T is a type-variable:
    T extends Object declared in method <T>assertThat(T,Matcher<? super T>)
[WARNING] /home/srafi/after-cam-ready/compare_/compile_repair_output/work/a1b954f3eb4f/nifi-nar-bundles/nifi-standard-services/nifi-record-serialization-services-bundle/nifi-record-serialization-services/src/test/java/org/apache/nifi/xml/TestXMLRecordSetWriter.java:[201,8] [deprecation] <T>assertThat(T,Matcher<? super T>) in Assert has been deprecated
  where T is a type-variable:
    T extends Object declared in method <T>assertThat(T,Matcher<? super T>)
[WARNING] /home/srafi/after-cam-ready/compare_/compile_repair_output/work/a1b954f3eb4f/nifi-nar-bundles/nifi-standard-services/nifi-record-serialization-services-bundle/nifi-record-serialization-services/src/test/java/org/apache/nifi/xml/TestXMLRecordSetWriter.java:[242,31] [deprecation] createWriter(ComponentLog,RecordSchema,OutputStream) in RecordSetWriterFactory has been deprecated
[INFO] 
[INFO] --- maven-compiler-plugin:3.8.1:testCompile (groovy-tests) @ nifi-record-serialization-services ---
[INFO] Changes detected - recompiling the module!
[INFO] Nothing to compile - all classes are up to date
[INFO] 
[INFO] --- maven-surefire-plugin:3.0.0-M8-SNAPSHOT:test (default-test) @ nifi-record-serialization-services ---
[INFO] Tests are skipped.
[INFO] 
[INFO] --- maven-jar-plugin:3.2.0:jar (default-jar) @ nifi-record-serialization-services ---
[INFO] Building jar: /home/srafi/after-cam-ready/compare_/compile_repair_output/work/a1b954f3eb4f/nifi-nar-bundles/nifi-standard-services/nifi-record-serialization-services-bundle/nifi-record-serialization-services/target/nifi-record-serialization-services-1.15.0-SNAPSHOT.jar
[INFO] 
[INFO] --- maven-site-plugin:3.7.1:attach-descriptor (attach-descriptor) @ nifi-record-serialization-services ---
[INFO] Skipping because packaging 'jar' is not pom.
[INFO] 
[INFO] --- maven-install-plugin:2.5.2:install (default-install) @ nifi-record-serialization-services ---
[INFO] Installing /home/srafi/after-cam-ready/compare_/compile_repair_output/work/a1b954f3eb4f/nifi-nar-bundles/nifi-standard-services/nifi-record-serialization-services-bundle/nifi-record-serialization-services/target/nifi-record-serialization-services-1.15.0-SNAPSHOT.jar to /home/srafi/.m2/repository/org/apache/nifi/nifi-record-serialization-services/1.15.0-SNAPSHOT/nifi-record-serialization-services-1.15.0-SNAPSHOT.jar
[INFO] Installing /home/srafi/after-cam-ready/compare_/compile_repair_output/work/a1b954f3eb4f/nifi-nar-bundles/nifi-standard-services/nifi-record-serialization-services-bundle/nifi-record-serialization-services/pom.xml to /home/srafi/.m2/repository/org/apache/nifi/nifi-record-serialization-services/1.15.0-SNAPSHOT/nifi-record-serialization-services-1.15.0-SNAPSHOT.pom
[INFO] 
[INFO] ------------------< org.apache.nifi:nifi-solr-bundle >------------------
[INFO] Building nifi-solr-bundle 1.15.0-SNAPSHOT                        [56/57]
[INFO] --------------------------------[ pom ]---------------------------------
[INFO] 
[INFO] --- maven-clean-plugin:3.1.0:clean (default-clean) @ nifi-solr-bundle ---
[INFO] 
[INFO] --- buildnumber-maven-plugin:1.4:create (default) @ nifi-solr-bundle ---
[INFO] 
[INFO] --- maven-remote-resources-plugin:1.7.0:process (process-resource-bundles) @ nifi-solr-bundle ---
[INFO] Preparing remote bundle org.apache:apache-jar-resource-bundle:1.4
[INFO] Copying 3 resources from 1 bundle.
[INFO] 
[INFO] --- maven-compiler-plugin:3.8.1:testCompile (groovy-tests) @ nifi-solr-bundle ---
[INFO] No sources to compile
[INFO] 
[INFO] --- maven-site-plugin:3.7.1:attach-descriptor (attach-descriptor) @ nifi-solr-bundle ---
[INFO] No site descriptor found: nothing to attach.
[INFO] 
[INFO] --- maven-install-plugin:2.5.2:install (default-install) @ nifi-solr-bundle ---
[INFO] Installing /home/srafi/after-cam-ready/compare_/compile_repair_output/work/a1b954f3eb4f/nifi-nar-bundles/nifi-solr-bundle/pom.xml to /home/srafi/.m2/repository/org/apache/nifi/nifi-solr-bundle/1.15.0-SNAPSHOT/nifi-solr-bundle-1.15.0-SNAPSHOT.pom
[INFO] 
[INFO] ----------------< org.apache.nifi:nifi-solr-processors >----------------
[INFO] Building nifi-solr-processors 1.15.0-SNAPSHOT                    [57/57]
[INFO] --------------------------------[ jar ]---------------------------------
[INFO] Downloading from central: https://repo1.maven.org/maven2/io/netty/netty-transport-native-epoll/4.1.69.Final/netty-transport-native-epoll-4.1.69.Final.pom
[INFO] Downloaded from central: https://repo1.maven.org/maven2/io/netty/netty-transport-native-epoll/4.1.69.Final/netty-transport-native-epoll-4.1.69.Final.pom (18 kB at 378 kB/s)
[INFO] Downloading from central: https://repo1.maven.org/maven2/io/netty/netty-transport-native-unix-common/4.1.69.Final/netty-transport-native-unix-common-4.1.69.Final.pom
[INFO] Downloaded from central: https://repo1.maven.org/maven2/io/netty/netty-transport-native-unix-common/4.1.69.Final/netty-transport-native-unix-common-4.1.69.Final.pom (26 kB at 569 kB/s)
[INFO] Downloading from central: https://repo1.maven.org/maven2/org/apache/httpcomponents/httpmime/4.5.12/httpmime-4.5.12.pom
[INFO] Downloaded from central: https://repo1.maven.org/maven2/org/apache/httpcomponents/httpmime/4.5.12/httpmime-4.5.12.pom (5.2 kB at 100 kB/s)
[INFO] Downloading from central: https://repo1.maven.org/maven2/org/eclipse/jetty/jetty-alpn-client/9.4.44.v20210927/jetty-alpn-client-9.4.44.v20210927.pom
[INFO] Downloaded from central: https://repo1.maven.org/maven2/org/eclipse/jetty/jetty-alpn-client/9.4.44.v20210927/jetty-alpn-client-9.4.44.v20210927.pom (2.2 kB at 43 kB/s)
[INFO] Downloading from central: https://repo1.maven.org/maven2/org/eclipse/jetty/jetty-alpn-parent/9.4.44.v20210927/jetty-alpn-parent-9.4.44.v20210927.pom
[INFO] Downloaded from central: https://repo1.maven.org/maven2/org/eclipse/jetty/jetty-alpn-parent/9.4.44.v20210927/jetty-alpn-parent-9.4.44.v20210927.pom (1.1 kB at 22 kB/s)
[INFO] Downloading from central: https://repo1.maven.org/maven2/org/eclipse/jetty/jetty-alpn-java-client/9.4.44.v20210927/jetty-alpn-java-client-9.4.44.v20210927.pom
[INFO] Downloaded from central: https://repo1.maven.org/maven2/org/eclipse/jetty/jetty-alpn-java-client/9.4.44.v20210927/jetty-alpn-java-client-9.4.44.v20210927.pom (2.1 kB at 44 kB/s)
[INFO] Downloading from central: https://repo1.maven.org/maven2/org/eclipse/jetty/http2/http2-client/9.4.44.v20210927/http2-client-9.4.44.v20210927.pom
[INFO] Downloaded from central: https://repo1.maven.org/maven2/org/eclipse/jetty/http2/http2-client/9.4.44.v20210927/http2-client-9.4.44.v20210927.pom (2.2 kB at 39 kB/s)
[INFO] Downloading from central: https://repo1.maven.org/maven2/org/eclipse/jetty/http2/http2-parent/9.4.44.v20210927/http2-parent-9.4.44.v20210927.pom
[INFO] Downloaded from central: https://repo1.maven.org/maven2/org/eclipse/jetty/http2/http2-parent/9.4.44.v20210927/http2-parent-9.4.44.v20210927.pom (1.1 kB at 18 kB/s)
[INFO] Downloading from central: https://repo1.maven.org/maven2/org/eclipse/jetty/http2/http2-common/9.4.44.v20210927/http2-common-9.4.44.v20210927.pom
[INFO] Downloaded from central: https://repo1.maven.org/maven2/org/eclipse/jetty/http2/http2-common/9.4.44.v20210927/http2-common-9.4.44.v20210927.pom (1.2 kB at 23 kB/s)
[INFO] Downloading from central: https://repo1.maven.org/maven2/org/eclipse/jetty/http2/http2-hpack/9.4.44.v20210927/http2-hpack-9.4.44.v20210927.pom
[INFO] Downloaded from central: https://repo1.maven.org/maven2/org/eclipse/jetty/http2/http2-hpack/9.4.44.v20210927/http2-hpack-9.4.44.v20210927.pom (2.4 kB at 49 kB/s)
[INFO] Downloading from central: https://repo1.maven.org/maven2/org/eclipse/jetty/http2/http2-http-client-transport/9.4.44.v20210927/http2-http-client-transport-9.4.44.v20210927.pom
[INFO] Downloaded from central: https://repo1.maven.org/maven2/org/eclipse/jetty/http2/http2-http-client-transport/9.4.44.v20210927/http2-http-client-transport-9.4.44.v20210927.pom (4.2 kB at 78 kB/s)
[INFO] Downloading from central: https://repo1.maven.org/maven2/org/eclipse/jetty/jetty-alpn-openjdk8-client/9.4.44.v20210927/jetty-alpn-openjdk8-client-9.4.44.v20210927.pom
[INFO] Downloaded from central: https://repo1.maven.org/maven2/org/eclipse/jetty/jetty-alpn-openjdk8-client/9.4.44.v20210927/jetty-alpn-openjdk8-client-9.4.44.v20210927.pom (2.7 kB at 55 kB/s)
[INFO] Downloading from central: https://repo1.maven.org/maven2/com/google/code/gson/gson/2.7/gson-2.7.pom
[INFO] Downloaded from central: https://repo1.maven.org/maven2/com/google/code/gson/gson/2.7/gson-2.7.pom (1.4 kB at 31 kB/s)
[INFO] Downloading from central: https://repo1.maven.org/maven2/com/google/code/gson/gson-parent/2.7/gson-parent-2.7.pom
[INFO] Downloaded from central: https://repo1.maven.org/maven2/com/google/code/gson/gson-parent/2.7/gson-parent-2.7.pom (3.6 kB at 66 kB/s)
[INFO] Downloading from central: https://repo1.maven.org/maven2/com/fasterxml/jackson/dataformat/jackson-dataformat-smile/2.11.2/jackson-dataformat-smile-2.11.2.pom
[INFO] Downloaded from central: https://repo1.maven.org/maven2/com/fasterxml/jackson/dataformat/jackson-dataformat-smile/2.11.2/jackson-dataformat-smile-2.11.2.pom (2.3 kB at 48 kB/s)
[INFO] Downloading from central: https://repo1.maven.org/maven2/com/fasterxml/jackson/dataformat/jackson-dataformats-binary/2.11.2/jackson-dataformats-binary-2.11.2.pom
[INFO] Downloaded from central: https://repo1.maven.org/maven2/com/fasterxml/jackson/dataformat/jackson-dataformats-binary/2.11.2/jackson-dataformats-binary-2.11.2.pom (3.1 kB at 61 kB/s)
[INFO] Downloading from central: https://repo1.maven.org/maven2/io/dropwizard/metrics/metrics-core/4.1.5/metrics-core-4.1.5.pom
[INFO] Downloaded from central: https://repo1.maven.org/maven2/io/dropwizard/metrics/metrics-core/4.1.5/metrics-core-4.1.5.pom (944 B at 19 kB/s)
[INFO] Downloading from central: https://repo1.maven.org/maven2/org/eclipse/jetty/jetty-rewrite/9.4.44.v20210927/jetty-rewrite-9.4.44.v20210927.pom
[INFO] Downloaded from central: https://repo1.maven.org/maven2/org/eclipse/jetty/jetty-rewrite/9.4.44.v20210927/jetty-rewrite-9.4.44.v20210927.pom (1.4 kB at 30 kB/s)
[INFO] Downloading from central: https://repo1.maven.org/maven2/io/netty/netty-transport-native-epoll/4.1.69.Final/netty-transport-native-epoll-4.1.69.Final.jar
[INFO] Downloading from central: https://repo1.maven.org/maven2/org/apache/httpcomponents/httpmime/4.5.12/httpmime-4.5.12.jar
[INFO] Downloading from central: https://repo1.maven.org/maven2/io/netty/netty-transport-native-unix-common/4.1.69.Final/netty-transport-native-unix-common-4.1.69.Final.jar
[INFO] Downloading from central: https://repo1.maven.org/maven2/org/eclipse/jetty/jetty-alpn-java-client/9.4.44.v20210927/jetty-alpn-java-client-9.4.44.v20210927.jar
[INFO] Downloading from central: https://repo1.maven.org/maven2/org/eclipse/jetty/jetty-alpn-client/9.4.44.v20210927/jetty-alpn-client-9.4.44.v20210927.jar
[INFO] Downloaded from central: https://repo1.maven.org/maven2/org/eclipse/jetty/jetty-alpn-java-client/9.4.44.v20210927/jetty-alpn-java-client-9.4.44.v20210927.jar (17 kB at 514 kB/s)
[INFO] Downloading from central: https://repo1.maven.org/maven2/org/eclipse/jetty/http2/http2-client/9.4.44.v20210927/http2-client-9.4.44.v20210927.jar
[INFO] Downloaded from central: https://repo1.maven.org/maven2/io/netty/netty-transport-native-unix-common/4.1.69.Final/netty-transport-native-unix-common-4.1.69.Final.jar (40 kB at 1.1 MB/s)
[INFO] Downloaded from central: https://repo1.maven.org/maven2/io/netty/netty-transport-native-epoll/4.1.69.Final/netty-transport-native-epoll-4.1.69.Final.jar (141 kB at 3.9 MB/s)
[INFO] Downloading from central: https://repo1.maven.org/maven2/org/eclipse/jetty/http2/http2-hpack/9.4.44.v20210927/http2-hpack-9.4.44.v20210927.jar
[INFO] Downloading from central: https://repo1.maven.org/maven2/org/eclipse/jetty/http2/http2-common/9.4.44.v20210927/http2-common-9.4.44.v20210927.jar
[INFO] Downloaded from central: https://repo1.maven.org/maven2/org/apache/httpcomponents/httpmime/4.5.12/httpmime-4.5.12.jar (42 kB at 1.0 MB/s)
[INFO] Downloading from central: https://repo1.maven.org/maven2/org/eclipse/jetty/http2/http2-http-client-transport/9.4.44.v20210927/http2-http-client-transport-9.4.44.v20210927.jar
[INFO] Downloaded from central: https://repo1.maven.org/maven2/org/eclipse/jetty/jetty-alpn-client/9.4.44.v20210927/jetty-alpn-client-9.4.44.v20210927.jar (17 kB at 312 kB/s)
[INFO] Downloading from central: https://repo1.maven.org/maven2/org/eclipse/jetty/jetty-alpn-openjdk8-client/9.4.44.v20210927/jetty-alpn-openjdk8-client-9.4.44.v20210927.jar
[INFO] Downloaded from central: https://repo1.maven.org/maven2/org/eclipse/jetty/http2/http2-client/9.4.44.v20210927/http2-client-9.4.44.v20210927.jar (29 kB at 422 kB/s)
[INFO] Downloading from central: https://repo1.maven.org/maven2/com/google/code/gson/gson/2.7/gson-2.7.jar
[INFO] Downloaded from central: https://repo1.maven.org/maven2/org/eclipse/jetty/http2/http2-hpack/9.4.44.v20210927/http2-hpack-9.4.44.v20210927.jar (52 kB at 724 kB/s)
[INFO] Downloading from central: https://repo1.maven.org/maven2/com/fasterxml/jackson/dataformat/jackson-dataformat-smile/2.11.2/jackson-dataformat-smile-2.11.2.jar
[INFO] Downloaded from central: https://repo1.maven.org/maven2/org/eclipse/jetty/http2/http2-common/9.4.44.v20210927/http2-common-9.4.44.v20210927.jar (206 kB at 2.5 MB/s)
[INFO] Downloading from central: https://repo1.maven.org/maven2/io/dropwizard/metrics/metrics-core/4.1.5/metrics-core-4.1.5.jar
[INFO] Downloaded from central: https://repo1.maven.org/maven2/org/eclipse/jetty/http2/http2-http-client-transport/9.4.44.v20210927/http2-http-client-transport-9.4.44.v20210927.jar (42 kB at 507 kB/s)
[INFO] Downloading from central: https://repo1.maven.org/maven2/org/eclipse/jetty/jetty-rewrite/9.4.44.v20210927/jetty-rewrite-9.4.44.v20210927.jar
[INFO] Downloaded from central: https://repo1.maven.org/maven2/org/eclipse/jetty/jetty-alpn-openjdk8-client/9.4.44.v20210927/jetty-alpn-openjdk8-client-9.4.44.v20210927.jar (20 kB at 211 kB/s)
[INFO] Downloaded from central: https://repo1.maven.org/maven2/com/google/code/gson/gson/2.7/gson-2.7.jar (232 kB at 2.2 MB/s)
[INFO] Downloaded from central: https://repo1.maven.org/maven2/com/fasterxml/jackson/dataformat/jackson-dataformat-smile/2.11.2/jackson-dataformat-smile-2.11.2.jar (91 kB at 848 kB/s)
[INFO] Downloaded from central: https://repo1.maven.org/maven2/io/dropwizard/metrics/metrics-core/4.1.5/metrics-core-4.1.5.jar (105 kB at 917 kB/s)
[INFO] Downloaded from central: https://repo1.maven.org/maven2/org/eclipse/jetty/jetty-rewrite/9.4.44.v20210927/jetty-rewrite-9.4.44.v20210927.jar (45 kB at 355 kB/s)
[INFO] 
[INFO] --- maven-clean-plugin:3.1.0:clean (default-clean) @ nifi-solr-processors ---
[INFO] 
[INFO] --- buildnumber-maven-plugin:1.4:create (default) @ nifi-solr-processors ---
[INFO] 
[INFO] --- maven-remote-resources-plugin:1.7.0:process (process-resource-bundles) @ nifi-solr-processors ---
[INFO] Preparing remote bundle org.apache:apache-jar-resource-bundle:1.4
[INFO] Copying 3 resources from 1 bundle.
[INFO] 
[INFO] --- maven-resources-plugin:3.1.0:resources (default-resources) @ nifi-solr-processors ---
[INFO] Using 'UTF-8' encoding to copy filtered resources.
[INFO] Copying 5 resources
[INFO] Copying 3 resources
[INFO] 
[INFO] --- maven-compiler-plugin:3.8.1:compile (default-compile) @ nifi-solr-processors ---
[INFO] Changes detected - recompiling the module!
[INFO] Compiling 7 source files to /home/srafi/after-cam-ready/compare_/compile_repair_output/work/a1b954f3eb4f/nifi-nar-bundles/nifi-solr-bundle/nifi-solr-processors/target/classes
[INFO] 
[INFO] --- maven-resources-plugin:3.1.0:testResources (default-testResources) @ nifi-solr-processors ---
[INFO] Using 'UTF-8' encoding to copy filtered resources.
[INFO] Copying 15 resources
[INFO] Copying 3 resources
[INFO] 
[INFO] --- maven-compiler-plugin:3.8.1:testCompile (default-testCompile) @ nifi-solr-processors ---
[INFO] Changes detected - recompiling the module!
[INFO] Compiling 7 source files to /home/srafi/after-cam-ready/compare_/compile_repair_output/work/a1b954f3eb4f/nifi-nar-bundles/nifi-solr-bundle/nifi-solr-processors/target/test-classes
[INFO] 
[INFO] --- maven-compiler-plugin:3.8.1:testCompile (groovy-tests) @ nifi-solr-processors ---
[INFO] Changes detected - recompiling the module!
[INFO] Nothing to compile - all classes are up to date
[INFO] 
[INFO] --- maven-surefire-plugin:3.0.0-M8-SNAPSHOT:test (default-test) @ nifi-solr-processors ---
[INFO] Tests are skipped.
[INFO] 
[INFO] --- maven-jar-plugin:3.2.0:jar (default-jar) @ nifi-solr-processors ---
[INFO] Building jar: /home/srafi/after-cam-ready/compare_/compile_repair_output/work/a1b954f3eb4f/nifi-nar-bundles/nifi-solr-bundle/nifi-solr-processors/target/nifi-solr-processors-1.15.0-SNAPSHOT.jar
[INFO] 
[INFO] --- maven-site-plugin:3.7.1:attach-descriptor (attach-descriptor) @ nifi-solr-processors ---
[INFO] Skipping because packaging 'jar' is not pom.
[INFO] 
[INFO] --- maven-install-plugin:2.5.2:install (default-install) @ nifi-solr-processors ---
[INFO] Installing /home/srafi/after-cam-ready/compare_/compile_repair_output/work/a1b954f3eb4f/nifi-nar-bundles/nifi-solr-bundle/nifi-solr-processors/target/nifi-solr-processors-1.15.0-SNAPSHOT.jar to /home/srafi/.m2/repository/org/apache/nifi/nifi-solr-processors/1.15.0-SNAPSHOT/nifi-solr-processors-1.15.0-SNAPSHOT.jar
[INFO] Installing /home/srafi/after-cam-ready/compare_/compile_repair_output/work/a1b954f3eb4f/nifi-nar-bundles/nifi-solr-bundle/nifi-solr-processors/pom.xml to /home/srafi/.m2/repository/org/apache/nifi/nifi-solr-processors/1.15.0-SNAPSHOT/nifi-solr-processors-1.15.0-SNAPSHOT.pom
[INFO] ------------------------------------------------------------------------
[INFO] Reactor Summary for nifi 1.15.0-SNAPSHOT:
[INFO] 
[INFO] nifi ............................................... SUCCESS [  0.662 s]
[INFO] nifi-commons ....................................... SUCCESS [  0.018 s]
[INFO] nifi-api ........................................... SUCCESS [  5.402 s]
[INFO] nifi-utils ......................................... SUCCESS [  2.441 s]
[INFO] nifi-security-utils-api ............................ SUCCESS [  1.329 s]
[INFO] nifi-security-kms .................................. SUCCESS [  0.872 s]
[INFO] nifi-property-utils ................................ SUCCESS [  0.416 s]
[INFO] nifi-properties .................................... SUCCESS [  1.080 s]
[INFO] nifi-security-utils ................................ SUCCESS [  3.283 s]
[INFO] nifi-framework-api ................................. SUCCESS [  1.370 s]
[INFO] nifi-data-provenance-utils ......................... SUCCESS [  0.594 s]
[INFO] nifi-parameter ..................................... SUCCESS [  0.886 s]
[INFO] nifi-uuid5 ......................................... SUCCESS [  0.330 s]
[INFO] nifi-expression-language ........................... SUCCESS [  3.516 s]
[INFO] nifi-record ........................................ SUCCESS [  1.548 s]
[INFO] nifi-record-path ................................... SUCCESS [  2.102 s]
[INFO] nifi-security-kerberos-api ......................... SUCCESS [  0.297 s]
[INFO] nifi-security-kerberos ............................. SUCCESS [  0.987 s]
[INFO] nifi-security-socket-ssl ........................... SUCCESS [  0.957 s]
[INFO] nifi-registry ...................................... SUCCESS [  0.302 s]
[INFO] nifi-registry-core ................................. SUCCESS [  0.012 s]
[INFO] nifi-registry-revision ............................. SUCCESS [  0.010 s]
[INFO] nifi-registry-revision-entity-model ................ SUCCESS [  0.414 s]
[INFO] nifi-registry-data-model ........................... SUCCESS [  1.011 s]
[INFO] nifi-nar-bundles ................................... SUCCESS [  0.080 s]
[INFO] nifi-framework-bundle .............................. SUCCESS [  0.010 s]
[INFO] nifi-framework ..................................... SUCCESS [  0.009 s]
[INFO] nifi-client-dto .................................... SUCCESS [  1.547 s]
[INFO] nifi-site-to-site-client ........................... SUCCESS [  2.921 s]
[INFO] nifi-server-api .................................... SUCCESS [  0.349 s]
[INFO] nifi-nar-utils ..................................... SUCCESS [  2.109 s]
[INFO] nifi-framework-nar-utils ........................... SUCCESS [  1.043 s]
[INFO] nifi-mock-authorizer ............................... SUCCESS [  0.362 s]
[INFO] nifi-framework-authorization ....................... SUCCESS [  0.935 s]
[INFO] nifi-registry-security-utils ....................... SUCCESS [  1.695 s]
[INFO] nifi-registry-client ............................... SUCCESS [  1.413 s]
[INFO] nifi-framework-core-api ............................ SUCCESS [  1.620 s]
[INFO] nifi-mock .......................................... SUCCESS [  1.845 s]
[INFO] nifi-extension-utils ............................... SUCCESS [  0.008 s]
[INFO] nifi-standard-services ............................. SUCCESS [  0.008 s]
[INFO] nifi-kerberos-credentials-service-api .............. SUCCESS [  0.272 s]
[INFO] nifi-kerberos-user-service-api ..................... SUCCESS [  0.256 s]
[INFO] nifi-distributed-cache-client-service-api .......... SUCCESS [  0.333 s]
[INFO] nifi-record-serialization-service-api .............. SUCCESS [  0.314 s]
[INFO] nifi-ssl-context-service-api ....................... SUCCESS [  0.298 s]
[INFO] nifi-schema-registry-service-api ................... SUCCESS [  0.300 s]
[INFO] nifi-record-utils .................................. SUCCESS [  0.008 s]
[INFO] nifi-standard-record-utils ......................... SUCCESS [  1.361 s]
[INFO] nifi-avro-record-utils ............................. SUCCESS [  2.138 s]
[INFO] nifi-mock-record-utils ............................. SUCCESS [  1.088 s]
[INFO] nifi-event-transport ............................... SUCCESS [  1.033 s]
[INFO] nifi-processor-utils ............................... SUCCESS [  1.668 s]
[INFO] nifi-syslog-utils .................................. SUCCESS [  1.222 s]
[INFO] nifi-record-serialization-services-bundle .......... SUCCESS [  0.016 s]
[INFO] nifi-record-serialization-services ................. SUCCESS [  3.168 s]
[INFO] nifi-solr-bundle ................................... SUCCESS [  0.008 s]
[INFO] nifi-solr-processors ............................... SUCCESS [  3.710 s]
[INFO] ------------------------------------------------------------------------
[INFO] BUILD SUCCESS
[INFO] ------------------------------------------------------------------------
[INFO] Total time:  01:04 min
[INFO] Finished at: 2026-08-15T15:46:12-04:00
[INFO] ------------------------------------------------------------------------
