Project URL,SHA Detected,Module Path,com.alibaba.fastjson2.internal.processor.primitives.DateTypeTest.test,TZD,Accepted,https://github.com/alibaba/fastjson2/pull/3159,Merged Commit Sha,# of Commits,Issue ID,Notes,
https://github.com/abel533/Mapper,3c0b3307011fad53f811e08d05147d94fc6c0d67,base,com.alibaba.fastjson2.internal.processor.primitives.UtilTypeTest.test,TZD,Accepted,https://github.com/alibaba/fastjson2/pull/3166,ee139d6919c590cb8d774361ac2724b3ab5c33f2,2,,https://github.com/TestingResearchIllinois/idoft/issues/90,
https://github.com/abel533/Mapper,3c0b3307011fad53f811e08d05147d94fc6c0d67,base,tk.mybatis.mapper.test.country.TestDeleteByPrimaryKey.testDynamicDeleteEntity,OD,Accepted,https://github.com/abel533/Mapper/pull/838,ee139d6919c590cb8d774361ac2724b3ab5c33f3,2,,https://github.com/TestingResearchIllinois/idoft/issues/90,
https://github.com/abel533/Mapper,3c0b3307011fad53f811e08d05147d94fc6c0d67,base,tk.mybatis.mapper.test.country.TestDeleteByPrimaryKey.testDynamicDeleteException,OD,Accepted,https://github.com/abel533/Mapper/pull/838,ee139d6919c590cb8d774361ac2724b3ab5c33f4,2,,https://github.com/TestingResearchIllinois/idoft/issues/90,
https://github.com/abel533/Mapper,3c0b3307011fad53f811e08d05147d94fc6c0d67,base,tk.mybatis.mapper.test.country.TestDeleteByPrimaryKey.testDynamicDeleteMap,OD,Accepted,https://github.com/abel533/Mapper/pull/838,ee139d6919c590cb8d774361ac2724b3ab5c33f5,2,,https://github.com/TestingResearchIllinois/idoft/issues/90,
https://github.com/Accenture/mercury,e659caf000c2a714d921a52cbc85e13f56cef981,system/platform-core,org.platformlambda.core.PostOfficeTest.journalYamlTest,ID,Accepted,https://github.com/Accenture/mercury/pull/143,2528e2354296760b67afb93a7d0d7ea4337a59e0,1,,,
https://github.com/Activiti/Activiti,b11f757a48600e53aaf3fcb7a3ba1ece6c463cb4,activiti-engine,org.activiti.engine.test.cfg.RetryInterceptorTest.testRetryInterceptor,NIO,Accepted,https://github.com/Activiti/Activiti/pull/3488,70bb975a68b69c9668ca454fb6122f3abb4c8e86,2,,,
https://github.com/Activiti/Activiti,b11f757a48600e53aaf3fcb7a3ba1ece6c463cb4,activiti-engine,org.activiti.standalone.validation.DisabledSchemaValidationTest.testDisableValidation,NIO,Accepted,https://github.com/Activiti/Activiti/pull/3487,6d954ddb8567666ffa56f36cd4e3ea8ec9e3b077,2,,,
https://github.com/adobe/aem-core-wcm-components,5f29cc86b17b6db36cc617805295eb951b6504a1,bundles/core,com.adobe.cq.wcm.core.components.internal.models.v1.PageImplTest.testPage,ID,Accepted,https://github.com/adobe/aem-core-wcm-components/pull/2894,4627ddd56ba4ba5321c86d4bbfd2ea027f2e3fbc,2,,https://github.com/wcm-io/io.wcm.testing.aem-mock/pull/52,
https://github.com/adobe/aem-core-wcm-components,5f29cc86b17b6db36cc617805295eb951b6504a1,bundles/core,com.adobe.cq.wcm.core.components.internal.models.v2.PageImplTest.testPage,ID,Accepted,https://github.com/adobe/aem-core-wcm-components/pull/2894,4627ddd56ba4ba5321c86d4bbfd2ea027f2e3fbc,2,,https://github.com/wcm-io/io.wcm.testing.aem-mock/pull/52,
https://github.com/adobe/aem-core-wcm-components,5f29cc86b17b6db36cc617805295eb951b6504a1,bundles/core,com.adobe.cq.wcm.core.components.internal.models.v2.PageImplTest.testPageWithDeprecatedCaconfig,ID,Accepted,https://github.com/adobe/aem-core-wcm-components/pull/2894,4627ddd56ba4ba5321c86d4bbfd2ea027f2e3fbc,2,,https://github.com/wcm-io/io.wcm.testing.aem-mock/pull/52,
https://github.com/adobe/aem-core-wcm-components,5f29cc86b17b6db36cc617805295eb951b6504a1,bundles/core,com.adobe.cq.wcm.core.components.internal.models.v3.PageImplTest.testPage,ID,Accepted,https://github.com/adobe/aem-core-wcm-components/pull/2894,4627ddd56ba4ba5321c86d4bbfd2ea027f2e3fbc,2,,https://github.com/wcm-io/io.wcm.testing.aem-mock/pull/52,
https://github.com/adobe/aem-core-wcm-components,5f29cc86b17b6db36cc617805295eb951b6504a1,bundles/core,com.adobe.cq.wcm.core.components.internal.models.v3.PageImplTest.testPageWithDeprecatedCaconfig,ID,Accepted,https://github.com/adobe/aem-core-wcm-components/pull/2894,4627ddd56ba4ba5321c86d4bbfd2ea027f2e3fbc,2,,https://github.com/wcm-io/io.wcm.testing.aem-mock/pull/52,
https://github.com/adobe/asset-share-commons,ee3ef7051e3ea3eb7f5d904fac177bc56623c6ed,core,com.adobe.aem.commons.assetshare.content.renditions.download.impl.AssetRenditionsDownloadServletTest.doPost,ID,Accepted,https://github.com/adobe/asset-share-commons/pull/672,a7b1dece99b3123934a5830b024c9a5d62411841,2,,issue: https://github.com/adobe/asset-share-commons/issues/673,
https://github.com/adobe/asset-share-commons,ee3ef7051e3ea3eb7f5d904fac177bc56623c6ed,core,com.adobe.aem.commons.assetshare.content.renditions.download.impl.AssetRenditionsZipperImplTest.getZipEntryName,ID,Accepted,https://github.com/adobe/asset-share-commons/pull/672,a7b1dece99b3123934a5830b024c9a5d62411842,2,,issue: https://github.com/adobe/asset-share-commons/issues/673,
https://github.com/adobe/asset-share-commons,ee3ef7051e3ea3eb7f5d904fac177bc56623c6ed,core,com.adobe.aem.commons.assetshare.content.renditions.download.impl.AssetRenditionsZipperImplTest.getZipEntryName_GenerateUniqueZipFileNameEntry,ID,Accepted,https://github.com/adobe/asset-share-commons/pull/672,a7b1dece99b3123934a5830b024c9a5d62411843,2,,issue: https://github.com/adobe/asset-share-commons/issues/673,
https://github.com/adobe/asset-share-commons,ee3ef7051e3ea3eb7f5d904fac177bc56623c6ed,core,com.adobe.aem.commons.assetshare.content.renditions.download.impl.AssetRenditionsZipperImplTest.pack,ID,Accepted,https://github.com/adobe/asset-share-commons/pull/672,a7b1dece99b3123934a5830b024c9a5d62411844,2,,issue: https://github.com/adobe/asset-share-commons/issues/673,
https://github.com/Adyen/adyen-java-api-library,6fb5cd049b57a22d2ec4465d204c15f1c90dd325,.,com.adyen.CheckoutTest.TestAchDetailsSerialization,ID,Accepted,https://github.com/Adyen/adyen-java-api-library/pull/681,,25,,A previous PR (https://github.com/Adyen/adyen-java-api-library/pull/654) was opened but not accepted because of adding a library,
https://github.com/Adyen/adyen-java-api-library,6fb5cd049b57a22d2ec4465d204c15f1c90dd325,.,com.adyen.CheckoutTest.TestAmazonPayDetailsSerialization,ID,Accepted,https://github.com/Adyen/adyen-java-api-library/pull/681,,25,,A previous PR (https://github.com/Adyen/adyen-java-api-library/pull/654) was opened but not accepted because of adding a library,
https://github.com/Adyen/adyen-java-api-library,6fb5cd049b57a22d2ec4465d204c15f1c90dd325,.,com.adyen.CheckoutTest.TestAndroidPayDetails,ID,Accepted,https://github.com/Adyen/adyen-java-api-library/pull/681,,25,,A previous PR (https://github.com/Adyen/adyen-java-api-library/pull/654) was opened but not accepted because of adding a library,
https://github.com/Adyen/adyen-java-api-library,6fb5cd049b57a22d2ec4465d204c15f1c90dd325,.,com.adyen.CheckoutTest.TestApplePayDetailsSerialization,ID,Accepted,https://github.com/Adyen/adyen-java-api-library/pull/681,,25,,A previous PR (https://github.com/Adyen/adyen-java-api-library/pull/654) was opened but not accepted because of adding a library,
https://github.com/Adyen/adyen-java-api-library,6fb5cd049b57a22d2ec4465d204c15f1c90dd325,.,com.adyen.CheckoutTest.TestBacsDirectDebitDetailsSerialization,ID,Accepted,https://github.com/Adyen/adyen-java-api-library/pull/681,,25,,A previous PR (https://github.com/Adyen/adyen-java-api-library/pull/654) was opened but not accepted because of adding a library,
https://github.com/Adyen/adyen-java-api-library,6fb5cd049b57a22d2ec4465d204c15f1c90dd325,.,com.adyen.CheckoutTest.TestBillDeskOnlineDetailsSerialization,ID,Accepted,https://github.com/Adyen/adyen-java-api-library/pull/681,,25,,A previous PR (https://github.com/Adyen/adyen-java-api-library/pull/654) was opened but not accepted because of adding a library,
https://github.com/Adyen/adyen-java-api-library,6fb5cd049b57a22d2ec4465d204c15f1c90dd325,.,com.adyen.CheckoutTest.TestBilldeskWalletDetailsSerialization,ID,Accepted,https://github.com/Adyen/adyen-java-api-library/pull/681,,25,,A previous PR (https://github.com/Adyen/adyen-java-api-library/pull/654) was opened but not accepted because of adding a library A previous PR (https://github.com/Adyen/adyen-java-api-library/pull/654) was opened but not accepted because of adding a library,
https://github.com/Adyen/adyen-java-api-library,6fb5cd049b57a22d2ec4465d204c15f1c90dd325,.,com.adyen.CheckoutTest.TestBlikDetailsSerialization,ID,Accepted,https://github.com/Adyen/adyen-java-api-library/pull/681,,25,,A previous PR (https://github.com/Adyen/adyen-java-api-library/pull/654) was opened but not accepted because of adding a library,
https://github.com/Adyen/adyen-java-api-library,6fb5cd049b57a22d2ec4465d204c15f1c90dd325,.,com.adyen.CheckoutTest.TestDateSerializers,ID,Accepted,https://github.com/Adyen/adyen-java-api-library/pull/681,,25,,A previous PR (https://github.com/Adyen/adyen-java-api-library/pull/654) was opened but not accepted because of adding a library,
https://github.com/Adyen/adyen-java-api-library,6fb5cd049b57a22d2ec4465d204c15f1c90dd325,.,com.adyen.CheckoutTest.TestDokuDetailsSerialization,ID,Accepted,https://github.com/Adyen/adyen-java-api-library/pull/681,,25,,A previous PR (https://github.com/Adyen/adyen-java-api-library/pull/654) was opened but not accepted because of adding a library,
https://github.com/Adyen/adyen-java-api-library,6fb5cd049b57a22d2ec4465d204c15f1c90dd325,.,com.adyen.CheckoutTest.TestDotpayDetailsSerialization,ID,Accepted,https://github.com/Adyen/adyen-java-api-library/pull/681,,25,,A previous PR (https://github.com/Adyen/adyen-java-api-library/pull/654) was opened but not accepted because of adding a library,
https://github.com/Adyen/adyen-java-api-library,6fb5cd049b57a22d2ec4465d204c15f1c90dd325,.,com.adyen.CheckoutTest.TestDragonpayDetailsSerialization,ID,Accepted,https://github.com/Adyen/adyen-java-api-library/pull/681,,25,,,
https://github.com/Adyen/adyen-java-api-library,6fb5cd049b57a22d2ec4465d204c15f1c90dd325,.,com.adyen.CheckoutTest.TestEcontextVoucherDetailsSerialization,ID,Accepted,https://github.com/Adyen/adyen-java-api-library/pull/681,,25,,,
https://github.com/Adyen/adyen-java-api-library,6fb5cd049b57a22d2ec4465d204c15f1c90dd325,.,com.adyen.CheckoutTest.TestEncryptedPaymentMethodDetails,ID,Accepted,https://github.com/Adyen/adyen-java-api-library/pull/681,,25,,,
https://github.com/Adyen/adyen-java-api-library,6fb5cd049b57a22d2ec4465d204c15f1c90dd325,.,com.adyen.CheckoutTest.TestEntercashDetailsSerialization,ID,Accepted,https://github.com/Adyen/adyen-java-api-library/pull/681,,25,,,
https://github.com/Adyen/adyen-java-api-library,6fb5cd049b57a22d2ec4465d204c15f1c90dd325,.,com.adyen.CheckoutTest.TestGenericIssuerPaymentMethodDetails,ID,Accepted,https://github.com/Adyen/adyen-java-api-library/pull/681,,25,,,
https://github.com/Adyen/adyen-java-api-library,6fb5cd049b57a22d2ec4465d204c15f1c90dd325,.,com.adyen.CheckoutTest.TestGiropayDetailsSerialization,ID,Accepted,https://github.com/Adyen/adyen-java-api-library/pull/681,,25,,,
https://github.com/Adyen/adyen-java-api-library,6fb5cd049b57a22d2ec4465d204c15f1c90dd325,.,com.adyen.CheckoutTest.TestGooglePayDetailsSerialization,ID,Accepted,https://github.com/Adyen/adyen-java-api-library/pull/681,,25,,,
https://github.com/Adyen/adyen-java-api-library,6fb5cd049b57a22d2ec4465d204c15f1c90dd325,.,com.adyen.CheckoutTest.TestIdealDetailsSerialization,ID,Accepted,https://github.com/Adyen/adyen-java-api-library/pull/681,,25,,,
https://github.com/Adyen/adyen-java-api-library,6fb5cd049b57a22d2ec4465d204c15f1c90dd325,.,com.adyen.CheckoutTest.TestKlarnaDetailsSerialization,ID,Accepted,https://github.com/Adyen/adyen-java-api-library/pull/681,,25,,,
https://github.com/Adyen/adyen-java-api-library,6fb5cd049b57a22d2ec4465d204c15f1c90dd325,.,com.adyen.CheckoutTest.TestLianLianPayDetailsSerialization,ID,Accepted,https://github.com/Adyen/adyen-java-api-library/pull/681,,25,,,
https://github.com/Adyen/adyen-java-api-library,6fb5cd049b57a22d2ec4465d204c15f1c90dd325,.,com.adyen.CheckoutTest.TestMasterPassDetailsSerialization,ID,Accepted,https://github.com/Adyen/adyen-java-api-library/pull/681,,25,,,
https://github.com/Adyen/adyen-java-api-library,6fb5cd049b57a22d2ec4465d204c15f1c90dd325,.,com.adyen.CheckoutTest.TestMbwayDetailsSerialization,ID,Accepted,https://github.com/Adyen/adyen-java-api-library/pull/681,,25,,,
https://github.com/Adyen/adyen-java-api-library,6fb5cd049b57a22d2ec4465d204c15f1c90dd325,.,com.adyen.CheckoutTest.TestMobilePayDetailsSerialization,ID,Accepted,https://github.com/Adyen/adyen-java-api-library/pull/681,,25,,,
https://github.com/Adyen/adyen-java-api-library,6fb5cd049b57a22d2ec4465d204c15f1c90dd325,.,com.adyen.CheckoutTest.TestMolPayDetailsSerialization,ID,Accepted,https://github.com/Adyen/adyen-java-api-library/pull/681,,25,,,
https://github.com/Adyen/adyen-java-api-library,6fb5cd049b57a22d2ec4465d204c15f1c90dd325,.,com.adyen.CheckoutTest.TestPaymentMethodDetails,ID,Accepted,https://github.com/Adyen/adyen-java-api-library/pull/681,,25,,,
https://github.com/Adyen/adyen-java-api-library,6fb5cd049b57a22d2ec4465d204c15f1c90dd325,.,com.adyen.CheckoutTest.TestPayPalDetails,ID,Accepted,https://github.com/Adyen/adyen-java-api-library/pull/681,,25,,,
https://github.com/Adyen/adyen-java-api-library,6fb5cd049b57a22d2ec4465d204c15f1c90dd325,.,com.adyen.CheckoutTest.TestPayUUpiDetailsSerialization,ID,Accepted,https://github.com/Adyen/adyen-java-api-library/pull/681,,25,,,
https://github.com/Adyen/adyen-java-api-library,6fb5cd049b57a22d2ec4465d204c15f1c90dd325,.,com.adyen.CheckoutTest.TestQiwiWalletDetailsSerialization,ID,Accepted,https://github.com/Adyen/adyen-java-api-library/pull/681,,25,,,
https://github.com/Adyen/adyen-java-api-library,6fb5cd049b57a22d2ec4465d204c15f1c90dd325,.,com.adyen.CheckoutTest.TestRecurringPaymentMethodDetails,ID,Accepted,https://github.com/Adyen/adyen-java-api-library/pull/681,,25,,,
https://github.com/Adyen/adyen-java-api-library,6fb5cd049b57a22d2ec4465d204c15f1c90dd325,.,com.adyen.CheckoutTest.TestRecurringProcessingModels,ID,Accepted,https://github.com/Adyen/adyen-java-api-library/pull/681,,25,,,
https://github.com/Adyen/adyen-java-api-library,6fb5cd049b57a22d2ec4465d204c15f1c90dd325,.,com.adyen.CheckoutTest.TestSamsungPayDetailsSerialization,ID,Accepted,https://github.com/Adyen/adyen-java-api-library/pull/681,,25,,,
https://github.com/Adyen/adyen-java-api-library,6fb5cd049b57a22d2ec4465d204c15f1c90dd325,.,com.adyen.CheckoutTest.TestSepaDirectDebitDetailsSerialization,ID,Accepted,https://github.com/Adyen/adyen-java-api-library/pull/681,,25,,,
https://github.com/Adyen/adyen-java-api-library,6fb5cd049b57a22d2ec4465d204c15f1c90dd325,.,com.adyen.CheckoutTest.TestSepaPaymentMethodDetails,ID,Accepted,https://github.com/Adyen/adyen-java-api-library/pull/681,,25,,,
https://github.com/Adyen/adyen-java-api-library,6fb5cd049b57a22d2ec4465d204c15f1c90dd325,.,com.adyen.CheckoutTest.TestShopperNotificationReferencePaymentMethodDetails,ID,Accepted,https://github.com/Adyen/adyen-java-api-library/pull/681,,25,,,
https://github.com/Adyen/adyen-java-api-library,6fb5cd049b57a22d2ec4465d204c15f1c90dd325,.,com.adyen.CheckoutTest.TestVippsDetailsSerialization,ID,Accepted,https://github.com/Adyen/adyen-java-api-library/pull/681,,25,,,
https://github.com/Adyen/adyen-java-api-library,6fb5cd049b57a22d2ec4465d204c15f1c90dd325,.,com.adyen.CheckoutTest.TestVisaCheckoutDetailsSerialization,ID,Accepted,https://github.com/Adyen/adyen-java-api-library/pull/681,,25,,,
https://github.com/Adyen/adyen-java-api-library,6fb5cd049b57a22d2ec4465d204c15f1c90dd325,.,com.adyen.CheckoutTest.TestWeChatPayDetailsSerialization,ID,Accepted,https://github.com/Adyen/adyen-java-api-library/pull/681,,25,,,
https://github.com/Adyen/adyen-java-api-library,6fb5cd049b57a22d2ec4465d204c15f1c90dd325,.,com.adyen.CheckoutTest.TestWeChatPayMiniProgramDetailsSerialization,ID,Accepted,https://github.com/Adyen/adyen-java-api-library/pull/681,,25,,,
https://github.com/Adyen/adyen-java-api-library,6fb5cd049b57a22d2ec4465d204c15f1c90dd325,.,com.adyen.NotificationTest.testGsonAndJacksonSerializeNotificationRequest,ID,Accepted,https://github.com/Adyen/adyen-java-api-library/pull/681,,25,,,
https://github.com/Adyen/adyen-java-api-library,6fb5cd049b57a22d2ec4465d204c15f1c90dd325,.,com.adyen.PaymentRequestBuilderTest.Test3DSecureRequest,ID,Accepted,https://github.com/Adyen/adyen-java-api-library/pull/681,,25,,,
https://github.com/Adyen/adyen-java-api-library,6fb5cd049b57a22d2ec4465d204c15f1c90dd325,.,com.adyen.PaymentRequestBuilderTest.TestCCPaymentRequest,ID,Accepted,https://github.com/Adyen/adyen-java-api-library/pull/681,,25,,,
https://github.com/Adyen/adyen-java-api-library,6fb5cd049b57a22d2ec4465d204c15f1c90dd325,.,com.adyen.PaymentRequestBuilderTest.TestCSEPaymentRequest,ID,Accepted,https://github.com/Adyen/adyen-java-api-library/pull/681,,25,,,
https://github.com/Adyen/adyen-java-api-library,6fb5cd049b57a22d2ec4465d204c15f1c90dd325,.,com.adyen.serializer.SaleToAcquirerDataSerializerTest.testSerialize,ID,Accepted,https://github.com/Adyen/adyen-java-api-library/pull/681,,25,,,
https://github.com/Adyen/adyen-java-api-library,6fb5cd049b57a22d2ec4465d204c15f1c90dd325,.,com.adyen.service.CheckoutTest.testPaymentsRequestWithXidAndCavv,ID,Accepted,https://github.com/Adyen/adyen-java-api-library/pull/681,,25,,,
https://github.com/alibaba/druid,ad05a9293b6be2d5562807698b215b673db0417a,utils,com.alibaba.druid.bvt.utils.JdbcUtilsTest.test_curd,ID,Accepted,https://github.com/alibaba/druid/pull/4717,424701700fef8b77e142d00e50e74d0c5971f184,1,,,
https://github.com/alibaba/easyexcel,756f16e42fbd7bc5c7fa18426cbc02fc81a42057,.,com.alibaba.easyexcel.test.core.simple.SimpleDataTest.t03SynchronousRead07,OD,Accepted,https://github.com/alibaba/easyexcel/pull/1684,9c6c9562d0d9e772d987d16470883f74bb614849,1,,,
https://github.com/alibaba/easyexcel,756f16e42fbd7bc5c7fa18426cbc02fc81a42057,.,com.alibaba.easyexcel.test.core.simple.SimpleDataTest.t04SynchronousRead03,OD,Accepted,https://github.com/alibaba/easyexcel/pull/1684,9c6c9562d0d9e772d987d16470883f74bb614850,1,,,
https://github.com/alibaba/fastjson,e05e9c5e4be580691cc55a59f3256595393203a1,.,com.alibaba.json.bvt.bug.Bug_for_smoothrat6.test_set,ID,Accepted,https://github.com/alibaba/fastjson/pull/3117,f8d8d552a3ff0ed6d0f6161e08e001a58916f8b1,1,,RepoArchived,
https://github.com/alibaba/fastjson,e05e9c5e4be580691cc55a59f3256595393203a1,.,com.alibaba.json.bvt.date.DateTest.test_date,OD,Accepted,https://github.com/alibaba/fastjson/pull/2148,8d3e2af2c3444c50c7e29c410869e442a88284fd,1,,RepoArchived,
https://github.com/alibaba/fastjson,e05e9c5e4be580691cc55a59f3256595393203a1,.,com.alibaba.json.bvt.date.DateTest_tz.test_codec,OD,Accepted,https://github.com/alibaba/fastjson/pull/2148,8d3e2af2c3444c50c7e29c410869e442a88284fd,1,,RepoArchived,
https://github.com/alibaba/fastjson,e05e9c5e4be580691cc55a59f3256595393203a1,.,com.alibaba.json.bvt.guava.ArrayListMultimapTest.test_for_multimap,ID,Accepted,https://github.com/alibaba/fastjson/pull/3502,1e25425fb0edd1334cb9e991971075c383ef1ac8,1,,RepoArchived,
https://github.com/alibaba/fastjson,e05e9c5e4be580691cc55a59f3256595393203a1,.,com.alibaba.json.bvt.guava.HashMultimapTest.test_for_multimap,ID,Accepted,https://github.com/alibaba/fastjson/pull/3570,433398d5fdff70e4f719b28d21a71ec13b625c71,5,,RepoArchived,
https://github.com/alibaba/fastjson,e05e9c5e4be580691cc55a59f3256595393203a1,.,com.alibaba.json.bvt.issue_1100.Issue1177_2.test_for_issue,ID,Accepted,https://github.com/alibaba/fastjson/pull/3042,65ae52b6b646560dbdeb33991ebb49d0e4f91eea,1,,RepoArchived,
https://github.com/alibaba/fastjson,e05e9c5e4be580691cc55a59f3256595393203a1,.,com.alibaba.json.bvt.issue_1200.Issue1298.test_for_issue,OD,Accepted,https://github.com/alibaba/fastjson/pull/2148,8d3e2af2c3444c50c7e29c410869e442a88284fd,1,,RepoArchived,
https://github.com/alibaba/fastjson,e05e9c5e4be580691cc55a59f3256595393203a1,.,com.alibaba.json.bvt.issue_1200.Issue1298.test_for_issue_1,OD,Accepted,https://github.com/alibaba/fastjson/pull/2148,8d3e2af2c3444c50c7e29c410869e442a88284fd,1,,RepoArchived,
https://github.com/alibaba/fastjson,e05e9c5e4be580691cc55a59f3256595393203a1,.,com.alibaba.json.bvt.issue_1400.Issue1480.test_for_issue,ID,Accepted,https://github.com/alibaba/fastjson/pull/3025,0f4379b58cc54e8e4429770f32f8e1c86202a028,1,,RepoArchived,
https://github.com/alibaba/fastjson,e05e9c5e4be580691cc55a59f3256595393203a1,.,com.alibaba.json.bvt.issue_1500.Issue1584.test_for_issue,ID,Accepted,https://github.com/alibaba/fastjson/pull/3570,433398d5fdff70e4f719b28d21a71ec13b625c71,5,,RepoArchived,
https://github.com/alibaba/fastjson,e05e9c5e4be580691cc55a59f3256595393203a1,.,com.alibaba.json.bvt.issue_1600.Issue1679.test_for_issue,OD,Accepted,https://github.com/alibaba/fastjson/pull/2148,8d3e2af2c3444c50c7e29c410869e442a88284fd,1,,RepoArchived,
https://github.com/alibaba/fastjson,5c6d6fd471ea1fab59f0df2dd31e0b936806780d,.,com.alibaba.json.bvt.issue_1700.Issue1780_JSONObject.test_for_issue,ID,Accepted,https://github.com/alibaba/fastjson/pull/3483,8640693c5e1299b6cdec08a6fc87b6c4c6d72601,1,,https://github.com/TestingResearchIllinois/flaky-test-dataset/issues/8;RepoArchived,
https://github.com/alibaba/fastjson,5c6d6fd471ea1fab59f0df2dd31e0b936806780d,.,com.alibaba.json.bvt.issue_1700.Issue1780_Module.test_for_issue,ID,Accepted,https://github.com/alibaba/fastjson/pull/3483,8640693c5e1299b6cdec08a6fc87b6c4c6d72602,1,,https://github.com/TestingResearchIllinois/flaky-test-dataset/issues/8;RepoArchived,
https://github.com/alibaba/fastjson,e05e9c5e4be580691cc55a59f3256595393203a1,.,com.alibaba.json.bvt.issue_1900.Issue1977.test_for_issue,OD,Accepted,https://github.com/alibaba/fastjson/pull/2148,8d3e2af2c3444c50c7e29c410869e442a88284fd,1,,RepoArchived,
https://github.com/alibaba/fastjson,3ea25de368b185e3c9f3d56e46a4cfcdb9265318,.,com.alibaba.json.bvt.issue_2400.Issue2430.testForIssue,ID,Accepted,https://github.com/alibaba/fastjson/pull/3503,979148d8212b29f3e34ca4036a919bfeaf5bf7a7,1,,RepoArchived,
https://github.com/alibaba/fastjson,3ea25de368b185e3c9f3d56e46a4cfcdb9265318,.,com.alibaba.json.bvt.issue_2400.Issue2430.testForIssue2,ID,Accepted,https://github.com/alibaba/fastjson/pull/3503,979148d8212b29f3e34ca4036a919bfeaf5bf7a8,1,,RepoArchived,
https://github.com/alibaba/fastjson,3ea25de368b185e3c9f3d56e46a4cfcdb9265318,.,com.alibaba.json.bvt.issue_3000.Issue3082.test_for_issue,ID,Accepted,https://github.com/alibaba/fastjson/pull/3570,433398d5fdff70e4f719b28d21a71ec13b625c71,5,,RepoArchived,
https://github.com/alibaba/fastjson,e05e9c5e4be580691cc55a59f3256595393203a1,.,com.alibaba.json.bvt.jsonp.JSONPParseTest2.test_f,ID,Accepted,https://github.com/alibaba/fastjson/pull/2799,a72512de6ee55b0ddf108306f22e08e2496f68f6,1,,RepoArchived,
https://github.com/alibaba/fastjson,e05e9c5e4be580691cc55a59f3256595393203a1,.,com.alibaba.json.bvt.jsonp.JSONPParseTest3.test_f,ID,Accepted,https://github.com/alibaba/fastjson/pull/3011,b5bfe1f9b7b358fdf4847b01d73f016c19539fa3,1,,RepoArchived,
https://github.com/alibaba/fastjson,e05e9c5e4be580691cc55a59f3256595393203a1,.,com.alibaba.json.bvt.parser.DefaultExtJSONParser_parseArray.test_7,OD,Accepted,https://github.com/alibaba/fastjson/pull/3291,7be1436ca15284cb97d4896f3f0b31cbf7a5606f,1,,RepoArchived,
https://github.com/alibaba/fastjson,e05e9c5e4be580691cc55a59f3256595393203a1,.,com.alibaba.json.bvt.parser.DefaultExtJSONParser_parseArray.test_8,OD,Accepted,https://github.com/alibaba/fastjson/pull/3291,7be1436ca15284cb97d4896f3f0b31cbf7a5606f,1,,RepoArchived,
https://github.com/alibaba/fastjson,37ed66bcaa3b0c88c5f3f0b09e6b4029c72c14cd,.,com.alibaba.json.bvt.parser.TypeUtilsTest.test_cast_to_Timestamp_1970_01_01_00_00_00,ID,Accepted,https://github.com/alibaba/fastjson/pull/3572,097c688e6991002ab382e66ba937bafacbb94382,1,,RepoArchived,
https://github.com/alibaba/fastjson,3ea25de368b185e3c9f3d56e46a4cfcdb9265318,.,com.alibaba.json.bvt.path.JSONPath_reverse_test.test_reserve,ID,Accepted,https://github.com/alibaba/fastjson/pull/3530,6e956d2c455efc7fa6c6f7c9a2fa5561b7a29463,1,,RepoArchived,
https://github.com/alibaba/fastjson,3ea25de368b185e3c9f3d56e46a4cfcdb9265318,.,com.alibaba.json.bvt.path.JSONPath_reverse_test.test_reserve3,ID,Accepted,https://github.com/alibaba/fastjson/pull/3530,6e956d2c455efc7fa6c6f7c9a2fa5561b7a29463,1,,RepoArchived,
https://github.com/alibaba/fastjson,e05e9c5e4be580691cc55a59f3256595393203a1,.,com.alibaba.json.bvt.serializer.date.DateTest4_indian.test_date,OD,Accepted,https://github.com/alibaba/fastjson/pull/2148,8d3e2af2c3444c50c7e29c410869e442a88284fd,1,,RepoArchived,
https://github.com/alibaba/fastjson,e05e9c5e4be580691cc55a59f3256595393203a1,.,com.alibaba.json.bvt.serializer.date.DateTest5_iso8601.test_date,OD,Accepted,https://github.com/alibaba/fastjson/pull/2148,8d3e2af2c3444c50c7e29c410869e442a88284fd,1,,RepoArchived,
https://github.com/alibaba/fastjson,e05e9c5e4be580691cc55a59f3256595393203a1,.,com.alibaba.json.bvt.serializer.JSONSerializerTest2.test_0,OD,Accepted,https://github.com/alibaba/fastjson/pull/2133,22a13a9d7b2ab84b31045df12c6a071d14bf33c3,2,,RepoArchived,
https://github.com/alibaba/fastjson,e05e9c5e4be580691cc55a59f3256595393203a1,.,com.alibaba.json.bvt.support.spring.mock.testcase.FastJsonpHttpMessageConverter4Case1Test.test1_2,ID,Accepted,https://github.com/alibaba/fastjson/pull/3569,1c520a9dcf3ce5c217decd274b1576cf140163ab,1,,RepoArchived,
https://github.com/alibaba/fastjson,e05e9c5e4be580691cc55a59f3256595393203a1,.,com.alibaba.json.bvt.support.spring.mock.testcase.FastJsonpHttpMessageConverter4Case1Test.test2_2,ID,Accepted,https://github.com/alibaba/fastjson/pull/3569,1c520a9dcf3ce5c217decd274b1576cf140163ab,1,,RepoArchived,
https://github.com/alibaba/fastjson,e05e9c5e4be580691cc55a59f3256595393203a1,.,com.alibaba.json.bvt.support.spring.mock.testcase.FastJsonpHttpMessageConverter4Case2Test.test1_2,ID,Accepted,https://github.com/alibaba/fastjson/pull/3569,1c520a9dcf3ce5c217decd274b1576cf140163ab,1,,RepoArchived,
https://github.com/alibaba/fastjson,e05e9c5e4be580691cc55a59f3256595393203a1,.,com.alibaba.json.bvt.support.spring.mock.testcase.FastJsonpHttpMessageConverter4Case2Test.test2_2,ID,Accepted,https://github.com/alibaba/fastjson/pull/3569,1c520a9dcf3ce5c217decd274b1576cf140163ab,1,,RepoArchived,
https://github.com/alibaba/fastjson,e05e9c5e4be580691cc55a59f3256595393203a1,.,com.alibaba.json.bvt.support.spring.mock.testcase.FastJsonpHttpMessageConverter4Case3Test.test1_2,ID,Accepted,https://github.com/alibaba/fastjson/pull/3569,1c520a9dcf3ce5c217decd274b1576cf140163ab,1,,RepoArchived,
https://github.com/alibaba/fastjson,e05e9c5e4be580691cc55a59f3256595393203a1,.,com.alibaba.json.bvt.support.spring.mock.testcase.FastJsonpHttpMessageConverter4Case3Test.test2_2,ID,Accepted,https://github.com/alibaba/fastjson/pull/3569,1c520a9dcf3ce5c217decd274b1576cf140163ab,1,,RepoArchived,
https://github.com/alibaba/fastjson,e05e9c5e4be580691cc55a59f3256595393203a1,.,com.alibaba.json.bvt.writeClassName.WriteDuplicateType.test_dupType2,ID,Accepted,https://github.com/alibaba/fastjson/pull/2996,6ccc7475b73327785e2f41150808d3dfccbc6466,1,,RepoArchived,
https://github.com/alibaba/fastjson2,450d9fe5a39f9f911f06882a302a585b93a586fa,fastjson1-compatible,com.alibaba.fastjson.geo.FeatureCollectionTest.test_geo,ID,Accepted,https://github.com/alibaba/fastjson2/pull/2034,1c400ba8a278271d0d57202a81cb4cfa0d077d91,1,,https://github.com/alibaba/fastjson2/issues/2033,
https://github.com/alibaba/fastjson2,450d9fe5a39f9f911f06882a302a585b93a586fa,fastjson1-compatible,com.alibaba.fastjson.issue_1100.Issue1177_1.test_for_issue,ID,Accepted,https://github.com/alibaba/fastjson2/pull/2030,63f7d11430c5e0805ded212e3f20c1c86f7d1199,1,,https://github.com/alibaba/fastjson2/issues/2029,
https://github.com/alibaba/fastjson2,450d9fe5a39f9f911f06882a302a585b93a586fa,fastjson1-compatible,com.alibaba.fastjson.issue_1100.Issue1177_2.test_for_issue,ID,Accepted,https://github.com/alibaba/fastjson2/pull/2026,263805878f5939de58e7c886f1dc08f70f772937,1,,https://github.com/alibaba/fastjson2/issues/2017,
https://github.com/alibaba/fastjson2,450d9fe5a39f9f911f06882a302a585b93a586fa,fastjson1-compatible,com.alibaba.fastjson.issue_1300.Issue1363.test_for_issue,ID,Accepted,https://github.com/alibaba/fastjson2/pull/2034,1c400ba8a278271d0d57202a81cb4cfa0d077d91,1,,https://github.com/alibaba/fastjson2/issues/2033,
https://github.com/alibaba/fastjson2,450d9fe5a39f9f911f06882a302a585b93a586fa,fastjson1-compatible,com.alibaba.fastjson.issue_1300.Issue1363.test_for_issue_1,ID,Accepted,https://github.com/alibaba/fastjson2/pull/2034,1c400ba8a278271d0d57202a81cb4cfa0d077d91,1,,https://github.com/alibaba/fastjson2/issues/2033,
https://github.com/alibaba/fastjson2,450d9fe5a39f9f911f06882a302a585b93a586fa,fastjson1-compatible,com.alibaba.fastjson.issue_1900.Issue1972.test_for_issue,ID,Accepted,https://github.com/alibaba/fastjson2/pull/2034,1c400ba8a278271d0d57202a81cb4cfa0d077d91,1,,https://github.com/alibaba/fastjson2/issues/2033,
https://github.com/alibaba/fastjson2,450d9fe5a39f9f911f06882a302a585b93a586fa,fastjson1-compatible,com.alibaba.fastjson.issue_2100.Issue2182.test_for_issue,ID,Accepted,https://github.com/alibaba/fastjson2/pull/2030,63f7d11430c5e0805ded212e3f20c1c86f7d1199,1,,https://github.com/alibaba/fastjson2/issues/2029,
https://github.com/alibaba/fastjson2,450d9fe5a39f9f911f06882a302a585b93a586fa,fastjson1-compatible,com.alibaba.fastjson.issue_2400.Issue2428.test_for_issue,ID,Accepted,https://github.com/alibaba/fastjson2/pull/2030,63f7d11430c5e0805ded212e3f20c1c86f7d1199,1,,https://github.com/alibaba/fastjson2/issues/2029,
https://github.com/alibaba/fastjson2,450d9fe5a39f9f911f06882a302a585b93a586fa,fastjson1-compatible,com.alibaba.fastjson.issue_2400.Issue2447.test_for_issue,ID,Accepted,https://github.com/alibaba/fastjson2/pull/2030,63f7d11430c5e0805ded212e3f20c1c86f7d1199,1,,https://github.com/alibaba/fastjson2/issues/2029,
https://github.com/alibaba/fastjson2,450d9fe5a39f9f911f06882a302a585b93a586fa,fastjson1-compatible,com.alibaba.fastjson.issue_2400.Issue2447.test_for_issue2,ID,Accepted,https://github.com/alibaba/fastjson2/pull/2026,263805878f5939de58e7c886f1dc08f70f772937,1,,https://github.com/alibaba/fastjson2/issues/2017,
https://github.com/alibaba/fastjson2,450d9fe5a39f9f911f06882a302a585b93a586fa,fastjson1-compatible,com.alibaba.fastjson.jsonp.JSONPParseTest.test_f,ID,Accepted,https://github.com/alibaba/fastjson2/pull/2034,1c400ba8a278271d0d57202a81cb4cfa0d077d91,1,,https://github.com/alibaba/fastjson2/issues/2033,
https://github.com/alibaba/fastjson2,450d9fe5a39f9f911f06882a302a585b93a586fa,fastjson1-compatible,com.alibaba.fastjson.jsonp.JSONPParseTest1.test_f,ID,Accepted,https://github.com/alibaba/fastjson2/pull/2034,1c400ba8a278271d0d57202a81cb4cfa0d077d91,1,,https://github.com/alibaba/fastjson2/issues/2033,
https://github.com/alibaba/fastjson2,3de60a9769f2c95cbceef13b0158b1af934ab323,core,com.alibaba.fastjson2.codec.JSONBTableTest3.test_0,ID,Accepted,https://github.com/alibaba/fastjson2/pull/3097,4d71c705c653e71375439f1da8a72710b6b846be,1,,https://github.com/alibaba/fastjson2/issues/3096,
https://github.com/alibaba/fastjson2,3de60a9769f2c95cbceef13b0158b1af934ab323,core,com.alibaba.fastjson2.codec.JSONBTableTest3.test_1,ID,Accepted,https://github.com/alibaba/fastjson2/pull/3097,4d71c705c653e71375439f1da8a72710b6b846be,1,,https://github.com/alibaba/fastjson2/issues/3096,
https://github.com/alibaba/fastjson2,450d9fe5a39f9f911f06882a302a585b93a586fa,core,com.alibaba.fastjson2.dubbo.DubboTest4.test6,ID,Accepted,https://github.com/alibaba/fastjson2/pull/3150,2da286c2a998035793fa4410e3e32a2c6b19edad,1,,https://github.com/alibaba/fastjson2/issues/3149,
https://github.com/alibaba/fastjson2,450d9fe5a39f9f911f06882a302a585b93a586fa,core,com.alibaba.fastjson2.features.MapSortFieldTest.test,ID,Accepted,https://github.com/alibaba/fastjson2/pull/2056,25166fa3f31edcc3a9861e87f5c268057c800ebc,1,,https://github.com/alibaba/fastjson2/issues/2055,
https://github.com/alibaba/fastjson2,450d9fe5a39f9f911f06882a302a585b93a586fa,extension,com.alibaba.fastjson2.geo.FeatureCollectionTest.test_geo,ID,Accepted,https://github.com/alibaba/fastjson2/pull/2056,25166fa3f31edcc3a9861e87f5c268057c800ebc,1,,https://github.com/alibaba/fastjson2/issues/2055,
https://github.com/alibaba/fastjson2,3de60a9769f2c95cbceef13b0158b1af934ab323,codegen-test,com.alibaba.fastjson2.internal.processor.annotation.MapTest.test,ID,Accepted,https://github.com/alibaba/fastjson2/pull/3159,aaf9cbbdc538cf8fd2535abd48c1d97ff05700dd,1,,https://github.com/alibaba/fastjson2/issues/3158,
https://github.com/alibaba/fastjson2,3de60a9769f2c95cbceef13b0158b1af934ab323,codegen-test,com.alibaba.fastjson2.internal.processor.annotation.MapTest.test1,ID,Accepted,https://github.com/alibaba/fastjson2/pull/3159,aaf9cbbdc538cf8fd2535abd48c1d97ff05700dd,1,,https://github.com/alibaba/fastjson2/issues/3158,
https://github.com/alibaba/fastjson2,3de60a9769f2c95cbceef13b0158b1af934ab323,codegen-test,com.alibaba.fastjson2.internal.processor.annotation.MapTest.test2,ID,Accepted,https://github.com/alibaba/fastjson2/pull/3159,aaf9cbbdc538cf8fd2535abd48c1d97ff05700dd,1,,https://github.com/alibaba/fastjson2/issues/3158,
https://github.com/alibaba/fastjson2,3de60a9769f2c95cbceef13b0158b1af934ab323,codegen-test,,,,,aaf9cbbdc538cf8fd2535abd48c1d97ff05700dd,1,,https://github.com/alibaba/fastjson2/issues/3158,
https://github.com/alibaba/fastjson2,3de60a9769f2c95cbceef13b0158b1af934ab323,codegen-test,,,,,2a898e6f44c4103fed0e8c92a91817d89605c36f,1,,https://github.com/alibaba/fastjson2/issues/3165,
https://github.com/alibaba/fastjson2,450d9fe5a39f9f911f06882a302a585b93a586fa,core,com.alibaba.fastjson2.issues.Issue1411.test5,ID,Accepted,https://github.com/alibaba/fastjson2/pull/2056,25166fa3f31edcc3a9861e87f5c268057c800ebc,1,,https://github.com/alibaba/fastjson2/issues/2055,
https://github.com/alibaba/fastjson2,450d9fe5a39f9f911f06882a302a585b93a586fa,core,com.alibaba.fastjson2.issues.Issue273.test,ID,Accepted,https://github.com/alibaba/fastjson2/pull/2056,25166fa3f31edcc3a9861e87f5c268057c800ebc,1,,https://github.com/alibaba/fastjson2/issues/2055,
https://github.com/alibaba/fastjson2,450d9fe5a39f9f911f06882a302a585b93a586fa,core,com.alibaba.fastjson2.issues.Issue507.test,ID,Accepted,https://github.com/alibaba/fastjson2/pull/2169,927bb9f1917636b87026ad90660f83fc4c2be61c,1,,,
https://github.com/alibaba/fastjson2,450d9fe5a39f9f911f06882a302a585b93a586fa,core,com.alibaba.fastjson2.issues.Issue507.test1,ID,Accepted,https://github.com/alibaba/fastjson2/pull/2056,25166fa3f31edcc3a9861e87f5c268057c800ebc,1,,https://github.com/alibaba/fastjson2/issues/2055,
https://github.com/alibaba/fastjson2,450d9fe5a39f9f911f06882a302a585b93a586fa,core,com.alibaba.fastjson2.issues.Issue586.test,ID,Accepted,https://github.com/alibaba/fastjson2/pull/2056,25166fa3f31edcc3a9861e87f5c268057c800ebc,1,,https://github.com/alibaba/fastjson2/issues/2055,
https://github.com/alibaba/fastjson2,450d9fe5a39f9f911f06882a302a585b93a586fa,core,com.alibaba.fastjson2.issues_1000.Issue1269.test,ID,Accepted,https://github.com/alibaba/fastjson2/pull/2056,25166fa3f31edcc3a9861e87f5c268057c800ebc,1,,https://github.com/alibaba/fastjson2/issues/2055,
https://github.com/alibaba/fastjson2,450d9fe5a39f9f911f06882a302a585b93a586fa,core,com.alibaba.fastjson2.issues_1000.Issue1401.test,ID,Accepted,https://github.com/alibaba/fastjson2/pull/2056,25166fa3f31edcc3a9861e87f5c268057c800ebc,1,,https://github.com/alibaba/fastjson2/issues/2055,
https://github.com/alibaba/fastjson2,450d9fe5a39f9f911f06882a302a585b93a586fa,core,com.alibaba.fastjson2.issues_1000.Issue1479.test,ID,Accepted,https://github.com/alibaba/fastjson2/pull/2056,25166fa3f31edcc3a9861e87f5c268057c800ebc,1,,https://github.com/alibaba/fastjson2/issues/2055,
https://github.com/alibaba/fastjson2,450d9fe5a39f9f911f06882a302a585b93a586fa,core,com.alibaba.fastjson2.issues_1000.Issue1494.test,ID,Accepted,https://github.com/alibaba/fastjson2/pull/2056,25166fa3f31edcc3a9861e87f5c268057c800ebc,1,,https://github.com/alibaba/fastjson2/issues/2055,
https://github.com/alibaba/fastjson2,450d9fe5a39f9f911f06882a302a585b93a586fa,core,com.alibaba.fastjson2.issues_1700.Issue1745.test,ID,Accepted,https://github.com/alibaba/fastjson2/pull/2056,25166fa3f31edcc3a9861e87f5c268057c800ebc,1,,https://github.com/alibaba/fastjson2/issues/2055,
https://github.com/alibaba/fastjson2,3de60a9769f2c95cbceef13b0158b1af934ab323,core,com.alibaba.fastjson2.issues_2600.Issue2644.testJsonBackReference,ID,Accepted,https://github.com/alibaba/fastjson2/pull/3127,ca1d527e6407cc53683ac83f6ae40ab346ad34d2,1,,https://github.com/alibaba/fastjson2/issues/3126,
https://github.com/alibaba/fastjson2,3de60a9769f2c95cbceef13b0158b1af934ab323,core,com.alibaba.fastjson2.issues_2600.Issue2672.test,ID,Accepted,https://github.com/alibaba/fastjson2/pull/3106,949c422c4a95bfdcfb07153a8b1590c11fde5800,1,,https://github.com/alibaba/fastjson2/issues/3098,
https://github.com/alibaba/fastjson2,3de60a9769f2c95cbceef13b0158b1af934ab323,core,com.alibaba.fastjson2.issues_2800.Issue2836.test,ID,Accepted,https://github.com/alibaba/fastjson2/pull/3127,ca1d527e6407cc53683ac83f6ae40ab346ad34d2,1,,https://github.com/alibaba/fastjson2/issues/3126,
https://github.com/alibaba/fastjson2,3de60a9769f2c95cbceef13b0158b1af934ab323,core,com.alibaba.fastjson2.issues_2900.Issue2959.test,ID,Accepted,https://github.com/alibaba/fastjson2/pull/3150,2da286c2a998035793fa4410e3e32a2c6b19edad,1,,https://github.com/alibaba/fastjson2/issues/3149,
https://github.com/alibaba/fastjson2,450d9fe5a39f9f911f06882a302a585b93a586fa,core,com.alibaba.fastjson2.jackson_support.JsonIncludeTest.test1,ID,Accepted,https://github.com/alibaba/fastjson2/pull/2056,25166fa3f31edcc3a9861e87f5c268057c800ebc,1,,https://github.com/alibaba/fastjson2/issues/2055,
https://github.com/alibaba/fastjson2,3de60a9769f2c95cbceef13b0158b1af934ab323,core,com.alibaba.fastjson2.jackson_support.JsonManagedReferenceTest.test1,ID,Accepted,https://github.com/alibaba/fastjson2/pull/3107,b4e69f91879afbc3c39aaa3bdc4e3d743d22e056,1,,https://github.com/alibaba/fastjson2/issues/3094,
https://github.com/alibaba/fastjson2,3de60a9769f2c95cbceef13b0158b1af934ab323,core,com.alibaba.fastjson2.jackson_support.JsonManagedReferenceTest.testJsonBackReference,ID,Accepted,https://github.com/alibaba/fastjson2/pull/3107,b4e69f91879afbc3c39aaa3bdc4e3d743d22e056,1,,https://github.com/alibaba/fastjson2/issues/3094,
https://github.com/alibaba/fastjson2,3de60a9769f2c95cbceef13b0158b1af934ab323,extension-solon,com.alibaba.fastjson2.support.solon.test.config.test0.QuickConfigTest.hello2,ID,Accepted,https://github.com/alibaba/fastjson2/pull/3166,2a898e6f44c4103fed0e8c92a91817d89605c36f,1,,https://github.com/alibaba/fastjson2/issues/3165,
https://github.com/alibaba/fastjson2,3de60a9769f2c95cbceef13b0158b1af934ab323,extension-solon,com.alibaba.fastjson2.support.solon.test.config.test1.QuickConfigTest.hello2,ID,Accepted,https://github.com/alibaba/fastjson2/pull/3166,2a898e6f44c4103fed0e8c92a91817d89605c36f,1,,https://github.com/alibaba/fastjson2/issues/3165,
https://github.com/alibaba/fastjson2,3de60a9769f2c95cbceef13b0158b1af934ab323,extension-solon,com.alibaba.fastjson2.support.solon.test.config.test1.QuickConfigTest2.hello2,ID,Accepted,https://github.com/alibaba/fastjson2/pull/3166,2a898e6f44c4103fed0e8c92a91817d89605c36f,1,,https://github.com/alibaba/fastjson2/issues/3165,
https://github.com/alibaba/fastjson2,3de60a9769f2c95cbceef13b0158b1af934ab323,extension-solon,com.alibaba.fastjson2.support.solon.test.config.test2.QuickConfigTest.hello2,ID,Accepted,https://github.com/alibaba/fastjson2/pull/3166,2a898e6f44c4103fed0e8c92a91817d89605c36f,1,,https://github.com/alibaba/fastjson2/issues/3165,
https://github.com/alibaba/fastjson2,450d9fe5a39f9f911f06882a302a585b93a586fa,core,com.alibaba.fastjson2.v1issues.geo.FeatureCollectionTest.test_geo,ID,Accepted,https://github.com/alibaba/fastjson2/pull/2056,25166fa3f31edcc3a9861e87f5c268057c800ebc,1,,https://github.com/alibaba/fastjson2/issues/2055,
https://github.com/alibaba/fastjson2,450d9fe5a39f9f911f06882a302a585b93a586fa,core,com.alibaba.fastjson2.v1issues.issue_1100.Issue1177_2.test_for_issue,ID,Accepted,https://github.com/alibaba/fastjson2/pull/2056,25166fa3f31edcc3a9861e87f5c268057c800ebc,1,,https://github.com/alibaba/fastjson2/issues/2055,
https://github.com/alibaba/fastjson2,450d9fe5a39f9f911f06882a302a585b93a586fa,core,com.alibaba.fastjson2.v1issues.issue_2100.Issue2182.test_for_issue,ID,Accepted,https://github.com/alibaba/fastjson2/pull/2056,25166fa3f31edcc3a9861e87f5c268057c800ebc,1,,https://github.com/alibaba/fastjson2/issues/2055,
https://github.com/alibaba/fastjson2,450d9fe5a39f9f911f06882a302a585b93a586fa,core,com.alibaba.fastjson2.v1issues.issue_2400.Issue2430.testForIssue,ID,Accepted,https://github.com/alibaba/fastjson2/pull/2056,25166fa3f31edcc3a9861e87f5c268057c800ebc,1,,https://github.com/alibaba/fastjson2/issues/2055,
https://github.com/alibaba/fastjson2,450d9fe5a39f9f911f06882a302a585b93a586fa,core,com.alibaba.fastjson2.v1issues.issue_2400.Issue2430.testForIssue2,ID,Accepted,https://github.com/alibaba/fastjson2/pull/2056,25166fa3f31edcc3a9861e87f5c268057c800ebc,1,,https://github.com/alibaba/fastjson2/issues/2055,
https://github.com/alibaba/fastjson2,450d9fe5a39f9f911f06882a302a585b93a586fa,core,com.alibaba.fastjson2.v1issues.issue_3800.Issue3824.test_for_issue3824,ID,Accepted,https://github.com/alibaba/fastjson2/pull/2056,25166fa3f31edcc3a9861e87f5c268057c800ebc,1,,https://github.com/alibaba/fastjson2/issues/2055,
https://github.com/alibaba/fastjson2,3de60a9769f2c95cbceef13b0158b1af934ab323,core,com.alibaba.fastjson2.v1issues.issue_3800.Issue3831.test_for_issue3831,ID,Accepted,https://github.com/alibaba/fastjson2/pull/3127,ca1d527e6407cc53683ac83f6ae40ab346ad34d2,1,,https://github.com/alibaba/fastjson2/issues/3126,
https://github.com/alibaba/fastjson2,450d9fe5a39f9f911f06882a302a585b93a586fa,core,com.alibaba.fastjson2.v1issues.issue_4000.Issue4008.test_for_issue4008,ID,Accepted,https://github.com/alibaba/fastjson2/pull/2056,25166fa3f31edcc3a9861e87f5c268057c800ebc,1,,https://github.com/alibaba/fastjson2/issues/2055,
https://github.com/alibaba/fastjson2,450d9fe5a39f9f911f06882a302a585b93a586fa,core,com.alibaba.fastjson2.writer.ObjectWriterSetTest.testJsonbSet,ID,Accepted,https://github.com/alibaba/fastjson2/pull/2056,25166fa3f31edcc3a9861e87f5c268057c800ebc,1,,https://github.com/alibaba/fastjson2/issues/2055,
https://github.com/alibaba/innodb-java-reader,24a95d8005d480d460c3004fad89cfa295b9cbb4,innodb-java-reader,com.alibaba.innodb.java.reader.sk.SimpleSkTableReaderTest.testQueryAllIteratorMysql56,ID,Accepted,https://github.com/alibaba/innodb-java-reader/pull/14,56c89f0f0396d71c17a67dc44799a1245e4a0a77,1,,,
https://github.com/alibaba/innodb-java-reader,24a95d8005d480d460c3004fad89cfa295b9cbb4,innodb-java-reader,com.alibaba.innodb.java.reader.sk.SimpleSkTableReaderTest.testQueryAllIteratorMysql57,ID,Accepted,https://github.com/alibaba/innodb-java-reader/pull/14,56c89f0f0396d71c17a67dc44799a1245e4a0a78,1,,,
https://github.com/alibaba/innodb-java-reader,24a95d8005d480d460c3004fad89cfa295b9cbb4,innodb-java-reader,com.alibaba.innodb.java.reader.sk.SimpleSkTableReaderTest.testQueryAllIteratorMysql80,ID,Accepted,https://github.com/alibaba/innodb-java-reader/pull/14,56c89f0f0396d71c17a67dc44799a1245e4a0a79,1,,,
https://github.com/alibaba/innodb-java-reader,24a95d8005d480d460c3004fad89cfa295b9cbb4,innodb-java-reader,com.alibaba.innodb.java.reader.sk.SimpleSkTableReaderTest.testQueryBySkAddress56,ID,Accepted,https://github.com/alibaba/innodb-java-reader/pull/14,56c89f0f0396d71c17a67dc44799a1245e4a0a80,1,,,
https://github.com/alibaba/innodb-java-reader,24a95d8005d480d460c3004fad89cfa295b9cbb4,innodb-java-reader,com.alibaba.innodb.java.reader.sk.SimpleSkTableReaderTest.testQueryBySkAddress57,ID,Accepted,https://github.com/alibaba/innodb-java-reader/pull/14,56c89f0f0396d71c17a67dc44799a1245e4a0a81,1,,,
https://github.com/alibaba/innodb-java-reader,24a95d8005d480d460c3004fad89cfa295b9cbb4,innodb-java-reader,com.alibaba.innodb.java.reader.sk.SimpleSkTableReaderTest.testQueryBySkAddress80,ID,Accepted,https://github.com/alibaba/innodb-java-reader/pull/14,56c89f0f0396d71c17a67dc44799a1245e4a0a82,1,,,
https://github.com/alibaba/innodb-java-reader,24a95d8005d480d460c3004fad89cfa295b9cbb4,innodb-java-reader,com.alibaba.innodb.java.reader.sk.SimpleSkTableReaderTest.testQueryBySkAddressProjectionMysql56,ID,Accepted,https://github.com/alibaba/innodb-java-reader/pull/14,56c89f0f0396d71c17a67dc44799a1245e4a0a83,1,,,
https://github.com/alibaba/innodb-java-reader,24a95d8005d480d460c3004fad89cfa295b9cbb4,innodb-java-reader,com.alibaba.innodb.java.reader.sk.SimpleSkTableReaderTest.testQueryBySkAddressProjectionMysql57,ID,Accepted,https://github.com/alibaba/innodb-java-reader/pull/14,56c89f0f0396d71c17a67dc44799a1245e4a0a84,1,,,
https://github.com/alibaba/innodb-java-reader,24a95d8005d480d460c3004fad89cfa295b9cbb4,innodb-java-reader,com.alibaba.innodb.java.reader.sk.SimpleSkTableReaderTest.testQueryBySkAddressProjectionMysql80,ID,Accepted,https://github.com/alibaba/innodb-java-reader/pull/14,56c89f0f0396d71c17a67dc44799a1245e4a0a85,1,,,
https://github.com/alibaba/innodb-java-reader,24a95d8005d480d460c3004fad89cfa295b9cbb4,innodb-java-reader,com.alibaba.innodb.java.reader.sk.SimpleSkTableReaderTest.testQueryBySkAgeDescMysql56,ID,Accepted,https://github.com/alibaba/innodb-java-reader/pull/14,56c89f0f0396d71c17a67dc44799a1245e4a0a86,1,,,
https://github.com/alibaba/innodb-java-reader,24a95d8005d480d460c3004fad89cfa295b9cbb4,innodb-java-reader,com.alibaba.innodb.java.reader.sk.SimpleSkTableReaderTest.testQueryBySkAgeDescMysql57,ID,Accepted,https://github.com/alibaba/innodb-java-reader/pull/14,56c89f0f0396d71c17a67dc44799a1245e4a0a87,1,,,
https://github.com/alibaba/innodb-java-reader,24a95d8005d480d460c3004fad89cfa295b9cbb4,innodb-java-reader,com.alibaba.innodb.java.reader.sk.SimpleSkTableReaderTest.testQueryBySkAgeDescMysql80,ID,Accepted,https://github.com/alibaba/innodb-java-reader/pull/14,56c89f0f0396d71c17a67dc44799a1245e4a0a88,1,,,
https://github.com/alibaba/innodb-java-reader,24a95d8005d480d460c3004fad89cfa295b9cbb4,innodb-java-reader,com.alibaba.innodb.java.reader.sk.SimpleSkTableReaderTest.testQueryBySkAgeMysql56,ID,Accepted,https://github.com/alibaba/innodb-java-reader/pull/14,56c89f0f0396d71c17a67dc44799a1245e4a0a89,1,,,
https://github.com/alibaba/innodb-java-reader,24a95d8005d480d460c3004fad89cfa295b9cbb4,innodb-java-reader,com.alibaba.innodb.java.reader.sk.SimpleSkTableReaderTest.testQueryBySkAgeMysql57,ID,Accepted,https://github.com/alibaba/innodb-java-reader/pull/14,56c89f0f0396d71c17a67dc44799a1245e4a0a90,1,,,
https://github.com/alibaba/innodb-java-reader,24a95d8005d480d460c3004fad89cfa295b9cbb4,innodb-java-reader,com.alibaba.innodb.java.reader.sk.SimpleSkTableReaderTest.testQueryBySkAgeMysql80,ID,Accepted,https://github.com/alibaba/innodb-java-reader/pull/14,56c89f0f0396d71c17a67dc44799a1245e4a0a91,1,,,
https://github.com/alibaba/innodb-java-reader,24a95d8005d480d460c3004fad89cfa295b9cbb4,innodb-java-reader,com.alibaba.innodb.java.reader.sk.SimpleSkTableReaderTest.testQueryBySkAgeProjectionDescMysql56,ID,Accepted,https://github.com/alibaba/innodb-java-reader/pull/14,56c89f0f0396d71c17a67dc44799a1245e4a0a92,1,,,
https://github.com/alibaba/innodb-java-reader,24a95d8005d480d460c3004fad89cfa295b9cbb4,innodb-java-reader,com.alibaba.innodb.java.reader.sk.SimpleSkTableReaderTest.testQueryBySkAgeProjectionDescMysql57,ID,Accepted,https://github.com/alibaba/innodb-java-reader/pull/14,56c89f0f0396d71c17a67dc44799a1245e4a0a93,1,,,
https://github.com/alibaba/innodb-java-reader,24a95d8005d480d460c3004fad89cfa295b9cbb4,innodb-java-reader,com.alibaba.innodb.java.reader.sk.SimpleSkTableReaderTest.testQueryBySkAgeProjectionDescMysql80,ID,Accepted,https://github.com/alibaba/innodb-java-reader/pull/14,56c89f0f0396d71c17a67dc44799a1245e4a0a94,1,,,
https://github.com/alibaba/innodb-java-reader,24a95d8005d480d460c3004fad89cfa295b9cbb4,innodb-java-reader,com.alibaba.innodb.java.reader.sk.SimpleSkTableReaderTest.testQueryBySkAgeProjectionMysql56,ID,Accepted,https://github.com/alibaba/innodb-java-reader/pull/14,56c89f0f0396d71c17a67dc44799a1245e4a0a95,1,,,
https://github.com/alibaba/innodb-java-reader,24a95d8005d480d460c3004fad89cfa295b9cbb4,innodb-java-reader,com.alibaba.innodb.java.reader.sk.SimpleSkTableReaderTest.testQueryBySkAgeProjectionMysql57,ID,Accepted,https://github.com/alibaba/innodb-java-reader/pull/14,56c89f0f0396d71c17a67dc44799a1245e4a0a96,1,,,
https://github.com/alibaba/innodb-java-reader,24a95d8005d480d460c3004fad89cfa295b9cbb4,innodb-java-reader,com.alibaba.innodb.java.reader.sk.SimpleSkTableReaderTest.testQueryBySkAgeProjectionMysql80,ID,Accepted,https://github.com/alibaba/innodb-java-reader/pull/14,56c89f0f0396d71c17a67dc44799a1245e4a0a97,1,,,
https://github.com/alibaba/innodb-java-reader,24a95d8005d480d460c3004fad89cfa295b9cbb4,innodb-java-reader,com.alibaba.innodb.java.reader.sk.SimpleSkTableReaderTest.testQueryBySkAgeSalaryMysql56,ID,Accepted,https://github.com/alibaba/innodb-java-reader/pull/14,56c89f0f0396d71c17a67dc44799a1245e4a0a98,1,,,
https://github.com/alibaba/innodb-java-reader,24a95d8005d480d460c3004fad89cfa295b9cbb4,innodb-java-reader,com.alibaba.innodb.java.reader.sk.SimpleSkTableReaderTest.testQueryBySkAgeSalaryMysql57,ID,Accepted,https://github.com/alibaba/innodb-java-reader/pull/14,56c89f0f0396d71c17a67dc44799a1245e4a0a99,1,,,
https://github.com/alibaba/innodb-java-reader,24a95d8005d480d460c3004fad89cfa295b9cbb4,innodb-java-reader,com.alibaba.innodb.java.reader.sk.SimpleSkTableReaderTest.testQueryBySkAgeSalaryMysql80,ID,Accepted,https://github.com/alibaba/innodb-java-reader/pull/14,56c89f0f0396d71c17a67dc44799a1245e4a0a100,1,,,
https://github.com/alibaba/innodb-java-reader,24a95d8005d480d460c3004fad89cfa295b9cbb4,innodb-java-reader,com.alibaba.innodb.java.reader.sk.SimpleSkTableReaderTest.testQueryBySkCityMysql56,ID,Accepted,https://github.com/alibaba/innodb-java-reader/pull/14,56c89f0f0396d71c17a67dc44799a1245e4a0a101,1,,,
https://github.com/alibaba/innodb-java-reader,24a95d8005d480d460c3004fad89cfa295b9cbb4,innodb-java-reader,com.alibaba.innodb.java.reader.sk.SimpleSkTableReaderTest.testQueryBySkCityMysql57,ID,Accepted,https://github.com/alibaba/innodb-java-reader/pull/14,56c89f0f0396d71c17a67dc44799a1245e4a0a102,1,,,
https://github.com/alibaba/innodb-java-reader,24a95d8005d480d460c3004fad89cfa295b9cbb4,innodb-java-reader,com.alibaba.innodb.java.reader.sk.SimpleSkTableReaderTest.testQueryBySkCityMysql80,ID,Accepted,https://github.com/alibaba/innodb-java-reader/pull/14,56c89f0f0396d71c17a67dc44799a1245e4a0a103,1,,,
https://github.com/alibaba/innodb-java-reader,24a95d8005d480d460c3004fad89cfa295b9cbb4,innodb-java-reader,com.alibaba.innodb.java.reader.sk.SimpleSkTableReaderTest.testQueryBySkDeptnoLevelNameMysql56,ID,Accepted,https://github.com/alibaba/innodb-java-reader/pull/14,56c89f0f0396d71c17a67dc44799a1245e4a0a104,1,,,
https://github.com/alibaba/innodb-java-reader,24a95d8005d480d460c3004fad89cfa295b9cbb4,innodb-java-reader,com.alibaba.innodb.java.reader.sk.SimpleSkTableReaderTest.testQueryBySkDeptnoLevelNameMysql57,ID,Accepted,https://github.com/alibaba/innodb-java-reader/pull/14,56c89f0f0396d71c17a67dc44799a1245e4a0a105,1,,,
https://github.com/alibaba/innodb-java-reader,24a95d8005d480d460c3004fad89cfa295b9cbb4,innodb-java-reader,com.alibaba.innodb.java.reader.sk.SimpleSkTableReaderTest.testQueryBySkDeptnoLevelNameMysql80,ID,Accepted,https://github.com/alibaba/innodb-java-reader/pull/14,56c89f0f0396d71c17a67dc44799a1245e4a0a106,1,,,
https://github.com/alibaba/innodb-java-reader,24a95d8005d480d460c3004fad89cfa295b9cbb4,innodb-java-reader,com.alibaba.innodb.java.reader.sk.SimpleSkTableReaderTest.testQueryBySkEmailProjectionMysql56,ID,Accepted,https://github.com/alibaba/innodb-java-reader/pull/14,56c89f0f0396d71c17a67dc44799a1245e4a0a107,1,,,
https://github.com/alibaba/innodb-java-reader,24a95d8005d480d460c3004fad89cfa295b9cbb4,innodb-java-reader,com.alibaba.innodb.java.reader.sk.SimpleSkTableReaderTest.testQueryBySkEmailProjectionMysql57,ID,Accepted,https://github.com/alibaba/innodb-java-reader/pull/14,56c89f0f0396d71c17a67dc44799a1245e4a0a108,1,,,
https://github.com/alibaba/innodb-java-reader,24a95d8005d480d460c3004fad89cfa295b9cbb4,innodb-java-reader,com.alibaba.innodb.java.reader.sk.SimpleSkTableReaderTest.testQueryBySkEmailProjectionMysql80,ID,Accepted,https://github.com/alibaba/innodb-java-reader/pull/14,56c89f0f0396d71c17a67dc44799a1245e4a0a109,1,,,
https://github.com/alibaba/innodb-java-reader,24a95d8005d480d460c3004fad89cfa295b9cbb4,innodb-java-reader,com.alibaba.innodb.java.reader.sk.SimpleSkTableReaderTest.testQueryBySkJoinDateMysql56,ID,Accepted,https://github.com/alibaba/innodb-java-reader/pull/14,56c89f0f0396d71c17a67dc44799a1245e4a0a110,1,,,
https://github.com/alibaba/innodb-java-reader,24a95d8005d480d460c3004fad89cfa295b9cbb4,innodb-java-reader,com.alibaba.innodb.java.reader.sk.SimpleSkTableReaderTest.testQueryBySkJoinDateMysql57,ID,Accepted,https://github.com/alibaba/innodb-java-reader/pull/14,56c89f0f0396d71c17a67dc44799a1245e4a0a111,1,,,
https://github.com/alibaba/innodb-java-reader,24a95d8005d480d460c3004fad89cfa295b9cbb4,innodb-java-reader,com.alibaba.innodb.java.reader.sk.SimpleSkTableReaderTest.testQueryBySkJoinDateMysql80,ID,Accepted,https://github.com/alibaba/innodb-java-reader/pull/14,56c89f0f0396d71c17a67dc44799a1245e4a0a112,1,,,
https://github.com/alibaba/innodb-java-reader,24a95d8005d480d460c3004fad89cfa295b9cbb4,innodb-java-reader,com.alibaba.innodb.java.reader.sk.SimpleSkTableReaderTest.testQueryBySkLevel56,ID,Accepted,https://github.com/alibaba/innodb-java-reader/pull/14,56c89f0f0396d71c17a67dc44799a1245e4a0a113,1,,,
https://github.com/alibaba/innodb-java-reader,24a95d8005d480d460c3004fad89cfa295b9cbb4,innodb-java-reader,com.alibaba.innodb.java.reader.sk.SimpleSkTableReaderTest.testQueryBySkLevel57,ID,Accepted,https://github.com/alibaba/innodb-java-reader/pull/14,56c89f0f0396d71c17a67dc44799a1245e4a0a114,1,,,
https://github.com/alibaba/innodb-java-reader,24a95d8005d480d460c3004fad89cfa295b9cbb4,innodb-java-reader,com.alibaba.innodb.java.reader.sk.SimpleSkTableReaderTest.testQueryBySkLevel80,ID,Accepted,https://github.com/alibaba/innodb-java-reader/pull/14,56c89f0f0396d71c17a67dc44799a1245e4a0a115,1,,,
https://github.com/alibaba/innodb-java-reader,24a95d8005d480d460c3004fad89cfa295b9cbb4,innodb-java-reader,com.alibaba.innodb.java.reader.sk.SimpleSkTableReaderTest.testQueryBySkNameMysql56,ID,Accepted,https://github.com/alibaba/innodb-java-reader/pull/14,56c89f0f0396d71c17a67dc44799a1245e4a0a116,1,,,
https://github.com/alibaba/innodb-java-reader,24a95d8005d480d460c3004fad89cfa295b9cbb4,innodb-java-reader,com.alibaba.innodb.java.reader.sk.SimpleSkTableReaderTest.testQueryBySkNameMysql57,ID,Accepted,https://github.com/alibaba/innodb-java-reader/pull/14,56c89f0f0396d71c17a67dc44799a1245e4a0a117,1,,,
https://github.com/alibaba/innodb-java-reader,24a95d8005d480d460c3004fad89cfa295b9cbb4,innodb-java-reader,com.alibaba.innodb.java.reader.sk.SimpleSkTableReaderTest.testQueryBySkNameMysql80,ID,Accepted,https://github.com/alibaba/innodb-java-reader/pull/14,56c89f0f0396d71c17a67dc44799a1245e4a0a118,1,,,
https://github.com/alibaba/innodb-java-reader,24a95d8005d480d460c3004fad89cfa295b9cbb4,innodb-java-reader,com.alibaba.innodb.java.reader.sk.SimpleSkTableReaderTest.testQueryBySkPutOrdinal56,ID,Accepted,https://github.com/alibaba/innodb-java-reader/pull/14,56c89f0f0396d71c17a67dc44799a1245e4a0a119,1,,,
https://github.com/alibaba/innodb-java-reader,24a95d8005d480d460c3004fad89cfa295b9cbb4,innodb-java-reader,com.alibaba.innodb.java.reader.sk.SimpleSkTableReaderTest.testQueryBySkPutOrdinal57,ID,Accepted,https://github.com/alibaba/innodb-java-reader/pull/14,56c89f0f0396d71c17a67dc44799a1245e4a0a120,1,,,
https://github.com/alibaba/innodb-java-reader,24a95d8005d480d460c3004fad89cfa295b9cbb4,innodb-java-reader,com.alibaba.innodb.java.reader.sk.SimpleSkTableReaderTest.testQueryBySkPutOrdinal80,ID,Accepted,https://github.com/alibaba/innodb-java-reader/pull/14,56c89f0f0396d71c17a67dc44799a1245e4a0a121,1,,,
https://github.com/alibaba/jetcache,d28019640ac3eb6ac167dd0dc582adac7656226e,jetcache-test,com.alicp.jetcache.anno.filed.CreateCacheTest.test,ID,Accepted,https://github.com/alibaba/jetcache/pull/446,2b0a66e78d2ab704de7268da3f04463292968766,1,,,
https://github.com/alibaba/jetcache,d28019640ac3eb6ac167dd0dc582adac7656226e,jetcache-test,com.alicp.jetcache.anno.support.ConfigProvider_CacheMessagePublisher_Test.test,ID,Accepted,https://github.com/alibaba/jetcache/pull/614,f2811b7c0715f0dc9e6efa4ba696ed691963485c,1,,,
https://github.com/alibaba/jetcache,d28019640ac3eb6ac167dd0dc582adac7656226e,jetcache-test,com.alicp.jetcache.embedded.CaffeineCacheTest.test,ID,Accepted,https://github.com/alibaba/jetcache/pull/446,2b0a66e78d2ab704de7268da3f04463292968766,1,,,
https://github.com/alibaba/jetcache,d28019640ac3eb6ac167dd0dc582adac7656226e,jetcache-test,com.alicp.jetcache.embedded.LinkedHashMapCacheTest.test,ID,Accepted,https://github.com/alibaba/jetcache/pull/446,2b0a66e78d2ab704de7268da3f04463292968766,1,,,
https://github.com/alibaba/metrics,2dbfbd0b2e9ba5d652f1f2e86d655cff8ea1ec66,prometheus,com.alibaba.metrics.prometheus.TestAlibabaMetricsExports.testExportFastCompass,ID,Accepted,https://github.com/alibaba/metrics/pull/74,aeed56ee4bc1ddb1682d2d8df0847dca112176d7,1,,,
https://github.com/alibaba/nacos,e77a0bbe0d39a852a52a8d81c20f3fab4f98773d,api,com.alibaba.nacos.api.config.ability.ServerRemoteAbilityTest.testSerialize,ID,Accepted,https://github.com/alibaba/nacos/pull/11373,167630edec9d2d7de511a5e980a0fa8471f70ca9,1,,,
https://github.com/alibaba/nacos,e77a0bbe0d39a852a52a8d81c20f3fab4f98773d,api,com.alibaba.nacos.api.config.remote.request.ConfigBatchListenRequestTest.testSerialize,ID,Accepted,https://github.com/alibaba/nacos/pull/11373,167630edec9d2d7de511a5e980a0fa8471f70ca9,1,,,
https://github.com/alibaba/nacos,e77a0bbe0d39a852a52a8d81c20f3fab4f98773d,api,com.alibaba.nacos.api.config.remote.response.ConfigChangeBatchListenResponseTest.testSerializeSuccessResponse,ID,Accepted,https://github.com/alibaba/nacos/pull/11373,167630edec9d2d7de511a5e980a0fa8471f70ca9,1,,,
https://github.com/alibaba/nacos,525672272ecb00cd769a13c7b21a8e51cf873f25,api,com.alibaba.nacos.api.naming.pojo.healthcheck.HealthCheckerFactoryTest.testDeserializeExtend,OD-Vic,Accepted,https://github.com/alibaba/nacos/pull/4384,24b99aa16b42d25fba2cd497314b8525eb7d909d,1,,,
https://github.com/alibaba/nacos,e77a0bbe0d39a852a52a8d81c20f3fab4f98773d,api,com.alibaba.nacos.api.remote.ability.ServerRemoteAbilityTest.testSerialize,ID,Accepted,https://github.com/alibaba/nacos/pull/11373,167630edec9d2d7de511a5e980a0fa8471f70ca9,1,,,
https://github.com/alibaba/nacos,aeaaded00a70d7ea11982a0826cef1d7b3203d32,client,com.alibaba.nacos.client.naming.selector.NamingSelectorFactoryTest.testNewMetadataSelector,ID,Accepted,https://github.com/alibaba/nacos/pull/12885,2a0dafa2f4e1a8f1fac38e8bf750b77858c03af3,1,,,
https://github.com/alibaba/nacos,aeaaded00a70d7ea11982a0826cef1d7b3203d32,client,com.alibaba.nacos.client.naming.selector.NamingSelectorFactoryTest.testNewMetadataSelector2,ID,Accepted,https://github.com/alibaba/nacos/pull/12885,2a0dafa2f4e1a8f1fac38e8bf750b77858c03af3,1,,,
https://github.com/alibaba/nacos,a0543adafcfed733c0659454e58b3bcd605008a4,common,com.alibaba.nacos.common.http.param.QueryTest.testToQueryUrl,ID,Accepted,https://github.com/alibaba/nacos/pull/7296,a36d96acc8f19434a7884513a98ed3b792582c01,1,,,
https://github.com/alibaba/nacos,a0543adafcfed733c0659454e58b3bcd605008a4,common,com.alibaba.nacos.common.utils.CollectionUtilsTest.testGetMap3,ID,Accepted,https://github.com/alibaba/nacos/pull/7296,a36d96acc8f19434a7884513a98ed3b792582c01,1,,,
https://github.com/alibaba/nacos,a0543adafcfed733c0659454e58b3bcd605008a4,common,com.alibaba.nacos.common.utils.JacksonUtilsTest.testToJson1,ID,Accepted,https://github.com/alibaba/nacos/pull/9340,68811a7ad92d20cdb1de5c415aab5cc48ed15e2c,1,,Was Rejected by-https://github.com/alibaba/nacos/pull/8102,
https://github.com/alibaba/nacos,0ac96e1602baf1f516c3c614f13523adb2992e69,common,com.alibaba.nacos.common.utils.JacksonUtilsTest.testToJsonBytes,ID,Accepted,https://github.com/alibaba/nacos/pull/9505,66c3899ecb7d2736448dca94d2a5648c0b036145,2,,,
https://github.com/alibaba/nacos,a0543adafcfed733c0659454e58b3bcd605008a4,common,com.alibaba.nacos.common.utils.JacksonUtilsTest.testToJsonBytes1,ID,Accepted,https://github.com/alibaba/nacos/pull/9340,68811a7ad92d20cdb1de5c415aab5cc48ed15e2c,1,,Was Rejected by-https://github.com/alibaba/nacos/pull/8102,
https://github.com/alibaba/Sentinel,7e2fa454fa0546c04142a268454faabac79370d0,sentinel-core,com.alibaba.csp.sentinel.config.SentinelConfigTest.testDefaultConfig,OD,Accepted,https://github.com/alibaba/Sentinel/pull/1859,6f7d4d09e2082381c7e11d02d82fecce5e9984a0,4,,,
https://github.com/alibaba/Sentinel,7e2fa454fa0546c04142a268454faabac79370d0,sentinel-core,com.alibaba.csp.sentinel.TracerTest.setExceptionsToIgnore,OD,Accepted,https://github.com/alibaba/Sentinel/pull/1859,6f7d4d09e2082381c7e11d02d82fecce5e9984a1,4,,,
https://github.com/alibaba/Sentinel,7e2fa454fa0546c04142a268454faabac79370d0,sentinel-core,com.alibaba.csp.sentinel.TracerTest.setExceptionsToTrace,OD,Accepted,https://github.com/alibaba/Sentinel/pull/1859,6f7d4d09e2082381c7e11d02d82fecce5e9984a2,4,,,
https://github.com/alibaba/testable-mock,80b0f3b8789921d46103d9af14a52e75406b92af,testable-core,com.alibaba.testable.core.tool.OmniAccessorTest.should_generate_member_index,ID,Accepted,https://github.com/alibaba/testable-mock/pull/223,e1afb1cd54334148086466a52f864470cdaac79b,1,,,
https://github.com/alien4cloud/alien4cloud,eb57d0feca6c37e0a4aafc3feef494e43e02ecda,alien4cloud-security,alien4cloud.security.LdapAuthenticationProviderTest.testLdapUserImport,OD,Accepted,https://github.com/alien4cloud/alien4cloud/pull/182,eab1af079180685dca375f024a7c6835b1b88f5a,1,,,
https://github.com/apache/activemq,dfd35d89f62558881bda1ed4cf7a165502c5c989,activemq-stomp,org.apache.activemq.transport.stomp.auto.StompAutoNioSslTest.testTransformationNotOverrideSubscription,ID,Accepted,https://github.com/apache/activemq/pull/1129,343e3de5559971691fa20ca71cbe5225a4f7dfe4,1,,https://github.com/apache/activemq/commit/343e3de5559971691fa20ca71cbe5225a4f7dfe4,
https://github.com/apache/activemq,dfd35d89f62558881bda1ed4cf7a165502c5c989,activemq-stomp,org.apache.activemq.transport.stomp.auto.StompAutoNioSslTest.testTransformationReceiveJSONObject,ID,Accepted,https://github.com/apache/activemq/pull/1129,343e3de5559971691fa20ca71cbe5225a4f7dfe5,1,,https://github.com/apache/activemq/commit/343e3de5559971691fa20ca71cbe5225a4f7dfe4,
https://github.com/apache/activemq,dfd35d89f62558881bda1ed4cf7a165502c5c989,activemq-stomp,org.apache.activemq.transport.stomp.auto.StompAutoNioSslTest.testTransformationReceiveObject,ID,Accepted,https://github.com/apache/activemq/pull/1129,343e3de5559971691fa20ca71cbe5225a4f7dfe6,1,,https://github.com/apache/activemq/commit/343e3de5559971691fa20ca71cbe5225a4f7dfe4,
https://github.com/apache/activemq,dfd35d89f62558881bda1ed4cf7a165502c5c989,activemq-stomp,org.apache.activemq.transport.stomp.auto.StompAutoNioSslTest.testTransformationReceiveXMLObject,ID,Accepted,https://github.com/apache/activemq/pull/1129,343e3de5559971691fa20ca71cbe5225a4f7dfe7,1,,https://github.com/apache/activemq/commit/343e3de5559971691fa20ca71cbe5225a4f7dfe4,
https://github.com/apache/activemq,dfd35d89f62558881bda1ed4cf7a165502c5c989,activemq-stomp,org.apache.activemq.transport.stomp.auto.StompAutoNioSslTest.testTransformationReceiveXMLObjectAndMap,ID,Accepted,https://github.com/apache/activemq/pull/1129,343e3de5559971691fa20ca71cbe5225a4f7dfe8,1,,https://github.com/apache/activemq/commit/343e3de5559971691fa20ca71cbe5225a4f7dfe4,
https://github.com/apache/activemq,dfd35d89f62558881bda1ed4cf7a165502c5c989,activemq-stomp,org.apache.activemq.transport.stomp.auto.StompAutoNioSslTest.testTransformationSubscribeXML,ID,Accepted,https://github.com/apache/activemq/pull/1129,343e3de5559971691fa20ca71cbe5225a4f7dfe9,1,,https://github.com/apache/activemq/commit/343e3de5559971691fa20ca71cbe5225a4f7dfe4,
https://github.com/apache/activemq,dfd35d89f62558881bda1ed4cf7a165502c5c989,activemq-stomp,org.apache.activemq.transport.stomp.auto.StompAutoNioTest.testTransformationNotOverrideSubscription,ID,Accepted,https://github.com/apache/activemq/pull/1129,343e3de5559971691fa20ca71cbe5225a4f7dfe10,1,,https://github.com/apache/activemq/commit/343e3de5559971691fa20ca71cbe5225a4f7dfe4,
https://github.com/apache/activemq,dfd35d89f62558881bda1ed4cf7a165502c5c989,activemq-stomp,org.apache.activemq.transport.stomp.auto.StompAutoNioTest.testTransformationReceiveJSONObject,ID,Accepted,https://github.com/apache/activemq/pull/1129,343e3de5559971691fa20ca71cbe5225a4f7dfe11,1,,https://github.com/apache/activemq/commit/343e3de5559971691fa20ca71cbe5225a4f7dfe4,
https://github.com/apache/activemq,dfd35d89f62558881bda1ed4cf7a165502c5c989,activemq-stomp,org.apache.activemq.transport.stomp.auto.StompAutoNioTest.testTransformationReceiveObject,ID,Accepted,https://github.com/apache/activemq/pull/1129,343e3de5559971691fa20ca71cbe5225a4f7dfe12,1,,https://github.com/apache/activemq/commit/343e3de5559971691fa20ca71cbe5225a4f7dfe4,
https://github.com/apache/activemq,dfd35d89f62558881bda1ed4cf7a165502c5c989,activemq-stomp,org.apache.activemq.transport.stomp.auto.StompAutoSslTest.testTransformationNotOverrideSubscription,ID,Accepted,https://github.com/apache/activemq/pull/1129,343e3de5559971691fa20ca71cbe5225a4f7dfe13,1,,https://github.com/apache/activemq/commit/343e3de5559971691fa20ca71cbe5225a4f7dfe4,
https://github.com/apache/activemq,dfd35d89f62558881bda1ed4cf7a165502c5c989,activemq-stomp,org.apache.activemq.transport.stomp.auto.StompAutoSslTest.testTransformationReceiveObject,ID,Accepted,https://github.com/apache/activemq/pull/1129,343e3de5559971691fa20ca71cbe5225a4f7dfe14,1,,https://github.com/apache/activemq/commit/343e3de5559971691fa20ca71cbe5225a4f7dfe4,
https://github.com/apache/activemq,dfd35d89f62558881bda1ed4cf7a165502c5c989,activemq-stomp,org.apache.activemq.transport.stomp.auto.StompAutoSslTest.testTransformationReceiveXMLObject,ID,Accepted,https://github.com/apache/activemq/pull/1129,343e3de5559971691fa20ca71cbe5225a4f7dfe15,1,,https://github.com/apache/activemq/commit/343e3de5559971691fa20ca71cbe5225a4f7dfe4,
https://github.com/apache/activemq,dfd35d89f62558881bda1ed4cf7a165502c5c989,activemq-stomp,org.apache.activemq.transport.stomp.auto.StompAutoSslTest.testTransformationReceiveXMLObjectAndMap,ID,Accepted,https://github.com/apache/activemq/pull/1129,343e3de5559971691fa20ca71cbe5225a4f7dfe16,1,,https://github.com/apache/activemq/commit/343e3de5559971691fa20ca71cbe5225a4f7dfe4,
https://github.com/apache/activemq,dfd35d89f62558881bda1ed4cf7a165502c5c989,activemq-stomp,org.apache.activemq.transport.stomp.auto.StompAutoSslTest.testTransformationSubscribeXML,ID,Accepted,https://github.com/apache/activemq/pull/1129,343e3de5559971691fa20ca71cbe5225a4f7dfe17,1,,https://github.com/apache/activemq/commit/343e3de5559971691fa20ca71cbe5225a4f7dfe4,
https://github.com/apache/activemq,dfd35d89f62558881bda1ed4cf7a165502c5c989,activemq-stomp,org.apache.activemq.transport.stomp.auto.StompAutoTest.testTransformationReceiveJSONObject,ID,Accepted,https://github.com/apache/activemq/pull/1129,343e3de5559971691fa20ca71cbe5225a4f7dfe18,1,,https://github.com/apache/activemq/commit/343e3de5559971691fa20ca71cbe5225a4f7dfe4,
https://github.com/apache/activemq,dfd35d89f62558881bda1ed4cf7a165502c5c989,activemq-stomp,org.apache.activemq.transport.stomp.auto.StompAutoTest.testTransformationReceiveObject,ID,Accepted,https://github.com/apache/activemq/pull/1129,343e3de5559971691fa20ca71cbe5225a4f7dfe19,1,,https://github.com/apache/activemq/commit/343e3de5559971691fa20ca71cbe5225a4f7dfe4,
https://github.com/apache/activemq,dfd35d89f62558881bda1ed4cf7a165502c5c989,activemq-stomp,org.apache.activemq.transport.stomp.auto.StompAutoTest.testTransformationReceiveXMLObject,ID,Accepted,https://github.com/apache/activemq/pull/1129,343e3de5559971691fa20ca71cbe5225a4f7dfe20,1,,https://github.com/apache/activemq/commit/343e3de5559971691fa20ca71cbe5225a4f7dfe4,
https://github.com/apache/activemq,dfd35d89f62558881bda1ed4cf7a165502c5c989,activemq-stomp,org.apache.activemq.transport.stomp.auto.StompAutoTest.testTransformationReceiveXMLObjectAndMap,ID,Accepted,https://github.com/apache/activemq/pull/1129,343e3de5559971691fa20ca71cbe5225a4f7dfe21,1,,https://github.com/apache/activemq/commit/343e3de5559971691fa20ca71cbe5225a4f7dfe4,
https://github.com/apache/activemq,dfd35d89f62558881bda1ed4cf7a165502c5c989,activemq-stomp,org.apache.activemq.transport.stomp.auto.StompAutoTest.testTransformationSubscribeXML,ID,Accepted,https://github.com/apache/activemq/pull/1129,343e3de5559971691fa20ca71cbe5225a4f7dfe22,1,,https://github.com/apache/activemq/commit/343e3de5559971691fa20ca71cbe5225a4f7dfe4,
https://github.com/apache/activemq,dfd35d89f62558881bda1ed4cf7a165502c5c989,activemq-stomp,org.apache.activemq.transport.stomp.StompNIOSSLTest.testTransformationNotOverrideSubscription,ID,Accepted,https://github.com/apache/activemq/pull/1129,343e3de5559971691fa20ca71cbe5225a4f7dfe23,1,,https://github.com/apache/activemq/commit/343e3de5559971691fa20ca71cbe5225a4f7dfe4,
https://github.com/apache/activemq,dfd35d89f62558881bda1ed4cf7a165502c5c989,activemq-stomp,org.apache.activemq.transport.stomp.StompNIOSSLTest.testTransformationReceiveJSONObject,ID,Accepted,https://github.com/apache/activemq/pull/1129,343e3de5559971691fa20ca71cbe5225a4f7dfe24,1,,https://github.com/apache/activemq/commit/343e3de5559971691fa20ca71cbe5225a4f7dfe4,
https://github.com/apache/activemq,dfd35d89f62558881bda1ed4cf7a165502c5c989,activemq-stomp,org.apache.activemq.transport.stomp.StompNIOSSLTest.testTransformationReceiveXMLObject,ID,Accepted,https://github.com/apache/activemq/pull/1129,343e3de5559971691fa20ca71cbe5225a4f7dfe25,1,,https://github.com/apache/activemq/commit/343e3de5559971691fa20ca71cbe5225a4f7dfe4,
https://github.com/apache/activemq,dfd35d89f62558881bda1ed4cf7a165502c5c989,activemq-stomp,org.apache.activemq.transport.stomp.StompNIOSSLTest.testTransformationReceiveXMLObjectAndMap,ID,Accepted,https://github.com/apache/activemq/pull/1129,343e3de5559971691fa20ca71cbe5225a4f7dfe26,1,,https://github.com/apache/activemq/commit/343e3de5559971691fa20ca71cbe5225a4f7dfe4,
https://github.com/apache/activemq,dfd35d89f62558881bda1ed4cf7a165502c5c989,activemq-stomp,org.apache.activemq.transport.stomp.StompNIOSSLTest.testTransformationSubscribeXML,ID,Accepted,https://github.com/apache/activemq/pull/1129,343e3de5559971691fa20ca71cbe5225a4f7dfe27,1,,https://github.com/apache/activemq/commit/343e3de5559971691fa20ca71cbe5225a4f7dfe4,
https://github.com/apache/activemq,dfd35d89f62558881bda1ed4cf7a165502c5c989,activemq-stomp,org.apache.activemq.transport.stomp.StompNIOTest.testTransformationNotOverrideSubscription,ID,Accepted,https://github.com/apache/activemq/pull/1129,343e3de5559971691fa20ca71cbe5225a4f7dfe28,1,,https://github.com/apache/activemq/commit/343e3de5559971691fa20ca71cbe5225a4f7dfe4,
https://github.com/apache/activemq,dfd35d89f62558881bda1ed4cf7a165502c5c989,activemq-stomp,org.apache.activemq.transport.stomp.StompNIOTest.testTransformationReceiveJSONObject,ID,Accepted,https://github.com/apache/activemq/pull/1129,343e3de5559971691fa20ca71cbe5225a4f7dfe29,1,,https://github.com/apache/activemq/commit/343e3de5559971691fa20ca71cbe5225a4f7dfe4,
https://github.com/apache/activemq,dfd35d89f62558881bda1ed4cf7a165502c5c989,activemq-stomp,org.apache.activemq.transport.stomp.StompNIOTest.testTransformationReceiveObject,ID,Accepted,https://github.com/apache/activemq/pull/1129,343e3de5559971691fa20ca71cbe5225a4f7dfe30,1,,https://github.com/apache/activemq/commit/343e3de5559971691fa20ca71cbe5225a4f7dfe4,
https://github.com/apache/activemq,dfd35d89f62558881bda1ed4cf7a165502c5c989,activemq-stomp,org.apache.activemq.transport.stomp.StompNIOTest.testTransformationReceiveXMLObject,ID,Accepted,https://github.com/apache/activemq/pull/1129,343e3de5559971691fa20ca71cbe5225a4f7dfe31,1,,https://github.com/apache/activemq/commit/343e3de5559971691fa20ca71cbe5225a4f7dfe4,
https://github.com/apache/activemq,dfd35d89f62558881bda1ed4cf7a165502c5c989,activemq-stomp,org.apache.activemq.transport.stomp.StompNIOTest.testTransformationReceiveXMLObjectAndMap,ID,Accepted,https://github.com/apache/activemq/pull/1129,343e3de5559971691fa20ca71cbe5225a4f7dfe32,1,,https://github.com/apache/activemq/commit/343e3de5559971691fa20ca71cbe5225a4f7dfe4,
https://github.com/apache/activemq,dfd35d89f62558881bda1ed4cf7a165502c5c989,activemq-stomp,org.apache.activemq.transport.stomp.StompNIOTest.testTransformationSubscribeXML,ID,Accepted,https://github.com/apache/activemq/pull/1129,343e3de5559971691fa20ca71cbe5225a4f7dfe33,1,,https://github.com/apache/activemq/commit/343e3de5559971691fa20ca71cbe5225a4f7dfe4,
https://github.com/apache/activemq,dfd35d89f62558881bda1ed4cf7a165502c5c989,activemq-stomp,org.apache.activemq.transport.stomp.StompSslAuthTest.testTransformationNotOverrideSubscription,ID,Accepted,https://github.com/apache/activemq/pull/1129,343e3de5559971691fa20ca71cbe5225a4f7dfe34,1,,https://github.com/apache/activemq/commit/343e3de5559971691fa20ca71cbe5225a4f7dfe4,
https://github.com/apache/activemq,dfd35d89f62558881bda1ed4cf7a165502c5c989,activemq-stomp,org.apache.activemq.transport.stomp.StompSslAuthTest.testTransformationReceiveJSONObject,ID,Accepted,https://github.com/apache/activemq/pull/1129,343e3de5559971691fa20ca71cbe5225a4f7dfe35,1,,https://github.com/apache/activemq/commit/343e3de5559971691fa20ca71cbe5225a4f7dfe4,
https://github.com/apache/activemq,dfd35d89f62558881bda1ed4cf7a165502c5c989,activemq-stomp,org.apache.activemq.transport.stomp.StompSslAuthTest.testTransformationReceiveObject,ID,Accepted,https://github.com/apache/activemq/pull/1129,343e3de5559971691fa20ca71cbe5225a4f7dfe36,1,,https://github.com/apache/activemq/commit/343e3de5559971691fa20ca71cbe5225a4f7dfe4,
https://github.com/apache/activemq,dfd35d89f62558881bda1ed4cf7a165502c5c989,activemq-stomp,org.apache.activemq.transport.stomp.StompSslAuthTest.testTransformationReceiveXMLObject,ID,Accepted,https://github.com/apache/activemq/pull/1129,343e3de5559971691fa20ca71cbe5225a4f7dfe37,1,,https://github.com/apache/activemq/commit/343e3de5559971691fa20ca71cbe5225a4f7dfe4,
https://github.com/apache/activemq,dfd35d89f62558881bda1ed4cf7a165502c5c989,activemq-stomp,org.apache.activemq.transport.stomp.StompSslAuthTest.testTransformationReceiveXMLObjectAndMap,ID,Accepted,https://github.com/apache/activemq/pull/1129,343e3de5559971691fa20ca71cbe5225a4f7dfe38,1,,https://github.com/apache/activemq/commit/343e3de5559971691fa20ca71cbe5225a4f7dfe4,
https://github.com/apache/activemq,dfd35d89f62558881bda1ed4cf7a165502c5c989,activemq-stomp,org.apache.activemq.transport.stomp.StompSslAuthTest.testTransformationSubscribeXML,ID,Accepted,https://github.com/apache/activemq/pull/1129,343e3de5559971691fa20ca71cbe5225a4f7dfe39,1,,https://github.com/apache/activemq/commit/343e3de5559971691fa20ca71cbe5225a4f7dfe4,
https://github.com/apache/activemq,dfd35d89f62558881bda1ed4cf7a165502c5c989,activemq-stomp,org.apache.activemq.transport.stomp.StompSslTest.testTransformationReceiveJSONObject,ID,Accepted,https://github.com/apache/activemq/pull/1129,343e3de5559971691fa20ca71cbe5225a4f7dfe40,1,,https://github.com/apache/activemq/commit/343e3de5559971691fa20ca71cbe5225a4f7dfe4,
https://github.com/apache/activemq,dfd35d89f62558881bda1ed4cf7a165502c5c989,activemq-stomp,org.apache.activemq.transport.stomp.StompSslTest.testTransformationReceiveObject,ID,Accepted,https://github.com/apache/activemq/pull/1129,343e3de5559971691fa20ca71cbe5225a4f7dfe41,1,,https://github.com/apache/activemq/commit/343e3de5559971691fa20ca71cbe5225a4f7dfe4,
https://github.com/apache/activemq,dfd35d89f62558881bda1ed4cf7a165502c5c989,activemq-stomp,org.apache.activemq.transport.stomp.StompSslTest.testTransformationReceiveXMLObjectAndMap,ID,Accepted,https://github.com/apache/activemq/pull/1129,343e3de5559971691fa20ca71cbe5225a4f7dfe42,1,,https://github.com/apache/activemq/commit/343e3de5559971691fa20ca71cbe5225a4f7dfe4,
https://github.com/apache/activemq,dfd35d89f62558881bda1ed4cf7a165502c5c989,activemq-stomp,org.apache.activemq.transport.stomp.StompSslTest.testTransformationSubscribeXML,ID,Accepted,https://github.com/apache/activemq/pull/1129,343e3de5559971691fa20ca71cbe5225a4f7dfe43,1,,https://github.com/apache/activemq/commit/343e3de5559971691fa20ca71cbe5225a4f7dfe4,
https://github.com/apache/activemq,dfd35d89f62558881bda1ed4cf7a165502c5c989,activemq-stomp,org.apache.activemq.transport.stomp.StompTest.testTransformationNotOverrideSubscription,ID,Accepted,https://github.com/apache/activemq/pull/1129,343e3de5559971691fa20ca71cbe5225a4f7dfe44,1,,https://github.com/apache/activemq/commit/343e3de5559971691fa20ca71cbe5225a4f7dfe4,
https://github.com/apache/activemq,dfd35d89f62558881bda1ed4cf7a165502c5c989,activemq-stomp,org.apache.activemq.transport.stomp.StompTest.testTransformationReceiveJSONObject,ID,Accepted,https://github.com/apache/activemq/pull/1129,343e3de5559971691fa20ca71cbe5225a4f7dfe45,1,,https://github.com/apache/activemq/commit/343e3de5559971691fa20ca71cbe5225a4f7dfe4,
https://github.com/apache/activemq,dfd35d89f62558881bda1ed4cf7a165502c5c989,activemq-stomp,org.apache.activemq.transport.stomp.StompTest.testTransformationReceiveObject,ID,Accepted,https://github.com/apache/activemq/pull/1129,343e3de5559971691fa20ca71cbe5225a4f7dfe46,1,,https://github.com/apache/activemq/commit/343e3de5559971691fa20ca71cbe5225a4f7dfe4,
https://github.com/apache/activemq,dfd35d89f62558881bda1ed4cf7a165502c5c989,activemq-stomp,org.apache.activemq.transport.stomp.StompTest.testTransformationReceiveXMLObject,ID,Accepted,https://github.com/apache/activemq/pull/1129,343e3de5559971691fa20ca71cbe5225a4f7dfe47,1,,https://github.com/apache/activemq/commit/343e3de5559971691fa20ca71cbe5225a4f7dfe4,
https://github.com/apache/activemq,dfd35d89f62558881bda1ed4cf7a165502c5c989,activemq-stomp,org.apache.activemq.transport.stomp.StompTest.testTransformationReceiveXMLObjectAndMap,ID,Accepted,https://github.com/apache/activemq/pull/1129,343e3de5559971691fa20ca71cbe5225a4f7dfe48,1,,https://github.com/apache/activemq/commit/343e3de5559971691fa20ca71cbe5225a4f7dfe4,
https://github.com/apache/activemq,dfd35d89f62558881bda1ed4cf7a165502c5c989,activemq-stomp,org.apache.activemq.transport.stomp.StompTest.testTransformationSubscribeXML,ID,Accepted,https://github.com/apache/activemq/pull/1129,343e3de5559971691fa20ca71cbe5225a4f7dfe49,1,,https://github.com/apache/activemq/commit/343e3de5559971691fa20ca71cbe5225a4f7dfe4,
https://github.com/apache/archiva,292dbe1bb4323dd299d36b78f37d9c1d55c889f8,archiva-modules/archiva-base/archiva-repository-layer,org.apache.archiva.repository.base.managed.BasicManagedRepositoryValidatorTest.apply,OD,Accepted,https://github.com/apache/archiva/pull/82,c3d53dac903ce7eb32aab35d93741e6a20fbaba2,4,,RepoArchived,
https://github.com/apache/archiva,292dbe1bb4323dd299d36b78f37d9c1d55c889f8,archiva-modules/archiva-base/archiva-repository-layer,org.apache.archiva.repository.base.managed.BasicManagedRepositoryValidatorTest.applyForUpdate,OD,Accepted,https://github.com/apache/archiva/pull/82,c3d53dac903ce7eb32aab35d93741e6a20fbaba3,4,,RepoArchived,
https://github.com/apache/archiva,292dbe1bb4323dd299d36b78f37d9c1d55c889f8,archiva-modules/archiva-base/archiva-repository-layer,org.apache.archiva.repository.base.managed.BasicManagedRepositoryValidatorTest.applyUpdateWithExistingRepo,OD,Accepted,https://github.com/apache/archiva/pull/82,c3d53dac903ce7eb32aab35d93741e6a20fbaba4,4,,RepoArchived,
https://github.com/apache/archiva,292dbe1bb4323dd299d36b78f37d9c1d55c889f8,archiva-modules/archiva-base/archiva-repository-layer,org.apache.archiva.repository.base.managed.BasicManagedRepositoryValidatorTest.applyWithBadName,OD,Accepted,https://github.com/apache/archiva/pull/82,c3d53dac903ce7eb32aab35d93741e6a20fbaba5,4,,RepoArchived,
https://github.com/apache/archiva,292dbe1bb4323dd299d36b78f37d9c1d55c889f8,archiva-modules/archiva-base/archiva-repository-layer,org.apache.archiva.repository.base.managed.BasicManagedRepositoryValidatorTest.applyWithBadSchedulingExpression,OD,Accepted,https://github.com/apache/archiva/pull/82,c3d53dac903ce7eb32aab35d93741e6a20fbaba6,4,,RepoArchived,
https://github.com/apache/archiva,292dbe1bb4323dd299d36b78f37d9c1d55c889f8,archiva-modules/archiva-base/archiva-repository-layer,org.apache.archiva.repository.base.managed.BasicManagedRepositoryValidatorTest.applyWithEmptyId,OD,Accepted,https://github.com/apache/archiva/pull/82,c3d53dac903ce7eb32aab35d93741e6a20fbaba7,4,,RepoArchived,
https://github.com/apache/archiva,292dbe1bb4323dd299d36b78f37d9c1d55c889f8,archiva-modules/archiva-base/archiva-repository-layer,org.apache.archiva.repository.base.managed.BasicManagedRepositoryValidatorTest.applyWithExistingRepo,OD,Accepted,https://github.com/apache/archiva/pull/82,c3d53dac903ce7eb32aab35d93741e6a20fbaba8,4,,RepoArchived,
https://github.com/apache/archiva,292dbe1bb4323dd299d36b78f37d9c1d55c889f8,archiva-modules/archiva-base/archiva-repository-layer,org.apache.archiva.repository.base.managed.BasicManagedRepositoryValidatorTest.applyWithNullObject,OD,Accepted,https://github.com/apache/archiva/pull/82,c3d53dac903ce7eb32aab35d93741e6a20fbaba9,4,,RepoArchived,
https://github.com/apache/archiva,292dbe1bb4323dd299d36b78f37d9c1d55c889f8,archiva-modules/archiva-base/archiva-repository-layer,org.apache.archiva.repository.base.managed.BasicManagedRepositoryValidatorTest.getFlavour,OD,Accepted,https://github.com/apache/archiva/pull/82,c3d53dac903ce7eb32aab35d93741e6a20fbaba10,4,,RepoArchived,
https://github.com/apache/archiva,292dbe1bb4323dd299d36b78f37d9c1d55c889f8,archiva-modules/archiva-base/archiva-repository-layer,org.apache.archiva.repository.base.managed.BasicManagedRepositoryValidatorTest.isFlavour,OD,Accepted,https://github.com/apache/archiva/pull/82,c3d53dac903ce7eb32aab35d93741e6a20fbaba11,4,,RepoArchived,
https://github.com/apache/avro,bfbd2d115aec576545b0673e876a652806b41986,lang/java/avro,org.apache.avro.reflect.TestReflect.testAvroDoc,ID,Accepted,https://github.com/apache/avro/pull/667,a6a0346b4aae937f8e19e928d7c45f85cde09ba2,1,AVRO-2579,,
https://github.com/apache/avro,bfbd2d115aec576545b0673e876a652806b41986,lang/java/avro,org.apache.avro.reflect.TestReflect.testMultipleFieldAliases,ID,Accepted,https://github.com/apache/avro/pull/2015,30c4cbfde573100d60f1e27dac26bd4803ca6d31,3,AVRO-3690,,
https://github.com/apache/avro,bfbd2d115aec576545b0673e876a652806b41986,lang/java/avro,org.apache.avro.reflect.TestReflect.testRecord,ID,Accepted,https://github.com/apache/avro/pull/667,a6a0346b4aae937f8e19e928d7c45f85cde09ba2,1,AVRO-2579,,
https://github.com/apache/bookkeeper,2aa59c74cdd1de13c33a593f6dccc888823c4a83,bookkeeper-server,org.apache.bookkeeper.replication.AuditorReplicasCheckTest.testReplicasCheckForBookieHandleNotAvailable,ID,Accepted,https://github.com/apache/bookkeeper/pull/3551,f8b9e1886d1f6a806150e450cc525933f6c9063f,1,,,
https://github.com/apache/bookkeeper,2aa59c74cdd1de13c33a593f6dccc888823c4a83,bookkeeper-server,org.apache.bookkeeper.replication.AuditorReplicasCheckTest.testReplicasCheckForLedgersFoundHavingLessThanAQReplicasOfAnEntry,ID,Accepted,https://github.com/apache/bookkeeper/pull/3551,f8b9e1886d1f6a806150e450cc525933f6c9063f,1,,,
https://github.com/apache/bookkeeper,2aa59c74cdd1de13c33a593f6dccc888823c4a83,bookkeeper-server,org.apache.bookkeeper.replication.AuditorReplicasCheckTest.testReplicasCheckForLedgersFoundHavingLessThanWQReplicasOfAnEntry,ID,Accepted,https://github.com/apache/bookkeeper/pull/3551,f8b9e1886d1f6a806150e450cc525933f6c9063f,1,,,
https://github.com/apache/bookkeeper,2aa59c74cdd1de13c33a593f6dccc888823c4a83,bookkeeper-server,org.apache.bookkeeper.replication.AuditorReplicasCheckTest.testReplicasCheckForLedgersFoundHavingNoReplica,ID,Accepted,https://github.com/apache/bookkeeper/pull/3551,f8b9e1886d1f6a806150e450cc525933f6c9063f,1,,,
https://github.com/apache/bookkeeper,2aa59c74cdd1de13c33a593f6dccc888823c4a83,bookkeeper-server,org.apache.bookkeeper.replication.AuditorReplicasCheckTest.testReplicasCheckForLedgersWithEmptySegments,ID,Accepted,https://github.com/apache/bookkeeper/pull/3551,f8b9e1886d1f6a806150e450cc525933f6c9063f,1,,,
https://github.com/apache/bookkeeper,1c756ebc35d06b6d1f001ec17a4810398c7e3975,bookkeeper-slogger/api,org.apache.bookkeeper.slogger.SloggerTest.testMap,ID,Accepted,https://github.com/apache/bookkeeper/pull/3702,c67dfb973333d7a02730e472216b78b300fe27e7,1,,,
https://github.com/apache/camel,5c1f9e8214b16331e44a5d4142aed1d1b69008a4,components-starter/camel-gson-starter,org.apache.camel.component.gson.GsonFieldNamePolicyTest.testMarshalPojo,ID,Accepted,https://github.com/apache/camel/pull/8875,10321393effee154ed22fc4896fa51c01501b98c,3,,,
https://github.com/apache/camel,5c1f9e8214b16331e44a5d4142aed1d1b69008a4,components-starter/camel-gson-starter,org.apache.camel.component.gson.GsonMarshalExclusionTest.testMarshalAndUnmarshalPojoWithAnotherExclusion,ID,Accepted,https://github.com/apache/camel/pull/8875,10321393effee154ed22fc4896fa51c01501b98c,3,,,
https://github.com/apache/camel,5c1f9e8214b16331e44a5d4142aed1d1b69008a4,components-starter/camel-gson-starter,org.apache.camel.component.gson.GsonMarshalExclusionTest.testMarshalAndUnmarshalPojoWithExclusion,ID,Accepted,https://github.com/apache/camel/pull/8875,10321393effee154ed22fc4896fa51c01501b98c,3,,,
https://github.com/apache/camel,5c1f9e8214b16331e44a5d4142aed1d1b69008a4,components-starter/camel-gson-starter,org.apache.camel.component.gson.SpringGsonFieldNamePolicyTest.testMarshalPojo,ID,Accepted,https://github.com/apache/camel/pull/8875,10321393effee154ed22fc4896fa51c01501b98c,3,,,
https://github.com/apache/camel-spring-boot,a0c6a4e8e692d898c140b5d120313e53497fa608,components-starter/camel-gson-starter,org.apache.camel.component.gson.springboot.GsonFieldNamePolicyTest.testMarshalPojo,ID,Accepted,https://github.com/apache/camel-spring-boot/pull/681,fcd905334084f4341a7f65ce89e5b4e9b831f245,2,,,
https://github.com/apache/camel-spring-boot,a0c6a4e8e692d898c140b5d120313e53497fa608,components-starter/camel-gson-starter,org.apache.camel.component.gson.springboot.GsonMarshalExclusionTest.testMarshalAndUnmarshalPojoWithAnotherExclusion,ID,Accepted,https://github.com/apache/camel-spring-boot/pull/681,fcd905334084f4341a7f65ce89e5b4e9b831f245,2,,,
https://github.com/apache/camel-spring-boot,a0c6a4e8e692d898c140b5d120313e53497fa608,components-starter/camel-gson-starter,org.apache.camel.component.gson.springboot.GsonMarshalExclusionTest.testMarshalAndUnmarshalPojoWithExclusion,ID,Accepted,https://github.com/apache/camel-spring-boot/pull/682,10e5746cfe46c97690a66effa575c3676cf312be,2,,,
https://github.com/apache/camel-spring-boot,a0c6a4e8e692d898c140b5d120313e53497fa608,components-starter/camel-gson-starter,org.apache.camel.component.gson.springboot.SpringGsonFieldNamePolicyTest.testMarshalPojo,ID,Accepted,https://github.com/apache/camel-spring-boot/pull/681,fcd905334084f4341a7f65ce89e5b4e9b831f245,2,,,
https://github.com/apache/causeway,101f656b845168feb3d6d72c31b55999f261d20f,core-metamodel,org.apache.causeway.core.metamodel.facets.value.BlobValueSemanticsProviderTest.valueSerializer,ID,Accepted,https://github.com/apache/causeway/pull/2063,68d99563e25ef7c9b7f522052d7b70d802ae1d62,1,,,
https://github.com/apache/causeway,101f656b845168feb3d6d72c31b55999f261d20f,core-metamodel,org.apache.causeway.core.metamodel.facets.value.ClobValueSemanticsProviderTest.valueSerializer,ID,Accepted,https://github.com/apache/causeway/pull/2063,68d99563e25ef7c9b7f522052d7b70d802ae1d62,1,,,
https://github.com/apache/cloudstack,30ca5d1a196f45e43fc585e251591685421a6e23,engine/schema,com.cloud.network.as.AutoScaleVmProfileVOTest.testCounterParamsForUpdate,ID,Accepted,https://github.com/apache/cloudstack/pull/8238,6eb04a86a6b63ea54eb983e47bee11e7ae22e036,1,,,
https://github.com/apache/cloudstack,30ca5d1a196f45e43fc585e251591685421a6e23,engine/schema,com.cloud.network.as.AutoScaleVmProfileVOTest.tstSetOtherDeployParamsForUpdate,ID,Accepted,https://github.com/apache/cloudstack/pull/8238,6eb04a86a6b63ea54eb983e47bee11e7ae22e036,1,,,
https://github.com/apache/cloudstack,64262d943f012c40deac3cd87c67d44fdc727b52,plugins/network-elements/nicira-nvp,com.cloud.network.nicira.NiciraRestClientTest.testExecuteLiveLockWhenControllerAllowsLoginAndFollowsWithUnauthorizedButDoesNotRediect,ID,Accepted,https://github.com/apache/cloudstack/pull/8185,e9b24b6c3266f14a85f2db86fb5d824539206097,1,,,
https://github.com/apache/cloudstack,64262d943f012c40deac3cd87c67d44fdc727b52,plugins/network-elements/nicira-nvp,com.cloud.network.nicira.NiciraRestClientTest.testExecuteTwoConsecutiveUnauthorizedExecutions,ID,Accepted,https://github.com/apache/cloudstack/pull/8185,e9b24b6c3266f14a85f2db86fb5d824539206098,1,,,
https://github.com/apache/cloudstack,121531e2c3a71da2514cad986734063cf6a6d7dd,plugins/network-elements/nicira-nvp,com.cloud.network.nicira.NiciraRestClientTest.testExecuteUnauthorizedThenSuccess,ID,Accepted,https://github.com/apache/cloudstack/pull/8185,e9b24b6c3266f14a85f2db86fb5d824539206099,1,,,
https://github.com/apache/cloudstack,64262d943f012c40deac3cd87c67d44fdc727b52,server,com.cloud.server.StatsCollectorTest.persistVirtualMachineStatsTestPersistsSuccessfully,ID,Accepted,https://github.com/apache/cloudstack/pull/8183,6afffe1e176d1399c2281c3ab836b6fc0f201595,1,,,
https://github.com/apache/cloudstack,64262d943f012c40deac3cd87c67d44fdc727b52,plugins/network-elements/opendaylight,org.apache.cloudstack.network.opendaylight.api.test.NeutronNetworkAdapterTest.gsonNeutronNetworkMarshalingTest,ID,Accepted,https://github.com/apache/cloudstack/pull/6905,94fd03df1373d1ecae9a4899cc05f2992a3c6e2e,1,,,
https://github.com/apache/cloudstack,64262d943f012c40deac3cd87c67d44fdc727b52,plugins/network-elements/opendaylight,org.apache.cloudstack.network.opendaylight.api.test.NeutronNodeAdapterTest.gsonNeutronPortMarshalingTest,ID,Accepted,https://github.com/apache/cloudstack/pull/6905,94fd03df1373d1ecae9a4899cc05f2992a3c6e2e,1,,,
https://github.com/apache/cloudstack,64262d943f012c40deac3cd87c67d44fdc727b52,plugins/network-elements/opendaylight,org.apache.cloudstack.network.opendaylight.api.test.NeutronPortAdapterTest.gsonNeutronPortMarshalingTest,ID,Accepted,https://github.com/apache/cloudstack/pull/6905,94fd03df1373d1ecae9a4899cc05f2992a3c6e2e,1,,,
https://github.com/apache/cloudstack,b7835d02d251a50e3cd3a45bc9bae3b14945944f,plugins/network-elements/tungsten,org.apache.cloudstack.network.tungsten.service.TungstenApiTest.listTungstenNetworkTest,ID,Accepted,https://github.com/apache/cloudstack/pull/8232,96b07d797b73c22b63fac7db3d4f00afa470f36f,1,,,
https://github.com/apache/cloudstack,b7835d02d251a50e3cd3a45bc9bae3b14945944f,plugins/network-elements/tungsten,org.apache.cloudstack.network.tungsten.service.TungstenApiTest.listTungstenPolicyTest,ID,Accepted,https://github.com/apache/cloudstack/pull/8232,96b07d797b73c22b63fac7db3d4f00afa470f36f,1,,,
https://github.com/apache/cloudstack,64262d943f012c40deac3cd87c67d44fdc727b52,utils,org.apache.cloudstack.utils.mailing.SMTPMailSenderTest.setMailRecipientsTest,ID,Accepted,https://github.com/apache/cloudstack/pull/6875,5b09340420eea3de455c09f3f5d6d0093b641c7d,2,,,
https://github.com/apache/cloudstack,64262d943f012c40deac3cd87c67d44fdc727b52,utils,org.apache.cloudstack.utils.reflectiontostringbuilderutils.ReflectionToStringBuilderUtilsTest.validateGetNonSelectedFieldsObjectIsACollectionAndValidSelectedFieldsMustReturnNonSelectedFields,ID,Accepted,https://github.com/apache/cloudstack/pull/6875,5b09340420eea3de455c09f3f5d6d0093b641c7d,2,,,
https://github.com/apache/cloudstack,64262d943f012c40deac3cd87c67d44fdc727b52,utils,org.apache.cloudstack.utils.reflectiontostringbuilderutils.ReflectionToStringBuilderUtilsTest.validateGetNonSelectedFieldsObjectIsNotACollectionAndValidSelectedFieldsMustReturnNonSelectedFields,ID,Accepted,https://github.com/apache/cloudstack/pull/6875,5b09340420eea3de455c09f3f5d6d0093b641c7d,2,,,
https://github.com/apache/cloudstack,47a5acd8529104a9b40b5bcf3317e789ac66966f,api,rg.apache.cloudstack.api.command.test.ResetVMUserDataCmdTest.testUserdataDetails,ID,Accepted,https://github.com/apache/cloudstack/pull/6967,8aaa5edaa14da960943eaacd31acfd32782dd755,1,,,
https://github.com/apache/commons-collections,371313a2e4d1da5e0776419ce94bb8b644158a20,.,org.apache.commons.collections4.bag.CollectionBagTest.testCollectionToArray2,ID,Accepted,https://github.com/apache/commons-collections/pull/341,28c74518bc13bf6ddaad6fb24911cf3deb361521,16,,https://issues.apache.org/jira/browse/COLLECTIONS-804,
https://github.com/apache/commons-collections,371313a2e4d1da5e0776419ce94bb8b644158a20,.,org.apache.commons.collections4.bag.HashBagTest.testCollectionToArray2,ID,Accepted,https://github.com/apache/commons-collections/pull/341,28c74518bc13bf6ddaad6fb24911cf3deb361521,16,,https://issues.apache.org/jira/browse/COLLECTIONS-804,
https://github.com/apache/commons-collections,371313a2e4d1da5e0776419ce94bb8b644158a20,.,org.apache.commons.collections4.bag.PredicatedBagTest.testCollectionToArray2,ID,Accepted,https://github.com/apache/commons-collections/pull/341,28c74518bc13bf6ddaad6fb24911cf3deb361521,16,,https://issues.apache.org/jira/browse/COLLECTIONS-804,
https://github.com/apache/commons-collections,371313a2e4d1da5e0776419ce94bb8b644158a20,.,org.apache.commons.collections4.bag.TransformedBagTest.testCollectionToArray2,ID,Accepted,https://github.com/apache/commons-collections/pull/341,28c74518bc13bf6ddaad6fb24911cf3deb361521,16,,https://issues.apache.org/jira/browse/COLLECTIONS-804,
https://github.com/apache/commons-collections,371313a2e4d1da5e0776419ce94bb8b644158a20,.,org.apache.commons.collections4.bag.UnmodifiableBagTest.testCollectionToArray2,ID,Accepted,https://github.com/apache/commons-collections/pull/341,28c74518bc13bf6ddaad6fb24911cf3deb361521,16,,https://issues.apache.org/jira/browse/COLLECTIONS-804,
https://github.com/apache/commons-collections,371313a2e4d1da5e0776419ce94bb8b644158a20,.,org.apache.commons.collections4.bidimap.DualHashBidiMapTest.testBidiKeySetValuesOrder,ID,Accepted,https://github.com/apache/commons-collections/pull/353,14d7d98e7e3c993ac2e0f8b32ccc3789eb7ecc14,1,,COLLECTIONS-836,
https://github.com/apache/commons-collections,371313a2e4d1da5e0776419ce94bb8b644158a20,.,org.apache.commons.collections4.CollectionUtilsTest.get,ID,Accepted,https://github.com/apache/commons-collections/pull/360,37cd2d8dc1ed51a562ccc46f8520b8a9f08226ac,2,,,
https://github.com/apache/commons-collections,81e3a7ec0492148724da4512fcefcb47ba82894a,.,org.apache.commons.collections4.CollectionUtilsTest.getFromMap,ID,Accepted,https://github.com/apache/commons-collections/pull/200,2f18447ed598383bac5475ec3936c33ea36a3abb,2,,COLLECTIONS-775,
https://github.com/apache/commons-collections,371313a2e4d1da5e0776419ce94bb8b644158a20,.,org.apache.commons.collections4.map.PassiveExpiringMapTest.testCollectionToArray2,ID,Accepted,https://github.com/apache/commons-collections/pull/341,28c74518bc13bf6ddaad6fb24911cf3deb361521,16,,https://issues.apache.org/jira/browse/COLLECTIONS-804,
https://github.com/apache/commons-collections,371313a2e4d1da5e0776419ce94bb8b644158a20,.,org.apache.commons.collections4.multimap.ArrayListValuedHashMapTest.testCollectionToArray2,ID,Accepted,https://github.com/apache/commons-collections/pull/341,28c74518bc13bf6ddaad6fb24911cf3deb361521,16,,https://issues.apache.org/jira/browse/COLLECTIONS-804,
https://github.com/apache/commons-collections,371313a2e4d1da5e0776419ce94bb8b644158a20,.,org.apache.commons.collections4.multimap.HashSetValuedHashMapTest.testCollectionToArray2,ID,Accepted,https://github.com/apache/commons-collections/pull/341,28c74518bc13bf6ddaad6fb24911cf3deb361521,16,,https://issues.apache.org/jira/browse/COLLECTIONS-804,
https://github.com/apache/commons-collections,371313a2e4d1da5e0776419ce94bb8b644158a20,.,org.apache.commons.collections4.multimap.TransformedMultiValuedMapTest.testCollectionToArray2,ID,Accepted,https://github.com/apache/commons-collections/pull/341,28c74518bc13bf6ddaad6fb24911cf3deb361521,16,,https://issues.apache.org/jira/browse/COLLECTIONS-804,
https://github.com/apache/commons-collections,371313a2e4d1da5e0776419ce94bb8b644158a20,.,org.apache.commons.collections4.multimap.UnmodifiableMultiValuedMapTest.testCollectionToArray2,ID,Accepted,https://github.com/apache/commons-collections/pull/341,28c74518bc13bf6ddaad6fb24911cf3deb361521,16,,https://issues.apache.org/jira/browse/COLLECTIONS-804,
https://github.com/apache/commons-collections,81e3a7ec0492148724da4512fcefcb47ba82894a,.,org.apache.commons.collections4.multimap.UnmodifiableMultiValuedMapTest.testRemoveException,ID,Accepted,https://github.com/apache/commons-collections/pull/190,,"I couldn't reproduce the issue, as Hashmap always returned the values in order. But I think it may change depending on number of elements in map, JVM implementation, etc. So looks safe to go with this improved version. Merging after the javadoc is add",,,
https://github.com/apache/commons-collections,81e3a7ec0492148724da4512fcefcb47ba82894a,.,org.apache.commons.collections4.multimap.UnmodifiableMultiValuedMapTest.testRemoveMappingException,ID,Accepted,https://github.com/apache/commons-collections/pull/190,,"I couldn't reproduce the issue, as Hashmap always returned the values in order. But I think it may change depending on number of elements in map, JVM implementation, etc. So looks safe to go with this improved version. Merging after the javadoc is add",,,
https://github.com/apache/commons-collections,371313a2e4d1da5e0776419ce94bb8b644158a20,.,org.apache.commons.collections4.multiset.HashMultiSetTest.testCollectionToArray2,ID,Accepted,https://github.com/apache/commons-collections/pull/341,28c74518bc13bf6ddaad6fb24911cf3deb361521,16,,https://issues.apache.org/jira/browse/COLLECTIONS-804,
https://github.com/apache/commons-collections,371313a2e4d1da5e0776419ce94bb8b644158a20,.,org.apache.commons.collections4.multiset.PredicatedMultiSetTest.testCollectionToArray2,ID,Accepted,https://github.com/apache/commons-collections/pull/341,28c74518bc13bf6ddaad6fb24911cf3deb361521,16,,https://issues.apache.org/jira/browse/COLLECTIONS-804,
https://github.com/apache/commons-collections,371313a2e4d1da5e0776419ce94bb8b644158a20,.,org.apache.commons.collections4.multiset.SynchronizedMultiSetTest.testCollectionToArray2,ID,Accepted,https://github.com/apache/commons-collections/pull/341,28c74518bc13bf6ddaad6fb24911cf3deb361521,16,,https://issues.apache.org/jira/browse/COLLECTIONS-804,
https://github.com/apache/commons-collections,371313a2e4d1da5e0776419ce94bb8b644158a20,.,org.apache.commons.collections4.multiset.UnmodifiableMultiSetTest.testCollectionToArray2,ID,Accepted,https://github.com/apache/commons-collections/pull/341,28c74518bc13bf6ddaad6fb24911cf3deb361521,16,,https://issues.apache.org/jira/browse/COLLECTIONS-804,
https://github.com/apache/commons-collections,371313a2e4d1da5e0776419ce94bb8b644158a20,.,org.apache.commons.collections4.set.CompositeSetTest.testCollectionToArray2,ID,Accepted,https://github.com/apache/commons-collections/pull/341,28c74518bc13bf6ddaad6fb24911cf3deb361521,16,,https://issues.apache.org/jira/browse/COLLECTIONS-804,
https://github.com/apache/commons-collections,371313a2e4d1da5e0776419ce94bb8b644158a20,.,org.apache.commons.collections4.set.PredicatedSetTest.testCollectionToArray2,ID,Accepted,https://github.com/apache/commons-collections/pull/341,28c74518bc13bf6ddaad6fb24911cf3deb361521,16,,https://issues.apache.org/jira/browse/COLLECTIONS-804,
https://github.com/apache/commons-collections,371313a2e4d1da5e0776419ce94bb8b644158a20,.,org.apache.commons.collections4.set.TransformedSetTest.testCollectionToArray2,ID,Accepted,https://github.com/apache/commons-collections/pull/341,28c74518bc13bf6ddaad6fb24911cf3deb361521,16,,https://issues.apache.org/jira/browse/COLLECTIONS-804,
https://github.com/apache/commons-collections,371313a2e4d1da5e0776419ce94bb8b644158a20,.,org.apache.commons.collections4.set.UnmodifiableSetTest.testCollectionToArray2,ID,Accepted,https://github.com/apache/commons-collections/pull/341,28c74518bc13bf6ddaad6fb24911cf3deb361521,16,,https://issues.apache.org/jira/browse/COLLECTIONS-804,
https://github.com/apache/commons-lang,7c32e527651a8a235d1b78b2f5d3f53d5e9bb6cb,.,org.apache.commons.lang3.builder.HashCodeBuilderTest.testReflectionHashCodeExcludeFields,ID,Accepted,https://github.com/apache/commons-lang/pull/480,bc8a3b9d8428bfcdfbce67e9010cf0aa27e6c8a6,1,,,
https://github.com/apache/commons-lang,7c32e527651a8a235d1b78b2f5d3f53d5e9bb6cb,.,org.apache.commons.lang3.builder.HashCodeBuilderTest.testReflectionHierarchyHashCode,ID,Accepted,https://github.com/apache/commons-lang/pull/480,bc8a3b9d8428bfcdfbce67e9010cf0aa27e6c8a6,1,,,
https://github.com/apache/commons-lang,7c32e527651a8a235d1b78b2f5d3f53d5e9bb6cb,.,org.apache.commons.lang3.builder.MultilineRecursiveToStringStyleTest.boolArray,ID,Accepted,https://github.com/apache/commons-lang/pull/481,1dabf262c90d76958175e98f7ac9d0189fd7fbf2,1,,,
https://github.com/apache/commons-lang,7c32e527651a8a235d1b78b2f5d3f53d5e9bb6cb,.,org.apache.commons.lang3.builder.MultilineRecursiveToStringStyleTest.charArray,ID,Accepted,https://github.com/apache/commons-lang/pull/481,1dabf262c90d76958175e98f7ac9d0189fd7fbf2,1,,,
https://github.com/apache/commons-lang,7c32e527651a8a235d1b78b2f5d3f53d5e9bb6cb,.,org.apache.commons.lang3.builder.MultilineRecursiveToStringStyleTest.doubleArray,ID,Accepted,https://github.com/apache/commons-lang/pull/481,1dabf262c90d76958175e98f7ac9d0189fd7fbf2,1,,,
https://github.com/apache/commons-lang,7c32e527651a8a235d1b78b2f5d3f53d5e9bb6cb,.,org.apache.commons.lang3.builder.MultilineRecursiveToStringStyleTest.intArray,ID,Accepted,https://github.com/apache/commons-lang/pull/481,1dabf262c90d76958175e98f7ac9d0189fd7fbf2,1,,,
https://github.com/apache/commons-lang,7c32e527651a8a235d1b78b2f5d3f53d5e9bb6cb,.,org.apache.commons.lang3.builder.MultilineRecursiveToStringStyleTest.longArray,ID,Accepted,https://github.com/apache/commons-lang/pull/481,1dabf262c90d76958175e98f7ac9d0189fd7fbf2,1,,,
https://github.com/apache/commons-lang,7c32e527651a8a235d1b78b2f5d3f53d5e9bb6cb,.,org.apache.commons.lang3.builder.MultilineRecursiveToStringStyleTest.nestedAndArray,ID,Accepted,https://github.com/apache/commons-lang/pull/481,1dabf262c90d76958175e98f7ac9d0189fd7fbf2,1,,,
https://github.com/apache/commons-lang,7c32e527651a8a235d1b78b2f5d3f53d5e9bb6cb,.,org.apache.commons.lang3.builder.MultilineRecursiveToStringStyleTest.nestedElements,ID,Accepted,https://github.com/apache/commons-lang/pull/481,1dabf262c90d76958175e98f7ac9d0189fd7fbf2,1,,,
https://github.com/apache/commons-lang,7c32e527651a8a235d1b78b2f5d3f53d5e9bb6cb,.,org.apache.commons.lang3.builder.MultilineRecursiveToStringStyleTest.noArray,ID,Accepted,https://github.com/apache/commons-lang/pull/481,1dabf262c90d76958175e98f7ac9d0189fd7fbf2,1,,,
https://github.com/apache/commons-lang,7c32e527651a8a235d1b78b2f5d3f53d5e9bb6cb,.,org.apache.commons.lang3.builder.MultilineRecursiveToStringStyleTest.simpleObject,ID,Accepted,https://github.com/apache/commons-lang/pull/481,1dabf262c90d76958175e98f7ac9d0189fd7fbf2,1,,,
https://github.com/apache/commons-lang,7c32e527651a8a235d1b78b2f5d3f53d5e9bb6cb,.,org.apache.commons.lang3.builder.MultilineRecursiveToStringStyleTest.stringArray,ID,Accepted,https://github.com/apache/commons-lang/pull/481,1dabf262c90d76958175e98f7ac9d0189fd7fbf2,1,,,
https://github.com/apache/commons-lang,7c32e527651a8a235d1b78b2f5d3f53d5e9bb6cb,.,org.apache.commons.lang3.builder.RecursiveToStringStyleTest.testPerson,ID,Accepted,https://github.com/apache/commons-lang/pull/481,1dabf262c90d76958175e98f7ac9d0189fd7fbf2,1,,,
https://github.com/apache/commons-lang,7c32e527651a8a235d1b78b2f5d3f53d5e9bb6cb,.,org.apache.commons.lang3.builder.ReflectionToStringBuilderSummaryTest.testSummary,ID,Accepted,https://github.com/apache/commons-lang/pull/481,1dabf262c90d76958175e98f7ac9d0189fd7fbf2,1,,,
https://github.com/apache/commons-lang,7c32e527651a8a235d1b78b2f5d3f53d5e9bb6cb,.,org.apache.commons.lang3.builder.ToStringBuilderTest.testInheritedReflectionStatics,ID,Accepted,https://github.com/apache/commons-lang/pull/481,1dabf262c90d76958175e98f7ac9d0189fd7fbf2,1,,,
https://github.com/apache/commons-lang,7c32e527651a8a235d1b78b2f5d3f53d5e9bb6cb,.,org.apache.commons.lang3.builder.ToStringBuilderTest.testReflectionHierarchy,ID,Accepted,https://github.com/apache/commons-lang/pull/481,1dabf262c90d76958175e98f7ac9d0189fd7fbf2,1,,,
https://github.com/apache/commons-lang,7c32e527651a8a235d1b78b2f5d3f53d5e9bb6cb,.,org.apache.commons.lang3.builder.ToStringBuilderTest.testReflectionHierarchyArrayList,ID,Accepted,https://github.com/apache/commons-lang/pull/481,1dabf262c90d76958175e98f7ac9d0189fd7fbf2,1,,,
https://github.com/apache/commons-lang,7c32e527651a8a235d1b78b2f5d3f53d5e9bb6cb,.,org.apache.commons.lang3.builder.ToStringBuilderTest.testReflectionStatics,ID,Accepted,https://github.com/apache/commons-lang/pull/481,1dabf262c90d76958175e98f7ac9d0189fd7fbf2,1,,,
https://github.com/apache/commons-lang,7c32e527651a8a235d1b78b2f5d3f53d5e9bb6cb,.,org.apache.commons.lang3.builder.ToStringBuilderTest.testSelfInstanceTwoVarsReflectionObjectCycle,ID,Accepted,https://github.com/apache/commons-lang/pull/481,1dabf262c90d76958175e98f7ac9d0189fd7fbf2,1,,,
https://github.com/apache/commons-lang,7c32e527651a8a235d1b78b2f5d3f53d5e9bb6cb,.,org.apache.commons.lang3.builder.ToStringBuilderTest.testSimpleReflectionStatics,ID,Accepted,https://github.com/apache/commons-lang/pull/481,1dabf262c90d76958175e98f7ac9d0189fd7fbf2,1,,,
https://github.com/apache/commons-lang,912ab7154d5280a2632f375b5efd97e1b70149a4,.,org.apache.commons.lang3.EnumUtilsTest.test_getEnumMap,ID,Accepted,https://github.com/apache/commons-lang/pull/1131,2aded9825f5019933a9b37bf6280d00b8a2b730a,2,,,
https://github.com/apache/commons-lang,912ab7154d5280a2632f375b5efd97e1b70149a4,.,org.apache.commons.lang3.EnumUtilsTest.test_getEnumMap_keyFunction,ID,Accepted,https://github.com/apache/commons-lang/pull/1131,2aded9825f5019933a9b37bf6280d00b8a2b730a,2,,,
https://github.com/apache/curator,f5fb6d109257e35de250af7d6c0090b42f2a18a2,framework,org.apache.curator.framework.imps.TestReconfiguration.testAdd,ID,Accepted,https://github.com/apache/curator/pull/491,e949731759f18f7d747651f6228ed24110367369,1,CURATOR-694,,
https://github.com/apache/curator,f5fb6d109257e35de250af7d6c0090b42f2a18a2,framework,org.apache.curator.framework.imps.TestReconfiguration.testAddAndRemove,ID,Accepted,https://github.com/apache/curator/pull/491,e949731759f18f7d747651f6228ed24110367370,1,CURATOR-694,,
https://github.com/apache/curator,f5fb6d109257e35de250af7d6c0090b42f2a18a2,framework,org.apache.curator.framework.imps.TestReconfiguration.testAddAndRemoveWithEmptyList,ID,Accepted,https://github.com/apache/curator/pull/491,e949731759f18f7d747651f6228ed24110367371,1,CURATOR-694,,
https://github.com/apache/curator,f5fb6d109257e35de250af7d6c0090b42f2a18a2,framework,org.apache.curator.framework.imps.TestReconfiguration.testAddAsync,ID,Accepted,https://github.com/apache/curator/pull/491,e949731759f18f7d747651f6228ed24110367372,1,CURATOR-694,,
https://github.com/apache/curator,f5fb6d109257e35de250af7d6c0090b42f2a18a2,framework,org.apache.curator.framework.imps.TestReconfiguration.testBasicGetConfig,ID,Accepted,https://github.com/apache/curator/pull/491,e949731759f18f7d747651f6228ed24110367373,1,CURATOR-694,,
https://github.com/apache/curator,f5fb6d109257e35de250af7d6c0090b42f2a18a2,framework,org.apache.curator.framework.imps.TestReconfiguration.testNewMembersWithEmptyList,ID,Accepted,https://github.com/apache/curator/pull/491,e949731759f18f7d747651f6228ed24110367374,1,CURATOR-694,,
https://github.com/apache/curator,f5fb6d109257e35de250af7d6c0090b42f2a18a2,framework,org.apache.curator.framework.imps.TestReconfiguration.testRemoveWithChroot,ID,Accepted,https://github.com/apache/curator/pull/491,e949731759f18f7d747651f6228ed24110367375,1,CURATOR-694,,
https://github.com/apache/curator,f5fb6d109257e35de250af7d6c0090b42f2a18a2,framework,org.apache.curator.x.discovery.details.TestJsonInstanceSerializerCompatibility.testCompatibilityMode,ID,Accepted,https://github.com/apache/curator/pull/491,e949731759f18f7d747651f6228ed24110367376,1,CURATOR-694,,
https://github.com/apache/cxf,69925893ed0e8a8fdfe1164b4e097a5cf5524027,core,org.apache.cxf.attachment.AttachmentUtilTest.bigIntAsAttachmentMaxSize,OD-Vic,Accepted,https://github.com/apache/cxf/pull/1528,fa9d1239c6a6f04a9b1261f94c2e241e68e28839,4,CXF-8959,,
https://github.com/apache/cxf,69925893ed0e8a8fdfe1164b4e097a5cf5524027,core,org.apache.cxf.attachment.AttachmentUtilTest.byteAsAttachmentMaxSize,OD-Vic,Accepted,https://github.com/apache/cxf/pull/1528,fa9d1239c6a6f04a9b1261f94c2e241e68e28839,4,CXF-8959,,
https://github.com/apache/cxf,69925893ed0e8a8fdfe1164b4e097a5cf5524027,core,org.apache.cxf.attachment.AttachmentUtilTest.fileAsAttachmentDirectory,OD-Vic,Accepted,https://github.com/apache/cxf/pull/1528,fa9d1239c6a6f04a9b1261f94c2e241e68e28839,4,CXF-8959,,
https://github.com/apache/cxf,69925893ed0e8a8fdfe1164b4e097a5cf5524027,core,org.apache.cxf.attachment.AttachmentUtilTest.integerAsAttachmentMaxSize,OD-Vic,Accepted,https://github.com/apache/cxf/pull/1528,fa9d1239c6a6f04a9b1261f94c2e241e68e28839,4,CXF-8959,,
https://github.com/apache/cxf,69925893ed0e8a8fdfe1164b4e097a5cf5524027,core,org.apache.cxf.attachment.AttachmentUtilTest.longAsAttachmentMaxSize,OD-Vic,Accepted,https://github.com/apache/cxf/pull/1528,fa9d1239c6a6f04a9b1261f94c2e241e68e28839,4,CXF-8959,,
https://github.com/apache/cxf,69925893ed0e8a8fdfe1164b4e097a5cf5524027,core,org.apache.cxf.attachment.AttachmentUtilTest.numberStringAsAttachmentMaxSize,OD-Vic,Accepted,https://github.com/apache/cxf/pull/1528,fa9d1239c6a6f04a9b1261f94c2e241e68e28839,4,CXF-8959,,
https://github.com/apache/cxf,69925893ed0e8a8fdfe1164b4e097a5cf5524027,core,org.apache.cxf.attachment.AttachmentUtilTest.shortAsAttachmentMaxSize,OD-Vic,Accepted,https://github.com/apache/cxf/pull/1528,fa9d1239c6a6f04a9b1261f94c2e241e68e28839,4,CXF-8959,,
https://github.com/apache/cxf,69925893ed0e8a8fdfe1164b4e097a5cf5524027,core,org.apache.cxf.attachment.AttachmentUtilTest.stringAsAttachmentDirectory,OD-Vic,Accepted,https://github.com/apache/cxf/pull/1528,fa9d1239c6a6f04a9b1261f94c2e241e68e28839,4,CXF-8959,,
https://github.com/apache/cxf,649520354501295859b692ddf1b42adb919affbb,helpers,org.apache.cxf.helpers.FileUtilsTest.testGetFiles,ID,Accepted,https://github.com/apache/cxf/pull/1504,49eefd2f81c5bae7f720093765ee58f239af28b6,2,,,
https://github.com/apache/cxf,69925893ed0e8a8fdfe1164b4e097a5cf5524027,core,org.apache.cxf.io.CacheAndWriteOutputStreamTest.testDeleteTmpFile,OD-Brit,Accepted,https://github.com/apache/cxf/pull/942,79ee9824ee30b1b710d7385efc3cec736b4a5c54,2,CXF-8697,,
https://github.com/apache/cxf,69925893ed0e8a8fdfe1164b4e097a5cf5524027,core,org.apache.cxf.io.CachedOutputStreamTest.testDeleteTmpFile,OD-Brit,Accepted,https://github.com/apache/cxf/pull/942,79ee9824ee30b1b710d7385efc3cec736b4a5c54,2,CXF-8697,,
https://github.com/apache/cxf,649520354501295859b692ddf1b42adb919affbb,jaxrs/utils,org.apache.cxf.jaxrs.utils.JAXBUtilsTest.extendedXmlJavaTypeAdapter,ID,Accepted,https://github.com/apache/cxf/pull/1542,1878f67fd6d9e8b07197f2b971838ceb17e22015,3,,,
https://github.com/apache/cxf,649520354501295859b692ddf1b42adb919affbb,jaxrs/utils,org.apache.cxf.jaxrs.utils.JAXBUtilsTest.simpleXmlJavaTypeAdapter,ID,Accepted,https://github.com/apache/cxf/pull/1542,1878f67fd6d9e8b07197f2b971838ceb17e22016,3,,,
https://github.com/apache/dolphinscheduler,26b7541d954ba63deb37e89479ab4d648573e8ae,dolphinscheduler-spi,org.apache.dolphinscheduler.spi.params.testGetParamsJson,ID,Accepted,https://github.com/apache/dolphinscheduler/pull/13118,2b2adecd85792440690aee94ba4eb8e59c931859,2,,,
https://github.com/apache/druid,ad32f8458670339808a3136a9578a10a52b8394f,extensions-core/protobuf-extensions,org.apache.druid.data.input.protobuf.ProtobufInputFormatTest.testParseFlattenDataDiscover,ID,Accepted,https://github.com/apache/druid/pull/15376,4ca5acdc33812ee863d1613ab7e55001c8d12cf0,1,,,
https://github.com/apache/druid,ad32f8458670339808a3136a9578a10a52b8394f,extensions-core/protobuf-extensions,org.apache.druid.data.input.protobuf.ProtobufInputFormatTest.testParseNestedDataSchemaless,ID,Accepted,https://github.com/apache/druid/pull/15376,4ca5acdc33812ee863d1613ab7e55001c8d12cf1,1,,,
https://github.com/apache/druid,ad32f8458670339808a3136a9578a10a52b8394f,indexing-service,org.apache.druid.indexing.common.task.batch.parallel.ParallelIndexSupervisorTaskResourceTest.testAPIs,ID,Accepted,https://github.com/apache/druid/pull/15375,bedf246ed26f8118fe9cf0cddbe5770da6ce9075,1,,,
https://github.com/apache/druid,4b0d1b3488add75097532f25c8bbbcb35daa4987,processing,org.apache.druid.java.util.emitter.core.EmitterTest.testBasicAuthenticationAndNewlineSeparating,ID,Accepted,https://github.com/apache/druid/pull/15261,e9b7e4a0eb227c203419d3f05a7040b8dc0d2e3a,1,,,
https://github.com/apache/druid,4b0d1b3488add75097532f25c8bbbcb35daa4987,processing,org.apache.druid.java.util.emitter.core.EmitterTest.testBatchSplitting,ID,Accepted,https://github.com/apache/druid/pull/15261,e9b7e4a0eb227c203419d3f05a7040b8dc0d2e3a,1,,,
https://github.com/apache/druid,4b0d1b3488add75097532f25c8bbbcb35daa4987,processing,org.apache.druid.java.util.emitter.core.EmitterTest.testGzipContentEncoding,ID,Accepted,https://github.com/apache/druid/pull/15261,e9b7e4a0eb227c203419d3f05a7040b8dc0d2e3a,1,,,
https://github.com/apache/druid,4b0d1b3488add75097532f25c8bbbcb35daa4987,processing,org.apache.druid.java.util.emitter.core.EmitterTest.testSanity,ID,Accepted,https://github.com/apache/druid/pull/15261,e9b7e4a0eb227c203419d3f05a7040b8dc0d2e3a,1,,,
https://github.com/apache/druid,4b0d1b3488add75097532f25c8bbbcb35daa4987,processing,org.apache.druid.java.util.emitter.core.EmitterTest.testSanityWithGeneralizedCreation,ID,Accepted,https://github.com/apache/druid/pull/15261,e9b7e4a0eb227c203419d3f05a7040b8dc0d2e3a,1,,,
https://github.com/apache/druid,4b0d1b3488add75097532f25c8bbbcb35daa4987,processing,org.apache.druid.java.util.emitter.core.ParametrizedUriEmitterTest.testEmitterWithMultipleFeeds,ID,Accepted,https://github.com/apache/druid/pull/15261,e9b7e4a0eb227c203419d3f05a7040b8dc0d2e3a,1,,,
https://github.com/apache/druid,4b0d1b3488add75097532f25c8bbbcb35daa4987,processing,org.apache.druid.math.expr.ParserTest.testApplyFunctions,ID,Accepted,https://github.com/apache/druid/pull/15318,7b5790c72ca35857c270c26a37ea2de1af483b79,1,,,
https://github.com/apache/druid,4b0d1b3488add75097532f25c8bbbcb35daa4987,processing,org.apache.druid.math.expr.ParserTest.testFunctions,ID,Accepted,https://github.com/apache/druid/pull/15318,7b5790c72ca35857c270c26a37ea2de1af483b80,1,,,
https://github.com/apache/druid,4b0d1b3488add75097532f25c8bbbcb35daa4987,processing,org.apache.druid.math.expr.ParserTest.testSimpleAdditivityOp1,ID,Accepted,https://github.com/apache/druid/pull/15318,7b5790c72ca35857c270c26a37ea2de1af483b81,1,,,
https://github.com/apache/druid,4b0d1b3488add75097532f25c8bbbcb35daa4987,processing,org.apache.druid.math.expr.ParserTest.testSimpleAdditivityOp2,ID,Accepted,https://github.com/apache/druid/pull/15318,7b5790c72ca35857c270c26a37ea2de1af483b82,1,,,
https://github.com/apache/druid,4b0d1b3488add75097532f25c8bbbcb35daa4987,processing,org.apache.druid.math.expr.ParserTest.testSimpleLogicalOps1,ID,Accepted,https://github.com/apache/druid/pull/15318,7b5790c72ca35857c270c26a37ea2de1af483b83,1,,,
https://github.com/apache/druid,4b0d1b3488add75097532f25c8bbbcb35daa4987,processing,org.apache.druid.math.expr.ParserTest.testSimpleMultiplicativeOp1,ID,Accepted,https://github.com/apache/druid/pull/15318,7b5790c72ca35857c270c26a37ea2de1af483b84,1,,,
https://github.com/apache/druid,ad32f8458670339808a3136a9578a10a52b8394f,extensions-core/histogram,org.apache.druid.query.aggregation.histogram.ApproximateHistogramAggregatorTest.testFinalize,ID,Accepted,https://github.com/apache/druid/pull/15364,5edeac28df5bba67b28ed15ca26c9c6c89b5b3f7,1,,,
https://github.com/apache/druid,50963edcae70150f13520b619f167512d951a71b,extension/s3-extensions,org.apache.druid.storage.s3.S3DataSegmentPusherConfigTest.testSerialization,ID,Accepted,https://github.com/apache/druid/pull/15207,53797b9e49ea9126d31e0c700f3b7adeaacfb6e7,4,,,
https://github.com/apache/druid,50963edcae70150f13520b619f167512d951a71b,extension/s3-extensions,org.apache.druid.storage.s3.S3DataSegmentPusherConfigTest.testSerializationWithDefaults,ID,Accepted,https://github.com/apache/druid/pull/15317,06744d3827c76617f40b0da2f73b3445853c0b4a,5,,,
https://github.com/apache/dubbo,737f7a7ea67832d7f17517326fb2491d0a086dd7,dubbo-common,org.apache.dubbo.common.extension.ExtensionLoaderTest.test_AddExtension,NIO,Accepted,https://github.com/apache/dubbo/pull/6953,0171947d6e42b1e0a5998ff8e6b1069de2e774bb,1,Dubbo-6954,,
https://github.com/apache/dubbo,737f7a7ea67832d7f17517326fb2491d0a086dd7,dubbo-common,org.apache.dubbo.common.extension.ExtensionLoaderTest.test_AddExtension_Adaptive,NIO,Accepted,https://github.com/apache/dubbo/pull/8467,b64ea1d8c6c5b64828ef3d08f8cc432de59bb559,1,,,
https://github.com/apache/dubbo,737f7a7ea67832d7f17517326fb2491d0a086dd7,dubbo-common,org.apache.dubbo.common.extension.ExtensionLoaderTest.test_AddExtension_NoExtend,NIO,Accepted,https://github.com/apache/dubbo/pull/8467,b64ea1d8c6c5b64828ef3d08f8cc432de59bb560,1,,,
https://github.com/apache/dubbo,737f7a7ea67832d7f17517326fb2491d0a086dd7,dubbo-common,org.apache.dubbo.common.extension.ExtensionLoaderTest.test_replaceExtension,NIO,Accepted,https://github.com/apache/dubbo/pull/6953,0171947d6e42b1e0a5998ff8e6b1069de2e774bb,1,Dubbo-6954,,
https://github.com/apache/dubbo,737f7a7ea67832d7f17517326fb2491d0a086dd7,dubbo-common,org.apache.dubbo.common.extension.ExtensionLoaderTest.test_replaceExtension_Adaptive,NIO,Accepted,https://github.com/apache/dubbo/pull/6953,0171947d6e42b1e0a5998ff8e6b1069de2e774bb,1,Dubbo-6954,,
https://github.com/apache/dubbo,737f7a7ea67832d7f17517326fb2491d0a086dd7,dubbo-serialization/dubbo-serialization-fst,org.apache.dubbo.common.serialize.fst.FstObjectInputTest.testEmptyByteArrayForEmptyInput,OD-Vic,Accepted,https://github.com/apache/dubbo/pull/2815,437c6ce220eb294534420ad366a1b43de5cf0ebb,1,,,
https://github.com/apache/dubbo,1f84cdcfede5ec9843ecebf39a25d9b995b8098b,dubbo-common,org.apache.dubbo.common.threadlocal.InternalThreadLocalTest.testInternalThreadLocal,OD-Vic,Accepted,https://github.com/apache/dubbo/pull/13361,27e9877620a03a2e6c3aeabb5cc1d66c30eb188d,2,,https://github.com/apache/dubbo/issues/13359,
https://github.com/apache/dubbo,1f84cdcfede5ec9843ecebf39a25d9b995b8098b,dubbo-common,org.apache.dubbo.common.threadlocal.InternalThreadLocalTest.testInternalThreadLocalMapExpand,OD-Vic,Accepted,https://github.com/apache/dubbo/pull/13361,27e9877620a03a2e6c3aeabb5cc1d66c30eb188d,2,,https://github.com/apache/dubbo/issues/13359,
https://github.com/apache/dubbo,1f84cdcfede5ec9843ecebf39a25d9b995b8098b,dubbo-common,org.apache.dubbo.common.threadlocal.InternalThreadLocalTest.testMultiThreadSetAndGet,OD-Vic,Accepted,https://github.com/apache/dubbo/pull/13361,27e9877620a03a2e6c3aeabb5cc1d66c30eb188d,2,,https://github.com/apache/dubbo/issues/13359,
https://github.com/apache/dubbo,1f84cdcfede5ec9843ecebf39a25d9b995b8098b,dubbo-common,org.apache.dubbo.common.threadlocal.InternalThreadLocalTest.testOnRemove,OD-Vic,Accepted,https://github.com/apache/dubbo/pull/13361,27e9877620a03a2e6c3aeabb5cc1d66c30eb188d,2,,https://github.com/apache/dubbo/issues/13359,
https://github.com/apache/dubbo,1f84cdcfede5ec9843ecebf39a25d9b995b8098b,dubbo-common,org.apache.dubbo.common.threadlocal.InternalThreadLocalTest.testPerformance,OD-Vic,Accepted,https://github.com/apache/dubbo/pull/13361,27e9877620a03a2e6c3aeabb5cc1d66c30eb188d,2,,https://github.com/apache/dubbo/issues/13359,
https://github.com/apache/dubbo,1f84cdcfede5ec9843ecebf39a25d9b995b8098b,dubbo-common,org.apache.dubbo.common.threadlocal.InternalThreadLocalTest.testPerformanceTradition,OD-Vic,Accepted,https://github.com/apache/dubbo/pull/13361,27e9877620a03a2e6c3aeabb5cc1d66c30eb188d,2,,https://github.com/apache/dubbo/issues/13359,
https://github.com/apache/dubbo,1f84cdcfede5ec9843ecebf39a25d9b995b8098b,dubbo-common,org.apache.dubbo.common.threadlocal.InternalThreadLocalTest.testRemove,OD-Vic,Accepted,https://github.com/apache/dubbo/pull/13361,27e9877620a03a2e6c3aeabb5cc1d66c30eb188d,2,,https://github.com/apache/dubbo/issues/13359,
https://github.com/apache/dubbo,1f84cdcfede5ec9843ecebf39a25d9b995b8098b,dubbo-common,org.apache.dubbo.common.threadlocal.InternalThreadLocalTest.testRemoveAll,OD-Vic,Accepted,https://github.com/apache/dubbo/pull/13361,27e9877620a03a2e6c3aeabb5cc1d66c30eb188d,2,,https://github.com/apache/dubbo/issues/13359,
https://github.com/apache/dubbo,1f84cdcfede5ec9843ecebf39a25d9b995b8098b,dubbo-common,org.apache.dubbo.common.threadlocal.InternalThreadLocalTest.testSetAndGet,OD-Vic,Accepted,https://github.com/apache/dubbo/pull/13361,27e9877620a03a2e6c3aeabb5cc1d66c30eb188d,2,,https://github.com/apache/dubbo/issues/13359,
https://github.com/apache/dubbo,1f84cdcfede5ec9843ecebf39a25d9b995b8098b,dubbo-common,org.apache.dubbo.common.threadlocal.InternalThreadLocalTest.testSize,NIO;OD-Vic,Accepted,https://github.com/apache/dubbo/pull/13361,27e9877620a03a2e6c3aeabb5cc1d66c30eb188d,2,,https://github.com/apache/dubbo/pull/6939 fixed NIO;https://github.com/apache/dubbo/pull/9265 fixed OD-Vic polluted by testSetAndGet; testRemove; testRemoveAll; https://github.com/apache/dubbo/pull/13361 fixed OD-Vic polluted by testConstructionWithIndex,
https://github.com/apache/dubbo,737f7a7ea67832d7f17517326fb2491d0a086dd7,dubbo-common,org.apache.dubbo.common.threadpool.support.eager.TaskQueueTest.testOffer2,OD,Accepted,https://github.com/apache/dubbo/pull/14896,77042161a4249cbd1ecdd304195d26f1ae087a78,5,,https://github.com/TestingResearchIllinois/idoft/issues/5,
https://github.com/apache/dubbo,737f7a7ea67832d7f17517326fb2491d0a086dd7,dubbo-common,org.apache.dubbo.common.threadpool.support.eager.TaskQueueTest.testOffer3,OD,Accepted,https://github.com/apache/dubbo/pull/14896,77042161a4249cbd1ecdd304195d26f1ae087a79,5,,https://github.com/TestingResearchIllinois/idoft/issues/5,
https://github.com/apache/dubbo,737f7a7ea67832d7f17517326fb2491d0a086dd7,dubbo-common,org.apache.dubbo.common.threadpool.support.eager.TaskQueueTest.testOffer4,OD,Accepted,https://github.com/apache/dubbo/pull/14896,77042161a4249cbd1ecdd304195d26f1ae087a80,5,,https://github.com/TestingResearchIllinois/idoft/issues/5,
https://github.com/apache/dubbo,3fc2d100bb2081c3da1996508e1f1200cea21d2f,dubbo-common,org.apache.dubbo.common.utils.AnnotationUtilsTest.testGetAllDeclaredAnnotations,ID,Accepted,https://github.com/apache/dubbo/pull/9123,295f2a767f1a2dd812e955bff8c5efb0eb97fd3f,1,,,
https://github.com/apache/dubbo,3fc2d100bb2081c3da1996508e1f1200cea21d2f,dubbo-common,org.apache.dubbo.common.utils.AnnotationUtilsTest.testGetAllMetaAnnotations,ID,Accepted,https://github.com/apache/dubbo/pull/9240,837fb4ad2a665c3c0ed8ace04fd931f57c943531,2,,,
https://github.com/apache/dubbo,3fc2d100bb2081c3da1996508e1f1200cea21d2f,dubbo-common,org.apache.dubbo.common.utils.AnnotationUtilsTest.testGetMetaAnnotations,ID,Accepted,https://github.com/apache/dubbo/pull/9240,837fb4ad2a665c3c0ed8ace04fd931f57c943532,2,,,
https://github.com/apache/dubbo,737f7a7ea67832d7f17517326fb2491d0a086dd7,dubbo-common,org.apache.dubbo.common.utils.DubboAppenderTest.testAppend,OD,Accepted,https://github.com/apache/dubbo/pull/14900,36b69f141ffd7d25294340f4d77ee6181a8af319,4,,https://github.com/TestingResearchIllinois/idoft/issues/5,
https://github.com/apache/dubbo,737f7a7ea67832d7f17517326fb2491d0a086dd7,dubbo-common,org.apache.dubbo.common.utils.DubboAppenderTest.testAvailable,UD,Accepted,https://github.com/apache/dubbo/pull/14900,36b69f141ffd7d25294340f4d77ee6181a8af319,4,,,
https://github.com/apache/dubbo,5349c13a36d277a090e1dc68fbe7c3b46d78fc90,dubbo-common,org.apache.dubbo.common.utils.PojoUtilsTest.testArrayToCollection,OD-Vic,Accepted,https://github.com/apache/dubbo/pull/9987,ca811c442d043177b92f023294ee5969c2a95a8a,2,,,
https://github.com/apache/dubbo,5349c13a36d277a090e1dc68fbe7c3b46d78fc90,dubbo-common,org.apache.dubbo.common.utils.PojoUtilsTest.testCollectionToArray,OD-Vic,Accepted,https://github.com/apache/dubbo/pull/9987,ca811c442d043177b92f023294ee5969c2a95a8a,2,,,
https://github.com/apache/dubbo,5349c13a36d277a090e1dc68fbe7c3b46d78fc90,dubbo-common,org.apache.dubbo.common.utils.PojoUtilsTest.testListPojoListPojo,OD-Vic,Accepted,https://github.com/apache/dubbo/pull/9987,ca811c442d043177b92f023294ee5969c2a95a8a,2,,,
https://github.com/apache/dubbo,5349c13a36d277a090e1dc68fbe7c3b46d78fc90,dubbo-common,org.apache.dubbo.common.utils.PojoUtilsTest.testMapField,OD-Vic,Accepted,https://github.com/apache/dubbo/pull/9987,ca811c442d043177b92f023294ee5969c2a95a8a,2,,,
https://github.com/apache/dubbo,5349c13a36d277a090e1dc68fbe7c3b46d78fc90,dubbo-common,org.apache.dubbo.common.utils.PojoUtilsTest.testPojoList,OD-Vic,Accepted,https://github.com/apache/dubbo/pull/9987,ca811c442d043177b92f023294ee5969c2a95a8a,2,,,
https://github.com/apache/dubbo,5349c13a36d277a090e1dc68fbe7c3b46d78fc90,dubbo-common,org.apache.dubbo.common.utils.PojoUtilsTest.testPublicField,OD-Vic,Accepted,https://github.com/apache/dubbo/pull/9987,ca811c442d043177b92f023294ee5969c2a95a8a,2,,,
https://github.com/apache/dubbo,5349c13a36d277a090e1dc68fbe7c3b46d78fc90,dubbo-common,org.apache.dubbo.common.utils.PojoUtilsTest.testRealizeLinkedList,OD-Vic,Accepted,https://github.com/apache/dubbo/pull/9987,ca811c442d043177b92f023294ee5969c2a95a8a,2,,,
https://github.com/apache/dubbo,5349c13a36d277a090e1dc68fbe7c3b46d78fc90,dubbo-common,org.apache.dubbo.common.utils.PojoUtilsTest.testStackOverflow,OD-Vic,Accepted,https://github.com/apache/dubbo/pull/9987,ca811c442d043177b92f023294ee5969c2a95a8a,2,,,
https://github.com/apache/dubbo,5349c13a36d277a090e1dc68fbe7c3b46d78fc90,dubbo-common,org.apache.dubbo.common.utils.PojoUtilsTest.test_has_no_nullary_constructor_pojo,OD-Vic,Accepted,https://github.com/apache/dubbo/pull/9987,ca811c442d043177b92f023294ee5969c2a95a8a,2,,,
https://github.com/apache/dubbo,5349c13a36d277a090e1dc68fbe7c3b46d78fc90,dubbo-common,org.apache.dubbo.common.utils.PojoUtilsTest.test_LoopPojoInList,OD-Vic,Accepted,https://github.com/apache/dubbo/pull/9987,ca811c442d043177b92f023294ee5969c2a95a8a,2,,,
https://github.com/apache/dubbo,5349c13a36d277a090e1dc68fbe7c3b46d78fc90,dubbo-common,org.apache.dubbo.common.utils.PojoUtilsTest.test_LoopPojoInMap,OD-Vic,Accepted,https://github.com/apache/dubbo/pull/9987,ca811c442d043177b92f023294ee5969c2a95a8a,2,,,
https://github.com/apache/dubbo,5349c13a36d277a090e1dc68fbe7c3b46d78fc90,dubbo-common,org.apache.dubbo.common.utils.PojoUtilsTest.test_Loop_pojo,OD-Vic,Accepted,https://github.com/apache/dubbo/pull/9987,ca811c442d043177b92f023294ee5969c2a95a8a,2,,,
https://github.com/apache/dubbo,5349c13a36d277a090e1dc68fbe7c3b46d78fc90,dubbo-common,org.apache.dubbo.common.utils.PojoUtilsTest.test_Map_List_pojo,OD-Vic,Accepted,https://github.com/apache/dubbo/pull/9987,ca811c442d043177b92f023294ee5969c2a95a8a,2,,,
https://github.com/apache/dubbo,5349c13a36d277a090e1dc68fbe7c3b46d78fc90,dubbo-common,org.apache.dubbo.common.utils.PojoUtilsTest.test_pojo,OD-Vic,Accepted,https://github.com/apache/dubbo/pull/9987,ca811c442d043177b92f023294ee5969c2a95a8a,2,,,
https://github.com/apache/dubbo,5349c13a36d277a090e1dc68fbe7c3b46d78fc90,dubbo-common,org.apache.dubbo.common.utils.PojoUtilsTest.test_PojoArray,OD-Vic,Accepted,https://github.com/apache/dubbo/pull/9987,ca811c442d043177b92f023294ee5969c2a95a8a,2,,,
https://github.com/apache/dubbo,5349c13a36d277a090e1dc68fbe7c3b46d78fc90,dubbo-common,org.apache.dubbo.common.utils.PojoUtilsTest.test_PojoInList,OD-Vic,Accepted,https://github.com/apache/dubbo/pull/9987,ca811c442d043177b92f023294ee5969c2a95a8a,2,,,
https://github.com/apache/dubbo,5349c13a36d277a090e1dc68fbe7c3b46d78fc90,dubbo-common,org.apache.dubbo.common.utils.PojoUtilsTest.test_simpleCollection,OD-Vic,Accepted,https://github.com/apache/dubbo/pull/9987,ca811c442d043177b92f023294ee5969c2a95a8a,2,,,
https://github.com/apache/dubbo,5349c13a36d277a090e1dc68fbe7c3b46d78fc90,dubbo-common,org.apache.dubbo.common.utils.PojoUtilsTest.test_total,OD-Vic,Accepted,https://github.com/apache/dubbo/pull/9987,ca811c442d043177b92f023294ee5969c2a95a8a,2,,,
https://github.com/apache/dubbo,5349c13a36d277a090e1dc68fbe7c3b46d78fc90,dubbo-common,org.apache.dubbo.common.utils.PojoUtilsTest.test_total_Array,OD-Vic,Accepted,https://github.com/apache/dubbo/pull/9987,ca811c442d043177b92f023294ee5969c2a95a8a,2,,,
https://github.com/apache/dubbo,737f7a7ea67832d7f17517326fb2491d0a086dd7,dubbo-config/dubbo-config-api,org.apache.dubbo.config.ServiceConfigTest.testProxy,NIO,Accepted,https://github.com/apache/dubbo/pull/7108,f24ff0505c6f412ef84d59dacacb953d1ae2f5bb,1,Dubbo-7107,,
https://github.com/apache/dubbo,737f7a7ea67832d7f17517326fb2491d0a086dd7,dubbo-registry/dubbo-registry-default,org.apache.dubbo.registry.dubbo.RegistryProtocolTest.testDestoryRegistry,OD,Accepted,https://github.com/apache/dubbo/pull/3849,1706807a1c9221fb13a24a8b318a56c699eea67d,1,,,
https://github.com/apache/dubbo,737f7a7ea67832d7f17517326fb2491d0a086dd7,dubbo-registry/dubbo-registry-default,org.apache.dubbo.registry.dubbo.RegistryProtocolTest.testNotifyOverride,OD,Accepted,https://github.com/apache/dubbo/pull/3849,1706807a1c9221fb13a24a8b318a56c699eea67d,1,,,
https://github.com/apache/dubbo,737f7a7ea67832d7f17517326fb2491d0a086dd7,dubbo-registry/dubbo-registry-default,org.apache.dubbo.registry.dubbo.RegistryProtocolTest.testNotifyOverride_notmatch,OD,Accepted,https://github.com/apache/dubbo/pull/3849,1706807a1c9221fb13a24a8b318a56c699eea67d,1,,,
https://github.com/apache/dubbo,737f7a7ea67832d7f17517326fb2491d0a086dd7,dubbo-cluster,org.apache.dubbo.rpc.cluster.StickyTest.testMethodStickyNoCheck,NIO;OD-Vic,Accepted,https://github.com/apache/dubbo/pull/2807,aa5637e85fb23d453ac226ec2622269c9993ace3,1,,,
https://github.com/apache/dubbo,737f7a7ea67832d7f17517326fb2491d0a086dd7,dubbo-cluster,org.apache.dubbo.rpc.cluster.StickyTest.testStickyNoCheck,NIO;OD-Vic,Accepted,https://github.com/apache/dubbo/pull/2807,aa5637e85fb23d453ac226ec2622269c9993ace3,1,,,
https://github.com/apache/dubbo,737f7a7ea67832d7f17517326fb2491d0a086dd7,dubbo-rpc/dubbo-rpc-api,org.apache.dubbo.rpc.filter.AccessLogFilterTest.testInvokeException,NIO,Accepted,https://github.com/apache/dubbo/pull/6993,e7e3f5021a039a42b6b411a2f653c8c7dc34cd40,1,Dubbo-6992,,
https://github.com/apache/dubbo,737f7a7ea67832d7f17517326fb2491d0a086dd7,dubbo-rpc/dubbo-rpc-api,org.apache.dubbo.rpc.filter.ExecuteLimitFilterTest.testExecuteLimitInvokeWitException,NIO,Accepted,https://github.com/apache/dubbo/pull/8401,bb94723f236d45d19e41a6b05468bcd9e0e60b79,1,,,
https://github.com/apache/dubbo,737f7a7ea67832d7f17517326fb2491d0a086dd7,dubbo-rpc/dubbo-rpc-dubbo,org.apache.dubbo.rpc.protocol.dubbo.DubboProtocolTest.testDubboProtocolWithMina,OD-Brit,Accepted,https://github.com/apache/dubbo/pull/2797,28b3736e4553a8f41bb0413ad29caa388c36e519,2,,,
https://github.com/apache/dubbo,737f7a7ea67832d7f17517326fb2491d0a086dd7,dubbo-rpc/dubbo-rpc-dubbo,org.apache.dubbo.rpc.protocol.dubbo.telnet.ChangeTelnetHandlerTest.testChangeServiceNotExport,OD-Vic,Accepted,https://github.com/apache/dubbo/pull/2755,20a5efb5d11ca822b978a495b2e396b2dab313a5,1,,,
https://github.com/apache/dubbo,737f7a7ea67832d7f17517326fb2491d0a086dd7,dubbo-rpc/dubbo-rpc-dubbo,org.apache.dubbo.rpc.protocol.dubbo.telnet.PortTelnetHandlerTest.testListAllPort,OD-Vic,Accepted,https://github.com/apache/dubbo/pull/2906,8a8650f4834501b2a891c4bda85c6a4e42b08cc8,1,,,
https://github.com/apache/dubbo,737f7a7ea67832d7f17517326fb2491d0a086dd7,dubbo-rpc/dubbo-rpc-dubbo,org.apache.dubbo.rpc.protocol.dubbo.telnet.PortTelnetHandlerTest.testListDetail,OD-Vic,Accepted,https://github.com/apache/dubbo/pull/2906,8a8650f4834501b2a891c4bda85c6a4e42b08cc8,1,,,
https://github.com/apache/dubbo,737f7a7ea67832d7f17517326fb2491d0a086dd7,dubbo-rpc/dubbo-rpc-api,org.apache.dubbo.rpc.proxy.javassist.JavassistProxyFactoryTest.testGetInvoker,OD-Vic,Accepted,https://github.com/apache/dubbo/pull/6314,f0c9b3fdd83d03e33ab33effa99c2b34f9a9921c,1,,,
https://github.com/apache/dubbo,737f7a7ea67832d7f17517326fb2491d0a086dd7,dubbo-rpc/dubbo-rpc-api,org.apache.dubbo.rpc.proxy.jdk.JdkProxyFactoryTest.testGetInvoker,OD-Vic,Accepted,https://github.com/apache/dubbo/pull/6314,f0c9b3fdd83d03e33ab33effa99c2b34f9a9921c,1,,,
https://github.com/apache/dubbo,737f7a7ea67832d7f17517326fb2491d0a086dd7,dubbo-rpc/dubbo-rpc-api,org.apache.dubbo.rpc.RpcContextTest.testAsync,NIO,Accepted,https://github.com/apache/dubbo/pull/6314,f0c9b3fdd83d03e33ab33effa99c2b34f9a9921c,1,,,
https://github.com/apache/dubbo,737f7a7ea67832d7f17517326fb2491d0a086dd7,dubbo-rpc/dubbo-rpc-api,org.apache.dubbo.rpc.RpcContextTest.testObject,NIO,Accepted,https://github.com/apache/dubbo/pull/6997,bcc721dd85a70cb05e2d9614a69b951ad37328f3,1,,,
https://github.com/apache/dubbo-admin,efb7a8d92f5e3c38e7f29c25d3793b00583a113e,.,org.apache.dubbo.admin.common.util.UrlUtilsTest.testParamsMapToString,ID,Accepted,https://github.com/apache/dubbo-admin/pull/883,4fed114fb8c84624cf54605948eda891bb70253f,2,,,
https://github.com/apache/flink,23c9b5ac50d04d28a34a87c78eb2d3331c06b74b,flink-runtime,org.apache.flink.runtime.state.FileStateBackendMigrationTest.testKeyedMapStateAsIs,ID,Accepted,https://github.com/apache/flink/pull/23298,b9787d2982e3cc576ab63cc5926987c8f6b72527,1,FLINK-32963,Merged commit from PR but did not merge PR,Forced Push
https://github.com/apache/flink,23c9b5ac50d04d28a34a87c78eb2d3331c06b74b,flink-runtime,org.apache.flink.runtime.state.FileStateBackendMigrationTest.testKeyedMapStateSerializerReconfiguration,ID,Accepted,https://github.com/apache/flink/pull/23298,b9787d2982e3cc576ab63cc5926987c8f6b72527,1,FLINK-32963,Merged commit from PR but did not merge PR,Forced Push
https://github.com/apache/flink,23c9b5ac50d04d28a34a87c78eb2d3331c06b74b,flink-runtime,org.apache.flink.runtime.state.FileStateBackendMigrationTest.testKeyedMapStateStateMigration,ID,Accepted,https://github.com/apache/flink/pull/23298,b9787d2982e3cc576ab63cc5926987c8f6b72527,1,FLINK-32963,Merged commit from PR but did not merge PR,Forced Push
https://github.com/apache/flink,23c9b5ac50d04d28a34a87c78eb2d3331c06b74b,flink-streaming-java,org.apache.flink.streaming.api.graph.SlotAllocationTest.testCoOperation,ID,Accepted,https://github.com/apache/flink/pull/11187,,6,FLINK-16234,,
https://github.com/apache/flink,23c9b5ac50d04d28a34a87c78eb2d3331c06b74b,flink-streaming-java,org.apache.flink.streaming.api.graph.SlotAllocationTest.testUnion,ID,Accepted,https://github.com/apache/flink/pull/11187,,6,FLINK-16234,,
https://github.com/apache/flink,23c9b5ac50d04d28a34a87c78eb2d3331c06b74b,flink-streaming-java,org.apache.flink.streaming.api.graph.StreamingJobGraphGeneratorTest.testSlotSharingOnAllVerticesInSameSlotSharingGroupByDefaultDisabled,ID,Accepted,https://github.com/apache/flink/pull/11187,,6,FLINK-16234,,
https://github.com/apache/flink,23c9b5ac50d04d28a34a87c78eb2d3331c06b74b,flink-streaming-java,org.apache.flink.streaming.api.graph.StreamingJobGraphGeneratorTest.testSlotSharingOnAllVerticesInSameSlotSharingGroupByDefaultEnabled,ID,Accepted,https://github.com/apache/flink/pull/11187,,6,FLINK-16234,,
https://github.com/apache/flink,23c9b5ac50d04d28a34a87c78eb2d3331c06b74b,flink-table/flink-table-common,org.apache.flink.table.expressions.ExpressionTest.testValueLiteralString,ID,Accepted,https://github.com/apache/flink/pull/11269,da7a6888cbee26f3e7ebc4957ea8d9993c0b53f8,1,FLINK-16352,,
https://github.com/apache/flink,23c9b5ac50d04d28a34a87c78eb2d3331c06b74b,flink-connectors/flink-connector-hive,org.apache.flink.table.functions.hive.HiveGenericUDFTest.testMap,ID,Accepted,https://github.com/apache/flink/pull/11052,550ca7214c3e352dbda1bd38c5e1836ddb7607e2,1,FLINK-15975,,
https://github.com/apache/fury,9295e58ae706a3734f6fa80704c41502ba73131e,fury-core,org.apache.fury.codegen.ExpressionVisitorTest.testTraverseExpression,ID,Accepted,https://github.com/apache/fury/pull/1968,9be8c958c7db0f8f3db017cfa734ea60ff36c3a0,3,,,
https://github.com/apache/hadoop,cc2babc1f75c93bf89a8f10da525f944c15d02ea,hadoop-hdfs-project/hadoop-hdfs-nfs,org.apache.hadoop.hdfs.nfs.nfs3.TestRpcProgramNfs3.testAccess,OD-Vic,Accepted,https://github.com/apache/hadoop/pull/6329,81de229cf6d8c40f7417488a534af3f1dc71ebdc,6,HDFS-17278,,
https://github.com/apache/hadoop,cc2babc1f75c93bf89a8f10da525f944c15d02ea,hadoop-hdfs-project/hadoop-hdfs-nfs,org.apache.hadoop.hdfs.nfs.nfs3.TestRpcProgramNfs3.testCommit,OD-Vic,Accepted,https://github.com/apache/hadoop/pull/6329,81de229cf6d8c40f7417488a534af3f1dc71ebdc,6,HDFS-17278,,
https://github.com/apache/hadoop,cc2babc1f75c93bf89a8f10da525f944c15d02ea,hadoop-hdfs-project/hadoop-hdfs-nfs,org.apache.hadoop.hdfs.nfs.nfs3.TestRpcProgramNfs3.testCreate,OD-Vic,Accepted,https://github.com/apache/hadoop/pull/6329,81de229cf6d8c40f7417488a534af3f1dc71ebdc,6,HDFS-17278,,
https://github.com/apache/hadoop,a585a73c3e02ac62350c136643a5e7f6095a3dbb,hadoop-hdfs-project/hadoop-hdfs-nfs,org.apache.hadoop.hdfs.nfs.nfs3.TestRpcProgramNfs3.testEncryptedReadWrite,OD,Accepted,https://github.com/apache/hadoop/pull/6329,81de229cf6d8c40f7417488a534af3f1dc71ebdc,6,HDFS-17278,,
https://github.com/apache/hadoop,cc2babc1f75c93bf89a8f10da525f944c15d02ea,hadoop-hdfs-project/hadoop-hdfs-nfs,org.apache.hadoop.hdfs.nfs.nfs3.TestRpcProgramNfs3.testFsinfo,OD-Vic,Accepted,https://github.com/apache/hadoop/pull/6329,81de229cf6d8c40f7417488a534af3f1dc71ebdc,6,HDFS-17278,,
https://github.com/apache/hadoop,cc2babc1f75c93bf89a8f10da525f944c15d02ea,hadoop-hdfs-project/hadoop-hdfs-nfs,org.apache.hadoop.hdfs.nfs.nfs3.TestRpcProgramNfs3.testFsstat,OD-Vic,Accepted,https://github.com/apache/hadoop/pull/6329,81de229cf6d8c40f7417488a534af3f1dc71ebdc,6,HDFS-17278,,
https://github.com/apache/hadoop,cc2babc1f75c93bf89a8f10da525f944c15d02ea,hadoop-hdfs-project/hadoop-hdfs-nfs,org.apache.hadoop.hdfs.nfs.nfs3.TestRpcProgramNfs3.testGetattr,OD-Vic,Accepted,https://github.com/apache/hadoop/pull/6329,81de229cf6d8c40f7417488a534af3f1dc71ebdc,6,HDFS-17278,,
https://github.com/apache/hadoop,cc2babc1f75c93bf89a8f10da525f944c15d02ea,hadoop-hdfs-project/hadoop-hdfs-nfs,org.apache.hadoop.hdfs.nfs.nfs3.TestRpcProgramNfs3.testLookup,OD-Vic,Accepted,https://github.com/apache/hadoop/pull/6329,81de229cf6d8c40f7417488a534af3f1dc71ebdc,6,HDFS-17278,,
https://github.com/apache/hadoop,cc2babc1f75c93bf89a8f10da525f944c15d02ea,hadoop-hdfs-project/hadoop-hdfs-nfs,org.apache.hadoop.hdfs.nfs.nfs3.TestRpcProgramNfs3.testMkdir,OD-Vic,Accepted,https://github.com/apache/hadoop/pull/6329,81de229cf6d8c40f7417488a534af3f1dc71ebdc,6,HDFS-17278,,
https://github.com/apache/hadoop,cc2babc1f75c93bf89a8f10da525f944c15d02ea,hadoop-hdfs-project/hadoop-hdfs-nfs,org.apache.hadoop.hdfs.nfs.nfs3.TestRpcProgramNfs3.testPathconf,OD-Vic,Accepted,https://github.com/apache/hadoop/pull/6329,81de229cf6d8c40f7417488a534af3f1dc71ebdc,6,HDFS-17278,,
https://github.com/apache/hadoop,cc2babc1f75c93bf89a8f10da525f944c15d02ea,hadoop-hdfs-project/hadoop-hdfs-nfs,org.apache.hadoop.hdfs.nfs.nfs3.TestRpcProgramNfs3.testRead,OD-Vic,Accepted,https://github.com/apache/hadoop/pull/6329,81de229cf6d8c40f7417488a534af3f1dc71ebdc,6,HDFS-17278,,
https://github.com/apache/hadoop,cc2babc1f75c93bf89a8f10da525f944c15d02ea,hadoop-hdfs-project/hadoop-hdfs-nfs,org.apache.hadoop.hdfs.nfs.nfs3.TestRpcProgramNfs3.testReaddir,OD-Vic,Accepted,https://github.com/apache/hadoop/pull/6329,81de229cf6d8c40f7417488a534af3f1dc71ebdc,6,HDFS-17278,,
https://github.com/apache/hadoop,cc2babc1f75c93bf89a8f10da525f944c15d02ea,hadoop-hdfs-project/hadoop-hdfs-nfs,org.apache.hadoop.hdfs.nfs.nfs3.TestRpcProgramNfs3.testReaddirplus,OD-Vic,Accepted,https://github.com/apache/hadoop/pull/6329,81de229cf6d8c40f7417488a534af3f1dc71ebdc,6,HDFS-17278,,
https://github.com/apache/hadoop,cc2babc1f75c93bf89a8f10da525f944c15d02ea,hadoop-hdfs-project/hadoop-hdfs-nfs,org.apache.hadoop.hdfs.nfs.nfs3.TestRpcProgramNfs3.testReadlink,OD-Vic,Accepted,https://github.com/apache/hadoop/pull/6329,81de229cf6d8c40f7417488a534af3f1dc71ebdc,6,HDFS-17278,,
https://github.com/apache/hadoop,cc2babc1f75c93bf89a8f10da525f944c15d02ea,hadoop-hdfs-project/hadoop-hdfs-nfs,org.apache.hadoop.hdfs.nfs.nfs3.TestRpcProgramNfs3.testRemove,OD-Vic,Accepted,https://github.com/apache/hadoop/pull/6329,81de229cf6d8c40f7417488a534af3f1dc71ebdc,6,HDFS-17278,,
https://github.com/apache/hadoop,cc2babc1f75c93bf89a8f10da525f944c15d02ea,hadoop-hdfs-project/hadoop-hdfs-nfs,org.apache.hadoop.hdfs.nfs.nfs3.TestRpcProgramNfs3.testRename,OD-Vic,Accepted,https://github.com/apache/hadoop/pull/6329,81de229cf6d8c40f7417488a534af3f1dc71ebdc,6,HDFS-17278,,
https://github.com/apache/hadoop,cc2babc1f75c93bf89a8f10da525f944c15d02ea,hadoop-hdfs-project/hadoop-hdfs-nfs,org.apache.hadoop.hdfs.nfs.nfs3.TestRpcProgramNfs3.testRmdir,OD-Vic,Accepted,https://github.com/apache/hadoop/pull/6329,81de229cf6d8c40f7417488a534af3f1dc71ebdc,6,HDFS-17278,,
https://github.com/apache/hadoop,cc2babc1f75c93bf89a8f10da525f944c15d02ea,hadoop-hdfs-project/hadoop-hdfs-nfs,org.apache.hadoop.hdfs.nfs.nfs3.TestRpcProgramNfs3.testSetattr,OD-Vic,Accepted,https://github.com/apache/hadoop/pull/6329,81de229cf6d8c40f7417488a534af3f1dc71ebdc,6,HDFS-17278,,
https://github.com/apache/hadoop,cc2babc1f75c93bf89a8f10da525f944c15d02ea,hadoop-hdfs-project/hadoop-hdfs-nfs,org.apache.hadoop.hdfs.nfs.nfs3.TestRpcProgramNfs3.testSymlink,OD-Vic,Accepted,https://github.com/apache/hadoop/pull/6329,81de229cf6d8c40f7417488a534af3f1dc71ebdc,6,HDFS-17278,,
https://github.com/apache/hadoop,cc2babc1f75c93bf89a8f10da525f944c15d02ea,hadoop-hdfs-project/hadoop-hdfs-nfs,org.apache.hadoop.hdfs.nfs.nfs3.TestRpcProgramNfs3.testWrite,OD-Vic,Accepted,https://github.com/apache/hadoop/pull/6329,81de229cf6d8c40f7417488a534af3f1dc71ebdc,6,HDFS-17278,,
https://github.com/apache/hadoop,cc2babc1f75c93bf89a8f10da525f944c15d02ea,hadoop-hdfs-project/hadoop-hdfs-nfs,org.apache.hadoop.hdfs.nfs.nfs3.TestViewfsWithNfs3.testNfsRenameSingleNN,NIO;OD-Vic,Accepted,https://github.com/apache/hadoop/pull/2724,7ba91c123544e1c1cbee759a11879af3b19260b3,3,HDFS-15862,,
https://github.com/apache/hadoop,cc2babc1f75c93bf89a8f10da525f944c15d02ea,hadoop-mapreduce-project/hadoop-mapreduce-client/hadoop-mapreduce-client-jobclient,org.apache.hadoop.mapred.TestClientRedirect.testRedirect,NIO,Accepted,https://github.com/apache/hadoop/pull/2968,7b5be74228cb4a68d11f52ac061829b70a4f3144,1,MAPREDUCE-7342,,
https://github.com/apache/hadoop,cc2babc1f75c93bf89a8f10da525f944c15d02ea,hadoop-mapreduce-project/hadoop-mapreduce-client/hadoop-mapreduce-client-core,org.apache.hadoop.mapred.TestTaskProgressReporter.testBytesWrittenRespectingLimit,NIO,Accepted,https://github.com/apache/hadoop/pull/2500,6187f76f11e885023c99382f0fd18f8fea8bcbb6,2,MAPREDUCE-7311,,
https://github.com/apache/hadoop,cc2babc1f75c93bf89a8f10da525f944c15d02ea,hadoop-mapreduce-project/hadoop-mapreduce-client/hadoop-mapreduce-client-core,org.apache.hadoop.mapreduce.jobhistory.TestHistoryViewerPrinter.testHumanPrinterAll,ID,Accepted,https://github.com/apache/hadoop/pull/6215,d6bb47e5db2fac8236b23ad30389b5ae69a5c2bd,1,HADOOP-18947,,
https://github.com/apache/hadoop,cc2babc1f75c93bf89a8f10da525f944c15d02ea,hadoop-mapreduce-project/hadoop-mapreduce-client/hadoop-mapreduce-client-app,org.apache.hadoop.mapreduce.jobhistory.TestJobHistoryEventHandler.testSigTermedFunctionality,NIO,Accepted,https://github.com/apache/hadoop/pull/2499,ca7dd5fad331e3942547b88fdc4c0ad59865a71a,1,MAPREDUCE-7310,,
https://github.com/apache/hadoop,14cd969b6ea1898e9db6eeb9ea5292ec4558a706,hadoop-common-project/hadoop-common,org.apache.hadoop.metrics2.impl.TestMetricsSystemImpl.testInitFirstVerifyCallBacks,ID,Accepted,https://github.com/apache/hadoop/pull/1868,5678b19b016934fecfb16177c849668d642c9c7a,1,HADOOP-16897,,
https://github.com/apache/hadoop,14cd969b6ea1898e9db6eeb9ea5292ec4558a706,hadoop-common-project/hadoop-common,org.apache.hadoop.metrics2.impl.TestMetricsSystemImpl.testInitFirstVerifyStopInvokedImmediately,ID,Accepted,https://github.com/apache/hadoop/pull/1868,5678b19b016934fecfb16177c849668d642c9c7a,1,HADOOP-16897,,
https://github.com/apache/hadoop,14cd969b6ea1898e9db6eeb9ea5292ec4558a706,hadoop-common-project/hadoop-common,org.apache.hadoop.security.TestGroupsCaching.testNegativeGroupCaching,ID,Accepted,https://github.com/apache/hadoop/pull/1835,d36cd37e606e03b4c2b7b25b9155fc5ec5dc379d,1,HADOOP-16847,,
https://github.com/apache/hbase,801fc05e9c082ab12c7c1207087d3667ab162d1a,hbase-server,org.apache.hadoop.hbase.master.cleaner.TestReplicationHFileCleaner.testIsFileDeletable,NIO,Accepted,https://github.com/apache/hbase/pull/2984,44d56249082cab342c1a3682adec895f211b0fe2,2,HBASE-25680,,
https://github.com/apache/hbase,6bb4b387a34d148be98e537012074e412efb8aa4,hbase-server,org.apache.hadoop.hbase.monitoring.TestTaskMonitor.testClone,ID,Accepted,https://github.com/apache/hbase/pull/4876,a2075f51a84676c4fac7eb697a21255abddf143a,4,HBASE-27479,,
https://github.com/apache/hbase,7d0a687e5798a2f4ca3190b409169f7e17a75b34,hbase-common,org.apache.hadoop.hbase.TestClassFinder.testClassFinderDefaultsToOwnPackage,ID,Accepted,https://github.com/apache/hbase/pull/2740,c62c18dca7154294ac8c76f922a8fb4cd3e3f936,3,HBASE-25370,,
https://github.com/apache/helix,917b786e4da9a615c5177f27256e170feae2298f,helix-rest,org.apache.helix.rest.server.json.cluster.TestClusterInfo.whenSerializingClusterInfo,ID,Accepted,https://github.com/apache/helix/pull/2297,f1b7b658de6946a99f57f3e031fc16b70b6b1d80,4,,,
https://github.com/apache/helix,917b786e4da9a615c5177f27256e170feae2298f,helix-rest,org.apache.helix.rest.server.json.cluster.TestClusterTopology.whenSerializingClusterTopology,ID,Accepted,https://github.com/apache/helix/pull/2297,f1b7b658de6946a99f57f3e031fc16b70b6b1d81,4,,,
https://github.com/apache/helix,917b786e4da9a615c5177f27256e170feae2298f,helix-rest,org.apache.helix.rest.server.json.instance.TestStoppableCheck.whenSerializingStoppableCheck,ID,Accepted,https://github.com/apache/helix/pull/2297,f1b7b658de6946a99f57f3e031fc16b70b6b1d82,4,,,
https://github.com/apache/hive,ecdac363e042200d85bb8b894aa20d91a1642a18,serde,org.apache.hadoop.hive.serde2.binarysortable.TestBinarySortableSerDe.testBinarySortableSerDe,ID,Accepted,https://github.com/apache/hive/pull/5527,41925d79d672d1f373d85f067d915ac6d32b7a22,4,HIVE-28603,,
https://github.com/apache/hive,ecdac363e042200d85bb8b894aa20d91a1642a18,serde,org.apache.hadoop.hive.serde2.columnar.TestLazyBinaryColumnarSerDe.testLazyBinaryColumnarSerDeWithEmptyBinary,ID,Accepted,https://github.com/apache/hive/pull/5527,41925d79d672d1f373d85f067d915ac6d32b7a22,4,HIVE-28603,,
https://github.com/apache/hive,ecdac363e042200d85bb8b894aa20d91a1642a18,serde,org.apache.hadoop.hive.serde2.columnar.TestLazyBinaryColumnarSerDe.testSerDe,ID,Accepted,https://github.com/apache/hive/pull/5527,41925d79d672d1f373d85f067d915ac6d32b7a22,4,HIVE-28603,https://github.com/apache/hive/pull/4813 was Opened but never Accepted,
https://github.com/apache/hive,ecdac363e042200d85bb8b894aa20d91a1642a18,serde,org.apache.hadoop.hive.serde2.columnar.TestLazyBinaryColumnarSerDe.testSerDeEmpties,ID,Accepted,https://github.com/apache/hive/pull/5527,41925d79d672d1f373d85f067d915ac6d32b7a22,4,HIVE-28603,,
https://github.com/apache/hive,ecdac363e042200d85bb8b894aa20d91a1642a18,serde,org.apache.hadoop.hive.serde2.columnar.TestLazyBinaryColumnarSerDe.testSerDeInnerNulls,ID,Accepted,https://github.com/apache/hive/pull/5527,41925d79d672d1f373d85f067d915ac6d32b7a22,4,HIVE-28603,,
https://github.com/apache/hive,90fa9064f2c6907fbe6237cb46d5937eebd8ea31,serde,org.apache.hadoop.hive.serde2.lazy.TestLazySimpleSerDe.testSerDeParameters,ID,Accepted,https://github.com/apache/hive/pull/5527,41925d79d672d1f373d85f067d915ac6d32b7a22,4,HIVE-28603,,
https://github.com/apache/hive,90fa9064f2c6907fbe6237cb46d5937eebd8ea31,serde,org.apache.hadoop.hive.serde2.lazybinary.TestLazyBinarySerDe.testLazyBinarySerDe,ID,Accepted,https://github.com/apache/hive/pull/5527,41925d79d672d1f373d85f067d915ac6d32b7a22,4,HIVE-28603,,
https://github.com/apache/hive,90fa9064f2c6907fbe6237cb46d5937eebd8ea31,serde,org.apache.hadoop.hive.serde2.lazybinary.TestLazyBinarySerDe2.testLazyBinarySerDe,ID,Accepted,https://github.com/apache/hive/pull/5527,41925d79d672d1f373d85f067d915ac6d32b7a22,4,HIVE-28603,,
https://github.com/apache/hive,90fa9064f2c6907fbe6237cb46d5937eebd8ea31,serde,org.apache.hadoop.hive.serde2.objectinspector.TestProtocolBuffersObjectInspectors.testProtocolBuffersObjectInspectors,ID,Accepted,https://github.com/apache/hive/pull/5527,41925d79d672d1f373d85f067d915ac6d32b7a22,4,HIVE-28603,,
https://github.com/apache/hive,90fa9064f2c6907fbe6237cb46d5937eebd8ea31,serde,org.apache.hadoop.hive.serde2.objectinspector.TestReflectionObjectInspectors.testReflectionObjectInspectors,ID,Accepted,https://github.com/apache/hive/pull/5527,41925d79d672d1f373d85f067d915ac6d32b7a22,4,HIVE-28603,,
https://github.com/apache/hive,90fa9064f2c6907fbe6237cb46d5937eebd8ea31,serde,org.apache.hadoop.hive.serde2.objectinspector.TestStandardObjectInspectors.testStandardUnionObjectInspector,ID,Accepted,https://github.com/apache/hive/pull/929,8e6930e5d22efcf2fa05786db1d28fb90b2466e8,1,HIVE-22952,,
https://github.com/apache/hive,90fa9064f2c6907fbe6237cb46d5937eebd8ea31,serde,org.apache.hadoop.hive.serde2.objectinspector.TestThriftObjectInspectors.testThriftObjectInspectors,ID,Accepted,https://github.com/apache/hive/pull/5527,41925d79d672d1f373d85f067d915ac6d32b7a22,4,HIVE-28603,,
https://github.com/apache/hive,ecdac363e042200d85bb8b894aa20d91a1642a18,serde,org.apache.hadoop.hive.serde2.TestStatsSerde.testLazyBinarySerDe,ID,Accepted,https://github.com/apache/hive/pull/5527,41925d79d672d1f373d85f067d915ac6d32b7a22,4,HIVE-28603,,
https://github.com/apache/hop,be70e6fa1d4bf180c2766edc4c21d10fc215118b,core,org.apache.hop.core.row.value.ValueMetaAvroRecordTest.testStoreLoadMetaInJson,ID,Accepted,https://github.com/apache/hop/pull/3401,14bf658b2ba427d9671c9f2efc531c0c2ab360b7,1,,,
https://github.com/apache/hop,be70e6fa1d4bf180c2766edc4c21d10fc215118b,core,org.apache.hop.core.svg.HopSvgGraphics2DTest.testNewDocumentSimpleXml,ID,Accepted,https://github.com/apache/hop/pull/3421,96cfd6aab518b8fa6275f6f12bdbfcb69f6ac0e1,1,,,
https://github.com/apache/hop,be70e6fa1d4bf180c2766edc4c21d10fc215118b,core,org.apache.hop.core.svg.HopSvgGraphics2DTest.testNewDocumentXml,ID,Accepted,https://github.com/apache/hop/pull/3421,96cfd6aab518b8fa6275f6f12bdbfcb69f6ac0e1,1,,,
https://github.com/apache/hop,be70e6fa1d4bf180c2766edc4c21d10fc215118b,plugins/transforms/databaselookup,org.apache.hop.pipeline.transforms.databaselookup.DatabaseLookupMetaTest.testProvidesModelerMeta,ID,Accepted,https://github.com/apache/hop/pull/3422,1a276ede2071b8e6b360191de949fc4a99e7bc22,1,,,
https://github.com/apache/hop,be70e6fa1d4bf180c2766edc4c21d10fc215118b,plugins/transforms/propertyinput,org.apache.hop.pipeline.transforms.propertyinput.PropertyInputContentParsingTest.testDefaultOptions,ID,Accepted,https://github.com/apache/hop/pull/3443,47e017985507801506a9aef83d0108e2b301d426,1,,,
https://github.com/apache/hop,be70e6fa1d4bf180c2766edc4c21d10fc215118b,plugins/transforms/xml,org.apache.hop.pipeline.transforms.xml.xmlinputstream.XmlInputStreamTest.testParseXmlWithoutPrefixes_WhenSetEnableNamespaceAsTrue,ID,Accepted,https://github.com/apache/hop/pull/3463,15d79aeebe8e81e37552e34278316083b7c73729,1,,,
https://github.com/apache/hop,be70e6fa1d4bf180c2766edc4c21d10fc215118b,plugins/transforms/xml,org.apache.hop.pipeline.transforms.xml.xmlinputstream.XmlInputStreamTest.testParseXmlWithPrefixes_WhenSetEnableNamespaceAsFalse,ID,Accepted,https://github.com/apache/hop/pull/3463,15d79aeebe8e81e37552e34278316083b7c73730,1,,,
https://github.com/apache/hop,be70e6fa1d4bf180c2766edc4c21d10fc215118b,plugins/transforms/xml,org.apache.hop.pipeline.transforms.xml.xmlinputstream.XmlInputStreamTest.testParseXmlWithPrefixes_WhenSetEnableNamespaceAsTrue,ID,Accepted,https://github.com/apache/hop/pull/3463,15d79aeebe8e81e37552e34278316083b7c73731,1,,,
https://github.com/apache/ignite-3,a1aa7fd4e2398c72827777ec5417d67915ff4da3,modules/cli,org.apache.ignite.cli.commands.cliconfig.CliConfigSubCommandTest.noKey,ID,Accepted,https://github.com/apache/ignite-3/pull/888,,16,IGNITE-17223,The PR was closed but the commit https://github.com/apache/ignite-3/commit/81851d38f6197ea414552148d9db372c09b43eb8 was added to the main branch of the repository,
https://github.com/apache/ignite-3,a1aa7fd4e2398c72827777ec5417d67915ff4da3,modules/cli,org.apache.ignite.cli.deprecated.IgniteCliInterfaceTest$Cluster.initSuccess,ID,Accepted,https://github.com/apache/ignite-3/pull/888,,16,IGNITE-17223,The PR was closed but the commit https://github.com/apache/ignite-3/commit/81851d38f6197ea414552148d9db372c09b43eb8 was added to the main branch of the repository,
https://github.com/apache/ignite-3,a1aa7fd4e2398c72827777ec5417d67915ff4da3,modules/configuration,org.apache.ignite.internal.configuration.asm.ConfigurationAsmGeneratorTest.testPolymorphicErrors,ID,Accepted,https://github.com/apache/ignite-3/pull/1312,de6ee0702398f9ce3022a8e265c633857f3a3d88,2,IGNITE-18080,,
https://github.com/apache/ignite-3,a1aa7fd4e2398c72827777ec5417d67915ff4da3,modules/storage-rocksdb,org.apache.ignite.internal.storage.rocksdb.index.RocksDbSortedIndexStorageTest.testEmptyRange,ID,Accepted,https://github.com/apache/ignite-3/pull/1312,de6ee0702398f9ce3022a8e265c633857f3a3d88,2,IGNITE-18080,,
https://github.com/apache/ignite-3,a1aa7fd4e2398c72827777ec5417d67915ff4da3,modules/storage-rocksdb,org.apache.ignite.internal.storage.rocksdb.index.RocksDbSortedIndexStorageTest.testRowSerialization,ID,Accepted,https://github.com/apache/ignite-3/pull/1312,de6ee0702398f9ce3022a8e265c633857f3a3d88,2,IGNITE-18080,,
https://github.com/apache/ignite-3,a1aa7fd4e2398c72827777ec5417d67915ff4da3,modules/storage-rocksdb,org.apache.ignite.internal.storage.rocksdb.RocksDbMvPartitionStorageTest.abortOfInsertMakesRowNonExistentForReadByTimestamp,ID,Accepted,https://github.com/apache/ignite-3/pull/1312,de6ee0702398f9ce3022a8e265c633857f3a3d88,2,IGNITE-18080,,
https://github.com/apache/ignite-3,a1aa7fd4e2398c72827777ec5417d67915ff4da3,modules/storage-rocksdb,org.apache.ignite.internal.storage.rocksdb.RocksDbMvPartitionStorageTest.abortOfInsertMakesRowNonExistentForReadWithTxId,ID,Accepted,https://github.com/apache/ignite-3/pull/1312,de6ee0702398f9ce3022a8e265c633857f3a3d88,2,IGNITE-18080,,
https://github.com/apache/ignite-3,a1aa7fd4e2398c72827777ec5417d67915ff4da3,modules/storage-rocksdb,org.apache.ignite.internal.storage.rocksdb.RocksDbMvPartitionStorageTest.abortWriteRemovesUncommittedVersion,ID,Accepted,https://github.com/apache/ignite-3/pull/1312,de6ee0702398f9ce3022a8e265c633857f3a3d88,2,IGNITE-18080,,
https://github.com/apache/ignite-3,a1aa7fd4e2398c72827777ec5417d67915ff4da3,modules/storage-rocksdb,org.apache.ignite.internal.storage.rocksdb.RocksDbMvPartitionStorageTest.abortWriteReturnsTheRemovedVersion,ID,Accepted,https://github.com/apache/ignite-3/pull/1312,de6ee0702398f9ce3022a8e265c633857f3a3d88,2,IGNITE-18080,,
https://github.com/apache/ignite-3,a1aa7fd4e2398c72827777ec5417d67915ff4da3,modules/storage-rocksdb,org.apache.ignite.internal.storage.rocksdb.RocksDbMvPartitionStorageTest.addWriteReturnsNullIfNoUncommittedVersionExists,ID,Accepted,https://github.com/apache/ignite-3/pull/1312,de6ee0702398f9ce3022a8e265c633857f3a3d88,2,IGNITE-18080,,
https://github.com/apache/ignite-3,a1aa7fd4e2398c72827777ec5417d67915ff4da3,modules/storage-rocksdb,org.apache.ignite.internal.storage.rocksdb.RocksDbMvPartitionStorageTest.addWriteReturnsUncommittedVersionIfItExists,ID,Accepted,https://github.com/apache/ignite-3/pull/1312,de6ee0702398f9ce3022a8e265c633857f3a3d88,2,IGNITE-18080,,
https://github.com/apache/ignite-3,a1aa7fd4e2398c72827777ec5417d67915ff4da3,modules/storage-rocksdb,org.apache.ignite.internal.storage.rocksdb.RocksDbMvPartitionStorageTest.addWriteWithDifferentTxIdThrows,ID,Accepted,https://github.com/apache/ignite-3/pull/1312,de6ee0702398f9ce3022a8e265c633857f3a3d88,2,IGNITE-18080,,
https://github.com/apache/ignite-3,a1aa7fd4e2398c72827777ec5417d67915ff4da3,modules/storage-rocksdb,org.apache.ignite.internal.storage.rocksdb.RocksDbMvPartitionStorageTest.afterRemovalPreviousVersionRemainsAccessibleByTimestamp,ID,Accepted,https://github.com/apache/ignite-3/pull/1312,de6ee0702398f9ce3022a8e265c633857f3a3d88,2,IGNITE-18080,,
https://github.com/apache/ignite-3,a1aa7fd4e2398c72827777ec5417d67915ff4da3,modules/storage-rocksdb,org.apache.ignite.internal.storage.rocksdb.RocksDbMvPartitionStorageTest.afterRemovalReadByLatestTimestampFindsNothing,ID,Accepted,https://github.com/apache/ignite-3/pull/1312,de6ee0702398f9ce3022a8e265c633857f3a3d88,2,IGNITE-18080,,
https://github.com/apache/ignite-3,a1aa7fd4e2398c72827777ec5417d67915ff4da3,modules/storage-rocksdb,org.apache.ignite.internal.storage.rocksdb.RocksDbMvPartitionStorageTest.afterRemovalReadWithTxIdFindsNothing,ID,Accepted,https://github.com/apache/ignite-3/pull/1312,de6ee0702398f9ce3022a8e265c633857f3a3d88,2,IGNITE-18080,,
https://github.com/apache/ignite-3,94f43be512adae68c3a4548515b48ec04a6a4f73,modules/storage-rocksdb,org.apache.ignite.internal.storage.rocksdb.RocksDbMvPartitionStorageTest.commitAndAbortWriteNoOpIfNoUncommittedVersionExists,ID,Accepted,https://github.com/apache/ignite-3/pull/1312,de6ee0702398f9ce3022a8e265c633857f3a3d88,2,IGNITE-18080,,
https://github.com/apache/ignite-3,a1aa7fd4e2398c72827777ec5417d67915ff4da3,modules/storage-rocksdb,org.apache.ignite.internal.storage.rocksdb.RocksDbMvPartitionStorageTest.commitWriteMakesVersionAvailableToReadByTimestamp,ID,Accepted,https://github.com/apache/ignite-3/pull/1312,de6ee0702398f9ce3022a8e265c633857f3a3d88,2,IGNITE-18080,,
https://github.com/apache/ignite-3,a1aa7fd4e2398c72827777ec5417d67915ff4da3,modules/storage-rocksdb,org.apache.ignite.internal.storage.rocksdb.RocksDbMvPartitionStorageTest.readByExactlyCommitTimestampFindsRow,ID,Accepted,https://github.com/apache/ignite-3/pull/1312,de6ee0702398f9ce3022a8e265c633857f3a3d88,2,IGNITE-18080,,
https://github.com/apache/ignite-3,a1aa7fd4e2398c72827777ec5417d67915ff4da3,modules/storage-rocksdb,org.apache.ignite.internal.storage.rocksdb.RocksDbMvPartitionStorageTest.readByTimestampAfterCommitTimestampFindsRow,ID,Accepted,https://github.com/apache/ignite-3/pull/1312,de6ee0702398f9ce3022a8e265c633857f3a3d88,2,IGNITE-18080,,
https://github.com/apache/ignite-3,d3ee2e664508636f04c001d675791e3bb5ffdb8d,modules/storage-rocksdb,org.apache.ignite.internal.storage.rocksdb.RocksDbMvPartitionStorageTest.readByTimestampAfterWriteFindsUncommittedVersion,ID,Accepted,https://github.com/apache/ignite-3/pull/1312,de6ee0702398f9ce3022a8e265c633857f3a3d88,2,IGNITE-18080,,
https://github.com/apache/ignite-3,a1aa7fd4e2398c72827777ec5417d67915ff4da3,modules/storage-rocksdb,org.apache.ignite.internal.storage.rocksdb.RocksDbMvPartitionStorageTest.readByTimestampBeforeFirstVersionCommitTimestampFindsNothing,ID,Accepted,https://github.com/apache/ignite-3/pull/1312,de6ee0702398f9ce3022a8e265c633857f3a3d88,2,IGNITE-18080,,
https://github.com/apache/ignite-3,a1aa7fd4e2398c72827777ec5417d67915ff4da3,modules/storage-rocksdb,org.apache.ignite.internal.storage.rocksdb.RocksDbMvPartitionStorageTest.readByTimestampBetweenVersionsFindsPreviousVersion,ID,Accepted,https://github.com/apache/ignite-3/pull/1312,de6ee0702398f9ce3022a8e265c633857f3a3d88,2,IGNITE-18080,,
https://github.com/apache/ignite-3,a1aa7fd4e2398c72827777ec5417d67915ff4da3,modules/storage-rocksdb,org.apache.ignite.internal.storage.rocksdb.RocksDbMvPartitionStorageTest.readByTimestampOfLastVersionFindsLastVersion,ID,Accepted,https://github.com/apache/ignite-3/pull/1312,de6ee0702398f9ce3022a8e265c633857f3a3d88,2,IGNITE-18080,,
https://github.com/apache/ignite-3,a1aa7fd4e2398c72827777ec5417d67915ff4da3,modules/storage-rocksdb,org.apache.ignite.internal.storage.rocksdb.RocksDbMvPartitionStorageTest.readByTimestampOfPreviousVersionFindsPreviousVersion,ID,Accepted,https://github.com/apache/ignite-3/pull/1312,de6ee0702398f9ce3022a8e265c633857f3a3d88,2,IGNITE-18080,,
https://github.com/apache/ignite-3,a1aa7fd4e2398c72827777ec5417d67915ff4da3,modules/storage-rocksdb,org.apache.ignite.internal.storage.rocksdb.RocksDbMvPartitionStorageTest.readOfCommittedRowWithAnyTransactionIdReturnsTheRow,ID,Accepted,https://github.com/apache/ignite-3/pull/1312,de6ee0702398f9ce3022a8e265c633857f3a3d88,2,IGNITE-18080,,
https://github.com/apache/ignite-3,a1aa7fd4e2398c72827777ec5417d67915ff4da3,modules/storage-rocksdb,org.apache.ignite.internal.storage.rocksdb.RocksDbMvPartitionStorageTest.readOfUncommittedRowWithCorrespondingTransactionIdReturnsTheRow,ID,Accepted,https://github.com/apache/ignite-3/pull/1312,de6ee0702398f9ce3022a8e265c633857f3a3d88,2,IGNITE-18080,,
https://github.com/apache/ignite-3,a1aa7fd4e2398c72827777ec5417d67915ff4da3,modules/storage-rocksdb,org.apache.ignite.internal.storage.rocksdb.RocksDbMvPartitionStorageTest.readsCommittedVersionEvenWhenThereIsCommittedVersionBeforeIt,ID,Accepted,https://github.com/apache/ignite-3/pull/1312,de6ee0702398f9ce3022a8e265c633857f3a3d88,2,IGNITE-18080,,
https://github.com/apache/ignite-3,a1aa7fd4e2398c72827777ec5417d67915ff4da3,modules/storage-rocksdb,org.apache.ignite.internal.storage.rocksdb.RocksDbMvPartitionStorageTest.readsUncommittedVersionEvenWhenThereIsCommittedVersionBeforeIt,ID,Accepted,https://github.com/apache/ignite-3/pull/1312,de6ee0702398f9ce3022a8e265c633857f3a3d88,2,IGNITE-18080,,
https://github.com/apache/ignite-3,a1aa7fd4e2398c72827777ec5417d67915ff4da3,modules/storage-rocksdb,org.apache.ignite.internal.storage.rocksdb.RocksDbMvPartitionStorageTest.removalReturnsNullIfNoUncommittedVersionExists,ID,Accepted,https://github.com/apache/ignite-3/pull/1312,de6ee0702398f9ce3022a8e265c633857f3a3d88,2,IGNITE-18080,,
https://github.com/apache/ignite-3,a1aa7fd4e2398c72827777ec5417d67915ff4da3,modules/storage-rocksdb,org.apache.ignite.internal.storage.rocksdb.RocksDbMvPartitionStorageTest.removalReturnsUncommittedRowVersionIfItExists,ID,Accepted,https://github.com/apache/ignite-3/pull/1312,de6ee0702398f9ce3022a8e265c633857f3a3d88,2,IGNITE-18080,,
https://github.com/apache/ignite-3,a1aa7fd4e2398c72827777ec5417d67915ff4da3,modules/storage-rocksdb,org.apache.ignite.internal.storage.rocksdb.RocksDbMvPartitionStorageTest.secondUncommittedWriteWithSameTxIdReplacesExistingUncommittedWrite,ID,Accepted,https://github.com/apache/ignite-3/pull/1312,de6ee0702398f9ce3022a8e265c633857f3a3d88,2,IGNITE-18080,,
https://github.com/apache/ignite-3,a1aa7fd4e2398c72827777ec5417d67915ff4da3,modules/storage-rocksdb,org.apache.ignite.internal.storage.rocksdb.RocksDbMvPartitionStorageTest.testAbortWrite,ID,Accepted,https://github.com/apache/ignite-3/pull/1312,de6ee0702398f9ce3022a8e265c633857f3a3d88,2,IGNITE-18080,,
https://github.com/apache/ignite-3,a1aa7fd4e2398c72827777ec5417d67915ff4da3,modules/storage-rocksdb,org.apache.ignite.internal.storage.rocksdb.RocksDbMvPartitionStorageTest.testAddWrite,ID,Accepted,https://github.com/apache/ignite-3/pull/1312,de6ee0702398f9ce3022a8e265c633857f3a3d88,2,IGNITE-18080,,
https://github.com/apache/ignite-3,a1aa7fd4e2398c72827777ec5417d67915ff4da3,modules/storage-rocksdb,org.apache.ignite.internal.storage.rocksdb.RocksDbMvPartitionStorageTest.testCommitWrite,ID,Accepted,https://github.com/apache/ignite-3/pull/1312,de6ee0702398f9ce3022a8e265c633857f3a3d88,2,IGNITE-18080,,
https://github.com/apache/ignite-3,a1aa7fd4e2398c72827777ec5417d67915ff4da3,modules/storage-rocksdb,org.apache.ignite.internal.storage.rocksdb.RocksDbMvPartitionStorageTest.testReadsFromEmpty,ID,Accepted,https://github.com/apache/ignite-3/pull/1312,de6ee0702398f9ce3022a8e265c633857f3a3d88,2,IGNITE-18080,,
https://github.com/apache/ignite-3,a1aa7fd4e2398c72827777ec5417d67915ff4da3,modules/storage-rocksdb,org.apache.ignite.internal.storage.rocksdb.RocksDbMvPartitionStorageTest.testScan,ID,Accepted,https://github.com/apache/ignite-3/pull/1312,de6ee0702398f9ce3022a8e265c633857f3a3d88,2,IGNITE-18080,,
https://github.com/apache/ignite-3,a1aa7fd4e2398c72827777ec5417d67915ff4da3,modules/storage-rocksdb,org.apache.ignite.internal.storage.rocksdb.RocksDbMvPartitionStorageTest.testScanOverEmpty,ID,Accepted,https://github.com/apache/ignite-3/pull/1312,de6ee0702398f9ce3022a8e265c633857f3a3d88,2,IGNITE-18080,,
https://github.com/apache/ignite-3,5227513b0b7d317c4fd656372621bec409d45b28,modules/storage-rocksdb,org.apache.ignite.internal.storage.rocksdb.RocksDbMvPartitionStorageTest.testTransactionScanCursorInvariants,ID,Accepted,https://github.com/apache/ignite-3/pull/1312,de6ee0702398f9ce3022a8e265c633857f3a3d88,2,IGNITE-18080,,
https://github.com/apache/ignite-3,a1aa7fd4e2398c72827777ec5417d67915ff4da3,modules/storage-rocksdb,org.apache.ignite.internal.storage.rocksdb.RocksDbStorageEngineTest.testCreateTableWithDefaultDataRegion(TableConfiguration),ID,Accepted,https://github.com/apache/ignite-3/pull/1312,de6ee0702398f9ce3022a8e265c633857f3a3d88,2,IGNITE-18080,,
https://github.com/apache/ignite-3,a1aa7fd4e2398c72827777ec5417d67915ff4da3,modules/storage-rocksdb,org.apache.ignite.internal.storage.rocksdb.RocksDbStorageEngineTest.testCreateTableWithDynamicCustomDataRegion(TableConfiguration),ID,Accepted,https://github.com/apache/ignite-3/pull/1312,de6ee0702398f9ce3022a8e265c633857f3a3d88,2,IGNITE-18080,,
https://github.com/apache/ignite-3,a1aa7fd4e2398c72827777ec5417d67915ff4da3,modules/table,org.apache.ignite.internal.table.distributed.TableManagerTest.tableManagerStopTest,ID,Accepted,https://github.com/apache/ignite-3/pull/1312,de6ee0702398f9ce3022a8e265c633857f3a3d88,2,IGNITE-18080,,
https://github.com/apache/ignite-3,a1aa7fd4e2398c72827777ec5417d67915ff4da3,modules/table,org.apache.ignite.internal.table.distributed.TableManagerTest.testApiTableManagerOnStop,ID,Accepted,https://github.com/apache/ignite-3/pull/1312,de6ee0702398f9ce3022a8e265c633857f3a3d88,2,IGNITE-18080,,
https://github.com/apache/ignite-3,a1aa7fd4e2398c72827777ec5417d67915ff4da3,modules/table,org.apache.ignite.internal.table.distributed.TableManagerTest.testChangePeersAsyncRetryLogic,ID,Accepted,https://github.com/apache/ignite-3/pull/1312,de6ee0702398f9ce3022a8e265c633857f3a3d88,2,IGNITE-18080,,
https://github.com/apache/ignite-3,a1aa7fd4e2398c72827777ec5417d67915ff4da3,modules/table,org.apache.ignite.internal.table.distributed.TableManagerTest.testCreateTable,ID,Accepted,https://github.com/apache/ignite-3/pull/1312,de6ee0702398f9ce3022a8e265c633857f3a3d88,2,IGNITE-18080,,
https://github.com/apache/ignite-3,a1aa7fd4e2398c72827777ec5417d67915ff4da3,modules/table,org.apache.ignite.internal.table.distributed.TableManagerTest.testDoubledCreateTable,ID,Accepted,https://github.com/apache/ignite-3/pull/1312,de6ee0702398f9ce3022a8e265c633857f3a3d88,2,IGNITE-18080,,
https://github.com/apache/ignite-3,a1aa7fd4e2398c72827777ec5417d67915ff4da3,modules/table,org.apache.ignite.internal.table.distributed.TableManagerTest.testDropTable,ID,Accepted,https://github.com/apache/ignite-3/pull/1312,de6ee0702398f9ce3022a8e265c633857f3a3d88,2,IGNITE-18080,,
https://github.com/apache/ignite-3,a1aa7fd4e2398c72827777ec5417d67915ff4da3,modules/table,org.apache.ignite.internal.table.distributed.TableManagerTest.testGetTableDuringCreation,ID,Accepted,https://github.com/apache/ignite-3/pull/1312,de6ee0702398f9ce3022a8e265c633857f3a3d88,2,IGNITE-18080,,
https://github.com/apache/ignite-3,a1aa7fd4e2398c72827777ec5417d67915ff4da3,modules/table,org.apache.ignite.internal.table.distributed.TableManagerTest.testInternalApiTableManagerOnStop,ID,Accepted,https://github.com/apache/ignite-3/pull/1312,de6ee0702398f9ce3022a8e265c633857f3a3d88,2,IGNITE-18080,,
https://github.com/apache/ignite-3,a1aa7fd4e2398c72827777ec5417d67915ff4da3,modules/table,org.apache.ignite.internal.table.distributed.TableManagerTest.testPreconfiguredTable,ID,Accepted,https://github.com/apache/ignite-3/pull/1312,de6ee0702398f9ce3022a8e265c633857f3a3d88,2,IGNITE-18080,,
https://github.com/apache/incubator-hugegraph-toolchain,1c47673eb9511d3eff0d0901012a69d7a0148cdc,hugegraph-client,org.apache.hugegraph.unit.IndexLabelTest.testIndexLabel,ID,Accepted,https://github.com/apache/incubator-hugegraph-toolchain/pull/398,e02b7d1b05f913430df9ea2a951e240f5566eb59,1,,,
https://github.com/apache/incubator-hugegraph-toolchain,1c47673eb9511d3eff0d0901012a69d7a0148cdc,hugegraph-client,org.apache.hugegraph.unit.IndexLabelTest.testIndexLabelV49,ID,Accepted,https://github.com/apache/incubator-hugegraph-toolchain/pull/398,e02b7d1b05f913430df9ea2a951e240f5566eb60,1,,,
https://github.com/apache/incubator-hugegraph-toolchain,1c47673eb9511d3eff0d0901012a69d7a0148cdc,hugegraph-client,org.apache.hugegraph.unit.IndexLabelTest.testIndexLabelV56,ID,Accepted,https://github.com/apache/incubator-hugegraph-toolchain/pull/398,e02b7d1b05f913430df9ea2a951e240f5566eb61,1,,,
https://github.com/apache/incubator-kie-drools,45c3b2105ae89134e98a5d5be6adbc8d0fd65853,drools-beliefs,org.drools.beliefs.bayes.JunctionTreeBuilderTest.testCreateClique,ID,Accepted,https://github.com/apache/incubator-kie-drools/pull/6187,a586bb421087d9e4796ffd8e59875c486c7d7ecb,1,,,
https://github.com/apache/incubator-kie-drools,45c3b2105ae89134e98a5d5be6adbc8d0fd65853,drools-beliefs,org.drools.beliefs.bayes.JunctionTreeBuilderTest.testIterativeEliminationUsingEdgeAndWeigh,ID,Accepted,https://github.com/apache/incubator-kie-drools/pull/6187,a586bb421087d9e4796ffd8e59875c486c7d7ecb,1,,,
https://github.com/apache/incubator-kie-drools,8440dc2d4b95412a05a3c7b9501993e1ace9b496,drools-decisiontables,org.drools.decisiontable.parser.RuleWorksheetParse2Test.packageLevelAttributesShouldNotBeDuplicated,ID,Accepted,https://github.com/apache/incubator-kie-drools/pull/5610,4703e1241c07582aa2c30c74857af84964eb888c,1,,,
https://github.com/apache/incubator-kie-drools,8440dc2d4b95412a05a3c7b9501993e1ace9b496,drools-decisiontables,org.drools.decisiontable.parser.RuleWorksheetParseFromFileTest.testWorkbookParse,ID,Accepted,https://github.com/apache/incubator-kie-drools/pull/5610,4703e1241c07582aa2c30c74857af84964eb888c,1,,,
https://github.com/apache/incubator-ratis,bc9d7615d8ffa30e79a36b9fd1950af38f0f6a49,ratis-server,org.apache.ratis.server.impl.TestRetryCacheMetrics.testRetryCacheEntryCount,OD,Accepted,https://github.com/apache/incubator-ratis/pull/321,39480bf96f9f3df3a0a5b38a987b7eb89f8ef85a,2,RATIS-1203,https://github.com/TestingResearchIllinois/flaky-test-dataset/issues/48,
https://github.com/apache/incubator-ratis,bc9d7615d8ffa30e79a36b9fd1950af38f0f6a49,ratis-server,org.apache.ratis.server.metrics.TestLeaderElectionMetrics.testOnLeaderElectionCompletion,OD,Accepted,https://github.com/apache/incubator-ratis/pull/321,39480bf96f9f3df3a0a5b38a987b7eb89f8ef85a,2,RATIS-1203,https://github.com/TestingResearchIllinois/flaky-test-dataset/issues/48,
https://github.com/apache/incubator-shardingsphere,038232e9b2f7fb22ccf50c04b74fb900732b345d,sharding-core/sharding-core-common,org.apache.shardingsphere.core.metadata.datasource.ShardingSphereDataSourceMetaDataTest.assertGetAllInstanceDataSourceNamesForShardingRule,ID,Accepted,https://github.com/apache/incubator-shardingsphere/pull/3164,14a106d72ca1357670f1943c281c25b1f353fb3a,1,,,
https://github.com/apache/incubator-shardingsphere,038232e9b2f7fb22ccf50c04b74fb900732b345d,sharding-orchestration/sharding-orchestration-core,org.apache.shardingsphere.orchestration.internal.registry.config.service.ConfigurationServiceTest.assertPersistConfigurationForMasterSlaveRuleWithAuthenticationAndIsNotOverwriteAndConfigurationIsNotExisted,ID,Accepted,https://github.com/apache/incubator-shardingsphere/pull/3109,23610f4ef80b0283ff21d19e1a7a3aad2bde2f6e,1,,,
https://github.com/apache/incubator-shardingsphere,038232e9b2f7fb22ccf50c04b74fb900732b345d,sharding-orchestration/sharding-orchestration-core,org.apache.shardingsphere.orchestration.internal.registry.config.service.ConfigurationServiceTest.assertPersistConfigurationForMasterSlaveRuleWithAuthenticationAndIsOverwrite,ID,Accepted,https://github.com/apache/incubator-shardingsphere/pull/3109,23610f4ef80b0283ff21d19e1a7a3aad2bde2f6e,1,,,
https://github.com/apache/incubator-shardingsphere,038232e9b2f7fb22ccf50c04b74fb900732b345d,sharding-orchestration/sharding-orchestration-core,org.apache.shardingsphere.orchestration.internal.registry.config.service.ConfigurationServiceTest.assertPersistConfigurationForShardingRuleWithAuthenticationAndIsNotOverwriteAndConfigurationIsNotExisted,ID,Accepted,https://github.com/apache/incubator-shardingsphere/pull/3109,23610f4ef80b0283ff21d19e1a7a3aad2bde2f6e,1,,,
https://github.com/apache/incubator-shardingsphere,038232e9b2f7fb22ccf50c04b74fb900732b345d,sharding-orchestration/sharding-orchestration-core,org.apache.shardingsphere.orchestration.internal.registry.config.service.ConfigurationServiceTest.assertPersistConfigurationForShardingRuleWithAuthenticationAndIsOverwrite,ID,Accepted,https://github.com/apache/incubator-shardingsphere/pull/3109,23610f4ef80b0283ff21d19e1a7a3aad2bde2f6e,1,,,
https://github.com/apache/incubator-shardingsphere,038232e9b2f7fb22ccf50c04b74fb900732b345d,sharding-jdbc/sharding-jdbc-core,org.apache.shardingsphere.shardingjdbc.jdbc.core.datasource.MasterSlaveDataSourceTest.assertGetDatabaseProductName,ID,Accepted,https://github.com/apache/incubator-shardingsphere/pull/3072,fabf6e606adfec7993abe595bb88ec2a4f566791,1,,,
https://github.com/apache/incubator-shardingsphere,038232e9b2f7fb22ccf50c04b74fb900732b345d,sharding-jdbc/sharding-jdbc-core,org.apache.shardingsphere.shardingjdbc.jdbc.core.statement.EncryptPreparedStatementTest.assertDeleteWithExecute,ID,Accepted,https://github.com/apache/incubator-shardingsphere/pull/3164,14a106d72ca1357670f1943c281c25b1f353fb3a,1,,,
https://github.com/apache/incubator-shardingsphere,038232e9b2f7fb22ccf50c04b74fb900732b345d,sharding-jdbc/sharding-jdbc-core,org.apache.shardingsphere.shardingjdbc.jdbc.core.statement.EncryptPreparedStatementTest.assertInsertWithBatchExecute,ID,Accepted,https://github.com/apache/incubator-shardingsphere/pull/3164,14a106d72ca1357670f1943c281c25b1f353fb3a,1,,,
https://github.com/apache/incubator-shardingsphere,038232e9b2f7fb22ccf50c04b74fb900732b345d,sharding-jdbc/sharding-jdbc-core,org.apache.shardingsphere.shardingjdbc.jdbc.core.statement.EncryptPreparedStatementTest.assertInsertWithExecute,ID,Accepted,https://github.com/apache/incubator-shardingsphere/pull/3164,14a106d72ca1357670f1943c281c25b1f353fb3a,1,,,
https://github.com/apache/incubator-shardingsphere,038232e9b2f7fb22ccf50c04b74fb900732b345d,sharding-jdbc/sharding-jdbc-core,org.apache.shardingsphere.shardingjdbc.jdbc.core.statement.EncryptPreparedStatementTest.assertInsertWithExecuteWithGeneratedKey,ID,Accepted,https://github.com/apache/incubator-shardingsphere/pull/3164,14a106d72ca1357670f1943c281c25b1f353fb3a,1,,,
https://github.com/apache/incubator-shardingsphere,038232e9b2f7fb22ccf50c04b74fb900732b345d,sharding-jdbc/sharding-jdbc-core,org.apache.shardingsphere.shardingjdbc.jdbc.core.statement.EncryptPreparedStatementTest.assertUpdateWithExecuteUpdate,ID,Accepted,https://github.com/apache/incubator-shardingsphere/pull/3164,14a106d72ca1357670f1943c281c25b1f353fb3a,1,,,
https://github.com/apache/incubator-shardingsphere,038232e9b2f7fb22ccf50c04b74fb900732b345d,sharding-jdbc/sharding-jdbc-core,org.apache.shardingsphere.shardingjdbc.jdbc.core.statement.EncryptStatementTest.assertDeleteWithExecute,ID,Accepted,https://github.com/apache/incubator-shardingsphere/pull/3164,14a106d72ca1357670f1943c281c25b1f353fb3a,1,,,
https://github.com/apache/incubator-shardingsphere,038232e9b2f7fb22ccf50c04b74fb900732b345d,sharding-jdbc/sharding-jdbc-core,org.apache.shardingsphere.shardingjdbc.jdbc.core.statement.EncryptStatementTest.assertInsertWithExecute,ID,Accepted,https://github.com/apache/incubator-shardingsphere/pull/3164,14a106d72ca1357670f1943c281c25b1f353fb3a,1,,,
https://github.com/apache/incubator-shardingsphere,038232e9b2f7fb22ccf50c04b74fb900732b345d,sharding-jdbc/sharding-jdbc-core,org.apache.shardingsphere.shardingjdbc.jdbc.core.statement.EncryptStatementTest.assertInsertWithExecuteWithGeneratedKey,ID,Accepted,https://github.com/apache/incubator-shardingsphere/pull/3164,14a106d72ca1357670f1943c281c25b1f353fb3a,1,,,
https://github.com/apache/incubator-shardingsphere,038232e9b2f7fb22ccf50c04b74fb900732b345d,sharding-jdbc/sharding-jdbc-core,org.apache.shardingsphere.shardingjdbc.jdbc.core.statement.EncryptStatementTest.assertUpdateWithExecuteUpdate,ID,Accepted,https://github.com/apache/incubator-shardingsphere/pull/3164,14a106d72ca1357670f1943c281c25b1f353fb3a,1,,,
https://github.com/apache/incubator-shenyu,3777209fc76800175df3962213ca1febe57edca6,shenyu-common,org.apache.shenyu.common.utils.GsonUtilsTest.testToJson,ID,Accepted,https://github.com/apache/incubator-shenyu/pull/3005,634b6bd91ad3c51352c6bfa09212a57935178411,1,,,
https://github.com/apache/incubator-shenyu,3777209fc76800175df3962213ca1febe57edca6,shenyu-common,org.apache.shenyu.common.utils.JsonUtilsTest.toJson,ID,Accepted,https://github.com/apache/incubator-shenyu/pull/3005,634b6bd91ad3c51352c6bfa09212a57935178411,1,,,
https://github.com/apache/incubator-streampipes,7ba9213012b72ea70edc6848c18ba6d90ff2c534,streampipes-connect,org.apache.streampipes.connect.adapter.format.json.xml.XmlTest.parseEventCarPark,ID,Accepted,https://github.com/apache/incubator-streampipes/pull/59,33355e9de0f2480e06244164e88bcf8ef698e2a2,1,,,
https://github.com/apache/incubator-streampipes,7ba9213012b72ea70edc6848c18ba6d90ff2c534,streampipes-connect,org.apache.streampipes.connect.adapter.format.json.xml.XmlTest.parseEventParkingFaciltyStatus,ID,Accepted,https://github.com/apache/incubator-streampipes/pull/59,33355e9de0f2480e06244164e88bcf8ef698e2a2,1,,,
https://github.com/apache/iotdb,25a98ee165131047cda93dc92203db2ab9aecbc8,zeppelin-interpreter,org.apache.zeppelin.iotdb.IoTDBInterpreterTest.testSelectColumnStatementWithTimeFilter,ID,Accepted,https://github.com/apache/iotdb/pull/4459,1f853f155ed401fc95cd57ec44cfeaaffc14f54f,1,,,
https://github.com/apache/jackrabbit-oak,08eab301c869c227d8721da0e9b9bd3d2029d458,oak-store-document,org.apache.jackrabbit.oak.plugins.document.RandomizedClusterTest.addRemoveSet,ID,Accepted,https://github.com/apache/jackrabbit-oak/pull/763,d0c2e82ce4abf066c49650f7480958bbe035cd70,1,OAK-10010,,
https://github.com/apache/jena,fc01d33e6c11eed68784f820bf2dd161868d1d37,jena-arq,org.apache.jena.query.TestParameterizedSparqlString.test_param_string_injection_10,ID,Accepted,https://github.com/apache/jena/pull/2096,cb37a5657756bdadf37a1832d307e134b30669c5,1,,,
https://github.com/apache/jena,fc01d33e6c11eed68784f820bf2dd161868d1d37,jena-arq,org.apache.jena.query.TestParameterizedSparqlString.test_param_string_injection_15,ID,Accepted,https://github.com/apache/jena/pull/2096,cb37a5657756bdadf37a1832d307e134b30669c6,1,,,
https://github.com/apache/karaf,b368a87cba0f0e235d5dae72fd6c3559b50fb75c,.,org.apache.karaf.main.MainLockingTest.testLostMasterLockAfterThreshold,OD,Accepted,https://github.com/apache/karaf/pull/1792,cf8c42634922bf070ba372fc58bd20fe137cd011,1,,,
https://github.com/apache/kylin,31ab93618311cde8b95ca400811861002d7eaefb,stream-coordinator,org.apache.kylin.stream.coordinator.assign.DefaultAssignerTest.reBalanceTest,ID,Accepted,https://github.com/apache/kylin/pull/1133,f768c7151adbed715cfd639757472e815010e754,1,KYLIN-4397,,
https://github.com/apache/kylin,31ab93618311cde8b95ca400811861002d7eaefb,stream-coordinator,org.apache.kylin.stream.coordinator.CoordinatorTest.testReassignFailOnStartNew,ID,Accepted,https://github.com/apache/kylin/pull/1119,8880739827d944971f188d9e493f0c8fe6b9afa0,1,KYLIN-4386,,
https://github.com/apache/kylin,31ab93618311cde8b95ca400811861002d7eaefb,stream-coordinator,org.apache.kylin.stream.coordinator.CoordinatorTest.testReassignFailOnStopAndSync,ID,Accepted,https://github.com/apache/kylin/pull/1119,8880739827d944971f188d9e493f0c8fe6b9afa0,1,KYLIN-4386,,
https://github.com/apache/linkis,2b47014684a0f8b2491fa5b90410e10537fcfaa6,linkis-commons,org.apache.linkis.common.exception.ExceptionManagerTest.testGenerateException,ID,Accepted,https://github.com/apache/linkis/pull/5005,ba773ff00d009e915a3556a505892dc843e49da5,1,,,
https://github.com/apache/maven-dependency-plugin,1d9261293f44cc1918bae0fb3e4db9abe452f8c5,.,org.apache.maven.plugins.dependency.fromDependencies.TestCopyDependenciesMojo.testGetDependencies,ID,Accepted,https://github.com/apache/maven-dependency-plugin/pull/455,74a956b5de92702bc63a0b101f46add3523b7aa5,1,,,
https://github.com/apache/maven-dependency-plugin,1d9261293f44cc1918bae0fb3e4db9abe452f8c5,.,org.apache.maven.plugins.dependency.tree.TestTreeMojo.testTreeJsonParsing,ID,Accepted,https://github.com/apache/maven-dependency-plugin/pull/451,8738c47fce6510040e5aae908416a66e5af3aceb,2,,,
https://github.com/apache/maven-dependency-plugin,1d9261293f44cc1918bae0fb3e4db9abe452f8c5,.,org.apache.maven.plugins.dependency.tree.TestTreeMojo.testTreeTestEnvironment,ID,Accepted,https://github.com/apache/maven-dependency-plugin/pull/451,8738c47fce6510040e5aae908416a66e5af3aceb,2,,,
https://github.com/apache/myfaces-tobago,0d28540daca8429d410712b77b1386042bf90a45,tobago-core,org.apache.myfaces.tobago.webapp.TobagoResponseWriterUnitTest.testPassthrough,ID,Accepted,https://github.com/apache/myfaces-tobago/pull/5703,a900c6d9d48a0f90b45bdfab88264534c1ca817c,2,,,
https://github.com/apache/myfaces-tobago,0d28540daca8429d410712b77b1386042bf90a45,tobago-core,org.apache.myfaces.tobago.webapp.TobagoResponseWriterUnitTest.testPassthroughInRenderer,ID,Accepted,https://github.com/apache/myfaces-tobago/pull/5703,a900c6d9d48a0f90b45bdfab88264534c1ca817c,2,,,
https://github.com/apache/nifi,2bd752d868a8f3e36113b078bb576cf054e945e8,nifi-nar-bundles/nifi-framework-bundle/nifi-framework/nifi-framework-authorization-providers,org.apache.nifi.authorization.CompositeUserGroupProviderTest.testMultipleProvidersWithCollaboratingUserGroupProvider,ID,Accepted,https://github.com/apache/nifi/pull/5524,,2,NIFI-9381,https://github.com/apache/nifi/commit/8171ecb2c1f9d2ea56f330dafd1df6e100f15413,
https://github.com/apache/nifi,2bd752d868a8f3e36113b078bb576cf054e945e8,nifi-nar-bundles/nifi-framework-bundle/nifi-framework/nifi-framework-authorization-providers,org.apache.nifi.authorization.CompositeUserGroupProviderTest.testMultipleProvidersWithConflictingUsers,ID,Accepted,https://github.com/apache/nifi/pull/5524,,2,NIFI-9381,https://github.com/apache/nifi/commit/8171ecb2c1f9d2ea56f330dafd1df6e100f15413,
https://github.com/apache/nifi,2bd752d868a8f3e36113b078bb576cf054e945e8,nifi-nar-bundles/nifi-framework-bundle/nifi-framework/nifi-framework-cluster,org.apache.nifi.cluster.coordination.http.replication.okhttp.TestJsonEntitySerializer.testBulletinEntity,ID,Accepted,https://github.com/apache/nifi/pull/6515,,7,NIFI-10629,,
https://github.com/apache/nifi,2bd752d868a8f3e36113b078bb576cf054e945e8,nifi-nar-bundles/nifi-framework-bundle/nifi-framework/nifi-framework-cluster,org.apache.nifi.cluster.manager.BulletinMergerTest.mergeBulletins,ID,Accepted,https://github.com/apache/nifi/pull/5572,,1,NIFI-9417,issue: https://issues.apache.org/jira/browse/NIFI-9417; merged SHA: https://github.com/apache/nifi/commit/c1bb0c0c3421136b045a66415be9b17947952492,
https://github.com/apache/nifi,2bd752d868a8f3e36113b078bb576cf054e945e8,nifi-nar-bundles/nifi-standard-services/nifi-distributed-cache-services-bundle/nifi-distributed-cache-server,org.apache.nifi.distributed.cache.server.map.DistributedMapCacheTest.testSubMap,ID,Accepted,https://github.com/apache/nifi/pull/6486,,2,NIFI-10592,,
https://github.com/apache/nifi,2bd752d868a8f3e36113b078bb576cf054e945e8,nifi-nar-bundles/nifi-hbase-bundle/nifi-hbase-processors,org.apache.nifi.hbase.TestFetchHBaseRow.testFetchSpecificColumnsToContentWithBase64,ID,Accepted,https://github.com/apache/nifi/pull/5758,,1,NIFI-9672,the PR itself was rejected but the commit  https://github.com/apache/nifi/commit/22b47ccc7b8af2a432ac46e893388da1afefa611 was added,
https://github.com/apache/nifi,2bd752d868a8f3e36113b078bb576cf054e945e8,nifi-nar-bundles/nifi-hbase-bundle/nifi-hbase-processors,org.apache.nifi.hbase.TestFetchHBaseRow.testFetchToAttributesWithBase64Values,ID,Accepted,https://github.com/apache/nifi/pull/5758,,1,NIFI-9672,the PR itself was rejected but the commit  https://github.com/apache/nifi/commit/22b47ccc7b8af2a432ac46e893388da1afefa611 was added,
https://github.com/apache/nifi,2bd752d868a8f3e36113b078bb576cf054e945e8,nifi-nar-bundles/nifi-hbase-bundle/nifi-hbase-processors,org.apache.nifi.hbase.TestFetchHBaseRow.testFetchToAttributesWithStringValues,ID,Accepted,https://github.com/apache/nifi/pull/5758,,1,NIFI-9672,the PR itself was rejected but the commit  https://github.com/apache/nifi/commit/22b47ccc7b8af2a432ac46e893388da1afefa611 was added,
https://github.com/apache/nifi,2bd752d868a8f3e36113b078bb576cf054e945e8,nifi-nar-bundles/nifi-hbase-bundle/nifi-hbase-processors,org.apache.nifi.hbase.TestFetchHBaseRow.testFetchToContentWithQualifierAndValueJSON,ID,Accepted,https://github.com/apache/nifi/pull/5758,,1,NIFI-9672,the PR itself was rejected but the commit  https://github.com/apache/nifi/commit/22b47ccc7b8af2a432ac46e893388da1afefa611 was added,
https://github.com/apache/nifi,2bd752d868a8f3e36113b078bb576cf054e945e8,nifi-nar-bundles/nifi-hbase-bundle/nifi-hbase-processors,org.apache.nifi.hbase.TestFetchHBaseRow.testFetchToContentWithStringValues,ID,Accepted,https://github.com/apache/nifi/pull/5758,,1,NIFI-9672,the PR itself was rejected but the commit  https://github.com/apache/nifi/commit/22b47ccc7b8af2a432ac46e893388da1afefa611 was added,
https://github.com/apache/nifi,2bd752d868a8f3e36113b078bb576cf054e945e8,nifi-nar-bundles/nifi-standard-services/nifi-hbase_1_1_2-client-service-bundle/nifi-hbase_1_1_2-client-service,org.apache.nifi.hbase.TestHBase_1_1_2_ClientService.testScan,ID,Accepted,https://github.com/apache/nifi/pull/6632,,1,NIFI-10743,,
https://github.com/apache/nifi,2bd752d868a8f3e36113b078bb576cf054e945e8,nifi-nar-bundles/nifi-standard-services/nifi-hbase_2-client-service-bundle/nifi-hbase_2-client-service,org.apache.nifi.hbase.TestHBase_2_ClientService.testScan,ID,Accepted,https://github.com/apache/nifi/pull/6516,,2,NIFI-10631,the original PR is closed but changes are committed https://github.com/apache/nifi/commit/a5d93d96a30b3af73146e4b3c2a36a86332bb774,
https://github.com/apache/nifi,2bd752d868a8f3e36113b078bb576cf054e945e8,nifi-nar-bundles/nifi-hbase-bundle/nifi-hbase-processors,org.apache.nifi.hbase.TestScanHBase.testScanToContentWithQualifierAndValueJSON,ID,Accepted,https://github.com/apache/nifi/pull/6633,,2,NIFI-10744,,
https://github.com/apache/nifi,2bd752d868a8f3e36113b078bb576cf054e945e8,nifi-nar-bundles/nifi-hbase-bundle/nifi-hbase-processors,org.apache.nifi.hbase.TestScanHBase.testScanToContentWithStringValues,ID,Accepted,https://github.com/apache/nifi/pull/6633,,2,NIFI-10744,,
https://github.com/apache/nifi,5f1d93f977b3702b63c72d7e07af7dc820a2fc70,nifi-nar-bundles/nifi-standard-services/nifi-record-serialization-services-bundle/nifi-record-serialization-services,org.apache.nifi.json.TestJsonTreeRowRecordReader.testReadRawRecordFieldOrderPreserved,ID,Accepted,https://github.com/apache/nifi/pull/6726,,2,NIFI-10890,,
https://github.com/apache/nifi,2bd752d868a8f3e36113b078bb576cf054e945e8,nifi-nar-bundles/nifi-cybersecurity-bundle/nifi-cybersecurity-processors,org.apache.nifi.processors.cybersecurity.TestCompareFuzzyHash.testSsdeepCompareFuzzyHashMultipleMatches,ID,Accepted,https://github.com/apache/nifi/pull/6639,,1,NIFI-10783,,
https://github.com/apache/nifi,2bd752d868a8f3e36113b078bb576cf054e945e8,nifi-nar-bundles/nifi-cybersecurity-bundle/nifi-cybersecurity-processors,org.apache.nifi.processors.cybersecurity.TestCompareFuzzyHash.testTLSHCompareFuzzyHashMultipleMatches,ID,Accepted,https://github.com/apache/nifi/pull/6639,,1,NIFI-10783,,
https://github.com/apache/nifi,2bd752d868a8f3e36113b078bb576cf054e945e8,nifi-nar-bundles/nifi-solr-bundle/nifi-solr-processors,org.apache.nifi.processors.solr.TestQuerySolr.testAttributes,ID,Accepted,https://github.com/apache/nifi/pull/6718,,4,NIFI-10875,,
https://github.com/apache/nifi,2bd752d868a8f3e36113b078bb576cf054e945e8,nifi-nar-bundles/nifi-splunk-bundle/nifi-splunk-processors,org.apache.nifi.processors.splunk.TestPutSplunkHTTP.testHappyPathWithCustomQueryParameters,ID,Accepted,https://github.com/apache/nifi/pull/6672,,5,NIFI-10834,,
https://github.com/apache/nifi,2bd752d868a8f3e36113b078bb576cf054e945e8,nifi-nar-bundles/nifi-splunk-bundle/nifi-splunk-processors,org.apache.nifi.processors.splunk.TestPutSplunkHTTP.testHappyPathWithCustomQueryParametersFromFlowFile,ID,Accepted,https://github.com/apache/nifi/pull/6672,,5,NIFI-10834,,
https://github.com/apache/nifi,2bd752d868a8f3e36113b078bb576cf054e945e8,nifi-nar-bundles/nifi-standard-bundle/nifi-standard-processors,org.apache.nifi.processors.standard.TestGenerateTableFetch.testMultipleColumnTypeMissing,ID,Accepted,https://github.com/apache/nifi/pull/6754,,1,NIFI-10942,,
https://github.com/apache/nifi,2bd752d868a8f3e36113b078bb576cf054e945e8,nifi-nar-bundles/nifi-standard-bundle/nifi-standard-processors,org.apache.nifi.processors.standard.TestMergeContent.testDefragmentMultipleMingledSegments,ID,Accepted,https://github.com/apache/nifi/pull/6727,,1,NIFI-10891,,
https://github.com/apache/nifi,2bd752d868a8f3e36113b078bb576cf054e945e8,nifi-nar-bundles/nifi-standard-bundle/nifi-standard-processors,org.apache.nifi.processors.standard.TestParseCEF.testCustomValidator,ID,Accepted,https://github.com/apache/nifi/pull/6522,,3,NIFI-10637,,
https://github.com/apache/nifi,2bd752d868a8f3e36113b078bb576cf054e945e8,nifi-nar-bundles/nifi-standard-bundle/nifi-standard-processors,org.apache.nifi.processors.standard.TestPartitionRecord.groupByStringMixedNumberOfRecords,ID,Accepted,https://github.com/apache/nifi/pull/6528,,1,NIFI-10642,,
https://github.com/apache/nifi,2bd752d868a8f3e36113b078bb576cf054e945e8,nifi-nar-bundles/nifi-standard-bundle/nifi-standard-processors,org.apache.nifi.processors.standard.TestSegmentContent.test,ID,Accepted,https://github.com/apache/nifi/pull/6700,,1,NIFI-10856,,
https://github.com/apache/nifi,2bd752d868a8f3e36113b078bb576cf054e945e8,nifi-nar-bundles/nifi-standard-bundle/nifi-standard-processors,org.apache.nifi.processors.standard.TestWaitNotifyProtocol.testNotifyAttributes,ID,Accepted,https://github.com/apache/nifi/pull/6526,,3,NIFI-10630,,
https://github.com/apache/nifi,2bd752d868a8f3e36113b078bb576cf054e945e8,nifi-nar-bundles/nifi-standard-bundle/nifi-standard-processors,org.apache.nifi.processors.standard.TestWaitNotifyProtocol.testNotifyCounters,ID,Accepted,https://github.com/apache/nifi/pull/6526,,3,NIFI-10630,,
https://github.com/apache/nifi,2bd752d868a8f3e36113b078bb576cf054e945e8,nifi-nar-bundles/nifi-standard-bundle/nifi-standard-processors,org.apache.nifi.processors.standard.TestWaitNotifyProtocol.testNotifyFirst,ID,Accepted,https://github.com/apache/nifi/pull/6526,,3,NIFI-10630,,
https://github.com/apache/nifi,2bd752d868a8f3e36113b078bb576cf054e945e8,nifi-nar-bundles/nifi-azure-bundle/nifi-azure-reporting-task,org.apache.nifi.reporting.azure.loganalytics.TestAzureLogAnalyticsProvenanceReportingTask.testAddField2,ID,Accepted,https://github.com/apache/nifi/pull/6486,,2,NIFI-10592,,
https://github.com/apache/nifi,2bd752d868a8f3e36113b078bb576cf054e945e8,nifi-nar-bundles/nifi-prometheus-bundle/nifi-prometheus-reporting-task,org.apache.nifi.reporting.prometheus.TestPrometheusRecordSink.testSendData,ID,Accepted,https://github.com/apache/nifi/pull/6486,,2,NIFI-10592,,
https://github.com/apache/nifi,2bd752d868a8f3e36113b078bb576cf054e945e8,nifi-commons/nifi-record,org.apache.nifi.serialization.record.TestDataTypeUtils.testInferTypeWithMapNonStringKeys,ID,Accepted,https://github.com/apache/nifi/pull/5883,,1,NIFI-9818,the PR itself was approved and closed but the commit https://github.com/apache/nifi/commit/8d5de6b292981818e81ffd6cb3b8773c710884ca was added,
https://github.com/apache/nifi,2bd752d868a8f3e36113b078bb576cf054e945e8,nifi-commons/nifi-record,org.apache.nifi.serialization.record.TestDataTypeUtils.testInferTypeWithMapStringKeys,ID,Accepted,https://github.com/apache/nifi/pull/5883,,1,NIFI-9818,the PR itself was approved and closed but the commit https://github.com/apache/nifi/commit/8d5de6b292981818e81ffd6cb3b8773c710884ca was added,
https://github.com/apache/nifi,2bd752d868a8f3e36113b078bb576cf054e945e8,nifi-commons/nifi-record,org.apache.nifi.serialization.record.TestMapRecord.testAliasConflictingAliasValues,ID,Accepted,https://github.com/apache/nifi/pull/5883,,1,NIFI-9818,the PR itself was approved and closed but the commit https://github.com/apache/nifi/commit/8d5de6b292981818e81ffd6cb3b8773c710884ca was added,
https://github.com/apache/nifi,2bd752d868a8f3e36113b078bb576cf054e945e8,nifi-commons/nifi-record,org.apache.nifi.serialization.record.TestMapRecord.testDefaultValueWithAliasValue,ID,Accepted,https://github.com/apache/nifi/pull/5883,,1,NIFI-9818,the PR itself was approved and closed but the commit https://github.com/apache/nifi/commit/8d5de6b292981818e81ffd6cb3b8773c710884ca was added,
https://github.com/apache/nifi,2bd752d868a8f3e36113b078bb576cf054e945e8,nifi-nar-bundles/nifi-standard-services/nifi-record-serialization-services-bundle/nifi-record-serialization-services,org.apache.nifi.xml.TestXMLReader.testAttributePrefix,ID,Accepted,https://github.com/apache/nifi/pull/6709,,1,NIFI-10862,,
https://github.com/apache/nifi,2bd752d868a8f3e36113b078bb576cf054e945e8,nifi-nar-bundles/nifi-standard-services/nifi-record-serialization-services-bundle/nifi-record-serialization-services,org.apache.nifi.xml.TestXMLReader.testContentField,ID,Accepted,https://github.com/apache/nifi/pull/6709,,1,NIFI-10862,,
https://github.com/apache/nifi,6b188636ff45c0380b6d3a08149ea5b342e8e5aa,nifi-nar-bundles/nifi-standard-services/nifi-record-serialization-services-bundle/nifi-record-serialization-services,org.apache.nifi.xml.TestXMLReader.testInferSchema,ID,Accepted,https://github.com/apache/nifi/pull/6709,,1,NIFI-10862,,
https://github.com/apache/nifi,6b188636ff45c0380b6d3a08149ea5b342e8e5aa,nifi-nar-bundles/nifi-standard-services/nifi-record-serialization-services-bundle/nifi-record-serialization-services,org.apache.nifi.xml.TestXMLReader.testInferSchemaContentFieldNameNotSet,ID,Accepted,https://github.com/apache/nifi/pull/6709,,1,NIFI-10862,,
https://github.com/apache/nifi,6b188636ff45c0380b6d3a08149ea5b342e8e5aa,nifi-nar-bundles/nifi-standard-services/nifi-record-serialization-services-bundle/nifi-record-serialization-services,org.apache.nifi.xml.TestXMLReader.testInferSchemaContentFieldNameNotSetSubElementExists,ID,Accepted,https://github.com/apache/nifi/pull/6709,,1,NIFI-10862,,
https://github.com/apache/nifi,6b188636ff45c0380b6d3a08149ea5b342e8e5aa,nifi-nar-bundles/nifi-standard-services/nifi-record-serialization-services-bundle/nifi-record-serialization-services,org.apache.nifi.xml.TestXMLReader.testInferSchemaContentFieldNameSetSubElementExistsNameClash,ID,Accepted,https://github.com/apache/nifi/pull/6709,,1,NIFI-10862,,
https://github.com/apache/nifi,6b188636ff45c0380b6d3a08149ea5b342e8e5aa,nifi-nar-bundles/nifi-standard-services/nifi-record-serialization-services-bundle/nifi-record-serialization-services,org.apache.nifi.xml.TestXMLReader.testInferSchemaContentFieldNameSetSubElementExistsNoNameClash,ID,Accepted,https://github.com/apache/nifi/pull/6709,,1,NIFI-10862,,
https://github.com/apache/nifi,6b188636ff45c0380b6d3a08149ea5b342e8e5aa,nifi-nar-bundles/nifi-standard-services/nifi-record-serialization-services-bundle/nifi-record-serialization-services,org.apache.nifi.xml.TestXMLReader.testInferSchemaIgnoreAttributes,ID,Accepted,https://github.com/apache/nifi/pull/6709,,1,NIFI-10862,,
https://github.com/apache/olingo-odata2,daa83f4d80f3eb8019ae2cb6729486d1821b8c89,odata2-jpa-processor/jpa-core,org.apache.olingo.odata2.jpa.processor.core.access.data.JPAEntityTest.testCreateODataEntryPropertyWithOutCallBack,ID,Accepted,https://github.com/apache/olingo-odata2/pull/35,bb025a9fba6b948d4e7b74f9d8d8253a05d8c98a,1,,,
https://github.com/apache/opennlp,dab19af803e9139b57b972eb4e1af4c978d2ff3f,opennlp-tools,opennlp.tools.dictionary.DictionaryAsSetCaseInsensitiveTest.testEquals,ID,Accepted,https://github.com/apache/opennlp/pull/556,eb4888158cb1d37426ce9b46c4ed6ee14f37b0f3,1,OPENNLP-1519,,
https://github.com/apache/opennlp,dab19af803e9139b57b972eb4e1af4c978d2ff3f,opennlp-tools,opennlp.tools.dictionary.DictionaryAsSetCaseInsensitiveTest.testEqualsDifferentCase,ID,Accepted,https://github.com/apache/opennlp/pull/556,eb4888158cb1d37426ce9b46c4ed6ee14f37b0f3,1,OPENNLP-1519,,
https://github.com/apache/opennlp,dab19af803e9139b57b972eb4e1af4c978d2ff3f,opennlp-tools,opennlp.tools.dictionary.DictionaryAsSetCaseSensitiveTest.testEquals,ID,Accepted,https://github.com/apache/opennlp/pull/556,eb4888158cb1d37426ce9b46c4ed6ee14f37b0f3,1,OPENNLP-1519,,
https://github.com/apache/opennlp,8209cd308ee6ff7e61ec0346f1799a32541ed80f,opennlp-tools,opennlp.tools.languagemodel.NgramLanguageModelTest.testBigram,ID,Accepted,https://github.com/apache/opennlp/pull/387,ecb0a49c330c57cdb1f1fab025d9157ad2ea2248,3,OPENNLP-1321,,
https://github.com/apache/opennlp,8209cd308ee6ff7e61ec0346f1799a32541ed80f,opennlp-tools,opennlp.tools.languagemodel.NgramLanguageModelTest.testNgramModel,ID,Accepted,https://github.com/apache/opennlp/pull/387,ecb0a49c330c57cdb1f1fab025d9157ad2ea2248,3,OPENNLP-1321,,
https://github.com/apache/opennlp,8209cd308ee6ff7e61ec0346f1799a32541ed80f,opennlp-tools,opennlp.tools.languagemodel.NgramLanguageModelTest.testTrigram,ID,Accepted,https://github.com/apache/opennlp/pull/387,ecb0a49c330c57cdb1f1fab025d9157ad2ea2248,3,OPENNLP-1321,,
https://github.com/apache/opennlp,8209cd308ee6ff7e61ec0346f1799a32541ed80f,opennlp-tools,opennlp.tools.ml.naivebayes.NaiveBayesSerializedCorrectnessTest.testPlainTextModel,ID,Accepted,https://github.com/apache/opennlp/pull/387,ecb0a49c330c57cdb1f1fab025d9157ad2ea2248,3,OPENNLP-1321,,
https://github.com/apache/pinot,85e413ebe8c80513a8a676fc090b1af0f50861f0,pinot-common,org.apache.pinot.common.utils.LoggerUtilsTest.testGetAllLoggers,ID,Accepted,https://github.com/apache/pinot/pull/9939,3a37f036b85dd935dff1c6d068ff97062ce5ae62,1,,,
https://github.com/apache/pinot,85e413ebe8c80513a8a676fc090b1af0f50861f0,pinot-common,org.apache.pinot.common.utils.URIUtilsTest.testBuildURI,ID,Accepted,https://github.com/apache/pinot/pull/9928,1353c38fcf7e12a77cb3a41e2825444099be0224,1,,,
https://github.com/apache/pinot,ecf41be2ecd007853c2db19e1c6a038cf356cb9e,pinot-core,org.apache.pinot.core.operator.filter.NotFilterOperatorTest.testNotOperator,ID,Accepted,https://github.com/apache/pinot/pull/11771,7124a035e03ea7b10a17caa7ddccec0e80e634c1,4,,,
https://github.com/apache/pinot,ecf41be2ecd007853c2db19e1c6a038cf356cb9e,pinot-core,org.apache.pinot.core.transport.server.routing.stats.ServerRoutingStatsManagerTest.testQuerySubmitAndCompletionStats,ID,Accepted,https://github.com/apache/pinot/pull/12029,61556af200a53097133de45a701a2890ac83f662,2,,,
https://github.com/apache/pinot,ecf41be2ecd007853c2db19e1c6a038cf356cb9e,pinot-core,org.apache.pinot.queries.ExplainPlanQueriesTest.testSelect,ID,Accepted,https://github.com/apache/pinot/pull/11941,2c88c4f74d9e74984b284298b76a855f42e7cc61,2,,,
https://github.com/apache/pinot,ecf41be2ecd007853c2db19e1c6a038cf356cb9e,pinot-core,org.apache.pinot.queries.ExplainPlanQueriesTest.testSelectAggregate,ID,Accepted,https://github.com/apache/pinot/pull/11941,2c88c4f74d9e74984b284298b76a855f42e7cc61,2,,,
https://github.com/apache/pinot,ecf41be2ecd007853c2db19e1c6a038cf356cb9e,pinot-core,org.apache.pinot.queries.ExplainPlanQueriesTest.testSelectAggregateUsingFilterGroupBy,ID,Accepted,https://github.com/apache/pinot/pull/11941,2c88c4f74d9e74984b284298b76a855f42e7cc61,2,,,
https://github.com/apache/pinot,ecf41be2ecd007853c2db19e1c6a038cf356cb9e,pinot-core,org.apache.pinot.queries.ExplainPlanQueriesTest.testSelectAggregateUsingFilterGroupByVerbose,ID,Accepted,https://github.com/apache/pinot/pull/11941,2c88c4f74d9e74984b284298b76a855f42e7cc61,2,,,
https://github.com/apache/pinot,ecf41be2ecd007853c2db19e1c6a038cf356cb9e,pinot-core,org.apache.pinot.queries.ExplainPlanQueriesTest.testSelectAggregateUsingFilterIndex,ID,Accepted,https://github.com/apache/pinot/pull/11941,2c88c4f74d9e74984b284298b76a855f42e7cc61,2,,,
https://github.com/apache/pinot,ecf41be2ecd007853c2db19e1c6a038cf356cb9e,pinot-core,org.apache.pinot.queries.ExplainPlanQueriesTest.testSelectAggregateUsingFilterIndexGroupBy,ID,Accepted,https://github.com/apache/pinot/pull/11941,2c88c4f74d9e74984b284298b76a855f42e7cc61,2,,,
https://github.com/apache/pinot,ecf41be2ecd007853c2db19e1c6a038cf356cb9e,pinot-core,org.apache.pinot.queries.ExplainPlanQueriesTest.testSelectAggregateUsingFilterIndexGroupByHaving,ID,Accepted,https://github.com/apache/pinot/pull/11941,2c88c4f74d9e74984b284298b76a855f42e7cc61,2,,,
https://github.com/apache/pinot,ecf41be2ecd007853c2db19e1c6a038cf356cb9e,pinot-core,org.apache.pinot.queries.ExplainPlanQueriesTest.testSelectAggregateUsingFilterIndexGroupByOrderBy,ID,Accepted,https://github.com/apache/pinot/pull/11941,2c88c4f74d9e74984b284298b76a855f42e7cc61,2,,,
https://github.com/apache/pinot,98c536ee80516effc6fe2df642a07c8b05962532,pinot-core,org.apache.pinot.queries.ExplainPlanQueriesTest.testSelectAggregateUsingFilterOnTextIndexColumn,ID,Accepted,https://github.com/apache/pinot/pull/11941,2c88c4f74d9e74984b284298b76a855f42e7cc61,2,,https://github.com/TestingResearchIllinois/idoft/issues/741,
https://github.com/apache/pinot,ecf41be2ecd007853c2db19e1c6a038cf356cb9e,pinot-core,org.apache.pinot.queries.ExplainPlanQueriesTest.testSelectColumnsUsingFilter,ID,Accepted,https://github.com/apache/pinot/pull/11941,2c88c4f74d9e74984b284298b76a855f42e7cc61,2,,,
https://github.com/apache/pinot,ecf41be2ecd007853c2db19e1c6a038cf356cb9e,pinot-core,org.apache.pinot.queries.ExplainPlanQueriesTest.testSelectColumnsUsingFilterOnInvertedIndexColumn,ID,Accepted,https://github.com/apache/pinot/pull/11941,2c88c4f74d9e74984b284298b76a855f42e7cc61,2,,,
https://github.com/apache/pinot,ecf41be2ecd007853c2db19e1c6a038cf356cb9e,pinot-core,org.apache.pinot.queries.ExplainPlanQueriesTest.testSelectColumnsVariationsOfAndOperators,ID,Accepted,https://github.com/apache/pinot/pull/11941,2c88c4f74d9e74984b284298b76a855f42e7cc61,2,,,
https://github.com/apache/pinot,ecf41be2ecd007853c2db19e1c6a038cf356cb9e,pinot-core,org.apache.pinot.queries.ExplainPlanQueriesTest.testSelectColumnsVariationsOfOrOperators,ID,Accepted,https://github.com/apache/pinot/pull/11941,2c88c4f74d9e74984b284298b76a855f42e7cc61,2,,,
https://github.com/apache/pinot,ecf41be2ecd007853c2db19e1c6a038cf356cb9e,pinot-core,org.apache.pinot.queries.ExplainPlanQueriesTest.testSelectColumnUsingFilterOnRangeIndexColumn,ID,Accepted,https://github.com/apache/pinot/pull/11941,2c88c4f74d9e74984b284298b76a855f42e7cc61,2,,,
https://github.com/apache/pinot,85e413ebe8c80513a8a676fc090b1af0f50861f0,pinot-spi,org.apache.pinot.spi.plugin.PluginManagerTest.testGetPluginsToLoad,ID,Accepted,https://github.com/apache/pinot/pull/9925,280c2255d16c1264f6096ccb7d59b28ff21224e6,2,,,
https://github.com/apache/pinot,f79b618141e07c140663791959d96956ad91d811,pinot-common,org.apache.pinot.sql.parsers.rewriter.ExprMinMaxRewriterTest.testQueryRewrite,ID,Accepted,https://github.com/apache/pinot/pull/12047,96c2f3dd9dbfc1c7b7d8daa0ad7c2a9c66ce6cc0,2,,,
https://github.com/apache/pulsar,505e08a76425c6e49ff5bc691f8ca7587184a2bf,pulsar-client,org.apache.pulsar.client.impl.schema.AvroSchemaTest.testAllowNullSchema,ID,Accepted,https://github.com/apache/pulsar/pull/6247,7dd52b8ae6ed5f7b392d6a921502c4c34509e52d,1,,,
https://github.com/apache/pulsar,505e08a76425c6e49ff5bc691f8ca7587184a2bf,pulsar-client,org.apache.pulsar.client.impl.schema.AvroSchemaTest.testNotAllowNullSchema,ID,Accepted,https://github.com/apache/pulsar/pull/6247,7dd52b8ae6ed5f7b392d6a921502c4c34509e52d,1,,,
https://github.com/apache/pulsar,505e08a76425c6e49ff5bc691f8ca7587184a2bf,pulsar-client,org.apache.pulsar.client.impl.schema.JSONSchemaTest.testAllowNullSchema,ID,Accepted,https://github.com/apache/pulsar/pull/6435,17f71d3f73fe1bcb6723c8b0718d9a6e05574146,1,,,
https://github.com/apache/pulsar,505e08a76425c6e49ff5bc691f8ca7587184a2bf,pulsar-client,org.apache.pulsar.client.impl.schema.JSONSchemaTest.testNotAllowNullSchema,ID,Accepted,https://github.com/apache/pulsar/pull/6435,17f71d3f73fe1bcb6723c8b0718d9a6e05574146,1,,,
https://github.com/apache/pulsar,505e08a76425c6e49ff5bc691f8ca7587184a2bf,pulsar-client,org.apache.pulsar.client.impl.schema.KeyValueSchemaInfoTest.testKeyValueSchemaInfoToString,ID,Accepted,https://github.com/apache/pulsar/pull/6435,17f71d3f73fe1bcb6723c8b0718d9a6e05574146,1,,,
https://github.com/apache/rocketmq,a75c74234915f1673c635639e6a70e4c25dcd740,common,org.apache.rocketmq.common.filter.FilterAPITest.testBuildTagSome,ID,Accepted,https://github.com/apache/rocketmq/pull/3959,895bd95e82e597ebb6c970e86522e238618a8610,1,,,
https://github.com/apache/rocketmq-dashboard,2160e23b917824905d12567090da568fbc08a1c7,rocketmq-dashboard,org.apache.rocketmq.dashboard.controller.TopicControllerTest.testList,ID,Accepted,https://github.com/apache/rocketmq-dashboard/pull/120,fc9781e6fc11678e1b35c2f6fead97f6d37580fc,1,,,
https://github.com/apache/seatunnel,e3f8009564d22ccddbf1da1b47b3a64df8405150,seatunnel-api,org.apache.seatunnel.api.configuration.util.OptionUtilTest.test,ID,Accepted,https://github.com/apache/seatunnel/pull/5894,a6bd041dccb5e0442131d94c3715fea3a33d8c35,4,,,
https://github.com/apache/sedona,1bf3fea03038f3a4aaf97de9aa8e4e646385db64,common,org.apache.sedona.core.formatMapper.GeoJsonIOTest.testReadWriteGeoJson,ID,Accepted,https://github.com/apache/sedona/pull/1130,6478129e1417227f289d51bba19f166e7db6596b,3,SEDONA-434,,
https://github.com/apache/servicecomb-java-chassis,9ba66ebc452db6aa5207e5cc7ebd03d48d358e9f,common/common-protobuf,org.apache.servicecomb.codec.protobuf.schema.TestSchemaToProtoGenerator.testListMapTypeCorrect,ID,Accepted,https://github.com/apache/servicecomb-java-chassis/pull/4635,bf02a1bfc2dbd5582e5dadb842524251c4b0a25c,3,SCB-2893,,
https://github.com/apache/servicecomb-java-chassis,9ba66ebc452db6aa5207e5cc7ebd03d48d358e9f,common/common-protobuf,org.apache.servicecomb.codec.protobuf.schema.TestSchemaToProtoGenerator.test_springmvc_model_schema_correct,ID,Accepted,https://github.com/apache/servicecomb-java-chassis/pull/4635,bf02a1bfc2dbd5582e5dadb842524251c4b0a25c,3,SCB-2893,,
https://github.com/apache/servicecomb-java-chassis,68bdb78926654b6a15dd12ade8c0533c0e704528,core,org.apache.servicecomb.common.rest.codec.param.TestRestClientRequestImpl.testCookie,ID,Accepted,https://github.com/apache/servicecomb-java-chassis/pull/3501,ad0b38f9de90c73526fed719fd5dba6430e653b2,1,SCB-2731,,
https://github.com/apache/servicecomb-java-chassis,68bdb78926654b6a15dd12ade8c0533c0e704528,common/common-rest,org.apache.servicecomb.common.rest.codec.param.TestRestClientRequestImpl.testForm,ID,Accepted,https://github.com/apache/servicecomb-java-chassis/pull/3501,ad0b38f9de90c73526fed719fd5dba6430e653b2,1,SCB-2731,,
https://github.com/apache/servicecomb-java-chassis,68bdb78926654b6a15dd12ade8c0533c0e704528,common/common-rest,org.apache.servicecomb.common.rest.filter.inner.RestServerCodecFilterTest.should_convert_exception_to_response_when_decode_request_failed,ID,Accepted,https://github.com/apache/servicecomb-java-chassis/pull/3501,ad0b38f9de90c73526fed719fd5dba6430e653b2,1,SCB-2731,,
https://github.com/apache/servicecomb-java-chassis,68bdb78926654b6a15dd12ade8c0533c0e704528,common/common-rest,org.apache.servicecomb.common.rest.RestProducerInvocationCreatorTest.should_failed_when_accept_is_not_support,ID,Accepted,https://github.com/apache/servicecomb-java-chassis/pull/3501,ad0b38f9de90c73526fed719fd5dba6430e653b2,1,SCB-2731,,
https://github.com/apache/servicecomb-java-chassis,68bdb78926654b6a15dd12ade8c0533c0e704528,common/common-rest,org.apache.servicecomb.common.rest.RestProducerInvocationCreatorTest.should_failed_when_not_defined_any_schema,ID,Accepted,https://github.com/apache/servicecomb-java-chassis/pull/3501,ad0b38f9de90c73526fed719fd5dba6430e653b2,1,SCB-2731,,
https://github.com/apache/servicecomb-java-chassis,9ba66ebc452db6aa5207e5cc7ebd03d48d358e9f,core,org.apache.servicecomb.core.exception.ExceptionsTest.should_convert_unknown_client_exception_to_invocation_exception,ID,Accepted,https://github.com/apache/servicecomb-java-chassis/pull/4633,49ece92a576c0ab96df49a6e85d8dd9f2ad2187b,3,,,
https://github.com/apache/servicecomb-java-chassis,9ba66ebc452db6aa5207e5cc7ebd03d48d358e9f,core,org.apache.servicecomb.core.exception.ExceptionsTest.should_convert_unknown_server_exception_to_invocation_exception,ID,Accepted,https://github.com/apache/servicecomb-java-chassis/pull/4633,49ece92a576c0ab96df49a6e85d8dd9f2ad2187b,3,,,
https://github.com/apache/servicecomb-java-chassis,68bdb78926654b6a15dd12ade8c0533c0e704528,common/common-rest,org.apache.servicecomb.core.TestInvocation.traceIdGeneratorInit,ID,Accepted,https://github.com/apache/servicecomb-java-chassis/pull/3501,ad0b38f9de90c73526fed719fd5dba6430e653b2,1,SCB-2731,,
https://github.com/apache/servicecomb-java-chassis,76813bc18a2513d6797794721d0bcf72dcc4ab22,foundations/foundation-vertx,org.apache.servicecomb.foundation.vertx.http.TestAbstractHttpServletRequest.testAttribute,ID,Accepted,https://github.com/apache/servicecomb-java-chassis/pull/3393,766ffea3d8f9e055e08ae4c3476a9e0cd05f2505,1,SCB-2692,,
https://github.com/apache/servicecomb-java-chassis,76813bc18a2513d6797794721d0bcf72dcc4ab22,foundations/foundation-vertx,org.apache.servicecomb.foundation.vertx.http.TestStandardHttpServletRequestEx.parameterMap_merge,ID,Accepted,https://github.com/apache/servicecomb-java-chassis/pull/3393,766ffea3d8f9e055e08ae4c3476a9e0cd05f2505,1,SCB-2692,,
https://github.com/apache/servicecomb-java-chassis,76813bc18a2513d6797794721d0bcf72dcc4ab22,foundations/foundation-vertx,org.apache.servicecomb.foundation.vertx.http.TestStandardHttpServletRequestEx.setParameter,ID,Accepted,https://github.com/apache/servicecomb-java-chassis/pull/3393,766ffea3d8f9e055e08ae4c3476a9e0cd05f2505,1,SCB-2692,,
https://github.com/apache/servicecomb-java-chassis,76813bc18a2513d6797794721d0bcf72dcc4ab22,foundations/foundation-vertx,org.apache.servicecomb.foundation.vertx.http.TestVertxServerRequestToHttpServletRequest.setParameter,ID,Accepted,https://github.com/apache/servicecomb-java-chassis/pull/3393,766ffea3d8f9e055e08ae4c3476a9e0cd05f2505,1,SCB-2692,,
https://github.com/apache/servicecomb-java-chassis,0eebf529ce50b443e5023c55b1a24b90d1873cec,clients/config-center-client,org.apache.servicecomb.service.center.client.ServiceCenterClientTest.TestRegisterServiceInstance,ID,Accepted,https://github.com/apache/servicecomb-java-chassis/pull/3497,5de6563c427ca039c5221cdfb76e0cee9917a71b,1,SCB-2739,,
https://github.com/apache/servicecomb-java-chassis,0eebf529ce50b443e5023c55b1a24b90d1873cec,clients/config-center-client,org.apache.servicecomb.service.center.client.ServiceCenterClientTest.TestRegistryService,ID,Accepted,https://github.com/apache/servicecomb-java-chassis/pull/3497,5de6563c427ca039c5221cdfb76e0cee9917a71b,1,SCB-2739,,
https://github.com/apache/servicecomb-java-chassis,0eebf529ce50b443e5023c55b1a24b90d1873cec,clients/config-center-client,org.apache.servicecomb.service.center.client.ServiceCenterClientTest.TestSendHeartBeats,ID,Accepted,https://github.com/apache/servicecomb-java-chassis/pull/3497,5de6563c427ca039c5221cdfb76e0cee9917a71b,1,SCB-2739,,
https://github.com/apache/servicecomb-java-chassis,eb2961c6b4339c1c34622241cfb5f730fcd35a13,swagger/swagger-generator,org.apache.servicecomb.swagger.generator.core.TestOperationGenerator.apiOperationThenResponse,ID,Accepted,https://github.com/apache/servicecomb-java-chassis/pull/3450,b780639a167ca09daaae28535c91c3b022f5d27c,1,SCB-2718,,
https://github.com/apache/shardingsphere,8ffe2bb86b6da9f9c9053fb5cce28cb5b5b660db,proxy/backend,org.apache.shardingsphere.proxy.backend.handler.distsql.ral.advance.ParseDistSQLHandlerTest.assertGetRowDataForMySQL,ID,Accepted,https://github.com/apache/shardingsphere/pull/22526,2bf753dfaf0ecda451e7a943897ebfa263427d6b,1,,,
https://github.com/apache/shardingsphere,8ffe2bb86b6da9f9c9053fb5cce28cb5b5b660db,proxy/backend,org.apache.shardingsphere.proxy.backend.handler.distsql.ral.advance.ParseDistSQLHandlerTest.assertGetRowDataForPostgreSQL,ID,Accepted,https://github.com/apache/shardingsphere/pull/22526,2bf753dfaf0ecda451e7a943897ebfa263427d6b,1,,,
https://github.com/apache/shardingsphere-elasticjob,b022898ef1b8c984e17efb2a422ee45f6b13e46e,elastic-job-lite-core,io.elasticjob.lite.event.rdb.JobEventRdbStorageTest.assertAddJobStatusTraceEventWhenFailoverWithTaskFailedState,NIO,Accepted,https://github.com/apache/shardingsphere-elasticjob/pull/1838,bb23820c44232ac722dc3b53cdf88d61745fb003,2,,,
https://github.com/apache/shardingsphere-elasticjob,b022898ef1b8c984e17efb2a422ee45f6b13e46e,elastic-job-lite-core,io.elasticjob.lite.event.rdb.JobEventRdbStorageTest.assertAddJobStatusTraceEventWhenFailoverWithTaskStagingState,NIO,Accepted,https://github.com/apache/shardingsphere-elasticjob/pull/1838,bb23820c44232ac722dc3b53cdf88d61745fb003,2,,,
https://github.com/apache/shardingsphere-elasticjob,b022898ef1b8c984e17efb2a422ee45f6b13e46e,elastic-job-lite-core,io.elasticjob.lite.internal.failover.FailoverServiceTest.assertGetLocalFailoverItemsIfShutdown,OD-Vic,Accepted,https://github.com/apache/shardingsphere-elasticjob/pull/592,4b9afa40d3fcf1673f85694c9d690dd71f76c898,1,,,
https://github.com/apache/shardingsphere-elasticjob,b022898ef1b8c984e17efb2a422ee45f6b13e46e,elastic-job-lite-core,io.elasticjob.lite.internal.instance.ShutdownListenerManagerTest.assertIsShutdownAlready,OD-Vic,Accepted,https://github.com/apache/shardingsphere-elasticjob/pull/592,4b9afa40d3fcf1673f85694c9d690dd71f76c898,1,,,
https://github.com/apache/shardingsphere-elasticjob,b022898ef1b8c984e17efb2a422ee45f6b13e46e,elastic-job-lite-core,io.elasticjob.lite.internal.instance.TriggerListenerManagerTest.assertTriggerWhenJobIsNotRunning,OD,Accepted,https://github.com/apache/shardingsphere-elasticjob/pull/625,c12db551cdf347ad64317af36ce803b8babab750,1,,,
https://github.com/apache/shardingsphere-elasticjob,b022898ef1b8c984e17efb2a422ee45f6b13e46e,elastic-job-lite-core,io.elasticjob.lite.internal.schedule.JobRegistryTest.assertGetCurrentShardingTotalCountIfNull,OD-Vic,Accepted,https://github.com/apache/shardingsphere-elasticjob/pull/625,c12db551cdf347ad64317af36ce803b8babab750,1,,,
https://github.com/apache/shardingsphere-elasticjob,b022898ef1b8c984e17efb2a422ee45f6b13e46e,elastic-job-lite-core,io.elasticjob.lite.internal.sharding.ShardingListenerManagerTest.assertListenServersChangedJobListenerWhenIsInstanceChangeButJobInstanceIsShutdown,OD,Accepted,https://github.com/apache/shardingsphere-elasticjob/pull/592,4b9afa40d3fcf1673f85694c9d690dd71f76c898,1,,,
https://github.com/apache/shardingsphere-elasticjob,b022898ef1b8c984e17efb2a422ee45f6b13e46e,elastic-job-lite-core,io.elasticjob.lite.reg.zookeeper.ZookeeperRegistryCenterModifyTest.assertPersistEphemeralSequential,OD-Vic,Accepted,https://github.com/apache/shardingsphere-elasticjob/pull/636,a1e2d6e611133a6741f854b7eb8ff623ff1e4f0d,1,,,
https://github.com/apache/shardingsphere-elasticjob,b022898ef1b8c984e17efb2a422ee45f6b13e46e,elastic-job-lite-core,io.elasticjob.lite.reg.zookeeper.ZookeeperRegistryCenterModifyTest.assertPersistSequential,NIO,Accepted,https://github.com/apache/shardingsphere-elasticjob/pull/636,a1e2d6e611133a6741f854b7eb8ff623ff1e4f0d,1,,,
https://github.com/apache/shardingsphere-elasticjob,b022898ef1b8c984e17efb2a422ee45f6b13e46e,elastic-job-lite-core,io.elasticjob.lite.util.json.GsonFactoryTest.assertRegisterTypeAdapter,NIO,Accepted,https://github.com/apache/shardingsphere-elasticjob/pull/1901,db577fa7c9b73399878a6f2d82c4b4ccb9f0f294,1,,,
https://github.com/apache/shenyu,22546ae0e6a4047ee08bf4a41f9114f47ba57e19,shenyu-admin,org.apache.shenyu.admin.service.PermissionServiceTest.testGetPermissionMenu,ID,Accepted,https://github.com/apache/shenyu/pull/5241,dc1b8042f3cf2700c0966a9c3bf9cd7f2e3b608a,3,,,
https://github.com/apache/shenyu,22546ae0e6a4047ee08bf4a41f9114f47ba57e19,shenyu-admin,org.apache.shenyu.admin.service.register.ShenyuClientRegisterDivideServiceImplTest.testBuildHandle,ID,Accepted,https://github.com/apache/shenyu/pull/4040,b57650552075b9f0993268961cd040ae40dd9657,1,,,
https://github.com/apache/shenyu,22546ae0e6a4047ee08bf4a41f9114f47ba57e19,shenyu-admin,org.apache.shenyu.admin.service.register.ShenyuClientRegisterDubboServiceImplTest.testBuildHandle,ID,Accepted,https://github.com/apache/shenyu/pull/4043,7b06541e6e30e8505e37d9c7dbf41a75139dd35b,6,,,
https://github.com/apache/shenyu,22546ae0e6a4047ee08bf4a41f9114f47ba57e19,shenyu-admin,org.apache.shenyu.admin.service.register.ShenyuClientRegisterGrpcServiceImplTest.testBuildHandle,ID,Accepted,https://github.com/apache/shenyu/pull/4043,7b06541e6e30e8505e37d9c7dbf41a75139dd35b,6,,,
https://github.com/apache/shenyu,22546ae0e6a4047ee08bf4a41f9114f47ba57e19,shenyu-admin,org.apache.shenyu.admin.service.register.ShenyuClientRegisterSofaServiceImplTest.testRuleHandler,ID,Accepted,https://github.com/apache/shenyu/pull/4043,7b06541e6e30e8505e37d9c7dbf41a75139dd35b,6,,,
https://github.com/apache/shenyu,22546ae0e6a4047ee08bf4a41f9114f47ba57e19,shenyu-admin,org.apache.shenyu.admin.service.register.ShenyuClientRegisterSpringCloudServiceImplTest.testBuildHandle,ID,Accepted,https://github.com/apache/shenyu/pull/4043,7b06541e6e30e8505e37d9c7dbf41a75139dd35b,6,,,
https://github.com/apache/shenyu,22546ae0e6a4047ee08bf4a41f9114f47ba57e19,shenyu-admin,org.apache.shenyu.admin.service.register.ShenyuClientRegisterTarsServiceImplTest.testBuildHandle,ID,Accepted,https://github.com/apache/shenyu/pull/4043,7b06541e6e30e8505e37d9c7dbf41a75139dd35b,6,,,
https://github.com/apache/shenyu,10375c5204c67f9889235f19fe2d6e8eb0438a5a,shenyu-client/shenyu-client-http/shenyu-client-springmvc,org.apache.shenyu.client.springmvc.init.SpringMvcClientEventListenerTest.testNormalBeanProcess,OD,Accepted,https://github.com/apache/shenyu/pull/4252,7c0fe40b742f3956d4b6f51bb41e04e595effef3,4,,,
https://github.com/apache/shenyu,10375c5204c67f9889235f19fe2d6e8eb0438a5a,shenyu-client/shenyu-client-http/shenyu-client-springmvc,org.apache.shenyu.client.springmvc.init.SpringMvcClientEventListenerTest.testOnApplicationEventError,OD,Accepted,https://github.com/apache/shenyu/pull/4252,7c0fe40b742f3956d4b6f51bb41e04e595effef3,4,,,
https://github.com/apache/shenyu,10375c5204c67f9889235f19fe2d6e8eb0438a5a,shenyu-client/shenyu-client-http/shenyu-client-springmvc,org.apache.shenyu.client.springmvc.init.SpringMvcClientEventListenerTest.testShenyuBeanProcess,OD,Accepted,https://github.com/apache/shenyu/pull/4252,7c0fe40b742f3956d4b6f51bb41e04e595effef3,4,,,
https://github.com/apache/shenyu,10375c5204c67f9889235f19fe2d6e8eb0438a5a,shenyu-client/shenyu-client-http/shenyu-client-springmvc,org.apache.shenyu.client.springmvc.init.SpringMvcClientEventListenerTest.testWithShenyuClientAnnotation,OD,Accepted,https://github.com/apache/shenyu/pull/4252,7c0fe40b742f3956d4b6f51bb41e04e595effef3,4,,,
https://github.com/apache/shiro,f14a7d9dd429439b6fdecc596af0235ec1126414,support/cdi,org.apache.shiro.cdi.AnnotatedTypeWrapperTest.removeAnnotations,ID,Accepted,https://github.com/apache/shiro/pull/1149,9888e876215c7469bb6ec583b68a7221ab0f5c4b,1,,,
https://github.com/apache/skywalking,edf0bce37f682c093d1ea5bcca0a6d2d1ecc2cc4,apm-commons/apm-datacarrier,org.apache.skywalking.apm.commons.datacarrier.consumer.testConsumerLessThanChannel,OD,Accepted,https://github.com/apache/skywalking/pull/5846,48479b74df22a71e7a894e600a94df593a583187,3,,,
https://github.com/apache/skywalking,edf0bce37f682c093d1ea5bcca0a6d2d1ecc2cc4,apm-commons/apm-datacarrier,org.apache.skywalking.apm.commons.datacarrier.consumer.testConsumerMoreThanChannel,OD,Accepted,https://github.com/apache/skywalking/pull/5846,48479b74df22a71e7a894e600a94df593a583187,3,,,
https://github.com/apache/skywalking-java,364a4af4b1bd2805156d67b802b24a2105e24822,apm-commons/apm-util,org.apache.skywalking.apm.util.ConfigInitializerTest.testInitialize,ID,Accepted,https://github.com/apache/skywalking-java/pull/403,9a62d72e090a6e69ada18ec498aff71eb13d922b,3,,,
https://github.com/apache/sling-org-apache-sling-servlets-get,e621def77b3ea82e8a054db9f4d04efe70192127,.,org.apache.sling.servlets.get.impl.helpers.JsonRendererTest.testBooleansNoTidy,ID,Accepted,https://github.com/apache/sling-org-apache-sling-servlets-get/pull/9,bbf043e6d39f1fcc752311f64d858f43b4f2cd4e,6,SLING-11727,,
https://github.com/apache/sling-org-apache-sling-servlets-get,e621def77b3ea82e8a054db9f4d04efe70192127,.,org.apache.sling.servlets.get.impl.helpers.JsonRendererTest.testBooleansWithTidy,ID,Accepted,https://github.com/apache/sling-org-apache-sling-servlets-get/pull/9,bbf043e6d39f1fcc752311f64d858f43b4f2cd4e,6,SLING-11727,,
https://github.com/Apache/Struts,13d9053050c9e4fb2ef049db6a37d3f6eebf48fa,plugins/json,org.apache.struts2.json.SMDMethodInterfaceTest.testBaseClassOnly,ID,Accepted,https://github.com/apache/struts/pull/455,af73a1e8749c1925bf9fd589baab793346377741,2,,,
https://github.com/Apache/Struts,13d9053050c9e4fb2ef049db6a37d3f6eebf48fa,plugins/json,org.apache.struts2.json.SMDMethodInterfaceTest.testInterfaces,ID,Accepted,https://github.com/apache/struts/pull/455,af73a1e8749c1925bf9fd589baab793346377741,2,,,
https://github.com/Apache/Struts,13d9053050c9e4fb2ef049db6a37d3f6eebf48fa,plugins/portlet,org.apache.struts2.portlet.dispatcher.Jsr168DispatcherTest.testProcessAction_ok,OD-Vic,Accepted,https://github.com/apache/struts/pull/263,299d91e52bb39112921079b808bbeefee3a4c0f4,1,WW-4977,,
https://github.com/Apache/Struts,13d9053050c9e4fb2ef049db6a37d3f6eebf48fa,plugins/portlet,org.apache.struts2.portlet.dispatcher.Jsr168DispatcherTest.testRender_ok,OD-Vic,Accepted,https://github.com/apache/struts/pull/263,299d91e52bb39112921079b808bbeefee3a4c0f4,1,WW-4977,,
https://github.com/Apache/Struts,13d9053050c9e4fb2ef049db6a37d3f6eebf48fa,plugins/portlet,org.apache.struts2.portlet.dispatcher.Jsr286DispatcherTest.testProcessAction_ok,OD-Vic,Accepted,https://github.com/apache/struts/pull/263,299d91e52bb39112921079b808bbeefee3a4c0f4,1,WW-4977,,
https://github.com/Apache/Struts,13d9053050c9e4fb2ef049db6a37d3f6eebf48fa,plugins/portlet,org.apache.struts2.portlet.dispatcher.Jsr286DispatcherTest.testRender_ok,OD-Vic,Accepted,https://github.com/apache/struts/pull/263,299d91e52bb39112921079b808bbeefee3a4c0f4,1,WW-4977,,
https://github.com/Apache/Struts,13d9053050c9e4fb2ef049db6a37d3f6eebf48fa,plugins/rest,org.apache.struts2.rest.handler.JacksonXmlHandlerTest.testObjectToXml,ID,Accepted,https://github.com/apache/struts/pull/500,a368cb632895e689f81ec59868b28bbf033d9ef8,5,,,
https://github.com/Apache/Struts,3a7c35a014f8a3471a1b75e7546e01ecf21d5db3,core,org.apache.struts2.views.freemarker.FreemarkerResultMockedTest.testDynamicAttributesSupport,ID,Accepted,https://github.com/apache/struts/pull/506,0c9d769faec47b5804cda13281063302be7bf595,3,,,
https://github.com/apache/tika,d2c435311a57a9ac406a26d14cafcf685aba874b,tika-core,org.apache.tika.metadata.TestMetadata.testToStringWithManyEntries,ID,Accepted,https://github.com/apache/tika/pull/845,15593367b6692579faf45b1539e85b9a9471b9ae,1,TIKA-3944,,
https://github.com/apache/tika,1e67ef16f7b735c27114256d8ad7469248e501f2,tika-parsers/tika-parsers-standard/tika-parsers-standard-modules/tika-parser-microsoft-module,org.apache.tika.parser.microsoft.ooxml.xps.XPSParserTest.testVarious,ID,Accepted,https://github.com/apache/tika/pull/1436,81d8bd0e2b112f6a95ce06c7995f47804f1c3d28,1,TIKA-4165,,
https://github.com/apache/tinkerpop,8bfdf50778e29d98c6554a01688fc5cc34524522,gremlin-core,"org.apache.tinkerpop.gremlin.process.traversal.strategy.optimization.PathProcessorStrategyTest.""doTest[[SelectStep(first,[a, b],[value(name), value(age)])]]""",ID,Accepted,https://github.com/apache/tinkerpop/pull/2943,62f62b9333b81f048e001cd4aecb8da791667d1a,1,,,
https://github.com/apache/tinkerpop,8bfdf50778e29d98c6554a01688fc5cc34524522,gremlin-core,"org.apache.tinkerpop.gremlin.process.traversal.strategy.optimization.PathProcessorStrategyTest.""doTest[[SelectStep(last,[a, b, c],[value(name), [VertexStep(OUT,edge), CountGlobalStep]])]]""",ID,Accepted,https://github.com/apache/tinkerpop/pull/2943,62f62b9333b81f048e001cd4aecb8da791667d1a,1,,,
https://github.com/apache/tinkerpop,8bfdf50778e29d98c6554a01688fc5cc34524522,gremlin-core,"org.apache.tinkerpop.gremlin.process.traversal.strategy.optimization.PathProcessorStrategyTest.""doTest[[SelectStep(last,[a, b],[identity, value(age)])]]""",ID,Accepted,https://github.com/apache/tinkerpop/pull/2943,62f62b9333b81f048e001cd4aecb8da791667d1a,1,,,
https://github.com/apache/tinkerpop,8bfdf50778e29d98c6554a01688fc5cc34524522,gremlin-core,"org.apache.tinkerpop.gremlin.process.traversal.strategy.optimization.PathProcessorStrategyTest.""doTest[[SelectStep(last,[a, b],[value(name), value(age)])]]""",ID,Accepted,https://github.com/apache/tinkerpop/pull/2943,62f62b9333b81f048e001cd4aecb8da791667d1a,1,,,
https://github.com/apache/tinkerpop,cb366cd86fa036122cc48af76866a0c2a413a83e,gremlin-core,org.apache.tinkerpop.gremlin.language.grammar.TraversalStrategyVisitorTest.testTraversalStrategy,ID,Accepted,https://github.com/apache/tinkerpop/pull/2887,cc74c844d19d2baa9eb13b49b3895d8d02187d1f,3,,,
https://github.com/apache/tinkerpop,d484001b44f9f8feb0eed2e058f4a5cb9528d766,gremlin-core,org.apache.tinkerpop.gremlin.process.traversal.step.map.ConjoinStepTest.testReturnTypes,ID,Accepted,https://github.com/apache/tinkerpop/pull/2943,62f62b9333b81f048e001cd4aecb8da791667d1a,1,,,
https://github.com/apache/tinkerpop,d484001b44f9f8feb0eed2e058f4a5cb9528d766,gremlin-core,org.apache.tinkerpop.gremlin.process.traversal.step.util.ParametersTest.shouldAllowNullValues,ID,Accepted,https://github.com/apache/tinkerpop/pull/2820,a87ebf2d52a719a4fa01865b395e34d516b915f2,4,,,
https://github.com/apache/tinkerpop,d484001b44f9f8feb0eed2e058f4a5cb9528d766,gremlin-core,org.apache.tinkerpop.gremlin.process.traversal.step.util.ParametersTest.shouldGetKeyValues,ID,Accepted,https://github.com/apache/tinkerpop/pull/2820,a87ebf2d52a719a4fa01865b395e34d516b915f2,4,,,
https://github.com/apache/tinkerpop,d484001b44f9f8feb0eed2e058f4a5cb9528d766,gremlin-core,org.apache.tinkerpop.gremlin.process.traversal.step.util.ParametersTest.shouldGetKeyValuesIgnoringSomeKeys,ID,Accepted,https://github.com/apache/tinkerpop/pull/2820,a87ebf2d52a719a4fa01865b395e34d516b915f2,4,,,
https://github.com/apache/tinkerpop,d484001b44f9f8feb0eed2e058f4a5cb9528d766,gremlin-core,org.apache.tinkerpop.gremlin.process.traversal.translator.DotNetTranslatorTest.shouldTranslateStrategies,ID,Accepted,https://github.com/apache/tinkerpop/pull/2887,62f62b9333b81f048e001cd4aecb8da791667d1a,1,,,
https://github.com/apache/tinkerpop,d484001b44f9f8feb0eed2e058f4a5cb9528d766,gremlin-core,org.apache.tinkerpop.gremlin.process.traversal.translator.GolangTranslatorTest.shouldTranslateStrategies,ID,Accepted,https://github.com/apache/tinkerpop/pull/2887,62f62b9333b81f048e001cd4aecb8da791667d1a,1,,,
https://github.com/apache/tinkerpop,d484001b44f9f8feb0eed2e058f4a5cb9528d766,gremlin-core,org.apache.tinkerpop.gremlin.process.traversal.translator.GroovyTranslatorTest.shouldTranslateStrategies,ID,Accepted,https://github.com/apache/tinkerpop/pull/2887,62f62b9333b81f048e001cd4aecb8da791667d1a,1,,,
https://github.com/apache/tinkerpop,d484001b44f9f8feb0eed2e058f4a5cb9528d766,gremlin-core,org.apache.tinkerpop.gremlin.process.traversal.translator.JavascriptTranslatorTest.shouldTranslateStrategies,ID,Accepted,https://github.com/apache/tinkerpop/pull/2887,62f62b9333b81f048e001cd4aecb8da791667d1a,1,,,
https://github.com/apache/tinkerpop,d484001b44f9f8feb0eed2e058f4a5cb9528d766,gremlin-core,org.apache.tinkerpop.gremlin.process.traversal.translator.PythonTranslatorTest.shouldTranslateStrategies,ID,Accepted,https://github.com/apache/tinkerpop/pull/2887,62f62b9333b81f048e001cd4aecb8da791667d1a,1,,,
https://github.com/apache/wicket,b243eca31ab4a0ab78159fd2ccf7337a38b94840,core,org.apache.wicket.ajax.AbstractDefaultAjaxBehaviorTest.renderAjaxAttributes,ID,Accepted,https://github.com/apache/wicket/pull/707,2ab79d77c25380ad85a76b3f48fba8af96cc6471,1,WICKET-7088,,
https://github.com/apache/wicket,b243eca31ab4a0ab78159fd2ccf7337a38b94840,core,org.apache.wicket.ajax.AjaxCallbackFunctionTest.testCallbackFunctionWithAll,ID,Accepted,https://github.com/apache/wicket/pull/707,2ab79d77c25380ad85a76b3f48fba8af96cc6471,1,WICKET-7088,,
https://github.com/apache/wicket,b243eca31ab4a0ab78159fd2ccf7337a38b94840,core,org.apache.wicket.ajax.AjaxCallbackFunctionTest.testCallbackFunctionWithContext,ID,Accepted,https://github.com/apache/wicket/pull/707,2ab79d77c25380ad85a76b3f48fba8af96cc6471,1,WICKET-7088,,
https://github.com/apache/wicket,b243eca31ab4a0ab78159fd2ccf7337a38b94840,core,org.apache.wicket.ajax.AjaxCallbackFunctionTest.testCallbackFunctionWithConverted,ID,Accepted,https://github.com/apache/wicket/pull/707,2ab79d77c25380ad85a76b3f48fba8af96cc6471,1,WICKET-7088,,
https://github.com/apache/wicket,b243eca31ab4a0ab78159fd2ccf7337a38b94840,core,org.apache.wicket.ajax.AjaxCallbackFunctionTest.testCallbackFunctionWithExplicit,ID,Accepted,https://github.com/apache/wicket/pull/707,2ab79d77c25380ad85a76b3f48fba8af96cc6471,1,WICKET-7088,,
https://github.com/apache/wicket,b243eca31ab4a0ab78159fd2ccf7337a38b94840,core,org.apache.wicket.ajax.AjaxCallbackFunctionTest.testCallbackFunctionWithResolved,ID,Accepted,https://github.com/apache/wicket/pull/707,2ab79d77c25380ad85a76b3f48fba8af96cc6471,1,WICKET-7088,,
https://github.com/apache/wicket,b243eca31ab4a0ab78159fd2ccf7337a38b94840,core,org.apache.wicket.ajax.AjaxCallbackFunctionTest.testDefaultCallbackFunction,ID,Accepted,https://github.com/apache/wicket/pull/707,2ab79d77c25380ad85a76b3f48fba8af96cc6471,1,WICKET-7088,,
https://github.com/apache/wicket,b243eca31ab4a0ab78159fd2ccf7337a38b94840,core,org.apache.wicket.ajax.AjaxCallbackFunctionTest.testJQueryUIEvent,ID,Accepted,https://github.com/apache/wicket/pull/707,2ab79d77c25380ad85a76b3f48fba8af96cc6471,1,WICKET-7088,,
https://github.com/apache/wicket,b243eca31ab4a0ab78159fd2ccf7337a38b94840,core,org.apache.wicket.markup.html.form.CollectionFormComponentTest.getSetNullSet,ID,Accepted,https://github.com/apache/wicket/pull/707,2ab79d77c25380ad85a76b3f48fba8af96cc6471,1,WICKET-7088,,
https://github.com/apache/wicket,b243eca31ab4a0ab78159fd2ccf7337a38b94840,core,org.apache.wicket.markup.html.form.CollectionFormComponentTest.getSetUnmodifiableSet,ID,Accepted,https://github.com/apache/wicket/pull/707,2ab79d77c25380ad85a76b3f48fba8af96cc6471,1,WICKET-7088,,
https://github.com/apolloconfig/apollo,75f9950d5e1675dbb0617555c4502685ef4d4618,apollo-adminservice,com.ctrip.framework.apollo.adminservice.controller.ReleaseControllerTest.testReleaseBuild,ID,Accepted,https://github.com/apolloconfig/apollo/pull/4311,735f58876903811163423935dde3c4ebc1a1cc81,1,,,
https://github.com/apolloconfig/apollo,75ae5cc8ca41c5f177cd9c8e044a9425ba40ad39,apollo-biz,com.ctrip.framework.apollo.biz.entity.JpaMapFieldJsonConverterTest.convertToDatabaseColumn_twoElement,ID,Accepted,https://github.com/apolloconfig/apollo/pull/4618,3c6baa4a6f5700f5b6a7fe8458ee8d5e286085e2,1,,,
https://github.com/apolloconfig/apollo,75f9950d5e1675dbb0617555c4502685ef4d4618,apollo-biz,com.ctrip.framework.apollo.biz.service.NamespaceBranchServiceTest.testUpdateBranchGrayRulesWithUpdateOnce,ID,Accepted,https://github.com/apolloconfig/apollo/pull/4599,d849c02f1089007ba740c3ae18381679669392cb,5,,,
https://github.com/apolloconfig/apollo,75f9950d5e1675dbb0617555c4502685ef4d4618,apollo-biz,com.ctrip.framework.apollo.biz.service.NamespaceBranchServiceTest.testUpdateBranchGrayRulesWithUpdateTwice,ID,Accepted,https://github.com/apolloconfig/apollo/pull/4599,d849c02f1089007ba740c3ae18381679669392cb,5,,,
https://github.com/apolloconfig/apollo,ee028dd0981817b1b9f71d5a8e93ab1649271f75,apollo-configservice,com.ctrip.framework.apollo.configservice.service.AppNamespaceServiceWithCacheTest.testAppNamespace,ID,Accepted,https://github.com/apolloconfig/apollo/pull/4998,a632cc13fccb8e52d3b29f35ac99e3db55a5d47c,2,,,
https://github.com/apolloconfig/apollo,24062ad9b314da0fb44ccb941dcfd3da46a91fb7,apollo-configservice,com.ctrip.framework.apollo.configservice.service.ReleaseMessageServiceWithCacheTest.testWhenHasReleaseMsgAndHasRepeatMsg,ID,Accepted,https://github.com/apolloconfig/apollo/pull/2918,342ba888ba7e7c9e6f5a4010d03ebc5bbab00d81,1,,,
https://github.com/apolloconfig/apollo,75f9950d5e1675dbb0617555c4502685ef4d4618,apollo-configservice,com.ctrip.framework.apollo.configservice.service.ReleaseMessageServiceWithCacheTest.testWhenReleaseMsgSizeBiggerThan500,ID,Accepted,https://github.com/apolloconfig/apollo/pull/4314,512d7cf5a68f9551461fecbf7a0dd2606e112624,2,,,
https://github.com/apolloconfig/apollo,e35ce8c013327b91d034b62d53eece055fa64970,apollo-client,com.ctrip.framework.apollo.internals.RemoteConfigLongPollServiceTest.testAssembleLongPollRefreshUrl,ID,Accepted,https://github.com/apolloconfig/apollo/pull/4095,80a33ab3f5de8cbf06fc2645f8acb4062f15da32,4,,,
https://github.com/apolloconfig/apollo,e35ce8c013327b91d034b62d53eece055fa64970,apollo-client,com.ctrip.framework.apollo.internals.RemoteConfigLongPollServiceTest.testAssembleLongPollRefreshUrlWithMultipleNamespaces,ID,Accepted,https://github.com/apolloconfig/apollo/pull/4095,80a33ab3f5de8cbf06fc2645f8acb4062f15da32,4,,,
https://github.com/apolloconfig/apollo,e35ce8c013327b91d034b62d53eece055fa64970,apollo-client,com.ctrip.framework.apollo.internals.RemoteConfigRepositoryTest.testAssembleQueryConfigUrl,ID,Accepted,https://github.com/apolloconfig/apollo/pull/4083,02fff624870ab6f552e671288d903cb5ae418d80,2,,,
https://github.com/apolloconfig/apollo,e35ce8c013327b91d034b62d53eece055fa64970,apollo-client,com.ctrip.framework.apollo.spring.config.ConfigPropertySourceTest.testGetPropertyNames,ID,Accepted,https://github.com/apolloconfig/apollo/pull/4082,b00f23873bd2306df1fb7ae6d7b9b2e2230f401e,1,,,
https://github.com/apolloconfig/apollo-java,5344bc4f07288842bb850145bcf80a084bd94114,apollo-openapi,com.ctrip.framework.apollo.openapi.client.service.ItemOpenApiServiceTest.testFindItemsByNamespace,ID,Accepted,https://github.com/apolloconfig/apollo-java/pull/44,21259e5dcef3960b2162ae9c62b6acd6b99e59fd,1,,,
https://github.com/AuthMe/AuthMeReloaded,fcd4a2fad777ab54ac271702225c4a0f19edb186,.,fr.xephi.authme.listener.PlayerListenerTest.shouldHideChatFromUnauthed,ID,Accepted,https://github.com/AuthMe/AuthMeReloaded/pull/2386,3e6c9b1dde81a597a3c51d501dc7aa7e0fb94043,1,,,
https://github.com/authorjapps/zerocode,6ef5f20eaff6a8bad3713b4aee6a482cdbd6e256,core,org.jsmart.zerocode.core.kafka.receive.message.ConsumerJsonRecordTest.should_serialize_a_record_with_headers,ID,Accepted,https://github.com/authorjapps/zerocode/pull/684,3e6c9b1dde81a597a3c51d501dc7aa7e0fb94043,1,,,
https://github.com/aws/aws-dynamodb-encryption-java,66c679bd705a9dd64b6c05fe2bf71ba5a27e84c1,.,com.amazonaws.services.dynamodbv2.datamodeling.encryption.DynamoDBEncryptorTest.ensureEncryptedAttributesUnmodified,ID,Accepted,https://github.com/aws/aws-dynamodb-encryption-java/pull/274,c786e678d246ef58df53f22147f7b9821af6288b,16,,,
https://github.com/aws/aws-dynamodb-encryption-java,66c679bd705a9dd64b6c05fe2bf71ba5a27e84c1,.,com.amazonaws.services.dynamodbv2.datamodeling.internal.AttributeValueMarshallerTest.testSimpleMapWithNull,ID,Accepted,https://github.com/aws/aws-dynamodb-encryption-java/pull/274,c786e678d246ef58df53f22147f7b9821af6288b,16,,,
https://github.com/AxonFramework/AxonFramework,e9809cbd5bb1f32b39d9e7408de1c8c395411350,messaging,org.axonframework.messaging.annotation.AnnotatedMessageHandlingMemberTest.attributeReturnsNonEmptyOptionalForMatchingAttributeKey,ID,Accepted,https://github.com/AxonFramework/AxonFramework/pull/3142,2357b7b1354c0b404d38d67ff3d97fb2e63d4e41,2,,,
https://github.com/AxonFramework/AxonFramework,e9809cbd5bb1f32b39d9e7408de1c8c395411350,messaging,org.axonframework.messaging.annotation.AnnotatedMessageHandlingMemberTest.hasAnnotation,ID,Accepted,https://github.com/AxonFramework/AxonFramework/pull/3142,2357b7b1354c0b404d38d67ff3d97fb2e63d4e41,2,,,
https://github.com/AxonFramework/AxonFramework,e9809cbd5bb1f32b39d9e7408de1c8c395411350,messaging,org.axonframework.messaging.GenericMessageTest.messageSerialization,ID,Accepted,https://github.com/AxonFramework/AxonFramework/pull/3156,d7c6fcd7216558d9d90107e1ef77c0ae81530cb3,3,,,
https://github.com/biojava/biojava,65ad15fe58dcedd258fee1c14505e424c8536efc,biojava-structure,org.biojava.nbio.structure.align.util.AtomCacheTest.testGetStructureForChainlessDomains,ID;NOD,Accepted,https://github.com/biojava/biojava/pull/897,26c6c62cbe103a2207de13b4f6b44cb1f0caefdc,5,,https://github.com/TestingResearchIllinois/flaky-test-dataset/issues/115,
https://github.com/biojava/biojava,65ad15fe58dcedd258fee1c14505e424c8536efc,biojava-structure,org.biojava.nbio.structure.AtomPositionMapTest.testChains,ID,Accepted,https://github.com/biojava/biojava/pull/897,26c6c62cbe103a2207de13b4f6b44cb1f0caefdc,5,,,
https://github.com/biojava/biojava,65ad15fe58dcedd258fee1c14505e424c8536efc,biojava-structure,org.biojava.nbio.structure.basepairs.TestBasePairParameters.testBasePair,ID,Accepted,https://github.com/biojava/biojava/pull/897,26c6c62cbe103a2207de13b4f6b44cb1f0caefdc,5,,,
https://github.com/biojava/biojava,65ad15fe58dcedd258fee1c14505e424c8536efc,biojava-structure,org.biojava.nbio.structure.cluster.TestSubunitCluster.testMergeStructure,ID,Accepted,https://github.com/biojava/biojava/pull/897,26c6c62cbe103a2207de13b4f6b44cb1f0caefdc,5,,,
https://github.com/biojava/biojava,65ad15fe58dcedd258fee1c14505e424c8536efc,biojava-structure,org.biojava.nbio.structure.cluster.TestSubunitExtractor.testHistone,ID,Accepted,https://github.com/biojava/biojava/pull/897,26c6c62cbe103a2207de13b4f6b44cb1f0caefdc,5,,,
https://github.com/biojava/biojava,65ad15fe58dcedd258fee1c14505e424c8536efc,biojava-structure,org.biojava.nbio.structure.io.FastaAFPChainConverterTest.testFromFasta,ID,Accepted,https://github.com/biojava/biojava/pull/897,26c6c62cbe103a2207de13b4f6b44cb1f0caefdc,5,,,
https://github.com/biojava/biojava,65ad15fe58dcedd258fee1c14505e424c8536efc,biojava-structure,org.biojava.nbio.structure.io.StructureSequenceMatcherTest.testGetProteinSequenceForStructure,ID,Accepted,https://github.com/biojava/biojava/pull/897,26c6c62cbe103a2207de13b4f6b44cb1f0caefdc,5,,,
https://github.com/biojava/biojava,65ad15fe58dcedd258fee1c14505e424c8536efc,biojava-structure,org.biojava.nbio.structure.io.TestMMCIFWriting.testBeanAnnotations,ID,Accepted,https://github.com/biojava/biojava/pull/897,26c6c62cbe103a2207de13b4f6b44cb1f0caefdc,5,,,
https://github.com/biojava/biojava,65ad15fe58dcedd258fee1c14505e424c8536efc,biojava-structure,org.biojava.nbio.structure.secstruc.TestSecStrucCalc.testMultiModelPred,ID,Accepted,https://github.com/biojava/biojava/pull/897,26c6c62cbe103a2207de13b4f6b44cb1f0caefdc,5,,,
https://github.com/biojava/biojava,65ad15fe58dcedd258fee1c14505e424c8536efc,biojava-structure,org.biojava.nbio.structure.secstruc.TestSecStrucCalc.testSecStrucPred,ID,Accepted,https://github.com/biojava/biojava/pull/897,26c6c62cbe103a2207de13b4f6b44cb1f0caefdc,5,,,
https://github.com/biojava/biojava,245742d522d12440ece32f5c2d665ff81c465e98,biojava-integrationtest,org.biojava.nbio.structure.test.symmetry.TestQuatSymmetryDetectorExamples.testLocal,ID,Accepted,https://github.com/biojava/biojava/pull/985,d205caa9fedc768c2bc1055d3bc5999566211b91,1,,,
https://github.com/biojava/biojava,65ad15fe58dcedd258fee1c14505e424c8536efc,biojava-structure,org.biojava.nbio.structure.TestAtomCache.testAtomCacheNameParsing,ID,Accepted,https://github.com/biojava/biojava/pull/897,26c6c62cbe103a2207de13b4f6b44cb1f0caefdc,5,,,
https://github.com/biojava/biojava,65ad15fe58dcedd258fee1c14505e424c8536efc,biojava-structure,org.biojava.nbio.structure.TestNucleotides.test1OFX,ID,Accepted,https://github.com/biojava/biojava/pull/897,26c6c62cbe103a2207de13b4f6b44cb1f0caefdc,5,,,
https://github.com/biojava/biojava,65ad15fe58dcedd258fee1c14505e424c8536efc,biojava-structure,org.biojava.nbio.structure.TestParsingCalcium.testCalciumParsing,ID,Accepted,https://github.com/biojava/biojava/pull/897,26c6c62cbe103a2207de13b4f6b44cb1f0caefdc,5,,,
https://github.com/biojava/biojava,245742d522d12440ece32f5c2d665ff81c465e98,biojava-structure,org.biojava.nbio.structure.TestStructureSerialization.testSerializeStructure,ID,Accepted,https://github.com/biojava/biojava/pull/903,5cfd16043ded4ac4d01dae0b616b2dafb23cdd88,1,,,
https://github.com/bpsm/edn-java,4cf29ffe2d063269cb09c9bf4f6fd5c1a3cb4e1b,.,us.bpsm.edn.printer.PrinterTest.testPrettyPrinting,ID,Accepted,https://github.com/bpsm/edn-java/pull/68,9990787136aade05c229d185687ea13da8a8ab2b,1,,,
https://github.com/braintree/braintree_java,4471cdb6bd5fed2509d4c529ae896ffbb07713ae,.,com.braintreegateway.unittest.RequestBuilderTest.map,ID,Accepted,https://github.com/braintree/braintree_java/pull/99,3f3b0742cc151981b223cde96ef9056de220fd0d,1,,,
https://github.com/bytedeco/javacpp,b9e7080d2614fa8842bd3fb6d2759fb384628979,.,org.bytedeco.javacpp.BufferTest.testBufferCallback,ID,Accepted,https://github.com/bytedeco/javacpp/pull/784,aeaad31e34a47a96452ab5e1650552c93cde5327,2,,failed at setUpClass: https://github.com/bytedeco/javacpp/blob/b9e7080d2614fa8842bd3fb6d2759fb384628979/src/test/java/org/bytedeco/javacpp/BufferTest.java#L78,
https://github.com/bytedeco/javacpp,b9e7080d2614fa8842bd3fb6d2759fb384628979,.,org.bytedeco.javacpp.EnumTest.testEnum,ID,Accepted,https://github.com/bytedeco/javacpp/pull/784,aeaad31e34a47a96452ab5e1650552c93cde5327,2,,failed at setUpClass: https://github.com/bytedeco/javacpp/blob/b9e7080d2614fa8842bd3fb6d2759fb384628979/src/test/java/org/bytedeco/javacpp/EnumTest.java#L92,
https://github.com/bytedeco/javacpp,b9e7080d2614fa8842bd3fb6d2759fb384628979,.,org.bytedeco.javacpp.PointerTest.testFunctionPointer,ID,Accepted,https://github.com/bytedeco/javacpp/pull/784,aeaad31e34a47a96452ab5e1650552c93cde5327,2,,failed at setUpClass: https://github.com/bytedeco/javacpp/blob/b9e7080d2614fa8842bd3fb6d2759fb384628979/src/test/java/org/bytedeco/javacpp/PointerTest.java#L64,
https://github.com/castle/castle-java,1f42ccdbd85c095e307c8604eb7426733dbb8863,.,io.castle.client.model.CastleContextTest.minimalContextAsJson,ID,Accepted,https://github.com/castle/castle-java/pull/107,e221156df551d5f2a812592fd63656c56acc095c,2,,,
https://github.com/castle/castle-java,1f42ccdbd85c095e307c8604eb7426733dbb8863,.,io.castle.client.model.CastleDeviceTest.fullBuilderJson,ID,Accepted,https://github.com/castle/castle-java/pull/107,e221156df551d5f2a812592fd63656c56acc095c,2,,,
https://github.com/castle/castle-java,1f42ccdbd85c095e307c8604eb7426733dbb8863,.,io.castle.client.model.CastleDeviceTest.jsonSerialized,ID,Accepted,https://github.com/castle/castle-java/pull/107,e221156df551d5f2a812592fd63656c56acc095c,2,,,
https://github.com/castle/castle-java,1f42ccdbd85c095e307c8604eb7426733dbb8863,.,io.castle.client.model.CastleMessageTest.fullBuilderJson,ID,Accepted,https://github.com/castle/castle-java/pull/107,e221156df551d5f2a812592fd63656c56acc095c,2,,,
https://github.com/castle/castle-java,1f42ccdbd85c095e307c8604eb7426733dbb8863,.,io.castle.client.model.CastleMessageTest.jsonSerialized,ID,Accepted,https://github.com/castle/castle-java/pull/107,e221156df551d5f2a812592fd63656c56acc095c,2,,,
https://github.com/castle/castle-java,1f42ccdbd85c095e307c8604eb7426733dbb8863,.,io.castle.client.model.CastleMessageTest.properties,ID,Accepted,https://github.com/castle/castle-java/pull/107,e221156df551d5f2a812592fd63656c56acc095c,2,,,
https://github.com/castle/castle-java,1f42ccdbd85c095e307c8604eb7426733dbb8863,.,io.castle.client.model.CastleUserAddressTest.jsonSerialized,ID,Accepted,https://github.com/castle/castle-java/pull/107,e221156df551d5f2a812592fd63656c56acc095c,2,,https://github.com/castle/castle-java/issues/106,
https://github.com/castle/castle-java,1f42ccdbd85c095e307c8604eb7426733dbb8863,.,io.castle.client.model.CastleUserDeviceContextTest.fullBuilderJson,ID,Accepted,https://github.com/castle/castle-java/pull/107,e221156df551d5f2a812592fd63656c56acc095c,2,,https://github.com/castle/castle-java/issues/106,
https://github.com/castle/castle-java,1f42ccdbd85c095e307c8604eb7426733dbb8863,.,io.castle.client.model.CastleUserDevicesTest.fullBuilderJson,ID,Accepted,https://github.com/castle/castle-java/pull/107,e221156df551d5f2a812592fd63656c56acc095c,2,,https://github.com/castle/castle-java/issues/106,
https://github.com/castle/castle-java,1f42ccdbd85c095e307c8604eb7426733dbb8863,.,io.castle.client.model.CastleUserDeviceTest.fullBuilderJson,ID,Accepted,https://github.com/castle/castle-java/pull/107,e221156df551d5f2a812592fd63656c56acc095c,2,,https://github.com/castle/castle-java/issues/106,
https://github.com/castle/castle-java,1f42ccdbd85c095e307c8604eb7426733dbb8863,.,io.castle.client.model.CastleUserDeviceTest.jsonSerialized,ID,Accepted,https://github.com/castle/castle-java/pull/107,e221156df551d5f2a812592fd63656c56acc095c,2,,https://github.com/castle/castle-java/issues/106,
https://github.com/castle/castle-java,1f42ccdbd85c095e307c8604eb7426733dbb8863,.,io.castle.client.model.CastleUserTest.jsonSerialized,ID,Accepted,https://github.com/castle/castle-java/pull/107,e221156df551d5f2a812592fd63656c56acc095c,2,,https://github.com/castle/castle-java/issues/106,
https://github.com/castle/castle-java,1f42ccdbd85c095e307c8604eb7426733dbb8863,.,io.castle.client.model.DeviceUserAgentTest.fullBuilderJson,ID,Accepted,https://github.com/castle/castle-java/pull/107,e221156df551d5f2a812592fd63656c56acc095c,2,,https://github.com/castle/castle-java/issues/106,
https://github.com/cerner/common-kafka,d7873514c1705575c642ed99d2fa501f9b319790,common-kafka,com.cerner.common.kafka.consumer.ProcessingKafkaConsumerTest.rebalanceListener_onPartitionsAssigned,ID,Accepted,https://github.com/cerner/common-kafka/pull/50,001791049f085e7eb2ba5b6b366380e57b1d072a,3,,RepoArchived,
https://github.com/cerner/common-kafka,d7873514c1705575c642ed99d2fa501f9b319790,common-kafka,com.cerner.common.kafka.consumer.ProcessingPartitionTest.fail_offsetPositionBeforeFailedRecord,ID,Accepted,https://github.com/cerner/common-kafka/pull/44,387df4b7e466be89e9ffb8dbdd4fa2521c944a84,1,,RepoArchived,
https://github.com/cerner/common-kafka,d7873514c1705575c642ed99d2fa501f9b319790,common-kafka,com.cerner.common.kafka.consumer.ProcessingPartitionTest.nextRecord_manyRecords,ID,Accepted,https://github.com/cerner/common-kafka/pull/44,387df4b7e466be89e9ffb8dbdd4fa2521c944a84,1,,RepoArchived,
https://github.com/cerner/common-kafka,d7873514c1705575c642ed99d2fa501f9b319790,common-kafka,com.cerner.common.kafka.consumer.ProcessingPartitionTest.nextRecord_skipPendingAndCompletedRecords,ID,Accepted,https://github.com/cerner/common-kafka/pull/44,387df4b7e466be89e9ffb8dbdd4fa2521c944a84,1,,RepoArchived,
https://github.com/classgraph/classgraph,d3b5aebd2d9bfc8b98539f7ce157775cc5af6e95,.,io.github.classgraph.json.JSONSerializationTest.testJSON,ID,Accepted,https://github.com/classgraph/classgraph/pull/383,21ba745bb1f41f168d36d67bb7984f7bc693a21a,1,,,
https://github.com/CloudSlang/cloud-slang,76b733019b362f551481f1bdc78ed2eac73b1bd4,cloudslang-runtime,io.cloudslang.lang.runtime.bindings.scripts.ScriptExecutorTest.testExternalPythonValid,ID,Accepted,https://github.com/CloudSlang/cloud-slang/pull/1382,,1,,,
https://github.com/ConsenSys/tessera,ecdd1a2ce6412c11a8ae722d7a4527a4a66da688,tessera-partyinfo,com.quorum.tessera.discovery.DiscoveryFactoryTest.defaultConstructor,OD,Accepted,https://github.com/ConsenSys/tessera/pull/1194,5dd2b985985d4014df0b1a6377414a2788a88485,5,,https://github.com/TestingResearchIllinois/flaky-test-dataset/issues/42,
https://github.com/ConsenSys/tessera,ecdd1a2ce6412c11a8ae722d7a4527a4a66da688,tessera-partyinfo,com.quorum.tessera.discovery.DiscoveryFactoryTest.provideAutoDiscovery,OD,Accepted,https://github.com/ConsenSys/tessera/pull/1194,5dd2b985985d4014df0b1a6377414a2788a88485,5,,https://github.com/TestingResearchIllinois/flaky-test-dataset/issues/42,
https://github.com/ConsenSys/tessera,ecdd1a2ce6412c11a8ae722d7a4527a4a66da688,tessera-partyinfo,com.quorum.tessera.discovery.DiscoveryFactoryTest.provideDisabledAutoDiscovery,OD,Accepted,https://github.com/ConsenSys/tessera/pull/1194,5dd2b985985d4014df0b1a6377414a2788a88485,5,,https://github.com/TestingResearchIllinois/flaky-test-dataset/issues/42,
https://github.com/ConsenSys/tessera,ecdd1a2ce6412c11a8ae722d7a4527a4a66da688,eclipselink-utils,com.quorum.tessera.eclipselink.AtomicLongSequenceTest.customisedWithDbLogin,OD,Accepted,https://github.com/ConsenSys/tessera/pull/1193,4b5d77bf63481e7db2d9838f1ef84a3b1f4f9865,3,,https://github.com/TestingResearchIllinois/flaky-test-dataset/issues/42,
https://github.com/ConsenSys/tessera,ecdd1a2ce6412c11a8ae722d7a4527a4a66da688,eclipselink-utils,com.quorum.tessera.eclipselink.AtomicLongSequenceTest.customisedWithNullDbLogin,OD,Accepted,https://github.com/ConsenSys/tessera/pull/1193,4b5d77bf63481e7db2d9838f1ef84a3b1f4f9865,3,,https://github.com/TestingResearchIllinois/flaky-test-dataset/issues/42,
https://github.com/ConsenSys/tessera,ecdd1a2ce6412c11a8ae722d7a4527a4a66da688,eclipselink-utils,com.quorum.tessera.eclipselink.AtomicLongSequenceTest.onDisconnectDoesNothing,OD,Accepted,https://github.com/ConsenSys/tessera/pull/1193,4b5d77bf63481e7db2d9838f1ef84a3b1f4f9865,3,,https://github.com/TestingResearchIllinois/flaky-test-dataset/issues/42,
https://github.com/ctco/cukes,b483e1a8f261b80a66291a42fc455256b0b5059c,cukes-http,lv.ctco.cukes.http.facade.HttpAssertionFacadeImplTest.shouldReturnBodyWhenEnabledAndNoMax,OD-Vic,Accepted,https://github.com/ctco/cukes/pull/157,55f8f3a44a04d73edb11b3c7c5c6054bf7d4113c,1,,,
https://github.com/cucumber/cucumber-jvm,1a6c5a6052ce1354cb34731c75a29991b9d06818,cucumber-core,io.cucumber.core.plugin.HtmlFormatterTest.ignores_step_definitions,ID,Accepted,https://github.com/cucumber/cucumber-jvm/pull/2939,1dca05d57adabf425e00b157ec80fdf50860cc77,3,,,
https://github.com/cucumber/cucumber-jvm,1a6c5a6052ce1354cb34731c75a29991b9d06818,cucumber-core,io.cucumber.core.plugin.HtmlFormatterTest.writes_index_html,ID,Accepted,https://github.com/cucumber/cucumber-jvm/pull/2939,1dca05d57adabf425e00b157ec80fdf50860cc77,3,,,
https://github.com/cucumber/cucumber-jvm,1a6c5a6052ce1354cb34731c75a29991b9d06818,cucumber-core,io.cucumber.core.plugin.MessageFormatterTest.test,ID,Accepted,https://github.com/cucumber/cucumber-jvm/pull/2822,42dbaee6278ab173e1ed70638f95a7373581c7d3,3,,,
https://github.com/cucumber/cucumber-jvm,1a6c5a6052ce1354cb34731c75a29991b9d06818,cucumber-core,io.cucumber.core.plugin.RerunFormatterTest.should_one_entry_for_each_failing_feature,ID,Accepted,https://github.com/cucumber/cucumber-jvm/pull/2940,2e5694f92ae2a48d41d57c565b3410ab6cb9c1f3,1,,,
https://github.com/DataDog/jmeter-datadog-backend-listener,4b237366bf81050e56aa4d96944cffcd594593c0,.,org.datadog.jmeter.plugins.DatadogBackendClientTest.testExtractLogs,ID,Accepted,https://github.com/DataDog/jmeter-datadog-backend-listener/pull/33,5c97b62c01780b5da17c987111d0ad26144bed7f,4,,,
https://github.com/dromara/hertzbeat,ce75254b8ec18422c48c40fe61354135d08b200d,collector,org.dromara.hertzbeat.collector.util.CollectUtilTest.replaceCryPlaceholder,ID,Accepted,https://github.com/dromara/hertzbeat/pull/1371,d1cf54ee7018a894b206b9183bb0855acfcb96ed,1,,https://github.com/TestingResearchIllinois/idoft/issues/1148,
https://github.com/dromara/hertzbeat,ce75254b8ec18422c48c40fe61354135d08b200d,collector,org.dromara.hertzbeat.collector.util.CollectUtilTest.replaceSmilingPlaceholder,ID,Accepted,https://github.com/dromara/hertzbeat/pull/1373,29d7a5f8cf882a638eb94e513d689d9fe6fdb97a,1,,https://github.com/TestingResearchIllinois/idoft/issues/1148,
https://github.com/dromara/hutool,ec14f8384ad384fb6e054df722fe089d64af0c41,hutool-core,cn.hutool.core.annotation.AnnotationUtilTest.getAnnotationSyncAlias,ID,Accepted,https://github.com/dromara/hutool/pull/3368,40f16674b6ded2df8f232ba98a9e7ffca3b67720,3,,,
https://github.com/dromara/hutool,ec14f8384ad384fb6e054df722fe089d64af0c41,hutool-core,cn.hutool.core.annotation.AnnotationUtilTest.getAnnotationValueTest,ID,Accepted,https://github.com/dromara/hutool/pull/3368,40f16674b6ded2df8f232ba98a9e7ffca3b67720,3,,,
https://github.com/dromara/hutool,ec14f8384ad384fb6e054df722fe089d64af0c41,hutool-core,cn.hutool.core.annotation.AnnotationUtilTest.getAnnotationValueTest2,ID,Accepted,https://github.com/dromara/hutool/pull/3368,40f16674b6ded2df8f232ba98a9e7ffca3b67720,3,,,
https://github.com/dromara/hutool,ec14f8384ad384fb6e054df722fe089d64af0c41,hutool-core,cn.hutool.core.annotation.AnnotationUtilTest.getCombinationAnnotationsTest,ID,Accepted,https://github.com/dromara/hutool/pull/3368,40f16674b6ded2df8f232ba98a9e7ffca3b67720,3,,,
https://github.com/dromara/hutool,ec14f8384ad384fb6e054df722fe089d64af0c41,hutool-core,cn.hutool.core.annotation.AnnotationUtilTest.getCombinationAnnotationsWithClassTest,ID,Accepted,https://github.com/dromara/hutool/pull/3368,40f16674b6ded2df8f232ba98a9e7ffca3b67720,3,,,
https://github.com/dromara/hutool,ec14f8384ad384fb6e054df722fe089d64af0c41,hutool-core,cn.hutool.core.annotation.AnnotationUtilTest.scanMetaAnnotationTest,ID,Accepted,https://github.com/dromara/hutool/pull/3368,40f16674b6ded2df8f232ba98a9e7ffca3b67720,3,,,
https://github.com/dromara/hutool,ec14f8384ad384fb6e054df722fe089d64af0c41,hutool-core,cn.hutool.core.annotation.GenericSynthesizedAggregateAnnotationTest.baseSynthesisAnnotationWorkTest,ID,Accepted,https://github.com/dromara/hutool/pull/3377,2de4a5ced260c49557cc83316a6d3760a56e64ac,2,,,
https://github.com/dromara/hutool,12969f248329f81f76eb5bece8c718ac1c63f7b1,hutool-core,cn.hutool.core.text.StrJoinerTest.joinMultiArrayTest,OD,Accepted,https://github.com/dromara/hutool/pull/1883,8b3789e3932ae319b19c019c5b313da6c2f15a7b,1,,,
https://github.com/dromara/hutool,12969f248329f81f76eb5bece8c718ac1c63f7b1,hutool-core,cn.hutool.core.util.JAXBUtilTest.beanToXmlTest,OD,Accepted,https://github.com/dromara/hutool/pull/1851,46dbb9466793a51f71644110f1f9199e09774b98,1,,,
https://github.com/dromara/hutool,ec14f8384ad384fb6e054df722fe089d64af0c41,hutool-core,cn.hutool.core.util.ReflectUtilTest.getMethodsFromInterfaceTest,ID,Accepted,https://github.com/dromara/hutool/pull/3377,2de4a5ced260c49557cc83316a6d3760a56e64ac,2,,,
https://github.com/dromara/hutool,12969f248329f81f76eb5bece8c718ac1c63f7b1,hutool-json,cn.hutool.json.xml.XMLTest.toXmlTest,OD,Accepted,https://github.com/dromara/hutool/pull/1874,738f6ce20a2cd75436fce2a219b43efc6571cf6f,1,,,
https://github.com/dropwizard/dropwizard,07dfaed697427e208d65049f80a5d1949833b7cd,dropwizard-e2e,com.example.app1.App1Test.customJsonProvider,ID,Accepted,https://github.com/dropwizard/dropwizard/pull/3103,ffdacf021e54658498fac7a16715ca66578ff778,1,,,
https://github.com/dropwizard/dropwizard,07dfaed697427e208d65049f80a5d1949833b7cd,dropwizard-e2e,com.example.app1.App1Test.customJsonProviderClient,ID,Accepted,https://github.com/dropwizard/dropwizard/pull/3103,ffdacf021e54658498fac7a16715ca66578ff778,1,,,
https://github.com/dropwizard/dropwizard,07dfaed697427e208d65049f80a5d1949833b7cd,dropwizard-e2e,com.example.app1.App1Test.customJsonProviderRoundtrip,ID,Accepted,https://github.com/dropwizard/dropwizard/pull/3103,ffdacf021e54658498fac7a16715ca66578ff778,1,,,
https://github.com/dropwizard/dropwizard,df39fdeed1d14f7b014a22db59b06bfd4e562edd,dropwizard-health,io.dropwizard.health.HealthCheckConfigValidatorTest.startValidationsShouldFailIfAHealthCheckConfiguredButNotRegistered,ID,Accepted,https://github.com/dropwizard/dropwizard/pull/7629,d8cd2a9a950c841904393555a49eb99d937c753c,3,,,
https://github.com/dropwizard/dropwizard,df39fdeed1d14f7b014a22db59b06bfd4e562edd,dropwizard-health,io.dropwizard.health.response.JsonHealthResponseProviderTest.shouldHandleMultipleHealthStateViewsCorrectly,ID,Accepted,https://github.com/dropwizard/dropwizard/pull/6134,7cfb786a20af2d1d246dccff80a20d22a5649990,6,,,
https://github.com/dropwizard/dropwizard,df39fdeed1d14f7b014a22db59b06bfd4e562edd,dropwizard-health,io.dropwizard.health.response.JsonHealthResponseProviderTest.shouldHandleSingleHealthStateViewCorrectly,ID,Accepted,https://github.com/dropwizard/dropwizard/pull/6134,7cfb786a20af2d1d246dccff80a20d22a5649990,6,,,
https://github.com/dropwizard/dropwizard,07dfaed697427e208d65049f80a5d1949833b7cd,dropwizard-logging,io.dropwizard.logging.DefaultLoggingFactoryPrintErrorMessagesTest.testLogbackStatusPrinterPrintStreamIsRestoredToSystemOut,OD-Vic,Accepted,https://github.com/dropwizard/dropwizard/pull/2550,,1,,,
https://github.com/eBay/mTracker,dbead631bb0e8cacbb4448fef7aa2fe3aefc034b,core,com.ccoe.build.core.utils.FileUtilsTest.testDiskClean,ID,Accepted,https://github.com/eBay/mTracker/pull/14,6382b46c69df4b9efbeee0507b996a19cb613bf1,2,,,
https://github.com/eBay/mTracker,dbead631bb0e8cacbb4448fef7aa2fe3aefc034b,core,com.ccoe.build.core.utils.FileUtilsTest.testModifyProperty,NIO,Accepted,https://github.com/eBay/mTracker/pull/3,d2eab5d54497b1bf4411f1089321c0bb772da256,4,,,
https://github.com/eBay/mTracker,dbead631bb0e8cacbb4448fef7aa2fe3aefc034b,core,com.ccoe.build.core.utils.FileUtilsTest.testWrite,NIO,Accepted,https://github.com/eBay/mTracker/pull/3,d2eab5d54497b1bf4411f1089321c0bb772da256,4,,,
https://github.com/ebean-orm/ebean,51d0f4efcc207a5c81eba432fdf2fa9443100dc2,ebean-api,io.ebean.bean.ToStringBuilderTest,ID,Accepted,https://github.com/ebean-orm/ebean/pull/3496,e0a00bea34d12cd92fd9a40b48284f919d601538,1,,,
https://github.com/eclipse-ee4j/jersey,8105415f9a6356de774c8ffe6ab5dfa77934b69f,inject/cdi2-se,org.glassfish.jersey.inject.cdi.se.DisposableSupplierTest.testDisposeComposedObjectWithPerLookupFields,ID,Accepted,https://github.com/eclipse-ee4j/jersey/pull/5775,c2e1271b3709427a2130fb2c70a853dc66241cfc,3,,,
https://github.com/eclipse-ee4j/jersey,8105415f9a6356de774c8ffe6ab5dfa77934b69f,inject/hk2,org.glassfish.jersey.inject.hk2.DisposableSupplierTest.testDisposeComposedObjectWithPerLookupFields,ID,Accepted,https://github.com/eclipse-ee4j/jersey/pull/5775,c2e1271b3709427a2130fb2c70a853dc66241cfc,3,,,
https://github.com/eclipse-ee4j/jersey,8105415f9a6356de774c8ffe6ab5dfa77934b69f,media/json-jackson,org.glassfish.jersey.jackson.internal.DefaultJsonJacksonProviderForBothModulesTest.testDisabledModule,ID,Accepted,https://github.com/eclipse-ee4j/jersey/pull/5768,47e37bd48edfadd9c4f558050b6abee600b0af1c,1,,,
https://github.com/eclipse-ee4j/jersey,8105415f9a6356de774c8ffe6ab5dfa77934b69f,tests/e2e,org.glassfish.jersey.tests.e2e.server.wadl.NoJAXBNoWadlTest.testOptionsNoWadl,ID,Accepted,https://github.com/eclipse-ee4j/jersey/pull/5754,683d9246fa0b25110d5e2988b202c0769a2898cb,3,,,
https://github.com/eclipse-ee4j/tyrus,d86e0cb0a4f26ba89daf8668137c156e57fea565,tests/e2e/non-deployable,org.glassfish.tyrus.test.e2e.non_deployable.ExtendedExtensionTest.extendedExtensionTest,NIO,Accepted,https://github.com/eclipse-ee4j/tyrus/pull/725,e02af5363a95b4dc74d0c1abf8291d127075bbb0,1,,,
https://github.com/eclipse-ee4j/tyrus,d86e0cb0a4f26ba89daf8668137c156e57fea565,tests/e2e/non-deployable,org.glassfish.tyrus.test.e2e.non_deployable.MaxMessageSizeDeploymentTest.clientMaxMessageSizeTooLargeTest,ID,Accepted,https://github.com/eclipse-ee4j/tyrus/pull/736,0bab5e3565a6c01e7394bbd3844a739e1ca8071d,3,,,
https://github.com/eclipse-ee4j/tyrus,d86e0cb0a4f26ba89daf8668137c156e57fea565,tests/e2e/non-deployable,org.glassfish.tyrus.test.e2e.non_deployable.MaxMessageSizeDeploymentTest.serverMaxMessageSizeTooLargeTest,ID,Accepted,https://github.com/eclipse-ee4j/tyrus/pull/736,0bab5e3565a6c01e7394bbd3844a739e1ca8071d,3,,,
https://github.com/eclipse-vertx/vert.x,b4fd4d691cfa802189c5a5d25688ea739440bf4a,.,io.vertx.core.http.headers.CaseInsensitiveHeadersTest.testAddAll2,ID,Accepted,https://github.com/eclipse-vertx/vert.x/pull/4975,c4373768c486355a3f471d2eb6b20f8aac1e7f71,1,,,
https://github.com/eclipse-vertx/vert.x,b4fd4d691cfa802189c5a5d25688ea739440bf4a,.,io.vertx.core.http.headers.CaseInsensitiveHeadersTest.testSetAll,ID,Accepted,https://github.com/eclipse-vertx/vert.x/pull/4998,bb36217bf1164aba6a1673c026fdaa01fd6cccf1,1,,,
https://github.com/eclipse-vertx/vert.x,b4fd4d691cfa802189c5a5d25688ea739440bf4a,.,io.vertx.core.http.headers.Http2HeadersAdaptorsTest.testAddAll2,ID,Accepted,https://github.com/eclipse-vertx/vert.x/pull/4975,c4373768c486355a3f471d2eb6b20f8aac1e7f71,1,,,
https://github.com/eclipse-vertx/vert.x,b4fd4d691cfa802189c5a5d25688ea739440bf4a,.,io.vertx.core.http.headers.HttpHeadersAdaptorTest.testAddAll2,ID,Accepted,https://github.com/eclipse-vertx/vert.x/pull/4975,c4373768c486355a3f471d2eb6b20f8aac1e7f71,1,,,
https://github.com/eclipse-vertx/vert.x,b4fd4d691cfa802189c5a5d25688ea739440bf4a,.,io.vertx.core.http.headers.VertxHttpHeadersTest.testAddAll2,ID,Accepted,https://github.com/eclipse-vertx/vert.x/pull/4975,c4373768c486355a3f471d2eb6b20f8aac1e7f71,1,,,
https://github.com/eclipse-vertx/vert.x,b4fd4d691cfa802189c5a5d25688ea739440bf4a,.,io.vertx.core.http.headers.VertxHttpHeadersTest.testSetAll,ID,Accepted,https://github.com/eclipse-vertx/vert.x/pull/4998,bb36217bf1164aba6a1673c026fdaa01fd6cccf1,1,,,
https://github.com/epam/eco-schema-catalog,7456ece21f9a88095885f20247189551da3a1810,store,com.epam.eco.schemacatalog.store.metadata.InheritingMetadataContainerTest.testCorrectRemoveOfVersionWithNoOriginKey,ID,Accepted,https://github.com/epam/eco-schema-catalog/pull/42,5ddb3d20189a2ca68ba9ff13184232dcfb8a3adc,1,,https://github.com/TestingResearchIllinois/idoft/issues/577,
https://github.com/epam/eco-schema-catalog,7456ece21f9a88095885f20247189551da3a1810,store,com.epam.eco.schemacatalog.store.metadata.InheritingMetadataContainerTest.testCorrectRestoreOfVersionOnRemoveOriginKey,ID,Accepted,https://github.com/epam/eco-schema-catalog/pull/42,5ddb3d20189a2ca68ba9ff13184232dcfb8a3adc,1,,https://github.com/TestingResearchIllinois/idoft/issues/577,
https://github.com/epam/eco-schema-catalog,7456ece21f9a88095885f20247189551da3a1810,store,com.epam.eco.schemacatalog.store.metadata.InheritingMetadataContainerTest.testGetByVersion3,ID,Accepted,https://github.com/epam/eco-schema-catalog/pull/42,5ddb3d20189a2ca68ba9ff13184232dcfb8a3adc,1,,https://github.com/TestingResearchIllinois/idoft/issues/577,
https://github.com/epam/eco-schema-catalog,7456ece21f9a88095885f20247189551da3a1810,store,com.epam.eco.schemacatalog.store.metadata.InheritingMetadataContainerTest.testPut1,ID,Accepted,https://github.com/epam/eco-schema-catalog/pull/42,5ddb3d20189a2ca68ba9ff13184232dcfb8a3adc,1,,https://github.com/TestingResearchIllinois/idoft/issues/577,
https://github.com/epam/eco-schema-catalog,7456ece21f9a88095885f20247189551da3a1810,store,com.epam.eco.schemacatalog.store.metadata.InheritingMetadataContainerTest.testPut2,ID,Accepted,https://github.com/epam/eco-schema-catalog/pull/42,5ddb3d20189a2ca68ba9ff13184232dcfb8a3adc,1,,https://github.com/TestingResearchIllinois/idoft/issues/577,
https://github.com/epam/eco-schema-catalog,7456ece21f9a88095885f20247189551da3a1810,store,com.epam.eco.schemacatalog.store.metadata.InheritingMetadataContainerTest.testPut3,ID,Accepted,https://github.com/epam/eco-schema-catalog/pull/42,5ddb3d20189a2ca68ba9ff13184232dcfb8a3adc,1,,https://github.com/TestingResearchIllinois/idoft/issues/577,
https://github.com/epam/eco-schema-catalog,7456ece21f9a88095885f20247189551da3a1810,store,com.epam.eco.schemacatalog.store.metadata.InheritingMetadataContainerTest.testPutRemove1,ID,Accepted,https://github.com/epam/eco-schema-catalog/pull/42,5ddb3d20189a2ca68ba9ff13184232dcfb8a3adc,1,,https://github.com/TestingResearchIllinois/idoft/issues/577,
https://github.com/epam/eco-schema-catalog,7456ece21f9a88095885f20247189551da3a1810,store,com.epam.eco.schemacatalog.store.metadata.InheritingMetadataContainerTest.testRemove1,ID,Accepted,https://github.com/epam/eco-schema-catalog/pull/42,5ddb3d20189a2ca68ba9ff13184232dcfb8a3adc,1,,https://github.com/TestingResearchIllinois/idoft/issues/577,
https://github.com/epam/eco-schema-catalog,7456ece21f9a88095885f20247189551da3a1810,store,com.epam.eco.schemacatalog.store.metadata.InheritingMetadataContainerTest.testRemove2,ID,Accepted,https://github.com/epam/eco-schema-catalog/pull/42,5ddb3d20189a2ca68ba9ff13184232dcfb8a3adc,1,,https://github.com/TestingResearchIllinois/idoft/issues/577,
https://github.com/Ericsson/ecchronos,5d58b0e4c922822c9df3d893fff2246d5784b11f,core,com.ericsson.bss.cassandra.ecchronos.core.repair.state.TestRepairStateImpl.testPartiallyRepaired,ID,Accepted,https://github.com/Ericsson/ecchronos/pull/294,f0c60999313dd1ad274129685480a6de58b9a5ef,1,,,
https://github.com/Ericsson/ecchronos,5d58b0e4c922822c9df3d893fff2246d5784b11f,core,com.ericsson.bss.cassandra.ecchronos.core.repair.TestRepairGroup.testGetPartialRepairTasks,ID,Accepted,https://github.com/Ericsson/ecchronos/pull/244,caad1754c527affdb35540c4fbbc4c2dd55e9751,3,,,
https://github.com/Ericsson/ecchronos,5d58b0e4c922822c9df3d893fff2246d5784b11f,core,com.ericsson.bss.cassandra.ecchronos.core.repair.TestRepairTask.testPartialRepair,ID,Accepted,https://github.com/Ericsson/ecchronos/pull/244,caad1754c527affdb35540c4fbbc4c2dd55e9751,3,,,
https://github.com/Ericsson/ecchronos,5d58b0e4c922822c9df3d893fff2246d5784b11f,core,com.ericsson.bss.cassandra.ecchronos.core.repair.TestRepairTask.testRepairHalf,ID,Accepted,https://github.com/Ericsson/ecchronos/pull/244,caad1754c527affdb35540c4fbbc4c2dd55e9751,3,,,
https://github.com/Ericsson/ecchronos,5d58b0e4c922822c9df3d893fff2246d5784b11f,core,com.ericsson.bss.cassandra.ecchronos.core.repair.TestRepairTask.testRepairSuccessfully,ID,Accepted,https://github.com/Ericsson/ecchronos/pull/244,caad1754c527affdb35540c4fbbc4c2dd55e9751,3,,,
https://github.com/Erudika/para,4e5c7de01e1a88ee830216b35fae8d1ef3314d32,para-server,com.erudika.para.persistence.MockDAOTest.testReadPage,ID,Accepted,https://github.com/Erudika/para/pull/83,c07db0b862941d48b1aabfcea1bc10cbcca7831e,2,,,
https://github.com/espertechinc/esper,50eddcdc2e7894de20309cd0b6f585110e4bc61b,common,com.espertech.esper.common.client.configuration.TestConfiguration.testFile,ID,Accepted,https://github.com/espertechinc/esper/pull/227,,1,,commit:https://github.com/espertechinc/esper/commit/cf8535af39ad50fd9cbb53cd90904796218039c8,
https://github.com/espertechinc/esper,50eddcdc2e7894de20309cd0b6f585110e4bc61b,common,com.espertech.esper.common.client.configuration.TestConfiguration.testString,ID,Accepted,https://github.com/espertechinc/esper/pull/227,,1,,commit:https://github.com/espertechinc/esper/commit/cf8535af39ad50fd9cbb53cd90904796218039c8,
https://github.com/espertechinc/esper,50eddcdc2e7894de20309cd0b6f585110e4bc61b,common,com.espertech.esper.common.client.configuration.TestConfiguration.testURL,ID,Accepted,https://github.com/espertechinc/esper/pull/227,,1,,commit:https://github.com/espertechinc/esper/commit/cf8535af39ad50fd9cbb53cd90904796218039c8,
https://github.com/espertechinc/esper,50eddcdc2e7894de20309cd0b6f585110e4bc61b,common,com.espertech.esper.common.client.configuration.TestConfigurationParser.testRegressionFileConfig,ID,Accepted,https://github.com/espertechinc/esper/pull/227,,1,,commit:https://github.com/espertechinc/esper/commit/cf8535af39ad50fd9cbb53cd90904796218039c8,
https://github.com/espertechinc/esper,50eddcdc2e7894de20309cd0b6f585110e4bc61b,common,com.espertech.esper.common.internal.epl.join.assemble.TestLeafAssemblyNode.testProcess,ID,Accepted,https://github.com/espertechinc/esper/pull/226,,1,,commit:https://github.com/espertechinc/esper/commit/eec1489df9a9c26b5ee27533ddaef48effa0734e,
https://github.com/espertechinc/esper,590fa9c9eb854f1420b9d337b802aca19f963cc0,regression-run,com.espertech.esper.regressionrun.suite.context.TestSuiteContext.testContextCategory,ID,Accepted,https://github.com/espertechinc/esper/pull/248,,1,,commit:https://github.com/espertechinc/esper/commit/febd574d5fb1bab9ba7e109bacbcfbee325337a1,
https://github.com/everit-org/json-schema,81f0b2f5381cf964a49570a5f80bc78e12b5982b,core,org.everit.json.schema.ObjectSchemaTest.multipleSchemaDepViolation,ID,Accepted,https://github.com/everit-org/json-schema/pull/500,f69ea37357985e9e2efc7d1fd5dce7672f60a160,1,,,
https://github.com/everit-org/json-schema,81f0b2f5381cf964a49570a5f80bc78e12b5982b,core,org.everit.json.schema.ObjectSchemaTest.toStringNoExplicitType,ID,Accepted,https://github.com/everit-org/json-schema/pull/516,4d08550b1f2cc7f0e6129b44908eea87bc65909c,1,,,
https://github.com/everit-org/json-schema,81f0b2f5381cf964a49570a5f80bc78e12b5982b,core,org.everit.json.schema.ObjectSchemaTest.toStringTest,ID,Accepted,https://github.com/everit-org/json-schema/pull/516,4d08550b1f2cc7f0e6129b44908eea87bc65909c,1,,,
https://github.com/everit-org/json-schema,81f0b2f5381cf964a49570a5f80bc78e12b5982b,core,org.everit.json.schema.ObjectSchemaTest.toStringWithUnprocessedProps,ID,Accepted,https://github.com/everit-org/json-schema/pull/516,4d08550b1f2cc7f0e6129b44908eea87bc65909c,1,,,
https://github.com/fabiomaffioletti/jsondoc,de5bd0024b4e5444a541fa4fa4ec518176b646f3,jsondoc-core,org.jsondoc.core.scanner.builder.JSONDocApiAuthBuilderTest.testApiAuthToken,ID,Accepted,https://github.com/fabiomaffioletti/jsondoc/pull/261,3b3907f455ba8b8ee17c3700b4e5ca0334b15f6f,1,,,
https://github.com/FasterXML/jackson-annotations,381d6abcefd0e5fd19529f244173313b7f91954f,.,com.fasterxml.jackson.annotation.JsonIncludePropertiesTest.testFromAnnotation,ID,Accepted,https://github.com/FasterXML/jackson-annotations/pull/194,880e3be3dc71a93a51a0e51498c037868d97ec72,3,,,
https://github.com/FasterXML/jackson-databind,23e2af98684a0350de74d3009c2cb0a313a1c6d0,.,com.fasterxml.jackson.databind.convert.TestBeanConversions.testConversionIssue288,ID,Accepted,https://github.com/FasterXML/jackson-databind/pull/2884,2a4ec3547d0b6f918e2105841a042b810c83b0e5,8,,,
https://github.com/FasterXML/jackson-databind,23e2af98684a0350de74d3009c2cb0a313a1c6d0,.,com.fasterxml.jackson.databind.convert.TestConvertingSerializer.testIssue731,ID,Accepted,https://github.com/FasterXML/jackson-databind/pull/2884,2a4ec3547d0b6f918e2105841a042b810c83b0e5,8,,,
https://github.com/FasterXML/jackson-databind,23e2af98684a0350de74d3009c2cb0a313a1c6d0,.,com.fasterxml.jackson.databind.deser.CyclicTypesDeserTest.testIgnoredCycle,ID,Accepted,https://github.com/FasterXML/jackson-databind/pull/2884,2a4ec3547d0b6f918e2105841a042b810c83b0e5,8,,,
https://github.com/FasterXML/jackson-databind,23e2af98684a0350de74d3009c2cb0a313a1c6d0,.,com.fasterxml.jackson.databind.format.MapEntryFormatTest.testAsObjectRoundtrip,ID,Accepted,https://github.com/FasterXML/jackson-databind/pull/2884,2a4ec3547d0b6f918e2105841a042b810c83b0e5,8,,,
https://github.com/FasterXML/jackson-databind,23e2af98684a0350de74d3009c2cb0a313a1c6d0,.,com.fasterxml.jackson.databind.format.MapEntryFormatTest.testDefaultShapeOverride,ID,Accepted,https://github.com/FasterXML/jackson-databind/pull/2884,2a4ec3547d0b6f918e2105841a042b810c83b0e5,8,,,
https://github.com/FasterXML/jackson-databind,9b11650a6c3fee9ef9e3fb264d2244f65affc2ee,.,com.fasterxml.jackson.databind.introspect.TestNamingStrategyStd.testUpperSnakeCaseTranslations,OD,Accepted,https://github.com/FasterXML/jackson-databind/pull/3315,353efa31cdb020ce1cf6fc82eb6b76d26fbbc85c,1,,,
https://github.com/FasterXML/jackson-databind,cd3c6a9dd929820d4fc32457f4861fb5c5893f97,.,com.fasterxml.jackson.databind.jsonschema.TestGenerateJsonSchema.testUnwrapping,ID,Accepted,https://github.com/FasterXML/jackson-databind/pull/3336,7ec49b14e982e82bb7eee49ddc85938e9e036578,2,,,
https://github.com/FasterXML/jackson-databind,23e2af98684a0350de74d3009c2cb0a313a1c6d0,.,com.fasterxml.jackson.databind.jsontype.ExistingPropertyTest.testExistingPropertySerializationFruits,ID,Accepted,https://github.com/FasterXML/jackson-databind/pull/2884,2a4ec3547d0b6f918e2105841a042b810c83b0e5,8,,,
https://github.com/FasterXML/jackson-databind,23e2af98684a0350de74d3009c2cb0a313a1c6d0,.,com.fasterxml.jackson.databind.MapperJDKSerializationTest.testEnumHandlers,ID,Accepted,https://github.com/FasterXML/jackson-databind/pull/2884,2a4ec3547d0b6f918e2105841a042b810c83b0e5,8,,,
https://github.com/FasterXML/jackson-databind,23e2af98684a0350de74d3009c2cb0a313a1c6d0,.,com.fasterxml.jackson.databind.MapperJDKSerializationTest.testMapperWithModule,ID,Accepted,https://github.com/FasterXML/jackson-databind/pull/2884,2a4ec3547d0b6f918e2105841a042b810c83b0e5,8,,,
https://github.com/FasterXML/jackson-databind,23e2af98684a0350de74d3009c2cb0a313a1c6d0,.,com.fasterxml.jackson.databind.MapperJDKSerializationTest.testObjectMapper,ID,Accepted,https://github.com/FasterXML/jackson-databind/pull/2884,2a4ec3547d0b6f918e2105841a042b810c83b0e5,8,,,
https://github.com/FasterXML/jackson-databind,23e2af98684a0350de74d3009c2cb0a313a1c6d0,.,com.fasterxml.jackson.databind.MapperJDKSerializationTest.testObjectWriter,ID,Accepted,https://github.com/FasterXML/jackson-databind/pull/2884,2a4ec3547d0b6f918e2105841a042b810c83b0e5,8,,,
https://github.com/FasterXML/jackson-databind,f279b1bfda0c2254457dbe5654e898df0ad2b517,.,com.fasterxml.jackson.databind.node.TestConversions.testValueToTree,ID,Accepted,https://github.com/FasterXML/jackson-databind/pull/4227,a4879d6eff01ddbb9abdd868a751af1c59fb8d13,1,,,
https://github.com/FasterXML/jackson-databind,23e2af98684a0350de74d3009c2cb0a313a1c6d0,.,com.fasterxml.jackson.databind.objectid.TestObjectIdWithEquals.testSimpleEquals,ID,Accepted,https://github.com/FasterXML/jackson-databind/pull/2884,2a4ec3547d0b6f918e2105841a042b810c83b0e5,8,,,
https://github.com/FasterXML/jackson-databind,23e2af98684a0350de74d3009c2cb0a313a1c6d0,.,com.fasterxml.jackson.databind.ser.AnyGetterTest.testAnyGetterWithMapperDefaultIncludeNonEmptyAndFilterOnBean,ID,Accepted,https://github.com/FasterXML/jackson-databind/pull/2884,2a4ec3547d0b6f918e2105841a042b810c83b0e5,8,,,
https://github.com/FasterXML/jackson-databind,f279b1bfda0c2254457dbe5654e898df0ad2b517,.,com.fasterxml.jackson.databind.ser.filter.SimpleFilterProviderTest.testAddFilterLastOneRemainsFlip,ID,Accepted,https://github.com/FasterXML/jackson-databind/pull/4224,e290257706f9c1ec44b7a41750f3434bddcbaf1e,3,,,
https://github.com/FasterXML/jackson-databind,f279b1bfda0c2254457dbe5654e898df0ad2b517,.,com.fasterxml.jackson.databind.ser.filter.SimpleFilterProviderTest.testAddFilterWithEmptyStringId,ID,Accepted,https://github.com/FasterXML/jackson-databind/pull/4232,86f27a5ac546305d18b1ed41a5ee013c87a6f238,1,,,
https://github.com/FasterXML/jackson-databind,23e2af98684a0350de74d3009c2cb0a313a1c6d0,.,com.fasterxml.jackson.databind.ser.TestRootType.testRootNameWithExplicitType,ID,Accepted,https://github.com/FasterXML/jackson-databind/pull/2884,2a4ec3547d0b6f918e2105841a042b810c83b0e5,8,,,
https://github.com/FasterXML/jackson-databind,23e2af98684a0350de74d3009c2cb0a313a1c6d0,.,com.fasterxml.jackson.databind.struct.TestPOJOAsArrayWithBuilder.testSimpleBuilder,ID,Accepted,https://github.com/FasterXML/jackson-databind/pull/2884,2a4ec3547d0b6f918e2105841a042b810c83b0e5,8,,,
https://github.com/FasterXML/jackson-databind,23e2af98684a0350de74d3009c2cb0a313a1c6d0,.,com.fasterxml.jackson.databind.struct.TestPOJOAsArrayWithBuilder.testUnknownExtraProp,ID,Accepted,https://github.com/FasterXML/jackson-databind/pull/2884,2a4ec3547d0b6f918e2105841a042b810c83b0e5,8,,,
https://github.com/FasterXML/jackson-dataformat-xml,2d08f8d0b0248a00c2c79b9a07e936b3287edb07,.,com.fasterxml.jackson.dataformat.xml.jaxb.AttributesWithJAXBTest.testTwoAttributes,OD,Accepted,https://github.com/FasterXML/jackson-dataformat-xml/pull/499,ae34653f742176ffb09ad9f74d5ea4f882412797,2,,,
https://github.com/FasterXML/jackson-dataformat-xml,6f6ee8d4ad1f71e3db99af5b20cae4daab3457db,.,com.fasterxml.jackson.dataformat.xml.jaxb.ElementWrapperTest.testNoElementWrapper,ID,Accepted,https://github.com/FasterXML/jackson-dataformat-xml/pull/504,95e9ba73b5f2364eace996157777ac38786dc401,1,,,
https://github.com/FasterXML/jackson-dataformat-xml,2d08f8d0b0248a00c2c79b9a07e936b3287edb07,.,com.fasterxml.jackson.dataformat.xml.jaxb.WithJAXBAnnotationsTest.testPersonAsXml,OD,Accepted,https://github.com/FasterXML/jackson-dataformat-xml/pull/499,ae34653f742176ffb09ad9f74d5ea4f882412797,2,,,
https://github.com/FasterXML/jackson-dataformat-xml,2d08f8d0b0248a00c2c79b9a07e936b3287edb07,.,com.fasterxml.jackson.dataformat.xml.lists.Issue101UnwrappedListAttributesTest.testWithTwoAttributes,OD,Accepted,https://github.com/FasterXML/jackson-dataformat-xml/pull/499,ae34653f742176ffb09ad9f74d5ea4f882412797,2,,,
https://github.com/FasterXML/jackson-dataformat-xml,2d08f8d0b0248a00c2c79b9a07e936b3287edb07,.,com.fasterxml.jackson.dataformat.xml.lists.ListAnnotationSharingTest.testAnnotationSharing,OD,Accepted,https://github.com/FasterXML/jackson-dataformat-xml/pull/499,ae34653f742176ffb09ad9f74d5ea4f882412797,2,,,
https://github.com/FasterXML/jackson-dataformat-xml,2d08f8d0b0248a00c2c79b9a07e936b3287edb07,.,com.fasterxml.jackson.dataformat.xml.misc.UnwrappingWithXMLTest.testUnwrappingWithAttribute,OD,Accepted,https://github.com/FasterXML/jackson-dataformat-xml/pull/499,ae34653f742176ffb09ad9f74d5ea4f882412797,2,,,
https://github.com/FasterXML/jackson-dataformat-xml,2d08f8d0b0248a00c2c79b9a07e936b3287edb07,.,com.fasterxml.jackson.dataformat.xml.ser.TestIndentation.testMultiLevel172,OD,Accepted,https://github.com/FasterXML/jackson-dataformat-xml/pull/499,ae34653f742176ffb09ad9f74d5ea4f882412797,2,,,
https://github.com/FasterXML/jackson-dataformat-xml,2d08f8d0b0248a00c2c79b9a07e936b3287edb07,.,com.fasterxml.jackson.dataformat.xml.ser.TestJDKSerializability.testMapper,OD,Accepted,https://github.com/FasterXML/jackson-dataformat-xml/pull/499,ae34653f742176ffb09ad9f74d5ea4f882412797,2,,,
https://github.com/FasterXML/jackson-dataformat-xml,2d08f8d0b0248a00c2c79b9a07e936b3287edb07,.,com.fasterxml.jackson.dataformat.xml.ser.TestSerializationAttr.testIssue6,OD,Accepted,https://github.com/FasterXML/jackson-dataformat-xml/pull/499,ae34653f742176ffb09ad9f74d5ea4f882412797,2,,,
https://github.com/FasterXML/jackson-dataformat-xml,f5cc10a910b153ec9f162c6d212212b39bfc889d,.,com.fasterxml.jackson.dataformat.xml.ser.TestSerializationWithFilter.testPullRequest616,ID,Accepted,https://github.com/FasterXML/jackson-dataformat-xml/pull/681,ac1259183661091283c7e52acff7c97cdcf5f0ad,1,,,
https://github.com/FasterXML/jackson-dataformats-binary,0eeb08cfd07a9d23bc22090e17a67da57baf436e,cbor,com.fasterxml.jackson.dataformat.cbor.seq.SequenceWriterTest.testSimpleSeqWrite,ID,Accepted,https://github.com/FasterXML/jackson-dataformats-binary/pull/304,dbcd66d768eb70988a7f1671474ec63d6f8317ac,1,,,
https://github.com/FasterXML/jackson-dataformats-binary,0eeb08cfd07a9d23bc22090e17a67da57baf436e,protobuf,com.fasterxml.jackson.dataformat.protobuf.NextXxxParsingTeskt.testNextInt,ID,Accepted,https://github.com/FasterXML/jackson-dataformats-binary/pull/304,dbcd66d768eb70988a7f1671474ec63d6f8317ac,1,,,
https://github.com/FasterXML/jackson-dataformats-binary,0eeb08cfd07a9d23bc22090e17a67da57baf436e,protobuf,com.fasterxml.jackson.dataformat.protobuf.ReadSimpleTest.testReadPointInt,ID,Accepted,https://github.com/FasterXML/jackson-dataformats-binary/pull/304,dbcd66d768eb70988a7f1671474ec63d6f8317ac,1,,,
https://github.com/FasterXML/jackson-dataformats-binary,0eeb08cfd07a9d23bc22090e17a67da57baf436e,protobuf,com.fasterxml.jackson.dataformat.protobuf.ReadSimpleTest.testReadPointLong,ID,Accepted,https://github.com/FasterXML/jackson-dataformats-binary/pull/304,dbcd66d768eb70988a7f1671474ec63d6f8317ac,1,,,
https://github.com/FasterXML/jackson-dataformats-binary,0eeb08cfd07a9d23bc22090e17a67da57baf436e,protobuf,com.fasterxml.jackson.dataformat.protobuf.ReadSimpleTest.testStringArrayWithName,ID,Accepted,https://github.com/FasterXML/jackson-dataformats-binary/pull/304,dbcd66d768eb70988a7f1671474ec63d6f8317ac,1,,,
https://github.com/FasterXML/jackson-dataformats-binary,0eeb08cfd07a9d23bc22090e17a67da57baf436e,protobuf,com.fasterxml.jackson.dataformat.protobuf.WriteArrayTest.testPointArrayPacked,ID,Accepted,https://github.com/FasterXML/jackson-dataformats-binary/pull/304,dbcd66d768eb70988a7f1671474ec63d6f8317ac,1,,,
https://github.com/FasterXML/jackson-dataformats-binary,0eeb08cfd07a9d23bc22090e17a67da57baf436e,protobuf,com.fasterxml.jackson.dataformat.protobuf.WriteArrayTest.testPointArraySparse,ID,Accepted,https://github.com/FasterXML/jackson-dataformats-binary/pull/304,dbcd66d768eb70988a7f1671474ec63d6f8317ac,1,,,
https://github.com/FasterXML/jackson-dataformats-binary,0eeb08cfd07a9d23bc22090e17a67da57baf436e,protobuf,com.fasterxml.jackson.dataformat.protobuf.WriteBinaryTest.testSimpleBinary,ID,Accepted,https://github.com/FasterXML/jackson-dataformats-binary/pull/304,dbcd66d768eb70988a7f1671474ec63d6f8317ac,1,,,
https://github.com/FasterXML/jackson-dataformats-binary,0eeb08cfd07a9d23bc22090e17a67da57baf436e,protobuf,com.fasterxml.jackson.dataformat.protobuf.WriteSimpleTest.testWriteCoord,ID,Accepted,https://github.com/FasterXML/jackson-dataformats-binary/pull/304,dbcd66d768eb70988a7f1671474ec63d6f8317ac,1,,,
https://github.com/FasterXML/jackson-dataformats-binary,0eeb08cfd07a9d23bc22090e17a67da57baf436e,protobuf,com.fasterxml.jackson.dataformat.protobuf.WriteSimpleTest.testWritePointInt,ID,Accepted,https://github.com/FasterXML/jackson-dataformats-binary/pull/304,dbcd66d768eb70988a7f1671474ec63d6f8317ac,1,,,
https://github.com/FasterXML/jackson-dataformats-binary,0eeb08cfd07a9d23bc22090e17a67da57baf436e,protobuf,com.fasterxml.jackson.dataformat.protobuf.WriteStringsTest.testSimpleLongAscii,ID,Accepted,https://github.com/FasterXML/jackson-dataformats-binary/pull/304,dbcd66d768eb70988a7f1671474ec63d6f8317ac,1,,,
https://github.com/FasterXML/jackson-dataformats-binary,0eeb08cfd07a9d23bc22090e17a67da57baf436e,protobuf,com.fasterxml.jackson.dataformat.protobuf.WriteStringsTest.testSimpleLongThreeByteUTF8,ID,Accepted,https://github.com/FasterXML/jackson-dataformats-binary/pull/304,dbcd66d768eb70988a7f1671474ec63d6f8317ac,1,,,
https://github.com/FasterXML/jackson-dataformats-binary,0eeb08cfd07a9d23bc22090e17a67da57baf436e,protobuf,com.fasterxml.jackson.dataformat.protobuf.WriteStringsTest.testSimpleLongTwoByteUTF8,ID,Accepted,https://github.com/FasterXML/jackson-dataformats-binary/pull/304,dbcd66d768eb70988a7f1671474ec63d6f8317ac,1,,,
https://github.com/FasterXML/jackson-dataformats-binary,0eeb08cfd07a9d23bc22090e17a67da57baf436e,protobuf,com.fasterxml.jackson.dataformat.protobuf.WriteStringsTest.testSimpleShort,ID,Accepted,https://github.com/FasterXML/jackson-dataformats-binary/pull/304,dbcd66d768eb70988a7f1671474ec63d6f8317ac,1,,,
https://github.com/FasterXML/jackson-dataformats-binary,0eeb08cfd07a9d23bc22090e17a67da57baf436e,smile,com.fasterxml.jackson.dataformat.smile.seq.SequenceWriterTest.testSimpleSeqWrite,ID,Accepted,https://github.com/FasterXML/jackson-dataformats-binary/pull/304,dbcd66d768eb70988a7f1671474ec63d6f8317ac,1,,,
https://github.com/FasterXML/jackson-dataformats-text,a88ae3c41589a21eb4df6049982620ebb152de97,yaml,com.fasterxml.jackson.dataformat.yaml.misc.ObjectIdTest.testNativeSerialization,ID,Accepted,https://github.com/FasterXML/jackson-dataformats-text/pull/294,3b7f28276d89699229794030c72357430f9baed2,1,,,
https://github.com/FasterXML/jackson-jakarta-rs-providers,f3e98a564d3f194c0e68136c9ece157fb30723dc,base,com.fasterxml.jackson.jakarta.rs.base.cfg.AnnotationBundleKeyTest.testWithClassAnnotations,ID,Accepted,https://github.com/FasterXML/jackson-jakarta-rs-providers/pull/22,956bec5b9c98ab23fa835848141e7cbc6d42c960,1,,,
https://github.com/FasterXML/jackson-jakarta-rs-providers,f3e98a564d3f194c0e68136c9ece157fb30723dc,base,com.fasterxml.jackson.jakarta.rs.base.cfg.AnnotationBundleKeyTest.testWithMethodAnnotationEquals,ID,Accepted,https://github.com/FasterXML/jackson-jakarta-rs-providers/pull/22,956bec5b9c98ab23fa835848141e7cbc6d42c960,1,,,
https://github.com/FasterXML/jackson-jaxrs-providers,fcc3e957b9d9d71ead4765f9181df6b11f09d1ec,base,com.fasterxml.jackson.jaxrs.base.cfg.AnnotationBundleKeyTest.testWithClassAnnotations,ID,Accepted,https://github.com/FasterXML/jackson-jaxrs-providers/pull/152,f30234549fa5b6d870c5b6bc9fec1620f2e41275,7,,,
https://github.com/FasterXML/jackson-jaxrs-providers,fcc3e957b9d9d71ead4765f9181df6b11f09d1ec,base,com.fasterxml.jackson.jaxrs.base.cfg.AnnotationBundleKeyTest.testWithMethodAnnotationEquals,ID,Accepted,https://github.com/FasterXML/jackson-jaxrs-providers/pull/152,f30234549fa5b6d870c5b6bc9fec1620f2e41275,7,,,
https://github.com/FasterXML/jackson-jaxrs-providers,2b70478103b0bd3f9633e088a7e050942ea56c97,json,com.fasterxml.jackson.jaxrs.json.jersey.WriteModificationsTest.testIndentationWithResource,ID,Accepted,https://github.com/FasterXML/jackson-jaxrs-providers/pull/154,ea92d822a03b76f96caecfe335dd5b9409760a20,1,,,
https://github.com/FasterXML/jackson-module-jsonSchema,69d682d794e47433b3f8e6ad586562ee2ab948b3,.,com.fasterxml.jackson.module.jsonSchema.TestGenerateJsonSchema.testMultiplePropertyDependencies,ID,Accepted,https://github.com/FasterXML/jackson-module-jsonSchema/pull/144,f56c7ff255730eba2479d51e784ec17413af9fa8,6,,,
https://github.com/FasterXML/jackson-module-jsonSchema,69d682d794e47433b3f8e6ad586562ee2ab948b3,.,com.fasterxml.jackson.module.jsonSchema.TestGenerateJsonSchema.testSchemaPropertyDependencies,ID,Accepted,https://github.com/FasterXML/jackson-module-jsonSchema/pull/144,f56c7ff255730eba2479d51e784ec17413af9fa8,6,,,
https://github.com/FasterXML/jackson-module-jsonSchema,69d682d794e47433b3f8e6ad586562ee2ab948b3,.,com.fasterxml.jackson.module.jsonSchema.TestGenerateJsonSchema.testSchemaPropertyDependency,ID,Accepted,https://github.com/FasterXML/jackson-module-jsonSchema/pull/144,f56c7ff255730eba2479d51e784ec17413af9fa8,6,,,
https://github.com/FasterXML/jackson-module-jsonSchema,69d682d794e47433b3f8e6ad586562ee2ab948b3,.,com.fasterxml.jackson.module.jsonSchema.TestGenerateJsonSchema.testSinglePropertyDependency,ID,Accepted,https://github.com/FasterXML/jackson-module-jsonSchema/pull/144,f56c7ff255730eba2479d51e784ec17413af9fa8,6,,,
https://github.com/FasterXML/jackson-module-jsonSchema,69d682d794e47433b3f8e6ad586562ee2ab948b3,.,com.fasterxml.jackson.module.jsonSchema.TestUnwrapping.testUnwrapping,ID,Accepted,https://github.com/FasterXML/jackson-module-jsonSchema/pull/145,bddc77313a54d254ddf067f0512de75e3c337108,3,,,
https://github.com/FasterXML/jackson-modules-base,d33ad8cb6801372ae69c6b65bd87f1aa33001016,afterburner,com.fasterxml.jackson.module.afterburner.deser.jdk.JDKScalarsDeserTest.testNullForPrimitivesNotAllowedMisc,ID,Accepted,https://github.com/FasterXML/jackson-modules-base/pull/156,cd61a805a1be2a164535d1ceeece59497144982b,4,,,
https://github.com/FasterXML/jackson-modules-base,d33ad8cb6801372ae69c6b65bd87f1aa33001016,afterburner,com.fasterxml.jackson.module.afterburner.deser.TestIssue14.testIssue,ID,Accepted,https://github.com/FasterXML/jackson-modules-base/pull/156,cd61a805a1be2a164535d1ceeece59497144982b,4,,,
https://github.com/FasterXML/jackson-modules-base,d33ad8cb6801372ae69c6b65bd87f1aa33001016,afterburner,com.fasterxml.jackson.module.afterburner.format.MapFormatShapeTest.testRoundTrip,ID,Accepted,https://github.com/FasterXML/jackson-modules-base/pull/156,cd61a805a1be2a164535d1ceeece59497144982b,4,,,
https://github.com/FasterXML/jackson-modules-base,d33ad8cb6801372ae69c6b65bd87f1aa33001016,afterburner,com.fasterxml.jackson.module.afterburner.ser.TestInclusionAnnotations.testIncludeUsingAnnotation,ID,Accepted,https://github.com/FasterXML/jackson-modules-base/pull/156,cd61a805a1be2a164535d1ceeece59497144982b,4,,,
https://github.com/FasterXML/jackson-modules-base,d33ad8cb6801372ae69c6b65bd87f1aa33001016,afterburner,com.fasterxml.jackson.module.afterburner.ser.TestJsonFilter.testMissingFilter,ID,Accepted,https://github.com/FasterXML/jackson-modules-base/pull/156,cd61a805a1be2a164535d1ceeece59497144982b,4,,,
https://github.com/FasterXML/jackson-modules-base,d33ad8cb6801372ae69c6b65bd87f1aa33001016,afterburner,com.fasterxml.jackson.module.afterburner.ser.TestSimpleSerialize.testFiveMinuteDoc,ID,Accepted,https://github.com/FasterXML/jackson-modules-base/pull/156,cd61a805a1be2a164535d1ceeece59497144982b,4,,,
https://github.com/FasterXML/jackson-modules-base,d33ad8cb6801372ae69c6b65bd87f1aa33001016,afterburner,com.fasterxml.jackson.module.afterburner.ser.TestStdSerializerOverrides.testStringSerWith,ID,Accepted,https://github.com/FasterXML/jackson-modules-base/pull/156,cd61a805a1be2a164535d1ceeece59497144982b,4,,,
https://github.com/FasterXML/jackson-modules-base,d33ad8cb6801372ae69c6b65bd87f1aa33001016,blackbird,com.fasterxml.jackson.module.blackbird.deser.jdk.JDKScalarsDeserTest.testNullForPrimitivesNotAllowedMisc,ID,Accepted,https://github.com/FasterXML/jackson-modules-base/pull/156,cd61a805a1be2a164535d1ceeece59497144982b,4,,,
https://github.com/FasterXML/jackson-modules-base,d33ad8cb6801372ae69c6b65bd87f1aa33001016,blackbird,com.fasterxml.jackson.module.blackbird.deser.TestIssue14.testIssue,ID,Accepted,https://github.com/FasterXML/jackson-modules-base/pull/156,cd61a805a1be2a164535d1ceeece59497144982b,4,,,
https://github.com/FasterXML/jackson-modules-base,d33ad8cb6801372ae69c6b65bd87f1aa33001016,blackbird,com.fasterxml.jackson.module.blackbird.format.MapFormatShapeTest.testRoundTrip,ID,Accepted,https://github.com/FasterXML/jackson-modules-base/pull/156,cd61a805a1be2a164535d1ceeece59497144982b,4,,,
https://github.com/FasterXML/jackson-modules-base,d33ad8cb6801372ae69c6b65bd87f1aa33001016,blackbird,com.fasterxml.jackson.module.blackbird.ser.TestInclusionAnnotations.testIncludeUsingAnnotation,ID,Accepted,https://github.com/FasterXML/jackson-modules-base/pull/156,cd61a805a1be2a164535d1ceeece59497144982b,4,,,
https://github.com/FasterXML/jackson-modules-base,d33ad8cb6801372ae69c6b65bd87f1aa33001016,blackbird,com.fasterxml.jackson.module.blackbird.ser.TestJsonFilter.testMissingFilter,ID,Accepted,https://github.com/FasterXML/jackson-modules-base/pull/156,cd61a805a1be2a164535d1ceeece59497144982b,4,,,
https://github.com/FasterXML/jackson-modules-base,d33ad8cb6801372ae69c6b65bd87f1aa33001016,blackbird,com.fasterxml.jackson.module.blackbird.ser.TestSimpleSerialize.testFiveMinuteDoc,ID,Accepted,https://github.com/FasterXML/jackson-modules-base/pull/156,cd61a805a1be2a164535d1ceeece59497144982b,4,,,
https://github.com/FasterXML/jackson-modules-base,d33ad8cb6801372ae69c6b65bd87f1aa33001016,blackbird,com.fasterxml.jackson.module.blackbird.ser.TestStdSerializerOverrides.testStringSerWith,ID,Accepted,https://github.com/FasterXML/jackson-modules-base/pull/156,cd61a805a1be2a164535d1ceeece59497144982b,4,,,
https://github.com/FasterXML/java-classmate,912adde71f67719c7b1ed7df3c7ba28e8ba97876,.,com.fasterxml.classmate.members.GhostTypeParameterInFieldTest.testGhostTypeParameterWithInterface,ID,Accepted,https://github.com/FasterXML/java-classmate/pull/68,bd0b344c4b3b2cbfa06d4c685d90b71851c0c043,1,,,
https://github.com/FasterXML/java-classmate,912adde71f67719c7b1ed7df3c7ba28e8ba97876,.,GhostTypeParameterInFieldTest.testGhostTypeParameterWithClass,ID,Accepted,https://github.com/FasterXML/java-classmate/pull/68,bd0b344c4b3b2cbfa06d4c685d90b71851c0c043,1,,,
https://github.com/fhoeben/hsac-fitnesse-fixtures,a64c18d9c4bac8271275c7b089d40be20f0604b5,.,nl.hsac.fitnesse.fixture.slim.FileFixtureTest.testDelete,OD-Brit,Accepted,https://github.com/fhoeben/hsac-fitnesse-fixtures/pull/293,def7ca5eb3f88d1fcf3bd5fa6c55b40d11e1dd1c,2,,,
https://github.com/fhoeben/hsac-fitnesse-fixtures,a64c18d9c4bac8271275c7b089d40be20f0604b5,.,nl.hsac.fitnesse.fixture.slim.JsonHttpTestTest.testDeleteValuesAsJson,ID,Accepted,https://github.com/fhoeben/hsac-fitnesse-fixtures/pull/360,99c43c0863d0fe811192644ec63c5a9adea43e69,6,,,
https://github.com/fhoeben/hsac-fitnesse-fixtures,a64c18d9c4bac8271275c7b089d40be20f0604b5,.,nl.hsac.fitnesse.fixture.slim.JsonHttpTestTest.testFormatJson,ID,Accepted,https://github.com/fhoeben/hsac-fitnesse-fixtures/pull/360,99c43c0863d0fe811192644ec63c5a9adea43e69,6,,,
https://github.com/fhoeben/hsac-fitnesse-fixtures,a64c18d9c4bac8271275c7b089d40be20f0604b5,.,nl.hsac.fitnesse.fixture.slim.JsonHttpTestTest.testFormatJsonArray,ID,Accepted,https://github.com/fhoeben/hsac-fitnesse-fixtures/pull/360,99c43c0863d0fe811192644ec63c5a9adea43e69,6,,,
https://github.com/fhoeben/hsac-fitnesse-fixtures,a64c18d9c4bac8271275c7b089d40be20f0604b5,.,nl.hsac.fitnesse.fixture.slim.JsonHttpTestTest.testPostValuesAsJson,ID,Accepted,https://github.com/fhoeben/hsac-fitnesse-fixtures/pull/360,99c43c0863d0fe811192644ec63c5a9adea43e69,6,,,
https://github.com/fhoeben/hsac-fitnesse-fixtures,a64c18d9c4bac8271275c7b089d40be20f0604b5,.,nl.hsac.fitnesse.fixture.slim.JsonHttpTestTest.testPutValuesAsJson,ID,Accepted,https://github.com/fhoeben/hsac-fitnesse-fixtures/pull/360,99c43c0863d0fe811192644ec63c5a9adea43e69,6,,,
https://github.com/fhoeben/hsac-fitnesse-fixtures,a64c18d9c4bac8271275c7b089d40be20f0604b5,.,nl.hsac.fitnesse.fixture.util.JsonHelperTest.testFormatSimple,ID,Accepted,https://github.com/fhoeben/hsac-fitnesse-fixtures/pull/360,99c43c0863d0fe811192644ec63c5a9adea43e69,6,,,
https://github.com/fhoeben/hsac-fitnesse-fixtures,a64c18d9c4bac8271275c7b089d40be20f0604b5,.,nl.hsac.fitnesse.fixture.util.JsonHelperTest.testSortingOnNumber,ID,Accepted,https://github.com/fhoeben/hsac-fitnesse-fixtures/pull/360,99c43c0863d0fe811192644ec63c5a9adea43e69,6,,,
https://github.com/fhoeben/hsac-fitnesse-fixtures,a64c18d9c4bac8271275c7b089d40be20f0604b5,.,nl.hsac.fitnesse.fixture.util.JsonHelperTest.testSortingOnString,ID,Accepted,https://github.com/fhoeben/hsac-fitnesse-fixtures/pull/360,99c43c0863d0fe811192644ec63c5a9adea43e69,6,,,
https://github.com/fhoeben/hsac-fitnesse-fixtures,a64c18d9c4bac8271275c7b089d40be20f0604b5,.,nl.hsac.fitnesse.fixture.util.NamespaceContextImplTest.testAddMultipleGet,ID,Accepted,https://github.com/fhoeben/hsac-fitnesse-fixtures/pull/360,99c43c0863d0fe811192644ec63c5a9adea43e69,6,,,
https://github.com/fhoeben/hsac-fitnesse-fixtures,a64c18d9c4bac8271275c7b089d40be20f0604b5,.,nl.hsac.fitnesse.fixture.util.XmlHttpResponseTest.testCheckXPathsIncorrect,ID,Accepted,https://github.com/fhoeben/hsac-fitnesse-fixtures/pull/360,99c43c0863d0fe811192644ec63c5a9adea43e69,6,,,
https://github.com/flowable/flowable-engine,399ab58c5c29b2437c56f5418d8610bc3fb3381d,modules/flowable-cmmn-engine,org.flowable.cmmn.test.el.VariableFunctionDelegatesTest.testVariableEquals,ID,Accepted,https://github.com/flowable/flowable-engine/pull/2204,c8e707d5e50776b9fcff9d8dea9bd1cf87dd7159,1,,,
https://github.com/flowable/flowable-engine,399ab58c5c29b2437c56f5418d8610bc3fb3381d,modules/flowable-cmmn-engine,org.flowable.cmmn.test.el.VariableFunctionDelegatesTest.testVariableEqualsVariableNotQuoted,ID,Accepted,https://github.com/flowable/flowable-engine/pull/2204,c8e707d5e50776b9fcff9d8dea9bd1cf87dd7159,1,,,
https://github.com/flowable/flowable-engine,399ab58c5c29b2437c56f5418d8610bc3fb3381d,modules/flowable-cmmn-engine,org.flowable.cmmn.test.itemcontrol.RepetitionRuleTest.testRepeatingRuleUserEventListener,ID,Accepted,https://github.com/flowable/flowable-engine/pull/2204,c8e707d5e50776b9fcff9d8dea9bd1cf87dd7159,1,,,
https://github.com/flowable/flowable-engine,399ab58c5c29b2437c56f5418d8610bc3fb3381d,modules/flowable-cmmn-engine-configurator,org.flowable.cmmn.test.ProcessTaskTest.testExitAvailableProcessTaskThroughExitSentryOnStage,ID,Accepted,https://github.com/flowable/flowable-engine/pull/2204,c8e707d5e50776b9fcff9d8dea9bd1cf87dd7159,1,,,
https://github.com/flowable/flowable-engine,399ab58c5c29b2437c56f5418d8610bc3fb3381d,modules/flowable-cmmn-engine,org.flowable.cmmn.test.runtime.CaseTaskTest.testTerminateAvailableCaseTask,ID,Accepted,https://github.com/flowable/flowable-engine/pull/2204,c8e707d5e50776b9fcff9d8dea9bd1cf87dd7159,1,,,
https://github.com/flowable/flowable-engine,399ab58c5c29b2437c56f5418d8610bc3fb3381d,modules/flowable-cmmn-engine,org.flowable.cmmn.test.runtime.ExitCriteriaTest.testExitPlanModelWithExpression,ID,Accepted,https://github.com/flowable/flowable-engine/pull/2204,c8e707d5e50776b9fcff9d8dea9bd1cf87dd7159,1,,,
https://github.com/flowable/flowable-engine,399ab58c5c29b2437c56f5418d8610bc3fb3381d,modules/flowable-engine,org.flowable.engine.test.api.runtime.changestate.ChangeStateForGatewaysTest.testSetCurrentActivityToMultipleActivitiesForParallelGateway,ID,Accepted,https://github.com/flowable/flowable-engine/pull/2197,32376804f6793371d6647ed65aad038f83fb7d4d,1,,,
https://github.com/flowable/flowable-engine,399ab58c5c29b2437c56f5418d8610bc3fb3381d,modules/flowable-engine,org.flowable.engine.test.api.runtime.changestate.ChangeStateTest.testSetCurrentActivityForSubProcessWithVariables,ID,Accepted,https://github.com/flowable/flowable-engine/pull/2147,0f490495615e1c8170bc58731d4469d04138f62f,1,,,
https://github.com/flowable/flowable-engine,399ab58c5c29b2437c56f5418d8610bc3fb3381d,modules/flowable-engine,org.flowable.engine.test.api.runtime.changestate.ChangeStateTest.testSetCurrentExecutionForSubProcessWithVariables,ID,Accepted,https://github.com/flowable/flowable-engine/pull/2147,0f490495615e1c8170bc58731d4469d04138f62f,1,,,
https://github.com/flowable/flowable-engine,399ab58c5c29b2437c56f5418d8610bc3fb3381d,modules/flowable-engine,org.flowable.engine.test.api.runtime.migration.ProcessInstanceMigrationGatewaysTest.testMigrateActivityInsideExclusiveGatewayToActivityOutside,ID,Accepted,https://github.com/flowable/flowable-engine/pull/2204,c8e707d5e50776b9fcff9d8dea9bd1cf87dd7159,1,,,
https://github.com/flowable/flowable-engine,399ab58c5c29b2437c56f5418d8610bc3fb3381d,modules/flowable-engine,org.flowable.engine.test.api.runtime.migration.ProcessInstanceMigrationGatewaysTest.testMigrateActivityToExclusiveGatewayStartInsideEmbeddedSubProcess,ID,Accepted,https://github.com/flowable/flowable-engine/pull/2204,c8e707d5e50776b9fcff9d8dea9bd1cf87dd7159,1,,,
https://github.com/flowable/flowable-engine,399ab58c5c29b2437c56f5418d8610bc3fb3381d,modules/flowable-engine,org.flowable.engine.test.api.runtime.migration.ProcessInstanceMigrationGatewaysTest.testMigrateActivityToExclusiveGatewayStartInsideEmbeddedSubProcessDefaultFlow,ID,Accepted,https://github.com/flowable/flowable-engine/pull/2204,c8e707d5e50776b9fcff9d8dea9bd1cf87dd7159,1,,,
https://github.com/flowable/flowable-engine,399ab58c5c29b2437c56f5418d8610bc3fb3381d,modules/flowable-engine,org.flowable.engine.test.api.runtime.migration.ProcessInstanceMigrationGatewaysTest.testMigrateActivityToExclusiveGatewayStartWithConditionSpecifiedAsProcessVariableDuringMigration,ID,Accepted,https://github.com/flowable/flowable-engine/pull/2204,c8e707d5e50776b9fcff9d8dea9bd1cf87dd7159,1,,,
https://github.com/flowable/flowable-engine,399ab58c5c29b2437c56f5418d8610bc3fb3381d,modules/flowable-engine,org.flowable.engine.test.api.runtime.migration.ProcessInstanceMigrationGatewaysTest.testMigrateActivityToExclusiveGatewayStartWithConditionSpecifiedBeforeMigration,ID,Accepted,https://github.com/flowable/flowable-engine/pull/2204,c8e707d5e50776b9fcff9d8dea9bd1cf87dd7159,1,,,
https://github.com/flowable/flowable-engine,399ab58c5c29b2437c56f5418d8610bc3fb3381d,modules/flowable-engine,org.flowable.engine.test.api.runtime.migration.ProcessInstanceMigrationGatewaysTest.testMigrateActivityToExclusiveGatewayStartWithConditionSpecifiedDuringMigration,ID,Accepted,https://github.com/flowable/flowable-engine/pull/2204,c8e707d5e50776b9fcff9d8dea9bd1cf87dd7159,1,,,
https://github.com/flowable/flowable-engine,399ab58c5c29b2437c56f5418d8610bc3fb3381d,modules/flowable-engine,org.flowable.engine.test.api.runtime.migration.ProcessInstanceMigrationGatewaysTest.testMigrateActivityToExclusiveGatewayStartWithDefaultFlow,ID,Accepted,https://github.com/flowable/flowable-engine/pull/2204,c8e707d5e50776b9fcff9d8dea9bd1cf87dd7159,1,,,
https://github.com/flowable/flowable-engine,399ab58c5c29b2437c56f5418d8610bc3fb3381d,modules/flowable-engine,org.flowable.engine.test.el.function.VariableExpressionFunctionsTest.testGetVariableEquals,ID,Accepted,https://github.com/flowable/flowable-engine/pull/2204,c8e707d5e50776b9fcff9d8dea9bd1cf87dd7159,1,,,
https://github.com/funkygao/cp-ddd-framework,8c69f6a50db83459356a2ae66a910b1905fe4eb5,dddplus-test,io.github.dddplus.runtime.registry.IntegrationTest.exportDomainArtifacts,ID,Accepted,https://github.com/funkygao/cp-ddd-framework/pull/65,0bd59fd9701fd82446046ab26290fc136d1eb2be,1,,,
https://github.com/gchq/Gaffer,ca465ec9243c7ed981528379e351bddeae8d5c83,core/common-util,uk.gov.gchq.gaffer.commonutil.OneOrMoreTest.shouldAddAllItemsWithDeduplicate,ID,Accepted,https://github.com/gchq/Gaffer/pull/3033,68ae277fa04261cbeb7c7c487d4a2727a9be9d7d,4,,,
https://github.com/gchq/Gaffer,ca465ec9243c7ed981528379e351bddeae8d5c83,core/common-util,uk.gov.gchq.gaffer.commonutil.OneOrMoreTest.shouldAddItemsWithDeduplicate,ID,Accepted,https://github.com/gchq/Gaffer/pull/3033,68ae277fa04261cbeb7c7c487d4a2727a9be9d7d,4,,,
https://github.com/google/TestParameterInjector,5d67f8cb66481638bcd117227bd0103c32c84491,junit4,com.google.testing.junit.testparameterinjector.ParameterValueParsingTest.formatTestNameString_success[ARRAY],ID,Accepted,https://github.com/google/TestParameterInjector/pull/41,a46bb948ef8b74ff1c848ee920463b18310f8fc6,1,,,
https://github.com/google/TestParameterInjector,5d67f8cb66481638bcd117227bd0103c32c84491,junit4,com.google.testing.junit.testparameterinjector.ParameterValueParsingTest.formatTestNameString_success[CHAR_MATCHER],ID,Accepted,https://github.com/google/TestParameterInjector/pull/41,a46bb948ef8b74ff1c848ee920463b18310f8fc6,1,,,
https://github.com/google/TestParameterInjector,5d67f8cb66481638bcd117227bd0103c32c84491,junit4,com.google.testing.junit.testparameterinjector.ParameterValueParsingTest.formatTestNameString_success[EMPTY_STRING],ID,Accepted,https://github.com/google/TestParameterInjector/pull/41,a46bb948ef8b74ff1c848ee920463b18310f8fc6,1,,,
https://github.com/google/TestParameterInjector,5d67f8cb66481638bcd117227bd0103c32c84491,junit4,com.google.testing.junit.testparameterinjector.ParameterValueParsingTest.formatTestNameString_success[INTEGER],ID,Accepted,https://github.com/google/TestParameterInjector/pull/41,a46bb948ef8b74ff1c848ee920463b18310f8fc6,1,,,
https://github.com/google/TestParameterInjector,5d67f8cb66481638bcd117227bd0103c32c84491,junit4,com.google.testing.junit.testparameterinjector.ParameterValueParsingTest.formatTestNameString_success[INTEGER_STRING],ID,Accepted,https://github.com/google/TestParameterInjector/pull/41,a46bb948ef8b74ff1c848ee920463b18310f8fc6,1,,,
https://github.com/google/TestParameterInjector,5d67f8cb66481638bcd117227bd0103c32c84491,junit4,com.google.testing.junit.testparameterinjector.ParameterValueParsingTest.formatTestNameString_success[NULL_REFERENCE],ID,Accepted,https://github.com/google/TestParameterInjector/pull/41,a46bb948ef8b74ff1c848ee920463b18310f8fc6,1,,,
https://github.com/google/TestParameterInjector,5d67f8cb66481638bcd117227bd0103c32c84491,junit4,com.google.testing.junit.testparameterinjector.ParameterValueParsingTest.formatTestNameString_success[NULL_STRING],ID,Accepted,https://github.com/google/TestParameterInjector/pull/41,a46bb948ef8b74ff1c848ee920463b18310f8fc6,1,,,
https://github.com/google/TestParameterInjector,5d67f8cb66481638bcd117227bd0103c32c84491,junit4,com.google.testing.junit.testparameterinjector.ParameterValueParsingTest.formatTestNameString_success[REGULAR_STRING],ID,Accepted,https://github.com/google/TestParameterInjector/pull/41,a46bb948ef8b74ff1c848ee920463b18310f8fc6,1,,,
https://github.com/google/TestParameterInjector,5d67f8cb66481638bcd117227bd0103c32c84491,junit4,com.google.testing.junit.testparameterinjector.ParameterValueParsingTest.parseYamlStringToJavaType_success[BIG_INTEGER_TO_BIGINTEGER],ID,Accepted,https://github.com/google/TestParameterInjector/pull/41,a46bb948ef8b74ff1c848ee920463b18310f8fc6,1,,,
https://github.com/google/TestParameterInjector,5d67f8cb66481638bcd117227bd0103c32c84491,junit4,com.google.testing.junit.testparameterinjector.ParameterValueParsingTest.parseYamlStringToJavaType_success[BIG_INTEGER_TO_UNSIGNED_LONG],ID,Accepted,https://github.com/google/TestParameterInjector/pull/41,a46bb948ef8b74ff1c848ee920463b18310f8fc6,1,,,
https://github.com/google/TestParameterInjector,5d67f8cb66481638bcd117227bd0103c32c84491,junit4,com.google.testing.junit.testparameterinjector.ParameterValueParsingTest.parseYamlStringToJavaType_success[BINARY_TO_BYTESTRING],ID,Accepted,https://github.com/google/TestParameterInjector/pull/41,a46bb948ef8b74ff1c848ee920463b18310f8fc6,1,,,
https://github.com/google/TestParameterInjector,5d67f8cb66481638bcd117227bd0103c32c84491,junit4,com.google.testing.junit.testparameterinjector.ParameterValueParsingTest.parseYamlStringToJavaType_success[BOOLEAN_TO_BOOLEAN],ID,Accepted,https://github.com/google/TestParameterInjector/pull/41,a46bb948ef8b74ff1c848ee920463b18310f8fc6,1,,,
https://github.com/google/TestParameterInjector,5d67f8cb66481638bcd117227bd0103c32c84491,junit4,com.google.testing.junit.testparameterinjector.ParameterValueParsingTest.parseYamlStringToJavaType_success[BOOLEAN_TO_STRING],ID,Accepted,https://github.com/google/TestParameterInjector/pull/41,a46bb948ef8b74ff1c848ee920463b18310f8fc6,1,,,
https://github.com/google/TestParameterInjector,5d67f8cb66481638bcd117227bd0103c32c84491,junit4,com.google.testing.junit.testparameterinjector.ParameterValueParsingTest.parseYamlStringToJavaType_success[DOUBLE_TO_DOUBLE],ID,Accepted,https://github.com/google/TestParameterInjector/pull/41,a46bb948ef8b74ff1c848ee920463b18310f8fc6,1,,,
https://github.com/google/TestParameterInjector,5d67f8cb66481638bcd117227bd0103c32c84491,junit4,com.google.testing.junit.testparameterinjector.ParameterValueParsingTest.parseYamlStringToJavaType_success[DOUBLE_TO_STRING],ID,Accepted,https://github.com/google/TestParameterInjector/pull/41,a46bb948ef8b74ff1c848ee920463b18310f8fc6,1,,,
https://github.com/google/TestParameterInjector,5d67f8cb66481638bcd117227bd0103c32c84491,junit4,com.google.testing.junit.testparameterinjector.ParameterValueParsingTest.parseYamlStringToJavaType_success[INFINITY_TO_DOUBLE],ID,Accepted,https://github.com/google/TestParameterInjector/pull/41,a46bb948ef8b74ff1c848ee920463b18310f8fc6,1,,,
https://github.com/google/TestParameterInjector,5d67f8cb66481638bcd117227bd0103c32c84491,junit4,com.google.testing.junit.testparameterinjector.ParameterValueParsingTest.parseYamlStringToJavaType_success[INTEGER_TO_BIG_INTEGER],ID,Accepted,https://github.com/google/TestParameterInjector/pull/41,a46bb948ef8b74ff1c848ee920463b18310f8fc6,1,,,
https://github.com/google/TestParameterInjector,5d67f8cb66481638bcd117227bd0103c32c84491,junit4,com.google.testing.junit.testparameterinjector.ParameterValueParsingTest.parseYamlStringToJavaType_success[INTEGER_TO_UNSIGNED_LONG],ID,Accepted,https://github.com/google/TestParameterInjector/pull/41,a46bb948ef8b74ff1c848ee920463b18310f8fc6,1,,,
https://github.com/google/TestParameterInjector,5d67f8cb66481638bcd117227bd0103c32c84491,junit4,com.google.testing.junit.testparameterinjector.ParameterValueParsingTest.parseYamlStringToJavaType_success[INT_TO_DOUBLE],ID,Accepted,https://github.com/google/TestParameterInjector/pull/41,a46bb948ef8b74ff1c848ee920463b18310f8fc6,1,,,
https://github.com/google/TestParameterInjector,5d67f8cb66481638bcd117227bd0103c32c84491,junit4,com.google.testing.junit.testparameterinjector.ParameterValueParsingTest.parseYamlStringToJavaType_success[INT_TO_FLOAT],ID,Accepted,https://github.com/google/TestParameterInjector/pull/41,a46bb948ef8b74ff1c848ee920463b18310f8fc6,1,,,
https://github.com/google/TestParameterInjector,5d67f8cb66481638bcd117227bd0103c32c84491,junit4,com.google.testing.junit.testparameterinjector.ParameterValueParsingTest.parseYamlStringToJavaType_success[INT_TO_INT],ID,Accepted,https://github.com/google/TestParameterInjector/pull/41,a46bb948ef8b74ff1c848ee920463b18310f8fc6,1,,,
https://github.com/google/TestParameterInjector,5d67f8cb66481638bcd117227bd0103c32c84491,junit4,com.google.testing.junit.testparameterinjector.ParameterValueParsingTest.parseYamlStringToJavaType_success[INT_TO_LONG],ID,Accepted,https://github.com/google/TestParameterInjector/pull/41,a46bb948ef8b74ff1c848ee920463b18310f8fc6,1,,,
https://github.com/google/TestParameterInjector,5d67f8cb66481638bcd117227bd0103c32c84491,junit4,com.google.testing.junit.testparameterinjector.ParameterValueParsingTest.parseYamlStringToJavaType_success[INT_TO_STRING],ID,Accepted,https://github.com/google/TestParameterInjector/pull/41,a46bb948ef8b74ff1c848ee920463b18310f8fc6,1,,,
https://github.com/google/TestParameterInjector,5d67f8cb66481638bcd117227bd0103c32c84491,junit4,com.google.testing.junit.testparameterinjector.ParameterValueParsingTest.parseYamlStringToJavaType_success[LONG_TO_BIG_INTEGER],ID,Accepted,https://github.com/google/TestParameterInjector/pull/41,a46bb948ef8b74ff1c848ee920463b18310f8fc6,1,,,
https://github.com/google/TestParameterInjector,5d67f8cb66481638bcd117227bd0103c32c84491,junit4,com.google.testing.junit.testparameterinjector.ParameterValueParsingTest.parseYamlStringToJavaType_success[LONG_TO_DOUBLE],ID,Accepted,https://github.com/google/TestParameterInjector/pull/41,a46bb948ef8b74ff1c848ee920463b18310f8fc6,1,,,
https://github.com/google/TestParameterInjector,5d67f8cb66481638bcd117227bd0103c32c84491,junit4,com.google.testing.junit.testparameterinjector.ParameterValueParsingTest.parseYamlStringToJavaType_success[LONG_TO_LONG],ID,Accepted,https://github.com/google/TestParameterInjector/pull/41,a46bb948ef8b74ff1c848ee920463b18310f8fc6,1,,,
https://github.com/google/TestParameterInjector,5d67f8cb66481638bcd117227bd0103c32c84491,junit4,com.google.testing.junit.testparameterinjector.ParameterValueParsingTest.parseYamlStringToJavaType_success[LONG_TO_STRING],ID,Accepted,https://github.com/google/TestParameterInjector/pull/41,a46bb948ef8b74ff1c848ee920463b18310f8fc6,1,,,
https://github.com/google/TestParameterInjector,5d67f8cb66481638bcd117227bd0103c32c84491,junit4,com.google.testing.junit.testparameterinjector.ParameterValueParsingTest.parseYamlStringToJavaType_success[LONG_TO_UNSIGNED_LONG],ID,Accepted,https://github.com/google/TestParameterInjector/pull/41,a46bb948ef8b74ff1c848ee920463b18310f8fc6,1,,,
https://github.com/google/TestParameterInjector,5d67f8cb66481638bcd117227bd0103c32c84491,junit4,com.google.testing.junit.testparameterinjector.ParameterValueParsingTest.parseYamlStringToJavaType_success[NAN_TO_DOUBLE],ID,Accepted,https://github.com/google/TestParameterInjector/pull/41,a46bb948ef8b74ff1c848ee920463b18310f8fc6,1,,,
https://github.com/google/TestParameterInjector,5d67f8cb66481638bcd117227bd0103c32c84491,junit4,com.google.testing.junit.testparameterinjector.ParameterValueParsingTest.parseYamlStringToJavaType_success[NEGATIVE_INFINITY_TO_DOUBLE],ID,Accepted,https://github.com/google/TestParameterInjector/pull/41,a46bb948ef8b74ff1c848ee920463b18310f8fc6,1,,,
https://github.com/google/TestParameterInjector,5d67f8cb66481638bcd117227bd0103c32c84491,junit4,com.google.testing.junit.testparameterinjector.ParameterValueParsingTest.parseYamlStringToJavaType_success[POSITIVE_INFINITY_TO_DOUBLE],ID,Accepted,https://github.com/google/TestParameterInjector/pull/41,a46bb948ef8b74ff1c848ee920463b18310f8fc6,1,,,
https://github.com/google/TestParameterInjector,5d67f8cb66481638bcd117227bd0103c32c84491,junit4,com.google.testing.junit.testparameterinjector.ParameterValueParsingTest.parseYamlStringToJavaType_success[STRING_TO_BYTESTRING],ID,Accepted,https://github.com/google/TestParameterInjector/pull/41,a46bb948ef8b74ff1c848ee920463b18310f8fc6,1,,,
https://github.com/google/TestParameterInjector,5d67f8cb66481638bcd117227bd0103c32c84491,junit4,com.google.testing.junit.testparameterinjector.ParameterValueParsingTest.parseYamlStringToJavaType_success[STRING_TO_BYTES],ID,Accepted,https://github.com/google/TestParameterInjector/pull/41,a46bb948ef8b74ff1c848ee920463b18310f8fc6,1,,,
https://github.com/google/TestParameterInjector,5d67f8cb66481638bcd117227bd0103c32c84491,junit4,com.google.testing.junit.testparameterinjector.ParameterValueParsingTest.parseYamlStringToJavaType_success[STRING_TO_ENUM],ID,Accepted,https://github.com/google/TestParameterInjector/pull/41,a46bb948ef8b74ff1c848ee920463b18310f8fc6,1,,,
https://github.com/google/TestParameterInjector,5d67f8cb66481638bcd117227bd0103c32c84491,junit4,com.google.testing.junit.testparameterinjector.TestParameterAnnotationMethodProcessorTest.test[AnnotatedSuperclassParameter:SUCCESS_ALWAYS],ID,Accepted,https://github.com/google/TestParameterInjector/pull/41,a46bb948ef8b74ff1c848ee920463b18310f8fc6,1,,,
https://github.com/google/TestParameterInjector,5d67f8cb66481638bcd117227bd0103c32c84491,junit4,com.google.testing.junit.testparameterinjector.TestParameterAnnotationMethodProcessorTest.test[AnnotationInheritedFromBaseClass:SUCCESS_ALWAYS],ID,Accepted,https://github.com/google/TestParameterInjector/pull/41,a46bb948ef8b74ff1c848ee920463b18310f8fc6,1,,,
https://github.com/google/TestParameterInjector,5d67f8cb66481638bcd117227bd0103c32c84491,junit4,com.google.testing.junit.testparameterinjector.TestParameterAnnotationMethodProcessorTest.test[DuplicatedAnnotatedParameterAnnotationClass:SUCCESS_ALWAYS],ID,Accepted,https://github.com/google/TestParameterInjector/pull/41,a46bb948ef8b74ff1c848ee920463b18310f8fc6,1,,,
https://github.com/google/TestParameterInjector,5d67f8cb66481638bcd117227bd0103c32c84491,junit4,com.google.testing.junit.testparameterinjector.TestParameterAnnotationMethodProcessorTest.test[DuplicateFieldAnnotationTestClass:SUCCESS_ALWAYS],ID,Accepted,https://github.com/google/TestParameterInjector/pull/41,a46bb948ef8b74ff1c848ee920463b18310f8fc6,1,,,
https://github.com/google/TestParameterInjector,5d67f8cb66481638bcd117227bd0103c32c84491,junit4,com.google.testing.junit.testparameterinjector.TestParameterAnnotationMethodProcessorTest.test[DuplicateIdenticalFieldAnnotationTestClass:SUCCESS_ALWAYS],ID,Accepted,https://github.com/google/TestParameterInjector/pull/41,a46bb948ef8b74ff1c848ee920463b18310f8fc6,1,,,
https://github.com/google/TestParameterInjector,5d67f8cb66481638bcd117227bd0103c32c84491,junit4,com.google.testing.junit.testparameterinjector.TestParameterAnnotationMethodProcessorTest.test[DuplicateTestNames:SUCCESS_ALWAYS],ID,Accepted,https://github.com/google/TestParameterInjector/pull/41,a46bb948ef8b74ff1c848ee920463b18310f8fc6,1,,,
https://github.com/google/TestParameterInjector,5d67f8cb66481638bcd117227bd0103c32c84491,junit4,com.google.testing.junit.testparameterinjector.TestParameterAnnotationMethodProcessorTest.test[IndependentAnnotation:SUCCESS_ALWAYS],ID,Accepted,https://github.com/google/TestParameterInjector/pull/41,a46bb948ef8b74ff1c848ee920463b18310f8fc6,1,,,
https://github.com/google/TestParameterInjector,5d67f8cb66481638bcd117227bd0103c32c84491,junit4,com.google.testing.junit.testparameterinjector.TestParameterAnnotationMethodProcessorTest.test[MethodEvaluatorClass:SUCCESS_ALWAYS],ID,Accepted,https://github.com/google/TestParameterInjector/pull/41,a46bb948ef8b74ff1c848ee920463b18310f8fc6,1,,,
https://github.com/google/TestParameterInjector,5d67f8cb66481638bcd117227bd0103c32c84491,junit4,com.google.testing.junit.testparameterinjector.TestParameterAnnotationMethodProcessorTest.test[MethodNameContainsOrderedParameterNames:SUCCESS_ALWAYS],ID,Accepted,https://github.com/google/TestParameterInjector/pull/41,a46bb948ef8b74ff1c848ee920463b18310f8fc6,1,,,
https://github.com/google/TestParameterInjector,5d67f8cb66481638bcd117227bd0103c32c84491,junit4,com.google.testing.junit.testparameterinjector.TestParameterAnnotationMethodProcessorTest.test[MultipleAllEnumValuesAnnotationClass:SUCCESS_ALWAYS],ID,Accepted,https://github.com/google/TestParameterInjector/pull/41,a46bb948ef8b74ff1c848ee920463b18310f8fc6,1,,,
https://github.com/google/TestParameterInjector,5d67f8cb66481638bcd117227bd0103c32c84491,junit4,com.google.testing.junit.testparameterinjector.TestParameterAnnotationMethodProcessorTest.test[MultipleAnnotationTestClassWithAnnotation:SUCCESS_ALWAYS],ID,Accepted,https://github.com/google/TestParameterInjector/pull/41,a46bb948ef8b74ff1c848ee920463b18310f8fc6,1,,,
https://github.com/google/TestParameterInjector,5d67f8cb66481638bcd117227bd0103c32c84491,junit4,com.google.testing.junit.testparameterinjector.TestParameterAnnotationMethodProcessorTest.test[SingleAnnotatedParameterAnnotationClass:SUCCESS_ALWAYS],ID,Accepted,https://github.com/google/TestParameterInjector/pull/41,a46bb948ef8b74ff1c848ee920463b18310f8fc6,1,,,
https://github.com/google/TestParameterInjector,5d67f8cb66481638bcd117227bd0103c32c84491,junit4,com.google.testing.junit.testparameterinjector.TestParameterAnnotationMethodProcessorTest.test[TestNamesTest:SUCCESS_ALWAYS],ID,Accepted,https://github.com/google/TestParameterInjector/pull/41,a46bb948ef8b74ff1c848ee920463b18310f8fc6,1,,,
https://github.com/google/TestParameterInjector,5d67f8cb66481638bcd117227bd0103c32c84491,junit4,com.google.testing.junit.testparameterinjector.TestParameterAnnotationMethodProcessorTest.test[TooLongTestNamesShortened:SUCCESS_ALWAYS],ID,Accepted,https://github.com/google/TestParameterInjector/pull/41,a46bb948ef8b74ff1c848ee920463b18310f8fc6,1,,,
https://github.com/google/TestParameterInjector,5d67f8cb66481638bcd117227bd0103c32c84491,junit4,com.google.testing.junit.testparameterinjector.TestParametersMethodProcessorTest.test_success[MixedWithTestParameterMethodAnnotation],ID,Accepted,https://github.com/google/TestParameterInjector/pull/41,a46bb948ef8b74ff1c848ee920463b18310f8fc6,1,,,
https://github.com/google/TestParameterInjector,5d67f8cb66481638bcd117227bd0103c32c84491,junit4,com.google.testing.junit.testparameterinjector.TestParameterTest.test[MultipleAnnotatedParameters],ID,Accepted,https://github.com/google/TestParameterInjector/pull/41,a46bb948ef8b74ff1c848ee920463b18310f8fc6,1,,,
https://github.com/google/TestParameterInjector,5d67f8cb66481638bcd117227bd0103c32c84491,junit4,com.google.testing.junit.testparameterinjector.TestParameterTest.test[WithValuesProvider],ID,Accepted,https://github.com/google/TestParameterInjector/pull/41,a46bb948ef8b74ff1c848ee920463b18310f8fc6,1,,,
https://github.com/GoogleCloudPlatform/appengine-plugins-core,2da5cb0ce81e93fc7cdd7ce4d0aa86ddff9cf1b1,.,com.google.cloud.tools.managedcloudsdk.install.InstallerTest.testCall_withOverrideComponents,ID,Accepted,https://github.com/GoogleCloudPlatform/appengine-plugins-core/pull/903,d3160f0e47ca001d2c35b2b2d3b90bcb6438613b,1,,,
https://github.com/GoogleCloudPlatform/DataflowTemplates,5094c7b39de511c9ed441d9fde28553a88f68e4b,.,com.google.cloud.teleport.templates.TextToBigQueryStreamingTest.wrapBigQueryInsertErrorReturnsValidJSON,ID,Accepted,https://github.com/GoogleCloudPlatform/DataflowTemplates/pull/1176,,1,,https://github.com/GoogleCloudPlatform/DataflowTemplates/issues/1175,
https://github.com/graphhopper/graphhopper,b65d9413e2dc29b662a1bb2db146b536471167a9,core,com.graphhopper.search.StringIndexTest.putDuplicate,ID,Accepted,https://github.com/graphhopper/graphhopper/pull/2480,c7d9f979157f21f235b12f61d9bf5d508ab87b34,2,,,
https://github.com/graphhopper/graphhopper,b65d9413e2dc29b662a1bb2db146b536471167a9,core,com.graphhopper.search.StringIndexTest.testLoadKeys,ID,Accepted,https://github.com/graphhopper/graphhopper/pull/2480,c7d9f979157f21f235b12f61d9bf5d508ab87b34,2,,,
https://github.com/Graylog2/graylog2-server,87d63f677759336987fbb21fd9c688235618e7bb,graylog2-server,org.graylog.plugins.views.search.rest.ViewSharingResourceTest.summarizeUsersReturnsListOfUsersIfCurrentUserIsNull,ID,Accepted,https://github.com/Graylog2/graylog2-server/pull/7473,46667f72bc29b06ed646041c28477c5b8568a573,1,,,
https://github.com/Graylog2/graylog2-server,87d63f677759336987fbb21fd9c688235618e7bb,graylog2-server,org.graylog.plugins.views.search.rest.ViewSharingResourceTest.summarizeUsersReturnsListOfUsersWithoutTheCurrent,ID,Accepted,https://github.com/Graylog2/graylog2-server/pull/7473,46667f72bc29b06ed646041c28477c5b8568a573,1,,,
https://github.com/Graylog2/graylog2-server,87d63f677759336987fbb21fd9c688235618e7bb,graylog2-server,org.graylog.plugins.views.search.views.ViewRequirementsTest.mergesMultipleResultsFromMultipleChecksWithConflictingKeys,ID,Accepted,https://github.com/Graylog2/graylog2-server/pull/6562,278f49933fbd175aa52f98efea4b52a2f21e7a06,1,,,
https://github.com/Graylog2/graylog2-server,87d63f677759336987fbb21fd9c688235618e7bb,graylog2-server,org.graylog.plugins.views.search.views.ViewRequirementsTest.mergesResultsFromMultipleChecks,ID,Accepted,https://github.com/Graylog2/graylog2-server/pull/6562,278f49933fbd175aa52f98efea4b52a2f21e7a06,1,,,
https://github.com/Graylog2/graylog2-server,87d63f677759336987fbb21fd9c688235618e7bb,graylog2-server,org.graylog2.contentpacks.model.entities.references.ValueReferenceTest.serializeBoolean,ID,Accepted,https://github.com/Graylog2/graylog2-server/pull/6908,00574b86928e26cb2d36c0b8a92ac64d84f93e9c,1,,,
https://github.com/Graylog2/graylog2-server,87d63f677759336987fbb21fd9c688235618e7bb,graylog2-server,org.graylog2.contentpacks.model.entities.references.ValueReferenceTest.serializeEnum,ID,Accepted,https://github.com/Graylog2/graylog2-server/pull/6908,00574b86928e26cb2d36c0b8a92ac64d84f93e9c,1,,,
https://github.com/Graylog2/graylog2-server,87d63f677759336987fbb21fd9c688235618e7bb,graylog2-server,org.graylog2.contentpacks.model.entities.references.ValueReferenceTest.serializeFloat,ID,Accepted,https://github.com/Graylog2/graylog2-server/pull/6908,00574b86928e26cb2d36c0b8a92ac64d84f93e9c,1,,,
https://github.com/Graylog2/graylog2-server,87d63f677759336987fbb21fd9c688235618e7bb,graylog2-server,org.graylog2.contentpacks.model.entities.references.ValueReferenceTest.serializeInteger,ID,Accepted,https://github.com/Graylog2/graylog2-server/pull/6908,00574b86928e26cb2d36c0b8a92ac64d84f93e9c,1,,,
https://github.com/Graylog2/graylog2-server,87d63f677759336987fbb21fd9c688235618e7bb,graylog2-server,org.graylog2.contentpacks.model.entities.references.ValueReferenceTest.serializeParameter,ID,Accepted,https://github.com/Graylog2/graylog2-server/pull/6908,00574b86928e26cb2d36c0b8a92ac64d84f93e9c,1,,,
https://github.com/Graylog2/graylog2-server,87d63f677759336987fbb21fd9c688235618e7bb,graylog2-server,org.graylog2.contentpacks.model.entities.references.ValueReferenceTest.serializeString,ID,Accepted,https://github.com/Graylog2/graylog2-server/pull/6908,00574b86928e26cb2d36c0b8a92ac64d84f93e9c,1,,,
https://github.com/Graylog2/graylog2-server,87d63f677759336987fbb21fd9c688235618e7bb,graylog2-server,org.graylog2.migrations.V20161215163900_MoveIndexSetDefaultConfigTest.upgrade,ID,Accepted,https://github.com/Graylog2/graylog2-server/pull/8078,44e20876d7d7d62f3b591534e04c05d4e98ab2ec,1,,,
https://github.com/Graylog2/graylog2-server,87d63f677759336987fbb21fd9c688235618e7bb,graylog2-server,org.graylog2.plugin.lookup.LookupCacheKeyTest.serialize,ID,Accepted,https://github.com/Graylog2/graylog2-server/pull/7595,6ceaba448b7344046b55f3c787a6ef645aabe500,1,,,
https://github.com/Graylog2/graylog2-server,87d63f677759336987fbb21fd9c688235618e7bb,graylog2-server,org.graylog2.plugin.lookup.LookupCacheKeyTest.serializePrefixOnly,ID,Accepted,https://github.com/Graylog2/graylog2-server/pull/7595,6ceaba448b7344046b55f3c787a6ef645aabe500,1,,,
https://github.com/Graylog2/graylog2-server,87d63f677759336987fbb21fd9c688235618e7bb,graylog2-server,org.graylog2.utilities.IPSubnetConverterTest.testDefault,ID,Accepted,https://github.com/Graylog2/graylog2-server/pull/7543,e94d1023284c96993551e5c2dab6838bf94848d3,1,,,
https://github.com/Graylog2/graylog2-server,87d63f677759336987fbb21fd9c688235618e7bb,graylog2-server,org.graylog2.utilities.IPSubnetConverterTest.testNormalize,ID,Accepted,https://github.com/Graylog2/graylog2-server/pull/7543,e94d1023284c96993551e5c2dab6838bf94848d3,1,,,
https://github.com/hapifhir/hapi-fhir,443b59a78b08021cd101a591547a06353fd8242c,hapi-fhir-jaxrsserver-base,ca.uhn.fhir.jaxrs.client.GenericJaxRsClientDstu2Test.testSearchByPost,ID,Accepted,https://github.com/hapifhir/hapi-fhir/pull/6399,6784ac528a9bafe0af98b6bd1c68069f3c950f0b,2,,,
https://github.com/hapifhir/hapi-fhir,443b59a78b08021cd101a591547a06353fd8242c,hapi-fhir-jaxrsserver-base,ca.uhn.fhir.jaxrs.client.GenericJaxRsClientDstu2Test.testSearchByPostUseJson,ID,Accepted,https://github.com/hapifhir/hapi-fhir/pull/6399,6784ac528a9bafe0af98b6bd1c68069f3c950f0b,2,,,
https://github.com/hapifhir/hapi-fhir,443b59a78b08021cd101a591547a06353fd8242c,hapi-fhir-jaxrsserver-base,ca.uhn.fhir.jaxrs.client.GenericJaxRsClientDstu3Test.testSearchByPost,ID,Accepted,https://github.com/hapifhir/hapi-fhir/pull/6399,6784ac528a9bafe0af98b6bd1c68069f3c950f0b,2,,,
https://github.com/hapifhir/hapi-fhir,443b59a78b08021cd101a591547a06353fd8242c,hapi-fhir-jaxrsserver-base,ca.uhn.fhir.jaxrs.client.GenericJaxRsClientDstu3Test.testSearchByPostUseJson,ID,Accepted,https://github.com/hapifhir/hapi-fhir/pull/6399,6784ac528a9bafe0af98b6bd1c68069f3c950f0b,2,,,
https://github.com/hapifhir/hapi-fhir,443b59a78b08021cd101a591547a06353fd8242c,hapi-fhir-client-okhttp,ca.uhn.fhir.okhttp.GenericOkHttpClientDstu2Test.testSearchByPost,ID,Accepted,https://github.com/hapifhir/hapi-fhir/pull/6399,6784ac528a9bafe0af98b6bd1c68069f3c950f0b,2,,,
https://github.com/hapifhir/hapi-fhir,443b59a78b08021cd101a591547a06353fd8242c,hapi-fhir-client-okhttp,ca.uhn.fhir.okhttp.GenericOkHttpClientDstu2Test.testSearchByPostUseJson,ID,Accepted,https://github.com/hapifhir/hapi-fhir/pull/6399,6784ac528a9bafe0af98b6bd1c68069f3c950f0b,2,,,
https://github.com/hapifhir/hapi-fhir,443b59a78b08021cd101a591547a06353fd8242c,hapi-fhir-structures-dstu2,ca.uhn.fhir.rest.client.GenericClientDstu2Test.testSearchByPost,ID,Accepted,https://github.com/hapifhir/hapi-fhir/pull/6399,6784ac528a9bafe0af98b6bd1c68069f3c950f0b,2,,,
https://github.com/hapifhir/hapi-fhir,443b59a78b08021cd101a591547a06353fd8242c,hapi-fhir-structures-dstu2,ca.uhn.fhir.rest.client.GenericClientDstu2Test.testSearchByPostUseJson,ID,Accepted,https://github.com/hapifhir/hapi-fhir/pull/6399,6784ac528a9bafe0af98b6bd1c68069f3c950f0b,2,,,
https://github.com/hellokaton/30-seconds-of-java8,1af5d4dee567f00e662cb9b74abc16067312e338,.,snippets.SnippetsTests.group_elements_by_length,ID,Accepted,https://github.com/hellokaton/30-seconds-of-java8/pull/5,ccef8c1af143fa929445defa64366dfb1728c37e,1,,,
https://github.com/hexagonframework/spring-data-ebean,dd11b97654982403b50dd1d5369cadad71fce410,.,org.springframework.data.ebean.repository.UserRepositoryIntegrationTest.deleteById,OD-Brit,Accepted,https://github.com/hexagonframework/spring-data-ebean/pull/8,335ea406340ab1431cb415c0dacb5eb6401bad91,1,,,
https://github.com/hub4j/github-api,de1c7ec179bdd928b6c41712b7ea50062e798d9b,github,org.kohsuke.github.GHObjectTest.test_toString,ID,Accepted,https://github.com/hub4j/github-api/pull/1576,3eb25e7a395d8b3f5c72009a7a302919b95999a8,3,,,
https://github.com/HubSpot/jinjava,b428343af85e613805674cd44dad416dfddde09c,.,com.hubspot.jinjava.lib.filter.ListFilterTest.itConvertsSetsToLists,ID,Accepted,https://github.com/HubSpot/jinjava/pull/827,9f06136b8d043feb132c508334a6f416d4f8d812,5,,,
https://github.com/HubSpot/jinjava,b428343af85e613805674cd44dad416dfddde09c,.,com.hubspot.jinjava.lib.filter.ToJsonFilterTest.itWritesObjectAsString,ID,Accepted,https://github.com/HubSpot/jinjava/pull/827,9f06136b8d043feb132c508334a6f416d4f8d812,5,,,
https://github.com/HubSpot/jinjava,b428343af85e613805674cd44dad416dfddde09c,.,com.hubspot.jinjava.lib.filter.ToYamlFilterTest.itWritesObjectAsString,ID,Accepted,https://github.com/HubSpot/jinjava/pull/827,9f06136b8d043feb132c508334a6f416d4f8d812,5,,,
https://github.com/hydromatic/morel,b3ce1d8ba7351ba6fb0dceeaf30288451fe5bf7d,.,MainTest.testCompute,ID,Accepted,https://github.com/hydromatic/morel/pull/207,,2,,https://github.com/julianhyde/morel/tree/207-flaky,
https://github.com/hydromatic/morel,b3ce1d8ba7351ba6fb0dceeaf30288451fe5bf7d,.,MainTest.testCrossApplyGroup,ID,Accepted,https://github.com/hydromatic/morel/pull/207,,2,,https://github.com/julianhyde/morel/tree/207-flaky,
https://github.com/immutables/immutables,b21e6bbfbb9038100532416c81e8270951c3e03a,value-fixture,org.immutables.fixture.jackson.BugsTest.roundtrip353,ID,Accepted,https://github.com/immutables/immutables/pull/1350,033039a2d11c1caa306e09def7a81145e4322370,1,,,
https://github.com/immutables/immutables,b21e6bbfbb9038100532416c81e8270951c3e03a,value-fixture,org.immutables.fixture.jackson.ObjectMappedTest.anyGetterSetter,ID,Accepted,https://github.com/immutables/immutables/pull/1350,033039a2d11c1caa306e09def7a81145e4322370,1,,,
https://github.com/immutables/immutables,b21e6bbfbb9038100532416c81e8270951c3e03a,value-fixture,org.immutables.fixture.jackson.ObjectMappedTest.jacksonMetaAnnotated,ID,Accepted,https://github.com/immutables/immutables/pull/1350,033039a2d11c1caa306e09def7a81145e4322370,1,,,
https://github.com/immutables/immutables,b21e6bbfbb9038100532416c81e8270951c3e03a,value-fixture,org.immutables.fixture.jackson.ObjectMappedTest.keywordNames,ID,Accepted,https://github.com/immutables/immutables/pull/1350,033039a2d11c1caa306e09def7a81145e4322370,1,,,
https://github.com/immutables/immutables,b21e6bbfbb9038100532416c81e8270951c3e03a,value-fixture,org.immutables.fixture.modifiable.ModifiablesTest.modifiableImmutableCollections,ID,Accepted,https://github.com/immutables/immutables/pull/1350,033039a2d11c1caa306e09def7a81145e4322370,1,,,
https://github.com/INRIA/spoon,17330abe8aac89d907ac977e8e22ff35103eccd1,.,spoon.support.visitor.java.JavaReflectionTreeBuilderTest.testPurelyReflectiveInnerClass,ID,Accepted,https://github.com/INRIA/spoon/pull/5037,f1ed1dce7923c07fb80d4e895e474000566e8ebc,5,,,
https://github.com/INRIA/spoon,17330abe8aac89d907ac977e8e22ff35103eccd1,.,spoon.test.comment.CommentTest.testAnnotationTypeComment,ID,Accepted,https://github.com/INRIA/spoon/pull/5037,f1ed1dce7923c07fb80d4e895e474000566e8ebc,5,,,
https://github.com/INRIA/spoon,17330abe8aac89d907ac977e8e22ff35103eccd1,.,spoon.test.compilation.CompilationTest.testModuleResolution,ID,Accepted,https://github.com/INRIA/spoon/pull/5037,f1ed1dce7923c07fb80d4e895e474000566e8ebc,5,,,
https://github.com/INRIA/spoon,17330abe8aac89d907ac977e8e22ff35103eccd1,.,spoon.test.template.SubstitutionTest.testCreateTypeFromTemplate,ID,Accepted,https://github.com/INRIA/spoon/pull/5037,f1ed1dce7923c07fb80d4e895e474000566e8ebc,5,,,
https://github.com/intel/jndn-utils,b4f2fb28e48d8a4bc18410ec6c932c0c229f8884,.,com.intel.jndn.utils.client.impl.DefaultSegmentedClientTest.testGetSegmentsAsync,ID,Accepted,https://github.com/intel/jndn-utils/pull/8,d82c97c579ffb025a3fa65f96af4ddae4432011c,1,,RepoArchived,
https://github.com/intel/jndn-utils,b4f2fb28e48d8a4bc18410ec6c932c0c229f8884,.,com.intel.jndn.utils.client.impl.DefaultSegmentedClientTest.verifyThatSegmentsAreRetrievedOnlyOnce,ID,Accepted,https://github.com/intel/jndn-utils/pull/8,d82c97c579ffb025a3fa65f96af4ddae4432011c,1,,RepoArchived,
https://github.com/j256/ormlite-core,632b87c2a455b8eab4a6c09324e1f166273588d8,.,com.j256.ormlite.dao.RuntimeExceptionDaoTest.testAssignEmptyForeignCollectionThrow,OD-Vic,Accepted,https://github.com/j256/ormlite-core/pull/310,c80bde196ca152ecc8a3c4f38f77dbe5a4ea3232,2,,,
https://github.com/j256/ormlite-core,632b87c2a455b8eab4a6c09324e1f166273588d8,.,com.j256.ormlite.dao.RuntimeExceptionDaoTest.testCallBatchTasksThrow,OD-Vic,Accepted,https://github.com/j256/ormlite-core/pull/310,c80bde196ca152ecc8a3c4f38f77dbe5a4ea3232,2,,,
https://github.com/j256/ormlite-core,632b87c2a455b8eab4a6c09324e1f166273588d8,.,com.j256.ormlite.dao.RuntimeExceptionDaoTest.testCloseLastIteratorThrow,OD-Vic,Accepted,https://github.com/j256/ormlite-core/pull/310,c80bde196ca152ecc8a3c4f38f77dbe5a4ea3232,2,,,
https://github.com/j256/ormlite-core,632b87c2a455b8eab4a6c09324e1f166273588d8,.,com.j256.ormlite.dao.RuntimeExceptionDaoTest.testCloseLastIteratorThrows,OD-Vic,Accepted,https://github.com/j256/ormlite-core/pull/310,c80bde196ca152ecc8a3c4f38f77dbe5a4ea3232,2,,,
https://github.com/j256/ormlite-core,632b87c2a455b8eab4a6c09324e1f166273588d8,.,com.j256.ormlite.dao.RuntimeExceptionDaoTest.testCommitThrows,OD-Vic,Accepted,https://github.com/j256/ormlite-core/pull/310,c80bde196ca152ecc8a3c4f38f77dbe5a4ea3232,2,,,
https://github.com/j256/ormlite-core,632b87c2a455b8eab4a6c09324e1f166273588d8,.,com.j256.ormlite.dao.RuntimeExceptionDaoTest.testCountOfPreparedThrow,OD-Vic,Accepted,https://github.com/j256/ormlite-core/pull/310,c80bde196ca152ecc8a3c4f38f77dbe5a4ea3232,2,,,
https://github.com/j256/ormlite-core,632b87c2a455b8eab4a6c09324e1f166273588d8,.,com.j256.ormlite.dao.RuntimeExceptionDaoTest.testCountOfThrow,OD-Vic,Accepted,https://github.com/j256/ormlite-core/pull/310,c80bde196ca152ecc8a3c4f38f77dbe5a4ea3232,2,,,
https://github.com/j256/ormlite-core,632b87c2a455b8eab4a6c09324e1f166273588d8,.,com.j256.ormlite.dao.RuntimeExceptionDaoTest.testCreateCollectionThrow,OD-Vic,Accepted,https://github.com/j256/ormlite-core/pull/310,c80bde196ca152ecc8a3c4f38f77dbe5a4ea3232,2,,,
https://github.com/j256/ormlite-core,632b87c2a455b8eab4a6c09324e1f166273588d8,.,com.j256.ormlite.dao.RuntimeExceptionDaoTest.testCreateIfNotExistsThrow,OD-Vic,Accepted,https://github.com/j256/ormlite-core/pull/310,c80bde196ca152ecc8a3c4f38f77dbe5a4ea3232,2,,,
https://github.com/j256/ormlite-core,632b87c2a455b8eab4a6c09324e1f166273588d8,.,com.j256.ormlite.dao.RuntimeExceptionDaoTest.testCreateObjectInstanceThrows,OD-Vic,Accepted,https://github.com/j256/ormlite-core/pull/310,c80bde196ca152ecc8a3c4f38f77dbe5a4ea3232,2,,,
https://github.com/j256/ormlite-core,632b87c2a455b8eab4a6c09324e1f166273588d8,.,com.j256.ormlite.dao.RuntimeExceptionDaoTest.testCreateOrUpdateThrow,OD-Vic,Accepted,https://github.com/j256/ormlite-core/pull/310,c80bde196ca152ecc8a3c4f38f77dbe5a4ea3232,2,,,
https://github.com/j256/ormlite-core,632b87c2a455b8eab4a6c09324e1f166273588d8,.,com.j256.ormlite.dao.RuntimeExceptionDaoTest.testCreateThrow,OD-Vic,Accepted,https://github.com/j256/ormlite-core/pull/310,c80bde196ca152ecc8a3c4f38f77dbe5a4ea3232,2,,,
https://github.com/j256/ormlite-core,632b87c2a455b8eab4a6c09324e1f166273588d8,.,com.j256.ormlite.dao.RuntimeExceptionDaoTest.testDeleteByIdThrow,OD-Vic,Accepted,https://github.com/j256/ormlite-core/pull/310,c80bde196ca152ecc8a3c4f38f77dbe5a4ea3232,2,,,
https://github.com/j256/ormlite-core,632b87c2a455b8eab4a6c09324e1f166273588d8,.,com.j256.ormlite.dao.RuntimeExceptionDaoTest.testDeleteCollectionThrow,OD-Vic,Accepted,https://github.com/j256/ormlite-core/pull/310,c80bde196ca152ecc8a3c4f38f77dbe5a4ea3232,2,,,
https://github.com/j256/ormlite-core,632b87c2a455b8eab4a6c09324e1f166273588d8,.,com.j256.ormlite.dao.RuntimeExceptionDaoTest.testDeleteIdsThrow,OD-Vic,Accepted,https://github.com/j256/ormlite-core/pull/310,c80bde196ca152ecc8a3c4f38f77dbe5a4ea3232,2,,,
https://github.com/j256/ormlite-core,632b87c2a455b8eab4a6c09324e1f166273588d8,.,com.j256.ormlite.dao.RuntimeExceptionDaoTest.testDeletePreparedThrow,OD-Vic,Accepted,https://github.com/j256/ormlite-core/pull/310,c80bde196ca152ecc8a3c4f38f77dbe5a4ea3232,2,,,
https://github.com/j256/ormlite-core,632b87c2a455b8eab4a6c09324e1f166273588d8,.,com.j256.ormlite.dao.RuntimeExceptionDaoTest.testDeleteThrow,OD-Vic,Accepted,https://github.com/j256/ormlite-core/pull/310,c80bde196ca152ecc8a3c4f38f77dbe5a4ea3232,2,,,
https://github.com/j256/ormlite-core,632b87c2a455b8eab4a6c09324e1f166273588d8,.,com.j256.ormlite.dao.RuntimeExceptionDaoTest.testEndThreadConnectionThrows,OD-Vic,Accepted,https://github.com/j256/ormlite-core/pull/310,c80bde196ca152ecc8a3c4f38f77dbe5a4ea3232,2,,,
https://github.com/j256/ormlite-core,632b87c2a455b8eab4a6c09324e1f166273588d8,.,com.j256.ormlite.dao.RuntimeExceptionDaoTest.testExecuteRawNoArgsThrow,OD-Vic,Accepted,https://github.com/j256/ormlite-core/pull/310,c80bde196ca152ecc8a3c4f38f77dbe5a4ea3232,2,,,
https://github.com/j256/ormlite-core,632b87c2a455b8eab4a6c09324e1f166273588d8,.,com.j256.ormlite.dao.RuntimeExceptionDaoTest.testExecuteRawThrow,OD-Vic,Accepted,https://github.com/j256/ormlite-core/pull/310,c80bde196ca152ecc8a3c4f38f77dbe5a4ea3232,2,,,
https://github.com/j256/ormlite-core,632b87c2a455b8eab4a6c09324e1f166273588d8,.,com.j256.ormlite.dao.RuntimeExceptionDaoTest.testExtractIdThrow,OD-Vic,Accepted,https://github.com/j256/ormlite-core/pull/310,c80bde196ca152ecc8a3c4f38f77dbe5a4ea3232,2,,,
https://github.com/j256/ormlite-core,632b87c2a455b8eab4a6c09324e1f166273588d8,.,com.j256.ormlite.dao.RuntimeExceptionDaoTest.testGetEmptyForeignCollectionThrow,OD-Vic,Accepted,https://github.com/j256/ormlite-core/pull/310,c80bde196ca152ecc8a3c4f38f77dbe5a4ea3232,2,,,
https://github.com/j256/ormlite-core,632b87c2a455b8eab4a6c09324e1f166273588d8,.,com.j256.ormlite.dao.RuntimeExceptionDaoTest.testGetSelectStarRowMapperThrow,OD-Vic,Accepted,https://github.com/j256/ormlite-core/pull/310,c80bde196ca152ecc8a3c4f38f77dbe5a4ea3232,2,,,
https://github.com/j256/ormlite-core,632b87c2a455b8eab4a6c09324e1f166273588d8,.,com.j256.ormlite.dao.RuntimeExceptionDaoTest.testIdExistsThrows,OD-Vic,Accepted,https://github.com/j256/ormlite-core/pull/310,c80bde196ca152ecc8a3c4f38f77dbe5a4ea3232,2,,,
https://github.com/j256/ormlite-core,632b87c2a455b8eab4a6c09324e1f166273588d8,.,com.j256.ormlite.dao.RuntimeExceptionDaoTest.testIsAutoCommitThrows,OD-Vic,Accepted,https://github.com/j256/ormlite-core/pull/310,c80bde196ca152ecc8a3c4f38f77dbe5a4ea3232,2,,,
https://github.com/j256/ormlite-core,632b87c2a455b8eab4a6c09324e1f166273588d8,.,com.j256.ormlite.dao.RuntimeExceptionDaoTest.testIsTableExistsThrow,OD-Vic,Accepted,https://github.com/j256/ormlite-core/pull/310,c80bde196ca152ecc8a3c4f38f77dbe5a4ea3232,2,,,
https://github.com/j256/ormlite-core,632b87c2a455b8eab4a6c09324e1f166273588d8,.,com.j256.ormlite.dao.RuntimeExceptionDaoTest.testIteratorQueryFlags,OD-Vic,Accepted,https://github.com/j256/ormlite-core/pull/310,c80bde196ca152ecc8a3c4f38f77dbe5a4ea3232,2,,,
https://github.com/j256/ormlite-core,632b87c2a455b8eab4a6c09324e1f166273588d8,.,com.j256.ormlite.dao.RuntimeExceptionDaoTest.testIteratorThrow,OD-Vic,Accepted,https://github.com/j256/ormlite-core/pull/310,c80bde196ca152ecc8a3c4f38f77dbe5a4ea3232,2,,,
https://github.com/j256/ormlite-core,632b87c2a455b8eab4a6c09324e1f166273588d8,.,com.j256.ormlite.dao.RuntimeExceptionDaoTest.testMapSelectStarRowThrow,OD-Vic,Accepted,https://github.com/j256/ormlite-core/pull/310,c80bde196ca152ecc8a3c4f38f77dbe5a4ea3232,2,,,
https://github.com/j256/ormlite-core,632b87c2a455b8eab4a6c09324e1f166273588d8,.,com.j256.ormlite.dao.RuntimeExceptionDaoTest.testObjectsEqualThrow,OD-Vic,Accepted,https://github.com/j256/ormlite-core/pull/310,c80bde196ca152ecc8a3c4f38f77dbe5a4ea3232,2,,,
https://github.com/j256/ormlite-core,632b87c2a455b8eab4a6c09324e1f166273588d8,.,com.j256.ormlite.dao.RuntimeExceptionDaoTest.testQueryForAllThrow,OD-Vic,Accepted,https://github.com/j256/ormlite-core/pull/310,c80bde196ca152ecc8a3c4f38f77dbe5a4ea3232,2,,,
https://github.com/j256/ormlite-core,632b87c2a455b8eab4a6c09324e1f166273588d8,.,com.j256.ormlite.dao.RuntimeExceptionDaoTest.testQueryForEqThrow,OD-Vic,Accepted,https://github.com/j256/ormlite-core/pull/310,c80bde196ca152ecc8a3c4f38f77dbe5a4ea3232,2,,,
https://github.com/j256/ormlite-core,632b87c2a455b8eab4a6c09324e1f166273588d8,.,com.j256.ormlite.dao.RuntimeExceptionDaoTest.testQueryForFieldsValuesArgsThrow,OD-Vic,Accepted,https://github.com/j256/ormlite-core/pull/310,c80bde196ca152ecc8a3c4f38f77dbe5a4ea3232,2,,,
https://github.com/j256/ormlite-core,632b87c2a455b8eab4a6c09324e1f166273588d8,.,com.j256.ormlite.dao.RuntimeExceptionDaoTest.testQueryForFieldsValuesThrow,OD-Vic,Accepted,https://github.com/j256/ormlite-core/pull/310,c80bde196ca152ecc8a3c4f38f77dbe5a4ea3232,2,,,
https://github.com/j256/ormlite-core,632b87c2a455b8eab4a6c09324e1f166273588d8,.,com.j256.ormlite.dao.RuntimeExceptionDaoTest.testQueryForFirstPreparedThrow,OD-Vic,Accepted,https://github.com/j256/ormlite-core/pull/310,c80bde196ca152ecc8a3c4f38f77dbe5a4ea3232,2,,,
https://github.com/j256/ormlite-core,632b87c2a455b8eab4a6c09324e1f166273588d8,.,com.j256.ormlite.dao.RuntimeExceptionDaoTest.testQueryForIdThrow,OD-Vic,Accepted,https://github.com/j256/ormlite-core/pull/310,c80bde196ca152ecc8a3c4f38f77dbe5a4ea3232,2,,,
https://github.com/j256/ormlite-core,632b87c2a455b8eab4a6c09324e1f166273588d8,.,com.j256.ormlite.dao.RuntimeExceptionDaoTest.testQueryForMatchingArgsThrow,OD-Vic,Accepted,https://github.com/j256/ormlite-core/pull/310,c80bde196ca152ecc8a3c4f38f77dbe5a4ea3232,2,,,
https://github.com/j256/ormlite-core,632b87c2a455b8eab4a6c09324e1f166273588d8,.,com.j256.ormlite.dao.RuntimeExceptionDaoTest.testQueryForMatchingThrow,OD-Vic,Accepted,https://github.com/j256/ormlite-core/pull/310,c80bde196ca152ecc8a3c4f38f77dbe5a4ea3232,2,,,
https://github.com/j256/ormlite-core,632b87c2a455b8eab4a6c09324e1f166273588d8,.,com.j256.ormlite.dao.RuntimeExceptionDaoTest.testQueryForSameIdThrow,OD-Vic,Accepted,https://github.com/j256/ormlite-core/pull/310,c80bde196ca152ecc8a3c4f38f77dbe5a4ea3232,2,,,
https://github.com/j256/ormlite-core,632b87c2a455b8eab4a6c09324e1f166273588d8,.,com.j256.ormlite.dao.RuntimeExceptionDaoTest.testQueryRawDatatypesThrows,OD-Vic,Accepted,https://github.com/j256/ormlite-core/pull/310,c80bde196ca152ecc8a3c4f38f77dbe5a4ea3232,2,,,
https://github.com/j256/ormlite-core,632b87c2a455b8eab4a6c09324e1f166273588d8,.,com.j256.ormlite.dao.RuntimeExceptionDaoTest.testQueryRawDateTypesThrow,OD-Vic,Accepted,https://github.com/j256/ormlite-core/pull/310,c80bde196ca152ecc8a3c4f38f77dbe5a4ea3232,2,,,
https://github.com/j256/ormlite-core,632b87c2a455b8eab4a6c09324e1f166273588d8,.,com.j256.ormlite.dao.RuntimeExceptionDaoTest.testQueryRawMapperThrows,OD-Vic,Accepted,https://github.com/j256/ormlite-core/pull/310,c80bde196ca152ecc8a3c4f38f77dbe5a4ea3232,2,,,
https://github.com/j256/ormlite-core,632b87c2a455b8eab4a6c09324e1f166273588d8,.,com.j256.ormlite.dao.RuntimeExceptionDaoTest.testQueryRawRowMapperThrow,OD-Vic,Accepted,https://github.com/j256/ormlite-core/pull/310,c80bde196ca152ecc8a3c4f38f77dbe5a4ea3232,2,,,
https://github.com/j256/ormlite-core,632b87c2a455b8eab4a6c09324e1f166273588d8,.,com.j256.ormlite.dao.RuntimeExceptionDaoTest.testQueryRawThrow,OD-Vic,Accepted,https://github.com/j256/ormlite-core/pull/310,c80bde196ca152ecc8a3c4f38f77dbe5a4ea3232,2,,,
https://github.com/j256/ormlite-core,632b87c2a455b8eab4a6c09324e1f166273588d8,.,com.j256.ormlite.dao.RuntimeExceptionDaoTest.testQueryRawValueThrow,OD-Vic,Accepted,https://github.com/j256/ormlite-core/pull/310,c80bde196ca152ecc8a3c4f38f77dbe5a4ea3232,2,,,
https://github.com/j256/ormlite-core,632b87c2a455b8eab4a6c09324e1f166273588d8,.,com.j256.ormlite.dao.RuntimeExceptionDaoTest.testQueryThrow,OD-Vic,Accepted,https://github.com/j256/ormlite-core/pull/310,c80bde196ca152ecc8a3c4f38f77dbe5a4ea3232,2,,,
https://github.com/j256/ormlite-core,632b87c2a455b8eab4a6c09324e1f166273588d8,.,com.j256.ormlite.dao.RuntimeExceptionDaoTest.testRefreshThrow,OD-Vic,Accepted,https://github.com/j256/ormlite-core/pull/310,c80bde196ca152ecc8a3c4f38f77dbe5a4ea3232,2,,,
https://github.com/j256/ormlite-core,632b87c2a455b8eab4a6c09324e1f166273588d8,.,com.j256.ormlite.dao.RuntimeExceptionDaoTest.testRollbackThrows,OD-Vic,Accepted,https://github.com/j256/ormlite-core/pull/310,c80bde196ca152ecc8a3c4f38f77dbe5a4ea3232,2,,,
https://github.com/j256/ormlite-core,632b87c2a455b8eab4a6c09324e1f166273588d8,.,com.j256.ormlite.dao.RuntimeExceptionDaoTest.testSetAutoCommitThrows,OD-Vic,Accepted,https://github.com/j256/ormlite-core/pull/310,c80bde196ca152ecc8a3c4f38f77dbe5a4ea3232,2,,,
https://github.com/j256/ormlite-core,632b87c2a455b8eab4a6c09324e1f166273588d8,.,com.j256.ormlite.dao.RuntimeExceptionDaoTest.testSetObjectCacheCacheThrow,OD-Vic,Accepted,https://github.com/j256/ormlite-core/pull/310,c80bde196ca152ecc8a3c4f38f77dbe5a4ea3232,2,,,
https://github.com/j256/ormlite-core,632b87c2a455b8eab4a6c09324e1f166273588d8,.,com.j256.ormlite.dao.RuntimeExceptionDaoTest.testSetObjectCacheThrow,OD-Vic,Accepted,https://github.com/j256/ormlite-core/pull/310,c80bde196ca152ecc8a3c4f38f77dbe5a4ea3232,2,,,
https://github.com/j256/ormlite-core,632b87c2a455b8eab4a6c09324e1f166273588d8,.,com.j256.ormlite.dao.RuntimeExceptionDaoTest.testStartThreadConnectionThrows,OD-Vic,Accepted,https://github.com/j256/ormlite-core/pull/310,c80bde196ca152ecc8a3c4f38f77dbe5a4ea3232,2,,,
https://github.com/j256/ormlite-core,632b87c2a455b8eab4a6c09324e1f166273588d8,.,com.j256.ormlite.dao.RuntimeExceptionDaoTest.testUpdateIdThrow,OD-Vic,Accepted,https://github.com/j256/ormlite-core/pull/310,c80bde196ca152ecc8a3c4f38f77dbe5a4ea3232,2,,,
https://github.com/j256/ormlite-core,632b87c2a455b8eab4a6c09324e1f166273588d8,.,com.j256.ormlite.dao.RuntimeExceptionDaoTest.testUpdatePreparedThrow,OD-Vic,Accepted,https://github.com/j256/ormlite-core/pull/310,c80bde196ca152ecc8a3c4f38f77dbe5a4ea3232,2,,,
https://github.com/j256/ormlite-core,632b87c2a455b8eab4a6c09324e1f166273588d8,.,com.j256.ormlite.dao.RuntimeExceptionDaoTest.testUpdateRawThrow,OD-Vic,Accepted,https://github.com/j256/ormlite-core/pull/310,c80bde196ca152ecc8a3c4f38f77dbe5a4ea3232,2,,,
https://github.com/j256/ormlite-core,632b87c2a455b8eab4a6c09324e1f166273588d8,.,com.j256.ormlite.dao.RuntimeExceptionDaoTest.testUpdateThrow,OD-Vic,Accepted,https://github.com/j256/ormlite-core/pull/310,c80bde196ca152ecc8a3c4f38f77dbe5a4ea3232,2,,,
https://github.com/j256/ormlite-core,632b87c2a455b8eab4a6c09324e1f166273588d8,.,com.j256.ormlite.db.BaseDatabaseTypeTest.testDriverNotFound,OD-Vic,Accepted,https://github.com/j256/ormlite-core/pull/310,c80bde196ca152ecc8a3c4f38f77dbe5a4ea3232,2,,,
https://github.com/j256/ormlite-core,f75ab557d902b11a7ae320e713c3a7fd5ba1f117,.,com.j256.ormlite.field.FieldTypeTest.testCanBeNull,ID,Accepted,https://github.com/j256/ormlite-core/pull/228,4d6a911b31d022bc59e60931fde453f6c3cd5d26,3,,,
https://github.com/j256/ormlite-core,632b87c2a455b8eab4a6c09324e1f166273588d8,.,com.j256.ormlite.misc.TransactionManagerTest.testConnectionLeakCreateList,OD-Vic,Accepted,https://github.com/j256/ormlite-core/pull/310,c80bde196ca152ecc8a3c4f38f77dbe5a4ea3232,2,,,
https://github.com/j256/ormlite-core,632b87c2a455b8eab4a6c09324e1f166273588d8,.,com.j256.ormlite.misc.TransactionManagerTest.testDaoTransactionManagerCommitted,OD-Vic,Accepted,https://github.com/j256/ormlite-core/pull/310,c80bde196ca152ecc8a3c4f38f77dbe5a4ea3232,2,,,
https://github.com/j256/ormlite-core,632b87c2a455b8eab4a6c09324e1f166273588d8,.,com.j256.ormlite.misc.TransactionManagerTest.testNestedTransactions,OD-Vic,Accepted,https://github.com/j256/ormlite-core/pull/310,c80bde196ca152ecc8a3c4f38f77dbe5a4ea3232,2,,,
https://github.com/j256/ormlite-core,632b87c2a455b8eab4a6c09324e1f166273588d8,.,com.j256.ormlite.misc.TransactionManagerTest.testNestedTransactionsReleaseFails,OD-Vic,Accepted,https://github.com/j256/ormlite-core/pull/310,c80bde196ca152ecc8a3c4f38f77dbe5a4ea3232,2,,,
https://github.com/j256/ormlite-core,632b87c2a455b8eab4a6c09324e1f166273588d8,.,com.j256.ormlite.misc.TransactionManagerTest.testNonRuntimeExceptionWiredRollBack,OD-Vic,Accepted,https://github.com/j256/ormlite-core/pull/310,c80bde196ca152ecc8a3c4f38f77dbe5a4ea3232,2,,,
https://github.com/j256/ormlite-core,632b87c2a455b8eab4a6c09324e1f166273588d8,.,com.j256.ormlite.misc.TransactionManagerTest.testRollBack,OD-Vic,Accepted,https://github.com/j256/ormlite-core/pull/310,c80bde196ca152ecc8a3c4f38f77dbe5a4ea3232,2,,,
https://github.com/j256/ormlite-core,632b87c2a455b8eab4a6c09324e1f166273588d8,.,com.j256.ormlite.misc.TransactionManagerTest.testSpringWiredRollBack,OD-Vic,Accepted,https://github.com/j256/ormlite-core/pull/310,c80bde196ca152ecc8a3c4f38f77dbe5a4ea3232,2,,,
https://github.com/j256/ormlite-core,632b87c2a455b8eab4a6c09324e1f166273588d8,.,com.j256.ormlite.misc.TransactionManagerTest.testTransactionManager,OD-Vic,Accepted,https://github.com/j256/ormlite-core/pull/310,c80bde196ca152ecc8a3c4f38f77dbe5a4ea3232,2,,,
https://github.com/j256/ormlite-core,632b87c2a455b8eab4a6c09324e1f166273588d8,.,com.j256.ormlite.misc.TransactionManagerTest.testTransactionManagerAutoCommitOn,OD-Vic,Accepted,https://github.com/j256/ormlite-core/pull/310,c80bde196ca152ecc8a3c4f38f77dbe5a4ea3232,2,,,
https://github.com/j256/ormlite-core,632b87c2a455b8eab4a6c09324e1f166273588d8,.,com.j256.ormlite.misc.TransactionManagerTest.testTransactionManagerAutoCommitSupported,OD-Vic,Accepted,https://github.com/j256/ormlite-core/pull/310,c80bde196ca152ecc8a3c4f38f77dbe5a4ea3232,2,,,
https://github.com/j256/ormlite-core,632b87c2a455b8eab4a6c09324e1f166273588d8,.,com.j256.ormlite.misc.TransactionManagerTest.testTransactionManagerRollback,OD-Vic,Accepted,https://github.com/j256/ormlite-core/pull/310,c80bde196ca152ecc8a3c4f38f77dbe5a4ea3232,2,,,
https://github.com/j256/ormlite-core,632b87c2a455b8eab4a6c09324e1f166273588d8,.,com.j256.ormlite.misc.TransactionManagerTest.testTransactionManagerRollbackNullSavePoint,OD-Vic,Accepted,https://github.com/j256/ormlite-core/pull/310,c80bde196ca152ecc8a3c4f38f77dbe5a4ea3232,2,,,
https://github.com/j256/ormlite-core,632b87c2a455b8eab4a6c09324e1f166273588d8,.,com.j256.ormlite.misc.TransactionManagerTest.testTransactionManagerRollbackOtherException,OD-Vic,Accepted,https://github.com/j256/ormlite-core/pull/310,c80bde196ca152ecc8a3c4f38f77dbe5a4ea3232,2,,,
https://github.com/j256/ormlite-core,632b87c2a455b8eab4a6c09324e1f166273588d8,.,com.j256.ormlite.misc.TransactionManagerTest.testTransactionManagerSavePointNull,OD-Vic,Accepted,https://github.com/j256/ormlite-core/pull/310,c80bde196ca152ecc8a3c4f38f77dbe5a4ea3232,2,,,
https://github.com/j256/ormlite-core,632b87c2a455b8eab4a6c09324e1f166273588d8,.,com.j256.ormlite.misc.TransactionManagerTest.testTransactionManagerTableName,OD-Vic,Accepted,https://github.com/j256/ormlite-core/pull/310,c80bde196ca152ecc8a3c4f38f77dbe5a4ea3232,2,,,
https://github.com/j256/ormlite-core,632b87c2a455b8eab4a6c09324e1f166273588d8,.,com.j256.ormlite.misc.TransactionManagerTest.testTransactionWithinTransaction,OD-Vic,Accepted,https://github.com/j256/ormlite-core/pull/310,c80bde196ca152ecc8a3c4f38f77dbe5a4ea3232,2,,,
https://github.com/j256/ormlite-core,632b87c2a455b8eab4a6c09324e1f166273588d8,.,com.j256.ormlite.misc.TransactionManagerTest.testTransactionWithinTransactionFails,OD-Vic,Accepted,https://github.com/j256/ormlite-core/pull/310,c80bde196ca152ecc8a3c4f38f77dbe5a4ea3232,2,,,
https://github.com/j256/ormlite-core,632b87c2a455b8eab4a6c09324e1f166273588d8,.,com.j256.ormlite.stmt.QueryBuilderWithSchemaTest.testQueryRawColumnsNotQuery,OD-Vic,Accepted,https://github.com/j256/ormlite-core/pull/310,c80bde196ca152ecc8a3c4f38f77dbe5a4ea3232,2,,,
https://github.com/j256/ormlite-core,632b87c2a455b8eab4a6c09324e1f166273588d8,.,com.j256.ormlite.stmt.StatementExecutorTest.testCallBatchTasksNestedInTransaction,OD-Vic,Accepted,https://github.com/j256/ormlite-core/pull/310,c80bde196ca152ecc8a3c4f38f77dbe5a4ea3232,2,,,
https://github.com/j256/ormlite-core,632b87c2a455b8eab4a6c09324e1f166273588d8,.,com.j256.ormlite.support.BaseConnectionSourceTest.testClearDifferentConnection,OD-Vic,Accepted,https://github.com/j256/ormlite-core/pull/310,c80bde196ca152ecc8a3c4f38f77dbe5a4ea3232,2,,,
https://github.com/j256/ormlite-core,632b87c2a455b8eab4a6c09324e1f166273588d8,.,com.j256.ormlite.support.BaseConnectionSourceTest.testClearNone,OD-Vic,Accepted,https://github.com/j256/ormlite-core/pull/310,c80bde196ca152ecc8a3c4f38f77dbe5a4ea3232,2,,,
https://github.com/j256/ormlite-core,632b87c2a455b8eab4a6c09324e1f166273588d8,.,com.j256.ormlite.support.DatabaseConnectionProxyFactoryTest.testBasic,OD-Vic,Accepted,https://github.com/j256/ormlite-core/pull/310,c80bde196ca152ecc8a3c4f38f77dbe5a4ea3232,2,,,
https://github.com/j256/ormlite-core,f75ab557d902b11a7ae320e713c3a7fd5ba1f117,.,com.j256.ormlite.support.DatabaseConnectionProxyFactoryTest.testBasic,ID,Accepted,https://github.com/j256/ormlite-core/pull/222,0e0fd7013afa284ac458874defaf90504136e938,2,,,
https://github.com/j256/ormlite-core,632b87c2a455b8eab4a6c09324e1f166273588d8,.,com.j256.ormlite.support.DatabaseConnectionProxyFactoryTest.testChangeInsertValue,OD-Vic,Accepted,https://github.com/j256/ormlite-core/pull/310,c80bde196ca152ecc8a3c4f38f77dbe5a4ea3232,2,,,
https://github.com/j256/ormlite-core,f75ab557d902b11a7ae320e713c3a7fd5ba1f117,.,com.j256.ormlite.support.DatabaseConnectionProxyFactoryTest.testChangeInsertValue,ID,Accepted,https://github.com/j256/ormlite-core/pull/222,0e0fd7013afa284ac458874defaf90504136e938,2,,,
https://github.com/j256/ormlite-core,f75ab557d902b11a7ae320e713c3a7fd5ba1f117,.,com.j256.ormlite.support.ReflectionDatabaseConnectionProxyFactoryTest.testBasic,ID,Accepted,https://github.com/j256/ormlite-core/pull/223,f0ff9a1ed7e70086a4704a365c12149a9eef0d00,1,,,
https://github.com/j256/ormlite-core,61ebf9e20fcc1e243de3e40b235445bae4de6dbc,.,com.j256.ormlite.table.DatabaseTableConfigTest.testMultiAfter,ID,Accepted,https://github.com/j256/ormlite-core/pull/304,e7490edc5128bb5a839caf27942758746479594f,1,,,
https://github.com/j256/ormlite-core,632b87c2a455b8eab4a6c09324e1f166273588d8,.,com.j256.ormlite.table.SchemaUtilsTest.testCreateIfNotExists,OD-Vic,Accepted,https://github.com/j256/ormlite-core/pull/310,c80bde196ca152ecc8a3c4f38f77dbe5a4ea3232,2,,,
https://github.com/j256/ormlite-core,632b87c2a455b8eab4a6c09324e1f166273588d8,.,com.j256.ormlite.table.SchemaUtilsTest.testCreateSchema,OD-Vic,Accepted,https://github.com/j256/ormlite-core/pull/310,c80bde196ca152ecc8a3c4f38f77dbe5a4ea3232,2,,,
https://github.com/j256/ormlite-core,632b87c2a455b8eab4a6c09324e1f166273588d8,.,com.j256.ormlite.table.SchemaUtilsTest.testCreateSchemaDao,OD-Vic,Accepted,https://github.com/j256/ormlite-core/pull/310,c80bde196ca152ecc8a3c4f38f77dbe5a4ea3232,2,,,
https://github.com/j256/ormlite-core,632b87c2a455b8eab4a6c09324e1f166273588d8,.,com.j256.ormlite.table.SchemaUtilsTest.testCreateSchemaName,OD-Vic,Accepted,https://github.com/j256/ormlite-core/pull/310,c80bde196ca152ecc8a3c4f38f77dbe5a4ea3232,2,,,
https://github.com/j256/ormlite-core,632b87c2a455b8eab4a6c09324e1f166273588d8,.,com.j256.ormlite.table.SchemaUtilsTest.testDropSchema,OD-Vic,Accepted,https://github.com/j256/ormlite-core/pull/310,c80bde196ca152ecc8a3c4f38f77dbe5a4ea3232,2,,,
https://github.com/j256/ormlite-core,632b87c2a455b8eab4a6c09324e1f166273588d8,.,com.j256.ormlite.table.SchemaUtilsTest.testDropSchemaThrow,OD-Vic,Accepted,https://github.com/j256/ormlite-core/pull/310,c80bde196ca152ecc8a3c4f38f77dbe5a4ea3232,2,,,
https://github.com/j256/ormlite-core,632b87c2a455b8eab4a6c09324e1f166273588d8,.,com.j256.ormlite.table.TableUtilsTest.testMissingCreate,OD-Vic,Accepted,https://github.com/j256/ormlite-core/pull/310,c80bde196ca152ecc8a3c4f38f77dbe5a4ea3232,2,,,
https://github.com/javadev/underscore-java,cd437058731dcce7ce0206857610b8c3842384e6,.,com.github.underscore.ArraysTest.replace,ID,Accepted,https://github.com/javadev/underscore-java/pull/304,595dc34189b2ec73e8badfa273e5725e71d0a2ee,1,,,
https://github.com/jdereg/java-util,245458a912e04bf85116b10f240e7b4be217cd4f,.,com.cedarsoftware.util.TestGraphComparator.testNewArrayElement,ID,Accepted,https://github.com/jdereg/java-util/pull/106,c71567ea1969fc67295557a63eb1a191c2f878b4,1,,,
https://github.com/jdereg/json-io,45699f116bdaac9449cc58fbdd9310f00ac6df5b,.,com.cedarsoftware.io.AtomicBooleanTest.testAssignAtomicBoolean,ID,Accepted,https://github.com/jdereg/json-io/pull/301,d0c8b93cb45d0415d5ca8cb6a7e4aafaff7d5969,2,,,
https://github.com/jdereg/json-io,0df114821029ecb9bfbd0e3657f2b515c9a85889,.,com.cedarsoftware.io.CollectionTests.testEnumsInsideOfACollection_whenWritingAsObject_withPrivateMembersIncluded,ID,Accepted,https://github.com/jdereg/json-io/pull/301,d0c8b93cb45d0415d5ca8cb6a7e4aafaff7d5969,2,,,
https://github.com/jdereg/json-io,a6f9b6bbf0bd99cd9fa681d7ffeceb90ea87461e,.,com.cedarsoftware.io.MapsTest.testMap,ID,Accepted,https://github.com/jdereg/json-io/pull/302,c2c007c214c52de5eb4be75490d90896d8916466,1,,,
https://github.com/jdereg/json-io,8d46689078710b044c80ff577c486e323d035eb5,.,com.cedarsoftware.io.MapsTest.testReconstituteMap,ID,Accepted,https://github.com/jdereg/json-io/pull/302,c2c007c214c52de5eb4be75490d90896d8916466,1,,,
https://github.com/jdereg/json-io,45699f116bdaac9449cc58fbdd9310f00ac6df5b,.,com.cedarsoftware.io.NoTypeTest.testNoType,ID,Accepted,https://github.com/jdereg/json-io/pull/301,d0c8b93cb45d0415d5ca8cb6a7e4aafaff7d5969,2,,,
https://github.com/jdereg/json-io,fc5e2d1e442cb1172bbeaa7a16daece76c298214,.,com.cedarsoftware.io.PrettyPrintTest.testPrettyPrint,ID,Accepted,https://github.com/jdereg/json-io/pull/301,d0c8b93cb45d0415d5ca8cb6a7e4aafaff7d5969,2,,,
https://github.com/jdereg/json-io,e2dfec0aa5b539f8b2e1eca8c56ebede4d9b1215,.,com.cedarsoftware.io.TestGraphComparatorList.testNewArrayElement,ID,Accepted,https://github.com/jdereg/json-io/pull/303,1d2fb64e2abf8898e2e628533791e090f60f97bf,1,,,
https://github.com/jdereg/json-io,f8958ef52bbdc94f8aed7d98c96d2775200ec7e7,.,com.cedarsoftware.util.io.AtomicIntegerTest.testAssignAtomicInteger,ID,Accepted,https://github.com/jdereg/json-io/pull/295,9f55e5ba93f9343cd91d0a1c6c2db65b28050e29,1,,,
https://github.com/jdereg/json-io,f8958ef52bbdc94f8aed7d98c96d2775200ec7e7,.,com.cedarsoftware.util.io.EnumTests.testEnumWithPrivateMembersAsField_withPrivatesOn,ID,Accepted,https://github.com/jdereg/json-io/pull/297,9237102adfeccdcfd3694931d551c24957962520,1,,,
https://github.com/jetty/jetty.project,9cede68b355515e1cf8802fd1fcf67aa7547aad1,jetty-server,org.eclipse.jetty.server.ssl.SniSslConnectionFactoryTest.testSNIConnectNoWild,ID,Accepted,https://github.com/jetty/jetty.project/pull/10885,,1,,,
https://github.com/jetty/jetty.project,9cede68b355515e1cf8802fd1fcf67aa7547aad1,jetty-server,org.eclipse.jetty.server.ssl.SslConnectionFactoryTest.testSNIConnect,ID,Accepted,https://github.com/jetty/jetty.project/pull/10885,,1,,,
https://github.com/jmeter-maven-plugin/jmeter-maven-plugin,618363c461843ec2849cdc15d53ee85bdbaec3f2,.,com.lazerycode.jmeter.json.TestConfigTest.createConfigFromResourceFile,ID,Accepted,https://github.com/jmeter-maven-plugin/jmeter-maven-plugin/pull/408,6636cd7cf376f23ed49a2cdcc91d7b4b9ff66ec5,1,,,
https://github.com/jnr/jnr-posix,dbda72ce198a8dd766c30c591d63d726d2a28a7c,.,jnr.posix.GroupTest.getgroups,OD,Accepted,https://github.com/jnr/jnr-posix/pull/185,3b3e32f8c448e910abbb7b770fde0fffb44a47e7,1,,https://github.com/TestingResearchIllinois/flaky-test-dataset/issues/84,
https://github.com/jnr/jnr-posix,dbda72ce198a8dd766c30c591d63d726d2a28a7c,.,jnr.posix.NlLanginfoTest.testNlLanginfo,OD,Accepted,https://github.com/jnr/jnr-posix/pull/185,3b3e32f8c448e910abbb7b770fde0fffb44a47e7,1,,https://github.com/TestingResearchIllinois/flaky-test-dataset/issues/84,
https://github.com/jnr/jnr-posix,dbda72ce198a8dd766c30c591d63d726d2a28a7c,.,jnr.posix.SpawnTest.closeInput,OD,Accepted,https://github.com/jnr/jnr-posix/pull/185,3b3e32f8c448e910abbb7b770fde0fffb44a47e7,1,,https://github.com/TestingResearchIllinois/flaky-test-dataset/issues/84,
https://github.com/jnr/jnr-posix,dbda72ce198a8dd766c30c591d63d726d2a28a7c,.,jnr.posix.SpawnTest.inputPipe,OD,Accepted,https://github.com/jnr/jnr-posix/pull/185,3b3e32f8c448e910abbb7b770fde0fffb44a47e7,1,,https://github.com/TestingResearchIllinois/flaky-test-dataset/issues/84,
https://github.com/jnr/jnr-posix,dbda72ce198a8dd766c30c591d63d726d2a28a7c,.,jnr.posix.SpawnTest.outputPipe,OD,Accepted,https://github.com/jnr/jnr-posix/pull/185,3b3e32f8c448e910abbb7b770fde0fffb44a47e7,1,,https://github.com/TestingResearchIllinois/flaky-test-dataset/issues/84,
https://github.com/jnr/jnr-posix,dbda72ce198a8dd766c30c591d63d726d2a28a7c,.,jnr.posix.SpawnTest.validPid,OD,Accepted,https://github.com/jnr/jnr-posix/pull/185,3b3e32f8c448e910abbb7b770fde0fffb44a47e7,1,,https://github.com/TestingResearchIllinois/flaky-test-dataset/issues/84,
https://github.com/jolokia/jolokia,ead322cc39f43b5b46d9353f539896a430a61b69,jolokia-jvm,org.jolokia.jvmagent.JolokiaServerTest.http,ID,Accepted,https://github.com/jolokia/jolokia/pull/765,63afa15b0e444aff3fd38fbb4bebf274de573454,1,,,
https://github.com/jolokia/jolokia,ead322cc39f43b5b46d9353f539896a430a61b69,jolokia-jvm,org.jolokia.jvmagent.JolokiaServerTest.serverPicksThePort,ID,Accepted,https://github.com/jolokia/jolokia/pull/765,63afa15b0e444aff3fd38fbb4bebf274de573454,1,,,
https://github.com/jolokia/jolokia,ead322cc39f43b5b46d9353f539896a430a61b69,jolokia-jvm,org.jolokia.jvmagent.JolokiaServerTest.sslWithSpecialHttpsSettings,ID,Accepted,https://github.com/jolokia/jolokia/pull/756,4d6d819cc20ba28ca14dd213b06ea1154d06555b,1,,,
https://github.com/jolokia/jolokia,ead322cc39f43b5b46d9353f539896a430a61b69,jolokia-spring,org.jolokia.jvmagent.spring.JolokiaServerIntegrationTest.simple,ID,Accepted,https://github.com/jolokia/jolokia/pull/750,972b359d5f43a0e32ad97d3f10d9c2d39275d724,1,,,
https://github.com/jolokia/jolokia,ead322cc39f43b5b46d9353f539896a430a61b69,jolokia-spring,org.jolokia.jvmagent.spring.JolokiaServerIntegrationTest.withPlainBean,ID,Accepted,https://github.com/jolokia/jolokia/pull/750,972b359d5f43a0e32ad97d3f10d9c2d39275d724,1,,,
https://github.com/jolokia/jolokia,ead322cc39f43b5b46d9353f539896a430a61b69,jolokia-spring,org.jolokia.jvmagent.spring.SpringJolokiaServerTest.withMultiConfigAndStart,ID,Accepted,https://github.com/jolokia/jolokia/pull/750,972b359d5f43a0e32ad97d3f10d9c2d39275d724,1,,,
https://github.com/jolokia/jolokia,ead322cc39f43b5b46d9353f539896a430a61b69,jolokia-spring,org.jolokia.jvmagent.spring.SpringJolokiaServerTest.withStart,ID,Accepted,https://github.com/jolokia/jolokia/pull/750,972b359d5f43a0e32ad97d3f10d9c2d39275d724,1,,,
https://github.com/jolokia/jolokia,f769a3b1374909b64a2dfbbcb03918a487dce475,support/spring,org.jolokia.support.spring.SpringJolokiaServerTest.systemProperties,ID,Accepted,https://github.com/jolokia/jolokia/pull/750,972b359d5f43a0e32ad97d3f10d9c2d39275d724,1,,,
https://github.com/karatelabs/karate,14807dbf8d7c45f709299574222dd498b1fa5e67,karate-core,com.intuit.karate.JsonUtilsTest.testBeanConversion,ID,Accepted,https://github.com/karatelabs/karate/pull/1829,dbae11816f3ce1b4f62c6bc150af575f3a947438,1,,,
https://github.com/karatelabs/karate,09bc49eb6fcfc029a09dbdb385137ff71985c89b,karate-core,com.intuit.karate.JsonUtilsTest.testPojoConversion,ID,Accepted,https://github.com/karatelabs/karate/pull/1829,dbae11816f3ce1b4f62c6bc150af575f3a947438,1,,,
https://github.com/kiegroup/optaplanner,dff7457cb5ba1557727deddef5b675dd00fbf8a8,optaplanner-core,org.optaplanner.core.impl.domain.solution.descriptor.SolutionDescriptorTest.extendedAbstractSolution,ID,Accepted,https://github.com/kiegroup/optaplanner/pull/690,,,,,
https://github.com/kiegroup/optaplanner,dff7457cb5ba1557727deddef5b675dd00fbf8a8,optaplanner-core,org.optaplanner.core.impl.domain.solution.descriptor.SolutionDescriptorTest.extendedAbstractSolutionOverridesGetScore,ID,Accepted,https://github.com/kiegroup/optaplanner/pull/690,,,,,
https://github.com/knowm/XChange,d56e61f2cf1368f917965a8c43f292a2a1b28ebc,xchange-kraken,org.knowm.xchange.kraken.KrakenUtilsTest.testAdaptTradeHistoryByCurrencyPair,ID,Accepted,https://github.com/knowm/XChange/pull/4788,f23f951c20855f07a6c28913112c0e7246396240,1,,,
https://github.com/Kong/unirest-java,36e7480d619507b8e96b10645a7ca72c0279832b,unirest,BehaviorTests.DefectTest.nullAndObjectValuesInMap,ID,Accepted,https://github.com/Kong/unirest-java/pull/408,c4b7e59a30c36a6493954583fea0cd34f2eb319d,1,,,
https://github.com/ktuukkan/marine-api,af0003847db9ba822f67d4f1dceb8de3fe63250a,.,net.sf.marineapi.ais.event.AbstractAISMessageListenerTest.testSequenceListenerWithIncorrectOrder,OD-Vic,Accepted,https://github.com/ktuukkan/marine-api/pull/109,b5b80bc2e8868e2cf0358e487e177668a8654a65,2,,,
https://github.com/ktuukkan/marine-api,af0003847db9ba822f67d4f1dceb8de3fe63250a,.,net.sf.marineapi.ais.parser.AISMessageFactoryTest.testCreateWithTwo,OD-Vic,Accepted,https://github.com/ktuukkan/marine-api/pull/109,b5b80bc2e8868e2cf0358e487e177668a8654a65,2,,,
https://github.com/kubernetes-client/java,e19a0ecbc9af258c43b486843df139c8ec8f117e,spring,io.kubernetes.client.spring.extended.controller.KubernetesInformerCreatorTest.testInformerInjection,OD,Accepted,https://github.com/kubernetes-client/java/pull/2897,7a53684380e9b000e02f98325c26a571b638fceb,1,,https://github.com/TestingResearchIllinois/flaky-test-dataset/issues/85,
https://github.com/languagetool-org/languagetool,b753260938b41c688b4dd3f3a24067449fdb97e8,languagetool-language-modules/de,org.languagetool.rules.de.LineExpanderTest.testExpansion,ID,Accepted,https://github.com/languagetool-org/languagetool/pull/11024,ee0356225b9ada2d68aac9e5e7be940cc5470298,1,,,
https://github.com/lets-blade/blade,2f1c463ee37537a31ca64634719cf618496e3500,blade-core,com.hellokaton.blade.BladeTest.testAddStatics,ID,Accepted,https://github.com/lets-blade/blade/pull/455,81ba02a5038dc14c4c149f36ea83ce1274731c8d,3,,,
https://github.com/lets-blade/blade,0efa4ed9dd3cbf5d3323d5d5876cfa4b051a9aa9,blade-core,com.hellokaton.blade.mvc.route.ANYBuilderTest.testCreateRouteBuilder,ID,Accepted,https://github.com/lets-blade/blade/pull/457,e925dead8ebeb2f0183bdc2dbaecba10d267e201,3,,,
https://github.com/lets-blade/blade,0efa4ed9dd3cbf5d3323d5d5876cfa4b051a9aa9,blade-core,com.hellokaton.blade.mvc.route.ANYMatcherTest.testAddMultiParameter,ID,Accepted,https://github.com/lets-blade/blade/pull/457,e925dead8ebeb2f0183bdc2dbaecba10d267e201,3,,,
https://github.com/lets-blade/blade,0efa4ed9dd3cbf5d3323d5d5876cfa4b051a9aa9,blade-core,com.hellokaton.blade.mvc.route.ANYMatcherTest.testAddRoute,ID,Accepted,https://github.com/lets-blade/blade/pull/457,e925dead8ebeb2f0183bdc2dbaecba10d267e201,3,,,
https://github.com/lets-blade/blade,0efa4ed9dd3cbf5d3323d5d5876cfa4b051a9aa9,blade-core,com.hellokaton.blade.mvc.route.ANYMatcherTest.testRouteMatcher,ID,Accepted,https://github.com/lets-blade/blade/pull/457,e925dead8ebeb2f0183bdc2dbaecba10d267e201,3,,,
https://github.com/liquibase/liquibase,31a22561423919b3875e0563a7bdcde3b9e457a9,liquibase-core,liquibase.sqlgenerator.core.AddColumnGeneratorDefaultClauseBeforeNotNullTest.testAddMultipleColumnsMySql,ID,Accepted,https://github.com/liquibase/liquibase/pull/926,71906e08c9116895329c7e37ea648b4c1de6af77,1,,,
https://github.com/liquibase/liquibase,31a22561423919b3875e0563a7bdcde3b9e457a9,liquibase-core,liquibase.sqlgenerator.core.AddColumnGeneratorTest.testAddMultipleColumnsMySql,ID,Accepted,https://github.com/liquibase/liquibase/pull/926,71906e08c9116895329c7e37ea648b4c1de6af77,1,,,
https://github.com/liquibase/liquibase,31a22561423919b3875e0563a7bdcde3b9e457a9,liquibase-core,liquibase.sqlgenerator.core.DropColumnGeneratorTest.testDropMultipleColumnsMySQL,ID,Accepted,https://github.com/liquibase/liquibase/pull/926,71906e08c9116895329c7e37ea648b4c1de6af77,1,,,
https://github.com/liquibase/liquibase,31a22561423919b3875e0563a7bdcde3b9e457a9,liquibase-core,liquibase.util.DependencyUtilTest.testIndependentBranchesCase,ID,Accepted,https://github.com/liquibase/liquibase/pull/1005,2245ab746e137d6c97ff42ff47ccf0e430a0f59e,1,,,
https://github.com/looly/hutool,c1642522bbf5adc70fb57517e46d5a921d9a5703,hutool-core,cn.hutool.core.util.EnumUtilTest.getFieldNamesTest,ID,Accepted,https://github.com/looly/hutool/pull/1270,57d68a4db19ed7ba98392488b7b9daca895f1e97,1,,,
https://github.com/microsoft/botbuilder-java,c048de28cc11d4250014d042fb57e57a1c6bdba5,libraries/bot-connector,com.microsoft.bot.restclient.AdditionalPropertiesSerializerTests.canSerializeAdditionalProperties,ID,Accepted,https://github.com/microsoft/botbuilder-java/pull/1367,6367769151a712e553b0d83a2baab9b81fe7574e,2,,RepoArchived,
https://github.com/microsoft/botbuilder-java,c048de28cc11d4250014d042fb57e57a1c6bdba5,libraries/bot-connector,com.microsoft.bot.restclient.AdditionalPropertiesSerializerTests.canSerializeAdditionalPropertiesThroughInheritance,ID,Accepted,https://github.com/microsoft/botbuilder-java/pull/1367,6367769151a712e553b0d83a2baab9b81fe7574e,2,,RepoArchived,
https://github.com/microsoft/botbuilder-java,c048de28cc11d4250014d042fb57e57a1c6bdba5,libraries/bot-connector,com.microsoft.bot.restclient.FlatteningSerializerTests.canFlatten,ID,Accepted,https://github.com/microsoft/botbuilder-java/pull/1367,6367769151a712e553b0d83a2baab9b81fe7574e,2,,RepoArchived,
https://github.com/microsoft/botbuilder-java,c048de28cc11d4250014d042fb57e57a1c6bdba5,libraries/bot-connector,com.microsoft.bot.restclient.FlatteningSerializerTests.canSerializeMapKeysWithDotAndSlash,ID,Accepted,https://github.com/microsoft/botbuilder-java/pull/1367,6367769151a712e553b0d83a2baab9b81fe7574e,2,,RepoArchived,
https://github.com/mirromutth/r2dbc-mysql,4b6afab92001d3e47d38278463bc7944f9eacd9b,.,dev.miku.r2dbc.mysql.codec.SetCodecTest.binarySet,ID,Accepted,https://github.com/mirromutth/r2dbc-mysql/pull/216,76beeac4fec35b6b1a49f1fcfd0407441d5ec8b2,1,,RepoArchived,
https://github.com/mirromutth/r2dbc-mysql,4b6afab92001d3e47d38278463bc7944f9eacd9b,.,dev.miku.r2dbc.mysql.codec.SetCodecTest.stringifySet,ID,Accepted,https://github.com/mirromutth/r2dbc-mysql/pull/216,76beeac4fec35b6b1a49f1fcfd0407441d5ec8b2,1,,RepoArchived,
https://github.com/mock-server/mockserver,3009f363b84df6a0ba377e72f6cff6ce204af0e8,mockserver-core,org.mockserver.mappers.HttpServletRequestToMockServerHttpRequestDecoderTest.shouldMapHttpServletRequestToHttpRequest,ID,Accepted,https://github.com/mock-server/mockserver/pull/1193,b6ff6e5ed603ceb8b3162bee2b24e72c9a0c3c90,1,,,
https://github.com/mock-server/mockserver,3009f363b84df6a0ba377e72f6cff6ce204af0e8,mockserver-core,org.mockserver.model.HttpForwardTest.shouldReturnFormattedRequestInToString,ID,Accepted,https://github.com/mock-server/mockserver/pull/932,942a9782fc31e5c2026c3761a9a6b5fe658960ed,4,,,
https://github.com/mock-server/mockserver,3009f363b84df6a0ba377e72f6cff6ce204af0e8,mockserver-core,org.mockserver.model.HttpResponseTest.shouldReturnFormattedRequestInToString,ID,Accepted,https://github.com/mock-server/mockserver/pull/945,b1093ef54a6c3c880076f71a815bf0e204bc27f2,1,,,
https://github.com/mock-server/mockserver,3009f363b84df6a0ba377e72f6cff6ce204af0e8,mockserver-core,org.mockserver.model.JsonBodyTest.shouldReturnValuesFromStaticObjectBuilder,ID,Accepted,https://github.com/mock-server/mockserver/pull/949,2831194150a43eb058f31bd64d9461ea99249c12,1,,,
https://github.com/mock-server/mockserver,3009f363b84df6a0ba377e72f6cff6ce204af0e8,mockserver-core,org.mockserver.model.JsonBodyTest.shouldReturnValuesFromStaticObjectBuilderWithCharsetAndMatchType,ID,Accepted,https://github.com/mock-server/mockserver/pull/949,2831194150a43eb058f31bd64d9461ea99249c12,1,,,
https://github.com/mock-server/mockserver,3009f363b84df6a0ba377e72f6cff6ce204af0e8,mockserver-core,org.mockserver.model.JsonBodyTest.shouldReturnValuesFromStaticObjectBuilderWithMatchType,ID,Accepted,https://github.com/mock-server/mockserver/pull/949,2831194150a43eb058f31bd64d9461ea99249c12,1,,,
https://github.com/mock-server/mockserver,3009f363b84df6a0ba377e72f6cff6ce204af0e8,mockserver-core,org.mockserver.model.JsonBodyTest.shouldReturnValuesFromStaticObjectBuilderWithMatchTypeAndCharset,ID,Accepted,https://github.com/mock-server/mockserver/pull/949,2831194150a43eb058f31bd64d9461ea99249c12,1,,,
https://github.com/mock-server/mockserver,3009f363b84df6a0ba377e72f6cff6ce204af0e8,mockserver-core,org.mockserver.model.JsonBodyTest.shouldReturnValuesFromStaticObjectBuilderWithMediaTypeAndMatchType,ID,Accepted,https://github.com/mock-server/mockserver/pull/949,2831194150a43eb058f31bd64d9461ea99249c12,1,,,
https://github.com/mock-server/mockserver,3009f363b84df6a0ba377e72f6cff6ce204af0e8,mockserver-core,org.mockserver.serialization.serializers.body.JsonBodySerializerTest.shouldSerializeJsonBodyAsObject,ID,Accepted,https://github.com/mock-server/mockserver/pull/1089,b76cfb4d5615354fc3599534fa31e020fe30cbfb,1,,,
https://github.com/moquette-io/moquette,7797062ad8957507f697acc8f1469861081ba8b5,broker,io.moquette.broker.MemoryRetainedRepositoryTest.testRetainedOnTopicReturnsWildcardTopicMatch,ID,Accepted,https://github.com/moquette-io/moquette/pull/781,79053a360f266f1305aa87a663def00bc4169f6c,1,,,
https://github.com/mybatis/mybatis-3,0ca486022cbc98bed6ae9d017919dae564986aec,.,org.apache.ibatis.reflection.ReflectorTest.shouldSettersWithUnrelatedArgTypesThrowException,ID,Accepted,https://github.com/mybatis/mybatis-3/pull/1833,7459cada1d3294e222e882bd517295d43e9953e6,2,,,
https://github.com/nationalsecurityagency/timely,3a8cbd3378cffdc96aad1c52e9b0b2e1481ca45f,server,timely.api.model.MetricAdapterTest.testToMetricResponse,ID,Accepted,https://github.com/NationalSecurityAgency/timely/pull/211,2891794174e3cf2fceb927f51ed96c74f80c0ce1,5,,,
https://github.com/nationalsecurityagency/timely,3a8cbd3378cffdc96aad1c52e9b0b2e1481ca45f,server,timely.api.response.timeseries.QueryResponseTest.testOneResponse,ID,Accepted,https://github.com/NationalSecurityAgency/timely/pull/211,2891794174e3cf2fceb927f51ed96c74f80c0ce1,5,,,
https://github.com/nationalsecurityagency/timely,3a8cbd3378cffdc96aad1c52e9b0b2e1481ca45f,server,timely.api.response.timeseries.SearchLookupResponseTest.testResponse1,ID,Accepted,https://github.com/NationalSecurityAgency/timely/pull/211,2891794174e3cf2fceb927f51ed96c74f80c0ce1,5,,,
https://github.com/nationalsecurityagency/timely,3a8cbd3378cffdc96aad1c52e9b0b2e1481ca45f,server,timely.auth.AuthCacheTest.testGetAuths,ID,Accepted,https://github.com/NationalSecurityAgency/timely/pull/211,2891794174e3cf2fceb927f51ed96c74f80c0ce1,5,,,
https://github.com/networknt/json-schema-validator,fdae2f85faf213562a3dee8f28b20453dc882203,.,com.networknt.schema.CollectorContextTest.testCollectorContextWithKeyword,ID,Accepted,https://github.com/networknt/json-schema-validator/pull/489,4ac0fbd881d41252e43a321d0ea7ad5ead20ffa1,1,,,
https://github.com/networknt/light-4j,75ad2d415c51d7b6475f1d270a66949609b125d5,audit,com.networknt.audit.AuditHandlerTest.testAuditWithErrorStatus,ID,Accepted,https://github.com/networknt/light-4j/pull/1919,ed81e9afd95e890afae88094053a1aee98782699,1,,,
https://github.com/networknt/light-4j,75ad2d415c51d7b6475f1d270a66949609b125d5,body,com.networknt.body.BodyHandlerTest.testPostFormUrlEncoded,ID,Accepted,https://github.com/networknt/light-4j/pull/1920,a2383742d1c7d1b369120e16a52dbca4565a0cd1,1,,,
https://github.com/networknt/light-4j,fcded1683dcbd41a968e221494778aa6b71e7428,consul,com.networknt.consul.ConsulRegistryTest.discoverService,OD,Accepted,https://github.com/networknt/light-4j/pull/857,e1e8486a09d1d75b619a1588b312c8058a501a04,3,,https://github.com/TestingResearchIllinois/flaky-test-dataset/issues/73,
https://github.com/networknt/light-4j,fcded1683dcbd41a968e221494778aa6b71e7428,consul,com.networknt.consul.ConsulRegistryTest.doRegisterAndAvailable,OD,Accepted,https://github.com/networknt/light-4j/pull/857,e1e8486a09d1d75b619a1588b312c8058a501a04,3,,https://github.com/TestingResearchIllinois/flaky-test-dataset/issues/73,
https://github.com/networknt/light-4j,fcded1683dcbd41a968e221494778aa6b71e7428,correlation,com.networknt.correlation.CorrelationHandlerTest.testGetWithoutTid,OD,Accepted,https://github.com/networknt/light-4j/pull/2013,b8db33ea50be46d96181ce7f6045008ad7982171,1,,https://github.com/TestingResearchIllinois/flaky-test-dataset/issues/73,
https://github.com/networknt/light-4j,fcded1683dcbd41a968e221494778aa6b71e7428,handler,com.networknt.handler.HandlerTest.validConfig_init_handlersCreated,OD,Accepted,https://github.com/networknt/light-4j/pull/1996,fc11652ab8eea2b4de2acf6e33479bc0af223369,2,,https://github.com/TestingResearchIllinois/flaky-test-dataset/issues/73,
https://github.com/networknt/light-4j,8099ee299a429c6eab0bd2f49f63a3efac8ec23d,header,com.networknt.header.HeaderHandlerTest.testMarketHeader,ID,Accepted,https://github.com/networknt/light-4j/pull/1469,b7cb71cbf48d731ef4d73d47c059e2006e0dddbc,1,,,
https://github.com/networknt/light-4j,8099ee299a429c6eab0bd2f49f63a3efac8ec23d,header,com.networknt.header.HeaderHandlerTest.testPetstoreHeader,ID,Accepted,https://github.com/networknt/light-4j/pull/1469,b7cb71cbf48d731ef4d73d47c059e2006e0dddbc,1,,,
https://github.com/networknt/light-4j,75ad2d415c51d7b6475f1d270a66949609b125d5,header,com.networknt.header.HeaderHandlerTest.testRequestHeader,ID,Accepted,https://github.com/networknt/light-4j/pull/1469,b7cb71cbf48d731ef4d73d47c059e2006e0dddbc,1,,,
https://github.com/networknt/light-4j,fcded1683dcbd41a968e221494778aa6b71e7428,portal-registry,com.networknt.portal.registry.PortalRegistryTest.discoverService,OD,Accepted,https://github.com/networknt/light-4j/pull/857,e1e8486a09d1d75b619a1588b312c8058a501a04,3,,https://github.com/TestingResearchIllinois/flaky-test-dataset/issues/73,
https://github.com/networknt/light-4j,fcded1683dcbd41a968e221494778aa6b71e7428,portal-registry,com.networknt.portal.registry.PortalRegistryTest.doRegisterAndAvailable,OD,Accepted,https://github.com/networknt/light-4j/pull/857,e1e8486a09d1d75b619a1588b312c8058a501a04,3,,https://github.com/TestingResearchIllinois/flaky-test-dataset/issues/73,
https://github.com/networknt/light-4j,75ad2d415c51d7b6475f1d270a66949609b125d5,registry,com.networknt.registry.URLTest.testURL,ID,Accepted,https://github.com/networknt/light-4j/pull/1499,08eb2f9542dcf0a2fb814eefe448502087029371,2,,,
https://github.com/networknt/light-4j,75ad2d415c51d7b6475f1d270a66949609b125d5,http-url,com.networknt.url.URLNormalizerTest.testAllAtOnce,ID,Accepted,https://github.com/networknt/light-4j/pull/1419,8662893fe9ea5186fc184f1d42875b5e4d9f793c,1,,,
https://github.com/networknt/light-4j,fcded1683dcbd41a968e221494778aa6b71e7428,metrics,io.dropwizard.metrics.SharedMetricRegistriesTest.hasASetOfNames,OD,Accepted,https://github.com/networknt/light-4j/pull/856,d816fd12ca9ec032c4fee16cfcc7b020bd86a424,3,,https://github.com/TestingResearchIllinois/flaky-test-dataset/issues/73,
https://github.com/networknt/light-4j,fcded1683dcbd41a968e221494778aa6b71e7428,metrics,io.dropwizard.metrics.SharedMetricRegistriesTest.removesRegistries,OD,Accepted,https://github.com/networknt/light-4j/pull/856,d816fd12ca9ec032c4fee16cfcc7b020bd86a424,3,,https://github.com/TestingResearchIllinois/flaky-test-dataset/issues/73,
https://github.com/nutzam/nutz,97745dd754eb9aee59aa806d90be53aac051a3e5,.,org.nutz.json.JsonTest.testDuplicateArrayList,ID,Accepted,https://github.com/nutzam/nutz/pull/1541,d4694e7cf4f97398b07427be938813ad093e6526,1,,,
https://github.com/nutzam/nutz,97745dd754eb9aee59aa806d90be53aac051a3e5,.,org.nutz.json.JsonTest.test_empty_obj_toJson,ID,Accepted,https://github.com/nutzam/nutz/pull/1541,d4694e7cf4f97398b07427be938813ad093e6526,1,,,
https://github.com/nutzam/nutz,97745dd754eb9aee59aa806d90be53aac051a3e5,.,org.nutz.json.JsonTest.test_enum,ID,Accepted,https://github.com/nutzam/nutz/pull/1541,d4694e7cf4f97398b07427be938813ad093e6526,1,,,
https://github.com/nutzam/nutz,97745dd754eb9aee59aa806d90be53aac051a3e5,.,org.nutz.json.JsonTest.test_final_field,ID,Accepted,https://github.com/nutzam/nutz/pull/1541,d4694e7cf4f97398b07427be938813ad093e6526,1,,,
https://github.com/nutzam/nutz,97745dd754eb9aee59aa806d90be53aac051a3e5,.,org.nutz.json.JsonTest.test_number_formt_tojson,ID,Accepted,https://github.com/nutzam/nutz/pull/1541,d4694e7cf4f97398b07427be938813ad093e6526,1,,,
https://github.com/okta/okta-hooks-sdk-java,918778779c7f07ddd61bf86e1a22ace1ee279649,hooks,com.okta.hooks.sdk.ImportHooksTest.createUserTest,ID,Accepted,https://github.com/okta/okta-hooks-sdk-java/pull/25,8bf25c84b54e788040ae2272e1578bc625e871d4,2,,,
https://github.com/okta/okta-hooks-sdk-java,918778779c7f07ddd61bf86e1a22ace1ee279649,hooks,com.okta.hooks.sdk.ImportHooksTest.linkUserTest,ID,Accepted,https://github.com/okta/okta-hooks-sdk-java/pull/25,8bf25c84b54e788040ae2272e1578bc625e871d4,2,,,
https://github.com/okta/okta-hooks-sdk-java,918778779c7f07ddd61bf86e1a22ace1ee279649,hooks,com.okta.hooks.sdk.ImportHooksTest.passwordImportUnverifiedTest,ID,Accepted,https://github.com/okta/okta-hooks-sdk-java/pull/25,8bf25c84b54e788040ae2272e1578bc625e871d4,2,,,
https://github.com/okta/okta-hooks-sdk-java,918778779c7f07ddd61bf86e1a22ace1ee279649,hooks,com.okta.hooks.sdk.ImportHooksTest.passwordImportVerifiedTest,ID,Accepted,https://github.com/okta/okta-hooks-sdk-java/pull/25,8bf25c84b54e788040ae2272e1578bc625e871d4,2,,,
https://github.com/okta/okta-hooks-sdk-java,918778779c7f07ddd61bf86e1a22ace1ee279649,hooks,com.okta.hooks.sdk.ImportHooksTest.updateUserProfile,ID,Accepted,https://github.com/okta/okta-hooks-sdk-java/pull/25,8bf25c84b54e788040ae2272e1578bc625e871d4,2,,,
https://github.com/okta/okta-hooks-sdk-java,918778779c7f07ddd61bf86e1a22ace1ee279649,hooks,com.okta.hooks.sdk.SamlHooksTest.basicAdd,ID,Accepted,https://github.com/okta/okta-hooks-sdk-java/pull/27,e7dc6a58b8a20448dbcb85a60222a3f0cfc7443b,2,,,
https://github.com/okta/okta-hooks-sdk-java,918778779c7f07ddd61bf86e1a22ace1ee279649,hooks,com.okta.hooks.sdk.SamlHooksTest.complexAddRemove,ID,Accepted,https://github.com/okta/okta-hooks-sdk-java/pull/27,e7dc6a58b8a20448dbcb85a60222a3f0cfc7443b,2,,,
https://github.com/okta/okta-hooks-sdk-java,918778779c7f07ddd61bf86e1a22ace1ee279649,hooks,com.okta.hooks.sdk.SamlHooksTest.replaceBasic,ID,Accepted,https://github.com/okta/okta-hooks-sdk-java/pull/27,e7dc6a58b8a20448dbcb85a60222a3f0cfc7443b,2,,,
https://github.com/okta/okta-hooks-sdk-java,918778779c7f07ddd61bf86e1a22ace1ee279649,hooks,com.okta.hooks.sdk.SamlHooksTest.replaceComplex,ID,Accepted,https://github.com/okta/okta-hooks-sdk-java/pull/27,e7dc6a58b8a20448dbcb85a60222a3f0cfc7443b,2,,,
https://github.com/okta/okta-hooks-sdk-java,918778779c7f07ddd61bf86e1a22ace1ee279649,hooks,com.okta.hooks.sdk.TokenHooksTest.addClaim,ID,Accepted,https://github.com/okta/okta-hooks-sdk-java/pull/27,e7dc6a58b8a20448dbcb85a60222a3f0cfc7443b,2,,,
https://github.com/okta/okta-hooks-sdk-java,918778779c7f07ddd61bf86e1a22ace1ee279649,hooks,com.okta.hooks.sdk.TokenHooksTest.addClaims,ID,Accepted,https://github.com/okta/okta-hooks-sdk-java/pull/27,e7dc6a58b8a20448dbcb85a60222a3f0cfc7443b,2,,,
https://github.com/okta/okta-hooks-sdk-java,918778779c7f07ddd61bf86e1a22ace1ee279649,hooks,com.okta.hooks.sdk.TokenHooksTest.removeClaims,ID,Accepted,https://github.com/okta/okta-hooks-sdk-java/pull/27,e7dc6a58b8a20448dbcb85a60222a3f0cfc7443b,2,,,
https://github.com/okta/okta-hooks-sdk-java,918778779c7f07ddd61bf86e1a22ace1ee279649,hooks,com.okta.hooks.sdk.TokenHooksTest.replaceClaims,ID,Accepted,https://github.com/okta/okta-hooks-sdk-java/pull/27,e7dc6a58b8a20448dbcb85a60222a3f0cfc7443b,2,,,
https://github.com/okta/okta-hooks-sdk-java,918778779c7f07ddd61bf86e1a22ace1ee279649,hooks,com.okta.hooks.sdk.TokenHooksTest.tokenExpiration,ID,Accepted,https://github.com/okta/okta-hooks-sdk-java/pull/27,e7dc6a58b8a20448dbcb85a60222a3f0cfc7443b,2,,,
https://github.com/okta/okta-hooks-sdk-java,918778779c7f07ddd61bf86e1a22ace1ee279649,hooks,com.okta.hooks.sdk.UserRegHooksTest.allow,ID,Accepted,https://github.com/okta/okta-hooks-sdk-java/pull/27,e7dc6a58b8a20448dbcb85a60222a3f0cfc7443b,2,,,
https://github.com/okta/okta-hooks-sdk-java,918778779c7f07ddd61bf86e1a22ace1ee279649,hooks,com.okta.hooks.sdk.UserRegHooksTest.complexError,ID,Accepted,https://github.com/okta/okta-hooks-sdk-java/pull/27,e7dc6a58b8a20448dbcb85a60222a3f0cfc7443b,2,,,
https://github.com/okta/okta-hooks-sdk-java,918778779c7f07ddd61bf86e1a22ace1ee279649,hooks,com.okta.hooks.sdk.UserRegHooksTest.deny,ID,Accepted,https://github.com/okta/okta-hooks-sdk-java/pull/27,e7dc6a58b8a20448dbcb85a60222a3f0cfc7443b,2,,,
https://github.com/okta/okta-hooks-sdk-java,918778779c7f07ddd61bf86e1a22ace1ee279649,hooks,com.okta.hooks.sdk.UserRegHooksTest.errorWithDebugContext,ID,Accepted,https://github.com/okta/okta-hooks-sdk-java/pull/27,e7dc6a58b8a20448dbcb85a60222a3f0cfc7443b,2,,,
https://github.com/okta/okta-hooks-sdk-java,918778779c7f07ddd61bf86e1a22ace1ee279649,hooks,com.okta.hooks.sdk.UserRegHooksTest.updateProfile,ID,Accepted,https://github.com/okta/okta-hooks-sdk-java/pull/27,e7dc6a58b8a20448dbcb85a60222a3f0cfc7443b,2,,,
https://github.com/OpenAPITools/openapi-generator,fe934dc1b40227369f226611219886760458f6d2,modules/openapi-generator,org.openapitools.codegen.DefaultCodegenTest.testVarsAndRequiredVarsPresent,ID,Accepted,https://github.com/OpenAPITools/openapi-generator/pull/16751,494ee489ade5344b1bc7acdb545e058563f2d73f,1,,https://github.com/OpenAPITools/openapi-generator/commit/494ee489ade5344b1bc7acdb545e058563f2d73f,
https://github.com/OpenAPITools/openapi-generator,bfce822c34144500eb573ab105502c3616d79dc3,modules/openapi-generator,org.openapitools.codegen.java.AbstractJavaCodegenTest.testAdditionalModelTypeAnnotationsMixed,ID,Accepted,https://github.com/OpenAPITools/openapi-generator/pull/10485,c09c6261ebb1fb5295d46f6ef65b332e53d87269,7,,,
https://github.com/OpenAPITools/openapi-generator,bfce822c34144500eb573ab105502c3616d79dc3,modules/openapi-generator,org.openapitools.codegen.java.AbstractJavaCodegenTest.testAdditionalModelTypeAnnotationsNewLineLinux,ID,Accepted,https://github.com/OpenAPITools/openapi-generator/pull/10485,c09c6261ebb1fb5295d46f6ef65b332e53d87269,7,,,
https://github.com/OpenAPITools/openapi-generator,bfce822c34144500eb573ab105502c3616d79dc3,modules/openapi-generator,org.openapitools.codegen.java.AbstractJavaCodegenTest.testAdditionalModelTypeAnnotationsNewLineWindows,ID,Accepted,https://github.com/OpenAPITools/openapi-generator/pull/10485,c09c6261ebb1fb5295d46f6ef65b332e53d87269,7,,,
https://github.com/OpenAPITools/openapi-generator,bfce822c34144500eb573ab105502c3616d79dc3,modules/openapi-generator,org.openapitools.codegen.java.AbstractJavaCodegenTest.testAdditionalModelTypeAnnotationsNoDuplicate,ID,Accepted,https://github.com/OpenAPITools/openapi-generator/pull/10485,c09c6261ebb1fb5295d46f6ef65b332e53d87269,7,,,
https://github.com/OpenAPITools/openapi-generator,bfce822c34144500eb573ab105502c3616d79dc3,modules/openapi-generator,org.openapitools.codegen.java.AbstractJavaCodegenTest.testAdditionalModelTypeAnnotationsSemiColon,ID,Accepted,https://github.com/OpenAPITools/openapi-generator/pull/10485,c09c6261ebb1fb5295d46f6ef65b332e53d87269,7,,,
https://github.com/OpenAPITools/openapi-generator,fe934dc1b40227369f226611219886760458f6d2,modules/openapi-generator,org.openapitools.codegen.java.JavaClientCodegenTest.testMicroprofileRestClientIncorrectVersion,ID,Accepted,https://github.com/OpenAPITools/openapi-generator/pull/16908,091cff60c31847aaed8b9d4f6ab66d129affb47f,1,,https://github.com/OpenAPITools/openapi-generator/issues/16907,
https://github.com/OpenAPITools/openapi-generator,fe934dc1b40227369f226611219886760458f6d2,modules/openapi-generator,org.openapitools.codegen.typescript.SharedTypeScriptTest.toModelImportMapTest,ID,Accepted,https://github.com/OpenAPITools/openapi-generator/pull/13956,d06ab43dd6e0d3765d8138f23127050cb19f30c1,2,,https://github.com/TestingResearchIllinois/idoft/issues/595,
https://github.com/OpenFeign/feign,3a351fa0716c51b5b4d7caa0c5f72cd61f80445f,json,feign.json.JsonEncoderTest.encodesArray,ID,Accepted,https://github.com/OpenFeign/feign/pull/1538,841f5ef029df34300e9936c1f935af31abcecace,1,,,
https://github.com/OpenFeign/feign,3a351fa0716c51b5b4d7caa0c5f72cd61f80445f,json,feign.json.JsonEncoderTest.encodesObject,ID,Accepted,https://github.com/OpenFeign/feign/pull/1538,841f5ef029df34300e9936c1f935af31abcecace,1,,,
https://github.com/OpenFeign/feign,744fd725ac60b534ff553ec96dcd6494631e677f,mock,feign.mock.RequestHeadersTest.shouldPrintHeaders,ID,Accepted,https://github.com/OpenFeign/feign/pull/1165,e4d0f76620646bce4e31c7b1ebb34cd9db298068,1,,,
https://github.com/OpenFeign/feign,5eb9905e58ecffce907ec3ee092ccee8383ca9ce,core,feign.TypesResolveReturnTypeTest.overrideOverridingConcreteCollectionGenericFourthLevel,ID,Accepted,https://github.com/OpenFeign/feign/pull/1525,3e274d0f70d359ca5137f810f86105d8624131e0,3,,,
https://github.com/OpenFeign/feign,5eb9905e58ecffce907ec3ee092ccee8383ca9ce,core,feign.TypesResolveReturnTypeTest.overridingConcreteCollectionGenericFourthLevel,ID,Accepted,https://github.com/OpenFeign/feign/pull/1525,3e274d0f70d359ca5137f810f86105d8624131e0,3,,,
https://github.com/OpenFeign/feign,5eb9905e58ecffce907ec3ee092ccee8383ca9ce,core,feign.TypesResolveReturnTypeTest.overridingConcreteGenericCollectionGenericFifthLevel,ID,Accepted,https://github.com/OpenFeign/feign/pull/1525,3e274d0f70d359ca5137f810f86105d8624131e0,3,,,
https://github.com/OpenFeign/feign,5eb9905e58ecffce907ec3ee092ccee8383ca9ce,core,feign.TypesResolveReturnTypeTest.overridingConcreteSimpleClassGenericSecondLevel,ID,Accepted,https://github.com/OpenFeign/feign/pull/1525,3e274d0f70d359ca5137f810f86105d8624131e0,3,,,
https://github.com/OpenFeign/feign,5eb9905e58ecffce907ec3ee092ccee8383ca9ce,core,feign.TypesResolveReturnTypeTest.OverridingConcreteSimpleClassGenericThirdLevel,ID,Accepted,https://github.com/OpenFeign/feign/pull/1525,3e274d0f70d359ca5137f810f86105d8624131e0,3,,,
https://github.com/OpenFeign/feign,5eb9905e58ecffce907ec3ee092ccee8383ca9ce,core,feign.TypesResolveReturnTypeTest.overridingConcreteSimpleClassMultipleGenericSecondLevel,ID,Accepted,https://github.com/OpenFeign/feign/pull/1525,3e274d0f70d359ca5137f810f86105d8624131e0,3,,,
https://github.com/OpenFeign/feign,5eb9905e58ecffce907ec3ee092ccee8383ca9ce,core,feign.TypesResolveReturnTypeTest.realizingOverridingSimpleClassGenericThirdLevel,ID,Accepted,https://github.com/OpenFeign/feign/pull/1525,3e274d0f70d359ca5137f810f86105d8624131e0,3,,,
https://github.com/OpenFeign/feign,5eb9905e58ecffce907ec3ee092ccee8383ca9ce,core,feign.TypesResolveReturnTypeTest.realizingOverridingSimpleClassMultipleGenericThirdLevel,ID,Accepted,https://github.com/OpenFeign/feign/pull/1525,3e274d0f70d359ca5137f810f86105d8624131e0,3,,,
https://github.com/OpenFeign/feign,5eb9905e58ecffce907ec3ee092ccee8383ca9ce,core,feign.TypesResolveReturnTypeTest.realizingSimpleClassMultipleGenericThirdLevel,ID,Accepted,https://github.com/OpenFeign/feign/pull/1525,3e274d0f70d359ca5137f810f86105d8624131e0,3,,,
https://github.com/OpenFeign/feign-vertx,5c64572a72581178e9e7f382a5b45d7503af7ea9,.,feign.vertx.VertxHttpClientTest$WhenMakePostRequest.testWillMakeOrder(VertxTestContext),ID,Accepted,https://github.com/OpenFeign/feign-vertx/pull/22,eb6f549cff4f97dad41ead298ec343edd5f3042a,1,,,
https://github.com/OpenGamma/Strata,b998b2bc5183e67f267d1f573939a42fa9ee4bf3,modules/data,com.opengamma.strata.data.CombinedMarketDataTest.test_combination,ID,Accepted,https://github.com/OpenGamma/Strata/pull/2337,6ed634da1b04309cfa502e46290412d4ef38e941,2,,,
https://github.com/OpenGamma/Strata,b998b2bc5183e67f267d1f573939a42fa9ee4bf3,modules/data,com.opengamma.strata.data.ExtendedMarketDataTest.of_addition,ID,Accepted,https://github.com/OpenGamma/Strata/pull/2337,6ed634da1b04309cfa502e46290412d4ef38e941,2,,,
https://github.com/OpenGamma/Strata,b998b2bc5183e67f267d1f573939a42fa9ee4bf3,modules/data,com.opengamma.strata.data.ExtendedMarketDataTest.of_override,ID,Accepted,https://github.com/OpenGamma/Strata/pull/2337,6ed634da1b04309cfa502e46290412d4ef38e941,2,,,
https://github.com/OpenGamma/Strata,b998b2bc5183e67f267d1f573939a42fa9ee4bf3,modules/data,com.opengamma.strata.data.MarketDataTest.test_builder,ID,Accepted,https://github.com/OpenGamma/Strata/pull/2337,6ed634da1b04309cfa502e46290412d4ef38e941,2,,,
https://github.com/OpenGamma/Strata,b998b2bc5183e67f267d1f573939a42fa9ee4bf3,modules/data,com.opengamma.strata.data.MarketDataTest.test_combinedWith_noClash,ID,Accepted,https://github.com/OpenGamma/Strata/pull/2337,6ed634da1b04309cfa502e46290412d4ef38e941,2,,,
https://github.com/OpenGamma/Strata,b998b2bc5183e67f267d1f573939a42fa9ee4bf3,modules/data,com.opengamma.strata.data.MarketDataTest.test_combinedWith_noClashSame,ID,Accepted,https://github.com/OpenGamma/Strata/pull/2337,6ed634da1b04309cfa502e46290412d4ef38e941,2,,,
https://github.com/OpenGamma/Strata,b998b2bc5183e67f267d1f573939a42fa9ee4bf3,modules/data,com.opengamma.strata.data.scenario.ExtendedScenarioMarketDataTest.of_addition,ID,Accepted,https://github.com/OpenGamma/Strata/pull/2332,9061d14f4a956982bffbcdde3f20879858973933,2,,,
https://github.com/OpenGamma/Strata,b998b2bc5183e67f267d1f573939a42fa9ee4bf3,modules/data,com.opengamma.strata.data.scenario.ExtendedScenarioMarketDataTest.of_override,ID,Accepted,https://github.com/OpenGamma/Strata/pull/2332,9061d14f4a956982bffbcdde3f20879858973933,2,,,
https://github.com/OpenGamma/Strata,b998b2bc5183e67f267d1f573939a42fa9ee4bf3,modules/data,com.opengamma.strata.data.scenario.RepeatedScenarioMarketDataTest.test_of,ID,Accepted,https://github.com/OpenGamma/Strata/pull/2337,6ed634da1b04309cfa502e46290412d4ef38e941,2,,,
https://github.com/opengoofy/crane4j,b65f7324544381646119be48393f0aa2b3417f2e,crane4j-core,cn.crane4j.core.executor.handler.ReflectiveDisassembleOperationHandlerTest.process,ID,Accepted,https://github.com/opengoofy/crane4j/pull/181,2b793b1ccbb278bd91a8dba882cf908923de8ecc,1,,https://github.com/TestingResearchIllinois/idoft/issues/959,
https://github.com/opengoofy/crane4j,b65f7324544381646119be48393f0aa2b3417f2e,crane4j-core,cn.crane4j.core.support.SimpleCrane4jGlobalConfigurationTest.operatePropertyMappingStrategy,ID,Accepted,https://github.com/opengoofy/crane4j/pull/180,b73311aaa99c9b5fe157b1912aeca9e6d79ae4ef,1,,https://github.com/TestingResearchIllinois/idoft/issues/959,
https://github.com/opengoofy/crane4j,b65f7324544381646119be48393f0aa2b3417f2e,crane4j-core,cn.crane4j.core.util.ObjectUtilsTest.get,ID,Accepted,https://github.com/opengoofy/crane4j/pull/179,679c3f860fb8c1d8e69c64cd7662e9047f7d99ed,1,,https://github.com/TestingResearchIllinois/idoft/issues/959,
https://github.com/opengoofy/hippo4j,cf854b3cb3c47fd339421e5a46a3ae3229c53829,infra/common,cn.hippo4j.common.toolkit.http.HttpUtilsTest.buildUrl,ID,Accepted,https://github.com/opengoofy/hippo4j/pull/1499,fa206974f4c82197a882de0131b0e8cfcc076582,1,,https://github.com/TestingResearchIllinois/idoft/issues/797,
https://github.com/opengoofy/hippo4j,5e285ba5b47266d7dcede64aefae00fbe0c9c4ae,hippo4j-common,cn.hippo4j.common.toolkit.JSONUtilTest.assertToJSONString,ID,Accepted,https://github.com/opengoofy/hippo4j/pull/1495,79dc8f5adcde53ed95a699e9b57735bc7f31134f,1,,,
https://github.com/opengoofy/hippo4j,cf854b3cb3c47fd339421e5a46a3ae3229c53829,infra/common,cn.hippo4j.common.toolkit.logtracing.LogMessageTest.testKvShouldPutAllKeyAndValuePairs,ID,Accepted,https://github.com/opengoofy/hippo4j/pull/1500,ee2a81f6a79afe07df595fbc5c9ab94940930d42,2,,https://github.com/TestingResearchIllinois/idoft/issues/797,
https://github.com/opengoofy/hippo4j,cf854b3cb3c47fd339421e5a46a3ae3229c53829,infra/common,cn.hippo4j.common.toolkit.logtracing.LogMessageTest.testToStringShouldPrintMessageAndAllKeyAndValuePairs,NOD,Accepted,https://github.com/opengoofy/hippo4j/pull/1506,265bf6ed70308eba0cb807c19d340219705e73dc,1,,https://github.com/TestingResearchIllinois/idoft/issues/797,
https://github.com/opengoofy/hippo4j,5e285ba5b47266d7dcede64aefae00fbe0c9c4ae,hippo4j-common,cn.hippo4j.common.toolkit.Md5UtilTest.assetGetTpContentMd5,ID,Accepted,https://github.com/opengoofy/hippo4j/pull/1494,cf854b3cb3c47fd339421e5a46a3ae3229c53829,2,,,
https://github.com/openhab/org.openhab.binding.zwave,495d04fcbe867ef1fb532ac546b41a243c56b2a6,.,org.openhab.binding.zwave.internal.converter.ZWaveAlarmConverterTest.Alarm_AlarmRaw,ID,Accepted,https://github.com/openhab/org.openhab.binding.zwave/pull/1681,e40154470428089192c6dc3845db98cea4d1fbea,3,,,
https://github.com/OpenHFT/Chronicle-Wire,a4dfcb6885ce468a64f6a3ceb5e4e16bb858ed2e,.,net.openhft.chronicle.wire.BinaryInTextTest.testReserialize,ID,Accepted,https://github.com/OpenHFT/Chronicle-Wire/pull/310,7a64125a544b3d3cc45a833dca505be4def8d25d,1,,,
https://github.com/OpenHFT/Chronicle-Wire,27a9efc3ced000f46e0f46263614e08896058290,.,net.openhft.chronicle.wire.TextWireTest.testSingleQuote,OD-Brit,Accepted,https://github.com/OpenHFT/Chronicle-Wire/pull/235,d20caa86803057faaf536acbed698adef8f0e1bc,1,,,
https://github.com/OpenHFT/Chronicle-Wire,27a9efc3ced000f46e0f46263614e08896058290,.,net.openhft.chronicle.wire.YamlWireTest.testSingleQuote,OD-Brit,Accepted,https://github.com/OpenHFT/Chronicle-Wire/pull/235,d20caa86803057faaf536acbed698adef8f0e1bc,1,,,
https://github.com/openpojo/openpojo,9badbcc4593e797accfed5e51bec9f2b843f0f67,.,com.openpojo.issues.issue112.IssueTest.shouldNotFail,OD;UD,Accepted,https://github.com/OpenPojo/openpojo/pull/135,503d05952c334ea03542bef9c2fa0fdc2dde0f85,1,,,
https://github.com/OpenRefine/OpenRefine,3bff27b868a6a1b695f3855ae0f49e269c5ef7cd,main,com.google.refine.browsing.facets.ListFacetTests.serializeListFacet,ID,Accepted,https://github.com/OpenRefine/OpenRefine/pull/6180,f329963e41db4b19a3a99d66686296af9cfbdd2d,1,,,
https://github.com/OpenRefine/OpenRefine,3bff27b868a6a1b695f3855ae0f49e269c5ef7cd,main,com.google.refine.browsing.facets.ListFacetTests.testSelectedEmptyChoice,ID,Accepted,https://github.com/OpenRefine/OpenRefine/pull/6180,f329963e41db4b19a3a99d66686296af9cfbdd2d,1,,,
https://github.com/OpenRefine/OpenRefine,3bff27b868a6a1b695f3855ae0f49e269c5ef7cd,main,com.google.refine.commands.recon.GuessTypesOfColumnCommandTests.testGuessTypes,ID,Accepted,https://github.com/OpenRefine/OpenRefine/pull/6133,ac8b9fb17ea40d67227f63d96d183c385e5f0821,2,,,
https://github.com/OpenRefine/OpenRefine,3bff27b868a6a1b695f3855ae0f49e269c5ef7cd,main,com.google.refine.model.recon.StandardReconConfigTests.reconTest,ID,Accepted,https://github.com/OpenRefine/OpenRefine/pull/6133,ac8b9fb17ea40d67227f63d96d183c385e5f0821,2,,,
https://github.com/oracle/tribuo,e2107883378d11b00ff9c09367a8fcd4476f7802,tests,org.tribuo.tests.csv.CSVSaverWithMultiOutputsTest.loaderCanReconstructSavedMultiLabel,ID,Accepted,https://github.com/oracle/tribuo/pull/220,7da145676fa115388942328bec89034beb5bda4c,8,,,
https://github.com/oracle/tribuo,e2107883378d11b00ff9c09367a8fcd4476f7802,tests,org.tribuo.tests.csv.CSVSaverWithMultiOutputsTest.loaderCanReconstructSavedMultipleRegression,ID,Accepted,https://github.com/oracle/tribuo/pull/220,7da145676fa115388942328bec89034beb5bda4c,8,,,
https://github.com/oracle/tribuo,e2107883378d11b00ff9c09367a8fcd4476f7802,tests,org.tribuo.tests.csv.CSVSaverWithMultiOutputsTest.savesMultiLabel,ID,Accepted,https://github.com/oracle/tribuo/pull/220,7da145676fa115388942328bec89034beb5bda4c,8,,,
https://github.com/oracle/tribuo,e2107883378d11b00ff9c09367a8fcd4476f7802,tests,org.tribuo.tests.csv.CSVSaverWithMultiOutputsTest.savesMultipleRegression,ID,Accepted,https://github.com/oracle/tribuo/pull/220,7da145676fa115388942328bec89034beb5bda4c,8,,,
https://github.com/oracle/weblogic-monitoring-exporter,173e1855fb0be4de3849d5fcd431de5c1b741b15,wls-exporter-core,com.oracle.wls.exporter.domain.ExporterConfigTest.whenYamlContainsMergeableQueries_MergeThem,ID,Accepted,https://github.com/oracle/weblogic-monitoring-exporter/pull/173,06e529457340f27180f0edd095bb637351d00b2d,2,,,
https://github.com/oracle/weblogic-monitoring-exporter,173e1855fb0be4de3849d5fcd431de5c1b741b15,wls-exporter-core,com.oracle.wls.exporter.domain.MBeanSelectorTest.generateJsonRequest,ID,Accepted,https://github.com/oracle/weblogic-monitoring-exporter/pull/173,06e529457340f27180f0edd095bb637351d00b2d,2,,,
https://github.com/oracle/weblogic-monitoring-exporter,173e1855fb0be4de3849d5fcd431de5c1b741b15,wls-exporter-core,com.oracle.wls.exporter.domain.MBeanSelectorTest.whenNoValuesListedForSerlvets_generateJsonRequest,ID,Accepted,https://github.com/oracle/weblogic-monitoring-exporter/pull/173,06e529457340f27180f0edd095bb637351d00b2d,2,,,
https://github.com/oracle/weblogic-monitoring-exporter,173e1855fb0be4de3849d5fcd431de5c1b741b15,wls-exporter-core,com.oracle.wls.exporter.WebClient8ImplTest.whenUnprotected_sendPutToServer,ID,Accepted,https://github.com/oracle/weblogic-monitoring-exporter/pull/173,06e529457340f27180f0edd095bb637351d00b2d,2,,,
https://github.com/oracle/weblogic-monitoring-exporter,173e1855fb0be4de3849d5fcd431de5c1b741b15,wls-exporter-core,com.oracle.wls.exporter.WebClientImplTest.whenUnprotected_sendPutToServer,ID,Accepted,https://github.com/oracle/weblogic-monitoring-exporter/pull/173,06e529457340f27180f0edd095bb637351d00b2d,2,,,
https://github.com/orbisgis/h2gis,bc5ceab8e5ad82e8b6ec0b5c47898e45fa3d62b2,h2gis-functions,org.h2gis.functions.spatial.topography.TopographyTest.testST_TriangleContouringWithColumns,ID,Accepted,https://github.com/orbisgis/h2gis/pull/1207,964d2b60c80f7c844eb7f401f1c0fbcf11cfa2d7,1,,,
https://github.com/orbisgis/h2gis,bc5ceab8e5ad82e8b6ec0b5c47898e45fa3d62b2,h2gis-functions,org.h2gis.functions.spatial.topography.TopographyTest.testST_TriangleContouringWithZ,ID,Accepted,https://github.com/orbisgis/h2gis/pull/1207,964d2b60c80f7c844eb7f401f1c0fbcf11cfa2d7,1,,,
https://github.com/orbisgis/h2gis,bc5ceab8e5ad82e8b6ec0b5c47898e45fa3d62b2,h2gis-functions,org.h2gis.functions.spatial.topography.TopographyTest.testST_TriangleContouringWithZDoubleRange,ID,Accepted,https://github.com/orbisgis/h2gis/pull/1207,964d2b60c80f7c844eb7f401f1c0fbcf11cfa2d7,1,,,
https://github.com/orika-mapper/orika,27dd4c4666f2c559c0ef84d18221cf104b1f699c,core,ma.glasnost.orika.test.generator.BeanToArrayGenerationTestCase.testBeanToArrayGeneration,ID,Accepted,https://github.com/orika-mapper/orika/pull/403,38e947c92056d0057a6b5a3b6e069286730cd85f,3,,,
https://github.com/OryxProject/oryx,43511f068bb4905769edc00e32f894016e2d0419,framework/oryx-common,com.cloudera.oryx.common.PMML.PMMLUtilsTest.testToString,ID,Accepted,https://github.com/OryxProject/oryx/pull/368,09ba742f5ce41893a6cf360beaaf876d3ad19ed5,1,,RepoArchived,
https://github.com/OryxProject/oryx,43511f068bb4905769edc00e32f894016e2d0419,framework/oryx-common,com.cloudera.oryx.common.text.TextUtilsTest.testJSONMap,ID,Accepted,https://github.com/OryxProject/oryx/pull/369,39a0b55c7318566e5facb19bc135d7ffe16e0498,2,,RepoArchived,
https://github.com/pac4j/pac4j,d004d027a2dff5b42e2f5424eff6aa557f0fe6a9,pac4j-oauth,org.pac4j.oauth.profile.JsonHelperTests.testToJSONString,ID,Accepted,https://github.com/pac4j/pac4j/pull/2723,b27dda4426db0b025da31f7e6c295b8174f87791,1,,,
https://github.com/pedrovgs/Algorithms,ed6f8a49948c09a21bfeb7bc38b4f24141795e38,.,com.github.pedrovgs.problem45.FindNthMostRepeatedElementTest.shouldFindNthMostRepeatedElement,ID,Accepted,https://github.com/pedrovgs/Algorithms/pull/63,8c92aa6bbab7548ef7c8989e2a0de2e76c552a41,1,,,
https://github.com/pholser/junit-quickcheck,9361b6dae25b193782604d071754eb7fc566390a,generators,com.pholser.junit.quickcheck.CallablePropertyParameterTest.callable,NIO,Accepted,https://github.com/pholser/junit-quickcheck/pull/295,08098ceed9f93597fc147c0e75b18e3d016f2cbf,1,,,
https://github.com/pholser/junit-quickcheck,9361b6dae25b193782604d071754eb7fc566390a,core,com.pholser.junit.quickcheck.ComponentizedGeneratorsIsolateConfigurationFromComponentsTest.boxOfFoo,NIO,Accepted,https://github.com/pholser/junit-quickcheck/pull/361,73439e95e5efd69a428cdcbe8dca089b3c54dc1c,1,,,
https://github.com/pholser/junit-quickcheck,9361b6dae25b193782604d071754eb7fc566390a,core,com.pholser.junit.quickcheck.EnumPropertyParameterTypesTest.usesRegularTrialCount,NIO,Accepted,https://github.com/pholser/junit-quickcheck/pull/361,73439e95e5efd69a428cdcbe8dca089b3c54dc1c,1,,,
https://github.com/pholser/junit-quickcheck,9361b6dae25b193782604d071754eb7fc566390a,core,com.pholser.junit.quickcheck.EnumPropertyParameterTypesTest.whenConstrained,NIO,Accepted,https://github.com/pholser/junit-quickcheck/pull/361,73439e95e5efd69a428cdcbe8dca089b3c54dc1c,1,,,
https://github.com/pholser/junit-quickcheck,9361b6dae25b193782604d071754eb7fc566390a,core,com.pholser.junit.quickcheck.ExhaustingAGivenSetButIncludingAnotherTest.ctorOnly,NIO,Accepted,https://github.com/pholser/junit-quickcheck/pull/357,bd500ce03f40fc1a306b7300b9cab3fc5f0c0485,1,,,
https://github.com/pholser/junit-quickcheck,9361b6dae25b193782604d071754eb7fc566390a,core,com.pholser.junit.quickcheck.ExhaustingAGivenSetButIncludingAnotherTest.enums,NIO,Accepted,https://github.com/pholser/junit-quickcheck/pull/357,bd500ce03f40fc1a306b7300b9cab3fc5f0c0485,1,,,
https://github.com/pholser/junit-quickcheck,9361b6dae25b193782604d071754eb7fc566390a,core,com.pholser.junit.quickcheck.ExhaustingAGivenSetButIncludingAnotherTest.explicitConversion,NIO,Accepted,https://github.com/pholser/junit-quickcheck/pull/357,bd500ce03f40fc1a306b7300b9cab3fc5f0c0485,1,,,
https://github.com/pholser/junit-quickcheck,9361b6dae25b193782604d071754eb7fc566390a,core,com.pholser.junit.quickcheck.ExhaustingAGivenSetButIncludingAnotherTest.favorValueOf,NIO,Accepted,https://github.com/pholser/junit-quickcheck/pull/361,73439e95e5efd69a428cdcbe8dca089b3c54dc1c,1,,,
https://github.com/pholser/junit-quickcheck,9361b6dae25b193782604d071754eb7fc566390a,core,com.pholser.junit.quickcheck.ExhaustingAGivenSetButIncludingAnotherTest.manyParameters,ID;NIO,Accepted,https://github.com/pholser/junit-quickcheck/pull/284,2ac2dd9224018ea529e5d44cc6f9a7a726a34428,8,,,
https://github.com/pholser/junit-quickcheck,9361b6dae25b193782604d071754eb7fc566390a,core,com.pholser.junit.quickcheck.ExhaustingAGivenSetButIncludingAnotherTest.manyParameters,ID;NIO,Accepted,https://github.com/pholser/junit-quickcheck/pull/357,bd500ce03f40fc1a306b7300b9cab3fc5f0c0485,1,,,
https://github.com/pholser/junit-quickcheck,9361b6dae25b193782604d071754eb7fc566390a,core,com.pholser.junit.quickcheck.ExhaustingAGivenSetButIncludingAnotherTest.manyParametersWithBooleanAndEnum,ID;NIO,Accepted,https://github.com/pholser/junit-quickcheck/pull/284,2ac2dd9224018ea529e5d44cc6f9a7a726a34428,8,,,
https://github.com/pholser/junit-quickcheck,9361b6dae25b193782604d071754eb7fc566390a,core,com.pholser.junit.quickcheck.ExhaustingAGivenSetButIncludingAnotherTest.manyParametersWithBooleanAndEnum,ID;NIO,Accepted,https://github.com/pholser/junit-quickcheck/pull/357,bd500ce03f40fc1a306b7300b9cab3fc5f0c0485,1,,,
https://github.com/pholser/junit-quickcheck,9361b6dae25b193782604d071754eb7fc566390a,core,com.pholser.junit.quickcheck.ExhaustingAGivenSetButIncludingAnotherTest.primitiveBooleans,NIO,Accepted,https://github.com/pholser/junit-quickcheck/pull/357,bd500ce03f40fc1a306b7300b9cab3fc5f0c0485,1,,,
https://github.com/pholser/junit-quickcheck,9361b6dae25b193782604d071754eb7fc566390a,core,com.pholser.junit.quickcheck.ExhaustingAGivenSetButIncludingAnotherTest.primitiveBytes,NIO,Accepted,https://github.com/pholser/junit-quickcheck/pull/357,bd500ce03f40fc1a306b7300b9cab3fc5f0c0485,1,,,
https://github.com/pholser/junit-quickcheck,9361b6dae25b193782604d071754eb7fc566390a,core,com.pholser.junit.quickcheck.ExhaustingAGivenSetButIncludingAnotherTest.primitiveChars,NIO,Accepted,https://github.com/pholser/junit-quickcheck/pull/361,73439e95e5efd69a428cdcbe8dca089b3c54dc1c,1,,,
https://github.com/pholser/junit-quickcheck,9361b6dae25b193782604d071754eb7fc566390a,core,com.pholser.junit.quickcheck.ExhaustingAGivenSetButIncludingAnotherTest.primitiveDoubles,NIO,Accepted,https://github.com/pholser/junit-quickcheck/pull/361,73439e95e5efd69a428cdcbe8dca089b3c54dc1c,1,,,
https://github.com/pholser/junit-quickcheck,9361b6dae25b193782604d071754eb7fc566390a,core,com.pholser.junit.quickcheck.ExhaustingAGivenSetButIncludingAnotherTest.primitiveFloats,NIO,Accepted,https://github.com/pholser/junit-quickcheck/pull/361,73439e95e5efd69a428cdcbe8dca089b3c54dc1c,1,,,
https://github.com/pholser/junit-quickcheck,9361b6dae25b193782604d071754eb7fc566390a,core,com.pholser.junit.quickcheck.ExhaustingAGivenSetButIncludingAnotherTest.primitiveIntegers,NIO,Accepted,https://github.com/pholser/junit-quickcheck/pull/361,73439e95e5efd69a428cdcbe8dca089b3c54dc1c,1,,,
https://github.com/pholser/junit-quickcheck,9361b6dae25b193782604d071754eb7fc566390a,core,com.pholser.junit.quickcheck.ExhaustingAGivenSetButIncludingAnotherTest.primitiveLongs,NIO,Accepted,https://github.com/pholser/junit-quickcheck/pull/361,73439e95e5efd69a428cdcbe8dca089b3c54dc1c,1,,,
https://github.com/pholser/junit-quickcheck,9361b6dae25b193782604d071754eb7fc566390a,core,com.pholser.junit.quickcheck.ExhaustingAGivenSetButIncludingAnotherTest.primitiveShorts,NIO,Accepted,https://github.com/pholser/junit-quickcheck/pull/361,73439e95e5efd69a428cdcbe8dca089b3c54dc1c,1,,,
https://github.com/pholser/junit-quickcheck,9361b6dae25b193782604d071754eb7fc566390a,core,com.pholser.junit.quickcheck.ExhaustingAGivenSetButIncludingAnotherTest.strings,NIO,Accepted,https://github.com/pholser/junit-quickcheck/pull/361,73439e95e5efd69a428cdcbe8dca089b3c54dc1c,1,,,
https://github.com/pholser/junit-quickcheck,9361b6dae25b193782604d071754eb7fc566390a,core,com.pholser.junit.quickcheck.ExhaustingAGivenSetButIncludingAnotherTest.wrapperBooleans,NIO,Accepted,https://github.com/pholser/junit-quickcheck/pull/361,73439e95e5efd69a428cdcbe8dca089b3c54dc1c,1,,,
https://github.com/pholser/junit-quickcheck,9361b6dae25b193782604d071754eb7fc566390a,core,com.pholser.junit.quickcheck.ExhaustingAGivenSetButIncludingAnotherTest.wrapperBytes,NIO,Accepted,https://github.com/pholser/junit-quickcheck/pull/361,73439e95e5efd69a428cdcbe8dca089b3c54dc1c,1,,,
https://github.com/pholser/junit-quickcheck,9361b6dae25b193782604d071754eb7fc566390a,core,com.pholser.junit.quickcheck.ExhaustingAGivenSetButIncludingAnotherTest.wrapperChars,NIO,Accepted,https://github.com/pholser/junit-quickcheck/pull/361,73439e95e5efd69a428cdcbe8dca089b3c54dc1c,1,,,
https://github.com/pholser/junit-quickcheck,9361b6dae25b193782604d071754eb7fc566390a,core,com.pholser.junit.quickcheck.ExhaustingAGivenSetButIncludingAnotherTest.wrapperDoubles,NIO,Accepted,https://github.com/pholser/junit-quickcheck/pull/361,73439e95e5efd69a428cdcbe8dca089b3c54dc1c,1,,,
https://github.com/pholser/junit-quickcheck,9361b6dae25b193782604d071754eb7fc566390a,core,com.pholser.junit.quickcheck.ExhaustingAGivenSetButIncludingAnotherTest.wrapperFloats,NIO,Accepted,https://github.com/pholser/junit-quickcheck/pull/361,73439e95e5efd69a428cdcbe8dca089b3c54dc1c,1,,,
https://github.com/pholser/junit-quickcheck,9361b6dae25b193782604d071754eb7fc566390a,core,com.pholser.junit.quickcheck.ExhaustingAGivenSetButIncludingAnotherTest.wrapperIntegers,NIO,Accepted,https://github.com/pholser/junit-quickcheck/pull/361,73439e95e5efd69a428cdcbe8dca089b3c54dc1c,1,,,
https://github.com/pholser/junit-quickcheck,9361b6dae25b193782604d071754eb7fc566390a,core,com.pholser.junit.quickcheck.ExhaustingAGivenSetButIncludingAnotherTest.wrapperLongs,NIO,Accepted,https://github.com/pholser/junit-quickcheck/pull/361,73439e95e5efd69a428cdcbe8dca089b3c54dc1c,1,,,
https://github.com/pholser/junit-quickcheck,9361b6dae25b193782604d071754eb7fc566390a,core,com.pholser.junit.quickcheck.ExhaustingAGivenSetButIncludingAnotherTest.wrapperShorts,NIO,Accepted,https://github.com/pholser/junit-quickcheck/pull/361,73439e95e5efd69a428cdcbe8dca089b3c54dc1c,1,,,
https://github.com/pholser/junit-quickcheck,9361b6dae25b193782604d071754eb7fc566390a,core,com.pholser.junit.quickcheck.ExhaustingAGivenSetTest.booleansUnmarked,NIO,Accepted,https://github.com/pholser/junit-quickcheck/pull/361,73439e95e5efd69a428cdcbe8dca089b3c54dc1c,1,,,
https://github.com/pholser/junit-quickcheck,9361b6dae25b193782604d071754eb7fc566390a,core,com.pholser.junit.quickcheck.ExhaustingAGivenSetTest.ctorOnly,NIO,Accepted,https://github.com/pholser/junit-quickcheck/pull/293,f5564b549d12539bcfa2d61e86f30ec000483d20,1,,,
https://github.com/pholser/junit-quickcheck,9361b6dae25b193782604d071754eb7fc566390a,core,com.pholser.junit.quickcheck.ExhaustingAGivenSetTest.enums,NIO,Accepted,https://github.com/pholser/junit-quickcheck/pull/293,f5564b549d12539bcfa2d61e86f30ec000483d20,1,,,
https://github.com/pholser/junit-quickcheck,9361b6dae25b193782604d071754eb7fc566390a,core,com.pholser.junit.quickcheck.ExhaustingAGivenSetTest.enumsUnmarked,NIO,Accepted,https://github.com/pholser/junit-quickcheck/pull/361,73439e95e5efd69a428cdcbe8dca089b3c54dc1c,1,,,
https://github.com/pholser/junit-quickcheck,9361b6dae25b193782604d071754eb7fc566390a,core,com.pholser.junit.quickcheck.ExhaustingAGivenSetTest.explicitConversion,NIO,Accepted,https://github.com/pholser/junit-quickcheck/pull/293,f5564b549d12539bcfa2d61e86f30ec000483d20,1,,,
https://github.com/pholser/junit-quickcheck,9361b6dae25b193782604d071754eb7fc566390a,core,com.pholser.junit.quickcheck.ExhaustingAGivenSetTest.favorValueOf,NIO,Accepted,https://github.com/pholser/junit-quickcheck/pull/293,f5564b549d12539bcfa2d61e86f30ec000483d20,1,,,
https://github.com/pholser/junit-quickcheck,9361b6dae25b193782604d071754eb7fc566390a,core,com.pholser.junit.quickcheck.ExhaustingAGivenSetTest.manyParameters,ID;NIO,Accepted,https://github.com/pholser/junit-quickcheck/pull/284,2ac2dd9224018ea529e5d44cc6f9a7a726a34428,8,,,
https://github.com/pholser/junit-quickcheck,9361b6dae25b193782604d071754eb7fc566390a,core,com.pholser.junit.quickcheck.ExhaustingAGivenSetTest.manyParameters,ID;NIO,Accepted,https://github.com/pholser/junit-quickcheck/pull/361,73439e95e5efd69a428cdcbe8dca089b3c54dc1c,1,,,
https://github.com/pholser/junit-quickcheck,9361b6dae25b193782604d071754eb7fc566390a,core,com.pholser.junit.quickcheck.ExhaustingAGivenSetTest.manyParametersWithBooleanAndEnum,NIO,Accepted,https://github.com/pholser/junit-quickcheck/pull/293,f5564b549d12539bcfa2d61e86f30ec000483d20,1,,,
https://github.com/pholser/junit-quickcheck,9361b6dae25b193782604d071754eb7fc566390a,core,com.pholser.junit.quickcheck.ExhaustingAGivenSetTest.primitiveBooleans,NIO,Accepted,https://github.com/pholser/junit-quickcheck/pull/361,73439e95e5efd69a428cdcbe8dca089b3c54dc1c,1,,,
https://github.com/pholser/junit-quickcheck,9361b6dae25b193782604d071754eb7fc566390a,core,com.pholser.junit.quickcheck.ExhaustingAGivenSetTest.primitiveBytes,NIO,Accepted,https://github.com/pholser/junit-quickcheck/pull/361,73439e95e5efd69a428cdcbe8dca089b3c54dc1c,1,,,
https://github.com/pholser/junit-quickcheck,9361b6dae25b193782604d071754eb7fc566390a,core,com.pholser.junit.quickcheck.ExhaustingAGivenSetTest.primitiveChars,NIO,Accepted,https://github.com/pholser/junit-quickcheck/pull/361,73439e95e5efd69a428cdcbe8dca089b3c54dc1c,1,,,
https://github.com/pholser/junit-quickcheck,9361b6dae25b193782604d071754eb7fc566390a,core,com.pholser.junit.quickcheck.ExhaustingAGivenSetTest.primitiveDoubles,NIO,Accepted,https://github.com/pholser/junit-quickcheck/pull/293,f5564b549d12539bcfa2d61e86f30ec000483d20,1,,,
https://github.com/pholser/junit-quickcheck,9361b6dae25b193782604d071754eb7fc566390a,core,com.pholser.junit.quickcheck.ExhaustingAGivenSetTest.primitiveFloats,NIO,Accepted,https://github.com/pholser/junit-quickcheck/pull/293,f5564b549d12539bcfa2d61e86f30ec000483d20,1,,,
https://github.com/pholser/junit-quickcheck,9361b6dae25b193782604d071754eb7fc566390a,core,com.pholser.junit.quickcheck.ExhaustingAGivenSetTest.primitiveIntegers,NIO,Accepted,https://github.com/pholser/junit-quickcheck/pull/293,f5564b549d12539bcfa2d61e86f30ec000483d20,1,,,
https://github.com/pholser/junit-quickcheck,9361b6dae25b193782604d071754eb7fc566390a,core,com.pholser.junit.quickcheck.ExhaustingAGivenSetTest.primitiveLongs,NIO,Accepted,https://github.com/pholser/junit-quickcheck/pull/361,73439e95e5efd69a428cdcbe8dca089b3c54dc1c,1,,,
https://github.com/pholser/junit-quickcheck,9361b6dae25b193782604d071754eb7fc566390a,core,com.pholser.junit.quickcheck.ExhaustingAGivenSetTest.primitiveShorts,NIO,Accepted,https://github.com/pholser/junit-quickcheck/pull/293,f5564b549d12539bcfa2d61e86f30ec000483d20,1,,,
https://github.com/pholser/junit-quickcheck,9361b6dae25b193782604d071754eb7fc566390a,core,com.pholser.junit.quickcheck.ExhaustingAGivenSetTest.strings,NIO,Accepted,https://github.com/pholser/junit-quickcheck/pull/293,f5564b549d12539bcfa2d61e86f30ec000483d20,1,,,
https://github.com/pholser/junit-quickcheck,9361b6dae25b193782604d071754eb7fc566390a,core,com.pholser.junit.quickcheck.ExhaustingAGivenSetTest.wrapperBooleans,NIO,Accepted,https://github.com/pholser/junit-quickcheck/pull/361,73439e95e5efd69a428cdcbe8dca089b3c54dc1c,1,,,
https://github.com/pholser/junit-quickcheck,9361b6dae25b193782604d071754eb7fc566390a,core,com.pholser.junit.quickcheck.ExhaustingAGivenSetTest.wrapperBytes,NIO,Accepted,https://github.com/pholser/junit-quickcheck/pull/361,73439e95e5efd69a428cdcbe8dca089b3c54dc1c,1,,,
https://github.com/pholser/junit-quickcheck,9361b6dae25b193782604d071754eb7fc566390a,core,com.pholser.junit.quickcheck.ExhaustingAGivenSetTest.wrapperChars,NIO,Accepted,https://github.com/pholser/junit-quickcheck/pull/293,f5564b549d12539bcfa2d61e86f30ec000483d20,1,,,
https://github.com/pholser/junit-quickcheck,9361b6dae25b193782604d071754eb7fc566390a,core,com.pholser.junit.quickcheck.ExhaustingAGivenSetTest.wrapperDoubles,NIO,Accepted,https://github.com/pholser/junit-quickcheck/pull/361,73439e95e5efd69a428cdcbe8dca089b3c54dc1c,1,,,
https://github.com/pholser/junit-quickcheck,9361b6dae25b193782604d071754eb7fc566390a,core,com.pholser.junit.quickcheck.ExhaustingAGivenSetTest.wrapperFloats,NIO,Accepted,https://github.com/pholser/junit-quickcheck/pull/293,f5564b549d12539bcfa2d61e86f30ec000483d20,1,,,
https://github.com/pholser/junit-quickcheck,9361b6dae25b193782604d071754eb7fc566390a,core,com.pholser.junit.quickcheck.ExhaustingAGivenSetTest.wrapperIntegers,NIO,Accepted,https://github.com/pholser/junit-quickcheck/pull/293,f5564b549d12539bcfa2d61e86f30ec000483d20,1,,,
https://github.com/pholser/junit-quickcheck,9361b6dae25b193782604d071754eb7fc566390a,core,com.pholser.junit.quickcheck.ExhaustingAGivenSetTest.wrapperLongs,NIO,Accepted,https://github.com/pholser/junit-quickcheck/pull/361,73439e95e5efd69a428cdcbe8dca089b3c54dc1c,1,,,
https://github.com/pholser/junit-quickcheck,9361b6dae25b193782604d071754eb7fc566390a,core,com.pholser.junit.quickcheck.ExhaustingAGivenSetTest.wrapperShorts,NIO,Accepted,https://github.com/pholser/junit-quickcheck/pull/293,f5564b549d12539bcfa2d61e86f30ec000483d20,1,,,
https://github.com/pholser/junit-quickcheck,9361b6dae25b193782604d071754eb7fc566390a,generators,com.pholser.junit.quickcheck.generator.java.util.SetOfSuperFloatPropertyParameterTest.producesExpectedRandomValues,ID,Accepted,https://github.com/pholser/junit-quickcheck/pull/521,724299313a3308872188f53d91265803befb5017,1,,,
https://github.com/pholser/junit-quickcheck,9361b6dae25b193782604d071754eb7fc566390a,generators,com.pholser.junit.quickcheck.generator.java.util.SetOfSuperFloatPropertyParameterTest.verifyInteractionWithRandomness,ID,Accepted,https://github.com/pholser/junit-quickcheck/pull/521,724299313a3308872188f53d91265803befb5017,1,,,
https://github.com/pholser/junit-quickcheck,9361b6dae25b193782604d071754eb7fc566390a,guava,com.pholser.junit.quickcheck.guava.generator.FunctionPropertyParameterTypesTest.arrayOfFunction,OD,Accepted,https://github.com/pholser/junit-quickcheck/pull/257,8ae2f0d18e6be20e3860109b6a65aeac0ed13ce3,1,,,
https://github.com/pholser/junit-quickcheck,9361b6dae25b193782604d071754eb7fc566390a,core,com.pholser.junit.quickcheck.internal.generator.ExplicitGroupOfPropertyParameterGeneratorsChosenWithDiscreteProbabilityTest.producesExpectedRandomValues,ID,Accepted,https://github.com/pholser/junit-quickcheck/pull/283,d0fcfc66782a668632d9bddd8b8c7a1e8bca1f53,2,,,
https://github.com/pholser/junit-quickcheck,9361b6dae25b193782604d071754eb7fc566390a,core,com.pholser.junit.quickcheck.internal.generator.ExplicitGroupOfPropertyParameterGeneratorsChosenWithEqualProbabilityTest.producesExpectedRandomValues,ID,Accepted,https://github.com/pholser/junit-quickcheck/pull/283,d0fcfc66782a668632d9bddd8b8c7a1e8bca1f53,2,,,
https://github.com/pholser/junit-quickcheck,9361b6dae25b193782604d071754eb7fc566390a,core,com.pholser.junit.quickcheck.internal.generator.ExplicitPropertyParameterGeneratorsChosenWithEqualProbabilityTest.producesExpectedRandomValues,ID,Accepted,https://github.com/pholser/junit-quickcheck/pull/283,d0fcfc66782a668632d9bddd8b8c7a1e8bca1f53,2,,,
https://github.com/pholser/junit-quickcheck,9361b6dae25b193782604d071754eb7fc566390a,core,com.pholser.junit.quickcheck.internal.ReflectionTest.findingAnnotationsRecursively,ID,Accepted,https://github.com/pholser/junit-quickcheck/pull/283,d0fcfc66782a668632d9bddd8b8c7a1e8bca1f53,2,,,
https://github.com/pholser/junit-quickcheck,9361b6dae25b193782604d071754eb7fc566390a,core,com.pholser.junit.quickcheck.LambdaPropertyParameterTypesTest.unboxingAFoo,NIO,Accepted,https://github.com/pholser/junit-quickcheck/pull/361,73439e95e5efd69a428cdcbe8dca089b3c54dc1c,1,,,
https://github.com/pholser/junit-quickcheck,9361b6dae25b193782604d071754eb7fc566390a,generators,com.pholser.junit.quickcheck.PrimitivePropertyParameterTypesTest.primitiveBooleanWithValuesOf,NIO,Accepted,https://github.com/pholser/junit-quickcheck/pull/359,14cb34602fb1b970a96d165f43a2739c79a1ef25,1,,,
https://github.com/pholser/junit-quickcheck,9361b6dae25b193782604d071754eb7fc566390a,generators,com.pholser.junit.quickcheck.PrimitivePropertyParameterTypesTest.voidParameter,NIO,Accepted,https://github.com/pholser/junit-quickcheck/pull/294,c5dbe1b5e3152ff39a5f71a053a9f305431888ec,1,,,
https://github.com/pholser/junit-quickcheck,9361b6dae25b193782604d071754eb7fc566390a,generators,com.pholser.junit.quickcheck.PrimitivePropertyParameterTypesTest.wrapperBooleanWithValuesOf,NIO,Accepted,https://github.com/pholser/junit-quickcheck/pull/359,14cb34602fb1b970a96d165f43a2739c79a1ef25,1,,,
https://github.com/pholser/junit-quickcheck,9361b6dae25b193782604d071754eb7fc566390a,core,com.pholser.junit.quickcheck.PropertiesWithExplicitGeneratorsTest.explicitGeneratorTakesPrecedence,NIO,Accepted,https://github.com/pholser/junit-quickcheck/pull/292,c9118ddfe01650190ab7d5160ebee4bb647b49a0,1,,,
https://github.com/pholser/junit-quickcheck,9361b6dae25b193782604d071754eb7fc566390a,core,com.pholser.junit.quickcheck.PropertyExhaustiveSampleSizeTest.shouldFeedADefaultNumberOfValuesToAProperty,NIO,Accepted,https://github.com/pholser/junit-quickcheck/pull/291,1798a5b104651e7ffc3e0f5b907fa81e703b39a5,1,,,
https://github.com/pholser/junit-quickcheck,9361b6dae25b193782604d071754eb7fc566390a,core,com.pholser.junit.quickcheck.PropertyExhaustiveSampleSizeTest.shouldRespectTrialCountIfSpecified,NIO,Accepted,https://github.com/pholser/junit-quickcheck/pull/361,73439e95e5efd69a428cdcbe8dca089b3c54dc1c,1,,,
https://github.com/pholser/junit-quickcheck,9361b6dae25b193782604d071754eb7fc566390a,core,com.pholser.junit.quickcheck.PropertyExhaustiveSampleSizeTest.trialCountHoldsForEntirePropertyRatherThanIndividualParameters,NIO,Accepted,https://github.com/pholser/junit-quickcheck/pull/361,73439e95e5efd69a428cdcbe8dca089b3c54dc1c,1,,,
https://github.com/pholser/junit-quickcheck,9361b6dae25b193782604d071754eb7fc566390a,core,com.pholser.junit.quickcheck.PropertyParameterConfigurationIsolationTest.acrossParametersOfParametersOfArrayTypeAndTypeWithOneConstant,NIO,Accepted,https://github.com/pholser/junit-quickcheck/pull/357,bd500ce03f40fc1a306b7300b9cab3fc5f0c0485,1,,,
https://github.com/pholser/junit-quickcheck,9361b6dae25b193782604d071754eb7fc566390a,core,com.pholser.junit.quickcheck.PropertyParameterConfigurationIsolationTest.acrossParametersOfParametersOfParameterizedTypeAndUnparameterizedTypeWithOneConstant,NIO,Accepted,https://github.com/pholser/junit-quickcheck/pull/361,73439e95e5efd69a428cdcbe8dca089b3c54dc1c,1,,,
https://github.com/pholser/junit-quickcheck,9361b6dae25b193782604d071754eb7fc566390a,core,com.pholser.junit.quickcheck.PropertyParameterConfigurationIsolationTest.acrossParametersOfSameArrayType,NIO,Accepted,https://github.com/pholser/junit-quickcheck/pull/357,bd500ce03f40fc1a306b7300b9cab3fc5f0c0485,1,,,
https://github.com/pholser/junit-quickcheck,9361b6dae25b193782604d071754eb7fc566390a,core,com.pholser.junit.quickcheck.PropertyParameterConfigurationIsolationTest.acrossParametersOfSameArrayTypeWithOneConstant,NIO,Accepted,https://github.com/pholser/junit-quickcheck/pull/361,73439e95e5efd69a428cdcbe8dca089b3c54dc1c,1,,,
https://github.com/pholser/junit-quickcheck,9361b6dae25b193782604d071754eb7fc566390a,core,com.pholser.junit.quickcheck.PropertyParameterConfigurationIsolationTest.acrossParametersOfSameParameterizedType,NIO,Accepted,https://github.com/pholser/junit-quickcheck/pull/357,bd500ce03f40fc1a306b7300b9cab3fc5f0c0485,1,,,
https://github.com/pholser/junit-quickcheck,9361b6dae25b193782604d071754eb7fc566390a,core,com.pholser.junit.quickcheck.PropertyParameterConfigurationIsolationTest.acrossParametersOfSameParameterizedTypeWithOneConstant,NIO,Accepted,https://github.com/pholser/junit-quickcheck/pull/357,bd500ce03f40fc1a306b7300b9cab3fc5f0c0485,1,,,
https://github.com/pholser/junit-quickcheck,9361b6dae25b193782604d071754eb7fc566390a,core,com.pholser.junit.quickcheck.PropertyParameterConfigurationIsolationTest.acrossParametersOfSameType,NIO,Accepted,https://github.com/pholser/junit-quickcheck/pull/357,bd500ce03f40fc1a306b7300b9cab3fc5f0c0485,1,,,
https://github.com/pholser/junit-quickcheck,9361b6dae25b193782604d071754eb7fc566390a,core,com.pholser.junit.quickcheck.PropertyParameterConfigurationIsolationTest.acrossParametersOfSameTypeWithOneConstant,NIO,Accepted,https://github.com/pholser/junit-quickcheck/pull/357,bd500ce03f40fc1a306b7300b9cab3fc5f0c0485,1,,,
https://github.com/pholser/junit-quickcheck,9361b6dae25b193782604d071754eb7fc566390a,core,com.pholser.junit.quickcheck.PropertyTupleSampleSizeTest.shouldFeedADefaultNumberOfValuesToAProperty,NIO,Accepted,https://github.com/pholser/junit-quickcheck/pull/357,bd500ce03f40fc1a306b7300b9cab3fc5f0c0485,1,,,
https://github.com/pholser/junit-quickcheck,9361b6dae25b193782604d071754eb7fc566390a,core,com.pholser.junit.quickcheck.PropertyTupleSampleSizeTest.shouldRespectTrialCountIfSpecified,NIO,Accepted,https://github.com/pholser/junit-quickcheck/pull/357,bd500ce03f40fc1a306b7300b9cab3fc5f0c0485,1,,,
https://github.com/pholser/junit-quickcheck,9361b6dae25b193782604d071754eb7fc566390a,core,com.pholser.junit.quickcheck.PropertyTupleSampleSizeTest.trialCountHoldsForEntirePropertyRatherThanIndividualParameters,NIO,Accepted,https://github.com/pholser/junit-quickcheck/pull/357,bd500ce03f40fc1a306b7300b9cab3fc5f0c0485,1,,,
https://github.com/pholser/junit-quickcheck,9361b6dae25b193782604d071754eb7fc566390a,core,com.pholser.junit.quickcheck.SamplingButAlsoIncludingAGivenSetTest.alsoHonorsGeneratorsApartFromFixedSet,NIO,Accepted,https://github.com/pholser/junit-quickcheck/pull/357,bd500ce03f40fc1a306b7300b9cab3fc5f0c0485,1,,,
https://github.com/pholser/junit-quickcheck,9361b6dae25b193782604d071754eb7fc566390a,core,com.pholser.junit.quickcheck.SamplingButAlsoIncludingAGivenSetTest.ctorOnly,NIO,Accepted,https://github.com/pholser/junit-quickcheck/pull/357,bd500ce03f40fc1a306b7300b9cab3fc5f0c0485,1,,,
https://github.com/pholser/junit-quickcheck,9361b6dae25b193782604d071754eb7fc566390a,core,com.pholser.junit.quickcheck.SamplingButAlsoIncludingAGivenSetTest.enums,NIO,Accepted,https://github.com/pholser/junit-quickcheck/pull/357,bd500ce03f40fc1a306b7300b9cab3fc5f0c0485,1,,,
https://github.com/pholser/junit-quickcheck,9361b6dae25b193782604d071754eb7fc566390a,core,com.pholser.junit.quickcheck.SamplingButAlsoIncludingAGivenSetTest.explicitConversion,NIO,Accepted,https://github.com/pholser/junit-quickcheck/pull/357,bd500ce03f40fc1a306b7300b9cab3fc5f0c0485,1,,,
https://github.com/pholser/junit-quickcheck,9361b6dae25b193782604d071754eb7fc566390a,core,com.pholser.junit.quickcheck.SamplingButAlsoIncludingAGivenSetTest.favorValueOf,NIO,Accepted,https://github.com/pholser/junit-quickcheck/pull/357,bd500ce03f40fc1a306b7300b9cab3fc5f0c0485,1,,,
https://github.com/pholser/junit-quickcheck,9361b6dae25b193782604d071754eb7fc566390a,core,com.pholser.junit.quickcheck.SamplingButAlsoIncludingAGivenSetTest.manyParameters,NIO,Accepted,https://github.com/pholser/junit-quickcheck/pull/357,bd500ce03f40fc1a306b7300b9cab3fc5f0c0485,1,,,
https://github.com/pholser/junit-quickcheck,9361b6dae25b193782604d071754eb7fc566390a,core,com.pholser.junit.quickcheck.SamplingButAlsoIncludingAGivenSetTest.primitiveBooleans,NIO,Accepted,https://github.com/pholser/junit-quickcheck/pull/357,bd500ce03f40fc1a306b7300b9cab3fc5f0c0485,1,,,
https://github.com/pholser/junit-quickcheck,9361b6dae25b193782604d071754eb7fc566390a,core,com.pholser.junit.quickcheck.SamplingButAlsoIncludingAGivenSetTest.primitiveBytes,NIO,Accepted,https://github.com/pholser/junit-quickcheck/pull/290,e0457fcda209b88dfe4ba4a83c947214eaf36ce2,2,,,
https://github.com/pholser/junit-quickcheck,9361b6dae25b193782604d071754eb7fc566390a,core,com.pholser.junit.quickcheck.SamplingButAlsoIncludingAGivenSetTest.primitiveChars,NIO,Accepted,https://github.com/pholser/junit-quickcheck/pull/357,bd500ce03f40fc1a306b7300b9cab3fc5f0c0485,1,,,
https://github.com/pholser/junit-quickcheck,9361b6dae25b193782604d071754eb7fc566390a,core,com.pholser.junit.quickcheck.SamplingButAlsoIncludingAGivenSetTest.primitiveDoubles,NIO,Accepted,https://github.com/pholser/junit-quickcheck/pull/357,bd500ce03f40fc1a306b7300b9cab3fc5f0c0485,1,,,
https://github.com/pholser/junit-quickcheck,9361b6dae25b193782604d071754eb7fc566390a,core,com.pholser.junit.quickcheck.SamplingButAlsoIncludingAGivenSetTest.primitiveFloats,NIO,Accepted,https://github.com/pholser/junit-quickcheck/pull/361,73439e95e5efd69a428cdcbe8dca089b3c54dc1c,1,,,
https://github.com/pholser/junit-quickcheck,9361b6dae25b193782604d071754eb7fc566390a,core,com.pholser.junit.quickcheck.SamplingButAlsoIncludingAGivenSetTest.primitiveIntegers,NIO,Accepted,https://github.com/pholser/junit-quickcheck/pull/361,73439e95e5efd69a428cdcbe8dca089b3c54dc1c,1,,,
https://github.com/pholser/junit-quickcheck,9361b6dae25b193782604d071754eb7fc566390a,core,com.pholser.junit.quickcheck.SamplingButAlsoIncludingAGivenSetTest.primitiveLongs,NIO,Accepted,https://github.com/pholser/junit-quickcheck/pull/361,73439e95e5efd69a428cdcbe8dca089b3c54dc1c,1,,,
https://github.com/pholser/junit-quickcheck,9361b6dae25b193782604d071754eb7fc566390a,core,com.pholser.junit.quickcheck.SamplingButAlsoIncludingAGivenSetTest.primitiveShorts,NIO,Accepted,https://github.com/pholser/junit-quickcheck/pull/361,73439e95e5efd69a428cdcbe8dca089b3c54dc1c,1,,,
https://github.com/pholser/junit-quickcheck,9361b6dae25b193782604d071754eb7fc566390a,core,com.pholser.junit.quickcheck.SamplingButAlsoIncludingAGivenSetTest.strings,NIO,Accepted,https://github.com/pholser/junit-quickcheck/pull/361,73439e95e5efd69a428cdcbe8dca089b3c54dc1c,1,,,
https://github.com/pholser/junit-quickcheck,9361b6dae25b193782604d071754eb7fc566390a,core,com.pholser.junit.quickcheck.SamplingButAlsoIncludingAGivenSetTest.wrapperBooleans,NIO,Accepted,https://github.com/pholser/junit-quickcheck/pull/361,73439e95e5efd69a428cdcbe8dca089b3c54dc1c,1,,,
https://github.com/pholser/junit-quickcheck,9361b6dae25b193782604d071754eb7fc566390a,core,com.pholser.junit.quickcheck.SamplingButAlsoIncludingAGivenSetTest.wrapperBytes,NIO,Accepted,https://github.com/pholser/junit-quickcheck/pull/361,73439e95e5efd69a428cdcbe8dca089b3c54dc1c,1,,,
https://github.com/pholser/junit-quickcheck,9361b6dae25b193782604d071754eb7fc566390a,core,com.pholser.junit.quickcheck.SamplingButAlsoIncludingAGivenSetTest.wrapperChars,NIO,Accepted,https://github.com/pholser/junit-quickcheck/pull/290,e0457fcda209b88dfe4ba4a83c947214eaf36ce2,2,,,
https://github.com/pholser/junit-quickcheck,9361b6dae25b193782604d071754eb7fc566390a,core,com.pholser.junit.quickcheck.SamplingButAlsoIncludingAGivenSetTest.wrapperDoubles,NIO,Accepted,https://github.com/pholser/junit-quickcheck/pull/357,bd500ce03f40fc1a306b7300b9cab3fc5f0c0485,1,,,
https://github.com/pholser/junit-quickcheck,9361b6dae25b193782604d071754eb7fc566390a,core,com.pholser.junit.quickcheck.SamplingButAlsoIncludingAGivenSetTest.wrapperFloats,NIO,Accepted,https://github.com/pholser/junit-quickcheck/pull/361,73439e95e5efd69a428cdcbe8dca089b3c54dc1c,1,,,
https://github.com/pholser/junit-quickcheck,9361b6dae25b193782604d071754eb7fc566390a,core,com.pholser.junit.quickcheck.SamplingButAlsoIncludingAGivenSetTest.wrapperIntegers,NIO,Accepted,https://github.com/pholser/junit-quickcheck/pull/361,73439e95e5efd69a428cdcbe8dca089b3c54dc1c,1,,,
https://github.com/pholser/junit-quickcheck,9361b6dae25b193782604d071754eb7fc566390a,core,com.pholser.junit.quickcheck.SamplingButAlsoIncludingAGivenSetTest.wrapperLongs,NIO,Accepted,https://github.com/pholser/junit-quickcheck/pull/361,73439e95e5efd69a428cdcbe8dca089b3c54dc1c,1,,,
https://github.com/pholser/junit-quickcheck,9361b6dae25b193782604d071754eb7fc566390a,core,com.pholser.junit.quickcheck.SamplingButAlsoIncludingAGivenSetTest.wrapperShorts,NIO,Accepted,https://github.com/pholser/junit-quickcheck/pull/361,73439e95e5efd69a428cdcbe8dca089b3c54dc1c,1,,,
https://github.com/pholser/junit-quickcheck,9361b6dae25b193782604d071754eb7fc566390a,core,com.pholser.junit.quickcheck.SamplingOnlyFromAGivenSetTest.ctorOnly,NIO,Accepted,https://github.com/pholser/junit-quickcheck/pull/361,73439e95e5efd69a428cdcbe8dca089b3c54dc1c,1,,,
https://github.com/pholser/junit-quickcheck,9361b6dae25b193782604d071754eb7fc566390a,core,com.pholser.junit.quickcheck.SamplingOnlyFromAGivenSetTest.enums,NIO,Accepted,https://github.com/pholser/junit-quickcheck/pull/361,73439e95e5efd69a428cdcbe8dca089b3c54dc1c,1,,,
https://github.com/pholser/junit-quickcheck,9361b6dae25b193782604d071754eb7fc566390a,core,com.pholser.junit.quickcheck.SamplingOnlyFromAGivenSetTest.explicitConversion,NIO,Accepted,https://github.com/pholser/junit-quickcheck/pull/361,73439e95e5efd69a428cdcbe8dca089b3c54dc1c,1,,,
https://github.com/pholser/junit-quickcheck,9361b6dae25b193782604d071754eb7fc566390a,core,com.pholser.junit.quickcheck.SamplingOnlyFromAGivenSetTest.favorValueOf,NIO,Accepted,https://github.com/pholser/junit-quickcheck/pull/361,73439e95e5efd69a428cdcbe8dca089b3c54dc1c,1,,,
https://github.com/pholser/junit-quickcheck,9361b6dae25b193782604d071754eb7fc566390a,core,com.pholser.junit.quickcheck.SamplingOnlyFromAGivenSetTest.manyParameters,NIO,Accepted,https://github.com/pholser/junit-quickcheck/pull/361,73439e95e5efd69a428cdcbe8dca089b3c54dc1c,1,,,
https://github.com/pholser/junit-quickcheck,9361b6dae25b193782604d071754eb7fc566390a,core,com.pholser.junit.quickcheck.SamplingOnlyFromAGivenSetTest.onlyTrumpsAlso,NIO,Accepted,https://github.com/pholser/junit-quickcheck/pull/361,73439e95e5efd69a428cdcbe8dca089b3c54dc1c,1,,,
https://github.com/pholser/junit-quickcheck,9361b6dae25b193782604d071754eb7fc566390a,core,com.pholser.junit.quickcheck.SamplingOnlyFromAGivenSetTest.onlyTrumpsGenerators,NIO,Accepted,https://github.com/pholser/junit-quickcheck/pull/361,73439e95e5efd69a428cdcbe8dca089b3c54dc1c,1,,,
https://github.com/pholser/junit-quickcheck,9361b6dae25b193782604d071754eb7fc566390a,core,com.pholser.junit.quickcheck.SamplingOnlyFromAGivenSetTest.primitiveBooleans,NIO,Accepted,https://github.com/pholser/junit-quickcheck/pull/361,73439e95e5efd69a428cdcbe8dca089b3c54dc1c,1,,,
https://github.com/pholser/junit-quickcheck,9361b6dae25b193782604d071754eb7fc566390a,core,com.pholser.junit.quickcheck.SamplingOnlyFromAGivenSetTest.primitiveBytes,NIO,Accepted,https://github.com/pholser/junit-quickcheck/pull/361,73439e95e5efd69a428cdcbe8dca089b3c54dc1c,1,,,
https://github.com/pholser/junit-quickcheck,9361b6dae25b193782604d071754eb7fc566390a,core,com.pholser.junit.quickcheck.SamplingOnlyFromAGivenSetTest.primitiveChars,NIO,Accepted,https://github.com/pholser/junit-quickcheck/pull/361,73439e95e5efd69a428cdcbe8dca089b3c54dc1c,1,,,
https://github.com/pholser/junit-quickcheck,9361b6dae25b193782604d071754eb7fc566390a,core,com.pholser.junit.quickcheck.SamplingOnlyFromAGivenSetTest.primitiveDoubles,NIO,Accepted,https://github.com/pholser/junit-quickcheck/pull/361,73439e95e5efd69a428cdcbe8dca089b3c54dc1c,1,,,
https://github.com/pholser/junit-quickcheck,9361b6dae25b193782604d071754eb7fc566390a,core,com.pholser.junit.quickcheck.SamplingOnlyFromAGivenSetTest.primitiveFloats,NIO,Accepted,https://github.com/pholser/junit-quickcheck/pull/361,73439e95e5efd69a428cdcbe8dca089b3c54dc1c,1,,,
https://github.com/pholser/junit-quickcheck,9361b6dae25b193782604d071754eb7fc566390a,core,com.pholser.junit.quickcheck.SamplingOnlyFromAGivenSetTest.primitiveIntegers,NIO,Accepted,https://github.com/pholser/junit-quickcheck/pull/361,73439e95e5efd69a428cdcbe8dca089b3c54dc1c,1,,,
https://github.com/pholser/junit-quickcheck,9361b6dae25b193782604d071754eb7fc566390a,core,com.pholser.junit.quickcheck.SamplingOnlyFromAGivenSetTest.primitiveLongs,NIO,Accepted,https://github.com/pholser/junit-quickcheck/pull/361,73439e95e5efd69a428cdcbe8dca089b3c54dc1c,1,,,
https://github.com/pholser/junit-quickcheck,9361b6dae25b193782604d071754eb7fc566390a,core,com.pholser.junit.quickcheck.SamplingOnlyFromAGivenSetTest.primitiveShorts,NIO,Accepted,https://github.com/pholser/junit-quickcheck/pull/361,73439e95e5efd69a428cdcbe8dca089b3c54dc1c,1,,,
https://github.com/pholser/junit-quickcheck,9361b6dae25b193782604d071754eb7fc566390a,core,com.pholser.junit.quickcheck.SamplingOnlyFromAGivenSetTest.strings,NIO,Accepted,https://github.com/pholser/junit-quickcheck/pull/361,73439e95e5efd69a428cdcbe8dca089b3c54dc1c,1,,,
https://github.com/pholser/junit-quickcheck,9361b6dae25b193782604d071754eb7fc566390a,core,com.pholser.junit.quickcheck.SamplingOnlyFromAGivenSetTest.wrapperBooleans,NIO,Accepted,https://github.com/pholser/junit-quickcheck/pull/361,73439e95e5efd69a428cdcbe8dca089b3c54dc1c,1,,,
https://github.com/pholser/junit-quickcheck,9361b6dae25b193782604d071754eb7fc566390a,core,com.pholser.junit.quickcheck.SamplingOnlyFromAGivenSetTest.wrapperBytes,NIO,Accepted,https://github.com/pholser/junit-quickcheck/pull/361,73439e95e5efd69a428cdcbe8dca089b3c54dc1c,1,,,
https://github.com/pholser/junit-quickcheck,9361b6dae25b193782604d071754eb7fc566390a,core,com.pholser.junit.quickcheck.SamplingOnlyFromAGivenSetTest.wrapperChars,NIO,Accepted,https://github.com/pholser/junit-quickcheck/pull/361,73439e95e5efd69a428cdcbe8dca089b3c54dc1c,1,,,
https://github.com/pholser/junit-quickcheck,9361b6dae25b193782604d071754eb7fc566390a,core,com.pholser.junit.quickcheck.SamplingOnlyFromAGivenSetTest.wrapperDoubles,NIO,Accepted,https://github.com/pholser/junit-quickcheck/pull/361,73439e95e5efd69a428cdcbe8dca089b3c54dc1c,1,,,
https://github.com/pholser/junit-quickcheck,9361b6dae25b193782604d071754eb7fc566390a,core,com.pholser.junit.quickcheck.SamplingOnlyFromAGivenSetTest.wrapperFloats,NIO,Accepted,https://github.com/pholser/junit-quickcheck/pull/361,73439e95e5efd69a428cdcbe8dca089b3c54dc1c,1,,,
https://github.com/pholser/junit-quickcheck,9361b6dae25b193782604d071754eb7fc566390a,core,com.pholser.junit.quickcheck.SamplingOnlyFromAGivenSetTest.wrapperIntegers,NIO,Accepted,https://github.com/pholser/junit-quickcheck/pull/361,73439e95e5efd69a428cdcbe8dca089b3c54dc1c,1,,,
https://github.com/pholser/junit-quickcheck,9361b6dae25b193782604d071754eb7fc566390a,core,com.pholser.junit.quickcheck.SamplingOnlyFromAGivenSetTest.wrapperLongs,NIO,Accepted,https://github.com/pholser/junit-quickcheck/pull/361,73439e95e5efd69a428cdcbe8dca089b3c54dc1c,1,,,
https://github.com/pholser/junit-quickcheck,9361b6dae25b193782604d071754eb7fc566390a,core,com.pholser.junit.quickcheck.SamplingOnlyFromAGivenSetTest.wrapperShorts,NIO,Accepted,https://github.com/pholser/junit-quickcheck/pull/361,73439e95e5efd69a428cdcbe8dca089b3c54dc1c,1,,,
https://github.com/pholser/junit-quickcheck,9361b6dae25b193782604d071754eb7fc566390a,core,com.pholser.junit.quickcheck.ShrinkingTest.assumptionFailureWhileShrinking,NIO,Accepted,https://github.com/pholser/junit-quickcheck/pull/361,73439e95e5efd69a428cdcbe8dca089b3c54dc1c,1,,,
https://github.com/pholser/junit-quickcheck,9361b6dae25b193782604d071754eb7fc566390a,core,com.pholser.junit.quickcheck.ShrinkingTest.disablingShrinking,NIO,Accepted,https://github.com/pholser/junit-quickcheck/pull/361,73439e95e5efd69a428cdcbe8dca089b3c54dc1c,1,,,
https://github.com/pholser/junit-quickcheck,9361b6dae25b193782604d071754eb7fc566390a,core,com.pholser.junit.quickcheck.UsualJUnitMachineryOnPropertyBasedTest.orderingOfStatements,NIO;OD,Accepted,https://github.com/pholser/junit-quickcheck/pull/288,e0e8aa7e2a3cf433320b9b976dbac762e8f4ee58,1,,https://github.com/TestingResearchIllinois/idoft/issues/6,
https://github.com/pholser/junit-quickcheck,9361b6dae25b193782604d071754eb7fc566390a,core,com.pholser.junit.quickcheck.UsualJUnitMachineryOnShrinkingPropertyBasedTest.orderingOfStatements,NIO,Accepted,https://github.com/pholser/junit-quickcheck/pull/289,30e31cb2a6ac2d4abb27c00c6537422453c6e8f8,1,,,
https://github.com/pholser/junit-quickcheck,9361b6dae25b193782604d071754eb7fc566390a,core,com.pholser.junit.quickcheck.UsualJUnitMachineryOnSubclassPropertyTest.expectedOrderingOfMethods,NIO,Accepted,https://github.com/pholser/junit-quickcheck/pull/286,1a4f6ea96d37bdd3e6b3bfb19d330babfb2bc86b,1,,,
https://github.com/pholser/junit-quickcheck,9361b6dae25b193782604d071754eb7fc566390a,core,com.pholser.junit.quickcheck.UsualJUnitMachineryOnTraitBasedPropertyTest.expectedOrderingOfMethods,NIO,Accepted,https://github.com/pholser/junit-quickcheck/pull/287,bcd691eb3ab220fecdb5f3078b9fd9630ecdfbfc,1,,,
https://github.com/pinterest/secor,0927a127e3014ee494c97f8c0c25dafe9cf5ac27,.,com.pinterest.secor.io.FileReaderWriterFactoryTest.testDelimitedTextFileReader,NOD,Accepted,https://github.com/pinterest/secor/pull/1687,80217d43b19c75159433166a52755ab9afea9178,2,,,
https://github.com/pinterest/secor,0927a127e3014ee494c97f8c0c25dafe9cf5ac27,.,com.pinterest.secor.io.FileReaderWriterFactoryTest.testDelimitedTextFileWriter,NOD,Accepted,https://github.com/pinterest/secor/pull/1687,80217d43b19c75159433166a52755ab9afea9178,2,,,
https://github.com/pmd/pmd,bdc08e44fd92380d59cdc50cf9d8dd36e537c369,pmd-core,net.sourceforge.pmd.renderers.SummaryHTMLRendererTest.testRendererMultiple,ID,Accepted,https://github.com/pmd/pmd/pull/4750,49bf4406341e65fdc0d031704aa22824de76d444,1,,,
https://github.com/prometheus/client_java,47254cf2c4d18e6184629eb6907aac5991476500,dropwizard,io.prometheus.client.dropwizard.samplebuilder.CustomMappingSampleBuilderTest.test_WHEN_MoreToFormatInLabelsAndName_THEN_ShouldReturnCorrectSample,ID,Accepted,https://github.com/prometheus/client_java/pull/829,7cf0cc9dc58981198be106a27333653bed7bf688,2,,,
https://github.com/protegeproject/webprotege-backend-service,c9105780451b936a74dfe6a829403e60798099d4,,edu.stanford.protege.webprotege.entity.SubjectClosureResolver_TestCase.shouldGetClsAsRootEntity,ID,Accepted,https://github.com/protegeproject/webprotege-backend-service/pull/52,f93133f3103b0745dbb1152d87e9b5b4777c35f7,1,,,
https://github.com/quarkusio/quarkus,84128ced08b138915584d1fe0dd378e001f6757f,core/devmode,io.quarkus.dev.CompilerFlagsTest.defaulting,ID,Accepted,https://github.com/quarkusio/quarkus/pull/6839,5023303f029cdf31ab62bec56d52b58a4696b4ed,1,,,
https://github.com/quarkusio/quarkus,84128ced08b138915584d1fe0dd378e001f6757f,core/devmode,io.quarkus.dev.CompilerFlagsTest.redundancyReduction,ID,Accepted,https://github.com/quarkusio/quarkus/pull/6839,5023303f029cdf31ab62bec56d52b58a4696b4ed,1,,,
https://github.com/quarkusio/quarkus,842924c270d47ee7b350f4dd59df47586854beeb,independent-projects/tools/codestarts,io.quarkus.devtools.codestarts.CodestartProjectGenerationTest.checkDefaultProject,ID,Accepted,https://github.com/quarkusio/quarkus/pull/44027,fc18f9685c2b74da7122b85cd46241781a87f6f3,1,,,
https://github.com/quarkusio/quarkus,842924c270d47ee7b350f4dd59df47586854beeb,independent-projects/tools/registry-client,io.quarkus.registry.catalog.ExtensionCatalogSerializationTest.testExtensionCatalog,ID,Accepted,https://github.com/quarkusio/quarkus/pull/44033,c825cfb20d8b54a8999c323a4b936978a4fb2312,1,,,
https://github.com/quarkusio/quarkus,842924c270d47ee7b350f4dd59df47586854beeb,independent-projects/tools/registry-client,io.quarkus.registry.catalog.ExtensionCatalogSerializationTest.testPlatformsConfig,ID,Accepted,https://github.com/quarkusio/quarkus/pull/44033,c825cfb20d8b54a8999c323a4b936978a4fb2312,1,,,
https://github.com/quarkusio/quarkus,842924c270d47ee7b350f4dd59df47586854beeb,independent-projects/tools/registry-client,io.quarkus.registry.config.DevToolsConfigSerializationTest.testRegistryMavenRepoUrlAndId,ID,Accepted,https://github.com/quarkusio/quarkus/pull/44033,c825cfb20d8b54a8999c323a4b936978a4fb2312,1,,,
https://github.com/querydsl/querydsl,2bf234caf78549813a1e0f44d9c30ecc5ef734e3,querydsl-apt,com.querydsl.apt.GenericExporterTest.execute,ID,Accepted,https://github.com/querydsl/querydsl/pull/2535,868531789651aa7d90d28bef6d34a129b20c6b46,1,,,
https://github.com/querydsl/querydsl,2bf234caf78549813a1e0f44d9c30ecc5ef734e3,querydsl-apt,com.querydsl.apt.GenericExporterTest.execute2,ID,Accepted,https://github.com/querydsl/querydsl/pull/2535,868531789651aa7d90d28bef6d34a129b20c6b46,1,,,
https://github.com/querydsl/querydsl,2bf234caf78549813a1e0f44d9c30ecc5ef734e3,querydsl-hibernate-search,com.querydsl.hibernate.search.SearchQueryTest.count,NOD,Accepted,https://github.com/querydsl/querydsl/pull/2658,ce3d5ab312ed013aef687e39df72a07be974f48c,1,,https://github.com/TestingResearchIllinois/flaky-test-dataset/issues/45,
https://github.com/querydsl/querydsl,2bf234caf78549813a1e0f44d9c30ecc5ef734e3,querydsl-hibernate-search,com.querydsl.hibernate.search.SearchQueryTest.list,NIO;NOD,Accepted,https://github.com/querydsl/querydsl/pull/2658,ce3d5ab312ed013aef687e39df72a07be974f48c,1,,,
https://github.com/querydsl/querydsl,2bf234caf78549813a1e0f44d9c30ecc5ef734e3,querydsl-hibernate-search,com.querydsl.hibernate.search.SearchQueryTest.listResults,NOD;OD-Brit,Accepted,https://github.com/querydsl/querydsl/pull/2658,ce3d5ab312ed013aef687e39df72a07be974f48c,1,,https://github.com/TestingResearchIllinois/flaky-test-dataset/issues/45,
https://github.com/querydsl/querydsl,2bf234caf78549813a1e0f44d9c30ecc5ef734e3,querydsl-hibernate-search,com.querydsl.hibernate.search.SearchQueryTest.no_where,NIO;NOD,Accepted,https://github.com/querydsl/querydsl/pull/2658,ce3d5ab312ed013aef687e39df72a07be974f48c,1,,,
https://github.com/querydsl/querydsl,2bf234caf78549813a1e0f44d9c30ecc5ef734e3,querydsl-hibernate-search,com.querydsl.hibernate.search.SearchQueryTest.ordering,NIO;NOD,Accepted,https://github.com/querydsl/querydsl/pull/2658,ce3d5ab312ed013aef687e39df72a07be974f48c,1,,,
https://github.com/querydsl/querydsl,2bf234caf78549813a1e0f44d9c30ecc5ef734e3,querydsl-hibernate-search,com.querydsl.hibernate.search.SearchQueryTest.paging,NOD,Accepted,https://github.com/querydsl/querydsl/pull/2658,ce3d5ab312ed013aef687e39df72a07be974f48c,1,,https://github.com/TestingResearchIllinois/flaky-test-dataset/issues/45,
https://github.com/raphw/byte-buddy,b19eabacf6a9df26641052037666566b2152ce9f,byte-buddy-dep,net.bytebuddy.description.type.TypeDescriptionArrayProjectionTest.testTypeAnnotationExceptionType,ID,Accepted,https://github.com/raphw/byte-buddy/pull/1547,9d6a5873ace44b778c6f883f34d4888508dbe440,6,,,
https://github.com/raphw/byte-buddy,b19eabacf6a9df26641052037666566b2152ce9f,byte-buddy-dep,net.bytebuddy.description.type.TypeDescriptionGenericBuilderTest.testTypeAnnotationExceptionType,ID,Accepted,https://github.com/raphw/byte-buddy/pull/1547,9d6a5873ace44b778c6f883f34d4888508dbe440,6,,,
https://github.com/raphw/byte-buddy,b19eabacf6a9df26641052037666566b2152ce9f,byte-buddy-dep,net.bytebuddy.implementation.auxiliary.MethodCallProxyTest.testNonGenericParameter,ID,Accepted,https://github.com/raphw/byte-buddy/pull/1547,9d6a5873ace44b778c6f883f34d4888508dbe440,6,,,
https://github.com/rest-assured/rest-assured,d3602d9a24e3bfef0c7367fe3c6f589b4147f0e7,modules/spring-mock-mvc,io.restassured.module.mockmvc.LoggingIfValidationFailsTest.logging_of_both_request_and_response_validation_works_when_test_fails,ID,Accepted,https://github.com/rest-assured/rest-assured/pull/1280,500b5950a5b9c0abad9371a34b06bf1874eb9a70,1,,,
https://github.com/rest-assured/rest-assured,d3602d9a24e3bfef0c7367fe3c6f589b4147f0e7,modules/spring-mock-mvc,io.restassured.module.mockmvc.ResponseLoggingTest.logging_if_response_validation_fails_works,ID,Accepted,https://github.com/rest-assured/rest-assured/pull/1236,755abf6adeee56c1ed060d6688c859b620ad9e84,1,,,
https://github.com/rest-assured/rest-assured,d3602d9a24e3bfef0c7367fe3c6f589b4147f0e7,modules/spring-web-test-client,io.restassured.module.webtestclient.LoggingIfValidationFailsTest.logging_of_both_request_and_response_validation_works_when_test_fails,ID,Accepted,https://github.com/rest-assured/rest-assured/pull/1277,1b672c9dfb30d518657b9ddd39e4ad033e4baa6c,1,,,
https://github.com/rest-assured/rest-assured,d3602d9a24e3bfef0c7367fe3c6f589b4147f0e7,modules/spring-web-test-client,io.restassured.module.webtestclient.LoggingIfValidationFailsTest.logging_of_both_request_with_uri_function_and_response_validation_works_when_test_fails,ID,Accepted,https://github.com/rest-assured/rest-assured/pull/1277,1b672c9dfb30d518657b9ddd39e4ad033e4baa6c,1,,,
https://github.com/rest-assured/rest-assured,d3602d9a24e3bfef0c7367fe3c6f589b4147f0e7,modules/spring-web-test-client,io.restassured.module.webtestclient.ResponseLoggingTest.logging_if_response_validation_fails_works,ID,Accepted,https://github.com/rest-assured/rest-assured/pull/1277,1b672c9dfb30d518657b9ddd39e4ad033e4baa6c,1,,,
https://github.com/rest-assured/rest-assured,bbede9fff77d4f1b751cdada0bdf8fe8d928919a,spring-web-test-client,io.restassured.module.webtestclient.WebTestClientSpecificationMergingTest.web_test_client_factory_is_not_overwritten_when_not_defined_in_specification,OD,Accepted,https://github.com/rest-assured/rest-assured/pull/1424,8fa425a8a03446de1b20a665c24410cb213a49c1,1,,,
https://github.com/rest-assured/rest-assured,d3602d9a24e3bfef0c7367fe3c6f589b4147f0e7,json-path,io.restassured.path.json.JsonPathTest.jsonPathSupportsPrettifiyingJson,ID,Accepted,https://github.com/rest-assured/rest-assured/pull/1215,6c7d1687f229b9494dc250914bfbc8be4c25595c,1,,,
https://github.com/rest-assured/rest-assured,d3602d9a24e3bfef0c7367fe3c6f589b4147f0e7,json-path,io.restassured.path.json.JsonPathTest.jsonPathSupportsPrettyPrintingJson,ID,Accepted,https://github.com/rest-assured/rest-assured/pull/1215,6c7d1687f229b9494dc250914bfbc8be4c25595c,1,,,
https://github.com/rest-assured/rest-assured,d3602d9a24e3bfef0c7367fe3c6f589b4147f0e7,json-path,io.restassured.path.json.JsonPathTest.pretty_printing_works,ID,Accepted,https://github.com/rest-assured/rest-assured/pull/1215,6c7d1687f229b9494dc250914bfbc8be4c25595c,1,,,
https://github.com/ripe-ncc/whois,79e90f41d7eeee42f2c3ad299bfccc4e8005ce8c,whois-api,net.ripe.db.whois.api.rdap.RdapResponseJsonTest.domain_serialization_test,ID,Accepted,https://github.com/RIPE-NCC/whois/pull/1097,,7,,,
https://github.com/ripe-ncc/whois,79e90f41d7eeee42f2c3ad299bfccc4e8005ce8c,whois-api,net.ripe.db.whois.api.rdap.RdapResponseJsonTest.ip_serialization_test,ID,Accepted,https://github.com/RIPE-NCC/whois/pull/1097,,7,,,
https://github.com/ripe-ncc/whois,79e90f41d7eeee42f2c3ad299bfccc4e8005ce8c,whois-api,net.ripe.db.whois.api.rdap.RdapResponseJsonTest.nameserver_serialization_test,ID,Accepted,https://github.com/RIPE-NCC/whois/pull/1097,,7,,,
https://github.com/rrd4j/rrd4j,5e0c9c7e138167388721a0620b95526e89fd6059,.,org.rrd4j.graph.FontTest.testClean,OD-Vic,Accepted,https://github.com/rrd4j/rrd4j/pull/160,e4b118c8270c911ad84b9226cfa8189a8a23f0f1,1,,,
https://github.com/runelite/runelite,3bad0b726be8eac4119e8ff657ca3160ae11a074,cache,net.runelite.cache.script.assembler.AssemblerTest.testAssemble[0],ID,Accepted,https://github.com/runelite/runelite/pull/14104,15a393fe86a5c6eab4af8729634fcf53f08a3e2f,1,,,
https://github.com/runelite/runelite,3bad0b726be8eac4119e8ff657ca3160ae11a074,cache,net.runelite.cache.script.assembler.AssemblerTest.testAssemble[1],ID,Accepted,https://github.com/runelite/runelite/pull/14104,15a393fe86a5c6eab4af8729634fcf53f08a3e2f,1,,,
https://github.com/sakaiproject/sakai,17039df4b3f76abb13a670151e6e58d1df9d608f,lti/tsugi-util,org.tsugi.lti13.GroupServiceTest.testConstructor,ID,Accepted,https://github.com/sakaiproject/sakai/pull/13014,591047c8ef89e21cfb495539e55fae9d8bd99066,2,SAK-50696,,
https://github.com/sakaiproject/sakai,17039df4b3f76abb13a670151e6e58d1df9d608f,lti/tsugi-util,org.tsugi.lti13.LTI13KeySetTest.testKeySets,ID,Accepted,https://github.com/sakaiproject/sakai/pull/13014,591047c8ef89e21cfb495539e55fae9d8bd99066,2,SAK-50696,,
https://github.com/sakaiproject/sakai,17039df4b3f76abb13a670151e6e58d1df9d608f,lti/tsugi-util,org.tsugi.lti13.LTI13NimbusTest.testRSAFromString,ID,Accepted,https://github.com/sakaiproject/sakai/pull/13014,591047c8ef89e21cfb495539e55fae9d8bd99066,2,SAK-50696,,
https://github.com/sakaiproject/sakai,17039df4b3f76abb13a670151e6e58d1df9d608f,lti/tsugi-util,org.tsugi.lti13.LTI13NimbusTest.testRSAPaulGray,ID,Accepted,https://github.com/sakaiproject/sakai/pull/13014,591047c8ef89e21cfb495539e55fae9d8bd99066,2,SAK-50696,,
https://github.com/sakaiproject/sakai,17039df4b3f76abb13a670151e6e58d1df9d608f,lti/tsugi-util,org.tsugi.lti13.LTI13ObjectTest.testThreev,ID,Accepted,https://github.com/sakaiproject/sakai/pull/13014,591047c8ef89e21cfb495539e55fae9d8bd99066,2,SAK-50696,,
https://github.com/sakaiproject/sakai,17039df4b3f76abb13a670151e6e58d1df9d608f,lti/tsugi-util,org.tsugi.lti13.LTI13ObjectTest.testTwo,ID,Accepted,https://github.com/sakaiproject/sakai/pull/13014,591047c8ef89e21cfb495539e55fae9d8bd99066,2,SAK-50696,,
https://github.com/SAP/emobility-smart-charging,53c97ae60625a3e89a130213551840e455b74ae6,.,com.sap.charging.model.FuseTreeTest.testToJSON,ID,Accepted,https://github.com/SAP/emobility-smart-charging/pull/42,40acb938bdbb3ec6fb532142e9c37f8254c767a5,1,,,
https://github.com/SAP/fosstars-rating-core,6f37921610ee0d8438b9ec8adc8b02f88a17f992,.,com.sap.oss.phosphor.fosstars.data.artifact.VulnerabilitiesFromOwaspDependencyCheckTest.testVulnerabilitiesAvailable,ID,Accepted,https://github.com/SAP/fosstars-rating-core/pull/823,691ad7a20f9d0490550e9d65f1a5861df4091508,5,,,
https://github.com/SAP/pair-distribution-app,0be329d2897f6d5fbb634e46e0ef3d283282dc93,.,pair.distribution.app.helpers.DayPairsHelperTest.testGenerateNewDayPairs,ID,Accepted,https://github.com/SAP/pair-distribution-app/pull/7,4d0ca2bdd77f0e49933d7ef9c2c7edf88848bb02,2,,RepoArchived,
https://github.com/SAP/pair-distribution-app,0be329d2897f6d5fbb634e46e0ef3d283282dc93,.,pair.distribution.app.helpers.DayPairsHelperTest.testGenerateNewDayPairsNoPastState,ID,Accepted,https://github.com/SAP/pair-distribution-app/pull/7,4d0ca2bdd77f0e49933d7ef9c2c7edf88848bb02,2,,RepoArchived,
https://github.com/SAP/pair-distribution-app,0be329d2897f6d5fbb634e46e0ef3d283282dc93,.,pair.distribution.app.helpers.DayPairsHelperTest.testGenerateNewDayPairsNoPastStateAndRotationNeeded,ID,Accepted,https://github.com/SAP/pair-distribution-app/pull/7,4d0ca2bdd77f0e49933d7ef9c2c7edf88848bb02,2,,RepoArchived,
https://github.com/SAP/pair-distribution-app,0be329d2897f6d5fbb634e46e0ef3d283282dc93,.,pair.distribution.app.helpers.DayPairsHelperTest.testGenerateNewDayPairsOnlyOldDevAvailableForStory,ID,Accepted,https://github.com/SAP/pair-distribution-app/pull/7,4d0ca2bdd77f0e49933d7ef9c2c7edf88848bb02,2,,RepoArchived,
https://github.com/SAP/pair-distribution-app,0be329d2897f6d5fbb634e46e0ef3d283282dc93,.,pair.distribution.app.helpers.DayPairsHelperTest.testGenerateNewDayPairsSoloRequired,ID,Accepted,https://github.com/SAP/pair-distribution-app/pull/7,4d0ca2bdd77f0e49933d7ef9c2c7edf88848bb02,2,,RepoArchived,
https://github.com/SAP/pair-distribution-app,0be329d2897f6d5fbb634e46e0ef3d283282dc93,.,pair.distribution.app.helpers.DayPairsHelperTest.testGenerateNewDayPairsWithEverydayRotation,ID,Accepted,https://github.com/SAP/pair-distribution-app/pull/7,4d0ca2bdd77f0e49933d7ef9c2c7edf88848bb02,2,,RepoArchived,
https://github.com/SAP/pair-distribution-app,0be329d2897f6d5fbb634e46e0ef3d283282dc93,.,pair.distribution.app.helpers.DayPairsHelperTest.testGenerateNewDayPairsWithSmallestWeight,ID,Accepted,https://github.com/SAP/pair-distribution-app/pull/7,4d0ca2bdd77f0e49933d7ef9c2c7edf88848bb02,2,,RepoArchived,
https://github.com/SAP/scimono,a1a6fc3524b650e5ea191792ad0d203b3a5cb774,scimono-client,com.sap.scimono.client.GroupRequestTest.testReadGroupsWithIndexPagedResponse,ID,Accepted,https://github.com/SAP/scimono/pull/188,d57a463e66bce713413f9de6d3f74d529d4bd9e6,2,,,
https://github.com/SAP/scimono,a1a6fc3524b650e5ea191792ad0d203b3a5cb774,scimono-client,com.sap.scimono.client.ResourcePageQueryTest.testCreateCustomIdentityFilter,ID,Accepted,https://github.com/SAP/scimono/pull/188,d57a463e66bce713413f9de6d3f74d529d4bd9e6,2,,,
https://github.com/SAP/scimono,a1a6fc3524b650e5ea191792ad0d203b3a5cb774,scimono-client,com.sap.scimono.client.ResourcePageQueryTest.testCreateCustomIndexFilter,ID,Accepted,https://github.com/SAP/scimono/pull/188,d57a463e66bce713413f9de6d3f74d529d4bd9e6,2,,,
https://github.com/SAP/scimono,a1a6fc3524b650e5ea191792ad0d203b3a5cb774,scimono-client,com.sap.scimono.client.ResourcePageQueryTest.testCreateDefaultIdentityFilter,ID,Accepted,https://github.com/SAP/scimono/pull/188,d57a463e66bce713413f9de6d3f74d529d4bd9e6,2,,,
https://github.com/SAP/scimono,a1a6fc3524b650e5ea191792ad0d203b3a5cb774,scimono-client,com.sap.scimono.client.ResourcePageQueryTest.testCreateDefaultIndexFilter,ID,Accepted,https://github.com/SAP/scimono/pull/188,d57a463e66bce713413f9de6d3f74d529d4bd9e6,2,,,
https://github.com/SAP/scimono,a1a6fc3524b650e5ea191792ad0d203b3a5cb774,scimono-client,com.sap.scimono.client.SCIMResourceRequestInvocationTest.readResourcesTests,ID,Accepted,https://github.com/SAP/scimono/pull/188,d57a463e66bce713413f9de6d3f74d529d4bd9e6,2,,,
https://github.com/SAP/scimono,a1a6fc3524b650e5ea191792ad0d203b3a5cb774,scimono-client,com.sap.scimono.client.SCIMResourceResponseHandlingTest.testReadAllUsers,ID,Accepted,https://github.com/SAP/scimono/pull/188,d57a463e66bce713413f9de6d3f74d529d4bd9e6,2,,,
https://github.com/SAP/scimono,a1a6fc3524b650e5ea191792ad0d203b3a5cb774,scimono-client,com.sap.scimono.client.SCIMResourceResponseHandlingTest.testReadMultipleUsersDefaultFilter,ID,Accepted,https://github.com/SAP/scimono/pull/188,d57a463e66bce713413f9de6d3f74d529d4bd9e6,2,,,
https://github.com/SAP/scimono,a1a6fc3524b650e5ea191792ad0d203b3a5cb774,scimono-client,com.sap.scimono.client.SCIMResourceResponseHandlingTest.testReadMultipleUsersIndexFilter,ID,Accepted,https://github.com/SAP/scimono/pull/188,d57a463e66bce713413f9de6d3f74d529d4bd9e6,2,,,
https://github.com/SAP/scimono,a1a6fc3524b650e5ea191792ad0d203b3a5cb774,scimono-client,com.sap.scimono.client.UserRequestTest.testReadUsersWithIndexPagedResponse,ID,Accepted,https://github.com/SAP/scimono/pull/188,d57a463e66bce713413f9de6d3f74d529d4bd9e6,2,,,
https://github.com/SAP/scimono,a1a6fc3524b650e5ea191792ad0d203b3a5cb774,scimono-client,com.sap.scimono.client.UserRequestTest.testReadUsersWithPagedByIdentityResponse,ID,Accepted,https://github.com/SAP/scimono/pull/188,d57a463e66bce713413f9de6d3f74d529d4bd9e6,2,,,
https://github.com/seata/seata,d334f85395887193f72fa57daea906a73a2da34e,common,io.seata.common.util.CollectionUtilsTest.encodeMap,ID,Accepted,https://github.com/seata/seata/pull/1802,07f5477f4624558d77c00dc3fe25f1a085571c1b,2,,,
https://github.com/Slimefun/Slimefun4,d5e4149b4f4d83dd1620d4a4cbb6d876903c851c,.,io.github.thebusybiscuit.slimefun4.api.items.settings.TestMaterialTagSetting.testAllowedValue,ID,Accepted,https://github.com/Slimefun/Slimefun4/pull/3179,5a0414aca9565fcce83e48bd52c56696ac5002fa,9,,,
https://github.com/smooks/smooks,024ca88e771dd77032b1774fe257dcc233308d90,core,org.smooks.engine.delivery.DefaultContentDeliveryConfigBuilderTestCase.testUnsupportedVisitor,ID,Accepted,https://github.com/smooks/smooks/pull/885,9d67d66e21b88432366ef080d37f8fa38d8aba9b,1,,,
https://github.com/snakeyaml/snakeyaml,626340b5bcd50a8eb12413478e935be077c6b39c,.,org.yaml.snakeyaml.lowlevel.LowLevelApiTest.testLowLevel,ID,Accepted,https://github.com/snakeyaml/snakeyaml/pull/9,c34cdb01a3e367594d7ef0c724f4dd0ef9aa3d5c,1,,,
https://github.com/snakeyaml/snakeyaml,626340b5bcd50a8eb12413478e935be077c6b39c,.,org.yaml.snakeyaml.types.BoolTagTest.testBoolOutAsEmpty2,ID,Accepted,https://github.com/snakeyaml/snakeyaml/pull/9,c34cdb01a3e367594d7ef0c724f4dd0ef9aa3d5c,1,,,
https://github.com/snakeyaml/snakeyaml,626340b5bcd50a8eb12413478e935be077c6b39c,.,org.yaml.snakeyaml.types.BoolTagTest.testBoolOutAsEmpty3,ID,Accepted,https://github.com/snakeyaml/snakeyaml/pull/9,c34cdb01a3e367594d7ef0c724f4dd0ef9aa3d5c,1,,,
https://github.com/snakeyaml/snakeyaml,626340b5bcd50a8eb12413478e935be077c6b39c,.,org.yaml.snakeyaml.types.testBoolOutAsEmpty3,ID,Accepted,https://github.com/snakeyaml/snakeyaml/pull/9,c34cdb01a3e367594d7ef0c724f4dd0ef9aa3d5c,1,,,
https://github.com/snakeyaml/snakeyaml,626340b5bcd50a8eb12413478e935be077c6b39c,.,org.yaml.snakeyaml.types.testNullOutAsEmpty2,ID,Accepted,https://github.com/snakeyaml/snakeyaml/pull/9,c34cdb01a3e367594d7ef0c724f4dd0ef9aa3d5c,1,,,
https://github.com/snakeyaml/snakeyaml-engine,9d2bca887ad1be7575bae2e427d074e2c49ff109,.,org.snakeyaml.engine.issues.issue25.DumpToStringTest.dumpToStringTwice,ID,Accepted,https://github.com/snakeyaml/snakeyaml-engine/pull/1,36cd98db2e9811616724b7119fd8d2b92866ae72,1,,,
https://github.com/snakeyaml/snakeyaml-engine,9d2bca887ad1be7575bae2e427d074e2c49ff109,.,org.snakeyaml.engine.usecases.recursive.RecursiveMapTest.loadRecursiveMap2,ID,Accepted,https://github.com/snakeyaml/snakeyaml-engine/pull/1,36cd98db2e9811616724b7119fd8d2b92866ae72,1,,,
https://github.com/snakeyaml/snakeyaml-engine,9d2bca887ad1be7575bae2e427d074e2c49ff109,.,org.snakeyaml.engine.usecases.references.ReferencesTest.parseManyAliasesForCollections,ID,Accepted,https://github.com/snakeyaml/snakeyaml-engine/pull/1,36cd98db2e9811616724b7119fd8d2b92866ae72,1,,,
https://github.com/snakeyaml/snakeyaml-engine,9d2bca887ad1be7575bae2e427d074e2c49ff109,.,org.snakeyaml.engine.usecases.references.ReferencesTest.referencesWithRecursiveKeysNotAllowedByDefault,ID,Accepted,https://github.com/snakeyaml/snakeyaml-engine/pull/1,36cd98db2e9811616724b7119fd8d2b92866ae72,1,,,
https://github.com/snowflakedb/snowflake-jdbc,c4b5f224b9b5b9a691e6f90e9044e7d93d89a264,.,net.snowflake.client.jdbc.cloud.storage.SnowflakeAzureClientTest.testFormatStorageExtendedErrorInformation,ID,Accepted,https://github.com/snowflakedb/snowflake-jdbc/pull/1164,8f851abb4517a7deaebc590c376583d33d4db4dc,2,,,
https://github.com/sofastack/sofa-boot,451b5c513ceb13317ea7b53c656dde2a597867df,sofa-boot-project/sofa-boot-starters/log-sofa-boot-starter,com.alipay.sofa.common.boot.logging.test.DefaultLevelTest.testDefaultLevel,ID,Accepted,https://github.com/sofastack/sofa-boot/pull/1124,b7f7ab29103f9273b7a8420ca93309bd4f558b44,8,,,
https://github.com/SonarSource/sonar-php,df211f66a67c48184006cff90e80e8406a87f8ec,php-frontend,org.sonar.php.metrics.ExecutableLineVisitorTest.test,ID,Accepted,https://github.com/SonarSource/sonar-php/pull/785,562d5f3f065d4c5b3b856507c97da4b40ae91b67,1,,,
https://github.com/soot-oss/soot,23758df0ce8327bb414d982aeb325a4f5e83ccf8,.,soot.toolkits.graph.TestDominance.TestAcyclicCFG,ID,Accepted,https://github.com/soot-oss/soot/pull/1802,13ee37804b2a7fa133a117f47a9991ce1def4767,1,,,
https://github.com/soot-oss/soot,23758df0ce8327bb414d982aeb325a4f5e83ccf8,.,soot.toolkits.graph.TestDominance.TestMultiTailedPostDom,ID,Accepted,https://github.com/soot-oss/soot/pull/1802,13ee37804b2a7fa133a117f47a9991ce1def4767,1,,,
https://github.com/soot-oss/soot,23758df0ce8327bb414d982aeb325a4f5e83ccf8,.,soot.toolkits.graph.TestDominance.TestSimpleDiamond,ID,Accepted,https://github.com/soot-oss/soot/pull/1802,13ee37804b2a7fa133a117f47a9991ce1def4767,1,,,
https://github.com/spdx/tools,cf965bc2fa99e1c5ca23f992f18cef48c08dec9f,.,org.spdx.compare.TestPackageSheet.tesConcludedLicensetCol,ID,Accepted,https://github.com/spdx/tools/pull/312,bc35e25dacb728bf8332b82b509bb3efacd6c64e,2,,,
https://github.com/spdx/tools,cf965bc2fa99e1c5ca23f992f18cef48c08dec9f,.,org.spdx.compare.TestPackageSheet.testDeclaredLicenseCol,ID,Accepted,https://github.com/spdx/tools/pull/312,bc35e25dacb728bf8332b82b509bb3efacd6c64e,2,,,
https://github.com/spring-cloud/spring-cloud-config,922590e084284fc95566f8dcb277e94733cff2ec,spring-cloud-config-monitor,org.springframework.cloud.config.monitor.GiteePropertyPathNotificationExtractorTests.giteeSample,ID,Accepted,https://github.com/spring-cloud/spring-cloud-config/pull/1546,,1,,,
https://github.com/spring-projects/spring-data-cassandra,880787ff8841b461c3bff6d0755a485171867a59,spring-data-cassandra,org.springframework.data.cassandra.core.query.CriteriaUnitTests.shouldCreateIsInSet,ID,Accepted,https://github.com/spring-projects/spring-data-cassandra/pull/1199,1c02d4cb6bd1ec0c496bdf64699d57c18a9b1e54,1,,,
https://github.com/spring-projects/spring-data-couchbase,8c1a24c61934fff283a540fa830aa516db9a1059,.,org.springframework.data.couchbase.core.mapping.MappingCouchbaseConverterTests.writesAndReadsCustomFieldsConvertedClass,ID,Accepted,https://github.com/spring-projects/spring-data-couchbase/pull/1264,15feab66b946b298386deacb26f2bb6e7920fec2,1,,,
https://github.com/spring-projects/spring-data-envers,5637994be37747e82b2d6d5b34555e2bee791fe6,.,org.springframework.data.envers.repository.support.QueryDslRepositoryIntegrationTests.testWithRevisions,OD-Vic,Accepted,https://github.com/spring-projects/spring-data-envers/pull/226,,1,,,
https://github.com/spring-projects/spring-data-jpa,dccc58040b2eb59f1ed425df491e6de87b130897,.,org.springframework.data.jpa.repository.UserRepositoryStoredProcedureIntegrationTests.entityAnnotatedCustomNamedProcedurePlus1IO2,ID,Accepted,https://github.com/spring-projects/spring-data-jpa/pull/2364,,1,,https://github.com/spring-projects/spring-data-jpa/commit/519ed8171e3e67d6fc95c1fdc1a5590f74645f1b,
https://github.com/spring-projects/spring-data-jpa,dccc58040b2eb59f1ed425df491e6de87b130897,.,org.springframework.data.jpa.repository.UserRepositoryStoredProcedureIntegrationTests.entityAnnotatedCustomNamedProcedurePlus1IOoptional,ID,Accepted,https://github.com/spring-projects/spring-data-jpa/pull/2364,,1,,https://github.com/spring-projects/spring-data-jpa/commit/519ed8171e3e67d6fc95c1fdc1a5590f74645f1b,
https://github.com/spring-projects/spring-ws,e8d89c9eb0929dda304174729c9c69fb29f448eb,spring-ws-security,org.springframework.ws.soap.security.xwss.callback.SpringDigestPasswordValidationCallbackHandlerTest.testAuthenticateUserDigestUserNotFound,OD;UD,Accepted,https://github.com/spring-projects/spring-ws/pull/1165,eb6da139ae8703b30fb3472c988fc6cf48941002,8,,https://github.com/TestingResearchIllinois/flaky-test-dataset/issues/51,
https://github.com/spring-projects/spring-ws,e8d89c9eb0929dda304174729c9c69fb29f448eb,spring-ws-security,org.springframework.ws.soap.security.xwss.callback.SpringDigestPasswordValidationCallbackHandlerTest.testAuthenticateUserDigestValidInvalid,OD;UD,Accepted,https://github.com/spring-projects/spring-ws/pull/1165,eb6da139ae8703b30fb3472c988fc6cf48941002,8,,https://github.com/TestingResearchIllinois/flaky-test-dataset/issues/51,
https://github.com/stanfordnlp/CoreNLP,08f6dca23e5296d6affdc40895bf294d9b3144f6,.,edu.stanford.nlp.graph.DirectedMultiGraphTest.testConnectedComponents,ID,Accepted,https://github.com/stanfordnlp/CoreNLP/pull/1215,a53d57c1518d78eb8364553b8d75c53021e46f8d,3,,,
https://github.com/stanfordnlp/CoreNLP,08f6dca23e5296d6affdc40895bf294d9b3144f6,.,edu.stanford.nlp.util.CollectionValuedMapTest.testAddRemove,ID,Accepted,https://github.com/stanfordnlp/CoreNLP/pull/1182,2b06cd67e1ccc0f45c082baf30a97505a65bd93e,2,,,
https://github.com/stargate/stargate,1bb3eae8bce3eac8a54ced8054180932312b16f3,persistence-api,io.stargate.db.schema.ColumnTest.testToStringWithCollections,ID,Accepted,https://github.com/stargate/stargate/pull/1383,37fdb517d62d0198043dae935b790b9b1335422e,5,,,
https://github.com/stleary/JSON-java,8353b9c3f06239c2ffe5b8a39e67ffc72893f666,.,org.json.junit.JSONMLTest.testToJSONObject_reversibility,ID,Accepted,https://github.com/stleary/JSON-java/pull/788,e6d37c469de9199ba25c53266862b115ec9e40d9,6,,,
https://github.com/stleary/JSON-java,8353b9c3f06239c2ffe5b8a39e67ffc72893f666,.,org.json.junit.JSONObjectTest.valueToString,ID,Accepted,https://github.com/stleary/JSON-java/pull/788,e6d37c469de9199ba25c53266862b115ec9e40d9,6,,,
https://github.com/stleary/JSON-java,bc623e36d6af01b43729c94d8381642a94f95a84,.,org.json.junit.JSONPointerTest.queryByEmptyKeySubObject,ID,Accepted,https://github.com/stleary/JSON-java/pull/696,98df35449a93738be2d69d955fb805fa416c6f0a,1,,,
https://github.com/stleary/JSON-java,8353b9c3f06239c2ffe5b8a39e67ffc72893f666,.,org.json.junit.XMLTest.testIndentComplicatedJsonObject,ID,Accepted,https://github.com/stleary/JSON-java/pull/734,0578285036b019874e5bc598916040cfb8511200,1,,,
https://github.com/stleary/JSON-java,8353b9c3f06239c2ffe5b8a39e67ffc72893f666,.,org.json.junit.XMLTest.testIndentComplicatedJsonObjectWithArrayAndWithConfig,ID,Accepted,https://github.com/stleary/JSON-java/pull/798,d677a99f4ef56666a9f2ee6cc61fc36abadb8291,1,,,
https://github.com/stleary/JSON-java,8353b9c3f06239c2ffe5b8a39e67ffc72893f666,.,org.json.junit.XMLTest.testIndentSimpleJsonArray,ID,Accepted,https://github.com/stleary/JSON-java/pull/734,0578285036b019874e5bc598916040cfb8511200,1,,,
https://github.com/stleary/JSON-java,8353b9c3f06239c2ffe5b8a39e67ffc72893f666,.,org.json.junit.XMLTest.testIndentSimpleJsonObject,ID,Accepted,https://github.com/stleary/JSON-java/pull/734,0578285036b019874e5bc598916040cfb8511200,1,,,
https://github.com/streamx-co/FluentJPA,4faabd6739e53db9b98630e3e348d367c92e705f,.,co.streamx.fluent.JPA.FamilyTest.test1,ID,Accepted,https://github.com/streamx-co/FluentJPA/pull/4,8690167a82b18868a59da8d31c19fc79ea024c40,1,,,
https://github.com/tbsalling/aismessages,7b0c4c708b6bb9a6da3d5737bcad1857ade8a931,.,dk.tbsalling.aismessages.nmea.NMEAMessageHandlerTest.canHandleFragmentedMessageReceived,OD-Vic,Accepted,https://github.com/tbsalling/aismessages/pull/41,cc9601d53e364dfbb366721218b4f22d1cc2aaf0,1,,,
https://github.com/tbsalling/aismessages,7b0c4c708b6bb9a6da3d5737bcad1857ade8a931,.,dk.tbsalling.aismessages.nmea.NMEAMessageHandlerTest.canHandleUnfragmentedMessageReceived,OD-Vic,Accepted,https://github.com/tbsalling/aismessages/pull/41,cc9601d53e364dfbb366721218b4f22d1cc2aaf0,1,,,
https://github.com/Tencent/spring-cloud-tencent,d6d663f07e0ef086a4b910e79df900a1ac8c0104,spring-cloud-tencent-starters/spring-cloud-tencent-metadata,com.tencent.cloud.metadata.core.intercepter.feign.Metadata2HeaderFeignInterceptorTest.test1,ID,Accepted,https://github.com/Tencent/spring-cloud-tencent/pull/51,99eee2663f1815b3a9d74885aac0997ddc575f91,1,,,
https://github.com/Tencent/spring-cloud-tencent,d6d663f07e0ef086a4b910e79df900a1ac8c0104,spring-cloud-tencent-starters/spring-cloud-tencent-metadata,com.tencent.cloud.metadata.core.intercepter.resttemplate.MetadataRestTemplateInterceptorTest.test1,ID,Accepted,https://github.com/Tencent/spring-cloud-tencent/pull/51,99eee2663f1815b3a9d74885aac0997ddc575f91,1,,,
https://github.com/TestingResearchIllinois/starts,76323ed1eb39bb7b4aea9797c9f081f3dd521ebd,.,edu.illinois.starts.helpers.WriterTest.testWriteGrpahWithMultipleEdges,ID,Accepted,https://github.com/TestingResearchIllinois/starts/pull/89,fe33c455c503382611c3a4a00b4c04f17bdfb549,1,,,
https://github.com/tools4j/unix4j,367da7d262e682a08577cdf19ebbbdd8a46870fe,unix4j-core/unix4j-command,org.unix4j.unix.FindFileTimeDependentTest.find_fileCreatedBeforeNow,OD-Vic,Accepted,https://github.com/tools4j/unix4j/pull/77,062b0d5a0c7d91b630e4b4a3b561d3c817517356,1,,,
https://github.com/twilio/twilio-java,49865104e861266937f2db20157e6b724e5b3b87,.,com.twilio.jwt.taskrouter.PolicyTest.testToJson,ID,Accepted,https://github.com/twilio/twilio-java/pull/725,facab196a737feb8bda5b6b6b3d26e75251c4922,3,,,
https://github.com/undertow-io/undertow,d0efffad5d2034bb07525cac9b299dac72c3045d,servlet,io.undertow.servlet.test.security.form.SaveOriginalPostRequestTestCase.testParametersFromOriginalPostRequest,ID,Accepted,https://github.com/undertow-io/undertow/pull/991,a0e804ce69926996aa63ef4c5d2bca2fef5c8894,1,UNDERTOW-1820,,
https://github.com/undertow-io/undertow,d0efffad5d2034bb07525cac9b299dac72c3045d,websockets-jsr,io.undertow.websockets.jsr.test.annotated.AnnotatedEndpointTest.testCloseReason,OD-Vic,Accepted,https://github.com/undertow-io/undertow/pull/684,3b0bd687c8dca502022053e810303fac12bd9639,1,UNDERTOW-1435,,
https://github.com/vaadin/flow,26aacd3cdf51c7e0a18ae21318d366ce7f91be8a,flow-data,com.vaadin.flow.data.validator.BeanValidatorTest.testInvalidDecimalsFailsInFrench,OD,Accepted,https://github.com/vaadin/flow/pull/9524,16f75856e1297096b4974c0e5fed1ec31f8cbda9,1,,https://github.com/TestingResearchIllinois/flaky-test-dataset/issues/41,
https://github.com/vipshop/vjtools,60c743da35913d72f37f2d79afa90ad2bf73cb89,vjkit,com.vip.vjtools.vjkit.mapper.JsonMapperTest.jsonp,ID,Accepted,https://github.com/vipshop/vjtools/pull/168,587bd671b24b289f270f1d1909351b1a1bbc8934,1,,,
https://github.com/vipshop/vjtools,60c743da35913d72f37f2d79afa90ad2bf73cb89,vjkit,com.vip.vjtools.vjkit.mapper.JsonMapperTest.threeTypeMappers,ID,Accepted,https://github.com/vipshop/vjtools/pull/168,587bd671b24b289f270f1d1909351b1a1bbc8934,1,,,
https://github.com/vipshop/vjtools,60c743da35913d72f37f2d79afa90ad2bf73cb89,vjkit,com.vip.vjtools.vjkit.mapper.JsonMapperTest.toJson,ID,Accepted,https://github.com/vipshop/vjtools/pull/168,587bd671b24b289f270f1d1909351b1a1bbc8934,1,,,
https://github.com/vojtechhabarta/typescript-generator,caef58bfe55a8cd1fc5d7368c19e9ff818a7b7fa,typescript-generator-core,cz.habarta.typescript.generator.EnumConstantsExtensionTest.basicTest,ID,Accepted,https://github.com/vojtechhabarta/typescript-generator/pull/677,4a349ceed5ce5d1ad5833d931124f258131c00c9,2,,,
https://github.com/vojtechhabarta/typescript-generator,caef58bfe55a8cd1fc5d7368c19e9ff818a7b7fa,typescript-generator-core,cz.habarta.typescript.generator.EnumConstantsExtensionTest.testSorting,ID,Accepted,https://github.com/vojtechhabarta/typescript-generator/pull/677,4a349ceed5ce5d1ad5833d931124f258131c00c9,2,,,
https://github.com/vojtechhabarta/typescript-generator,caef58bfe55a8cd1fc5d7368c19e9ff818a7b7fa,typescript-generator-core,cz.habarta.typescript.generator.EnumTest.testEnumAsEnum,ID,Accepted,https://github.com/vojtechhabarta/typescript-generator/pull/677,4a349ceed5ce5d1ad5833d931124f258131c00c9,2,,,
https://github.com/vojtechhabarta/typescript-generator,caef58bfe55a8cd1fc5d7368c19e9ff818a7b7fa,typescript-generator-core,cz.habarta.typescript.generator.EnumTest.testEnumAsInlineUnion,ID,Accepted,https://github.com/vojtechhabarta/typescript-generator/pull/677,4a349ceed5ce5d1ad5833d931124f258131c00c9,2,,,
https://github.com/vojtechhabarta/typescript-generator,caef58bfe55a8cd1fc5d7368c19e9ff818a7b7fa,typescript-generator-core,cz.habarta.typescript.generator.EnumTest.testEnumAsNumberBasedEnum,ID,Accepted,https://github.com/vojtechhabarta/typescript-generator/pull/677,4a349ceed5ce5d1ad5833d931124f258131c00c9,2,,,
https://github.com/vojtechhabarta/typescript-generator,caef58bfe55a8cd1fc5d7368c19e9ff818a7b7fa,typescript-generator-core,cz.habarta.typescript.generator.EnumTest.testEnumAsUnion,ID,Accepted,https://github.com/vojtechhabarta/typescript-generator/pull/677,4a349ceed5ce5d1ad5833d931124f258131c00c9,2,,,
https://github.com/vojtechhabarta/typescript-generator,caef58bfe55a8cd1fc5d7368c19e9ff818a7b7fa,typescript-generator-core,cz.habarta.typescript.generator.EnumTest.testEnumMapKeys_asInlineUnion,ID,Accepted,https://github.com/vojtechhabarta/typescript-generator/pull/677,4a349ceed5ce5d1ad5833d931124f258131c00c9,2,,,
https://github.com/vojtechhabarta/typescript-generator,caef58bfe55a8cd1fc5d7368c19e9ff818a7b7fa,typescript-generator-core,cz.habarta.typescript.generator.EnumTest.testEnumUsingToString,ID,Accepted,https://github.com/vojtechhabarta/typescript-generator/pull/677,4a349ceed5ce5d1ad5833d931124f258131c00c9,2,,,
https://github.com/vojtechhabarta/typescript-generator,caef58bfe55a8cd1fc5d7368c19e9ff818a7b7fa,typescript-generator-core,cz.habarta.typescript.generator.EnumTest.testEnumWithJsonPropertyAnnotations,ID,Accepted,https://github.com/vojtechhabarta/typescript-generator/pull/677,4a349ceed5ce5d1ad5833d931124f258131c00c9,2,,,
https://github.com/vojtechhabarta/typescript-generator,caef58bfe55a8cd1fc5d7368c19e9ff818a7b7fa,typescript-generator-core,cz.habarta.typescript.generator.EnumTest.testEnumWithJsonValueFieldAnnotation,ID,Accepted,https://github.com/vojtechhabarta/typescript-generator/pull/677,4a349ceed5ce5d1ad5833d931124f258131c00c9,2,,,
https://github.com/vojtechhabarta/typescript-generator,caef58bfe55a8cd1fc5d7368c19e9ff818a7b7fa,typescript-generator-core,cz.habarta.typescript.generator.EnumTest.testEnumWithJsonValueMethodAnnotation,ID,Accepted,https://github.com/vojtechhabarta/typescript-generator/pull/677,4a349ceed5ce5d1ad5833d931124f258131c00c9,2,,,
https://github.com/vojtechhabarta/typescript-generator,caef58bfe55a8cd1fc5d7368c19e9ff818a7b7fa,typescript-generator-core,cz.habarta.typescript.generator.EnumTest.testSingleEnum,ID,Accepted,https://github.com/vojtechhabarta/typescript-generator/pull/677,4a349ceed5ce5d1ad5833d931124f258131c00c9,2,,,
https://github.com/vojtechhabarta/typescript-generator,caef58bfe55a8cd1fc5d7368c19e9ff818a7b7fa,typescript-generator-core,cz.habarta.typescript.generator.ImmutablesTest.testImmutables,ID,Accepted,https://github.com/vojtechhabarta/typescript-generator/pull/686,107eb2f854692bd1ad466596f62b21fcc3fc735c,2,,,
https://github.com/wikidata/wikidata-toolkit,20de6f7f12319f54eb962ff6e8357b3f5695d54d,wdtk-dumpfiles,org.wikidata.wdtk.dumpfiles.MwDumpFileProcessingTest.testMwDailyDumpFileProcessing,OD-Brit,Accepted,https://github.com/Wikidata/Wikidata-Toolkit/pull/480,10f971105701e49dea8b470b3df966f64d68d370,1,,,
https://github.com/wikidata/wikidata-toolkit,20de6f7f12319f54eb962ff6e8357b3f5695d54d,wdtk-dumpfiles,org.wikidata.wdtk.dumpfiles.MwDumpFileProcessingTest.testMwMostRecentFullDumpFileProcessing,OD-Brit,Accepted,https://github.com/Wikidata/Wikidata-Toolkit/pull/484,c09530d706d0dc026a28cadcca31653784fa33ba,1,,,
https://github.com/wikidata/wikidata-toolkit,20de6f7f12319f54eb962ff6e8357b3f5695d54d,wdtk-dumpfiles,org.wikidata.wdtk.dumpfiles.MwDumpFileProcessingTest.testMwRecentCurrentDumpFileProcessing,OD-Brit,Accepted,https://github.com/Wikidata/Wikidata-Toolkit/pull/484,c09530d706d0dc026a28cadcca31653784fa33ba,1,,,
https://github.com/wikidata/wikidata-toolkit,20de6f7f12319f54eb962ff6e8357b3f5695d54d,wdtk-util,org.wikidata.wdtk.util.DirectoryManagerFactoryTest.createDefaultDirectoryManagerPath,OD-Vic,Accepted,https://github.com/Wikidata/Wikidata-Toolkit/pull/485,eb64d3eba60e8506c3cc01c5bd9cc4606beae700,1,,,
https://github.com/wikidata/wikidata-toolkit,20de6f7f12319f54eb962ff6e8357b3f5695d54d,wdtk-util,org.wikidata.wdtk.util.DirectoryManagerFactoryTest.createDirectoryManagerIoException,OD-Vic,Accepted,https://github.com/Wikidata/Wikidata-Toolkit/pull/485,eb64d3eba60e8506c3cc01c5bd9cc4606beae700,1,,,
https://github.com/wildfly/jboss-ejb-client,21ba139c3d49b0d5231372f80511e7f732414ca9,.,org.jboss.ejb.client.test.byteman.MixedModeServiceURLTestCase.testInvocationOnMixedModeCluster,ID,Accepted,https://github.com/wildfly/jboss-ejb-client/pull/534,6402c98679e1b9e067eda7d47350240d2d764445,1,EJBCLIENT-418,,
https://github.com/wildfly/wildfly,b19048b72669fc0e96665b1b125dc1fda21f5993,naming,org.jboss.as.naming.InitialContextFactoryTestCase.testInitialFactory,OD-Vic,Accepted,https://github.com/wildfly/wildfly/pull/11833,9c9f68ac1c809b6c0dce8a01c0f73d2bfa23bfe4,1,WFLY-11323,,
https://github.com/wildfly/wildfly,b19048b72669fc0e96665b1b125dc1fda21f5993,naming,org.jboss.as.naming.InitialContextFactoryTestCase.testJavaContext,OD-Vic,Accepted,https://github.com/wildfly/wildfly/pull/11833,9c9f68ac1c809b6c0dce8a01c0f73d2bfa23bfe4,1,WFLY-11323,,
https://github.com/wildfly/wildfly,b19048b72669fc0e96665b1b125dc1fda21f5993,naming,org.jboss.as.naming.InitialContextTestCase.testRegisterURLSchemeHandler,OD-Vic,Accepted,https://github.com/wildfly/wildfly/pull/11833,9c9f68ac1c809b6c0dce8a01c0f73d2bfa23bfe4,1,WFLY-11323,,
https://github.com/wildfly/wildfly,b19048b72669fc0e96665b1b125dc1fda21f5993,naming,org.jboss.as.naming.NamingContextTestCase.testBind,OD-Vic,Accepted,https://github.com/wildfly/wildfly/pull/11833,9c9f68ac1c809b6c0dce8a01c0f73d2bfa23bfe4,1,WFLY-11323,,
https://github.com/wildfly/wildfly,b19048b72669fc0e96665b1b125dc1fda21f5993,naming,org.jboss.as.naming.NamingContextTestCase.testBindReferenceable,OD-Vic,Accepted,https://github.com/wildfly/wildfly/pull/11833,9c9f68ac1c809b6c0dce8a01c0f73d2bfa23bfe4,1,WFLY-11323,,
https://github.com/wildfly/wildfly,b19048b72669fc0e96665b1b125dc1fda21f5993,naming,org.jboss.as.naming.NamingContextTestCase.testCreateSubcontext,OD-Vic,Accepted,https://github.com/wildfly/wildfly/pull/11833,9c9f68ac1c809b6c0dce8a01c0f73d2bfa23bfe4,1,WFLY-11323,,
https://github.com/wildfly/wildfly,b19048b72669fc0e96665b1b125dc1fda21f5993,naming,org.jboss.as.naming.NamingContextTestCase.testList,OD-Vic,Accepted,https://github.com/wildfly/wildfly/pull/11833,9c9f68ac1c809b6c0dce8a01c0f73d2bfa23bfe4,1,WFLY-11323,,
https://github.com/wildfly/wildfly,b19048b72669fc0e96665b1b125dc1fda21f5993,naming,org.jboss.as.naming.NamingContextTestCase.testListBindings,OD-Vic,Accepted,https://github.com/wildfly/wildfly/pull/11833,9c9f68ac1c809b6c0dce8a01c0f73d2bfa23bfe4,1,WFLY-11323,,
https://github.com/wildfly/wildfly,b19048b72669fc0e96665b1b125dc1fda21f5993,naming,org.jboss.as.naming.NamingContextTestCase.testListBindingsNameNotFound,OD-Vic,Accepted,https://github.com/wildfly/wildfly/pull/11833,9c9f68ac1c809b6c0dce8a01c0f73d2bfa23bfe4,1,WFLY-11323,,
https://github.com/wildfly/wildfly,b19048b72669fc0e96665b1b125dc1fda21f5993,naming,org.jboss.as.naming.NamingContextTestCase.testListBindingsWithContinuation,OD-Vic,Accepted,https://github.com/wildfly/wildfly/pull/11833,9c9f68ac1c809b6c0dce8a01c0f73d2bfa23bfe4,1,WFLY-11323,,
https://github.com/wildfly/wildfly,b19048b72669fc0e96665b1b125dc1fda21f5993,naming,org.jboss.as.naming.NamingContextTestCase.testListNameNotFound,OD-Vic,Accepted,https://github.com/wildfly/wildfly/pull/11833,9c9f68ac1c809b6c0dce8a01c0f73d2bfa23bfe4,1,WFLY-11323,,
https://github.com/wildfly/wildfly,b19048b72669fc0e96665b1b125dc1fda21f5993,naming,org.jboss.as.naming.NamingContextTestCase.testListWithContinuation,OD-Vic,Accepted,https://github.com/wildfly/wildfly/pull/11833,9c9f68ac1c809b6c0dce8a01c0f73d2bfa23bfe4,1,WFLY-11323,,
https://github.com/wildfly/wildfly,b19048b72669fc0e96665b1b125dc1fda21f5993,naming,org.jboss.as.naming.NamingContextTestCase.testLookup,OD-Vic,Accepted,https://github.com/wildfly/wildfly/pull/11833,9c9f68ac1c809b6c0dce8a01c0f73d2bfa23bfe4,1,WFLY-11323,,
https://github.com/wildfly/wildfly,b19048b72669fc0e96665b1b125dc1fda21f5993,naming,org.jboss.as.naming.NamingContextTestCase.testLookupContextLink,OD-Vic,Accepted,https://github.com/wildfly/wildfly/pull/11833,9c9f68ac1c809b6c0dce8a01c0f73d2bfa23bfe4,1,WFLY-11323,,
https://github.com/wildfly/wildfly,b19048b72669fc0e96665b1b125dc1fda21f5993,naming,org.jboss.as.naming.NamingContextTestCase.testLookupEmptyName,OD-Vic,Accepted,https://github.com/wildfly/wildfly/pull/11833,9c9f68ac1c809b6c0dce8a01c0f73d2bfa23bfe4,1,WFLY-11323,,
https://github.com/wildfly/wildfly,b19048b72669fc0e96665b1b125dc1fda21f5993,naming,org.jboss.as.naming.NamingContextTestCase.testLookupLink,OD-Vic,Accepted,https://github.com/wildfly/wildfly/pull/11833,9c9f68ac1c809b6c0dce8a01c0f73d2bfa23bfe4,1,WFLY-11323,,
https://github.com/wildfly/wildfly,b19048b72669fc0e96665b1b125dc1fda21f5993,naming,org.jboss.as.naming.NamingContextTestCase.testLookupNameNotFound,OD-Vic,Accepted,https://github.com/wildfly/wildfly/pull/11833,9c9f68ac1c809b6c0dce8a01c0f73d2bfa23bfe4,1,WFLY-11323,,
https://github.com/wildfly/wildfly,b19048b72669fc0e96665b1b125dc1fda21f5993,naming,org.jboss.as.naming.NamingContextTestCase.testLookupReference,OD-Vic,Accepted,https://github.com/wildfly/wildfly/pull/11833,9c9f68ac1c809b6c0dce8a01c0f73d2bfa23bfe4,1,WFLY-11323,,
https://github.com/wildfly/wildfly,b19048b72669fc0e96665b1b125dc1fda21f5993,naming,org.jboss.as.naming.NamingContextTestCase.testLookupWithContinuation,OD-Vic,Accepted,https://github.com/wildfly/wildfly/pull/11833,9c9f68ac1c809b6c0dce8a01c0f73d2bfa23bfe4,1,WFLY-11323,,
https://github.com/wildfly/wildfly,b19048b72669fc0e96665b1b125dc1fda21f5993,naming,org.jboss.as.naming.NamingContextTestCase.testLookupWitResolveResult,OD-Vic,Accepted,https://github.com/wildfly/wildfly/pull/11833,9c9f68ac1c809b6c0dce8a01c0f73d2bfa23bfe4,1,WFLY-11323,,
https://github.com/wildfly/wildfly,b19048b72669fc0e96665b1b125dc1fda21f5993,naming,org.jboss.as.naming.NamingContextTestCase.testRebind,OD-Vic,Accepted,https://github.com/wildfly/wildfly/pull/11833,9c9f68ac1c809b6c0dce8a01c0f73d2bfa23bfe4,1,WFLY-11323,,
https://github.com/wildfly/wildfly,b19048b72669fc0e96665b1b125dc1fda21f5993,naming,org.jboss.as.naming.NamingContextTestCase.testRebindReferenceable,OD-Vic,Accepted,https://github.com/wildfly/wildfly/pull/11833,9c9f68ac1c809b6c0dce8a01c0f73d2bfa23bfe4,1,WFLY-11323,,
https://github.com/wildfly/wildfly,b19048b72669fc0e96665b1b125dc1fda21f5993,naming,org.jboss.as.naming.NamingContextTestCase.testUnbind,OD-Vic,Accepted,https://github.com/wildfly/wildfly/pull/11833,9c9f68ac1c809b6c0dce8a01c0f73d2bfa23bfe4,1,WFLY-11323,,
https://github.com/wildfly/wildfly,b19048b72669fc0e96665b1b125dc1fda21f5993,naming,org.jboss.as.naming.NamingEventCoordinatorTestCase.testFireAllEvent,OD-Vic,Accepted,https://github.com/wildfly/wildfly/pull/11833,9c9f68ac1c809b6c0dce8a01c0f73d2bfa23bfe4,1,WFLY-11323,,
https://github.com/wildfly/wildfly,b19048b72669fc0e96665b1b125dc1fda21f5993,naming,org.jboss.as.naming.NamingEventCoordinatorTestCase.testFireMultiLevelEvent,OD-Vic,Accepted,https://github.com/wildfly/wildfly/pull/11833,9c9f68ac1c809b6c0dce8a01c0f73d2bfa23bfe4,1,WFLY-11323,,
https://github.com/wildfly/wildfly,b19048b72669fc0e96665b1b125dc1fda21f5993,naming,org.jboss.as.naming.NamingEventCoordinatorTestCase.testFireObjectEvent,OD-Vic,Accepted,https://github.com/wildfly/wildfly/pull/11833,9c9f68ac1c809b6c0dce8a01c0f73d2bfa23bfe4,1,WFLY-11323,,
https://github.com/wildfly/wildfly,b19048b72669fc0e96665b1b125dc1fda21f5993,naming,org.jboss.as.naming.NamingEventCoordinatorTestCase.testFireOneLevelEvent,OD-Vic,Accepted,https://github.com/wildfly/wildfly/pull/11833,9c9f68ac1c809b6c0dce8a01c0f73d2bfa23bfe4,1,WFLY-11323,,
https://github.com/wildfly/wildfly,b19048b72669fc0e96665b1b125dc1fda21f5993,naming,org.jboss.as.naming.NamingEventCoordinatorTestCase.testFireSubTreeEvent,OD-Vic,Accepted,https://github.com/wildfly/wildfly/pull/11833,9c9f68ac1c809b6c0dce8a01c0f73d2bfa23bfe4,1,WFLY-11323,,
https://github.com/wildfly/wildfly,b19048b72669fc0e96665b1b125dc1fda21f5993,naming,org.jboss.as.naming.ObjectFactoryTestCase.testBindAndRetrieveObjectFactoryFromInitialContext,OD-Vic,Accepted,https://github.com/wildfly/wildfly/pull/11833,9c9f68ac1c809b6c0dce8a01c0f73d2bfa23bfe4,1,WFLY-11323,,
https://github.com/wildfly/wildfly,b19048b72669fc0e96665b1b125dc1fda21f5993,naming,org.jboss.as.naming.ObjectFactoryTestCase.testBindAndRetrieveObjectFactoryFromNamingContext,OD-Vic,Accepted,https://github.com/wildfly/wildfly/pull/11833,9c9f68ac1c809b6c0dce8a01c0f73d2bfa23bfe4,1,WFLY-11323,,
https://github.com/wildfly/wildfly,b19048b72669fc0e96665b1b125dc1fda21f5993,naming,org.jboss.as.naming.ServiceBasedNamingStoreTestCase.testListBindings,OD-Vic,Accepted,https://github.com/wildfly/wildfly/pull/11833,9c9f68ac1c809b6c0dce8a01c0f73d2bfa23bfe4,1,WFLY-11323,,
https://github.com/wildfly/wildfly,b19048b72669fc0e96665b1b125dc1fda21f5993,naming,org.jboss.as.naming.ServiceBasedNamingStoreTestCase.testLookupBinding,OD-Vic,Accepted,https://github.com/wildfly/wildfly/pull/11833,9c9f68ac1c809b6c0dce8a01c0f73d2bfa23bfe4,1,WFLY-11323,,
https://github.com/wildfly/wildfly,b19048b72669fc0e96665b1b125dc1fda21f5993,naming,org.jboss.as.naming.ServiceBasedNamingStoreTestCase.testLookupBindingUsingNestedContext,OD-Vic,Accepted,https://github.com/wildfly/wildfly/pull/11833,9c9f68ac1c809b6c0dce8a01c0f73d2bfa23bfe4,1,WFLY-11323,,
https://github.com/wildfly/wildfly,b19048b72669fc0e96665b1b125dc1fda21f5993,naming,org.jboss.as.naming.ServiceBasedNamingStoreTestCase.testStoredContext,OD-Vic,Accepted,https://github.com/wildfly/wildfly/pull/11833,9c9f68ac1c809b6c0dce8a01c0f73d2bfa23bfe4,1,WFLY-11323,,
https://github.com/wildfly/wildfly,b19048b72669fc0e96665b1b125dc1fda21f5993,naming,org.jboss.as.naming.subsystem.NamingSubsystemTestCase.testCompositeBindingOps,OD-Vic,Accepted,https://github.com/wildfly/wildfly/pull/11833,9c9f68ac1c809b6c0dce8a01c0f73d2bfa23bfe4,1,WFLY-11323,,
https://github.com/wildfly/wildfly,b19048b72669fc0e96665b1b125dc1fda21f5993,naming,org.jboss.as.naming.subsystem.NamingSubsystemTestCase.testCompositeBindingUpdate,OD-Vic,Accepted,https://github.com/wildfly/wildfly/pull/11833,9c9f68ac1c809b6c0dce8a01c0f73d2bfa23bfe4,1,WFLY-11323,,
https://github.com/wildfly/wildfly,b19048b72669fc0e96665b1b125dc1fda21f5993,naming,org.jboss.as.naming.subsystem.NamingSubsystemTestCase.testOnlyExternalContextAllowsCache,OD-Vic,Accepted,https://github.com/wildfly/wildfly/pull/11833,9c9f68ac1c809b6c0dce8a01c0f73d2bfa23bfe4,1,WFLY-11323,,
https://github.com/wildfly/wildfly,b19048b72669fc0e96665b1b125dc1fda21f5993,naming,org.jboss.as.naming.subsystem.NamingSubsystemTestCase.testRejectionsEAP6,OD-Vic,Accepted,https://github.com/wildfly/wildfly/pull/11833,9c9f68ac1c809b6c0dce8a01c0f73d2bfa23bfe4,1,WFLY-11323,,
https://github.com/wildfly/wildfly,b19048b72669fc0e96665b1b125dc1fda21f5993,naming,org.jboss.as.naming.subsystem.NamingSubsystemTestCase.testRejectionsEAP7,OD-Vic,Accepted,https://github.com/wildfly/wildfly/pull/11833,9c9f68ac1c809b6c0dce8a01c0f73d2bfa23bfe4,1,WFLY-11323,,
https://github.com/wildfly/wildfly,b19048b72669fc0e96665b1b125dc1fda21f5993,naming,org.jboss.as.naming.subsystem.NamingSubsystemTestCase.testSubsystem,OD-Vic,Accepted,https://github.com/wildfly/wildfly/pull/11833,9c9f68ac1c809b6c0dce8a01c0f73d2bfa23bfe4,1,WFLY-11323,,
https://github.com/wildfly/wildfly,b19048b72669fc0e96665b1b125dc1fda21f5993,naming,org.jboss.as.naming.WritableServiceBasedNamingStoreTestCase.testBind,OD-Vic,Accepted,https://github.com/wildfly/wildfly/pull/11833,9c9f68ac1c809b6c0dce8a01c0f73d2bfa23bfe4,1,WFLY-11323,,
https://github.com/wildfly/wildfly,b19048b72669fc0e96665b1b125dc1fda21f5993,naming,org.jboss.as.naming.WritableServiceBasedNamingStoreTestCase.testBindNested,OD-Vic,Accepted,https://github.com/wildfly/wildfly/pull/11833,9c9f68ac1c809b6c0dce8a01c0f73d2bfa23bfe4,1,WFLY-11323,,
https://github.com/wildfly/wildfly,b19048b72669fc0e96665b1b125dc1fda21f5993,naming,org.jboss.as.naming.WritableServiceBasedNamingStoreTestCase.testPermissions,OD-Brit,Accepted,https://github.com/wildfly/wildfly/pull/11833,9c9f68ac1c809b6c0dce8a01c0f73d2bfa23bfe4,1,WFLY-11323,,
https://github.com/wildfly/wildfly,b19048b72669fc0e96665b1b125dc1fda21f5993,naming,org.jboss.as.naming.WritableServiceBasedNamingStoreTestCase.testRebind,OD-Vic,Accepted,https://github.com/wildfly/wildfly/pull/11833,9c9f68ac1c809b6c0dce8a01c0f73d2bfa23bfe4,1,WFLY-11323,,
https://github.com/wildfly/wildfly,914e190167a79c538e0f87ea4385a6626bdecc9a,ee-dist,org.wildfly.dist.subsystem.xml.StandardConfigsXMLValidationUnitTestCase.testDomain,ID,Accepted,https://github.com/wildfly/wildfly/pull/17472,461d26f5833aae970f9e293a371f30fe2b626c66,1,WFLY-18823,Detected by Nondex 1.1.3,
https://github.com/wildfly/wildfly,b19048b72669fc0e96665b1b125dc1fda21f5993,dist,org.wildfly.dist.subsystem.xml.StandardConfigsXMLValidationUnitTestCase.testDomain,ID,Accepted,https://github.com/wildfly/wildfly/pull/17472,461d26f5833aae970f9e293a371f30fe2b626c66,1,WFLY-18823,,
https://github.com/wildfly/wildfly,ba0b37ab55e0cd6022738dd580f780e6bb76f061,preview/dist,org.wildfly.dist.subsystem.xml.StandardConfigsXMLValidationUnitTestCase.testDomain,ID,Accepted,https://github.com/wildfly/wildfly/pull/17472,461d26f5833aae970f9e293a371f30fe2b626c66,1,WFLY-18823,Detected by Nondex 2.1.7-SNAPSHOT,
https://github.com/wildfly/wildfly,914e190167a79c538e0f87ea4385a6626bdecc9a,ee-dist,org.wildfly.dist.subsystem.xml.StandardConfigsXMLValidationUnitTestCase.testHost,ID,Accepted,https://github.com/wildfly/wildfly/pull/17472,461d26f5833aae970f9e293a371f30fe2b626c66,1,WFLY-18823,Detected by Nondex 1.1.3,
https://github.com/wildfly/wildfly,b19048b72669fc0e96665b1b125dc1fda21f5993,dist,org.wildfly.dist.subsystem.xml.StandardConfigsXMLValidationUnitTestCase.testHost,ID,Accepted,https://github.com/wildfly/wildfly/pull/17472,461d26f5833aae970f9e293a371f30fe2b626c66,1,WFLY-18823,,
https://github.com/wildfly/wildfly,ba0b37ab55e0cd6022738dd580f780e6bb76f053,preview/dist,org.wildfly.dist.subsystem.xml.StandardConfigsXMLValidationUnitTestCase.testHost,ID,Accepted,https://github.com/wildfly/wildfly/pull/17472,461d26f5833aae970f9e293a371f30fe2b626c66,1,WFLY-18823,Detected by Nondex 2.1.7-SNAPSHOT,
https://github.com/wildfly/wildfly,914e190167a79c538e0f87ea4385a6626bdecc9a,ee-dist,org.wildfly.dist.subsystem.xml.StandardConfigsXMLValidationUnitTestCase.testHostMaster,ID,Accepted,https://github.com/wildfly/wildfly/pull/17472,461d26f5833aae970f9e293a371f30fe2b626c66,1,WFLY-18823,Detected by Nondex 1.1.3,
https://github.com/wildfly/wildfly,b19048b72669fc0e96665b1b125dc1fda21f5993,dist,org.wildfly.dist.subsystem.xml.StandardConfigsXMLValidationUnitTestCase.testHostMaster,ID,Accepted,https://github.com/wildfly/wildfly/pull/17472,461d26f5833aae970f9e293a371f30fe2b626c66,1,WFLY-18823,,
https://github.com/wildfly/wildfly,ba0b37ab55e0cd6022738dd580f780e6bb76f059,preview/dist,org.wildfly.dist.subsystem.xml.StandardConfigsXMLValidationUnitTestCase.testHostPrimary,ID,Accepted,https://github.com/wildfly/wildfly/pull/17472,461d26f5833aae970f9e293a371f30fe2b626c66,1,WFLY-18823,Detected by Nondex 2.1.7-SNAPSHOT,
https://github.com/wildfly/wildfly,ba0b37ab55e0cd6022738dd580f780e6bb76f051,preview/dist,org.wildfly.dist.subsystem.xml.StandardConfigsXMLValidationUnitTestCase.testHostSecondary,ID,Accepted,https://github.com/wildfly/wildfly/pull/17472,461d26f5833aae970f9e293a371f30fe2b626c66,1,WFLY-18823,Detected by Nondex 2.1.7-SNAPSHOT,
https://github.com/wildfly/wildfly,914e190167a79c538e0f87ea4385a6626bdecc9a,ee-dist,org.wildfly.dist.subsystem.xml.StandardConfigsXMLValidationUnitTestCase.testHostSlave,ID,Accepted,https://github.com/wildfly/wildfly/pull/17472,461d26f5833aae970f9e293a371f30fe2b626c66,1,WFLY-18823,Detected by Nondex 1.1.3,
https://github.com/wildfly/wildfly,b19048b72669fc0e96665b1b125dc1fda21f5993,dist,org.wildfly.dist.subsystem.xml.StandardConfigsXMLValidationUnitTestCase.testHostSlave,ID,Accepted,https://github.com/wildfly/wildfly/pull/17472,461d26f5833aae970f9e293a371f30fe2b626c66,1,WFLY-18823,,
https://github.com/wildfly/wildfly,914e190167a79c538e0f87ea4385a6626bdecc9a,ee-dist,org.wildfly.dist.subsystem.xml.StandardConfigsXMLValidationUnitTestCase.testStandalone,ID,Accepted,https://github.com/wildfly/wildfly/pull/17472,461d26f5833aae970f9e293a371f30fe2b626c66,1,WFLY-18823,Detected by Nondex 1.1.3,
https://github.com/wildfly/wildfly,b19048b72669fc0e96665b1b125dc1fda21f5993,dist,org.wildfly.dist.subsystem.xml.StandardConfigsXMLValidationUnitTestCase.testStandalone,ID,Accepted,https://github.com/wildfly/wildfly/pull/17472,461d26f5833aae970f9e293a371f30fe2b626c66,1,WFLY-18823,,
https://github.com/wildfly/wildfly,ba0b37ab55e0cd6022738dd580f780e6bb76f052,preview/dist,org.wildfly.dist.subsystem.xml.StandardConfigsXMLValidationUnitTestCase.testStandalone,ID,Accepted,https://github.com/wildfly/wildfly/pull/17472,461d26f5833aae970f9e293a371f30fe2b626c66,1,WFLY-18823,Detected by Nondex 2.1.7-SNAPSHOT,
https://github.com/wildfly/wildfly,ba0b37ab55e0cd6022738dd580f780e6bb76f058,preview/dist,org.wildfly.dist.subsystem.xml.StandardConfigsXMLValidationUnitTestCase.testStandaloneActiveMQEmbedded,ID,Accepted,https://github.com/wildfly/wildfly/pull/17472,461d26f5833aae970f9e293a371f30fe2b626c66,1,WFLY-18823,Detected by Nondex 2.1.7-SNAPSHOT,
https://github.com/wildfly/wildfly,914e190167a79c538e0f87ea4385a6626bdecc9a,ee-dist,org.wildfly.dist.subsystem.xml.StandardConfigsXMLValidationUnitTestCase.testStandaloneEC2FullHA,ID,Accepted,https://github.com/wildfly/wildfly/pull/17472,461d26f5833aae970f9e293a371f30fe2b626c66,1,WFLY-18823,Detected by Nondex 1.1.3,
https://github.com/wildfly/wildfly,b19048b72669fc0e96665b1b125dc1fda21f5993,dist,org.wildfly.dist.subsystem.xml.StandardConfigsXMLValidationUnitTestCase.testStandaloneEC2FullHA,ID,Accepted,https://github.com/wildfly/wildfly/pull/17472,461d26f5833aae970f9e293a371f30fe2b626c66,1,WFLY-18823,,
https://github.com/wildfly/wildfly,914e190167a79c538e0f87ea4385a6626bdecc9a,ee-dist,org.wildfly.dist.subsystem.xml.StandardConfigsXMLValidationUnitTestCase.testStandaloneEC2HA,ID,Accepted,https://github.com/wildfly/wildfly/pull/17472,461d26f5833aae970f9e293a371f30fe2b626c66,1,WFLY-18823,Detected by Nondex 1.1.3,
https://github.com/wildfly/wildfly,b19048b72669fc0e96665b1b125dc1fda21f5993,dist,org.wildfly.dist.subsystem.xml.StandardConfigsXMLValidationUnitTestCase.testStandaloneEC2HA,ID,Accepted,https://github.com/wildfly/wildfly/pull/17472,461d26f5833aae970f9e293a371f30fe2b626c66,1,WFLY-18823,,
https://github.com/wildfly/wildfly,914e190167a79c538e0f87ea4385a6626bdecc9a,ee-dist,org.wildfly.dist.subsystem.xml.StandardConfigsXMLValidationUnitTestCase.testStandaloneFull,ID,Accepted,https://github.com/wildfly/wildfly/pull/17472,461d26f5833aae970f9e293a371f30fe2b626c66,1,WFLY-18823,Detected by Nondex 1.1.3,
https://github.com/wildfly/wildfly,b19048b72669fc0e96665b1b125dc1fda21f5993,dist,org.wildfly.dist.subsystem.xml.StandardConfigsXMLValidationUnitTestCase.testStandaloneFull,ID,Accepted,https://github.com/wildfly/wildfly/pull/17472,461d26f5833aae970f9e293a371f30fe2b626c66,1,WFLY-18823,,
https://github.com/wildfly/wildfly,ba0b37ab55e0cd6022738dd580f780e6bb76f060,preview/dist,org.wildfly.dist.subsystem.xml.StandardConfigsXMLValidationUnitTestCase.testStandaloneFull,ID,Accepted,https://github.com/wildfly/wildfly/pull/17472,461d26f5833aae970f9e293a371f30fe2b626c66,1,WFLY-18823,Detected by Nondex 2.1.7-SNAPSHOT,
https://github.com/wildfly/wildfly,914e190167a79c538e0f87ea4385a6626bdecc9a,ee-dist,org.wildfly.dist.subsystem.xml.StandardConfigsXMLValidationUnitTestCase.testStandaloneGenericJMS,ID,Accepted,https://github.com/wildfly/wildfly/pull/17472,461d26f5833aae970f9e293a371f30fe2b626c66,1,WFLY-18823,Detected by Nondex 1.1.3,
https://github.com/wildfly/wildfly,b19048b72669fc0e96665b1b125dc1fda21f5993,dist,org.wildfly.dist.subsystem.xml.StandardConfigsXMLValidationUnitTestCase.testStandaloneGenericJMS,ID,Accepted,https://github.com/wildfly/wildfly/pull/17472,461d26f5833aae970f9e293a371f30fe2b626c66,1,WFLY-18823,,
https://github.com/wildfly/wildfly,ba0b37ab55e0cd6022738dd580f780e6bb76f062,preview/dist,org.wildfly.dist.subsystem.xml.StandardConfigsXMLValidationUnitTestCase.testStandaloneGenericJMS,ID,Accepted,https://github.com/wildfly/wildfly/pull/17472,461d26f5833aae970f9e293a371f30fe2b626c66,1,WFLY-18823,Detected by Nondex 2.1.7-SNAPSHOT,
https://github.com/wildfly/wildfly,914e190167a79c538e0f87ea4385a6626bdecc9a,ee-dist,org.wildfly.dist.subsystem.xml.StandardConfigsXMLValidationUnitTestCase.testStandaloneGossipFullHA,ID,Accepted,https://github.com/wildfly/wildfly/pull/17472,461d26f5833aae970f9e293a371f30fe2b626c66,1,WFLY-18823,Detected by Nondex 1.1.3,
https://github.com/wildfly/wildfly,b19048b72669fc0e96665b1b125dc1fda21f5993,dist,org.wildfly.dist.subsystem.xml.StandardConfigsXMLValidationUnitTestCase.testStandaloneGossipFullHA,ID,Accepted,https://github.com/wildfly/wildfly/pull/17472,461d26f5833aae970f9e293a371f30fe2b626c66,1,WFLY-18823,,
https://github.com/wildfly/wildfly,914e190167a79c538e0f87ea4385a6626bdecc9a,ee-dist,org.wildfly.dist.subsystem.xml.StandardConfigsXMLValidationUnitTestCase.testStandaloneGossipHA,ID,Accepted,https://github.com/wildfly/wildfly/pull/17472,461d26f5833aae970f9e293a371f30fe2b626c66,1,WFLY-18823,Detected by Nondex 1.1.3,
https://github.com/wildfly/wildfly,b19048b72669fc0e96665b1b125dc1fda21f5993,dist,org.wildfly.dist.subsystem.xml.StandardConfigsXMLValidationUnitTestCase.testStandaloneGossipHA,ID,Accepted,https://github.com/wildfly/wildfly/pull/17472,461d26f5833aae970f9e293a371f30fe2b626c66,1,WFLY-18823,,
https://github.com/wildfly/wildfly,914e190167a79c538e0f87ea4385a6626bdecc9a,ee-dist,org.wildfly.dist.subsystem.xml.StandardConfigsXMLValidationUnitTestCase.testStandaloneHA,ID,Accepted,https://github.com/wildfly/wildfly/pull/17472,461d26f5833aae970f9e293a371f30fe2b626c66,1,WFLY-18823,Detected by Nondex 1.1.3,
https://github.com/wildfly/wildfly,b19048b72669fc0e96665b1b125dc1fda21f5993,dist,org.wildfly.dist.subsystem.xml.StandardConfigsXMLValidationUnitTestCase.testStandaloneHA,ID,Accepted,https://github.com/wildfly/wildfly/pull/17472,461d26f5833aae970f9e293a371f30fe2b626c66,1,WFLY-18823,,
https://github.com/wildfly/wildfly,ba0b37ab55e0cd6022738dd580f780e6bb76f054,preview/dist,org.wildfly.dist.subsystem.xml.StandardConfigsXMLValidationUnitTestCase.testStandaloneHA,ID,Accepted,https://github.com/wildfly/wildfly/pull/17472,461d26f5833aae970f9e293a371f30fe2b626c66,1,WFLY-18823,Detected by Nondex 2.1.7-SNAPSHOT,
https://github.com/wildfly/wildfly,914e190167a79c538e0f87ea4385a6626bdecc9a,ee-dist,org.wildfly.dist.subsystem.xml.StandardConfigsXMLValidationUnitTestCase.testStandaloneJTS,ID,Accepted,https://github.com/wildfly/wildfly/pull/17472,461d26f5833aae970f9e293a371f30fe2b626c66,1,WFLY-18823,Detected by Nondex 1.1.3,
https://github.com/wildfly/wildfly,b19048b72669fc0e96665b1b125dc1fda21f5993,dist,org.wildfly.dist.subsystem.xml.StandardConfigsXMLValidationUnitTestCase.testStandaloneJTS,ID,Accepted,https://github.com/wildfly/wildfly/pull/17472,461d26f5833aae970f9e293a371f30fe2b626c66,1,WFLY-18823,,
https://github.com/wildfly/wildfly,ba0b37ab55e0cd6022738dd580f780e6bb76f055,preview/dist,org.wildfly.dist.subsystem.xml.StandardConfigsXMLValidationUnitTestCase.testStandaloneJTS,ID,Accepted,https://github.com/wildfly/wildfly/pull/17472,461d26f5833aae970f9e293a371f30fe2b626c66,1,WFLY-18823,Detected by Nondex 2.1.7-SNAPSHOT,
https://github.com/wildfly/wildfly,914e190167a79c538e0f87ea4385a6626bdecc9a,dist,org.wildfly.dist.subsystem.xml.StandardConfigsXMLValidationUnitTestCase.testStandaloneMicroProfile,ID,Accepted,https://github.com/wildfly/wildfly/pull/17472,461d26f5833aae970f9e293a371f30fe2b626c66,1,WFLY-18823,Detected by Nondex 1.1.3,
https://github.com/wildfly/wildfly,914e190167a79c538e0f87ea4385a6626bdecc9a,dist,org.wildfly.dist.subsystem.xml.StandardConfigsXMLValidationUnitTestCase.testStandaloneMicroProfileHA,ID,Accepted,https://github.com/wildfly/wildfly/pull/17472,461d26f5833aae970f9e293a371f30fe2b626c66,1,WFLY-18823,Detected by Nondex 1.1.3,
https://github.com/wildfly/wildfly,914e190167a79c538e0f87ea4385a6626bdecc9a,ee-dist,org.wildfly.dist.subsystem.xml.StandardConfigsXMLValidationUnitTestCase.testStandaloneMinimalistic,ID,Accepted,https://github.com/wildfly/wildfly/pull/17472,461d26f5833aae970f9e293a371f30fe2b626c66,1,WFLY-18823,Detected by Nondex 1.1.3,
https://github.com/wildfly/wildfly,b19048b72669fc0e96665b1b125dc1fda21f5993,dist,org.wildfly.dist.subsystem.xml.StandardConfigsXMLValidationUnitTestCase.testStandaloneMinimalistic,ID,Accepted,https://github.com/wildfly/wildfly/pull/17472,461d26f5833aae970f9e293a371f30fe2b626c66,1,WFLY-18823,,
https://github.com/wildfly/wildfly,914e190167a79c538e0f87ea4385a6626bdecc9a,ee-dist,org.wildfly.dist.subsystem.xml.StandardConfigsXMLValidationUnitTestCase.testStandaloneRTS,ID,Accepted,https://github.com/wildfly/wildfly/pull/17472,461d26f5833aae970f9e293a371f30fe2b626c66,1,WFLY-18823,Detected by Nondex 1.1.3,
https://github.com/wildfly/wildfly,b19048b72669fc0e96665b1b125dc1fda21f5993,dist,org.wildfly.dist.subsystem.xml.StandardConfigsXMLValidationUnitTestCase.testStandaloneRTS,ID,Accepted,https://github.com/wildfly/wildfly/pull/17472,461d26f5833aae970f9e293a371f30fe2b626c66,1,WFLY-18823,,
https://github.com/wildfly/wildfly,ba0b37ab55e0cd6022738dd580f780e6bb76f056,preview/dist,org.wildfly.dist.subsystem.xml.StandardConfigsXMLValidationUnitTestCase.testStandaloneRTS,ID,Accepted,https://github.com/wildfly/wildfly/pull/17472,461d26f5833aae970f9e293a371f30fe2b626c66,1,WFLY-18823,Detected by Nondex 2.1.7-SNAPSHOT,
https://github.com/wildfly/wildfly,914e190167a79c538e0f87ea4385a6626bdecc9a,ee-dist,org.wildfly.dist.subsystem.xml.StandardConfigsXMLValidationUnitTestCase.testStandaloneXTS,ID,Accepted,https://github.com/wildfly/wildfly/pull/17472,461d26f5833aae970f9e293a371f30fe2b626c66,1,WFLY-18823,Detected by Nondex 1.1.3,
https://github.com/wildfly/wildfly,b19048b72669fc0e96665b1b125dc1fda21f5993,dist,org.wildfly.dist.subsystem.xml.StandardConfigsXMLValidationUnitTestCase.testStandaloneXTS,ID,Accepted,https://github.com/wildfly/wildfly/pull/17472,461d26f5833aae970f9e293a371f30fe2b626c66,1,WFLY-18823,,
https://github.com/wildfly/wildfly,ba0b37ab55e0cd6022738dd580f780e6bb76f063,preview/dist,org.wildfly.dist.subsystem.xml.StandardConfigsXMLValidationUnitTestCase.testStandaloneXTS,ID,Accepted,https://github.com/wildfly/wildfly/pull/17472,461d26f5833aae970f9e293a371f30fe2b626c66,1,WFLY-18823,Detected by Nondex 2.1.7-SNAPSHOT,
https://github.com/wildfly/wildfly,ba0b37ab55e0cd6022738dd580f780e6bb76f057,preview/dist,org.wildfly.dist.subsystem.xml.StandardConfigsXMLValidationUnitTestCase.testStandaloneXTS.testStandaloneMinimalistic,ID,Accepted,https://github.com/wildfly/wildfly/pull/17472,461d26f5833aae970f9e293a371f30fe2b626c66,1,WFLY-18823,Detected by Nondex 2.1.7-SNAPSHOT,
https://github.com/wildfly/wildfly,cb7af61bfbb5615b522cabf8ded9a135178089b7,undertow,org.wildfly.extension.undertow.UndertowSubsystem100TestCase.testRuntime,ID,Accepted,https://github.com/wildfly/wildfly/pull/13728,5e7263b130887acd5cc774ccaa8f2bd5711968a2,3,WFLY-14111,,
https://github.com/wildfly/wildfly,cb7af61bfbb5615b522cabf8ded9a135178089b7,undertow,org.wildfly.extension.undertow.UndertowSubsystem110TestCase.testRuntime,ID,Accepted,https://github.com/wildfly/wildfly/pull/13728,5e7263b130887acd5cc774ccaa8f2bd5711968a2,3,WFLY-14111,,
https://github.com/wildfly/wildfly,b19048b72669fc0e96665b1b125dc1fda21f5993,undertow,org.wildfly.extension.undertow.UndertowSubsystem30TestCase.testRuntime,ID,Accepted,https://github.com/wildfly/wildfly/pull/13728,5e7263b130887acd5cc774ccaa8f2bd5711968a2,3,WFLY-14111,,
https://github.com/wildfly/wildfly,b19048b72669fc0e96665b1b125dc1fda21f5993,undertow,org.wildfly.extension.undertow.UndertowSubsystem31TestCase.testRuntime,ID,Accepted,https://github.com/wildfly/wildfly/pull/13728,5e7263b130887acd5cc774ccaa8f2bd5711968a2,3,WFLY-14111,,
https://github.com/wildfly/wildfly,b19048b72669fc0e96665b1b125dc1fda21f5993,undertow,org.wildfly.extension.undertow.UndertowSubsystem40TestCase.testRuntime,ID,Accepted,https://github.com/wildfly/wildfly/pull/13728,5e7263b130887acd5cc774ccaa8f2bd5711968a2,3,WFLY-14111,,
https://github.com/wildfly/wildfly,b19048b72669fc0e96665b1b125dc1fda21f5993,undertow,org.wildfly.extension.undertow.UndertowSubsystem50TestCase.testRuntime,ID,Accepted,https://github.com/wildfly/wildfly/pull/13728,5e7263b130887acd5cc774ccaa8f2bd5711968a2,3,WFLY-14111,,
https://github.com/wildfly/wildfly,b19048b72669fc0e96665b1b125dc1fda21f5993,undertow,org.wildfly.extension.undertow.UndertowSubsystem60TestCase.testRuntime,ID,Accepted,https://github.com/wildfly/wildfly/pull/13728,5e7263b130887acd5cc774ccaa8f2bd5711968a2,3,WFLY-14111,,
https://github.com/wildfly/wildfly,cb7af61bfbb5615b522cabf8ded9a135178089b7,undertow,org.wildfly.extension.undertow.UndertowSubsystem70TestCase.testRuntime,ID,Accepted,https://github.com/wildfly/wildfly/pull/13728,5e7263b130887acd5cc774ccaa8f2bd5711968a2,3,WFLY-14111,,
https://github.com/wildfly/wildfly,cb7af61bfbb5615b522cabf8ded9a135178089b7,undertow,org.wildfly.extension.undertow.UndertowSubsystem80TestCase.testRuntime,ID,Accepted,https://github.com/wildfly/wildfly/pull/13728,5e7263b130887acd5cc774ccaa8f2bd5711968a2,3,WFLY-14111,,
https://github.com/wildfly/wildfly,cb7af61bfbb5615b522cabf8ded9a135178089b7,undertow,org.wildfly.extension.undertow.UndertowSubsystem90TestCase.testRuntime,ID,Accepted,https://github.com/wildfly/wildfly/pull/13728,5e7263b130887acd5cc774ccaa8f2bd5711968a2,3,WFLY-14111,,
https://github.com/wildfly/wildfly-core,624b3aa22e4064b42bd171e8d7753238a1d6616c,cli,org.jboss.as.cli.impl.aesh.HelpSupportTestCase.testStandalone,ID,Accepted,https://github.com/wildfly/wildfly-core/pull/5366,052dff95317359b346f1528c11b07790a52941a6,1,WFCORE-6214,,
https://github.com/wildfly/wildfly-core,db72abab9b89203891f5c84e0526028dc5f4e9ef,cli,org.jboss.as.cli.impl.BootScriptInvoker.test,ID,Accepted,https://github.com/wildfly/wildfly-core/pull/5366,052dff95317359b346f1528c11b07790a52941a6,1,WFCORE-6214,,
https://github.com/yahoo/elide,43a292e0ed6a0517851802997c7c6b9e0efb8248,elide-core,com.yahoo.elide.core.dictionary.EntityDictionaryTest.testGetIdAnnotations,ID,Accepted,https://github.com/yahoo/elide/pull/3111,c7649bfbff7afb7f37b5faa6039cfadc29078493,1,,,
https://github.com/yahoo/elide,43a292e0ed6a0517851802997c7c6b9e0efb8248,elide-core,com.yahoo.elide.core.dictionary.EntityDictionaryTest.testGetIdAnnotationsSubClass,ID,Accepted,https://github.com/yahoo/elide/pull/3111,c7649bfbff7afb7f37b5faa6039cfadc29078493,1,,,
https://github.com/yahoo/elide,43a292e0ed6a0517851802997c7c6b9e0efb8248,elide-core,com.yahoo.elide.core.dictionary.EntityDictionaryTest.testHiddenFields,ID,Accepted,https://github.com/yahoo/elide/pull/3111,c7649bfbff7afb7f37b5faa6039cfadc29078493,1,,,
https://github.com/yahoo/elide,43a292e0ed6a0517851802997c7c6b9e0efb8248,elide-core,com.yahoo.elide.jsonapi.JsonApiTest.writeListIncluded,ID,Accepted,https://github.com/yahoo/elide/pull/3116,845956c5838b6858743d6992c8a8f6dd6f6fadcd,1,,,
https://github.com/yahoo/elide,43a292e0ed6a0517851802997c7c6b9e0efb8248,elide-core,com.yahoo.elide.jsonapi.JsonApiTest.writeSingleIncluded,ID,Accepted,https://github.com/yahoo/elide/pull/3116,845956c5838b6858743d6992c8a8f6dd6f6fadcd,1,,,
https://github.com/yandex/yoctodb,36a83d1a4107a28358c97cbf6e00500c8b214024,core,com.yandex.yoctodb.util.mutable.stored.V1StoredIndexTest.buildV1StoredIndex,ID,Accepted,https://github.com/yandex/yoctodb/pull/47,a4e91c59261781f68177343576d68dd699042753,3,,,
https://github.com/yangfuhai/jboot,4bffb4dff4ce5190917491a1b68f79efbfe99650,.,io.jboot.test.cache.caffeine.CaffeineTester.testDue,OD,Accepted,https://github.com/yangfuhai/jboot/pull/117,38d2b184a7c9b161c41bae46fea324b9013023c6,1,,https://github.com/TestingResearchIllinois/flaky-test-dataset/issues/88,
https://github.com/yangfuhai/jboot,4bffb4dff4ce5190917491a1b68f79efbfe99650,.,io.jboot.test.cache.caffeine.CaffeineTester.testGet,OD,Accepted,https://github.com/yangfuhai/jboot/pull/117,38d2b184a7c9b161c41bae46fea324b9013023c6,1,,https://github.com/TestingResearchIllinois/flaky-test-dataset/issues/88,
https://github.com/yangfuhai/jboot,4bffb4dff4ce5190917491a1b68f79efbfe99650,.,io.jboot.test.cache.caffeine.CaffeineTester.testPut,OD,Accepted,https://github.com/yangfuhai/jboot/pull/117,38d2b184a7c9b161c41bae46fea324b9013023c6,1,,https://github.com/TestingResearchIllinois/flaky-test-dataset/issues/88,
https://github.com/yangfuhai/jboot,4bffb4dff4ce5190917491a1b68f79efbfe99650,.,io.jboot.test.cache.caffeine.CaffeineTester.testTtl,OD,Accepted,https://github.com/yangfuhai/jboot/pull/117,38d2b184a7c9b161c41bae46fea324b9013023c6,1,,https://github.com/TestingResearchIllinois/flaky-test-dataset/issues/88,
https://github.com/yangfuhai/jboot,4bffb4dff4ce5190917491a1b68f79efbfe99650,.,io.jboot.test.cache.ehcache.EhCacheTester.testGet,OD,Accepted,https://github.com/yangfuhai/jboot/pull/117,38d2b184a7c9b161c41bae46fea324b9013023c6,1,,https://github.com/TestingResearchIllinois/flaky-test-dataset/issues/88,
https://github.com/yangfuhai/jboot,4bffb4dff4ce5190917491a1b68f79efbfe99650,.,io.jboot.test.cache.ehcache.EhCacheTester.testPut,OD,Accepted,https://github.com/yangfuhai/jboot/pull/117,38d2b184a7c9b161c41bae46fea324b9013023c6,1,,https://github.com/TestingResearchIllinois/flaky-test-dataset/issues/88,
https://github.com/zalando/riptide,8277e11fc069d8e24df0d233ef2577cc75659b75,riptide-spring-boot-starter,org.zalando.riptide.spring.metrics.MetricsTest.shouldRecordCircuitBreakers,NIO;UD,Accepted,https://github.com/zalando/riptide/pull/1020,b78dcb7ab179aad32948b9b4ce19e668f232e3ec,1,,,
https://github.com/zalando/riptide,8277e11fc069d8e24df0d233ef2577cc75659b75,riptide-spring-boot-starter,org.zalando.riptide.spring.metrics.MetricsTest.shouldRecordRequests,ID;OD-Vic,Accepted,https://github.com/zalando/riptide/pull/1020,b78dcb7ab179aad32948b9b4ce19e668f232e3ec,1,,,