JAVA_HOME=/usr/lib/jvm/java-8-openjdk-amd64
COMMAND=mvn -B clean install -DskipTests -U -pl tika-parsers/tika-parsers-standard/tika-parsers-standard-modules/tika-parser-microsoft-module -am -Ddependency-check.skip=true -Dgpg.skip=true -DfailIfNoTests=false -Dskip.installnodenpm=true -Dskip.npm=true -Dskip.yarn=true -Dlicense.skip=true -Dcheckstyle.skip=true -Drat.skip=true -Denforcer.skip=true -Danimal.sniffer.skip=true -Dmaven.javadoc.skip=true -Dfindbugs.skip=true -Dspotbugs.skip=true -Dwarbucks.skip=true -Dmodernizer.skip=true -Dimpsort.skip=true -Dmdep.analyze.skip=true -Dpgpverify.skip=true -Dxml.skip=true -Dcobertura.skip=true

[INFO] Scanning for projects...
[INFO] Downloading from central: https://repo.maven.apache.org/maven2/io/netty/netty-bom/4.1.89.Final/netty-bom-4.1.89.Final.pom
[INFO] Downloaded from central: https://repo.maven.apache.org/maven2/io/netty/netty-bom/4.1.89.Final/netty-bom-4.1.89.Final.pom (13 kB at 45 kB/s)
[INFO] Downloading from central: https://repo.maven.apache.org/maven2/org/apache/cxf/cxf-bom/3.5.5/cxf-bom-3.5.5.pom
[INFO] Downloaded from central: https://repo.maven.apache.org/maven2/org/apache/cxf/cxf-bom/3.5.5/cxf-bom-3.5.5.pom (26 kB at 770 kB/s)
[INFO] Downloading from central: https://repo.maven.apache.org/maven2/org/apache/cxf/cxf/3.5.5/cxf-3.5.5.pom
[INFO] Downloaded from central: https://repo.maven.apache.org/maven2/org/apache/cxf/cxf/3.5.5/cxf-3.5.5.pom (39 kB at 1.1 MB/s)
[INFO] Downloading from central: https://repo.maven.apache.org/maven2/org/eclipse/jetty/jetty-bom/9.4.51.v20230217/jetty-bom-9.4.51.v20230217.pom
[INFO] Downloaded from central: https://repo.maven.apache.org/maven2/org/eclipse/jetty/jetty-bom/9.4.51.v20230217/jetty-bom-9.4.51.v20230217.pom (18 kB at 441 kB/s)
[INFO] Downloading from central: https://repo.maven.apache.org/maven2/org/testcontainers/testcontainers-bom/1.17.6/testcontainers-bom-1.17.6.pom
[INFO] Downloaded from central: https://repo.maven.apache.org/maven2/org/testcontainers/testcontainers-bom/1.17.6/testcontainers-bom-1.17.6.pom (8.3 kB at 232 kB/s)
Warning: KebabPizza disabling incompatible org.apache.maven.plugins:maven-enforcer-plugin from tika-parent
Warning: KebabPizza disabling incompatible org.apache.rat:apache-rat-plugin from tika-core
Warning: KebabPizza disabling incompatible org.apache.maven.plugins:maven-enforcer-plugin from tika-core
Warning: KebabPizza disabling incompatible org.apache.maven.plugins:maven-enforcer-plugin from tika-parsers
Warning: KebabPizza disabling incompatible org.apache.maven.plugins:maven-enforcer-plugin from tika-parsers-standard
Warning: KebabPizza disabling incompatible org.apache.maven.plugins:maven-enforcer-plugin from tika-parsers-standard-modules
Warning: KebabPizza disabling incompatible org.apache.maven.plugins:maven-enforcer-plugin from tika-parser-mail-commons
Warning: KebabPizza disabling incompatible org.apache.maven.plugins:maven-enforcer-plugin from tika-parser-zip-commons
Warning: KebabPizza disabling incompatible org.apache.maven.plugins:maven-enforcer-plugin from tika-parser-text-module
Warning: KebabPizza disabling incompatible org.apache.rat:apache-rat-plugin from tika-parser-text-module
Warning: KebabPizza disabling incompatible org.apache.maven.plugins:maven-enforcer-plugin from tika-parser-html-module
Warning: KebabPizza disabling incompatible org.apache.maven.plugins:maven-enforcer-plugin from tika-parser-xml-module
Warning: KebabPizza disabling incompatible org.apache.maven.plugins:maven-enforcer-plugin from tika-parser-microsoft-module
[INFO] ------------------------------------------------------------------------
[INFO] Reactor Build Order:
[INFO] 
[INFO] Apache Tika parent                                                 [pom]
[INFO] Apache Tika core                                                [bundle]
[INFO] Apache Tika parser modules                                         [pom]
[INFO] Apache Tika standard parser modules and package                    [pom]
[INFO] Apache Tika standard parser modules                                [pom]
[INFO] Apache Tika mail commons                                           [jar]
[INFO] Apache Tika ZIP commons                                            [jar]
[INFO] Apache Tika text parser module                                     [jar]
[INFO] Apache Tika html parser module                                     [jar]
[INFO] Apache Tika XML parser module                                      [jar]
[INFO] Apache Tika Microsoft parser module                                [jar]
[INFO] 
[INFO] --------------------< org.apache.tika:tika-parent >---------------------
[INFO] Building Apache Tika parent 2.7.1-SNAPSHOT                        [1/11]
[INFO] --------------------------------[ pom ]---------------------------------
[INFO] Downloading from central: https://repo.maven.apache.org/maven2/de/thetaphi/forbiddenapis/3.4/forbiddenapis-3.4.pom
[INFO] Downloaded from central: https://repo.maven.apache.org/maven2/de/thetaphi/forbiddenapis/3.4/forbiddenapis-3.4.pom (2.9 kB at 82 kB/s)
[INFO] Downloading from central: https://repo.maven.apache.org/maven2/de/thetaphi/forbiddenapis/3.4/forbiddenapis-3.4.jar
[INFO] Downloaded from central: https://repo.maven.apache.org/maven2/de/thetaphi/forbiddenapis/3.4/forbiddenapis-3.4.jar (393 kB at 8.0 MB/s)
[INFO] Downloading from central: https://repo.maven.apache.org/maven2/org/sonatype/ossindex/maven/ossindex-maven-plugin/3.2.0/ossindex-maven-plugin-3.2.0.pom
[INFO] Downloaded from central: https://repo.maven.apache.org/maven2/org/sonatype/ossindex/maven/ossindex-maven-plugin/3.2.0/ossindex-maven-plugin-3.2.0.pom (3.0 kB at 73 kB/s)
[INFO] Downloading from central: https://repo.maven.apache.org/maven2/org/sonatype/ossindex/maven/ossindex-maven/3.2.0/ossindex-maven-3.2.0.pom
[INFO] Downloaded from central: https://repo.maven.apache.org/maven2/org/sonatype/ossindex/maven/ossindex-maven/3.2.0/ossindex-maven-3.2.0.pom (16 kB at 494 kB/s)
[INFO] Downloading from central: https://repo.maven.apache.org/maven2/org/sonatype/ossindex/maven/ossindex-maven-plugin/3.2.0/ossindex-maven-plugin-3.2.0.jar
[INFO] Downloaded from central: https://repo.maven.apache.org/maven2/org/sonatype/ossindex/maven/ossindex-maven-plugin/3.2.0/ossindex-maven-plugin-3.2.0.jar (30 kB at 996 kB/s)
[INFO] 
[INFO] --- maven-clean-plugin:3.2.0:clean (default-clean) @ tika-parent ---
[INFO] 
[INFO] --- ossindex-maven-plugin:3.2.0:audit (audit-dependencies) @ tika-parent ---
[INFO] Downloading from central: https://repo.maven.apache.org/maven2/org/sonatype/ossindex/maven/ossindex-maven-common/3.2.0/ossindex-maven-common-3.2.0.pom
[INFO] Downloaded from central: https://repo.maven.apache.org/maven2/org/sonatype/ossindex/maven/ossindex-maven-common/3.2.0/ossindex-maven-common-3.2.0.pom (2.1 kB at 69 kB/s)
[INFO] Downloading from central: https://repo.maven.apache.org/maven2/org/sonatype/ossindex/ossindex-service-client/1.8.1/ossindex-service-client-1.8.1.pom
[INFO] Downloaded from central: https://repo.maven.apache.org/maven2/org/sonatype/ossindex/ossindex-service-client/1.8.1/ossindex-service-client-1.8.1.pom (6.8 kB at 244 kB/s)
[INFO] Downloading from central: https://repo.maven.apache.org/maven2/org/sonatype/ossindex/ossindex-service/1.8.1/ossindex-service-1.8.1.pom
[INFO] Downloaded from central: https://repo.maven.apache.org/maven2/org/sonatype/ossindex/ossindex-service/1.8.1/ossindex-service-1.8.1.pom (8.6 kB at 270 kB/s)
[INFO] Downloading from central: https://repo.maven.apache.org/maven2/org/sonatype/buildsupport/public-parent/15/public-parent-15.pom
[INFO] Downloaded from central: https://repo.maven.apache.org/maven2/org/sonatype/buildsupport/public-parent/15/public-parent-15.pom (761 B at 25 kB/s)
[INFO] Downloading from central: https://repo.maven.apache.org/maven2/org/sonatype/buildsupport/buildsupport/15/buildsupport-15.pom
[INFO] Downloaded from central: https://repo.maven.apache.org/maven2/org/sonatype/buildsupport/buildsupport/15/buildsupport-15.pom (26 kB at 800 kB/s)
[INFO] Downloading from central: https://repo.maven.apache.org/maven2/org/sonatype/ossindex/ossindex-service-bom/1.8.1/ossindex-service-bom-1.8.1.pom
[INFO] Downloaded from central: https://repo.maven.apache.org/maven2/org/sonatype/ossindex/ossindex-service-bom/1.8.1/ossindex-service-bom-1.8.1.pom (4.5 kB at 135 kB/s)
[INFO] Downloading from central: https://repo.maven.apache.org/maven2/org/sonatype/ossindex/ossindex-service-api/1.8.1/ossindex-service-api-1.8.1.pom
[INFO] Downloaded from central: https://repo.maven.apache.org/maven2/org/sonatype/ossindex/ossindex-service-api/1.8.1/ossindex-service-api-1.8.1.pom (4.5 kB at 115 kB/s)
[INFO] Downloading from central: https://repo.maven.apache.org/maven2/org/slf4j/slf4j-api/1.7.28/slf4j-api-1.7.28.pom
[INFO] Downloaded from central: https://repo.maven.apache.org/maven2/org/slf4j/slf4j-api/1.7.28/slf4j-api-1.7.28.pom (3.8 kB at 132 kB/s)
[INFO] Downloading from central: https://repo.maven.apache.org/maven2/org/sonatype/ossindex/maven/ossindex-maven-common/3.2.0/ossindex-maven-common-3.2.0.jar
[INFO] Downloading from central: https://repo.maven.apache.org/maven2/org/sonatype/ossindex/ossindex-service-client/1.8.1/ossindex-service-client-1.8.1.jar
[INFO] Downloading from central: https://repo.maven.apache.org/maven2/org/sonatype/ossindex/ossindex-service-api/1.8.1/ossindex-service-api-1.8.1.jar
[INFO] Downloading from central: https://repo.maven.apache.org/maven2/com/google/guava/guava/28.1-android/guava-28.1-android.jar
[INFO] Downloading from central: https://repo.maven.apache.org/maven2/org/slf4j/slf4j-api/1.7.28/slf4j-api-1.7.28.jar
[INFO] Downloaded from central: https://repo.maven.apache.org/maven2/org/sonatype/ossindex/maven/ossindex-maven-common/3.2.0/ossindex-maven-common-3.2.0.jar (19 kB at 682 kB/s)
[INFO] Downloading from central: https://repo.maven.apache.org/maven2/org/apache/maven/maven-core/3.5.0/maven-core-3.5.0.jar
[INFO] Downloaded from central: https://repo.maven.apache.org/maven2/org/slf4j/slf4j-api/1.7.28/slf4j-api-1.7.28.jar (41 kB at 685 kB/s)
[INFO] Downloading from central: https://repo.maven.apache.org/maven2/org/apache/maven/maven-settings-builder/3.5.0/maven-settings-builder-3.5.0.jar
[INFO] Downloaded from central: https://repo.maven.apache.org/maven2/org/sonatype/ossindex/ossindex-service-client/1.8.1/ossindex-service-client-1.8.1.jar (53 kB at 890 kB/s)
[INFO] Downloaded from central: https://repo.maven.apache.org/maven2/org/sonatype/ossindex/ossindex-service-api/1.8.1/ossindex-service-api-1.8.1.jar (31 kB at 442 kB/s)
[INFO] Downloaded from central: https://repo.maven.apache.org/maven2/org/apache/maven/maven-core/3.5.0/maven-core-3.5.0.jar (625 kB at 8.3 MB/s)
[INFO] Downloaded from central: https://repo.maven.apache.org/maven2/org/apache/maven/maven-settings-builder/3.5.0/maven-settings-builder-3.5.0.jar (43 kB at 465 kB/s)
[INFO] Downloaded from central: https://repo.maven.apache.org/maven2/com/google/guava/guava/28.1-android/guava-28.1-android.jar (2.6 MB at 13 MB/s)
[INFO] Skipping; POM module
[INFO] 
[INFO] --- maven-checkstyle-plugin:3.2.1:check (validate) @ tika-parent ---
[INFO] 
[INFO] --- maven-remote-resources-plugin:1.7.0:process (process-resource-bundles) @ tika-parent ---
[INFO] Preparing remote bundle org.apache:apache-jar-resource-bundle:1.4
[INFO] Copying 3 resources from 1 bundle.
[INFO] 
[INFO] --- maven-site-plugin:3.12.1:attach-descriptor (attach-descriptor) @ tika-parent ---
[INFO] No site descriptor found: nothing to attach.
[INFO] 
[INFO] --- forbiddenapis:3.4:check (default) @ tika-parent ---
[INFO] Skipping execution for packaging "pom"
[INFO] 
[INFO] --- forbiddenapis:3.4:testCheck (default) @ tika-parent ---
[INFO] Skipping execution for packaging "pom"
[INFO] 
[INFO] --- maven-install-plugin:3.1.0:install (default-install) @ tika-parent ---
[INFO] Installing /home/srafi/after-cam-ready/compare_/compile_repair_output/work/ac9b898e2dad/tika-parent/pom.xml to /home/srafi/.m2/repository/org/apache/tika/tika-parent/2.7.1-SNAPSHOT/tika-parent-2.7.1-SNAPSHOT.pom
[INFO] 
[INFO] ---------------------< org.apache.tika:tika-core >----------------------
[INFO] Building Apache Tika core 2.7.1-SNAPSHOT                          [2/11]
[INFO] -------------------------------[ bundle ]-------------------------------
[INFO] Downloading from apache.snapshots: https://repository.apache.org/snapshots/org/apache/maven/plugins/maven-failsafe-plugin/3.0.0-M8-SNAPSHOT/maven-metadata.xml
[INFO] Downloading from apache.snapshots: https://repository.apache.org/snapshots/org/apache/maven/surefire/surefire/3.0.0-M8-SNAPSHOT/maven-metadata.xml
[INFO] Downloading from apache.snapshots: https://repository.apache.org/snapshots/org/apache/maven/plugins/maven-surefire-plugin/3.0.0-M8-SNAPSHOT/maven-metadata.xml
[INFO] Downloading from central: https://repo.maven.apache.org/maven2/org/apache/maven/plugins/maven-assembly-plugin/3.5.0/maven-assembly-plugin-3.5.0.pom
[INFO] Downloaded from central: https://repo.maven.apache.org/maven2/org/apache/maven/plugins/maven-assembly-plugin/3.5.0/maven-assembly-plugin-3.5.0.pom (14 kB at 325 kB/s)
[INFO] Downloading from central: https://repo.maven.apache.org/maven2/org/apache/maven/plugins/maven-assembly-plugin/3.5.0/maven-assembly-plugin-3.5.0.jar
[INFO] Downloaded from central: https://repo.maven.apache.org/maven2/org/apache/maven/plugins/maven-assembly-plugin/3.5.0/maven-assembly-plugin-3.5.0.jar (253 kB at 5.9 MB/s)
[INFO] Downloading from central: https://repo.maven.apache.org/maven2/biz/aQute/bnd/biz.aQute.bndlib/6.4.0/biz.aQute.bndlib-6.4.0.pom
[INFO] Downloaded from central: https://repo.maven.apache.org/maven2/biz/aQute/bnd/biz.aQute.bndlib/6.4.0/biz.aQute.bndlib-6.4.0.pom (5.2 kB at 114 kB/s)
[INFO] Downloading from central: https://repo.maven.apache.org/maven2/biz/aQute/bnd/biz.aQute.bnd.util/6.4.0/biz.aQute.bnd.util-6.4.0.pom
[INFO] Downloaded from central: https://repo.maven.apache.org/maven2/biz/aQute/bnd/biz.aQute.bnd.util/6.4.0/biz.aQute.bnd.util-6.4.0.pom (2.7 kB at 54 kB/s)
[INFO] Downloading from central: https://repo.maven.apache.org/maven2/com/martensigwart/fakeload/0.4.0/fakeload-0.4.0.pom
[INFO] Downloaded from central: https://repo.maven.apache.org/maven2/com/martensigwart/fakeload/0.4.0/fakeload-0.4.0.pom (9.2 kB at 133 kB/s)
[INFO] Downloading from central: https://repo.maven.apache.org/maven2/biz/aQute/bnd/biz.aQute.bndlib/6.4.0/biz.aQute.bndlib-6.4.0.jar
[INFO] Downloading from central: https://repo.maven.apache.org/maven2/biz/aQute/bnd/biz.aQute.bnd.util/6.4.0/biz.aQute.bnd.util-6.4.0.jar
[INFO] Downloading from central: https://repo.maven.apache.org/maven2/com/martensigwart/fakeload/0.4.0/fakeload-0.4.0.jar
[INFO] Downloaded from central: https://repo.maven.apache.org/maven2/biz/aQute/bnd/biz.aQute.bnd.util/6.4.0/biz.aQute.bnd.util-6.4.0.jar (429 kB at 7.4 MB/s)
[INFO] Downloaded from central: https://repo.maven.apache.org/maven2/com/martensigwart/fakeload/0.4.0/fakeload-0.4.0.jar (48 kB at 795 kB/s)
[INFO] Downloaded from central: https://repo.maven.apache.org/maven2/biz/aQute/bnd/biz.aQute.bndlib/6.4.0/biz.aQute.bndlib-6.4.0.jar (3.2 MB at 30 MB/s)
[INFO] 
[INFO] --- maven-clean-plugin:3.2.0:clean (default-clean) @ tika-core ---
[INFO] 
[INFO] --- ossindex-maven-plugin:3.2.0:audit (audit-dependencies) @ tika-core ---
[INFO] Checking for vulnerabilities; 32 artifacts
[INFO] Exclude coordinates: [com.ibm.icu:icu4j:62.2, com.google.guava:guava:31.1-jre, org.apache.lucene:lucene-queryparser:4.0.0, com.drewnoakes:metadata-extractor:2.18.0, io.netty:netty-handler:4.1.89.Final, com.fasterxml.jackson.core:jackson-core:2.14.2, xerces:xercesImpl:2.12.2, com.h2database:h2:2.1.214, io.grpc:grpc-core:1.53.0, commons-dbcp:commons-dbcp:1.4]
[INFO] Exclude vulnerability identifiers: []
[INFO] CVSS-score threshold: 0.0
[WARNING] Failed to fetch component-reports
org.sonatype.ossindex.service.client.transport.Transport$TransportException: Unexpected response; status: HTTP/1.1 401 Unauthorized
    at org.sonatype.ossindex.service.client.transport.HttpClientTransport.post (HttpClientTransport.java:102)
    at org.sonatype.ossindex.service.client.internal.OssindexClientImpl.doRequestComponentReports (OssindexClientImpl.java:204)
    at org.sonatype.ossindex.service.client.internal.OssindexClientImpl.requestComponentReports (OssindexClientImpl.java:170)
    at org.sonatype.ossindex.maven.common.ComponentReportAssistant.request (ComponentReportAssistant.java:86)
    at org.sonatype.ossindex.maven.plugin.AuditMojoSupport.execute (AuditMojoSupport.java:242)
    at org.apache.maven.plugin.DefaultBuildPluginManager.executeMojo (DefaultBuildPluginManager.java:137)
    at org.apache.maven.lifecycle.internal.MojoExecutor.execute (MojoExecutor.java:210)
    at org.apache.maven.lifecycle.internal.MojoExecutor.execute (MojoExecutor.java:156)
    at org.apache.maven.lifecycle.internal.MojoExecutor.execute (MojoExecutor.java:148)
    at org.apache.maven.lifecycle.internal.LifecycleModuleBuilder.buildProject (LifecycleModuleBuilder.java:117)
    at org.apache.maven.lifecycle.internal.LifecycleModuleBuilder.buildProject (LifecycleModuleBuilder.java:81)
    at org.apache.maven.lifecycle.internal.builder.singlethreaded.SingleThreadedBuilder.build (SingleThreadedBuilder.java:56)
    at org.apache.maven.lifecycle.internal.LifecycleStarter.execute (LifecycleStarter.java:128)
    at org.apache.maven.DefaultMaven.doExecute (DefaultMaven.java:305)
    at org.apache.maven.DefaultMaven.doExecute (DefaultMaven.java:192)
    at org.apache.maven.DefaultMaven.execute (DefaultMaven.java:105)
    at org.apache.maven.cli.MavenCli.execute (MavenCli.java:957)
    at org.apache.maven.cli.MavenCli.doMain (MavenCli.java:289)
    at org.apache.maven.cli.MavenCli.main (MavenCli.java:193)
    at sun.reflect.NativeMethodAccessorImpl.invoke0 (Native Method)
    at sun.reflect.NativeMethodAccessorImpl.invoke (NativeMethodAccessorImpl.java:62)
    at sun.reflect.DelegatingMethodAccessorImpl.invoke (DelegatingMethodAccessorImpl.java:43)
    at java.lang.reflect.Method.invoke (Method.java:498)
    at org.codehaus.plexus.classworlds.launcher.Launcher.launchEnhanced (Launcher.java:282)
    at org.codehaus.plexus.classworlds.launcher.Launcher.launch (Launcher.java:225)
    at org.codehaus.plexus.classworlds.launcher.Launcher.mainWithExitCode (Launcher.java:406)
    at org.codehaus.plexus.classworlds.launcher.Launcher.main (Launcher.java:347)
[INFO] 
[INFO] --- maven-checkstyle-plugin:3.2.1:check (validate) @ tika-core ---
[INFO] 
[INFO] --- maven-remote-resources-plugin:1.7.0:process (process-resource-bundles) @ tika-core ---
[INFO] Preparing remote bundle org.apache:apache-jar-resource-bundle:1.4
[INFO] Copying 3 resources from 1 bundle.
[INFO] Copying appended resource: META-INF/LICENSE
[INFO] 
[INFO] --- maven-resources-plugin:3.3.0:resources (default-resources) @ tika-core ---
[INFO] Copying 5 resources
[INFO] Copying 3 resources
[INFO] 
[INFO] --- maven-compiler-plugin:3.11.0:compile (default-compile) @ tika-core ---
[INFO] Changes detected - recompiling the module! :dependency
[INFO] Compiling 339 source files with javac [debug target 1.8] to target/classes
[INFO] /home/srafi/after-cam-ready/compare_/compile_repair_output/work/ac9b898e2dad/tika-core/src/main/java/org/apache/tika/extractor/ParserContainerExtractor.java: Some input files use or override a deprecated API.
[INFO] /home/srafi/after-cam-ready/compare_/compile_repair_output/work/ac9b898e2dad/tika-core/src/main/java/org/apache/tika/extractor/ParserContainerExtractor.java: Recompile with -Xlint:deprecation for details.
[INFO] /home/srafi/after-cam-ready/compare_/compile_repair_output/work/ac9b898e2dad/tika-core/src/main/java/org/apache/tika/config/Param.java: Some input files use unchecked or unsafe operations.
[INFO] /home/srafi/after-cam-ready/compare_/compile_repair_output/work/ac9b898e2dad/tika-core/src/main/java/org/apache/tika/config/Param.java: Recompile with -Xlint:unchecked for details.
[INFO] 
[INFO] --- maven-resources-plugin:3.3.0:testResources (default-testResources) @ tika-core ---
[INFO] Copying 109 resources
[INFO] Copying 3 resources
[INFO] 
[INFO] --- maven-compiler-plugin:3.11.0:testCompile (default-testCompile) @ tika-core ---
[INFO] Changes detected - recompiling the module! :dependency
[INFO] Compiling 86 source files with javac [debug target 1.8] to target/test-classes
[INFO] /home/srafi/after-cam-ready/compare_/compile_repair_output/work/ac9b898e2dad/tika-core/src/test/java/org/apache/tika/utils/ServiceLoaderUtilsTest.java: Some input files use or override a deprecated API.
[INFO] /home/srafi/after-cam-ready/compare_/compile_repair_output/work/ac9b898e2dad/tika-core/src/test/java/org/apache/tika/utils/ServiceLoaderUtilsTest.java: Recompile with -Xlint:deprecation for details.
[INFO] 
[INFO] --- maven-surefire-plugin:3.0.0-M8-SNAPSHOT:test (default-test) @ tika-core ---
[INFO] Downloading from apache.snapshots: https://repository.apache.org/snapshots/org/apache/maven/surefire/maven-surefire-common/3.0.0-M8-SNAPSHOT/maven-metadata.xml
[INFO] Downloading from apache.snapshots: https://repository.apache.org/snapshots/org/apache/maven/surefire/surefire-api/3.0.0-M8-SNAPSHOT/maven-metadata.xml
[INFO] Downloading from apache.snapshots: https://repository.apache.org/snapshots/org/apache/maven/surefire/surefire-logger-api/3.0.0-M8-SNAPSHOT/maven-metadata.xml
[INFO] Downloading from apache.snapshots: https://repository.apache.org/snapshots/org/apache/maven/surefire/surefire-shared-utils/3.0.0-M8-SNAPSHOT/maven-metadata.xml
[INFO] Downloading from apache.snapshots: https://repository.apache.org/snapshots/org/apache/maven/surefire/surefire-extensions-api/3.0.0-M8-SNAPSHOT/maven-metadata.xml
[INFO] Downloading from apache.snapshots: https://repository.apache.org/snapshots/org/apache/maven/surefire/surefire-booter/3.0.0-M8-SNAPSHOT/maven-metadata.xml
[INFO] Downloading from apache.snapshots: https://repository.apache.org/snapshots/org/apache/maven/surefire/surefire-extensions-spi/3.0.0-M8-SNAPSHOT/maven-metadata.xml
[INFO] Tests are skipped.
[INFO] 
[INFO] --- maven-bundle-plugin:5.1.8:bundle (default-bundle) @ tika-core ---
[INFO] Building bundle: /home/srafi/after-cam-ready/compare_/compile_repair_output/work/ac9b898e2dad/tika-core/target/tika-core-2.7.1-SNAPSHOT.jar
[INFO] Writing manifest: /home/srafi/after-cam-ready/compare_/compile_repair_output/work/ac9b898e2dad/tika-core/target/classes/META-INF/MANIFEST.MF
[INFO] 
[INFO] --- maven-jar-plugin:3.3.0:test-jar (default) @ tika-core ---
[INFO] Building jar: /home/srafi/after-cam-ready/compare_/compile_repair_output/work/ac9b898e2dad/tika-core/target/tika-core-2.7.1-SNAPSHOT-tests.jar
[INFO] 
[INFO] --- maven-assembly-plugin:3.5.0:single (default) @ tika-core ---
[INFO] Downloading from central: https://repo.maven.apache.org/maven2/org/codehaus/plexus/plexus-archiver/4.6.0/plexus-archiver-4.6.0.pom
[INFO] Downloaded from central: https://repo.maven.apache.org/maven2/org/codehaus/plexus/plexus-archiver/4.6.0/plexus-archiver-4.6.0.pom (6.5 kB at 211 kB/s)
[INFO] Downloading from central: https://repo.maven.apache.org/maven2/com/github/luben/zstd-jni/1.5.2-5/zstd-jni-1.5.2-5.pom
[INFO] Downloaded from central: https://repo.maven.apache.org/maven2/com/github/luben/zstd-jni/1.5.2-5/zstd-jni-1.5.2-5.pom (1.9 kB at 49 kB/s)
[INFO] Downloading from central: https://repo.maven.apache.org/maven2/org/codehaus/plexus/plexus-archiver/4.6.0/plexus-archiver-4.6.0.jar
[INFO] Downloading from central: https://repo.maven.apache.org/maven2/com/github/luben/zstd-jni/1.5.2-5/zstd-jni-1.5.2-5.jar
[INFO] Downloaded from central: https://repo.maven.apache.org/maven2/org/codehaus/plexus/plexus-archiver/4.6.0/plexus-archiver-4.6.0.jar (216 kB at 5.1 MB/s)
[INFO] Downloaded from central: https://repo.maven.apache.org/maven2/com/github/luben/zstd-jni/1.5.2-5/zstd-jni-1.5.2-5.jar (6.3 MB at 56 MB/s)
[INFO] Reading assembly descriptor: src/main/assembly/test-jar-with-dependencies.xml
[INFO] Building jar: /home/srafi/after-cam-ready/compare_/compile_repair_output/work/ac9b898e2dad/tika-core/target/tika-core-2.7.1-SNAPSHOT-test-jar-with-dependencies.jar
[INFO] 
[INFO] --- maven-site-plugin:3.12.1:attach-descriptor (attach-descriptor) @ tika-core ---
[INFO] Skipping because packaging 'bundle' is not pom.
[INFO] 
[INFO] --- maven-failsafe-plugin:3.0.0-M8-SNAPSHOT:integration-test (default) @ tika-core ---
[INFO] Tests are skipped.
[INFO] 
[INFO] --- forbiddenapis:3.4:check (default) @ tika-core ---
[INFO] Scanning for classes to check...
[INFO] Reading bundled API signatures: jdk-unsafe-1.8
[INFO] Reading bundled API signatures: jdk-deprecated-1.8
[INFO] Reading bundled API signatures: jdk-non-portable
[INFO] Reading bundled API signatures: jdk-internal-1.8
[INFO] Reading bundled API signatures: commons-io-unsafe-2.11.0
[INFO] Loading classes to check...
[INFO] Scanning classes for violations...
[INFO] Scanned 444 class file(s) for forbidden API invocations (in 0.39s), 0 error(s).
[INFO] 
[INFO] --- forbiddenapis:3.4:testCheck (default) @ tika-core ---
[INFO] Scanning for classes to check...
[INFO] Reading bundled API signatures: jdk-unsafe-1.8
[INFO] Reading bundled API signatures: jdk-deprecated-1.8
[INFO] Reading bundled API signatures: jdk-non-portable
[INFO] Reading bundled API signatures: jdk-internal-1.8
[INFO] Reading bundled API signatures: commons-io-unsafe-2.11.0
[INFO] Loading classes to check...
[INFO] Scanning classes for violations...
[INFO] Scanned 124 class file(s) for forbidden API invocations (in 0.15s), 0 error(s).
[INFO] 
[INFO] --- maven-failsafe-plugin:3.0.0-M8-SNAPSHOT:verify (default) @ tika-core ---
[INFO] Tests are skipped.
[INFO] 
[INFO] --- maven-install-plugin:3.1.0:install (default-install) @ tika-core ---
[INFO] Installing /home/srafi/after-cam-ready/compare_/compile_repair_output/work/ac9b898e2dad/tika-core/pom.xml to /home/srafi/.m2/repository/org/apache/tika/tika-core/2.7.1-SNAPSHOT/tika-core-2.7.1-SNAPSHOT.pom
[INFO] Installing /home/srafi/after-cam-ready/compare_/compile_repair_output/work/ac9b898e2dad/tika-core/target/tika-core-2.7.1-SNAPSHOT.jar to /home/srafi/.m2/repository/org/apache/tika/tika-core/2.7.1-SNAPSHOT/tika-core-2.7.1-SNAPSHOT.jar
[INFO] Installing /home/srafi/after-cam-ready/compare_/compile_repair_output/work/ac9b898e2dad/tika-core/target/tika-core-2.7.1-SNAPSHOT-tests.jar to /home/srafi/.m2/repository/org/apache/tika/tika-core/2.7.1-SNAPSHOT/tika-core-2.7.1-SNAPSHOT-tests.jar
[INFO] Installing /home/srafi/after-cam-ready/compare_/compile_repair_output/work/ac9b898e2dad/tika-core/target/tika-core-2.7.1-SNAPSHOT-test-jar-with-dependencies.jar to /home/srafi/.m2/repository/org/apache/tika/tika-core/2.7.1-SNAPSHOT/tika-core-2.7.1-SNAPSHOT-test-jar-with-dependencies.jar
[INFO] 
[INFO] --- maven-bundle-plugin:5.1.8:install (default-install) @ tika-core ---
[INFO] Installing org/apache/tika/tika-core/2.7.1-SNAPSHOT/tika-core-2.7.1-SNAPSHOT.jar
[INFO] Installing org/apache/tika/tika-core/2.7.1-SNAPSHOT/tika-core-2.7.1-SNAPSHOT-test-jar-with-dependencies.jar
[INFO] Writing OBR metadata
[INFO] 
[INFO] --------------------< org.apache.tika:tika-parsers >--------------------
[INFO] Building Apache Tika parser modules 2.7.1-SNAPSHOT                [3/11]
[INFO] --------------------------------[ pom ]---------------------------------
[INFO] 
[INFO] --- maven-clean-plugin:3.2.0:clean (default-clean) @ tika-parsers ---
[INFO] 
[INFO] --- ossindex-maven-plugin:3.2.0:audit (audit-dependencies) @ tika-parsers ---
[INFO] Skipping; POM module
[INFO] 
[INFO] --- maven-checkstyle-plugin:3.2.1:check (validate) @ tika-parsers ---
[INFO] 
[INFO] --- maven-remote-resources-plugin:1.7.0:process (process-resource-bundles) @ tika-parsers ---
[INFO] Preparing remote bundle org.apache:apache-jar-resource-bundle:1.4
[INFO] Copying 3 resources from 1 bundle.
[INFO] 
[INFO] --- maven-site-plugin:3.12.1:attach-descriptor (attach-descriptor) @ tika-parsers ---
[INFO] No site descriptor found: nothing to attach.
[INFO] 
[INFO] --- forbiddenapis:3.4:check (default) @ tika-parsers ---
[INFO] Skipping execution for packaging "pom"
[INFO] 
[INFO] --- forbiddenapis:3.4:testCheck (default) @ tika-parsers ---
[INFO] Skipping execution for packaging "pom"
[INFO] 
[INFO] --- maven-install-plugin:3.1.0:install (default-install) @ tika-parsers ---
[INFO] Installing /home/srafi/after-cam-ready/compare_/compile_repair_output/work/ac9b898e2dad/tika-parsers/pom.xml to /home/srafi/.m2/repository/org/apache/tika/tika-parsers/2.7.1-SNAPSHOT/tika-parsers-2.7.1-SNAPSHOT.pom
[INFO] 
[INFO] ---------------< org.apache.tika:tika-parsers-standard >----------------
[INFO] Building Apache Tika standard parser modules and package 2.7.1-SNAPSHOT [4/11]
[INFO] --------------------------------[ pom ]---------------------------------
[INFO] 
[INFO] --- maven-clean-plugin:3.2.0:clean (default-clean) @ tika-parsers-standard ---
[INFO] 
[INFO] --- ossindex-maven-plugin:3.2.0:audit (audit-dependencies) @ tika-parsers-standard ---
[INFO] Skipping; POM module
[INFO] 
[INFO] --- maven-checkstyle-plugin:3.2.1:check (validate) @ tika-parsers-standard ---
[INFO] 
[INFO] --- maven-remote-resources-plugin:1.7.0:process (process-resource-bundles) @ tika-parsers-standard ---
[INFO] Preparing remote bundle org.apache:apache-jar-resource-bundle:1.4
[INFO] Copying 3 resources from 1 bundle.
[INFO] 
[INFO] --- maven-bundle-plugin:5.1.8:manifest (bundle-manifest) @ tika-parsers-standard ---
[WARNING] Ignoring project type pom - supportedProjectTypes = [jar, bundle]
[INFO] 
[INFO] --- maven-site-plugin:3.12.1:attach-descriptor (attach-descriptor) @ tika-parsers-standard ---
[INFO] No site descriptor found: nothing to attach.
[INFO] 
[INFO] --- forbiddenapis:3.4:check (default) @ tika-parsers-standard ---
[INFO] Skipping execution for packaging "pom"
[INFO] 
[INFO] --- forbiddenapis:3.4:testCheck (default) @ tika-parsers-standard ---
[INFO] Skipping execution for packaging "pom"
[INFO] 
[INFO] --- maven-install-plugin:3.1.0:install (default-install) @ tika-parsers-standard ---
[INFO] Installing /home/srafi/after-cam-ready/compare_/compile_repair_output/work/ac9b898e2dad/tika-parsers/tika-parsers-standard/pom.xml to /home/srafi/.m2/repository/org/apache/tika/tika-parsers-standard/2.7.1-SNAPSHOT/tika-parsers-standard-2.7.1-SNAPSHOT.pom
[INFO] 
[INFO] -----------< org.apache.tika:tika-parsers-standard-modules >------------
[INFO] Building Apache Tika standard parser modules 2.7.1-SNAPSHOT       [5/11]
[INFO] --------------------------------[ pom ]---------------------------------
[INFO] 
[INFO] --- maven-clean-plugin:3.2.0:clean (default-clean) @ tika-parsers-standard-modules ---
[INFO] 
[INFO] --- ossindex-maven-plugin:3.2.0:audit (audit-dependencies) @ tika-parsers-standard-modules ---
[INFO] Skipping; POM module
[INFO] 
[INFO] --- maven-checkstyle-plugin:3.2.1:check (validate) @ tika-parsers-standard-modules ---
[INFO] 
[INFO] --- maven-remote-resources-plugin:1.7.0:process (process-resource-bundles) @ tika-parsers-standard-modules ---
[INFO] Preparing remote bundle org.apache:apache-jar-resource-bundle:1.4
[INFO] Copying 3 resources from 1 bundle.
[INFO] 
[INFO] --- maven-bundle-plugin:5.1.8:manifest (bundle-manifest) @ tika-parsers-standard-modules ---
[WARNING] Ignoring project type pom - supportedProjectTypes = [jar, bundle]
[INFO] 
[INFO] --- maven-site-plugin:3.12.1:attach-descriptor (attach-descriptor) @ tika-parsers-standard-modules ---
[INFO] No site descriptor found: nothing to attach.
[INFO] 
[INFO] --- forbiddenapis:3.4:check (default) @ tika-parsers-standard-modules ---
[INFO] Skipping execution for packaging "pom"
[INFO] 
[INFO] --- forbiddenapis:3.4:testCheck (default) @ tika-parsers-standard-modules ---
[INFO] Skipping execution for packaging "pom"
[INFO] 
[INFO] --- maven-install-plugin:3.1.0:install (default-install) @ tika-parsers-standard-modules ---
[INFO] Installing /home/srafi/after-cam-ready/compare_/compile_repair_output/work/ac9b898e2dad/tika-parsers/tika-parsers-standard/tika-parsers-standard-modules/pom.xml to /home/srafi/.m2/repository/org/apache/tika/tika-parsers-standard-modules/2.7.1-SNAPSHOT/tika-parsers-standard-modules-2.7.1-SNAPSHOT.pom
[INFO] 
[INFO] --------------< org.apache.tika:tika-parser-mail-commons >--------------
[INFO] Building Apache Tika mail commons 2.7.1-SNAPSHOT                  [6/11]
[INFO] --------------------------------[ jar ]---------------------------------
[INFO] Downloading from central: https://repo.maven.apache.org/maven2/org/apache/james/apache-mime4j-core/0.8.9/apache-mime4j-core-0.8.9.pom
[INFO] Downloaded from central: https://repo.maven.apache.org/maven2/org/apache/james/apache-mime4j-core/0.8.9/apache-mime4j-core-0.8.9.pom (2.2 kB at 66 kB/s)
[INFO] Downloading from central: https://repo.maven.apache.org/maven2/org/apache/james/apache-mime4j-project/0.8.9/apache-mime4j-project-0.8.9.pom
[INFO] Downloaded from central: https://repo.maven.apache.org/maven2/org/apache/james/apache-mime4j-project/0.8.9/apache-mime4j-project-0.8.9.pom (11 kB at 357 kB/s)
[INFO] Downloading from central: https://repo.maven.apache.org/maven2/org/apache/james/apache-mime4j-dom/0.8.9/apache-mime4j-dom-0.8.9.pom
[INFO] Downloaded from central: https://repo.maven.apache.org/maven2/org/apache/james/apache-mime4j-dom/0.8.9/apache-mime4j-dom-0.8.9.pom (3.5 kB at 108 kB/s)
[INFO] Downloading from central: https://repo.maven.apache.org/maven2/org/apache/james/apache-mime4j-core/0.8.9/apache-mime4j-core-0.8.9.jar
[INFO] Downloading from central: https://repo.maven.apache.org/maven2/org/apache/james/apache-mime4j-dom/0.8.9/apache-mime4j-dom-0.8.9.jar
[INFO] Downloaded from central: https://repo.maven.apache.org/maven2/org/apache/james/apache-mime4j-core/0.8.9/apache-mime4j-core-0.8.9.jar (119 kB at 3.6 MB/s)
[INFO] Downloaded from central: https://repo.maven.apache.org/maven2/org/apache/james/apache-mime4j-dom/0.8.9/apache-mime4j-dom-0.8.9.jar (349 kB at 7.8 MB/s)
[INFO] 
[INFO] --- maven-clean-plugin:3.2.0:clean (default-clean) @ tika-parser-mail-commons ---
[INFO] 
[INFO] --- ossindex-maven-plugin:3.2.0:audit (audit-dependencies) @ tika-parser-mail-commons ---
[INFO] Checking for vulnerabilities; 12 artifacts
[INFO] Exclude coordinates: [com.ibm.icu:icu4j:62.2, com.google.guava:guava:31.1-jre, org.apache.lucene:lucene-queryparser:4.0.0, com.drewnoakes:metadata-extractor:2.18.0, io.netty:netty-handler:4.1.89.Final, com.fasterxml.jackson.core:jackson-core:2.14.2, xerces:xercesImpl:2.12.2, com.h2database:h2:2.1.214, io.grpc:grpc-core:1.53.0, commons-dbcp:commons-dbcp:1.4]
[INFO] Exclude vulnerability identifiers: []
[INFO] CVSS-score threshold: 0.0
[WARNING] Failed to fetch component-reports
org.sonatype.ossindex.service.client.transport.Transport$TransportException: Unexpected response; status: HTTP/1.1 401 Unauthorized
    at org.sonatype.ossindex.service.client.transport.HttpClientTransport.post (HttpClientTransport.java:102)
    at org.sonatype.ossindex.service.client.internal.OssindexClientImpl.doRequestComponentReports (OssindexClientImpl.java:204)
    at org.sonatype.ossindex.service.client.internal.OssindexClientImpl.requestComponentReports (OssindexClientImpl.java:170)
    at org.sonatype.ossindex.maven.common.ComponentReportAssistant.request (ComponentReportAssistant.java:86)
    at org.sonatype.ossindex.maven.plugin.AuditMojoSupport.execute (AuditMojoSupport.java:242)
    at org.apache.maven.plugin.DefaultBuildPluginManager.executeMojo (DefaultBuildPluginManager.java:137)
    at org.apache.maven.lifecycle.internal.MojoExecutor.execute (MojoExecutor.java:210)
    at org.apache.maven.lifecycle.internal.MojoExecutor.execute (MojoExecutor.java:156)
    at org.apache.maven.lifecycle.internal.MojoExecutor.execute (MojoExecutor.java:148)
    at org.apache.maven.lifecycle.internal.LifecycleModuleBuilder.buildProject (LifecycleModuleBuilder.java:117)
    at org.apache.maven.lifecycle.internal.LifecycleModuleBuilder.buildProject (LifecycleModuleBuilder.java:81)
    at org.apache.maven.lifecycle.internal.builder.singlethreaded.SingleThreadedBuilder.build (SingleThreadedBuilder.java:56)
    at org.apache.maven.lifecycle.internal.LifecycleStarter.execute (LifecycleStarter.java:128)
    at org.apache.maven.DefaultMaven.doExecute (DefaultMaven.java:305)
    at org.apache.maven.DefaultMaven.doExecute (DefaultMaven.java:192)
    at org.apache.maven.DefaultMaven.execute (DefaultMaven.java:105)
    at org.apache.maven.cli.MavenCli.execute (MavenCli.java:957)
    at org.apache.maven.cli.MavenCli.doMain (MavenCli.java:289)
    at org.apache.maven.cli.MavenCli.main (MavenCli.java:193)
    at sun.reflect.NativeMethodAccessorImpl.invoke0 (Native Method)
    at sun.reflect.NativeMethodAccessorImpl.invoke (NativeMethodAccessorImpl.java:62)
    at sun.reflect.DelegatingMethodAccessorImpl.invoke (DelegatingMethodAccessorImpl.java:43)
    at java.lang.reflect.Method.invoke (Method.java:498)
    at org.codehaus.plexus.classworlds.launcher.Launcher.launchEnhanced (Launcher.java:282)
    at org.codehaus.plexus.classworlds.launcher.Launcher.launch (Launcher.java:225)
    at org.codehaus.plexus.classworlds.launcher.Launcher.mainWithExitCode (Launcher.java:406)
    at org.codehaus.plexus.classworlds.launcher.Launcher.main (Launcher.java:347)
[INFO] 
[INFO] --- maven-checkstyle-plugin:3.2.1:check (validate) @ tika-parser-mail-commons ---
[INFO] 
[INFO] --- maven-remote-resources-plugin:1.7.0:process (process-resource-bundles) @ tika-parser-mail-commons ---
[INFO] Preparing remote bundle org.apache:apache-jar-resource-bundle:1.4
[INFO] Copying 3 resources from 1 bundle.
[INFO] 
[INFO] --- maven-resources-plugin:3.3.0:resources (default-resources) @ tika-parser-mail-commons ---
[INFO] skip non existing resourceDirectory /home/srafi/after-cam-ready/compare_/compile_repair_output/work/ac9b898e2dad/tika-parsers/tika-parsers-standard/tika-parsers-standard-modules/tika-parser-mail-commons/src/main/resources
[INFO] Copying 3 resources
[INFO] 
[INFO] --- maven-compiler-plugin:3.11.0:compile (default-compile) @ tika-parser-mail-commons ---
[INFO] Changes detected - recompiling the module! :dependency
[INFO] Compiling 2 source files with javac [debug target 1.8] to target/classes
[INFO] 
[INFO] --- maven-bundle-plugin:5.1.8:manifest (bundle-manifest) @ tika-parser-mail-commons ---
[INFO] No MANIFEST.MF file found, generating manifest.
[INFO] Writing manifest: /home/srafi/after-cam-ready/compare_/compile_repair_output/work/ac9b898e2dad/tika-parsers/tika-parsers-standard/tika-parsers-standard-modules/tika-parser-mail-commons/target/classes/META-INF/MANIFEST.MF
[INFO] 
[INFO] --- maven-resources-plugin:3.3.0:testResources (default-testResources) @ tika-parser-mail-commons ---
[INFO] skip non existing resourceDirectory /home/srafi/after-cam-ready/compare_/compile_repair_output/work/ac9b898e2dad/tika-parsers/tika-parsers-standard/tika-parsers-standard-modules/tika-parser-mail-commons/src/test/resources
[INFO] Copying 3 resources
[INFO] 
[INFO] --- maven-compiler-plugin:3.11.0:testCompile (default-testCompile) @ tika-parser-mail-commons ---
[INFO] Changes detected - recompiling the module! :dependency
[INFO] Compiling 2 source files with javac [debug target 1.8] to target/test-classes
[INFO] 
[INFO] --- maven-surefire-plugin:3.0.0-M8-SNAPSHOT:test (default-test) @ tika-parser-mail-commons ---
[INFO] Tests are skipped.
[INFO] 
[INFO] --- maven-jar-plugin:3.3.0:jar (default-jar) @ tika-parser-mail-commons ---
[INFO] Building jar: /home/srafi/after-cam-ready/compare_/compile_repair_output/work/ac9b898e2dad/tika-parsers/tika-parsers-standard/tika-parsers-standard-modules/tika-parser-mail-commons/target/tika-parser-mail-commons-2.7.1-SNAPSHOT.jar
[INFO] 
[INFO] --- maven-site-plugin:3.12.1:attach-descriptor (attach-descriptor) @ tika-parser-mail-commons ---
[INFO] Skipping because packaging 'jar' is not pom.
[INFO] 
[INFO] --- forbiddenapis:3.4:check (default) @ tika-parser-mail-commons ---
[INFO] Scanning for classes to check...
[INFO] Reading bundled API signatures: jdk-unsafe-1.8
[INFO] Reading bundled API signatures: jdk-deprecated-1.8
[INFO] Reading bundled API signatures: jdk-non-portable
[INFO] Reading bundled API signatures: jdk-internal-1.8
[INFO] Reading bundled API signatures: commons-io-unsafe-2.11.0
[INFO] Loading classes to check...
[INFO] Scanning classes for violations...
[INFO] Scanned 2 class file(s) for forbidden API invocations (in 0.05s), 0 error(s).
[INFO] 
[INFO] --- forbiddenapis:3.4:testCheck (default) @ tika-parser-mail-commons ---
[INFO] Scanning for classes to check...
[INFO] Reading bundled API signatures: jdk-unsafe-1.8
[INFO] Reading bundled API signatures: jdk-deprecated-1.8
[INFO] Reading bundled API signatures: jdk-non-portable
[INFO] Reading bundled API signatures: jdk-internal-1.8
[INFO] Reading bundled API signatures: commons-io-unsafe-2.11.0
[INFO] Loading classes to check...
[INFO] Scanning classes for violations...
[INFO] Scanned 2 class file(s) for forbidden API invocations (in 0.02s), 0 error(s).
[INFO] 
[INFO] --- maven-install-plugin:3.1.0:install (default-install) @ tika-parser-mail-commons ---
[INFO] Installing /home/srafi/after-cam-ready/compare_/compile_repair_output/work/ac9b898e2dad/tika-parsers/tika-parsers-standard/tika-parsers-standard-modules/tika-parser-mail-commons/pom.xml to /home/srafi/.m2/repository/org/apache/tika/tika-parser-mail-commons/2.7.1-SNAPSHOT/tika-parser-mail-commons-2.7.1-SNAPSHOT.pom
[INFO] Installing /home/srafi/after-cam-ready/compare_/compile_repair_output/work/ac9b898e2dad/tika-parsers/tika-parsers-standard/tika-parsers-standard-modules/tika-parser-mail-commons/target/tika-parser-mail-commons-2.7.1-SNAPSHOT.jar to /home/srafi/.m2/repository/org/apache/tika/tika-parser-mail-commons/2.7.1-SNAPSHOT/tika-parser-mail-commons-2.7.1-SNAPSHOT.jar
[INFO] 
[INFO] --------------< org.apache.tika:tika-parser-zip-commons >---------------
[INFO] Building Apache Tika ZIP commons 2.7.1-SNAPSHOT                   [7/11]
[INFO] --------------------------------[ jar ]---------------------------------
[INFO] 
[INFO] --- maven-clean-plugin:3.2.0:clean (default-clean) @ tika-parser-zip-commons ---
[INFO] 
[INFO] --- ossindex-maven-plugin:3.2.0:audit (audit-dependencies) @ tika-parser-zip-commons ---
[INFO] Checking for vulnerabilities; 11 artifacts
[INFO] Exclude coordinates: [com.ibm.icu:icu4j:62.2, com.google.guava:guava:31.1-jre, org.apache.lucene:lucene-queryparser:4.0.0, com.drewnoakes:metadata-extractor:2.18.0, io.netty:netty-handler:4.1.89.Final, com.fasterxml.jackson.core:jackson-core:2.14.2, xerces:xercesImpl:2.12.2, com.h2database:h2:2.1.214, io.grpc:grpc-core:1.53.0, commons-dbcp:commons-dbcp:1.4]
[INFO] Exclude vulnerability identifiers: []
[INFO] CVSS-score threshold: 0.0
[WARNING] Failed to fetch component-reports
org.sonatype.ossindex.service.client.transport.Transport$TransportException: Unexpected response; status: HTTP/1.1 401 Unauthorized
    at org.sonatype.ossindex.service.client.transport.HttpClientTransport.post (HttpClientTransport.java:102)
    at org.sonatype.ossindex.service.client.internal.OssindexClientImpl.doRequestComponentReports (OssindexClientImpl.java:204)
    at org.sonatype.ossindex.service.client.internal.OssindexClientImpl.requestComponentReports (OssindexClientImpl.java:170)
    at org.sonatype.ossindex.maven.common.ComponentReportAssistant.request (ComponentReportAssistant.java:86)
    at org.sonatype.ossindex.maven.plugin.AuditMojoSupport.execute (AuditMojoSupport.java:242)
    at org.apache.maven.plugin.DefaultBuildPluginManager.executeMojo (DefaultBuildPluginManager.java:137)
    at org.apache.maven.lifecycle.internal.MojoExecutor.execute (MojoExecutor.java:210)
    at org.apache.maven.lifecycle.internal.MojoExecutor.execute (MojoExecutor.java:156)
    at org.apache.maven.lifecycle.internal.MojoExecutor.execute (MojoExecutor.java:148)
    at org.apache.maven.lifecycle.internal.LifecycleModuleBuilder.buildProject (LifecycleModuleBuilder.java:117)
    at org.apache.maven.lifecycle.internal.LifecycleModuleBuilder.buildProject (LifecycleModuleBuilder.java:81)
    at org.apache.maven.lifecycle.internal.builder.singlethreaded.SingleThreadedBuilder.build (SingleThreadedBuilder.java:56)
    at org.apache.maven.lifecycle.internal.LifecycleStarter.execute (LifecycleStarter.java:128)
    at org.apache.maven.DefaultMaven.doExecute (DefaultMaven.java:305)
    at org.apache.maven.DefaultMaven.doExecute (DefaultMaven.java:192)
    at org.apache.maven.DefaultMaven.execute (DefaultMaven.java:105)
    at org.apache.maven.cli.MavenCli.execute (MavenCli.java:957)
    at org.apache.maven.cli.MavenCli.doMain (MavenCli.java:289)
    at org.apache.maven.cli.MavenCli.main (MavenCli.java:193)
    at sun.reflect.NativeMethodAccessorImpl.invoke0 (Native Method)
    at sun.reflect.NativeMethodAccessorImpl.invoke (NativeMethodAccessorImpl.java:62)
    at sun.reflect.DelegatingMethodAccessorImpl.invoke (DelegatingMethodAccessorImpl.java:43)
    at java.lang.reflect.Method.invoke (Method.java:498)
    at org.codehaus.plexus.classworlds.launcher.Launcher.launchEnhanced (Launcher.java:282)
    at org.codehaus.plexus.classworlds.launcher.Launcher.launch (Launcher.java:225)
    at org.codehaus.plexus.classworlds.launcher.Launcher.mainWithExitCode (Launcher.java:406)
    at org.codehaus.plexus.classworlds.launcher.Launcher.main (Launcher.java:347)
[INFO] 
[INFO] --- maven-checkstyle-plugin:3.2.1:check (validate) @ tika-parser-zip-commons ---
[INFO] 
[INFO] --- maven-remote-resources-plugin:1.7.0:process (process-resource-bundles) @ tika-parser-zip-commons ---
[INFO] Preparing remote bundle org.apache:apache-jar-resource-bundle:1.4
[INFO] Copying 3 resources from 1 bundle.
[INFO] 
[INFO] --- maven-resources-plugin:3.3.0:resources (default-resources) @ tika-parser-zip-commons ---
[INFO] Copying 2 resources
[INFO] Copying 3 resources
[INFO] 
[INFO] --- maven-compiler-plugin:3.11.0:compile (default-compile) @ tika-parser-zip-commons ---
[INFO] Changes detected - recompiling the module! :dependency
[INFO] Compiling 16 source files with javac [debug target 1.8] to target/classes
[INFO] /home/srafi/after-cam-ready/compare_/compile_repair_output/work/ac9b898e2dad/tika-parsers/tika-parsers-standard/tika-parsers-standard-modules/tika-parser-zip-commons/src/main/java/org/apache/tika/detect/zip/DefaultZipContainerDetector.java: Some input files use or override a deprecated API.
[INFO] /home/srafi/after-cam-ready/compare_/compile_repair_output/work/ac9b898e2dad/tika-parsers/tika-parsers-standard/tika-parsers-standard-modules/tika-parser-zip-commons/src/main/java/org/apache/tika/detect/zip/DefaultZipContainerDetector.java: Recompile with -Xlint:deprecation for details.
[INFO] /home/srafi/after-cam-ready/compare_/compile_repair_output/work/ac9b898e2dad/tika-parsers/tika-parsers-standard/tika-parsers-standard-modules/tika-parser-zip-commons/src/main/java/org/apache/tika/detect/zip/IPADetector.java: /home/srafi/after-cam-ready/compare_/compile_repair_output/work/ac9b898e2dad/tika-parsers/tika-parsers-standard/tika-parsers-standard-modules/tika-parser-zip-commons/src/main/java/org/apache/tika/detect/zip/IPADetector.java uses unchecked or unsafe operations.
[INFO] /home/srafi/after-cam-ready/compare_/compile_repair_output/work/ac9b898e2dad/tika-parsers/tika-parsers-standard/tika-parsers-standard-modules/tika-parser-zip-commons/src/main/java/org/apache/tika/detect/zip/IPADetector.java: Recompile with -Xlint:unchecked for details.
[INFO] 
[INFO] --- maven-bundle-plugin:5.1.8:manifest (bundle-manifest) @ tika-parser-zip-commons ---
[INFO] No MANIFEST.MF file found, generating manifest.
[INFO] Writing manifest: /home/srafi/after-cam-ready/compare_/compile_repair_output/work/ac9b898e2dad/tika-parsers/tika-parsers-standard/tika-parsers-standard-modules/tika-parser-zip-commons/target/classes/META-INF/MANIFEST.MF
[INFO] 
[INFO] --- maven-resources-plugin:3.3.0:testResources (default-testResources) @ tika-parser-zip-commons ---
[INFO] Copying 3 resources
[INFO] Copying 3 resources
[INFO] 
[INFO] --- maven-compiler-plugin:3.11.0:testCompile (default-testCompile) @ tika-parser-zip-commons ---
[INFO] Changes detected - recompiling the module! :dependency
[INFO] Compiling 2 source files with javac [debug target 1.8] to target/test-classes
[INFO] 
[INFO] --- maven-surefire-plugin:3.0.0-M8-SNAPSHOT:test (default-test) @ tika-parser-zip-commons ---
[INFO] Tests are skipped.
[INFO] 
[INFO] --- maven-jar-plugin:3.3.0:jar (default-jar) @ tika-parser-zip-commons ---
[INFO] Building jar: /home/srafi/after-cam-ready/compare_/compile_repair_output/work/ac9b898e2dad/tika-parsers/tika-parsers-standard/tika-parsers-standard-modules/tika-parser-zip-commons/target/tika-parser-zip-commons-2.7.1-SNAPSHOT.jar
[INFO] 
[INFO] --- maven-site-plugin:3.12.1:attach-descriptor (attach-descriptor) @ tika-parser-zip-commons ---
[INFO] Skipping because packaging 'jar' is not pom.
[INFO] 
[INFO] --- maven-jar-plugin:3.3.0:test-jar (default) @ tika-parser-zip-commons ---
[INFO] Building jar: /home/srafi/after-cam-ready/compare_/compile_repair_output/work/ac9b898e2dad/tika-parsers/tika-parsers-standard/tika-parsers-standard-modules/tika-parser-zip-commons/target/tika-parser-zip-commons-2.7.1-SNAPSHOT-tests.jar
[INFO] 
[INFO] --- forbiddenapis:3.4:check (default) @ tika-parser-zip-commons ---
[INFO] Scanning for classes to check...
[INFO] Reading bundled API signatures: jdk-unsafe-1.8
[INFO] Reading bundled API signatures: jdk-deprecated-1.8
[INFO] Reading bundled API signatures: jdk-non-portable
[INFO] Reading bundled API signatures: jdk-internal-1.8
[INFO] Reading bundled API signatures: commons-io-unsafe-2.11.0
[INFO] Loading classes to check...
[INFO] Scanning classes for violations...
[INFO] Scanned 28 class file(s) for forbidden API invocations (in 0.04s), 0 error(s).
[INFO] 
[INFO] --- forbiddenapis:3.4:testCheck (default) @ tika-parser-zip-commons ---
[INFO] Scanning for classes to check...
[INFO] Reading bundled API signatures: jdk-unsafe-1.8
[INFO] Reading bundled API signatures: jdk-deprecated-1.8
[INFO] Reading bundled API signatures: jdk-non-portable
[INFO] Reading bundled API signatures: jdk-internal-1.8
[INFO] Reading bundled API signatures: commons-io-unsafe-2.11.0
[INFO] Loading classes to check...
[INFO] Scanning classes for violations...
[INFO] Scanned 2 class file(s) for forbidden API invocations (in 0.02s), 0 error(s).
[INFO] 
[INFO] --- maven-install-plugin:3.1.0:install (default-install) @ tika-parser-zip-commons ---
[INFO] Installing /home/srafi/after-cam-ready/compare_/compile_repair_output/work/ac9b898e2dad/tika-parsers/tika-parsers-standard/tika-parsers-standard-modules/tika-parser-zip-commons/pom.xml to /home/srafi/.m2/repository/org/apache/tika/tika-parser-zip-commons/2.7.1-SNAPSHOT/tika-parser-zip-commons-2.7.1-SNAPSHOT.pom
[INFO] Installing /home/srafi/after-cam-ready/compare_/compile_repair_output/work/ac9b898e2dad/tika-parsers/tika-parsers-standard/tika-parsers-standard-modules/tika-parser-zip-commons/target/tika-parser-zip-commons-2.7.1-SNAPSHOT.jar to /home/srafi/.m2/repository/org/apache/tika/tika-parser-zip-commons/2.7.1-SNAPSHOT/tika-parser-zip-commons-2.7.1-SNAPSHOT.jar
[INFO] Installing /home/srafi/after-cam-ready/compare_/compile_repair_output/work/ac9b898e2dad/tika-parsers/tika-parsers-standard/tika-parsers-standard-modules/tika-parser-zip-commons/target/tika-parser-zip-commons-2.7.1-SNAPSHOT-tests.jar to /home/srafi/.m2/repository/org/apache/tika/tika-parser-zip-commons/2.7.1-SNAPSHOT/tika-parser-zip-commons-2.7.1-SNAPSHOT-tests.jar
[INFO] 
[INFO] --------------< org.apache.tika:tika-parser-text-module >---------------
[INFO] Building Apache Tika text parser module 2.7.1-SNAPSHOT            [8/11]
[INFO] --------------------------------[ jar ]---------------------------------
[INFO] Downloading from central: https://repo.maven.apache.org/maven2/com/github/albfernandez/juniversalchardet/2.4.0/juniversalchardet-2.4.0.pom
[INFO] Downloaded from central: https://repo.maven.apache.org/maven2/com/github/albfernandez/juniversalchardet/2.4.0/juniversalchardet-2.4.0.pom (7.4 kB at 177 kB/s)
[INFO] Downloading from central: https://repo.maven.apache.org/maven2/com/github/albfernandez/juniversalchardet/2.4.0/juniversalchardet-2.4.0.jar
[INFO] Downloaded from central: https://repo.maven.apache.org/maven2/com/github/albfernandez/juniversalchardet/2.4.0/juniversalchardet-2.4.0.jar (245 kB at 6.0 MB/s)
[INFO] 
[INFO] --- maven-clean-plugin:3.2.0:clean (default-clean) @ tika-parser-text-module ---
[INFO] 
[INFO] --- ossindex-maven-plugin:3.2.0:audit (audit-dependencies) @ tika-parser-text-module ---
[INFO] Checking for vulnerabilities; 13 artifacts
[INFO] Exclude coordinates: [com.ibm.icu:icu4j:62.2, com.google.guava:guava:31.1-jre, org.apache.lucene:lucene-queryparser:4.0.0, com.drewnoakes:metadata-extractor:2.18.0, io.netty:netty-handler:4.1.89.Final, com.fasterxml.jackson.core:jackson-core:2.14.2, xerces:xercesImpl:2.12.2, com.h2database:h2:2.1.214, io.grpc:grpc-core:1.53.0, commons-dbcp:commons-dbcp:1.4]
[INFO] Exclude vulnerability identifiers: []
[INFO] CVSS-score threshold: 0.0
[WARNING] Failed to fetch component-reports
org.sonatype.ossindex.service.client.transport.Transport$TransportException: Unexpected response; status: HTTP/1.1 401 Unauthorized
    at org.sonatype.ossindex.service.client.transport.HttpClientTransport.post (HttpClientTransport.java:102)
    at org.sonatype.ossindex.service.client.internal.OssindexClientImpl.doRequestComponentReports (OssindexClientImpl.java:204)
    at org.sonatype.ossindex.service.client.internal.OssindexClientImpl.requestComponentReports (OssindexClientImpl.java:170)
    at org.sonatype.ossindex.maven.common.ComponentReportAssistant.request (ComponentReportAssistant.java:86)
    at org.sonatype.ossindex.maven.plugin.AuditMojoSupport.execute (AuditMojoSupport.java:242)
    at org.apache.maven.plugin.DefaultBuildPluginManager.executeMojo (DefaultBuildPluginManager.java:137)
    at org.apache.maven.lifecycle.internal.MojoExecutor.execute (MojoExecutor.java:210)
    at org.apache.maven.lifecycle.internal.MojoExecutor.execute (MojoExecutor.java:156)
    at org.apache.maven.lifecycle.internal.MojoExecutor.execute (MojoExecutor.java:148)
    at org.apache.maven.lifecycle.internal.LifecycleModuleBuilder.buildProject (LifecycleModuleBuilder.java:117)
    at org.apache.maven.lifecycle.internal.LifecycleModuleBuilder.buildProject (LifecycleModuleBuilder.java:81)
    at org.apache.maven.lifecycle.internal.builder.singlethreaded.SingleThreadedBuilder.build (SingleThreadedBuilder.java:56)
    at org.apache.maven.lifecycle.internal.LifecycleStarter.execute (LifecycleStarter.java:128)
    at org.apache.maven.DefaultMaven.doExecute (DefaultMaven.java:305)
    at org.apache.maven.DefaultMaven.doExecute (DefaultMaven.java:192)
    at org.apache.maven.DefaultMaven.execute (DefaultMaven.java:105)
    at org.apache.maven.cli.MavenCli.execute (MavenCli.java:957)
    at org.apache.maven.cli.MavenCli.doMain (MavenCli.java:289)
    at org.apache.maven.cli.MavenCli.main (MavenCli.java:193)
    at sun.reflect.NativeMethodAccessorImpl.invoke0 (Native Method)
    at sun.reflect.NativeMethodAccessorImpl.invoke (NativeMethodAccessorImpl.java:62)
    at sun.reflect.DelegatingMethodAccessorImpl.invoke (DelegatingMethodAccessorImpl.java:43)
    at java.lang.reflect.Method.invoke (Method.java:498)
    at org.codehaus.plexus.classworlds.launcher.Launcher.launchEnhanced (Launcher.java:282)
    at org.codehaus.plexus.classworlds.launcher.Launcher.launch (Launcher.java:225)
    at org.codehaus.plexus.classworlds.launcher.Launcher.mainWithExitCode (Launcher.java:406)
    at org.codehaus.plexus.classworlds.launcher.Launcher.main (Launcher.java:347)
[INFO] 
[INFO] --- maven-checkstyle-plugin:3.2.1:check (validate) @ tika-parser-text-module ---
[INFO] 
[INFO] --- maven-remote-resources-plugin:1.7.0:process (process-resource-bundles) @ tika-parser-text-module ---
[INFO] Preparing remote bundle org.apache:apache-jar-resource-bundle:1.4
[INFO] Copying 3 resources from 1 bundle.
[INFO] 
[INFO] --- maven-resources-plugin:3.3.0:resources (default-resources) @ tika-parser-text-module ---
[INFO] Copying 2 resources
[INFO] Copying 3 resources
[INFO] 
[INFO] --- maven-compiler-plugin:3.11.0:compile (default-compile) @ tika-parser-text-module ---
[INFO] Changes detected - recompiling the module! :dependency
[INFO] Compiling 20 source files with javac [debug target 1.8] to target/classes
[INFO] /home/srafi/after-cam-ready/compare_/compile_repair_output/work/ac9b898e2dad/tika-parsers/tika-parsers-standard/tika-parsers-standard-modules/tika-parser-text-module/src/main/java/org/apache/tika/parser/txt/TXTParser.java: Some input files use or override a deprecated API.
[INFO] /home/srafi/after-cam-ready/compare_/compile_repair_output/work/ac9b898e2dad/tika-parsers/tika-parsers-standard/tika-parsers-standard-modules/tika-parser-text-module/src/main/java/org/apache/tika/parser/txt/TXTParser.java: Recompile with -Xlint:deprecation for details.
[INFO] 
[INFO] --- maven-bundle-plugin:5.1.8:manifest (bundle-manifest) @ tika-parser-text-module ---
[INFO] No MANIFEST.MF file found, generating manifest.
[INFO] Writing manifest: /home/srafi/after-cam-ready/compare_/compile_repair_output/work/ac9b898e2dad/tika-parsers/tika-parsers-standard/tika-parsers-standard-modules/tika-parser-text-module/target/classes/META-INF/MANIFEST.MF
[INFO] 
[INFO] --- maven-resources-plugin:3.3.0:testResources (default-testResources) @ tika-parser-text-module ---
[INFO] Copying 13 resources
[INFO] Copying 3 resources
[INFO] 
[INFO] --- maven-compiler-plugin:3.11.0:testCompile (default-testCompile) @ tika-parser-text-module ---
[INFO] Changes detected - recompiling the module! :dependency
[INFO] Compiling 7 source files with javac [debug target 1.8] to target/test-classes
[INFO] 
[INFO] --- maven-surefire-plugin:3.0.0-M8-SNAPSHOT:test (default-test) @ tika-parser-text-module ---
[INFO] Tests are skipped.
[INFO] 
[INFO] --- maven-jar-plugin:3.3.0:jar (default-jar) @ tika-parser-text-module ---
[INFO] Building jar: /home/srafi/after-cam-ready/compare_/compile_repair_output/work/ac9b898e2dad/tika-parsers/tika-parsers-standard/tika-parsers-standard-modules/tika-parser-text-module/target/tika-parser-text-module-2.7.1-SNAPSHOT.jar
[INFO] 
[INFO] --- maven-site-plugin:3.12.1:attach-descriptor (attach-descriptor) @ tika-parser-text-module ---
[INFO] Skipping because packaging 'jar' is not pom.
[INFO] 
[INFO] --- maven-jar-plugin:3.3.0:test-jar (default) @ tika-parser-text-module ---
[INFO] Building jar: /home/srafi/after-cam-ready/compare_/compile_repair_output/work/ac9b898e2dad/tika-parsers/tika-parsers-standard/tika-parsers-standard-modules/tika-parser-text-module/target/tika-parser-text-module-2.7.1-SNAPSHOT-tests.jar
[INFO] 
[INFO] --- forbiddenapis:3.4:check (default) @ tika-parser-text-module ---
[INFO] Scanning for classes to check...
[INFO] Reading bundled API signatures: jdk-unsafe-1.8
[INFO] Reading bundled API signatures: jdk-deprecated-1.8
[INFO] Reading bundled API signatures: jdk-non-portable
[INFO] Reading bundled API signatures: jdk-internal-1.8
[INFO] Reading bundled API signatures: commons-io-unsafe-2.11.0
[INFO] Loading classes to check...
[INFO] Scanning classes for violations...
[INFO] Scanned 75 class file(s) for forbidden API invocations (in 0.05s), 0 error(s).
[INFO] 
[INFO] --- forbiddenapis:3.4:testCheck (default) @ tika-parser-text-module ---
[INFO] Scanning for classes to check...
[INFO] Reading bundled API signatures: jdk-unsafe-1.8
[INFO] Reading bundled API signatures: jdk-deprecated-1.8
[INFO] Reading bundled API signatures: jdk-non-portable
[INFO] Reading bundled API signatures: jdk-internal-1.8
[INFO] Reading bundled API signatures: commons-io-unsafe-2.11.0
[INFO] Loading classes to check...
[INFO] Scanning classes for violations...
[INFO] Scanned 8 class file(s) for forbidden API invocations (in 0.03s), 0 error(s).
[INFO] 
[INFO] --- maven-install-plugin:3.1.0:install (default-install) @ tika-parser-text-module ---
[INFO] Installing /home/srafi/after-cam-ready/compare_/compile_repair_output/work/ac9b898e2dad/tika-parsers/tika-parsers-standard/tika-parsers-standard-modules/tika-parser-text-module/pom.xml to /home/srafi/.m2/repository/org/apache/tika/tika-parser-text-module/2.7.1-SNAPSHOT/tika-parser-text-module-2.7.1-SNAPSHOT.pom
[INFO] Installing /home/srafi/after-cam-ready/compare_/compile_repair_output/work/ac9b898e2dad/tika-parsers/tika-parsers-standard/tika-parsers-standard-modules/tika-parser-text-module/target/tika-parser-text-module-2.7.1-SNAPSHOT.jar to /home/srafi/.m2/repository/org/apache/tika/tika-parser-text-module/2.7.1-SNAPSHOT/tika-parser-text-module-2.7.1-SNAPSHOT.jar
[INFO] Installing /home/srafi/after-cam-ready/compare_/compile_repair_output/work/ac9b898e2dad/tika-parsers/tika-parsers-standard/tika-parsers-standard-modules/tika-parser-text-module/target/tika-parser-text-module-2.7.1-SNAPSHOT-tests.jar to /home/srafi/.m2/repository/org/apache/tika/tika-parser-text-module/2.7.1-SNAPSHOT/tika-parser-text-module-2.7.1-SNAPSHOT-tests.jar
[INFO] 
[INFO] --------------< org.apache.tika:tika-parser-html-module >---------------
[INFO] Building Apache Tika html parser module 2.7.1-SNAPSHOT            [9/11]
[INFO] --------------------------------[ jar ]---------------------------------
[INFO] 
[INFO] --- maven-clean-plugin:3.2.0:clean (default-clean) @ tika-parser-html-module ---
[INFO] 
[INFO] --- ossindex-maven-plugin:3.2.0:audit (audit-dependencies) @ tika-parser-html-module ---
[INFO] Checking for vulnerabilities; 15 artifacts
[INFO] Exclude coordinates: [com.ibm.icu:icu4j:62.2, com.google.guava:guava:31.1-jre, org.apache.lucene:lucene-queryparser:4.0.0, com.drewnoakes:metadata-extractor:2.18.0, io.netty:netty-handler:4.1.89.Final, com.fasterxml.jackson.core:jackson-core:2.14.2, xerces:xercesImpl:2.12.2, com.h2database:h2:2.1.214, io.grpc:grpc-core:1.53.0, commons-dbcp:commons-dbcp:1.4]
[INFO] Exclude vulnerability identifiers: []
[INFO] CVSS-score threshold: 0.0
[WARNING] Failed to fetch component-reports
org.sonatype.ossindex.service.client.transport.Transport$TransportException: Unexpected response; status: HTTP/1.1 401 Unauthorized
    at org.sonatype.ossindex.service.client.transport.HttpClientTransport.post (HttpClientTransport.java:102)
    at org.sonatype.ossindex.service.client.internal.OssindexClientImpl.doRequestComponentReports (OssindexClientImpl.java:204)
    at org.sonatype.ossindex.service.client.internal.OssindexClientImpl.requestComponentReports (OssindexClientImpl.java:170)
    at org.sonatype.ossindex.maven.common.ComponentReportAssistant.request (ComponentReportAssistant.java:86)
    at org.sonatype.ossindex.maven.plugin.AuditMojoSupport.execute (AuditMojoSupport.java:242)
    at org.apache.maven.plugin.DefaultBuildPluginManager.executeMojo (DefaultBuildPluginManager.java:137)
    at org.apache.maven.lifecycle.internal.MojoExecutor.execute (MojoExecutor.java:210)
    at org.apache.maven.lifecycle.internal.MojoExecutor.execute (MojoExecutor.java:156)
    at org.apache.maven.lifecycle.internal.MojoExecutor.execute (MojoExecutor.java:148)
    at org.apache.maven.lifecycle.internal.LifecycleModuleBuilder.buildProject (LifecycleModuleBuilder.java:117)
    at org.apache.maven.lifecycle.internal.LifecycleModuleBuilder.buildProject (LifecycleModuleBuilder.java:81)
    at org.apache.maven.lifecycle.internal.builder.singlethreaded.SingleThreadedBuilder.build (SingleThreadedBuilder.java:56)
    at org.apache.maven.lifecycle.internal.LifecycleStarter.execute (LifecycleStarter.java:128)
    at org.apache.maven.DefaultMaven.doExecute (DefaultMaven.java:305)
    at org.apache.maven.DefaultMaven.doExecute (DefaultMaven.java:192)
    at org.apache.maven.DefaultMaven.execute (DefaultMaven.java:105)
    at org.apache.maven.cli.MavenCli.execute (MavenCli.java:957)
    at org.apache.maven.cli.MavenCli.doMain (MavenCli.java:289)
    at org.apache.maven.cli.MavenCli.main (MavenCli.java:193)
    at sun.reflect.NativeMethodAccessorImpl.invoke0 (Native Method)
    at sun.reflect.NativeMethodAccessorImpl.invoke (NativeMethodAccessorImpl.java:62)
    at sun.reflect.DelegatingMethodAccessorImpl.invoke (DelegatingMethodAccessorImpl.java:43)
    at java.lang.reflect.Method.invoke (Method.java:498)
    at org.codehaus.plexus.classworlds.launcher.Launcher.launchEnhanced (Launcher.java:282)
    at org.codehaus.plexus.classworlds.launcher.Launcher.launch (Launcher.java:225)
    at org.codehaus.plexus.classworlds.launcher.Launcher.mainWithExitCode (Launcher.java:406)
    at org.codehaus.plexus.classworlds.launcher.Launcher.main (Launcher.java:347)
[INFO] 
[INFO] --- maven-checkstyle-plugin:3.2.1:check (validate) @ tika-parser-html-module ---
[INFO] 
[INFO] --- maven-remote-resources-plugin:1.7.0:process (process-resource-bundles) @ tika-parser-html-module ---
[INFO] Preparing remote bundle org.apache:apache-jar-resource-bundle:1.4
[INFO] Copying 3 resources from 1 bundle.
[INFO] 
[INFO] --- maven-resources-plugin:3.3.0:resources (default-resources) @ tika-parser-html-module ---
[INFO] Copying 3 resources
[INFO] Copying 3 resources
[INFO] 
[INFO] --- maven-compiler-plugin:3.11.0:compile (default-compile) @ tika-parser-html-module ---
[INFO] Changes detected - recompiling the module! :dependency
[INFO] Compiling 17 source files with javac [debug target 1.8] to target/classes
[INFO] /home/srafi/after-cam-ready/compare_/compile_repair_output/work/ac9b898e2dad/tika-parsers/tika-parsers-standard/tika-parsers-standard-modules/tika-parser-html-module/src/main/java/org/apache/tika/parser/html/HtmlParser.java: /home/srafi/after-cam-ready/compare_/compile_repair_output/work/ac9b898e2dad/tika-parsers/tika-parsers-standard/tika-parsers-standard-modules/tika-parser-html-module/src/main/java/org/apache/tika/parser/html/HtmlParser.java uses or overrides a deprecated API.
[INFO] /home/srafi/after-cam-ready/compare_/compile_repair_output/work/ac9b898e2dad/tika-parsers/tika-parsers-standard/tika-parsers-standard-modules/tika-parser-html-module/src/main/java/org/apache/tika/parser/html/HtmlParser.java: Recompile with -Xlint:deprecation for details.
[INFO] /home/srafi/after-cam-ready/compare_/compile_repair_output/work/ac9b898e2dad/tika-parsers/tika-parsers-standard/tika-parsers-standard-modules/tika-parser-html-module/src/main/java/org/apache/tika/parser/html/DataURISchemeUtil.java: /home/srafi/after-cam-ready/compare_/compile_repair_output/work/ac9b898e2dad/tika-parsers/tika-parsers-standard/tika-parsers-standard-modules/tika-parser-html-module/src/main/java/org/apache/tika/parser/html/DataURISchemeUtil.java uses unchecked or unsafe operations.
[INFO] /home/srafi/after-cam-ready/compare_/compile_repair_output/work/ac9b898e2dad/tika-parsers/tika-parsers-standard/tika-parsers-standard-modules/tika-parser-html-module/src/main/java/org/apache/tika/parser/html/DataURISchemeUtil.java: Recompile with -Xlint:unchecked for details.
[INFO] 
[INFO] --- maven-bundle-plugin:5.1.8:manifest (bundle-manifest) @ tika-parser-html-module ---
[INFO] No MANIFEST.MF file found, generating manifest.
[INFO] Writing manifest: /home/srafi/after-cam-ready/compare_/compile_repair_output/work/ac9b898e2dad/tika-parsers/tika-parsers-standard/tika-parsers-standard-modules/tika-parser-html-module/target/classes/META-INF/MANIFEST.MF
[INFO] 
[INFO] --- maven-resources-plugin:3.3.0:testResources (default-testResources) @ tika-parser-html-module ---
[INFO] Copying 24 resources
[INFO] Copying 3 resources
[INFO] 
[INFO] --- maven-compiler-plugin:3.11.0:testCompile (default-testCompile) @ tika-parser-html-module ---
[INFO] Changes detected - recompiling the module! :dependency
[INFO] Compiling 4 source files with javac [debug target 1.8] to target/test-classes
[INFO] 
[INFO] --- maven-surefire-plugin:3.0.0-M8-SNAPSHOT:test (default-test) @ tika-parser-html-module ---
[INFO] Tests are skipped.
[INFO] 
[INFO] --- maven-jar-plugin:3.3.0:jar (default-jar) @ tika-parser-html-module ---
[INFO] Building jar: /home/srafi/after-cam-ready/compare_/compile_repair_output/work/ac9b898e2dad/tika-parsers/tika-parsers-standard/tika-parsers-standard-modules/tika-parser-html-module/target/tika-parser-html-module-2.7.1-SNAPSHOT.jar
[INFO] 
[INFO] --- maven-site-plugin:3.12.1:attach-descriptor (attach-descriptor) @ tika-parser-html-module ---
[INFO] Skipping because packaging 'jar' is not pom.
[INFO] 
[INFO] --- maven-jar-plugin:3.3.0:test-jar (default) @ tika-parser-html-module ---
[INFO] Building jar: /home/srafi/after-cam-ready/compare_/compile_repair_output/work/ac9b898e2dad/tika-parsers/tika-parsers-standard/tika-parsers-standard-modules/tika-parser-html-module/target/tika-parser-html-module-2.7.1-SNAPSHOT-tests.jar
[INFO] 
[INFO] --- forbiddenapis:3.4:check (default) @ tika-parser-html-module ---
[INFO] Scanning for classes to check...
[INFO] Reading bundled API signatures: jdk-unsafe-1.8
[INFO] Reading bundled API signatures: jdk-deprecated-1.8
[INFO] Reading bundled API signatures: jdk-non-portable
[INFO] Reading bundled API signatures: jdk-internal-1.8
[INFO] Reading bundled API signatures: commons-io-unsafe-2.11.0
[INFO] Loading classes to check...
[INFO] Scanning classes for violations...
[INFO] Scanned 25 class file(s) for forbidden API invocations (in 0.04s), 0 error(s).
[INFO] 
[INFO] --- forbiddenapis:3.4:testCheck (default) @ tika-parser-html-module ---
[INFO] Scanning for classes to check...
[INFO] Reading bundled API signatures: jdk-unsafe-1.8
[INFO] Reading bundled API signatures: jdk-deprecated-1.8
[INFO] Reading bundled API signatures: jdk-non-portable
[INFO] Reading bundled API signatures: jdk-internal-1.8
[INFO] Reading bundled API signatures: commons-io-unsafe-2.11.0
[INFO] Loading classes to check...
[INFO] Scanning classes for violations...
[INFO] Scanned 11 class file(s) for forbidden API invocations (in 0.03s), 0 error(s).
[INFO] 
[INFO] --- maven-install-plugin:3.1.0:install (default-install) @ tika-parser-html-module ---
[INFO] Installing /home/srafi/after-cam-ready/compare_/compile_repair_output/work/ac9b898e2dad/tika-parsers/tika-parsers-standard/tika-parsers-standard-modules/tika-parser-html-module/pom.xml to /home/srafi/.m2/repository/org/apache/tika/tika-parser-html-module/2.7.1-SNAPSHOT/tika-parser-html-module-2.7.1-SNAPSHOT.pom
[INFO] Installing /home/srafi/after-cam-ready/compare_/compile_repair_output/work/ac9b898e2dad/tika-parsers/tika-parsers-standard/tika-parsers-standard-modules/tika-parser-html-module/target/tika-parser-html-module-2.7.1-SNAPSHOT.jar to /home/srafi/.m2/repository/org/apache/tika/tika-parser-html-module/2.7.1-SNAPSHOT/tika-parser-html-module-2.7.1-SNAPSHOT.jar
[INFO] Installing /home/srafi/after-cam-ready/compare_/compile_repair_output/work/ac9b898e2dad/tika-parsers/tika-parsers-standard/tika-parsers-standard-modules/tika-parser-html-module/target/tika-parser-html-module-2.7.1-SNAPSHOT-tests.jar to /home/srafi/.m2/repository/org/apache/tika/tika-parser-html-module/2.7.1-SNAPSHOT/tika-parser-html-module-2.7.1-SNAPSHOT-tests.jar
[INFO] 
[INFO] ---------------< org.apache.tika:tika-parser-xml-module >---------------
[INFO] Building Apache Tika XML parser module 2.7.1-SNAPSHOT            [10/11]
[INFO] --------------------------------[ jar ]---------------------------------
[INFO] Downloading from central: https://repo.maven.apache.org/maven2/xerces/xercesImpl/2.12.2/xercesImpl-2.12.2.pom
[INFO] Downloaded from central: https://repo.maven.apache.org/maven2/xerces/xercesImpl/2.12.2/xercesImpl-2.12.2.pom (3.3 kB at 106 kB/s)
[INFO] Downloading from central: https://repo.maven.apache.org/maven2/xerces/xercesImpl/2.12.2/xercesImpl-2.12.2.jar
[INFO] Downloaded from central: https://repo.maven.apache.org/maven2/xerces/xercesImpl/2.12.2/xercesImpl-2.12.2.jar (1.4 MB at 32 MB/s)
[INFO] 
[INFO] --- maven-clean-plugin:3.2.0:clean (default-clean) @ tika-parser-xml-module ---
[INFO] 
[INFO] --- ossindex-maven-plugin:3.2.0:audit (audit-dependencies) @ tika-parser-xml-module ---
[INFO] Checking for vulnerabilities; 13 artifacts
[INFO] Exclude coordinates: [com.ibm.icu:icu4j:62.2, com.google.guava:guava:31.1-jre, org.apache.lucene:lucene-queryparser:4.0.0, com.drewnoakes:metadata-extractor:2.18.0, io.netty:netty-handler:4.1.89.Final, com.fasterxml.jackson.core:jackson-core:2.14.2, xerces:xercesImpl:2.12.2, com.h2database:h2:2.1.214, io.grpc:grpc-core:1.53.0, commons-dbcp:commons-dbcp:1.4]
[INFO] Exclude vulnerability identifiers: []
[INFO] CVSS-score threshold: 0.0
[WARNING] Failed to fetch component-reports
org.sonatype.ossindex.service.client.transport.Transport$TransportException: Unexpected response; status: HTTP/1.1 401 Unauthorized
    at org.sonatype.ossindex.service.client.transport.HttpClientTransport.post (HttpClientTransport.java:102)
    at org.sonatype.ossindex.service.client.internal.OssindexClientImpl.doRequestComponentReports (OssindexClientImpl.java:204)
    at org.sonatype.ossindex.service.client.internal.OssindexClientImpl.requestComponentReports (OssindexClientImpl.java:170)
    at org.sonatype.ossindex.maven.common.ComponentReportAssistant.request (ComponentReportAssistant.java:86)
    at org.sonatype.ossindex.maven.plugin.AuditMojoSupport.execute (AuditMojoSupport.java:242)
    at org.apache.maven.plugin.DefaultBuildPluginManager.executeMojo (DefaultBuildPluginManager.java:137)
    at org.apache.maven.lifecycle.internal.MojoExecutor.execute (MojoExecutor.java:210)
    at org.apache.maven.lifecycle.internal.MojoExecutor.execute (MojoExecutor.java:156)
    at org.apache.maven.lifecycle.internal.MojoExecutor.execute (MojoExecutor.java:148)
    at org.apache.maven.lifecycle.internal.LifecycleModuleBuilder.buildProject (LifecycleModuleBuilder.java:117)
    at org.apache.maven.lifecycle.internal.LifecycleModuleBuilder.buildProject (LifecycleModuleBuilder.java:81)
    at org.apache.maven.lifecycle.internal.builder.singlethreaded.SingleThreadedBuilder.build (SingleThreadedBuilder.java:56)
    at org.apache.maven.lifecycle.internal.LifecycleStarter.execute (LifecycleStarter.java:128)
    at org.apache.maven.DefaultMaven.doExecute (DefaultMaven.java:305)
    at org.apache.maven.DefaultMaven.doExecute (DefaultMaven.java:192)
    at org.apache.maven.DefaultMaven.execute (DefaultMaven.java:105)
    at org.apache.maven.cli.MavenCli.execute (MavenCli.java:957)
    at org.apache.maven.cli.MavenCli.doMain (MavenCli.java:289)
    at org.apache.maven.cli.MavenCli.main (MavenCli.java:193)
    at sun.reflect.NativeMethodAccessorImpl.invoke0 (Native Method)
    at sun.reflect.NativeMethodAccessorImpl.invoke (NativeMethodAccessorImpl.java:62)
    at sun.reflect.DelegatingMethodAccessorImpl.invoke (DelegatingMethodAccessorImpl.java:43)
    at java.lang.reflect.Method.invoke (Method.java:498)
    at org.codehaus.plexus.classworlds.launcher.Launcher.launchEnhanced (Launcher.java:282)
    at org.codehaus.plexus.classworlds.launcher.Launcher.launch (Launcher.java:225)
    at org.codehaus.plexus.classworlds.launcher.Launcher.mainWithExitCode (Launcher.java:406)
    at org.codehaus.plexus.classworlds.launcher.Launcher.main (Launcher.java:347)
[INFO] 
[INFO] --- maven-checkstyle-plugin:3.2.1:check (validate) @ tika-parser-xml-module ---
[INFO] 
[INFO] --- maven-remote-resources-plugin:1.7.0:process (process-resource-bundles) @ tika-parser-xml-module ---
[INFO] Preparing remote bundle org.apache:apache-jar-resource-bundle:1.4
[INFO] Copying 3 resources from 1 bundle.
[INFO] 
[INFO] --- maven-resources-plugin:3.3.0:resources (default-resources) @ tika-parser-xml-module ---
[INFO] Copying 1 resource
[INFO] Copying 3 resources
[INFO] 
[INFO] --- maven-compiler-plugin:3.11.0:compile (default-compile) @ tika-parser-xml-module ---
[INFO] Changes detected - recompiling the module! :dependency
[INFO] Compiling 15 source files with javac [debug target 1.8] to target/classes
[INFO] /home/srafi/after-cam-ready/compare_/compile_repair_output/work/ac9b898e2dad/tika-parsers/tika-parsers-standard/tika-parsers-standard-modules/tika-parser-xml-module/src/main/java/org/apache/tika/parser/xml/XMLParser.java: Some input files use or override a deprecated API.
[INFO] /home/srafi/after-cam-ready/compare_/compile_repair_output/work/ac9b898e2dad/tika-parsers/tika-parsers-standard/tika-parsers-standard-modules/tika-parser-xml-module/src/main/java/org/apache/tika/parser/xml/XMLParser.java: Recompile with -Xlint:deprecation for details.
[INFO] /home/srafi/after-cam-ready/compare_/compile_repair_output/work/ac9b898e2dad/tika-parsers/tika-parsers-standard/tika-parsers-standard-modules/tika-parser-xml-module/src/main/java/org/apache/tika/parser/xml/XMLProfiler.java: /home/srafi/after-cam-ready/compare_/compile_repair_output/work/ac9b898e2dad/tika-parsers/tika-parsers-standard/tika-parsers-standard-modules/tika-parser-xml-module/src/main/java/org/apache/tika/parser/xml/XMLProfiler.java uses unchecked or unsafe operations.
[INFO] /home/srafi/after-cam-ready/compare_/compile_repair_output/work/ac9b898e2dad/tika-parsers/tika-parsers-standard/tika-parsers-standard-modules/tika-parser-xml-module/src/main/java/org/apache/tika/parser/xml/XMLProfiler.java: Recompile with -Xlint:unchecked for details.
[INFO] 
[INFO] --- maven-bundle-plugin:5.1.8:manifest (bundle-manifest) @ tika-parser-xml-module ---
[INFO] No MANIFEST.MF file found, generating manifest.
[INFO] Writing manifest: /home/srafi/after-cam-ready/compare_/compile_repair_output/work/ac9b898e2dad/tika-parsers/tika-parsers-standard/tika-parsers-standard-modules/tika-parser-xml-module/target/classes/META-INF/MANIFEST.MF
[INFO] 
[INFO] --- maven-resources-plugin:3.3.0:testResources (default-testResources) @ tika-parser-xml-module ---
[INFO] Copying 8 resources
[INFO] Copying 3 resources
[INFO] 
[INFO] --- maven-compiler-plugin:3.11.0:testCompile (default-testCompile) @ tika-parser-xml-module ---
[INFO] Changes detected - recompiling the module! :dependency
[INFO] Compiling 7 source files with javac [debug target 1.8] to target/test-classes
[INFO] /home/srafi/after-cam-ready/compare_/compile_repair_output/work/ac9b898e2dad/tika-parsers/tika-parsers-standard/tika-parsers-standard-modules/tika-parser-xml-module/src/test/java/org/apache/tika/parser/xml/DcXMLParserTest.java: /home/srafi/after-cam-ready/compare_/compile_repair_output/work/ac9b898e2dad/tika-parsers/tika-parsers-standard/tika-parsers-standard-modules/tika-parser-xml-module/src/test/java/org/apache/tika/parser/xml/DcXMLParserTest.java uses or overrides a deprecated API.
[INFO] /home/srafi/after-cam-ready/compare_/compile_repair_output/work/ac9b898e2dad/tika-parsers/tika-parsers-standard/tika-parsers-standard-modules/tika-parser-xml-module/src/test/java/org/apache/tika/parser/xml/DcXMLParserTest.java: Recompile with -Xlint:deprecation for details.
[INFO] 
[INFO] --- maven-surefire-plugin:3.0.0-M8-SNAPSHOT:test (default-test) @ tika-parser-xml-module ---
[INFO] Tests are skipped.
[INFO] 
[INFO] --- maven-jar-plugin:3.3.0:jar (default-jar) @ tika-parser-xml-module ---
[INFO] Building jar: /home/srafi/after-cam-ready/compare_/compile_repair_output/work/ac9b898e2dad/tika-parsers/tika-parsers-standard/tika-parsers-standard-modules/tika-parser-xml-module/target/tika-parser-xml-module-2.7.1-SNAPSHOT.jar
[INFO] 
[INFO] --- maven-site-plugin:3.12.1:attach-descriptor (attach-descriptor) @ tika-parser-xml-module ---
[INFO] Skipping because packaging 'jar' is not pom.
[INFO] 
[INFO] --- maven-jar-plugin:3.3.0:test-jar (default) @ tika-parser-xml-module ---
[INFO] Building jar: /home/srafi/after-cam-ready/compare_/compile_repair_output/work/ac9b898e2dad/tika-parsers/tika-parsers-standard/tika-parsers-standard-modules/tika-parser-xml-module/target/tika-parser-xml-module-2.7.1-SNAPSHOT-tests.jar
[INFO] 
[INFO] --- forbiddenapis:3.4:check (default) @ tika-parser-xml-module ---
[INFO] Scanning for classes to check...
[INFO] Reading bundled API signatures: jdk-unsafe-1.8
[INFO] Reading bundled API signatures: jdk-deprecated-1.8
[INFO] Reading bundled API signatures: jdk-non-portable
[INFO] Reading bundled API signatures: jdk-internal-1.8
[INFO] Reading bundled API signatures: commons-io-unsafe-2.11.0
[INFO] Loading classes to check...
[INFO] Scanning classes for violations...
[INFO] Scanned 18 class file(s) for forbidden API invocations (in 0.03s), 0 error(s).
[INFO] 
[INFO] --- forbiddenapis:3.4:testCheck (default) @ tika-parser-xml-module ---
[INFO] Scanning for classes to check...
[INFO] Reading bundled API signatures: jdk-unsafe-1.8
[INFO] Reading bundled API signatures: jdk-deprecated-1.8
[INFO] Reading bundled API signatures: jdk-non-portable
[INFO] Reading bundled API signatures: jdk-internal-1.8
[INFO] Reading bundled API signatures: commons-io-unsafe-2.11.0
[INFO] Loading classes to check...
[INFO] Scanning classes for violations...
[INFO] Scanned 10 class file(s) for forbidden API invocations (in 0.02s), 0 error(s).
[INFO] 
[INFO] --- maven-install-plugin:3.1.0:install (default-install) @ tika-parser-xml-module ---
[INFO] Installing /home/srafi/after-cam-ready/compare_/compile_repair_output/work/ac9b898e2dad/tika-parsers/tika-parsers-standard/tika-parsers-standard-modules/tika-parser-xml-module/pom.xml to /home/srafi/.m2/repository/org/apache/tika/tika-parser-xml-module/2.7.1-SNAPSHOT/tika-parser-xml-module-2.7.1-SNAPSHOT.pom
[INFO] Installing /home/srafi/after-cam-ready/compare_/compile_repair_output/work/ac9b898e2dad/tika-parsers/tika-parsers-standard/tika-parsers-standard-modules/tika-parser-xml-module/target/tika-parser-xml-module-2.7.1-SNAPSHOT.jar to /home/srafi/.m2/repository/org/apache/tika/tika-parser-xml-module/2.7.1-SNAPSHOT/tika-parser-xml-module-2.7.1-SNAPSHOT.jar
[INFO] Installing /home/srafi/after-cam-ready/compare_/compile_repair_output/work/ac9b898e2dad/tika-parsers/tika-parsers-standard/tika-parsers-standard-modules/tika-parser-xml-module/target/tika-parser-xml-module-2.7.1-SNAPSHOT-tests.jar to /home/srafi/.m2/repository/org/apache/tika/tika-parser-xml-module/2.7.1-SNAPSHOT/tika-parser-xml-module-2.7.1-SNAPSHOT-tests.jar
[INFO] 
[INFO] ------------< org.apache.tika:tika-parser-microsoft-module >------------
[INFO] Building Apache Tika Microsoft parser module 2.7.1-SNAPSHOT      [11/11]
[INFO] --------------------------------[ jar ]---------------------------------
[INFO] Downloading from central: https://repo.maven.apache.org/maven2/org/apache/poi/poi/5.2.3/poi-5.2.3.pom
[INFO] Downloaded from central: https://repo.maven.apache.org/maven2/org/apache/poi/poi/5.2.3/poi-5.2.3.pom (3.5 kB at 100 kB/s)
[INFO] Downloading from central: https://repo.maven.apache.org/maven2/org/apache/poi/poi-scratchpad/5.2.3/poi-scratchpad-5.2.3.pom
[INFO] Downloaded from central: https://repo.maven.apache.org/maven2/org/apache/poi/poi-scratchpad/5.2.3/poi-scratchpad-5.2.3.pom (3.2 kB at 96 kB/s)
[INFO] Downloading from central: https://repo.maven.apache.org/maven2/org/apache/poi/poi-ooxml/5.2.3/poi-ooxml-5.2.3.pom
[INFO] Downloaded from central: https://repo.maven.apache.org/maven2/org/apache/poi/poi-ooxml/5.2.3/poi-ooxml-5.2.3.pom (6.3 kB at 180 kB/s)
[INFO] Downloading from central: https://repo.maven.apache.org/maven2/org/apache/poi/poi-ooxml-lite/5.2.3/poi-ooxml-lite-5.2.3.pom
[INFO] Downloaded from central: https://repo.maven.apache.org/maven2/org/apache/poi/poi-ooxml-lite/5.2.3/poi-ooxml-lite-5.2.3.pom (2.6 kB at 77 kB/s)
[INFO] Downloading from central: https://repo.maven.apache.org/maven2/org/apache/xmlbeans/xmlbeans/5.1.1/xmlbeans-5.1.1.pom
[INFO] Downloaded from central: https://repo.maven.apache.org/maven2/org/apache/xmlbeans/xmlbeans/5.1.1/xmlbeans-5.1.1.pom (4.6 kB at 136 kB/s)
[INFO] Downloading from central: https://repo.maven.apache.org/maven2/com/github/virtuald/curvesapi/1.07/curvesapi-1.07.pom
[INFO] Downloaded from central: https://repo.maven.apache.org/maven2/com/github/virtuald/curvesapi/1.07/curvesapi-1.07.pom (4.4 kB at 129 kB/s)
[INFO] Downloading from central: https://repo.maven.apache.org/maven2/com/healthmarketscience/jackcess/jackcess/4.0.5/jackcess-4.0.5.pom
[INFO] Downloaded from central: https://repo.maven.apache.org/maven2/com/healthmarketscience/jackcess/jackcess/4.0.5/jackcess-4.0.5.pom (11 kB at 374 kB/s)
[INFO] Downloading from central: https://repo.maven.apache.org/maven2/com/healthmarketscience/openhms-parent/2.0.7/openhms-parent-2.0.7.pom
[INFO] Downloaded from central: https://repo.maven.apache.org/maven2/com/healthmarketscience/openhms-parent/2.0.7/openhms-parent-2.0.7.pom (14 kB at 439 kB/s)
[INFO] Downloading from central: https://repo.maven.apache.org/maven2/com/healthmarketscience/jackcess/jackcess-encrypt/4.0.2/jackcess-encrypt-4.0.2.pom
[INFO] Downloaded from central: https://repo.maven.apache.org/maven2/com/healthmarketscience/jackcess/jackcess-encrypt/4.0.2/jackcess-encrypt-4.0.2.pom (8.8 kB at 245 kB/s)
[INFO] Downloading from central: https://repo.maven.apache.org/maven2/org/bouncycastle/bcprov-jdk18on/1.72/bcprov-jdk18on-1.72.pom
[INFO] Downloaded from central: https://repo.maven.apache.org/maven2/org/bouncycastle/bcprov-jdk18on/1.72/bcprov-jdk18on-1.72.pom (1.1 kB at 37 kB/s)
[INFO] Downloading from central: https://repo.maven.apache.org/maven2/org/bouncycastle/bcmail-jdk18on/1.72/bcmail-jdk18on-1.72.pom
[INFO] Downloaded from central: https://repo.maven.apache.org/maven2/org/bouncycastle/bcmail-jdk18on/1.72/bcmail-jdk18on-1.72.pom (1.8 kB at 55 kB/s)
[INFO] Downloading from central: https://repo.maven.apache.org/maven2/org/bouncycastle/bcutil-jdk18on/1.72/bcutil-jdk18on-1.72.pom
[INFO] Downloaded from central: https://repo.maven.apache.org/maven2/org/bouncycastle/bcutil-jdk18on/1.72/bcutil-jdk18on-1.72.pom (1.3 kB at 30 kB/s)
[INFO] Downloading from central: https://repo.maven.apache.org/maven2/org/bouncycastle/bcpkix-jdk18on/1.72/bcpkix-jdk18on-1.72.pom
[INFO] Downloaded from central: https://repo.maven.apache.org/maven2/org/bouncycastle/bcpkix-jdk18on/1.72/bcpkix-jdk18on-1.72.pom (1.6 kB at 47 kB/s)
[INFO] Downloading from central: https://repo.maven.apache.org/maven2/org/apache/poi/poi/5.2.3/poi-5.2.3.jar
[INFO] Downloading from central: https://repo.maven.apache.org/maven2/org/apache/poi/poi-scratchpad/5.2.3/poi-scratchpad-5.2.3.jar
[INFO] Downloading from central: https://repo.maven.apache.org/maven2/org/apache/poi/poi-ooxml/5.2.3/poi-ooxml-5.2.3.jar
[INFO] Downloading from central: https://repo.maven.apache.org/maven2/org/apache/poi/poi-ooxml-lite/5.2.3/poi-ooxml-lite-5.2.3.jar
[INFO] Downloading from central: https://repo.maven.apache.org/maven2/org/apache/xmlbeans/xmlbeans/5.1.1/xmlbeans-5.1.1.jar
[INFO] Downloaded from central: https://repo.maven.apache.org/maven2/org/apache/poi/poi-scratchpad/5.2.3/poi-scratchpad-5.2.3.jar (1.9 MB at 22 MB/s)
[INFO] Downloading from central: https://repo.maven.apache.org/maven2/com/github/virtuald/curvesapi/1.07/curvesapi-1.07.jar
[INFO] Downloaded from central: https://repo.maven.apache.org/maven2/org/apache/poi/poi-ooxml/5.2.3/poi-ooxml-5.2.3.jar (2.0 MB at 22 MB/s)
[INFO] Downloading from central: https://repo.maven.apache.org/maven2/com/healthmarketscience/jackcess/jackcess/4.0.5/jackcess-4.0.5.jar
[INFO] Downloaded from central: https://repo.maven.apache.org/maven2/org/apache/poi/poi/5.2.3/poi-5.2.3.jar (3.0 MB at 32 MB/s)
[INFO] Downloading from central: https://repo.maven.apache.org/maven2/com/healthmarketscience/jackcess/jackcess-encrypt/4.0.2/jackcess-encrypt-4.0.2.jar
[INFO] Downloaded from central: https://repo.maven.apache.org/maven2/com/github/virtuald/curvesapi/1.07/curvesapi-1.07.jar (112 kB at 965 kB/s)
[INFO] Downloading from central: https://repo.maven.apache.org/maven2/org/bouncycastle/bcmail-jdk18on/1.72/bcmail-jdk18on-1.72.jar
[INFO] Downloaded from central: https://repo.maven.apache.org/maven2/com/healthmarketscience/jackcess/jackcess-encrypt/4.0.2/jackcess-encrypt-4.0.2.jar (84 kB at 621 kB/s)
[INFO] Downloading from central: https://repo.maven.apache.org/maven2/org/bouncycastle/bcutil-jdk18on/1.72/bcutil-jdk18on-1.72.jar
[INFO] Downloaded from central: https://repo.maven.apache.org/maven2/com/healthmarketscience/jackcess/jackcess/4.0.5/jackcess-4.0.5.jar (1.3 MB at 9.0 MB/s)
[INFO] Downloading from central: https://repo.maven.apache.org/maven2/org/bouncycastle/bcpkix-jdk18on/1.72/bcpkix-jdk18on-1.72.jar
[INFO] Downloaded from central: https://repo.maven.apache.org/maven2/org/bouncycastle/bcmail-jdk18on/1.72/bcmail-jdk18on-1.72.jar (111 kB at 759 kB/s)
[INFO] Downloading from central: https://repo.maven.apache.org/maven2/org/bouncycastle/bcprov-jdk18on/1.72/bcprov-jdk18on-1.72.jar
[INFO] Downloaded from central: https://repo.maven.apache.org/maven2/org/bouncycastle/bcutil-jdk18on/1.72/bcutil-jdk18on-1.72.jar (672 kB at 3.9 MB/s)
[INFO] Downloaded from central: https://repo.maven.apache.org/maven2/org/bouncycastle/bcpkix-jdk18on/1.72/bcpkix-jdk18on-1.72.jar (1.0 MB at 5.2 MB/s)
[INFO] Downloaded from central: https://repo.maven.apache.org/maven2/org/apache/xmlbeans/xmlbeans/5.1.1/xmlbeans-5.1.1.jar (2.2 MB at 7.6 MB/s)
[INFO] Downloaded from central: https://repo.maven.apache.org/maven2/org/bouncycastle/bcprov-jdk18on/1.72/bcprov-jdk18on-1.72.jar (11 MB at 34 MB/s)
[INFO] Downloaded from central: https://repo.maven.apache.org/maven2/org/apache/poi/poi-ooxml-lite/5.2.3/poi-ooxml-lite-5.2.3.jar (5.9 MB at 16 MB/s)
[INFO] 
[INFO] --- maven-clean-plugin:3.2.0:clean (default-clean) @ tika-parser-microsoft-module ---
[INFO] 
[INFO] --- ossindex-maven-plugin:3.2.0:audit (audit-dependencies) @ tika-parser-microsoft-module ---
[INFO] Checking for vulnerabilities; 45 artifacts
[INFO] Exclude coordinates: [com.ibm.icu:icu4j:62.2, com.google.guava:guava:31.1-jre, org.apache.lucene:lucene-queryparser:4.0.0, com.drewnoakes:metadata-extractor:2.18.0, io.netty:netty-handler:4.1.89.Final, com.fasterxml.jackson.core:jackson-core:2.14.2, xerces:xercesImpl:2.12.2, com.h2database:h2:2.1.214, io.grpc:grpc-core:1.53.0, commons-dbcp:commons-dbcp:1.4]
[INFO] Exclude vulnerability identifiers: []
[INFO] CVSS-score threshold: 0.0
[WARNING] Failed to fetch component-reports
org.sonatype.ossindex.service.client.transport.Transport$TransportException: Unexpected response; status: HTTP/1.1 401 Unauthorized
    at org.sonatype.ossindex.service.client.transport.HttpClientTransport.post (HttpClientTransport.java:102)
    at org.sonatype.ossindex.service.client.internal.OssindexClientImpl.doRequestComponentReports (OssindexClientImpl.java:204)
    at org.sonatype.ossindex.service.client.internal.OssindexClientImpl.requestComponentReports (OssindexClientImpl.java:170)
    at org.sonatype.ossindex.maven.common.ComponentReportAssistant.request (ComponentReportAssistant.java:86)
    at org.sonatype.ossindex.maven.plugin.AuditMojoSupport.execute (AuditMojoSupport.java:242)
    at org.apache.maven.plugin.DefaultBuildPluginManager.executeMojo (DefaultBuildPluginManager.java:137)
    at org.apache.maven.lifecycle.internal.MojoExecutor.execute (MojoExecutor.java:210)
    at org.apache.maven.lifecycle.internal.MojoExecutor.execute (MojoExecutor.java:156)
    at org.apache.maven.lifecycle.internal.MojoExecutor.execute (MojoExecutor.java:148)
    at org.apache.maven.lifecycle.internal.LifecycleModuleBuilder.buildProject (LifecycleModuleBuilder.java:117)
    at org.apache.maven.lifecycle.internal.LifecycleModuleBuilder.buildProject (LifecycleModuleBuilder.java:81)
    at org.apache.maven.lifecycle.internal.builder.singlethreaded.SingleThreadedBuilder.build (SingleThreadedBuilder.java:56)
    at org.apache.maven.lifecycle.internal.LifecycleStarter.execute (LifecycleStarter.java:128)
    at org.apache.maven.DefaultMaven.doExecute (DefaultMaven.java:305)
    at org.apache.maven.DefaultMaven.doExecute (DefaultMaven.java:192)
    at org.apache.maven.DefaultMaven.execute (DefaultMaven.java:105)
    at org.apache.maven.cli.MavenCli.execute (MavenCli.java:957)
    at org.apache.maven.cli.MavenCli.doMain (MavenCli.java:289)
    at org.apache.maven.cli.MavenCli.main (MavenCli.java:193)
    at sun.reflect.NativeMethodAccessorImpl.invoke0 (Native Method)
    at sun.reflect.NativeMethodAccessorImpl.invoke (NativeMethodAccessorImpl.java:62)
    at sun.reflect.DelegatingMethodAccessorImpl.invoke (DelegatingMethodAccessorImpl.java:43)
    at java.lang.reflect.Method.invoke (Method.java:498)
    at org.codehaus.plexus.classworlds.launcher.Launcher.launchEnhanced (Launcher.java:282)
    at org.codehaus.plexus.classworlds.launcher.Launcher.launch (Launcher.java:225)
    at org.codehaus.plexus.classworlds.launcher.Launcher.mainWithExitCode (Launcher.java:406)
    at org.codehaus.plexus.classworlds.launcher.Launcher.main (Launcher.java:347)
[INFO] 
[INFO] --- maven-checkstyle-plugin:3.2.1:check (validate) @ tika-parser-microsoft-module ---
[INFO] 
[INFO] --- maven-remote-resources-plugin:1.7.0:process (process-resource-bundles) @ tika-parser-microsoft-module ---
[INFO] Preparing remote bundle org.apache:apache-jar-resource-bundle:1.4
[INFO] Copying 3 resources from 1 bundle.
[INFO] 
[INFO] --- maven-resources-plugin:3.3.0:resources (default-resources) @ tika-parser-microsoft-module ---
[INFO] Copying 4 resources
[INFO] Copying 3 resources
[INFO] 
[INFO] --- maven-compiler-plugin:3.11.0:compile (default-compile) @ tika-parser-microsoft-module ---
[INFO] Changes detected - recompiling the module! :dependency
[INFO] Compiling 256 source files with javac [debug target 1.8] to target/classes
[INFO] /home/srafi/after-cam-ready/compare_/compile_repair_output/work/ac9b898e2dad/tika-parsers/tika-parsers-standard/tika-parsers-standard-modules/tika-parser-microsoft-module/src/main/java/org/apache/tika/parser/microsoft/xml/AbstractXML2003Parser.java: Some input files use or override a deprecated API.
[INFO] /home/srafi/after-cam-ready/compare_/compile_repair_output/work/ac9b898e2dad/tika-parsers/tika-parsers-standard/tika-parsers-standard-modules/tika-parser-microsoft-module/src/main/java/org/apache/tika/parser/microsoft/xml/AbstractXML2003Parser.java: Recompile with -Xlint:deprecation for details.
[INFO] /home/srafi/after-cam-ready/compare_/compile_repair_output/work/ac9b898e2dad/tika-parsers/tika-parsers-standard/tika-parsers-standard-modules/tika-parser-microsoft-module/src/main/java/org/apache/tika/parser/microsoft/onenote/fsshttpb/streamobj/StreamObject.java: Some input files use unchecked or unsafe operations.
[INFO] /home/srafi/after-cam-ready/compare_/compile_repair_output/work/ac9b898e2dad/tika-parsers/tika-parsers-standard/tika-parsers-standard-modules/tika-parser-microsoft-module/src/main/java/org/apache/tika/parser/microsoft/onenote/fsshttpb/streamobj/StreamObject.java: Recompile with -Xlint:unchecked for details.
[INFO] 
[INFO] --- maven-bundle-plugin:5.1.8:manifest (bundle-manifest) @ tika-parser-microsoft-module ---
[INFO] No MANIFEST.MF file found, generating manifest.
[INFO] Writing manifest: /home/srafi/after-cam-ready/compare_/compile_repair_output/work/ac9b898e2dad/tika-parsers/tika-parsers-standard/tika-parsers-standard-modules/tika-parser-microsoft-module/target/classes/META-INF/MANIFEST.MF
[INFO] 
[INFO] --- maven-resources-plugin:3.3.0:testResources (default-testResources) @ tika-parser-microsoft-module ---
[INFO] Copying 333 resources
[INFO] Copying 3 resources
[INFO] 
[INFO] --- maven-compiler-plugin:3.11.0:testCompile (default-testCompile) @ tika-parser-microsoft-module ---
[INFO] Changes detected - recompiling the module! :dependency
[INFO] Compiling 41 source files with javac [debug target 1.8] to target/test-classes
[INFO] /home/srafi/after-cam-ready/compare_/compile_repair_output/work/ac9b898e2dad/tika-parsers/tika-parsers-standard/tika-parsers-standard-modules/tika-parser-microsoft-module/src/test/java/org/apache/tika/parser/microsoft/chm/TestChmBlockInfo.java: Some input files use or override a deprecated API.
[INFO] /home/srafi/after-cam-ready/compare_/compile_repair_output/work/ac9b898e2dad/tika-parsers/tika-parsers-standard/tika-parsers-standard-modules/tika-parser-microsoft-module/src/test/java/org/apache/tika/parser/microsoft/chm/TestChmBlockInfo.java: Recompile with -Xlint:deprecation for details.
[INFO] 
[INFO] --- maven-surefire-plugin:3.0.0-M8-SNAPSHOT:test (default-test) @ tika-parser-microsoft-module ---
[INFO] Tests are skipped.
[INFO] 
[INFO] --- maven-jar-plugin:3.3.0:jar (default-jar) @ tika-parser-microsoft-module ---
[INFO] Building jar: /home/srafi/after-cam-ready/compare_/compile_repair_output/work/ac9b898e2dad/tika-parsers/tika-parsers-standard/tika-parsers-standard-modules/tika-parser-microsoft-module/target/tika-parser-microsoft-module-2.7.1-SNAPSHOT.jar
[INFO] 
[INFO] --- maven-site-plugin:3.12.1:attach-descriptor (attach-descriptor) @ tika-parser-microsoft-module ---
[INFO] Skipping because packaging 'jar' is not pom.
[INFO] 
[INFO] --- maven-jar-plugin:3.3.0:test-jar (default) @ tika-parser-microsoft-module ---
[INFO] Building jar: /home/srafi/after-cam-ready/compare_/compile_repair_output/work/ac9b898e2dad/tika-parsers/tika-parsers-standard/tika-parsers-standard-modules/tika-parser-microsoft-module/target/tika-parser-microsoft-module-2.7.1-SNAPSHOT-tests.jar
[INFO] 
[INFO] --- forbiddenapis:3.4:check (default) @ tika-parser-microsoft-module ---
[INFO] Scanning for classes to check...
[INFO] Reading bundled API signatures: jdk-unsafe-1.8
[INFO] Reading bundled API signatures: jdk-deprecated-1.8
[INFO] Reading bundled API signatures: jdk-non-portable
[INFO] Reading bundled API signatures: jdk-internal-1.8
[INFO] Reading bundled API signatures: commons-io-unsafe-2.11.0
[INFO] Loading classes to check...
[INFO] Scanning classes for violations...
[INFO] Scanned 322 class file(s) for forbidden API invocations (in 0.36s), 0 error(s).
[INFO] 
[INFO] --- forbiddenapis:3.4:testCheck (default) @ tika-parser-microsoft-module ---
[INFO] Scanning for classes to check...
[INFO] Reading bundled API signatures: jdk-unsafe-1.8
[INFO] Reading bundled API signatures: jdk-deprecated-1.8
[INFO] Reading bundled API signatures: jdk-non-portable
[INFO] Reading bundled API signatures: jdk-internal-1.8
[INFO] Reading bundled API signatures: commons-io-unsafe-2.11.0
[INFO] Loading classes to check...
[INFO] Scanning classes for violations...
[INFO] Scanned 47 class file(s) for forbidden API invocations (in 0.12s), 0 error(s).
[INFO] 
[INFO] --- maven-install-plugin:3.1.0:install (default-install) @ tika-parser-microsoft-module ---
[INFO] Installing /home/srafi/after-cam-ready/compare_/compile_repair_output/work/ac9b898e2dad/tika-parsers/tika-parsers-standard/tika-parsers-standard-modules/tika-parser-microsoft-module/pom.xml to /home/srafi/.m2/repository/org/apache/tika/tika-parser-microsoft-module/2.7.1-SNAPSHOT/tika-parser-microsoft-module-2.7.1-SNAPSHOT.pom
[INFO] Installing /home/srafi/after-cam-ready/compare_/compile_repair_output/work/ac9b898e2dad/tika-parsers/tika-parsers-standard/tika-parsers-standard-modules/tika-parser-microsoft-module/target/tika-parser-microsoft-module-2.7.1-SNAPSHOT.jar to /home/srafi/.m2/repository/org/apache/tika/tika-parser-microsoft-module/2.7.1-SNAPSHOT/tika-parser-microsoft-module-2.7.1-SNAPSHOT.jar
[INFO] Installing /home/srafi/after-cam-ready/compare_/compile_repair_output/work/ac9b898e2dad/tika-parsers/tika-parsers-standard/tika-parsers-standard-modules/tika-parser-microsoft-module/target/tika-parser-microsoft-module-2.7.1-SNAPSHOT-tests.jar to /home/srafi/.m2/repository/org/apache/tika/tika-parser-microsoft-module/2.7.1-SNAPSHOT/tika-parser-microsoft-module-2.7.1-SNAPSHOT-tests.jar
[INFO] ------------------------------------------------------------------------
[INFO] Reactor Summary for Apache Tika parent 2.7.1-SNAPSHOT:
[INFO] 
[INFO] Apache Tika parent ................................. SUCCESS [  1.452 s]
[INFO] Apache Tika core ................................... SUCCESS [ 10.240 s]
[INFO] Apache Tika parser modules ......................... SUCCESS [  0.023 s]
[INFO] Apache Tika standard parser modules and package .... SUCCESS [  0.116 s]
[INFO] Apache Tika standard parser modules ................ SUCCESS [  0.018 s]
[INFO] Apache Tika mail commons ........................... SUCCESS [  0.780 s]
[INFO] Apache Tika ZIP commons ............................ SUCCESS [  0.303 s]
[INFO] Apache Tika text parser module ..................... SUCCESS [  0.467 s]
[INFO] Apache Tika html parser module ..................... SUCCESS [  0.343 s]
[INFO] Apache Tika XML parser module ...................... SUCCESS [  0.315 s]
[INFO] Apache Tika Microsoft parser module ................ SUCCESS [  3.205 s]
[INFO] ------------------------------------------------------------------------
[INFO] BUILD SUCCESS
[INFO] ------------------------------------------------------------------------
[INFO] Total time:  18.560 s
[INFO] Finished at: 2026-08-15T16:06:47-04:00
[INFO] ------------------------------------------------------------------------
