JAVA_HOME=/usr/lib/jvm/java-8-openjdk-amd64
COMMAND=mvn -B clean install -DskipTests -U -pl indexing-service -am -Ddependency-check.skip=true -Dgpg.skip=true -DfailIfNoTests=false -Dskip.installnodenpm=true -Dskip.npm=true -Dskip.yarn=true -Dlicense.skip=true -Dcheckstyle.skip=true -Drat.skip=true -Denforcer.skip=true -Danimal.sniffer.skip=true -Dmaven.javadoc.skip=true -Dfindbugs.skip=true -Dspotbugs.skip=true -Dwarbucks.skip=true -Dmodernizer.skip=true -Dimpsort.skip=true -Dmdep.analyze.skip=true -Dpgpverify.skip=true -Dxml.skip=true -Dcobertura.skip=true

[INFO] Scanning for projects...
Warning: KebabPizza disabling incompatible org.jacoco:jacoco-maven-plugin from druid
Warning: KebabPizza disabling incompatible org.apache.maven.plugins:maven-enforcer-plugin from druid
Warning: KebabPizza disabling incompatible org.jacoco:jacoco-maven-plugin from druid-processing
Warning: KebabPizza disabling incompatible org.apache.maven.plugins:maven-enforcer-plugin from druid-processing
Warning: KebabPizza disabling incompatible org.jacoco:jacoco-maven-plugin from druid-aws-common
Warning: KebabPizza disabling incompatible org.apache.maven.plugins:maven-enforcer-plugin from druid-aws-common
Warning: KebabPizza disabling incompatible org.jacoco:jacoco-maven-plugin from druid-gcp-common
Warning: KebabPizza disabling incompatible org.apache.maven.plugins:maven-enforcer-plugin from druid-gcp-common
Warning: KebabPizza disabling incompatible org.jacoco:jacoco-maven-plugin from druid-server
Warning: KebabPizza disabling incompatible org.apache.maven.plugins:maven-enforcer-plugin from druid-server
Warning: KebabPizza disabling incompatible org.jacoco:jacoco-maven-plugin from druid-indexing-hadoop
Warning: KebabPizza disabling incompatible org.apache.maven.plugins:maven-enforcer-plugin from druid-indexing-hadoop
Warning: KebabPizza disabling incompatible org.jacoco:jacoco-maven-plugin from druid-indexing-service
Warning: KebabPizza disabling incompatible org.apache.maven.plugins:maven-enforcer-plugin from druid-indexing-service
[INFO] ------------------------------------------------------------------------
[INFO] Reactor Build Order:
[INFO] 
[INFO] Druid                                                              [pom]
[INFO] druid-processing                                                   [jar]
[INFO] druid-aws-common                                                   [jar]
[INFO] druid-gcp-common                                                   [jar]
[INFO] druid-server                                                       [jar]
[INFO] druid-indexing-hadoop                                              [jar]
[INFO] druid-indexing-service                                             [jar]
[INFO] 
[INFO] -----------------------< org.apache.druid:druid >-----------------------
[INFO] Building Druid 28.0.0-SNAPSHOT                                     [1/7]
[INFO] --------------------------------[ pom ]---------------------------------
[INFO] 
[INFO] --- maven-clean-plugin:2.5:clean (default-clean) @ druid ---
[INFO] 
[INFO] --- maven-checkstyle-plugin:3.0.0:check (validate) @ druid ---
[INFO] 
[INFO] >>> maven-pmd-plugin:3.16.0:check (validate) > :pmd @ druid >>>
[INFO] 
[INFO] --- maven-pmd-plugin:3.16.0:pmd (pmd) @ druid ---
[INFO] 
[INFO] <<< maven-pmd-plugin:3.16.0:check (validate) < :pmd @ druid <<<
[INFO] 
[INFO] 
[INFO] --- maven-pmd-plugin:3.16.0:check (validate) @ druid ---
[INFO] 
[INFO] --- git-commit-id-plugin:4.9.10:revision (default) @ druid ---
[INFO] 
[INFO] --- maven-remote-resources-plugin:1.7.0:process (process-resource-bundles) @ druid ---
[INFO] Preparing remote bundle org.apache.apache.resources:apache-jar-resource-bundle:1.5
[INFO] Copying 3 resources from 1 bundle.
[INFO] 
[INFO] --- forbiddenapis:3.2:check (compile) @ druid ---
[INFO] Skipping execution for packaging "pom"
[INFO] 
[INFO] --- forbiddenapis:3.2:testCheck (testCompile) @ druid ---
[INFO] Skipping execution for packaging "pom"
[INFO] 
[INFO] --- animal-sniffer-maven-plugin:1.17:check (check-java-api) @ druid ---
[INFO] Signature checking is skipped.
[INFO] 
[INFO] --- maven-site-plugin:3.11.0:attach-descriptor (attach-descriptor) @ druid ---
[INFO] No site descriptor found: nothing to attach.
[INFO] 
[INFO] --- cyclonedx-maven-plugin:2.7.9:makeBom (default) @ druid ---
[INFO] CycloneDX: Resolving Dependencies
[INFO] CycloneDX: Creating BOM version 1.4 with 0 component(s)
[INFO] CycloneDX: Writing and validating BOM (XML): /home/srafi/after-cam-ready/compare_/compile_repair_output/work/f0ab39436108/target/bom.xml
[INFO]            attaching as druid-28.0.0-SNAPSHOT-cyclonedx.xml
[INFO] CycloneDX: Writing and validating BOM (JSON): /home/srafi/after-cam-ready/compare_/compile_repair_output/work/f0ab39436108/target/bom.json
[WARNING] Unknown keyword additionalItems - you should define your own Meta Schema. If the keyword is irrelevant for validation, just use a NonValidationKeyword
[INFO]            attaching as druid-28.0.0-SNAPSHOT-cyclonedx.json
[INFO] 
[INFO] --- maven-install-plugin:2.3.1:install (default) @ druid ---
[INFO] Installing /home/srafi/after-cam-ready/compare_/compile_repair_output/work/f0ab39436108/pom.xml to /home/srafi/.m2/repository/org/apache/druid/druid/28.0.0-SNAPSHOT/druid-28.0.0-SNAPSHOT.pom
[INFO] Installing /home/srafi/after-cam-ready/compare_/compile_repair_output/work/f0ab39436108/target/bom.xml to /home/srafi/.m2/repository/org/apache/druid/druid/28.0.0-SNAPSHOT/druid-28.0.0-SNAPSHOT-cyclonedx.xml
[INFO] Installing /home/srafi/after-cam-ready/compare_/compile_repair_output/work/f0ab39436108/target/bom.json to /home/srafi/.m2/repository/org/apache/druid/druid/28.0.0-SNAPSHOT/druid-28.0.0-SNAPSHOT-cyclonedx.json
[INFO] 
[INFO] --- maven-install-plugin:2.3.1:install (default-install) @ druid ---
[INFO] Installing /home/srafi/after-cam-ready/compare_/compile_repair_output/work/f0ab39436108/pom.xml to /home/srafi/.m2/repository/org/apache/druid/druid/28.0.0-SNAPSHOT/druid-28.0.0-SNAPSHOT.pom
[INFO] Installing /home/srafi/after-cam-ready/compare_/compile_repair_output/work/f0ab39436108/target/bom.xml to /home/srafi/.m2/repository/org/apache/druid/druid/28.0.0-SNAPSHOT/druid-28.0.0-SNAPSHOT-cyclonedx.xml
[INFO] Installing /home/srafi/after-cam-ready/compare_/compile_repair_output/work/f0ab39436108/target/bom.json to /home/srafi/.m2/repository/org/apache/druid/druid/28.0.0-SNAPSHOT/druid-28.0.0-SNAPSHOT-cyclonedx.json
[INFO] 
[INFO] -----------------< org.apache.druid:druid-processing >------------------
[INFO] Building druid-processing 28.0.0-SNAPSHOT                          [2/7]
[INFO] --------------------------------[ jar ]---------------------------------
[INFO] Downloading from apache.snapshots: https://repository.apache.org/snapshots/org/apache/maven/plugins/maven-surefire-plugin/3.0.0-M8-SNAPSHOT/maven-metadata.xml
[INFO] Downloading from apache.snapshots: https://repository.apache.org/snapshots/org/apache/maven/surefire/surefire/3.0.0-M8-SNAPSHOT/maven-metadata.xml
[INFO] Downloading from maven.org: https://repo1.maven.org/maven2/junit/junit-dep/maven-metadata.xml
[INFO] Downloading from central: https://repo.maven.apache.org/maven2/junit/junit-dep/maven-metadata.xml
[INFO] Downloading from apache.snapshots: https://repository.apache.org/snapshots/junit/junit-dep/maven-metadata.xml
[INFO] Downloading from sigar: https://repository.mulesoft.org/nexus/content/repositories/public/junit/junit-dep/maven-metadata.xml
[INFO] Downloaded from maven.org: https://repo1.maven.org/maven2/junit/junit-dep/maven-metadata.xml (563 B at 9.4 kB/s)
[INFO] Downloaded from central: https://repo.maven.apache.org/maven2/junit/junit-dep/maven-metadata.xml (563 B at 8.0 kB/s)
[INFO] Downloaded from sigar: https://repository.mulesoft.org/nexus/content/repositories/public/junit/junit-dep/maven-metadata.xml (610 B at 6.3 kB/s)
[WARNING] The artifact org.hibernate:hibernate-validator:jar:6.2.5.Final has been relocated to org.hibernate.validator:hibernate-validator:jar:6.2.5.Final
[INFO] 
[INFO] --- maven-clean-plugin:2.5:clean (default-clean) @ druid-processing ---
[INFO] 
[INFO] --- maven-checkstyle-plugin:3.0.0:check (validate) @ druid-processing ---
[INFO] 
[INFO] >>> maven-pmd-plugin:3.16.0:check (validate) > :pmd @ druid-processing >>>
[INFO] 
[INFO] --- maven-pmd-plugin:3.16.0:pmd (pmd) @ druid-processing ---
[INFO] PMD version: 6.42.0
[WARNING] There are 1 PMD processing errors:
[WARNING] /home/srafi/after-cam-ready/compare_/compile_repair_output/work/f0ab39436108/processing/src/main/java/org/apache/druid/query/aggregation/JavaScriptAggregatorFactory.java: PMDException: Error while parsing /home/srafi/after-cam-ready/compare_/compile_repair_output/work/f0ab39436108/processing/src/main/java/org/apache/druid/query/aggregation/JavaScriptAggregatorFactory.java
[INFO] 
[INFO] <<< maven-pmd-plugin:3.16.0:check (validate) < :pmd @ druid-processing <<<
[INFO] 
[INFO] 
[INFO] --- maven-pmd-plugin:3.16.0:check (validate) @ druid-processing ---
[INFO] PMD version: 6.42.0
[INFO] 
[INFO] 
[INFO] --- git-commit-id-plugin:4.9.10:revision (default) @ druid-processing ---
[INFO] 
[INFO] --- antlr4-maven-plugin:4.5.3:antlr4 (default) @ druid-processing ---
[INFO] ANTLR 4: Processing source directory /home/srafi/after-cam-ready/compare_/compile_repair_output/work/f0ab39436108/processing/src/main/antlr4
[INFO] Processing grammar: org/apache/druid/math/expr/antlr/Expr.g4
[INFO] 
[INFO] --- maven-remote-resources-plugin:1.7.0:process (process-resource-bundles) @ druid-processing ---
[INFO] Preparing remote bundle org.apache.apache.resources:apache-jar-resource-bundle:1.5
[INFO] Copying 3 resources from 1 bundle.
[WARNING] While downloading org.hibernate:hibernate-validator:6.2.5.Final
  This artifact has been relocated to org.hibernate.validator:hibernate-validator:6.2.5.Final.


[INFO] artifact junit:junit-dep: checking for updates from maven.org
[INFO] artifact junit:junit-dep: checking for updates from sigar
[INFO] artifact junit:junit-dep: checking for updates from central
[INFO] artifact junit:junit: checking for updates from maven.org
[INFO] artifact junit:junit: checking for updates from sigar
[INFO] artifact junit:junit: checking for updates from central
[INFO] 
[INFO] --- maven-dependency-plugin:3.1.1:unpack-dependencies (copy-sigar-lib-to-resources) @ druid-processing ---
[INFO] Unpacking /home/srafi/.m2/repository/org/hyperic/sigar-dist/1.6.5.132/sigar-dist-1.6.5.132.zip to /home/srafi/after-cam-ready/compare_/compile_repair_output/work/f0ab39436108/processing/target with includes "**/sigar-bin/lib/*" and excludes "**/sigar-bin/lib/*jar"
[INFO] 
[INFO] --- maven-resources-plugin:3.2.0:resources (default-resources) @ druid-processing ---
[INFO] Using 'UTF-8' encoding to copy filtered resources.
[INFO] Using 'UTF-8' encoding to copy filtered properties files.
[INFO] Copying 23 resources
[INFO] Copying 3 resources
[INFO] 
[INFO] --- maven-compiler-plugin:3.11.0:compile (default-compile) @ druid-processing ---
[INFO] Changes detected - recompiling the module! :source
[INFO] Compiling 2160 source files with javac [debug target 1.8] to target/classes
[INFO] /home/srafi/after-cam-ready/compare_/compile_repair_output/work/f0ab39436108/processing/src/main/java/org/apache/druid/segment/incremental/IncrementalIndex.java: Some input files use or override a deprecated API.
[INFO] /home/srafi/after-cam-ready/compare_/compile_repair_output/work/f0ab39436108/processing/src/main/java/org/apache/druid/segment/incremental/IncrementalIndex.java: Recompile with -Xlint:deprecation for details.
[INFO] /home/srafi/after-cam-ready/compare_/compile_repair_output/work/f0ab39436108/processing/src/main/java/org/apache/druid/segment/column/TypeSignature.java: Some input files use unchecked or unsafe operations.
[INFO] /home/srafi/after-cam-ready/compare_/compile_repair_output/work/f0ab39436108/processing/src/main/java/org/apache/druid/segment/column/TypeSignature.java: Recompile with -Xlint:unchecked for details.
[INFO] 
[INFO] --- forbiddenapis:3.2:check (compile) @ druid-processing ---
[INFO] Scanning for classes to check...
[INFO] Reading bundled API signatures: jdk-unsafe-1.8
[INFO] Reading bundled API signatures: jdk-system-out
[INFO] Reading API signatures: /home/srafi/after-cam-ready/compare_/compile_repair_output/work/f0ab39436108/codestyle/joda-time-forbidden-apis.txt
[INFO] Reading API signatures: /home/srafi/after-cam-ready/compare_/compile_repair_output/work/f0ab39436108/codestyle/druid-forbidden-apis.txt
[INFO] Loading classes to check...
[INFO] Scanning classes for violations...
[INFO] Scanned 4188 class file(s) for forbidden API invocations (in 1.00s), 0 error(s).
[INFO] 
[INFO] --- maven-resources-plugin:3.2.0:testResources (default-testResources) @ druid-processing ---
[INFO] Using 'UTF-8' encoding to copy filtered resources.
[INFO] Using 'UTF-8' encoding to copy filtered properties files.
[INFO] Copying 58 resources
[INFO] Copying 3 resources
[INFO] 
[INFO] --- maven-compiler-plugin:3.11.0:testCompile (default-testCompile) @ druid-processing ---
[INFO] Changes detected - recompiling the module! :dependency
[INFO] Compiling 994 source files with javac [debug target 1.8] to target/test-classes
[INFO] /home/srafi/after-cam-ready/compare_/compile_repair_output/work/f0ab39436108/processing/src/test/java/org/apache/druid/segment/filter/AndFilterTest.java: Some input files use or override a deprecated API.
[INFO] /home/srafi/after-cam-ready/compare_/compile_repair_output/work/f0ab39436108/processing/src/test/java/org/apache/druid/segment/filter/AndFilterTest.java: Recompile with -Xlint:deprecation for details.
[INFO] /home/srafi/after-cam-ready/compare_/compile_repair_output/work/f0ab39436108/processing/src/test/java/org/apache/druid/segment/column/TypeStrategiesTest.java: Some input files use unchecked or unsafe operations.
[INFO] /home/srafi/after-cam-ready/compare_/compile_repair_output/work/f0ab39436108/processing/src/test/java/org/apache/druid/segment/column/TypeStrategiesTest.java: Recompile with -Xlint:unchecked for details.
[INFO] 
[INFO] --- forbiddenapis:3.2:testCheck (testCompile) @ druid-processing ---
[INFO] Scanning for classes to check...
[INFO] Reading bundled API signatures: jdk-unsafe-1.8
[INFO] Reading API signatures: /home/srafi/after-cam-ready/compare_/compile_repair_output/work/f0ab39436108/codestyle/joda-time-forbidden-apis.txt
[INFO] Reading API signatures: /home/srafi/after-cam-ready/compare_/compile_repair_output/work/f0ab39436108/codestyle/druid-forbidden-apis.txt
[INFO] Loading classes to check...
[INFO] Scanning classes for violations...
[INFO] Scanned 1787 class file(s) for forbidden API invocations (in 0.51s), 0 error(s).
[INFO] 
[INFO] --- maven-surefire-plugin:3.0.0-M8-SNAPSHOT:test (default-test) @ druid-processing ---
[INFO] Downloading from apache.snapshots: https://repository.apache.org/snapshots/org/apache/maven/surefire/maven-surefire-common/3.0.0-M8-SNAPSHOT/maven-metadata.xml
[INFO] Downloading from apache.snapshots: https://repository.apache.org/snapshots/org/apache/maven/surefire/surefire-api/3.0.0-M8-SNAPSHOT/maven-metadata.xml
[INFO] Downloading from apache.snapshots: https://repository.apache.org/snapshots/org/apache/maven/surefire/surefire-logger-api/3.0.0-M8-SNAPSHOT/maven-metadata.xml
[INFO] Downloading from apache.snapshots: https://repository.apache.org/snapshots/org/apache/maven/surefire/surefire-shared-utils/3.0.0-M8-SNAPSHOT/maven-metadata.xml
[INFO] Downloading from apache.snapshots: https://repository.apache.org/snapshots/org/apache/maven/surefire/surefire-extensions-api/3.0.0-M8-SNAPSHOT/maven-metadata.xml
[INFO] Downloading from apache.snapshots: https://repository.apache.org/snapshots/org/apache/maven/surefire/surefire-booter/3.0.0-M8-SNAPSHOT/maven-metadata.xml
[INFO] Downloading from apache.snapshots: https://repository.apache.org/snapshots/org/apache/maven/surefire/surefire-extensions-spi/3.0.0-M8-SNAPSHOT/maven-metadata.xml
[INFO] Tests are skipped.
[INFO] 
[INFO] --- animal-sniffer-maven-plugin:1.17:check (check-java-api) @ druid-processing ---
[INFO] Signature checking is skipped.
[INFO] 
[INFO] --- maven-jar-plugin:3.2.2:jar (default-jar) @ druid-processing ---
[INFO] Building jar: /home/srafi/after-cam-ready/compare_/compile_repair_output/work/f0ab39436108/processing/target/druid-processing-28.0.0-SNAPSHOT.jar
[INFO] 
[INFO] --- maven-jar-plugin:3.2.2:test-jar (default) @ druid-processing ---
[INFO] Building jar: /home/srafi/after-cam-ready/compare_/compile_repair_output/work/f0ab39436108/processing/target/druid-processing-28.0.0-SNAPSHOT-tests.jar
[INFO] 
[INFO] --- maven-site-plugin:3.11.0:attach-descriptor (attach-descriptor) @ druid-processing ---
[INFO] Skipping because packaging 'jar' is not pom.
[INFO] 
[INFO] --- cyclonedx-maven-plugin:2.7.9:makeBom (default) @ druid-processing ---
[INFO] CycloneDX: Resolving Dependencies
[INFO] CycloneDX: Creating BOM version 1.4 with 102 component(s)
[INFO] CycloneDX: Writing and validating BOM (XML): /home/srafi/after-cam-ready/compare_/compile_repair_output/work/f0ab39436108/processing/target/bom.xml
[INFO]            attaching as druid-processing-28.0.0-SNAPSHOT-cyclonedx.xml
[INFO] CycloneDX: Writing and validating BOM (JSON): /home/srafi/after-cam-ready/compare_/compile_repair_output/work/f0ab39436108/processing/target/bom.json
[INFO]            attaching as druid-processing-28.0.0-SNAPSHOT-cyclonedx.json
[INFO] 
[INFO] --- maven-install-plugin:2.3.1:install (default) @ druid-processing ---
[INFO] Installing /home/srafi/after-cam-ready/compare_/compile_repair_output/work/f0ab39436108/processing/target/druid-processing-28.0.0-SNAPSHOT.jar to /home/srafi/.m2/repository/org/apache/druid/druid-processing/28.0.0-SNAPSHOT/druid-processing-28.0.0-SNAPSHOT.jar
[INFO] Installing /home/srafi/after-cam-ready/compare_/compile_repair_output/work/f0ab39436108/processing/pom.xml to /home/srafi/.m2/repository/org/apache/druid/druid-processing/28.0.0-SNAPSHOT/druid-processing-28.0.0-SNAPSHOT.pom
[INFO] Installing /home/srafi/after-cam-ready/compare_/compile_repair_output/work/f0ab39436108/processing/target/druid-processing-28.0.0-SNAPSHOT-tests.jar to /home/srafi/.m2/repository/org/apache/druid/druid-processing/28.0.0-SNAPSHOT/druid-processing-28.0.0-SNAPSHOT-tests.jar
[INFO] Installing /home/srafi/after-cam-ready/compare_/compile_repair_output/work/f0ab39436108/processing/target/bom.xml to /home/srafi/.m2/repository/org/apache/druid/druid-processing/28.0.0-SNAPSHOT/druid-processing-28.0.0-SNAPSHOT-cyclonedx.xml
[INFO] Installing /home/srafi/after-cam-ready/compare_/compile_repair_output/work/f0ab39436108/processing/target/bom.json to /home/srafi/.m2/repository/org/apache/druid/druid-processing/28.0.0-SNAPSHOT/druid-processing-28.0.0-SNAPSHOT-cyclonedx.json
[INFO] 
[INFO] --- maven-install-plugin:2.3.1:install (default-install) @ druid-processing ---
[INFO] Installing /home/srafi/after-cam-ready/compare_/compile_repair_output/work/f0ab39436108/processing/target/druid-processing-28.0.0-SNAPSHOT.jar to /home/srafi/.m2/repository/org/apache/druid/druid-processing/28.0.0-SNAPSHOT/druid-processing-28.0.0-SNAPSHOT.jar
[INFO] Installing /home/srafi/after-cam-ready/compare_/compile_repair_output/work/f0ab39436108/processing/pom.xml to /home/srafi/.m2/repository/org/apache/druid/druid-processing/28.0.0-SNAPSHOT/druid-processing-28.0.0-SNAPSHOT.pom
[INFO] Installing /home/srafi/after-cam-ready/compare_/compile_repair_output/work/f0ab39436108/processing/target/druid-processing-28.0.0-SNAPSHOT-tests.jar to /home/srafi/.m2/repository/org/apache/druid/druid-processing/28.0.0-SNAPSHOT/druid-processing-28.0.0-SNAPSHOT-tests.jar
[INFO] Installing /home/srafi/after-cam-ready/compare_/compile_repair_output/work/f0ab39436108/processing/target/bom.xml to /home/srafi/.m2/repository/org/apache/druid/druid-processing/28.0.0-SNAPSHOT/druid-processing-28.0.0-SNAPSHOT-cyclonedx.xml
[INFO] Installing /home/srafi/after-cam-ready/compare_/compile_repair_output/work/f0ab39436108/processing/target/bom.json to /home/srafi/.m2/repository/org/apache/druid/druid-processing/28.0.0-SNAPSHOT/druid-processing-28.0.0-SNAPSHOT-cyclonedx.json
[INFO] 
[INFO] -----------------< org.apache.druid:druid-aws-common >------------------
[INFO] Building druid-aws-common 28.0.0-SNAPSHOT                          [3/7]
[INFO] --------------------------------[ jar ]---------------------------------
[INFO] 
[INFO] --- maven-clean-plugin:2.5:clean (default-clean) @ druid-aws-common ---
[INFO] 
[INFO] --- maven-checkstyle-plugin:3.0.0:check (validate) @ druid-aws-common ---
[INFO] 
[INFO] >>> maven-pmd-plugin:3.16.0:check (validate) > :pmd @ druid-aws-common >>>
[INFO] 
[INFO] --- maven-pmd-plugin:3.16.0:pmd (pmd) @ druid-aws-common ---
[INFO] PMD version: 6.42.0
[INFO] 
[INFO] <<< maven-pmd-plugin:3.16.0:check (validate) < :pmd @ druid-aws-common <<<
[INFO] 
[INFO] 
[INFO] --- maven-pmd-plugin:3.16.0:check (validate) @ druid-aws-common ---
[INFO] PMD version: 6.42.0
[INFO] 
[INFO] 
[INFO] --- git-commit-id-plugin:4.9.10:revision (default) @ druid-aws-common ---
[INFO] 
[INFO] --- maven-remote-resources-plugin:1.7.0:process (process-resource-bundles) @ druid-aws-common ---
[INFO] Preparing remote bundle org.apache.apache.resources:apache-jar-resource-bundle:1.5
[INFO] Copying 3 resources from 1 bundle.
[INFO] 
[INFO] --- maven-resources-plugin:3.2.0:resources (default-resources) @ druid-aws-common ---
[INFO] Using 'UTF-8' encoding to copy filtered resources.
[INFO] Using 'UTF-8' encoding to copy filtered properties files.
[INFO] Copying 1 resource
[INFO] Copying 3 resources
[INFO] 
[INFO] --- maven-compiler-plugin:3.11.0:compile (default-compile) @ druid-aws-common ---
[INFO] Changes detected - recompiling the module! :dependency
[INFO] Compiling 10 source files with javac [debug target 1.8] to target/classes
[INFO] /home/srafi/after-cam-ready/compare_/compile_repair_output/work/f0ab39436108/cloud/aws-common/src/main/java/org/apache/druid/common/aws/AWSCredentialsConfig.java: Some input files use or override a deprecated API.
[INFO] /home/srafi/after-cam-ready/compare_/compile_repair_output/work/f0ab39436108/cloud/aws-common/src/main/java/org/apache/druid/common/aws/AWSCredentialsConfig.java: Recompile with -Xlint:deprecation for details.
[INFO] 
[INFO] --- forbiddenapis:3.2:check (compile) @ druid-aws-common ---
[INFO] Scanning for classes to check...
[INFO] Reading bundled API signatures: jdk-unsafe-1.8
[INFO] Reading bundled API signatures: jdk-system-out
[INFO] Reading API signatures: /home/srafi/after-cam-ready/compare_/compile_repair_output/work/f0ab39436108/codestyle/joda-time-forbidden-apis.txt
[INFO] Reading API signatures: /home/srafi/after-cam-ready/compare_/compile_repair_output/work/f0ab39436108/codestyle/druid-forbidden-apis.txt
[INFO] Loading classes to check...
[INFO] Scanning classes for violations...
[INFO] Scanned 13 class file(s) for forbidden API invocations (in 0.02s), 0 error(s).
[INFO] 
[INFO] --- maven-resources-plugin:3.2.0:testResources (default-testResources) @ druid-aws-common ---
[INFO] Using 'UTF-8' encoding to copy filtered resources.
[INFO] Using 'UTF-8' encoding to copy filtered properties files.
[INFO] skip non existing resourceDirectory /home/srafi/after-cam-ready/compare_/compile_repair_output/work/f0ab39436108/cloud/aws-common/src/test/resources
[INFO] Copying 3 resources
[INFO] 
[INFO] --- maven-compiler-plugin:3.11.0:testCompile (default-testCompile) @ druid-aws-common ---
[INFO] Changes detected - recompiling the module! :dependency
[INFO] Compiling 2 source files with javac [debug target 1.8] to target/test-classes
[INFO] 
[INFO] --- forbiddenapis:3.2:testCheck (testCompile) @ druid-aws-common ---
[INFO] Scanning for classes to check...
[INFO] Reading bundled API signatures: jdk-unsafe-1.8
[INFO] Reading API signatures: /home/srafi/after-cam-ready/compare_/compile_repair_output/work/f0ab39436108/codestyle/joda-time-forbidden-apis.txt
[INFO] Reading API signatures: /home/srafi/after-cam-ready/compare_/compile_repair_output/work/f0ab39436108/codestyle/druid-forbidden-apis.txt
[INFO] Loading classes to check...
[INFO] Scanning classes for violations...
[INFO] Scanned 2 class file(s) for forbidden API invocations (in 0.02s), 0 error(s).
[INFO] 
[INFO] --- maven-surefire-plugin:3.0.0-M8-SNAPSHOT:test (default-test) @ druid-aws-common ---
[INFO] Tests are skipped.
[INFO] 
[INFO] --- animal-sniffer-maven-plugin:1.17:check (check-java-api) @ druid-aws-common ---
[INFO] Signature checking is skipped.
[INFO] 
[INFO] --- maven-jar-plugin:3.2.2:jar (default-jar) @ druid-aws-common ---
[INFO] Building jar: /home/srafi/after-cam-ready/compare_/compile_repair_output/work/f0ab39436108/cloud/aws-common/target/druid-aws-common-28.0.0-SNAPSHOT.jar
[INFO] 
[INFO] --- maven-site-plugin:3.11.0:attach-descriptor (attach-descriptor) @ druid-aws-common ---
[INFO] Skipping because packaging 'jar' is not pom.
[INFO] 
[INFO] --- cyclonedx-maven-plugin:2.7.9:makeBom (default) @ druid-aws-common ---
[INFO] CycloneDX: Resolving Dependencies
[INFO] CycloneDX: Creating BOM version 1.4 with 113 component(s)
[INFO] CycloneDX: Writing and validating BOM (XML): /home/srafi/after-cam-ready/compare_/compile_repair_output/work/f0ab39436108/cloud/aws-common/target/bom.xml
[INFO]            attaching as druid-aws-common-28.0.0-SNAPSHOT-cyclonedx.xml
[INFO] CycloneDX: Writing and validating BOM (JSON): /home/srafi/after-cam-ready/compare_/compile_repair_output/work/f0ab39436108/cloud/aws-common/target/bom.json
[INFO]            attaching as druid-aws-common-28.0.0-SNAPSHOT-cyclonedx.json
[INFO] 
[INFO] --- maven-install-plugin:2.3.1:install (default) @ druid-aws-common ---
[INFO] Installing /home/srafi/after-cam-ready/compare_/compile_repair_output/work/f0ab39436108/cloud/aws-common/target/druid-aws-common-28.0.0-SNAPSHOT.jar to /home/srafi/.m2/repository/org/apache/druid/druid-aws-common/28.0.0-SNAPSHOT/druid-aws-common-28.0.0-SNAPSHOT.jar
[INFO] Installing /home/srafi/after-cam-ready/compare_/compile_repair_output/work/f0ab39436108/cloud/aws-common/pom.xml to /home/srafi/.m2/repository/org/apache/druid/druid-aws-common/28.0.0-SNAPSHOT/druid-aws-common-28.0.0-SNAPSHOT.pom
[INFO] Installing /home/srafi/after-cam-ready/compare_/compile_repair_output/work/f0ab39436108/cloud/aws-common/target/bom.xml to /home/srafi/.m2/repository/org/apache/druid/druid-aws-common/28.0.0-SNAPSHOT/druid-aws-common-28.0.0-SNAPSHOT-cyclonedx.xml
[INFO] Installing /home/srafi/after-cam-ready/compare_/compile_repair_output/work/f0ab39436108/cloud/aws-common/target/bom.json to /home/srafi/.m2/repository/org/apache/druid/druid-aws-common/28.0.0-SNAPSHOT/druid-aws-common-28.0.0-SNAPSHOT-cyclonedx.json
[INFO] 
[INFO] --- maven-install-plugin:2.3.1:install (default-install) @ druid-aws-common ---
[INFO] Installing /home/srafi/after-cam-ready/compare_/compile_repair_output/work/f0ab39436108/cloud/aws-common/target/druid-aws-common-28.0.0-SNAPSHOT.jar to /home/srafi/.m2/repository/org/apache/druid/druid-aws-common/28.0.0-SNAPSHOT/druid-aws-common-28.0.0-SNAPSHOT.jar
[INFO] Installing /home/srafi/after-cam-ready/compare_/compile_repair_output/work/f0ab39436108/cloud/aws-common/pom.xml to /home/srafi/.m2/repository/org/apache/druid/druid-aws-common/28.0.0-SNAPSHOT/druid-aws-common-28.0.0-SNAPSHOT.pom
[INFO] Installing /home/srafi/after-cam-ready/compare_/compile_repair_output/work/f0ab39436108/cloud/aws-common/target/bom.xml to /home/srafi/.m2/repository/org/apache/druid/druid-aws-common/28.0.0-SNAPSHOT/druid-aws-common-28.0.0-SNAPSHOT-cyclonedx.xml
[INFO] Installing /home/srafi/after-cam-ready/compare_/compile_repair_output/work/f0ab39436108/cloud/aws-common/target/bom.json to /home/srafi/.m2/repository/org/apache/druid/druid-aws-common/28.0.0-SNAPSHOT/druid-aws-common-28.0.0-SNAPSHOT-cyclonedx.json
[INFO] 
[INFO] -----------------< org.apache.druid:druid-gcp-common >------------------
[INFO] Building druid-gcp-common 28.0.0-SNAPSHOT                          [4/7]
[INFO] --------------------------------[ jar ]---------------------------------
[INFO] 
[INFO] --- maven-clean-plugin:2.5:clean (default-clean) @ druid-gcp-common ---
[INFO] 
[INFO] --- maven-checkstyle-plugin:3.0.0:check (validate) @ druid-gcp-common ---
[INFO] 
[INFO] >>> maven-pmd-plugin:3.16.0:check (validate) > :pmd @ druid-gcp-common >>>
[INFO] 
[INFO] --- maven-pmd-plugin:3.16.0:pmd (pmd) @ druid-gcp-common ---
[INFO] PMD version: 6.42.0
[INFO] 
[INFO] <<< maven-pmd-plugin:3.16.0:check (validate) < :pmd @ druid-gcp-common <<<
[INFO] 
[INFO] 
[INFO] --- maven-pmd-plugin:3.16.0:check (validate) @ druid-gcp-common ---
[INFO] PMD version: 6.42.0
[INFO] 
[INFO] 
[INFO] --- git-commit-id-plugin:4.9.10:revision (default) @ druid-gcp-common ---
[INFO] 
[INFO] --- maven-remote-resources-plugin:1.7.0:process (process-resource-bundles) @ druid-gcp-common ---
[INFO] Preparing remote bundle org.apache.apache.resources:apache-jar-resource-bundle:1.5
[INFO] Copying 3 resources from 1 bundle.
[INFO] 
[INFO] --- maven-resources-plugin:3.2.0:resources (default-resources) @ druid-gcp-common ---
[INFO] Using 'UTF-8' encoding to copy filtered resources.
[INFO] Using 'UTF-8' encoding to copy filtered properties files.
[INFO] Copying 1 resource
[INFO] Copying 3 resources
[INFO] 
[INFO] --- maven-compiler-plugin:3.11.0:compile (default-compile) @ druid-gcp-common ---
[INFO] Changes detected - recompiling the module! :dependency
[INFO] Compiling 1 source file with javac [debug target 1.8] to target/classes
[INFO] 
[INFO] --- forbiddenapis:3.2:check (compile) @ druid-gcp-common ---
[INFO] Scanning for classes to check...
[INFO] Reading bundled API signatures: jdk-unsafe-1.8
[INFO] Reading bundled API signatures: jdk-system-out
[INFO] Reading API signatures: /home/srafi/after-cam-ready/compare_/compile_repair_output/work/f0ab39436108/codestyle/joda-time-forbidden-apis.txt
[INFO] Reading API signatures: /home/srafi/after-cam-ready/compare_/compile_repair_output/work/f0ab39436108/codestyle/druid-forbidden-apis.txt
[INFO] Loading classes to check...
[INFO] Scanning classes for violations...
[INFO] Scanned 1 class file(s) for forbidden API invocations (in 0.01s), 0 error(s).
[INFO] 
[INFO] --- maven-resources-plugin:3.2.0:testResources (default-testResources) @ druid-gcp-common ---
[INFO] Using 'UTF-8' encoding to copy filtered resources.
[INFO] Using 'UTF-8' encoding to copy filtered properties files.
[INFO] skip non existing resourceDirectory /home/srafi/after-cam-ready/compare_/compile_repair_output/work/f0ab39436108/cloud/gcp-common/src/test/resources
[INFO] Copying 3 resources
[INFO] 
[INFO] --- maven-compiler-plugin:3.11.0:testCompile (default-testCompile) @ druid-gcp-common ---
[INFO] Changes detected - recompiling the module! :dependency
[INFO] Compiling 2 source files with javac [debug target 1.8] to target/test-classes
[INFO] 
[INFO] --- forbiddenapis:3.2:testCheck (testCompile) @ druid-gcp-common ---
[INFO] Scanning for classes to check...
[INFO] Reading bundled API signatures: jdk-unsafe-1.8
[INFO] Reading API signatures: /home/srafi/after-cam-ready/compare_/compile_repair_output/work/f0ab39436108/codestyle/joda-time-forbidden-apis.txt
[INFO] Reading API signatures: /home/srafi/after-cam-ready/compare_/compile_repair_output/work/f0ab39436108/codestyle/druid-forbidden-apis.txt
[INFO] Loading classes to check...
[INFO] Scanning classes for violations...
[INFO] Scanned 3 class file(s) for forbidden API invocations (in 0.02s), 0 error(s).
[INFO] 
[INFO] --- maven-surefire-plugin:3.0.0-M8-SNAPSHOT:test (default-test) @ druid-gcp-common ---
[INFO] Tests are skipped.
[INFO] 
[INFO] --- animal-sniffer-maven-plugin:1.17:check (check-java-api) @ druid-gcp-common ---
[INFO] Signature checking is skipped.
[INFO] 
[INFO] --- maven-jar-plugin:3.2.2:jar (default-jar) @ druid-gcp-common ---
[INFO] Building jar: /home/srafi/after-cam-ready/compare_/compile_repair_output/work/f0ab39436108/cloud/gcp-common/target/druid-gcp-common-28.0.0-SNAPSHOT.jar
[INFO] 
[INFO] --- maven-jar-plugin:3.2.2:test-jar (default) @ druid-gcp-common ---
[INFO] Building jar: /home/srafi/after-cam-ready/compare_/compile_repair_output/work/f0ab39436108/cloud/gcp-common/target/druid-gcp-common-28.0.0-SNAPSHOT-tests.jar
[INFO] 
[INFO] --- maven-site-plugin:3.11.0:attach-descriptor (attach-descriptor) @ druid-gcp-common ---
[INFO] Skipping because packaging 'jar' is not pom.
[INFO] 
[INFO] --- cyclonedx-maven-plugin:2.7.9:makeBom (default) @ druid-gcp-common ---
[INFO] CycloneDX: Resolving Dependencies
[INFO] CycloneDX: Creating BOM version 1.4 with 110 component(s)
[INFO] CycloneDX: Writing and validating BOM (XML): /home/srafi/after-cam-ready/compare_/compile_repair_output/work/f0ab39436108/cloud/gcp-common/target/bom.xml
[INFO]            attaching as druid-gcp-common-28.0.0-SNAPSHOT-cyclonedx.xml
[INFO] CycloneDX: Writing and validating BOM (JSON): /home/srafi/after-cam-ready/compare_/compile_repair_output/work/f0ab39436108/cloud/gcp-common/target/bom.json
[INFO]            attaching as druid-gcp-common-28.0.0-SNAPSHOT-cyclonedx.json
[INFO] 
[INFO] --- maven-install-plugin:2.3.1:install (default) @ druid-gcp-common ---
[INFO] Installing /home/srafi/after-cam-ready/compare_/compile_repair_output/work/f0ab39436108/cloud/gcp-common/target/druid-gcp-common-28.0.0-SNAPSHOT.jar to /home/srafi/.m2/repository/org/apache/druid/druid-gcp-common/28.0.0-SNAPSHOT/druid-gcp-common-28.0.0-SNAPSHOT.jar
[INFO] Installing /home/srafi/after-cam-ready/compare_/compile_repair_output/work/f0ab39436108/cloud/gcp-common/pom.xml to /home/srafi/.m2/repository/org/apache/druid/druid-gcp-common/28.0.0-SNAPSHOT/druid-gcp-common-28.0.0-SNAPSHOT.pom
[INFO] Installing /home/srafi/after-cam-ready/compare_/compile_repair_output/work/f0ab39436108/cloud/gcp-common/target/druid-gcp-common-28.0.0-SNAPSHOT-tests.jar to /home/srafi/.m2/repository/org/apache/druid/druid-gcp-common/28.0.0-SNAPSHOT/druid-gcp-common-28.0.0-SNAPSHOT-tests.jar
[INFO] Installing /home/srafi/after-cam-ready/compare_/compile_repair_output/work/f0ab39436108/cloud/gcp-common/target/bom.xml to /home/srafi/.m2/repository/org/apache/druid/druid-gcp-common/28.0.0-SNAPSHOT/druid-gcp-common-28.0.0-SNAPSHOT-cyclonedx.xml
[INFO] Installing /home/srafi/after-cam-ready/compare_/compile_repair_output/work/f0ab39436108/cloud/gcp-common/target/bom.json to /home/srafi/.m2/repository/org/apache/druid/druid-gcp-common/28.0.0-SNAPSHOT/druid-gcp-common-28.0.0-SNAPSHOT-cyclonedx.json
[INFO] 
[INFO] --- maven-install-plugin:2.3.1:install (default-install) @ druid-gcp-common ---
[INFO] Installing /home/srafi/after-cam-ready/compare_/compile_repair_output/work/f0ab39436108/cloud/gcp-common/target/druid-gcp-common-28.0.0-SNAPSHOT.jar to /home/srafi/.m2/repository/org/apache/druid/druid-gcp-common/28.0.0-SNAPSHOT/druid-gcp-common-28.0.0-SNAPSHOT.jar
[INFO] Installing /home/srafi/after-cam-ready/compare_/compile_repair_output/work/f0ab39436108/cloud/gcp-common/pom.xml to /home/srafi/.m2/repository/org/apache/druid/druid-gcp-common/28.0.0-SNAPSHOT/druid-gcp-common-28.0.0-SNAPSHOT.pom
[INFO] Installing /home/srafi/after-cam-ready/compare_/compile_repair_output/work/f0ab39436108/cloud/gcp-common/target/druid-gcp-common-28.0.0-SNAPSHOT-tests.jar to /home/srafi/.m2/repository/org/apache/druid/druid-gcp-common/28.0.0-SNAPSHOT/druid-gcp-common-28.0.0-SNAPSHOT-tests.jar
[INFO] Installing /home/srafi/after-cam-ready/compare_/compile_repair_output/work/f0ab39436108/cloud/gcp-common/target/bom.xml to /home/srafi/.m2/repository/org/apache/druid/druid-gcp-common/28.0.0-SNAPSHOT/druid-gcp-common-28.0.0-SNAPSHOT-cyclonedx.xml
[INFO] Installing /home/srafi/after-cam-ready/compare_/compile_repair_output/work/f0ab39436108/cloud/gcp-common/target/bom.json to /home/srafi/.m2/repository/org/apache/druid/druid-gcp-common/28.0.0-SNAPSHOT/druid-gcp-common-28.0.0-SNAPSHOT-cyclonedx.json
[INFO] 
[INFO] -------------------< org.apache.druid:druid-server >--------------------
[INFO] Building druid-server 28.0.0-SNAPSHOT                              [5/7]
[INFO] --------------------------------[ jar ]---------------------------------
[INFO] 
[INFO] --- maven-clean-plugin:2.5:clean (default-clean) @ druid-server ---
[INFO] 
[INFO] --- maven-checkstyle-plugin:3.0.0:check (validate) @ druid-server ---
[INFO] 
[INFO] >>> maven-pmd-plugin:3.16.0:check (validate) > :pmd @ druid-server >>>
[INFO] 
[INFO] --- maven-pmd-plugin:3.16.0:pmd (pmd) @ druid-server ---
[INFO] PMD version: 6.42.0
[INFO] 
[INFO] <<< maven-pmd-plugin:3.16.0:check (validate) < :pmd @ druid-server <<<
[INFO] 
[INFO] 
[INFO] --- maven-pmd-plugin:3.16.0:check (validate) @ druid-server ---
[INFO] PMD version: 6.42.0
[INFO] 
[INFO] 
[INFO] --- git-commit-id-plugin:4.9.10:revision (default) @ druid-server ---
[INFO] 
[INFO] --- maven-remote-resources-plugin:1.7.0:process (process-resource-bundles) @ druid-server ---
[INFO] Preparing remote bundle org.apache.apache.resources:apache-jar-resource-bundle:1.5
[INFO] Copying 3 resources from 1 bundle.
[INFO] artifact junit:junit-dep: checking for updates from maven.org
[INFO] artifact junit:junit-dep: checking for updates from sigar
[INFO] artifact junit:junit-dep: checking for updates from central
[INFO] artifact junit:junit: checking for updates from maven.org
[INFO] artifact junit:junit: checking for updates from sigar
[INFO] artifact junit:junit: checking for updates from central
[INFO] 
[INFO] --- maven-resources-plugin:3.2.0:resources (default-resources) @ druid-server ---
[INFO] Using 'UTF-8' encoding to copy filtered resources.
[INFO] Using 'UTF-8' encoding to copy filtered properties files.
[INFO] skip non existing resourceDirectory /home/srafi/after-cam-ready/compare_/compile_repair_output/work/f0ab39436108/server/src/main/resources
[INFO] Copying 3 resources
[INFO] 
[INFO] --- maven-compiler-plugin:3.11.0:compile (default-compile) @ druid-server ---
[INFO] Changes detected - recompiling the module! :dependency
[INFO] Compiling 758 source files with javac [debug target 1.8] to target/classes
[INFO] /home/srafi/after-cam-ready/compare_/compile_repair_output/work/f0ab39436108/server/src/main/java/org/apache/druid/segment/indexing/DataSchema.java: Some input files use or override a deprecated API.
[INFO] /home/srafi/after-cam-ready/compare_/compile_repair_output/work/f0ab39436108/server/src/main/java/org/apache/druid/segment/indexing/DataSchema.java: Recompile with -Xlint:deprecation for details.
[INFO] /home/srafi/after-cam-ready/compare_/compile_repair_output/work/f0ab39436108/server/src/main/java/org/apache/druid/discovery/DiscoveryDruidNode.java: Some input files use unchecked or unsafe operations.
[INFO] /home/srafi/after-cam-ready/compare_/compile_repair_output/work/f0ab39436108/server/src/main/java/org/apache/druid/discovery/DiscoveryDruidNode.java: Recompile with -Xlint:unchecked for details.
[INFO] 
[INFO] --- forbiddenapis:3.2:check (compile) @ druid-server ---
[INFO] Scanning for classes to check...
[INFO] Reading bundled API signatures: jdk-unsafe-1.8
[INFO] Reading bundled API signatures: jdk-system-out
[INFO] Reading API signatures: /home/srafi/after-cam-ready/compare_/compile_repair_output/work/f0ab39436108/codestyle/joda-time-forbidden-apis.txt
[INFO] Reading API signatures: /home/srafi/after-cam-ready/compare_/compile_repair_output/work/f0ab39436108/codestyle/druid-forbidden-apis.txt
[INFO] Loading classes to check...
[INFO] Scanning classes for violations...
[INFO] Scanned 1221 class file(s) for forbidden API invocations (in 0.32s), 0 error(s).
[INFO] 
[INFO] --- maven-resources-plugin:3.2.0:testResources (default-testResources) @ druid-server ---
[INFO] Using 'UTF-8' encoding to copy filtered resources.
[INFO] Using 'UTF-8' encoding to copy filtered properties files.
[INFO] Copying 8 resources
[INFO] Copying 3 resources
[INFO] 
[INFO] --- maven-compiler-plugin:3.11.0:testCompile (default-testCompile) @ druid-server ---
[INFO] Changes detected - recompiling the module! :dependency
[INFO] Compiling 371 source files with javac [debug target 1.8] to target/test-classes
[INFO] /home/srafi/after-cam-ready/compare_/compile_repair_output/work/f0ab39436108/server/src/test/java/org/apache/druid/client/selector/TierSelectorStrategyTest.java: Some input files use or override a deprecated API.
[INFO] /home/srafi/after-cam-ready/compare_/compile_repair_output/work/f0ab39436108/server/src/test/java/org/apache/druid/client/selector/TierSelectorStrategyTest.java: Recompile with -Xlint:deprecation for details.
[INFO] /home/srafi/after-cam-ready/compare_/compile_repair_output/work/f0ab39436108/server/src/test/java/org/apache/druid/client/selector/TierSelectorStrategyTest.java: Some input files use unchecked or unsafe operations.
[INFO] /home/srafi/after-cam-ready/compare_/compile_repair_output/work/f0ab39436108/server/src/test/java/org/apache/druid/client/selector/TierSelectorStrategyTest.java: Recompile with -Xlint:unchecked for details.
[INFO] 
[INFO] --- forbiddenapis:3.2:testCheck (testCompile) @ druid-server ---
[INFO] Scanning for classes to check...
[INFO] Reading bundled API signatures: jdk-unsafe-1.8
[INFO] Reading API signatures: /home/srafi/after-cam-ready/compare_/compile_repair_output/work/f0ab39436108/codestyle/joda-time-forbidden-apis.txt
[INFO] Reading API signatures: /home/srafi/after-cam-ready/compare_/compile_repair_output/work/f0ab39436108/codestyle/druid-forbidden-apis.txt
[INFO] Loading classes to check...
[INFO] Scanning classes for violations...
[INFO] Scanned 862 class file(s) for forbidden API invocations (in 0.30s), 0 error(s).
[INFO] 
[INFO] --- maven-surefire-plugin:3.0.0-M8-SNAPSHOT:test (default-test) @ druid-server ---
[INFO] Tests are skipped.
[INFO] 
[INFO] --- animal-sniffer-maven-plugin:1.17:check (check-java-api) @ druid-server ---
[INFO] Signature checking is skipped.
[INFO] 
[INFO] --- maven-jar-plugin:3.2.2:jar (default-jar) @ druid-server ---
[INFO] Building jar: /home/srafi/after-cam-ready/compare_/compile_repair_output/work/f0ab39436108/server/target/druid-server-28.0.0-SNAPSHOT.jar
[INFO] 
[INFO] --- maven-jar-plugin:3.2.2:test-jar (default) @ druid-server ---
[INFO] Building jar: /home/srafi/after-cam-ready/compare_/compile_repair_output/work/f0ab39436108/server/target/druid-server-28.0.0-SNAPSHOT-tests.jar
[INFO] 
[INFO] --- maven-site-plugin:3.11.0:attach-descriptor (attach-descriptor) @ druid-server ---
[INFO] Skipping because packaging 'jar' is not pom.
[INFO] 
[INFO] --- cyclonedx-maven-plugin:2.7.9:makeBom (default) @ druid-server ---
[INFO] CycloneDX: Resolving Dependencies
[INFO] CycloneDX: Creating BOM version 1.4 with 179 component(s)
[INFO] CycloneDX: Writing and validating BOM (XML): /home/srafi/after-cam-ready/compare_/compile_repair_output/work/f0ab39436108/server/target/bom.xml
[INFO]            attaching as druid-server-28.0.0-SNAPSHOT-cyclonedx.xml
[INFO] CycloneDX: Writing and validating BOM (JSON): /home/srafi/after-cam-ready/compare_/compile_repair_output/work/f0ab39436108/server/target/bom.json
[INFO]            attaching as druid-server-28.0.0-SNAPSHOT-cyclonedx.json
[INFO] 
[INFO] --- maven-install-plugin:2.3.1:install (default) @ druid-server ---
[INFO] Installing /home/srafi/after-cam-ready/compare_/compile_repair_output/work/f0ab39436108/server/target/druid-server-28.0.0-SNAPSHOT.jar to /home/srafi/.m2/repository/org/apache/druid/druid-server/28.0.0-SNAPSHOT/druid-server-28.0.0-SNAPSHOT.jar
[INFO] Installing /home/srafi/after-cam-ready/compare_/compile_repair_output/work/f0ab39436108/server/pom.xml to /home/srafi/.m2/repository/org/apache/druid/druid-server/28.0.0-SNAPSHOT/druid-server-28.0.0-SNAPSHOT.pom
[INFO] Installing /home/srafi/after-cam-ready/compare_/compile_repair_output/work/f0ab39436108/server/target/druid-server-28.0.0-SNAPSHOT-tests.jar to /home/srafi/.m2/repository/org/apache/druid/druid-server/28.0.0-SNAPSHOT/druid-server-28.0.0-SNAPSHOT-tests.jar
[INFO] Installing /home/srafi/after-cam-ready/compare_/compile_repair_output/work/f0ab39436108/server/target/bom.xml to /home/srafi/.m2/repository/org/apache/druid/druid-server/28.0.0-SNAPSHOT/druid-server-28.0.0-SNAPSHOT-cyclonedx.xml
[INFO] Installing /home/srafi/after-cam-ready/compare_/compile_repair_output/work/f0ab39436108/server/target/bom.json to /home/srafi/.m2/repository/org/apache/druid/druid-server/28.0.0-SNAPSHOT/druid-server-28.0.0-SNAPSHOT-cyclonedx.json
[INFO] 
[INFO] --- maven-install-plugin:2.3.1:install (default-install) @ druid-server ---
[INFO] Installing /home/srafi/after-cam-ready/compare_/compile_repair_output/work/f0ab39436108/server/target/druid-server-28.0.0-SNAPSHOT.jar to /home/srafi/.m2/repository/org/apache/druid/druid-server/28.0.0-SNAPSHOT/druid-server-28.0.0-SNAPSHOT.jar
[INFO] Installing /home/srafi/after-cam-ready/compare_/compile_repair_output/work/f0ab39436108/server/pom.xml to /home/srafi/.m2/repository/org/apache/druid/druid-server/28.0.0-SNAPSHOT/druid-server-28.0.0-SNAPSHOT.pom
[INFO] Installing /home/srafi/after-cam-ready/compare_/compile_repair_output/work/f0ab39436108/server/target/druid-server-28.0.0-SNAPSHOT-tests.jar to /home/srafi/.m2/repository/org/apache/druid/druid-server/28.0.0-SNAPSHOT/druid-server-28.0.0-SNAPSHOT-tests.jar
[INFO] Installing /home/srafi/after-cam-ready/compare_/compile_repair_output/work/f0ab39436108/server/target/bom.xml to /home/srafi/.m2/repository/org/apache/druid/druid-server/28.0.0-SNAPSHOT/druid-server-28.0.0-SNAPSHOT-cyclonedx.xml
[INFO] Installing /home/srafi/after-cam-ready/compare_/compile_repair_output/work/f0ab39436108/server/target/bom.json to /home/srafi/.m2/repository/org/apache/druid/druid-server/28.0.0-SNAPSHOT/druid-server-28.0.0-SNAPSHOT-cyclonedx.json
[INFO] 
[INFO] ---------------< org.apache.druid:druid-indexing-hadoop >---------------
[INFO] Building druid-indexing-hadoop 28.0.0-SNAPSHOT                     [6/7]
[INFO] --------------------------------[ jar ]---------------------------------
[INFO] Downloading from maven.org: https://repo1.maven.org/maven2/org/apache/hadoop/hadoop-client-api/3.3.6/hadoop-client-api-3.3.6.pom
[INFO] Downloaded from maven.org: https://repo1.maven.org/maven2/org/apache/hadoop/hadoop-client-api/3.3.6/hadoop-client-api-3.3.6.pom (13 kB at 369 kB/s)
[INFO] Downloading from maven.org: https://repo1.maven.org/maven2/org/apache/hadoop/hadoop-project/3.3.6/hadoop-project-3.3.6.pom
[INFO] Downloaded from maven.org: https://repo1.maven.org/maven2/org/apache/hadoop/hadoop-project/3.3.6/hadoop-project-3.3.6.pom (94 kB at 2.3 MB/s)
[INFO] Downloading from maven.org: https://repo1.maven.org/maven2/org/apache/hadoop/hadoop-main/3.3.6/hadoop-main-3.3.6.pom
[INFO] Downloaded from maven.org: https://repo1.maven.org/maven2/org/apache/hadoop/hadoop-main/3.3.6/hadoop-main-3.3.6.pom (30 kB at 880 kB/s)
[INFO] Downloading from maven.org: https://repo1.maven.org/maven2/org/apache/hadoop/hadoop-client-runtime/3.3.6/hadoop-client-runtime-3.3.6.pom
[INFO] Downloaded from maven.org: https://repo1.maven.org/maven2/org/apache/hadoop/hadoop-client-runtime/3.3.6/hadoop-client-runtime-3.3.6.pom (19 kB at 511 kB/s)
[INFO] Downloading from maven.org: https://repo1.maven.org/maven2/org/apache/hadoop/hadoop-client-minicluster/3.3.6/hadoop-client-minicluster-3.3.6.pom
[INFO] Downloaded from maven.org: https://repo1.maven.org/maven2/org/apache/hadoop/hadoop-client-minicluster/3.3.6/hadoop-client-minicluster-3.3.6.pom (25 kB at 660 kB/s)
[INFO] Downloading from maven.org: https://repo1.maven.org/maven2/org/apache/hadoop/hadoop-client-api/3.3.6/hadoop-client-api-3.3.6.jar
[INFO] Downloading from maven.org: https://repo1.maven.org/maven2/org/apache/hadoop/hadoop-client-runtime/3.3.6/hadoop-client-runtime-3.3.6.jar
[INFO] Downloading from maven.org: https://repo1.maven.org/maven2/org/apache/hadoop/hadoop-client-minicluster/3.3.6/hadoop-client-minicluster-3.3.6.jar
[INFO] Downloaded from maven.org: https://repo1.maven.org/maven2/org/apache/hadoop/hadoop-client-api/3.3.6/hadoop-client-api-3.3.6.jar (20 MB at 32 MB/s)
[INFO] Downloaded from maven.org: https://repo1.maven.org/maven2/org/apache/hadoop/hadoop-client-runtime/3.3.6/hadoop-client-runtime-3.3.6.jar (30 MB at 41 MB/s)
[INFO] Downloaded from maven.org: https://repo1.maven.org/maven2/org/apache/hadoop/hadoop-client-minicluster/3.3.6/hadoop-client-minicluster-3.3.6.jar (37 MB at 46 MB/s)
[INFO] 
[INFO] --- maven-clean-plugin:2.5:clean (default-clean) @ druid-indexing-hadoop ---
[INFO] 
[INFO] --- maven-checkstyle-plugin:3.0.0:check (validate) @ druid-indexing-hadoop ---
[INFO] 
[INFO] >>> maven-pmd-plugin:3.16.0:check (validate) > :pmd @ druid-indexing-hadoop >>>
[INFO] 
[INFO] --- maven-pmd-plugin:3.16.0:pmd (pmd) @ druid-indexing-hadoop ---
[INFO] PMD version: 6.42.0
[INFO] 
[INFO] <<< maven-pmd-plugin:3.16.0:check (validate) < :pmd @ druid-indexing-hadoop <<<
[INFO] 
[INFO] 
[INFO] --- maven-pmd-plugin:3.16.0:check (validate) @ druid-indexing-hadoop ---
[INFO] PMD version: 6.42.0
[INFO] 
[INFO] 
[INFO] --- git-commit-id-plugin:4.9.10:revision (default) @ druid-indexing-hadoop ---
[INFO] 
[INFO] --- maven-remote-resources-plugin:1.7.0:process (process-resource-bundles) @ druid-indexing-hadoop ---
[INFO] Preparing remote bundle org.apache.apache.resources:apache-jar-resource-bundle:1.5
[INFO] Copying 3 resources from 1 bundle.
[INFO] 
[INFO] --- maven-resources-plugin:3.2.0:resources (default-resources) @ druid-indexing-hadoop ---
[INFO] Using 'UTF-8' encoding to copy filtered resources.
[INFO] Using 'UTF-8' encoding to copy filtered properties files.
[INFO] skip non existing resourceDirectory /home/srafi/after-cam-ready/compare_/compile_repair_output/work/f0ab39436108/indexing-hadoop/src/main/resources
[INFO] Copying 3 resources
[INFO] 
[INFO] --- maven-compiler-plugin:3.11.0:compile (default-compile) @ druid-indexing-hadoop ---
[INFO] Changes detected - recompiling the module! :dependency
[INFO] Compiling 41 source files with javac [debug target 1.8] to target/classes
[INFO] /home/srafi/after-cam-ready/compare_/compile_repair_output/work/f0ab39436108/indexing-hadoop/src/main/java/org/apache/druid/indexer/HadoopDruidIndexerConfig.java: Some input files use or override a deprecated API.
[INFO] /home/srafi/after-cam-ready/compare_/compile_repair_output/work/f0ab39436108/indexing-hadoop/src/main/java/org/apache/druid/indexer/HadoopDruidIndexerConfig.java: Recompile with -Xlint:deprecation for details.
[INFO] /home/srafi/after-cam-ready/compare_/compile_repair_output/work/f0ab39436108/indexing-hadoop/src/main/java/org/apache/druid/indexer/HadoopIngestionSpec.java: Some input files use unchecked or unsafe operations.
[INFO] /home/srafi/after-cam-ready/compare_/compile_repair_output/work/f0ab39436108/indexing-hadoop/src/main/java/org/apache/druid/indexer/HadoopIngestionSpec.java: Recompile with -Xlint:unchecked for details.
[INFO] 
[INFO] --- forbiddenapis:3.2:check (compile) @ druid-indexing-hadoop ---
[INFO] Scanning for classes to check...
[INFO] Reading bundled API signatures: jdk-unsafe-1.8
[INFO] Reading bundled API signatures: jdk-system-out
[INFO] Reading API signatures: /home/srafi/after-cam-ready/compare_/compile_repair_output/work/f0ab39436108/codestyle/joda-time-forbidden-apis.txt
[INFO] Reading API signatures: /home/srafi/after-cam-ready/compare_/compile_repair_output/work/f0ab39436108/codestyle/druid-forbidden-apis.txt
[INFO] Loading classes to check...
[INFO] Scanning classes for violations...
[INFO] Scanned 101 class file(s) for forbidden API invocations (in 0.06s), 0 error(s).
[INFO] 
[INFO] --- maven-resources-plugin:3.2.0:testResources (default-testResources) @ druid-indexing-hadoop ---
[INFO] Using 'UTF-8' encoding to copy filtered resources.
[INFO] Using 'UTF-8' encoding to copy filtered properties files.
[INFO] Copying 6 resources
[INFO] Copying 3 resources
[INFO] 
[INFO] --- maven-compiler-plugin:3.11.0:testCompile (default-testCompile) @ druid-indexing-hadoop ---
[INFO] Changes detected - recompiling the module! :dependency
[INFO] Compiling 39 source files with javac [debug target 1.8] to target/test-classes
[INFO] /home/srafi/after-cam-ready/compare_/compile_repair_output/work/f0ab39436108/indexing-hadoop/src/test/java/org/apache/druid/indexer/path/DatasourcePathSpecTest.java: Some input files use or override a deprecated API.
[INFO] /home/srafi/after-cam-ready/compare_/compile_repair_output/work/f0ab39436108/indexing-hadoop/src/test/java/org/apache/druid/indexer/path/DatasourcePathSpecTest.java: Recompile with -Xlint:deprecation for details.
[INFO] /home/srafi/after-cam-ready/compare_/compile_repair_output/work/f0ab39436108/indexing-hadoop/src/test/java/org/apache/druid/indexer/UtilsTest.java: Some input files use unchecked or unsafe operations.
[INFO] /home/srafi/after-cam-ready/compare_/compile_repair_output/work/f0ab39436108/indexing-hadoop/src/test/java/org/apache/druid/indexer/UtilsTest.java: Recompile with -Xlint:unchecked for details.
[INFO] 
[INFO] --- forbiddenapis:3.2:testCheck (testCompile) @ druid-indexing-hadoop ---
[INFO] Scanning for classes to check...
[INFO] Reading bundled API signatures: jdk-unsafe-1.8
[INFO] Reading API signatures: /home/srafi/after-cam-ready/compare_/compile_repair_output/work/f0ab39436108/codestyle/joda-time-forbidden-apis.txt
[INFO] Reading API signatures: /home/srafi/after-cam-ready/compare_/compile_repair_output/work/f0ab39436108/codestyle/druid-forbidden-apis.txt
[INFO] Loading classes to check...
[INFO] Scanning classes for violations...
[INFO] Scanned 53 class file(s) for forbidden API invocations (in 0.05s), 0 error(s).
[INFO] 
[INFO] --- maven-surefire-plugin:3.0.0-M8-SNAPSHOT:test (default-test) @ druid-indexing-hadoop ---
[INFO] Tests are skipped.
[INFO] 
[INFO] --- animal-sniffer-maven-plugin:1.17:check (check-java-api) @ druid-indexing-hadoop ---
[INFO] Signature checking is skipped.
[INFO] 
[INFO] --- maven-jar-plugin:3.2.2:jar (default-jar) @ druid-indexing-hadoop ---
[INFO] Building jar: /home/srafi/after-cam-ready/compare_/compile_repair_output/work/f0ab39436108/indexing-hadoop/target/druid-indexing-hadoop-28.0.0-SNAPSHOT.jar
[INFO] 
[INFO] --- maven-site-plugin:3.11.0:attach-descriptor (attach-descriptor) @ druid-indexing-hadoop ---
[INFO] Skipping because packaging 'jar' is not pom.
[INFO] 
[INFO] --- cyclonedx-maven-plugin:2.7.9:makeBom (default) @ druid-indexing-hadoop ---
[INFO] CycloneDX: Resolving Dependencies
[INFO] CycloneDX: Creating BOM version 1.4 with 183 component(s)
[INFO] CycloneDX: Writing and validating BOM (XML): /home/srafi/after-cam-ready/compare_/compile_repair_output/work/f0ab39436108/indexing-hadoop/target/bom.xml
[INFO]            attaching as druid-indexing-hadoop-28.0.0-SNAPSHOT-cyclonedx.xml
[INFO] CycloneDX: Writing and validating BOM (JSON): /home/srafi/after-cam-ready/compare_/compile_repair_output/work/f0ab39436108/indexing-hadoop/target/bom.json
[INFO]            attaching as druid-indexing-hadoop-28.0.0-SNAPSHOT-cyclonedx.json
[INFO] 
[INFO] --- maven-shade-plugin:3.2.4:shade (default) @ druid-indexing-hadoop ---
[INFO] Including org.apache.druid:druid-server:jar:28.0.0-SNAPSHOT in the shaded jar.
[INFO] Including org.apache.druid:druid-aws-common:jar:28.0.0-SNAPSHOT in the shaded jar.
[INFO] Including com.amazonaws:aws-java-sdk-ec2:jar:1.12.497 in the shaded jar.
[INFO] Including com.amazonaws:jmespath-java:jar:1.12.497 in the shaded jar.
[INFO] Including com.amazonaws:aws-java-sdk-s3:jar:1.12.497 in the shaded jar.
[INFO] Including com.amazonaws:aws-java-sdk-kms:jar:1.12.497 in the shaded jar.
[INFO] Including com.amazonaws:aws-java-sdk-core:jar:1.12.497 in the shaded jar.
[INFO] Including software.amazon.ion:ion-java:jar:1.0.2 in the shaded jar.
[INFO] Including com.fasterxml.jackson.dataformat:jackson-dataformat-cbor:jar:2.12.7 in the shaded jar.
[INFO] Including com.amazonaws:aws-java-sdk-sts:jar:1.12.497 in the shaded jar.
[INFO] Including org.apache.druid:druid-gcp-common:jar:28.0.0-SNAPSHOT in the shaded jar.
[INFO] Including com.google.api-client:google-api-client:jar:1.26.0 in the shaded jar.
[INFO] Including com.google.oauth-client:google-oauth-client:jar:1.26.0 in the shaded jar.
[INFO] Including com.google.http-client:google-http-client-jackson2:jar:1.26.0 in the shaded jar.
[INFO] Including com.google.http-client:google-http-client:jar:1.26.0 in the shaded jar.
[INFO] Including jakarta.inject:jakarta.inject-api:jar:1.0.3 in the shaded jar.
[INFO] Including org.apache.zookeeper:zookeeper:jar:3.5.10 in the shaded jar.
[INFO] Including org.apache.yetus:audience-annotations:jar:0.5.0 in the shaded jar.
[INFO] Including org.apache.zookeeper:zookeeper-jute:jar:3.5.10 in the shaded jar.
[INFO] Including org.apache.curator:curator-framework:jar:5.5.0 in the shaded jar.
[INFO] Including org.apache.curator:curator-x-discovery:jar:5.5.0 in the shaded jar.
[INFO] Including com.fasterxml.jackson.jaxrs:jackson-jaxrs-json-provider:jar:2.12.7 in the shaded jar.
[INFO] Including com.fasterxml.jackson.jaxrs:jackson-jaxrs-base:jar:2.12.7 in the shaded jar.
[INFO] Including com.fasterxml.jackson.module:jackson-module-jaxb-annotations:jar:2.12.7 in the shaded jar.
[INFO] Including jakarta.xml.bind:jakarta.xml.bind-api:jar:2.3.2 in the shaded jar.
[INFO] Including jakarta.activation:jakarta.activation-api:jar:1.2.1 in the shaded jar.
[INFO] Including com.fasterxml.jackson.jaxrs:jackson-jaxrs-smile-provider:jar:2.12.7 in the shaded jar.
[INFO] Including com.fasterxml.jackson.dataformat:jackson-dataformat-smile:jar:2.12.7 in the shaded jar.
[INFO] Including com.sun.jersey:jersey-server:jar:1.19.4 in the shaded jar.
[INFO] Including com.sun.jersey:jersey-core:jar:1.19.4 in the shaded jar.
[INFO] Including com.google.inject.extensions:guice-multibindings:jar:4.1.0 in the shaded jar.
[INFO] Including com.google.inject.extensions:guice-servlet:jar:4.1.0 in the shaded jar.
[INFO] Including com.sun.jersey.contribs:jersey-guice:jar:1.19.4 in the shaded jar.
[INFO] Including org.eclipse.jetty:jetty-server:jar:9.4.51.v20230217 in the shaded jar.
[INFO] Including org.eclipse.jetty:jetty-util:jar:9.4.51.v20230217 in the shaded jar.
[INFO] Including org.eclipse.jetty:jetty-proxy:jar:9.4.51.v20230217 in the shaded jar.
[INFO] Including org.eclipse.jetty:jetty-rewrite:jar:9.4.51.v20230217 in the shaded jar.
[INFO] Including io.tesla.aether:tesla-aether:jar:0.0.5 in the shaded jar.
[INFO] Including org.eclipse.aether:aether-api:jar:0.9.0.M2 in the shaded jar.
[INFO] Including org.eclipse.aether:aether-spi:jar:0.9.0.M2 in the shaded jar.
[INFO] Including org.eclipse.aether:aether-util:jar:0.9.0.M2 in the shaded jar.
[INFO] Including org.eclipse.aether:aether-impl:jar:0.9.0.M2 in the shaded jar.
[INFO] Including org.eclipse.aether:aether-connector-file:jar:0.9.0.M2 in the shaded jar.
[INFO] Including io.tesla.aether:aether-connector-okhttp:jar:0.0.9 in the shaded jar.
[INFO] Including com.squareup.okhttp:okhttp:jar:1.0.2 in the shaded jar.
[INFO] Including org.apache.maven.wagon:wagon-provider-api:jar:2.4 in the shaded jar.
[INFO] Including org.apache.maven:maven-aether-provider:jar:3.1.1 in the shaded jar.
[INFO] Including org.apache.maven:maven-model:jar:3.1.1 in the shaded jar.
[INFO] Including org.apache.maven:maven-model-builder:jar:3.1.1 in the shaded jar.
[INFO] Including org.apache.maven:maven-repository-metadata:jar:3.1.1 in the shaded jar.
[INFO] Including org.apache.maven:maven-settings-builder:jar:3.1.1 in the shaded jar.
[INFO] Including org.codehaus.plexus:plexus-interpolation:jar:1.19 in the shaded jar.
[INFO] Including org.apache.maven:maven-settings:jar:3.1.1 in the shaded jar.
[INFO] Including net.spy:spymemcached:jar:2.12.3 in the shaded jar.
[INFO] Including org.lz4:lz4-java:jar:1.8.0 in the shaded jar.
[INFO] Including org.eclipse.jetty:jetty-servlet:jar:9.4.51.v20230217 in the shaded jar.
[INFO] Including org.eclipse.jetty:jetty-security:jar:9.4.51.v20230217 in the shaded jar.
[INFO] Including org.eclipse.jetty:jetty-util-ajax:jar:9.4.51.v20230217 in the shaded jar.
[INFO] Including org.eclipse.jetty:jetty-servlets:jar:9.4.51.v20230217 in the shaded jar.
[INFO] Including org.eclipse.jetty:jetty-continuation:jar:9.4.51.v20230217 in the shaded jar.
[INFO] Including org.apache.derby:derby:jar:10.14.2.0 in the shaded jar.
[INFO] Including org.apache.derby:derbynet:jar:10.14.2.0 in the shaded jar.
[INFO] Including org.apache.commons:commons-math3:jar:3.6.1 in the shaded jar.
[INFO] Including it.unimi.dsi:fastutil-core:jar:8.5.4 in the shaded jar.
[INFO] Including com.github.ben-manes.caffeine:caffeine:jar:2.8.0 in the shaded jar.
[INFO] Including org.jdbi:jdbi:jar:2.63.1 in the shaded jar.
[INFO] Including io.netty:netty:jar:3.10.6.Final in the shaded jar.
[INFO] Including org.apache.commons:commons-dbcp2:jar:2.0.1 in the shaded jar.
[INFO] Including org.apache.commons:commons-pool2:jar:2.2 in the shaded jar.
[INFO] Including org.apache.logging.log4j:log4j-api:jar:2.18.0 in the shaded jar.
[INFO] Including org.apache.logging.log4j:log4j-core:jar:2.18.0 in the shaded jar.
[INFO] Including com.fasterxml.jackson.datatype:jackson-datatype-joda:jar:2.12.7 in the shaded jar.
[INFO] Including org.asynchttpclient:async-http-client:jar:2.5.3 in the shaded jar.
[INFO] Including org.asynchttpclient:async-http-client-netty-utils:jar:2.5.3 in the shaded jar.
[INFO] Including io.netty:netty-codec-socks:jar:4.1.94.Final in the shaded jar.
[INFO] Including io.netty:netty-handler-proxy:jar:4.1.94.Final in the shaded jar.
[INFO] Including io.netty:netty-transport-native-epoll:jar:linux-x86_64:4.1.94.Final in the shaded jar.
[INFO] Including io.netty:netty-transport-classes-epoll:jar:4.1.94.Final in the shaded jar.
[INFO] Including io.netty:netty-resolver-dns:jar:4.1.94.Final in the shaded jar.
[INFO] Including io.netty:netty-codec-dns:jar:4.1.94.Final in the shaded jar.
[INFO] Including org.reactivestreams:reactive-streams:jar:1.0.2 in the shaded jar.
[INFO] Including com.typesafe.netty:netty-reactive-streams:jar:2.0.0 in the shaded jar.
[INFO] Including com.sun.activation:javax.activation:jar:1.2.0 in the shaded jar.
[INFO] Including org.apache.curator:curator-client:jar:5.5.0 in the shaded jar.
[INFO] Including commons-codec:commons-codec:jar:1.13 in the shaded jar.
[INFO] Including org.eclipse.jetty:jetty-io:jar:9.4.51.v20230217 in the shaded jar.
[INFO] Including io.netty:netty-common:jar:4.1.94.Final in the shaded jar.
[INFO] Including io.netty:netty-handler:jar:4.1.94.Final in the shaded jar.
[INFO] Including io.netty:netty-resolver:jar:4.1.94.Final in the shaded jar.
[INFO] Including io.netty:netty-transport:jar:4.1.94.Final in the shaded jar.
[INFO] Including io.netty:netty-transport-native-unix-common:jar:4.1.94.Final in the shaded jar.
[INFO] Including io.netty:netty-codec:jar:4.1.94.Final in the shaded jar.
[INFO] Including org.skife.config:config-magic:jar:0.9 in the shaded jar.
[INFO] Including org.apache.curator:curator-recipes:jar:5.5.0 in the shaded jar.
[INFO] Including com.sun.jersey:jersey-servlet:jar:1.19.4 in the shaded jar.
[INFO] Including javax.ws.rs:jsr311-api:jar:1.1.1 in the shaded jar.
[INFO] Including javax.servlet:javax.servlet-api:jar:3.1.0 in the shaded jar.
[INFO] Including org.eclipse.jetty:jetty-http:jar:9.4.51.v20230217 in the shaded jar.
[INFO] Including com.google.errorprone:error_prone_annotations:jar:2.20.0 in the shaded jar.
[INFO] Including commons-lang:commons-lang:jar:2.6 in the shaded jar.
[INFO] Including org.slf4j:slf4j-api:jar:1.7.36 in the shaded jar.
[INFO] Including io.github.resilience4j:resilience4j-bulkhead:jar:1.3.1 in the shaded jar.
[INFO] Including io.vavr:vavr:jar:0.10.2 in the shaded jar.
[INFO] Including io.vavr:vavr-match:jar:0.10.2 in the shaded jar.
[INFO] Including io.github.resilience4j:resilience4j-core:jar:1.3.1 in the shaded jar.
[INFO] Including io.timeandspace:cron-scheduler:jar:0.1 in the shaded jar.
[INFO] Including com.fasterxml.jackson.module:jackson-module-guice:jar:2.12.7 in the shaded jar.
[INFO] Including org.apache.commons:commons-lang3:jar:3.12.0 in the shaded jar.
[INFO] Including org.apache.druid:druid-processing:jar:28.0.0-SNAPSHOT in the shaded jar.
[INFO] Including com.fasterxml.jackson.datatype:jackson-datatype-guava:jar:2.12.7 in the shaded jar.
[INFO] Including org.apache.commons:commons-compress:jar:1.23.0 in the shaded jar.
[INFO] Including org.apache.commons:commons-text:jar:1.10.0 in the shaded jar.
[INFO] Including org.ow2.asm:asm:jar:9.3 in the shaded jar.
[INFO] Including org.ow2.asm:asm-commons:jar:9.3 in the shaded jar.
[INFO] Including org.ow2.asm:asm-tree:jar:9.3 in the shaded jar.
[INFO] Including org.ow2.asm:asm-analysis:jar:9.3 in the shaded jar.
[INFO] Including org.checkerframework:checker-qual:jar:2.5.7 in the shaded jar.
[INFO] Including org.apache.maven:maven-artifact:jar:3.6.0 in the shaded jar.
[INFO] Including org.codehaus.plexus:plexus-utils:jar:3.0.24 in the shaded jar.
[INFO] Including javax.el:javax.el-api:jar:3.0.0 in the shaded jar.
[INFO] Including org.glassfish:jakarta.el:jar:3.0.4 in the shaded jar.
[INFO] Including javax.xml.bind:jaxb-api:jar:2.3.1 in the shaded jar.
[INFO] Including javax.activation:javax.activation-api:jar:1.2.0 in the shaded jar.
[INFO] Including org.apache.logging.log4j:log4j-slf4j-impl:jar:2.18.0 in the shaded jar.
[INFO] Including org.apache.logging.log4j:log4j-jul:jar:2.18.0 in the shaded jar.
[INFO] Including org.apache.logging.log4j:log4j-1.2-api:jar:2.18.0 in the shaded jar.
[INFO] Including org.slf4j:jcl-over-slf4j:jar:1.7.36 in the shaded jar.
[INFO] Including com.github.rvesse:airline:jar:2.8.4 in the shaded jar.
[INFO] Including com.github.rvesse:airline-io:jar:2.8.4 in the shaded jar.
[INFO] Including org.apache.commons:commons-collections4:jar:4.2 in the shaded jar.
[INFO] Including org.hibernate.validator:hibernate-validator:jar:6.2.5.Final in the shaded jar.
[INFO] Including org.jboss.logging:jboss-logging:jar:3.4.1.Final in the shaded jar.
[INFO] Including com.fasterxml:classmate:jar:1.5.1 in the shaded jar.
[INFO] Including io.netty:netty-buffer:jar:4.1.94.Final in the shaded jar.
[INFO] Including io.netty:netty-codec-http:jar:4.1.94.Final in the shaded jar.
[INFO] Including org.roaringbitmap:RoaringBitmap:jar:0.9.0 in the shaded jar.
[INFO] Including org.roaringbitmap:shims:jar:0.9.0 in the shaded jar.
[INFO] Including it.unimi.dsi:fastutil:jar:8.5.4 in the shaded jar.
[INFO] Including it.unimi.dsi:fastutil-extra:jar:8.5.4 in the shaded jar.
[INFO] Including org.antlr:antlr4-runtime:jar:4.5.3 in the shaded jar.
[INFO] Including com.ibm.icu:icu4j:jar:73.2 in the shaded jar.
[INFO] Including org.mozilla:rhino:jar:1.7.14 in the shaded jar.
[INFO] Including com.ning:compress-lzf:jar:1.0.4 in the shaded jar.
[INFO] Including com.github.luben:zstd-jni:jar:1.5.2-3 in the shaded jar.
[INFO] Including org.tukaani:xz:jar:1.9 in the shaded jar.
[INFO] Including org.apache.datasketches:datasketches-java:jar:4.1.0 in the shaded jar.
[INFO] Including org.apache.datasketches:datasketches-memory:jar:2.2.0 in the shaded jar.
[INFO] Including com.github.seancfoley:ipaddress:jar:5.3.4 in the shaded jar.
[INFO] Including com.opencsv:opencsv:jar:4.6 in the shaded jar.
[INFO] Including commons-beanutils:commons-beanutils:jar:1.9.4 in the shaded jar.
[INFO] Including commons-collections:commons-collections:jar:3.2.2 in the shaded jar.
[INFO] Including net.thisptr:jackson-jq:jar:0.0.10 in the shaded jar.
[INFO] Including org.jruby.joni:joni:jar:2.1.27 in the shaded jar.
[INFO] Including org.jruby.jcodings:jcodings:jar:1.0.43 in the shaded jar.
[INFO] Including com.jayway.jsonpath:json-path:jar:2.3.0 in the shaded jar.
[INFO] Including net.minidev:json-smart:jar:2.4.11 in the shaded jar.
[INFO] Including net.minidev:accessors-smart:jar:2.4.11 in the shaded jar.
[INFO] Including com.lmax:disruptor:jar:3.3.6 in the shaded jar.
[INFO] Including net.java.dev.jna:jna:jar:5.13.0 in the shaded jar.
[INFO] Including org.hyperic:sigar:jar:1.6.5.132 in the shaded jar.
[INFO] Including com.github.oshi:oshi-core:jar:6.4.4 in the shaded jar.
[INFO] Including net.java.dev.jna:jna-platform:jar:5.13.0 in the shaded jar.
[INFO] Including commons-io:commons-io:jar:2.11.0 in the shaded jar.
[INFO] Including com.google.guava:guava:jar:31.1-jre in the shaded jar.
[INFO] Including com.google.guava:failureaccess:jar:1.0.1 in the shaded jar.
[INFO] Including com.google.j2objc:j2objc-annotations:jar:1.3 in the shaded jar.
[INFO] Including com.fasterxml.jackson.core:jackson-core:jar:2.12.7 in the shaded jar.
[INFO] Including com.fasterxml.jackson.core:jackson-databind:jar:2.12.7 in the shaded jar.
[INFO] Including com.google.code.findbugs:jsr305:jar:2.0.1 in the shaded jar.
[INFO] Including joda-time:joda-time:jar:2.12.5 in the shaded jar.
[INFO] Including com.fasterxml.jackson.core:jackson-annotations:jar:2.12.7 in the shaded jar.
[INFO] Including com.google.inject:guice:jar:4.1.0 in the shaded jar.
[INFO] Including javax.inject:javax.inject:jar:1 in the shaded jar.
[INFO] Including aopalliance:aopalliance:jar:1.0 in the shaded jar.
[INFO] Including jakarta.validation:jakarta.validation-api:jar:2.0.2 in the shaded jar.
[INFO] Including org.eclipse.jetty:jetty-client:jar:9.4.51.v20230217 in the shaded jar.
[INFO] Including commons-logging:commons-logging:jar:1.1.1 in the shaded jar.
[WARNING] Discovered module-info.class. Shading will break its strong encapsulation.
[WARNING] Discovered module-info.class. Shading will break its strong encapsulation.
[WARNING] Discovered module-info.class. Shading will break its strong encapsulation.
[WARNING] Discovered module-info.class. Shading will break its strong encapsulation.
[WARNING] Discovered module-info.class. Shading will break its strong encapsulation.
[WARNING] Discovered module-info.class. Shading will break its strong encapsulation.
[WARNING] Discovered module-info.class. Shading will break its strong encapsulation.
[WARNING] Discovered module-info.class. Shading will break its strong encapsulation.
[WARNING] Discovered module-info.class. Shading will break its strong encapsulation.
[WARNING] Discovered module-info.class. Shading will break its strong encapsulation.
[WARNING] Discovered module-info.class. Shading will break its strong encapsulation.
[WARNING] Discovered module-info.class. Shading will break its strong encapsulation.
[WARNING] Discovered module-info.class. Shading will break its strong encapsulation.
[WARNING] Discovered module-info.class. Shading will break its strong encapsulation.
[WARNING] Discovered module-info.class. Shading will break its strong encapsulation.
[WARNING] Discovered module-info.class. Shading will break its strong encapsulation.
[WARNING] Discovered module-info.class. Shading will break its strong encapsulation.
[WARNING] Discovered module-info.class. Shading will break its strong encapsulation.
[WARNING] RoaringBitmap-0.9.0.jar, accessors-smart-2.4.11.jar, aether-api-0.9.0.M2.jar, aether-connector-file-0.9.0.M2.jar, aether-connector-okhttp-0.0.9.jar, aether-impl-0.9.0.M2.jar, aether-spi-0.9.0.M2.jar, aether-util-0.9.0.M2.jar, airline-2.8.4.jar, airline-io-2.8.4.jar, antlr4-runtime-4.5.3.jar, aopalliance-1.0.jar, asm-9.3.jar, asm-analysis-9.3.jar, asm-commons-9.3.jar, asm-tree-9.3.jar, async-http-client-2.5.3.jar, async-http-client-netty-utils-2.5.3.jar, audience-annotations-0.5.0.jar, aws-java-sdk-core-1.12.497.jar, aws-java-sdk-ec2-1.12.497.jar, aws-java-sdk-kms-1.12.497.jar, aws-java-sdk-s3-1.12.497.jar, aws-java-sdk-sts-1.12.497.jar, caffeine-2.8.0.jar, checker-qual-2.5.7.jar, classmate-1.5.1.jar, commons-beanutils-1.9.4.jar, commons-codec-1.13.jar, commons-collections-3.2.2.jar, commons-collections4-4.2.jar, commons-compress-1.23.0.jar, commons-dbcp2-2.0.1.jar, commons-io-2.11.0.jar, commons-lang-2.6.jar, commons-lang3-3.12.0.jar, commons-logging-1.1.1.jar, commons-math3-3.6.1.jar, commons-pool2-2.2.jar, commons-text-1.10.0.jar, compress-lzf-1.0.4.jar, config-magic-0.9.jar, cron-scheduler-0.1.jar, curator-client-5.5.0.jar, curator-framework-5.5.0.jar, curator-recipes-5.5.0.jar, curator-x-discovery-5.5.0.jar, datasketches-java-4.1.0.jar, datasketches-memory-2.2.0.jar, derby-10.14.2.0.jar, derbynet-10.14.2.0.jar, disruptor-3.3.6.jar, druid-aws-common-28.0.0-SNAPSHOT.jar, druid-gcp-common-28.0.0-SNAPSHOT.jar, druid-indexing-hadoop-28.0.0-SNAPSHOT.jar, druid-processing-28.0.0-SNAPSHOT.jar, druid-server-28.0.0-SNAPSHOT.jar, error_prone_annotations-2.20.0.jar, failureaccess-1.0.1.jar, fastutil-8.5.4.jar, fastutil-core-8.5.4.jar, fastutil-extra-8.5.4.jar, google-api-client-1.26.0.jar, google-http-client-1.26.0.jar, google-http-client-jackson2-1.26.0.jar, google-oauth-client-1.26.0.jar, guava-31.1-jre.jar, guice-4.1.0.jar, guice-multibindings-4.1.0.jar, guice-servlet-4.1.0.jar, hibernate-validator-6.2.5.Final.jar, icu4j-73.2.jar, ion-java-1.0.2.jar, ipaddress-5.3.4.jar, j2objc-annotations-1.3.jar, jackson-annotations-2.12.7.jar, jackson-core-2.12.7.jar, jackson-databind-2.12.7.jar, jackson-dataformat-cbor-2.12.7.jar, jackson-dataformat-smile-2.12.7.jar, jackson-datatype-guava-2.12.7.jar, jackson-datatype-joda-2.12.7.jar, jackson-jaxrs-base-2.12.7.jar, jackson-jaxrs-json-provider-2.12.7.jar, jackson-jaxrs-smile-provider-2.12.7.jar, jackson-jq-0.0.10.jar, jackson-module-guice-2.12.7.jar, jackson-module-jaxb-annotations-2.12.7.jar, jakarta.activation-api-1.2.1.jar, jakarta.el-3.0.4.jar, jakarta.inject-api-1.0.3.jar, jakarta.validation-api-2.0.2.jar, jakarta.xml.bind-api-2.3.2.jar, javax.activation-1.2.0.jar, javax.activation-api-1.2.0.jar, javax.el-api-3.0.0.jar, javax.servlet-api-3.1.0.jar, jaxb-api-2.3.1.jar, jboss-logging-3.4.1.Final.jar, jcl-over-slf4j-1.7.36.jar, jcodings-1.0.43.jar, jdbi-2.63.1.jar, jersey-core-1.19.4.jar, jersey-guice-1.19.4.jar, jersey-server-1.19.4.jar, jersey-servlet-1.19.4.jar, jetty-client-9.4.51.v20230217.jar, jetty-continuation-9.4.51.v20230217.jar, jetty-http-9.4.51.v20230217.jar, jetty-io-9.4.51.v20230217.jar, jetty-proxy-9.4.51.v20230217.jar, jetty-rewrite-9.4.51.v20230217.jar, jetty-security-9.4.51.v20230217.jar, jetty-server-9.4.51.v20230217.jar, jetty-servlet-9.4.51.v20230217.jar, jetty-servlets-9.4.51.v20230217.jar, jetty-util-9.4.51.v20230217.jar, jetty-util-ajax-9.4.51.v20230217.jar, jmespath-java-1.12.497.jar, jna-5.13.0.jar, jna-platform-5.13.0.jar, joda-time-2.12.5.jar, joni-2.1.27.jar, json-path-2.3.0.jar, json-smart-2.4.11.jar, jsr305-2.0.1.jar, jsr311-api-1.1.1.jar, log4j-1.2-api-2.18.0.jar, log4j-api-2.18.0.jar, log4j-core-2.18.0.jar, log4j-jul-2.18.0.jar, log4j-slf4j-impl-2.18.0.jar, lz4-java-1.8.0.jar, maven-aether-provider-3.1.1.jar, maven-artifact-3.6.0.jar, maven-model-3.1.1.jar, maven-model-builder-3.1.1.jar, maven-repository-metadata-3.1.1.jar, maven-settings-3.1.1.jar, maven-settings-builder-3.1.1.jar, netty-3.10.6.Final.jar, netty-buffer-4.1.94.Final.jar, netty-codec-4.1.94.Final.jar, netty-codec-dns-4.1.94.Final.jar, netty-codec-http-4.1.94.Final.jar, netty-codec-socks-4.1.94.Final.jar, netty-common-4.1.94.Final.jar, netty-handler-4.1.94.Final.jar, netty-handler-proxy-4.1.94.Final.jar, netty-reactive-streams-2.0.0.jar, netty-resolver-4.1.94.Final.jar, netty-resolver-dns-4.1.94.Final.jar, netty-transport-4.1.94.Final.jar, netty-transport-classes-epoll-4.1.94.Final.jar, netty-transport-native-epoll-4.1.94.Final-linux-x86_64.jar, netty-transport-native-unix-common-4.1.94.Final.jar, okhttp-1.0.2.jar, opencsv-4.6.jar, oshi-core-6.4.4.jar, plexus-interpolation-1.19.jar, plexus-utils-3.0.24.jar, reactive-streams-1.0.2.jar, resilience4j-bulkhead-1.3.1.jar, resilience4j-core-1.3.1.jar, rhino-1.7.14.jar, shims-0.9.0.jar, sigar-1.6.5.132.jar, slf4j-api-1.7.36.jar, spymemcached-2.12.3.jar, tesla-aether-0.0.5.jar, vavr-0.10.2.jar, vavr-match-0.10.2.jar, wagon-provider-api-2.4.jar, xz-1.9.jar, zookeeper-3.5.10.jar, zookeeper-jute-3.5.10.jar, zstd-jni-1.5.2-3.jar define 1 overlapping resource: 
[WARNING]   - META-INF/MANIFEST.MF
[WARNING] audience-annotations-0.5.0.jar, curator-client-5.5.0.jar, curator-framework-5.5.0.jar, curator-recipes-5.5.0.jar, curator-x-discovery-5.5.0.jar, datasketches-java-4.1.0.jar, datasketches-memory-2.2.0.jar, druid-aws-common-28.0.0-SNAPSHOT.jar, druid-gcp-common-28.0.0-SNAPSHOT.jar, druid-indexing-hadoop-28.0.0-SNAPSHOT.jar, druid-processing-28.0.0-SNAPSHOT.jar, druid-server-28.0.0-SNAPSHOT.jar, guice-4.1.0.jar, guice-multibindings-4.1.0.jar, guice-servlet-4.1.0.jar, log4j-1.2-api-2.18.0.jar, log4j-api-2.18.0.jar, log4j-core-2.18.0.jar, log4j-jul-2.18.0.jar, log4j-slf4j-impl-2.18.0.jar, maven-aether-provider-3.1.1.jar, maven-artifact-3.6.0.jar, maven-model-3.1.1.jar, maven-model-builder-3.1.1.jar, maven-repository-metadata-3.1.1.jar, maven-settings-3.1.1.jar, maven-settings-builder-3.1.1.jar, wagon-provider-api-2.4.jar, zookeeper-3.5.10.jar, zookeeper-jute-3.5.10.jar define 1 overlapping resource: 
[WARNING]   - META-INF/DEPENDENCIES
[WARNING] audience-annotations-0.5.0.jar, caffeine-2.8.0.jar, classmate-1.5.1.jar, commons-logging-1.1.1.jar, compress-lzf-1.0.4.jar, curator-client-5.5.0.jar, curator-framework-5.5.0.jar, curator-recipes-5.5.0.jar, curator-x-discovery-5.5.0.jar, datasketches-java-4.1.0.jar, datasketches-memory-2.2.0.jar, derby-10.14.2.0.jar, derbynet-10.14.2.0.jar, druid-aws-common-28.0.0-SNAPSHOT.jar, druid-gcp-common-28.0.0-SNAPSHOT.jar, druid-indexing-hadoop-28.0.0-SNAPSHOT.jar, druid-processing-28.0.0-SNAPSHOT.jar, druid-server-28.0.0-SNAPSHOT.jar, guice-4.1.0.jar, guice-multibindings-4.1.0.jar, guice-servlet-4.1.0.jar, jackson-annotations-2.12.7.jar, jackson-core-2.12.7.jar, jackson-databind-2.12.7.jar, jackson-datatype-guava-2.12.7.jar, jackson-datatype-joda-2.12.7.jar, jackson-jaxrs-base-2.12.7.jar, jackson-jaxrs-json-provider-2.12.7.jar, jackson-jaxrs-smile-provider-2.12.7.jar, jackson-module-guice-2.12.7.jar, jackson-module-jaxb-annotations-2.12.7.jar, jdbi-2.63.1.jar, jetty-client-9.4.51.v20230217.jar, jetty-continuation-9.4.51.v20230217.jar, jetty-http-9.4.51.v20230217.jar, jetty-io-9.4.51.v20230217.jar, jetty-proxy-9.4.51.v20230217.jar, jetty-rewrite-9.4.51.v20230217.jar, jetty-security-9.4.51.v20230217.jar, jetty-server-9.4.51.v20230217.jar, jetty-servlet-9.4.51.v20230217.jar, jetty-servlets-9.4.51.v20230217.jar, jetty-util-9.4.51.v20230217.jar, jetty-util-ajax-9.4.51.v20230217.jar, jna-5.13.0.jar, jna-platform-5.13.0.jar, log4j-1.2-api-2.18.0.jar, log4j-api-2.18.0.jar, log4j-core-2.18.0.jar, log4j-jul-2.18.0.jar, log4j-slf4j-impl-2.18.0.jar, maven-aether-provider-3.1.1.jar, maven-artifact-3.6.0.jar, maven-model-3.1.1.jar, maven-model-builder-3.1.1.jar, maven-repository-metadata-3.1.1.jar, maven-settings-3.1.1.jar, maven-settings-builder-3.1.1.jar, plexus-utils-3.0.24.jar, wagon-provider-api-2.4.jar, zookeeper-3.5.10.jar, zookeeper-jute-3.5.10.jar define 1 overlapping resource: 
[WARNING]   - META-INF/LICENSE
[WARNING] audience-annotations-0.5.0.jar, classmate-1.5.1.jar, commons-logging-1.1.1.jar, compress-lzf-1.0.4.jar, curator-client-5.5.0.jar, curator-framework-5.5.0.jar, curator-recipes-5.5.0.jar, curator-x-discovery-5.5.0.jar, datasketches-java-4.1.0.jar, datasketches-memory-2.2.0.jar, derby-10.14.2.0.jar, derbynet-10.14.2.0.jar, druid-aws-common-28.0.0-SNAPSHOT.jar, druid-gcp-common-28.0.0-SNAPSHOT.jar, druid-indexing-hadoop-28.0.0-SNAPSHOT.jar, druid-processing-28.0.0-SNAPSHOT.jar, druid-server-28.0.0-SNAPSHOT.jar, guice-4.1.0.jar, guice-multibindings-4.1.0.jar, guice-servlet-4.1.0.jar, jackson-core-2.12.7.jar, jackson-databind-2.12.7.jar, jackson-jaxrs-json-provider-2.12.7.jar, jackson-jaxrs-smile-provider-2.12.7.jar, jackson-module-guice-2.12.7.jar, jackson-module-jaxb-annotations-2.12.7.jar, jdbi-2.63.1.jar, log4j-1.2-api-2.18.0.jar, log4j-api-2.18.0.jar, log4j-core-2.18.0.jar, log4j-jul-2.18.0.jar, log4j-slf4j-impl-2.18.0.jar, maven-aether-provider-3.1.1.jar, maven-artifact-3.6.0.jar, maven-model-3.1.1.jar, maven-model-builder-3.1.1.jar, maven-repository-metadata-3.1.1.jar, maven-settings-3.1.1.jar, maven-settings-builder-3.1.1.jar, plexus-utils-3.0.24.jar, wagon-provider-api-2.4.jar, zookeeper-3.5.10.jar, zookeeper-jute-3.5.10.jar define 1 overlapping resource: 
[WARNING]   - META-INF/NOTICE
[WARNING] druid-aws-common-28.0.0-SNAPSHOT.jar, druid-gcp-common-28.0.0-SNAPSHOT.jar define 1 overlapping resource: 
[WARNING]   - META-INF/services/org.apache.druid.initialization.DruidModule
[WARNING] jackson-core-2.12.7.jar, jackson-dataformat-cbor-2.12.7.jar, jackson-dataformat-smile-2.12.7.jar define 1 overlapping resource: 
[WARNING]   - META-INF/services/com.fasterxml.jackson.core.JsonFactory
[WARNING] commons-beanutils-1.9.4.jar, commons-codec-1.13.jar, commons-collections-3.2.2.jar, commons-collections4-4.2.jar, commons-compress-1.23.0.jar, commons-dbcp2-2.0.1.jar, commons-io-2.11.0.jar, commons-lang-2.6.jar, commons-lang3-3.12.0.jar, commons-math3-3.6.1.jar, commons-pool2-2.2.jar, commons-text-1.10.0.jar, jakarta.inject-api-1.0.3.jar, javax.activation-1.2.0.jar, javax.activation-api-1.2.0.jar, javax.el-api-3.0.0.jar, javax.servlet-api-3.1.0.jar, jaxb-api-2.3.1.jar, jboss-logging-3.4.1.Final.jar, joda-time-2.12.5.jar, netty-3.10.6.Final.jar, rhino-1.7.14.jar define 1 overlapping resource: 
[WARNING]   - META-INF/LICENSE.txt
[WARNING] jakarta.activation-api-1.2.1.jar, jakarta.el-3.0.4.jar, jakarta.inject-api-1.0.3.jar, jakarta.xml.bind-api-2.3.2.jar define 1 overlapping resource: 
[WARNING]   - META-INF/NOTICE.md
[WARNING] jakarta.inject-api-1.0.3.jar, javax.inject-1.jar define 6 overlapping classes: 
[WARNING]   - javax.inject.Inject
[WARNING]   - javax.inject.Named
[WARNING]   - javax.inject.Provider
[WARNING]   - javax.inject.Qualifier
[WARNING]   - javax.inject.Scope
[WARNING]   - javax.inject.Singleton
[WARNING] jackson-jaxrs-json-provider-2.12.7.jar, jackson-jaxrs-smile-provider-2.12.7.jar, jersey-core-1.19.4.jar define 1 overlapping resource: 
[WARNING]   - META-INF/services/javax.ws.rs.ext.MessageBodyReader
[WARNING] jackson-jaxrs-json-provider-2.12.7.jar, jackson-jaxrs-smile-provider-2.12.7.jar, jersey-core-1.19.4.jar, jersey-server-1.19.4.jar define 1 overlapping resource: 
[WARNING]   - META-INF/services/javax.ws.rs.ext.MessageBodyWriter
[WARNING] datasketches-memory-2.2.0.jar, jackson-jaxrs-base-2.12.7.jar, jackson-jaxrs-json-provider-2.12.7.jar, jackson-jaxrs-smile-provider-2.12.7.jar, jackson-module-jaxb-annotations-2.12.7.jar define 1 overlapping classes: 
[WARNING]   - META-INF.versions.11.module-info
[WARNING] jackson-datatype-guava-2.12.7.jar, jackson-datatype-joda-2.12.7.jar, jackson-module-jaxb-annotations-2.12.7.jar define 1 overlapping resource: 
[WARNING]   - META-INF/services/com.fasterxml.jackson.databind.Module
[WARNING] jakarta.xml.bind-api-2.3.2.jar, jaxb-api-2.3.1.jar define 114 overlapping classes and resources: 
[WARNING]   - META-INF.versions.9.javax.xml.bind.ModuleUtil
[WARNING]   - javax.xml.bind.Binder
[WARNING]   - javax.xml.bind.ContextFinder
[WARNING]   - javax.xml.bind.ContextFinder$1
[WARNING]   - javax.xml.bind.ContextFinder$2
[WARNING]   - javax.xml.bind.ContextFinder$3
[WARNING]   - javax.xml.bind.ContextFinder$4
[WARNING]   - javax.xml.bind.ContextFinder$5
[WARNING]   - javax.xml.bind.DataBindingException
[WARNING]   - javax.xml.bind.DatatypeConverter
[WARNING]   - 104 more...
[WARNING] jakarta.activation-api-1.2.1.jar, jakarta.el-3.0.4.jar, jakarta.xml.bind-api-2.3.2.jar define 1 overlapping resource: 
[WARNING]   - META-INF/LICENSE.md
[WARNING] jakarta.activation-api-1.2.1.jar, javax.activation-1.2.0.jar, javax.activation-api-1.2.0.jar define 31 overlapping classes: 
[WARNING]   - javax.activation.ActivationDataFlavor
[WARNING]   - javax.activation.CommandInfo
[WARNING]   - javax.activation.CommandInfo$Beans
[WARNING]   - javax.activation.CommandInfo$Beans$1
[WARNING]   - javax.activation.CommandMap
[WARNING]   - javax.activation.CommandObject
[WARNING]   - javax.activation.DataContentHandler
[WARNING]   - javax.activation.DataContentHandlerFactory
[WARNING]   - javax.activation.DataHandler
[WARNING]   - javax.activation.DataHandler$1
[WARNING]   - 21 more...
[WARNING] jersey-core-1.19.4.jar, jersey-server-1.19.4.jar, jersey-servlet-1.19.4.jar define 1 overlapping resource: 
[WARNING]   - META-INF/jersey-module-version
[WARNING] commons-beanutils-1.9.4.jar, commons-codec-1.13.jar, commons-collections-3.2.2.jar, commons-collections4-4.2.jar, commons-compress-1.23.0.jar, commons-dbcp2-2.0.1.jar, commons-io-2.11.0.jar, commons-lang-2.6.jar, commons-lang3-3.12.0.jar, commons-math3-3.6.1.jar, commons-pool2-2.2.jar, commons-text-1.10.0.jar, jetty-client-9.4.51.v20230217.jar, jetty-continuation-9.4.51.v20230217.jar, jetty-http-9.4.51.v20230217.jar, jetty-io-9.4.51.v20230217.jar, jetty-proxy-9.4.51.v20230217.jar, jetty-rewrite-9.4.51.v20230217.jar, jetty-security-9.4.51.v20230217.jar, jetty-server-9.4.51.v20230217.jar, jetty-servlet-9.4.51.v20230217.jar, jetty-servlets-9.4.51.v20230217.jar, jetty-util-9.4.51.v20230217.jar, jetty-util-ajax-9.4.51.v20230217.jar, joda-time-2.12.5.jar, netty-3.10.6.Final.jar, rhino-1.7.14.jar define 1 overlapping resource: 
[WARNING]   - META-INF/NOTICE.txt
[WARNING] aether-api-0.9.0.M2.jar, aether-connector-file-0.9.0.M2.jar, aether-impl-0.9.0.M2.jar, aether-spi-0.9.0.M2.jar, aether-util-0.9.0.M2.jar, jetty-client-9.4.51.v20230217.jar, jetty-continuation-9.4.51.v20230217.jar, jetty-http-9.4.51.v20230217.jar, jetty-io-9.4.51.v20230217.jar, jetty-proxy-9.4.51.v20230217.jar, jetty-rewrite-9.4.51.v20230217.jar, jetty-security-9.4.51.v20230217.jar, jetty-server-9.4.51.v20230217.jar, jetty-servlet-9.4.51.v20230217.jar, jetty-servlets-9.4.51.v20230217.jar, jetty-util-9.4.51.v20230217.jar, jetty-util-ajax-9.4.51.v20230217.jar define 1 overlapping resource: 
[WARNING]   - about.html
[WARNING] aether-connector-file-0.9.0.M2.jar, aether-connector-okhttp-0.0.9.jar, aether-impl-0.9.0.M2.jar, tesla-aether-0.0.5.jar define 1 overlapping resource: 
[WARNING]   - META-INF/sisu/javax.inject.Named
[WARNING] aether-connector-file-0.9.0.M2.jar, aether-connector-okhttp-0.0.9.jar, aether-impl-0.9.0.M2.jar, maven-aether-provider-3.1.1.jar, maven-model-builder-3.1.1.jar, maven-settings-builder-3.1.1.jar define 1 overlapping resource: 
[WARNING]   - META-INF/plexus/components.xml
[WARNING] derby-10.14.2.0.jar, derbynet-10.14.2.0.jar define 16 overlapping class and resource: 
[WARNING]   - org.apache.derby.impl.tools.sysinfo.Main
[WARNING]   - org.apache.derby.impl.tools.sysinfo.Main$1
[WARNING]   - org.apache.derby.impl.tools.sysinfo.Main$2
[WARNING]   - org.apache.derby.impl.tools.sysinfo.Main$3
[WARNING]   - org.apache.derby.impl.tools.sysinfo.Main$4
[WARNING]   - org.apache.derby.impl.tools.sysinfo.Main$5
[WARNING]   - org.apache.derby.impl.tools.sysinfo.Main$6
[WARNING]   - org.apache.derby.impl.tools.sysinfo.Main$7
[WARNING]   - org.apache.derby.impl.tools.sysinfo.Main$8
[WARNING]   - org.apache.derby.impl.tools.sysinfo.Main$9
[WARNING]   - 6 more...
[WARNING] fastutil-core-8.5.4.jar, fastutil-extra-8.5.4.jar define 5 overlapping classes: 
[WARNING]   - it.unimi.dsi.fastutil.booleans.BooleanArrays
[WARNING]   - it.unimi.dsi.fastutil.booleans.BooleanBigArrays
[WARNING]   - it.unimi.dsi.fastutil.booleans.BooleanIterable
[WARNING]   - it.unimi.dsi.fastutil.booleans.BooleanIterator
[WARNING]   - it.unimi.dsi.fastutil.booleans.package-info
[WARNING] config-magic-0.9.jar, icu4j-73.2.jar, jdbi-2.63.1.jar define 1 overlapping resource: 
[WARNING]   - LICENSE
[WARNING] config-magic-0.9.jar, jdbi-2.63.1.jar define 1 overlapping resource: 
[WARNING]   - NOTICE
[WARNING] classmate-1.5.1.jar, jdbi-2.63.1.jar define 2 overlapping resources: 
[WARNING]   - META-INF/maven/com.fasterxml/classmate/pom.properties
[WARNING]   - META-INF/maven/com.fasterxml/classmate/pom.xml
[WARNING] airline-2.8.4.jar, airline-io-2.8.4.jar, log4j-api-2.18.0.jar, xz-1.9.jar define 1 overlapping classes: 
[WARNING]   - META-INF.versions.9.module-info
[WARNING] log4j-1.2-api-2.18.0.jar, log4j-core-2.18.0.jar define 1 overlapping resource: 
[WARNING]   - META-INF/org/apache/logging/log4j/core/config/plugins/Log4j2Plugins.dat
[WARNING] netty-buffer-4.1.94.Final.jar, netty-codec-4.1.94.Final.jar, netty-codec-dns-4.1.94.Final.jar, netty-codec-http-4.1.94.Final.jar, netty-codec-socks-4.1.94.Final.jar, netty-common-4.1.94.Final.jar, netty-handler-4.1.94.Final.jar, netty-handler-proxy-4.1.94.Final.jar, netty-resolver-4.1.94.Final.jar, netty-resolver-dns-4.1.94.Final.jar, netty-transport-4.1.94.Final.jar, netty-transport-classes-epoll-4.1.94.Final.jar, netty-transport-native-epoll-4.1.94.Final-linux-x86_64.jar, netty-transport-native-unix-common-4.1.94.Final.jar define 1 overlapping resource: 
[WARNING]   - META-INF/io.netty.versions.properties
[WARNING] curator-client-5.5.0.jar, failureaccess-1.0.1.jar define 2 overlapping resources: 
[WARNING]   - META-INF/maven/com.google.guava/failureaccess/pom.properties
[WARNING]   - META-INF/maven/com.google.guava/failureaccess/pom.xml
[WARNING] jakarta.el-3.0.4.jar, javax.el-api-3.0.0.jar define 47 overlapping class and resource: 
[WARNING]   - javax.el.ArrayELResolver
[WARNING]   - javax.el.BeanELResolver
[WARNING]   - javax.el.BeanELResolver$1
[WARNING]   - javax.el.BeanELResolver$BPSoftReference
[WARNING]   - javax.el.BeanELResolver$BeanProperties
[WARNING]   - javax.el.BeanELResolver$BeanProperty
[WARNING]   - javax.el.BeanELResolver$SoftConcurrentHashMap
[WARNING]   - javax.el.BeanNameELResolver
[WARNING]   - javax.el.BeanNameResolver
[WARNING]   - javax.el.CompositeELResolver
[WARNING]   - 37 more...
[WARNING] commons-logging-1.1.1.jar, jcl-over-slf4j-1.7.36.jar define 6 overlapping classes: 
[WARNING]   - org.apache.commons.logging.Log
[WARNING]   - org.apache.commons.logging.LogConfigurationException
[WARNING]   - org.apache.commons.logging.LogFactory
[WARNING]   - org.apache.commons.logging.impl.NoOpLog
[WARNING]   - org.apache.commons.logging.impl.SimpleLog
[WARNING]   - org.apache.commons.logging.impl.SimpleLog$1
[WARNING] jna-5.13.0.jar, jna-platform-5.13.0.jar define 2 overlapping resources: 
[WARNING]   - META-INF/AL2.0
[WARNING]   - META-INF/LGPL2.1
[WARNING] maven-shade-plugin has detected that some class files are
[WARNING] present in two or more JARs. When this happens, only one
[WARNING] single version of the class is copied to the uber jar.
[WARNING] Usually this is not harmful and you can skip these warnings,
[WARNING] otherwise try to manually exclude artifacts based on
[WARNING] mvn dependency:tree -Ddetail=true and the above output.
[WARNING] See http://maven.apache.org/plugins/maven-shade-plugin/
[INFO] 
[INFO] --- maven-install-plugin:2.3.1:install (default) @ druid-indexing-hadoop ---
[INFO] Installing /home/srafi/after-cam-ready/compare_/compile_repair_output/work/f0ab39436108/indexing-hadoop/target/druid-indexing-hadoop-28.0.0-SNAPSHOT.jar to /home/srafi/.m2/repository/org/apache/druid/druid-indexing-hadoop/28.0.0-SNAPSHOT/druid-indexing-hadoop-28.0.0-SNAPSHOT.jar
[INFO] Installing /home/srafi/after-cam-ready/compare_/compile_repair_output/work/f0ab39436108/indexing-hadoop/pom.xml to /home/srafi/.m2/repository/org/apache/druid/druid-indexing-hadoop/28.0.0-SNAPSHOT/druid-indexing-hadoop-28.0.0-SNAPSHOT.pom
[INFO] Installing /home/srafi/after-cam-ready/compare_/compile_repair_output/work/f0ab39436108/indexing-hadoop/target/bom.xml to /home/srafi/.m2/repository/org/apache/druid/druid-indexing-hadoop/28.0.0-SNAPSHOT/druid-indexing-hadoop-28.0.0-SNAPSHOT-cyclonedx.xml
[INFO] Installing /home/srafi/after-cam-ready/compare_/compile_repair_output/work/f0ab39436108/indexing-hadoop/target/bom.json to /home/srafi/.m2/repository/org/apache/druid/druid-indexing-hadoop/28.0.0-SNAPSHOT/druid-indexing-hadoop-28.0.0-SNAPSHOT-cyclonedx.json
[INFO] 
[INFO] --- maven-install-plugin:2.3.1:install (default-install) @ druid-indexing-hadoop ---
[INFO] Installing /home/srafi/after-cam-ready/compare_/compile_repair_output/work/f0ab39436108/indexing-hadoop/target/druid-indexing-hadoop-28.0.0-SNAPSHOT.jar to /home/srafi/.m2/repository/org/apache/druid/druid-indexing-hadoop/28.0.0-SNAPSHOT/druid-indexing-hadoop-28.0.0-SNAPSHOT.jar
[INFO] Installing /home/srafi/after-cam-ready/compare_/compile_repair_output/work/f0ab39436108/indexing-hadoop/pom.xml to /home/srafi/.m2/repository/org/apache/druid/druid-indexing-hadoop/28.0.0-SNAPSHOT/druid-indexing-hadoop-28.0.0-SNAPSHOT.pom
[INFO] Installing /home/srafi/after-cam-ready/compare_/compile_repair_output/work/f0ab39436108/indexing-hadoop/target/bom.xml to /home/srafi/.m2/repository/org/apache/druid/druid-indexing-hadoop/28.0.0-SNAPSHOT/druid-indexing-hadoop-28.0.0-SNAPSHOT-cyclonedx.xml
[INFO] Installing /home/srafi/after-cam-ready/compare_/compile_repair_output/work/f0ab39436108/indexing-hadoop/target/bom.json to /home/srafi/.m2/repository/org/apache/druid/druid-indexing-hadoop/28.0.0-SNAPSHOT/druid-indexing-hadoop-28.0.0-SNAPSHOT-cyclonedx.json
[INFO] 
[INFO] --------------< org.apache.druid:druid-indexing-service >---------------
[INFO] Building druid-indexing-service 28.0.0-SNAPSHOT                    [7/7]
[INFO] --------------------------------[ jar ]---------------------------------
[INFO] 
[INFO] --- maven-clean-plugin:2.5:clean (default-clean) @ druid-indexing-service ---
[INFO] 
[INFO] --- maven-checkstyle-plugin:3.0.0:check (validate) @ druid-indexing-service ---
[INFO] 
[INFO] >>> maven-pmd-plugin:3.16.0:check (validate) > :pmd @ druid-indexing-service >>>
[INFO] 
[INFO] --- maven-pmd-plugin:3.16.0:pmd (pmd) @ druid-indexing-service ---
[INFO] PMD version: 6.42.0
[INFO] 
[INFO] <<< maven-pmd-plugin:3.16.0:check (validate) < :pmd @ druid-indexing-service <<<
[INFO] 
[INFO] 
[INFO] --- maven-pmd-plugin:3.16.0:check (validate) @ druid-indexing-service ---
[INFO] PMD version: 6.42.0
[INFO] 
[INFO] 
[INFO] --- git-commit-id-plugin:4.9.10:revision (default) @ druid-indexing-service ---
[INFO] 
[INFO] --- maven-remote-resources-plugin:1.7.0:process (process-resource-bundles) @ druid-indexing-service ---
[INFO] Preparing remote bundle org.apache.apache.resources:apache-jar-resource-bundle:1.5
[INFO] Copying 3 resources from 1 bundle.
[INFO] artifact junit:junit-dep: checking for updates from maven.org
[INFO] artifact junit:junit-dep: checking for updates from sigar
[INFO] artifact junit:junit-dep: checking for updates from central
[INFO] artifact junit:junit: checking for updates from maven.org
[INFO] artifact junit:junit: checking for updates from sigar
[INFO] artifact junit:junit: checking for updates from central
[INFO] 
[INFO] --- maven-resources-plugin:3.2.0:resources (default-resources) @ druid-indexing-service ---
[INFO] Using 'UTF-8' encoding to copy filtered resources.
[INFO] Using 'UTF-8' encoding to copy filtered properties files.
[INFO] Copying 1 resource
[INFO] 
[INFO] --- maven-compiler-plugin:3.11.0:compile (default-compile) @ druid-indexing-service ---
[INFO] Changes detected - recompiling the module! :dependency
[INFO] Compiling 350 source files with javac [debug target 1.8] to target/classes
[INFO] /home/srafi/after-cam-ready/compare_/compile_repair_output/work/f0ab39436108/indexing-service/src/main/java/org/apache/druid/indexing/common/task/IndexTask.java: Some input files use or override a deprecated API.
[INFO] /home/srafi/after-cam-ready/compare_/compile_repair_output/work/f0ab39436108/indexing-service/src/main/java/org/apache/druid/indexing/common/task/IndexTask.java: Recompile with -Xlint:deprecation for details.
[INFO] /home/srafi/after-cam-ready/compare_/compile_repair_output/work/f0ab39436108/indexing-service/src/main/java/org/apache/druid/indexing/common/task/AbstractBatchIndexTask.java: Some input files use unchecked or unsafe operations.
[INFO] /home/srafi/after-cam-ready/compare_/compile_repair_output/work/f0ab39436108/indexing-service/src/main/java/org/apache/druid/indexing/common/task/AbstractBatchIndexTask.java: Recompile with -Xlint:unchecked for details.
[INFO] 
[INFO] --- forbiddenapis:3.2:check (compile) @ druid-indexing-service ---
[INFO] Scanning for classes to check...
[INFO] Reading bundled API signatures: jdk-unsafe-1.8
[INFO] Reading bundled API signatures: jdk-system-out
[INFO] Reading API signatures: /home/srafi/after-cam-ready/compare_/compile_repair_output/work/f0ab39436108/codestyle/joda-time-forbidden-apis.txt
[INFO] Reading API signatures: /home/srafi/after-cam-ready/compare_/compile_repair_output/work/f0ab39436108/codestyle/druid-forbidden-apis.txt
[INFO] Loading classes to check...
[INFO] Scanning classes for violations...
[INFO] Scanned 574 class file(s) for forbidden API invocations (in 0.17s), 0 error(s).
[INFO] 
[INFO] --- maven-resources-plugin:3.2.0:testResources (default-testResources) @ druid-indexing-service ---
[INFO] Using 'UTF-8' encoding to copy filtered resources.
[INFO] Using 'UTF-8' encoding to copy filtered properties files.
[INFO] Copying 1 resource
[INFO] 
[INFO] --- maven-compiler-plugin:3.11.0:testCompile (default-testCompile) @ druid-indexing-service ---
[INFO] Changes detected - recompiling the module! :dependency
[INFO] Compiling 214 source files with javac [debug target 1.8] to target/test-classes
[INFO] /home/srafi/after-cam-ready/compare_/compile_repair_output/work/f0ab39436108/indexing-service/src/test/java/org/apache/druid/indexing/common/task/batch/parallel/AbstractMultiPhaseParallelIndexingTest.java: Some input files use or override a deprecated API.
[INFO] /home/srafi/after-cam-ready/compare_/compile_repair_output/work/f0ab39436108/indexing-service/src/test/java/org/apache/druid/indexing/common/task/batch/parallel/AbstractMultiPhaseParallelIndexingTest.java: Recompile with -Xlint:deprecation for details.
[INFO] /home/srafi/after-cam-ready/compare_/compile_repair_output/work/f0ab39436108/indexing-service/src/test/java/org/apache/druid/indexing/common/task/batch/parallel/AbstractParallelIndexSupervisorTaskTest.java: Some input files use unchecked or unsafe operations.
[INFO] /home/srafi/after-cam-ready/compare_/compile_repair_output/work/f0ab39436108/indexing-service/src/test/java/org/apache/druid/indexing/common/task/batch/parallel/AbstractParallelIndexSupervisorTaskTest.java: Recompile with -Xlint:unchecked for details.
[INFO] 
[INFO] --- forbiddenapis:3.2:testCheck (testCompile) @ druid-indexing-service ---
[INFO] Scanning for classes to check...
[INFO] Reading bundled API signatures: jdk-unsafe-1.8
[INFO] Reading API signatures: /home/srafi/after-cam-ready/compare_/compile_repair_output/work/f0ab39436108/codestyle/joda-time-forbidden-apis.txt
[INFO] Reading API signatures: /home/srafi/after-cam-ready/compare_/compile_repair_output/work/f0ab39436108/codestyle/druid-forbidden-apis.txt
[INFO] Loading classes to check...
[INFO] Scanning classes for violations...
[INFO] Scanned 582 class file(s) for forbidden API invocations (in 0.20s), 0 error(s).
[INFO] 
[INFO] --- maven-surefire-plugin:3.0.0-M8-SNAPSHOT:test (default-test) @ druid-indexing-service ---
[INFO] Tests are skipped.
[INFO] 
[INFO] --- animal-sniffer-maven-plugin:1.17:check (check-java-api) @ druid-indexing-service ---
[INFO] Signature checking is skipped.
[INFO] 
[INFO] --- maven-jar-plugin:3.2.2:jar (default-jar) @ druid-indexing-service ---
[INFO] Building jar: /home/srafi/after-cam-ready/compare_/compile_repair_output/work/f0ab39436108/indexing-service/target/druid-indexing-service-28.0.0-SNAPSHOT.jar
[INFO] 
[INFO] --- maven-jar-plugin:3.2.2:test-jar (default) @ druid-indexing-service ---
[INFO] Building jar: /home/srafi/after-cam-ready/compare_/compile_repair_output/work/f0ab39436108/indexing-service/target/druid-indexing-service-28.0.0-SNAPSHOT-tests.jar
[INFO] 
[INFO] --- maven-site-plugin:3.11.0:attach-descriptor (attach-descriptor) @ druid-indexing-service ---
[INFO] Skipping because packaging 'jar' is not pom.
[INFO] 
[INFO] --- cyclonedx-maven-plugin:2.7.9:makeBom (default) @ druid-indexing-service ---
[INFO] CycloneDX: Resolving Dependencies
[INFO] CycloneDX: Creating BOM version 1.4 with 186 component(s)
[INFO] CycloneDX: Writing and validating BOM (XML): /home/srafi/after-cam-ready/compare_/compile_repair_output/work/f0ab39436108/indexing-service/target/bom.xml
[INFO]            attaching as druid-indexing-service-28.0.0-SNAPSHOT-cyclonedx.xml
[INFO] CycloneDX: Writing and validating BOM (JSON): /home/srafi/after-cam-ready/compare_/compile_repair_output/work/f0ab39436108/indexing-service/target/bom.json
[INFO]            attaching as druid-indexing-service-28.0.0-SNAPSHOT-cyclonedx.json
[INFO] 
[INFO] --- maven-install-plugin:2.3.1:install (default) @ druid-indexing-service ---
[INFO] Installing /home/srafi/after-cam-ready/compare_/compile_repair_output/work/f0ab39436108/indexing-service/target/druid-indexing-service-28.0.0-SNAPSHOT.jar to /home/srafi/.m2/repository/org/apache/druid/druid-indexing-service/28.0.0-SNAPSHOT/druid-indexing-service-28.0.0-SNAPSHOT.jar
[INFO] Installing /home/srafi/after-cam-ready/compare_/compile_repair_output/work/f0ab39436108/indexing-service/pom.xml to /home/srafi/.m2/repository/org/apache/druid/druid-indexing-service/28.0.0-SNAPSHOT/druid-indexing-service-28.0.0-SNAPSHOT.pom
[INFO] Installing /home/srafi/after-cam-ready/compare_/compile_repair_output/work/f0ab39436108/indexing-service/target/druid-indexing-service-28.0.0-SNAPSHOT-tests.jar to /home/srafi/.m2/repository/org/apache/druid/druid-indexing-service/28.0.0-SNAPSHOT/druid-indexing-service-28.0.0-SNAPSHOT-tests.jar
[INFO] Installing /home/srafi/after-cam-ready/compare_/compile_repair_output/work/f0ab39436108/indexing-service/target/bom.xml to /home/srafi/.m2/repository/org/apache/druid/druid-indexing-service/28.0.0-SNAPSHOT/druid-indexing-service-28.0.0-SNAPSHOT-cyclonedx.xml
[INFO] Installing /home/srafi/after-cam-ready/compare_/compile_repair_output/work/f0ab39436108/indexing-service/target/bom.json to /home/srafi/.m2/repository/org/apache/druid/druid-indexing-service/28.0.0-SNAPSHOT/druid-indexing-service-28.0.0-SNAPSHOT-cyclonedx.json
[INFO] 
[INFO] --- maven-install-plugin:2.3.1:install (default-install) @ druid-indexing-service ---
[INFO] Installing /home/srafi/after-cam-ready/compare_/compile_repair_output/work/f0ab39436108/indexing-service/target/druid-indexing-service-28.0.0-SNAPSHOT.jar to /home/srafi/.m2/repository/org/apache/druid/druid-indexing-service/28.0.0-SNAPSHOT/druid-indexing-service-28.0.0-SNAPSHOT.jar
[INFO] Installing /home/srafi/after-cam-ready/compare_/compile_repair_output/work/f0ab39436108/indexing-service/pom.xml to /home/srafi/.m2/repository/org/apache/druid/druid-indexing-service/28.0.0-SNAPSHOT/druid-indexing-service-28.0.0-SNAPSHOT.pom
[INFO] Installing /home/srafi/after-cam-ready/compare_/compile_repair_output/work/f0ab39436108/indexing-service/target/druid-indexing-service-28.0.0-SNAPSHOT-tests.jar to /home/srafi/.m2/repository/org/apache/druid/druid-indexing-service/28.0.0-SNAPSHOT/druid-indexing-service-28.0.0-SNAPSHOT-tests.jar
[INFO] Installing /home/srafi/after-cam-ready/compare_/compile_repair_output/work/f0ab39436108/indexing-service/target/bom.xml to /home/srafi/.m2/repository/org/apache/druid/druid-indexing-service/28.0.0-SNAPSHOT/druid-indexing-service-28.0.0-SNAPSHOT-cyclonedx.xml
[INFO] Installing /home/srafi/after-cam-ready/compare_/compile_repair_output/work/f0ab39436108/indexing-service/target/bom.json to /home/srafi/.m2/repository/org/apache/druid/druid-indexing-service/28.0.0-SNAPSHOT/druid-indexing-service-28.0.0-SNAPSHOT-cyclonedx.json
[INFO] ------------------------------------------------------------------------
[INFO] Reactor Summary for Druid 28.0.0-SNAPSHOT:
[INFO] 
[INFO] Druid .............................................. SUCCESS [  2.074 s]
[INFO] druid-processing ................................... SUCCESS [ 29.215 s]
[INFO] druid-aws-common ................................... SUCCESS [  2.064 s]
[INFO] druid-gcp-common ................................... SUCCESS [  1.823 s]
[INFO] druid-server ....................................... SUCCESS [ 10.377 s]
[INFO] druid-indexing-hadoop .............................. SUCCESS [ 13.413 s]
[INFO] druid-indexing-service ............................. SUCCESS [  7.633 s]
[INFO] ------------------------------------------------------------------------
[INFO] BUILD SUCCESS
[INFO] ------------------------------------------------------------------------
[INFO] Total time:  01:06 min
[INFO] Finished at: 2026-08-15T14:25:04-04:00
[INFO] ------------------------------------------------------------------------
