Project URL,SHA Detected,Module Path,Fully-Qualified Test Name (packageName.ClassName.methodName),Category,Status,PR Link,Notes
https://github.com/abel533/Mapper,3c0b3307011fad53f811e08d05147d94fc6c0d67,base,tk.mybatis.mapper.test.country.TestDeleteByPrimaryKey.testDynamicDelete,OD,Accepted,https://github.com/abel533/Mapper/pull/838,https://github.com/TestingResearchIllinois/idoft/issues/90
https://github.com/abel533/Mapper,3c0b3307011fad53f811e08d05147d94fc6c0d67,base,tk.mybatis.mapper.test.country.TestDeleteByPrimaryKey.testDynamicDeleteEntity,OD,Accepted,https://github.com/abel533/Mapper/pull/838,https://github.com/TestingResearchIllinois/idoft/issues/90
https://github.com/abel533/Mapper,3c0b3307011fad53f811e08d05147d94fc6c0d67,base,tk.mybatis.mapper.test.country.TestDeleteByPrimaryKey.testDynamicDeleteException,OD,Accepted,https://github.com/abel533/Mapper/pull/838,https://github.com/TestingResearchIllinois/idoft/issues/90
https://github.com/abel533/Mapper,3c0b3307011fad53f811e08d05147d94fc6c0d67,base,tk.mybatis.mapper.test.country.TestDeleteByPrimaryKey.testDynamicDeleteMap,OD,Accepted,https://github.com/abel533/Mapper/pull/838,https://github.com/TestingResearchIllinois/idoft/issues/90
https://github.com/Activiti/Activiti,b11f757a48600e53aaf3fcb7a3ba1ece6c463cb4,activiti-engine,org.activiti.engine.test.cfg.RetryInterceptorTest.testRetryInterceptor,NIO,Accepted,https://github.com/Activiti/Activiti/pull/3488,
https://github.com/Activiti/Activiti,b11f757a48600e53aaf3fcb7a3ba1ece6c463cb4,activiti-engine,org.activiti.standalone.validation.DisabledSchemaValidationTest.testDisableValidation,NIO,Accepted,https://github.com/Activiti/Activiti/pull/3487,
https://github.com/adobe/aem-core-wcm-components,5f29cc86b17b6db36cc617805295eb951b6504a1,bundles/core,com.adobe.cq.wcm.core.components.internal.models.v1.PageImplTest.testPage,ID,Accepted,https://github.com/adobe/aem-core-wcm-components/pull/2894,https://github.com/wcm-io/io.wcm.testing.aem-mock/pull/52
https://github.com/adobe/aem-core-wcm-components,5f29cc86b17b6db36cc617805295eb951b6504a1,bundles/core,com.adobe.cq.wcm.core.components.internal.models.v2.PageImplTest.testPage,ID,Accepted,https://github.com/adobe/aem-core-wcm-components/pull/2894,https://github.com/wcm-io/io.wcm.testing.aem-mock/pull/52
https://github.com/adobe/aem-core-wcm-components,5f29cc86b17b6db36cc617805295eb951b6504a1,bundles/core,com.adobe.cq.wcm.core.components.internal.models.v2.PageImplTest.testPageWithDeprecatedCaconfig,ID,Accepted,https://github.com/adobe/aem-core-wcm-components/pull/2894,https://github.com/wcm-io/io.wcm.testing.aem-mock/pull/52
https://github.com/adobe/aem-core-wcm-components,5f29cc86b17b6db36cc617805295eb951b6504a1,bundles/core,com.adobe.cq.wcm.core.components.internal.models.v3.PageImplTest.testPage,ID,Accepted,https://github.com/adobe/aem-core-wcm-components/pull/2894,https://github.com/wcm-io/io.wcm.testing.aem-mock/pull/52
https://github.com/adobe/aem-core-wcm-components,5f29cc86b17b6db36cc617805295eb951b6504a1,bundles/core,com.adobe.cq.wcm.core.components.internal.models.v3.PageImplTest.testPageWithDeprecatedCaconfig,ID,Accepted,https://github.com/adobe/aem-core-wcm-components/pull/2894,https://github.com/wcm-io/io.wcm.testing.aem-mock/pull/52
https://github.com/alibaba/druid,ad05a9293b6be2d5562807698b215b673db0417a,utils,com.alibaba.druid.bvt.utils.JdbcUtilsTest.test_curd,ID,Accepted,https://github.com/alibaba/druid/pull/4717,
https://github.com/alibaba/easyexcel,756f16e42fbd7bc5c7fa18426cbc02fc81a42057,.,com.alibaba.easyexcel.test.core.simple.SimpleDataTest.t03SynchronousRead07,OD,Accepted,https://github.com/alibaba/easyexcel/pull/1684,
https://github.com/alibaba/easyexcel,756f16e42fbd7bc5c7fa18426cbc02fc81a42057,.,com.alibaba.easyexcel.test.core.simple.SimpleDataTest.t04SynchronousRead03,OD,Accepted,https://github.com/alibaba/easyexcel/pull/1684,
https://github.com/alibaba/fastjson,e05e9c5e4be580691cc55a59f3256595393203a1,.,com.alibaba.json.bvt.date.DateTest.test_date,OD,Accepted,https://github.com/alibaba/fastjson/pull/2148,RepoArchived
https://github.com/alibaba/fastjson,e05e9c5e4be580691cc55a59f3256595393203a1,.,com.alibaba.json.bvt.date.DateTest_tz.test_codec,OD,Accepted,https://github.com/alibaba/fastjson/pull/2148,RepoArchived
https://github.com/alibaba/fastjson,e05e9c5e4be580691cc55a59f3256595393203a1,.,com.alibaba.json.bvt.issue_1200.Issue1298.test_for_issue,OD,Accepted,https://github.com/alibaba/fastjson/pull/2148,RepoArchived
https://github.com/alibaba/fastjson,e05e9c5e4be580691cc55a59f3256595393203a1,.,com.alibaba.json.bvt.issue_1200.Issue1298.test_for_issue_1,OD,Accepted,https://github.com/alibaba/fastjson/pull/2148,RepoArchived
https://github.com/alibaba/fastjson,e05e9c5e4be580691cc55a59f3256595393203a1,.,com.alibaba.json.bvt.issue_1600.Issue1679.test_for_issue,OD,Accepted,https://github.com/alibaba/fastjson/pull/2148,RepoArchived
https://github.com/alibaba/fastjson,e05e9c5e4be580691cc55a59f3256595393203a1,.,com.alibaba.json.bvt.issue_1900.Issue1977.test_for_issue,OD,Accepted,https://github.com/alibaba/fastjson/pull/2148,RepoArchived
https://github.com/alibaba/fastjson,e05e9c5e4be580691cc55a59f3256595393203a1,.,com.alibaba.json.bvt.parser.DefaultExtJSONParser_parseArray.test_7,OD,Accepted,https://github.com/alibaba/fastjson/pull/3291,RepoArchived
https://github.com/alibaba/fastjson,e05e9c5e4be580691cc55a59f3256595393203a1,.,com.alibaba.json.bvt.parser.DefaultExtJSONParser_parseArray.test_8,OD,Accepted,https://github.com/alibaba/fastjson/pull/3291,RepoArchived
https://github.com/alibaba/fastjson,e05e9c5e4be580691cc55a59f3256595393203a1,.,com.alibaba.json.bvt.serializer.date.DateTest4_indian.test_date,OD,Accepted,https://github.com/alibaba/fastjson/pull/2148,RepoArchived
https://github.com/alibaba/fastjson,e05e9c5e4be580691cc55a59f3256595393203a1,.,com.alibaba.json.bvt.serializer.date.DateTest5_iso8601.test_date,OD,Accepted,https://github.com/alibaba/fastjson/pull/2148,RepoArchived
https://github.com/alibaba/fastjson,e05e9c5e4be580691cc55a59f3256595393203a1,.,com.alibaba.json.bvt.serializer.JSONSerializerTest2.test_0,OD,Accepted,https://github.com/alibaba/fastjson/pull/2133,RepoArchived
https://github.com/alibaba/fastjson2,3de60a9769f2c95cbceef13b0158b1af934ab323,codegen-test,com.alibaba.fastjson2.internal.processor.primitives.DateTypeTest.test,TZD,Accepted,https://github.com/alibaba/fastjson2/pull/3159,https://github.com/alibaba/fastjson2/issues/3158
https://github.com/alibaba/fastjson2,3de60a9769f2c95cbceef13b0158b1af934ab323,codegen-test,com.alibaba.fastjson2.internal.processor.primitives.UtilTypeTest.test,TZD,Accepted,https://github.com/alibaba/fastjson2/pull/3166,https://github.com/alibaba/fastjson2/issues/3165
https://github.com/alibaba/jetcache,d28019640ac3eb6ac167dd0dc582adac7656226e,jetcache-test,com.alicp.jetcache.embedded.LinkedHashMapCacheTest.test,ID,Accepted,https://github.com/alibaba/jetcache/pull/446,
https://github.com/alibaba/metrics,2dbfbd0b2e9ba5d652f1f2e86d655cff8ea1ec66,prometheus,com.alibaba.metrics.prometheus.TestAlibabaMetricsExports.testExportFastCompass,ID,Accepted,https://github.com/alibaba/metrics/pull/74,
https://github.com/alibaba/nacos,525672272ecb00cd769a13c7b21a8e51cf873f25,api,com.alibaba.nacos.api.naming.pojo.healthcheck.HealthCheckerFactoryTest.testDeserializeExtend,OD-Vic,Accepted,https://github.com/alibaba/nacos/pull/4384,
https://github.com/alibaba/Sentinel,7e2fa454fa0546c04142a268454faabac79370d0,sentinel-core,com.alibaba.csp.sentinel.config.SentinelConfigTest.testDefaultConfig,OD,Accepted,https://github.com/alibaba/Sentinel/pull/1859,
https://github.com/alibaba/Sentinel,7e2fa454fa0546c04142a268454faabac79370d0,sentinel-core,com.alibaba.csp.sentinel.TracerTest.setExceptionsToIgnore,OD,Accepted,https://github.com/alibaba/Sentinel/pull/1859,
https://github.com/alibaba/Sentinel,7e2fa454fa0546c04142a268454faabac79370d0,sentinel-core,com.alibaba.csp.sentinel.TracerTest.setExceptionsToTrace,OD,Accepted,https://github.com/alibaba/Sentinel/pull/1859,
https://github.com/alien4cloud/alien4cloud,eb57d0feca6c37e0a4aafc3feef494e43e02ecda,alien4cloud-security,alien4cloud.security.LdapAuthenticationProviderTest.testLdapUserImport,OD,Accepted,https://github.com/alien4cloud/alien4cloud/pull/182,
https://github.com/apache/archiva,292dbe1bb4323dd299d36b78f37d9c1d55c889f8,archiva-modules/archiva-base/archiva-repository-layer,org.apache.archiva.repository.base.managed.BasicManagedRepositoryValidatorTest.apply,OD,Accepted,https://github.com/apache/archiva/pull/82,RepoArchived
https://github.com/apache/archiva,292dbe1bb4323dd299d36b78f37d9c1d55c889f8,archiva-modules/archiva-base/archiva-repository-layer,org.apache.archiva.repository.base.managed.BasicManagedRepositoryValidatorTest.applyForUpdate,OD,Accepted,https://github.com/apache/archiva/pull/82,RepoArchived
https://github.com/apache/archiva,292dbe1bb4323dd299d36b78f37d9c1d55c889f8,archiva-modules/archiva-base/archiva-repository-layer,org.apache.archiva.repository.base.managed.BasicManagedRepositoryValidatorTest.applyUpdateWithExistingRepo,OD,Accepted,https://github.com/apache/archiva/pull/82,RepoArchived
https://github.com/apache/archiva,292dbe1bb4323dd299d36b78f37d9c1d55c889f8,archiva-modules/archiva-base/archiva-repository-layer,org.apache.archiva.repository.base.managed.BasicManagedRepositoryValidatorTest.applyWithBadName,OD,Accepted,https://github.com/apache/archiva/pull/82,RepoArchived
https://github.com/apache/archiva,292dbe1bb4323dd299d36b78f37d9c1d55c889f8,archiva-modules/archiva-base/archiva-repository-layer,org.apache.archiva.repository.base.managed.BasicManagedRepositoryValidatorTest.applyWithBadSchedulingExpression,OD,Accepted,https://github.com/apache/archiva/pull/82,RepoArchived
https://github.com/apache/archiva,292dbe1bb4323dd299d36b78f37d9c1d55c889f8,archiva-modules/archiva-base/archiva-repository-layer,org.apache.archiva.repository.base.managed.BasicManagedRepositoryValidatorTest.applyWithEmptyId,OD,Accepted,https://github.com/apache/archiva/pull/82,RepoArchived
https://github.com/apache/archiva,292dbe1bb4323dd299d36b78f37d9c1d55c889f8,archiva-modules/archiva-base/archiva-repository-layer,org.apache.archiva.repository.base.managed.BasicManagedRepositoryValidatorTest.applyWithExistingRepo,OD,Accepted,https://github.com/apache/archiva/pull/82,RepoArchived
https://github.com/apache/archiva,292dbe1bb4323dd299d36b78f37d9c1d55c889f8,archiva-modules/archiva-base/archiva-repository-layer,org.apache.archiva.repository.base.managed.BasicManagedRepositoryValidatorTest.applyWithNullObject,OD,Accepted,https://github.com/apache/archiva/pull/82,RepoArchived
https://github.com/apache/archiva,292dbe1bb4323dd299d36b78f37d9c1d55c889f8,archiva-modules/archiva-base/archiva-repository-layer,org.apache.archiva.repository.base.managed.BasicManagedRepositoryValidatorTest.getFlavour,OD,Accepted,https://github.com/apache/archiva/pull/82,RepoArchived
https://github.com/apache/archiva,292dbe1bb4323dd299d36b78f37d9c1d55c889f8,archiva-modules/archiva-base/archiva-repository-layer,org.apache.archiva.repository.base.managed.BasicManagedRepositoryValidatorTest.isFlavour,OD,Accepted,https://github.com/apache/archiva/pull/82,RepoArchived
https://github.com/apache/avro,bfbd2d115aec576545b0673e876a652806b41986,lang/java/avro,org.apache.avro.reflect.TestReflect.testMultipleFieldAliases,ID,Accepted,https://github.com/apache/avro/pull/2015,
https://github.com/apache/bookkeeper,2aa59c74cdd1de13c33a593f6dccc888823c4a83,bookkeeper-server,org.apache.bookkeeper.replication.AuditorReplicasCheckTest.testReplicasCheckForBookieHandleNotAvailable,ID,Accepted,https://github.com/apache/bookkeeper/pull/3551,
https://github.com/apache/bookkeeper,2aa59c74cdd1de13c33a593f6dccc888823c4a83,bookkeeper-server,org.apache.bookkeeper.replication.AuditorReplicasCheckTest.testReplicasCheckForLedgersFoundHavingLessThanAQReplicasOfAnEntry,ID,Accepted,https://github.com/apache/bookkeeper/pull/3551,
https://github.com/apache/bookkeeper,2aa59c74cdd1de13c33a593f6dccc888823c4a83,bookkeeper-server,org.apache.bookkeeper.replication.AuditorReplicasCheckTest.testReplicasCheckForLedgersFoundHavingLessThanWQReplicasOfAnEntry,ID,Accepted,https://github.com/apache/bookkeeper/pull/3551,
https://github.com/apache/bookkeeper,2aa59c74cdd1de13c33a593f6dccc888823c4a83,bookkeeper-server,org.apache.bookkeeper.replication.AuditorReplicasCheckTest.testReplicasCheckForLedgersFoundHavingNoReplica,ID,Accepted,https://github.com/apache/bookkeeper/pull/3551,
https://github.com/apache/bookkeeper,2aa59c74cdd1de13c33a593f6dccc888823c4a83,bookkeeper-server,org.apache.bookkeeper.replication.AuditorReplicasCheckTest.testReplicasCheckForLedgersWithEmptySegments,ID,Accepted,https://github.com/apache/bookkeeper/pull/3551,
https://github.com/apache/bookkeeper,1c756ebc35d06b6d1f001ec17a4810398c7e3975,bookkeeper-slogger/api,org.apache.bookkeeper.slogger.SloggerTest.testMap,ID,Accepted,https://github.com/apache/bookkeeper/pull/3702,
https://github.com/apache/camel,5c1f9e8214b16331e44a5d4142aed1d1b69008a4,components-starter/camel-gson-starter,org.apache.camel.component.gson.GsonFieldNamePolicyTest.testMarshalPojo,ID,Accepted,https://github.com/apache/camel/pull/8875,
https://github.com/apache/camel,5c1f9e8214b16331e44a5d4142aed1d1b69008a4,components-starter/camel-gson-starter,org.apache.camel.component.gson.GsonMarshalExclusionTest.testMarshalAndUnmarshalPojoWithAnotherExclusion,ID,Accepted,https://github.com/apache/camel/pull/8875,
https://github.com/apache/camel,5c1f9e8214b16331e44a5d4142aed1d1b69008a4,components-starter/camel-gson-starter,org.apache.camel.component.gson.GsonMarshalExclusionTest.testMarshalAndUnmarshalPojoWithExclusion,ID,Accepted,https://github.com/apache/camel/pull/8875,
https://github.com/apache/camel,5c1f9e8214b16331e44a5d4142aed1d1b69008a4,components-starter/camel-gson-starter,org.apache.camel.component.gson.SpringGsonFieldNamePolicyTest.testMarshalPojo,ID,Accepted,https://github.com/apache/camel/pull/8875,
https://github.com/apache/camel-spring-boot,a0c6a4e8e692d898c140b5d120313e53497fa608,components-starter/camel-gson-starter,org.apache.camel.component.gson.springboot.GsonFieldNamePolicyTest.testMarshalPojo,ID,Accepted,https://github.com/apache/camel-spring-boot/pull/681,
https://github.com/apache/camel-spring-boot,a0c6a4e8e692d898c140b5d120313e53497fa608,components-starter/camel-gson-starter,org.apache.camel.component.gson.springboot.GsonMarshalExclusionTest.testMarshalAndUnmarshalPojoWithAnotherExclusion,ID,Accepted,https://github.com/apache/camel-spring-boot/pull/681,
https://github.com/apache/camel-spring-boot,a0c6a4e8e692d898c140b5d120313e53497fa608,components-starter/camel-gson-starter,org.apache.camel.component.gson.springboot.GsonMarshalExclusionTest.testMarshalAndUnmarshalPojoWithExclusion,ID,Accepted,https://github.com/apache/camel-spring-boot/pull/682,
https://github.com/apache/camel-spring-boot,a0c6a4e8e692d898c140b5d120313e53497fa608,components-starter/camel-gson-starter,org.apache.camel.component.gson.springboot.SpringGsonFieldNamePolicyTest.testMarshalPojo,ID,Accepted,https://github.com/apache/camel-spring-boot/pull/681,
https://github.com/apache/causeway,101f656b845168feb3d6d72c31b55999f261d20f,core-metamodel,org.apache.causeway.core.metamodel.facets.value.BlobValueSemanticsProviderTest.valueSerializer,ID,Accepted,https://github.com/apache/causeway/pull/2063,
https://github.com/apache/causeway,101f656b845168feb3d6d72c31b55999f261d20f,core-metamodel,org.apache.causeway.core.metamodel.facets.value.ClobValueSemanticsProviderTest.valueSerializer,ID,Accepted,https://github.com/apache/causeway/pull/2063,
https://github.com/apache/cloudstack,64262d943f012c40deac3cd87c67d44fdc727b52,server,com.cloud.server.StatsCollectorTest.persistVirtualMachineStatsTestPersistsSuccessfully,ID,Accepted,https://github.com/apache/cloudstack/pull/8183,
https://github.com/apache/cloudstack,47a5acd8529104a9b40b5bcf3317e789ac66966f,api,rg.apache.cloudstack.api.command.test.ResetVMUserDataCmdTest.testUserdataDetails,ID,Accepted,https://github.com/apache/cloudstack/pull/6967,
https://github.com/apache/commons-collections,371313a2e4d1da5e0776419ce94bb8b644158a20,.,org.apache.commons.collections4.bag.HashBagTest.testCollectionToArray2,ID,Accepted,https://github.com/apache/commons-collections/pull/341,https://issues.apache.org/jira/browse/COLLECTIONS-804
https://github.com/apache/commons-collections,371313a2e4d1da5e0776419ce94bb8b644158a20,.,org.apache.commons.collections4.bag.PredicatedBagTest.testCollectionToArray2,ID,Accepted,https://github.com/apache/commons-collections/pull/341,https://issues.apache.org/jira/browse/COLLECTIONS-804
https://github.com/apache/commons-collections,371313a2e4d1da5e0776419ce94bb8b644158a20,.,org.apache.commons.collections4.bag.TransformedBagTest.testCollectionToArray2,ID,Accepted,https://github.com/apache/commons-collections/pull/341,https://issues.apache.org/jira/browse/COLLECTIONS-804
https://github.com/apache/commons-collections,371313a2e4d1da5e0776419ce94bb8b644158a20,.,org.apache.commons.collections4.bag.UnmodifiableBagTest.testCollectionToArray2,ID,Accepted,https://github.com/apache/commons-collections/pull/341,https://issues.apache.org/jira/browse/COLLECTIONS-804
https://github.com/apache/commons-collections,371313a2e4d1da5e0776419ce94bb8b644158a20,.,org.apache.commons.collections4.map.PassiveExpiringMapTest.testCollectionToArray2,ID,Accepted,https://github.com/apache/commons-collections/pull/341,https://issues.apache.org/jira/browse/COLLECTIONS-804
https://github.com/apache/commons-collections,371313a2e4d1da5e0776419ce94bb8b644158a20,.,org.apache.commons.collections4.multimap.ArrayListValuedHashMapTest.testCollectionToArray2,ID,Accepted,https://github.com/apache/commons-collections/pull/341,https://issues.apache.org/jira/browse/COLLECTIONS-804
https://github.com/apache/commons-collections,371313a2e4d1da5e0776419ce94bb8b644158a20,.,org.apache.commons.collections4.multimap.HashSetValuedHashMapTest.testCollectionToArray2,ID,Accepted,https://github.com/apache/commons-collections/pull/341,https://issues.apache.org/jira/browse/COLLECTIONS-804
https://github.com/apache/commons-collections,371313a2e4d1da5e0776419ce94bb8b644158a20,.,org.apache.commons.collections4.multimap.TransformedMultiValuedMapTest.testCollectionToArray2,ID,Accepted,https://github.com/apache/commons-collections/pull/341,https://issues.apache.org/jira/browse/COLLECTIONS-804
https://github.com/apache/commons-collections,371313a2e4d1da5e0776419ce94bb8b644158a20,.,org.apache.commons.collections4.multimap.UnmodifiableMultiValuedMapTest.testCollectionToArray2,ID,Accepted,https://github.com/apache/commons-collections/pull/341,https://issues.apache.org/jira/browse/COLLECTIONS-804
https://github.com/apache/commons-collections,81e3a7ec0492148724da4512fcefcb47ba82894a,.,org.apache.commons.collections4.multimap.UnmodifiableMultiValuedMapTest.testRemoveException,ID,Accepted,https://github.com/apache/commons-collections/pull/190,
https://github.com/apache/commons-collections,81e3a7ec0492148724da4512fcefcb47ba82894a,.,org.apache.commons.collections4.multimap.UnmodifiableMultiValuedMapTest.testRemoveMappingException,ID,Accepted,https://github.com/apache/commons-collections/pull/190,
https://github.com/apache/commons-collections,371313a2e4d1da5e0776419ce94bb8b644158a20,.,org.apache.commons.collections4.multiset.HashMultiSetTest.testCollectionToArray2,ID,Accepted,https://github.com/apache/commons-collections/pull/341,https://issues.apache.org/jira/browse/COLLECTIONS-804
https://github.com/apache/commons-collections,371313a2e4d1da5e0776419ce94bb8b644158a20,.,org.apache.commons.collections4.multiset.PredicatedMultiSetTest.testCollectionToArray2,ID,Accepted,https://github.com/apache/commons-collections/pull/341,https://issues.apache.org/jira/browse/COLLECTIONS-804
https://github.com/apache/commons-collections,371313a2e4d1da5e0776419ce94bb8b644158a20,.,org.apache.commons.collections4.multiset.SynchronizedMultiSetTest.testCollectionToArray2,ID,Accepted,https://github.com/apache/commons-collections/pull/341,https://issues.apache.org/jira/browse/COLLECTIONS-804
https://github.com/apache/commons-collections,371313a2e4d1da5e0776419ce94bb8b644158a20,.,org.apache.commons.collections4.multiset.UnmodifiableMultiSetTest.testCollectionToArray2,ID,Accepted,https://github.com/apache/commons-collections/pull/341,https://issues.apache.org/jira/browse/COLLECTIONS-804
https://github.com/apache/curator,f5fb6d109257e35de250af7d6c0090b42f2a18a2,framework,org.apache.curator.framework.imps.TestReconfiguration.testAdd,ID,Accepted,https://github.com/apache/curator/pull/491,
https://github.com/apache/curator,f5fb6d109257e35de250af7d6c0090b42f2a18a2,framework,org.apache.curator.framework.imps.TestReconfiguration.testAddAndRemove,ID,Accepted,https://github.com/apache/curator/pull/491,
https://github.com/apache/curator,f5fb6d109257e35de250af7d6c0090b42f2a18a2,framework,org.apache.curator.framework.imps.TestReconfiguration.testAddAndRemoveWithEmptyList,ID,Accepted,https://github.com/apache/curator/pull/491,
https://github.com/apache/curator,f5fb6d109257e35de250af7d6c0090b42f2a18a2,framework,org.apache.curator.framework.imps.TestReconfiguration.testAddAsync,ID,Accepted,https://github.com/apache/curator/pull/491,
https://github.com/apache/curator,f5fb6d109257e35de250af7d6c0090b42f2a18a2,framework,org.apache.curator.framework.imps.TestReconfiguration.testBasicGetConfig,ID,Accepted,https://github.com/apache/curator/pull/491,
https://github.com/apache/curator,f5fb6d109257e35de250af7d6c0090b42f2a18a2,framework,org.apache.curator.framework.imps.TestReconfiguration.testNewMembersWithEmptyList,ID,Accepted,https://github.com/apache/curator/pull/491,
https://github.com/apache/curator,f5fb6d109257e35de250af7d6c0090b42f2a18a2,framework,org.apache.curator.framework.imps.TestReconfiguration.testRemoveWithChroot,ID,Accepted,https://github.com/apache/curator/pull/491,
https://github.com/apache/curator,f5fb6d109257e35de250af7d6c0090b42f2a18a2,framework,org.apache.curator.x.discovery.details.TestJsonInstanceSerializerCompatibility.testCompatibilityMode,ID,Accepted,https://github.com/apache/curator/pull/491,
https://github.com/apache/cxf,69925893ed0e8a8fdfe1164b4e097a5cf5524027,core,org.apache.cxf.attachment.AttachmentUtilTest.bigIntAsAttachmentMaxSize,OD-Vic,Accepted,https://github.com/apache/cxf/pull/1528,
https://github.com/apache/cxf,69925893ed0e8a8fdfe1164b4e097a5cf5524027,core,org.apache.cxf.attachment.AttachmentUtilTest.byteAsAttachmentMaxSize,OD-Vic,Accepted,https://github.com/apache/cxf/pull/1528,
https://github.com/apache/cxf,69925893ed0e8a8fdfe1164b4e097a5cf5524027,core,org.apache.cxf.attachment.AttachmentUtilTest.fileAsAttachmentDirectory,OD-Vic,Accepted,https://github.com/apache/cxf/pull/1528,
https://github.com/apache/cxf,69925893ed0e8a8fdfe1164b4e097a5cf5524027,core,org.apache.cxf.attachment.AttachmentUtilTest.integerAsAttachmentMaxSize,OD-Vic,Accepted,https://github.com/apache/cxf/pull/1528,
https://github.com/apache/cxf,69925893ed0e8a8fdfe1164b4e097a5cf5524027,core,org.apache.cxf.attachment.AttachmentUtilTest.longAsAttachmentMaxSize,OD-Vic,Accepted,https://github.com/apache/cxf/pull/1528,
https://github.com/apache/cxf,69925893ed0e8a8fdfe1164b4e097a5cf5524027,core,org.apache.cxf.attachment.AttachmentUtilTest.numberStringAsAttachmentMaxSize,OD-Vic,Accepted,https://github.com/apache/cxf/pull/1528,
https://github.com/apache/cxf,69925893ed0e8a8fdfe1164b4e097a5cf5524027,core,org.apache.cxf.attachment.AttachmentUtilTest.shortAsAttachmentMaxSize,OD-Vic,Accepted,https://github.com/apache/cxf/pull/1528,
https://github.com/apache/cxf,69925893ed0e8a8fdfe1164b4e097a5cf5524027,core,org.apache.cxf.attachment.AttachmentUtilTest.stringAsAttachmentDirectory,OD-Vic,Accepted,https://github.com/apache/cxf/pull/1528,
https://github.com/apache/cxf,649520354501295859b692ddf1b42adb919affbb,helpers,org.apache.cxf.helpers.FileUtilsTest.testGetFiles,ID,Accepted,https://github.com/apache/cxf/pull/1504,
https://github.com/apache/cxf,69925893ed0e8a8fdfe1164b4e097a5cf5524027,core,org.apache.cxf.io.CacheAndWriteOutputStreamTest.testDeleteTmpFile,OD-Brit,Accepted,https://github.com/apache/cxf/pull/942,
https://github.com/apache/cxf,69925893ed0e8a8fdfe1164b4e097a5cf5524027,core,org.apache.cxf.io.CachedOutputStreamTest.testDeleteTmpFile,OD-Brit,Accepted,https://github.com/apache/cxf/pull/942,
https://github.com/apache/cxf,649520354501295859b692ddf1b42adb919affbb,jaxrs/utils,org.apache.cxf.jaxrs.utils.JAXBUtilsTest.extendedXmlJavaTypeAdapter,ID,Accepted,https://github.com/apache/cxf/pull/1542,
https://github.com/apache/cxf,649520354501295859b692ddf1b42adb919affbb,jaxrs/utils,org.apache.cxf.jaxrs.utils.JAXBUtilsTest.simpleXmlJavaTypeAdapter,ID,Accepted,https://github.com/apache/cxf/pull/1542,
https://github.com/apache/dolphinscheduler,26b7541d954ba63deb37e89479ab4d648573e8ae,dolphinscheduler-spi,org.apache.dolphinscheduler.spi.params.testGetParamsJson,ID,Accepted,https://github.com/apache/dolphinscheduler/pull/13118,
https://github.com/apache/druid,ad32f8458670339808a3136a9578a10a52b8394f,extensions-core/protobuf-extensions,org.apache.druid.data.input.protobuf.ProtobufInputFormatTest.testParseFlattenDataDiscover,ID,Accepted,https://github.com/apache/druid/pull/15376,
https://github.com/apache/druid,ad32f8458670339808a3136a9578a10a52b8394f,extensions-core/protobuf-extensions,org.apache.druid.data.input.protobuf.ProtobufInputFormatTest.testParseNestedDataSchemaless,ID,Accepted,https://github.com/apache/druid/pull/15376,
https://github.com/apache/druid,ad32f8458670339808a3136a9578a10a52b8394f,indexing-service,org.apache.druid.indexing.common.task.batch.parallel.ParallelIndexSupervisorTaskResourceTest.testAPIs,ID,Accepted,https://github.com/apache/druid/pull/15375,
https://github.com/apache/druid,4b0d1b3488add75097532f25c8bbbcb35daa4987,processing,org.apache.druid.java.util.emitter.core.EmitterTest.testBasicAuthenticationAndNewlineSeparating,ID,Accepted,https://github.com/apache/druid/pull/15261,
https://github.com/apache/druid,4b0d1b3488add75097532f25c8bbbcb35daa4987,processing,org.apache.druid.java.util.emitter.core.EmitterTest.testBatchSplitting,ID,Accepted,https://github.com/apache/druid/pull/15261,
https://github.com/apache/druid,4b0d1b3488add75097532f25c8bbbcb35daa4987,processing,org.apache.druid.java.util.emitter.core.EmitterTest.testGzipContentEncoding,ID,Accepted,https://github.com/apache/druid/pull/15261,
https://github.com/apache/druid,4b0d1b3488add75097532f25c8bbbcb35daa4987,processing,org.apache.druid.java.util.emitter.core.EmitterTest.testSanity,ID,Accepted,https://github.com/apache/druid/pull/15261,
https://github.com/apache/druid,4b0d1b3488add75097532f25c8bbbcb35daa4987,processing,org.apache.druid.java.util.emitter.core.EmitterTest.testSanityWithGeneralizedCreation,ID,Accepted,https://github.com/apache/druid/pull/15261,
https://github.com/apache/druid,4b0d1b3488add75097532f25c8bbbcb35daa4987,processing,org.apache.druid.java.util.emitter.core.ParametrizedUriEmitterTest.testEmitterWithMultipleFeeds,ID,Accepted,https://github.com/apache/druid/pull/15261,
https://github.com/apache/druid,4b0d1b3488add75097532f25c8bbbcb35daa4987,processing,org.apache.druid.math.expr.ParserTest.testApplyFunctions,ID,Accepted,https://github.com/apache/druid/pull/15318,
https://github.com/apache/druid,4b0d1b3488add75097532f25c8bbbcb35daa4987,processing,org.apache.druid.math.expr.ParserTest.testFunctions,ID,Accepted,https://github.com/apache/druid/pull/15318,
https://github.com/apache/druid,4b0d1b3488add75097532f25c8bbbcb35daa4987,processing,org.apache.druid.math.expr.ParserTest.testSimpleAdditivityOp1,ID,Accepted,https://github.com/apache/druid/pull/15318,
https://github.com/apache/druid,4b0d1b3488add75097532f25c8bbbcb35daa4987,processing,org.apache.druid.math.expr.ParserTest.testSimpleAdditivityOp2,ID,Accepted,https://github.com/apache/druid/pull/15318,
https://github.com/apache/druid,4b0d1b3488add75097532f25c8bbbcb35daa4987,processing,org.apache.druid.math.expr.ParserTest.testSimpleLogicalOps1,ID,Accepted,https://github.com/apache/druid/pull/15318,
https://github.com/apache/druid,4b0d1b3488add75097532f25c8bbbcb35daa4987,processing,org.apache.druid.math.expr.ParserTest.testSimpleMultiplicativeOp1,ID,Accepted,https://github.com/apache/druid/pull/15318,
https://github.com/apache/druid,ad32f8458670339808a3136a9578a10a52b8394f,extensions-core/histogram,org.apache.druid.query.aggregation.histogram.ApproximateHistogramAggregatorTest.testFinalize,ID,Accepted,https://github.com/apache/druid/pull/15364,
https://github.com/apache/druid,50963edcae70150f13520b619f167512d951a71b,extension/s3-extensions,org.apache.druid.storage.s3.S3DataSegmentPusherConfigTest.testSerialization,ID,Accepted,https://github.com/apache/druid/pull/15207,
https://github.com/apache/druid,50963edcae70150f13520b619f167512d951a71b,extension/s3-extensions,org.apache.druid.storage.s3.S3DataSegmentPusherConfigTest.testSerializationWithDefaults,ID,Accepted,https://github.com/apache/druid/pull/15317,
https://github.com/apache/dubbo,737f7a7ea67832d7f17517326fb2491d0a086dd7,dubbo-common,org.apache.dubbo.common.extension.ExtensionLoaderTest.test_AddExtension,NIO,Accepted,https://github.com/apache/dubbo/pull/6953,
https://github.com/apache/dubbo,737f7a7ea67832d7f17517326fb2491d0a086dd7,dubbo-common,org.apache.dubbo.common.extension.ExtensionLoaderTest.test_AddExtension_Adaptive,NIO,Accepted,https://github.com/apache/dubbo/pull/8467,
https://github.com/apache/dubbo,737f7a7ea67832d7f17517326fb2491d0a086dd7,dubbo-common,org.apache.dubbo.common.extension.ExtensionLoaderTest.test_AddExtension_NoExtend,NIO,Accepted,https://github.com/apache/dubbo/pull/8467,
https://github.com/apache/dubbo,737f7a7ea67832d7f17517326fb2491d0a086dd7,dubbo-common,org.apache.dubbo.common.extension.ExtensionLoaderTest.test_replaceExtension,NIO,Accepted,https://github.com/apache/dubbo/pull/6953,
https://github.com/apache/dubbo,737f7a7ea67832d7f17517326fb2491d0a086dd7,dubbo-common,org.apache.dubbo.common.extension.ExtensionLoaderTest.test_replaceExtension_Adaptive,NIO,Accepted,https://github.com/apache/dubbo/pull/6953,
https://github.com/apache/dubbo,737f7a7ea67832d7f17517326fb2491d0a086dd7,dubbo-serialization/dubbo-serialization-fst,org.apache.dubbo.common.serialize.fst.FstObjectInputTest.testEmptyByteArrayForEmptyInput,OD-Vic,Accepted,https://github.com/apache/dubbo/pull/2815,
https://github.com/apache/dubbo,1f84cdcfede5ec9843ecebf39a25d9b995b8098b,dubbo-common,org.apache.dubbo.common.threadlocal.InternalThreadLocalTest.testInternalThreadLocal,OD-Vic,Accepted,https://github.com/apache/dubbo/pull/13361,https://github.com/apache/dubbo/issues/13359
https://github.com/apache/dubbo,1f84cdcfede5ec9843ecebf39a25d9b995b8098b,dubbo-common,org.apache.dubbo.common.threadlocal.InternalThreadLocalTest.testInternalThreadLocalMapExpand,OD-Vic,Accepted,https://github.com/apache/dubbo/pull/13361,https://github.com/apache/dubbo/issues/13359
https://github.com/apache/dubbo,1f84cdcfede5ec9843ecebf39a25d9b995b8098b,dubbo-common,org.apache.dubbo.common.threadlocal.InternalThreadLocalTest.testMultiThreadSetAndGet,OD-Vic,Accepted,https://github.com/apache/dubbo/pull/13361,https://github.com/apache/dubbo/issues/13359
https://github.com/apache/dubbo,1f84cdcfede5ec9843ecebf39a25d9b995b8098b,dubbo-common,org.apache.dubbo.common.threadlocal.InternalThreadLocalTest.testOnRemove,OD-Vic,Accepted,https://github.com/apache/dubbo/pull/13361,https://github.com/apache/dubbo/issues/13359
https://github.com/apache/dubbo,1f84cdcfede5ec9843ecebf39a25d9b995b8098b,dubbo-common,org.apache.dubbo.common.threadlocal.InternalThreadLocalTest.testPerformance,OD-Vic,Accepted,https://github.com/apache/dubbo/pull/13361,https://github.com/apache/dubbo/issues/13359
https://github.com/apache/dubbo,1f84cdcfede5ec9843ecebf39a25d9b995b8098b,dubbo-common,org.apache.dubbo.common.threadlocal.InternalThreadLocalTest.testPerformanceTradition,OD-Vic,Accepted,https://github.com/apache/dubbo/pull/13361,https://github.com/apache/dubbo/issues/13359
https://github.com/apache/dubbo,1f84cdcfede5ec9843ecebf39a25d9b995b8098b,dubbo-common,org.apache.dubbo.common.threadlocal.InternalThreadLocalTest.testRemove,OD-Vic,Accepted,https://github.com/apache/dubbo/pull/13361,https://github.com/apache/dubbo/issues/13359
https://github.com/apache/dubbo,1f84cdcfede5ec9843ecebf39a25d9b995b8098b,dubbo-common,org.apache.dubbo.common.threadlocal.InternalThreadLocalTest.testRemoveAll,OD-Vic,Accepted,https://github.com/apache/dubbo/pull/13361,https://github.com/apache/dubbo/issues/13359
https://github.com/apache/dubbo,1f84cdcfede5ec9843ecebf39a25d9b995b8098b,dubbo-common,org.apache.dubbo.common.threadlocal.InternalThreadLocalTest.testSetAndGet,OD-Vic,Accepted,https://github.com/apache/dubbo/pull/13361,https://github.com/apache/dubbo/issues/13359
https://github.com/apache/dubbo,1f84cdcfede5ec9843ecebf39a25d9b995b8098b,dubbo-common,org.apache.dubbo.common.threadlocal.InternalThreadLocalTest.testSize,NIO;OD-Vic,Accepted,https://github.com/apache/dubbo/pull/13361,https://github.com/apache/dubbo/pull/6939 fixed NIO;https://github.com/apache/dubbo/pull/9265 fixed OD-Vic polluted by testSetAndGet; testRemove; testRemoveAll; https://github.com/apache/dubbo/pull/13361 fixed OD-Vic polluted by testConstructionWithIndex
https://github.com/apache/dubbo,737f7a7ea67832d7f17517326fb2491d0a086dd7,dubbo-common,org.apache.dubbo.common.threadpool.support.eager.TaskQueueTest.testOffer2,OD,Accepted,https://github.com/apache/dubbo/pull/14896,https://github.com/TestingResearchIllinois/idoft/issues/5
https://github.com/apache/dubbo,737f7a7ea67832d7f17517326fb2491d0a086dd7,dubbo-common,org.apache.dubbo.common.threadpool.support.eager.TaskQueueTest.testOffer3,OD,Accepted,https://github.com/apache/dubbo/pull/14896,https://github.com/TestingResearchIllinois/idoft/issues/5
https://github.com/apache/dubbo,737f7a7ea67832d7f17517326fb2491d0a086dd7,dubbo-common,org.apache.dubbo.common.threadpool.support.eager.TaskQueueTest.testOffer4,OD,Accepted,https://github.com/apache/dubbo/pull/14896,https://github.com/TestingResearchIllinois/idoft/issues/5
https://github.com/apache/dubbo,737f7a7ea67832d7f17517326fb2491d0a086dd7,dubbo-common,org.apache.dubbo.common.utils.DubboAppenderTest.testAppend,OD,Accepted,https://github.com/apache/dubbo/pull/14900,https://github.com/TestingResearchIllinois/idoft/issues/5
https://github.com/apache/dubbo,737f7a7ea67832d7f17517326fb2491d0a086dd7,dubbo-common,org.apache.dubbo.common.utils.DubboAppenderTest.testAvailable,UD,Accepted,https://github.com/apache/dubbo/pull/14900,
https://github.com/apache/dubbo,5349c13a36d277a090e1dc68fbe7c3b46d78fc90,dubbo-common,org.apache.dubbo.common.utils.PojoUtilsTest.testArrayToCollection,OD-Vic,Accepted,https://github.com/apache/dubbo/pull/9987,
https://github.com/apache/dubbo,5349c13a36d277a090e1dc68fbe7c3b46d78fc90,dubbo-common,org.apache.dubbo.common.utils.PojoUtilsTest.testCollectionToArray,OD-Vic,Accepted,https://github.com/apache/dubbo/pull/9987,
https://github.com/apache/dubbo,5349c13a36d277a090e1dc68fbe7c3b46d78fc90,dubbo-common,org.apache.dubbo.common.utils.PojoUtilsTest.testListPojoListPojo,OD-Vic,Accepted,https://github.com/apache/dubbo/pull/9987,
https://github.com/apache/dubbo,5349c13a36d277a090e1dc68fbe7c3b46d78fc90,dubbo-common,org.apache.dubbo.common.utils.PojoUtilsTest.testMapField,OD-Vic,Accepted,https://github.com/apache/dubbo/pull/9987,
https://github.com/apache/dubbo,5349c13a36d277a090e1dc68fbe7c3b46d78fc90,dubbo-common,org.apache.dubbo.common.utils.PojoUtilsTest.testPojoList,OD-Vic,Accepted,https://github.com/apache/dubbo/pull/9987,
https://github.com/apache/dubbo,5349c13a36d277a090e1dc68fbe7c3b46d78fc90,dubbo-common,org.apache.dubbo.common.utils.PojoUtilsTest.testPublicField,OD-Vic,Accepted,https://github.com/apache/dubbo/pull/9987,
https://github.com/apache/dubbo,5349c13a36d277a090e1dc68fbe7c3b46d78fc90,dubbo-common,org.apache.dubbo.common.utils.PojoUtilsTest.testRealizeLinkedList,OD-Vic,Accepted,https://github.com/apache/dubbo/pull/9987,
https://github.com/apache/dubbo,5349c13a36d277a090e1dc68fbe7c3b46d78fc90,dubbo-common,org.apache.dubbo.common.utils.PojoUtilsTest.testStackOverflow,OD-Vic,Accepted,https://github.com/apache/dubbo/pull/9987,
https://github.com/apache/dubbo,5349c13a36d277a090e1dc68fbe7c3b46d78fc90,dubbo-common,org.apache.dubbo.common.utils.PojoUtilsTest.test_has_no_nullary_constructor_pojo,OD-Vic,Accepted,https://github.com/apache/dubbo/pull/9987,
https://github.com/apache/dubbo,5349c13a36d277a090e1dc68fbe7c3b46d78fc90,dubbo-common,org.apache.dubbo.common.utils.PojoUtilsTest.test_LoopPojoInList,OD-Vic,Accepted,https://github.com/apache/dubbo/pull/9987,
https://github.com/apache/dubbo,5349c13a36d277a090e1dc68fbe7c3b46d78fc90,dubbo-common,org.apache.dubbo.common.utils.PojoUtilsTest.test_LoopPojoInMap,OD-Vic,Accepted,https://github.com/apache/dubbo/pull/9987,
https://github.com/apache/dubbo,5349c13a36d277a090e1dc68fbe7c3b46d78fc90,dubbo-common,org.apache.dubbo.common.utils.PojoUtilsTest.test_Loop_pojo,OD-Vic,Accepted,https://github.com/apache/dubbo/pull/9987,
https://github.com/apache/dubbo,5349c13a36d277a090e1dc68fbe7c3b46d78fc90,dubbo-common,org.apache.dubbo.common.utils.PojoUtilsTest.test_Map_List_pojo,OD-Vic,Accepted,https://github.com/apache/dubbo/pull/9987,
https://github.com/apache/dubbo,5349c13a36d277a090e1dc68fbe7c3b46d78fc90,dubbo-common,org.apache.dubbo.common.utils.PojoUtilsTest.test_pojo,OD-Vic,Accepted,https://github.com/apache/dubbo/pull/9987,
https://github.com/apache/dubbo,5349c13a36d277a090e1dc68fbe7c3b46d78fc90,dubbo-common,org.apache.dubbo.common.utils.PojoUtilsTest.test_PojoArray,OD-Vic,Accepted,https://github.com/apache/dubbo/pull/9987,
https://github.com/apache/dubbo,5349c13a36d277a090e1dc68fbe7c3b46d78fc90,dubbo-common,org.apache.dubbo.common.utils.PojoUtilsTest.test_PojoInList,OD-Vic,Accepted,https://github.com/apache/dubbo/pull/9987,
https://github.com/apache/dubbo,5349c13a36d277a090e1dc68fbe7c3b46d78fc90,dubbo-common,org.apache.dubbo.common.utils.PojoUtilsTest.test_simpleCollection,OD-Vic,Accepted,https://github.com/apache/dubbo/pull/9987,
https://github.com/apache/dubbo,5349c13a36d277a090e1dc68fbe7c3b46d78fc90,dubbo-common,org.apache.dubbo.common.utils.PojoUtilsTest.test_total,OD-Vic,Accepted,https://github.com/apache/dubbo/pull/9987,
https://github.com/apache/dubbo,5349c13a36d277a090e1dc68fbe7c3b46d78fc90,dubbo-common,org.apache.dubbo.common.utils.PojoUtilsTest.test_total_Array,OD-Vic,Accepted,https://github.com/apache/dubbo/pull/9987,
https://github.com/apache/dubbo,737f7a7ea67832d7f17517326fb2491d0a086dd7,dubbo-config/dubbo-config-api,org.apache.dubbo.config.ServiceConfigTest.testProxy,NIO,Accepted,https://github.com/apache/dubbo/pull/7108,
https://github.com/apache/dubbo,737f7a7ea67832d7f17517326fb2491d0a086dd7,dubbo-registry/dubbo-registry-default,org.apache.dubbo.registry.dubbo.RegistryProtocolTest.testDestoryRegistry,OD,Accepted,https://github.com/apache/dubbo/pull/3849,
https://github.com/apache/dubbo,737f7a7ea67832d7f17517326fb2491d0a086dd7,dubbo-registry/dubbo-registry-default,org.apache.dubbo.registry.dubbo.RegistryProtocolTest.testNotifyOverride,OD,Accepted,https://github.com/apache/dubbo/pull/3849,
https://github.com/apache/dubbo,737f7a7ea67832d7f17517326fb2491d0a086dd7,dubbo-registry/dubbo-registry-default,org.apache.dubbo.registry.dubbo.RegistryProtocolTest.testNotifyOverride_notmatch,OD,Accepted,https://github.com/apache/dubbo/pull/3849,
https://github.com/apache/dubbo,737f7a7ea67832d7f17517326fb2491d0a086dd7,dubbo-cluster,org.apache.dubbo.rpc.cluster.StickyTest.testMethodStickyNoCheck,NIO;OD-Vic,Accepted,https://github.com/apache/dubbo/pull/2807,
https://github.com/apache/dubbo,737f7a7ea67832d7f17517326fb2491d0a086dd7,dubbo-cluster,org.apache.dubbo.rpc.cluster.StickyTest.testStickyNoCheck,NIO;OD-Vic,Accepted,https://github.com/apache/dubbo/pull/2807,
https://github.com/apache/dubbo,737f7a7ea67832d7f17517326fb2491d0a086dd7,dubbo-rpc/dubbo-rpc-api,org.apache.dubbo.rpc.filter.AccessLogFilterTest.testInvokeException,NIO,Accepted,https://github.com/apache/dubbo/pull/6993,
https://github.com/apache/dubbo,737f7a7ea67832d7f17517326fb2491d0a086dd7,dubbo-rpc/dubbo-rpc-api,org.apache.dubbo.rpc.filter.ExecuteLimitFilterTest.testExecuteLimitInvokeWitException,NIO,Accepted,https://github.com/apache/dubbo/pull/8401,
https://github.com/apache/dubbo,737f7a7ea67832d7f17517326fb2491d0a086dd7,dubbo-rpc/dubbo-rpc-api,org.apache.dubbo.rpc.RpcContextTest.testAsync,NIO,Accepted,https://github.com/apache/dubbo/pull/6314,
https://github.com/apache/dubbo,737f7a7ea67832d7f17517326fb2491d0a086dd7,dubbo-rpc/dubbo-rpc-api,org.apache.dubbo.rpc.RpcContextTest.testObject,NIO,Accepted,https://github.com/apache/dubbo/pull/6997,
https://github.com/apache/dubbo-admin,efb7a8d92f5e3c38e7f29c25d3793b00583a113e,.,org.apache.dubbo.admin.common.util.UrlUtilsTest.testParamsMapToString,ID,Accepted,https://github.com/apache/dubbo-admin/pull/883,
https://github.com/apache/flink,23c9b5ac50d04d28a34a87c78eb2d3331c06b74b,flink-runtime,org.apache.flink.runtime.state.FileStateBackendMigrationTest.testKeyedMapStateAsIs,ID,Accepted,https://github.com/apache/flink/pull/23298,Merged commit from PR but did not merge PR
https://github.com/apache/flink,23c9b5ac50d04d28a34a87c78eb2d3331c06b74b,flink-streaming-java,org.apache.flink.streaming.api.graph.SlotAllocationTest.testCoOperation,ID,Accepted,https://github.com/apache/flink/pull/11187,
https://github.com/apache/flink,23c9b5ac50d04d28a34a87c78eb2d3331c06b74b,flink-streaming-java,org.apache.flink.streaming.api.graph.SlotAllocationTest.testUnion,ID,Accepted,https://github.com/apache/flink/pull/11187,
https://github.com/apache/flink,23c9b5ac50d04d28a34a87c78eb2d3331c06b74b,flink-streaming-java,org.apache.flink.streaming.api.graph.StreamingJobGraphGeneratorTest.testSlotSharingOnAllVerticesInSameSlotSharingGroupByDefaultDisabled,ID,Accepted,https://github.com/apache/flink/pull/11187,
https://github.com/apache/flink,23c9b5ac50d04d28a34a87c78eb2d3331c06b74b,flink-streaming-java,org.apache.flink.streaming.api.graph.StreamingJobGraphGeneratorTest.testSlotSharingOnAllVerticesInSameSlotSharingGroupByDefaultEnabled,ID,Accepted,https://github.com/apache/flink/pull/11187,
https://github.com/apache/flink,23c9b5ac50d04d28a34a87c78eb2d3331c06b74b,flink-connectors/flink-connector-hive,org.apache.flink.table.functions.hive.HiveGenericUDFTest.testMap,ID,Accepted,https://github.com/apache/flink/pull/11052,
https://github.com/apache/hadoop,cc2babc1f75c93bf89a8f10da525f944c15d02ea,hadoop-hdfs-project/hadoop-hdfs-nfs,org.apache.hadoop.hdfs.nfs.nfs3.TestRpcProgramNfs3.testAccess,OD-Vic,Accepted,https://github.com/apache/hadoop/pull/6329,
https://github.com/apache/hadoop,cc2babc1f75c93bf89a8f10da525f944c15d02ea,hadoop-hdfs-project/hadoop-hdfs-nfs,org.apache.hadoop.hdfs.nfs.nfs3.TestRpcProgramNfs3.testCommit,OD-Vic,Accepted,https://github.com/apache/hadoop/pull/6329,
https://github.com/apache/hadoop,cc2babc1f75c93bf89a8f10da525f944c15d02ea,hadoop-hdfs-project/hadoop-hdfs-nfs,org.apache.hadoop.hdfs.nfs.nfs3.TestRpcProgramNfs3.testCreate,OD-Vic,Accepted,https://github.com/apache/hadoop/pull/6329,
https://github.com/apache/hadoop,a585a73c3e02ac62350c136643a5e7f6095a3dbb,hadoop-hdfs-project/hadoop-hdfs-nfs,org.apache.hadoop.hdfs.nfs.nfs3.TestRpcProgramNfs3.testEncryptedReadWrite,OD,Accepted,https://github.com/apache/hadoop/pull/6329,
https://github.com/apache/hadoop,cc2babc1f75c93bf89a8f10da525f944c15d02ea,hadoop-hdfs-project/hadoop-hdfs-nfs,org.apache.hadoop.hdfs.nfs.nfs3.TestRpcProgramNfs3.testFsinfo,OD-Vic,Accepted,https://github.com/apache/hadoop/pull/6329,
https://github.com/apache/hadoop,cc2babc1f75c93bf89a8f10da525f944c15d02ea,hadoop-hdfs-project/hadoop-hdfs-nfs,org.apache.hadoop.hdfs.nfs.nfs3.TestRpcProgramNfs3.testFsstat,OD-Vic,Accepted,https://github.com/apache/hadoop/pull/6329,
https://github.com/apache/hadoop,cc2babc1f75c93bf89a8f10da525f944c15d02ea,hadoop-hdfs-project/hadoop-hdfs-nfs,org.apache.hadoop.hdfs.nfs.nfs3.TestRpcProgramNfs3.testGetattr,OD-Vic,Accepted,https://github.com/apache/hadoop/pull/6329,
https://github.com/apache/hadoop,cc2babc1f75c93bf89a8f10da525f944c15d02ea,hadoop-hdfs-project/hadoop-hdfs-nfs,org.apache.hadoop.hdfs.nfs.nfs3.TestRpcProgramNfs3.testLookup,OD-Vic,Accepted,https://github.com/apache/hadoop/pull/6329,
https://github.com/apache/hadoop,cc2babc1f75c93bf89a8f10da525f944c15d02ea,hadoop-hdfs-project/hadoop-hdfs-nfs,org.apache.hadoop.hdfs.nfs.nfs3.TestRpcProgramNfs3.testMkdir,OD-Vic,Accepted,https://github.com/apache/hadoop/pull/6329,
https://github.com/apache/hadoop,cc2babc1f75c93bf89a8f10da525f944c15d02ea,hadoop-hdfs-project/hadoop-hdfs-nfs,org.apache.hadoop.hdfs.nfs.nfs3.TestRpcProgramNfs3.testPathconf,OD-Vic,Accepted,https://github.com/apache/hadoop/pull/6329,
https://github.com/apache/hadoop,cc2babc1f75c93bf89a8f10da525f944c15d02ea,hadoop-hdfs-project/hadoop-hdfs-nfs,org.apache.hadoop.hdfs.nfs.nfs3.TestRpcProgramNfs3.testRead,OD-Vic,Accepted,https://github.com/apache/hadoop/pull/6329,
https://github.com/apache/hadoop,cc2babc1f75c93bf89a8f10da525f944c15d02ea,hadoop-hdfs-project/hadoop-hdfs-nfs,org.apache.hadoop.hdfs.nfs.nfs3.TestRpcProgramNfs3.testReaddir,OD-Vic,Accepted,https://github.com/apache/hadoop/pull/6329,
https://github.com/apache/hadoop,cc2babc1f75c93bf89a8f10da525f944c15d02ea,hadoop-hdfs-project/hadoop-hdfs-nfs,org.apache.hadoop.hdfs.nfs.nfs3.TestRpcProgramNfs3.testReaddirplus,OD-Vic,Accepted,https://github.com/apache/hadoop/pull/6329,
https://github.com/apache/hadoop,cc2babc1f75c93bf89a8f10da525f944c15d02ea,hadoop-hdfs-project/hadoop-hdfs-nfs,org.apache.hadoop.hdfs.nfs.nfs3.TestRpcProgramNfs3.testReadlink,OD-Vic,Accepted,https://github.com/apache/hadoop/pull/6329,
https://github.com/apache/hadoop,cc2babc1f75c93bf89a8f10da525f944c15d02ea,hadoop-hdfs-project/hadoop-hdfs-nfs,org.apache.hadoop.hdfs.nfs.nfs3.TestRpcProgramNfs3.testRemove,OD-Vic,Accepted,https://github.com/apache/hadoop/pull/6329,
https://github.com/apache/hadoop,cc2babc1f75c93bf89a8f10da525f944c15d02ea,hadoop-hdfs-project/hadoop-hdfs-nfs,org.apache.hadoop.hdfs.nfs.nfs3.TestRpcProgramNfs3.testRename,OD-Vic,Accepted,https://github.com/apache/hadoop/pull/6329,
https://github.com/apache/hadoop,cc2babc1f75c93bf89a8f10da525f944c15d02ea,hadoop-hdfs-project/hadoop-hdfs-nfs,org.apache.hadoop.hdfs.nfs.nfs3.TestRpcProgramNfs3.testRmdir,OD-Vic,Accepted,https://github.com/apache/hadoop/pull/6329,
https://github.com/apache/hadoop,cc2babc1f75c93bf89a8f10da525f944c15d02ea,hadoop-hdfs-project/hadoop-hdfs-nfs,org.apache.hadoop.hdfs.nfs.nfs3.TestRpcProgramNfs3.testSetattr,OD-Vic,Accepted,https://github.com/apache/hadoop/pull/6329,
https://github.com/apache/hadoop,cc2babc1f75c93bf89a8f10da525f944c15d02ea,hadoop-hdfs-project/hadoop-hdfs-nfs,org.apache.hadoop.hdfs.nfs.nfs3.TestRpcProgramNfs3.testSymlink,OD-Vic,Accepted,https://github.com/apache/hadoop/pull/6329,
https://github.com/apache/hadoop,cc2babc1f75c93bf89a8f10da525f944c15d02ea,hadoop-hdfs-project/hadoop-hdfs-nfs,org.apache.hadoop.hdfs.nfs.nfs3.TestRpcProgramNfs3.testWrite,OD-Vic,Accepted,https://github.com/apache/hadoop/pull/6329,
https://github.com/apache/hadoop,cc2babc1f75c93bf89a8f10da525f944c15d02ea,hadoop-hdfs-project/hadoop-hdfs-nfs,org.apache.hadoop.hdfs.nfs.nfs3.TestViewfsWithNfs3.testNfsRenameSingleNN,NIO;OD-Vic,Accepted,https://github.com/apache/hadoop/pull/2724,
https://github.com/apache/hadoop,cc2babc1f75c93bf89a8f10da525f944c15d02ea,hadoop-mapreduce-project/hadoop-mapreduce-client/hadoop-mapreduce-client-jobclient,org.apache.hadoop.mapred.TestClientRedirect.testRedirect,NIO,Accepted,https://github.com/apache/hadoop/pull/2968,
https://github.com/apache/hadoop,cc2babc1f75c93bf89a8f10da525f944c15d02ea,hadoop-mapreduce-project/hadoop-mapreduce-client/hadoop-mapreduce-client-app,org.apache.hadoop.mapreduce.jobhistory.TestJobHistoryEventHandler.testSigTermedFunctionality,NIO,Accepted,https://github.com/apache/hadoop/pull/2499,
https://github.com/apache/hadoop,14cd969b6ea1898e9db6eeb9ea5292ec4558a706,hadoop-common-project/hadoop-common,org.apache.hadoop.metrics2.impl.TestMetricsSystemImpl.testInitFirstVerifyCallBacks,ID,Accepted,https://github.com/apache/hadoop/pull/1868,
https://github.com/apache/hadoop,14cd969b6ea1898e9db6eeb9ea5292ec4558a706,hadoop-common-project/hadoop-common,org.apache.hadoop.metrics2.impl.TestMetricsSystemImpl.testInitFirstVerifyStopInvokedImmediately,ID,Accepted,https://github.com/apache/hadoop/pull/1868,
https://github.com/apache/hadoop,14cd969b6ea1898e9db6eeb9ea5292ec4558a706,hadoop-common-project/hadoop-common,org.apache.hadoop.security.TestGroupsCaching.testNegativeGroupCaching,ID,Accepted,https://github.com/apache/hadoop/pull/1835,
https://github.com/apache/hbase,801fc05e9c082ab12c7c1207087d3667ab162d1a,hbase-server,org.apache.hadoop.hbase.master.cleaner.TestReplicationHFileCleaner.testIsFileDeletable,NIO,Accepted,https://github.com/apache/hbase/pull/2984,
https://github.com/apache/helix,917b786e4da9a615c5177f27256e170feae2298f,helix-rest,org.apache.helix.rest.server.json.cluster.TestClusterInfo.whenSerializingClusterInfo,ID,Accepted,https://github.com/apache/helix/pull/2297,
https://github.com/apache/helix,917b786e4da9a615c5177f27256e170feae2298f,helix-rest,org.apache.helix.rest.server.json.cluster.TestClusterTopology.whenSerializingClusterTopology,ID,Accepted,https://github.com/apache/helix/pull/2297,
https://github.com/apache/helix,917b786e4da9a615c5177f27256e170feae2298f,helix-rest,org.apache.helix.rest.server.json.instance.TestStoppableCheck.whenSerializingStoppableCheck,ID,Accepted,https://github.com/apache/helix/pull/2297,
https://github.com/apache/hive,90fa9064f2c6907fbe6237cb46d5937eebd8ea31,serde,org.apache.hadoop.hive.serde2.lazybinary.TestLazyBinarySerDe.testLazyBinarySerDe,ID,Accepted,https://github.com/apache/hive/pull/5527,
https://github.com/apache/hive,90fa9064f2c6907fbe6237cb46d5937eebd8ea31,serde,org.apache.hadoop.hive.serde2.lazybinary.TestLazyBinarySerDe2.testLazyBinarySerDe,ID,Accepted,https://github.com/apache/hive/pull/5527,
https://github.com/apache/hive,ecdac363e042200d85bb8b894aa20d91a1642a18,serde,org.apache.hadoop.hive.serde2.TestStatsSerde.testLazyBinarySerDe,ID,Accepted,https://github.com/apache/hive/pull/5527,
https://github.com/apache/ignite-3,a1aa7fd4e2398c72827777ec5417d67915ff4da3,modules/cli,org.apache.ignite.cli.deprecated.IgniteCliInterfaceTest$Cluster.initSuccess,ID,Accepted,https://github.com/apache/ignite-3/pull/888,The PR was closed but the commit https://github.com/apache/ignite-3/commit/81851d38f6197ea414552148d9db372c09b43eb8 was added to the main branch of the repository
https://github.com/apache/ignite-3,a1aa7fd4e2398c72827777ec5417d67915ff4da3,modules/storage-rocksdb,org.apache.ignite.internal.storage.rocksdb.RocksDbStorageEngineTest.testCreateTableWithDefaultDataRegion(TableConfiguration),ID,Accepted,https://github.com/apache/ignite-3/pull/1312,
https://github.com/apache/ignite-3,a1aa7fd4e2398c72827777ec5417d67915ff4da3,modules/storage-rocksdb,org.apache.ignite.internal.storage.rocksdb.RocksDbStorageEngineTest.testCreateTableWithDynamicCustomDataRegion(TableConfiguration),ID,Accepted,https://github.com/apache/ignite-3/pull/1312,
https://github.com/apache/incubator-kie-drools,45c3b2105ae89134e98a5d5be6adbc8d0fd65853,drools-beliefs,org.drools.beliefs.bayes.JunctionTreeBuilderTest.testCreateClique,ID,Accepted,https://github.com/apache/incubator-kie-drools/pull/6187,
https://github.com/apache/incubator-kie-drools,45c3b2105ae89134e98a5d5be6adbc8d0fd65853,drools-beliefs,org.drools.beliefs.bayes.JunctionTreeBuilderTest.testIterativeEliminationUsingEdgeAndWeigh,ID,Accepted,https://github.com/apache/incubator-kie-drools/pull/6187,
https://github.com/apache/incubator-ratis,bc9d7615d8ffa30e79a36b9fd1950af38f0f6a49,ratis-server,org.apache.ratis.server.impl.TestRetryCacheMetrics.testRetryCacheEntryCount,OD,Accepted,https://github.com/apache/incubator-ratis/pull/321,https://github.com/TestingResearchIllinois/flaky-test-dataset/issues/48
https://github.com/apache/incubator-ratis,bc9d7615d8ffa30e79a36b9fd1950af38f0f6a49,ratis-server,org.apache.ratis.server.metrics.TestLeaderElectionMetrics.testOnLeaderElectionCompletion,OD,Accepted,https://github.com/apache/incubator-ratis/pull/321,https://github.com/TestingResearchIllinois/flaky-test-dataset/issues/48
https://github.com/apache/incubator-shardingsphere,038232e9b2f7fb22ccf50c04b74fb900732b345d,sharding-core/sharding-core-common,org.apache.shardingsphere.core.metadata.datasource.ShardingSphereDataSourceMetaDataTest.assertGetAllInstanceDataSourceNamesForShardingRule,ID,Accepted,https://github.com/apache/incubator-shardingsphere/pull/3164,
https://github.com/apache/incubator-shardingsphere,038232e9b2f7fb22ccf50c04b74fb900732b345d,sharding-jdbc/sharding-jdbc-core,org.apache.shardingsphere.shardingjdbc.jdbc.core.statement.EncryptPreparedStatementTest.assertUpdateWithExecuteUpdate,ID,Accepted,https://github.com/apache/incubator-shardingsphere/pull/3164,
https://github.com/apache/incubator-shardingsphere,038232e9b2f7fb22ccf50c04b74fb900732b345d,sharding-jdbc/sharding-jdbc-core,org.apache.shardingsphere.shardingjdbc.jdbc.core.statement.EncryptStatementTest.assertUpdateWithExecuteUpdate,ID,Accepted,https://github.com/apache/incubator-shardingsphere/pull/3164,
https://github.com/apache/iotdb,25a98ee165131047cda93dc92203db2ab9aecbc8,zeppelin-interpreter,org.apache.zeppelin.iotdb.IoTDBInterpreterTest.testSelectColumnStatementWithTimeFilter,ID,Accepted,https://github.com/apache/iotdb/pull/4459,
https://github.com/apache/jackrabbit-oak,08eab301c869c227d8721da0e9b9bd3d2029d458,oak-store-document,org.apache.jackrabbit.oak.plugins.document.RandomizedClusterTest.addRemoveSet,ID,Accepted,https://github.com/apache/jackrabbit-oak/pull/763,
https://github.com/apache/jena,fc01d33e6c11eed68784f820bf2dd161868d1d37,jena-arq,org.apache.jena.query.TestParameterizedSparqlString.test_param_string_injection_10,ID,Accepted,https://github.com/apache/jena/pull/2096,
https://github.com/apache/jena,fc01d33e6c11eed68784f820bf2dd161868d1d37,jena-arq,org.apache.jena.query.TestParameterizedSparqlString.test_param_string_injection_15,ID,Accepted,https://github.com/apache/jena/pull/2096,
https://github.com/apache/karaf,b368a87cba0f0e235d5dae72fd6c3559b50fb75c,.,org.apache.karaf.main.MainLockingTest.testLostMasterLockAfterThreshold,OD,Accepted,https://github.com/apache/karaf/pull/1792,
https://github.com/apache/kylin,31ab93618311cde8b95ca400811861002d7eaefb,stream-coordinator,org.apache.kylin.stream.coordinator.assign.DefaultAssignerTest.reBalanceTest,ID,Accepted,https://github.com/apache/kylin/pull/1133,
https://github.com/apache/linkis,2b47014684a0f8b2491fa5b90410e10537fcfaa6,linkis-commons,org.apache.linkis.common.exception.ExceptionManagerTest.testGenerateException,ID,Accepted,https://github.com/apache/linkis/pull/5005,
https://github.com/apache/myfaces-tobago,0d28540daca8429d410712b77b1386042bf90a45,tobago-core,org.apache.myfaces.tobago.webapp.TobagoResponseWriterUnitTest.testPassthrough,ID,Accepted,https://github.com/apache/myfaces-tobago/pull/5703,
https://github.com/apache/myfaces-tobago,0d28540daca8429d410712b77b1386042bf90a45,tobago-core,org.apache.myfaces.tobago.webapp.TobagoResponseWriterUnitTest.testPassthroughInRenderer,ID,Accepted,https://github.com/apache/myfaces-tobago/pull/5703,
https://github.com/apache/nifi,2bd752d868a8f3e36113b078bb576cf054e945e8,nifi-nar-bundles/nifi-framework-bundle/nifi-framework/nifi-framework-cluster,org.apache.nifi.cluster.coordination.http.replication.okhttp.TestJsonEntitySerializer.testBulletinEntity,ID,Accepted,https://github.com/apache/nifi/pull/6515,
https://github.com/apache/nifi,2bd752d868a8f3e36113b078bb576cf054e945e8,nifi-nar-bundles/nifi-framework-bundle/nifi-framework/nifi-framework-cluster,org.apache.nifi.cluster.manager.BulletinMergerTest.mergeBulletins,ID,Accepted,https://github.com/apache/nifi/pull/5572,issue: https://issues.apache.org/jira/browse/NIFI-9417; merged SHA: https://github.com/apache/nifi/commit/c1bb0c0c3421136b045a66415be9b17947952492
https://github.com/apache/nifi,2bd752d868a8f3e36113b078bb576cf054e945e8,nifi-nar-bundles/nifi-standard-services/nifi-distributed-cache-services-bundle/nifi-distributed-cache-server,org.apache.nifi.distributed.cache.server.map.DistributedMapCacheTest.testSubMap,ID,Accepted,https://github.com/apache/nifi/pull/6486,
https://github.com/apache/nifi,2bd752d868a8f3e36113b078bb576cf054e945e8,nifi-nar-bundles/nifi-standard-services/nifi-hbase_1_1_2-client-service-bundle/nifi-hbase_1_1_2-client-service,org.apache.nifi.hbase.TestHBase_1_1_2_ClientService.testScan,ID,Accepted,https://github.com/apache/nifi/pull/6632,
https://github.com/apache/nifi,2bd752d868a8f3e36113b078bb576cf054e945e8,nifi-nar-bundles/nifi-hbase-bundle/nifi-hbase-processors,org.apache.nifi.hbase.TestScanHBase.testScanToContentWithQualifierAndValueJSON,ID,Accepted,https://github.com/apache/nifi/pull/6633,
https://github.com/apache/nifi,2bd752d868a8f3e36113b078bb576cf054e945e8,nifi-nar-bundles/nifi-hbase-bundle/nifi-hbase-processors,org.apache.nifi.hbase.TestScanHBase.testScanToContentWithStringValues,ID,Accepted,https://github.com/apache/nifi/pull/6633,
https://github.com/apache/nifi,5f1d93f977b3702b63c72d7e07af7dc820a2fc70,nifi-nar-bundles/nifi-standard-services/nifi-record-serialization-services-bundle/nifi-record-serialization-services,org.apache.nifi.json.TestJsonTreeRowRecordReader.testReadRawRecordFieldOrderPreserved,ID,Accepted,https://github.com/apache/nifi/pull/6726,
https://github.com/apache/nifi,2bd752d868a8f3e36113b078bb576cf054e945e8,nifi-nar-bundles/nifi-cybersecurity-bundle/nifi-cybersecurity-processors,org.apache.nifi.processors.cybersecurity.TestCompareFuzzyHash.testSsdeepCompareFuzzyHashMultipleMatches,ID,Accepted,https://github.com/apache/nifi/pull/6639,
https://github.com/apache/nifi,2bd752d868a8f3e36113b078bb576cf054e945e8,nifi-nar-bundles/nifi-cybersecurity-bundle/nifi-cybersecurity-processors,org.apache.nifi.processors.cybersecurity.TestCompareFuzzyHash.testTLSHCompareFuzzyHashMultipleMatches,ID,Accepted,https://github.com/apache/nifi/pull/6639,
https://github.com/apache/nifi,2bd752d868a8f3e36113b078bb576cf054e945e8,nifi-nar-bundles/nifi-solr-bundle/nifi-solr-processors,org.apache.nifi.processors.solr.TestQuerySolr.testAttributes,ID,Accepted,https://github.com/apache/nifi/pull/6718,
https://github.com/apache/nifi,2bd752d868a8f3e36113b078bb576cf054e945e8,nifi-nar-bundles/nifi-splunk-bundle/nifi-splunk-processors,org.apache.nifi.processors.splunk.TestPutSplunkHTTP.testHappyPathWithCustomQueryParameters,ID,Accepted,https://github.com/apache/nifi/pull/6672,
https://github.com/apache/nifi,2bd752d868a8f3e36113b078bb576cf054e945e8,nifi-nar-bundles/nifi-splunk-bundle/nifi-splunk-processors,org.apache.nifi.processors.splunk.TestPutSplunkHTTP.testHappyPathWithCustomQueryParametersFromFlowFile,ID,Accepted,https://github.com/apache/nifi/pull/6672,
https://github.com/apache/nifi,2bd752d868a8f3e36113b078bb576cf054e945e8,nifi-nar-bundles/nifi-standard-bundle/nifi-standard-processors,org.apache.nifi.processors.standard.TestGenerateTableFetch.testMultipleColumnTypeMissing,ID,Accepted,https://github.com/apache/nifi/pull/6754,
https://github.com/apache/nifi,2bd752d868a8f3e36113b078bb576cf054e945e8,nifi-nar-bundles/nifi-standard-bundle/nifi-standard-processors,org.apache.nifi.processors.standard.TestMergeContent.testDefragmentMultipleMingledSegments,ID,Accepted,https://github.com/apache/nifi/pull/6727,
https://github.com/apache/nifi,2bd752d868a8f3e36113b078bb576cf054e945e8,nifi-nar-bundles/nifi-standard-bundle/nifi-standard-processors,org.apache.nifi.processors.standard.TestParseCEF.testCustomValidator,ID,Accepted,https://github.com/apache/nifi/pull/6522,
https://github.com/apache/nifi,2bd752d868a8f3e36113b078bb576cf054e945e8,nifi-nar-bundles/nifi-standard-bundle/nifi-standard-processors,org.apache.nifi.processors.standard.TestPartitionRecord.groupByStringMixedNumberOfRecords,ID,Accepted,https://github.com/apache/nifi/pull/6528,
https://github.com/apache/nifi,2bd752d868a8f3e36113b078bb576cf054e945e8,nifi-nar-bundles/nifi-standard-bundle/nifi-standard-processors,org.apache.nifi.processors.standard.TestSegmentContent.test,ID,Accepted,https://github.com/apache/nifi/pull/6700,
https://github.com/apache/nifi,2bd752d868a8f3e36113b078bb576cf054e945e8,nifi-nar-bundles/nifi-standard-bundle/nifi-standard-processors,org.apache.nifi.processors.standard.TestWaitNotifyProtocol.testNotifyAttributes,ID,Accepted,https://github.com/apache/nifi/pull/6526,
https://github.com/apache/nifi,2bd752d868a8f3e36113b078bb576cf054e945e8,nifi-nar-bundles/nifi-standard-bundle/nifi-standard-processors,org.apache.nifi.processors.standard.TestWaitNotifyProtocol.testNotifyCounters,ID,Accepted,https://github.com/apache/nifi/pull/6526,
https://github.com/apache/nifi,2bd752d868a8f3e36113b078bb576cf054e945e8,nifi-nar-bundles/nifi-standard-bundle/nifi-standard-processors,org.apache.nifi.processors.standard.TestWaitNotifyProtocol.testNotifyFirst,ID,Accepted,https://github.com/apache/nifi/pull/6526,
https://github.com/apache/nifi,2bd752d868a8f3e36113b078bb576cf054e945e8,nifi-nar-bundles/nifi-azure-bundle/nifi-azure-reporting-task,org.apache.nifi.reporting.azure.loganalytics.TestAzureLogAnalyticsProvenanceReportingTask.testAddField2,ID,Accepted,https://github.com/apache/nifi/pull/6486,
https://github.com/apache/nifi,2bd752d868a8f3e36113b078bb576cf054e945e8,nifi-nar-bundles/nifi-prometheus-bundle/nifi-prometheus-reporting-task,org.apache.nifi.reporting.prometheus.TestPrometheusRecordSink.testSendData,ID,Accepted,https://github.com/apache/nifi/pull/6486,
https://github.com/apache/nifi,2bd752d868a8f3e36113b078bb576cf054e945e8,nifi-nar-bundles/nifi-standard-services/nifi-record-serialization-services-bundle/nifi-record-serialization-services,org.apache.nifi.xml.TestXMLReader.testAttributePrefix,ID,Accepted,https://github.com/apache/nifi/pull/6709,
https://github.com/apache/nifi,2bd752d868a8f3e36113b078bb576cf054e945e8,nifi-nar-bundles/nifi-standard-services/nifi-record-serialization-services-bundle/nifi-record-serialization-services,org.apache.nifi.xml.TestXMLReader.testContentField,ID,Accepted,https://github.com/apache/nifi/pull/6709,
https://github.com/apache/nifi,6b188636ff45c0380b6d3a08149ea5b342e8e5aa,nifi-nar-bundles/nifi-standard-services/nifi-record-serialization-services-bundle/nifi-record-serialization-services,org.apache.nifi.xml.TestXMLReader.testInferSchema,ID,Accepted,https://github.com/apache/nifi/pull/6709,
https://github.com/apache/nifi,6b188636ff45c0380b6d3a08149ea5b342e8e5aa,nifi-nar-bundles/nifi-standard-services/nifi-record-serialization-services-bundle/nifi-record-serialization-services,org.apache.nifi.xml.TestXMLReader.testInferSchemaContentFieldNameNotSet,ID,Accepted,https://github.com/apache/nifi/pull/6709,
https://github.com/apache/nifi,6b188636ff45c0380b6d3a08149ea5b342e8e5aa,nifi-nar-bundles/nifi-standard-services/nifi-record-serialization-services-bundle/nifi-record-serialization-services,org.apache.nifi.xml.TestXMLReader.testInferSchemaContentFieldNameNotSetSubElementExists,ID,Accepted,https://github.com/apache/nifi/pull/6709,
https://github.com/apache/nifi,6b188636ff45c0380b6d3a08149ea5b342e8e5aa,nifi-nar-bundles/nifi-standard-services/nifi-record-serialization-services-bundle/nifi-record-serialization-services,org.apache.nifi.xml.TestXMLReader.testInferSchemaContentFieldNameSetSubElementExistsNameClash,ID,Accepted,https://github.com/apache/nifi/pull/6709,
https://github.com/apache/nifi,6b188636ff45c0380b6d3a08149ea5b342e8e5aa,nifi-nar-bundles/nifi-standard-services/nifi-record-serialization-services-bundle/nifi-record-serialization-services,org.apache.nifi.xml.TestXMLReader.testInferSchemaContentFieldNameSetSubElementExistsNoNameClash,ID,Accepted,https://github.com/apache/nifi/pull/6709,
https://github.com/apache/nifi,6b188636ff45c0380b6d3a08149ea5b342e8e5aa,nifi-nar-bundles/nifi-standard-services/nifi-record-serialization-services-bundle/nifi-record-serialization-services,org.apache.nifi.xml.TestXMLReader.testInferSchemaIgnoreAttributes,ID,Accepted,https://github.com/apache/nifi/pull/6709,
https://github.com/apache/olingo-odata2,daa83f4d80f3eb8019ae2cb6729486d1821b8c89,odata2-jpa-processor/jpa-core,org.apache.olingo.odata2.jpa.processor.core.access.data.JPAEntityTest.testCreateODataEntryPropertyWithOutCallBack,ID,Accepted,https://github.com/apache/olingo-odata2/pull/35,
https://github.com/apache/opennlp,dab19af803e9139b57b972eb4e1af4c978d2ff3f,opennlp-tools,opennlp.tools.dictionary.DictionaryAsSetCaseInsensitiveTest.testEquals,ID,Accepted,https://github.com/apache/opennlp/pull/556,
https://github.com/apache/opennlp,dab19af803e9139b57b972eb4e1af4c978d2ff3f,opennlp-tools,opennlp.tools.dictionary.DictionaryAsSetCaseInsensitiveTest.testEqualsDifferentCase,ID,Accepted,https://github.com/apache/opennlp/pull/556,
https://github.com/apache/opennlp,dab19af803e9139b57b972eb4e1af4c978d2ff3f,opennlp-tools,opennlp.tools.dictionary.DictionaryAsSetCaseSensitiveTest.testEquals,ID,Accepted,https://github.com/apache/opennlp/pull/556,
https://github.com/apache/pinot,85e413ebe8c80513a8a676fc090b1af0f50861f0,pinot-common,org.apache.pinot.common.utils.LoggerUtilsTest.testGetAllLoggers,ID,Accepted,https://github.com/apache/pinot/pull/9939,
https://github.com/apache/pinot,85e413ebe8c80513a8a676fc090b1af0f50861f0,pinot-common,org.apache.pinot.common.utils.URIUtilsTest.testBuildURI,ID,Accepted,https://github.com/apache/pinot/pull/9928,
https://github.com/apache/pinot,ecf41be2ecd007853c2db19e1c6a038cf356cb9e,pinot-core,org.apache.pinot.core.operator.filter.NotFilterOperatorTest.testNotOperator,ID,Accepted,https://github.com/apache/pinot/pull/11771,
https://github.com/apache/pinot,ecf41be2ecd007853c2db19e1c6a038cf356cb9e,pinot-core,org.apache.pinot.core.transport.server.routing.stats.ServerRoutingStatsManagerTest.testQuerySubmitAndCompletionStats,ID,Accepted,https://github.com/apache/pinot/pull/12029,
https://github.com/apache/pinot,ecf41be2ecd007853c2db19e1c6a038cf356cb9e,pinot-core,org.apache.pinot.queries.ExplainPlanQueriesTest.testSelect,ID,Accepted,https://github.com/apache/pinot/pull/11941,
https://github.com/apache/pinot,ecf41be2ecd007853c2db19e1c6a038cf356cb9e,pinot-core,org.apache.pinot.queries.ExplainPlanQueriesTest.testSelectAggregate,ID,Accepted,https://github.com/apache/pinot/pull/11941,
https://github.com/apache/pinot,ecf41be2ecd007853c2db19e1c6a038cf356cb9e,pinot-core,org.apache.pinot.queries.ExplainPlanQueriesTest.testSelectAggregateUsingFilterGroupBy,ID,Accepted,https://github.com/apache/pinot/pull/11941,
https://github.com/apache/pinot,ecf41be2ecd007853c2db19e1c6a038cf356cb9e,pinot-core,org.apache.pinot.queries.ExplainPlanQueriesTest.testSelectAggregateUsingFilterGroupByVerbose,ID,Accepted,https://github.com/apache/pinot/pull/11941,
https://github.com/apache/pinot,ecf41be2ecd007853c2db19e1c6a038cf356cb9e,pinot-core,org.apache.pinot.queries.ExplainPlanQueriesTest.testSelectAggregateUsingFilterIndex,ID,Accepted,https://github.com/apache/pinot/pull/11941,
https://github.com/apache/pinot,ecf41be2ecd007853c2db19e1c6a038cf356cb9e,pinot-core,org.apache.pinot.queries.ExplainPlanQueriesTest.testSelectAggregateUsingFilterIndexGroupBy,ID,Accepted,https://github.com/apache/pinot/pull/11941,
https://github.com/apache/pinot,ecf41be2ecd007853c2db19e1c6a038cf356cb9e,pinot-core,org.apache.pinot.queries.ExplainPlanQueriesTest.testSelectAggregateUsingFilterIndexGroupByHaving,ID,Accepted,https://github.com/apache/pinot/pull/11941,
https://github.com/apache/pinot,ecf41be2ecd007853c2db19e1c6a038cf356cb9e,pinot-core,org.apache.pinot.queries.ExplainPlanQueriesTest.testSelectAggregateUsingFilterIndexGroupByOrderBy,ID,Accepted,https://github.com/apache/pinot/pull/11941,
https://github.com/apache/pinot,98c536ee80516effc6fe2df642a07c8b05962532,pinot-core,org.apache.pinot.queries.ExplainPlanQueriesTest.testSelectAggregateUsingFilterOnTextIndexColumn,ID,Accepted,https://github.com/apache/pinot/pull/11941,https://github.com/TestingResearchIllinois/idoft/issues/741
https://github.com/apache/pinot,ecf41be2ecd007853c2db19e1c6a038cf356cb9e,pinot-core,org.apache.pinot.queries.ExplainPlanQueriesTest.testSelectColumnsUsingFilter,ID,Accepted,https://github.com/apache/pinot/pull/11941,
https://github.com/apache/pinot,ecf41be2ecd007853c2db19e1c6a038cf356cb9e,pinot-core,org.apache.pinot.queries.ExplainPlanQueriesTest.testSelectColumnsUsingFilterOnInvertedIndexColumn,ID,Accepted,https://github.com/apache/pinot/pull/11941,
https://github.com/apache/pinot,ecf41be2ecd007853c2db19e1c6a038cf356cb9e,pinot-core,org.apache.pinot.queries.ExplainPlanQueriesTest.testSelectColumnsVariationsOfAndOperators,ID,Accepted,https://github.com/apache/pinot/pull/11941,
https://github.com/apache/pinot,ecf41be2ecd007853c2db19e1c6a038cf356cb9e,pinot-core,org.apache.pinot.queries.ExplainPlanQueriesTest.testSelectColumnsVariationsOfOrOperators,ID,Accepted,https://github.com/apache/pinot/pull/11941,
https://github.com/apache/pinot,ecf41be2ecd007853c2db19e1c6a038cf356cb9e,pinot-core,org.apache.pinot.queries.ExplainPlanQueriesTest.testSelectColumnUsingFilterOnRangeIndexColumn,ID,Accepted,https://github.com/apache/pinot/pull/11941,
https://github.com/apache/pinot,f79b618141e07c140663791959d96956ad91d811,pinot-common,org.apache.pinot.sql.parsers.rewriter.ExprMinMaxRewriterTest.testQueryRewrite,ID,Accepted,https://github.com/apache/pinot/pull/12047,
https://github.com/apache/rocketmq-dashboard,2160e23b917824905d12567090da568fbc08a1c7,rocketmq-dashboard,org.apache.rocketmq.dashboard.controller.TopicControllerTest.testList,ID,Accepted,https://github.com/apache/rocketmq-dashboard/pull/120,
https://github.com/apache/sedona,1bf3fea03038f3a4aaf97de9aa8e4e646385db64,common,org.apache.sedona.core.formatMapper.GeoJsonIOTest.testReadWriteGeoJson,ID,Accepted,https://github.com/apache/sedona/pull/1130,
https://github.com/apache/servicecomb-java-chassis,68bdb78926654b6a15dd12ade8c0533c0e704528,core,org.apache.servicecomb.common.rest.codec.param.TestRestClientRequestImpl.testCookie,ID,Accepted,https://github.com/apache/servicecomb-java-chassis/pull/3501,
https://github.com/apache/servicecomb-java-chassis,68bdb78926654b6a15dd12ade8c0533c0e704528,common/common-rest,org.apache.servicecomb.core.TestInvocation.traceIdGeneratorInit,ID,Accepted,https://github.com/apache/servicecomb-java-chassis/pull/3501,
https://github.com/apache/servicecomb-java-chassis,0eebf529ce50b443e5023c55b1a24b90d1873cec,clients/config-center-client,org.apache.servicecomb.service.center.client.ServiceCenterClientTest.TestRegisterServiceInstance,ID,Accepted,https://github.com/apache/servicecomb-java-chassis/pull/3497,
https://github.com/apache/servicecomb-java-chassis,0eebf529ce50b443e5023c55b1a24b90d1873cec,clients/config-center-client,org.apache.servicecomb.service.center.client.ServiceCenterClientTest.TestRegistryService,ID,Accepted,https://github.com/apache/servicecomb-java-chassis/pull/3497,
https://github.com/apache/servicecomb-java-chassis,0eebf529ce50b443e5023c55b1a24b90d1873cec,clients/config-center-client,org.apache.servicecomb.service.center.client.ServiceCenterClientTest.TestSendHeartBeats,ID,Accepted,https://github.com/apache/servicecomb-java-chassis/pull/3497,
https://github.com/apache/servicecomb-java-chassis,eb2961c6b4339c1c34622241cfb5f730fcd35a13,swagger/swagger-generator,org.apache.servicecomb.swagger.generator.core.TestOperationGenerator.apiOperationThenResponse,ID,Accepted,https://github.com/apache/servicecomb-java-chassis/pull/3450,
https://github.com/apache/shardingsphere,8ffe2bb86b6da9f9c9053fb5cce28cb5b5b660db,proxy/backend,org.apache.shardingsphere.proxy.backend.handler.distsql.ral.advance.ParseDistSQLHandlerTest.assertGetRowDataForMySQL,ID,Accepted,https://github.com/apache/shardingsphere/pull/22526,
https://github.com/apache/shardingsphere,8ffe2bb86b6da9f9c9053fb5cce28cb5b5b660db,proxy/backend,org.apache.shardingsphere.proxy.backend.handler.distsql.ral.advance.ParseDistSQLHandlerTest.assertGetRowDataForPostgreSQL,ID,Accepted,https://github.com/apache/shardingsphere/pull/22526,
https://github.com/apache/shardingsphere-elasticjob,b022898ef1b8c984e17efb2a422ee45f6b13e46e,elastic-job-lite-core,io.elasticjob.lite.event.rdb.JobEventRdbStorageTest.assertAddJobStatusTraceEventWhenFailoverWithTaskFailedState,NIO,Accepted,https://github.com/apache/shardingsphere-elasticjob/pull/1838,
https://github.com/apache/shardingsphere-elasticjob,b022898ef1b8c984e17efb2a422ee45f6b13e46e,elastic-job-lite-core,io.elasticjob.lite.event.rdb.JobEventRdbStorageTest.assertAddJobStatusTraceEventWhenFailoverWithTaskStagingState,NIO,Accepted,https://github.com/apache/shardingsphere-elasticjob/pull/1838,
https://github.com/apache/shardingsphere-elasticjob,b022898ef1b8c984e17efb2a422ee45f6b13e46e,elastic-job-lite-core,io.elasticjob.lite.internal.instance.TriggerListenerManagerTest.assertTriggerWhenJobIsNotRunning,OD,Accepted,https://github.com/apache/shardingsphere-elasticjob/pull/625,
https://github.com/apache/shardingsphere-elasticjob,b022898ef1b8c984e17efb2a422ee45f6b13e46e,elastic-job-lite-core,io.elasticjob.lite.internal.sharding.ShardingListenerManagerTest.assertListenServersChangedJobListenerWhenIsInstanceChangeButJobInstanceIsShutdown,OD,Accepted,https://github.com/apache/shardingsphere-elasticjob/pull/592,
https://github.com/apache/shardingsphere-elasticjob,b022898ef1b8c984e17efb2a422ee45f6b13e46e,elastic-job-lite-core,io.elasticjob.lite.util.json.GsonFactoryTest.assertRegisterTypeAdapter,NIO,Accepted,https://github.com/apache/shardingsphere-elasticjob/pull/1901,
https://github.com/apache/shenyu,22546ae0e6a4047ee08bf4a41f9114f47ba57e19,shenyu-admin,org.apache.shenyu.admin.service.PermissionServiceTest.testGetPermissionMenu,ID,Accepted,https://github.com/apache/shenyu/pull/5241,
https://github.com/apache/shenyu,10375c5204c67f9889235f19fe2d6e8eb0438a5a,shenyu-client/shenyu-client-http/shenyu-client-springmvc,org.apache.shenyu.client.springmvc.init.SpringMvcClientEventListenerTest.testNormalBeanProcess,OD,Accepted,https://github.com/apache/shenyu/pull/4252,
https://github.com/apache/shenyu,10375c5204c67f9889235f19fe2d6e8eb0438a5a,shenyu-client/shenyu-client-http/shenyu-client-springmvc,org.apache.shenyu.client.springmvc.init.SpringMvcClientEventListenerTest.testOnApplicationEventError,OD,Accepted,https://github.com/apache/shenyu/pull/4252,
https://github.com/apache/shenyu,10375c5204c67f9889235f19fe2d6e8eb0438a5a,shenyu-client/shenyu-client-http/shenyu-client-springmvc,org.apache.shenyu.client.springmvc.init.SpringMvcClientEventListenerTest.testShenyuBeanProcess,OD,Accepted,https://github.com/apache/shenyu/pull/4252,
https://github.com/apache/shenyu,10375c5204c67f9889235f19fe2d6e8eb0438a5a,shenyu-client/shenyu-client-http/shenyu-client-springmvc,org.apache.shenyu.client.springmvc.init.SpringMvcClientEventListenerTest.testWithShenyuClientAnnotation,OD,Accepted,https://github.com/apache/shenyu/pull/4252,
https://github.com/apache/skywalking,edf0bce37f682c093d1ea5bcca0a6d2d1ecc2cc4,apm-commons/apm-datacarrier,org.apache.skywalking.apm.commons.datacarrier.consumer.testConsumerLessThanChannel,OD,Accepted,https://github.com/apache/skywalking/pull/5846,
https://github.com/apache/skywalking,edf0bce37f682c093d1ea5bcca0a6d2d1ecc2cc4,apm-commons/apm-datacarrier,org.apache.skywalking.apm.commons.datacarrier.consumer.testConsumerMoreThanChannel,OD,Accepted,https://github.com/apache/skywalking/pull/5846,
https://github.com/Apache/Struts,13d9053050c9e4fb2ef049db6a37d3f6eebf48fa,plugins/json,org.apache.struts2.json.SMDMethodInterfaceTest.testBaseClassOnly,ID,Accepted,https://github.com/apache/struts/pull/455,
https://github.com/Apache/Struts,13d9053050c9e4fb2ef049db6a37d3f6eebf48fa,plugins/json,org.apache.struts2.json.SMDMethodInterfaceTest.testInterfaces,ID,Accepted,https://github.com/apache/struts/pull/455,
https://github.com/Apache/Struts,13d9053050c9e4fb2ef049db6a37d3f6eebf48fa,plugins/portlet,org.apache.struts2.portlet.dispatcher.Jsr168DispatcherTest.testProcessAction_ok,OD-Vic,Accepted,https://github.com/apache/struts/pull/263,
https://github.com/Apache/Struts,13d9053050c9e4fb2ef049db6a37d3f6eebf48fa,plugins/portlet,org.apache.struts2.portlet.dispatcher.Jsr168DispatcherTest.testRender_ok,OD-Vic,Accepted,https://github.com/apache/struts/pull/263,
https://github.com/Apache/Struts,13d9053050c9e4fb2ef049db6a37d3f6eebf48fa,plugins/portlet,org.apache.struts2.portlet.dispatcher.Jsr286DispatcherTest.testProcessAction_ok,OD-Vic,Accepted,https://github.com/apache/struts/pull/263,
https://github.com/Apache/Struts,13d9053050c9e4fb2ef049db6a37d3f6eebf48fa,plugins/portlet,org.apache.struts2.portlet.dispatcher.Jsr286DispatcherTest.testRender_ok,OD-Vic,Accepted,https://github.com/apache/struts/pull/263,
https://github.com/apache/tika,d2c435311a57a9ac406a26d14cafcf685aba874b,tika-core,org.apache.tika.metadata.TestMetadata.testToStringWithManyEntries,ID,Accepted,https://github.com/apache/tika/pull/845,
https://github.com/apache/tika,1e67ef16f7b735c27114256d8ad7469248e501f2,tika-parsers/tika-parsers-standard/tika-parsers-standard-modules/tika-parser-microsoft-module,org.apache.tika.parser.microsoft.ooxml.xps.XPSParserTest.testVarious,ID,Accepted,https://github.com/apache/tika/pull/1436,
https://github.com/apache/tinkerpop,8bfdf50778e29d98c6554a01688fc5cc34524522,gremlin-core,"org.apache.tinkerpop.gremlin.process.traversal.strategy.optimization.PathProcessorStrategyTest.""doTest[[SelectStep(first,[a, b],[value(name), value(age)])]]""",ID,Accepted,https://github.com/apache/tinkerpop/pull/2943,
https://github.com/apache/tinkerpop,8bfdf50778e29d98c6554a01688fc5cc34524522,gremlin-core,"org.apache.tinkerpop.gremlin.process.traversal.strategy.optimization.PathProcessorStrategyTest.""doTest[[SelectStep(last,[a, b, c],[value(name), [VertexStep(OUT,edge), CountGlobalStep]])]]""",ID,Accepted,https://github.com/apache/tinkerpop/pull/2943,
https://github.com/apache/tinkerpop,8bfdf50778e29d98c6554a01688fc5cc34524522,gremlin-core,"org.apache.tinkerpop.gremlin.process.traversal.strategy.optimization.PathProcessorStrategyTest.""doTest[[SelectStep(last,[a, b],[identity, value(age)])]]""",ID,Accepted,https://github.com/apache/tinkerpop/pull/2943,
https://github.com/apache/tinkerpop,8bfdf50778e29d98c6554a01688fc5cc34524522,gremlin-core,"org.apache.tinkerpop.gremlin.process.traversal.strategy.optimization.PathProcessorStrategyTest.""doTest[[SelectStep(last,[a, b],[value(name), value(age)])]]""",ID,Accepted,https://github.com/apache/tinkerpop/pull/2943,
https://github.com/apache/tinkerpop,cb366cd86fa036122cc48af76866a0c2a413a83e,gremlin-core,org.apache.tinkerpop.gremlin.language.grammar.TraversalStrategyVisitorTest.testTraversalStrategy,ID,Accepted,https://github.com/apache/tinkerpop/pull/2887,
https://github.com/apache/tinkerpop,d484001b44f9f8feb0eed2e058f4a5cb9528d766,gremlin-core,org.apache.tinkerpop.gremlin.process.traversal.translator.DotNetTranslatorTest.shouldTranslateStrategies,ID,Accepted,https://github.com/apache/tinkerpop/pull/2887,
https://github.com/apache/tinkerpop,d484001b44f9f8feb0eed2e058f4a5cb9528d766,gremlin-core,org.apache.tinkerpop.gremlin.process.traversal.translator.GolangTranslatorTest.shouldTranslateStrategies,ID,Accepted,https://github.com/apache/tinkerpop/pull/2887,
https://github.com/apache/tinkerpop,d484001b44f9f8feb0eed2e058f4a5cb9528d766,gremlin-core,org.apache.tinkerpop.gremlin.process.traversal.translator.GroovyTranslatorTest.shouldTranslateStrategies,ID,Accepted,https://github.com/apache/tinkerpop/pull/2887,
https://github.com/apache/tinkerpop,d484001b44f9f8feb0eed2e058f4a5cb9528d766,gremlin-core,org.apache.tinkerpop.gremlin.process.traversal.translator.JavascriptTranslatorTest.shouldTranslateStrategies,ID,Accepted,https://github.com/apache/tinkerpop/pull/2887,
https://github.com/apache/tinkerpop,d484001b44f9f8feb0eed2e058f4a5cb9528d766,gremlin-core,org.apache.tinkerpop.gremlin.process.traversal.translator.PythonTranslatorTest.shouldTranslateStrategies,ID,Accepted,https://github.com/apache/tinkerpop/pull/2887,
https://github.com/apache/wicket,b243eca31ab4a0ab78159fd2ccf7337a38b94840,core,org.apache.wicket.ajax.AbstractDefaultAjaxBehaviorTest.renderAjaxAttributes,ID,Accepted,https://github.com/apache/wicket/pull/707,
https://github.com/apache/wicket,b243eca31ab4a0ab78159fd2ccf7337a38b94840,core,org.apache.wicket.ajax.AjaxCallbackFunctionTest.testCallbackFunctionWithAll,ID,Accepted,https://github.com/apache/wicket/pull/707,
https://github.com/apache/wicket,b243eca31ab4a0ab78159fd2ccf7337a38b94840,core,org.apache.wicket.ajax.AjaxCallbackFunctionTest.testCallbackFunctionWithContext,ID,Accepted,https://github.com/apache/wicket/pull/707,
https://github.com/apache/wicket,b243eca31ab4a0ab78159fd2ccf7337a38b94840,core,org.apache.wicket.ajax.AjaxCallbackFunctionTest.testCallbackFunctionWithConverted,ID,Accepted,https://github.com/apache/wicket/pull/707,
https://github.com/apache/wicket,b243eca31ab4a0ab78159fd2ccf7337a38b94840,core,org.apache.wicket.ajax.AjaxCallbackFunctionTest.testCallbackFunctionWithExplicit,ID,Accepted,https://github.com/apache/wicket/pull/707,
https://github.com/apache/wicket,b243eca31ab4a0ab78159fd2ccf7337a38b94840,core,org.apache.wicket.ajax.AjaxCallbackFunctionTest.testCallbackFunctionWithResolved,ID,Accepted,https://github.com/apache/wicket/pull/707,
https://github.com/apache/wicket,b243eca31ab4a0ab78159fd2ccf7337a38b94840,core,org.apache.wicket.ajax.AjaxCallbackFunctionTest.testDefaultCallbackFunction,ID,Accepted,https://github.com/apache/wicket/pull/707,
https://github.com/apache/wicket,b243eca31ab4a0ab78159fd2ccf7337a38b94840,core,org.apache.wicket.ajax.AjaxCallbackFunctionTest.testJQueryUIEvent,ID,Accepted,https://github.com/apache/wicket/pull/707,
https://github.com/apache/wicket,b243eca31ab4a0ab78159fd2ccf7337a38b94840,core,org.apache.wicket.markup.html.form.CollectionFormComponentTest.getSetNullSet,ID,Accepted,https://github.com/apache/wicket/pull/707,
https://github.com/apache/wicket,b243eca31ab4a0ab78159fd2ccf7337a38b94840,core,org.apache.wicket.markup.html.form.CollectionFormComponentTest.getSetUnmodifiableSet,ID,Accepted,https://github.com/apache/wicket/pull/707,
https://github.com/AuthMe/AuthMeReloaded,fcd4a2fad777ab54ac271702225c4a0f19edb186,.,fr.xephi.authme.listener.PlayerListenerTest.shouldHideChatFromUnauthed,ID,Accepted,https://github.com/AuthMe/AuthMeReloaded/pull/2386,
https://github.com/authorjapps/zerocode,6ef5f20eaff6a8bad3713b4aee6a482cdbd6e256,core,org.jsmart.zerocode.core.kafka.receive.message.ConsumerJsonRecordTest.should_serialize_a_record_with_headers,ID,Accepted,https://github.com/authorjapps/zerocode/pull/684,
https://github.com/aws/aws-dynamodb-encryption-java,66c679bd705a9dd64b6c05fe2bf71ba5a27e84c1,.,com.amazonaws.services.dynamodbv2.datamodeling.encryption.DynamoDBEncryptorTest.ensureEncryptedAttributesUnmodified,ID,Accepted,https://github.com/aws/aws-dynamodb-encryption-java/pull/274,
https://github.com/aws/aws-dynamodb-encryption-java,66c679bd705a9dd64b6c05fe2bf71ba5a27e84c1,.,com.amazonaws.services.dynamodbv2.datamodeling.internal.AttributeValueMarshallerTest.testSimpleMapWithNull,ID,Accepted,https://github.com/aws/aws-dynamodb-encryption-java/pull/274,
https://github.com/AxonFramework/AxonFramework,e9809cbd5bb1f32b39d9e7408de1c8c395411350,messaging,org.axonframework.messaging.annotation.AnnotatedMessageHandlingMemberTest.attributeReturnsNonEmptyOptionalForMatchingAttributeKey,ID,Accepted,https://github.com/AxonFramework/AxonFramework/pull/3142,
https://github.com/AxonFramework/AxonFramework,e9809cbd5bb1f32b39d9e7408de1c8c395411350,messaging,org.axonframework.messaging.annotation.AnnotatedMessageHandlingMemberTest.hasAnnotation,ID,Accepted,https://github.com/AxonFramework/AxonFramework/pull/3142,
https://github.com/AxonFramework/AxonFramework,e9809cbd5bb1f32b39d9e7408de1c8c395411350,messaging,org.axonframework.messaging.GenericMessageTest.messageSerialization,ID,Accepted,https://github.com/AxonFramework/AxonFramework/pull/3156,
https://github.com/biojava/biojava,65ad15fe58dcedd258fee1c14505e424c8536efc,biojava-structure,org.biojava.nbio.structure.align.util.AtomCacheTest.testGetStructureForChainlessDomains,ID;NOD,Accepted,https://github.com/biojava/biojava/pull/897,https://github.com/TestingResearchIllinois/flaky-test-dataset/issues/115
https://github.com/braintree/braintree_java,4471cdb6bd5fed2509d4c529ae896ffbb07713ae,.,com.braintreegateway.unittest.RequestBuilderTest.map,ID,Accepted,https://github.com/braintree/braintree_java/pull/99,
https://github.com/CloudSlang/cloud-slang,76b733019b362f551481f1bdc78ed2eac73b1bd4,cloudslang-runtime,io.cloudslang.lang.runtime.bindings.scripts.ScriptExecutorTest.testExternalPythonValid,ID,Accepted,https://github.com/CloudSlang/cloud-slang/pull/1382,
https://github.com/ConsenSys/tessera,ecdd1a2ce6412c11a8ae722d7a4527a4a66da688,tessera-partyinfo,com.quorum.tessera.discovery.DiscoveryFactoryTest.defaultConstructor,OD,Accepted,https://github.com/ConsenSys/tessera/pull/1194,https://github.com/TestingResearchIllinois/flaky-test-dataset/issues/42
https://github.com/ConsenSys/tessera,ecdd1a2ce6412c11a8ae722d7a4527a4a66da688,tessera-partyinfo,com.quorum.tessera.discovery.DiscoveryFactoryTest.provideAutoDiscovery,OD,Accepted,https://github.com/ConsenSys/tessera/pull/1194,https://github.com/TestingResearchIllinois/flaky-test-dataset/issues/42
https://github.com/ConsenSys/tessera,ecdd1a2ce6412c11a8ae722d7a4527a4a66da688,tessera-partyinfo,com.quorum.tessera.discovery.DiscoveryFactoryTest.provideDisabledAutoDiscovery,OD,Accepted,https://github.com/ConsenSys/tessera/pull/1194,https://github.com/TestingResearchIllinois/flaky-test-dataset/issues/42
https://github.com/ConsenSys/tessera,ecdd1a2ce6412c11a8ae722d7a4527a4a66da688,eclipselink-utils,com.quorum.tessera.eclipselink.AtomicLongSequenceTest.customisedWithDbLogin,OD,Accepted,https://github.com/ConsenSys/tessera/pull/1193,https://github.com/TestingResearchIllinois/flaky-test-dataset/issues/42
https://github.com/ConsenSys/tessera,ecdd1a2ce6412c11a8ae722d7a4527a4a66da688,eclipselink-utils,com.quorum.tessera.eclipselink.AtomicLongSequenceTest.customisedWithNullDbLogin,OD,Accepted,https://github.com/ConsenSys/tessera/pull/1193,https://github.com/TestingResearchIllinois/flaky-test-dataset/issues/42
https://github.com/ConsenSys/tessera,ecdd1a2ce6412c11a8ae722d7a4527a4a66da688,eclipselink-utils,com.quorum.tessera.eclipselink.AtomicLongSequenceTest.onDisconnectDoesNothing,OD,Accepted,https://github.com/ConsenSys/tessera/pull/1193,https://github.com/TestingResearchIllinois/flaky-test-dataset/issues/42
https://github.com/ctco/cukes,b483e1a8f261b80a66291a42fc455256b0b5059c,cukes-http,lv.ctco.cukes.http.facade.HttpAssertionFacadeImplTest.shouldReturnBodyWhenEnabledAndNoMax,OD-Vic,Accepted,https://github.com/ctco/cukes/pull/157,
https://github.com/cucumber/cucumber-jvm,1a6c5a6052ce1354cb34731c75a29991b9d06818,cucumber-core,io.cucumber.core.plugin.HtmlFormatterTest.ignores_step_definitions,ID,Accepted,https://github.com/cucumber/cucumber-jvm/pull/2939,
https://github.com/cucumber/cucumber-jvm,1a6c5a6052ce1354cb34731c75a29991b9d06818,cucumber-core,io.cucumber.core.plugin.HtmlFormatterTest.writes_index_html,ID,Accepted,https://github.com/cucumber/cucumber-jvm/pull/2939,
https://github.com/cucumber/cucumber-jvm,1a6c5a6052ce1354cb34731c75a29991b9d06818,cucumber-core,io.cucumber.core.plugin.MessageFormatterTest.test,ID,Accepted,https://github.com/cucumber/cucumber-jvm/pull/2822,
https://github.com/cucumber/cucumber-jvm,1a6c5a6052ce1354cb34731c75a29991b9d06818,cucumber-core,io.cucumber.core.plugin.RerunFormatterTest.should_one_entry_for_each_failing_feature,ID,Accepted,https://github.com/cucumber/cucumber-jvm/pull/2940,
https://github.com/dromara/hertzbeat,ce75254b8ec18422c48c40fe61354135d08b200d,collector,org.dromara.hertzbeat.collector.util.CollectUtilTest.replaceCryPlaceholder,ID,Accepted,https://github.com/dromara/hertzbeat/pull/1371,https://github.com/TestingResearchIllinois/idoft/issues/1148
https://github.com/dromara/hertzbeat,ce75254b8ec18422c48c40fe61354135d08b200d,collector,org.dromara.hertzbeat.collector.util.CollectUtilTest.replaceSmilingPlaceholder,ID,Accepted,https://github.com/dromara/hertzbeat/pull/1373,https://github.com/TestingResearchIllinois/idoft/issues/1148
https://github.com/dromara/hutool,ec14f8384ad384fb6e054df722fe089d64af0c41,hutool-core,cn.hutool.core.annotation.AnnotationUtilTest.getCombinationAnnotationsTest,ID,Accepted,https://github.com/dromara/hutool/pull/3368,
https://github.com/dromara/hutool,12969f248329f81f76eb5bece8c718ac1c63f7b1,hutool-core,cn.hutool.core.text.StrJoinerTest.joinMultiArrayTest,OD,Accepted,https://github.com/dromara/hutool/pull/1883,
https://github.com/dromara/hutool,12969f248329f81f76eb5bece8c718ac1c63f7b1,hutool-core,cn.hutool.core.util.JAXBUtilTest.beanToXmlTest,OD,Accepted,https://github.com/dromara/hutool/pull/1851,
https://github.com/dromara/hutool,12969f248329f81f76eb5bece8c718ac1c63f7b1,hutool-json,cn.hutool.json.xml.XMLTest.toXmlTest,OD,Accepted,https://github.com/dromara/hutool/pull/1874,
https://github.com/dropwizard/dropwizard,07dfaed697427e208d65049f80a5d1949833b7cd,dropwizard-e2e,com.example.app1.App1Test.customJsonProvider,ID,Accepted,https://github.com/dropwizard/dropwizard/pull/3103,
https://github.com/dropwizard/dropwizard,07dfaed697427e208d65049f80a5d1949833b7cd,dropwizard-e2e,com.example.app1.App1Test.customJsonProviderClient,ID,Accepted,https://github.com/dropwizard/dropwizard/pull/3103,
https://github.com/dropwizard/dropwizard,07dfaed697427e208d65049f80a5d1949833b7cd,dropwizard-e2e,com.example.app1.App1Test.customJsonProviderRoundtrip,ID,Accepted,https://github.com/dropwizard/dropwizard/pull/3103,
https://github.com/dropwizard/dropwizard,df39fdeed1d14f7b014a22db59b06bfd4e562edd,dropwizard-health,io.dropwizard.health.HealthCheckConfigValidatorTest.startValidationsShouldFailIfAHealthCheckConfiguredButNotRegistered,ID,Accepted,https://github.com/dropwizard/dropwizard/pull/7629,
https://github.com/dropwizard/dropwizard,df39fdeed1d14f7b014a22db59b06bfd4e562edd,dropwizard-health,io.dropwizard.health.response.JsonHealthResponseProviderTest.shouldHandleMultipleHealthStateViewsCorrectly,ID,Accepted,https://github.com/dropwizard/dropwizard/pull/6134,
https://github.com/dropwizard/dropwizard,df39fdeed1d14f7b014a22db59b06bfd4e562edd,dropwizard-health,io.dropwizard.health.response.JsonHealthResponseProviderTest.shouldHandleSingleHealthStateViewCorrectly,ID,Accepted,https://github.com/dropwizard/dropwizard/pull/6134,
https://github.com/dropwizard/dropwizard,07dfaed697427e208d65049f80a5d1949833b7cd,dropwizard-logging,io.dropwizard.logging.DefaultLoggingFactoryPrintErrorMessagesTest.testLogbackStatusPrinterPrintStreamIsRestoredToSystemOut,OD-Vic,Accepted,https://github.com/dropwizard/dropwizard/pull/2550,
https://github.com/eBay/mTracker,dbead631bb0e8cacbb4448fef7aa2fe3aefc034b,core,com.ccoe.build.core.utils.FileUtilsTest.testDiskClean,ID,Accepted,https://github.com/eBay/mTracker/pull/14,
https://github.com/eBay/mTracker,dbead631bb0e8cacbb4448fef7aa2fe3aefc034b,core,com.ccoe.build.core.utils.FileUtilsTest.testModifyProperty,NIO,Accepted,https://github.com/eBay/mTracker/pull/3,
https://github.com/eBay/mTracker,dbead631bb0e8cacbb4448fef7aa2fe3aefc034b,core,com.ccoe.build.core.utils.FileUtilsTest.testWrite,NIO,Accepted,https://github.com/eBay/mTracker/pull/3,
https://github.com/ebean-orm/ebean,51d0f4efcc207a5c81eba432fdf2fa9443100dc2,ebean-api,io.ebean.bean.ToStringBuilderTest,ID,Accepted,https://github.com/ebean-orm/ebean/pull/3496,
https://github.com/eclipse-ee4j/tyrus,d86e0cb0a4f26ba89daf8668137c156e57fea565,tests/e2e/non-deployable,org.glassfish.tyrus.test.e2e.non_deployable.ExtendedExtensionTest.extendedExtensionTest,NIO,Accepted,https://github.com/eclipse-ee4j/tyrus/pull/725,
https://github.com/eclipse-vertx/vert.x,b4fd4d691cfa802189c5a5d25688ea739440bf4a,.,io.vertx.core.http.headers.CaseInsensitiveHeadersTest.testAddAll2,ID,Accepted,https://github.com/eclipse-vertx/vert.x/pull/4975,
https://github.com/eclipse-vertx/vert.x,b4fd4d691cfa802189c5a5d25688ea739440bf4a,.,io.vertx.core.http.headers.CaseInsensitiveHeadersTest.testSetAll,ID,Accepted,https://github.com/eclipse-vertx/vert.x/pull/4998,
https://github.com/eclipse-vertx/vert.x,b4fd4d691cfa802189c5a5d25688ea739440bf4a,.,io.vertx.core.http.headers.Http2HeadersAdaptorsTest.testAddAll2,ID,Accepted,https://github.com/eclipse-vertx/vert.x/pull/4975,
https://github.com/eclipse-vertx/vert.x,b4fd4d691cfa802189c5a5d25688ea739440bf4a,.,io.vertx.core.http.headers.HttpHeadersAdaptorTest.testAddAll2,ID,Accepted,https://github.com/eclipse-vertx/vert.x/pull/4975,
https://github.com/eclipse-vertx/vert.x,b4fd4d691cfa802189c5a5d25688ea739440bf4a,.,io.vertx.core.http.headers.VertxHttpHeadersTest.testAddAll2,ID,Accepted,https://github.com/eclipse-vertx/vert.x/pull/4975,
https://github.com/eclipse-vertx/vert.x,b4fd4d691cfa802189c5a5d25688ea739440bf4a,.,io.vertx.core.http.headers.VertxHttpHeadersTest.testSetAll,ID,Accepted,https://github.com/eclipse-vertx/vert.x/pull/4998,
https://github.com/Ericsson/ecchronos,5d58b0e4c922822c9df3d893fff2246d5784b11f,core,com.ericsson.bss.cassandra.ecchronos.core.repair.TestRepairTask.testRepairHalf,ID,Accepted,https://github.com/Ericsson/ecchronos/pull/244,
https://github.com/espertechinc/esper,50eddcdc2e7894de20309cd0b6f585110e4bc61b,common,com.espertech.esper.common.client.configuration.TestConfiguration.testFile,ID,Accepted,https://github.com/espertechinc/esper/pull/227,commit:https://github.com/espertechinc/esper/commit/cf8535af39ad50fd9cbb53cd90904796218039c8
https://github.com/espertechinc/esper,50eddcdc2e7894de20309cd0b6f585110e4bc61b,common,com.espertech.esper.common.client.configuration.TestConfiguration.testString,ID,Accepted,https://github.com/espertechinc/esper/pull/227,commit:https://github.com/espertechinc/esper/commit/cf8535af39ad50fd9cbb53cd90904796218039c8
https://github.com/espertechinc/esper,50eddcdc2e7894de20309cd0b6f585110e4bc61b,common,com.espertech.esper.common.client.configuration.TestConfiguration.testURL,ID,Accepted,https://github.com/espertechinc/esper/pull/227,commit:https://github.com/espertechinc/esper/commit/cf8535af39ad50fd9cbb53cd90904796218039c8
https://github.com/espertechinc/esper,50eddcdc2e7894de20309cd0b6f585110e4bc61b,common,com.espertech.esper.common.client.configuration.TestConfigurationParser.testRegressionFileConfig,ID,Accepted,https://github.com/espertechinc/esper/pull/227,commit:https://github.com/espertechinc/esper/commit/cf8535af39ad50fd9cbb53cd90904796218039c8
https://github.com/espertechinc/esper,50eddcdc2e7894de20309cd0b6f585110e4bc61b,common,com.espertech.esper.common.internal.epl.join.assemble.TestLeafAssemblyNode.testProcess,ID,Accepted,https://github.com/espertechinc/esper/pull/226,commit:https://github.com/espertechinc/esper/commit/eec1489df9a9c26b5ee27533ddaef48effa0734e
https://github.com/espertechinc/esper,590fa9c9eb854f1420b9d337b802aca19f963cc0,regression-run,com.espertech.esper.regressionrun.suite.context.TestSuiteContext.testContextCategory,ID,Accepted,https://github.com/espertechinc/esper/pull/248,commit:https://github.com/espertechinc/esper/commit/febd574d5fb1bab9ba7e109bacbcfbee325337a1
https://github.com/FasterXML/jackson-annotations,381d6abcefd0e5fd19529f244173313b7f91954f,.,com.fasterxml.jackson.annotation.JsonIncludePropertiesTest.testFromAnnotation,ID,Accepted,https://github.com/FasterXML/jackson-annotations/pull/194,
https://github.com/FasterXML/jackson-databind,23e2af98684a0350de74d3009c2cb0a313a1c6d0,.,com.fasterxml.jackson.databind.convert.TestBeanConversions.testConversionIssue288,ID,Accepted,https://github.com/FasterXML/jackson-databind/pull/2884,
https://github.com/FasterXML/jackson-databind,23e2af98684a0350de74d3009c2cb0a313a1c6d0,.,com.fasterxml.jackson.databind.convert.TestConvertingSerializer.testIssue731,ID,Accepted,https://github.com/FasterXML/jackson-databind/pull/2884,
https://github.com/FasterXML/jackson-databind,23e2af98684a0350de74d3009c2cb0a313a1c6d0,.,com.fasterxml.jackson.databind.deser.CyclicTypesDeserTest.testIgnoredCycle,ID,Accepted,https://github.com/FasterXML/jackson-databind/pull/2884,
https://github.com/FasterXML/jackson-databind,23e2af98684a0350de74d3009c2cb0a313a1c6d0,.,com.fasterxml.jackson.databind.format.MapEntryFormatTest.testAsObjectRoundtrip,ID,Accepted,https://github.com/FasterXML/jackson-databind/pull/2884,
https://github.com/FasterXML/jackson-databind,23e2af98684a0350de74d3009c2cb0a313a1c6d0,.,com.fasterxml.jackson.databind.format.MapEntryFormatTest.testDefaultShapeOverride,ID,Accepted,https://github.com/FasterXML/jackson-databind/pull/2884,
https://github.com/FasterXML/jackson-databind,9b11650a6c3fee9ef9e3fb264d2244f65affc2ee,.,com.fasterxml.jackson.databind.introspect.TestNamingStrategyStd.testUpperSnakeCaseTranslations,OD,Accepted,https://github.com/FasterXML/jackson-databind/pull/3315,
https://github.com/FasterXML/jackson-databind,cd3c6a9dd929820d4fc32457f4861fb5c5893f97,.,com.fasterxml.jackson.databind.jsonschema.TestGenerateJsonSchema.testUnwrapping,ID,Accepted,https://github.com/FasterXML/jackson-databind/pull/3336,
https://github.com/FasterXML/jackson-databind,23e2af98684a0350de74d3009c2cb0a313a1c6d0,.,com.fasterxml.jackson.databind.jsontype.ExistingPropertyTest.testExistingPropertySerializationFruits,ID,Accepted,https://github.com/FasterXML/jackson-databind/pull/2884,
https://github.com/FasterXML/jackson-databind,23e2af98684a0350de74d3009c2cb0a313a1c6d0,.,com.fasterxml.jackson.databind.MapperJDKSerializationTest.testEnumHandlers,ID,Accepted,https://github.com/FasterXML/jackson-databind/pull/2884,
https://github.com/FasterXML/jackson-databind,23e2af98684a0350de74d3009c2cb0a313a1c6d0,.,com.fasterxml.jackson.databind.MapperJDKSerializationTest.testMapperWithModule,ID,Accepted,https://github.com/FasterXML/jackson-databind/pull/2884,
https://github.com/FasterXML/jackson-databind,23e2af98684a0350de74d3009c2cb0a313a1c6d0,.,com.fasterxml.jackson.databind.MapperJDKSerializationTest.testObjectMapper,ID,Accepted,https://github.com/FasterXML/jackson-databind/pull/2884,
https://github.com/FasterXML/jackson-databind,23e2af98684a0350de74d3009c2cb0a313a1c6d0,.,com.fasterxml.jackson.databind.MapperJDKSerializationTest.testObjectWriter,ID,Accepted,https://github.com/FasterXML/jackson-databind/pull/2884,
https://github.com/FasterXML/jackson-databind,23e2af98684a0350de74d3009c2cb0a313a1c6d0,.,com.fasterxml.jackson.databind.objectid.TestObjectIdWithEquals.testSimpleEquals,ID,Accepted,https://github.com/FasterXML/jackson-databind/pull/2884,
https://github.com/FasterXML/jackson-databind,23e2af98684a0350de74d3009c2cb0a313a1c6d0,.,com.fasterxml.jackson.databind.ser.AnyGetterTest.testAnyGetterWithMapperDefaultIncludeNonEmptyAndFilterOnBean,ID,Accepted,https://github.com/FasterXML/jackson-databind/pull/2884,
https://github.com/FasterXML/jackson-databind,23e2af98684a0350de74d3009c2cb0a313a1c6d0,.,com.fasterxml.jackson.databind.ser.TestRootType.testRootNameWithExplicitType,ID,Accepted,https://github.com/FasterXML/jackson-databind/pull/2884,
https://github.com/FasterXML/jackson-databind,23e2af98684a0350de74d3009c2cb0a313a1c6d0,.,com.fasterxml.jackson.databind.struct.TestPOJOAsArrayWithBuilder.testSimpleBuilder,ID,Accepted,https://github.com/FasterXML/jackson-databind/pull/2884,
https://github.com/FasterXML/jackson-databind,23e2af98684a0350de74d3009c2cb0a313a1c6d0,.,com.fasterxml.jackson.databind.struct.TestPOJOAsArrayWithBuilder.testUnknownExtraProp,ID,Accepted,https://github.com/FasterXML/jackson-databind/pull/2884,
https://github.com/FasterXML/jackson-dataformat-xml,2d08f8d0b0248a00c2c79b9a07e936b3287edb07,.,com.fasterxml.jackson.dataformat.xml.jaxb.AttributesWithJAXBTest.testTwoAttributes,OD,Accepted,https://github.com/FasterXML/jackson-dataformat-xml/pull/499,
https://github.com/FasterXML/jackson-dataformat-xml,6f6ee8d4ad1f71e3db99af5b20cae4daab3457db,.,com.fasterxml.jackson.dataformat.xml.jaxb.ElementWrapperTest.testNoElementWrapper,ID,Accepted,https://github.com/FasterXML/jackson-dataformat-xml/pull/504,
https://github.com/FasterXML/jackson-dataformat-xml,2d08f8d0b0248a00c2c79b9a07e936b3287edb07,.,com.fasterxml.jackson.dataformat.xml.jaxb.WithJAXBAnnotationsTest.testPersonAsXml,OD,Accepted,https://github.com/FasterXML/jackson-dataformat-xml/pull/499,
https://github.com/FasterXML/jackson-dataformat-xml,2d08f8d0b0248a00c2c79b9a07e936b3287edb07,.,com.fasterxml.jackson.dataformat.xml.lists.Issue101UnwrappedListAttributesTest.testWithTwoAttributes,OD,Accepted,https://github.com/FasterXML/jackson-dataformat-xml/pull/499,
https://github.com/FasterXML/jackson-dataformat-xml,2d08f8d0b0248a00c2c79b9a07e936b3287edb07,.,com.fasterxml.jackson.dataformat.xml.lists.ListAnnotationSharingTest.testAnnotationSharing,OD,Accepted,https://github.com/FasterXML/jackson-dataformat-xml/pull/499,
https://github.com/FasterXML/jackson-dataformat-xml,2d08f8d0b0248a00c2c79b9a07e936b3287edb07,.,com.fasterxml.jackson.dataformat.xml.misc.UnwrappingWithXMLTest.testUnwrappingWithAttribute,OD,Accepted,https://github.com/FasterXML/jackson-dataformat-xml/pull/499,
https://github.com/FasterXML/jackson-dataformat-xml,2d08f8d0b0248a00c2c79b9a07e936b3287edb07,.,com.fasterxml.jackson.dataformat.xml.ser.TestIndentation.testMultiLevel172,OD,Accepted,https://github.com/FasterXML/jackson-dataformat-xml/pull/499,
https://github.com/FasterXML/jackson-dataformat-xml,2d08f8d0b0248a00c2c79b9a07e936b3287edb07,.,com.fasterxml.jackson.dataformat.xml.ser.TestJDKSerializability.testMapper,OD,Accepted,https://github.com/FasterXML/jackson-dataformat-xml/pull/499,
https://github.com/FasterXML/jackson-dataformat-xml,2d08f8d0b0248a00c2c79b9a07e936b3287edb07,.,com.fasterxml.jackson.dataformat.xml.ser.TestSerializationAttr.testIssue6,OD,Accepted,https://github.com/FasterXML/jackson-dataformat-xml/pull/499,
https://github.com/FasterXML/jackson-dataformat-xml,f5cc10a910b153ec9f162c6d212212b39bfc889d,.,com.fasterxml.jackson.dataformat.xml.ser.TestSerializationWithFilter.testPullRequest616,ID,Accepted,https://github.com/FasterXML/jackson-dataformat-xml/pull/681,
https://github.com/FasterXML/jackson-dataformats-binary,0eeb08cfd07a9d23bc22090e17a67da57baf436e,cbor,com.fasterxml.jackson.dataformat.cbor.seq.SequenceWriterTest.testSimpleSeqWrite,ID,Accepted,https://github.com/FasterXML/jackson-dataformats-binary/pull/304,
https://github.com/FasterXML/jackson-dataformats-binary,0eeb08cfd07a9d23bc22090e17a67da57baf436e,protobuf,com.fasterxml.jackson.dataformat.protobuf.NextXxxParsingTeskt.testNextInt,ID,Accepted,https://github.com/FasterXML/jackson-dataformats-binary/pull/304,
https://github.com/FasterXML/jackson-dataformats-binary,0eeb08cfd07a9d23bc22090e17a67da57baf436e,smile,com.fasterxml.jackson.dataformat.smile.seq.SequenceWriterTest.testSimpleSeqWrite,ID,Accepted,https://github.com/FasterXML/jackson-dataformats-binary/pull/304,
https://github.com/FasterXML/jackson-dataformats-text,a88ae3c41589a21eb4df6049982620ebb152de97,yaml,com.fasterxml.jackson.dataformat.yaml.misc.ObjectIdTest.testNativeSerialization,ID,Accepted,https://github.com/FasterXML/jackson-dataformats-text/pull/294,
https://github.com/FasterXML/jackson-jakarta-rs-providers,f3e98a564d3f194c0e68136c9ece157fb30723dc,base,com.fasterxml.jackson.jakarta.rs.base.cfg.AnnotationBundleKeyTest.testWithClassAnnotations,ID,Accepted,https://github.com/FasterXML/jackson-jakarta-rs-providers/pull/22,
https://github.com/FasterXML/jackson-jakarta-rs-providers,f3e98a564d3f194c0e68136c9ece157fb30723dc,base,com.fasterxml.jackson.jakarta.rs.base.cfg.AnnotationBundleKeyTest.testWithMethodAnnotationEquals,ID,Accepted,https://github.com/FasterXML/jackson-jakarta-rs-providers/pull/22,
https://github.com/FasterXML/jackson-jaxrs-providers,fcc3e957b9d9d71ead4765f9181df6b11f09d1ec,base,com.fasterxml.jackson.jaxrs.base.cfg.AnnotationBundleKeyTest.testWithClassAnnotations,ID,Accepted,https://github.com/FasterXML/jackson-jaxrs-providers/pull/152,
https://github.com/FasterXML/jackson-jaxrs-providers,fcc3e957b9d9d71ead4765f9181df6b11f09d1ec,base,com.fasterxml.jackson.jaxrs.base.cfg.AnnotationBundleKeyTest.testWithMethodAnnotationEquals,ID,Accepted,https://github.com/FasterXML/jackson-jaxrs-providers/pull/152,
https://github.com/FasterXML/jackson-jaxrs-providers,2b70478103b0bd3f9633e088a7e050942ea56c97,json,com.fasterxml.jackson.jaxrs.json.jersey.WriteModificationsTest.testIndentationWithResource,ID,Accepted,https://github.com/FasterXML/jackson-jaxrs-providers/pull/154,
https://github.com/FasterXML/jackson-module-jsonSchema,69d682d794e47433b3f8e6ad586562ee2ab948b3,.,com.fasterxml.jackson.module.jsonSchema.TestGenerateJsonSchema.testMultiplePropertyDependencies,ID,Accepted,https://github.com/FasterXML/jackson-module-jsonSchema/pull/144,
https://github.com/FasterXML/jackson-module-jsonSchema,69d682d794e47433b3f8e6ad586562ee2ab948b3,.,com.fasterxml.jackson.module.jsonSchema.TestGenerateJsonSchema.testSchemaPropertyDependencies,ID,Accepted,https://github.com/FasterXML/jackson-module-jsonSchema/pull/144,
https://github.com/FasterXML/jackson-module-jsonSchema,69d682d794e47433b3f8e6ad586562ee2ab948b3,.,com.fasterxml.jackson.module.jsonSchema.TestGenerateJsonSchema.testSchemaPropertyDependency,ID,Accepted,https://github.com/FasterXML/jackson-module-jsonSchema/pull/144,
https://github.com/FasterXML/jackson-module-jsonSchema,69d682d794e47433b3f8e6ad586562ee2ab948b3,.,com.fasterxml.jackson.module.jsonSchema.TestGenerateJsonSchema.testSinglePropertyDependency,ID,Accepted,https://github.com/FasterXML/jackson-module-jsonSchema/pull/144,
https://github.com/FasterXML/jackson-module-jsonSchema,69d682d794e47433b3f8e6ad586562ee2ab948b3,.,com.fasterxml.jackson.module.jsonSchema.TestUnwrapping.testUnwrapping,ID,Accepted,https://github.com/FasterXML/jackson-module-jsonSchema/pull/145,
https://github.com/FasterXML/jackson-modules-base,d33ad8cb6801372ae69c6b65bd87f1aa33001016,afterburner,com.fasterxml.jackson.module.afterburner.deser.jdk.JDKScalarsDeserTest.testNullForPrimitivesNotAllowedMisc,ID,Accepted,https://github.com/FasterXML/jackson-modules-base/pull/156,
https://github.com/FasterXML/jackson-modules-base,d33ad8cb6801372ae69c6b65bd87f1aa33001016,afterburner,com.fasterxml.jackson.module.afterburner.deser.TestIssue14.testIssue,ID,Accepted,https://github.com/FasterXML/jackson-modules-base/pull/156,
https://github.com/FasterXML/jackson-modules-base,d33ad8cb6801372ae69c6b65bd87f1aa33001016,afterburner,com.fasterxml.jackson.module.afterburner.format.MapFormatShapeTest.testRoundTrip,ID,Accepted,https://github.com/FasterXML/jackson-modules-base/pull/156,
https://github.com/FasterXML/jackson-modules-base,d33ad8cb6801372ae69c6b65bd87f1aa33001016,afterburner,com.fasterxml.jackson.module.afterburner.ser.TestInclusionAnnotations.testIncludeUsingAnnotation,ID,Accepted,https://github.com/FasterXML/jackson-modules-base/pull/156,
https://github.com/FasterXML/jackson-modules-base,d33ad8cb6801372ae69c6b65bd87f1aa33001016,afterburner,com.fasterxml.jackson.module.afterburner.ser.TestJsonFilter.testMissingFilter,ID,Accepted,https://github.com/FasterXML/jackson-modules-base/pull/156,
https://github.com/FasterXML/jackson-modules-base,d33ad8cb6801372ae69c6b65bd87f1aa33001016,afterburner,com.fasterxml.jackson.module.afterburner.ser.TestSimpleSerialize.testFiveMinuteDoc,ID,Accepted,https://github.com/FasterXML/jackson-modules-base/pull/156,
https://github.com/FasterXML/jackson-modules-base,d33ad8cb6801372ae69c6b65bd87f1aa33001016,afterburner,com.fasterxml.jackson.module.afterburner.ser.TestStdSerializerOverrides.testStringSerWith,ID,Accepted,https://github.com/FasterXML/jackson-modules-base/pull/156,
https://github.com/FasterXML/jackson-modules-base,d33ad8cb6801372ae69c6b65bd87f1aa33001016,blackbird,com.fasterxml.jackson.module.blackbird.deser.jdk.JDKScalarsDeserTest.testNullForPrimitivesNotAllowedMisc,ID,Accepted,https://github.com/FasterXML/jackson-modules-base/pull/156,
https://github.com/FasterXML/jackson-modules-base,d33ad8cb6801372ae69c6b65bd87f1aa33001016,blackbird,com.fasterxml.jackson.module.blackbird.deser.TestIssue14.testIssue,ID,Accepted,https://github.com/FasterXML/jackson-modules-base/pull/156,
https://github.com/FasterXML/jackson-modules-base,d33ad8cb6801372ae69c6b65bd87f1aa33001016,blackbird,com.fasterxml.jackson.module.blackbird.format.MapFormatShapeTest.testRoundTrip,ID,Accepted,https://github.com/FasterXML/jackson-modules-base/pull/156,
https://github.com/FasterXML/jackson-modules-base,d33ad8cb6801372ae69c6b65bd87f1aa33001016,blackbird,com.fasterxml.jackson.module.blackbird.ser.TestInclusionAnnotations.testIncludeUsingAnnotation,ID,Accepted,https://github.com/FasterXML/jackson-modules-base/pull/156,
https://github.com/FasterXML/jackson-modules-base,d33ad8cb6801372ae69c6b65bd87f1aa33001016,blackbird,com.fasterxml.jackson.module.blackbird.ser.TestJsonFilter.testMissingFilter,ID,Accepted,https://github.com/FasterXML/jackson-modules-base/pull/156,
https://github.com/FasterXML/jackson-modules-base,d33ad8cb6801372ae69c6b65bd87f1aa33001016,blackbird,com.fasterxml.jackson.module.blackbird.ser.TestSimpleSerialize.testFiveMinuteDoc,ID,Accepted,https://github.com/FasterXML/jackson-modules-base/pull/156,
https://github.com/FasterXML/jackson-modules-base,d33ad8cb6801372ae69c6b65bd87f1aa33001016,blackbird,com.fasterxml.jackson.module.blackbird.ser.TestStdSerializerOverrides.testStringSerWith,ID,Accepted,https://github.com/FasterXML/jackson-modules-base/pull/156,
https://github.com/FasterXML/java-classmate,912adde71f67719c7b1ed7df3c7ba28e8ba97876,.,GhostTypeParameterInFieldTest.testGhostTypeParameterWithClass,ID,Accepted,https://github.com/FasterXML/java-classmate/pull/68,
https://github.com/fhoeben/hsac-fitnesse-fixtures,a64c18d9c4bac8271275c7b089d40be20f0604b5,.,nl.hsac.fitnesse.fixture.slim.FileFixtureTest.testDelete,OD-Brit,Accepted,https://github.com/fhoeben/hsac-fitnesse-fixtures/pull/293,
https://github.com/fhoeben/hsac-fitnesse-fixtures,a64c18d9c4bac8271275c7b089d40be20f0604b5,.,nl.hsac.fitnesse.fixture.slim.JsonHttpTestTest.testDeleteValuesAsJson,ID,Accepted,https://github.com/fhoeben/hsac-fitnesse-fixtures/pull/360,
https://github.com/fhoeben/hsac-fitnesse-fixtures,a64c18d9c4bac8271275c7b089d40be20f0604b5,.,nl.hsac.fitnesse.fixture.slim.JsonHttpTestTest.testFormatJson,ID,Accepted,https://github.com/fhoeben/hsac-fitnesse-fixtures/pull/360,
https://github.com/fhoeben/hsac-fitnesse-fixtures,a64c18d9c4bac8271275c7b089d40be20f0604b5,.,nl.hsac.fitnesse.fixture.slim.JsonHttpTestTest.testFormatJsonArray,ID,Accepted,https://github.com/fhoeben/hsac-fitnesse-fixtures/pull/360,
https://github.com/fhoeben/hsac-fitnesse-fixtures,a64c18d9c4bac8271275c7b089d40be20f0604b5,.,nl.hsac.fitnesse.fixture.slim.JsonHttpTestTest.testPostValuesAsJson,ID,Accepted,https://github.com/fhoeben/hsac-fitnesse-fixtures/pull/360,
https://github.com/fhoeben/hsac-fitnesse-fixtures,a64c18d9c4bac8271275c7b089d40be20f0604b5,.,nl.hsac.fitnesse.fixture.slim.JsonHttpTestTest.testPutValuesAsJson,ID,Accepted,https://github.com/fhoeben/hsac-fitnesse-fixtures/pull/360,
https://github.com/fhoeben/hsac-fitnesse-fixtures,a64c18d9c4bac8271275c7b089d40be20f0604b5,.,nl.hsac.fitnesse.fixture.util.JsonHelperTest.testFormatSimple,ID,Accepted,https://github.com/fhoeben/hsac-fitnesse-fixtures/pull/360,
https://github.com/fhoeben/hsac-fitnesse-fixtures,a64c18d9c4bac8271275c7b089d40be20f0604b5,.,nl.hsac.fitnesse.fixture.util.JsonHelperTest.testSortingOnNumber,ID,Accepted,https://github.com/fhoeben/hsac-fitnesse-fixtures/pull/360,
https://github.com/fhoeben/hsac-fitnesse-fixtures,a64c18d9c4bac8271275c7b089d40be20f0604b5,.,nl.hsac.fitnesse.fixture.util.JsonHelperTest.testSortingOnString,ID,Accepted,https://github.com/fhoeben/hsac-fitnesse-fixtures/pull/360,
https://github.com/fhoeben/hsac-fitnesse-fixtures,a64c18d9c4bac8271275c7b089d40be20f0604b5,.,nl.hsac.fitnesse.fixture.util.NamespaceContextImplTest.testAddMultipleGet,ID,Accepted,https://github.com/fhoeben/hsac-fitnesse-fixtures/pull/360,
https://github.com/fhoeben/hsac-fitnesse-fixtures,a64c18d9c4bac8271275c7b089d40be20f0604b5,.,nl.hsac.fitnesse.fixture.util.XmlHttpResponseTest.testCheckXPathsIncorrect,ID,Accepted,https://github.com/fhoeben/hsac-fitnesse-fixtures/pull/360,
https://github.com/flowable/flowable-engine,399ab58c5c29b2437c56f5418d8610bc3fb3381d,modules/flowable-cmmn-engine,org.flowable.cmmn.test.el.VariableFunctionDelegatesTest.testVariableEquals,ID,Accepted,https://github.com/flowable/flowable-engine/pull/2204,
https://github.com/flowable/flowable-engine,399ab58c5c29b2437c56f5418d8610bc3fb3381d,modules/flowable-cmmn-engine,org.flowable.cmmn.test.el.VariableFunctionDelegatesTest.testVariableEqualsVariableNotQuoted,ID,Accepted,https://github.com/flowable/flowable-engine/pull/2204,
https://github.com/flowable/flowable-engine,399ab58c5c29b2437c56f5418d8610bc3fb3381d,modules/flowable-cmmn-engine,org.flowable.cmmn.test.itemcontrol.RepetitionRuleTest.testRepeatingRuleUserEventListener,ID,Accepted,https://github.com/flowable/flowable-engine/pull/2204,
https://github.com/flowable/flowable-engine,399ab58c5c29b2437c56f5418d8610bc3fb3381d,modules/flowable-cmmn-engine,org.flowable.cmmn.test.runtime.CaseTaskTest.testTerminateAvailableCaseTask,ID,Accepted,https://github.com/flowable/flowable-engine/pull/2204,
https://github.com/flowable/flowable-engine,399ab58c5c29b2437c56f5418d8610bc3fb3381d,modules/flowable-cmmn-engine,org.flowable.cmmn.test.runtime.ExitCriteriaTest.testExitPlanModelWithExpression,ID,Accepted,https://github.com/flowable/flowable-engine/pull/2204,
https://github.com/flowable/flowable-engine,399ab58c5c29b2437c56f5418d8610bc3fb3381d,modules/flowable-engine,org.flowable.engine.test.api.runtime.migration.ProcessInstanceMigrationGatewaysTest.testMigrateActivityToExclusiveGatewayStartInsideEmbeddedSubProcess,ID,Accepted,https://github.com/flowable/flowable-engine/pull/2204,
https://github.com/flowable/flowable-engine,399ab58c5c29b2437c56f5418d8610bc3fb3381d,modules/flowable-engine,org.flowable.engine.test.api.runtime.migration.ProcessInstanceMigrationGatewaysTest.testMigrateActivityToExclusiveGatewayStartWithDefaultFlow,ID,Accepted,https://github.com/flowable/flowable-engine/pull/2204,
https://github.com/funkygao/cp-ddd-framework,8c69f6a50db83459356a2ae66a910b1905fe4eb5,dddplus-test,io.github.dddplus.runtime.registry.IntegrationTest.exportDomainArtifacts,ID,Accepted,https://github.com/funkygao/cp-ddd-framework/pull/65,
https://github.com/GoogleCloudPlatform/DataflowTemplates,5094c7b39de511c9ed441d9fde28553a88f68e4b,.,com.google.cloud.teleport.templates.TextToBigQueryStreamingTest.wrapBigQueryInsertErrorReturnsValidJSON,ID,Accepted,https://github.com/GoogleCloudPlatform/DataflowTemplates/pull/1176,https://github.com/GoogleCloudPlatform/DataflowTemplates/issues/1175
https://github.com/Graylog2/graylog2-server,87d63f677759336987fbb21fd9c688235618e7bb,graylog2-server,org.graylog.plugins.views.search.views.ViewRequirementsTest.mergesResultsFromMultipleChecks,ID,Accepted,https://github.com/Graylog2/graylog2-server/pull/6562,
https://github.com/Graylog2/graylog2-server,87d63f677759336987fbb21fd9c688235618e7bb,graylog2-server,org.graylog2.migrations.V20161215163900_MoveIndexSetDefaultConfigTest.upgrade,ID,Accepted,https://github.com/Graylog2/graylog2-server/pull/8078,
https://github.com/hellokaton/30-seconds-of-java8,1af5d4dee567f00e662cb9b74abc16067312e338,.,snippets.SnippetsTests.group_elements_by_length,ID,Accepted,https://github.com/hellokaton/30-seconds-of-java8/pull/5,
https://github.com/hexagonframework/spring-data-ebean,dd11b97654982403b50dd1d5369cadad71fce410,.,org.springframework.data.ebean.repository.UserRepositoryIntegrationTest.deleteById,OD-Brit,Accepted,https://github.com/hexagonframework/spring-data-ebean/pull/8,
https://github.com/hub4j/github-api,de1c7ec179bdd928b6c41712b7ea50062e798d9b,github,org.kohsuke.github.GHObjectTest.test_toString,ID,Accepted,https://github.com/hub4j/github-api/pull/1576,
https://github.com/hydromatic/morel,b3ce1d8ba7351ba6fb0dceeaf30288451fe5bf7d,.,MainTest.testCompute,ID,Accepted,https://github.com/hydromatic/morel/pull/207,https://github.com/julianhyde/morel/tree/207-flaky
https://github.com/hydromatic/morel,b3ce1d8ba7351ba6fb0dceeaf30288451fe5bf7d,.,MainTest.testCrossApplyGroup,ID,Accepted,https://github.com/hydromatic/morel/pull/207,https://github.com/julianhyde/morel/tree/207-flaky
https://github.com/INRIA/spoon,17330abe8aac89d907ac977e8e22ff35103eccd1,.,spoon.support.visitor.java.JavaReflectionTreeBuilderTest.testPurelyReflectiveInnerClass,ID,Accepted,https://github.com/INRIA/spoon/pull/5037,
https://github.com/INRIA/spoon,17330abe8aac89d907ac977e8e22ff35103eccd1,.,spoon.test.comment.CommentTest.testAnnotationTypeComment,ID,Accepted,https://github.com/INRIA/spoon/pull/5037,
https://github.com/INRIA/spoon,17330abe8aac89d907ac977e8e22ff35103eccd1,.,spoon.test.compilation.CompilationTest.testModuleResolution,ID,Accepted,https://github.com/INRIA/spoon/pull/5037,
https://github.com/INRIA/spoon,17330abe8aac89d907ac977e8e22ff35103eccd1,.,spoon.test.template.SubstitutionTest.testCreateTypeFromTemplate,ID,Accepted,https://github.com/INRIA/spoon/pull/5037,
https://github.com/j256/ormlite-core,f75ab557d902b11a7ae320e713c3a7fd5ba1f117,.,com.j256.ormlite.field.FieldTypeTest.testCanBeNull,ID,Accepted,https://github.com/j256/ormlite-core/pull/228,
https://github.com/j256/ormlite-core,f75ab557d902b11a7ae320e713c3a7fd5ba1f117,.,com.j256.ormlite.support.ReflectionDatabaseConnectionProxyFactoryTest.testBasic,ID,Accepted,https://github.com/j256/ormlite-core/pull/223,
https://github.com/j256/ormlite-core,632b87c2a455b8eab4a6c09324e1f166273588d8,.,com.j256.ormlite.table.TableUtilsTest.testMissingCreate,OD-Vic,Accepted,https://github.com/j256/ormlite-core/pull/310,
https://github.com/jdereg/java-util,245458a912e04bf85116b10f240e7b4be217cd4f,.,com.cedarsoftware.util.TestGraphComparator.testNewArrayElement,ID,Accepted,https://github.com/jdereg/java-util/pull/106,
https://github.com/jdereg/json-io,f8958ef52bbdc94f8aed7d98c96d2775200ec7e7,.,com.cedarsoftware.util.io.AtomicIntegerTest.testAssignAtomicInteger,ID,Accepted,https://github.com/jdereg/json-io/pull/295,
https://github.com/jdereg/json-io,f8958ef52bbdc94f8aed7d98c96d2775200ec7e7,.,com.cedarsoftware.util.io.EnumTests.testEnumWithPrivateMembersAsField_withPrivatesOn,ID,Accepted,https://github.com/jdereg/json-io/pull/297,
https://github.com/jetty/jetty.project,9cede68b355515e1cf8802fd1fcf67aa7547aad1,jetty-server,org.eclipse.jetty.server.ssl.SniSslConnectionFactoryTest.testSNIConnectNoWild,ID,Accepted,https://github.com/jetty/jetty.project/pull/10885,
https://github.com/jetty/jetty.project,9cede68b355515e1cf8802fd1fcf67aa7547aad1,jetty-server,org.eclipse.jetty.server.ssl.SslConnectionFactoryTest.testSNIConnect,ID,Accepted,https://github.com/jetty/jetty.project/pull/10885,
https://github.com/jnr/jnr-posix,dbda72ce198a8dd766c30c591d63d726d2a28a7c,.,jnr.posix.NlLanginfoTest.testNlLanginfo,OD,Accepted,https://github.com/jnr/jnr-posix/pull/185,https://github.com/TestingResearchIllinois/flaky-test-dataset/issues/84
https://github.com/jnr/jnr-posix,dbda72ce198a8dd766c30c591d63d726d2a28a7c,.,jnr.posix.SpawnTest.closeInput,OD,Accepted,https://github.com/jnr/jnr-posix/pull/185,https://github.com/TestingResearchIllinois/flaky-test-dataset/issues/84
https://github.com/jnr/jnr-posix,dbda72ce198a8dd766c30c591d63d726d2a28a7c,.,jnr.posix.SpawnTest.inputPipe,OD,Accepted,https://github.com/jnr/jnr-posix/pull/185,https://github.com/TestingResearchIllinois/flaky-test-dataset/issues/84
https://github.com/jnr/jnr-posix,dbda72ce198a8dd766c30c591d63d726d2a28a7c,.,jnr.posix.SpawnTest.outputPipe,OD,Accepted,https://github.com/jnr/jnr-posix/pull/185,https://github.com/TestingResearchIllinois/flaky-test-dataset/issues/84
https://github.com/jnr/jnr-posix,dbda72ce198a8dd766c30c591d63d726d2a28a7c,.,jnr.posix.SpawnTest.validPid,OD,Accepted,https://github.com/jnr/jnr-posix/pull/185,https://github.com/TestingResearchIllinois/flaky-test-dataset/issues/84
https://github.com/jolokia/jolokia,ead322cc39f43b5b46d9353f539896a430a61b69,jolokia-jvm,org.jolokia.jvmagent.JolokiaServerTest.http,ID,Accepted,https://github.com/jolokia/jolokia/pull/765,
https://github.com/jolokia/jolokia,ead322cc39f43b5b46d9353f539896a430a61b69,jolokia-jvm,org.jolokia.jvmagent.JolokiaServerTest.serverPicksThePort,ID,Accepted,https://github.com/jolokia/jolokia/pull/765,
https://github.com/jolokia/jolokia,ead322cc39f43b5b46d9353f539896a430a61b69,jolokia-jvm,org.jolokia.jvmagent.JolokiaServerTest.sslWithSpecialHttpsSettings,ID,Accepted,https://github.com/jolokia/jolokia/pull/756,
https://github.com/jolokia/jolokia,ead322cc39f43b5b46d9353f539896a430a61b69,jolokia-spring,org.jolokia.jvmagent.spring.JolokiaServerIntegrationTest.simple,ID,Accepted,https://github.com/jolokia/jolokia/pull/750,
https://github.com/jolokia/jolokia,ead322cc39f43b5b46d9353f539896a430a61b69,jolokia-spring,org.jolokia.jvmagent.spring.JolokiaServerIntegrationTest.withPlainBean,ID,Accepted,https://github.com/jolokia/jolokia/pull/750,
https://github.com/jolokia/jolokia,ead322cc39f43b5b46d9353f539896a430a61b69,jolokia-spring,org.jolokia.jvmagent.spring.SpringJolokiaServerTest.withMultiConfigAndStart,ID,Accepted,https://github.com/jolokia/jolokia/pull/750,
https://github.com/jolokia/jolokia,ead322cc39f43b5b46d9353f539896a430a61b69,jolokia-spring,org.jolokia.jvmagent.spring.SpringJolokiaServerTest.withStart,ID,Accepted,https://github.com/jolokia/jolokia/pull/750,
https://github.com/kiegroup/optaplanner,dff7457cb5ba1557727deddef5b675dd00fbf8a8,optaplanner-core,org.optaplanner.core.impl.domain.solution.descriptor.SolutionDescriptorTest.extendedAbstractSolution,ID,Accepted,https://github.com/kiegroup/optaplanner/pull/690,
https://github.com/kiegroup/optaplanner,dff7457cb5ba1557727deddef5b675dd00fbf8a8,optaplanner-core,org.optaplanner.core.impl.domain.solution.descriptor.SolutionDescriptorTest.extendedAbstractSolutionOverridesGetScore,ID,Accepted,https://github.com/kiegroup/optaplanner/pull/690,
https://github.com/Kong/unirest-java,36e7480d619507b8e96b10645a7ca72c0279832b,unirest,BehaviorTests.DefectTest.nullAndObjectValuesInMap,ID,Accepted,https://github.com/Kong/unirest-java/pull/408,
https://github.com/kubernetes-client/java,e19a0ecbc9af258c43b486843df139c8ec8f117e,spring,io.kubernetes.client.spring.extended.controller.KubernetesInformerCreatorTest.testInformerInjection,OD,Accepted,https://github.com/kubernetes-client/java/pull/2897,https://github.com/TestingResearchIllinois/flaky-test-dataset/issues/85
https://github.com/microsoft/botbuilder-java,c048de28cc11d4250014d042fb57e57a1c6bdba5,libraries/bot-connector,com.microsoft.bot.restclient.AdditionalPropertiesSerializerTests.canSerializeAdditionalProperties,ID,Accepted,https://github.com/microsoft/botbuilder-java/pull/1367,RepoArchived
https://github.com/microsoft/botbuilder-java,c048de28cc11d4250014d042fb57e57a1c6bdba5,libraries/bot-connector,com.microsoft.bot.restclient.AdditionalPropertiesSerializerTests.canSerializeAdditionalPropertiesThroughInheritance,ID,Accepted,https://github.com/microsoft/botbuilder-java/pull/1367,RepoArchived
https://github.com/microsoft/botbuilder-java,c048de28cc11d4250014d042fb57e57a1c6bdba5,libraries/bot-connector,com.microsoft.bot.restclient.FlatteningSerializerTests.canFlatten,ID,Accepted,https://github.com/microsoft/botbuilder-java/pull/1367,RepoArchived
https://github.com/microsoft/botbuilder-java,c048de28cc11d4250014d042fb57e57a1c6bdba5,libraries/bot-connector,com.microsoft.bot.restclient.FlatteningSerializerTests.canSerializeMapKeysWithDotAndSlash,ID,Accepted,https://github.com/microsoft/botbuilder-java/pull/1367,RepoArchived
https://github.com/mock-server/mockserver,3009f363b84df6a0ba377e72f6cff6ce204af0e8,mockserver-core,org.mockserver.mappers.HttpServletRequestToMockServerHttpRequestDecoderTest.shouldMapHttpServletRequestToHttpRequest,ID,Accepted,https://github.com/mock-server/mockserver/pull/1193,
https://github.com/mock-server/mockserver,3009f363b84df6a0ba377e72f6cff6ce204af0e8,mockserver-core,org.mockserver.model.HttpForwardTest.shouldReturnFormattedRequestInToString,ID,Accepted,https://github.com/mock-server/mockserver/pull/932,
https://github.com/mock-server/mockserver,3009f363b84df6a0ba377e72f6cff6ce204af0e8,mockserver-core,org.mockserver.model.HttpResponseTest.shouldReturnFormattedRequestInToString,ID,Accepted,https://github.com/mock-server/mockserver/pull/945,
https://github.com/mock-server/mockserver,3009f363b84df6a0ba377e72f6cff6ce204af0e8,mockserver-core,org.mockserver.model.JsonBodyTest.shouldReturnValuesFromStaticObjectBuilder,ID,Accepted,https://github.com/mock-server/mockserver/pull/949,
https://github.com/mock-server/mockserver,3009f363b84df6a0ba377e72f6cff6ce204af0e8,mockserver-core,org.mockserver.model.JsonBodyTest.shouldReturnValuesFromStaticObjectBuilderWithCharsetAndMatchType,ID,Accepted,https://github.com/mock-server/mockserver/pull/949,
https://github.com/mock-server/mockserver,3009f363b84df6a0ba377e72f6cff6ce204af0e8,mockserver-core,org.mockserver.model.JsonBodyTest.shouldReturnValuesFromStaticObjectBuilderWithMatchType,ID,Accepted,https://github.com/mock-server/mockserver/pull/949,
https://github.com/mock-server/mockserver,3009f363b84df6a0ba377e72f6cff6ce204af0e8,mockserver-core,org.mockserver.model.JsonBodyTest.shouldReturnValuesFromStaticObjectBuilderWithMatchTypeAndCharset,ID,Accepted,https://github.com/mock-server/mockserver/pull/949,
https://github.com/mock-server/mockserver,3009f363b84df6a0ba377e72f6cff6ce204af0e8,mockserver-core,org.mockserver.model.JsonBodyTest.shouldReturnValuesFromStaticObjectBuilderWithMediaTypeAndMatchType,ID,Accepted,https://github.com/mock-server/mockserver/pull/949,
https://github.com/mock-server/mockserver,3009f363b84df6a0ba377e72f6cff6ce204af0e8,mockserver-core,org.mockserver.serialization.serializers.body.JsonBodySerializerTest.shouldSerializeJsonBodyAsObject,ID,Accepted,https://github.com/mock-server/mockserver/pull/1089,
https://github.com/nationalsecurityagency/timely,3a8cbd3378cffdc96aad1c52e9b0b2e1481ca45f,server,timely.api.model.MetricAdapterTest.testToMetricResponse,ID,Accepted,https://github.com/NationalSecurityAgency/timely/pull/211,
https://github.com/nationalsecurityagency/timely,3a8cbd3378cffdc96aad1c52e9b0b2e1481ca45f,server,timely.api.response.timeseries.QueryResponseTest.testOneResponse,ID,Accepted,https://github.com/NationalSecurityAgency/timely/pull/211,
https://github.com/nationalsecurityagency/timely,3a8cbd3378cffdc96aad1c52e9b0b2e1481ca45f,server,timely.api.response.timeseries.SearchLookupResponseTest.testResponse1,ID,Accepted,https://github.com/NationalSecurityAgency/timely/pull/211,
https://github.com/nationalsecurityagency/timely,3a8cbd3378cffdc96aad1c52e9b0b2e1481ca45f,server,timely.auth.AuthCacheTest.testGetAuths,ID,Accepted,https://github.com/NationalSecurityAgency/timely/pull/211,
https://github.com/networknt/light-4j,75ad2d415c51d7b6475f1d270a66949609b125d5,audit,com.networknt.audit.AuditHandlerTest.testAuditWithErrorStatus,ID,Accepted,https://github.com/networknt/light-4j/pull/1919,
https://github.com/networknt/light-4j,75ad2d415c51d7b6475f1d270a66949609b125d5,body,com.networknt.body.BodyHandlerTest.testPostFormUrlEncoded,ID,Accepted,https://github.com/networknt/light-4j/pull/1920,
https://github.com/networknt/light-4j,fcded1683dcbd41a968e221494778aa6b71e7428,consul,com.networknt.consul.ConsulRegistryTest.discoverService,OD,Accepted,https://github.com/networknt/light-4j/pull/857,https://github.com/TestingResearchIllinois/flaky-test-dataset/issues/73
https://github.com/networknt/light-4j,fcded1683dcbd41a968e221494778aa6b71e7428,consul,com.networknt.consul.ConsulRegistryTest.doRegisterAndAvailable,OD,Accepted,https://github.com/networknt/light-4j/pull/857,https://github.com/TestingResearchIllinois/flaky-test-dataset/issues/73
https://github.com/networknt/light-4j,fcded1683dcbd41a968e221494778aa6b71e7428,correlation,com.networknt.correlation.CorrelationHandlerTest.testGetWithoutTid,OD,Accepted,https://github.com/networknt/light-4j/pull/2013,https://github.com/TestingResearchIllinois/flaky-test-dataset/issues/73
https://github.com/networknt/light-4j,fcded1683dcbd41a968e221494778aa6b71e7428,handler,com.networknt.handler.HandlerTest.validConfig_init_handlersCreated,OD,Accepted,https://github.com/networknt/light-4j/pull/1996,https://github.com/TestingResearchIllinois/flaky-test-dataset/issues/73
https://github.com/networknt/light-4j,8099ee299a429c6eab0bd2f49f63a3efac8ec23d,header,com.networknt.header.HeaderHandlerTest.testMarketHeader,ID,Accepted,https://github.com/networknt/light-4j/pull/1469,
https://github.com/networknt/light-4j,8099ee299a429c6eab0bd2f49f63a3efac8ec23d,header,com.networknt.header.HeaderHandlerTest.testPetstoreHeader,ID,Accepted,https://github.com/networknt/light-4j/pull/1469,
https://github.com/networknt/light-4j,75ad2d415c51d7b6475f1d270a66949609b125d5,header,com.networknt.header.HeaderHandlerTest.testRequestHeader,ID,Accepted,https://github.com/networknt/light-4j/pull/1469,
https://github.com/networknt/light-4j,fcded1683dcbd41a968e221494778aa6b71e7428,portal-registry,com.networknt.portal.registry.PortalRegistryTest.discoverService,OD,Accepted,https://github.com/networknt/light-4j/pull/857,https://github.com/TestingResearchIllinois/flaky-test-dataset/issues/73
https://github.com/networknt/light-4j,fcded1683dcbd41a968e221494778aa6b71e7428,portal-registry,com.networknt.portal.registry.PortalRegistryTest.doRegisterAndAvailable,OD,Accepted,https://github.com/networknt/light-4j/pull/857,https://github.com/TestingResearchIllinois/flaky-test-dataset/issues/73
https://github.com/networknt/light-4j,75ad2d415c51d7b6475f1d270a66949609b125d5,registry,com.networknt.registry.URLTest.testURL,ID,Accepted,https://github.com/networknt/light-4j/pull/1499,
https://github.com/networknt/light-4j,75ad2d415c51d7b6475f1d270a66949609b125d5,http-url,com.networknt.url.URLNormalizerTest.testAllAtOnce,ID,Accepted,https://github.com/networknt/light-4j/pull/1419,
https://github.com/networknt/light-4j,fcded1683dcbd41a968e221494778aa6b71e7428,metrics,io.dropwizard.metrics.SharedMetricRegistriesTest.hasASetOfNames,OD,Accepted,https://github.com/networknt/light-4j/pull/856,https://github.com/TestingResearchIllinois/flaky-test-dataset/issues/73
https://github.com/networknt/light-4j,fcded1683dcbd41a968e221494778aa6b71e7428,metrics,io.dropwizard.metrics.SharedMetricRegistriesTest.removesRegistries,OD,Accepted,https://github.com/networknt/light-4j/pull/856,https://github.com/TestingResearchIllinois/flaky-test-dataset/issues/73
https://github.com/nutzam/nutz,97745dd754eb9aee59aa806d90be53aac051a3e5,.,org.nutz.json.JsonTest.testDuplicateArrayList,ID,Accepted,https://github.com/nutzam/nutz/pull/1541,
https://github.com/nutzam/nutz,97745dd754eb9aee59aa806d90be53aac051a3e5,.,org.nutz.json.JsonTest.test_empty_obj_toJson,ID,Accepted,https://github.com/nutzam/nutz/pull/1541,
https://github.com/nutzam/nutz,97745dd754eb9aee59aa806d90be53aac051a3e5,.,org.nutz.json.JsonTest.test_enum,ID,Accepted,https://github.com/nutzam/nutz/pull/1541,
https://github.com/nutzam/nutz,97745dd754eb9aee59aa806d90be53aac051a3e5,.,org.nutz.json.JsonTest.test_final_field,ID,Accepted,https://github.com/nutzam/nutz/pull/1541,
https://github.com/nutzam/nutz,97745dd754eb9aee59aa806d90be53aac051a3e5,.,org.nutz.json.JsonTest.test_number_formt_tojson,ID,Accepted,https://github.com/nutzam/nutz/pull/1541,
https://github.com/OpenAPITools/openapi-generator,fe934dc1b40227369f226611219886760458f6d2,modules/openapi-generator,org.openapitools.codegen.DefaultCodegenTest.testVarsAndRequiredVarsPresent,ID,Accepted,https://github.com/OpenAPITools/openapi-generator/pull/16751,https://github.com/OpenAPITools/openapi-generator/commit/494ee489ade5344b1bc7acdb545e058563f2d73f
https://github.com/OpenAPITools/openapi-generator,bfce822c34144500eb573ab105502c3616d79dc3,modules/openapi-generator,org.openapitools.codegen.java.AbstractJavaCodegenTest.testAdditionalModelTypeAnnotationsMixed,ID,Accepted,https://github.com/OpenAPITools/openapi-generator/pull/10485,
https://github.com/OpenAPITools/openapi-generator,bfce822c34144500eb573ab105502c3616d79dc3,modules/openapi-generator,org.openapitools.codegen.java.AbstractJavaCodegenTest.testAdditionalModelTypeAnnotationsNewLineLinux,ID,Accepted,https://github.com/OpenAPITools/openapi-generator/pull/10485,
https://github.com/OpenAPITools/openapi-generator,bfce822c34144500eb573ab105502c3616d79dc3,modules/openapi-generator,org.openapitools.codegen.java.AbstractJavaCodegenTest.testAdditionalModelTypeAnnotationsNewLineWindows,ID,Accepted,https://github.com/OpenAPITools/openapi-generator/pull/10485,
https://github.com/OpenAPITools/openapi-generator,bfce822c34144500eb573ab105502c3616d79dc3,modules/openapi-generator,org.openapitools.codegen.java.AbstractJavaCodegenTest.testAdditionalModelTypeAnnotationsNoDuplicate,ID,Accepted,https://github.com/OpenAPITools/openapi-generator/pull/10485,
https://github.com/OpenAPITools/openapi-generator,bfce822c34144500eb573ab105502c3616d79dc3,modules/openapi-generator,org.openapitools.codegen.java.AbstractJavaCodegenTest.testAdditionalModelTypeAnnotationsSemiColon,ID,Accepted,https://github.com/OpenAPITools/openapi-generator/pull/10485,
https://github.com/OpenAPITools/openapi-generator,fe934dc1b40227369f226611219886760458f6d2,modules/openapi-generator,org.openapitools.codegen.java.JavaClientCodegenTest.testMicroprofileRestClientIncorrectVersion,ID,Accepted,https://github.com/OpenAPITools/openapi-generator/pull/16908,https://github.com/OpenAPITools/openapi-generator/issues/16907
https://github.com/OpenAPITools/openapi-generator,fe934dc1b40227369f226611219886760458f6d2,modules/openapi-generator,org.openapitools.codegen.typescript.SharedTypeScriptTest.toModelImportMapTest,ID,Accepted,https://github.com/OpenAPITools/openapi-generator/pull/13956,https://github.com/TestingResearchIllinois/idoft/issues/595
https://github.com/OpenFeign/feign-vertx,5c64572a72581178e9e7f382a5b45d7503af7ea9,.,feign.vertx.VertxHttpClientTest$WhenMakePostRequest.testWillMakeOrder(VertxTestContext),ID,Accepted,https://github.com/OpenFeign/feign-vertx/pull/22,
https://github.com/opengoofy/hippo4j,5e285ba5b47266d7dcede64aefae00fbe0c9c4ae,hippo4j-common,cn.hippo4j.common.toolkit.JSONUtilTest.assertToJSONString,ID,Accepted,https://github.com/opengoofy/hippo4j/pull/1495,
https://github.com/opengoofy/hippo4j,5e285ba5b47266d7dcede64aefae00fbe0c9c4ae,hippo4j-common,cn.hippo4j.common.toolkit.Md5UtilTest.assetGetTpContentMd5,ID,Accepted,https://github.com/opengoofy/hippo4j/pull/1494,
https://github.com/openhab/org.openhab.binding.zwave,495d04fcbe867ef1fb532ac546b41a243c56b2a6,.,org.openhab.binding.zwave.internal.converter.ZWaveAlarmConverterTest.Alarm_AlarmRaw,ID,Accepted,https://github.com/openhab/org.openhab.binding.zwave/pull/1681,
https://github.com/OpenHFT/Chronicle-Wire,a4dfcb6885ce468a64f6a3ceb5e4e16bb858ed2e,.,net.openhft.chronicle.wire.BinaryInTextTest.testReserialize,ID,Accepted,https://github.com/OpenHFT/Chronicle-Wire/pull/310,
https://github.com/OpenHFT/Chronicle-Wire,27a9efc3ced000f46e0f46263614e08896058290,.,net.openhft.chronicle.wire.TextWireTest.testSingleQuote,OD-Brit,Accepted,https://github.com/OpenHFT/Chronicle-Wire/pull/235,
https://github.com/OpenHFT/Chronicle-Wire,27a9efc3ced000f46e0f46263614e08896058290,.,net.openhft.chronicle.wire.YamlWireTest.testSingleQuote,OD-Brit,Accepted,https://github.com/OpenHFT/Chronicle-Wire/pull/235,
https://github.com/openpojo/openpojo,9badbcc4593e797accfed5e51bec9f2b843f0f67,.,com.openpojo.issues.issue112.IssueTest.shouldNotFail,OD;UD,Accepted,https://github.com/OpenPojo/openpojo/pull/135,
https://github.com/orbisgis/h2gis,bc5ceab8e5ad82e8b6ec0b5c47898e45fa3d62b2,h2gis-functions,org.h2gis.functions.spatial.topography.TopographyTest.testST_TriangleContouringWithColumns,ID,Accepted,https://github.com/orbisgis/h2gis/pull/1207,
https://github.com/orbisgis/h2gis,bc5ceab8e5ad82e8b6ec0b5c47898e45fa3d62b2,h2gis-functions,org.h2gis.functions.spatial.topography.TopographyTest.testST_TriangleContouringWithZ,ID,Accepted,https://github.com/orbisgis/h2gis/pull/1207,
https://github.com/orbisgis/h2gis,bc5ceab8e5ad82e8b6ec0b5c47898e45fa3d62b2,h2gis-functions,org.h2gis.functions.spatial.topography.TopographyTest.testST_TriangleContouringWithZDoubleRange,ID,Accepted,https://github.com/orbisgis/h2gis/pull/1207,
https://github.com/orika-mapper/orika,27dd4c4666f2c559c0ef84d18221cf104b1f699c,core,ma.glasnost.orika.test.generator.BeanToArrayGenerationTestCase.testBeanToArrayGeneration,ID,Accepted,https://github.com/orika-mapper/orika/pull/403,
https://github.com/OryxProject/oryx,43511f068bb4905769edc00e32f894016e2d0419,framework/oryx-common,com.cloudera.oryx.common.PMML.PMMLUtilsTest.testToString,ID,Accepted,https://github.com/OryxProject/oryx/pull/368,RepoArchived
https://github.com/pedrovgs/Algorithms,ed6f8a49948c09a21bfeb7bc38b4f24141795e38,.,com.github.pedrovgs.problem45.FindNthMostRepeatedElementTest.shouldFindNthMostRepeatedElement,ID,Accepted,https://github.com/pedrovgs/Algorithms/pull/63,
https://github.com/pholser/junit-quickcheck,9361b6dae25b193782604d071754eb7fc566390a,generators,com.pholser.junit.quickcheck.CallablePropertyParameterTest.callable,NIO,Accepted,https://github.com/pholser/junit-quickcheck/pull/295,
https://github.com/pholser/junit-quickcheck,9361b6dae25b193782604d071754eb7fc566390a,guava,com.pholser.junit.quickcheck.guava.generator.FunctionPropertyParameterTypesTest.arrayOfFunction,OD,Accepted,https://github.com/pholser/junit-quickcheck/pull/257,
https://github.com/pholser/junit-quickcheck,9361b6dae25b193782604d071754eb7fc566390a,generators,com.pholser.junit.quickcheck.PrimitivePropertyParameterTypesTest.primitiveBooleanWithValuesOf,NIO,Accepted,https://github.com/pholser/junit-quickcheck/pull/359,
https://github.com/pholser/junit-quickcheck,9361b6dae25b193782604d071754eb7fc566390a,generators,com.pholser.junit.quickcheck.PrimitivePropertyParameterTypesTest.voidParameter,NIO,Accepted,https://github.com/pholser/junit-quickcheck/pull/294,
https://github.com/pholser/junit-quickcheck,9361b6dae25b193782604d071754eb7fc566390a,generators,com.pholser.junit.quickcheck.PrimitivePropertyParameterTypesTest.wrapperBooleanWithValuesOf,NIO,Accepted,https://github.com/pholser/junit-quickcheck/pull/359,
https://github.com/prometheus/client_java,47254cf2c4d18e6184629eb6907aac5991476500,dropwizard,io.prometheus.client.dropwizard.samplebuilder.CustomMappingSampleBuilderTest.test_WHEN_MoreToFormatInLabelsAndName_THEN_ShouldReturnCorrectSample,ID,Accepted,https://github.com/prometheus/client_java/pull/829,
https://github.com/protegeproject/webprotege-backend-service,c9105780451b936a74dfe6a829403e60798099d4,,edu.stanford.protege.webprotege.entity.SubjectClosureResolver_TestCase.shouldGetClsAsRootEntity,ID,Accepted,https://github.com/protegeproject/webprotege-backend-service/pull/52,
https://github.com/querydsl/querydsl,2bf234caf78549813a1e0f44d9c30ecc5ef734e3,querydsl-apt,com.querydsl.apt.GenericExporterTest.execute,ID,Accepted,https://github.com/querydsl/querydsl/pull/2535,
https://github.com/querydsl/querydsl,2bf234caf78549813a1e0f44d9c30ecc5ef734e3,querydsl-apt,com.querydsl.apt.GenericExporterTest.execute2,ID,Accepted,https://github.com/querydsl/querydsl/pull/2535,
https://github.com/querydsl/querydsl,2bf234caf78549813a1e0f44d9c30ecc5ef734e3,querydsl-hibernate-search,com.querydsl.hibernate.search.SearchQueryTest.list,NIO;NOD,Accepted,https://github.com/querydsl/querydsl/pull/2658,
https://github.com/querydsl/querydsl,2bf234caf78549813a1e0f44d9c30ecc5ef734e3,querydsl-hibernate-search,com.querydsl.hibernate.search.SearchQueryTest.listResults,NOD;OD-Brit,Accepted,https://github.com/querydsl/querydsl/pull/2658,https://github.com/TestingResearchIllinois/flaky-test-dataset/issues/45
https://github.com/querydsl/querydsl,2bf234caf78549813a1e0f44d9c30ecc5ef734e3,querydsl-hibernate-search,com.querydsl.hibernate.search.SearchQueryTest.no_where,NIO;NOD,Accepted,https://github.com/querydsl/querydsl/pull/2658,
https://github.com/querydsl/querydsl,2bf234caf78549813a1e0f44d9c30ecc5ef734e3,querydsl-hibernate-search,com.querydsl.hibernate.search.SearchQueryTest.ordering,NIO;NOD,Accepted,https://github.com/querydsl/querydsl/pull/2658,
https://github.com/rest-assured/rest-assured,d3602d9a24e3bfef0c7367fe3c6f589b4147f0e7,modules/spring-mock-mvc,io.restassured.module.mockmvc.LoggingIfValidationFailsTest.logging_of_both_request_and_response_validation_works_when_test_fails,ID,Accepted,https://github.com/rest-assured/rest-assured/pull/1280,
https://github.com/rest-assured/rest-assured,d3602d9a24e3bfef0c7367fe3c6f589b4147f0e7,modules/spring-mock-mvc,io.restassured.module.mockmvc.ResponseLoggingTest.logging_if_response_validation_fails_works,ID,Accepted,https://github.com/rest-assured/rest-assured/pull/1236,
https://github.com/rest-assured/rest-assured,d3602d9a24e3bfef0c7367fe3c6f589b4147f0e7,modules/spring-web-test-client,io.restassured.module.webtestclient.LoggingIfValidationFailsTest.logging_of_both_request_and_response_validation_works_when_test_fails,ID,Accepted,https://github.com/rest-assured/rest-assured/pull/1277,
https://github.com/rest-assured/rest-assured,d3602d9a24e3bfef0c7367fe3c6f589b4147f0e7,modules/spring-web-test-client,io.restassured.module.webtestclient.LoggingIfValidationFailsTest.logging_of_both_request_with_uri_function_and_response_validation_works_when_test_fails,ID,Accepted,https://github.com/rest-assured/rest-assured/pull/1277,
https://github.com/rest-assured/rest-assured,d3602d9a24e3bfef0c7367fe3c6f589b4147f0e7,modules/spring-web-test-client,io.restassured.module.webtestclient.ResponseLoggingTest.logging_if_response_validation_fails_works,ID,Accepted,https://github.com/rest-assured/rest-assured/pull/1277,
https://github.com/rest-assured/rest-assured,bbede9fff77d4f1b751cdada0bdf8fe8d928919a,spring-web-test-client,io.restassured.module.webtestclient.WebTestClientSpecificationMergingTest.web_test_client_factory_is_not_overwritten_when_not_defined_in_specification,OD,Accepted,https://github.com/rest-assured/rest-assured/pull/1424,
https://github.com/rest-assured/rest-assured,d3602d9a24e3bfef0c7367fe3c6f589b4147f0e7,json-path,io.restassured.path.json.JsonPathTest.jsonPathSupportsPrettifiyingJson,ID,Accepted,https://github.com/rest-assured/rest-assured/pull/1215,
https://github.com/rest-assured/rest-assured,d3602d9a24e3bfef0c7367fe3c6f589b4147f0e7,json-path,io.restassured.path.json.JsonPathTest.jsonPathSupportsPrettyPrintingJson,ID,Accepted,https://github.com/rest-assured/rest-assured/pull/1215,
https://github.com/rest-assured/rest-assured,d3602d9a24e3bfef0c7367fe3c6f589b4147f0e7,json-path,io.restassured.path.json.JsonPathTest.pretty_printing_works,ID,Accepted,https://github.com/rest-assured/rest-assured/pull/1215,
https://github.com/ripe-ncc/whois,79e90f41d7eeee42f2c3ad299bfccc4e8005ce8c,whois-api,net.ripe.db.whois.api.rdap.RdapResponseJsonTest.domain_serialization_test,ID,Accepted,https://github.com/RIPE-NCC/whois/pull/1097,
https://github.com/ripe-ncc/whois,79e90f41d7eeee42f2c3ad299bfccc4e8005ce8c,whois-api,net.ripe.db.whois.api.rdap.RdapResponseJsonTest.ip_serialization_test,ID,Accepted,https://github.com/RIPE-NCC/whois/pull/1097,
https://github.com/ripe-ncc/whois,79e90f41d7eeee42f2c3ad299bfccc4e8005ce8c,whois-api,net.ripe.db.whois.api.rdap.RdapResponseJsonTest.nameserver_serialization_test,ID,Accepted,https://github.com/RIPE-NCC/whois/pull/1097,
https://github.com/rrd4j/rrd4j,5e0c9c7e138167388721a0620b95526e89fd6059,.,org.rrd4j.graph.FontTest.testClean,OD-Vic,Accepted,https://github.com/rrd4j/rrd4j/pull/160,
https://github.com/runelite/runelite,3bad0b726be8eac4119e8ff657ca3160ae11a074,cache,net.runelite.cache.script.assembler.AssemblerTest.testAssemble[0],ID,Accepted,https://github.com/runelite/runelite/pull/14104,
https://github.com/runelite/runelite,3bad0b726be8eac4119e8ff657ca3160ae11a074,cache,net.runelite.cache.script.assembler.AssemblerTest.testAssemble[1],ID,Accepted,https://github.com/runelite/runelite/pull/14104,
https://github.com/sakaiproject/sakai,17039df4b3f76abb13a670151e6e58d1df9d608f,lti/tsugi-util,org.tsugi.lti13.LTI13ObjectTest.testThreev,ID,Accepted,https://github.com/sakaiproject/sakai/pull/13014,
https://github.com/SAP/scimono,a1a6fc3524b650e5ea191792ad0d203b3a5cb774,scimono-client,com.sap.scimono.client.GroupRequestTest.testReadGroupsWithIndexPagedResponse,ID,Accepted,https://github.com/SAP/scimono/pull/188,
https://github.com/SAP/scimono,a1a6fc3524b650e5ea191792ad0d203b3a5cb774,scimono-client,com.sap.scimono.client.SCIMResourceRequestInvocationTest.readResourcesTests,ID,Accepted,https://github.com/SAP/scimono/pull/188,
https://github.com/SAP/scimono,a1a6fc3524b650e5ea191792ad0d203b3a5cb774,scimono-client,com.sap.scimono.client.UserRequestTest.testReadUsersWithIndexPagedResponse,ID,Accepted,https://github.com/SAP/scimono/pull/188,
https://github.com/Slimefun/Slimefun4,d5e4149b4f4d83dd1620d4a4cbb6d876903c851c,.,io.github.thebusybiscuit.slimefun4.api.items.settings.TestMaterialTagSetting.testAllowedValue,ID,Accepted,https://github.com/Slimefun/Slimefun4/pull/3179,
https://github.com/snakeyaml/snakeyaml,626340b5bcd50a8eb12413478e935be077c6b39c,.,org.yaml.snakeyaml.types.testBoolOutAsEmpty3,ID,Accepted,https://github.com/snakeyaml/snakeyaml/pull/9,
https://github.com/snakeyaml/snakeyaml,626340b5bcd50a8eb12413478e935be077c6b39c,.,org.yaml.snakeyaml.types.testNullOutAsEmpty2,ID,Accepted,https://github.com/snakeyaml/snakeyaml/pull/9,
https://github.com/sofastack/sofa-boot,451b5c513ceb13317ea7b53c656dde2a597867df,sofa-boot-project/sofa-boot-starters/log-sofa-boot-starter,com.alipay.sofa.common.boot.logging.test.DefaultLevelTest.testDefaultLevel,ID,Accepted,https://github.com/sofastack/sofa-boot/pull/1124,
https://github.com/soot-oss/soot,23758df0ce8327bb414d982aeb325a4f5e83ccf8,.,soot.toolkits.graph.TestDominance.TestAcyclicCFG,ID,Accepted,https://github.com/soot-oss/soot/pull/1802,
https://github.com/soot-oss/soot,23758df0ce8327bb414d982aeb325a4f5e83ccf8,.,soot.toolkits.graph.TestDominance.TestMultiTailedPostDom,ID,Accepted,https://github.com/soot-oss/soot/pull/1802,
https://github.com/soot-oss/soot,23758df0ce8327bb414d982aeb325a4f5e83ccf8,.,soot.toolkits.graph.TestDominance.TestSimpleDiamond,ID,Accepted,https://github.com/soot-oss/soot/pull/1802,
https://github.com/spring-cloud/spring-cloud-config,922590e084284fc95566f8dcb277e94733cff2ec,spring-cloud-config-monitor,org.springframework.cloud.config.monitor.GiteePropertyPathNotificationExtractorTests.giteeSample,ID,Accepted,https://github.com/spring-cloud/spring-cloud-config/pull/1546,
https://github.com/spring-projects/spring-data-cassandra,880787ff8841b461c3bff6d0755a485171867a59,spring-data-cassandra,org.springframework.data.cassandra.core.query.CriteriaUnitTests.shouldCreateIsInSet,ID,Accepted,https://github.com/spring-projects/spring-data-cassandra/pull/1199,
https://github.com/spring-projects/spring-data-couchbase,8c1a24c61934fff283a540fa830aa516db9a1059,.,org.springframework.data.couchbase.core.mapping.MappingCouchbaseConverterTests.writesAndReadsCustomFieldsConvertedClass,ID,Accepted,https://github.com/spring-projects/spring-data-couchbase/pull/1264,
https://github.com/spring-projects/spring-data-envers,5637994be37747e82b2d6d5b34555e2bee791fe6,.,org.springframework.data.envers.repository.support.QueryDslRepositoryIntegrationTests.testWithRevisions,OD-Vic,Accepted,https://github.com/spring-projects/spring-data-envers/pull/226,
https://github.com/spring-projects/spring-data-jpa,dccc58040b2eb59f1ed425df491e6de87b130897,.,org.springframework.data.jpa.repository.UserRepositoryStoredProcedureIntegrationTests.entityAnnotatedCustomNamedProcedurePlus1IO2,ID,Accepted,https://github.com/spring-projects/spring-data-jpa/pull/2364,https://github.com/spring-projects/spring-data-jpa/commit/519ed8171e3e67d6fc95c1fdc1a5590f74645f1b
https://github.com/spring-projects/spring-data-jpa,dccc58040b2eb59f1ed425df491e6de87b130897,.,org.springframework.data.jpa.repository.UserRepositoryStoredProcedureIntegrationTests.entityAnnotatedCustomNamedProcedurePlus1IOoptional,ID,Accepted,https://github.com/spring-projects/spring-data-jpa/pull/2364,https://github.com/spring-projects/spring-data-jpa/commit/519ed8171e3e67d6fc95c1fdc1a5590f74645f1b
https://github.com/spring-projects/spring-ws,e8d89c9eb0929dda304174729c9c69fb29f448eb,spring-ws-security,org.springframework.ws.soap.security.xwss.callback.SpringDigestPasswordValidationCallbackHandlerTest.testAuthenticateUserDigestUserNotFound,OD;UD,Accepted,https://github.com/spring-projects/spring-ws/pull/1165,https://github.com/TestingResearchIllinois/flaky-test-dataset/issues/51
https://github.com/spring-projects/spring-ws,e8d89c9eb0929dda304174729c9c69fb29f448eb,spring-ws-security,org.springframework.ws.soap.security.xwss.callback.SpringDigestPasswordValidationCallbackHandlerTest.testAuthenticateUserDigestValidInvalid,OD;UD,Accepted,https://github.com/spring-projects/spring-ws/pull/1165,https://github.com/TestingResearchIllinois/flaky-test-dataset/issues/51
https://github.com/stanfordnlp/CoreNLP,08f6dca23e5296d6affdc40895bf294d9b3144f6,.,edu.stanford.nlp.graph.DirectedMultiGraphTest.testConnectedComponents,ID,Accepted,https://github.com/stanfordnlp/CoreNLP/pull/1215,
https://github.com/stanfordnlp/CoreNLP,08f6dca23e5296d6affdc40895bf294d9b3144f6,.,edu.stanford.nlp.util.CollectionValuedMapTest.testAddRemove,ID,Accepted,https://github.com/stanfordnlp/CoreNLP/pull/1182,
https://github.com/tbsalling/aismessages,7b0c4c708b6bb9a6da3d5737bcad1857ade8a931,.,dk.tbsalling.aismessages.nmea.NMEAMessageHandlerTest.canHandleFragmentedMessageReceived,OD-Vic,Accepted,https://github.com/tbsalling/aismessages/pull/41,
https://github.com/tbsalling/aismessages,7b0c4c708b6bb9a6da3d5737bcad1857ade8a931,.,dk.tbsalling.aismessages.nmea.NMEAMessageHandlerTest.canHandleUnfragmentedMessageReceived,OD-Vic,Accepted,https://github.com/tbsalling/aismessages/pull/41,
https://github.com/TestingResearchIllinois/starts,76323ed1eb39bb7b4aea9797c9f081f3dd521ebd,.,edu.illinois.starts.helpers.WriterTest.testWriteGrpahWithMultipleEdges,ID,Accepted,https://github.com/TestingResearchIllinois/starts/pull/89,
https://github.com/tools4j/unix4j,367da7d262e682a08577cdf19ebbbdd8a46870fe,unix4j-core/unix4j-command,org.unix4j.unix.FindFileTimeDependentTest.find_fileCreatedBeforeNow,OD-Vic,Accepted,https://github.com/tools4j/unix4j/pull/77,
https://github.com/undertow-io/undertow,d0efffad5d2034bb07525cac9b299dac72c3045d,websockets-jsr,io.undertow.websockets.jsr.test.annotated.AnnotatedEndpointTest.testCloseReason,OD-Vic,Accepted,https://github.com/undertow-io/undertow/pull/684,
https://github.com/vaadin/flow,26aacd3cdf51c7e0a18ae21318d366ce7f91be8a,flow-data,com.vaadin.flow.data.validator.BeanValidatorTest.testInvalidDecimalsFailsInFrench,OD,Accepted,https://github.com/vaadin/flow/pull/9524,https://github.com/TestingResearchIllinois/flaky-test-dataset/issues/41
https://github.com/vojtechhabarta/typescript-generator,caef58bfe55a8cd1fc5d7368c19e9ff818a7b7fa,typescript-generator-core,cz.habarta.typescript.generator.ImmutablesTest.testImmutables,ID,Accepted,https://github.com/vojtechhabarta/typescript-generator/pull/686,
https://github.com/wikidata/wikidata-toolkit,20de6f7f12319f54eb962ff6e8357b3f5695d54d,wdtk-dumpfiles,org.wikidata.wdtk.dumpfiles.MwDumpFileProcessingTest.testMwDailyDumpFileProcessing,OD-Brit,Accepted,https://github.com/Wikidata/Wikidata-Toolkit/pull/480,
https://github.com/wikidata/wikidata-toolkit,20de6f7f12319f54eb962ff6e8357b3f5695d54d,wdtk-dumpfiles,org.wikidata.wdtk.dumpfiles.MwDumpFileProcessingTest.testMwMostRecentFullDumpFileProcessing,OD-Brit,Accepted,https://github.com/Wikidata/Wikidata-Toolkit/pull/484,
https://github.com/wikidata/wikidata-toolkit,20de6f7f12319f54eb962ff6e8357b3f5695d54d,wdtk-dumpfiles,org.wikidata.wdtk.dumpfiles.MwDumpFileProcessingTest.testMwRecentCurrentDumpFileProcessing,OD-Brit,Accepted,https://github.com/Wikidata/Wikidata-Toolkit/pull/484,
https://github.com/wildfly/jboss-ejb-client,21ba139c3d49b0d5231372f80511e7f732414ca9,.,org.jboss.ejb.client.test.byteman.MixedModeServiceURLTestCase.testInvocationOnMixedModeCluster,ID,Accepted,https://github.com/wildfly/jboss-ejb-client/pull/534,
https://github.com/wildfly/wildfly,b19048b72669fc0e96665b1b125dc1fda21f5993,naming,org.jboss.as.naming.NamingContextTestCase.testBind,OD-Vic,Accepted,https://github.com/wildfly/wildfly/pull/11833,
https://github.com/wildfly/wildfly,b19048b72669fc0e96665b1b125dc1fda21f5993,naming,org.jboss.as.naming.NamingContextTestCase.testBindReferenceable,OD-Vic,Accepted,https://github.com/wildfly/wildfly/pull/11833,
https://github.com/wildfly/wildfly,b19048b72669fc0e96665b1b125dc1fda21f5993,naming,org.jboss.as.naming.NamingContextTestCase.testCreateSubcontext,OD-Vic,Accepted,https://github.com/wildfly/wildfly/pull/11833,
https://github.com/wildfly/wildfly,b19048b72669fc0e96665b1b125dc1fda21f5993,naming,org.jboss.as.naming.NamingContextTestCase.testList,OD-Vic,Accepted,https://github.com/wildfly/wildfly/pull/11833,
https://github.com/wildfly/wildfly,b19048b72669fc0e96665b1b125dc1fda21f5993,naming,org.jboss.as.naming.NamingContextTestCase.testListBindings,OD-Vic,Accepted,https://github.com/wildfly/wildfly/pull/11833,
https://github.com/wildfly/wildfly,b19048b72669fc0e96665b1b125dc1fda21f5993,naming,org.jboss.as.naming.NamingContextTestCase.testListBindingsNameNotFound,OD-Vic,Accepted,https://github.com/wildfly/wildfly/pull/11833,
https://github.com/wildfly/wildfly,b19048b72669fc0e96665b1b125dc1fda21f5993,naming,org.jboss.as.naming.NamingContextTestCase.testListBindingsWithContinuation,OD-Vic,Accepted,https://github.com/wildfly/wildfly/pull/11833,
https://github.com/wildfly/wildfly,b19048b72669fc0e96665b1b125dc1fda21f5993,naming,org.jboss.as.naming.NamingContextTestCase.testListNameNotFound,OD-Vic,Accepted,https://github.com/wildfly/wildfly/pull/11833,
https://github.com/wildfly/wildfly,b19048b72669fc0e96665b1b125dc1fda21f5993,naming,org.jboss.as.naming.NamingContextTestCase.testListWithContinuation,OD-Vic,Accepted,https://github.com/wildfly/wildfly/pull/11833,
https://github.com/wildfly/wildfly,b19048b72669fc0e96665b1b125dc1fda21f5993,naming,org.jboss.as.naming.NamingContextTestCase.testLookup,OD-Vic,Accepted,https://github.com/wildfly/wildfly/pull/11833,
https://github.com/wildfly/wildfly,b19048b72669fc0e96665b1b125dc1fda21f5993,naming,org.jboss.as.naming.NamingContextTestCase.testLookupContextLink,OD-Vic,Accepted,https://github.com/wildfly/wildfly/pull/11833,
https://github.com/wildfly/wildfly,b19048b72669fc0e96665b1b125dc1fda21f5993,naming,org.jboss.as.naming.NamingContextTestCase.testLookupEmptyName,OD-Vic,Accepted,https://github.com/wildfly/wildfly/pull/11833,
https://github.com/wildfly/wildfly,b19048b72669fc0e96665b1b125dc1fda21f5993,naming,org.jboss.as.naming.NamingContextTestCase.testLookupLink,OD-Vic,Accepted,https://github.com/wildfly/wildfly/pull/11833,
https://github.com/wildfly/wildfly,b19048b72669fc0e96665b1b125dc1fda21f5993,naming,org.jboss.as.naming.NamingContextTestCase.testLookupNameNotFound,OD-Vic,Accepted,https://github.com/wildfly/wildfly/pull/11833,
https://github.com/wildfly/wildfly,b19048b72669fc0e96665b1b125dc1fda21f5993,naming,org.jboss.as.naming.NamingContextTestCase.testLookupReference,OD-Vic,Accepted,https://github.com/wildfly/wildfly/pull/11833,
https://github.com/wildfly/wildfly,b19048b72669fc0e96665b1b125dc1fda21f5993,naming,org.jboss.as.naming.NamingContextTestCase.testLookupWithContinuation,OD-Vic,Accepted,https://github.com/wildfly/wildfly/pull/11833,
https://github.com/wildfly/wildfly,b19048b72669fc0e96665b1b125dc1fda21f5993,naming,org.jboss.as.naming.NamingContextTestCase.testLookupWitResolveResult,OD-Vic,Accepted,https://github.com/wildfly/wildfly/pull/11833,
https://github.com/wildfly/wildfly,b19048b72669fc0e96665b1b125dc1fda21f5993,naming,org.jboss.as.naming.NamingContextTestCase.testRebind,OD-Vic,Accepted,https://github.com/wildfly/wildfly/pull/11833,
https://github.com/wildfly/wildfly,b19048b72669fc0e96665b1b125dc1fda21f5993,naming,org.jboss.as.naming.NamingContextTestCase.testRebindReferenceable,OD-Vic,Accepted,https://github.com/wildfly/wildfly/pull/11833,
https://github.com/wildfly/wildfly,b19048b72669fc0e96665b1b125dc1fda21f5993,naming,org.jboss.as.naming.NamingContextTestCase.testUnbind,OD-Vic,Accepted,https://github.com/wildfly/wildfly/pull/11833,
https://github.com/wildfly/wildfly,b19048b72669fc0e96665b1b125dc1fda21f5993,naming,org.jboss.as.naming.ObjectFactoryTestCase.testBindAndRetrieveObjectFactoryFromInitialContext,OD-Vic,Accepted,https://github.com/wildfly/wildfly/pull/11833,
https://github.com/wildfly/wildfly,b19048b72669fc0e96665b1b125dc1fda21f5993,naming,org.jboss.as.naming.ObjectFactoryTestCase.testBindAndRetrieveObjectFactoryFromNamingContext,OD-Vic,Accepted,https://github.com/wildfly/wildfly/pull/11833,
https://github.com/wildfly/wildfly,b19048b72669fc0e96665b1b125dc1fda21f5993,naming,org.jboss.as.naming.WritableServiceBasedNamingStoreTestCase.testPermissions,OD-Brit,Accepted,https://github.com/wildfly/wildfly/pull/11833,
https://github.com/wildfly/wildfly,914e190167a79c538e0f87ea4385a6626bdecc9a,ee-dist,org.wildfly.dist.subsystem.xml.StandardConfigsXMLValidationUnitTestCase.testDomain,ID,Accepted,https://github.com/wildfly/wildfly/pull/17472,Detected by Nondex 1.1.3
https://github.com/wildfly/wildfly,b19048b72669fc0e96665b1b125dc1fda21f5993,dist,org.wildfly.dist.subsystem.xml.StandardConfigsXMLValidationUnitTestCase.testDomain,ID,Accepted,https://github.com/wildfly/wildfly/pull/17472,
https://github.com/wildfly/wildfly,ba0b37ab55e0cd6022738dd580f780e6bb76f061,preview/dist,org.wildfly.dist.subsystem.xml.StandardConfigsXMLValidationUnitTestCase.testDomain,ID,Accepted,https://github.com/wildfly/wildfly/pull/17472,Detected by Nondex 2.1.7-SNAPSHOT
https://github.com/wildfly/wildfly,914e190167a79c538e0f87ea4385a6626bdecc9a,ee-dist,org.wildfly.dist.subsystem.xml.StandardConfigsXMLValidationUnitTestCase.testHost,ID,Accepted,https://github.com/wildfly/wildfly/pull/17472,Detected by Nondex 1.1.3
https://github.com/wildfly/wildfly,b19048b72669fc0e96665b1b125dc1fda21f5993,dist,org.wildfly.dist.subsystem.xml.StandardConfigsXMLValidationUnitTestCase.testHost,ID,Accepted,https://github.com/wildfly/wildfly/pull/17472,
https://github.com/wildfly/wildfly,ba0b37ab55e0cd6022738dd580f780e6bb76f053,preview/dist,org.wildfly.dist.subsystem.xml.StandardConfigsXMLValidationUnitTestCase.testHost,ID,Accepted,https://github.com/wildfly/wildfly/pull/17472,Detected by Nondex 2.1.7-SNAPSHOT
https://github.com/wildfly/wildfly,914e190167a79c538e0f87ea4385a6626bdecc9a,ee-dist,org.wildfly.dist.subsystem.xml.StandardConfigsXMLValidationUnitTestCase.testHostMaster,ID,Accepted,https://github.com/wildfly/wildfly/pull/17472,Detected by Nondex 1.1.3
https://github.com/wildfly/wildfly,b19048b72669fc0e96665b1b125dc1fda21f5993,dist,org.wildfly.dist.subsystem.xml.StandardConfigsXMLValidationUnitTestCase.testHostMaster,ID,Accepted,https://github.com/wildfly/wildfly/pull/17472,
https://github.com/wildfly/wildfly,ba0b37ab55e0cd6022738dd580f780e6bb76f059,preview/dist,org.wildfly.dist.subsystem.xml.StandardConfigsXMLValidationUnitTestCase.testHostPrimary,ID,Accepted,https://github.com/wildfly/wildfly/pull/17472,Detected by Nondex 2.1.7-SNAPSHOT
https://github.com/wildfly/wildfly,ba0b37ab55e0cd6022738dd580f780e6bb76f051,preview/dist,org.wildfly.dist.subsystem.xml.StandardConfigsXMLValidationUnitTestCase.testHostSecondary,ID,Accepted,https://github.com/wildfly/wildfly/pull/17472,Detected by Nondex 2.1.7-SNAPSHOT
https://github.com/wildfly/wildfly,914e190167a79c538e0f87ea4385a6626bdecc9a,ee-dist,org.wildfly.dist.subsystem.xml.StandardConfigsXMLValidationUnitTestCase.testHostSlave,ID,Accepted,https://github.com/wildfly/wildfly/pull/17472,Detected by Nondex 1.1.3
https://github.com/wildfly/wildfly,b19048b72669fc0e96665b1b125dc1fda21f5993,dist,org.wildfly.dist.subsystem.xml.StandardConfigsXMLValidationUnitTestCase.testHostSlave,ID,Accepted,https://github.com/wildfly/wildfly/pull/17472,
https://github.com/wildfly/wildfly,914e190167a79c538e0f87ea4385a6626bdecc9a,ee-dist,org.wildfly.dist.subsystem.xml.StandardConfigsXMLValidationUnitTestCase.testStandalone,ID,Accepted,https://github.com/wildfly/wildfly/pull/17472,Detected by Nondex 1.1.3
https://github.com/wildfly/wildfly,b19048b72669fc0e96665b1b125dc1fda21f5993,dist,org.wildfly.dist.subsystem.xml.StandardConfigsXMLValidationUnitTestCase.testStandalone,ID,Accepted,https://github.com/wildfly/wildfly/pull/17472,
https://github.com/wildfly/wildfly,ba0b37ab55e0cd6022738dd580f780e6bb76f052,preview/dist,org.wildfly.dist.subsystem.xml.StandardConfigsXMLValidationUnitTestCase.testStandalone,ID,Accepted,https://github.com/wildfly/wildfly/pull/17472,Detected by Nondex 2.1.7-SNAPSHOT
https://github.com/wildfly/wildfly,ba0b37ab55e0cd6022738dd580f780e6bb76f058,preview/dist,org.wildfly.dist.subsystem.xml.StandardConfigsXMLValidationUnitTestCase.testStandaloneActiveMQEmbedded,ID,Accepted,https://github.com/wildfly/wildfly/pull/17472,Detected by Nondex 2.1.7-SNAPSHOT
https://github.com/wildfly/wildfly,914e190167a79c538e0f87ea4385a6626bdecc9a,ee-dist,org.wildfly.dist.subsystem.xml.StandardConfigsXMLValidationUnitTestCase.testStandaloneEC2FullHA,ID,Accepted,https://github.com/wildfly/wildfly/pull/17472,Detected by Nondex 1.1.3
https://github.com/wildfly/wildfly,b19048b72669fc0e96665b1b125dc1fda21f5993,dist,org.wildfly.dist.subsystem.xml.StandardConfigsXMLValidationUnitTestCase.testStandaloneEC2FullHA,ID,Accepted,https://github.com/wildfly/wildfly/pull/17472,
https://github.com/wildfly/wildfly,914e190167a79c538e0f87ea4385a6626bdecc9a,ee-dist,org.wildfly.dist.subsystem.xml.StandardConfigsXMLValidationUnitTestCase.testStandaloneEC2HA,ID,Accepted,https://github.com/wildfly/wildfly/pull/17472,Detected by Nondex 1.1.3
https://github.com/wildfly/wildfly,b19048b72669fc0e96665b1b125dc1fda21f5993,dist,org.wildfly.dist.subsystem.xml.StandardConfigsXMLValidationUnitTestCase.testStandaloneEC2HA,ID,Accepted,https://github.com/wildfly/wildfly/pull/17472,
https://github.com/wildfly/wildfly,914e190167a79c538e0f87ea4385a6626bdecc9a,ee-dist,org.wildfly.dist.subsystem.xml.StandardConfigsXMLValidationUnitTestCase.testStandaloneFull,ID,Accepted,https://github.com/wildfly/wildfly/pull/17472,Detected by Nondex 1.1.3
https://github.com/wildfly/wildfly,b19048b72669fc0e96665b1b125dc1fda21f5993,dist,org.wildfly.dist.subsystem.xml.StandardConfigsXMLValidationUnitTestCase.testStandaloneFull,ID,Accepted,https://github.com/wildfly/wildfly/pull/17472,
https://github.com/wildfly/wildfly,ba0b37ab55e0cd6022738dd580f780e6bb76f060,preview/dist,org.wildfly.dist.subsystem.xml.StandardConfigsXMLValidationUnitTestCase.testStandaloneFull,ID,Accepted,https://github.com/wildfly/wildfly/pull/17472,Detected by Nondex 2.1.7-SNAPSHOT
https://github.com/wildfly/wildfly,914e190167a79c538e0f87ea4385a6626bdecc9a,ee-dist,org.wildfly.dist.subsystem.xml.StandardConfigsXMLValidationUnitTestCase.testStandaloneGenericJMS,ID,Accepted,https://github.com/wildfly/wildfly/pull/17472,Detected by Nondex 1.1.3
https://github.com/wildfly/wildfly,b19048b72669fc0e96665b1b125dc1fda21f5993,dist,org.wildfly.dist.subsystem.xml.StandardConfigsXMLValidationUnitTestCase.testStandaloneGenericJMS,ID,Accepted,https://github.com/wildfly/wildfly/pull/17472,
https://github.com/wildfly/wildfly,ba0b37ab55e0cd6022738dd580f780e6bb76f062,preview/dist,org.wildfly.dist.subsystem.xml.StandardConfigsXMLValidationUnitTestCase.testStandaloneGenericJMS,ID,Accepted,https://github.com/wildfly/wildfly/pull/17472,Detected by Nondex 2.1.7-SNAPSHOT
https://github.com/wildfly/wildfly,914e190167a79c538e0f87ea4385a6626bdecc9a,ee-dist,org.wildfly.dist.subsystem.xml.StandardConfigsXMLValidationUnitTestCase.testStandaloneGossipFullHA,ID,Accepted,https://github.com/wildfly/wildfly/pull/17472,Detected by Nondex 1.1.3
https://github.com/wildfly/wildfly,b19048b72669fc0e96665b1b125dc1fda21f5993,dist,org.wildfly.dist.subsystem.xml.StandardConfigsXMLValidationUnitTestCase.testStandaloneGossipFullHA,ID,Accepted,https://github.com/wildfly/wildfly/pull/17472,
https://github.com/wildfly/wildfly,914e190167a79c538e0f87ea4385a6626bdecc9a,ee-dist,org.wildfly.dist.subsystem.xml.StandardConfigsXMLValidationUnitTestCase.testStandaloneGossipHA,ID,Accepted,https://github.com/wildfly/wildfly/pull/17472,Detected by Nondex 1.1.3
https://github.com/wildfly/wildfly,b19048b72669fc0e96665b1b125dc1fda21f5993,dist,org.wildfly.dist.subsystem.xml.StandardConfigsXMLValidationUnitTestCase.testStandaloneGossipHA,ID,Accepted,https://github.com/wildfly/wildfly/pull/17472,
https://github.com/wildfly/wildfly,914e190167a79c538e0f87ea4385a6626bdecc9a,ee-dist,org.wildfly.dist.subsystem.xml.StandardConfigsXMLValidationUnitTestCase.testStandaloneHA,ID,Accepted,https://github.com/wildfly/wildfly/pull/17472,Detected by Nondex 1.1.3
https://github.com/wildfly/wildfly,b19048b72669fc0e96665b1b125dc1fda21f5993,dist,org.wildfly.dist.subsystem.xml.StandardConfigsXMLValidationUnitTestCase.testStandaloneHA,ID,Accepted,https://github.com/wildfly/wildfly/pull/17472,
https://github.com/wildfly/wildfly,ba0b37ab55e0cd6022738dd580f780e6bb76f054,preview/dist,org.wildfly.dist.subsystem.xml.StandardConfigsXMLValidationUnitTestCase.testStandaloneHA,ID,Accepted,https://github.com/wildfly/wildfly/pull/17472,Detected by Nondex 2.1.7-SNAPSHOT
https://github.com/wildfly/wildfly,914e190167a79c538e0f87ea4385a6626bdecc9a,ee-dist,org.wildfly.dist.subsystem.xml.StandardConfigsXMLValidationUnitTestCase.testStandaloneJTS,ID,Accepted,https://github.com/wildfly/wildfly/pull/17472,Detected by Nondex 1.1.3
https://github.com/wildfly/wildfly,b19048b72669fc0e96665b1b125dc1fda21f5993,dist,org.wildfly.dist.subsystem.xml.StandardConfigsXMLValidationUnitTestCase.testStandaloneJTS,ID,Accepted,https://github.com/wildfly/wildfly/pull/17472,
https://github.com/wildfly/wildfly,ba0b37ab55e0cd6022738dd580f780e6bb76f055,preview/dist,org.wildfly.dist.subsystem.xml.StandardConfigsXMLValidationUnitTestCase.testStandaloneJTS,ID,Accepted,https://github.com/wildfly/wildfly/pull/17472,Detected by Nondex 2.1.7-SNAPSHOT
https://github.com/wildfly/wildfly,914e190167a79c538e0f87ea4385a6626bdecc9a,dist,org.wildfly.dist.subsystem.xml.StandardConfigsXMLValidationUnitTestCase.testStandaloneMicroProfile,ID,Accepted,https://github.com/wildfly/wildfly/pull/17472,Detected by Nondex 1.1.3
https://github.com/wildfly/wildfly,914e190167a79c538e0f87ea4385a6626bdecc9a,dist,org.wildfly.dist.subsystem.xml.StandardConfigsXMLValidationUnitTestCase.testStandaloneMicroProfileHA,ID,Accepted,https://github.com/wildfly/wildfly/pull/17472,Detected by Nondex 1.1.3
https://github.com/wildfly/wildfly,914e190167a79c538e0f87ea4385a6626bdecc9a,ee-dist,org.wildfly.dist.subsystem.xml.StandardConfigsXMLValidationUnitTestCase.testStandaloneMinimalistic,ID,Accepted,https://github.com/wildfly/wildfly/pull/17472,Detected by Nondex 1.1.3
https://github.com/wildfly/wildfly,b19048b72669fc0e96665b1b125dc1fda21f5993,dist,org.wildfly.dist.subsystem.xml.StandardConfigsXMLValidationUnitTestCase.testStandaloneMinimalistic,ID,Accepted,https://github.com/wildfly/wildfly/pull/17472,
https://github.com/wildfly/wildfly,914e190167a79c538e0f87ea4385a6626bdecc9a,ee-dist,org.wildfly.dist.subsystem.xml.StandardConfigsXMLValidationUnitTestCase.testStandaloneRTS,ID,Accepted,https://github.com/wildfly/wildfly/pull/17472,Detected by Nondex 1.1.3
https://github.com/wildfly/wildfly,b19048b72669fc0e96665b1b125dc1fda21f5993,dist,org.wildfly.dist.subsystem.xml.StandardConfigsXMLValidationUnitTestCase.testStandaloneRTS,ID,Accepted,https://github.com/wildfly/wildfly/pull/17472,
https://github.com/wildfly/wildfly,ba0b37ab55e0cd6022738dd580f780e6bb76f056,preview/dist,org.wildfly.dist.subsystem.xml.StandardConfigsXMLValidationUnitTestCase.testStandaloneRTS,ID,Accepted,https://github.com/wildfly/wildfly/pull/17472,Detected by Nondex 2.1.7-SNAPSHOT
https://github.com/wildfly/wildfly,914e190167a79c538e0f87ea4385a6626bdecc9a,ee-dist,org.wildfly.dist.subsystem.xml.StandardConfigsXMLValidationUnitTestCase.testStandaloneXTS,ID,Accepted,https://github.com/wildfly/wildfly/pull/17472,Detected by Nondex 1.1.3
https://github.com/wildfly/wildfly,b19048b72669fc0e96665b1b125dc1fda21f5993,dist,org.wildfly.dist.subsystem.xml.StandardConfigsXMLValidationUnitTestCase.testStandaloneXTS,ID,Accepted,https://github.com/wildfly/wildfly/pull/17472,
https://github.com/wildfly/wildfly,ba0b37ab55e0cd6022738dd580f780e6bb76f063,preview/dist,org.wildfly.dist.subsystem.xml.StandardConfigsXMLValidationUnitTestCase.testStandaloneXTS,ID,Accepted,https://github.com/wildfly/wildfly/pull/17472,Detected by Nondex 2.1.7-SNAPSHOT
https://github.com/wildfly/wildfly,ba0b37ab55e0cd6022738dd580f780e6bb76f057,preview/dist,org.wildfly.dist.subsystem.xml.StandardConfigsXMLValidationUnitTestCase.testStandaloneXTS.testStandaloneMinimalistic,ID,Accepted,https://github.com/wildfly/wildfly/pull/17472,Detected by Nondex 2.1.7-SNAPSHOT
https://github.com/wildfly/wildfly-core,db72abab9b89203891f5c84e0526028dc5f4e9ef,cli,org.jboss.as.cli.impl.BootScriptInvoker.test,ID,Accepted,https://github.com/wildfly/wildfly-core/pull/5366,
https://github.com/yandex/yoctodb,36a83d1a4107a28358c97cbf6e00500c8b214024,core,com.yandex.yoctodb.util.mutable.stored.V1StoredIndexTest.buildV1StoredIndex,ID,Accepted,https://github.com/yandex/yoctodb/pull/47,
https://github.com/yangfuhai/jboot,4bffb4dff4ce5190917491a1b68f79efbfe99650,.,io.jboot.test.cache.caffeine.CaffeineTester.testDue,OD,Accepted,https://github.com/yangfuhai/jboot/pull/117,https://github.com/TestingResearchIllinois/flaky-test-dataset/issues/88
https://github.com/yangfuhai/jboot,4bffb4dff4ce5190917491a1b68f79efbfe99650,.,io.jboot.test.cache.caffeine.CaffeineTester.testGet,OD,Accepted,https://github.com/yangfuhai/jboot/pull/117,https://github.com/TestingResearchIllinois/flaky-test-dataset/issues/88
https://github.com/yangfuhai/jboot,4bffb4dff4ce5190917491a1b68f79efbfe99650,.,io.jboot.test.cache.caffeine.CaffeineTester.testPut,OD,Accepted,https://github.com/yangfuhai/jboot/pull/117,https://github.com/TestingResearchIllinois/flaky-test-dataset/issues/88
https://github.com/yangfuhai/jboot,4bffb4dff4ce5190917491a1b68f79efbfe99650,.,io.jboot.test.cache.caffeine.CaffeineTester.testTtl,OD,Accepted,https://github.com/yangfuhai/jboot/pull/117,https://github.com/TestingResearchIllinois/flaky-test-dataset/issues/88
https://github.com/yangfuhai/jboot,4bffb4dff4ce5190917491a1b68f79efbfe99650,.,io.jboot.test.cache.ehcache.EhCacheTester.testGet,OD,Accepted,https://github.com/yangfuhai/jboot/pull/117,https://github.com/TestingResearchIllinois/flaky-test-dataset/issues/88
https://github.com/yangfuhai/jboot,4bffb4dff4ce5190917491a1b68f79efbfe99650,.,io.jboot.test.cache.ehcache.EhCacheTester.testPut,OD,Accepted,https://github.com/yangfuhai/jboot/pull/117,https://github.com/TestingResearchIllinois/flaky-test-dataset/issues/88
https://github.com/zalando/riptide,8277e11fc069d8e24df0d233ef2577cc75659b75,riptide-spring-boot-starter,org.zalando.riptide.spring.metrics.MetricsTest.shouldRecordCircuitBreakers,NIO;UD,Accepted,https://github.com/zalando/riptide/pull/1020,
https://github.com/zalando/riptide,8277e11fc069d8e24df0d233ef2577cc75659b75,riptide-spring-boot-starter,org.zalando.riptide.spring.metrics.MetricsTest.shouldRecordRequests,ID;OD-Vic,Accepted,https://github.com/zalando/riptide/pull/1020,
