JAVA_HOME=/usr/lib/jvm/java-8-openjdk-amd64
COMMAND=mvn -B clean install -DskipTests -U -pl hadoop-hdfs-project/hadoop-hdfs-nfs -am -Ddependency-check.skip=true -Dgpg.skip=true -DfailIfNoTests=false -Dskip.installnodenpm=true -Dskip.npm=true -Dskip.yarn=true -Dlicense.skip=true -Dcheckstyle.skip=true -Drat.skip=true -Denforcer.skip=true -Danimal.sniffer.skip=true -Dmaven.javadoc.skip=true -Dfindbugs.skip=true -Dspotbugs.skip=true -Dwarbucks.skip=true -Dmodernizer.skip=true -Dimpsort.skip=true -Dmdep.analyze.skip=true -Dpgpverify.skip=true -Dxml.skip=true -Dcobertura.skip=true

[INFO] Scanning for projects...
[WARNING] 
[WARNING] Some problems were encountered while building the effective model for org.apache.hadoop:hadoop-project:pom:3.3.4
[WARNING] 'dependencyManagement.dependencies.dependency.(groupId:artifactId:type:classifier)' must be unique: org.apache.hbase:hbase-server:jar -> duplicate declaration of version ${hbase.version} @ line 1771, column 19
[WARNING] 
[WARNING] Some problems were encountered while building the effective model for org.apache.hadoop:hadoop-project-dist:pom:3.3.4
[WARNING] 'dependencyManagement.dependencies.dependency.(groupId:artifactId:type:classifier)' must be unique: org.apache.hbase:hbase-server:jar -> duplicate declaration of version ${hbase.version} @ org.apache.hadoop:hadoop-project:3.3.4, /home/srafi/after-cam-ready/compare_/compile_repair_output/work/c0046a06cabb/hadoop-project/pom.xml, line 1771, column 19
[WARNING] 
[WARNING] It is highly recommended to fix these problems because they threaten the stability of your build.
[WARNING] 
[WARNING] For this reason, future Maven versions might no longer support building such malformed projects.
[WARNING] 
Warning: KebabPizza disabling incompatible org.apache.maven.plugins:maven-enforcer-plugin from hadoop-main
Warning: KebabPizza disabling incompatible org.apache.rat:apache-rat-plugin from hadoop-main
Warning: KebabPizza disabling incompatible org.apache.maven.plugins:maven-enforcer-plugin from hadoop-build-tools
Warning: KebabPizza disabling incompatible org.apache.rat:apache-rat-plugin from hadoop-build-tools
Warning: KebabPizza disabling incompatible org.apache.maven.plugins:maven-enforcer-plugin from hadoop-project
Warning: KebabPizza disabling incompatible org.apache.rat:apache-rat-plugin from hadoop-project
Warning: KebabPizza disabling incompatible org.apache.maven.plugins:maven-enforcer-plugin from hadoop-annotations
Warning: KebabPizza disabling incompatible org.apache.rat:apache-rat-plugin from hadoop-annotations
Warning: KebabPizza disabling incompatible org.apache.maven.plugins:maven-enforcer-plugin from hadoop-project-dist
Warning: KebabPizza disabling incompatible org.apache.rat:apache-rat-plugin from hadoop-project-dist
Warning: KebabPizza disabling incompatible org.apache.maven.plugins:maven-enforcer-plugin from hadoop-maven-plugins
Warning: KebabPizza disabling incompatible org.apache.rat:apache-rat-plugin from hadoop-maven-plugins
Warning: KebabPizza disabling incompatible org.apache.maven.plugins:maven-enforcer-plugin from hadoop-minikdc
Warning: KebabPizza disabling incompatible org.apache.rat:apache-rat-plugin from hadoop-minikdc
Warning: KebabPizza disabling incompatible org.apache.maven.plugins:maven-enforcer-plugin from hadoop-auth
Warning: KebabPizza disabling incompatible org.apache.rat:apache-rat-plugin from hadoop-auth
Warning: KebabPizza disabling incompatible org.apache.maven.plugins:maven-enforcer-plugin from hadoop-common
Warning: KebabPizza disabling incompatible org.apache.rat:apache-rat-plugin from hadoop-common
Warning: KebabPizza disabling incompatible org.apache.maven.plugins:maven-enforcer-plugin from hadoop-nfs
Warning: KebabPizza disabling incompatible org.apache.rat:apache-rat-plugin from hadoop-nfs
Warning: KebabPizza disabling incompatible org.apache.maven.plugins:maven-enforcer-plugin from hadoop-kms
Warning: KebabPizza disabling incompatible org.apache.rat:apache-rat-plugin from hadoop-kms
Warning: KebabPizza disabling incompatible org.apache.maven.plugins:maven-enforcer-plugin from hadoop-hdfs-client
Warning: KebabPizza disabling incompatible org.apache.rat:apache-rat-plugin from hadoop-hdfs-client
Warning: KebabPizza disabling incompatible org.apache.maven.plugins:maven-enforcer-plugin from hadoop-hdfs
Warning: KebabPizza disabling incompatible org.apache.rat:apache-rat-plugin from hadoop-hdfs
Warning: KebabPizza disabling incompatible org.apache.maven.plugins:maven-enforcer-plugin from hadoop-hdfs-nfs
Warning: KebabPizza disabling incompatible org.apache.rat:apache-rat-plugin from hadoop-hdfs-nfs
[INFO] ------------------------------------------------------------------------
[INFO] Detecting the operating system and CPU architecture
[INFO] ------------------------------------------------------------------------
[INFO] os.detected.name: linux
[INFO] os.detected.arch: x86_64
[INFO] os.detected.version: 6.8
[INFO] os.detected.version.major: 6
[INFO] os.detected.version.minor: 8
[INFO] os.detected.release: ubuntu
[INFO] os.detected.release.version: 22.04
[INFO] os.detected.release.like.ubuntu: true
[INFO] os.detected.release.like.debian: true
[INFO] os.detected.classifier: linux-x86_64
[INFO] ------------------------------------------------------------------------
[INFO] Reactor Build Order:
[INFO] 
[INFO] Apache Hadoop Main                                                 [pom]
[INFO] Apache Hadoop Build Tools                                          [jar]
[INFO] Apache Hadoop Project POM                                          [pom]
[INFO] Apache Hadoop Annotations                                          [jar]
[INFO] Apache Hadoop Project Dist POM                                     [pom]
[INFO] Apache Hadoop Maven Plugins                               [maven-plugin]
[INFO] Apache Hadoop MiniKDC                                              [jar]
[INFO] Apache Hadoop Auth                                                 [jar]
[INFO] Apache Hadoop Common                                               [jar]
[INFO] Apache Hadoop NFS                                                  [jar]
[INFO] Apache Hadoop KMS                                                  [jar]
[INFO] Apache Hadoop HDFS Client                                          [jar]
[INFO] Apache Hadoop HDFS                                                 [jar]
[INFO] Apache Hadoop HDFS-NFS                                             [jar]
[INFO] 
[INFO] -------------------< org.apache.hadoop:hadoop-main >--------------------
[INFO] Building Apache Hadoop Main 3.3.4                                 [1/14]
[INFO] --------------------------------[ pom ]---------------------------------
[INFO] 
[INFO] --- maven-clean-plugin:2.5:clean (default-clean) @ hadoop-main ---
[INFO] 
[INFO] --- maven-site-plugin:3.6:attach-descriptor (attach-descriptor) @ hadoop-main ---
[INFO] No site descriptor found: nothing to attach.
[INFO] 
[INFO] --- maven-install-plugin:2.4:install (default-install) @ hadoop-main ---
[INFO] Installing /home/srafi/after-cam-ready/compare_/compile_repair_output/work/c0046a06cabb/pom.xml to /home/srafi/.m2/repository/org/apache/hadoop/hadoop-main/3.3.4/hadoop-main-3.3.4.pom
[INFO] 
[INFO] ----------------< org.apache.hadoop:hadoop-build-tools >----------------
[INFO] Building Apache Hadoop Build Tools 3.3.4                          [2/14]
[INFO] --------------------------------[ jar ]---------------------------------
[INFO] 
[INFO] --- maven-clean-plugin:2.5:clean (default-clean) @ hadoop-build-tools ---
[INFO] 
[INFO] --- maven-resources-plugin:3.0.1:copy-resources (copy-resources) @ hadoop-build-tools ---
[INFO] Using 'UTF-8' encoding to copy filtered resources.
[INFO] Copying 2 resources
[INFO] 
[INFO] --- maven-antrun-plugin:1.7:run (dummy) @ hadoop-build-tools ---
[INFO] No ant target defined - SKIPPED
[INFO] 
[INFO] --- maven-resources-plugin:3.0.1:resources (default-resources) @ hadoop-build-tools ---
[INFO] Using 'UTF-8' encoding to copy filtered resources.
[INFO] Copying 2 resources to META-INF
[INFO] Copying 3 resources
[INFO] 
[INFO] --- maven-remote-resources-plugin:1.5:bundle (default) @ hadoop-build-tools ---
[INFO] 
[INFO] --- maven-compiler-plugin:3.1:compile (default-compile) @ hadoop-build-tools ---
[INFO] No sources to compile
[INFO] 
[INFO] --- maven-resources-plugin:3.0.1:testResources (default-testResources) @ hadoop-build-tools ---
[INFO] Using 'UTF-8' encoding to copy filtered resources.
[INFO] skip non existing resourceDirectory /home/srafi/after-cam-ready/compare_/compile_repair_output/work/c0046a06cabb/hadoop-build-tools/src/test/resources
[INFO] 
[INFO] --- maven-compiler-plugin:3.1:testCompile (default-testCompile) @ hadoop-build-tools ---
[INFO] No sources to compile
[INFO] 
[INFO] --- maven-surefire-plugin:3.0.0-M8-SNAPSHOT:test (default-test) @ hadoop-build-tools ---
[INFO] Downloading from apache.snapshots: https://repository.apache.org/snapshots/org/apache/maven/surefire/maven-surefire-common/3.0.0-M8-SNAPSHOT/maven-metadata.xml
[INFO] Downloading from apache.snapshots: https://repository.apache.org/snapshots/org/apache/maven/surefire/surefire-api/3.0.0-M8-SNAPSHOT/maven-metadata.xml
[INFO] Downloading from apache.snapshots: https://repository.apache.org/snapshots/org/apache/maven/surefire/surefire-logger-api/3.0.0-M8-SNAPSHOT/maven-metadata.xml
[INFO] Downloading from apache.snapshots: https://repository.apache.org/snapshots/org/apache/maven/surefire/surefire-shared-utils/3.0.0-M8-SNAPSHOT/maven-metadata.xml
[INFO] Downloading from apache.snapshots: https://repository.apache.org/snapshots/org/apache/maven/surefire/surefire-extensions-api/3.0.0-M8-SNAPSHOT/maven-metadata.xml
[INFO] Downloading from apache.snapshots: https://repository.apache.org/snapshots/org/apache/maven/surefire/surefire-booter/3.0.0-M8-SNAPSHOT/maven-metadata.xml
[INFO] Downloading from apache.snapshots: https://repository.apache.org/snapshots/org/apache/maven/surefire/surefire-extensions-spi/3.0.0-M8-SNAPSHOT/maven-metadata.xml
[INFO] Tests are skipped.
[INFO] 
[INFO] --- maven-jar-plugin:2.4:jar (default-jar) @ hadoop-build-tools ---
[INFO] Building jar: /home/srafi/after-cam-ready/compare_/compile_repair_output/work/c0046a06cabb/hadoop-build-tools/target/hadoop-build-tools-3.3.4.jar
[INFO] 
[INFO] --- maven-site-plugin:3.6:attach-descriptor (attach-descriptor) @ hadoop-build-tools ---
[INFO] Skipping because packaging 'jar' is not pom.
[INFO] 
[INFO] --- maven-install-plugin:2.4:install (default-install) @ hadoop-build-tools ---
[INFO] Installing /home/srafi/after-cam-ready/compare_/compile_repair_output/work/c0046a06cabb/hadoop-build-tools/target/hadoop-build-tools-3.3.4.jar to /home/srafi/.m2/repository/org/apache/hadoop/hadoop-build-tools/3.3.4/hadoop-build-tools-3.3.4.jar
[INFO] Installing /home/srafi/after-cam-ready/compare_/compile_repair_output/work/c0046a06cabb/hadoop-build-tools/pom.xml to /home/srafi/.m2/repository/org/apache/hadoop/hadoop-build-tools/3.3.4/hadoop-build-tools-3.3.4.pom
[INFO] 
[INFO] ------------------< org.apache.hadoop:hadoop-project >------------------
[INFO] Building Apache Hadoop Project POM 3.3.4                          [3/14]
[INFO] --------------------------------[ pom ]---------------------------------
[INFO] 
[INFO] --- maven-clean-plugin:3.1.0:clean (default-clean) @ hadoop-project ---
[INFO] Deleting /home/srafi/after-cam-ready/compare_/compile_repair_output/work/c0046a06cabb/hadoop-project (includes = [dependency-reduced-pom.xml], excludes = [])
[INFO] 
[INFO] --- maven-antrun-plugin:1.7:run (create-testdirs) @ hadoop-project ---
[INFO] Executing tasks

main:
    [mkdir] Created dir: /home/srafi/after-cam-ready/compare_/compile_repair_output/work/c0046a06cabb/hadoop-project/target/test-dir
[INFO] Executed tasks
[INFO] 
[INFO] --- replacer:1.5.3:replace (replace-generated-sources) @ hadoop-project ---
[INFO] Skipping
[INFO] 
[INFO] --- replacer:1.5.3:replace (replace-sources) @ hadoop-project ---
[INFO] Skipping
[INFO] 
[INFO] --- replacer:1.5.3:replace (replace-guava) @ hadoop-project ---
[INFO] Replacement run on 0 file.
[INFO] 
[INFO] --- maven-remote-resources-plugin:1.5:process (default) @ hadoop-project ---
[INFO] 
[INFO] --- replacer:1.5.3:replace (replace-test-sources) @ hadoop-project ---
[INFO] Skipping
[INFO] 
[INFO] --- replacer:1.5.3:replace (replace-generated-test-sources) @ hadoop-project ---
[INFO] Skipping
[INFO] 
[INFO] --- maven-site-plugin:3.6:attach-descriptor (attach-descriptor) @ hadoop-project ---
[INFO] Attaching 'src/site/site.xml' site descriptor with classifier 'site'.
[INFO] 
[INFO] --- maven-install-plugin:2.5.1:install (default-install) @ hadoop-project ---
[INFO] Installing /home/srafi/after-cam-ready/compare_/compile_repair_output/work/c0046a06cabb/hadoop-project/pom.xml to /home/srafi/.m2/repository/org/apache/hadoop/hadoop-project/3.3.4/hadoop-project-3.3.4.pom
[INFO] Installing /home/srafi/after-cam-ready/compare_/compile_repair_output/work/c0046a06cabb/hadoop-project/target/hadoop-project-3.3.4-site.xml to /home/srafi/.m2/repository/org/apache/hadoop/hadoop-project/3.3.4/hadoop-project-3.3.4-site.xml
[INFO] 
[INFO] ----------------< org.apache.hadoop:hadoop-annotations >----------------
[INFO] Building Apache Hadoop Annotations 3.3.4                          [4/14]
[INFO] --------------------------------[ jar ]---------------------------------
[INFO] 
[INFO] --- maven-clean-plugin:3.1.0:clean (default-clean) @ hadoop-annotations ---
[INFO] Deleting /home/srafi/after-cam-ready/compare_/compile_repair_output/work/c0046a06cabb/hadoop-common-project/hadoop-annotations (includes = [dependency-reduced-pom.xml], excludes = [])
[INFO] 
[INFO] --- maven-antrun-plugin:1.7:run (create-testdirs) @ hadoop-annotations ---
[INFO] Executing tasks

main:
    [mkdir] Created dir: /home/srafi/after-cam-ready/compare_/compile_repair_output/work/c0046a06cabb/hadoop-common-project/hadoop-annotations/target/test-dir
[INFO] Executed tasks
[INFO] 
[INFO] --- replacer:1.5.3:replace (replace-generated-sources) @ hadoop-annotations ---
[INFO] Skipping
[INFO] 
[INFO] --- replacer:1.5.3:replace (replace-sources) @ hadoop-annotations ---
[INFO] Skipping
[INFO] 
[INFO] --- replacer:1.5.3:replace (replace-guava) @ hadoop-annotations ---
[INFO] Replacement run on 10 files.
[INFO] 
[INFO] --- maven-remote-resources-plugin:1.5:process (default) @ hadoop-annotations ---
[INFO] 
[INFO] --- maven-resources-plugin:2.6:resources (default-resources) @ hadoop-annotations ---
[INFO] Using 'UTF-8' encoding to copy filtered resources.
[INFO] skip non existing resourceDirectory /home/srafi/after-cam-ready/compare_/compile_repair_output/work/c0046a06cabb/hadoop-common-project/hadoop-annotations/src/main/resources
[INFO] Copying 2 resources
[INFO] 
[INFO] --- maven-compiler-plugin:3.1:compile (default-compile) @ hadoop-annotations ---
[INFO] Compiling 10 source files to /home/srafi/after-cam-ready/compare_/compile_repair_output/work/c0046a06cabb/hadoop-common-project/hadoop-annotations/target/classes
[INFO] 
[INFO] --- replacer:1.5.3:replace (replace-test-sources) @ hadoop-annotations ---
[INFO] Skipping
[INFO] 
[INFO] --- maven-resources-plugin:2.6:testResources (default-testResources) @ hadoop-annotations ---
[INFO] Using 'UTF-8' encoding to copy filtered resources.
[INFO] skip non existing resourceDirectory /home/srafi/after-cam-ready/compare_/compile_repair_output/work/c0046a06cabb/hadoop-common-project/hadoop-annotations/src/test/resources
[INFO] Copying 2 resources
[INFO] 
[INFO] --- replacer:1.5.3:replace (replace-generated-test-sources) @ hadoop-annotations ---
[INFO] Skipping
[INFO] 
[INFO] --- maven-compiler-plugin:3.1:testCompile (default-testCompile) @ hadoop-annotations ---
[INFO] No sources to compile
[INFO] 
[INFO] --- maven-surefire-plugin:3.0.0-M8-SNAPSHOT:test (default-test) @ hadoop-annotations ---
[INFO] Tests are skipped.
[INFO] 
[INFO] --- maven-jar-plugin:2.5:jar (default-jar) @ hadoop-annotations ---
[INFO] Building jar: /home/srafi/after-cam-ready/compare_/compile_repair_output/work/c0046a06cabb/hadoop-common-project/hadoop-annotations/target/hadoop-annotations-3.3.4.jar
[INFO] 
[INFO] --- maven-site-plugin:3.6:attach-descriptor (attach-descriptor) @ hadoop-annotations ---
[INFO] Skipping because packaging 'jar' is not pom.
[INFO] 
[INFO] --- maven-install-plugin:2.5.1:install (default-install) @ hadoop-annotations ---
[INFO] Installing /home/srafi/after-cam-ready/compare_/compile_repair_output/work/c0046a06cabb/hadoop-common-project/hadoop-annotations/target/hadoop-annotations-3.3.4.jar to /home/srafi/.m2/repository/org/apache/hadoop/hadoop-annotations/3.3.4/hadoop-annotations-3.3.4.jar
[INFO] Installing /home/srafi/after-cam-ready/compare_/compile_repair_output/work/c0046a06cabb/hadoop-common-project/hadoop-annotations/pom.xml to /home/srafi/.m2/repository/org/apache/hadoop/hadoop-annotations/3.3.4/hadoop-annotations-3.3.4.pom
[INFO] 
[INFO] ---------------< org.apache.hadoop:hadoop-project-dist >----------------
[INFO] Building Apache Hadoop Project Dist POM 3.3.4                     [5/14]
[INFO] --------------------------------[ pom ]---------------------------------
[INFO] 
[INFO] --- maven-clean-plugin:3.1.0:clean (default-clean) @ hadoop-project-dist ---
[INFO] Deleting /home/srafi/after-cam-ready/compare_/compile_repair_output/work/c0046a06cabb/hadoop-project-dist (includes = [dependency-reduced-pom.xml], excludes = [])
[INFO] 
[INFO] --- maven-antrun-plugin:1.7:run (create-testdirs) @ hadoop-project-dist ---
[INFO] Executing tasks

main:
    [mkdir] Created dir: /home/srafi/after-cam-ready/compare_/compile_repair_output/work/c0046a06cabb/hadoop-project-dist/target/test-dir
    [mkdir] Created dir: /home/srafi/after-cam-ready/compare_/compile_repair_output/work/c0046a06cabb/hadoop-project-dist/target/test/data
[INFO] Executed tasks
[INFO] 
[INFO] --- replacer:1.5.3:replace (replace-generated-sources) @ hadoop-project-dist ---
[INFO] Skipping
[INFO] 
[INFO] --- replacer:1.5.3:replace (replace-sources) @ hadoop-project-dist ---
[INFO] Skipping
[INFO] 
[INFO] --- replacer:1.5.3:replace (replace-guava) @ hadoop-project-dist ---
[INFO] Replacement run on 0 file.
[INFO] 
[INFO] --- maven-remote-resources-plugin:1.5:process (default) @ hadoop-project-dist ---
[INFO] 
[INFO] --- replacer:1.5.3:replace (replace-test-sources) @ hadoop-project-dist ---
[INFO] Skipping
[INFO] 
[INFO] --- replacer:1.5.3:replace (replace-generated-test-sources) @ hadoop-project-dist ---
[INFO] Skipping
[INFO] 
[INFO] --- maven-jar-plugin:2.5:jar (prepare-jar) @ hadoop-project-dist ---
[WARNING] JAR will be empty - no content was marked for inclusion!
[INFO] Building jar: /home/srafi/after-cam-ready/compare_/compile_repair_output/work/c0046a06cabb/hadoop-project-dist/target/hadoop-project-dist-3.3.4.jar
[INFO] 
[INFO] --- maven-jar-plugin:2.5:test-jar (prepare-test-jar) @ hadoop-project-dist ---
[WARNING] JAR will be empty - no content was marked for inclusion!
[INFO] Building jar: /home/srafi/after-cam-ready/compare_/compile_repair_output/work/c0046a06cabb/hadoop-project-dist/target/hadoop-project-dist-3.3.4-tests.jar
[INFO] 
[INFO] --- maven-site-plugin:3.6:attach-descriptor (attach-descriptor) @ hadoop-project-dist ---
[INFO] No site descriptor found: nothing to attach.
[INFO] 
[INFO] --- maven-install-plugin:2.5.1:install (default-install) @ hadoop-project-dist ---
[INFO] Installing /home/srafi/after-cam-ready/compare_/compile_repair_output/work/c0046a06cabb/hadoop-project-dist/pom.xml to /home/srafi/.m2/repository/org/apache/hadoop/hadoop-project-dist/3.3.4/hadoop-project-dist-3.3.4.pom
[INFO] Installing /home/srafi/after-cam-ready/compare_/compile_repair_output/work/c0046a06cabb/hadoop-project-dist/target/hadoop-project-dist-3.3.4-tests.jar to /home/srafi/.m2/repository/org/apache/hadoop/hadoop-project-dist/3.3.4/hadoop-project-dist-3.3.4-tests.jar
[INFO] 
[INFO] ---------------< org.apache.hadoop:hadoop-maven-plugins >---------------
[INFO] Building Apache Hadoop Maven Plugins 3.3.4                        [6/14]
[INFO] ----------------------------[ maven-plugin ]----------------------------
[INFO] Downloading from apache.snapshots.https: https://repository.apache.org/content/repositories/snapshots/com/fasterxml/jackson/core/jackson-databind/2.12.7/jackson-databind-2.12.7.pom
[INFO] Downloading from repository.jboss.org: https://repository.jboss.org/nexus/content/groups/public/com/fasterxml/jackson/core/jackson-databind/2.12.7/jackson-databind-2.12.7.pom
[INFO] Downloading from central: https://repo.maven.apache.org/maven2/com/fasterxml/jackson/core/jackson-databind/2.12.7/jackson-databind-2.12.7.pom
[INFO] Downloaded from central: https://repo.maven.apache.org/maven2/com/fasterxml/jackson/core/jackson-databind/2.12.7/jackson-databind-2.12.7.pom (0 B at 0 B/s)
[INFO] Downloading from apache.snapshots.https: https://repository.apache.org/content/repositories/snapshots/com/fasterxml/jackson/jackson-base/2.12.7/jackson-base-2.12.7.pom
[INFO] Downloading from repository.jboss.org: https://repository.jboss.org/nexus/content/groups/public/com/fasterxml/jackson/jackson-base/2.12.7/jackson-base-2.12.7.pom
[INFO] Downloading from central: https://repo.maven.apache.org/maven2/com/fasterxml/jackson/jackson-base/2.12.7/jackson-base-2.12.7.pom
[INFO] Downloaded from central: https://repo.maven.apache.org/maven2/com/fasterxml/jackson/jackson-base/2.12.7/jackson-base-2.12.7.pom (0 B at 0 B/s)
[INFO] Downloading from apache.snapshots.https: https://repository.apache.org/content/repositories/snapshots/com/fasterxml/jackson/jackson-bom/2.12.7/jackson-bom-2.12.7.pom
[INFO] Downloading from repository.jboss.org: https://repository.jboss.org/nexus/content/groups/public/com/fasterxml/jackson/jackson-bom/2.12.7/jackson-bom-2.12.7.pom
[INFO] Downloading from central: https://repo.maven.apache.org/maven2/com/fasterxml/jackson/jackson-bom/2.12.7/jackson-bom-2.12.7.pom
[INFO] Downloaded from central: https://repo.maven.apache.org/maven2/com/fasterxml/jackson/jackson-bom/2.12.7/jackson-bom-2.12.7.pom (0 B at 0 B/s)
[INFO] Downloading from apache.snapshots.https: https://repository.apache.org/content/repositories/snapshots/com/fasterxml/jackson/core/jackson-annotations/2.12.7/jackson-annotations-2.12.7.pom
[INFO] Downloading from repository.jboss.org: https://repository.jboss.org/nexus/content/groups/public/com/fasterxml/jackson/core/jackson-annotations/2.12.7/jackson-annotations-2.12.7.pom
[INFO] Downloading from central: https://repo.maven.apache.org/maven2/com/fasterxml/jackson/core/jackson-annotations/2.12.7/jackson-annotations-2.12.7.pom
[INFO] Downloaded from central: https://repo.maven.apache.org/maven2/com/fasterxml/jackson/core/jackson-annotations/2.12.7/jackson-annotations-2.12.7.pom (0 B at 0 B/s)
[INFO] Downloading from apache.snapshots.https: https://repository.apache.org/content/repositories/snapshots/com/fasterxml/jackson/core/jackson-core/2.12.7/jackson-core-2.12.7.pom
[INFO] Downloading from repository.jboss.org: https://repository.jboss.org/nexus/content/groups/public/com/fasterxml/jackson/core/jackson-core/2.12.7/jackson-core-2.12.7.pom
[INFO] Downloading from central: https://repo.maven.apache.org/maven2/com/fasterxml/jackson/core/jackson-core/2.12.7/jackson-core-2.12.7.pom
[INFO] Downloaded from central: https://repo.maven.apache.org/maven2/com/fasterxml/jackson/core/jackson-core/2.12.7/jackson-core-2.12.7.pom (0 B at 0 B/s)
[INFO] Downloading from apache.snapshots.https: https://repository.apache.org/content/repositories/snapshots/com/fasterxml/jackson/core/jackson-databind/2.12.7/jackson-databind-2.12.7.jar
[INFO] Downloading from apache.snapshots.https: https://repository.apache.org/content/repositories/snapshots/com/fasterxml/jackson/core/jackson-annotations/2.12.7/jackson-annotations-2.12.7.jar
[INFO] Downloading from apache.snapshots.https: https://repository.apache.org/content/repositories/snapshots/com/fasterxml/jackson/core/jackson-core/2.12.7/jackson-core-2.12.7.jar
[INFO] Downloading from repository.jboss.org: https://repository.jboss.org/nexus/content/groups/public/com/fasterxml/jackson/core/jackson-databind/2.12.7/jackson-databind-2.12.7.jar
[INFO] Downloading from repository.jboss.org: https://repository.jboss.org/nexus/content/groups/public/com/fasterxml/jackson/core/jackson-annotations/2.12.7/jackson-annotations-2.12.7.jar
[INFO] Downloading from repository.jboss.org: https://repository.jboss.org/nexus/content/groups/public/com/fasterxml/jackson/core/jackson-core/2.12.7/jackson-core-2.12.7.jar
[INFO] Downloading from central: https://repo.maven.apache.org/maven2/com/fasterxml/jackson/core/jackson-databind/2.12.7/jackson-databind-2.12.7.jar
[INFO] Downloading from central: https://repo.maven.apache.org/maven2/com/fasterxml/jackson/core/jackson-annotations/2.12.7/jackson-annotations-2.12.7.jar
[INFO] Downloading from central: https://repo.maven.apache.org/maven2/com/fasterxml/jackson/core/jackson-core/2.12.7/jackson-core-2.12.7.jar
[INFO] Downloaded from central: https://repo.maven.apache.org/maven2/com/fasterxml/jackson/core/jackson-databind/2.12.7/jackson-databind-2.12.7.jar (0 B at 0 B/s)
[INFO] Downloaded from central: https://repo.maven.apache.org/maven2/com/fasterxml/jackson/core/jackson-annotations/2.12.7/jackson-annotations-2.12.7.jar (0 B at 0 B/s)
[INFO] Downloaded from central: https://repo.maven.apache.org/maven2/com/fasterxml/jackson/core/jackson-core/2.12.7/jackson-core-2.12.7.jar (0 B at 0 B/s)
[INFO] 
[INFO] --- maven-clean-plugin:3.1.0:clean (default-clean) @ hadoop-maven-plugins ---
[INFO] Deleting /home/srafi/after-cam-ready/compare_/compile_repair_output/work/c0046a06cabb/hadoop-maven-plugins (includes = [dependency-reduced-pom.xml], excludes = [])
[INFO] 
[INFO] --- maven-antrun-plugin:1.7:run (create-testdirs) @ hadoop-maven-plugins ---
[INFO] Executing tasks

main:
    [mkdir] Created dir: /home/srafi/after-cam-ready/compare_/compile_repair_output/work/c0046a06cabb/hadoop-maven-plugins/target/test-dir
[INFO] Executed tasks
[INFO] 
[INFO] --- replacer:1.5.3:replace (replace-generated-sources) @ hadoop-maven-plugins ---
[INFO] Skipping
[INFO] 
[INFO] --- replacer:1.5.3:replace (replace-sources) @ hadoop-maven-plugins ---
[INFO] Skipping
[INFO] 
[INFO] --- replacer:1.5.3:replace (replace-guava) @ hadoop-maven-plugins ---
[INFO] Replacement run on 13 files.
[INFO] 
[INFO] --- maven-remote-resources-plugin:1.5:process (default) @ hadoop-maven-plugins ---
[INFO] 
[INFO] --- maven-resources-plugin:2.6:resources (default-resources) @ hadoop-maven-plugins ---
[INFO] Using 'UTF-8' encoding to copy filtered resources.
[INFO] skip non existing resourceDirectory /home/srafi/after-cam-ready/compare_/compile_repair_output/work/c0046a06cabb/hadoop-maven-plugins/src/main/resources
[INFO] Copying 2 resources
[INFO] 
[INFO] --- maven-compiler-plugin:3.1:compile (default-compile) @ hadoop-maven-plugins ---
[INFO] Compiling 13 source files to /home/srafi/after-cam-ready/compare_/compile_repair_output/work/c0046a06cabb/hadoop-maven-plugins/target/classes
[INFO] 
[INFO] --- maven-plugin-plugin:3.6.0:descriptor (default-descriptor) @ hadoop-maven-plugins ---
[INFO] Using 'UTF-8' encoding to read mojo source files.
[INFO] java-javadoc mojo extractor found 0 mojo descriptor.
[INFO] java-annotations mojo extractor found 7 mojo descriptors.
[INFO] 
[INFO] --- replacer:1.5.3:replace (replace-test-sources) @ hadoop-maven-plugins ---
[INFO] Skipping
[INFO] 
[INFO] --- maven-resources-plugin:2.6:testResources (default-testResources) @ hadoop-maven-plugins ---
[INFO] Using 'UTF-8' encoding to copy filtered resources.
[INFO] skip non existing resourceDirectory /home/srafi/after-cam-ready/compare_/compile_repair_output/work/c0046a06cabb/hadoop-maven-plugins/src/test/resources
[INFO] Copying 2 resources
[INFO] 
[INFO] --- replacer:1.5.3:replace (replace-generated-test-sources) @ hadoop-maven-plugins ---
[INFO] Skipping
[INFO] 
[INFO] --- maven-compiler-plugin:3.1:testCompile (default-testCompile) @ hadoop-maven-plugins ---
[INFO] No sources to compile
[INFO] 
[INFO] --- maven-surefire-plugin:3.0.0-M8-SNAPSHOT:test (default-test) @ hadoop-maven-plugins ---
[INFO] Tests are skipped.
[INFO] 
[INFO] --- maven-jar-plugin:2.5:jar (default-jar) @ hadoop-maven-plugins ---
[INFO] Building jar: /home/srafi/after-cam-ready/compare_/compile_repair_output/work/c0046a06cabb/hadoop-maven-plugins/target/hadoop-maven-plugins-3.3.4.jar
[INFO] 
[INFO] --- maven-plugin-plugin:3.6.0:addPluginArtifactMetadata (default-addPluginArtifactMetadata) @ hadoop-maven-plugins ---
[INFO] 
[INFO] --- maven-site-plugin:3.6:attach-descriptor (attach-descriptor) @ hadoop-maven-plugins ---
[INFO] Skipping because packaging 'maven-plugin' is not pom.
[INFO] 
[INFO] --- maven-install-plugin:2.5.1:install (default-install) @ hadoop-maven-plugins ---
[INFO] Installing /home/srafi/after-cam-ready/compare_/compile_repair_output/work/c0046a06cabb/hadoop-maven-plugins/target/hadoop-maven-plugins-3.3.4.jar to /home/srafi/.m2/repository/org/apache/hadoop/hadoop-maven-plugins/3.3.4/hadoop-maven-plugins-3.3.4.jar
[INFO] Installing /home/srafi/after-cam-ready/compare_/compile_repair_output/work/c0046a06cabb/hadoop-maven-plugins/pom.xml to /home/srafi/.m2/repository/org/apache/hadoop/hadoop-maven-plugins/3.3.4/hadoop-maven-plugins-3.3.4.pom
[INFO] 
[INFO] ------------------< org.apache.hadoop:hadoop-minikdc >------------------
[INFO] Building Apache Hadoop MiniKDC 3.3.4                              [7/14]
[INFO] --------------------------------[ jar ]---------------------------------
[INFO] 
[INFO] --- maven-clean-plugin:3.1.0:clean (default-clean) @ hadoop-minikdc ---
[INFO] Deleting /home/srafi/after-cam-ready/compare_/compile_repair_output/work/c0046a06cabb/hadoop-common-project/hadoop-minikdc (includes = [dependency-reduced-pom.xml], excludes = [])
[INFO] 
[INFO] --- maven-antrun-plugin:1.7:run (create-testdirs) @ hadoop-minikdc ---
[INFO] Executing tasks

main:
    [mkdir] Created dir: /home/srafi/after-cam-ready/compare_/compile_repair_output/work/c0046a06cabb/hadoop-common-project/hadoop-minikdc/target/test-dir
[INFO] Executed tasks
[INFO] 
[INFO] --- replacer:1.5.3:replace (replace-generated-sources) @ hadoop-minikdc ---
[INFO] Skipping
[INFO] 
[INFO] --- replacer:1.5.3:replace (replace-sources) @ hadoop-minikdc ---
[INFO] Skipping
[INFO] 
[INFO] --- replacer:1.5.3:replace (replace-guava) @ hadoop-minikdc ---
[INFO] Replacement run on 4 files.
[INFO] 
[INFO] --- maven-remote-resources-plugin:1.5:process (default) @ hadoop-minikdc ---
[INFO] 
[INFO] --- maven-resources-plugin:2.6:resources (default-resources) @ hadoop-minikdc ---
[INFO] Using 'UTF-8' encoding to copy filtered resources.
[INFO] Copying 1 resource
[INFO] Copying 2 resources
[INFO] 
[INFO] --- maven-compiler-plugin:3.1:compile (default-compile) @ hadoop-minikdc ---
[INFO] Compiling 2 source files to /home/srafi/after-cam-ready/compare_/compile_repair_output/work/c0046a06cabb/hadoop-common-project/hadoop-minikdc/target/classes
[INFO] 
[INFO] --- replacer:1.5.3:replace (replace-test-sources) @ hadoop-minikdc ---
[INFO] Skipping
[INFO] 
[INFO] --- maven-resources-plugin:2.6:testResources (default-testResources) @ hadoop-minikdc ---
[INFO] Using 'UTF-8' encoding to copy filtered resources.
[INFO] skip non existing resourceDirectory /home/srafi/after-cam-ready/compare_/compile_repair_output/work/c0046a06cabb/hadoop-common-project/hadoop-minikdc/src/test/resources
[INFO] Copying 2 resources
[INFO] 
[INFO] --- replacer:1.5.3:replace (replace-generated-test-sources) @ hadoop-minikdc ---
[INFO] Skipping
[INFO] 
[INFO] --- maven-compiler-plugin:3.1:testCompile (default-testCompile) @ hadoop-minikdc ---
[INFO] Compiling 2 source files to /home/srafi/after-cam-ready/compare_/compile_repair_output/work/c0046a06cabb/hadoop-common-project/hadoop-minikdc/target/test-classes
[INFO] 
[INFO] --- maven-surefire-plugin:3.0.0-M8-SNAPSHOT:test (default-test) @ hadoop-minikdc ---
[INFO] Tests are skipped.
[INFO] 
[INFO] --- maven-jar-plugin:2.5:jar (default-jar) @ hadoop-minikdc ---
[INFO] Building jar: /home/srafi/after-cam-ready/compare_/compile_repair_output/work/c0046a06cabb/hadoop-common-project/hadoop-minikdc/target/hadoop-minikdc-3.3.4.jar
[INFO] 
[INFO] --- maven-site-plugin:3.6:attach-descriptor (attach-descriptor) @ hadoop-minikdc ---
[INFO] Skipping because packaging 'jar' is not pom.
[INFO] 
[INFO] --- maven-install-plugin:2.5.1:install (default-install) @ hadoop-minikdc ---
[INFO] Installing /home/srafi/after-cam-ready/compare_/compile_repair_output/work/c0046a06cabb/hadoop-common-project/hadoop-minikdc/target/hadoop-minikdc-3.3.4.jar to /home/srafi/.m2/repository/org/apache/hadoop/hadoop-minikdc/3.3.4/hadoop-minikdc-3.3.4.jar
[INFO] Installing /home/srafi/after-cam-ready/compare_/compile_repair_output/work/c0046a06cabb/hadoop-common-project/hadoop-minikdc/pom.xml to /home/srafi/.m2/repository/org/apache/hadoop/hadoop-minikdc/3.3.4/hadoop-minikdc-3.3.4.pom
[INFO] 
[INFO] -------------------< org.apache.hadoop:hadoop-auth >--------------------
[INFO] Building Apache Hadoop Auth 3.3.4                                 [8/14]
[INFO] --------------------------------[ jar ]---------------------------------
[INFO] 
[INFO] --- maven-clean-plugin:3.1.0:clean (default-clean) @ hadoop-auth ---
[INFO] Deleting /home/srafi/after-cam-ready/compare_/compile_repair_output/work/c0046a06cabb/hadoop-common-project/hadoop-auth (includes = [dependency-reduced-pom.xml], excludes = [])
[INFO] 
[INFO] --- maven-antrun-plugin:1.7:run (create-testdirs) @ hadoop-auth ---
[INFO] Executing tasks

main:
    [mkdir] Created dir: /home/srafi/after-cam-ready/compare_/compile_repair_output/work/c0046a06cabb/hadoop-common-project/hadoop-auth/target/test-dir
[INFO] Executed tasks
[INFO] 
[INFO] --- replacer:1.5.3:replace (replace-generated-sources) @ hadoop-auth ---
[INFO] Skipping
[INFO] 
[INFO] --- replacer:1.5.3:replace (replace-sources) @ hadoop-auth ---
[INFO] Skipping
[INFO] 
[INFO] --- replacer:1.5.3:replace (replace-guava) @ hadoop-auth ---
[INFO] Replacement run on 58 files.
[INFO] 
[INFO] --- maven-remote-resources-plugin:1.5:process (default) @ hadoop-auth ---
[INFO] 
[INFO] --- maven-resources-plugin:2.6:resources (default-resources) @ hadoop-auth ---
[INFO] Using 'UTF-8' encoding to copy filtered resources.
[INFO] skip non existing resourceDirectory /home/srafi/after-cam-ready/compare_/compile_repair_output/work/c0046a06cabb/hadoop-common-project/hadoop-auth/src/main/resources
[INFO] Copying 2 resources
[INFO] 
[INFO] --- maven-compiler-plugin:3.1:compile (default-compile) @ hadoop-auth ---
[INFO] Compiling 31 source files to /home/srafi/after-cam-ready/compare_/compile_repair_output/work/c0046a06cabb/hadoop-common-project/hadoop-auth/target/classes
[WARNING] /home/srafi/after-cam-ready/compare_/compile_repair_output/work/c0046a06cabb/hadoop-common-project/hadoop-auth/src/main/java/org/apache/hadoop/security/authentication/server/AuthenticationFilter.java: /home/srafi/after-cam-ready/compare_/compile_repair_output/work/c0046a06cabb/hadoop-common-project/hadoop-auth/src/main/java/org/apache/hadoop/security/authentication/server/AuthenticationFilter.java uses or overrides a deprecated API.
[WARNING] /home/srafi/after-cam-ready/compare_/compile_repair_output/work/c0046a06cabb/hadoop-common-project/hadoop-auth/src/main/java/org/apache/hadoop/security/authentication/server/AuthenticationFilter.java: Recompile with -Xlint:deprecation for details.
[WARNING] /home/srafi/after-cam-ready/compare_/compile_repair_output/work/c0046a06cabb/hadoop-common-project/hadoop-auth/src/main/java/org/apache/hadoop/security/authentication/client/KerberosAuthenticator.java: /home/srafi/after-cam-ready/compare_/compile_repair_output/work/c0046a06cabb/hadoop-common-project/hadoop-auth/src/main/java/org/apache/hadoop/security/authentication/client/KerberosAuthenticator.java uses unchecked or unsafe operations.
[WARNING] /home/srafi/after-cam-ready/compare_/compile_repair_output/work/c0046a06cabb/hadoop-common-project/hadoop-auth/src/main/java/org/apache/hadoop/security/authentication/client/KerberosAuthenticator.java: Recompile with -Xlint:unchecked for details.
[INFO] 
[INFO] --- replacer:1.5.3:replace (replace-test-sources) @ hadoop-auth ---
[INFO] Skipping
[INFO] 
[INFO] --- maven-resources-plugin:2.6:testResources (default-testResources) @ hadoop-auth ---
[INFO] Using 'UTF-8' encoding to copy filtered resources.
[INFO] skip non existing resourceDirectory /home/srafi/after-cam-ready/compare_/compile_repair_output/work/c0046a06cabb/hadoop-common-project/hadoop-auth/src/test/resources
[INFO] Copying 2 resources
[INFO] 
[INFO] --- replacer:1.5.3:replace (replace-generated-test-sources) @ hadoop-auth ---
[INFO] Skipping
[INFO] 
[INFO] --- maven-compiler-plugin:3.1:testCompile (default-testCompile) @ hadoop-auth ---
[INFO] Compiling 27 source files to /home/srafi/after-cam-ready/compare_/compile_repair_output/work/c0046a06cabb/hadoop-common-project/hadoop-auth/target/test-classes
[WARNING] /home/srafi/after-cam-ready/compare_/compile_repair_output/work/c0046a06cabb/hadoop-common-project/hadoop-auth/src/test/java/org/apache/hadoop/security/authentication/server/TestAuthenticationFilter.java: /home/srafi/after-cam-ready/compare_/compile_repair_output/work/c0046a06cabb/hadoop-common-project/hadoop-auth/src/test/java/org/apache/hadoop/security/authentication/server/TestAuthenticationFilter.java uses or overrides a deprecated API.
[WARNING] /home/srafi/after-cam-ready/compare_/compile_repair_output/work/c0046a06cabb/hadoop-common-project/hadoop-auth/src/test/java/org/apache/hadoop/security/authentication/server/TestAuthenticationFilter.java: Recompile with -Xlint:deprecation for details.
[INFO] 
[INFO] --- maven-surefire-plugin:3.0.0-M8-SNAPSHOT:test (default-test) @ hadoop-auth ---
[INFO] Tests are skipped.
[INFO] 
[INFO] >>> maven-source-plugin:2.3:jar (default) > generate-sources @ hadoop-auth >>>
[INFO] 
[INFO] --- maven-antrun-plugin:1.7:run (create-testdirs) @ hadoop-auth ---
[INFO] Executing tasks

main:
[INFO] Executed tasks
[INFO] 
[INFO] <<< maven-source-plugin:2.3:jar (default) < generate-sources @ hadoop-auth <<<
[INFO] 
[INFO] 
[INFO] --- maven-source-plugin:2.3:jar (default) @ hadoop-auth ---
[INFO] Building jar: /home/srafi/after-cam-ready/compare_/compile_repair_output/work/c0046a06cabb/hadoop-common-project/hadoop-auth/target/hadoop-auth-3.3.4-sources.jar
[INFO] 
[INFO] --- maven-jar-plugin:2.5:jar (prepare-jar) @ hadoop-auth ---
[INFO] Building jar: /home/srafi/after-cam-ready/compare_/compile_repair_output/work/c0046a06cabb/hadoop-common-project/hadoop-auth/target/hadoop-auth-3.3.4.jar
[INFO] 
[INFO] --- maven-jar-plugin:2.5:test-jar (prepare-test-jar) @ hadoop-auth ---
[INFO] Building jar: /home/srafi/after-cam-ready/compare_/compile_repair_output/work/c0046a06cabb/hadoop-common-project/hadoop-auth/target/hadoop-auth-3.3.4-tests.jar
[INFO] 
[INFO] --- maven-jar-plugin:2.5:jar (default-jar) @ hadoop-auth ---
[INFO] 
[INFO] --- maven-site-plugin:3.6:attach-descriptor (attach-descriptor) @ hadoop-auth ---
[INFO] Skipping because packaging 'jar' is not pom.
[INFO] 
[INFO] --- maven-install-plugin:2.5.1:install (default-install) @ hadoop-auth ---
[INFO] Installing /home/srafi/after-cam-ready/compare_/compile_repair_output/work/c0046a06cabb/hadoop-common-project/hadoop-auth/target/hadoop-auth-3.3.4.jar to /home/srafi/.m2/repository/org/apache/hadoop/hadoop-auth/3.3.4/hadoop-auth-3.3.4.jar
[INFO] Installing /home/srafi/after-cam-ready/compare_/compile_repair_output/work/c0046a06cabb/hadoop-common-project/hadoop-auth/pom.xml to /home/srafi/.m2/repository/org/apache/hadoop/hadoop-auth/3.3.4/hadoop-auth-3.3.4.pom
[INFO] Installing /home/srafi/after-cam-ready/compare_/compile_repair_output/work/c0046a06cabb/hadoop-common-project/hadoop-auth/target/hadoop-auth-3.3.4-sources.jar to /home/srafi/.m2/repository/org/apache/hadoop/hadoop-auth/3.3.4/hadoop-auth-3.3.4-sources.jar
[INFO] Installing /home/srafi/after-cam-ready/compare_/compile_repair_output/work/c0046a06cabb/hadoop-common-project/hadoop-auth/target/hadoop-auth-3.3.4-tests.jar to /home/srafi/.m2/repository/org/apache/hadoop/hadoop-auth/3.3.4/hadoop-auth-3.3.4-tests.jar
[INFO] 
[INFO] ------------------< org.apache.hadoop:hadoop-common >-------------------
[INFO] Building Apache Hadoop Common 3.3.4                               [9/14]
[INFO] --------------------------------[ jar ]---------------------------------
[INFO] Downloading from apache.snapshots.https: https://repository.apache.org/content/repositories/snapshots/com/squareup/okhttp3/mockwebserver/4.9.3/mockwebserver-4.9.3.pom
[INFO] Downloading from repository.jboss.org: https://repository.jboss.org/nexus/content/groups/public/com/squareup/okhttp3/mockwebserver/4.9.3/mockwebserver-4.9.3.pom
[INFO] Downloading from central: https://repo.maven.apache.org/maven2/com/squareup/okhttp3/mockwebserver/4.9.3/mockwebserver-4.9.3.pom
[INFO] Downloaded from central: https://repo.maven.apache.org/maven2/com/squareup/okhttp3/mockwebserver/4.9.3/mockwebserver-4.9.3.pom (2.0 kB at 46 kB/s)
[INFO] Downloading from apache.snapshots.https: https://repository.apache.org/content/repositories/snapshots/com/squareup/okhttp3/okhttp/4.9.3/okhttp-4.9.3.pom
[INFO] Downloading from repository.jboss.org: https://repository.jboss.org/nexus/content/groups/public/com/squareup/okhttp3/okhttp/4.9.3/okhttp-4.9.3.pom
[INFO] Downloading from central: https://repo.maven.apache.org/maven2/com/squareup/okhttp3/okhttp/4.9.3/okhttp-4.9.3.pom
[INFO] Downloaded from central: https://repo.maven.apache.org/maven2/com/squareup/okhttp3/okhttp/4.9.3/okhttp-4.9.3.pom (1.8 kB at 55 kB/s)
[INFO] Downloading from apache.snapshots.https: https://repository.apache.org/content/repositories/snapshots/com/squareup/okhttp3/mockwebserver/4.9.3/mockwebserver-4.9.3.jar
[INFO] Downloading from apache.snapshots.https: https://repository.apache.org/content/repositories/snapshots/com/squareup/okhttp3/okhttp/4.9.3/okhttp-4.9.3.jar
[INFO] Downloading from apache.snapshots.https: https://repository.apache.org/content/repositories/snapshots/org/jetbrains/kotlin/kotlin-stdlib-common/1.4.10/kotlin-stdlib-common-1.4.10.jar
[INFO] Downloading from repository.jboss.org: https://repository.jboss.org/nexus/content/groups/public/com/squareup/okhttp3/mockwebserver/4.9.3/mockwebserver-4.9.3.jar
[INFO] Downloading from repository.jboss.org: https://repository.jboss.org/nexus/content/groups/public/com/squareup/okhttp3/okhttp/4.9.3/okhttp-4.9.3.jar
[INFO] Downloading from repository.jboss.org: https://repository.jboss.org/nexus/content/groups/public/org/jetbrains/kotlin/kotlin-stdlib-common/1.4.10/kotlin-stdlib-common-1.4.10.jar
[INFO] Downloading from central: https://repo.maven.apache.org/maven2/com/squareup/okhttp3/mockwebserver/4.9.3/mockwebserver-4.9.3.jar
[INFO] Downloading from central: https://repo.maven.apache.org/maven2/com/squareup/okhttp3/okhttp/4.9.3/okhttp-4.9.3.jar
[INFO] Downloading from central: https://repo.maven.apache.org/maven2/org/jetbrains/kotlin/kotlin-stdlib-common/1.4.10/kotlin-stdlib-common-1.4.10.jar
[INFO] Downloaded from central: https://repo.maven.apache.org/maven2/com/squareup/okhttp3/mockwebserver/4.9.3/mockwebserver-4.9.3.jar (74 kB at 1.0 MB/s)
[INFO] Downloaded from central: https://repo.maven.apache.org/maven2/org/jetbrains/kotlin/kotlin-stdlib-common/1.4.10/kotlin-stdlib-common-1.4.10.jar (191 kB at 2.5 MB/s)
[INFO] Downloaded from central: https://repo.maven.apache.org/maven2/com/squareup/okhttp3/okhttp/4.9.3/okhttp-4.9.3.jar (792 kB at 8.2 MB/s)
[INFO] 
[INFO] --- maven-clean-plugin:3.1.0:clean (default-clean) @ hadoop-common ---
[INFO] Deleting /home/srafi/after-cam-ready/compare_/compile_repair_output/work/c0046a06cabb/hadoop-common-project/hadoop-common/src/site/markdown (includes = [UnixShellAPI.md], excludes = [])
[INFO] Deleting /home/srafi/after-cam-ready/compare_/compile_repair_output/work/c0046a06cabb/hadoop-common-project/hadoop-common/src/site/resources (includes = [configuration.xsl, core-default.xml], excludes = [])
[INFO] 
[INFO] --- maven-antrun-plugin:1.7:run (create-testdirs) @ hadoop-common ---
[INFO] Executing tasks

main:
    [mkdir] Created dir: /home/srafi/after-cam-ready/compare_/compile_repair_output/work/c0046a06cabb/hadoop-common-project/hadoop-common/target/test-dir
    [mkdir] Created dir: /home/srafi/after-cam-ready/compare_/compile_repair_output/work/c0046a06cabb/hadoop-common-project/hadoop-common/target/test/data
[INFO] Executed tasks
[INFO] 
[INFO] --- protobuf-maven-plugin:0.5.1:compile (src-compile-protoc) @ hadoop-common ---
[INFO] Compiling 14 proto file(s) to /home/srafi/after-cam-ready/compare_/compile_repair_output/work/c0046a06cabb/hadoop-common-project/hadoop-common/target/generated-sources/java
[INFO] 
[INFO] --- protobuf-maven-plugin:0.5.1:compile (src-compile-protoc-legacy) @ hadoop-common ---
[INFO] Compiling 1 proto file(s) to /home/srafi/after-cam-ready/compare_/compile_repair_output/work/c0046a06cabb/hadoop-common-project/hadoop-common/target/generated-sources/java
[INFO] 
[INFO] --- replacer:1.5.3:replace (replace-generated-sources) @ hadoop-common ---
[INFO] Replacement run on 14 files.
[INFO] 
[INFO] --- replacer:1.5.3:replace (replace-sources) @ hadoop-common ---
[INFO] Replacement run on 1097 files.
[INFO] 
[INFO] --- replacer:1.5.3:replace (replace-guava) @ hadoop-common ---
[INFO] Replacement run on 1779 files.
[INFO] 
[INFO] --- hadoop-maven-plugins:3.3.4:version-info (version-info) @ hadoop-common ---
[INFO] SCM: GIT
[INFO] Computed MD5: fb9dd8918a7b8a5b430d61af858f6ec
[INFO] 
[INFO] --- hadoop-maven-plugins:3.3.4:resource-gz (resource-gz) @ hadoop-common ---
[INFO] Compressing /home/srafi/after-cam-ready/compare_/compile_repair_output/work/c0046a06cabb/hadoop-common-project/hadoop-common/src/main/webapps/static/hadoop.css to /home/srafi/after-cam-ready/compare_/compile_repair_output/work/c0046a06cabb/hadoop-common-project/hadoop-common/target/webapps/static/hadoop.css.gz
[INFO] 
[INFO] --- maven-remote-resources-plugin:1.5:process (default) @ hadoop-common ---
[INFO] 
[INFO] --- maven-resources-plugin:2.6:resources (default-resources) @ hadoop-common ---
[INFO] Using 'UTF-8' encoding to copy filtered resources.
[INFO] Copying 10 resources
[INFO] Copying 1 resource
[INFO] Copying 2 resources
[INFO] 
[INFO] --- maven-compiler-plugin:3.1:compile (default-compile) @ hadoop-common ---
[INFO] Compiling 1117 source files to /home/srafi/after-cam-ready/compare_/compile_repair_output/work/c0046a06cabb/hadoop-common-project/hadoop-common/target/classes
[WARNING] /home/srafi/after-cam-ready/compare_/compile_repair_output/work/c0046a06cabb/hadoop-common-project/hadoop-common/src/main/java/org/apache/hadoop/util/SignalLogger.java:[21,16] sun.misc.Signal is internal proprietary API and may be removed in a future release
[WARNING] /home/srafi/after-cam-ready/compare_/compile_repair_output/work/c0046a06cabb/hadoop-common-project/hadoop-common/src/main/java/org/apache/hadoop/util/SignalLogger.java:[22,16] sun.misc.SignalHandler is internal proprietary API and may be removed in a future release
[WARNING] /home/srafi/after-cam-ready/compare_/compile_repair_output/work/c0046a06cabb/hadoop-common-project/hadoop-common/src/main/java/org/apache/hadoop/service/launcher/IrqHandler.java:[26,16] sun.misc.Signal is internal proprietary API and may be removed in a future release
[WARNING] /home/srafi/after-cam-ready/compare_/compile_repair_output/work/c0046a06cabb/hadoop-common-project/hadoop-common/src/main/java/org/apache/hadoop/service/launcher/IrqHandler.java:[27,16] sun.misc.SignalHandler is internal proprietary API and may be removed in a future release
[WARNING] /home/srafi/after-cam-ready/compare_/compile_repair_output/work/c0046a06cabb/hadoop-common-project/hadoop-common/src/main/java/org/apache/hadoop/io/FastByteComparisons.java:[27,16] sun.misc.Unsafe is internal proprietary API and may be removed in a future release
[WARNING] /home/srafi/after-cam-ready/compare_/compile_repair_output/work/c0046a06cabb/hadoop-common-project/hadoop-common/src/main/java/org/apache/hadoop/io/nativeio/NativeIO.java:[48,16] sun.misc.Unsafe is internal proprietary API and may be removed in a future release
[WARNING] /home/srafi/after-cam-ready/compare_/compile_repair_output/work/c0046a06cabb/hadoop-common-project/hadoop-common/src/main/java/org/apache/hadoop/util/SignalLogger.java:[44,43] sun.misc.SignalHandler is internal proprietary API and may be removed in a future release
[WARNING] /home/srafi/after-cam-ready/compare_/compile_repair_output/work/c0046a06cabb/hadoop-common-project/hadoop-common/src/main/java/org/apache/hadoop/util/SignalLogger.java:[46,19] sun.misc.SignalHandler is internal proprietary API and may be removed in a future release
[WARNING] /home/srafi/after-cam-ready/compare_/compile_repair_output/work/c0046a06cabb/hadoop-common-project/hadoop-common/src/main/java/org/apache/hadoop/util/SignalLogger.java:[50,39] sun.misc.Signal is internal proprietary API and may be removed in a future release
[WARNING] /home/srafi/after-cam-ready/compare_/compile_repair_output/work/c0046a06cabb/hadoop-common-project/hadoop-common/src/main/java/org/apache/hadoop/util/SignalLogger.java:[50,21] sun.misc.Signal is internal proprietary API and may be removed in a future release
[WARNING] /home/srafi/after-cam-ready/compare_/compile_repair_output/work/c0046a06cabb/hadoop-common-project/hadoop-common/src/main/java/org/apache/hadoop/util/SignalLogger.java:[59,24] sun.misc.Signal is internal proprietary API and may be removed in a future release
[WARNING] /home/srafi/after-cam-ready/compare_/compile_repair_output/work/c0046a06cabb/hadoop-common-project/hadoop-common/src/main/java/org/apache/hadoop/service/launcher/IrqHandler.java:[42,42] sun.misc.SignalHandler is internal proprietary API and may be removed in a future release
[WARNING] /home/srafi/after-cam-ready/compare_/compile_repair_output/work/c0046a06cabb/hadoop-common-project/hadoop-common/src/main/java/org/apache/hadoop/service/launcher/IrqHandler.java:[71,11] sun.misc.Signal is internal proprietary API and may be removed in a future release
[WARNING] /home/srafi/after-cam-ready/compare_/compile_repair_output/work/c0046a06cabb/hadoop-common-project/hadoop-common/src/main/java/org/apache/hadoop/service/launcher/IrqHandler.java:[92,20] sun.misc.Signal is internal proprietary API and may be removed in a future release
[WARNING] /home/srafi/after-cam-ready/compare_/compile_repair_output/work/c0046a06cabb/hadoop-common-project/hadoop-common/src/main/java/org/apache/hadoop/service/launcher/IrqHandler.java:[93,7] sun.misc.Signal is internal proprietary API and may be removed in a future release
[WARNING] /home/srafi/after-cam-ready/compare_/compile_repair_output/work/c0046a06cabb/hadoop-common-project/hadoop-common/src/main/java/org/apache/hadoop/service/launcher/IrqHandler.java:[113,5] sun.misc.Signal is internal proprietary API and may be removed in a future release
[WARNING] /home/srafi/after-cam-ready/compare_/compile_repair_output/work/c0046a06cabb/hadoop-common-project/hadoop-common/src/main/java/org/apache/hadoop/service/launcher/IrqHandler.java:[126,22] sun.misc.Signal is internal proprietary API and may be removed in a future release
[WARNING] /home/srafi/after-cam-ready/compare_/compile_repair_output/work/c0046a06cabb/hadoop-common-project/hadoop-common/src/main/java/org/apache/hadoop/io/FastByteComparisons.java:[134,20] sun.misc.Unsafe is internal proprietary API and may be removed in a future release
[WARNING] /home/srafi/after-cam-ready/compare_/compile_repair_output/work/c0046a06cabb/hadoop-common-project/hadoop-common/src/main/java/org/apache/hadoop/io/FastByteComparisons.java:[140,22] sun.misc.Unsafe is internal proprietary API and may be removed in a future release
[WARNING] /home/srafi/after-cam-ready/compare_/compile_repair_output/work/c0046a06cabb/hadoop-common-project/hadoop-common/src/main/java/org/apache/hadoop/io/FastByteComparisons.java:[145,29] sun.misc.Unsafe is internal proprietary API and may be removed in a future release
[WARNING] /home/srafi/after-cam-ready/compare_/compile_repair_output/work/c0046a06cabb/hadoop-common-project/hadoop-common/src/main/java/org/apache/hadoop/io/nativeio/NativeIO.java:[871,17] sun.misc.Unsafe is internal proprietary API and may be removed in a future release
[WARNING] /home/srafi/after-cam-ready/compare_/compile_repair_output/work/c0046a06cabb/hadoop-common-project/hadoop-common/src/main/java/org/apache/hadoop/io/nativeio/NativeIO.java:[873,7] sun.misc.Unsafe is internal proprietary API and may be removed in a future release
[WARNING] /home/srafi/after-cam-ready/compare_/compile_repair_output/work/c0046a06cabb/hadoop-common-project/hadoop-common/src/main/java/org/apache/hadoop/io/nativeio/NativeIO.java:[873,24] sun.misc.Unsafe is internal proprietary API and may be removed in a future release
[WARNING] /home/srafi/after-cam-ready/compare_/compile_repair_output/work/c0046a06cabb/hadoop-common-project/hadoop-common/src/main/java/org/apache/hadoop/security/token/delegation/ZKDelegationTokenSecretManager.java: Some input files use or override a deprecated API.
[WARNING] /home/srafi/after-cam-ready/compare_/compile_repair_output/work/c0046a06cabb/hadoop-common-project/hadoop-common/src/main/java/org/apache/hadoop/security/token/delegation/ZKDelegationTokenSecretManager.java: Recompile with -Xlint:deprecation for details.
[WARNING] /home/srafi/after-cam-ready/compare_/compile_repair_output/work/c0046a06cabb/hadoop-common-project/hadoop-common/src/main/java/org/apache/hadoop/fs/FileSystem.java: Some input files use unchecked or unsafe operations.
[WARNING] /home/srafi/after-cam-ready/compare_/compile_repair_output/work/c0046a06cabb/hadoop-common-project/hadoop-common/src/main/java/org/apache/hadoop/fs/FileSystem.java: Recompile with -Xlint:unchecked for details.
[INFO] 
[INFO] --- avro-maven-plugin:1.7.7:schema (generate-avro-test-sources) @ hadoop-common ---
[INFO] 
[INFO] --- protobuf-maven-plugin:0.5.1:test-compile (src-test-compile-protoc) @ hadoop-common ---
[INFO] Compiling 2 proto file(s) to /home/srafi/after-cam-ready/compare_/compile_repair_output/work/c0046a06cabb/hadoop-common-project/hadoop-common/target/generated-test-sources/java
[INFO] 
[INFO] --- protobuf-maven-plugin:0.5.1:compile (src-test-compile-protoc-legacy) @ hadoop-common ---
[INFO] Compiling 2 proto file(s) to /home/srafi/after-cam-ready/compare_/compile_repair_output/work/c0046a06cabb/hadoop-common-project/hadoop-common/target/generated-test-sources/java
[INFO] 
[INFO] --- replacer:1.5.3:replace (replace-test-sources) @ hadoop-common ---
[INFO] Replacement run on 676 files.
[INFO] 
[INFO] --- maven-resources-plugin:2.6:testResources (default-testResources) @ hadoop-common ---
[INFO] Using 'UTF-8' encoding to copy filtered resources.
[INFO] Copying 33 resources
[INFO] Copying 2 resources
[INFO] 
[INFO] --- maven-antrun-plugin:1.7:run (create-log-dir) @ hadoop-common ---
[INFO] Executing tasks

main:
   [delete] Deleting directory /home/srafi/after-cam-ready/compare_/compile_repair_output/work/c0046a06cabb/hadoop-common-project/hadoop-common/target/test/data
    [mkdir] Created dir: /home/srafi/after-cam-ready/compare_/compile_repair_output/work/c0046a06cabb/hadoop-common-project/hadoop-common/target/test/data
    [mkdir] Created dir: /home/srafi/after-cam-ready/compare_/compile_repair_output/work/c0046a06cabb/hadoop-common-project/hadoop-common/target/log
     [copy] Copying 8 files to /home/srafi/after-cam-ready/compare_/compile_repair_output/work/c0046a06cabb/hadoop-common-project/hadoop-common/target/test-classes
[INFO] Executed tasks
[INFO] 
[INFO] --- replacer:1.5.3:replace (replace-generated-test-sources) @ hadoop-common ---
[INFO] Replacement run on 3 files.
[INFO] 
[INFO] --- maven-compiler-plugin:3.1:testCompile (default-testCompile) @ hadoop-common ---
[INFO] Compiling 682 source files to /home/srafi/after-cam-ready/compare_/compile_repair_output/work/c0046a06cabb/hadoop-common-project/hadoop-common/target/test-classes
[WARNING] /home/srafi/after-cam-ready/compare_/compile_repair_output/work/c0046a06cabb/hadoop-common-project/hadoop-common/src/test/java/org/apache/hadoop/security/ssl/KeyStoreTestUtil.java: Some input files use or override a deprecated API.
[WARNING] /home/srafi/after-cam-ready/compare_/compile_repair_output/work/c0046a06cabb/hadoop-common-project/hadoop-common/src/test/java/org/apache/hadoop/security/ssl/KeyStoreTestUtil.java: Recompile with -Xlint:deprecation for details.
[WARNING] /home/srafi/after-cam-ready/compare_/compile_repair_output/work/c0046a06cabb/hadoop-common-project/hadoop-common/src/test/java/org/apache/hadoop/test/LambdaTestUtils.java: Some input files use unchecked or unsafe operations.
[WARNING] /home/srafi/after-cam-ready/compare_/compile_repair_output/work/c0046a06cabb/hadoop-common-project/hadoop-common/src/test/java/org/apache/hadoop/test/LambdaTestUtils.java: Recompile with -Xlint:unchecked for details.
[INFO] 
[INFO] --- maven-surefire-plugin:3.0.0-M8-SNAPSHOT:test (default-test) @ hadoop-common ---
[INFO] Tests are skipped.
[INFO] 
[INFO] --- maven-jar-plugin:2.5:jar (prepare-jar) @ hadoop-common ---
[INFO] Building jar: /home/srafi/after-cam-ready/compare_/compile_repair_output/work/c0046a06cabb/hadoop-common-project/hadoop-common/target/hadoop-common-3.3.4.jar
[INFO] 
[INFO] --- maven-jar-plugin:2.5:test-jar (prepare-test-jar) @ hadoop-common ---
[INFO] Building jar: /home/srafi/after-cam-ready/compare_/compile_repair_output/work/c0046a06cabb/hadoop-common-project/hadoop-common/target/hadoop-common-3.3.4-tests.jar
[INFO] 
[INFO] --- maven-jar-plugin:2.5:jar (default-jar) @ hadoop-common ---
[INFO] 
[INFO] --- maven-site-plugin:3.6:attach-descriptor (attach-descriptor) @ hadoop-common ---
[INFO] Skipping because packaging 'jar' is not pom.
[INFO] 
[INFO] --- maven-install-plugin:2.5.1:install (default-install) @ hadoop-common ---
[INFO] Installing /home/srafi/after-cam-ready/compare_/compile_repair_output/work/c0046a06cabb/hadoop-common-project/hadoop-common/target/hadoop-common-3.3.4.jar to /home/srafi/.m2/repository/org/apache/hadoop/hadoop-common/3.3.4/hadoop-common-3.3.4.jar
[INFO] Installing /home/srafi/after-cam-ready/compare_/compile_repair_output/work/c0046a06cabb/hadoop-common-project/hadoop-common/pom.xml to /home/srafi/.m2/repository/org/apache/hadoop/hadoop-common/3.3.4/hadoop-common-3.3.4.pom
[INFO] Installing /home/srafi/after-cam-ready/compare_/compile_repair_output/work/c0046a06cabb/hadoop-common-project/hadoop-common/target/hadoop-common-3.3.4-tests.jar to /home/srafi/.m2/repository/org/apache/hadoop/hadoop-common/3.3.4/hadoop-common-3.3.4-tests.jar
[INFO] 
[INFO] --------------------< org.apache.hadoop:hadoop-nfs >--------------------
[INFO] Building Apache Hadoop NFS 3.3.4                                 [10/14]
[INFO] --------------------------------[ jar ]---------------------------------
[INFO] 
[INFO] --- maven-clean-plugin:3.1.0:clean (default-clean) @ hadoop-nfs ---
[INFO] Deleting /home/srafi/after-cam-ready/compare_/compile_repair_output/work/c0046a06cabb/hadoop-common-project/hadoop-nfs (includes = [dependency-reduced-pom.xml], excludes = [])
[INFO] 
[INFO] --- maven-antrun-plugin:1.7:run (create-testdirs) @ hadoop-nfs ---
[INFO] Executing tasks

main:
    [mkdir] Created dir: /home/srafi/after-cam-ready/compare_/compile_repair_output/work/c0046a06cabb/hadoop-common-project/hadoop-nfs/target/test-dir
[INFO] Executed tasks
[INFO] 
[INFO] --- replacer:1.5.3:replace (replace-generated-sources) @ hadoop-nfs ---
[INFO] Skipping
[INFO] 
[INFO] --- replacer:1.5.3:replace (replace-sources) @ hadoop-nfs ---
[INFO] Skipping
[INFO] 
[INFO] --- replacer:1.5.3:replace (replace-guava) @ hadoop-nfs ---
[INFO] Replacement run on 108 files.
[INFO] 
[INFO] --- maven-remote-resources-plugin:1.5:process (default) @ hadoop-nfs ---
[INFO] 
[INFO] --- maven-resources-plugin:2.6:resources (default-resources) @ hadoop-nfs ---
[INFO] Using 'UTF-8' encoding to copy filtered resources.
[INFO] skip non existing resourceDirectory /home/srafi/after-cam-ready/compare_/compile_repair_output/work/c0046a06cabb/hadoop-common-project/hadoop-nfs/src/main/resources
[INFO] Copying 2 resources
[INFO] 
[INFO] --- maven-compiler-plugin:3.1:compile (default-compile) @ hadoop-nfs ---
[INFO] Compiling 94 source files to /home/srafi/after-cam-ready/compare_/compile_repair_output/work/c0046a06cabb/hadoop-common-project/hadoop-nfs/target/classes
[INFO] 
[INFO] --- replacer:1.5.3:replace (replace-test-sources) @ hadoop-nfs ---
[INFO] Skipping
[INFO] 
[INFO] --- maven-resources-plugin:2.6:testResources (default-testResources) @ hadoop-nfs ---
[INFO] Using 'UTF-8' encoding to copy filtered resources.
[INFO] Copying 1 resource
[INFO] Copying 2 resources
[INFO] 
[INFO] --- replacer:1.5.3:replace (replace-generated-test-sources) @ hadoop-nfs ---
[INFO] Skipping
[INFO] 
[INFO] --- maven-compiler-plugin:3.1:testCompile (default-testCompile) @ hadoop-nfs ---
[INFO] Compiling 14 source files to /home/srafi/after-cam-ready/compare_/compile_repair_output/work/c0046a06cabb/hadoop-common-project/hadoop-nfs/target/test-classes
[WARNING] /home/srafi/after-cam-ready/compare_/compile_repair_output/work/c0046a06cabb/hadoop-common-project/hadoop-nfs/src/test/java/org/apache/hadoop/portmap/TestPortmap.java: /home/srafi/after-cam-ready/compare_/compile_repair_output/work/c0046a06cabb/hadoop-common-project/hadoop-nfs/src/test/java/org/apache/hadoop/portmap/TestPortmap.java uses or overrides a deprecated API.
[WARNING] /home/srafi/after-cam-ready/compare_/compile_repair_output/work/c0046a06cabb/hadoop-common-project/hadoop-nfs/src/test/java/org/apache/hadoop/portmap/TestPortmap.java: Recompile with -Xlint:deprecation for details.
[INFO] 
[INFO] --- maven-surefire-plugin:3.0.0-M8-SNAPSHOT:test (default-test) @ hadoop-nfs ---
[INFO] Tests are skipped.
[INFO] 
[INFO] --- maven-jar-plugin:2.5:jar (default-jar) @ hadoop-nfs ---
[INFO] Building jar: /home/srafi/after-cam-ready/compare_/compile_repair_output/work/c0046a06cabb/hadoop-common-project/hadoop-nfs/target/hadoop-nfs-3.3.4.jar
[INFO] 
[INFO] --- maven-site-plugin:3.6:attach-descriptor (attach-descriptor) @ hadoop-nfs ---
[INFO] Skipping because packaging 'jar' is not pom.
[INFO] 
[INFO] --- maven-install-plugin:2.5.1:install (default-install) @ hadoop-nfs ---
[INFO] Installing /home/srafi/after-cam-ready/compare_/compile_repair_output/work/c0046a06cabb/hadoop-common-project/hadoop-nfs/target/hadoop-nfs-3.3.4.jar to /home/srafi/.m2/repository/org/apache/hadoop/hadoop-nfs/3.3.4/hadoop-nfs-3.3.4.jar
[INFO] Installing /home/srafi/after-cam-ready/compare_/compile_repair_output/work/c0046a06cabb/hadoop-common-project/hadoop-nfs/pom.xml to /home/srafi/.m2/repository/org/apache/hadoop/hadoop-nfs/3.3.4/hadoop-nfs-3.3.4.pom
[INFO] 
[INFO] --------------------< org.apache.hadoop:hadoop-kms >--------------------
[INFO] Building Apache Hadoop KMS 3.3.4                                 [11/14]
[INFO] --------------------------------[ jar ]---------------------------------
[INFO] 
[INFO] --- maven-clean-plugin:3.1.0:clean (default-clean) @ hadoop-kms ---
[INFO] Deleting /home/srafi/after-cam-ready/compare_/compile_repair_output/work/c0046a06cabb/hadoop-common-project/hadoop-kms (includes = [dependency-reduced-pom.xml], excludes = [])
[INFO] 
[INFO] --- maven-antrun-plugin:1.7:run (create-testdirs) @ hadoop-kms ---
[INFO] Executing tasks

main:
    [mkdir] Created dir: /home/srafi/after-cam-ready/compare_/compile_repair_output/work/c0046a06cabb/hadoop-common-project/hadoop-kms/target/test-dir
[INFO] Executed tasks
[INFO] 
[INFO] --- replacer:1.5.3:replace (replace-generated-sources) @ hadoop-kms ---
[INFO] Skipping
[INFO] 
[INFO] --- replacer:1.5.3:replace (replace-sources) @ hadoop-kms ---
[INFO] Skipping
[INFO] 
[INFO] --- replacer:1.5.3:replace (replace-guava) @ hadoop-kms ---
[INFO] Replacement run on 25 files.
[INFO] 
[INFO] --- maven-remote-resources-plugin:1.5:process (default) @ hadoop-kms ---
[INFO] 
[INFO] --- maven-resources-plugin:2.6:resources (default-resources) @ hadoop-kms ---
[INFO] Using 'UTF-8' encoding to copy filtered resources.
[INFO] Copying 3 resources
[INFO] Copying 2 resources
[INFO] 
[INFO] --- maven-compiler-plugin:3.1:compile (default-compile) @ hadoop-kms ---
[INFO] Compiling 16 source files to /home/srafi/after-cam-ready/compare_/compile_repair_output/work/c0046a06cabb/hadoop-common-project/hadoop-kms/target/classes
[WARNING] /home/srafi/after-cam-ready/compare_/compile_repair_output/work/c0046a06cabb/hadoop-common-project/hadoop-kms/src/main/java/org/apache/hadoop/crypto/key/kms/server/KMS.java: /home/srafi/after-cam-ready/compare_/compile_repair_output/work/c0046a06cabb/hadoop-common-project/hadoop-kms/src/main/java/org/apache/hadoop/crypto/key/kms/server/KMS.java uses unchecked or unsafe operations.
[WARNING] /home/srafi/after-cam-ready/compare_/compile_repair_output/work/c0046a06cabb/hadoop-common-project/hadoop-kms/src/main/java/org/apache/hadoop/crypto/key/kms/server/KMS.java: Recompile with -Xlint:unchecked for details.
[INFO] 
[INFO] --- replacer:1.5.3:replace (replace-test-sources) @ hadoop-kms ---
[INFO] Skipping
[INFO] 
[INFO] --- maven-resources-plugin:2.6:testResources (default-testResources) @ hadoop-kms ---
[INFO] Using 'UTF-8' encoding to copy filtered resources.
[INFO] Copying 3 resources
[INFO] Copying 2 resources
[INFO] 
[INFO] --- replacer:1.5.3:replace (replace-generated-test-sources) @ hadoop-kms ---
[INFO] Skipping
[INFO] 
[INFO] --- maven-compiler-plugin:3.1:testCompile (default-testCompile) @ hadoop-kms ---
[INFO] Compiling 9 source files to /home/srafi/after-cam-ready/compare_/compile_repair_output/work/c0046a06cabb/hadoop-common-project/hadoop-kms/target/test-classes
[WARNING] /home/srafi/after-cam-ready/compare_/compile_repair_output/work/c0046a06cabb/hadoop-common-project/hadoop-kms/src/test/java/org/apache/hadoop/crypto/key/kms/server/TestKMS.java: Some input files use or override a deprecated API.
[WARNING] /home/srafi/after-cam-ready/compare_/compile_repair_output/work/c0046a06cabb/hadoop-common-project/hadoop-kms/src/test/java/org/apache/hadoop/crypto/key/kms/server/TestKMS.java: Recompile with -Xlint:deprecation for details.
[WARNING] /home/srafi/after-cam-ready/compare_/compile_repair_output/work/c0046a06cabb/hadoop-common-project/hadoop-kms/src/test/java/org/apache/hadoop/crypto/key/kms/server/TestKMS.java: /home/srafi/after-cam-ready/compare_/compile_repair_output/work/c0046a06cabb/hadoop-common-project/hadoop-kms/src/test/java/org/apache/hadoop/crypto/key/kms/server/TestKMS.java uses unchecked or unsafe operations.
[WARNING] /home/srafi/after-cam-ready/compare_/compile_repair_output/work/c0046a06cabb/hadoop-common-project/hadoop-kms/src/test/java/org/apache/hadoop/crypto/key/kms/server/TestKMS.java: Recompile with -Xlint:unchecked for details.
[INFO] 
[INFO] --- maven-surefire-plugin:3.0.0-M8-SNAPSHOT:test (default-test) @ hadoop-kms ---
[INFO] Tests are skipped.
[INFO] 
[INFO] --- maven-jar-plugin:2.5:test-jar (prepare-test-jar) @ hadoop-kms ---
[INFO] Building jar: /home/srafi/after-cam-ready/compare_/compile_repair_output/work/c0046a06cabb/hadoop-common-project/hadoop-kms/target/hadoop-kms-3.3.4-tests.jar
[INFO] 
[INFO] --- maven-jar-plugin:2.5:jar (default-jar) @ hadoop-kms ---
[INFO] Building jar: /home/srafi/after-cam-ready/compare_/compile_repair_output/work/c0046a06cabb/hadoop-common-project/hadoop-kms/target/hadoop-kms-3.3.4.jar
[INFO] 
[INFO] --- maven-site-plugin:3.6:attach-descriptor (attach-descriptor) @ hadoop-kms ---
[INFO] Skipping because packaging 'jar' is not pom.
[INFO] 
[INFO] --- maven-install-plugin:2.5.1:install (default-install) @ hadoop-kms ---
[INFO] Installing /home/srafi/after-cam-ready/compare_/compile_repair_output/work/c0046a06cabb/hadoop-common-project/hadoop-kms/target/hadoop-kms-3.3.4.jar to /home/srafi/.m2/repository/org/apache/hadoop/hadoop-kms/3.3.4/hadoop-kms-3.3.4.jar
[INFO] Installing /home/srafi/after-cam-ready/compare_/compile_repair_output/work/c0046a06cabb/hadoop-common-project/hadoop-kms/pom.xml to /home/srafi/.m2/repository/org/apache/hadoop/hadoop-kms/3.3.4/hadoop-kms-3.3.4.pom
[INFO] Installing /home/srafi/after-cam-ready/compare_/compile_repair_output/work/c0046a06cabb/hadoop-common-project/hadoop-kms/target/hadoop-kms-3.3.4-tests.jar to /home/srafi/.m2/repository/org/apache/hadoop/hadoop-kms/3.3.4/hadoop-kms-3.3.4-tests.jar
[INFO] 
[INFO] ----------------< org.apache.hadoop:hadoop-hdfs-client >----------------
[INFO] Building Apache Hadoop HDFS Client 3.3.4                         [12/14]
[INFO] --------------------------------[ jar ]---------------------------------
[INFO] Downloading from apache.snapshots.https: https://repository.apache.org/content/repositories/snapshots/org/mock-server/mockserver-netty/5.10/mockserver-netty-5.10.pom
[INFO] Downloading from repository.jboss.org: https://repository.jboss.org/nexus/content/groups/public/org/mock-server/mockserver-netty/5.10/mockserver-netty-5.10.pom
[INFO] Downloading from central: https://repo.maven.apache.org/maven2/org/mock-server/mockserver-netty/5.10/mockserver-netty-5.10.pom
[INFO] Downloaded from central: https://repo.maven.apache.org/maven2/org/mock-server/mockserver-netty/5.10/mockserver-netty-5.10.pom (5.0 kB at 129 kB/s)
[INFO] Downloading from apache.snapshots.https: https://repository.apache.org/content/repositories/snapshots/org/mock-server/mockserver/5.10/mockserver-5.10.pom
[INFO] Downloading from repository.jboss.org: https://repository.jboss.org/nexus/content/groups/public/org/mock-server/mockserver/5.10/mockserver-5.10.pom
[INFO] Downloading from central: https://repo.maven.apache.org/maven2/org/mock-server/mockserver/5.10/mockserver-5.10.pom
[INFO] Downloaded from central: https://repo.maven.apache.org/maven2/org/mock-server/mockserver/5.10/mockserver-5.10.pom (30 kB at 818 kB/s)
[INFO] Downloading from apache.snapshots.https: https://repository.apache.org/content/repositories/snapshots/org/mock-server/mockserver-client-java/5.10/mockserver-client-java-5.10.pom
[INFO] Downloading from repository.jboss.org: https://repository.jboss.org/nexus/content/groups/public/org/mock-server/mockserver-client-java/5.10/mockserver-client-java-5.10.pom
[INFO] Downloading from central: https://repo.maven.apache.org/maven2/org/mock-server/mockserver-client-java/5.10/mockserver-client-java-5.10.pom
[INFO] Downloaded from central: https://repo.maven.apache.org/maven2/org/mock-server/mockserver-client-java/5.10/mockserver-client-java-5.10.pom (2.2 kB at 50 kB/s)
[INFO] Downloading from apache.snapshots.https: https://repository.apache.org/content/repositories/snapshots/org/mock-server/mockserver-core/5.10/mockserver-core-5.10.pom
[INFO] Downloading from repository.jboss.org: https://repository.jboss.org/nexus/content/groups/public/org/mock-server/mockserver-core/5.10/mockserver-core-5.10.pom
[INFO] Downloading from central: https://repo.maven.apache.org/maven2/org/mock-server/mockserver-core/5.10/mockserver-core-5.10.pom
[INFO] Downloaded from central: https://repo.maven.apache.org/maven2/org/mock-server/mockserver-core/5.10/mockserver-core-5.10.pom (7.1 kB at 178 kB/s)
[INFO] Downloading from apache.snapshots.https: https://repository.apache.org/content/repositories/snapshots/org/apache/velocity/velocity-engine-scripting/2.1/velocity-engine-scripting-2.1.pom
[INFO] Downloading from repository.jboss.org: https://repository.jboss.org/nexus/content/groups/public/org/apache/velocity/velocity-engine-scripting/2.1/velocity-engine-scripting-2.1.pom
[INFO] Downloading from central: https://repo.maven.apache.org/maven2/org/apache/velocity/velocity-engine-scripting/2.1/velocity-engine-scripting-2.1.pom
[INFO] Downloaded from central: https://repo.maven.apache.org/maven2/org/apache/velocity/velocity-engine-scripting/2.1/velocity-engine-scripting-2.1.pom (2.9 kB at 80 kB/s)
[INFO] Downloading from apache.snapshots.https: https://repository.apache.org/content/repositories/snapshots/org/apache/velocity/velocity-engine-parent/2.1/velocity-engine-parent-2.1.pom
[INFO] Downloading from repository.jboss.org: https://repository.jboss.org/nexus/content/groups/public/org/apache/velocity/velocity-engine-parent/2.1/velocity-engine-parent-2.1.pom
[INFO] Downloading from central: https://repo.maven.apache.org/maven2/org/apache/velocity/velocity-engine-parent/2.1/velocity-engine-parent-2.1.pom
[INFO] Downloaded from central: https://repo.maven.apache.org/maven2/org/apache/velocity/velocity-engine-parent/2.1/velocity-engine-parent-2.1.pom (9.8 kB at 288 kB/s)
[INFO] Downloading from apache.snapshots.https: https://repository.apache.org/content/repositories/snapshots/org/apache/velocity/velocity-engine-core/2.1/velocity-engine-core-2.1.pom
[INFO] Downloading from repository.jboss.org: https://repository.jboss.org/nexus/content/groups/public/org/apache/velocity/velocity-engine-core/2.1/velocity-engine-core-2.1.pom
[INFO] Downloading from central: https://repo.maven.apache.org/maven2/org/apache/velocity/velocity-engine-core/2.1/velocity-engine-core-2.1.pom
[INFO] Downloaded from central: https://repo.maven.apache.org/maven2/org/apache/velocity/velocity-engine-core/2.1/velocity-engine-core-2.1.pom (7.6 kB at 231 kB/s)
[INFO] Downloading from apache.snapshots.https: https://repository.apache.org/content/repositories/snapshots/com/github/java-json-tools/json-schema-validator/2.2.11/json-schema-validator-2.2.11.pom
[INFO] Downloading from repository.jboss.org: https://repository.jboss.org/nexus/content/groups/public/com/github/java-json-tools/json-schema-validator/2.2.11/json-schema-validator-2.2.11.pom
[INFO] Downloading from central: https://repo.maven.apache.org/maven2/com/github/java-json-tools/json-schema-validator/2.2.11/json-schema-validator-2.2.11.pom
[INFO] Downloaded from central: https://repo.maven.apache.org/maven2/com/github/java-json-tools/json-schema-validator/2.2.11/json-schema-validator-2.2.11.pom (3.5 kB at 101 kB/s)
[INFO] Downloading from apache.snapshots.https: https://repository.apache.org/content/repositories/snapshots/com/github/java-json-tools/json-schema-core/1.2.10/json-schema-core-1.2.10.pom
[INFO] Downloading from repository.jboss.org: https://repository.jboss.org/nexus/content/groups/public/com/github/java-json-tools/json-schema-core/1.2.10/json-schema-core-1.2.10.pom
[INFO] Downloading from central: https://repo.maven.apache.org/maven2/com/github/java-json-tools/json-schema-core/1.2.10/json-schema-core-1.2.10.pom
[INFO] Downloaded from central: https://repo.maven.apache.org/maven2/com/github/java-json-tools/json-schema-core/1.2.10/json-schema-core-1.2.10.pom (3.1 kB at 92 kB/s)
[INFO] Downloading from apache.snapshots.https: https://repository.apache.org/content/repositories/snapshots/com/github/java-json-tools/jackson-coreutils/1.9/jackson-coreutils-1.9.pom
[INFO] Downloading from repository.jboss.org: https://repository.jboss.org/nexus/content/groups/public/com/github/java-json-tools/jackson-coreutils/1.9/jackson-coreutils-1.9.pom
[INFO] Downloading from central: https://repo.maven.apache.org/maven2/com/github/java-json-tools/jackson-coreutils/1.9/jackson-coreutils-1.9.pom
[INFO] Downloaded from central: https://repo.maven.apache.org/maven2/com/github/java-json-tools/jackson-coreutils/1.9/jackson-coreutils-1.9.pom (3.0 kB at 83 kB/s)
[INFO] Downloading from apache.snapshots.https: https://repository.apache.org/content/repositories/snapshots/org/mozilla/rhino/1.7.7.1/rhino-1.7.7.1.pom
[INFO] Downloading from repository.jboss.org: https://repository.jboss.org/nexus/content/groups/public/org/mozilla/rhino/1.7.7.1/rhino-1.7.7.1.pom
[INFO] Downloading from central: https://repo.maven.apache.org/maven2/org/mozilla/rhino/1.7.7.1/rhino-1.7.7.1.pom
[INFO] Downloaded from central: https://repo.maven.apache.org/maven2/org/mozilla/rhino/1.7.7.1/rhino-1.7.7.1.pom (1.3 kB at 41 kB/s)
[INFO] Downloading from apache.snapshots.https: https://repository.apache.org/content/repositories/snapshots/org/xmlunit/xmlunit-core/2.6.4/xmlunit-core-2.6.4.pom
[INFO] Downloading from repository.jboss.org: https://repository.jboss.org/nexus/content/groups/public/org/xmlunit/xmlunit-core/2.6.4/xmlunit-core-2.6.4.pom
[INFO] Downloading from central: https://repo.maven.apache.org/maven2/org/xmlunit/xmlunit-core/2.6.4/xmlunit-core-2.6.4.pom
[INFO] Downloaded from central: https://repo.maven.apache.org/maven2/org/xmlunit/xmlunit-core/2.6.4/xmlunit-core-2.6.4.pom (2.7 kB at 83 kB/s)
[INFO] Downloading from apache.snapshots.https: https://repository.apache.org/content/repositories/snapshots/org/xmlunit/xmlunit-parent/2.6.4/xmlunit-parent-2.6.4.pom
[INFO] Downloading from repository.jboss.org: https://repository.jboss.org/nexus/content/groups/public/org/xmlunit/xmlunit-parent/2.6.4/xmlunit-parent-2.6.4.pom
[INFO] Downloading from central: https://repo.maven.apache.org/maven2/org/xmlunit/xmlunit-parent/2.6.4/xmlunit-parent-2.6.4.pom
[INFO] Downloaded from central: https://repo.maven.apache.org/maven2/org/xmlunit/xmlunit-parent/2.6.4/xmlunit-parent-2.6.4.pom (19 kB at 412 kB/s)
[INFO] Downloading from apache.snapshots.https: https://repository.apache.org/content/repositories/snapshots/org/xmlunit/xmlunit-placeholders/2.6.4/xmlunit-placeholders-2.6.4.pom
[INFO] Downloading from repository.jboss.org: https://repository.jboss.org/nexus/content/groups/public/org/xmlunit/xmlunit-placeholders/2.6.4/xmlunit-placeholders-2.6.4.pom
[INFO] Downloading from central: https://repo.maven.apache.org/maven2/org/xmlunit/xmlunit-placeholders/2.6.4/xmlunit-placeholders-2.6.4.pom
[INFO] Downloaded from central: https://repo.maven.apache.org/maven2/org/xmlunit/xmlunit-placeholders/2.6.4/xmlunit-placeholders-2.6.4.pom (1.6 kB at 49 kB/s)
[INFO] Downloading from apache.snapshots.https: https://repository.apache.org/content/repositories/snapshots/org/mock-server/mockserver-netty/5.10/mockserver-netty-5.10.jar
[INFO] Downloading from apache.snapshots.https: https://repository.apache.org/content/repositories/snapshots/org/mock-server/mockserver-client-java/5.10/mockserver-client-java-5.10.jar
[INFO] Downloading from apache.snapshots.https: https://repository.apache.org/content/repositories/snapshots/org/mock-server/mockserver-core/5.10/mockserver-core-5.10.jar
[INFO] Downloading from apache.snapshots.https: https://repository.apache.org/content/repositories/snapshots/org/apache/velocity/velocity-engine-scripting/2.1/velocity-engine-scripting-2.1.jar
[INFO] Downloading from apache.snapshots.https: https://repository.apache.org/content/repositories/snapshots/org/apache/velocity/velocity-engine-core/2.1/velocity-engine-core-2.1.jar
[INFO] Downloading from apache.snapshots.https: https://repository.apache.org/content/repositories/snapshots/com/github/java-json-tools/json-schema-validator/2.2.11/json-schema-validator-2.2.11.jar
[INFO] Downloading from apache.snapshots.https: https://repository.apache.org/content/repositories/snapshots/com/github/java-json-tools/json-schema-core/1.2.10/json-schema-core-1.2.10.jar
[INFO] Downloading from apache.snapshots.https: https://repository.apache.org/content/repositories/snapshots/com/github/java-json-tools/jackson-coreutils/1.9/jackson-coreutils-1.9.jar
[INFO] Downloading from apache.snapshots.https: https://repository.apache.org/content/repositories/snapshots/org/mozilla/rhino/1.7.7.1/rhino-1.7.7.1.jar
[INFO] Downloading from apache.snapshots.https: https://repository.apache.org/content/repositories/snapshots/org/xmlunit/xmlunit-core/2.6.4/xmlunit-core-2.6.4.jar
[INFO] Downloading from apache.snapshots.https: https://repository.apache.org/content/repositories/snapshots/org/xmlunit/xmlunit-placeholders/2.6.4/xmlunit-placeholders-2.6.4.jar
[INFO] Downloading from repository.jboss.org: https://repository.jboss.org/nexus/content/groups/public/org/mock-server/mockserver-netty/5.10/mockserver-netty-5.10.jar
[INFO] Downloading from repository.jboss.org: https://repository.jboss.org/nexus/content/groups/public/org/mock-server/mockserver-client-java/5.10/mockserver-client-java-5.10.jar
[INFO] Downloading from repository.jboss.org: https://repository.jboss.org/nexus/content/groups/public/org/apache/velocity/velocity-engine-core/2.1/velocity-engine-core-2.1.jar
[INFO] Downloading from repository.jboss.org: https://repository.jboss.org/nexus/content/groups/public/org/apache/velocity/velocity-engine-scripting/2.1/velocity-engine-scripting-2.1.jar
[INFO] Downloading from repository.jboss.org: https://repository.jboss.org/nexus/content/groups/public/org/mock-server/mockserver-core/5.10/mockserver-core-5.10.jar
[INFO] Downloading from repository.jboss.org: https://repository.jboss.org/nexus/content/groups/public/com/github/java-json-tools/json-schema-validator/2.2.11/json-schema-validator-2.2.11.jar
[INFO] Downloading from repository.jboss.org: https://repository.jboss.org/nexus/content/groups/public/com/github/java-json-tools/json-schema-core/1.2.10/json-schema-core-1.2.10.jar
[INFO] Downloading from repository.jboss.org: https://repository.jboss.org/nexus/content/groups/public/com/github/java-json-tools/jackson-coreutils/1.9/jackson-coreutils-1.9.jar
[INFO] Downloading from repository.jboss.org: https://repository.jboss.org/nexus/content/groups/public/org/mozilla/rhino/1.7.7.1/rhino-1.7.7.1.jar
[INFO] Downloading from repository.jboss.org: https://repository.jboss.org/nexus/content/groups/public/org/xmlunit/xmlunit-core/2.6.4/xmlunit-core-2.6.4.jar
[INFO] Downloading from repository.jboss.org: https://repository.jboss.org/nexus/content/groups/public/org/xmlunit/xmlunit-placeholders/2.6.4/xmlunit-placeholders-2.6.4.jar
[INFO] Downloading from central: https://repo.maven.apache.org/maven2/org/mock-server/mockserver-netty/5.10/mockserver-netty-5.10.jar
[INFO] Downloading from central: https://repo.maven.apache.org/maven2/org/mock-server/mockserver-client-java/5.10/mockserver-client-java-5.10.jar
[INFO] Downloading from central: https://repo.maven.apache.org/maven2/org/mock-server/mockserver-core/5.10/mockserver-core-5.10.jar
[INFO] Downloading from central: https://repo.maven.apache.org/maven2/org/apache/velocity/velocity-engine-scripting/2.1/velocity-engine-scripting-2.1.jar
[INFO] Downloading from central: https://repo.maven.apache.org/maven2/org/apache/velocity/velocity-engine-core/2.1/velocity-engine-core-2.1.jar
[INFO] Downloaded from central: https://repo.maven.apache.org/maven2/org/mock-server/mockserver-client-java/5.10/mockserver-client-java-5.10.jar (19 kB at 509 kB/s)
[INFO] Downloading from central: https://repo.maven.apache.org/maven2/com/github/java-json-tools/json-schema-validator/2.2.11/json-schema-validator-2.2.11.jar
[INFO] Downloaded from central: https://repo.maven.apache.org/maven2/org/mock-server/mockserver-core/5.10/mockserver-core-5.10.jar (619 kB at 13 MB/s)
[INFO] Downloading from central: https://repo.maven.apache.org/maven2/com/github/java-json-tools/json-schema-core/1.2.10/json-schema-core-1.2.10.jar
[INFO] Downloaded from central: https://repo.maven.apache.org/maven2/org/mock-server/mockserver-netty/5.10/mockserver-netty-5.10.jar (1.2 MB at 23 MB/s)
[INFO] Downloading from central: https://repo.maven.apache.org/maven2/com/github/java-json-tools/jackson-coreutils/1.9/jackson-coreutils-1.9.jar
[INFO] Downloaded from central: https://repo.maven.apache.org/maven2/org/apache/velocity/velocity-engine-core/2.1/velocity-engine-core-2.1.jar (502 kB at 8.5 MB/s)
[INFO] Downloading from central: https://repo.maven.apache.org/maven2/org/mozilla/rhino/1.7.7.1/rhino-1.7.7.1.jar
[INFO] Downloaded from central: https://repo.maven.apache.org/maven2/com/github/java-json-tools/json-schema-validator/2.2.11/json-schema-validator-2.2.11.jar (237 kB at 3.3 MB/s)
[INFO] Downloading from central: https://repo.maven.apache.org/maven2/org/xmlunit/xmlunit-core/2.6.4/xmlunit-core-2.6.4.jar
[INFO] Downloaded from central: https://repo.maven.apache.org/maven2/com/github/java-json-tools/json-schema-core/1.2.10/json-schema-core-1.2.10.jar (174 kB at 2.1 MB/s)
[INFO] Downloading from central: https://repo.maven.apache.org/maven2/org/xmlunit/xmlunit-placeholders/2.6.4/xmlunit-placeholders-2.6.4.jar
[INFO] Downloaded from central: https://repo.maven.apache.org/maven2/com/github/java-json-tools/jackson-coreutils/1.9/jackson-coreutils-1.9.jar (31 kB at 372 kB/s)
[INFO] Downloaded from central: https://repo.maven.apache.org/maven2/org/apache/velocity/velocity-engine-scripting/2.1/velocity-engine-scripting-2.1.jar (15 kB at 154 kB/s)
[INFO] Downloaded from central: https://repo.maven.apache.org/maven2/org/xmlunit/xmlunit-core/2.6.4/xmlunit-core-2.6.4.jar (168 kB at 1.5 MB/s)
[INFO] Downloaded from central: https://repo.maven.apache.org/maven2/org/mozilla/rhino/1.7.7.1/rhino-1.7.7.1.jar (1.3 MB at 11 MB/s)
[INFO] Downloaded from central: https://repo.maven.apache.org/maven2/org/xmlunit/xmlunit-placeholders/2.6.4/xmlunit-placeholders-2.6.4.jar (9.9 kB at 86 kB/s)
[INFO] 
[INFO] --- maven-clean-plugin:3.1.0:clean (default-clean) @ hadoop-hdfs-client ---
[INFO] Deleting /home/srafi/after-cam-ready/compare_/compile_repair_output/work/c0046a06cabb/hadoop-hdfs-project/hadoop-hdfs-client (includes = [dependency-reduced-pom.xml], excludes = [])
[INFO] 
[INFO] --- maven-antrun-plugin:1.7:run (create-testdirs) @ hadoop-hdfs-client ---
[INFO] Executing tasks

main:
    [mkdir] Created dir: /home/srafi/after-cam-ready/compare_/compile_repair_output/work/c0046a06cabb/hadoop-hdfs-project/hadoop-hdfs-client/target/test-dir
    [mkdir] Created dir: /home/srafi/after-cam-ready/compare_/compile_repair_output/work/c0046a06cabb/hadoop-hdfs-project/hadoop-hdfs-client/target/test/data
[INFO] Executed tasks
[INFO] 
[INFO] --- protobuf-maven-plugin:0.5.1:compile (src-compile-protoc) @ hadoop-hdfs-client ---
[INFO] Compiling 10 proto file(s) to /home/srafi/after-cam-ready/compare_/compile_repair_output/work/c0046a06cabb/hadoop-hdfs-project/hadoop-hdfs-client/target/generated-sources/java
[INFO] 
[INFO] --- replacer:1.5.3:replace (replace-generated-sources) @ hadoop-hdfs-client ---
[INFO] Replacement run on 10 files.
[INFO] 
[INFO] --- replacer:1.5.3:replace (replace-sources) @ hadoop-hdfs-client ---
[INFO] Replacement run on 300 files.
[INFO] 
[INFO] --- replacer:1.5.3:replace (replace-guava) @ hadoop-hdfs-client ---
[INFO] Replacement run on 327 files.
[INFO] 
[INFO] --- maven-remote-resources-plugin:1.5:process (default) @ hadoop-hdfs-client ---
[INFO] 
[INFO] --- maven-resources-plugin:2.6:resources (default-resources) @ hadoop-hdfs-client ---
[INFO] Using 'UTF-8' encoding to copy filtered resources.
[INFO] Copying 3 resources
[INFO] Copying 2 resources
[INFO] 
[INFO] --- maven-compiler-plugin:3.1:compile (default-compile) @ hadoop-hdfs-client ---
[INFO] Compiling 310 source files to /home/srafi/after-cam-ready/compare_/compile_repair_output/work/c0046a06cabb/hadoop-hdfs-project/hadoop-hdfs-client/target/classes
[WARNING] /home/srafi/after-cam-ready/compare_/compile_repair_output/work/c0046a06cabb/hadoop-hdfs-project/hadoop-hdfs-client/src/main/java/org/apache/hadoop/hdfs/shortcircuit/ShortCircuitShm.java:[40,16] sun.misc.Unsafe is internal proprietary API and may be removed in a future release
[WARNING] /home/srafi/after-cam-ready/compare_/compile_repair_output/work/c0046a06cabb/hadoop-hdfs-project/hadoop-hdfs-client/src/main/java/org/apache/hadoop/hdfs/shortcircuit/ShortCircuitShm.java:[57,24] sun.misc.Unsafe is internal proprietary API and may be removed in a future release
[WARNING] /home/srafi/after-cam-ready/compare_/compile_repair_output/work/c0046a06cabb/hadoop-hdfs-project/hadoop-hdfs-client/src/main/java/org/apache/hadoop/hdfs/shortcircuit/ShortCircuitShm.java:[59,18] sun.misc.Unsafe is internal proprietary API and may be removed in a future release
[WARNING] /home/srafi/after-cam-ready/compare_/compile_repair_output/work/c0046a06cabb/hadoop-hdfs-project/hadoop-hdfs-client/src/main/java/org/apache/hadoop/hdfs/shortcircuit/ShortCircuitShm.java:[61,17] sun.misc.Unsafe is internal proprietary API and may be removed in a future release
[WARNING] /home/srafi/after-cam-ready/compare_/compile_repair_output/work/c0046a06cabb/hadoop-hdfs-project/hadoop-hdfs-client/src/main/java/org/apache/hadoop/hdfs/shortcircuit/ShortCircuitShm.java:[63,15] sun.misc.Unsafe is internal proprietary API and may be removed in a future release
[WARNING] /home/srafi/after-cam-ready/compare_/compile_repair_output/work/c0046a06cabb/hadoop-hdfs-project/hadoop-hdfs-client/src/main/java/org/apache/hadoop/hdfs/protocolPB/PBHelperClient.java: Some input files use or override a deprecated API.
[WARNING] /home/srafi/after-cam-ready/compare_/compile_repair_output/work/c0046a06cabb/hadoop-hdfs-project/hadoop-hdfs-client/src/main/java/org/apache/hadoop/hdfs/protocolPB/PBHelperClient.java: Recompile with -Xlint:deprecation for details.
[WARNING] /home/srafi/after-cam-ready/compare_/compile_repair_output/work/c0046a06cabb/hadoop-hdfs-project/hadoop-hdfs-client/src/main/java/org/apache/hadoop/hdfs/protocolPB/PBHelperClient.java: Some input files use unchecked or unsafe operations.
[WARNING] /home/srafi/after-cam-ready/compare_/compile_repair_output/work/c0046a06cabb/hadoop-hdfs-project/hadoop-hdfs-client/src/main/java/org/apache/hadoop/hdfs/protocolPB/PBHelperClient.java: Recompile with -Xlint:unchecked for details.
[INFO] 
[INFO] --- protobuf-maven-plugin:0.5.1:test-compile (src-test-compile-protoc) @ hadoop-hdfs-client ---
[INFO] Skipping mojo execution
[INFO] 
[INFO] --- replacer:1.5.3:replace (replace-test-sources) @ hadoop-hdfs-client ---
[INFO] Replacement run on 27 files.
[INFO] 
[INFO] --- maven-resources-plugin:2.6:testResources (default-testResources) @ hadoop-hdfs-client ---
[INFO] Using 'UTF-8' encoding to copy filtered resources.
[INFO] Copying 1 resource
[INFO] Copying 2 resources
[INFO] 
[INFO] --- replacer:1.5.3:replace (replace-generated-test-sources) @ hadoop-hdfs-client ---
[INFO] Skipping
[INFO] 
[INFO] --- maven-compiler-plugin:3.1:testCompile (default-testCompile) @ hadoop-hdfs-client ---
[INFO] Compiling 27 source files to /home/srafi/after-cam-ready/compare_/compile_repair_output/work/c0046a06cabb/hadoop-hdfs-project/hadoop-hdfs-client/target/test-classes
[WARNING] /home/srafi/after-cam-ready/compare_/compile_repair_output/work/c0046a06cabb/hadoop-hdfs-project/hadoop-hdfs-client/src/test/java/org/apache/hadoop/hdfs/web/TestByteRangeInputStream.java: Some input files use or override a deprecated API.
[WARNING] /home/srafi/after-cam-ready/compare_/compile_repair_output/work/c0046a06cabb/hadoop-hdfs-project/hadoop-hdfs-client/src/test/java/org/apache/hadoop/hdfs/web/TestByteRangeInputStream.java: Recompile with -Xlint:deprecation for details.
[INFO] 
[INFO] --- maven-surefire-plugin:3.0.0-M8-SNAPSHOT:test (default-test) @ hadoop-hdfs-client ---
[INFO] Tests are skipped.
[INFO] 
[INFO] --- maven-jar-plugin:2.5:jar (prepare-jar) @ hadoop-hdfs-client ---
[INFO] Building jar: /home/srafi/after-cam-ready/compare_/compile_repair_output/work/c0046a06cabb/hadoop-hdfs-project/hadoop-hdfs-client/target/hadoop-hdfs-client-3.3.4.jar
[INFO] 
[INFO] --- maven-jar-plugin:2.5:test-jar (prepare-test-jar) @ hadoop-hdfs-client ---
[INFO] Building jar: /home/srafi/after-cam-ready/compare_/compile_repair_output/work/c0046a06cabb/hadoop-hdfs-project/hadoop-hdfs-client/target/hadoop-hdfs-client-3.3.4-tests.jar
[INFO] 
[INFO] --- maven-jar-plugin:2.5:jar (default-jar) @ hadoop-hdfs-client ---
[INFO] 
[INFO] --- maven-site-plugin:3.6:attach-descriptor (attach-descriptor) @ hadoop-hdfs-client ---
[INFO] Skipping because packaging 'jar' is not pom.
[INFO] 
[INFO] --- maven-install-plugin:2.5.1:install (default-install) @ hadoop-hdfs-client ---
[INFO] Installing /home/srafi/after-cam-ready/compare_/compile_repair_output/work/c0046a06cabb/hadoop-hdfs-project/hadoop-hdfs-client/target/hadoop-hdfs-client-3.3.4.jar to /home/srafi/.m2/repository/org/apache/hadoop/hadoop-hdfs-client/3.3.4/hadoop-hdfs-client-3.3.4.jar
[INFO] Installing /home/srafi/after-cam-ready/compare_/compile_repair_output/work/c0046a06cabb/hadoop-hdfs-project/hadoop-hdfs-client/pom.xml to /home/srafi/.m2/repository/org/apache/hadoop/hadoop-hdfs-client/3.3.4/hadoop-hdfs-client-3.3.4.pom
[INFO] Installing /home/srafi/after-cam-ready/compare_/compile_repair_output/work/c0046a06cabb/hadoop-hdfs-project/hadoop-hdfs-client/target/hadoop-hdfs-client-3.3.4-tests.jar to /home/srafi/.m2/repository/org/apache/hadoop/hadoop-hdfs-client/3.3.4/hadoop-hdfs-client-3.3.4-tests.jar
[INFO] 
[INFO] -------------------< org.apache.hadoop:hadoop-hdfs >--------------------
[INFO] Building Apache Hadoop HDFS 3.3.4                                [13/14]
[INFO] --------------------------------[ jar ]---------------------------------
[INFO] 
[INFO] --- maven-clean-plugin:3.1.0:clean (default-clean) @ hadoop-hdfs ---
[INFO] Deleting /home/srafi/after-cam-ready/compare_/compile_repair_output/work/c0046a06cabb/hadoop-hdfs-project/hadoop-hdfs/src/site/resources (includes = [configuration.xsl, hdfs-default.xml], excludes = [])
[INFO] 
[INFO] --- maven-antrun-plugin:1.7:run (create-testdirs) @ hadoop-hdfs ---
[INFO] Executing tasks

main:
    [mkdir] Created dir: /home/srafi/after-cam-ready/compare_/compile_repair_output/work/c0046a06cabb/hadoop-hdfs-project/hadoop-hdfs/target/test-dir
    [mkdir] Created dir: /home/srafi/after-cam-ready/compare_/compile_repair_output/work/c0046a06cabb/hadoop-hdfs-project/hadoop-hdfs/target/test/data
[INFO] Executed tasks
[INFO] 
[INFO] --- protobuf-maven-plugin:0.5.1:compile (src-compile-protoc) @ hadoop-hdfs ---
[INFO] Compiling 12 proto file(s) to /home/srafi/after-cam-ready/compare_/compile_repair_output/work/c0046a06cabb/hadoop-hdfs-project/hadoop-hdfs/target/generated-sources/java
[WARNING] PROTOC: fsimage.proto: warning: Import xattr.proto but not used.
fsimage.proto: warning: Import acl.proto but not used.
InterQJournalProtocol.proto: warning: Import HdfsServer.proto but not used.
JournalProtocol.proto: warning: Import hdfs.proto but not used.
JournalProtocol.proto: warning: Import HdfsServer.proto but not used.

[INFO] 
[INFO] --- replacer:1.5.3:replace (replace-generated-sources) @ hadoop-hdfs ---
[INFO] Replacement run on 12 files.
[INFO] 
[INFO] --- replacer:1.5.3:replace (replace-sources) @ hadoop-hdfs ---
[INFO] Replacement run on 680 files.
[INFO] 
[INFO] --- replacer:1.5.3:replace (replace-guava) @ hadoop-hdfs ---
[INFO] Replacement run on 1511 files.
[INFO] 
[INFO] --- maven-remote-resources-plugin:1.5:process (default) @ hadoop-hdfs ---
[INFO] 
[INFO] --- hadoop-maven-plugins:3.3.4:resource-gz (resource-gz) @ hadoop-hdfs ---
[INFO] Compressing /home/srafi/after-cam-ready/compare_/compile_repair_output/work/c0046a06cabb/hadoop-hdfs-project/hadoop-hdfs/src/main/webapps/static/dataTables.bootstrap.css to /home/srafi/after-cam-ready/compare_/compile_repair_output/work/c0046a06cabb/hadoop-hdfs-project/hadoop-hdfs/target/webapps/static/dataTables.bootstrap.css.gz
[INFO] Compressing /home/srafi/after-cam-ready/compare_/compile_repair_output/work/c0046a06cabb/hadoop-hdfs-project/hadoop-hdfs/src/main/webapps/static/json-bignum.js to /home/srafi/after-cam-ready/compare_/compile_repair_output/work/c0046a06cabb/hadoop-hdfs-project/hadoop-hdfs/target/webapps/static/json-bignum.js.gz
[INFO] Compressing /home/srafi/after-cam-ready/compare_/compile_repair_output/work/c0046a06cabb/hadoop-hdfs-project/hadoop-hdfs/src/main/webapps/static/jquery-3.6.0.min.js to /home/srafi/after-cam-ready/compare_/compile_repair_output/work/c0046a06cabb/hadoop-hdfs-project/hadoop-hdfs/target/webapps/static/jquery-3.6.0.min.js.gz
[INFO] Compressing /home/srafi/after-cam-ready/compare_/compile_repair_output/work/c0046a06cabb/hadoop-hdfs-project/hadoop-hdfs/src/main/webapps/static/dust-helpers-1.1.1.min.js to /home/srafi/after-cam-ready/compare_/compile_repair_output/work/c0046a06cabb/hadoop-hdfs-project/hadoop-hdfs/target/webapps/static/dust-helpers-1.1.1.min.js.gz
[INFO] Compressing /home/srafi/after-cam-ready/compare_/compile_repair_output/work/c0046a06cabb/hadoop-hdfs-project/hadoop-hdfs/src/main/webapps/static/dataTables.bootstrap.js to /home/srafi/after-cam-ready/compare_/compile_repair_output/work/c0046a06cabb/hadoop-hdfs-project/hadoop-hdfs/target/webapps/static/dataTables.bootstrap.js.gz
[INFO] Compressing /home/srafi/after-cam-ready/compare_/compile_repair_output/work/c0046a06cabb/hadoop-hdfs-project/hadoop-hdfs/src/main/webapps/static/dfs-dust.js to /home/srafi/after-cam-ready/compare_/compile_repair_output/work/c0046a06cabb/hadoop-hdfs-project/hadoop-hdfs/target/webapps/static/dfs-dust.js.gz
[INFO] Compressing /home/srafi/after-cam-ready/compare_/compile_repair_output/work/c0046a06cabb/hadoop-hdfs-project/hadoop-hdfs/src/main/webapps/static/dust-full-2.0.0.min.js to /home/srafi/after-cam-ready/compare_/compile_repair_output/work/c0046a06cabb/hadoop-hdfs-project/hadoop-hdfs/target/webapps/static/dust-full-2.0.0.min.js.gz
[INFO] Compressing /home/srafi/after-cam-ready/compare_/compile_repair_output/work/c0046a06cabb/hadoop-hdfs-project/hadoop-hdfs/src/main/webapps/static/moment.min.js to /home/srafi/after-cam-ready/compare_/compile_repair_output/work/c0046a06cabb/hadoop-hdfs-project/hadoop-hdfs/target/webapps/static/moment.min.js.gz
[INFO] Compressing /home/srafi/after-cam-ready/compare_/compile_repair_output/work/c0046a06cabb/hadoop-hdfs-project/hadoop-hdfs/src/main/webapps/static/jquery.dataTables.min.js to /home/srafi/after-cam-ready/compare_/compile_repair_output/work/c0046a06cabb/hadoop-hdfs-project/hadoop-hdfs/target/webapps/static/jquery.dataTables.min.js.gz
[INFO] Compressing /home/srafi/after-cam-ready/compare_/compile_repair_output/work/c0046a06cabb/hadoop-hdfs-project/hadoop-hdfs/src/main/webapps/static/bootstrap-3.4.1/js/bootstrap.min.js to /home/srafi/after-cam-ready/compare_/compile_repair_output/work/c0046a06cabb/hadoop-hdfs-project/hadoop-hdfs/target/webapps/static/bootstrap-3.4.1/js/bootstrap.min.js.gz
[INFO] Compressing /home/srafi/after-cam-ready/compare_/compile_repair_output/work/c0046a06cabb/hadoop-hdfs-project/hadoop-hdfs/src/main/webapps/static/bootstrap-3.4.1/js/npm.js to /home/srafi/after-cam-ready/compare_/compile_repair_output/work/c0046a06cabb/hadoop-hdfs-project/hadoop-hdfs/target/webapps/static/bootstrap-3.4.1/js/npm.js.gz
[INFO] Compressing /home/srafi/after-cam-ready/compare_/compile_repair_output/work/c0046a06cabb/hadoop-hdfs-project/hadoop-hdfs/src/main/webapps/static/bootstrap-3.4.1/js/bootstrap.js to /home/srafi/after-cam-ready/compare_/compile_repair_output/work/c0046a06cabb/hadoop-hdfs-project/hadoop-hdfs/target/webapps/static/bootstrap-3.4.1/js/bootstrap.js.gz
[INFO] Compressing /home/srafi/after-cam-ready/compare_/compile_repair_output/work/c0046a06cabb/hadoop-hdfs-project/hadoop-hdfs/src/main/webapps/static/bootstrap-3.4.1/js/bootstrap-editable.min.js to /home/srafi/after-cam-ready/compare_/compile_repair_output/work/c0046a06cabb/hadoop-hdfs-project/hadoop-hdfs/target/webapps/static/bootstrap-3.4.1/js/bootstrap-editable.min.js.gz
[INFO] Compressing /home/srafi/after-cam-ready/compare_/compile_repair_output/work/c0046a06cabb/hadoop-hdfs-project/hadoop-hdfs/src/main/webapps/static/bootstrap-3.4.1/css/bootstrap-theme.css to /home/srafi/after-cam-ready/compare_/compile_repair_output/work/c0046a06cabb/hadoop-hdfs-project/hadoop-hdfs/target/webapps/static/bootstrap-3.4.1/css/bootstrap-theme.css.gz
[INFO] Compressing /home/srafi/after-cam-ready/compare_/compile_repair_output/work/c0046a06cabb/hadoop-hdfs-project/hadoop-hdfs/src/main/webapps/static/bootstrap-3.4.1/css/bootstrap-editable.css to /home/srafi/after-cam-ready/compare_/compile_repair_output/work/c0046a06cabb/hadoop-hdfs-project/hadoop-hdfs/target/webapps/static/bootstrap-3.4.1/css/bootstrap-editable.css.gz
[INFO] Compressing /home/srafi/after-cam-ready/compare_/compile_repair_output/work/c0046a06cabb/hadoop-hdfs-project/hadoop-hdfs/src/main/webapps/static/bootstrap-3.4.1/css/bootstrap.min.css to /home/srafi/after-cam-ready/compare_/compile_repair_output/work/c0046a06cabb/hadoop-hdfs-project/hadoop-hdfs/target/webapps/static/bootstrap-3.4.1/css/bootstrap.min.css.gz
[INFO] Compressing /home/srafi/after-cam-ready/compare_/compile_repair_output/work/c0046a06cabb/hadoop-hdfs-project/hadoop-hdfs/src/main/webapps/static/bootstrap-3.4.1/css/bootstrap.css to /home/srafi/after-cam-ready/compare_/compile_repair_output/work/c0046a06cabb/hadoop-hdfs-project/hadoop-hdfs/target/webapps/static/bootstrap-3.4.1/css/bootstrap.css.gz
[INFO] Compressing /home/srafi/after-cam-ready/compare_/compile_repair_output/work/c0046a06cabb/hadoop-hdfs-project/hadoop-hdfs/src/main/webapps/static/bootstrap-3.4.1/css/bootstrap-theme.min.css to /home/srafi/after-cam-ready/compare_/compile_repair_output/work/c0046a06cabb/hadoop-hdfs-project/hadoop-hdfs/target/webapps/static/bootstrap-3.4.1/css/bootstrap-theme.min.css.gz
[INFO] Compressing /home/srafi/after-cam-ready/compare_/compile_repair_output/work/c0046a06cabb/hadoop-hdfs-project/hadoop-hdfs/src/main/webapps/static/hadoop.css to /home/srafi/after-cam-ready/compare_/compile_repair_output/work/c0046a06cabb/hadoop-hdfs-project/hadoop-hdfs/target/webapps/static/hadoop.css.gz
[INFO] Compressing /home/srafi/after-cam-ready/compare_/compile_repair_output/work/c0046a06cabb/hadoop-hdfs-project/hadoop-hdfs/src/main/webapps/static/d3-v4.1.1.min.js to /home/srafi/after-cam-ready/compare_/compile_repair_output/work/c0046a06cabb/hadoop-hdfs-project/hadoop-hdfs/target/webapps/static/d3-v4.1.1.min.js.gz
[INFO] Compressing /home/srafi/after-cam-ready/compare_/compile_repair_output/work/c0046a06cabb/hadoop-hdfs-project/hadoop-hdfs/src/main/webapps/static/rest-csrf.js to /home/srafi/after-cam-ready/compare_/compile_repair_output/work/c0046a06cabb/hadoop-hdfs-project/hadoop-hdfs/target/webapps/static/rest-csrf.js.gz
[INFO] 
[INFO] --- maven-resources-plugin:2.6:resources (default-resources) @ hadoop-hdfs ---
[INFO] Using 'UTF-8' encoding to copy filtered resources.
[INFO] Copying 2 resources
[INFO] Copying 2 resources
[INFO] 
[INFO] --- maven-compiler-plugin:3.1:compile (default-compile) @ hadoop-hdfs ---
[INFO] Compiling 693 source files to /home/srafi/after-cam-ready/compare_/compile_repair_output/work/c0046a06cabb/hadoop-hdfs-project/hadoop-hdfs/target/classes
[WARNING] /home/srafi/after-cam-ready/compare_/compile_repair_output/work/c0046a06cabb/hadoop-hdfs-project/hadoop-hdfs/src/main/java/org/apache/hadoop/hdfs/server/datanode/checker/AbstractFuture.java:[1046,26] sun.misc.Unsafe is internal proprietary API and may be removed in a future release
[WARNING] /home/srafi/after-cam-ready/compare_/compile_repair_output/work/c0046a06cabb/hadoop-hdfs-project/hadoop-hdfs/src/main/java/org/apache/hadoop/hdfs/server/datanode/checker/AbstractFuture.java:[1054,15] sun.misc.Unsafe is internal proprietary API and may be removed in a future release
[WARNING] /home/srafi/after-cam-ready/compare_/compile_repair_output/work/c0046a06cabb/hadoop-hdfs-project/hadoop-hdfs/src/main/java/org/apache/hadoop/hdfs/server/datanode/checker/AbstractFuture.java:[1056,26] sun.misc.Unsafe is internal proprietary API and may be removed in a future release
[WARNING] /home/srafi/after-cam-ready/compare_/compile_repair_output/work/c0046a06cabb/hadoop-hdfs-project/hadoop-hdfs/src/main/java/org/apache/hadoop/hdfs/server/datanode/checker/AbstractFuture.java:[1061,57] sun.misc.Unsafe is internal proprietary API and may be removed in a future release
[WARNING] /home/srafi/after-cam-ready/compare_/compile_repair_output/work/c0046a06cabb/hadoop-hdfs-project/hadoop-hdfs/src/main/java/org/apache/hadoop/hdfs/server/datanode/checker/AbstractFuture.java:[1063,36] sun.misc.Unsafe is internal proprietary API and may be removed in a future release
[WARNING] /home/srafi/after-cam-ready/compare_/compile_repair_output/work/c0046a06cabb/hadoop-hdfs-project/hadoop-hdfs/src/main/java/org/apache/hadoop/hdfs/server/datanode/checker/AbstractFuture.java:[1064,37] sun.misc.Unsafe is internal proprietary API and may be removed in a future release
[WARNING] /home/srafi/after-cam-ready/compare_/compile_repair_output/work/c0046a06cabb/hadoop-hdfs-project/hadoop-hdfs/src/main/java/org/apache/hadoop/hdfs/server/datanode/checker/AbstractFuture.java:[1064,58] sun.misc.Unsafe is internal proprietary API and may be removed in a future release
[WARNING] /home/srafi/after-cam-ready/compare_/compile_repair_output/work/c0046a06cabb/hadoop-hdfs-project/hadoop-hdfs/src/main/java/org/apache/hadoop/hdfs/server/datanode/web/DatanodeHttpServer.java: Some input files use or override a deprecated API.
[WARNING] /home/srafi/after-cam-ready/compare_/compile_repair_output/work/c0046a06cabb/hadoop-hdfs-project/hadoop-hdfs/src/main/java/org/apache/hadoop/hdfs/server/datanode/web/DatanodeHttpServer.java: Recompile with -Xlint:deprecation for details.
[WARNING] /home/srafi/after-cam-ready/compare_/compile_repair_output/work/c0046a06cabb/hadoop-hdfs-project/hadoop-hdfs/src/main/java/org/apache/hadoop/hdfs/server/datanode/fsdataset/impl/FsDatasetImpl.java: Some input files use unchecked or unsafe operations.
[WARNING] /home/srafi/after-cam-ready/compare_/compile_repair_output/work/c0046a06cabb/hadoop-hdfs-project/hadoop-hdfs/src/main/java/org/apache/hadoop/hdfs/server/datanode/fsdataset/impl/FsDatasetImpl.java: Recompile with -Xlint:unchecked for details.
[INFO] 
[INFO] --- maven-antrun-plugin:1.7:run (create-web-xmls) @ hadoop-hdfs ---
[INFO] Executing tasks

main:
     [copy] Copying 1 file to /home/srafi/after-cam-ready/compare_/compile_repair_output/work/c0046a06cabb/hadoop-hdfs-project/hadoop-hdfs/target/webapps/hdfs/WEB-INF
     [copy] Copying 1 file to /home/srafi/after-cam-ready/compare_/compile_repair_output/work/c0046a06cabb/hadoop-hdfs-project/hadoop-hdfs/target/webapps/secondary/WEB-INF
     [copy] Copying 1 file to /home/srafi/after-cam-ready/compare_/compile_repair_output/work/c0046a06cabb/hadoop-hdfs-project/hadoop-hdfs/target/webapps/datanode/WEB-INF
     [copy] Copying 1 file to /home/srafi/after-cam-ready/compare_/compile_repair_output/work/c0046a06cabb/hadoop-hdfs-project/hadoop-hdfs/target/webapps/journal/WEB-INF
     [copy] Copying 1 file to /home/srafi/after-cam-ready/compare_/compile_repair_output/work/c0046a06cabb/hadoop-hdfs-project/hadoop-hdfs/target/webapps/nfs3/WEB-INF
     [copy] Copying 48 files to /home/srafi/after-cam-ready/compare_/compile_repair_output/work/c0046a06cabb/hadoop-hdfs-project/hadoop-hdfs/target/webapps
[INFO] Executed tasks
[INFO] 
[INFO] --- protobuf-maven-plugin:0.5.1:test-compile (src-test-compile-protoc) @ hadoop-hdfs ---
[INFO] Skipping mojo execution
[INFO] 
[INFO] --- replacer:1.5.3:replace (replace-test-sources) @ hadoop-hdfs ---
[INFO] Replacement run on 830 files.
[INFO] 
[INFO] --- maven-resources-plugin:2.6:testResources (default-testResources) @ hadoop-hdfs ---
[INFO] Using 'UTF-8' encoding to copy filtered resources.
[INFO] Copying 62 resources
[INFO] Copying 2 resources
[INFO] 
[INFO] --- maven-antrun-plugin:1.7:run (create-log-dir) @ hadoop-hdfs ---
[INFO] Executing tasks

main:
   [delete] Deleting directory /home/srafi/after-cam-ready/compare_/compile_repair_output/work/c0046a06cabb/hadoop-hdfs-project/hadoop-hdfs/target/test/data
    [mkdir] Created dir: /home/srafi/after-cam-ready/compare_/compile_repair_output/work/c0046a06cabb/hadoop-hdfs-project/hadoop-hdfs/target/test/data
    [mkdir] Created dir: /home/srafi/after-cam-ready/compare_/compile_repair_output/work/c0046a06cabb/hadoop-hdfs-project/hadoop-hdfs/target/log
     [copy] Copying 74 files to /home/srafi/after-cam-ready/compare_/compile_repair_output/work/c0046a06cabb/hadoop-hdfs-project/hadoop-hdfs/target/test-classes/webapps
[INFO] Executed tasks
[INFO] 
[INFO] --- replacer:1.5.3:replace (replace-generated-test-sources) @ hadoop-hdfs ---
[INFO] Skipping
[INFO] 
[INFO] --- maven-compiler-plugin:3.1:testCompile (default-testCompile) @ hadoop-hdfs ---
[INFO] Compiling 830 source files to /home/srafi/after-cam-ready/compare_/compile_repair_output/work/c0046a06cabb/hadoop-hdfs-project/hadoop-hdfs/target/test-classes
[WARNING] /home/srafi/after-cam-ready/compare_/compile_repair_output/work/c0046a06cabb/hadoop-hdfs-project/hadoop-hdfs/src/test/java/org/apache/hadoop/hdfs/TestDFSClientFailover.java:[65,31] sun.net.spi.nameservice.NameService is internal proprietary API and may be removed in a future release
[WARNING] /home/srafi/after-cam-ready/compare_/compile_repair_output/work/c0046a06cabb/hadoop-hdfs-project/hadoop-hdfs/src/test/java/org/apache/hadoop/hdfs/TestDFSClientFailover.java:[232,11] sun.net.spi.nameservice.NameService is internal proprietary API and may be removed in a future release
[WARNING] /home/srafi/after-cam-ready/compare_/compile_repair_output/work/c0046a06cabb/hadoop-hdfs-project/hadoop-hdfs/src/test/java/org/apache/hadoop/hdfs/TestDFSClientFailover.java:[238,12] sun.net.spi.nameservice.NameService is internal proprietary API and may be removed in a future release
[WARNING] /home/srafi/after-cam-ready/compare_/compile_repair_output/work/c0046a06cabb/hadoop-hdfs-project/hadoop-hdfs/src/test/java/org/apache/hadoop/hdfs/TestDFSClientFailover.java:[238,40] sun.net.spi.nameservice.NameService is internal proprietary API and may be removed in a future release
[WARNING] /home/srafi/after-cam-ready/compare_/compile_repair_output/work/c0046a06cabb/hadoop-hdfs-project/hadoop-hdfs/src/test/java/org/apache/hadoop/hdfs/TestDFSClientFailover.java:[240,7] sun.net.spi.nameservice.NameService is internal proprietary API and may be removed in a future release
[WARNING] /home/srafi/after-cam-ready/compare_/compile_repair_output/work/c0046a06cabb/hadoop-hdfs-project/hadoop-hdfs/src/test/java/org/apache/hadoop/hdfs/TestDFSClientFailover.java:[243,25] sun.net.spi.nameservice.NameService is internal proprietary API and may be removed in a future release
[WARNING] /home/srafi/after-cam-ready/compare_/compile_repair_output/work/c0046a06cabb/hadoop-hdfs-project/hadoop-hdfs/src/test/java/org/apache/hadoop/hdfs/TestDFSClientFailover.java:[263,5] sun.net.spi.nameservice.NameService is internal proprietary API and may be removed in a future release
[WARNING] /home/srafi/after-cam-ready/compare_/compile_repair_output/work/c0046a06cabb/hadoop-hdfs-project/hadoop-hdfs/src/test/java/org/apache/hadoop/hdfs/TestDFSClientFailover.java:[281,5] sun.net.spi.nameservice.NameService is internal proprietary API and may be removed in a future release
[WARNING] /home/srafi/after-cam-ready/compare_/compile_repair_output/work/c0046a06cabb/hadoop-hdfs-project/hadoop-hdfs/src/test/java/org/apache/hadoop/hdfs/TestDFSClientFailover.java:[301,11] sun.net.spi.nameservice.NameService is internal proprietary API and may be removed in a future release
[WARNING] /home/srafi/after-cam-ready/compare_/compile_repair_output/work/c0046a06cabb/hadoop-hdfs-project/hadoop-hdfs/src/test/java/org/apache/hadoop/hdfs/server/namenode/TestReencryption.java: Some input files use or override a deprecated API.
[WARNING] /home/srafi/after-cam-ready/compare_/compile_repair_output/work/c0046a06cabb/hadoop-hdfs-project/hadoop-hdfs/src/test/java/org/apache/hadoop/hdfs/server/namenode/TestReencryption.java: Recompile with -Xlint:deprecation for details.
[WARNING] /home/srafi/after-cam-ready/compare_/compile_repair_output/work/c0046a06cabb/hadoop-hdfs-project/hadoop-hdfs/src/test/java/org/apache/hadoop/hdfs/server/namenode/TestReencryption.java: Some input files use unchecked or unsafe operations.
[WARNING] /home/srafi/after-cam-ready/compare_/compile_repair_output/work/c0046a06cabb/hadoop-hdfs-project/hadoop-hdfs/src/test/java/org/apache/hadoop/hdfs/server/namenode/TestReencryption.java: Recompile with -Xlint:unchecked for details.
[INFO] 
[INFO] --- maven-surefire-plugin:3.0.0-M8-SNAPSHOT:test (default-test) @ hadoop-hdfs ---
[INFO] Tests are skipped.
[INFO] 
[INFO] --- maven-jar-plugin:2.5:jar (prepare-jar) @ hadoop-hdfs ---
[INFO] Building jar: /home/srafi/after-cam-ready/compare_/compile_repair_output/work/c0046a06cabb/hadoop-hdfs-project/hadoop-hdfs/target/hadoop-hdfs-3.3.4.jar
[INFO] 
[INFO] --- maven-jar-plugin:2.5:test-jar (prepare-test-jar) @ hadoop-hdfs ---
[INFO] Building jar: /home/srafi/after-cam-ready/compare_/compile_repair_output/work/c0046a06cabb/hadoop-hdfs-project/hadoop-hdfs/target/hadoop-hdfs-3.3.4-tests.jar
[INFO] 
[INFO] --- maven-jar-plugin:2.5:jar (default-jar) @ hadoop-hdfs ---
[INFO] 
[INFO] --- maven-site-plugin:3.6:attach-descriptor (attach-descriptor) @ hadoop-hdfs ---
[INFO] Skipping because packaging 'jar' is not pom.
[INFO] 
[INFO] --- maven-install-plugin:2.5.1:install (default-install) @ hadoop-hdfs ---
[INFO] Installing /home/srafi/after-cam-ready/compare_/compile_repair_output/work/c0046a06cabb/hadoop-hdfs-project/hadoop-hdfs/target/hadoop-hdfs-3.3.4.jar to /home/srafi/.m2/repository/org/apache/hadoop/hadoop-hdfs/3.3.4/hadoop-hdfs-3.3.4.jar
[INFO] Installing /home/srafi/after-cam-ready/compare_/compile_repair_output/work/c0046a06cabb/hadoop-hdfs-project/hadoop-hdfs/pom.xml to /home/srafi/.m2/repository/org/apache/hadoop/hadoop-hdfs/3.3.4/hadoop-hdfs-3.3.4.pom
[INFO] Installing /home/srafi/after-cam-ready/compare_/compile_repair_output/work/c0046a06cabb/hadoop-hdfs-project/hadoop-hdfs/target/hadoop-hdfs-3.3.4-tests.jar to /home/srafi/.m2/repository/org/apache/hadoop/hadoop-hdfs/3.3.4/hadoop-hdfs-3.3.4-tests.jar
[INFO] 
[INFO] -----------------< org.apache.hadoop:hadoop-hdfs-nfs >------------------
[INFO] Building Apache Hadoop HDFS-NFS 3.3.4                            [14/14]
[INFO] --------------------------------[ jar ]---------------------------------
[INFO] 
[INFO] --- maven-clean-plugin:3.1.0:clean (default-clean) @ hadoop-hdfs-nfs ---
[INFO] Deleting /home/srafi/after-cam-ready/compare_/compile_repair_output/work/c0046a06cabb/hadoop-hdfs-project/hadoop-hdfs-nfs (includes = [dependency-reduced-pom.xml], excludes = [])
[INFO] 
[INFO] --- maven-antrun-plugin:1.7:run (create-testdirs) @ hadoop-hdfs-nfs ---
[INFO] Executing tasks

main:
    [mkdir] Created dir: /home/srafi/after-cam-ready/compare_/compile_repair_output/work/c0046a06cabb/hadoop-hdfs-project/hadoop-hdfs-nfs/target/test-dir
[INFO] Executed tasks
[INFO] 
[INFO] --- replacer:1.5.3:replace (replace-generated-sources) @ hadoop-hdfs-nfs ---
[INFO] Skipping
[INFO] 
[INFO] --- replacer:1.5.3:replace (replace-sources) @ hadoop-hdfs-nfs ---
[INFO] Skipping
[INFO] 
[INFO] --- replacer:1.5.3:replace (replace-guava) @ hadoop-hdfs-nfs ---
[INFO] Replacement run on 31 files.
[INFO] 
[INFO] --- maven-remote-resources-plugin:1.5:process (default) @ hadoop-hdfs-nfs ---
[INFO] 
[INFO] --- maven-resources-plugin:2.6:resources (default-resources) @ hadoop-hdfs-nfs ---
[INFO] Using 'UTF-8' encoding to copy filtered resources.
[INFO] skip non existing resourceDirectory /home/srafi/after-cam-ready/compare_/compile_repair_output/work/c0046a06cabb/hadoop-hdfs-project/hadoop-hdfs-nfs/src/main/resources
[INFO] Copying 2 resources
[INFO] 
[INFO] --- maven-compiler-plugin:3.1:compile (default-compile) @ hadoop-hdfs-nfs ---
[INFO] Compiling 17 source files to /home/srafi/after-cam-ready/compare_/compile_repair_output/work/c0046a06cabb/hadoop-hdfs-project/hadoop-hdfs-nfs/target/classes
[WARNING] /home/srafi/after-cam-ready/compare_/compile_repair_output/work/c0046a06cabb/hadoop-hdfs-project/hadoop-hdfs-nfs/src/main/java/org/apache/hadoop/hdfs/nfs/mount/RpcProgramMountd.java: /home/srafi/after-cam-ready/compare_/compile_repair_output/work/c0046a06cabb/hadoop-hdfs-project/hadoop-hdfs-nfs/src/main/java/org/apache/hadoop/hdfs/nfs/mount/RpcProgramMountd.java uses unchecked or unsafe operations.
[WARNING] /home/srafi/after-cam-ready/compare_/compile_repair_output/work/c0046a06cabb/hadoop-hdfs-project/hadoop-hdfs-nfs/src/main/java/org/apache/hadoop/hdfs/nfs/mount/RpcProgramMountd.java: Recompile with -Xlint:unchecked for details.
[INFO] 
[INFO] --- replacer:1.5.3:replace (replace-test-sources) @ hadoop-hdfs-nfs ---
[INFO] Skipping
[INFO] 
[INFO] --- maven-resources-plugin:2.6:testResources (default-testResources) @ hadoop-hdfs-nfs ---
[INFO] Using 'UTF-8' encoding to copy filtered resources.
[INFO] Copying 1 resource
[INFO] Copying 2 resources
[INFO] 
[INFO] --- replacer:1.5.3:replace (replace-generated-test-sources) @ hadoop-hdfs-nfs ---
[INFO] Skipping
[INFO] 
[INFO] --- maven-compiler-plugin:3.1:testCompile (default-testCompile) @ hadoop-hdfs-nfs ---
[INFO] Compiling 14 source files to /home/srafi/after-cam-ready/compare_/compile_repair_output/work/c0046a06cabb/hadoop-hdfs-project/hadoop-hdfs-nfs/target/test-classes
[WARNING] /home/srafi/after-cam-ready/compare_/compile_repair_output/work/c0046a06cabb/hadoop-hdfs-project/hadoop-hdfs-nfs/src/test/java/org/apache/hadoop/hdfs/nfs/nfs3/TestExportsTable.java: Some input files use or override a deprecated API.
[WARNING] /home/srafi/after-cam-ready/compare_/compile_repair_output/work/c0046a06cabb/hadoop-hdfs-project/hadoop-hdfs-nfs/src/test/java/org/apache/hadoop/hdfs/nfs/nfs3/TestExportsTable.java: Recompile with -Xlint:deprecation for details.
[INFO] 
[INFO] --- maven-surefire-plugin:3.0.0-M8-SNAPSHOT:test (default-test) @ hadoop-hdfs-nfs ---
[INFO] Tests are skipped.
[INFO] 
[INFO] --- maven-jar-plugin:2.5:jar (default-jar) @ hadoop-hdfs-nfs ---
[INFO] Building jar: /home/srafi/after-cam-ready/compare_/compile_repair_output/work/c0046a06cabb/hadoop-hdfs-project/hadoop-hdfs-nfs/target/hadoop-hdfs-nfs-3.3.4.jar
[INFO] 
[INFO] --- maven-site-plugin:3.6:attach-descriptor (attach-descriptor) @ hadoop-hdfs-nfs ---
[INFO] Skipping because packaging 'jar' is not pom.
[INFO] 
[INFO] --- maven-install-plugin:2.5.1:install (default-install) @ hadoop-hdfs-nfs ---
[INFO] Installing /home/srafi/after-cam-ready/compare_/compile_repair_output/work/c0046a06cabb/hadoop-hdfs-project/hadoop-hdfs-nfs/target/hadoop-hdfs-nfs-3.3.4.jar to /home/srafi/.m2/repository/org/apache/hadoop/hadoop-hdfs-nfs/3.3.4/hadoop-hdfs-nfs-3.3.4.jar
[INFO] Installing /home/srafi/after-cam-ready/compare_/compile_repair_output/work/c0046a06cabb/hadoop-hdfs-project/hadoop-hdfs-nfs/pom.xml to /home/srafi/.m2/repository/org/apache/hadoop/hadoop-hdfs-nfs/3.3.4/hadoop-hdfs-nfs-3.3.4.pom
[INFO] ------------------------------------------------------------------------
[INFO] Reactor Summary for Apache Hadoop Main 3.3.4:
[INFO] 
[INFO] Apache Hadoop Main ................................. SUCCESS [  0.418 s]
[INFO] Apache Hadoop Build Tools .......................... SUCCESS [  3.206 s]
[INFO] Apache Hadoop Project POM .......................... SUCCESS [  0.468 s]
[INFO] Apache Hadoop Annotations .......................... SUCCESS [  0.488 s]
[INFO] Apache Hadoop Project Dist POM ..................... SUCCESS [  0.037 s]
[INFO] Apache Hadoop Maven Plugins ........................ SUCCESS [  3.503 s]
[INFO] Apache Hadoop MiniKDC .............................. SUCCESS [  0.191 s]
[INFO] Apache Hadoop Auth ................................. SUCCESS [  1.280 s]
[INFO] Apache Hadoop Common ............................... SUCCESS [ 11.970 s]
[INFO] Apache Hadoop NFS .................................. SUCCESS [  0.505 s]
[INFO] Apache Hadoop KMS .................................. SUCCESS [  0.688 s]
[INFO] Apache Hadoop HDFS Client .......................... SUCCESS [ 17.142 s]
[INFO] Apache Hadoop HDFS ................................. SUCCESS [ 11.391 s]
[INFO] Apache Hadoop HDFS-NFS ............................. SUCCESS [  0.552 s]
[INFO] ------------------------------------------------------------------------
[INFO] BUILD SUCCESS
[INFO] ------------------------------------------------------------------------
[INFO] Total time:  52.620 s
[INFO] Finished at: 2026-08-15T15:10:55-04:00
[INFO] ------------------------------------------------------------------------
