JAVA_HOME=/usr/lib/jvm/java-8-openjdk-amd64
COMMAND=mvn -B clean install -DskipTests -U -pl optaplanner-core -am -Ddependency-check.skip=true -Dgpg.skip=true -DfailIfNoTests=false -Dskip.installnodenpm=true -Dskip.npm=true -Dskip.yarn=true -Dlicense.skip=true -Dcheckstyle.skip=true -Drat.skip=true -Denforcer.skip=true -Danimal.sniffer.skip=true -Dmaven.javadoc.skip=true -Dfindbugs.skip=true -Dspotbugs.skip=true -Dwarbucks.skip=true -Dmodernizer.skip=true -Dimpsort.skip=true -Dmdep.analyze.skip=true -Dpgpverify.skip=true -Dxml.skip=true -Dcobertura.skip=true

[INFO] Scanning for projects...
[INFO] Downloading from jboss-public-repository-group: https://repository.jboss.org/nexus/content/groups/public/org/kie/kie-parent/7.30.0-SNAPSHOT/maven-metadata.xml
[INFO] Downloaded from jboss-public-repository-group: https://repository.jboss.org/nexus/content/groups/public/org/kie/kie-parent/7.30.0-SNAPSHOT/maven-metadata.xml (598 B at 1.4 kB/s)
[INFO] Downloading from jboss-public-repository-group: https://repository.jboss.org/nexus/content/groups/public/org/kie/kie-parent/7.30.0-SNAPSHOT/kie-parent-7.30.0-20191117.103312-17.pom
[INFO] Downloaded from jboss-public-repository-group: https://repository.jboss.org/nexus/content/groups/public/org/kie/kie-parent/7.30.0-SNAPSHOT/kie-parent-7.30.0-20191117.103312-17.pom (250 kB at 2.3 MB/s)
[INFO] Downloading from central: https://repo.maven.apache.org/maven2/org/jboss/maven/plugins/maven-jdocbook-plugin/2.3.9/maven-jdocbook-plugin-2.3.9.pom
[INFO] Downloaded from central: https://repo.maven.apache.org/maven2/org/jboss/maven/plugins/maven-jdocbook-plugin/2.3.9/maven-jdocbook-plugin-2.3.9.pom (9.9 kB at 119 kB/s)
[INFO] Downloading from central: https://repo.maven.apache.org/maven2/org/jboss/pressgang/pressgang-xslt-ns/3.1.3/pressgang-xslt-ns-3.1.3.pom
[INFO] Downloading from jboss-public-repository-group: https://repository.jboss.org/nexus/content/groups/public/org/jboss/pressgang/pressgang-xslt-ns/3.1.3/pressgang-xslt-ns-3.1.3.pom
[INFO] Downloaded from jboss-public-repository-group: https://repository.jboss.org/nexus/content/groups/public/org/jboss/pressgang/pressgang-xslt-ns/3.1.3/pressgang-xslt-ns-3.1.3.pom (1.4 kB at 20 kB/s)
[INFO] Downloading from central: https://repo.maven.apache.org/maven2/org/jboss/pressgang/pressgang-tools/3.1.3/pressgang-tools-3.1.3.pom
[INFO] Downloading from jboss-public-repository-group: https://repository.jboss.org/nexus/content/groups/public/org/jboss/pressgang/pressgang-tools/3.1.3/pressgang-tools-3.1.3.pom
[INFO] Downloaded from jboss-public-repository-group: https://repository.jboss.org/nexus/content/groups/public/org/jboss/pressgang/pressgang-tools/3.1.3/pressgang-tools-3.1.3.pom (7.0 kB at 303 kB/s)
[INFO] Downloading from central: https://repo.maven.apache.org/maven2/net/sf/docbook/docbook-xsl/1.76.1/docbook-xsl-1.76.1.pom
[INFO] Downloaded from central: https://repo.maven.apache.org/maven2/net/sf/docbook/docbook-xsl/1.76.1/docbook-xsl-1.76.1.pom (5.1 kB at 88 kB/s)
[INFO] Downloading from central: https://repo.maven.apache.org/maven2/net/sf/docbook/docbook/5.0-1/docbook-5.0-1.pom
[INFO] Downloaded from central: https://repo.maven.apache.org/maven2/net/sf/docbook/docbook/5.0-1/docbook-5.0-1.pom (2.6 kB at 65 kB/s)
[INFO] Downloading from central: https://repo.maven.apache.org/maven2/org/jboss/pressgang/pressgang-highlight/3.1.3/pressgang-highlight-3.1.3.pom
[INFO] Downloading from jboss-public-repository-group: https://repository.jboss.org/nexus/content/groups/public/org/jboss/pressgang/pressgang-highlight/3.1.3/pressgang-highlight-3.1.3.pom
[INFO] Downloaded from jboss-public-repository-group: https://repository.jboss.org/nexus/content/groups/public/org/jboss/pressgang/pressgang-highlight/3.1.3/pressgang-highlight-3.1.3.pom (1.5 kB at 45 kB/s)
[INFO] Downloading from central: https://repo.maven.apache.org/maven2/com/uwyn/jhighlight/1.0/jhighlight-1.0.pom
[INFO] Downloaded from central: https://repo.maven.apache.org/maven2/com/uwyn/jhighlight/1.0/jhighlight-1.0.pom (2.2 kB at 44 kB/s)
[INFO] Downloading from central: https://repo.maven.apache.org/maven2/org/jboss/pressgang/pressgang-jdocbook-style/3.1.3/pressgang-jdocbook-style-3.1.3.pom
[INFO] Downloading from jboss-public-repository-group: https://repository.jboss.org/nexus/content/groups/public/org/jboss/pressgang/pressgang-jdocbook-style/3.1.3/pressgang-jdocbook-style-3.1.3.pom
[INFO] Downloaded from jboss-public-repository-group: https://repository.jboss.org/nexus/content/groups/public/org/jboss/pressgang/pressgang-jdocbook-style/3.1.3/pressgang-jdocbook-style-3.1.3.pom (748 B at 26 kB/s)
[INFO] Downloading from central: https://repo.maven.apache.org/maven2/org/jboss/jdocbook/jdocbook-core/1.1.1/jdocbook-core-1.1.1.pom
[INFO] Downloading from jboss-public-repository-group: https://repository.jboss.org/nexus/content/groups/public/org/jboss/jdocbook/jdocbook-core/1.1.1/jdocbook-core-1.1.1.pom
[INFO] Downloaded from jboss-public-repository-group: https://repository.jboss.org/nexus/content/groups/public/org/jboss/jdocbook/jdocbook-core/1.1.1/jdocbook-core-1.1.1.pom (4.6 kB at 81 kB/s)
[INFO] Downloading from central: https://repo.maven.apache.org/maven2/net/sf/docbook/docbook-xsl-xalan/1.0.0/docbook-xsl-xalan-1.0.0.pom
[INFO] Downloaded from central: https://repo.maven.apache.org/maven2/net/sf/docbook/docbook-xsl-xalan/1.0.0/docbook-xsl-xalan-1.0.0.pom (2.6 kB at 46 kB/s)
[INFO] Downloading from central: https://repo.maven.apache.org/maven2/net/sf/docbook/docbook/5.0/docbook-5.0.pom
[INFO] Downloaded from central: https://repo.maven.apache.org/maven2/net/sf/docbook/docbook/5.0/docbook-5.0.pom (2.6 kB at 81 kB/s)
[INFO] Downloading from central: https://repo.maven.apache.org/maven2/net/sf/docbook/docbook-xsl-saxon/1.0.0/docbook-xsl-saxon-1.0.0.pom
[INFO] Downloaded from central: https://repo.maven.apache.org/maven2/net/sf/docbook/docbook-xsl-saxon/1.0.0/docbook-xsl-saxon-1.0.0.pom (2.6 kB at 58 kB/s)
[INFO] Downloading from central: https://repo.maven.apache.org/maven2/saxon/saxon/6.5.3/saxon-6.5.3.pom
[INFO] Downloaded from central: https://repo.maven.apache.org/maven2/saxon/saxon/6.5.3/saxon-6.5.3.pom (144 B at 4.1 kB/s)
[INFO] Downloading from central: https://repo.maven.apache.org/maven2/net/socialchange/doctype/doctype-changer/1.1/doctype-changer-1.1.pom
[INFO] Downloading from jboss-public-repository-group: https://repository.jboss.org/nexus/content/groups/public/net/socialchange/doctype/doctype-changer/1.1/doctype-changer-1.1.pom
[INFO] Downloaded from jboss-public-repository-group: https://repository.jboss.org/nexus/content/groups/public/net/socialchange/doctype/doctype-changer/1.1/doctype-changer-1.1.pom (836 B at 14 kB/s)
[INFO] Downloading from central: https://repo.maven.apache.org/maven2/org/codehaus/plexus/plexus-utils/2.0.3/plexus-utils-2.0.3.pom
[INFO] Downloaded from central: https://repo.maven.apache.org/maven2/org/codehaus/plexus/plexus-utils/2.0.3/plexus-utils-2.0.3.pom (3.3 kB at 45 kB/s)
[INFO] Downloading from central: https://repo.maven.apache.org/maven2/org/apache/xmlgraphics/fop/1.0/fop-1.0.pom
[INFO] Downloaded from central: https://repo.maven.apache.org/maven2/org/apache/xmlgraphics/fop/1.0/fop-1.0.pom (6.1 kB at 132 kB/s)
[INFO] Downloading from central: https://repo.maven.apache.org/maven2/org/apache/xmlgraphics/xmlgraphics-commons/1.4/xmlgraphics-commons-1.4.pom
[INFO] Downloaded from central: https://repo.maven.apache.org/maven2/org/apache/xmlgraphics/xmlgraphics-commons/1.4/xmlgraphics-commons-1.4.pom (3.4 kB at 69 kB/s)
[INFO] Downloading from central: https://repo.maven.apache.org/maven2/commons-io/commons-io/1.3.1/commons-io-1.3.1.pom
[INFO] Downloaded from central: https://repo.maven.apache.org/maven2/commons-io/commons-io/1.3.1/commons-io-1.3.1.pom (6.8 kB at 136 kB/s)
[INFO] Downloading from central: https://repo.maven.apache.org/maven2/org/apache/xmlgraphics/batik-svg-dom/1.7/batik-svg-dom-1.7.pom
[INFO] Downloaded from central: https://repo.maven.apache.org/maven2/org/apache/xmlgraphics/batik-svg-dom/1.7/batik-svg-dom-1.7.pom (4.4 kB at 90 kB/s)
[INFO] Downloading from central: https://repo.maven.apache.org/maven2/org/apache/xmlgraphics/batik-anim/1.7/batik-anim-1.7.pom
[INFO] Downloaded from central: https://repo.maven.apache.org/maven2/org/apache/xmlgraphics/batik-anim/1.7/batik-anim-1.7.pom (4.3 kB at 83 kB/s)
[INFO] Downloading from central: https://repo.maven.apache.org/maven2/org/apache/xmlgraphics/batik-awt-util/1.7/batik-awt-util-1.7.pom
[INFO] Downloaded from central: https://repo.maven.apache.org/maven2/org/apache/xmlgraphics/batik-awt-util/1.7/batik-awt-util-1.7.pom (3.2 kB at 61 kB/s)
[INFO] Downloading from central: https://repo.maven.apache.org/maven2/org/apache/xmlgraphics/batik-util/1.7/batik-util-1.7.pom
[INFO] Downloaded from central: https://repo.maven.apache.org/maven2/org/apache/xmlgraphics/batik-util/1.7/batik-util-1.7.pom (3.0 kB at 67 kB/s)
[INFO] Downloading from central: https://repo.maven.apache.org/maven2/org/apache/xmlgraphics/batik-dom/1.7/batik-dom-1.7.pom
[INFO] Downloaded from central: https://repo.maven.apache.org/maven2/org/apache/xmlgraphics/batik-dom/1.7/batik-dom-1.7.pom (4.1 kB at 85 kB/s)
[INFO] Downloading from central: https://repo.maven.apache.org/maven2/org/apache/xmlgraphics/batik-css/1.7/batik-css-1.7.pom
[INFO] Downloaded from central: https://repo.maven.apache.org/maven2/org/apache/xmlgraphics/batik-css/1.7/batik-css-1.7.pom (3.6 kB at 71 kB/s)
[INFO] Downloading from central: https://repo.maven.apache.org/maven2/org/apache/xmlgraphics/batik-ext/1.7/batik-ext-1.7.pom
[INFO] Downloaded from central: https://repo.maven.apache.org/maven2/org/apache/xmlgraphics/batik-ext/1.7/batik-ext-1.7.pom (3.2 kB at 62 kB/s)
[INFO] Downloading from central: https://repo.maven.apache.org/maven2/org/apache/xmlgraphics/batik-xml/1.7/batik-xml-1.7.pom
[INFO] Downloaded from central: https://repo.maven.apache.org/maven2/org/apache/xmlgraphics/batik-xml/1.7/batik-xml-1.7.pom (3.2 kB at 66 kB/s)
[INFO] Downloading from central: https://repo.maven.apache.org/maven2/xalan/xalan/2.6.0/xalan-2.6.0.pom
[INFO] Downloaded from central: https://repo.maven.apache.org/maven2/xalan/xalan/2.6.0/xalan-2.6.0.pom (491 B at 9.3 kB/s)
[INFO] Downloading from central: https://repo.maven.apache.org/maven2/org/apache/xmlgraphics/batik-parser/1.7/batik-parser-1.7.pom
[INFO] Downloaded from central: https://repo.maven.apache.org/maven2/org/apache/xmlgraphics/batik-parser/1.7/batik-parser-1.7.pom (3.5 kB at 82 kB/s)
[INFO] Downloading from central: https://repo.maven.apache.org/maven2/org/apache/xmlgraphics/batik-bridge/1.7/batik-bridge-1.7.pom
[INFO] Downloaded from central: https://repo.maven.apache.org/maven2/org/apache/xmlgraphics/batik-bridge/1.7/batik-bridge-1.7.pom (5.2 kB at 107 kB/s)
[INFO] Downloading from central: https://repo.maven.apache.org/maven2/org/apache/xmlgraphics/batik-gvt/1.7/batik-gvt-1.7.pom
[INFO] Downloaded from central: https://repo.maven.apache.org/maven2/org/apache/xmlgraphics/batik-gvt/1.7/batik-gvt-1.7.pom (3.7 kB at 83 kB/s)
[INFO] Downloading from central: https://repo.maven.apache.org/maven2/org/apache/xmlgraphics/batik-script/1.7/batik-script-1.7.pom
[INFO] Downloaded from central: https://repo.maven.apache.org/maven2/org/apache/xmlgraphics/batik-script/1.7/batik-script-1.7.pom (4.1 kB at 78 kB/s)
[INFO] Downloading from central: https://repo.maven.apache.org/maven2/org/apache/xmlgraphics/batik-js/1.7/batik-js-1.7.pom
[INFO] Downloaded from central: https://repo.maven.apache.org/maven2/org/apache/xmlgraphics/batik-js/1.7/batik-js-1.7.pom (3.4 kB at 65 kB/s)
[INFO] Downloading from central: https://repo.maven.apache.org/maven2/org/apache/xmlgraphics/batik-transcoder/1.7/batik-transcoder-1.7.pom
[INFO] Downloaded from central: https://repo.maven.apache.org/maven2/org/apache/xmlgraphics/batik-transcoder/1.7/batik-transcoder-1.7.pom (5.6 kB at 113 kB/s)
[INFO] Downloading from central: https://repo.maven.apache.org/maven2/org/apache/xmlgraphics/batik-svggen/1.7/batik-svggen-1.7.pom
[INFO] Downloaded from central: https://repo.maven.apache.org/maven2/org/apache/xmlgraphics/batik-svggen/1.7/batik-svggen-1.7.pom (3.5 kB at 68 kB/s)
[INFO] Downloading from central: https://repo.maven.apache.org/maven2/org/apache/xmlgraphics/batik-extension/1.7/batik-extension-1.7.pom
[INFO] Downloaded from central: https://repo.maven.apache.org/maven2/org/apache/xmlgraphics/batik-extension/1.7/batik-extension-1.7.pom (4.7 kB at 100 kB/s)
[INFO] Downloading from central: https://repo.maven.apache.org/maven2/org/apache/avalon/framework/avalon-framework-api/4.3.1/avalon-framework-api-4.3.1.pom
[INFO] Downloaded from central: https://repo.maven.apache.org/maven2/org/apache/avalon/framework/avalon-framework-api/4.3.1/avalon-framework-api-4.3.1.pom (2.2 kB at 42 kB/s)
[INFO] Downloading from central: https://repo.maven.apache.org/maven2/org/apache/avalon/avalon-framework/1/avalon-framework-1.pom
[INFO] Downloaded from central: https://repo.maven.apache.org/maven2/org/apache/avalon/avalon-framework/1/avalon-framework-1.pom (1.9 kB at 31 kB/s)
[INFO] Downloading from central: https://repo.maven.apache.org/maven2/org/apache/excalibur/excalibur/1/excalibur-1.pom
[INFO] Downloaded from central: https://repo.maven.apache.org/maven2/org/apache/excalibur/excalibur/1/excalibur-1.pom (8.0 kB at 163 kB/s)
[INFO] Downloading from central: https://repo.maven.apache.org/maven2/org/apache/avalon/framework/avalon-framework-impl/4.3.1/avalon-framework-impl-4.3.1.pom
[INFO] Downloaded from central: https://repo.maven.apache.org/maven2/org/apache/avalon/framework/avalon-framework-impl/4.3.1/avalon-framework-impl-4.3.1.pom (2.9 kB at 64 kB/s)
[INFO] Downloading from central: https://repo.maven.apache.org/maven2/net/sf/offo/fop-hyph/2.0/fop-hyph-2.0.pom
[INFO] Downloaded from central: https://repo.maven.apache.org/maven2/net/sf/offo/fop-hyph/2.0/fop-hyph-2.0.pom (2.5 kB at 49 kB/s)
[INFO] Downloading from central: https://repo.maven.apache.org/maven2/net/sf/docbook/docbook-xml/5.0/docbook-xml-5.0.pom
[INFO] Downloaded from central: https://repo.maven.apache.org/maven2/net/sf/docbook/docbook-xml/5.0/docbook-xml-5.0.pom (3.4 kB at 60 kB/s)
[INFO] Downloading from central: https://repo.maven.apache.org/maven2/org/jboss/maven/util/jboss-maven-utils/1.0.0/jboss-maven-utils-1.0.0.pom
[INFO] Downloaded from central: https://repo.maven.apache.org/maven2/org/jboss/maven/util/jboss-maven-utils/1.0.0/jboss-maven-utils-1.0.0.pom (4.3 kB at 80 kB/s)
[INFO] Downloading from central: https://repo.maven.apache.org/maven2/org/jboss/jboss-parent/3/jboss-parent-3.pom
[INFO] Downloaded from central: https://repo.maven.apache.org/maven2/org/jboss/jboss-parent/3/jboss-parent-3.pom (11 kB at 206 kB/s)
[INFO] Downloading from central: https://repo.maven.apache.org/maven2/org/slf4j/slf4j-simple/1.6.1/slf4j-simple-1.6.1.pom
[INFO] Downloaded from central: https://repo.maven.apache.org/maven2/org/slf4j/slf4j-simple/1.6.1/slf4j-simple-1.6.1.pom (1.5 kB at 30 kB/s)
[INFO] Downloading from central: https://repo.maven.apache.org/maven2/org/codehaus/plexus/plexus-archiver/1.2/plexus-archiver-1.2.pom
[INFO] Downloaded from central: https://repo.maven.apache.org/maven2/org/codehaus/plexus/plexus-archiver/1.2/plexus-archiver-1.2.pom (2.0 kB at 44 kB/s)
[INFO] Downloading from central: https://repo.maven.apache.org/maven2/org/jboss/maven/plugins/maven-jdocbook-plugin/2.3.9/maven-jdocbook-plugin-2.3.9.jar
[INFO] Downloading from central: https://repo.maven.apache.org/maven2/org/jboss/pressgang/pressgang-xslt-ns/3.1.3/pressgang-xslt-ns-3.1.3.jar
[INFO] Downloading from central: https://repo.maven.apache.org/maven2/org/jboss/pressgang/pressgang-highlight/3.1.3/pressgang-highlight-3.1.3.jar
[INFO] Downloading from central: https://repo.maven.apache.org/maven2/net/sf/docbook/docbook-xsl/1.76.1/docbook-xsl-1.76.1-ns-resources.zip
[INFO] Downloading from central: https://repo.maven.apache.org/maven2/com/uwyn/jhighlight/1.0/jhighlight-1.0.jar
[INFO] Downloading from central: https://repo.maven.apache.org/maven2/org/jboss/pressgang/pressgang-jdocbook-style/3.1.3/pressgang-jdocbook-style-3.1.3.jdocbook-style
[INFO] Downloading from central: https://repo.maven.apache.org/maven2/org/jboss/jdocbook/jdocbook-core/1.1.1/jdocbook-core-1.1.1.jar
[INFO] Downloaded from central: https://repo.maven.apache.org/maven2/org/jboss/maven/plugins/maven-jdocbook-plugin/2.3.9/maven-jdocbook-plugin-2.3.9.jar (151 kB at 3.1 MB/s)
[INFO] Downloading from central: https://repo.maven.apache.org/maven2/net/sf/docbook/docbook-xsl-xalan/1.0.0/docbook-xsl-xalan-1.0.0.jar
[INFO] Downloaded from central: https://repo.maven.apache.org/maven2/com/uwyn/jhighlight/1.0/jhighlight-1.0.jar (93 kB at 1.9 MB/s)
[INFO] Downloading from central: https://repo.maven.apache.org/maven2/net/sf/docbook/docbook-xsl-saxon/1.0.0/docbook-xsl-saxon-1.0.0.jar
[INFO] Downloading from central: https://repo.maven.apache.org/maven2/net/socialchange/doctype/doctype-changer/1.1/doctype-changer-1.1.jar
[INFO] Downloading from central: https://repo.maven.apache.org/maven2/org/apache/xmlgraphics/fop/1.0/fop-1.0.jar
[INFO] Downloaded from central: https://repo.maven.apache.org/maven2/net/sf/docbook/docbook-xsl-saxon/1.0.0/docbook-xsl-saxon-1.0.0.jar (44 kB at 521 kB/s)
[INFO] Downloading from central: https://repo.maven.apache.org/maven2/org/apache/xmlgraphics/batik-svg-dom/1.7/batik-svg-dom-1.7.jar
[INFO] Downloaded from central: https://repo.maven.apache.org/maven2/net/sf/docbook/docbook-xsl-xalan/1.0.0/docbook-xsl-xalan-1.0.0.jar (32 kB at 353 kB/s)
[INFO] Downloading from central: https://repo.maven.apache.org/maven2/org/apache/xmlgraphics/batik-anim/1.7/batik-anim-1.7.jar
[INFO] Downloaded from central: https://repo.maven.apache.org/maven2/net/sf/docbook/docbook-xsl/1.76.1/docbook-xsl-1.76.1-ns-resources.zip (3.0 MB at 24 MB/s)
[INFO] Downloading from central: https://repo.maven.apache.org/maven2/org/apache/xmlgraphics/batik-css/1.7/batik-css-1.7.jar
[INFO] Downloaded from central: https://repo.maven.apache.org/maven2/org/apache/xmlgraphics/batik-anim/1.7/batik-anim-1.7.jar (95 kB at 696 kB/s)
[INFO] Downloading from central: https://repo.maven.apache.org/maven2/org/apache/xmlgraphics/batik-dom/1.7/batik-dom-1.7.jar
[INFO] Downloaded from central: https://repo.maven.apache.org/maven2/org/apache/xmlgraphics/batik-svg-dom/1.7/batik-svg-dom-1.7.jar (601 kB at 4.3 MB/s)
[INFO] Downloading from central: https://repo.maven.apache.org/maven2/org/apache/xmlgraphics/batik-parser/1.7/batik-parser-1.7.jar
[INFO] Downloaded from central: https://repo.maven.apache.org/maven2/org/apache/xmlgraphics/batik-css/1.7/batik-css-1.7.jar (311 kB at 1.9 MB/s)
[INFO] Downloading from central: https://repo.maven.apache.org/maven2/org/apache/xmlgraphics/batik-util/1.7/batik-util-1.7.jar
[INFO] Downloaded from central: https://repo.maven.apache.org/maven2/org/apache/xmlgraphics/batik-parser/1.7/batik-parser-1.7.jar (73 kB at 425 kB/s)
[INFO] Downloading from central: https://repo.maven.apache.org/maven2/org/apache/xmlgraphics/batik-bridge/1.7/batik-bridge-1.7.jar
[INFO] Downloaded from central: https://repo.maven.apache.org/maven2/org/apache/xmlgraphics/batik-dom/1.7/batik-dom-1.7.jar (174 kB at 904 kB/s)
[INFO] Downloading from central: https://repo.maven.apache.org/maven2/org/apache/xmlgraphics/batik-script/1.7/batik-script-1.7.jar
[INFO] Downloaded from central: https://repo.maven.apache.org/maven2/org/apache/xmlgraphics/fop/1.0/fop-1.0.jar (3.1 MB at 16 MB/s)
[INFO] Downloading from central: https://repo.maven.apache.org/maven2/org/apache/xmlgraphics/batik-js/1.7/batik-js-1.7.jar
[INFO] Downloaded from central: https://repo.maven.apache.org/maven2/org/apache/xmlgraphics/batik-util/1.7/batik-util-1.7.jar (128 kB at 645 kB/s)
[INFO] Downloading from central: https://repo.maven.apache.org/maven2/org/apache/xmlgraphics/batik-xml/1.7/batik-xml-1.7.jar
[INFO] Downloading from central: https://repo.maven.apache.org/maven2/org/apache/xmlgraphics/batik-awt-util/1.7/batik-awt-util-1.7.jar
[INFO] Downloaded from central: https://repo.maven.apache.org/maven2/org/apache/xmlgraphics/batik-script/1.7/batik-script-1.7.jar (61 kB at 262 kB/s)
[INFO] Downloading from central: https://repo.maven.apache.org/maven2/org/apache/xmlgraphics/batik-gvt/1.7/batik-gvt-1.7.jar
[INFO] Downloaded from central: https://repo.maven.apache.org/maven2/org/apache/xmlgraphics/batik-bridge/1.7/batik-bridge-1.7.jar (559 kB at 2.4 MB/s)
[INFO] Downloading from central: https://repo.maven.apache.org/maven2/org/apache/xmlgraphics/batik-transcoder/1.7/batik-transcoder-1.7.jar
[INFO] Downloaded from central: https://repo.maven.apache.org/maven2/org/apache/xmlgraphics/batik-xml/1.7/batik-xml-1.7.jar (31 kB at 132 kB/s)
[INFO] Downloading from central: https://repo.maven.apache.org/maven2/org/apache/xmlgraphics/batik-svggen/1.7/batik-svggen-1.7.jar
[INFO] Downloaded from central: https://repo.maven.apache.org/maven2/org/apache/xmlgraphics/batik-js/1.7/batik-js-1.7.jar (505 kB at 2.0 MB/s)
[INFO] Downloading from central: https://repo.maven.apache.org/maven2/org/apache/xmlgraphics/batik-extension/1.7/batik-extension-1.7.jar
[INFO] Downloaded from central: https://repo.maven.apache.org/maven2/org/apache/xmlgraphics/batik-svggen/1.7/batik-svggen-1.7.jar (215 kB at 809 kB/s)
[INFO] Downloading from central: https://repo.maven.apache.org/maven2/org/apache/xmlgraphics/batik-ext/1.7/batik-ext-1.7.jar
[INFO] Downloaded from central: https://repo.maven.apache.org/maven2/org/apache/xmlgraphics/batik-transcoder/1.7/batik-transcoder-1.7.jar (122 kB at 457 kB/s)
[INFO] Downloading from central: https://repo.maven.apache.org/maven2/commons-io/commons-io/1.3.1/commons-io-1.3.1.jar
[INFO] Downloaded from central: https://repo.maven.apache.org/maven2/org/apache/xmlgraphics/batik-gvt/1.7/batik-gvt-1.7.jar (243 kB at 906 kB/s)
[INFO] Downloading from central: https://repo.maven.apache.org/maven2/org/apache/xmlgraphics/xmlgraphics-commons/1.4/xmlgraphics-commons-1.4.jar
[INFO] Downloaded from central: https://repo.maven.apache.org/maven2/org/apache/xmlgraphics/batik-awt-util/1.7/batik-awt-util-1.7.jar (402 kB at 1.4 MB/s)
[INFO] Downloading from central: https://repo.maven.apache.org/maven2/org/apache/avalon/framework/avalon-framework-api/4.3.1/avalon-framework-api-4.3.1.jar
[INFO] Downloaded from central: https://repo.maven.apache.org/maven2/org/apache/xmlgraphics/batik-extension/1.7/batik-extension-1.7.jar (68 kB at 230 kB/s)
[INFO] Downloading from central: https://repo.maven.apache.org/maven2/org/apache/avalon/framework/avalon-framework-impl/4.3.1/avalon-framework-impl-4.3.1.jar
[INFO] Downloaded from central: https://repo.maven.apache.org/maven2/commons-io/commons-io/1.3.1/commons-io-1.3.1.jar (84 kB at 281 kB/s)
[INFO] Downloading from central: https://repo.maven.apache.org/maven2/net/sf/offo/fop-hyph/2.0/fop-hyph-2.0.jar
[INFO] Downloaded from central: https://repo.maven.apache.org/maven2/org/apache/xmlgraphics/batik-ext/1.7/batik-ext-1.7.jar (10 kB at 34 kB/s)
[INFO] Downloading from central: https://repo.maven.apache.org/maven2/org/jboss/maven/util/jboss-maven-utils/1.0.0/jboss-maven-utils-1.0.0.jar
[INFO] Downloaded from central: https://repo.maven.apache.org/maven2/org/apache/xmlgraphics/xmlgraphics-commons/1.4/xmlgraphics-commons-1.4.jar (569 kB at 1.8 MB/s)
[INFO] Downloading from central: https://repo.maven.apache.org/maven2/org/slf4j/slf4j-simple/1.6.1/slf4j-simple-1.6.1.jar
[INFO] Downloaded from central: https://repo.maven.apache.org/maven2/org/apache/avalon/framework/avalon-framework-api/4.3.1/avalon-framework-api-4.3.1.jar (33 kB at 106 kB/s)
[INFO] Downloading from central: https://repo.maven.apache.org/maven2/saxon/saxon/6.5.3/saxon-6.5.3.jar
[INFO] Downloaded from central: https://repo.maven.apache.org/maven2/org/jboss/maven/util/jboss-maven-utils/1.0.0/jboss-maven-utils-1.0.0.jar (16 kB at 46 kB/s)
[INFO] Downloaded from central: https://repo.maven.apache.org/maven2/org/apache/avalon/framework/avalon-framework-impl/4.3.1/avalon-framework-impl-4.3.1.jar (61 kB at 177 kB/s)
[INFO] Downloading from central: https://repo.maven.apache.org/maven2/org/codehaus/plexus/plexus-archiver/1.2/plexus-archiver-1.2.jar
[INFO] Downloading from central: https://repo.maven.apache.org/maven2/xml-resolver/xml-resolver/1.1/xml-resolver-1.1.jar
[INFO] Downloaded from central: https://repo.maven.apache.org/maven2/org/slf4j/slf4j-simple/1.6.1/slf4j-simple-1.6.1.jar (7.7 kB at 21 kB/s)
[INFO] Downloaded from central: https://repo.maven.apache.org/maven2/saxon/saxon/6.5.3/saxon-6.5.3.jar (630 kB at 1.8 MB/s)
[INFO] Downloaded from central: https://repo.maven.apache.org/maven2/org/codehaus/plexus/plexus-archiver/1.2/plexus-archiver-1.2.jar (182 kB at 470 kB/s)
[INFO] Downloaded from central: https://repo.maven.apache.org/maven2/xml-resolver/xml-resolver/1.1/xml-resolver-1.1.jar (60 kB at 151 kB/s)
[INFO] Downloaded from central: https://repo.maven.apache.org/maven2/net/sf/offo/fop-hyph/2.0/fop-hyph-2.0.jar (6.7 MB at 17 MB/s)
[INFO] Downloading from jboss-public-repository-group: https://repository.jboss.org/nexus/content/groups/public/org/jboss/pressgang/pressgang-xslt-ns/3.1.3/pressgang-xslt-ns-3.1.3.jar
[INFO] Downloading from jboss-public-repository-group: https://repository.jboss.org/nexus/content/groups/public/org/jboss/pressgang/pressgang-jdocbook-style/3.1.3/pressgang-jdocbook-style-3.1.3.jdocbook-style
[INFO] Downloading from jboss-public-repository-group: https://repository.jboss.org/nexus/content/groups/public/org/jboss/pressgang/pressgang-highlight/3.1.3/pressgang-highlight-3.1.3.jar
[INFO] Downloading from jboss-public-repository-group: https://repository.jboss.org/nexus/content/groups/public/net/socialchange/doctype/doctype-changer/1.1/doctype-changer-1.1.jar
[INFO] Downloading from jboss-public-repository-group: https://repository.jboss.org/nexus/content/groups/public/org/jboss/jdocbook/jdocbook-core/1.1.1/jdocbook-core-1.1.1.jar
[INFO] Downloaded from jboss-public-repository-group: https://repository.jboss.org/nexus/content/groups/public/org/jboss/pressgang/pressgang-xslt-ns/3.1.3/pressgang-xslt-ns-3.1.3.jar (14 kB at 706 kB/s)
[INFO] Downloaded from jboss-public-repository-group: https://repository.jboss.org/nexus/content/groups/public/net/socialchange/doctype/doctype-changer/1.1/doctype-changer-1.1.jar (9.4 kB at 324 kB/s)
[INFO] Downloaded from jboss-public-repository-group: https://repository.jboss.org/nexus/content/groups/public/org/jboss/pressgang/pressgang-highlight/3.1.3/pressgang-highlight-3.1.3.jar (11 kB at 395 kB/s)
[INFO] Downloaded from jboss-public-repository-group: https://repository.jboss.org/nexus/content/groups/public/org/jboss/jdocbook/jdocbook-core/1.1.1/jdocbook-core-1.1.1.jar (88 kB at 2.7 MB/s)
[INFO] Downloaded from jboss-public-repository-group: https://repository.jboss.org/nexus/content/groups/public/org/jboss/pressgang/pressgang-jdocbook-style/3.1.3/pressgang-jdocbook-style-3.1.3.jdocbook-style (217 kB at 739 kB/s)
[INFO] Downloading from jboss-public-repository-group: https://repository.jboss.org/nexus/content/groups/public/org/optaplanner/optaplanner-bom/7.30.0-SNAPSHOT/maven-metadata.xml
[INFO] Downloaded from jboss-public-repository-group: https://repository.jboss.org/nexus/content/groups/public/org/optaplanner/optaplanner-bom/7.30.0-SNAPSHOT/maven-metadata.xml (611 B at 1.2 kB/s)
[INFO] Downloading from jboss-public-repository-group: https://repository.jboss.org/nexus/content/groups/public/org/optaplanner/optaplanner-bom/7.30.0-SNAPSHOT/optaplanner-bom-7.30.0-20191117.103259-17.pom
[INFO] Downloaded from jboss-public-repository-group: https://repository.jboss.org/nexus/content/groups/public/org/optaplanner/optaplanner-bom/7.30.0-SNAPSHOT/optaplanner-bom-7.30.0-20191117.103259-17.pom (16 kB at 115 kB/s)
[INFO] Downloading from jboss-public-repository-group: https://repository.jboss.org/nexus/content/groups/public/org/kie/kie-user-bom-parent/7.30.0-SNAPSHOT/maven-metadata.xml
[INFO] Downloaded from jboss-public-repository-group: https://repository.jboss.org/nexus/content/groups/public/org/kie/kie-user-bom-parent/7.30.0-SNAPSHOT/maven-metadata.xml (607 B at 4.1 kB/s)
[INFO] Downloading from jboss-public-repository-group: https://repository.jboss.org/nexus/content/groups/public/org/kie/kie-user-bom-parent/7.30.0-SNAPSHOT/kie-user-bom-parent-7.30.0-20191117.103241-17.pom
[INFO] Downloaded from jboss-public-repository-group: https://repository.jboss.org/nexus/content/groups/public/org/kie/kie-user-bom-parent/7.30.0-SNAPSHOT/kie-user-bom-parent-7.30.0-20191117.103241-17.pom (5.7 kB at 37 kB/s)
[INFO] Downloading from jboss-public-repository-group: https://repository.jboss.org/nexus/content/groups/public/org/drools/drools-bom/7.30.0-SNAPSHOT/maven-metadata.xml
[INFO] Downloaded from jboss-public-repository-group: https://repository.jboss.org/nexus/content/groups/public/org/drools/drools-bom/7.30.0-SNAPSHOT/maven-metadata.xml (601 B at 2.1 kB/s)
[INFO] Downloading from jboss-public-repository-group: https://repository.jboss.org/nexus/content/groups/public/org/drools/drools-bom/7.30.0-SNAPSHOT/drools-bom-7.30.0-20191117.103258-17.pom
[INFO] Downloaded from jboss-public-repository-group: https://repository.jboss.org/nexus/content/groups/public/org/drools/drools-bom/7.30.0-SNAPSHOT/drools-bom-7.30.0-20191117.103258-17.pom (46 kB at 336 kB/s)
[INFO] Downloading from jboss-public-repository-group: https://repository.jboss.org/nexus/content/groups/public/org/kie/kie-bom/7.30.0-SNAPSHOT/maven-metadata.xml
[INFO] Downloaded from jboss-public-repository-group: https://repository.jboss.org/nexus/content/groups/public/org/kie/kie-bom/7.30.0-SNAPSHOT/maven-metadata.xml (595 B at 3.4 kB/s)
[INFO] Downloading from jboss-public-repository-group: https://repository.jboss.org/nexus/content/groups/public/org/kie/kie-bom/7.30.0-SNAPSHOT/kie-bom-7.30.0-20191117.103252-17.pom
[INFO] Downloaded from jboss-public-repository-group: https://repository.jboss.org/nexus/content/groups/public/org/kie/kie-bom/7.30.0-SNAPSHOT/kie-bom-7.30.0-20191117.103252-17.pom (108 kB at 681 kB/s)
[INFO] Downloading from jboss-public-repository-group: https://repository.jboss.org/nexus/content/groups/public/org/kie/soup/kie-soup-bom/7.30.0-SNAPSHOT/maven-metadata.xml
[INFO] Downloaded from jboss-public-repository-group: https://repository.jboss.org/nexus/content/groups/public/org/kie/soup/kie-soup-bom/7.30.0-SNAPSHOT/maven-metadata.xml (605 B at 3.4 kB/s)
[INFO] Downloading from jboss-public-repository-group: https://repository.jboss.org/nexus/content/groups/public/org/kie/soup/kie-soup-bom/7.30.0-SNAPSHOT/kie-soup-bom-7.30.0-20191117.103254-17.pom
[INFO] Downloaded from jboss-public-repository-group: https://repository.jboss.org/nexus/content/groups/public/org/kie/soup/kie-soup-bom/7.30.0-SNAPSHOT/kie-soup-bom-7.30.0-20191117.103254-17.pom (8.8 kB at 33 kB/s)
[INFO] Downloading from jboss-public-repository-group: https://repository.jboss.org/nexus/content/groups/public/org/kie/narayana-integration-bom/7.30.0-SNAPSHOT/maven-metadata.xml
[INFO] Downloaded from jboss-public-repository-group: https://repository.jboss.org/nexus/content/groups/public/org/kie/narayana-integration-bom/7.30.0-SNAPSHOT/maven-metadata.xml (610 B at 3.2 kB/s)
[INFO] Downloading from jboss-public-repository-group: https://repository.jboss.org/nexus/content/groups/public/org/kie/narayana-integration-bom/7.30.0-SNAPSHOT/narayana-integration-bom-7.30.0-20191117.103305-4.pom
[INFO] Downloaded from jboss-public-repository-group: https://repository.jboss.org/nexus/content/groups/public/org/kie/narayana-integration-bom/7.30.0-SNAPSHOT/narayana-integration-bom-7.30.0-20191117.103305-4.pom (3.5 kB at 24 kB/s)
[INFO] Downloading from jboss-public-repository-group: https://repository.jboss.org/nexus/content/groups/public/org/jboss/arquillian/selenium/selenium-bom/3.13.0/selenium-bom-3.13.0.pom
[INFO] Downloading from central: https://repo.maven.apache.org/maven2/org/jboss/arquillian/selenium/selenium-bom/3.13.0/selenium-bom-3.13.0.pom
[INFO] Downloaded from central: https://repo.maven.apache.org/maven2/org/jboss/arquillian/selenium/selenium-bom/3.13.0/selenium-bom-3.13.0.pom (6.1 kB at 180 kB/s)
[INFO] Downloading from jboss-public-repository-group: https://repository.jboss.org/nexus/content/groups/public/org/jboss/errai/bom/errai-internal-bom/4.6.0.Final/errai-internal-bom-4.6.0.Final.pom
[INFO] Downloaded from jboss-public-repository-group: https://repository.jboss.org/nexus/content/groups/public/org/jboss/errai/bom/errai-internal-bom/4.6.0.Final/errai-internal-bom-4.6.0.Final.pom (9.9 kB at 80 kB/s)
[INFO] Downloading from jboss-public-repository-group: https://repository.jboss.org/nexus/content/groups/public/io/thorntail/bom/2.5.0.Final/bom-2.5.0.Final.pom
[INFO] Downloading from central: https://repo.maven.apache.org/maven2/io/thorntail/bom/2.5.0.Final/bom-2.5.0.Final.pom
[INFO] Downloaded from central: https://repo.maven.apache.org/maven2/io/thorntail/bom/2.5.0.Final/bom-2.5.0.Final.pom (14 kB at 368 kB/s)
[INFO] Downloading from jboss-public-repository-group: https://repository.jboss.org/nexus/content/groups/public/io/thorntail/parent/11/parent-11.pom
[INFO] Downloading from central: https://repo.maven.apache.org/maven2/io/thorntail/parent/11/parent-11.pom
[INFO] Downloaded from central: https://repo.maven.apache.org/maven2/io/thorntail/parent/11/parent-11.pom (4.8 kB at 156 kB/s)
[INFO] Downloading from central: https://repo.maven.apache.org/maven2/net/ltgt/gwt/maven/gwt-maven-plugin/1.0-rc-6/gwt-maven-plugin-1.0-rc-6.pom
[INFO] Downloaded from central: https://repo.maven.apache.org/maven2/net/ltgt/gwt/maven/gwt-maven-plugin/1.0-rc-6/gwt-maven-plugin-1.0-rc-6.pom (11 kB at 97 kB/s)
[INFO] Downloading from central: https://repo.maven.apache.org/maven2/org/apache/maven/shared/maven-filtering/3.0.0/maven-filtering-3.0.0.pom
[INFO] Downloaded from central: https://repo.maven.apache.org/maven2/org/apache/maven/shared/maven-filtering/3.0.0/maven-filtering-3.0.0.pom (5.6 kB at 143 kB/s)
[INFO] Downloading from central: https://repo.maven.apache.org/maven2/net/ltgt/gwt/maven/gwt-maven-plugin/1.0-rc-6/gwt-maven-plugin-1.0-rc-6.jar
[INFO] Downloading from central: https://repo.maven.apache.org/maven2/org/codehaus/plexus/plexus-archiver/2.9.1/plexus-archiver-2.9.1.jar
[INFO] Downloading from central: https://repo.maven.apache.org/maven2/org/codehaus/plexus/plexus-io/2.4.1/plexus-io-2.4.1.jar
[INFO] Downloading from central: https://repo.maven.apache.org/maven2/org/apache/maven/shared/maven-filtering/3.0.0/maven-filtering-3.0.0.jar
[INFO] Downloaded from central: https://repo.maven.apache.org/maven2/net/ltgt/gwt/maven/gwt-maven-plugin/1.0-rc-6/gwt-maven-plugin-1.0-rc-6.jar (80 kB at 2.8 MB/s)
[INFO] Downloaded from central: https://repo.maven.apache.org/maven2/org/apache/maven/shared/maven-filtering/3.0.0/maven-filtering-3.0.0.jar (50 kB at 1.6 MB/s)
[INFO] Downloaded from central: https://repo.maven.apache.org/maven2/org/codehaus/plexus/plexus-io/2.4.1/plexus-io-2.4.1.jar (82 kB at 2.2 MB/s)
[INFO] Downloaded from central: https://repo.maven.apache.org/maven2/org/codehaus/plexus/plexus-archiver/2.9.1/plexus-archiver-2.9.1.jar (145 kB at 3.2 MB/s)
Warning: KebabPizza disabling incompatible org.apache.maven.plugins:maven-enforcer-plugin from optaplanner
Warning: KebabPizza disabling incompatible org.apache.maven.plugins:maven-enforcer-plugin from optaplanner-core
[INFO] ------------------------------------------------------------------------
[INFO] Reactor Build Order:
[INFO] 
[INFO] OptaPlanner multiproject parent                                    [pom]
[INFO] OptaPlanner core                                                [bundle]
[INFO] 
[INFO] --------------------< org.optaplanner:optaplanner >---------------------
[INFO] Building OptaPlanner multiproject parent 7.30.0-SNAPSHOT           [1/2]
[INFO] --------------------------------[ pom ]---------------------------------
[INFO] Downloading from jboss-public-repository-group: https://repository.jboss.org/nexus/content/groups/public/org/apache/maven/plugins/maven-failsafe-plugin/3.0.0-M8-SNAPSHOT/maven-metadata.xml
[INFO] Downloading from jboss-public-repository-group: https://repository.jboss.org/nexus/content/groups/public/org/apache/maven/surefire/surefire/3.0.0-M8-SNAPSHOT/maven-metadata.xml
[INFO] 
[INFO] --- maven-clean-plugin:3.1.0:clean (default-clean) @ optaplanner ---
[INFO] 
[INFO] --- maven-checkstyle-plugin:3.0.0:check (validate) @ optaplanner ---
[INFO] Downloading from central: https://repo.maven.apache.org/maven2/com/puppycrawl/tools/checkstyle/8.10.1/checkstyle-8.10.1.pom
[INFO] Downloaded from central: https://repo.maven.apache.org/maven2/com/puppycrawl/tools/checkstyle/8.10.1/checkstyle-8.10.1.pom (106 kB at 2.2 MB/s)
[INFO] Downloading from central: https://repo.maven.apache.org/maven2/com/puppycrawl/tools/checkstyle/8.10.1/checkstyle-8.10.1.jar
[INFO] Downloaded from central: https://repo.maven.apache.org/maven2/com/puppycrawl/tools/checkstyle/8.10.1/checkstyle-8.10.1.jar (1.3 MB at 26 MB/s)
[INFO] 
[INFO] --- buildnumber-maven-plugin:1.4:create (get-scm-revision) @ optaplanner ---
[INFO] Executing: /bin/sh -c cd '/home/srafi/after-cam-ready/compare_/compile_repair_output/work/fe9a72975c54' && 'git' 'rev-parse' '--verify' 'HEAD'
[INFO] Working directory: /home/srafi/after-cam-ready/compare_/compile_repair_output/work/fe9a72975c54
[INFO] Storing buildNumber: dff7457cb5ba1557727deddef5b675dd00fbf8a8 at timestamp: 1786825788350
[WARNING] Cannot get the branch information from the git repository: 
Detecting the current branch failed: fatal: ref HEAD is not a symbolic ref

[INFO] Executing: /bin/sh -c cd '/home/srafi/after-cam-ready/compare_/compile_repair_output/work/fe9a72975c54' && 'git' 'rev-parse' '--verify' 'HEAD'
[INFO] Working directory: /home/srafi/after-cam-ready/compare_/compile_repair_output/work/fe9a72975c54
[INFO] Storing buildScmBranch: UNKNOWN
[INFO] 
[INFO] --- build-helper-maven-plugin:3.0.0:add-source (default) @ optaplanner ---
[INFO] Source directory: /home/srafi/after-cam-ready/compare_/compile_repair_output/work/fe9a72975c54/target/generated-sources/annotations added.
[INFO] 
[INFO] --- build-helper-maven-plugin:3.0.0:parse-version (default) @ optaplanner ---
[INFO] 
[INFO] --- maven-source-plugin:3.0.1:jar-no-fork (attach-sources) @ optaplanner ---
[INFO] 
[INFO] --- maven-source-plugin:3.0.1:test-jar-no-fork (attach-test-sources) @ optaplanner ---
[INFO] 
[INFO] --- maven-jar-plugin:3.1.0:test-jar (test-jar) @ optaplanner ---
[INFO] Skipping packaging of the test-jar
[INFO] 
[INFO] --- maven-failsafe-plugin:3.0.0-M8-SNAPSHOT:integration-test (default) @ optaplanner ---
[INFO] Downloading from jboss-public-repository-group: https://repository.jboss.org/nexus/content/groups/public/org/apache/maven/surefire/maven-surefire-common/3.0.0-M8-SNAPSHOT/maven-metadata.xml
[INFO] Downloading from apache.snapshots: https://repository.apache.org/snapshots/org/apache/maven/surefire/maven-surefire-common/3.0.0-M8-SNAPSHOT/maven-metadata.xml
[INFO] Downloading from jboss-public-repository-group: https://repository.jboss.org/nexus/content/groups/public/org/apache/maven/surefire/surefire-api/3.0.0-M8-SNAPSHOT/maven-metadata.xml
[INFO] Downloading from apache.snapshots: https://repository.apache.org/snapshots/org/apache/maven/surefire/surefire-api/3.0.0-M8-SNAPSHOT/maven-metadata.xml
[INFO] Downloading from jboss-public-repository-group: https://repository.jboss.org/nexus/content/groups/public/org/apache/maven/surefire/surefire-logger-api/3.0.0-M8-SNAPSHOT/maven-metadata.xml
[INFO] Downloading from apache.snapshots: https://repository.apache.org/snapshots/org/apache/maven/surefire/surefire-logger-api/3.0.0-M8-SNAPSHOT/maven-metadata.xml
[INFO] Downloading from jboss-public-repository-group: https://repository.jboss.org/nexus/content/groups/public/org/apache/maven/surefire/surefire-shared-utils/3.0.0-M8-SNAPSHOT/maven-metadata.xml
[INFO] Downloading from apache.snapshots: https://repository.apache.org/snapshots/org/apache/maven/surefire/surefire-shared-utils/3.0.0-M8-SNAPSHOT/maven-metadata.xml
[INFO] Downloading from jboss-public-repository-group: https://repository.jboss.org/nexus/content/groups/public/org/apache/maven/surefire/surefire-extensions-api/3.0.0-M8-SNAPSHOT/maven-metadata.xml
[INFO] Downloading from apache.snapshots: https://repository.apache.org/snapshots/org/apache/maven/surefire/surefire-extensions-api/3.0.0-M8-SNAPSHOT/maven-metadata.xml
[INFO] Downloading from jboss-public-repository-group: https://repository.jboss.org/nexus/content/groups/public/org/apache/maven/surefire/surefire-booter/3.0.0-M8-SNAPSHOT/maven-metadata.xml
[INFO] Downloading from apache.snapshots: https://repository.apache.org/snapshots/org/apache/maven/surefire/surefire-booter/3.0.0-M8-SNAPSHOT/maven-metadata.xml
[INFO] Downloading from jboss-public-repository-group: https://repository.jboss.org/nexus/content/groups/public/org/apache/maven/surefire/surefire-extensions-spi/3.0.0-M8-SNAPSHOT/maven-metadata.xml
[INFO] Downloading from apache.snapshots: https://repository.apache.org/snapshots/org/apache/maven/surefire/surefire-extensions-spi/3.0.0-M8-SNAPSHOT/maven-metadata.xml
[INFO] Tests are skipped.
[INFO] 
[INFO] --- maven-failsafe-plugin:3.0.0-M8-SNAPSHOT:verify (default) @ optaplanner ---
[INFO] Tests are skipped.
[INFO] 
[INFO] --- maven-install-plugin:2.5.2:install (default-install) @ optaplanner ---
[INFO] Installing /home/srafi/after-cam-ready/compare_/compile_repair_output/work/fe9a72975c54/pom.xml to /home/srafi/.m2/repository/org/optaplanner/optaplanner/7.30.0-SNAPSHOT/optaplanner-7.30.0-SNAPSHOT.pom
[INFO] 
[INFO] ------------------< org.optaplanner:optaplanner-core >------------------
[INFO] Building OptaPlanner core 7.30.0-SNAPSHOT                          [2/2]
[INFO] -------------------------------[ bundle ]-------------------------------
[INFO] Downloading from jboss-public-repository-group: https://repository.jboss.org/nexus/content/groups/public/org/apache/maven/plugins/maven-surefire-plugin/3.0.0-M8-SNAPSHOT/maven-metadata.xml
[INFO] Downloading from central: https://repo.maven.apache.org/maven2/org/revapi/revapi-maven-plugin/0.9.5/revapi-maven-plugin-0.9.5.pom
[INFO] Downloaded from central: https://repo.maven.apache.org/maven2/org/revapi/revapi-maven-plugin/0.9.5/revapi-maven-plugin-0.9.5.pom (14 kB at 215 kB/s)
[INFO] Downloading from central: https://repo.maven.apache.org/maven2/org/revapi/revapi-build/34/revapi-build-34.pom
[INFO] Downloaded from central: https://repo.maven.apache.org/maven2/org/revapi/revapi-build/34/revapi-build-34.pom (18 kB at 415 kB/s)
[INFO] Downloading from central: https://repo.maven.apache.org/maven2/org/revapi/revapi-parent/9/revapi-parent-9.pom
[INFO] Downloaded from central: https://repo.maven.apache.org/maven2/org/revapi/revapi-parent/9/revapi-parent-9.pom (14 kB at 254 kB/s)
[INFO] Downloading from central: https://repo.maven.apache.org/maven2/org/revapi/revapi-maven-plugin/0.9.5/revapi-maven-plugin-0.9.5.jar
[INFO] Downloaded from central: https://repo.maven.apache.org/maven2/org/revapi/revapi-maven-plugin/0.9.5/revapi-maven-plugin-0.9.5.jar (131 kB at 3.0 MB/s)
[INFO] Downloading from jboss-public-repository-group: https://repository.jboss.org/nexus/content/groups/public/org/kie/kie-api/7.30.0-SNAPSHOT/maven-metadata.xml
[INFO] Downloaded from jboss-public-repository-group: https://repository.jboss.org/nexus/content/groups/public/org/kie/kie-api/7.30.0-SNAPSHOT/maven-metadata.xml (1.6 kB at 6.0 kB/s)
[INFO] Downloading from jboss-public-repository-group: https://repository.jboss.org/nexus/content/groups/public/org/kie/kie-api/7.30.0-SNAPSHOT/kie-api-7.30.0-20191117.165713-30.pom
[INFO] Downloaded from jboss-public-repository-group: https://repository.jboss.org/nexus/content/groups/public/org/kie/kie-api/7.30.0-SNAPSHOT/kie-api-7.30.0-20191117.165713-30.pom (7.2 kB at 48 kB/s)
[INFO] Downloading from jboss-public-repository-group: https://repository.jboss.org/nexus/content/groups/public/org/kie/kie-api-parent/7.30.0-SNAPSHOT/maven-metadata.xml
[INFO] Downloaded from jboss-public-repository-group: https://repository.jboss.org/nexus/content/groups/public/org/kie/kie-api-parent/7.30.0-SNAPSHOT/maven-metadata.xml (602 B at 3.6 kB/s)
[INFO] Downloading from jboss-public-repository-group: https://repository.jboss.org/nexus/content/groups/public/org/kie/kie-api-parent/7.30.0-SNAPSHOT/kie-api-parent-7.30.0-20191117.165651-30.pom
[INFO] Downloaded from jboss-public-repository-group: https://repository.jboss.org/nexus/content/groups/public/org/kie/kie-api-parent/7.30.0-SNAPSHOT/kie-api-parent-7.30.0-20191117.165651-30.pom (2.5 kB at 16 kB/s)
[INFO] Downloading from jboss-public-repository-group: https://repository.jboss.org/nexus/content/groups/public/org/kie/soup/kie-soup-maven-support/7.30.0-SNAPSHOT/maven-metadata.xml
[INFO] Downloaded from jboss-public-repository-group: https://repository.jboss.org/nexus/content/groups/public/org/kie/soup/kie-soup-maven-support/7.30.0-SNAPSHOT/maven-metadata.xml (1.7 kB at 9.1 kB/s)
[INFO] Downloading from jboss-public-repository-group: https://repository.jboss.org/nexus/content/groups/public/org/kie/soup/kie-soup-maven-support/7.30.0-SNAPSHOT/kie-soup-maven-support-7.30.0-20191117.104032-21.pom
[INFO] Downloaded from jboss-public-repository-group: https://repository.jboss.org/nexus/content/groups/public/org/kie/soup/kie-soup-maven-support/7.30.0-SNAPSHOT/kie-soup-maven-support-7.30.0-20191117.104032-21.pom (1.4 kB at 11 kB/s)
[INFO] Downloading from jboss-public-repository-group: https://repository.jboss.org/nexus/content/groups/public/org/kie/soup/kie-soup-maven-utils/7.30.0-SNAPSHOT/maven-metadata.xml
[INFO] Downloaded from jboss-public-repository-group: https://repository.jboss.org/nexus/content/groups/public/org/kie/soup/kie-soup-maven-utils/7.30.0-SNAPSHOT/maven-metadata.xml (827 B at 6.4 kB/s)
[INFO] Downloading from jboss-public-repository-group: https://repository.jboss.org/nexus/content/groups/public/org/kie/soup/kie-soup-maven-utils/7.30.0-SNAPSHOT/kie-soup-maven-utils-7.30.0-20191117.104025-20.pom
[INFO] Downloaded from jboss-public-repository-group: https://repository.jboss.org/nexus/content/groups/public/org/kie/soup/kie-soup-maven-utils/7.30.0-SNAPSHOT/kie-soup-maven-utils-7.30.0-20191117.104025-20.pom (1.3 kB at 9.8 kB/s)
[INFO] Downloading from jboss-public-repository-group: https://repository.jboss.org/nexus/content/groups/public/org/kie/soup/kie-soup-parent/7.30.0-SNAPSHOT/maven-metadata.xml
[INFO] Downloaded from jboss-public-repository-group: https://repository.jboss.org/nexus/content/groups/public/org/kie/soup/kie-soup-parent/7.30.0-SNAPSHOT/maven-metadata.xml (822 B at 6.7 kB/s)
[INFO] Downloading from jboss-public-repository-group: https://repository.jboss.org/nexus/content/groups/public/org/kie/soup/kie-soup-parent/7.30.0-SNAPSHOT/kie-soup-parent-7.30.0-20191117.103926-20.pom
[INFO] Downloaded from jboss-public-repository-group: https://repository.jboss.org/nexus/content/groups/public/org/kie/soup/kie-soup-parent/7.30.0-SNAPSHOT/kie-soup-parent-7.30.0-20191117.103926-20.pom (28 kB at 225 kB/s)
[INFO] Downloading from jboss-public-repository-group: https://repository.jboss.org/nexus/content/groups/public/org/kie/kie-internal/7.30.0-SNAPSHOT/maven-metadata.xml
[INFO] Downloaded from jboss-public-repository-group: https://repository.jboss.org/nexus/content/groups/public/org/kie/kie-internal/7.30.0-SNAPSHOT/maven-metadata.xml (1.6 kB at 13 kB/s)
[INFO] Downloading from jboss-public-repository-group: https://repository.jboss.org/nexus/content/groups/public/org/kie/kie-internal/7.30.0-SNAPSHOT/kie-internal-7.30.0-20191117.165737-30.pom
[INFO] Downloaded from jboss-public-repository-group: https://repository.jboss.org/nexus/content/groups/public/org/kie/kie-internal/7.30.0-SNAPSHOT/kie-internal-7.30.0-20191117.165737-30.pom (7.4 kB at 41 kB/s)
[INFO] Downloading from jboss-public-repository-group: https://repository.jboss.org/nexus/content/groups/public/org/drools/drools-core/7.30.0-SNAPSHOT/maven-metadata.xml
[INFO] Downloaded from jboss-public-repository-group: https://repository.jboss.org/nexus/content/groups/public/org/drools/drools-core/7.30.0-SNAPSHOT/maven-metadata.xml (1.6 kB at 13 kB/s)
[INFO] Downloading from jboss-public-repository-group: https://repository.jboss.org/nexus/content/groups/public/org/drools/drools-core/7.30.0-SNAPSHOT/drools-core-7.30.0-20191117.170621-44.pom
[INFO] Downloaded from jboss-public-repository-group: https://repository.jboss.org/nexus/content/groups/public/org/drools/drools-core/7.30.0-SNAPSHOT/drools-core-7.30.0-20191117.170621-44.pom (10 kB at 118 kB/s)
[INFO] Downloading from jboss-public-repository-group: https://repository.jboss.org/nexus/content/groups/public/org/drools/drools/7.30.0-SNAPSHOT/maven-metadata.xml
[INFO] Downloaded from jboss-public-repository-group: https://repository.jboss.org/nexus/content/groups/public/org/drools/drools/7.30.0-SNAPSHOT/maven-metadata.xml (597 B at 4.6 kB/s)
[INFO] Downloading from jboss-public-repository-group: https://repository.jboss.org/nexus/content/groups/public/org/drools/drools/7.30.0-SNAPSHOT/drools-7.30.0-20191117.170417-44.pom
[INFO] Downloaded from jboss-public-repository-group: https://repository.jboss.org/nexus/content/groups/public/org/drools/drools/7.30.0-SNAPSHOT/drools-7.30.0-20191117.170417-44.pom (5.8 kB at 30 kB/s)
[INFO] Downloading from jboss-public-repository-group: https://repository.jboss.org/nexus/content/groups/public/org/uberfire/uberfire-bom/7.30.0-SNAPSHOT/maven-metadata.xml
[INFO] Downloaded from jboss-public-repository-group: https://repository.jboss.org/nexus/content/groups/public/org/uberfire/uberfire-bom/7.30.0-SNAPSHOT/maven-metadata.xml (605 B at 5.2 kB/s)
[INFO] Downloading from jboss-public-repository-group: https://repository.jboss.org/nexus/content/groups/public/org/uberfire/uberfire-bom/7.30.0-SNAPSHOT/uberfire-bom-7.30.0-20191117.103256-17.pom
[INFO] Downloaded from jboss-public-repository-group: https://repository.jboss.org/nexus/content/groups/public/org/uberfire/uberfire-bom/7.30.0-SNAPSHOT/uberfire-bom-7.30.0-20191117.103256-17.pom (62 kB at 439 kB/s)
[INFO] Downloading from jboss-public-repository-group: https://repository.jboss.org/nexus/content/groups/public/org/kie/soup/kie-soup-commons/7.30.0-SNAPSHOT/maven-metadata.xml
[INFO] Downloaded from jboss-public-repository-group: https://repository.jboss.org/nexus/content/groups/public/org/kie/soup/kie-soup-commons/7.30.0-SNAPSHOT/maven-metadata.xml (1.7 kB at 11 kB/s)
[INFO] Downloading from jboss-public-repository-group: https://repository.jboss.org/nexus/content/groups/public/org/kie/soup/kie-soup-commons/7.30.0-SNAPSHOT/kie-soup-commons-7.30.0-20191117.103942-20.pom
[INFO] Downloaded from jboss-public-repository-group: https://repository.jboss.org/nexus/content/groups/public/org/kie/soup/kie-soup-commons/7.30.0-SNAPSHOT/kie-soup-commons-7.30.0-20191117.103942-20.pom (3.1 kB at 18 kB/s)
[INFO] Downloading from jboss-public-repository-group: https://repository.jboss.org/nexus/content/groups/public/org/kie/soup/kie-soup-project-datamodel-commons/7.30.0-SNAPSHOT/maven-metadata.xml
[INFO] Downloaded from jboss-public-repository-group: https://repository.jboss.org/nexus/content/groups/public/org/kie/soup/kie-soup-project-datamodel-commons/7.30.0-SNAPSHOT/maven-metadata.xml (1.7 kB at 7.4 kB/s)
[INFO] Downloading from jboss-public-repository-group: https://repository.jboss.org/nexus/content/groups/public/org/kie/soup/kie-soup-project-datamodel-commons/7.30.0-SNAPSHOT/kie-soup-project-datamodel-commons-7.30.0-20191117.104016-20.pom
[INFO] Downloaded from jboss-public-repository-group: https://repository.jboss.org/nexus/content/groups/public/org/kie/soup/kie-soup-project-datamodel-commons/7.30.0-SNAPSHOT/kie-soup-project-datamodel-commons-7.30.0-20191117.104016-20.pom (3.1 kB at 19 kB/s)
[INFO] Downloading from jboss-public-repository-group: https://repository.jboss.org/nexus/content/groups/public/org/kie/soup/kie-soup-project-datamodel/7.30.0-SNAPSHOT/maven-metadata.xml
[INFO] Downloaded from jboss-public-repository-group: https://repository.jboss.org/nexus/content/groups/public/org/kie/soup/kie-soup-project-datamodel/7.30.0-SNAPSHOT/maven-metadata.xml (833 B at 4.9 kB/s)
[INFO] Downloading from jboss-public-repository-group: https://repository.jboss.org/nexus/content/groups/public/org/kie/soup/kie-soup-project-datamodel/7.30.0-SNAPSHOT/kie-soup-project-datamodel-7.30.0-20191117.103952-20.pom
[INFO] Downloaded from jboss-public-repository-group: https://repository.jboss.org/nexus/content/groups/public/org/kie/soup/kie-soup-project-datamodel/7.30.0-SNAPSHOT/kie-soup-project-datamodel-7.30.0-20191117.103952-20.pom (1.4 kB at 11 kB/s)
[INFO] Downloading from jboss-public-repository-group: https://repository.jboss.org/nexus/content/groups/public/org/kie/soup/kie-soup-project-datamodel-api/7.30.0-SNAPSHOT/maven-metadata.xml
[INFO] Downloaded from jboss-public-repository-group: https://repository.jboss.org/nexus/content/groups/public/org/kie/soup/kie-soup-project-datamodel-api/7.30.0-SNAPSHOT/maven-metadata.xml (1.7 kB at 16 kB/s)
[INFO] Downloading from jboss-public-repository-group: https://repository.jboss.org/nexus/content/groups/public/org/kie/soup/kie-soup-project-datamodel-api/7.30.0-SNAPSHOT/kie-soup-project-datamodel-api-7.30.0-20191117.104001-20.pom
[INFO] Downloaded from jboss-public-repository-group: https://repository.jboss.org/nexus/content/groups/public/org/kie/soup/kie-soup-project-datamodel-api/7.30.0-SNAPSHOT/kie-soup-project-datamodel-api-7.30.0-20191117.104001-20.pom (2.7 kB at 17 kB/s)
[INFO] Downloading from jboss-public-repository-group: https://repository.jboss.org/nexus/content/groups/public/org/drools/drools-compiler/7.30.0-SNAPSHOT/maven-metadata.xml
[INFO] Downloaded from jboss-public-repository-group: https://repository.jboss.org/nexus/content/groups/public/org/drools/drools-compiler/7.30.0-SNAPSHOT/maven-metadata.xml (1.6 kB at 14 kB/s)
[INFO] Downloading from jboss-public-repository-group: https://repository.jboss.org/nexus/content/groups/public/org/drools/drools-compiler/7.30.0-SNAPSHOT/drools-compiler-7.30.0-20191117.171059-44.pom
[INFO] Downloaded from jboss-public-repository-group: https://repository.jboss.org/nexus/content/groups/public/org/drools/drools-compiler/7.30.0-SNAPSHOT/drools-compiler-7.30.0-20191117.171059-44.pom (14 kB at 157 kB/s)
[INFO] Downloading from jboss-public-repository-group: https://repository.jboss.org/nexus/content/groups/public/org/drools/drools-canonical-model/7.30.0-SNAPSHOT/maven-metadata.xml
[INFO] Downloaded from jboss-public-repository-group: https://repository.jboss.org/nexus/content/groups/public/org/drools/drools-canonical-model/7.30.0-SNAPSHOT/maven-metadata.xml (1.7 kB at 10 kB/s)
[INFO] Downloading from jboss-public-repository-group: https://repository.jboss.org/nexus/content/groups/public/org/drools/drools-canonical-model/7.30.0-SNAPSHOT/drools-canonical-model-7.30.0-20191117.171903-44.pom
[INFO] Downloaded from jboss-public-repository-group: https://repository.jboss.org/nexus/content/groups/public/org/drools/drools-canonical-model/7.30.0-SNAPSHOT/drools-canonical-model-7.30.0-20191117.171903-44.pom (1.2 kB at 14 kB/s)
[INFO] Downloading from jboss-public-repository-group: https://repository.jboss.org/nexus/content/groups/public/org/drools/drools-model/7.30.0-SNAPSHOT/maven-metadata.xml
[INFO] Downloaded from jboss-public-repository-group: https://repository.jboss.org/nexus/content/groups/public/org/drools/drools-model/7.30.0-SNAPSHOT/maven-metadata.xml (603 B at 4.4 kB/s)
[INFO] Downloading from jboss-public-repository-group: https://repository.jboss.org/nexus/content/groups/public/org/drools/drools-model/7.30.0-SNAPSHOT/drools-model-7.30.0-20191117.171845-44.pom
[INFO] Downloaded from jboss-public-repository-group: https://repository.jboss.org/nexus/content/groups/public/org/drools/drools-model/7.30.0-SNAPSHOT/drools-model-7.30.0-20191117.171845-44.pom (1.7 kB at 8.1 kB/s)
[INFO] Downloading from jboss-public-repository-group: https://repository.jboss.org/nexus/content/groups/public/org/drools/drools-model-compiler/7.30.0-SNAPSHOT/maven-metadata.xml
[INFO] Downloaded from jboss-public-repository-group: https://repository.jboss.org/nexus/content/groups/public/org/drools/drools-model-compiler/7.30.0-SNAPSHOT/maven-metadata.xml (1.7 kB at 11 kB/s)
[INFO] Downloading from jboss-public-repository-group: https://repository.jboss.org/nexus/content/groups/public/org/drools/drools-model-compiler/7.30.0-SNAPSHOT/drools-model-compiler-7.30.0-20191117.172224-44.pom
[INFO] Downloaded from jboss-public-repository-group: https://repository.jboss.org/nexus/content/groups/public/org/drools/drools-model-compiler/7.30.0-SNAPSHOT/drools-model-compiler-7.30.0-20191117.172224-44.pom (4.0 kB at 34 kB/s)
[INFO] Downloading from jboss-public-repository-group: https://repository.jboss.org/nexus/content/groups/public/com/github/javaparser/javaparser-core/3.13.10/javaparser-core-3.13.10.pom
[INFO] Downloading from central: https://repo.maven.apache.org/maven2/com/github/javaparser/javaparser-core/3.13.10/javaparser-core-3.13.10.pom
[INFO] Downloaded from central: https://repo.maven.apache.org/maven2/com/github/javaparser/javaparser-core/3.13.10/javaparser-core-3.13.10.pom (4.9 kB at 81 kB/s)
[INFO] Downloading from jboss-public-repository-group: https://repository.jboss.org/nexus/content/groups/public/com/github/javaparser/javaparser-parent/3.13.10/javaparser-parent-3.13.10.pom
[INFO] Downloading from central: https://repo.maven.apache.org/maven2/com/github/javaparser/javaparser-parent/3.13.10/javaparser-parent-3.13.10.pom
[INFO] Downloaded from central: https://repo.maven.apache.org/maven2/com/github/javaparser/javaparser-parent/3.13.10/javaparser-parent-3.13.10.pom (14 kB at 282 kB/s)
[INFO] Downloading from jboss-public-repository-group: https://repository.jboss.org/nexus/content/groups/public/org/drools/drools-mvel-parser/7.30.0-SNAPSHOT/maven-metadata.xml
[INFO] Downloaded from jboss-public-repository-group: https://repository.jboss.org/nexus/content/groups/public/org/drools/drools-mvel-parser/7.30.0-SNAPSHOT/maven-metadata.xml (1.7 kB at 9.4 kB/s)
[INFO] Downloading from jboss-public-repository-group: https://repository.jboss.org/nexus/content/groups/public/org/drools/drools-mvel-parser/7.30.0-SNAPSHOT/drools-mvel-parser-7.30.0-20191117.171933-44.pom
[INFO] Downloaded from jboss-public-repository-group: https://repository.jboss.org/nexus/content/groups/public/org/drools/drools-mvel-parser/7.30.0-SNAPSHOT/drools-mvel-parser-7.30.0-20191117.171933-44.pom (3.0 kB at 43 kB/s)
[INFO] Downloading from jboss-public-repository-group: https://repository.jboss.org/nexus/content/groups/public/org/drools/drools-mvel-compiler/7.30.0-SNAPSHOT/maven-metadata.xml
[INFO] Downloaded from jboss-public-repository-group: https://repository.jboss.org/nexus/content/groups/public/org/drools/drools-mvel-compiler/7.30.0-SNAPSHOT/maven-metadata.xml (1.7 kB at 6.7 kB/s)
[INFO] Downloading from jboss-public-repository-group: https://repository.jboss.org/nexus/content/groups/public/org/drools/drools-mvel-compiler/7.30.0-SNAPSHOT/drools-mvel-compiler-7.30.0-20191117.171956-44.pom
[INFO] Downloaded from jboss-public-repository-group: https://repository.jboss.org/nexus/content/groups/public/org/drools/drools-mvel-compiler/7.30.0-SNAPSHOT/drools-mvel-compiler-7.30.0-20191117.171956-44.pom (1.9 kB at 22 kB/s)
[INFO] Downloading from jboss-public-repository-group: https://repository.jboss.org/nexus/content/groups/public/org/apache/commons/commons-math3/3.4.1/commons-math3-3.4.1.pom
[INFO] Downloading from central: https://repo.maven.apache.org/maven2/org/apache/commons/commons-math3/3.4.1/commons-math3-3.4.1.pom
[INFO] Downloaded from central: https://repo.maven.apache.org/maven2/org/apache/commons/commons-math3/3.4.1/commons-math3-3.4.1.pom (27 kB at 579 kB/s)
[INFO] Downloading from jboss-public-repository-group: https://repository.jboss.org/nexus/content/groups/public/org/kie/kie-api/7.30.0-SNAPSHOT/kie-api-7.30.0-20191117.165713-30.jar
[INFO] Downloading from jboss-public-repository-group: https://repository.jboss.org/nexus/content/groups/public/org/kie/soup/kie-soup-maven-support/7.30.0-SNAPSHOT/kie-soup-maven-support-7.30.0-20191117.104032-21.jar
[INFO] Downloading from jboss-public-repository-group: https://repository.jboss.org/nexus/content/groups/public/org/kie/kie-internal/7.30.0-SNAPSHOT/kie-internal-7.30.0-20191117.165737-30.jar
[INFO] Downloading from jboss-public-repository-group: https://repository.jboss.org/nexus/content/groups/public/org/kie/soup/kie-soup-commons/7.30.0-SNAPSHOT/kie-soup-commons-7.30.0-20191117.103942-20.jar
[INFO] Downloading from jboss-public-repository-group: https://repository.jboss.org/nexus/content/groups/public/org/drools/drools-core/7.30.0-SNAPSHOT/drools-core-7.30.0-20191117.170621-44.jar
[INFO] Downloaded from jboss-public-repository-group: https://repository.jboss.org/nexus/content/groups/public/org/kie/kie-internal/7.30.0-SNAPSHOT/kie-internal-7.30.0-20191117.165737-30.jar (280 kB at 1.9 MB/s)
[INFO] Downloading from jboss-public-repository-group: https://repository.jboss.org/nexus/content/groups/public/org/kie/soup/kie-soup-project-datamodel-commons/7.30.0-SNAPSHOT/kie-soup-project-datamodel-commons-7.30.0-20191117.104016-20.jar
[INFO] Downloaded from jboss-public-repository-group: https://repository.jboss.org/nexus/content/groups/public/org/kie/soup/kie-soup-commons/7.30.0-SNAPSHOT/kie-soup-commons-7.30.0-20191117.103942-20.jar (32 kB at 198 kB/s)
[INFO] Downloading from jboss-public-repository-group: https://repository.jboss.org/nexus/content/groups/public/org/kie/soup/kie-soup-project-datamodel-api/7.30.0-SNAPSHOT/kie-soup-project-datamodel-api-7.30.0-20191117.104001-20.jar
[INFO] Downloaded from jboss-public-repository-group: https://repository.jboss.org/nexus/content/groups/public/org/kie/kie-api/7.30.0-SNAPSHOT/kie-api-7.30.0-20191117.165713-30.jar (243 kB at 1.3 MB/s)
[INFO] Downloading from jboss-public-repository-group: https://repository.jboss.org/nexus/content/groups/public/org/drools/drools-compiler/7.30.0-SNAPSHOT/drools-compiler-7.30.0-20191117.171059-44.jar
[INFO] Downloaded from jboss-public-repository-group: https://repository.jboss.org/nexus/content/groups/public/org/kie/soup/kie-soup-maven-support/7.30.0-SNAPSHOT/kie-soup-maven-support-7.30.0-20191117.104032-21.jar (17 kB at 67 kB/s)
[INFO] Downloading from jboss-public-repository-group: https://repository.jboss.org/nexus/content/groups/public/org/drools/drools-compiler/7.30.0-SNAPSHOT/drools-compiler-7.30.0-20191117.171059-44-tests.jar
[INFO] Downloaded from jboss-public-repository-group: https://repository.jboss.org/nexus/content/groups/public/org/kie/soup/kie-soup-project-datamodel-api/7.30.0-SNAPSHOT/kie-soup-project-datamodel-api-7.30.0-20191117.104001-20.jar (41 kB at 142 kB/s)
[INFO] Downloading from jboss-public-repository-group: https://repository.jboss.org/nexus/content/groups/public/org/drools/drools-canonical-model/7.30.0-SNAPSHOT/drools-canonical-model-7.30.0-20191117.171903-44.jar
[INFO] Downloaded from jboss-public-repository-group: https://repository.jboss.org/nexus/content/groups/public/org/drools/drools-core/7.30.0-SNAPSHOT/drools-core-7.30.0-20191117.170621-44.jar (3.9 MB at 13 MB/s)
[INFO] Downloading from jboss-public-repository-group: https://repository.jboss.org/nexus/content/groups/public/org/drools/drools-model-compiler/7.30.0-SNAPSHOT/drools-model-compiler-7.30.0-20191117.172224-44.jar
[INFO] Downloaded from jboss-public-repository-group: https://repository.jboss.org/nexus/content/groups/public/org/kie/soup/kie-soup-project-datamodel-commons/7.30.0-SNAPSHOT/kie-soup-project-datamodel-commons-7.30.0-20191117.104016-20.jar (44 kB at 141 kB/s)
[INFO] Downloading from jboss-public-repository-group: https://repository.jboss.org/nexus/content/groups/public/com/github/javaparser/javaparser-core/3.13.10/javaparser-core-3.13.10.jar
[INFO] Downloaded from jboss-public-repository-group: https://repository.jboss.org/nexus/content/groups/public/org/drools/drools-compiler/7.30.0-SNAPSHOT/drools-compiler-7.30.0-20191117.171059-44.jar (1.7 MB at 4.8 MB/s)
[INFO] Downloading from jboss-public-repository-group: https://repository.jboss.org/nexus/content/groups/public/org/drools/drools-mvel-parser/7.30.0-SNAPSHOT/drools-mvel-parser-7.30.0-20191117.171933-44.jar
[INFO] Downloaded from jboss-public-repository-group: https://repository.jboss.org/nexus/content/groups/public/org/drools/drools-canonical-model/7.30.0-SNAPSHOT/drools-canonical-model-7.30.0-20191117.171903-44.jar (494 kB at 1.2 MB/s)
[INFO] Downloading from jboss-public-repository-group: https://repository.jboss.org/nexus/content/groups/public/org/drools/drools-mvel-compiler/7.30.0-SNAPSHOT/drools-mvel-compiler-7.30.0-20191117.171956-44.jar
[INFO] Downloading from jboss-public-repository-group: https://repository.jboss.org/nexus/content/groups/public/org/apache/commons/commons-math3/3.4.1/commons-math3-3.4.1.jar
[INFO] Downloaded from jboss-public-repository-group: https://repository.jboss.org/nexus/content/groups/public/org/drools/drools-model-compiler/7.30.0-SNAPSHOT/drools-model-compiler-7.30.0-20191117.172224-44.jar (513 kB at 1.0 MB/s)
[INFO] Downloaded from jboss-public-repository-group: https://repository.jboss.org/nexus/content/groups/public/org/drools/drools-mvel-parser/7.30.0-SNAPSHOT/drools-mvel-parser-7.30.0-20191117.171933-44.jar (200 kB at 381 kB/s)
[INFO] Downloaded from jboss-public-repository-group: https://repository.jboss.org/nexus/content/groups/public/org/drools/drools-compiler/7.30.0-SNAPSHOT/drools-compiler-7.30.0-20191117.171059-44-tests.jar (2.2 MB at 4.0 MB/s)
[INFO] Downloaded from jboss-public-repository-group: https://repository.jboss.org/nexus/content/groups/public/org/drools/drools-mvel-compiler/7.30.0-SNAPSHOT/drools-mvel-compiler-7.30.0-20191117.171956-44.jar (60 kB at 93 kB/s)
[INFO] Downloading from central: https://repo.maven.apache.org/maven2/com/github/javaparser/javaparser-core/3.13.10/javaparser-core-3.13.10.jar
[INFO] Downloading from central: https://repo.maven.apache.org/maven2/org/apache/commons/commons-math3/3.4.1/commons-math3-3.4.1.jar
[INFO] Downloaded from central: https://repo.maven.apache.org/maven2/com/github/javaparser/javaparser-core/3.13.10/javaparser-core-3.13.10.jar (1.2 MB at 14 MB/s)
[INFO] Downloaded from central: https://repo.maven.apache.org/maven2/org/apache/commons/commons-math3/3.4.1/commons-math3-3.4.1.jar (2.0 MB at 22 MB/s)
[INFO] 
[INFO] --- maven-clean-plugin:3.1.0:clean (default-clean) @ optaplanner-core ---
[INFO] 
[INFO] --- maven-checkstyle-plugin:3.0.0:check (validate) @ optaplanner-core ---
[INFO] 
[INFO] --- buildnumber-maven-plugin:1.4:create (get-scm-revision) @ optaplanner-core ---
[INFO] 
[INFO] --- build-helper-maven-plugin:3.0.0:add-source (default) @ optaplanner-core ---
[INFO] Source directory: /home/srafi/after-cam-ready/compare_/compile_repair_output/work/fe9a72975c54/optaplanner-core/target/generated-sources/annotations added.
[INFO] 
[INFO] --- build-helper-maven-plugin:3.0.0:parse-version (default) @ optaplanner-core ---
[INFO] 
[INFO] --- maven-resources-plugin:3.1.0:resources (default-resources) @ optaplanner-core ---
[INFO] Using 'UTF-8' encoding to copy filtered resources.
[INFO] Copying 1 resource
[INFO] 
[INFO] --- maven-compiler-plugin:3.8.1:compile (default-compile) @ optaplanner-core ---
[INFO] Changes detected - recompiling the module!
[INFO] Compiling 747 source files to /home/srafi/after-cam-ready/compare_/compile_repair_output/work/fe9a72975c54/optaplanner-core/target/classes
[WARNING] /home/srafi/after-cam-ready/compare_/compile_repair_output/work/fe9a72975c54/optaplanner-core/src/main/java/org/optaplanner/core/config/domain/ScanAnnotatedClassesConfig.java:[32,49] org.optaplanner.core.impl.domain.solution.AbstractSolution in org.optaplanner.core.impl.domain.solution has been deprecated
[WARNING] /home/srafi/after-cam-ready/compare_/compile_repair_output/work/fe9a72975c54/optaplanner-core/src/main/java/org/optaplanner/core/impl/domain/solution/descriptor/SolutionDescriptor.java:[49,48] org.optaplanner.core.api.domain.solution.Solution in org.optaplanner.core.api.domain.solution has been deprecated
[WARNING] /home/srafi/after-cam-ready/compare_/compile_repair_output/work/fe9a72975c54/optaplanner-core/src/main/java/org/optaplanner/core/impl/domain/solution/descriptor/SolutionDescriptor.java:[80,49] org.optaplanner.core.impl.domain.solution.AbstractSolution in org.optaplanner.core.impl.domain.solution has been deprecated
[WARNING] /home/srafi/after-cam-ready/compare_/compile_repair_output/work/fe9a72975c54/optaplanner-core/src/main/java/org/optaplanner/core/config/solver/SolverConfig.java:[270,47] PRODUCTION in org.optaplanner.core.config.solver.EnvironmentMode has been deprecated
[WARNING] /home/srafi/after-cam-ready/compare_/compile_repair_output/work/fe9a72975c54/optaplanner-core/src/main/java/org/optaplanner/core/config/solver/SolverConfig.java:[479,47] PRODUCTION in org.optaplanner.core.config.solver.EnvironmentMode has been deprecated
[WARNING] /home/srafi/after-cam-ready/compare_/compile_repair_output/work/fe9a72975c54/optaplanner-core/src/main/java/org/optaplanner/core/config/domain/ScanAnnotatedClassesConfig.java:[89,39] org.optaplanner.core.impl.domain.solution.AbstractSolution in org.optaplanner.core.impl.domain.solution has been deprecated
[WARNING] /home/srafi/after-cam-ready/compare_/compile_repair_output/work/fe9a72975c54/optaplanner-core/src/main/java/org/optaplanner/core/config/domain/ScanAnnotatedClassesConfig.java:[92,37] org.optaplanner.core.impl.domain.solution.AbstractSolution in org.optaplanner.core.impl.domain.solution has been deprecated
[WARNING] /home/srafi/after-cam-ready/compare_/compile_repair_output/work/fe9a72975c54/optaplanner-core/src/main/java/org/optaplanner/core/impl/domain/common/accessor/MemberAccessorFactory.java:[50,17] possible fall-through into case
[WARNING] /home/srafi/after-cam-ready/compare_/compile_repair_output/work/fe9a72975c54/optaplanner-core/src/main/java/org/optaplanner/core/impl/domain/solution/descriptor/SolutionDescriptor.java:[229,13] org.optaplanner.core.api.domain.solution.Solution in org.optaplanner.core.api.domain.solution has been deprecated
[WARNING] /home/srafi/after-cam-ready/compare_/compile_repair_output/work/fe9a72975c54/optaplanner-core/src/main/java/org/optaplanner/core/impl/domain/solution/descriptor/SolutionDescriptor.java:[250,68] org.optaplanner.core.api.domain.solution.Solution in org.optaplanner.core.api.domain.solution has been deprecated
[WARNING] /home/srafi/after-cam-ready/compare_/compile_repair_output/work/fe9a72975c54/optaplanner-core/src/main/java/org/optaplanner/core/impl/domain/solution/descriptor/SolutionDescriptor.java:[258,68] org.optaplanner.core.api.domain.solution.Solution in org.optaplanner.core.api.domain.solution has been deprecated
[WARNING] /home/srafi/after-cam-ready/compare_/compile_repair_output/work/fe9a72975c54/optaplanner-core/src/main/java/org/optaplanner/core/impl/domain/solution/descriptor/SolutionDescriptor.java:[270,68] org.optaplanner.core.api.domain.solution.Solution in org.optaplanner.core.api.domain.solution has been deprecated
[WARNING] /home/srafi/after-cam-ready/compare_/compile_repair_output/work/fe9a72975c54/optaplanner-core/src/main/java/org/optaplanner/core/impl/domain/solution/descriptor/SolutionDescriptor.java:[275,68] org.optaplanner.core.api.domain.solution.Solution in org.optaplanner.core.api.domain.solution has been deprecated
[WARNING] /home/srafi/after-cam-ready/compare_/compile_repair_output/work/fe9a72975c54/optaplanner-core/src/main/java/org/optaplanner/core/impl/domain/solution/descriptor/SolutionDescriptor.java:[285,68] org.optaplanner.core.api.domain.solution.Solution in org.optaplanner.core.api.domain.solution has been deprecated
[WARNING] /home/srafi/after-cam-ready/compare_/compile_repair_output/work/fe9a72975c54/optaplanner-core/src/main/java/org/optaplanner/core/impl/domain/solution/descriptor/SolutionDescriptor.java:[599,18] org.optaplanner.core.impl.domain.solution.AbstractSolution in org.optaplanner.core.impl.domain.solution has been deprecated
[WARNING] /home/srafi/after-cam-ready/compare_/compile_repair_output/work/fe9a72975c54/optaplanner-core/src/main/java/org/optaplanner/core/impl/domain/solution/descriptor/SolutionDescriptor.java:[608,38] org.optaplanner.core.impl.domain.solution.AbstractSolution in org.optaplanner.core.impl.domain.solution has been deprecated
[WARNING] /home/srafi/after-cam-ready/compare_/compile_repair_output/work/fe9a72975c54/optaplanner-core/src/main/java/org/optaplanner/core/impl/domain/solution/descriptor/SolutionDescriptor.java:[611,31] org.optaplanner.core.impl.domain.solution.AbstractSolution in org.optaplanner.core.impl.domain.solution has been deprecated
[WARNING] /home/srafi/after-cam-ready/compare_/compile_repair_output/work/fe9a72975c54/optaplanner-core/src/main/java/org/optaplanner/core/impl/domain/solution/descriptor/SolutionDescriptor.java:[614,53] org.optaplanner.core.impl.domain.solution.AbstractSolution in org.optaplanner.core.impl.domain.solution has been deprecated
[WARNING] /home/srafi/after-cam-ready/compare_/compile_repair_output/work/fe9a72975c54/optaplanner-core/src/main/java/org/optaplanner/core/impl/domain/solution/descriptor/SolutionDescriptor.java:[619,61] org.optaplanner.core.impl.domain.solution.AbstractSolution in org.optaplanner.core.impl.domain.solution has been deprecated
[WARNING] /home/srafi/after-cam-ready/compare_/compile_repair_output/work/fe9a72975c54/optaplanner-core/src/main/java/org/optaplanner/core/impl/domain/solution/descriptor/SolutionDescriptor.java:[626,51] org.optaplanner.core.impl.domain.solution.AbstractSolution in org.optaplanner.core.impl.domain.solution has been deprecated
[WARNING] /home/srafi/after-cam-ready/compare_/compile_repair_output/work/fe9a72975c54/optaplanner-core/src/main/java/org/optaplanner/core/impl/domain/solution/descriptor/SolutionDescriptor.java:[634,51] org.optaplanner.core.impl.domain.solution.AbstractSolution in org.optaplanner.core.impl.domain.solution has been deprecated
[WARNING] /home/srafi/after-cam-ready/compare_/compile_repair_output/work/fe9a72975c54/optaplanner-core/src/main/java/org/optaplanner/core/impl/domain/solution/descriptor/SolutionDescriptor.java:[639,66] org.optaplanner.core.impl.domain.solution.AbstractSolution in org.optaplanner.core.impl.domain.solution has been deprecated
[WARNING] /home/srafi/after-cam-ready/compare_/compile_repair_output/work/fe9a72975c54/optaplanner-core/src/main/java/org/optaplanner/core/impl/score/stream/drools/bi/DroolsBiCondition.java:[100,37] completeWithScoring(org.drools.model.Global<? extends org.optaplanner.core.api.score.holder.AbstractScoreHolder<?>>,java.util.function.ToIntBiFunction<A,B>) in org.optaplanner.core.impl.score.stream.drools.bi.DroolsBiCondition is potentially ambiguous with completeWithScoring(org.drools.model.Global<? extends org.optaplanner.core.api.score.holder.AbstractScoreHolder<?>>,java.util.function.ToLongBiFunction<A,B>) in org.optaplanner.core.impl.score.stream.drools.bi.DroolsBiCondition
[WARNING] /home/srafi/after-cam-ready/compare_/compile_repair_output/work/fe9a72975c54/optaplanner-core/src/main/java/org/optaplanner/core/impl/score/stream/drools/uni/DroolsUniCondition.java:[241,37] completeWithScoring(org.drools.model.Global<? extends org.optaplanner.core.api.score.holder.AbstractScoreHolder<?>>,java.util.function.ToIntFunction<A>) in org.optaplanner.core.impl.score.stream.drools.uni.DroolsUniCondition is potentially ambiguous with completeWithScoring(org.drools.model.Global<? extends org.optaplanner.core.api.score.holder.AbstractScoreHolder<?>>,java.util.function.ToLongFunction<A>) in org.optaplanner.core.impl.score.stream.drools.uni.DroolsUniCondition
[WARNING] /home/srafi/after-cam-ready/compare_/compile_repair_output/work/fe9a72975c54/optaplanner-core/src/main/java/org/optaplanner/core/impl/score/stream/drools/tri/DroolsTriCondition.java:[83,37] completeWithScoring(org.drools.model.Global<? extends org.optaplanner.core.api.score.holder.AbstractScoreHolder<?>>,org.optaplanner.core.api.function.ToIntTriFunction<A,B,C>) in org.optaplanner.core.impl.score.stream.drools.tri.DroolsTriCondition is potentially ambiguous with completeWithScoring(org.drools.model.Global<? extends org.optaplanner.core.api.score.holder.AbstractScoreHolder<?>>,org.optaplanner.core.api.function.ToLongTriFunction<A,B,C>) in org.optaplanner.core.impl.score.stream.drools.tri.DroolsTriCondition
[WARNING] /home/srafi/after-cam-ready/compare_/compile_repair_output/work/fe9a72975c54/optaplanner-core/src/main/java/org/optaplanner/core/impl/partitionedsearch/PartitionSolver.java:[49,49] getScoreDirectorFactory() in org.optaplanner.core.api.solver.Solver has been deprecated
[WARNING] /home/srafi/after-cam-ready/compare_/compile_repair_output/work/fe9a72975c54/optaplanner-core/src/main/java/org/optaplanner/core/impl/heuristic/move/CompositeMove.java:[47,40] Varargs method could cause heap pollution from non-reifiable varargs parameter moves
[WARNING] /home/srafi/after-cam-ready/compare_/compile_repair_output/work/fe9a72975c54/optaplanner-core/src/main/java/org/optaplanner/core/impl/heuristic/move/CompositeMove.java:[81,22] Varargs method could cause heap pollution from non-reifiable varargs parameter moves
[WARNING] /home/srafi/after-cam-ready/compare_/compile_repair_output/work/fe9a72975c54/optaplanner-core/src/main/java/org/optaplanner/core/impl/solver/DefaultSolver.java:[81,49] getScoreDirectorFactory() in org.optaplanner.core.api.solver.Solver has been deprecated
[WARNING] /home/srafi/after-cam-ready/compare_/compile_repair_output/work/fe9a72975c54/optaplanner-core/src/main/java/org/optaplanner/core/impl/score/ScoreUtils.java:[124,44] redundant cast to double
[WARNING] /home/srafi/after-cam-ready/compare_/compile_repair_output/work/fe9a72975c54/optaplanner-core/src/main/java/org/optaplanner/core/impl/score/ScoreUtils.java:[124,70] redundant cast to double
[INFO] /home/srafi/after-cam-ready/compare_/compile_repair_output/work/fe9a72975c54/optaplanner-core/src/main/java/org/optaplanner/core/config/AbstractConfig.java: Some input files use unchecked or unsafe operations.
[INFO] /home/srafi/after-cam-ready/compare_/compile_repair_output/work/fe9a72975c54/optaplanner-core/src/main/java/org/optaplanner/core/config/AbstractConfig.java: Recompile with -Xlint:unchecked for details.
[INFO] 
[INFO] --- maven-resources-plugin:3.1.0:testResources (default-testResources) @ optaplanner-core ---
[INFO] Using 'UTF-8' encoding to copy filtered resources.
[INFO] Copying 18 resources
[INFO] 
[INFO] --- maven-compiler-plugin:3.8.1:testCompile (default-testCompile) @ optaplanner-core ---
[INFO] Changes detected - recompiling the module!
[INFO] Compiling 369 source files to /home/srafi/after-cam-ready/compare_/compile_repair_output/work/fe9a72975c54/optaplanner-core/target/test-classes
[WARNING] /home/srafi/after-cam-ready/compare_/compile_repair_output/work/fe9a72975c54/optaplanner-core/src/test/java/org/optaplanner/core/impl/testdata/domain/extended/abstractsolution/TestdataScoreGetterOverrideExtendedAbstractSolution.java:[26,49] org.optaplanner.core.impl.domain.solution.AbstractSolution in org.optaplanner.core.impl.domain.solution has been deprecated
[WARNING] /home/srafi/after-cam-ready/compare_/compile_repair_output/work/fe9a72975c54/optaplanner-core/src/test/java/org/optaplanner/core/impl/testdata/domain/extended/legacysolution/TestdataLegacySolution.java:[24,48] org.optaplanner.core.api.domain.solution.Solution in org.optaplanner.core.api.domain.solution has been deprecated
[WARNING] /home/srafi/after-cam-ready/compare_/compile_repair_output/work/fe9a72975c54/optaplanner-core/src/test/java/org/optaplanner/core/impl/testdata/domain/extended/abstractsolution/TestdataExtendedAbstractSolution.java:[25,49] org.optaplanner.core.impl.domain.solution.AbstractSolution in org.optaplanner.core.impl.domain.solution has been deprecated
[WARNING] /home/srafi/after-cam-ready/compare_/compile_repair_output/work/fe9a72975c54/optaplanner-core/src/test/java/org/optaplanner/core/impl/solver/recaller/BestSolutionRecallerTest.java:[24,49] org.optaplanner.core.impl.domain.solution.AbstractSolution in org.optaplanner.core.impl.domain.solution has been deprecated
[WARNING] /home/srafi/after-cam-ready/compare_/compile_repair_output/work/fe9a72975c54/optaplanner-core/src/test/java/org/optaplanner/core/impl/domain/solution/descriptor/SolutionDescriptorTest.java:[30,75] org.optaplanner.core.impl.testdata.domain.extended.abstractsolution.TestdataExtendedAbstractSolution in org.optaplanner.core.impl.testdata.domain.extended.abstractsolution has been deprecated
[WARNING] /home/srafi/after-cam-ready/compare_/compile_repair_output/work/fe9a72975c54/optaplanner-core/src/test/java/org/optaplanner/core/impl/domain/solution/descriptor/SolutionDescriptorTest.java:[31,75] org.optaplanner.core.impl.testdata.domain.extended.abstractsolution.TestdataScoreGetterOverrideExtendedAbstractSolution in org.optaplanner.core.impl.testdata.domain.extended.abstractsolution has been deprecated
[WARNING] /home/srafi/after-cam-ready/compare_/compile_repair_output/work/fe9a72975c54/optaplanner-core/src/test/java/org/optaplanner/core/impl/domain/solution/descriptor/SolutionDescriptorTest.java:[32,73] org.optaplanner.core.impl.testdata.domain.extended.legacysolution.TestdataLegacySolution in org.optaplanner.core.impl.testdata.domain.extended.legacysolution has been deprecated
[WARNING] /home/srafi/after-cam-ready/compare_/compile_repair_output/work/fe9a72975c54/optaplanner-core/src/test/java/org/optaplanner/core/impl/solver/DefaultSolverTest.java:[38,73] org.optaplanner.core.impl.testdata.domain.extended.legacysolution.TestdataLegacySolution in org.optaplanner.core.impl.testdata.domain.extended.legacysolution has been deprecated
[WARNING] /home/srafi/after-cam-ready/compare_/compile_repair_output/work/fe9a72975c54/optaplanner-core/src/test/java/org/optaplanner/core/impl/heuristic/selector/move/generic/chained/TailChainSwapMoveTest.java:[21,23] junit.framework.Assert in junit.framework has been deprecated
[WARNING] /home/srafi/after-cam-ready/compare_/compile_repair_output/work/fe9a72975c54/optaplanner-core/src/test/java/org/optaplanner/core/impl/testdata/util/PlannerAssert.java:[113,57] Varargs method could cause heap pollution from non-reifiable varargs parameter objects
[WARNING] /home/srafi/after-cam-ready/compare_/compile_repair_output/work/fe9a72975c54/optaplanner-core/src/test/java/org/optaplanner/core/impl/testdata/util/PlannerAssert.java:[130,58] Varargs method could cause heap pollution from non-reifiable varargs parameter comparables
[WARNING] /home/srafi/after-cam-ready/compare_/compile_repair_output/work/fe9a72975c54/optaplanner-core/src/test/java/org/optaplanner/core/impl/testdata/util/PlannerAssert.java:[147,46] Varargs method could cause heap pollution from non-reifiable varargs parameter elements
[WARNING] /home/srafi/after-cam-ready/compare_/compile_repair_output/work/fe9a72975c54/optaplanner-core/src/test/java/org/optaplanner/core/impl/testdata/util/PlannerAssert.java:[177,36] Varargs method could cause heap pollution from non-reifiable varargs parameter keys
[WARNING] /home/srafi/after-cam-ready/compare_/compile_repair_output/work/fe9a72975c54/optaplanner-core/src/test/java/org/optaplanner/core/impl/testdata/util/PlannerAssert.java:[236,44] Varargs method could cause heap pollution from non-reifiable varargs parameter elements
[WARNING] /home/srafi/after-cam-ready/compare_/compile_repair_output/work/fe9a72975c54/optaplanner-core/src/test/java/org/optaplanner/core/impl/domain/solution/AbstractSolutionTest.java:[82,71] org.optaplanner.core.impl.domain.solution.AbstractSolution in org.optaplanner.core.impl.domain.solution has been deprecated
[WARNING] /home/srafi/after-cam-ready/compare_/compile_repair_output/work/fe9a72975c54/optaplanner-core/src/test/java/org/optaplanner/core/impl/domain/solution/cloner/AbstractSolutionClonerTest.java:[232,53] redundant cast to org.optaplanner.core.impl.testdata.domain.extended.TestdataUnannotatedExtendedSolution
[WARNING] /home/srafi/after-cam-ready/compare_/compile_repair_output/work/fe9a72975c54/optaplanner-core/src/test/java/org/optaplanner/core/impl/domain/solution/cloner/AbstractSolutionClonerTest.java:[283,52] redundant cast to org.optaplanner.core.impl.testdata.domain.extended.thirdparty.TestdataExtendedThirdPartySolution
[WARNING] /home/srafi/after-cam-ready/compare_/compile_repair_output/work/fe9a72975c54/optaplanner-core/src/test/java/org/optaplanner/core/config/score/director/ScoreDirectorFactoryConfigTest.java:[43,15] setScoreDefinitionType(org.optaplanner.core.config.score.definition.ScoreDefinitionType) in org.optaplanner.core.config.score.director.ScoreDirectorFactoryConfig has been deprecated
[WARNING] /home/srafi/after-cam-ready/compare_/compile_repair_output/work/fe9a72975c54/optaplanner-core/src/test/java/org/optaplanner/core/config/score/director/ScoreDirectorFactoryConfigTest.java:[51,15] setScoreDefinitionType(org.optaplanner.core.config.score.definition.ScoreDefinitionType) in org.optaplanner.core.config.score.director.ScoreDirectorFactoryConfig has been deprecated
[WARNING] /home/srafi/after-cam-ready/compare_/compile_repair_output/work/fe9a72975c54/optaplanner-core/src/test/java/org/optaplanner/core/config/score/director/ScoreDirectorFactoryConfigTest.java:[52,15] setBendableHardLevelsSize(java.lang.Integer) in org.optaplanner.core.config.score.director.ScoreDirectorFactoryConfig has been deprecated
[WARNING] /home/srafi/after-cam-ready/compare_/compile_repair_output/work/fe9a72975c54/optaplanner-core/src/test/java/org/optaplanner/core/config/score/director/ScoreDirectorFactoryConfigTest.java:[53,15] setBendableSoftLevelsSize(java.lang.Integer) in org.optaplanner.core.config.score.director.ScoreDirectorFactoryConfig has been deprecated
[WARNING] /home/srafi/after-cam-ready/compare_/compile_repair_output/work/fe9a72975c54/optaplanner-core/src/test/java/org/optaplanner/core/api/solver/KieContainerSolverFactoryTest.java:[113,50] getSolverConfig() in org.optaplanner.core.api.solver.SolverFactory has been deprecated
[WARNING] /home/srafi/after-cam-ready/compare_/compile_repair_output/work/fe9a72975c54/optaplanner-core/src/test/java/org/optaplanner/core/impl/solver/recaller/BestSolutionRecallerTest.java:[89,28] org.optaplanner.core.impl.domain.solution.AbstractSolution in org.optaplanner.core.impl.domain.solution has been deprecated
[WARNING] /home/srafi/after-cam-ready/compare_/compile_repair_output/work/fe9a72975c54/optaplanner-core/src/test/java/org/optaplanner/core/impl/solver/recaller/BestSolutionRecallerTest.java:[90,9] org.optaplanner.core.impl.domain.solution.AbstractSolution in org.optaplanner.core.impl.domain.solution has been deprecated
[WARNING] /home/srafi/after-cam-ready/compare_/compile_repair_output/work/fe9a72975c54/optaplanner-core/src/test/java/org/optaplanner/core/impl/solver/recaller/BestSolutionRecallerTest.java:[90,54] org.optaplanner.core.impl.domain.solution.AbstractSolution in org.optaplanner.core.impl.domain.solution has been deprecated
[WARNING] /home/srafi/after-cam-ready/compare_/compile_repair_output/work/fe9a72975c54/optaplanner-core/src/test/java/org/optaplanner/core/impl/solver/recaller/BestSolutionRecallerTest.java:[95,40] org.optaplanner.core.impl.domain.solution.AbstractSolution in org.optaplanner.core.impl.domain.solution has been deprecated
[WARNING] /home/srafi/after-cam-ready/compare_/compile_repair_output/work/fe9a72975c54/optaplanner-core/src/test/java/org/optaplanner/core/impl/solver/recaller/BestSolutionRecallerTest.java:[96,9] org.optaplanner.core.impl.domain.solution.AbstractSolution in org.optaplanner.core.impl.domain.solution has been deprecated
[WARNING] /home/srafi/after-cam-ready/compare_/compile_repair_output/work/fe9a72975c54/optaplanner-core/src/test/java/org/optaplanner/core/impl/solver/recaller/BestSolutionRecallerTest.java:[96,46] org.optaplanner.core.impl.domain.solution.AbstractSolution in org.optaplanner.core.impl.domain.solution has been deprecated
[WARNING] /home/srafi/after-cam-ready/compare_/compile_repair_output/work/fe9a72975c54/optaplanner-core/src/test/java/org/optaplanner/core/impl/solver/recaller/BestSolutionRecallerTest.java:[101,30] org.optaplanner.core.impl.domain.solution.AbstractSolution in org.optaplanner.core.impl.domain.solution has been deprecated
[WARNING] /home/srafi/after-cam-ready/compare_/compile_repair_output/work/fe9a72975c54/optaplanner-core/src/test/java/org/optaplanner/core/impl/solver/recaller/BestSolutionRecallerTest.java:[143,28] org.optaplanner.core.impl.domain.solution.AbstractSolution in org.optaplanner.core.impl.domain.solution has been deprecated
[WARNING] /home/srafi/after-cam-ready/compare_/compile_repair_output/work/fe9a72975c54/optaplanner-core/src/test/java/org/optaplanner/core/impl/solver/recaller/BestSolutionRecallerTest.java:[144,9] org.optaplanner.core.impl.domain.solution.AbstractSolution in org.optaplanner.core.impl.domain.solution has been deprecated
[WARNING] /home/srafi/after-cam-ready/compare_/compile_repair_output/work/fe9a72975c54/optaplanner-core/src/test/java/org/optaplanner/core/impl/solver/recaller/BestSolutionRecallerTest.java:[144,54] org.optaplanner.core.impl.domain.solution.AbstractSolution in org.optaplanner.core.impl.domain.solution has been deprecated
[WARNING] /home/srafi/after-cam-ready/compare_/compile_repair_output/work/fe9a72975c54/optaplanner-core/src/test/java/org/optaplanner/core/impl/solver/recaller/BestSolutionRecallerTest.java:[149,40] org.optaplanner.core.impl.domain.solution.AbstractSolution in org.optaplanner.core.impl.domain.solution has been deprecated
[WARNING] /home/srafi/after-cam-ready/compare_/compile_repair_output/work/fe9a72975c54/optaplanner-core/src/test/java/org/optaplanner/core/impl/solver/recaller/BestSolutionRecallerTest.java:[151,9] org.optaplanner.core.impl.domain.solution.AbstractSolution in org.optaplanner.core.impl.domain.solution has been deprecated
[WARNING] /home/srafi/after-cam-ready/compare_/compile_repair_output/work/fe9a72975c54/optaplanner-core/src/test/java/org/optaplanner/core/impl/solver/recaller/BestSolutionRecallerTest.java:[151,46] org.optaplanner.core.impl.domain.solution.AbstractSolution in org.optaplanner.core.impl.domain.solution has been deprecated
[WARNING] /home/srafi/after-cam-ready/compare_/compile_repair_output/work/fe9a72975c54/optaplanner-core/src/test/java/org/optaplanner/core/impl/solver/recaller/BestSolutionRecallerTest.java:[156,30] org.optaplanner.core.impl.domain.solution.AbstractSolution in org.optaplanner.core.impl.domain.solution has been deprecated
[WARNING] /home/srafi/after-cam-ready/compare_/compile_repair_output/work/fe9a72975c54/optaplanner-core/src/test/java/org/optaplanner/core/impl/solver/DefaultSolverTest.java:[65,17] org.optaplanner.core.impl.testdata.domain.extended.legacysolution.TestdataLegacySolution in org.optaplanner.core.impl.testdata.domain.extended.legacysolution has been deprecated
[WARNING] /home/srafi/after-cam-ready/compare_/compile_repair_output/work/fe9a72975c54/optaplanner-core/src/test/java/org/optaplanner/core/impl/solver/DefaultSolverTest.java:[67,17] setScoreDefinitionType(org.optaplanner.core.config.score.definition.ScoreDefinitionType) in org.optaplanner.core.config.score.director.ScoreDirectorFactoryConfig has been deprecated
[WARNING] /home/srafi/after-cam-ready/compare_/compile_repair_output/work/fe9a72975c54/optaplanner-core/src/test/java/org/optaplanner/core/impl/solver/DefaultSolverTest.java:[68,23] org.optaplanner.core.impl.testdata.domain.extended.legacysolution.TestdataLegacySolution in org.optaplanner.core.impl.testdata.domain.extended.legacysolution has been deprecated
[WARNING] /home/srafi/after-cam-ready/compare_/compile_repair_output/work/fe9a72975c54/optaplanner-core/src/test/java/org/optaplanner/core/impl/solver/DefaultSolverTest.java:[69,16] org.optaplanner.core.impl.testdata.domain.extended.legacysolution.TestdataLegacySolution in org.optaplanner.core.impl.testdata.domain.extended.legacysolution has been deprecated
[WARNING] /home/srafi/after-cam-ready/compare_/compile_repair_output/work/fe9a72975c54/optaplanner-core/src/test/java/org/optaplanner/core/impl/solver/DefaultSolverTest.java:[71,9] org.optaplanner.core.impl.testdata.domain.extended.legacysolution.TestdataLegacySolution in org.optaplanner.core.impl.testdata.domain.extended.legacysolution has been deprecated
[WARNING] /home/srafi/after-cam-ready/compare_/compile_repair_output/work/fe9a72975c54/optaplanner-core/src/test/java/org/optaplanner/core/impl/solver/DefaultSolverTest.java:[71,47] org.optaplanner.core.impl.testdata.domain.extended.legacysolution.TestdataLegacySolution in org.optaplanner.core.impl.testdata.domain.extended.legacysolution has been deprecated
[WARNING] /home/srafi/after-cam-ready/compare_/compile_repair_output/work/fe9a72975c54/optaplanner-core/src/test/java/org/optaplanner/core/impl/heuristic/selector/move/generic/PillarChangeMoveTest.java:[164,47] redundant cast to java.util.List<java.lang.Object>
[WARNING] /home/srafi/after-cam-ready/compare_/compile_repair_output/work/fe9a72975c54/optaplanner-core/src/test/java/org/optaplanner/core/impl/heuristic/selector/move/generic/chained/TailChainSwapMoveTest.java:[306,9] junit.framework.Assert in junit.framework has been deprecated
[WARNING] /home/srafi/after-cam-ready/compare_/compile_repair_output/work/fe9a72975c54/optaplanner-core/src/test/java/org/optaplanner/core/impl/heuristic/selector/move/generic/chained/TailChainSwapMoveTest.java:[309,9] junit.framework.Assert in junit.framework has been deprecated
[WARNING] /home/srafi/after-cam-ready/compare_/compile_repair_output/work/fe9a72975c54/optaplanner-core/src/test/java/org/optaplanner/core/impl/heuristic/selector/move/generic/chained/TailChainSwapMoveTest.java:[312,9] junit.framework.Assert in junit.framework has been deprecated
[WARNING] /home/srafi/after-cam-ready/compare_/compile_repair_output/work/fe9a72975c54/optaplanner-core/src/test/java/org/optaplanner/core/impl/heuristic/selector/move/generic/PillarSwapMoveTest.java:[264,51] redundant cast to java.util.List<java.lang.Object>
[WARNING] /home/srafi/after-cam-ready/compare_/compile_repair_output/work/fe9a72975c54/optaplanner-core/src/test/java/org/optaplanner/core/impl/heuristic/selector/move/generic/PillarSwapMoveTest.java:[265,52] redundant cast to java.util.List<java.lang.Object>
[WARNING] /home/srafi/after-cam-ready/compare_/compile_repair_output/work/fe9a72975c54/optaplanner-core/src/test/java/org/optaplanner/core/impl/testdata/domain/clone/lookup/TestdataObjectEqualsNoHashCode.java:[21,8] Class org.optaplanner.core.impl.testdata.domain.clone.lookup.TestdataObjectEqualsNoHashCode overrides equals, but neither it nor any superclass overrides hashCode method
[INFO] /home/srafi/after-cam-ready/compare_/compile_repair_output/work/fe9a72975c54/optaplanner-core/src/test/java/org/optaplanner/core/impl/testdata/domain/clone/deepcloning/TestdataDeepCloningEntity.java: Some input files use unchecked or unsafe operations.
[INFO] /home/srafi/after-cam-ready/compare_/compile_repair_output/work/fe9a72975c54/optaplanner-core/src/test/java/org/optaplanner/core/impl/testdata/domain/clone/deepcloning/TestdataDeepCloningEntity.java: Recompile with -Xlint:unchecked for details.
[INFO] 
[INFO] --- maven-surefire-plugin:3.0.0-M8-SNAPSHOT:test (default-test) @ optaplanner-core ---
[INFO] Tests are skipped.
[INFO] 
[INFO] --- maven-bundle-plugin:3.5.0:bundle (default-bundle) @ optaplanner-core ---
[INFO] 
[INFO] --- maven-source-plugin:3.0.1:jar-no-fork (attach-sources) @ optaplanner-core ---
[INFO] Building jar: /home/srafi/after-cam-ready/compare_/compile_repair_output/work/fe9a72975c54/optaplanner-core/target/optaplanner-core-7.30.0-SNAPSHOT-sources.jar
[INFO] 
[INFO] --- maven-source-plugin:3.0.1:test-jar-no-fork (attach-test-sources) @ optaplanner-core ---
[INFO] Building jar: /home/srafi/after-cam-ready/compare_/compile_repair_output/work/fe9a72975c54/optaplanner-core/target/optaplanner-core-7.30.0-SNAPSHOT-test-sources.jar
[INFO] 
[INFO] --- maven-jar-plugin:3.1.0:test-jar (test-jar) @ optaplanner-core ---
[INFO] Building jar: /home/srafi/after-cam-ready/compare_/compile_repair_output/work/fe9a72975c54/optaplanner-core/target/optaplanner-core-7.30.0-SNAPSHOT-tests.jar
[INFO] 
[INFO] --- revapi-maven-plugin:0.9.5:report (report) @ optaplanner-core ---
[INFO] Downloading from central: https://repo.maven.apache.org/maven2/org/revapi/revapi-java/0.14.3/revapi-java-0.14.3.pom
[INFO] Downloaded from central: https://repo.maven.apache.org/maven2/org/revapi/revapi-java/0.14.3/revapi-java-0.14.3.pom (4.9 kB at 136 kB/s)
[INFO] Downloading from central: https://repo.maven.apache.org/maven2/org/revapi/revapi/0.8.4/revapi-0.8.4.pom
[INFO] Downloaded from central: https://repo.maven.apache.org/maven2/org/revapi/revapi/0.8.4/revapi-0.8.4.pom (2.2 kB at 58 kB/s)
[INFO] Downloading from central: https://repo.maven.apache.org/maven2/org/jboss/jboss-dmr/1.2.0.Final/jboss-dmr-1.2.0.Final.pom
[INFO] Downloaded from central: https://repo.maven.apache.org/maven2/org/jboss/jboss-dmr/1.2.0.Final/jboss-dmr-1.2.0.Final.pom (6.4 kB at 145 kB/s)
[INFO] Downloading from central: https://repo.maven.apache.org/maven2/org/jboss/jboss-parent/11/jboss-parent-11.pom
[INFO] Downloaded from central: https://repo.maven.apache.org/maven2/org/jboss/jboss-parent/11/jboss-parent-11.pom (0 B at 0 B/s)
[INFO] Downloading from central: https://repo.maven.apache.org/maven2/org/revapi/revapi-java-spi/0.14.0/revapi-java-spi-0.14.0.pom
[INFO] Downloaded from central: https://repo.maven.apache.org/maven2/org/revapi/revapi-java-spi/0.14.0/revapi-java-spi-0.14.0.pom (2.4 kB at 65 kB/s)
[INFO] Downloading from central: https://repo.maven.apache.org/maven2/org/revapi/revapi-basic-features/0.6.3/revapi-basic-features-0.6.3.pom
[INFO] Downloaded from central: https://repo.maven.apache.org/maven2/org/revapi/revapi-basic-features/0.6.3/revapi-basic-features-0.6.3.pom (2.5 kB at 66 kB/s)
[INFO] Downloading from central: https://repo.maven.apache.org/maven2/org/revapi/revapi-maven-utils/0.8.2/revapi-maven-utils-0.8.2.pom
[INFO] Downloaded from central: https://repo.maven.apache.org/maven2/org/revapi/revapi-maven-utils/0.8.2/revapi-maven-utils-0.8.2.pom (2.7 kB at 57 kB/s)
[INFO] Downloading from central: https://repo.maven.apache.org/maven2/org/eclipse/aether/aether-api/0.9.1.v20140329/aether-api-0.9.1.v20140329.pom
[INFO] Downloaded from central: https://repo.maven.apache.org/maven2/org/eclipse/aether/aether-api/0.9.1.v20140329/aether-api-0.9.1.v20140329.pom (1.9 kB at 47 kB/s)
[INFO] Downloading from central: https://repo.maven.apache.org/maven2/org/eclipse/aether/aether/0.9.1.v20140329/aether-0.9.1.v20140329.pom
[INFO] Downloaded from central: https://repo.maven.apache.org/maven2/org/eclipse/aether/aether/0.9.1.v20140329/aether-0.9.1.v20140329.pom (30 kB at 830 kB/s)
[INFO] Downloading from central: https://repo.maven.apache.org/maven2/org/eclipse/aether/aether-util/0.9.1.v20140329/aether-util-0.9.1.v20140329.pom
[INFO] Downloaded from central: https://repo.maven.apache.org/maven2/org/eclipse/aether/aether-util/0.9.1.v20140329/aether-util-0.9.1.v20140329.pom (2.2 kB at 56 kB/s)
[INFO] Downloading from central: https://repo.maven.apache.org/maven2/com/ximpleware/vtd-xml/2.11/vtd-xml-2.11.pom
[INFO] Downloaded from central: https://repo.maven.apache.org/maven2/com/ximpleware/vtd-xml/2.11/vtd-xml-2.11.pom (1.4 kB at 44 kB/s)
[INFO] Downloading from central: https://repo.maven.apache.org/maven2/org/revapi/revapi-java/0.14.3/revapi-java-0.14.3.jar
[INFO] Downloading from central: https://repo.maven.apache.org/maven2/org/revapi/revapi-java-spi/0.14.0/revapi-java-spi-0.14.0.jar
[INFO] Downloading from central: https://repo.maven.apache.org/maven2/org/revapi/revapi/0.8.4/revapi-0.8.4.jar
[INFO] Downloading from central: https://repo.maven.apache.org/maven2/org/jboss/jboss-dmr/1.2.0.Final/jboss-dmr-1.2.0.Final.jar
[INFO] Downloading from central: https://repo.maven.apache.org/maven2/org/revapi/revapi-basic-features/0.6.3/revapi-basic-features-0.6.3.jar
[INFO] Downloaded from central: https://repo.maven.apache.org/maven2/org/jboss/jboss-dmr/1.2.0.Final/jboss-dmr-1.2.0.Final.jar (97 kB at 2.8 MB/s)
[INFO] Downloading from central: https://repo.maven.apache.org/maven2/org/revapi/revapi-maven-utils/0.8.2/revapi-maven-utils-0.8.2.jar
[INFO] Downloaded from central: https://repo.maven.apache.org/maven2/org/revapi/revapi-basic-features/0.6.3/revapi-basic-features-0.6.3.jar (23 kB at 617 kB/s)
[INFO] Downloading from central: https://repo.maven.apache.org/maven2/org/eclipse/aether/aether-api/0.9.1.v20140329/aether-api-0.9.1.v20140329.jar
[INFO] Downloaded from central: https://repo.maven.apache.org/maven2/org/revapi/revapi-java/0.14.3/revapi-java-0.14.3.jar (248 kB at 6.4 MB/s)
[INFO] Downloading from central: https://repo.maven.apache.org/maven2/org/eclipse/aether/aether-util/0.9.1.v20140329/aether-util-0.9.1.v20140329.jar
[INFO] Downloaded from central: https://repo.maven.apache.org/maven2/org/revapi/revapi-java-spi/0.14.0/revapi-java-spi-0.14.0.jar (66 kB at 1.6 MB/s)
[INFO] Downloading from central: https://repo.maven.apache.org/maven2/com/ximpleware/vtd-xml/2.11/vtd-xml-2.11.jar
[INFO] Downloaded from central: https://repo.maven.apache.org/maven2/org/revapi/revapi/0.8.4/revapi-0.8.4.jar (105 kB at 2.3 MB/s)
[INFO] Downloaded from central: https://repo.maven.apache.org/maven2/org/revapi/revapi-maven-utils/0.8.2/revapi-maven-utils-0.8.2.jar (13 kB at 183 kB/s)
[INFO] Downloaded from central: https://repo.maven.apache.org/maven2/org/eclipse/aether/aether-util/0.9.1.v20140329/aether-util-0.9.1.v20140329.jar (146 kB at 1.9 MB/s)
[INFO] Downloaded from central: https://repo.maven.apache.org/maven2/com/ximpleware/vtd-xml/2.11/vtd-xml-2.11.jar (638 kB at 7.9 MB/s)
[INFO] Downloaded from central: https://repo.maven.apache.org/maven2/org/eclipse/aether/aether-api/0.9.1.v20140329/aether-api-0.9.1.v20140329.jar (136 kB at 1.6 MB/s)
[INFO] Downloading from jboss-public-repository-group: https://repository.jboss.org/nexus/content/groups/public/org/optaplanner/optaplanner-core/7.26.0.Final/optaplanner-core-7.26.0.Final.jar
[INFO] Downloaded from jboss-public-repository-group: https://repository.jboss.org/nexus/content/groups/public/org/optaplanner/optaplanner-core/7.26.0.Final/optaplanner-core-7.26.0.Final.jar (1.4 MB at 6.0 MB/s)
[INFO] Downloading from jboss-public-repository-group: https://repository.jboss.org/nexus/content/groups/public/org/optaplanner/optaplanner-core/7.26.0.Final/optaplanner-core-7.26.0.Final.pom
[INFO] Downloaded from jboss-public-repository-group: https://repository.jboss.org/nexus/content/groups/public/org/optaplanner/optaplanner-core/7.26.0.Final/optaplanner-core-7.26.0.Final.pom (3.5 kB at 24 kB/s)
[INFO] Downloading from jboss-public-repository-group: https://repository.jboss.org/nexus/content/groups/public/org/optaplanner/optaplanner/7.26.0.Final/optaplanner-7.26.0.Final.pom
[INFO] Downloaded from jboss-public-repository-group: https://repository.jboss.org/nexus/content/groups/public/org/optaplanner/optaplanner/7.26.0.Final/optaplanner-7.26.0.Final.pom (11 kB at 21 kB/s)
[INFO] Downloading from jboss-public-repository-group: https://repository.jboss.org/nexus/content/groups/public/org/kie/kie-parent/7.26.0.Final/kie-parent-7.26.0.Final.pom
[INFO] Downloaded from jboss-public-repository-group: https://repository.jboss.org/nexus/content/groups/public/org/kie/kie-parent/7.26.0.Final/kie-parent-7.26.0.Final.pom (253 kB at 1.0 MB/s)
[INFO] Downloading from jboss-public-repository-group: https://repository.jboss.org/nexus/content/groups/public/org/optaplanner/optaplanner-bom/7.26.0.Final/optaplanner-bom-7.26.0.Final.pom
[INFO] Downloaded from jboss-public-repository-group: https://repository.jboss.org/nexus/content/groups/public/org/optaplanner/optaplanner-bom/7.26.0.Final/optaplanner-bom-7.26.0.Final.pom (16 kB at 288 kB/s)
[INFO] Downloading from jboss-public-repository-group: https://repository.jboss.org/nexus/content/groups/public/org/kie/kie-user-bom-parent/7.26.0.Final/kie-user-bom-parent-7.26.0.Final.pom
[INFO] Downloaded from jboss-public-repository-group: https://repository.jboss.org/nexus/content/groups/public/org/kie/kie-user-bom-parent/7.26.0.Final/kie-user-bom-parent-7.26.0.Final.pom (5.7 kB at 101 kB/s)
[INFO] Downloading from jboss-public-repository-group: https://repository.jboss.org/nexus/content/groups/public/org/drools/drools-bom/7.26.0.Final/drools-bom-7.26.0.Final.pom
[INFO] Downloaded from jboss-public-repository-group: https://repository.jboss.org/nexus/content/groups/public/org/drools/drools-bom/7.26.0.Final/drools-bom-7.26.0.Final.pom (46 kB at 671 kB/s)
[INFO] Downloading from central: https://repo.maven.apache.org/maven2/org/kie/kie-bom/7.26.0.Final/kie-bom-7.26.0.Final.pom
[INFO] Downloaded from central: https://repo.maven.apache.org/maven2/org/kie/kie-bom/7.26.0.Final/kie-bom-7.26.0.Final.pom (103 kB at 2.6 MB/s)
[INFO] Downloading from jboss-public-repository-group: https://repository.jboss.org/nexus/content/groups/public/org/kie/soup/kie-soup-bom/7.26.0.Final/kie-soup-bom-7.26.0.Final.pom
[INFO] Downloaded from jboss-public-repository-group: https://repository.jboss.org/nexus/content/groups/public/org/kie/soup/kie-soup-bom/7.26.0.Final/kie-soup-bom-7.26.0.Final.pom (8.8 kB at 179 kB/s)
[INFO] Downloading from jboss-public-repository-group: https://repository.jboss.org/nexus/content/groups/public/io/thorntail/bom/2.4.0.Final/bom-2.4.0.Final.pom
[INFO] Downloading from central: https://repo.maven.apache.org/maven2/io/thorntail/bom/2.4.0.Final/bom-2.4.0.Final.pom
[INFO] Downloaded from central: https://repo.maven.apache.org/maven2/io/thorntail/bom/2.4.0.Final/bom-2.4.0.Final.pom (13 kB at 345 kB/s)
[INFO] Downloading from jboss-public-repository-group: https://repository.jboss.org/nexus/content/groups/public/org/kie/kie-api/7.26.0.Final/kie-api-7.26.0.Final.pom
[INFO] Downloaded from jboss-public-repository-group: https://repository.jboss.org/nexus/content/groups/public/org/kie/kie-api/7.26.0.Final/kie-api-7.26.0.Final.pom (7.1 kB at 297 kB/s)
[INFO] Downloading from jboss-public-repository-group: https://repository.jboss.org/nexus/content/groups/public/org/kie/kie-api-parent/7.26.0.Final/kie-api-parent-7.26.0.Final.pom
[INFO] Downloaded from jboss-public-repository-group: https://repository.jboss.org/nexus/content/groups/public/org/kie/kie-api-parent/7.26.0.Final/kie-api-parent-7.26.0.Final.pom (2.5 kB at 59 kB/s)
[INFO] Downloading from jboss-public-repository-group: https://repository.jboss.org/nexus/content/groups/public/org/osgi/org.osgi.compendium/4.3.1/org.osgi.compendium-4.3.1.pom
[INFO] Downloading from central: https://repo.maven.apache.org/maven2/org/osgi/org.osgi.compendium/4.3.1/org.osgi.compendium-4.3.1.pom
[INFO] Downloaded from central: https://repo.maven.apache.org/maven2/org/osgi/org.osgi.compendium/4.3.1/org.osgi.compendium-4.3.1.pom (1.4 kB at 38 kB/s)
[INFO] Downloading from jboss-public-repository-group: https://repository.jboss.org/nexus/content/groups/public/org/kie/soup/kie-soup-maven-support/7.26.0.Final/kie-soup-maven-support-7.26.0.Final.pom
[INFO] Downloaded from jboss-public-repository-group: https://repository.jboss.org/nexus/content/groups/public/org/kie/soup/kie-soup-maven-support/7.26.0.Final/kie-soup-maven-support-7.26.0.Final.pom (1.4 kB at 18 kB/s)
[INFO] Downloading from jboss-public-repository-group: https://repository.jboss.org/nexus/content/groups/public/org/kie/soup/kie-soup-maven-utils/7.26.0.Final/kie-soup-maven-utils-7.26.0.Final.pom
[INFO] Downloaded from jboss-public-repository-group: https://repository.jboss.org/nexus/content/groups/public/org/kie/soup/kie-soup-maven-utils/7.26.0.Final/kie-soup-maven-utils-7.26.0.Final.pom (1.3 kB at 52 kB/s)
[INFO] Downloading from jboss-public-repository-group: https://repository.jboss.org/nexus/content/groups/public/org/kie/soup/kie-soup-parent/7.26.0.Final/kie-soup-parent-7.26.0.Final.pom
[INFO] Downloaded from jboss-public-repository-group: https://repository.jboss.org/nexus/content/groups/public/org/kie/soup/kie-soup-parent/7.26.0.Final/kie-soup-parent-7.26.0.Final.pom (28 kB at 154 kB/s)
[INFO] Downloading from jboss-public-repository-group: https://repository.jboss.org/nexus/content/groups/public/org/jboss/spec/javax/jms/jboss-jms-api_2.0_spec/1.0.2.Final/jboss-jms-api_2.0_spec-1.0.2.Final.pom
[INFO] Downloaded from jboss-public-repository-group: https://repository.jboss.org/nexus/content/groups/public/org/jboss/spec/javax/jms/jboss-jms-api_2.0_spec/1.0.2.Final/jboss-jms-api_2.0_spec-1.0.2.Final.pom (4.9 kB at 75 kB/s)
[INFO] Downloading from jboss-public-repository-group: https://repository.jboss.org/nexus/content/groups/public/javax/enterprise/cdi-api/2.0.SP1/cdi-api-2.0.SP1.pom
[INFO] Downloaded from jboss-public-repository-group: https://repository.jboss.org/nexus/content/groups/public/javax/enterprise/cdi-api/2.0.SP1/cdi-api-2.0.SP1.pom (9.0 kB at 32 kB/s)
[INFO] Downloading from jboss-public-repository-group: https://repository.jboss.org/nexus/content/groups/public/org/jboss/weld/weld-parent/36/weld-parent-36.pom
[INFO] Downloaded from jboss-public-repository-group: https://repository.jboss.org/nexus/content/groups/public/org/jboss/weld/weld-parent/36/weld-parent-36.pom (29 kB at 107 kB/s)
[INFO] Downloading from jboss-public-repository-group: https://repository.jboss.org/nexus/content/groups/public/org/kie/kie-internal/7.26.0.Final/kie-internal-7.26.0.Final.pom
[INFO] Downloaded from jboss-public-repository-group: https://repository.jboss.org/nexus/content/groups/public/org/kie/kie-internal/7.26.0.Final/kie-internal-7.26.0.Final.pom (7.3 kB at 60 kB/s)
[INFO] Downloading from jboss-public-repository-group: https://repository.jboss.org/nexus/content/groups/public/com/sun/xml/bind/jaxb-xjc/2.3.0/jaxb-xjc-2.3.0.pom
[INFO] Downloading from central: https://repo.maven.apache.org/maven2/com/sun/xml/bind/jaxb-xjc/2.3.0/jaxb-xjc-2.3.0.pom
[INFO] Downloaded from central: https://repo.maven.apache.org/maven2/com/sun/xml/bind/jaxb-xjc/2.3.0/jaxb-xjc-2.3.0.pom (27 kB at 707 kB/s)
[INFO] Downloading from jboss-public-repository-group: https://repository.jboss.org/nexus/content/groups/public/org/drools/drools-core/7.26.0.Final/drools-core-7.26.0.Final.pom
[INFO] Downloaded from jboss-public-repository-group: https://repository.jboss.org/nexus/content/groups/public/org/drools/drools-core/7.26.0.Final/drools-core-7.26.0.Final.pom (10 kB at 36 kB/s)
[INFO] Downloading from jboss-public-repository-group: https://repository.jboss.org/nexus/content/groups/public/org/drools/drools/7.26.0.Final/drools-7.26.0.Final.pom
[INFO] Downloaded from jboss-public-repository-group: https://repository.jboss.org/nexus/content/groups/public/org/drools/drools/7.26.0.Final/drools-7.26.0.Final.pom (5.7 kB at 103 kB/s)
[INFO] Downloading from jboss-public-repository-group: https://repository.jboss.org/nexus/content/groups/public/org/uberfire/uberfire-bom/7.26.0.Final/uberfire-bom-7.26.0.Final.pom
[INFO] Downloaded from jboss-public-repository-group: https://repository.jboss.org/nexus/content/groups/public/org/uberfire/uberfire-bom/7.26.0.Final/uberfire-bom-7.26.0.Final.pom (61 kB at 748 kB/s)
[INFO] Downloading from jboss-public-repository-group: https://repository.jboss.org/nexus/content/groups/public/org/kie/soup/kie-soup-commons/7.26.0.Final/kie-soup-commons-7.26.0.Final.pom
[INFO] Downloaded from jboss-public-repository-group: https://repository.jboss.org/nexus/content/groups/public/org/kie/soup/kie-soup-commons/7.26.0.Final/kie-soup-commons-7.26.0.Final.pom (3.1 kB at 39 kB/s)
[INFO] Downloading from jboss-public-repository-group: https://repository.jboss.org/nexus/content/groups/public/org/kie/soup/kie-soup-project-datamodel-commons/7.26.0.Final/kie-soup-project-datamodel-commons-7.26.0.Final.pom
[INFO] Downloaded from jboss-public-repository-group: https://repository.jboss.org/nexus/content/groups/public/org/kie/soup/kie-soup-project-datamodel-commons/7.26.0.Final/kie-soup-project-datamodel-commons-7.26.0.Final.pom (3.1 kB at 5.8 kB/s)
[INFO] Downloading from jboss-public-repository-group: https://repository.jboss.org/nexus/content/groups/public/org/kie/soup/kie-soup-project-datamodel/7.26.0.Final/kie-soup-project-datamodel-7.26.0.Final.pom
[INFO] Downloaded from jboss-public-repository-group: https://repository.jboss.org/nexus/content/groups/public/org/kie/soup/kie-soup-project-datamodel/7.26.0.Final/kie-soup-project-datamodel-7.26.0.Final.pom (1.4 kB at 25 kB/s)
[INFO] Downloading from jboss-public-repository-group: https://repository.jboss.org/nexus/content/groups/public/org/kie/soup/kie-soup-project-datamodel-api/7.26.0.Final/kie-soup-project-datamodel-api-7.26.0.Final.pom
[INFO] Downloaded from jboss-public-repository-group: https://repository.jboss.org/nexus/content/groups/public/org/kie/soup/kie-soup-project-datamodel-api/7.26.0.Final/kie-soup-project-datamodel-api-7.26.0.Final.pom (2.7 kB at 22 kB/s)
[INFO] Downloading from jboss-public-repository-group: https://repository.jboss.org/nexus/content/groups/public/org/drools/drools-compiler/7.26.0.Final/drools-compiler-7.26.0.Final.pom
[INFO] Downloaded from jboss-public-repository-group: https://repository.jboss.org/nexus/content/groups/public/org/drools/drools-compiler/7.26.0.Final/drools-compiler-7.26.0.Final.pom (14 kB at 72 kB/s)
[INFO] Downloading from jboss-public-repository-group: https://repository.jboss.org/nexus/content/groups/public/org/kie/kie-api/7.26.0.Final/kie-api-7.26.0.Final.jar
[INFO] Downloading from jboss-public-repository-group: https://repository.jboss.org/nexus/content/groups/public/org/osgi/org.osgi.compendium/4.3.1/org.osgi.compendium-4.3.1.jar
[INFO] Downloading from jboss-public-repository-group: https://repository.jboss.org/nexus/content/groups/public/org/kie/soup/kie-soup-maven-support/7.26.0.Final/kie-soup-maven-support-7.26.0.Final.jar
[INFO] Downloading from jboss-public-repository-group: https://repository.jboss.org/nexus/content/groups/public/javax/enterprise/cdi-api/2.0.SP1/cdi-api-2.0.SP1.jar
[INFO] Downloading from jboss-public-repository-group: https://repository.jboss.org/nexus/content/groups/public/org/jboss/spec/javax/jms/jboss-jms-api_2.0_spec/1.0.2.Final/jboss-jms-api_2.0_spec-1.0.2.Final.jar
[INFO] Downloaded from jboss-public-repository-group: https://repository.jboss.org/nexus/content/groups/public/javax/enterprise/cdi-api/2.0.SP1/cdi-api-2.0.SP1.jar (108 kB at 1.4 MB/s)
[INFO] Downloading from jboss-public-repository-group: https://repository.jboss.org/nexus/content/groups/public/org/kie/kie-internal/7.26.0.Final/kie-internal-7.26.0.Final.jar
[INFO] Downloaded from jboss-public-repository-group: https://repository.jboss.org/nexus/content/groups/public/org/kie/kie-api/7.26.0.Final/kie-api-7.26.0.Final.jar (242 kB at 2.8 MB/s)
[INFO] Downloading from jboss-public-repository-group: https://repository.jboss.org/nexus/content/groups/public/com/sun/xml/bind/jaxb-xjc/2.3.0/jaxb-xjc-2.3.0.jar
[INFO] Downloaded from jboss-public-repository-group: https://repository.jboss.org/nexus/content/groups/public/org/kie/kie-internal/7.26.0.Final/kie-internal-7.26.0.Final.jar (280 kB at 2.9 MB/s)
[INFO] Downloading from jboss-public-repository-group: https://repository.jboss.org/nexus/content/groups/public/org/drools/drools-core/7.26.0.Final/drools-core-7.26.0.Final.jar
[INFO] Downloaded from jboss-public-repository-group: https://repository.jboss.org/nexus/content/groups/public/org/jboss/spec/javax/jms/jboss-jms-api_2.0_spec/1.0.2.Final/jboss-jms-api_2.0_spec-1.0.2.Final.jar (51 kB at 520 kB/s)
[INFO] Downloading from jboss-public-repository-group: https://repository.jboss.org/nexus/content/groups/public/org/kie/soup/kie-soup-commons/7.26.0.Final/kie-soup-commons-7.26.0.Final.jar
[INFO] Downloaded from jboss-public-repository-group: https://repository.jboss.org/nexus/content/groups/public/org/kie/soup/kie-soup-maven-support/7.26.0.Final/kie-soup-maven-support-7.26.0.Final.jar (17 kB at 119 kB/s)
[INFO] Downloading from jboss-public-repository-group: https://repository.jboss.org/nexus/content/groups/public/org/kie/soup/kie-soup-project-datamodel-commons/7.26.0.Final/kie-soup-project-datamodel-commons-7.26.0.Final.jar
[INFO] Downloaded from jboss-public-repository-group: https://repository.jboss.org/nexus/content/groups/public/org/drools/drools-core/7.26.0.Final/drools-core-7.26.0.Final.jar (3.9 MB at 20 MB/s)
[INFO] Downloading from jboss-public-repository-group: https://repository.jboss.org/nexus/content/groups/public/org/kie/soup/kie-soup-project-datamodel-api/7.26.0.Final/kie-soup-project-datamodel-api-7.26.0.Final.jar
[INFO] Downloaded from jboss-public-repository-group: https://repository.jboss.org/nexus/content/groups/public/org/kie/soup/kie-soup-project-datamodel-commons/7.26.0.Final/kie-soup-project-datamodel-commons-7.26.0.Final.jar (44 kB at 198 kB/s)
[INFO] Downloading from jboss-public-repository-group: https://repository.jboss.org/nexus/content/groups/public/org/drools/drools-compiler/7.26.0.Final/drools-compiler-7.26.0.Final.jar
[INFO] Downloaded from jboss-public-repository-group: https://repository.jboss.org/nexus/content/groups/public/org/kie/soup/kie-soup-project-datamodel-api/7.26.0.Final/kie-soup-project-datamodel-api-7.26.0.Final.jar (41 kB at 164 kB/s)
[INFO] Downloaded from jboss-public-repository-group: https://repository.jboss.org/nexus/content/groups/public/org/kie/soup/kie-soup-commons/7.26.0.Final/kie-soup-commons-7.26.0.Final.jar (32 kB at 109 kB/s)
[INFO] Downloaded from jboss-public-repository-group: https://repository.jboss.org/nexus/content/groups/public/org/drools/drools-compiler/7.26.0.Final/drools-compiler-7.26.0.Final.jar (1.7 MB at 3.5 MB/s)
[INFO] Downloading from central: https://repo.maven.apache.org/maven2/org/osgi/org.osgi.compendium/4.3.1/org.osgi.compendium-4.3.1.jar
[INFO] Downloading from central: https://repo.maven.apache.org/maven2/com/sun/xml/bind/jaxb-xjc/2.3.0/jaxb-xjc-2.3.0.jar
[INFO] Downloaded from central: https://repo.maven.apache.org/maven2/org/osgi/org.osgi.compendium/4.3.1/org.osgi.compendium-4.3.1.jar (767 kB at 14 MB/s)
[INFO] Downloaded from central: https://repo.maven.apache.org/maven2/com/sun/xml/bind/jaxb-xjc/2.3.0/jaxb-xjc-2.3.0.jar (2.0 MB at 34 MB/s)
[INFO] Comparing [org.optaplanner:optaplanner-core:jar:7.26.0.Final] against [org.optaplanner:optaplanner-core:jar:7.30.0-SNAPSHOT] (including their transitive dependencies).
[INFO] 
[INFO] --- maven-failsafe-plugin:3.0.0-M8-SNAPSHOT:integration-test (default) @ optaplanner-core ---
[INFO] Tests are skipped.
[INFO] 
[INFO] --- maven-failsafe-plugin:3.0.0-M8-SNAPSHOT:verify (default) @ optaplanner-core ---
[INFO] Tests are skipped.
[INFO] 
[INFO] --- revapi-maven-plugin:0.9.5:check (check) @ optaplanner-core ---
[INFO] Comparing [org.optaplanner:optaplanner-core:jar:7.26.0.Final] against [org.optaplanner:optaplanner-core:jar:7.30.0-SNAPSHOT] (including their transitive dependencies).
[INFO] API checks completed without failures.
[INFO] 
[INFO] --- maven-install-plugin:2.5.2:install (default-install) @ optaplanner-core ---
[INFO] Installing /home/srafi/after-cam-ready/compare_/compile_repair_output/work/fe9a72975c54/optaplanner-core/target/optaplanner-core-7.30.0-SNAPSHOT.jar to /home/srafi/.m2/repository/org/optaplanner/optaplanner-core/7.30.0-SNAPSHOT/optaplanner-core-7.30.0-SNAPSHOT.jar
[INFO] Installing /home/srafi/after-cam-ready/compare_/compile_repair_output/work/fe9a72975c54/optaplanner-core/pom.xml to /home/srafi/.m2/repository/org/optaplanner/optaplanner-core/7.30.0-SNAPSHOT/optaplanner-core-7.30.0-SNAPSHOT.pom
[INFO] Installing /home/srafi/after-cam-ready/compare_/compile_repair_output/work/fe9a72975c54/optaplanner-core/target/optaplanner-core-7.30.0-SNAPSHOT-sources.jar to /home/srafi/.m2/repository/org/optaplanner/optaplanner-core/7.30.0-SNAPSHOT/optaplanner-core-7.30.0-SNAPSHOT-sources.jar
[INFO] Installing /home/srafi/after-cam-ready/compare_/compile_repair_output/work/fe9a72975c54/optaplanner-core/target/optaplanner-core-7.30.0-SNAPSHOT-test-sources.jar to /home/srafi/.m2/repository/org/optaplanner/optaplanner-core/7.30.0-SNAPSHOT/optaplanner-core-7.30.0-SNAPSHOT-test-sources.jar
[INFO] Installing /home/srafi/after-cam-ready/compare_/compile_repair_output/work/fe9a72975c54/optaplanner-core/target/optaplanner-core-7.30.0-SNAPSHOT-tests.jar to /home/srafi/.m2/repository/org/optaplanner/optaplanner-core/7.30.0-SNAPSHOT/optaplanner-core-7.30.0-SNAPSHOT-tests.jar
[INFO] 
[INFO] --- maven-bundle-plugin:3.5.0:install (default-install) @ optaplanner-core ---
[INFO] Local OBR update disabled (enable with -DobrRepository)
[INFO] ------------------------------------------------------------------------
[INFO] Reactor Summary for OptaPlanner multiproject parent 7.30.0-SNAPSHOT:
[INFO] 
[INFO] OptaPlanner multiproject parent .................... SUCCESS [  3.565 s]
[INFO] OptaPlanner core ................................... SUCCESS [ 23.794 s]
[INFO] ------------------------------------------------------------------------
[INFO] BUILD SUCCESS
[INFO] ------------------------------------------------------------------------
[INFO] Total time:  35.878 s
[INFO] Finished at: 2026-08-15T16:30:14-04:00
[INFO] ------------------------------------------------------------------------
