JAVA_HOME=/usr/lib/jvm/java-8-openjdk-amd64
COMMAND=mvn -B clean install -DskipTests -U -pl common/common-rest -am -Ddependency-check.skip=true -Dgpg.skip=true -DfailIfNoTests=false -Dskip.installnodenpm=true -Dskip.npm=true -Dskip.yarn=true -Dlicense.skip=true -Dcheckstyle.skip=true -Drat.skip=true -Denforcer.skip=true -Danimal.sniffer.skip=true -Dmaven.javadoc.skip=true -Dfindbugs.skip=true -Dspotbugs.skip=true -Dwarbucks.skip=true -Dmodernizer.skip=true -Dimpsort.skip=true -Dmdep.analyze.skip=true -Dpgpverify.skip=true -Dxml.skip=true -Dcobertura.skip=true

[INFO] Scanning for projects...
[INFO] Downloading from central: https://repo.maven.apache.org/maven2/io/micrometer/micrometer-bom/1.10.0/micrometer-bom-1.10.0.pom
[INFO] Downloaded from central: https://repo.maven.apache.org/maven2/io/micrometer/micrometer-bom/1.10.0/micrometer-bom-1.10.0.pom (7.8 kB at 27 kB/s)
Warning: KebabPizza disabling incompatible org.apache.maven.plugins:maven-enforcer-plugin from java-chassis
Warning: KebabPizza disabling incompatible org.codehaus.mojo:license-maven-plugin from java-chassis
Warning: KebabPizza disabling incompatible org.apache.rat:apache-rat-plugin from java-chassis
Warning: KebabPizza disabling incompatible org.apache.maven.plugins:maven-enforcer-plugin from java-chassis-dependencies-parent
Warning: KebabPizza disabling incompatible org.codehaus.mojo:license-maven-plugin from java-chassis-dependencies-parent
Warning: KebabPizza disabling incompatible org.apache.rat:apache-rat-plugin from java-chassis-dependencies-parent
Warning: KebabPizza disabling incompatible org.apache.maven.plugins:maven-enforcer-plugin from java-chassis-dependencies
Warning: KebabPizza disabling incompatible org.codehaus.mojo:license-maven-plugin from java-chassis-dependencies
Warning: KebabPizza disabling incompatible org.apache.rat:apache-rat-plugin from java-chassis-dependencies
Warning: KebabPizza disabling incompatible org.apache.maven.plugins:maven-enforcer-plugin from java-chassis-parent
Warning: KebabPizza disabling incompatible org.codehaus.mojo:license-maven-plugin from java-chassis-parent
Warning: KebabPizza disabling incompatible org.apache.rat:apache-rat-plugin from java-chassis-parent
Warning: KebabPizza disabling incompatible org.apache.maven.plugins:maven-enforcer-plugin from foundations
Warning: KebabPizza disabling incompatible org.codehaus.mojo:license-maven-plugin from foundations
Warning: KebabPizza disabling incompatible org.apache.rat:apache-rat-plugin from foundations
Warning: KebabPizza disabling incompatible org.apache.maven.plugins:maven-enforcer-plugin from foundation-spi
Warning: KebabPizza disabling incompatible org.codehaus.mojo:license-maven-plugin from foundation-spi
Warning: KebabPizza disabling incompatible org.apache.rat:apache-rat-plugin from foundation-spi
Warning: KebabPizza disabling incompatible org.apache.maven.plugins:maven-enforcer-plugin from foundation-test-scaffolding
Warning: KebabPizza disabling incompatible org.codehaus.mojo:license-maven-plugin from foundation-test-scaffolding
Warning: KebabPizza disabling incompatible org.apache.rat:apache-rat-plugin from foundation-test-scaffolding
Warning: KebabPizza disabling incompatible org.apache.maven.plugins:maven-enforcer-plugin from foundation-common
Warning: KebabPizza disabling incompatible org.codehaus.mojo:license-maven-plugin from foundation-common
Warning: KebabPizza disabling incompatible org.apache.rat:apache-rat-plugin from foundation-common
Warning: KebabPizza disabling incompatible org.apache.maven.plugins:maven-enforcer-plugin from foundation-config
Warning: KebabPizza disabling incompatible org.codehaus.mojo:license-maven-plugin from foundation-config
Warning: KebabPizza disabling incompatible org.apache.rat:apache-rat-plugin from foundation-config
Warning: KebabPizza disabling incompatible org.apache.maven.plugins:maven-enforcer-plugin from foundation-ssl
Warning: KebabPizza disabling incompatible org.codehaus.mojo:license-maven-plugin from foundation-ssl
Warning: KebabPizza disabling incompatible org.apache.rat:apache-rat-plugin from foundation-ssl
Warning: KebabPizza disabling incompatible org.apache.maven.plugins:maven-enforcer-plugin from foundation-vertx
Warning: KebabPizza disabling incompatible org.codehaus.mojo:license-maven-plugin from foundation-vertx
Warning: KebabPizza disabling incompatible org.apache.rat:apache-rat-plugin from foundation-vertx
Warning: KebabPizza disabling incompatible org.apache.maven.plugins:maven-enforcer-plugin from deployment
Warning: KebabPizza disabling incompatible org.codehaus.mojo:license-maven-plugin from deployment
Warning: KebabPizza disabling incompatible org.apache.rat:apache-rat-plugin from deployment
Warning: KebabPizza disabling incompatible org.apache.maven.plugins:maven-enforcer-plugin from swagger
Warning: KebabPizza disabling incompatible org.codehaus.mojo:license-maven-plugin from swagger
Warning: KebabPizza disabling incompatible org.apache.rat:apache-rat-plugin from swagger
Warning: KebabPizza disabling incompatible org.apache.maven.plugins:maven-enforcer-plugin from swagger-generator
Warning: KebabPizza disabling incompatible org.codehaus.mojo:license-maven-plugin from swagger-generator
Warning: KebabPizza disabling incompatible org.apache.rat:apache-rat-plugin from swagger-generator
Warning: KebabPizza disabling incompatible org.apache.maven.plugins:maven-enforcer-plugin from swagger-generator-core
Warning: KebabPizza disabling incompatible org.codehaus.mojo:license-maven-plugin from swagger-generator-core
Warning: KebabPizza disabling incompatible org.apache.rat:apache-rat-plugin from swagger-generator-core
Warning: KebabPizza disabling incompatible org.apache.maven.plugins:maven-enforcer-plugin from swagger-generator-jaxrs
Warning: KebabPizza disabling incompatible org.codehaus.mojo:license-maven-plugin from swagger-generator-jaxrs
Warning: KebabPizza disabling incompatible org.apache.rat:apache-rat-plugin from swagger-generator-jaxrs
Warning: KebabPizza disabling incompatible org.apache.maven.plugins:maven-enforcer-plugin from swagger-generator-springmvc
Warning: KebabPizza disabling incompatible org.codehaus.mojo:license-maven-plugin from swagger-generator-springmvc
Warning: KebabPizza disabling incompatible org.apache.rat:apache-rat-plugin from swagger-generator-springmvc
Warning: KebabPizza disabling incompatible org.apache.maven.plugins:maven-enforcer-plugin from swagger-invocation
Warning: KebabPizza disabling incompatible org.codehaus.mojo:license-maven-plugin from swagger-invocation
Warning: KebabPizza disabling incompatible org.apache.rat:apache-rat-plugin from swagger-invocation
Warning: KebabPizza disabling incompatible org.apache.maven.plugins:maven-enforcer-plugin from swagger-invocation-core
Warning: KebabPizza disabling incompatible org.codehaus.mojo:license-maven-plugin from swagger-invocation-core
Warning: KebabPizza disabling incompatible org.apache.rat:apache-rat-plugin from swagger-invocation-core
Warning: KebabPizza disabling incompatible org.apache.maven.plugins:maven-enforcer-plugin from foundation-registry
Warning: KebabPizza disabling incompatible org.codehaus.mojo:license-maven-plugin from foundation-registry
Warning: KebabPizza disabling incompatible org.apache.rat:apache-rat-plugin from foundation-registry
Warning: KebabPizza disabling incompatible org.apache.maven.plugins:maven-enforcer-plugin from servicecomb-governance
Warning: KebabPizza disabling incompatible org.codehaus.mojo:license-maven-plugin from servicecomb-governance
Warning: KebabPizza disabling incompatible org.apache.rat:apache-rat-plugin from servicecomb-governance
Warning: KebabPizza disabling incompatible org.apache.maven.plugins:maven-enforcer-plugin from java-chassis-core
Warning: KebabPizza disabling incompatible org.codehaus.mojo:license-maven-plugin from java-chassis-core
Warning: KebabPizza disabling incompatible org.apache.rat:apache-rat-plugin from java-chassis-core
Warning: KebabPizza disabling incompatible org.apache.maven.plugins:maven-enforcer-plugin from common
Warning: KebabPizza disabling incompatible org.codehaus.mojo:license-maven-plugin from common
Warning: KebabPizza disabling incompatible org.apache.rat:apache-rat-plugin from common
Warning: KebabPizza disabling incompatible org.apache.maven.plugins:maven-enforcer-plugin from service-registry-parent
Warning: KebabPizza disabling incompatible org.codehaus.mojo:license-maven-plugin from service-registry-parent
Warning: KebabPizza disabling incompatible org.apache.rat:apache-rat-plugin from service-registry-parent
Warning: KebabPizza disabling incompatible org.apache.maven.plugins:maven-enforcer-plugin from registry-local
Warning: KebabPizza disabling incompatible org.codehaus.mojo:license-maven-plugin from registry-local
Warning: KebabPizza disabling incompatible org.apache.rat:apache-rat-plugin from registry-local
Warning: KebabPizza disabling incompatible org.apache.maven.plugins:maven-enforcer-plugin from common-rest
Warning: KebabPizza disabling incompatible org.codehaus.mojo:license-maven-plugin from common-rest
Warning: KebabPizza disabling incompatible org.apache.rat:apache-rat-plugin from common-rest
[INFO] ------------------------------------------------------------------------
[INFO] Detecting the operating system and CPU architecture
[INFO] ------------------------------------------------------------------------
[INFO] os.detected.name: linux
[INFO] os.detected.arch: x86_64
[INFO] os.detected.bitness: 64
[INFO] os.detected.version: 6.8
[INFO] os.detected.version.major: 6
[INFO] os.detected.version.minor: 8
[INFO] os.detected.release: ubuntu
[INFO] os.detected.release.version: 22.04
[INFO] os.detected.release.like.ubuntu: true
[INFO] os.detected.release.like.debian: true
[INFO] os.detected.classifier: linux-x86_64
[INFO] ------------------------------------------------------------------------
[INFO] Reactor Build Order:
[INFO] 
[INFO] ServiceComb Java Chassis                                           [pom]
[INFO] Java Chassis::Dependencies                                         [pom]
[INFO] Java Chassis::Dependencies::Default                                [pom]
[INFO] Java Chassis::Parent::Default                                      [pom]
[INFO] Java Chassis::Foundations                                          [pom]
[INFO] Java Chassis::Foundations::SSL                                     [jar]
[INFO] Java Chassis::Foundations::Test Scaffolding                        [jar]
[INFO] Java Chassis::Foundations::Common                                  [jar]
[INFO] Java Chassis::Foundations::Config                                  [jar]
[INFO] Java Chassis::Foundations::SSL                                     [jar]
[INFO] Java Chassis::Foundations::Vertx                                   [jar]
[INFO] Java Chassis::Deployment                                           [jar]
[INFO] Java Chassis::Swagger                                              [pom]
[INFO] Java Chassis::Swagger::Generator                                   [pom]
[INFO] Java Chassis::Swagger::Generator::Core                             [jar]
[INFO] Java Chassis::Swagger::Generator::Jaxrs                            [jar]
[INFO] Java Chassis::Swagger::Generator::Spring MVC                       [jar]
[INFO] Java Chassis::Swagger::Invocation                                  [pom]
[INFO] Java Chassis::Swagger::Invocation::Core                            [jar]
[INFO] Java Chassis::Foundations::Registry                                [jar]
[INFO] Java Chassis::Governance                                           [jar]
[INFO] Java Chassis::Core                                                 [jar]
[INFO] Java Chassis::Common                                               [pom]
[INFO] Java Chassis::Service Registry                                     [pom]
[INFO] Java Chassis::Java Chassis::Service Registry::Local                [jar]
[INFO] Java Chassis::Common::Rest                                         [jar]
[INFO] 
[INFO] ----------------< org.apache.servicecomb:java-chassis >-----------------
[INFO] Building ServiceComb Java Chassis 2.9.0-SNAPSHOT                  [1/26]
[INFO] --------------------------------[ pom ]---------------------------------
[INFO] 
[INFO] --- maven-clean-plugin:3.2.0:clean (default-clean) @ java-chassis ---
[INFO] 
[INFO] --- maven-remote-resources-plugin:3.0.0:process (process-resource-bundles) @ java-chassis ---
[INFO] Skipping remote resources execution.
[INFO] 
[INFO] --- maven-site-plugin:3.12.1:attach-descriptor (attach-descriptor) @ java-chassis ---
[INFO] No site descriptor found: nothing to attach.
[INFO] 
[INFO] >>> spotbugs-maven-plugin:4.7.3.0:check (default) > :spotbugs @ java-chassis >>>
[INFO] 
[INFO] --- spotbugs-maven-plugin:4.7.3.0:spotbugs (spotbugs) @ java-chassis ---
[INFO] 
[INFO] <<< spotbugs-maven-plugin:4.7.3.0:check (default) < :spotbugs @ java-chassis <<<
[INFO] 
[INFO] 
[INFO] --- spotbugs-maven-plugin:4.7.3.0:check (default) @ java-chassis ---
[INFO] 
[INFO] --- maven-install-plugin:2.5.2:install (default-install) @ java-chassis ---
[INFO] Installing /home/srafi/after-cam-ready/compare_/compile_repair_output/work/fd649355b568/pom.xml to /home/srafi/.m2/repository/org/apache/servicecomb/java-chassis/2.9.0-SNAPSHOT/java-chassis-2.9.0-SNAPSHOT.pom
[INFO] 
[INFO] ------< org.apache.servicecomb:java-chassis-dependencies-parent >-------
[INFO] Building Java Chassis::Dependencies 2.9.0-SNAPSHOT                [2/26]
[INFO] --------------------------------[ pom ]---------------------------------
[INFO] 
[INFO] --- maven-clean-plugin:3.2.0:clean (default-clean) @ java-chassis-dependencies-parent ---
[INFO] 
[INFO] --- maven-remote-resources-plugin:3.0.0:process (process-resource-bundles) @ java-chassis-dependencies-parent ---
[INFO] Skipping remote resources execution.
[INFO] 
[INFO] --- maven-site-plugin:3.12.1:attach-descriptor (attach-descriptor) @ java-chassis-dependencies-parent ---
[INFO] No site descriptor found: nothing to attach.
[INFO] 
[INFO] >>> spotbugs-maven-plugin:4.7.3.0:check (default) > :spotbugs @ java-chassis-dependencies-parent >>>
[INFO] 
[INFO] --- spotbugs-maven-plugin:4.7.3.0:spotbugs (spotbugs) @ java-chassis-dependencies-parent ---
[INFO] 
[INFO] <<< spotbugs-maven-plugin:4.7.3.0:check (default) < :spotbugs @ java-chassis-dependencies-parent <<<
[INFO] 
[INFO] 
[INFO] --- spotbugs-maven-plugin:4.7.3.0:check (default) @ java-chassis-dependencies-parent ---
[INFO] 
[INFO] --- maven-install-plugin:2.5.2:install (default-install) @ java-chassis-dependencies-parent ---
[INFO] Installing /home/srafi/after-cam-ready/compare_/compile_repair_output/work/fd649355b568/dependencies/pom.xml to /home/srafi/.m2/repository/org/apache/servicecomb/java-chassis-dependencies-parent/2.9.0-SNAPSHOT/java-chassis-dependencies-parent-2.9.0-SNAPSHOT.pom
[INFO] 
[INFO] ----------< org.apache.servicecomb:java-chassis-dependencies >----------
[INFO] Building Java Chassis::Dependencies::Default 2.9.0-SNAPSHOT       [3/26]
[INFO] --------------------------------[ pom ]---------------------------------
[INFO] 
[INFO] --- maven-clean-plugin:3.2.0:clean (default-clean) @ java-chassis-dependencies ---
[INFO] 
[INFO] --- maven-remote-resources-plugin:3.0.0:process (process-resource-bundles) @ java-chassis-dependencies ---
[INFO] Skipping remote resources execution.
[INFO] 
[INFO] --- maven-site-plugin:3.12.1:attach-descriptor (attach-descriptor) @ java-chassis-dependencies ---
[INFO] No site descriptor found: nothing to attach.
[INFO] 
[INFO] >>> spotbugs-maven-plugin:4.7.3.0:check (default) > :spotbugs @ java-chassis-dependencies >>>
[INFO] 
[INFO] --- spotbugs-maven-plugin:4.7.3.0:spotbugs (spotbugs) @ java-chassis-dependencies ---
[INFO] 
[INFO] <<< spotbugs-maven-plugin:4.7.3.0:check (default) < :spotbugs @ java-chassis-dependencies <<<
[INFO] 
[INFO] 
[INFO] --- spotbugs-maven-plugin:4.7.3.0:check (default) @ java-chassis-dependencies ---
[INFO] 
[INFO] --- maven-install-plugin:2.5.2:install (default-install) @ java-chassis-dependencies ---
[INFO] Installing /home/srafi/after-cam-ready/compare_/compile_repair_output/work/fd649355b568/dependencies/default/pom.xml to /home/srafi/.m2/repository/org/apache/servicecomb/java-chassis-dependencies/2.9.0-SNAPSHOT/java-chassis-dependencies-2.9.0-SNAPSHOT.pom
[INFO] 
[INFO] -------------< org.apache.servicecomb:java-chassis-parent >-------------
[INFO] Building Java Chassis::Parent::Default 2.9.0-SNAPSHOT             [4/26]
[INFO] --------------------------------[ pom ]---------------------------------
[INFO] 
[INFO] --- maven-clean-plugin:3.2.0:clean (default-clean) @ java-chassis-parent ---
[INFO] 
[INFO] --- maven-remote-resources-plugin:3.0.0:process (process-resource-bundles) @ java-chassis-parent ---
[INFO] Skipping remote resources execution.
[INFO] 
[INFO] --- maven-site-plugin:3.12.1:attach-descriptor (attach-descriptor) @ java-chassis-parent ---
[INFO] No site descriptor found: nothing to attach.
[INFO] 
[INFO] >>> maven-source-plugin:3.2.1:jar (attach-sources) > generate-sources @ java-chassis-parent >>>
[INFO] 
[INFO] <<< maven-source-plugin:3.2.1:jar (attach-sources) < generate-sources @ java-chassis-parent <<<
[INFO] 
[INFO] 
[INFO] --- maven-source-plugin:3.2.1:jar (attach-sources) @ java-chassis-parent ---
[INFO] 
[INFO] >>> spotbugs-maven-plugin:4.7.3.0:check (default) > :spotbugs @ java-chassis-parent >>>
[INFO] 
[INFO] --- spotbugs-maven-plugin:4.7.3.0:spotbugs (spotbugs) @ java-chassis-parent ---
[INFO] 
[INFO] <<< spotbugs-maven-plugin:4.7.3.0:check (default) < :spotbugs @ java-chassis-parent <<<
[INFO] 
[INFO] 
[INFO] --- spotbugs-maven-plugin:4.7.3.0:check (default) @ java-chassis-parent ---
[INFO] 
[INFO] --- maven-install-plugin:2.5.2:install (default-install) @ java-chassis-parent ---
[INFO] Installing /home/srafi/after-cam-ready/compare_/compile_repair_output/work/fd649355b568/parents/default/pom.xml to /home/srafi/.m2/repository/org/apache/servicecomb/java-chassis-parent/2.9.0-SNAPSHOT/java-chassis-parent-2.9.0-SNAPSHOT.pom
[INFO] 
[INFO] -----------------< org.apache.servicecomb:foundations >-----------------
[INFO] Building Java Chassis::Foundations 2.9.0-SNAPSHOT                 [5/26]
[INFO] --------------------------------[ pom ]---------------------------------
[INFO] 
[INFO] --- maven-clean-plugin:3.2.0:clean (default-clean) @ foundations ---
[INFO] 
[INFO] --- maven-remote-resources-plugin:3.0.0:process (process-resource-bundles) @ foundations ---
[INFO] Skipping remote resources execution.
[INFO] 
[INFO] --- maven-site-plugin:3.12.1:attach-descriptor (attach-descriptor) @ foundations ---
[INFO] No site descriptor found: nothing to attach.
[INFO] 
[INFO] >>> maven-source-plugin:3.2.1:jar (attach-sources) > generate-sources @ foundations >>>
[INFO] 
[INFO] <<< maven-source-plugin:3.2.1:jar (attach-sources) < generate-sources @ foundations <<<
[INFO] 
[INFO] 
[INFO] --- maven-source-plugin:3.2.1:jar (attach-sources) @ foundations ---
[INFO] 
[INFO] >>> spotbugs-maven-plugin:4.7.3.0:check (default) > :spotbugs @ foundations >>>
[INFO] 
[INFO] --- spotbugs-maven-plugin:4.7.3.0:spotbugs (spotbugs) @ foundations ---
[INFO] 
[INFO] <<< spotbugs-maven-plugin:4.7.3.0:check (default) < :spotbugs @ foundations <<<
[INFO] 
[INFO] 
[INFO] --- spotbugs-maven-plugin:4.7.3.0:check (default) @ foundations ---
[INFO] 
[INFO] --- maven-install-plugin:2.5.2:install (default-install) @ foundations ---
[INFO] Installing /home/srafi/after-cam-ready/compare_/compile_repair_output/work/fd649355b568/foundations/pom.xml to /home/srafi/.m2/repository/org/apache/servicecomb/foundations/2.9.0-SNAPSHOT/foundations-2.9.0-SNAPSHOT.pom
[INFO] 
[INFO] ---------------< org.apache.servicecomb:foundation-spi >----------------
[INFO] Building Java Chassis::Foundations::SSL 2.9.0-SNAPSHOT            [6/26]
[INFO] --------------------------------[ jar ]---------------------------------
[INFO] Downloading from apache.snapshots: https://repository.apache.org/snapshots/org/apache/maven/plugins/maven-surefire-plugin/3.0.0-M8-SNAPSHOT/maven-metadata.xml
[INFO] Downloading from apache.snapshots: https://repository.apache.org/snapshots/org/apache/maven/surefire/surefire/3.0.0-M8-SNAPSHOT/maven-metadata.xml
[INFO] 
[INFO] --- maven-clean-plugin:3.2.0:clean (default-clean) @ foundation-spi ---
[INFO] 
[INFO] --- maven-remote-resources-plugin:3.0.0:process (process-resource-bundles) @ foundation-spi ---
[INFO] Skipping remote resources execution.
[INFO] 
[INFO] --- maven-resources-plugin:3.2.0:resources (default-resources) @ foundation-spi ---
[INFO] Using 'UTF-8' encoding to copy filtered resources.
[INFO] Using 'UTF-8' encoding to copy filtered properties files.
[INFO] skip non existing resourceDirectory /home/srafi/after-cam-ready/compare_/compile_repair_output/work/fd649355b568/foundations/foundation-spi/src/main/resources
[INFO] 
[INFO] --- maven-compiler-plugin:3.10.1:compile (default-compile) @ foundation-spi ---
[INFO] Changes detected - recompiling the module!
[INFO] Compiling 7 source files to /home/srafi/after-cam-ready/compare_/compile_repair_output/work/fd649355b568/foundations/foundation-spi/target/classes
[INFO] 
[INFO] --- maven-resources-plugin:3.2.0:testResources (default-testResources) @ foundation-spi ---
[INFO] Using 'UTF-8' encoding to copy filtered resources.
[INFO] Using 'UTF-8' encoding to copy filtered properties files.
[INFO] Copying 1 resource
[INFO] 
[INFO] --- maven-compiler-plugin:3.10.1:testCompile (default-testCompile) @ foundation-spi ---
[INFO] Changes detected - recompiling the module!
[INFO] Compiling 5 source files to /home/srafi/after-cam-ready/compare_/compile_repair_output/work/fd649355b568/foundations/foundation-spi/target/test-classes
[INFO] 
[INFO] --- maven-surefire-plugin:3.0.0-M8-SNAPSHOT:test (default-test) @ foundation-spi ---
[INFO] Downloading from apache.snapshots: https://repository.apache.org/snapshots/org/apache/maven/surefire/maven-surefire-common/3.0.0-M8-SNAPSHOT/maven-metadata.xml
[INFO] Downloading from apache.snapshots: https://repository.apache.org/snapshots/org/apache/maven/surefire/surefire-api/3.0.0-M8-SNAPSHOT/maven-metadata.xml
[INFO] Downloading from apache.snapshots: https://repository.apache.org/snapshots/org/apache/maven/surefire/surefire-logger-api/3.0.0-M8-SNAPSHOT/maven-metadata.xml
[INFO] Downloading from apache.snapshots: https://repository.apache.org/snapshots/org/apache/maven/surefire/surefire-shared-utils/3.0.0-M8-SNAPSHOT/maven-metadata.xml
[INFO] Downloading from apache.snapshots: https://repository.apache.org/snapshots/org/apache/maven/surefire/surefire-extensions-api/3.0.0-M8-SNAPSHOT/maven-metadata.xml
[INFO] Downloading from apache.snapshots: https://repository.apache.org/snapshots/org/apache/maven/surefire/surefire-booter/3.0.0-M8-SNAPSHOT/maven-metadata.xml
[INFO] Downloading from apache.snapshots: https://repository.apache.org/snapshots/org/apache/maven/surefire/surefire-extensions-spi/3.0.0-M8-SNAPSHOT/maven-metadata.xml
[INFO] Tests are skipped.
[INFO] 
[INFO] --- maven-jar-plugin:3.3.0:jar (default-jar) @ foundation-spi ---
[INFO] Building jar: /home/srafi/after-cam-ready/compare_/compile_repair_output/work/fd649355b568/foundations/foundation-spi/target/foundation-spi-2.9.0-SNAPSHOT.jar
[INFO] 
[INFO] --- maven-site-plugin:3.12.1:attach-descriptor (attach-descriptor) @ foundation-spi ---
[INFO] Skipping because packaging 'jar' is not pom.
[INFO] 
[INFO] >>> maven-source-plugin:3.2.1:jar (attach-sources) > generate-sources @ foundation-spi >>>
[INFO] 
[INFO] <<< maven-source-plugin:3.2.1:jar (attach-sources) < generate-sources @ foundation-spi <<<
[INFO] 
[INFO] 
[INFO] --- maven-source-plugin:3.2.1:jar (attach-sources) @ foundation-spi ---
[INFO] Building jar: /home/srafi/after-cam-ready/compare_/compile_repair_output/work/fd649355b568/foundations/foundation-spi/target/foundation-spi-2.9.0-SNAPSHOT-sources.jar
[INFO] 
[INFO] >>> spotbugs-maven-plugin:4.7.3.0:check (default) > :spotbugs @ foundation-spi >>>
[INFO] 
[INFO] --- spotbugs-maven-plugin:4.7.3.0:spotbugs (spotbugs) @ foundation-spi ---
[INFO] 
[INFO] <<< spotbugs-maven-plugin:4.7.3.0:check (default) < :spotbugs @ foundation-spi <<<
[INFO] 
[INFO] 
[INFO] --- spotbugs-maven-plugin:4.7.3.0:check (default) @ foundation-spi ---
[INFO] 
[INFO] --- maven-install-plugin:2.5.2:install (default-install) @ foundation-spi ---
[INFO] Installing /home/srafi/after-cam-ready/compare_/compile_repair_output/work/fd649355b568/foundations/foundation-spi/target/foundation-spi-2.9.0-SNAPSHOT.jar to /home/srafi/.m2/repository/org/apache/servicecomb/foundation-spi/2.9.0-SNAPSHOT/foundation-spi-2.9.0-SNAPSHOT.jar
[INFO] Installing /home/srafi/after-cam-ready/compare_/compile_repair_output/work/fd649355b568/foundations/foundation-spi/pom.xml to /home/srafi/.m2/repository/org/apache/servicecomb/foundation-spi/2.9.0-SNAPSHOT/foundation-spi-2.9.0-SNAPSHOT.pom
[INFO] Installing /home/srafi/after-cam-ready/compare_/compile_repair_output/work/fd649355b568/foundations/foundation-spi/target/foundation-spi-2.9.0-SNAPSHOT-sources.jar to /home/srafi/.m2/repository/org/apache/servicecomb/foundation-spi/2.9.0-SNAPSHOT/foundation-spi-2.9.0-SNAPSHOT-sources.jar
[INFO] 
[INFO] ---------< org.apache.servicecomb:foundation-test-scaffolding >---------
[INFO] Building Java Chassis::Foundations::Test Scaffolding 2.9.0-SNAPSHOT [7/26]
[INFO] --------------------------------[ jar ]---------------------------------
[INFO] Downloading from central: https://repo.maven.apache.org/maven2/com/netflix/spectator/spectator-reg-servo/1.4.0/spectator-reg-servo-1.4.0.pom
[INFO] Downloaded from central: https://repo.maven.apache.org/maven2/com/netflix/spectator/spectator-reg-servo/1.4.0/spectator-reg-servo-1.4.0.pom (3.9 kB at 20 kB/s)
[INFO] Downloading from central: https://repo.maven.apache.org/maven2/com/netflix/spectator/spectator-api/1.4.0/spectator-api-1.4.0.pom
[INFO] Downloaded from central: https://repo.maven.apache.org/maven2/com/netflix/spectator/spectator-api/1.4.0/spectator-api-1.4.0.pom (3.3 kB at 16 kB/s)
[INFO] Downloading from central: https://repo.maven.apache.org/maven2/com/netflix/spectator/spectator-reg-servo/1.4.0/spectator-reg-servo-1.4.0.jar
[INFO] Downloading from central: https://repo.maven.apache.org/maven2/com/netflix/spectator/spectator-api/1.4.0/spectator-api-1.4.0.jar
[INFO] Downloaded from central: https://repo.maven.apache.org/maven2/com/netflix/spectator/spectator-reg-servo/1.4.0/spectator-reg-servo-1.4.0.jar (22 kB at 45 kB/s)
[INFO] Downloaded from central: https://repo.maven.apache.org/maven2/com/netflix/spectator/spectator-api/1.4.0/spectator-api-1.4.0.jar (229 kB at 455 kB/s)
[INFO] 
[INFO] --- maven-clean-plugin:3.2.0:clean (default-clean) @ foundation-test-scaffolding ---
[INFO] 
[INFO] --- maven-remote-resources-plugin:3.0.0:process (process-resource-bundles) @ foundation-test-scaffolding ---
[INFO] Skipping remote resources execution.
[INFO] 
[INFO] --- maven-resources-plugin:3.2.0:resources (default-resources) @ foundation-test-scaffolding ---
[INFO] Using 'UTF-8' encoding to copy filtered resources.
[INFO] Using 'UTF-8' encoding to copy filtered properties files.
[INFO] Copying 1 resource
[INFO] 
[INFO] --- maven-compiler-plugin:3.10.1:compile (default-compile) @ foundation-test-scaffolding ---
[INFO] Changes detected - recompiling the module!
[INFO] Compiling 14 source files to /home/srafi/after-cam-ready/compare_/compile_repair_output/work/fd649355b568/foundations/foundation-test-scaffolding/target/classes
[INFO] 
[INFO] --- maven-resources-plugin:3.2.0:testResources (default-testResources) @ foundation-test-scaffolding ---
[INFO] Using 'UTF-8' encoding to copy filtered resources.
[INFO] Using 'UTF-8' encoding to copy filtered properties files.
[INFO] skip non existing resourceDirectory /home/srafi/after-cam-ready/compare_/compile_repair_output/work/fd649355b568/foundations/foundation-test-scaffolding/src/test/resources
[INFO] 
[INFO] --- maven-compiler-plugin:3.10.1:testCompile (default-testCompile) @ foundation-test-scaffolding ---
[INFO] No sources to compile
[INFO] 
[INFO] --- maven-surefire-plugin:3.0.0-M8-SNAPSHOT:test (default-test) @ foundation-test-scaffolding ---
[INFO] Tests are skipped.
[INFO] 
[INFO] --- maven-jar-plugin:3.3.0:jar (default-jar) @ foundation-test-scaffolding ---
[INFO] Building jar: /home/srafi/after-cam-ready/compare_/compile_repair_output/work/fd649355b568/foundations/foundation-test-scaffolding/target/foundation-test-scaffolding-2.9.0-SNAPSHOT.jar
[INFO] 
[INFO] --- maven-site-plugin:3.12.1:attach-descriptor (attach-descriptor) @ foundation-test-scaffolding ---
[INFO] Skipping because packaging 'jar' is not pom.
[INFO] 
[INFO] >>> maven-source-plugin:3.2.1:jar (attach-sources) > generate-sources @ foundation-test-scaffolding >>>
[INFO] 
[INFO] <<< maven-source-plugin:3.2.1:jar (attach-sources) < generate-sources @ foundation-test-scaffolding <<<
[INFO] 
[INFO] 
[INFO] --- maven-source-plugin:3.2.1:jar (attach-sources) @ foundation-test-scaffolding ---
[INFO] Building jar: /home/srafi/after-cam-ready/compare_/compile_repair_output/work/fd649355b568/foundations/foundation-test-scaffolding/target/foundation-test-scaffolding-2.9.0-SNAPSHOT-sources.jar
[INFO] 
[INFO] >>> spotbugs-maven-plugin:4.7.3.0:check (default) > :spotbugs @ foundation-test-scaffolding >>>
[INFO] 
[INFO] --- spotbugs-maven-plugin:4.7.3.0:spotbugs (spotbugs) @ foundation-test-scaffolding ---
[INFO] 
[INFO] <<< spotbugs-maven-plugin:4.7.3.0:check (default) < :spotbugs @ foundation-test-scaffolding <<<
[INFO] 
[INFO] 
[INFO] --- spotbugs-maven-plugin:4.7.3.0:check (default) @ foundation-test-scaffolding ---
[INFO] 
[INFO] --- maven-install-plugin:2.5.2:install (default-install) @ foundation-test-scaffolding ---
[INFO] Installing /home/srafi/after-cam-ready/compare_/compile_repair_output/work/fd649355b568/foundations/foundation-test-scaffolding/target/foundation-test-scaffolding-2.9.0-SNAPSHOT.jar to /home/srafi/.m2/repository/org/apache/servicecomb/foundation-test-scaffolding/2.9.0-SNAPSHOT/foundation-test-scaffolding-2.9.0-SNAPSHOT.jar
[INFO] Installing /home/srafi/after-cam-ready/compare_/compile_repair_output/work/fd649355b568/foundations/foundation-test-scaffolding/pom.xml to /home/srafi/.m2/repository/org/apache/servicecomb/foundation-test-scaffolding/2.9.0-SNAPSHOT/foundation-test-scaffolding-2.9.0-SNAPSHOT.pom
[INFO] Installing /home/srafi/after-cam-ready/compare_/compile_repair_output/work/fd649355b568/foundations/foundation-test-scaffolding/target/foundation-test-scaffolding-2.9.0-SNAPSHOT-sources.jar to /home/srafi/.m2/repository/org/apache/servicecomb/foundation-test-scaffolding/2.9.0-SNAPSHOT/foundation-test-scaffolding-2.9.0-SNAPSHOT-sources.jar
[INFO] 
[INFO] --------------< org.apache.servicecomb:foundation-common >--------------
[INFO] Building Java Chassis::Foundations::Common 2.9.0-SNAPSHOT         [8/26]
[INFO] --------------------------------[ jar ]---------------------------------
[INFO] Downloading from central: https://repo.maven.apache.org/maven2/com/fasterxml/jackson/dataformat/jackson-dataformat-xml/2.14.0/jackson-dataformat-xml-2.14.0.pom
[INFO] Downloaded from central: https://repo.maven.apache.org/maven2/com/fasterxml/jackson/dataformat/jackson-dataformat-xml/2.14.0/jackson-dataformat-xml-2.14.0.pom (7.2 kB at 201 kB/s)
[INFO] Downloading from central: https://repo.maven.apache.org/maven2/com/fasterxml/jackson/datatype/jackson-datatype-jsr310/2.14.0/jackson-datatype-jsr310-2.14.0.pom
[INFO] Downloaded from central: https://repo.maven.apache.org/maven2/com/fasterxml/jackson/datatype/jackson-datatype-jsr310/2.14.0/jackson-datatype-jsr310-2.14.0.pom (4.9 kB at 144 kB/s)
[INFO] Downloading from central: https://repo.maven.apache.org/maven2/com/fasterxml/jackson/module/jackson-modules-java8/2.14.0/jackson-modules-java8-2.14.0.pom
[INFO] Downloaded from central: https://repo.maven.apache.org/maven2/com/fasterxml/jackson/module/jackson-modules-java8/2.14.0/jackson-modules-java8-2.14.0.pom (3.1 kB at 100 kB/s)
[WARNING] The artifact org.slf4j:slf4j-log4j12:jar:1.7.36 has been relocated to org.slf4j:slf4j-reload4j:jar:1.7.36
[INFO] Downloading from central: https://repo.maven.apache.org/maven2/com/fasterxml/jackson/dataformat/jackson-dataformat-xml/2.14.0/jackson-dataformat-xml-2.14.0.jar
[INFO] Downloading from central: https://repo.maven.apache.org/maven2/com/fasterxml/jackson/datatype/jackson-datatype-jsr310/2.14.0/jackson-datatype-jsr310-2.14.0.jar
[INFO] Downloaded from central: https://repo.maven.apache.org/maven2/com/fasterxml/jackson/dataformat/jackson-dataformat-xml/2.14.0/jackson-dataformat-xml-2.14.0.jar (130 kB at 3.4 MB/s)
[INFO] Downloaded from central: https://repo.maven.apache.org/maven2/com/fasterxml/jackson/datatype/jackson-datatype-jsr310/2.14.0/jackson-datatype-jsr310-2.14.0.jar (122 kB at 3.1 MB/s)
[INFO] 
[INFO] --- maven-clean-plugin:3.2.0:clean (default-clean) @ foundation-common ---
[INFO] 
[INFO] --- maven-remote-resources-plugin:3.0.0:process (process-resource-bundles) @ foundation-common ---
[INFO] Skipping remote resources execution.
[INFO] 
[INFO] --- maven-resources-plugin:3.2.0:resources (default-resources) @ foundation-common ---
[INFO] Using 'UTF-8' encoding to copy filtered resources.
[INFO] Using 'UTF-8' encoding to copy filtered properties files.
[INFO] Copying 3 resources
[INFO] 
[INFO] --- maven-compiler-plugin:3.10.1:compile (default-compile) @ foundation-common ---
[INFO] Changes detected - recompiling the module!
[INFO] Compiling 102 source files to /home/srafi/after-cam-ready/compare_/compile_repair_output/work/fd649355b568/foundations/foundation-common/target/classes
[INFO] 
[INFO] --- maven-resources-plugin:3.2.0:testResources (default-testResources) @ foundation-common ---
[INFO] Using 'UTF-8' encoding to copy filtered resources.
[INFO] Using 'UTF-8' encoding to copy filtered properties files.
[INFO] Copying 3 resources
[INFO] 
[INFO] --- maven-compiler-plugin:3.10.1:testCompile (default-testCompile) @ foundation-common ---
[INFO] Changes detected - recompiling the module!
[INFO] Compiling 38 source files to /home/srafi/after-cam-ready/compare_/compile_repair_output/work/fd649355b568/foundations/foundation-common/target/test-classes
[INFO] 
[INFO] --- maven-surefire-plugin:3.0.0-M8-SNAPSHOT:test (default-test) @ foundation-common ---
[INFO] Tests are skipped.
[INFO] 
[INFO] --- maven-jar-plugin:3.3.0:jar (default-jar) @ foundation-common ---
[INFO] Building jar: /home/srafi/after-cam-ready/compare_/compile_repair_output/work/fd649355b568/foundations/foundation-common/target/foundation-common-2.9.0-SNAPSHOT.jar
[INFO] 
[INFO] --- maven-site-plugin:3.12.1:attach-descriptor (attach-descriptor) @ foundation-common ---
[INFO] Skipping because packaging 'jar' is not pom.
[INFO] 
[INFO] >>> maven-source-plugin:3.2.1:jar (attach-sources) > generate-sources @ foundation-common >>>
[INFO] 
[INFO] <<< maven-source-plugin:3.2.1:jar (attach-sources) < generate-sources @ foundation-common <<<
[INFO] 
[INFO] 
[INFO] --- maven-source-plugin:3.2.1:jar (attach-sources) @ foundation-common ---
[INFO] Building jar: /home/srafi/after-cam-ready/compare_/compile_repair_output/work/fd649355b568/foundations/foundation-common/target/foundation-common-2.9.0-SNAPSHOT-sources.jar
[INFO] 
[INFO] >>> spotbugs-maven-plugin:4.7.3.0:check (default) > :spotbugs @ foundation-common >>>
[INFO] 
[INFO] --- spotbugs-maven-plugin:4.7.3.0:spotbugs (spotbugs) @ foundation-common ---
[INFO] 
[INFO] <<< spotbugs-maven-plugin:4.7.3.0:check (default) < :spotbugs @ foundation-common <<<
[INFO] 
[INFO] 
[INFO] --- spotbugs-maven-plugin:4.7.3.0:check (default) @ foundation-common ---
[INFO] 
[INFO] --- maven-install-plugin:2.5.2:install (default-install) @ foundation-common ---
[INFO] Installing /home/srafi/after-cam-ready/compare_/compile_repair_output/work/fd649355b568/foundations/foundation-common/target/foundation-common-2.9.0-SNAPSHOT.jar to /home/srafi/.m2/repository/org/apache/servicecomb/foundation-common/2.9.0-SNAPSHOT/foundation-common-2.9.0-SNAPSHOT.jar
[INFO] Installing /home/srafi/after-cam-ready/compare_/compile_repair_output/work/fd649355b568/foundations/foundation-common/pom.xml to /home/srafi/.m2/repository/org/apache/servicecomb/foundation-common/2.9.0-SNAPSHOT/foundation-common-2.9.0-SNAPSHOT.pom
[INFO] Installing /home/srafi/after-cam-ready/compare_/compile_repair_output/work/fd649355b568/foundations/foundation-common/target/foundation-common-2.9.0-SNAPSHOT-sources.jar to /home/srafi/.m2/repository/org/apache/servicecomb/foundation-common/2.9.0-SNAPSHOT/foundation-common-2.9.0-SNAPSHOT-sources.jar
[INFO] 
[INFO] --------------< org.apache.servicecomb:foundation-config >--------------
[INFO] Building Java Chassis::Foundations::Config 2.9.0-SNAPSHOT         [9/26]
[INFO] --------------------------------[ jar ]---------------------------------
[WARNING] The artifact org.slf4j:slf4j-log4j12:jar:1.7.36 has been relocated to org.slf4j:slf4j-reload4j:jar:1.7.36
[INFO] 
[INFO] --- maven-clean-plugin:3.2.0:clean (default-clean) @ foundation-config ---
[INFO] 
[INFO] --- maven-remote-resources-plugin:3.0.0:process (process-resource-bundles) @ foundation-config ---
[INFO] Skipping remote resources execution.
[INFO] 
[INFO] --- maven-resources-plugin:3.2.0:resources (default-resources) @ foundation-config ---
[INFO] Using 'UTF-8' encoding to copy filtered resources.
[INFO] Using 'UTF-8' encoding to copy filtered properties files.
[INFO] Copying 1 resource
[INFO] 
[INFO] --- maven-compiler-plugin:3.10.1:compile (default-compile) @ foundation-config ---
[INFO] Changes detected - recompiling the module!
[INFO] Compiling 36 source files to /home/srafi/after-cam-ready/compare_/compile_repair_output/work/fd649355b568/foundations/foundation-config/target/classes
[INFO] 
[INFO] --- maven-resources-plugin:3.2.0:testResources (default-testResources) @ foundation-config ---
[INFO] Using 'UTF-8' encoding to copy filtered resources.
[INFO] Using 'UTF-8' encoding to copy filtered properties files.
[INFO] Copying 8 resources
[INFO] 
[INFO] --- maven-compiler-plugin:3.10.1:testCompile (default-testCompile) @ foundation-config ---
[INFO] Changes detected - recompiling the module!
[INFO] Compiling 16 source files to /home/srafi/after-cam-ready/compare_/compile_repair_output/work/fd649355b568/foundations/foundation-config/target/test-classes
[INFO] 
[INFO] --- maven-surefire-plugin:3.0.0-M8-SNAPSHOT:test (default-test) @ foundation-config ---
[INFO] Tests are skipped.
[INFO] 
[INFO] --- maven-jar-plugin:3.3.0:jar (default-jar) @ foundation-config ---
[INFO] Building jar: /home/srafi/after-cam-ready/compare_/compile_repair_output/work/fd649355b568/foundations/foundation-config/target/foundation-config-2.9.0-SNAPSHOT.jar
[INFO] 
[INFO] --- maven-site-plugin:3.12.1:attach-descriptor (attach-descriptor) @ foundation-config ---
[INFO] Skipping because packaging 'jar' is not pom.
[INFO] 
[INFO] >>> maven-source-plugin:3.2.1:jar (attach-sources) > generate-sources @ foundation-config >>>
[INFO] 
[INFO] <<< maven-source-plugin:3.2.1:jar (attach-sources) < generate-sources @ foundation-config <<<
[INFO] 
[INFO] 
[INFO] --- maven-source-plugin:3.2.1:jar (attach-sources) @ foundation-config ---
[INFO] Building jar: /home/srafi/after-cam-ready/compare_/compile_repair_output/work/fd649355b568/foundations/foundation-config/target/foundation-config-2.9.0-SNAPSHOT-sources.jar
[INFO] 
[INFO] >>> spotbugs-maven-plugin:4.7.3.0:check (default) > :spotbugs @ foundation-config >>>
[INFO] 
[INFO] --- spotbugs-maven-plugin:4.7.3.0:spotbugs (spotbugs) @ foundation-config ---
[INFO] 
[INFO] <<< spotbugs-maven-plugin:4.7.3.0:check (default) < :spotbugs @ foundation-config <<<
[INFO] 
[INFO] 
[INFO] --- spotbugs-maven-plugin:4.7.3.0:check (default) @ foundation-config ---
[INFO] 
[INFO] --- maven-install-plugin:2.5.2:install (default-install) @ foundation-config ---
[INFO] Installing /home/srafi/after-cam-ready/compare_/compile_repair_output/work/fd649355b568/foundations/foundation-config/target/foundation-config-2.9.0-SNAPSHOT.jar to /home/srafi/.m2/repository/org/apache/servicecomb/foundation-config/2.9.0-SNAPSHOT/foundation-config-2.9.0-SNAPSHOT.jar
[INFO] Installing /home/srafi/after-cam-ready/compare_/compile_repair_output/work/fd649355b568/foundations/foundation-config/pom.xml to /home/srafi/.m2/repository/org/apache/servicecomb/foundation-config/2.9.0-SNAPSHOT/foundation-config-2.9.0-SNAPSHOT.pom
[INFO] Installing /home/srafi/after-cam-ready/compare_/compile_repair_output/work/fd649355b568/foundations/foundation-config/target/foundation-config-2.9.0-SNAPSHOT-sources.jar to /home/srafi/.m2/repository/org/apache/servicecomb/foundation-config/2.9.0-SNAPSHOT/foundation-config-2.9.0-SNAPSHOT-sources.jar
[INFO] 
[INFO] ---------------< org.apache.servicecomb:foundation-ssl >----------------
[INFO] Building Java Chassis::Foundations::SSL 2.9.0-SNAPSHOT           [10/26]
[INFO] --------------------------------[ jar ]---------------------------------
[WARNING] The artifact org.slf4j:slf4j-log4j12:jar:1.7.36 has been relocated to org.slf4j:slf4j-reload4j:jar:1.7.36
[INFO] 
[INFO] --- maven-clean-plugin:3.2.0:clean (default-clean) @ foundation-ssl ---
[INFO] 
[INFO] --- maven-remote-resources-plugin:3.0.0:process (process-resource-bundles) @ foundation-ssl ---
[INFO] Skipping remote resources execution.
[INFO] 
[INFO] --- maven-resources-plugin:3.2.0:resources (default-resources) @ foundation-ssl ---
[INFO] Using 'UTF-8' encoding to copy filtered resources.
[INFO] Using 'UTF-8' encoding to copy filtered properties files.
[INFO] skip non existing resourceDirectory /home/srafi/after-cam-ready/compare_/compile_repair_output/work/fd649355b568/foundations/foundation-ssl/src/main/resources
[INFO] 
[INFO] --- maven-compiler-plugin:3.10.1:compile (default-compile) @ foundation-ssl ---
[INFO] Changes detected - recompiling the module!
[INFO] Compiling 10 source files to /home/srafi/after-cam-ready/compare_/compile_repair_output/work/fd649355b568/foundations/foundation-ssl/target/classes
[INFO] 
[INFO] --- maven-resources-plugin:3.2.0:testResources (default-testResources) @ foundation-ssl ---
[INFO] Using 'UTF-8' encoding to copy filtered resources.
[INFO] Using 'UTF-8' encoding to copy filtered properties files.
[INFO] Copying 10 resources
[INFO] 
[INFO] --- maven-compiler-plugin:3.10.1:testCompile (default-testCompile) @ foundation-ssl ---
[INFO] Changes detected - recompiling the module!
[INFO] Compiling 9 source files to /home/srafi/after-cam-ready/compare_/compile_repair_output/work/fd649355b568/foundations/foundation-ssl/target/test-classes
[INFO] 
[INFO] --- maven-surefire-plugin:3.0.0-M8-SNAPSHOT:test (default-test) @ foundation-ssl ---
[INFO] Tests are skipped.
[INFO] 
[INFO] --- maven-jar-plugin:3.3.0:jar (default-jar) @ foundation-ssl ---
[INFO] Building jar: /home/srafi/after-cam-ready/compare_/compile_repair_output/work/fd649355b568/foundations/foundation-ssl/target/foundation-ssl-2.9.0-SNAPSHOT.jar
[INFO] 
[INFO] --- maven-site-plugin:3.12.1:attach-descriptor (attach-descriptor) @ foundation-ssl ---
[INFO] Skipping because packaging 'jar' is not pom.
[INFO] 
[INFO] >>> maven-source-plugin:3.2.1:jar (attach-sources) > generate-sources @ foundation-ssl >>>
[INFO] 
[INFO] <<< maven-source-plugin:3.2.1:jar (attach-sources) < generate-sources @ foundation-ssl <<<
[INFO] 
[INFO] 
[INFO] --- maven-source-plugin:3.2.1:jar (attach-sources) @ foundation-ssl ---
[INFO] Building jar: /home/srafi/after-cam-ready/compare_/compile_repair_output/work/fd649355b568/foundations/foundation-ssl/target/foundation-ssl-2.9.0-SNAPSHOT-sources.jar
[INFO] 
[INFO] >>> spotbugs-maven-plugin:4.7.3.0:check (default) > :spotbugs @ foundation-ssl >>>
[INFO] 
[INFO] --- spotbugs-maven-plugin:4.7.3.0:spotbugs (spotbugs) @ foundation-ssl ---
[INFO] 
[INFO] <<< spotbugs-maven-plugin:4.7.3.0:check (default) < :spotbugs @ foundation-ssl <<<
[INFO] 
[INFO] 
[INFO] --- spotbugs-maven-plugin:4.7.3.0:check (default) @ foundation-ssl ---
[INFO] 
[INFO] --- maven-install-plugin:2.5.2:install (default-install) @ foundation-ssl ---
[INFO] Installing /home/srafi/after-cam-ready/compare_/compile_repair_output/work/fd649355b568/foundations/foundation-ssl/target/foundation-ssl-2.9.0-SNAPSHOT.jar to /home/srafi/.m2/repository/org/apache/servicecomb/foundation-ssl/2.9.0-SNAPSHOT/foundation-ssl-2.9.0-SNAPSHOT.jar
[INFO] Installing /home/srafi/after-cam-ready/compare_/compile_repair_output/work/fd649355b568/foundations/foundation-ssl/pom.xml to /home/srafi/.m2/repository/org/apache/servicecomb/foundation-ssl/2.9.0-SNAPSHOT/foundation-ssl-2.9.0-SNAPSHOT.pom
[INFO] Installing /home/srafi/after-cam-ready/compare_/compile_repair_output/work/fd649355b568/foundations/foundation-ssl/target/foundation-ssl-2.9.0-SNAPSHOT-sources.jar to /home/srafi/.m2/repository/org/apache/servicecomb/foundation-ssl/2.9.0-SNAPSHOT/foundation-ssl-2.9.0-SNAPSHOT-sources.jar
[INFO] 
[INFO] --------------< org.apache.servicecomb:foundation-vertx >---------------
[INFO] Building Java Chassis::Foundations::Vertx 2.9.0-SNAPSHOT         [11/26]
[INFO] --------------------------------[ jar ]---------------------------------
[WARNING] The artifact org.slf4j:slf4j-log4j12:jar:1.7.36 has been relocated to org.slf4j:slf4j-reload4j:jar:1.7.36
[INFO] 
[INFO] --- maven-clean-plugin:3.2.0:clean (default-clean) @ foundation-vertx ---
[INFO] 
[INFO] --- maven-remote-resources-plugin:3.0.0:process (process-resource-bundles) @ foundation-vertx ---
[INFO] Skipping remote resources execution.
[INFO] 
[INFO] --- maven-resources-plugin:3.2.0:resources (default-resources) @ foundation-vertx ---
[INFO] Using 'UTF-8' encoding to copy filtered resources.
[INFO] Using 'UTF-8' encoding to copy filtered properties files.
[INFO] Copying 1 resource
[INFO] 
[INFO] --- maven-compiler-plugin:3.10.1:compile (default-compile) @ foundation-vertx ---
[INFO] Changes detected - recompiling the module!
[INFO] Compiling 76 source files to /home/srafi/after-cam-ready/compare_/compile_repair_output/work/fd649355b568/foundations/foundation-vertx/target/classes
[INFO] 
[INFO] --- maven-resources-plugin:3.2.0:testResources (default-testResources) @ foundation-vertx ---
[INFO] Using 'UTF-8' encoding to copy filtered resources.
[INFO] Using 'UTF-8' encoding to copy filtered properties files.
[INFO] Copying 1 resource
[INFO] 
[INFO] --- maven-compiler-plugin:3.10.1:testCompile (default-testCompile) @ foundation-vertx ---
[INFO] Changes detected - recompiling the module!
[INFO] Compiling 38 source files to /home/srafi/after-cam-ready/compare_/compile_repair_output/work/fd649355b568/foundations/foundation-vertx/target/test-classes
[INFO] 
[INFO] --- maven-surefire-plugin:3.0.0-M8-SNAPSHOT:test (default-test) @ foundation-vertx ---
[INFO] Tests are skipped.
[INFO] 
[INFO] --- maven-jar-plugin:3.3.0:jar (default-jar) @ foundation-vertx ---
[INFO] Building jar: /home/srafi/after-cam-ready/compare_/compile_repair_output/work/fd649355b568/foundations/foundation-vertx/target/foundation-vertx-2.9.0-SNAPSHOT.jar
[INFO] 
[INFO] --- maven-site-plugin:3.12.1:attach-descriptor (attach-descriptor) @ foundation-vertx ---
[INFO] Skipping because packaging 'jar' is not pom.
[INFO] 
[INFO] >>> maven-source-plugin:3.2.1:jar (attach-sources) > generate-sources @ foundation-vertx >>>
[INFO] 
[INFO] <<< maven-source-plugin:3.2.1:jar (attach-sources) < generate-sources @ foundation-vertx <<<
[INFO] 
[INFO] 
[INFO] --- maven-source-plugin:3.2.1:jar (attach-sources) @ foundation-vertx ---
[INFO] Building jar: /home/srafi/after-cam-ready/compare_/compile_repair_output/work/fd649355b568/foundations/foundation-vertx/target/foundation-vertx-2.9.0-SNAPSHOT-sources.jar
[INFO] 
[INFO] >>> spotbugs-maven-plugin:4.7.3.0:check (default) > :spotbugs @ foundation-vertx >>>
[INFO] 
[INFO] --- spotbugs-maven-plugin:4.7.3.0:spotbugs (spotbugs) @ foundation-vertx ---
[INFO] 
[INFO] <<< spotbugs-maven-plugin:4.7.3.0:check (default) < :spotbugs @ foundation-vertx <<<
[INFO] 
[INFO] 
[INFO] --- spotbugs-maven-plugin:4.7.3.0:check (default) @ foundation-vertx ---
[INFO] 
[INFO] --- maven-install-plugin:2.5.2:install (default-install) @ foundation-vertx ---
[INFO] Installing /home/srafi/after-cam-ready/compare_/compile_repair_output/work/fd649355b568/foundations/foundation-vertx/target/foundation-vertx-2.9.0-SNAPSHOT.jar to /home/srafi/.m2/repository/org/apache/servicecomb/foundation-vertx/2.9.0-SNAPSHOT/foundation-vertx-2.9.0-SNAPSHOT.jar
[INFO] Installing /home/srafi/after-cam-ready/compare_/compile_repair_output/work/fd649355b568/foundations/foundation-vertx/pom.xml to /home/srafi/.m2/repository/org/apache/servicecomb/foundation-vertx/2.9.0-SNAPSHOT/foundation-vertx-2.9.0-SNAPSHOT.pom
[INFO] Installing /home/srafi/after-cam-ready/compare_/compile_repair_output/work/fd649355b568/foundations/foundation-vertx/target/foundation-vertx-2.9.0-SNAPSHOT-sources.jar to /home/srafi/.m2/repository/org/apache/servicecomb/foundation-vertx/2.9.0-SNAPSHOT/foundation-vertx-2.9.0-SNAPSHOT-sources.jar
[INFO] 
[INFO] -----------------< org.apache.servicecomb:deployment >------------------
[INFO] Building Java Chassis::Deployment 2.9.0-SNAPSHOT                 [12/26]
[INFO] --------------------------------[ jar ]---------------------------------
[WARNING] The artifact org.slf4j:slf4j-log4j12:jar:1.7.36 has been relocated to org.slf4j:slf4j-reload4j:jar:1.7.36
[INFO] 
[INFO] --- maven-clean-plugin:3.2.0:clean (default-clean) @ deployment ---
[INFO] 
[INFO] --- maven-remote-resources-plugin:3.0.0:process (process-resource-bundles) @ deployment ---
[INFO] Skipping remote resources execution.
[INFO] 
[INFO] --- maven-resources-plugin:3.2.0:resources (default-resources) @ deployment ---
[INFO] Using 'UTF-8' encoding to copy filtered resources.
[INFO] Using 'UTF-8' encoding to copy filtered properties files.
[INFO] skip non existing resourceDirectory /home/srafi/after-cam-ready/compare_/compile_repair_output/work/fd649355b568/deployment/src/main/resources
[INFO] 
[INFO] --- maven-compiler-plugin:3.10.1:compile (default-compile) @ deployment ---
[INFO] Changes detected - recompiling the module!
[INFO] Compiling 3 source files to /home/srafi/after-cam-ready/compare_/compile_repair_output/work/fd649355b568/deployment/target/classes
[INFO] 
[INFO] --- maven-resources-plugin:3.2.0:testResources (default-testResources) @ deployment ---
[INFO] Using 'UTF-8' encoding to copy filtered resources.
[INFO] Using 'UTF-8' encoding to copy filtered properties files.
[INFO] Copying 1 resource
[INFO] 
[INFO] --- maven-compiler-plugin:3.10.1:testCompile (default-testCompile) @ deployment ---
[INFO] Changes detected - recompiling the module!
[INFO] Compiling 2 source files to /home/srafi/after-cam-ready/compare_/compile_repair_output/work/fd649355b568/deployment/target/test-classes
[INFO] 
[INFO] --- maven-surefire-plugin:3.0.0-M8-SNAPSHOT:test (default-test) @ deployment ---
[INFO] Tests are skipped.
[INFO] 
[INFO] --- maven-jar-plugin:3.3.0:jar (default-jar) @ deployment ---
[INFO] Building jar: /home/srafi/after-cam-ready/compare_/compile_repair_output/work/fd649355b568/deployment/target/deployment-2.9.0-SNAPSHOT.jar
[INFO] 
[INFO] --- maven-site-plugin:3.12.1:attach-descriptor (attach-descriptor) @ deployment ---
[INFO] Skipping because packaging 'jar' is not pom.
[INFO] 
[INFO] >>> maven-source-plugin:3.2.1:jar (attach-sources) > generate-sources @ deployment >>>
[INFO] 
[INFO] <<< maven-source-plugin:3.2.1:jar (attach-sources) < generate-sources @ deployment <<<
[INFO] 
[INFO] 
[INFO] --- maven-source-plugin:3.2.1:jar (attach-sources) @ deployment ---
[INFO] Building jar: /home/srafi/after-cam-ready/compare_/compile_repair_output/work/fd649355b568/deployment/target/deployment-2.9.0-SNAPSHOT-sources.jar
[INFO] 
[INFO] >>> spotbugs-maven-plugin:4.7.3.0:check (default) > :spotbugs @ deployment >>>
[INFO] 
[INFO] --- spotbugs-maven-plugin:4.7.3.0:spotbugs (spotbugs) @ deployment ---
[INFO] 
[INFO] <<< spotbugs-maven-plugin:4.7.3.0:check (default) < :spotbugs @ deployment <<<
[INFO] 
[INFO] 
[INFO] --- spotbugs-maven-plugin:4.7.3.0:check (default) @ deployment ---
[INFO] 
[INFO] --- maven-install-plugin:2.5.2:install (default-install) @ deployment ---
[INFO] Installing /home/srafi/after-cam-ready/compare_/compile_repair_output/work/fd649355b568/deployment/target/deployment-2.9.0-SNAPSHOT.jar to /home/srafi/.m2/repository/org/apache/servicecomb/deployment/2.9.0-SNAPSHOT/deployment-2.9.0-SNAPSHOT.jar
[INFO] Installing /home/srafi/after-cam-ready/compare_/compile_repair_output/work/fd649355b568/deployment/pom.xml to /home/srafi/.m2/repository/org/apache/servicecomb/deployment/2.9.0-SNAPSHOT/deployment-2.9.0-SNAPSHOT.pom
[INFO] Installing /home/srafi/after-cam-ready/compare_/compile_repair_output/work/fd649355b568/deployment/target/deployment-2.9.0-SNAPSHOT-sources.jar to /home/srafi/.m2/repository/org/apache/servicecomb/deployment/2.9.0-SNAPSHOT/deployment-2.9.0-SNAPSHOT-sources.jar
[INFO] 
[INFO] -------------------< org.apache.servicecomb:swagger >-------------------
[INFO] Building Java Chassis::Swagger 2.9.0-SNAPSHOT                    [13/26]
[INFO] --------------------------------[ pom ]---------------------------------
[INFO] 
[INFO] --- maven-clean-plugin:3.2.0:clean (default-clean) @ swagger ---
[INFO] 
[INFO] --- maven-remote-resources-plugin:3.0.0:process (process-resource-bundles) @ swagger ---
[INFO] Skipping remote resources execution.
[INFO] 
[INFO] --- maven-site-plugin:3.12.1:attach-descriptor (attach-descriptor) @ swagger ---
[INFO] No site descriptor found: nothing to attach.
[INFO] 
[INFO] >>> maven-source-plugin:3.2.1:jar (attach-sources) > generate-sources @ swagger >>>
[INFO] 
[INFO] <<< maven-source-plugin:3.2.1:jar (attach-sources) < generate-sources @ swagger <<<
[INFO] 
[INFO] 
[INFO] --- maven-source-plugin:3.2.1:jar (attach-sources) @ swagger ---
[INFO] 
[INFO] >>> spotbugs-maven-plugin:4.7.3.0:check (default) > :spotbugs @ swagger >>>
[INFO] 
[INFO] --- spotbugs-maven-plugin:4.7.3.0:spotbugs (spotbugs) @ swagger ---
[INFO] 
[INFO] <<< spotbugs-maven-plugin:4.7.3.0:check (default) < :spotbugs @ swagger <<<
[INFO] 
[INFO] 
[INFO] --- spotbugs-maven-plugin:4.7.3.0:check (default) @ swagger ---
[INFO] 
[INFO] --- maven-install-plugin:2.5.2:install (default-install) @ swagger ---
[INFO] Installing /home/srafi/after-cam-ready/compare_/compile_repair_output/work/fd649355b568/swagger/pom.xml to /home/srafi/.m2/repository/org/apache/servicecomb/swagger/2.9.0-SNAPSHOT/swagger-2.9.0-SNAPSHOT.pom
[INFO] 
[INFO] --------------< org.apache.servicecomb:swagger-generator >--------------
[INFO] Building Java Chassis::Swagger::Generator 2.9.0-SNAPSHOT         [14/26]
[INFO] --------------------------------[ pom ]---------------------------------
[INFO] 
[INFO] --- maven-clean-plugin:3.2.0:clean (default-clean) @ swagger-generator ---
[INFO] 
[INFO] --- maven-remote-resources-plugin:3.0.0:process (process-resource-bundles) @ swagger-generator ---
[INFO] Skipping remote resources execution.
[INFO] 
[INFO] --- maven-site-plugin:3.12.1:attach-descriptor (attach-descriptor) @ swagger-generator ---
[INFO] No site descriptor found: nothing to attach.
[INFO] 
[INFO] >>> maven-source-plugin:3.2.1:jar (attach-sources) > generate-sources @ swagger-generator >>>
[INFO] 
[INFO] <<< maven-source-plugin:3.2.1:jar (attach-sources) < generate-sources @ swagger-generator <<<
[INFO] 
[INFO] 
[INFO] --- maven-source-plugin:3.2.1:jar (attach-sources) @ swagger-generator ---
[INFO] 
[INFO] >>> spotbugs-maven-plugin:4.7.3.0:check (default) > :spotbugs @ swagger-generator >>>
[INFO] 
[INFO] --- spotbugs-maven-plugin:4.7.3.0:spotbugs (spotbugs) @ swagger-generator ---
[INFO] 
[INFO] <<< spotbugs-maven-plugin:4.7.3.0:check (default) < :spotbugs @ swagger-generator <<<
[INFO] 
[INFO] 
[INFO] --- spotbugs-maven-plugin:4.7.3.0:check (default) @ swagger-generator ---
[INFO] 
[INFO] --- maven-install-plugin:2.5.2:install (default-install) @ swagger-generator ---
[INFO] Installing /home/srafi/after-cam-ready/compare_/compile_repair_output/work/fd649355b568/swagger/swagger-generator/pom.xml to /home/srafi/.m2/repository/org/apache/servicecomb/swagger-generator/2.9.0-SNAPSHOT/swagger-generator-2.9.0-SNAPSHOT.pom
[INFO] 
[INFO] -----------< org.apache.servicecomb:swagger-generator-core >------------
[INFO] Building Java Chassis::Swagger::Generator::Core 2.9.0-SNAPSHOT   [15/26]
[INFO] --------------------------------[ jar ]---------------------------------
[INFO] Downloading from central: https://repo.maven.apache.org/maven2/com/fasterxml/jackson/dataformat/jackson-dataformat-yaml/2.14.0/jackson-dataformat-yaml-2.14.0.pom
[INFO] Downloaded from central: https://repo.maven.apache.org/maven2/com/fasterxml/jackson/dataformat/jackson-dataformat-yaml/2.14.0/jackson-dataformat-yaml-2.14.0.pom (2.6 kB at 71 kB/s)
[WARNING] The artifact org.slf4j:slf4j-log4j12:jar:1.7.36 has been relocated to org.slf4j:slf4j-reload4j:jar:1.7.36
[INFO] Downloading from central: https://repo.maven.apache.org/maven2/com/fasterxml/jackson/dataformat/jackson-dataformat-yaml/2.14.0/jackson-dataformat-yaml-2.14.0.jar
[INFO] Downloaded from central: https://repo.maven.apache.org/maven2/com/fasterxml/jackson/dataformat/jackson-dataformat-yaml/2.14.0/jackson-dataformat-yaml-2.14.0.jar (54 kB at 1.5 MB/s)
[INFO] 
[INFO] --- maven-clean-plugin:3.2.0:clean (default-clean) @ swagger-generator-core ---
[INFO] 
[INFO] --- maven-remote-resources-plugin:3.0.0:process (process-resource-bundles) @ swagger-generator-core ---
[INFO] Skipping remote resources execution.
[INFO] 
[INFO] --- maven-resources-plugin:3.2.0:resources (default-resources) @ swagger-generator-core ---
[INFO] Using 'UTF-8' encoding to copy filtered resources.
[INFO] Using 'UTF-8' encoding to copy filtered properties files.
[INFO] Copying 9 resources
[INFO] 
[INFO] --- maven-compiler-plugin:3.10.1:compile (default-compile) @ swagger-generator-core ---
[INFO] Changes detected - recompiling the module!
[INFO] Compiling 86 source files to /home/srafi/after-cam-ready/compare_/compile_repair_output/work/fd649355b568/swagger/swagger-generator/generator-core/target/classes
[INFO] 
[INFO] --- maven-resources-plugin:3.2.0:testResources (default-testResources) @ swagger-generator-core ---
[INFO] Using 'UTF-8' encoding to copy filtered resources.
[INFO] Using 'UTF-8' encoding to copy filtered properties files.
[INFO] Copying 50 resources
[INFO] 
[INFO] --- maven-compiler-plugin:3.10.1:testCompile (default-testCompile) @ swagger-generator-core ---
[INFO] Changes detected - recompiling the module!
[INFO] Compiling 45 source files to /home/srafi/after-cam-ready/compare_/compile_repair_output/work/fd649355b568/swagger/swagger-generator/generator-core/target/test-classes
[INFO] 
[INFO] --- maven-surefire-plugin:3.0.0-M8-SNAPSHOT:test (default-test) @ swagger-generator-core ---
[INFO] Tests are skipped.
[INFO] 
[INFO] --- maven-jar-plugin:3.3.0:jar (default-jar) @ swagger-generator-core ---
[INFO] Building jar: /home/srafi/after-cam-ready/compare_/compile_repair_output/work/fd649355b568/swagger/swagger-generator/generator-core/target/swagger-generator-core-2.9.0-SNAPSHOT.jar
[INFO] 
[INFO] --- maven-site-plugin:3.12.1:attach-descriptor (attach-descriptor) @ swagger-generator-core ---
[INFO] Skipping because packaging 'jar' is not pom.
[INFO] 
[INFO] >>> maven-source-plugin:3.2.1:jar (attach-sources) > generate-sources @ swagger-generator-core >>>
[INFO] 
[INFO] <<< maven-source-plugin:3.2.1:jar (attach-sources) < generate-sources @ swagger-generator-core <<<
[INFO] 
[INFO] 
[INFO] --- maven-source-plugin:3.2.1:jar (attach-sources) @ swagger-generator-core ---
[INFO] Building jar: /home/srafi/after-cam-ready/compare_/compile_repair_output/work/fd649355b568/swagger/swagger-generator/generator-core/target/swagger-generator-core-2.9.0-SNAPSHOT-sources.jar
[INFO] 
[INFO] >>> spotbugs-maven-plugin:4.7.3.0:check (default) > :spotbugs @ swagger-generator-core >>>
[INFO] 
[INFO] --- spotbugs-maven-plugin:4.7.3.0:spotbugs (spotbugs) @ swagger-generator-core ---
[INFO] 
[INFO] <<< spotbugs-maven-plugin:4.7.3.0:check (default) < :spotbugs @ swagger-generator-core <<<
[INFO] 
[INFO] 
[INFO] --- spotbugs-maven-plugin:4.7.3.0:check (default) @ swagger-generator-core ---
[INFO] 
[INFO] --- maven-install-plugin:2.5.2:install (default-install) @ swagger-generator-core ---
[INFO] Installing /home/srafi/after-cam-ready/compare_/compile_repair_output/work/fd649355b568/swagger/swagger-generator/generator-core/target/swagger-generator-core-2.9.0-SNAPSHOT.jar to /home/srafi/.m2/repository/org/apache/servicecomb/swagger-generator-core/2.9.0-SNAPSHOT/swagger-generator-core-2.9.0-SNAPSHOT.jar
[INFO] Installing /home/srafi/after-cam-ready/compare_/compile_repair_output/work/fd649355b568/swagger/swagger-generator/generator-core/pom.xml to /home/srafi/.m2/repository/org/apache/servicecomb/swagger-generator-core/2.9.0-SNAPSHOT/swagger-generator-core-2.9.0-SNAPSHOT.pom
[INFO] Installing /home/srafi/after-cam-ready/compare_/compile_repair_output/work/fd649355b568/swagger/swagger-generator/generator-core/target/swagger-generator-core-2.9.0-SNAPSHOT-sources.jar to /home/srafi/.m2/repository/org/apache/servicecomb/swagger-generator-core/2.9.0-SNAPSHOT/swagger-generator-core-2.9.0-SNAPSHOT-sources.jar
[INFO] 
[INFO] -----------< org.apache.servicecomb:swagger-generator-jaxrs >-----------
[INFO] Building Java Chassis::Swagger::Generator::Jaxrs 2.9.0-SNAPSHOT  [16/26]
[INFO] --------------------------------[ jar ]---------------------------------
[WARNING] The artifact org.slf4j:slf4j-log4j12:jar:1.7.36 has been relocated to org.slf4j:slf4j-reload4j:jar:1.7.36
[INFO] 
[INFO] --- maven-clean-plugin:3.2.0:clean (default-clean) @ swagger-generator-jaxrs ---
[INFO] 
[INFO] --- maven-remote-resources-plugin:3.0.0:process (process-resource-bundles) @ swagger-generator-jaxrs ---
[INFO] Skipping remote resources execution.
[INFO] 
[INFO] --- maven-resources-plugin:3.2.0:resources (default-resources) @ swagger-generator-jaxrs ---
[INFO] Using 'UTF-8' encoding to copy filtered resources.
[INFO] Using 'UTF-8' encoding to copy filtered properties files.
[INFO] Copying 5 resources
[INFO] 
[INFO] --- maven-compiler-plugin:3.10.1:compile (default-compile) @ swagger-generator-jaxrs ---
[INFO] Changes detected - recompiling the module!
[INFO] Compiling 18 source files to /home/srafi/after-cam-ready/compare_/compile_repair_output/work/fd649355b568/swagger/swagger-generator/generator-jaxrs/target/classes
[INFO] 
[INFO] --- maven-resources-plugin:3.2.0:testResources (default-testResources) @ swagger-generator-jaxrs ---
[INFO] Using 'UTF-8' encoding to copy filtered resources.
[INFO] Using 'UTF-8' encoding to copy filtered properties files.
[INFO] Copying 20 resources
[INFO] 
[INFO] --- maven-compiler-plugin:3.10.1:testCompile (default-testCompile) @ swagger-generator-jaxrs ---
[INFO] Changes detected - recompiling the module!
[INFO] Compiling 18 source files to /home/srafi/after-cam-ready/compare_/compile_repair_output/work/fd649355b568/swagger/swagger-generator/generator-jaxrs/target/test-classes
[INFO] 
[INFO] --- maven-surefire-plugin:3.0.0-M8-SNAPSHOT:test (default-test) @ swagger-generator-jaxrs ---
[INFO] Tests are skipped.
[INFO] 
[INFO] --- maven-jar-plugin:3.3.0:jar (default-jar) @ swagger-generator-jaxrs ---
[INFO] Building jar: /home/srafi/after-cam-ready/compare_/compile_repair_output/work/fd649355b568/swagger/swagger-generator/generator-jaxrs/target/swagger-generator-jaxrs-2.9.0-SNAPSHOT.jar
[INFO] 
[INFO] --- maven-site-plugin:3.12.1:attach-descriptor (attach-descriptor) @ swagger-generator-jaxrs ---
[INFO] Skipping because packaging 'jar' is not pom.
[INFO] 
[INFO] >>> maven-source-plugin:3.2.1:jar (attach-sources) > generate-sources @ swagger-generator-jaxrs >>>
[INFO] 
[INFO] <<< maven-source-plugin:3.2.1:jar (attach-sources) < generate-sources @ swagger-generator-jaxrs <<<
[INFO] 
[INFO] 
[INFO] --- maven-source-plugin:3.2.1:jar (attach-sources) @ swagger-generator-jaxrs ---
[INFO] Building jar: /home/srafi/after-cam-ready/compare_/compile_repair_output/work/fd649355b568/swagger/swagger-generator/generator-jaxrs/target/swagger-generator-jaxrs-2.9.0-SNAPSHOT-sources.jar
[INFO] 
[INFO] >>> spotbugs-maven-plugin:4.7.3.0:check (default) > :spotbugs @ swagger-generator-jaxrs >>>
[INFO] 
[INFO] --- spotbugs-maven-plugin:4.7.3.0:spotbugs (spotbugs) @ swagger-generator-jaxrs ---
[INFO] 
[INFO] <<< spotbugs-maven-plugin:4.7.3.0:check (default) < :spotbugs @ swagger-generator-jaxrs <<<
[INFO] 
[INFO] 
[INFO] --- spotbugs-maven-plugin:4.7.3.0:check (default) @ swagger-generator-jaxrs ---
[INFO] 
[INFO] --- maven-install-plugin:2.5.2:install (default-install) @ swagger-generator-jaxrs ---
[INFO] Installing /home/srafi/after-cam-ready/compare_/compile_repair_output/work/fd649355b568/swagger/swagger-generator/generator-jaxrs/target/swagger-generator-jaxrs-2.9.0-SNAPSHOT.jar to /home/srafi/.m2/repository/org/apache/servicecomb/swagger-generator-jaxrs/2.9.0-SNAPSHOT/swagger-generator-jaxrs-2.9.0-SNAPSHOT.jar
[INFO] Installing /home/srafi/after-cam-ready/compare_/compile_repair_output/work/fd649355b568/swagger/swagger-generator/generator-jaxrs/pom.xml to /home/srafi/.m2/repository/org/apache/servicecomb/swagger-generator-jaxrs/2.9.0-SNAPSHOT/swagger-generator-jaxrs-2.9.0-SNAPSHOT.pom
[INFO] Installing /home/srafi/after-cam-ready/compare_/compile_repair_output/work/fd649355b568/swagger/swagger-generator/generator-jaxrs/target/swagger-generator-jaxrs-2.9.0-SNAPSHOT-sources.jar to /home/srafi/.m2/repository/org/apache/servicecomb/swagger-generator-jaxrs/2.9.0-SNAPSHOT/swagger-generator-jaxrs-2.9.0-SNAPSHOT-sources.jar
[INFO] 
[INFO] ---------< org.apache.servicecomb:swagger-generator-springmvc >---------
[INFO] Building Java Chassis::Swagger::Generator::Spring MVC 2.9.0-SNAPSHOT [17/26]
[INFO] --------------------------------[ jar ]---------------------------------
[INFO] Downloading from central: https://repo.maven.apache.org/maven2/org/springframework/spring-webmvc/5.3.23/spring-webmvc-5.3.23.pom
[INFO] Downloaded from central: https://repo.maven.apache.org/maven2/org/springframework/spring-webmvc/5.3.23/spring-webmvc-5.3.23.pom (3.0 kB at 102 kB/s)
[WARNING] The artifact org.slf4j:slf4j-log4j12:jar:1.7.36 has been relocated to org.slf4j:slf4j-reload4j:jar:1.7.36
[INFO] Downloading from central: https://repo.maven.apache.org/maven2/org/springframework/spring-webmvc/5.3.23/spring-webmvc-5.3.23.jar
[INFO] Downloaded from central: https://repo.maven.apache.org/maven2/org/springframework/spring-webmvc/5.3.23/spring-webmvc-5.3.23.jar (1.0 MB at 19 MB/s)
[INFO] 
[INFO] --- maven-clean-plugin:3.2.0:clean (default-clean) @ swagger-generator-springmvc ---
[INFO] 
[INFO] --- maven-remote-resources-plugin:3.0.0:process (process-resource-bundles) @ swagger-generator-springmvc ---
[INFO] Skipping remote resources execution.
[INFO] 
[INFO] --- maven-resources-plugin:3.2.0:resources (default-resources) @ swagger-generator-springmvc ---
[INFO] Using 'UTF-8' encoding to copy filtered resources.
[INFO] Using 'UTF-8' encoding to copy filtered properties files.
[INFO] Copying 6 resources
[INFO] 
[INFO] --- maven-compiler-plugin:3.10.1:compile (default-compile) @ swagger-generator-springmvc ---
[INFO] Changes detected - recompiling the module!
[INFO] Compiling 25 source files to /home/srafi/after-cam-ready/compare_/compile_repair_output/work/fd649355b568/swagger/swagger-generator/generator-springmvc/target/classes
[INFO] 
[INFO] --- maven-resources-plugin:3.2.0:testResources (default-testResources) @ swagger-generator-springmvc ---
[INFO] Using 'UTF-8' encoding to copy filtered resources.
[INFO] Using 'UTF-8' encoding to copy filtered properties files.
[INFO] Copying 28 resources
[INFO] 
[INFO] --- maven-compiler-plugin:3.10.1:testCompile (default-testCompile) @ swagger-generator-springmvc ---
[INFO] Changes detected - recompiling the module!
[INFO] Compiling 19 source files to /home/srafi/after-cam-ready/compare_/compile_repair_output/work/fd649355b568/swagger/swagger-generator/generator-springmvc/target/test-classes
[INFO] 
[INFO] --- maven-surefire-plugin:3.0.0-M8-SNAPSHOT:test (default-test) @ swagger-generator-springmvc ---
[INFO] Tests are skipped.
[INFO] 
[INFO] --- maven-jar-plugin:3.3.0:jar (default-jar) @ swagger-generator-springmvc ---
[INFO] Building jar: /home/srafi/after-cam-ready/compare_/compile_repair_output/work/fd649355b568/swagger/swagger-generator/generator-springmvc/target/swagger-generator-springmvc-2.9.0-SNAPSHOT.jar
[INFO] 
[INFO] --- maven-site-plugin:3.12.1:attach-descriptor (attach-descriptor) @ swagger-generator-springmvc ---
[INFO] Skipping because packaging 'jar' is not pom.
[INFO] 
[INFO] >>> maven-source-plugin:3.2.1:jar (attach-sources) > generate-sources @ swagger-generator-springmvc >>>
[INFO] 
[INFO] <<< maven-source-plugin:3.2.1:jar (attach-sources) < generate-sources @ swagger-generator-springmvc <<<
[INFO] 
[INFO] 
[INFO] --- maven-source-plugin:3.2.1:jar (attach-sources) @ swagger-generator-springmvc ---
[INFO] Building jar: /home/srafi/after-cam-ready/compare_/compile_repair_output/work/fd649355b568/swagger/swagger-generator/generator-springmvc/target/swagger-generator-springmvc-2.9.0-SNAPSHOT-sources.jar
[INFO] 
[INFO] >>> spotbugs-maven-plugin:4.7.3.0:check (default) > :spotbugs @ swagger-generator-springmvc >>>
[INFO] 
[INFO] --- spotbugs-maven-plugin:4.7.3.0:spotbugs (spotbugs) @ swagger-generator-springmvc ---
[INFO] 
[INFO] <<< spotbugs-maven-plugin:4.7.3.0:check (default) < :spotbugs @ swagger-generator-springmvc <<<
[INFO] 
[INFO] 
[INFO] --- spotbugs-maven-plugin:4.7.3.0:check (default) @ swagger-generator-springmvc ---
[INFO] 
[INFO] --- maven-install-plugin:2.5.2:install (default-install) @ swagger-generator-springmvc ---
[INFO] Installing /home/srafi/after-cam-ready/compare_/compile_repair_output/work/fd649355b568/swagger/swagger-generator/generator-springmvc/target/swagger-generator-springmvc-2.9.0-SNAPSHOT.jar to /home/srafi/.m2/repository/org/apache/servicecomb/swagger-generator-springmvc/2.9.0-SNAPSHOT/swagger-generator-springmvc-2.9.0-SNAPSHOT.jar
[INFO] Installing /home/srafi/after-cam-ready/compare_/compile_repair_output/work/fd649355b568/swagger/swagger-generator/generator-springmvc/pom.xml to /home/srafi/.m2/repository/org/apache/servicecomb/swagger-generator-springmvc/2.9.0-SNAPSHOT/swagger-generator-springmvc-2.9.0-SNAPSHOT.pom
[INFO] Installing /home/srafi/after-cam-ready/compare_/compile_repair_output/work/fd649355b568/swagger/swagger-generator/generator-springmvc/target/swagger-generator-springmvc-2.9.0-SNAPSHOT-sources.jar to /home/srafi/.m2/repository/org/apache/servicecomb/swagger-generator-springmvc/2.9.0-SNAPSHOT/swagger-generator-springmvc-2.9.0-SNAPSHOT-sources.jar
[INFO] 
[INFO] -------------< org.apache.servicecomb:swagger-invocation >--------------
[INFO] Building Java Chassis::Swagger::Invocation 2.9.0-SNAPSHOT        [18/26]
[INFO] --------------------------------[ pom ]---------------------------------
[INFO] 
[INFO] --- maven-clean-plugin:3.2.0:clean (default-clean) @ swagger-invocation ---
[INFO] 
[INFO] --- maven-remote-resources-plugin:3.0.0:process (process-resource-bundles) @ swagger-invocation ---
[INFO] Skipping remote resources execution.
[INFO] 
[INFO] --- maven-site-plugin:3.12.1:attach-descriptor (attach-descriptor) @ swagger-invocation ---
[INFO] No site descriptor found: nothing to attach.
[INFO] 
[INFO] >>> maven-source-plugin:3.2.1:jar (attach-sources) > generate-sources @ swagger-invocation >>>
[INFO] 
[INFO] <<< maven-source-plugin:3.2.1:jar (attach-sources) < generate-sources @ swagger-invocation <<<
[INFO] 
[INFO] 
[INFO] --- maven-source-plugin:3.2.1:jar (attach-sources) @ swagger-invocation ---
[INFO] 
[INFO] >>> spotbugs-maven-plugin:4.7.3.0:check (default) > :spotbugs @ swagger-invocation >>>
[INFO] 
[INFO] --- spotbugs-maven-plugin:4.7.3.0:spotbugs (spotbugs) @ swagger-invocation ---
[INFO] 
[INFO] <<< spotbugs-maven-plugin:4.7.3.0:check (default) < :spotbugs @ swagger-invocation <<<
[INFO] 
[INFO] 
[INFO] --- spotbugs-maven-plugin:4.7.3.0:check (default) @ swagger-invocation ---
[INFO] 
[INFO] --- maven-install-plugin:2.5.2:install (default-install) @ swagger-invocation ---
[INFO] Installing /home/srafi/after-cam-ready/compare_/compile_repair_output/work/fd649355b568/swagger/swagger-invocation/pom.xml to /home/srafi/.m2/repository/org/apache/servicecomb/swagger-invocation/2.9.0-SNAPSHOT/swagger-invocation-2.9.0-SNAPSHOT.pom
[INFO] 
[INFO] -----------< org.apache.servicecomb:swagger-invocation-core >-----------
[INFO] Building Java Chassis::Swagger::Invocation::Core 2.9.0-SNAPSHOT  [19/26]
[INFO] --------------------------------[ jar ]---------------------------------
[INFO] 
[INFO] --- maven-clean-plugin:3.2.0:clean (default-clean) @ swagger-invocation-core ---
[INFO] 
[INFO] --- maven-remote-resources-plugin:3.0.0:process (process-resource-bundles) @ swagger-invocation-core ---
[INFO] Skipping remote resources execution.
[INFO] 
[INFO] --- maven-resources-plugin:3.2.0:resources (default-resources) @ swagger-invocation-core ---
[INFO] Using 'UTF-8' encoding to copy filtered resources.
[INFO] Using 'UTF-8' encoding to copy filtered properties files.
[INFO] Copying 8 resources
[INFO] 
[INFO] --- maven-compiler-plugin:3.10.1:compile (default-compile) @ swagger-invocation-core ---
[INFO] Changes detected - recompiling the module!
[INFO] Compiling 79 source files to /home/srafi/after-cam-ready/compare_/compile_repair_output/work/fd649355b568/swagger/swagger-invocation/invocation-core/target/classes
[INFO] 
[INFO] --- maven-resources-plugin:3.2.0:testResources (default-testResources) @ swagger-invocation-core ---
[INFO] Using 'UTF-8' encoding to copy filtered resources.
[INFO] Using 'UTF-8' encoding to copy filtered properties files.
[INFO] Copying 2 resources
[INFO] 
[INFO] --- maven-compiler-plugin:3.10.1:testCompile (default-testCompile) @ swagger-invocation-core ---
[INFO] Changes detected - recompiling the module!
[INFO] Compiling 74 source files to /home/srafi/after-cam-ready/compare_/compile_repair_output/work/fd649355b568/swagger/swagger-invocation/invocation-core/target/test-classes
[INFO] 
[INFO] --- maven-surefire-plugin:3.0.0-M8-SNAPSHOT:test (default-test) @ swagger-invocation-core ---
[INFO] Tests are skipped.
[INFO] 
[INFO] --- maven-jar-plugin:3.3.0:jar (default-jar) @ swagger-invocation-core ---
[INFO] Building jar: /home/srafi/after-cam-ready/compare_/compile_repair_output/work/fd649355b568/swagger/swagger-invocation/invocation-core/target/swagger-invocation-core-2.9.0-SNAPSHOT.jar
[INFO] 
[INFO] --- maven-site-plugin:3.12.1:attach-descriptor (attach-descriptor) @ swagger-invocation-core ---
[INFO] Skipping because packaging 'jar' is not pom.
[INFO] 
[INFO] >>> maven-source-plugin:3.2.1:jar (attach-sources) > generate-sources @ swagger-invocation-core >>>
[INFO] 
[INFO] <<< maven-source-plugin:3.2.1:jar (attach-sources) < generate-sources @ swagger-invocation-core <<<
[INFO] 
[INFO] 
[INFO] --- maven-source-plugin:3.2.1:jar (attach-sources) @ swagger-invocation-core ---
[INFO] Building jar: /home/srafi/after-cam-ready/compare_/compile_repair_output/work/fd649355b568/swagger/swagger-invocation/invocation-core/target/swagger-invocation-core-2.9.0-SNAPSHOT-sources.jar
[INFO] 
[INFO] >>> spotbugs-maven-plugin:4.7.3.0:check (default) > :spotbugs @ swagger-invocation-core >>>
[INFO] 
[INFO] --- spotbugs-maven-plugin:4.7.3.0:spotbugs (spotbugs) @ swagger-invocation-core ---
[INFO] 
[INFO] <<< spotbugs-maven-plugin:4.7.3.0:check (default) < :spotbugs @ swagger-invocation-core <<<
[INFO] 
[INFO] 
[INFO] --- spotbugs-maven-plugin:4.7.3.0:check (default) @ swagger-invocation-core ---
[INFO] 
[INFO] --- maven-install-plugin:2.5.2:install (default-install) @ swagger-invocation-core ---
[INFO] Installing /home/srafi/after-cam-ready/compare_/compile_repair_output/work/fd649355b568/swagger/swagger-invocation/invocation-core/target/swagger-invocation-core-2.9.0-SNAPSHOT.jar to /home/srafi/.m2/repository/org/apache/servicecomb/swagger-invocation-core/2.9.0-SNAPSHOT/swagger-invocation-core-2.9.0-SNAPSHOT.jar
[INFO] Installing /home/srafi/after-cam-ready/compare_/compile_repair_output/work/fd649355b568/swagger/swagger-invocation/invocation-core/pom.xml to /home/srafi/.m2/repository/org/apache/servicecomb/swagger-invocation-core/2.9.0-SNAPSHOT/swagger-invocation-core-2.9.0-SNAPSHOT.pom
[INFO] Installing /home/srafi/after-cam-ready/compare_/compile_repair_output/work/fd649355b568/swagger/swagger-invocation/invocation-core/target/swagger-invocation-core-2.9.0-SNAPSHOT-sources.jar to /home/srafi/.m2/repository/org/apache/servicecomb/swagger-invocation-core/2.9.0-SNAPSHOT/swagger-invocation-core-2.9.0-SNAPSHOT-sources.jar
[INFO] 
[INFO] -------------< org.apache.servicecomb:foundation-registry >-------------
[INFO] Building Java Chassis::Foundations::Registry 2.9.0-SNAPSHOT      [20/26]
[INFO] --------------------------------[ jar ]---------------------------------
[INFO] 
[INFO] --- maven-clean-plugin:3.2.0:clean (default-clean) @ foundation-registry ---
[INFO] 
[INFO] --- maven-remote-resources-plugin:3.0.0:process (process-resource-bundles) @ foundation-registry ---
[INFO] Skipping remote resources execution.
[INFO] 
[INFO] --- maven-resources-plugin:3.2.0:resources (default-resources) @ foundation-registry ---
[INFO] Using 'UTF-8' encoding to copy filtered resources.
[INFO] Using 'UTF-8' encoding to copy filtered properties files.
[INFO] Copying 2 resources
[INFO] 
[INFO] --- maven-compiler-plugin:3.10.1:compile (default-compile) @ foundation-registry ---
[INFO] Changes detected - recompiling the module!
[INFO] Compiling 68 source files to /home/srafi/after-cam-ready/compare_/compile_repair_output/work/fd649355b568/foundations/foundation-registry/target/classes
[INFO] 
[INFO] --- maven-resources-plugin:3.2.0:testResources (default-testResources) @ foundation-registry ---
[INFO] Using 'UTF-8' encoding to copy filtered resources.
[INFO] Using 'UTF-8' encoding to copy filtered properties files.
[INFO] skip non existing resourceDirectory /home/srafi/after-cam-ready/compare_/compile_repair_output/work/fd649355b568/foundations/foundation-registry/src/test/resources
[INFO] 
[INFO] --- maven-compiler-plugin:3.10.1:testCompile (default-testCompile) @ foundation-registry ---
[INFO] Changes detected - recompiling the module!
[INFO] Compiling 16 source files to /home/srafi/after-cam-ready/compare_/compile_repair_output/work/fd649355b568/foundations/foundation-registry/target/test-classes
[INFO] 
[INFO] --- maven-surefire-plugin:3.0.0-M8-SNAPSHOT:test (default-test) @ foundation-registry ---
[INFO] Tests are skipped.
[INFO] 
[INFO] --- maven-jar-plugin:3.3.0:jar (default-jar) @ foundation-registry ---
[INFO] Building jar: /home/srafi/after-cam-ready/compare_/compile_repair_output/work/fd649355b568/foundations/foundation-registry/target/foundation-registry-2.9.0-SNAPSHOT.jar
[INFO] 
[INFO] --- maven-site-plugin:3.12.1:attach-descriptor (attach-descriptor) @ foundation-registry ---
[INFO] Skipping because packaging 'jar' is not pom.
[INFO] 
[INFO] >>> maven-source-plugin:3.2.1:jar (attach-sources) > generate-sources @ foundation-registry >>>
[INFO] 
[INFO] <<< maven-source-plugin:3.2.1:jar (attach-sources) < generate-sources @ foundation-registry <<<
[INFO] 
[INFO] 
[INFO] --- maven-source-plugin:3.2.1:jar (attach-sources) @ foundation-registry ---
[INFO] Building jar: /home/srafi/after-cam-ready/compare_/compile_repair_output/work/fd649355b568/foundations/foundation-registry/target/foundation-registry-2.9.0-SNAPSHOT-sources.jar
[INFO] 
[INFO] >>> spotbugs-maven-plugin:4.7.3.0:check (default) > :spotbugs @ foundation-registry >>>
[INFO] 
[INFO] --- spotbugs-maven-plugin:4.7.3.0:spotbugs (spotbugs) @ foundation-registry ---
[INFO] 
[INFO] <<< spotbugs-maven-plugin:4.7.3.0:check (default) < :spotbugs @ foundation-registry <<<
[INFO] 
[INFO] 
[INFO] --- spotbugs-maven-plugin:4.7.3.0:check (default) @ foundation-registry ---
[INFO] 
[INFO] --- maven-install-plugin:2.5.2:install (default-install) @ foundation-registry ---
[INFO] Installing /home/srafi/after-cam-ready/compare_/compile_repair_output/work/fd649355b568/foundations/foundation-registry/target/foundation-registry-2.9.0-SNAPSHOT.jar to /home/srafi/.m2/repository/org/apache/servicecomb/foundation-registry/2.9.0-SNAPSHOT/foundation-registry-2.9.0-SNAPSHOT.jar
[INFO] Installing /home/srafi/after-cam-ready/compare_/compile_repair_output/work/fd649355b568/foundations/foundation-registry/pom.xml to /home/srafi/.m2/repository/org/apache/servicecomb/foundation-registry/2.9.0-SNAPSHOT/foundation-registry-2.9.0-SNAPSHOT.pom
[INFO] Installing /home/srafi/after-cam-ready/compare_/compile_repair_output/work/fd649355b568/foundations/foundation-registry/target/foundation-registry-2.9.0-SNAPSHOT-sources.jar to /home/srafi/.m2/repository/org/apache/servicecomb/foundation-registry/2.9.0-SNAPSHOT/foundation-registry-2.9.0-SNAPSHOT-sources.jar
[INFO] 
[INFO] -----------< org.apache.servicecomb:servicecomb-governance >------------
[INFO] Building Java Chassis::Governance 2.9.0-SNAPSHOT                 [21/26]
[INFO] --------------------------------[ jar ]---------------------------------
[INFO] Downloading from central: https://repo.maven.apache.org/maven2/io/micrometer/micrometer-core/1.10.0/micrometer-core-1.10.0.pom
[INFO] Downloaded from central: https://repo.maven.apache.org/maven2/io/micrometer/micrometer-core/1.10.0/micrometer-core-1.10.0.pom (10 kB at 314 kB/s)
[INFO] Downloading from central: https://repo.maven.apache.org/maven2/io/micrometer/micrometer-commons/1.10.0/micrometer-commons-1.10.0.pom
[INFO] Downloaded from central: https://repo.maven.apache.org/maven2/io/micrometer/micrometer-commons/1.10.0/micrometer-commons-1.10.0.pom (3.2 kB at 101 kB/s)
[INFO] Downloading from central: https://repo.maven.apache.org/maven2/io/micrometer/micrometer-observation/1.10.0/micrometer-observation-1.10.0.pom
[INFO] Downloaded from central: https://repo.maven.apache.org/maven2/io/micrometer/micrometer-observation/1.10.0/micrometer-observation-1.10.0.pom (3.9 kB at 118 kB/s)
[INFO] Downloading from central: https://repo.maven.apache.org/maven2/io/micrometer/micrometer-registry-prometheus/1.10.0/micrometer-registry-prometheus-1.10.0.pom
[INFO] Downloaded from central: https://repo.maven.apache.org/maven2/io/micrometer/micrometer-registry-prometheus/1.10.0/micrometer-registry-prometheus-1.10.0.pom (3.5 kB at 96 kB/s)
[WARNING] The artifact org.slf4j:slf4j-log4j12:jar:1.7.36 has been relocated to org.slf4j:slf4j-reload4j:jar:1.7.36
[INFO] Downloading from central: https://repo.maven.apache.org/maven2/io/micrometer/micrometer-core/1.10.0/micrometer-core-1.10.0.jar
[INFO] Downloading from central: https://repo.maven.apache.org/maven2/io/micrometer/micrometer-commons/1.10.0/micrometer-commons-1.10.0.jar
[INFO] Downloading from central: https://repo.maven.apache.org/maven2/io/micrometer/micrometer-registry-prometheus/1.10.0/micrometer-registry-prometheus-1.10.0.jar
[INFO] Downloading from central: https://repo.maven.apache.org/maven2/io/micrometer/micrometer-observation/1.10.0/micrometer-observation-1.10.0.jar
[INFO] Downloaded from central: https://repo.maven.apache.org/maven2/io/micrometer/micrometer-commons/1.10.0/micrometer-commons-1.10.0.jar (40 kB at 685 kB/s)
[INFO] Downloaded from central: https://repo.maven.apache.org/maven2/io/micrometer/micrometer-observation/1.10.0/micrometer-observation-1.10.0.jar (66 kB at 923 kB/s)
[INFO] Downloaded from central: https://repo.maven.apache.org/maven2/io/micrometer/micrometer-core/1.10.0/micrometer-core-1.10.0.jar (775 kB at 9.9 MB/s)
[INFO] Downloaded from central: https://repo.maven.apache.org/maven2/io/micrometer/micrometer-registry-prometheus/1.10.0/micrometer-registry-prometheus-1.10.0.jar (41 kB at 163 kB/s)
[INFO] 
[INFO] --- maven-clean-plugin:3.2.0:clean (default-clean) @ servicecomb-governance ---
[INFO] 
[INFO] --- maven-remote-resources-plugin:3.0.0:process (process-resource-bundles) @ servicecomb-governance ---
[INFO] Skipping remote resources execution.
[INFO] 
[INFO] --- maven-resources-plugin:3.2.0:resources (default-resources) @ servicecomb-governance ---
[INFO] Using 'UTF-8' encoding to copy filtered resources.
[INFO] Using 'UTF-8' encoding to copy filtered properties files.
[INFO] skip non existing resourceDirectory /home/srafi/after-cam-ready/compare_/compile_repair_output/work/fd649355b568/governance/src/main/resources
[INFO] 
[INFO] --- maven-compiler-plugin:3.10.1:compile (default-compile) @ servicecomb-governance ---
[INFO] Changes detected - recompiling the module!
[INFO] Compiling 106 source files to /home/srafi/after-cam-ready/compare_/compile_repair_output/work/fd649355b568/governance/target/classes
[INFO] 
[INFO] --- maven-resources-plugin:3.2.0:testResources (default-testResources) @ servicecomb-governance ---
[INFO] Using 'UTF-8' encoding to copy filtered resources.
[INFO] Using 'UTF-8' encoding to copy filtered properties files.
[INFO] Copying 3 resources
[INFO] 
[INFO] --- maven-compiler-plugin:3.10.1:testCompile (default-testCompile) @ servicecomb-governance ---
[INFO] Changes detected - recompiling the module!
[INFO] Compiling 32 source files to /home/srafi/after-cam-ready/compare_/compile_repair_output/work/fd649355b568/governance/target/test-classes
[INFO] 
[INFO] --- maven-surefire-plugin:3.0.0-M8-SNAPSHOT:test (default-test) @ servicecomb-governance ---
[INFO] Tests are skipped.
[INFO] 
[INFO] --- maven-jar-plugin:3.3.0:jar (default-jar) @ servicecomb-governance ---
[INFO] Building jar: /home/srafi/after-cam-ready/compare_/compile_repair_output/work/fd649355b568/governance/target/servicecomb-governance-2.9.0-SNAPSHOT.jar
[INFO] 
[INFO] --- maven-site-plugin:3.12.1:attach-descriptor (attach-descriptor) @ servicecomb-governance ---
[INFO] Skipping because packaging 'jar' is not pom.
[INFO] 
[INFO] >>> maven-source-plugin:3.2.1:jar (attach-sources) > generate-sources @ servicecomb-governance >>>
[INFO] 
[INFO] <<< maven-source-plugin:3.2.1:jar (attach-sources) < generate-sources @ servicecomb-governance <<<
[INFO] 
[INFO] 
[INFO] --- maven-source-plugin:3.2.1:jar (attach-sources) @ servicecomb-governance ---
[INFO] Building jar: /home/srafi/after-cam-ready/compare_/compile_repair_output/work/fd649355b568/governance/target/servicecomb-governance-2.9.0-SNAPSHOT-sources.jar
[INFO] 
[INFO] >>> spotbugs-maven-plugin:4.7.3.0:check (default) > :spotbugs @ servicecomb-governance >>>
[INFO] 
[INFO] --- spotbugs-maven-plugin:4.7.3.0:spotbugs (spotbugs) @ servicecomb-governance ---
[INFO] 
[INFO] <<< spotbugs-maven-plugin:4.7.3.0:check (default) < :spotbugs @ servicecomb-governance <<<
[INFO] 
[INFO] 
[INFO] --- spotbugs-maven-plugin:4.7.3.0:check (default) @ servicecomb-governance ---
[INFO] 
[INFO] --- maven-install-plugin:2.5.2:install (default-install) @ servicecomb-governance ---
[INFO] Installing /home/srafi/after-cam-ready/compare_/compile_repair_output/work/fd649355b568/governance/target/servicecomb-governance-2.9.0-SNAPSHOT.jar to /home/srafi/.m2/repository/org/apache/servicecomb/servicecomb-governance/2.9.0-SNAPSHOT/servicecomb-governance-2.9.0-SNAPSHOT.jar
[INFO] Installing /home/srafi/after-cam-ready/compare_/compile_repair_output/work/fd649355b568/governance/pom.xml to /home/srafi/.m2/repository/org/apache/servicecomb/servicecomb-governance/2.9.0-SNAPSHOT/servicecomb-governance-2.9.0-SNAPSHOT.pom
[INFO] Installing /home/srafi/after-cam-ready/compare_/compile_repair_output/work/fd649355b568/governance/target/servicecomb-governance-2.9.0-SNAPSHOT-sources.jar to /home/srafi/.m2/repository/org/apache/servicecomb/servicecomb-governance/2.9.0-SNAPSHOT/servicecomb-governance-2.9.0-SNAPSHOT-sources.jar
[INFO] 
[INFO] --------------< org.apache.servicecomb:java-chassis-core >--------------
[INFO] Building Java Chassis::Core 2.9.0-SNAPSHOT                       [22/26]
[INFO] --------------------------------[ jar ]---------------------------------
[WARNING] The artifact org.slf4j:slf4j-log4j12:jar:1.7.36 has been relocated to org.slf4j:slf4j-reload4j:jar:1.7.36
[INFO] 
[INFO] --- maven-clean-plugin:3.2.0:clean (default-clean) @ java-chassis-core ---
[INFO] 
[INFO] --- maven-remote-resources-plugin:3.0.0:process (process-resource-bundles) @ java-chassis-core ---
[INFO] Skipping remote resources execution.
[INFO] 
[INFO] --- maven-resources-plugin:3.2.0:resources (default-resources) @ java-chassis-core ---
[INFO] Using 'UTF-8' encoding to copy filtered resources.
[INFO] Using 'UTF-8' encoding to copy filtered properties files.
[INFO] Copying 13 resources
[INFO] 
[INFO] --- maven-compiler-plugin:3.10.1:compile (default-compile) @ java-chassis-core ---
[INFO] Changes detected - recompiling the module!
[INFO] Compiling 132 source files to /home/srafi/after-cam-ready/compare_/compile_repair_output/work/fd649355b568/core/target/classes
[INFO] 
[INFO] --- maven-resources-plugin:3.2.0:testResources (default-testResources) @ java-chassis-core ---
[INFO] Using 'UTF-8' encoding to copy filtered resources.
[INFO] Using 'UTF-8' encoding to copy filtered properties files.
[INFO] Copying 8 resources
[INFO] 
[INFO] --- maven-compiler-plugin:3.10.1:testCompile (default-testCompile) @ java-chassis-core ---
[INFO] Changes detected - recompiling the module!
[INFO] Compiling 45 source files to /home/srafi/after-cam-ready/compare_/compile_repair_output/work/fd649355b568/core/target/test-classes
[INFO] 
[INFO] --- maven-surefire-plugin:3.0.0-M8-SNAPSHOT:test (default-test) @ java-chassis-core ---
[INFO] Tests are skipped.
[INFO] 
[INFO] --- maven-jar-plugin:3.3.0:jar (default-jar) @ java-chassis-core ---
[INFO] Building jar: /home/srafi/after-cam-ready/compare_/compile_repair_output/work/fd649355b568/core/target/java-chassis-core-2.9.0-SNAPSHOT.jar
[INFO] 
[INFO] --- maven-site-plugin:3.12.1:attach-descriptor (attach-descriptor) @ java-chassis-core ---
[INFO] Skipping because packaging 'jar' is not pom.
[INFO] 
[INFO] >>> maven-source-plugin:3.2.1:jar (attach-sources) > generate-sources @ java-chassis-core >>>
[INFO] 
[INFO] <<< maven-source-plugin:3.2.1:jar (attach-sources) < generate-sources @ java-chassis-core <<<
[INFO] 
[INFO] 
[INFO] --- maven-source-plugin:3.2.1:jar (attach-sources) @ java-chassis-core ---
[INFO] Building jar: /home/srafi/after-cam-ready/compare_/compile_repair_output/work/fd649355b568/core/target/java-chassis-core-2.9.0-SNAPSHOT-sources.jar
[INFO] 
[INFO] >>> spotbugs-maven-plugin:4.7.3.0:check (default) > :spotbugs @ java-chassis-core >>>
[INFO] 
[INFO] --- spotbugs-maven-plugin:4.7.3.0:spotbugs (spotbugs) @ java-chassis-core ---
[INFO] 
[INFO] <<< spotbugs-maven-plugin:4.7.3.0:check (default) < :spotbugs @ java-chassis-core <<<
[INFO] 
[INFO] 
[INFO] --- spotbugs-maven-plugin:4.7.3.0:check (default) @ java-chassis-core ---
[INFO] 
[INFO] --- maven-install-plugin:2.5.2:install (default-install) @ java-chassis-core ---
[INFO] Installing /home/srafi/after-cam-ready/compare_/compile_repair_output/work/fd649355b568/core/target/java-chassis-core-2.9.0-SNAPSHOT.jar to /home/srafi/.m2/repository/org/apache/servicecomb/java-chassis-core/2.9.0-SNAPSHOT/java-chassis-core-2.9.0-SNAPSHOT.jar
[INFO] Installing /home/srafi/after-cam-ready/compare_/compile_repair_output/work/fd649355b568/core/pom.xml to /home/srafi/.m2/repository/org/apache/servicecomb/java-chassis-core/2.9.0-SNAPSHOT/java-chassis-core-2.9.0-SNAPSHOT.pom
[INFO] Installing /home/srafi/after-cam-ready/compare_/compile_repair_output/work/fd649355b568/core/target/java-chassis-core-2.9.0-SNAPSHOT-sources.jar to /home/srafi/.m2/repository/org/apache/servicecomb/java-chassis-core/2.9.0-SNAPSHOT/java-chassis-core-2.9.0-SNAPSHOT-sources.jar
[INFO] 
[INFO] -------------------< org.apache.servicecomb:common >--------------------
[INFO] Building Java Chassis::Common 2.9.0-SNAPSHOT                     [23/26]
[INFO] --------------------------------[ pom ]---------------------------------
[INFO] 
[INFO] --- maven-clean-plugin:3.2.0:clean (default-clean) @ common ---
[INFO] 
[INFO] --- maven-remote-resources-plugin:3.0.0:process (process-resource-bundles) @ common ---
[INFO] Skipping remote resources execution.
[INFO] 
[INFO] --- maven-site-plugin:3.12.1:attach-descriptor (attach-descriptor) @ common ---
[INFO] No site descriptor found: nothing to attach.
[INFO] 
[INFO] >>> maven-source-plugin:3.2.1:jar (attach-sources) > generate-sources @ common >>>
[INFO] 
[INFO] <<< maven-source-plugin:3.2.1:jar (attach-sources) < generate-sources @ common <<<
[INFO] 
[INFO] 
[INFO] --- maven-source-plugin:3.2.1:jar (attach-sources) @ common ---
[INFO] 
[INFO] >>> spotbugs-maven-plugin:4.7.3.0:check (default) > :spotbugs @ common >>>
[INFO] 
[INFO] --- spotbugs-maven-plugin:4.7.3.0:spotbugs (spotbugs) @ common ---
[INFO] 
[INFO] <<< spotbugs-maven-plugin:4.7.3.0:check (default) < :spotbugs @ common <<<
[INFO] 
[INFO] 
[INFO] --- spotbugs-maven-plugin:4.7.3.0:check (default) @ common ---
[INFO] 
[INFO] --- maven-install-plugin:2.5.2:install (default-install) @ common ---
[INFO] Installing /home/srafi/after-cam-ready/compare_/compile_repair_output/work/fd649355b568/common/pom.xml to /home/srafi/.m2/repository/org/apache/servicecomb/common/2.9.0-SNAPSHOT/common-2.9.0-SNAPSHOT.pom
[INFO] 
[INFO] -----------< org.apache.servicecomb:service-registry-parent >-----------
[INFO] Building Java Chassis::Service Registry 2.9.0-SNAPSHOT           [24/26]
[INFO] --------------------------------[ pom ]---------------------------------
[INFO] 
[INFO] --- maven-clean-plugin:3.2.0:clean (default-clean) @ service-registry-parent ---
[INFO] 
[INFO] --- maven-remote-resources-plugin:3.0.0:process (process-resource-bundles) @ service-registry-parent ---
[INFO] Skipping remote resources execution.
[INFO] 
[INFO] --- maven-site-plugin:3.12.1:attach-descriptor (attach-descriptor) @ service-registry-parent ---
[INFO] No site descriptor found: nothing to attach.
[INFO] 
[INFO] >>> maven-source-plugin:3.2.1:jar (attach-sources) > generate-sources @ service-registry-parent >>>
[INFO] 
[INFO] <<< maven-source-plugin:3.2.1:jar (attach-sources) < generate-sources @ service-registry-parent <<<
[INFO] 
[INFO] 
[INFO] --- maven-source-plugin:3.2.1:jar (attach-sources) @ service-registry-parent ---
[INFO] 
[INFO] >>> spotbugs-maven-plugin:4.7.3.0:check (default) > :spotbugs @ service-registry-parent >>>
[INFO] 
[INFO] --- spotbugs-maven-plugin:4.7.3.0:spotbugs (spotbugs) @ service-registry-parent ---
[INFO] 
[INFO] <<< spotbugs-maven-plugin:4.7.3.0:check (default) < :spotbugs @ service-registry-parent <<<
[INFO] 
[INFO] 
[INFO] --- spotbugs-maven-plugin:4.7.3.0:check (default) @ service-registry-parent ---
[INFO] 
[INFO] --- maven-install-plugin:2.5.2:install (default-install) @ service-registry-parent ---
[INFO] Installing /home/srafi/after-cam-ready/compare_/compile_repair_output/work/fd649355b568/service-registry/pom.xml to /home/srafi/.m2/repository/org/apache/servicecomb/service-registry-parent/2.9.0-SNAPSHOT/service-registry-parent-2.9.0-SNAPSHOT.pom
[INFO] 
[INFO] ---------------< org.apache.servicecomb:registry-local >----------------
[INFO] Building Java Chassis::Java Chassis::Service Registry::Local 2.9.0-SNAPSHOT [25/26]
[INFO] --------------------------------[ jar ]---------------------------------
[WARNING] The artifact org.slf4j:slf4j-log4j12:jar:1.7.36 has been relocated to org.slf4j:slf4j-reload4j:jar:1.7.36
[INFO] 
[INFO] --- maven-clean-plugin:3.2.0:clean (default-clean) @ registry-local ---
[INFO] 
[INFO] --- maven-remote-resources-plugin:3.0.0:process (process-resource-bundles) @ registry-local ---
[INFO] Skipping remote resources execution.
[INFO] 
[INFO] --- maven-resources-plugin:3.2.0:resources (default-resources) @ registry-local ---
[INFO] Using 'UTF-8' encoding to copy filtered resources.
[INFO] Using 'UTF-8' encoding to copy filtered properties files.
[INFO] Copying 2 resources
[INFO] 
[INFO] --- maven-compiler-plugin:3.10.1:compile (default-compile) @ registry-local ---
[INFO] Changes detected - recompiling the module!
[INFO] Compiling 5 source files to /home/srafi/after-cam-ready/compare_/compile_repair_output/work/fd649355b568/service-registry/registry-local/target/classes
[INFO] 
[INFO] --- maven-resources-plugin:3.2.0:testResources (default-testResources) @ registry-local ---
[INFO] Using 'UTF-8' encoding to copy filtered resources.
[INFO] Using 'UTF-8' encoding to copy filtered properties files.
[INFO] skip non existing resourceDirectory /home/srafi/after-cam-ready/compare_/compile_repair_output/work/fd649355b568/service-registry/registry-local/src/test/resources
[INFO] 
[INFO] --- maven-compiler-plugin:3.10.1:testCompile (default-testCompile) @ registry-local ---
[INFO] No sources to compile
[INFO] 
[INFO] --- maven-surefire-plugin:3.0.0-M8-SNAPSHOT:test (default-test) @ registry-local ---
[INFO] Tests are skipped.
[INFO] 
[INFO] --- maven-jar-plugin:3.3.0:jar (default-jar) @ registry-local ---
[INFO] Building jar: /home/srafi/after-cam-ready/compare_/compile_repair_output/work/fd649355b568/service-registry/registry-local/target/registry-local-2.9.0-SNAPSHOT.jar
[INFO] 
[INFO] --- maven-site-plugin:3.12.1:attach-descriptor (attach-descriptor) @ registry-local ---
[INFO] Skipping because packaging 'jar' is not pom.
[INFO] 
[INFO] >>> maven-source-plugin:3.2.1:jar (attach-sources) > generate-sources @ registry-local >>>
[INFO] 
[INFO] <<< maven-source-plugin:3.2.1:jar (attach-sources) < generate-sources @ registry-local <<<
[INFO] 
[INFO] 
[INFO] --- maven-source-plugin:3.2.1:jar (attach-sources) @ registry-local ---
[INFO] Building jar: /home/srafi/after-cam-ready/compare_/compile_repair_output/work/fd649355b568/service-registry/registry-local/target/registry-local-2.9.0-SNAPSHOT-sources.jar
[INFO] 
[INFO] >>> spotbugs-maven-plugin:4.7.3.0:check (default) > :spotbugs @ registry-local >>>
[INFO] 
[INFO] --- spotbugs-maven-plugin:4.7.3.0:spotbugs (spotbugs) @ registry-local ---
[INFO] 
[INFO] <<< spotbugs-maven-plugin:4.7.3.0:check (default) < :spotbugs @ registry-local <<<
[INFO] 
[INFO] 
[INFO] --- spotbugs-maven-plugin:4.7.3.0:check (default) @ registry-local ---
[INFO] 
[INFO] --- maven-install-plugin:2.5.2:install (default-install) @ registry-local ---
[INFO] Installing /home/srafi/after-cam-ready/compare_/compile_repair_output/work/fd649355b568/service-registry/registry-local/target/registry-local-2.9.0-SNAPSHOT.jar to /home/srafi/.m2/repository/org/apache/servicecomb/registry-local/2.9.0-SNAPSHOT/registry-local-2.9.0-SNAPSHOT.jar
[INFO] Installing /home/srafi/after-cam-ready/compare_/compile_repair_output/work/fd649355b568/service-registry/registry-local/pom.xml to /home/srafi/.m2/repository/org/apache/servicecomb/registry-local/2.9.0-SNAPSHOT/registry-local-2.9.0-SNAPSHOT.pom
[INFO] Installing /home/srafi/after-cam-ready/compare_/compile_repair_output/work/fd649355b568/service-registry/registry-local/target/registry-local-2.9.0-SNAPSHOT-sources.jar to /home/srafi/.m2/repository/org/apache/servicecomb/registry-local/2.9.0-SNAPSHOT/registry-local-2.9.0-SNAPSHOT-sources.jar
[INFO] 
[INFO] -----------------< org.apache.servicecomb:common-rest >-----------------
[INFO] Building Java Chassis::Common::Rest 2.9.0-SNAPSHOT               [26/26]
[INFO] --------------------------------[ jar ]---------------------------------
[WARNING] The artifact org.slf4j:slf4j-log4j12:jar:1.7.36 has been relocated to org.slf4j:slf4j-reload4j:jar:1.7.36
[INFO] 
[INFO] --- maven-clean-plugin:3.2.0:clean (default-clean) @ common-rest ---
[INFO] 
[INFO] --- maven-remote-resources-plugin:3.0.0:process (process-resource-bundles) @ common-rest ---
[INFO] Skipping remote resources execution.
[INFO] 
[INFO] --- maven-resources-plugin:3.2.0:resources (default-resources) @ common-rest ---
[INFO] Using 'UTF-8' encoding to copy filtered resources.
[INFO] Using 'UTF-8' encoding to copy filtered properties files.
[INFO] Copying 6 resources
[INFO] 
[INFO] --- maven-compiler-plugin:3.10.1:compile (default-compile) @ common-rest ---
[INFO] Changes detected - recompiling the module!
[INFO] Compiling 64 source files to /home/srafi/after-cam-ready/compare_/compile_repair_output/work/fd649355b568/common/common-rest/target/classes
[INFO] 
[INFO] --- maven-resources-plugin:3.2.0:testResources (default-testResources) @ common-rest ---
[INFO] Using 'UTF-8' encoding to copy filtered resources.
[INFO] Using 'UTF-8' encoding to copy filtered properties files.
[INFO] Copying 3 resources
[INFO] 
[INFO] --- maven-compiler-plugin:3.10.1:testCompile (default-testCompile) @ common-rest ---
[INFO] Changes detected - recompiling the module!
[INFO] Compiling 52 source files to /home/srafi/after-cam-ready/compare_/compile_repair_output/work/fd649355b568/common/common-rest/target/test-classes
[INFO] 
[INFO] --- maven-surefire-plugin:3.0.0-M8-SNAPSHOT:test (default-test) @ common-rest ---
[INFO] Tests are skipped.
[INFO] 
[INFO] --- maven-jar-plugin:3.3.0:jar (default-jar) @ common-rest ---
[INFO] Building jar: /home/srafi/after-cam-ready/compare_/compile_repair_output/work/fd649355b568/common/common-rest/target/common-rest-2.9.0-SNAPSHOT.jar
[INFO] 
[INFO] --- maven-site-plugin:3.12.1:attach-descriptor (attach-descriptor) @ common-rest ---
[INFO] Skipping because packaging 'jar' is not pom.
[INFO] 
[INFO] >>> maven-source-plugin:3.2.1:jar (attach-sources) > generate-sources @ common-rest >>>
[INFO] 
[INFO] <<< maven-source-plugin:3.2.1:jar (attach-sources) < generate-sources @ common-rest <<<
[INFO] 
[INFO] 
[INFO] --- maven-source-plugin:3.2.1:jar (attach-sources) @ common-rest ---
[INFO] Building jar: /home/srafi/after-cam-ready/compare_/compile_repair_output/work/fd649355b568/common/common-rest/target/common-rest-2.9.0-SNAPSHOT-sources.jar
[INFO] 
[INFO] >>> spotbugs-maven-plugin:4.7.3.0:check (default) > :spotbugs @ common-rest >>>
[INFO] 
[INFO] --- spotbugs-maven-plugin:4.7.3.0:spotbugs (spotbugs) @ common-rest ---
[INFO] 
[INFO] <<< spotbugs-maven-plugin:4.7.3.0:check (default) < :spotbugs @ common-rest <<<
[INFO] 
[INFO] 
[INFO] --- spotbugs-maven-plugin:4.7.3.0:check (default) @ common-rest ---
[INFO] 
[INFO] --- maven-install-plugin:2.5.2:install (default-install) @ common-rest ---
[INFO] Installing /home/srafi/after-cam-ready/compare_/compile_repair_output/work/fd649355b568/common/common-rest/target/common-rest-2.9.0-SNAPSHOT.jar to /home/srafi/.m2/repository/org/apache/servicecomb/common-rest/2.9.0-SNAPSHOT/common-rest-2.9.0-SNAPSHOT.jar
[INFO] Installing /home/srafi/after-cam-ready/compare_/compile_repair_output/work/fd649355b568/common/common-rest/pom.xml to /home/srafi/.m2/repository/org/apache/servicecomb/common-rest/2.9.0-SNAPSHOT/common-rest-2.9.0-SNAPSHOT.pom
[INFO] Installing /home/srafi/after-cam-ready/compare_/compile_repair_output/work/fd649355b568/common/common-rest/target/common-rest-2.9.0-SNAPSHOT-sources.jar to /home/srafi/.m2/repository/org/apache/servicecomb/common-rest/2.9.0-SNAPSHOT/common-rest-2.9.0-SNAPSHOT-sources.jar
[INFO] ------------------------------------------------------------------------
[INFO] Reactor Summary for ServiceComb Java Chassis 2.9.0-SNAPSHOT:
[INFO] 
[INFO] ServiceComb Java Chassis ........................... SUCCESS [  1.148 s]
[INFO] Java Chassis::Dependencies ......................... SUCCESS [  0.010 s]
[INFO] Java Chassis::Dependencies::Default ................ SUCCESS [  0.009 s]
[INFO] Java Chassis::Parent::Default ...................... SUCCESS [  0.087 s]
[INFO] Java Chassis::Foundations .......................... SUCCESS [  0.011 s]
[INFO] Java Chassis::Foundations::SSL ..................... SUCCESS [  3.761 s]
[INFO] Java Chassis::Foundations::Test Scaffolding ........ SUCCESS [  1.147 s]
[INFO] Java Chassis::Foundations::Common .................. SUCCESS [  0.981 s]
[INFO] Java Chassis::Foundations::Config .................. SUCCESS [  0.310 s]
[INFO] Java Chassis::Foundations::SSL ..................... SUCCESS [  0.177 s]
[INFO] Java Chassis::Foundations::Vertx ................... SUCCESS [  0.482 s]
[INFO] Java Chassis::Deployment ........................... SUCCESS [  0.098 s]
[INFO] Java Chassis::Swagger .............................. SUCCESS [  0.010 s]
[INFO] Java Chassis::Swagger::Generator ................... SUCCESS [  0.010 s]
[INFO] Java Chassis::Swagger::Generator::Core ............. SUCCESS [  0.454 s]
[INFO] Java Chassis::Swagger::Generator::Jaxrs ............ SUCCESS [  0.131 s]
[INFO] Java Chassis::Swagger::Generator::Spring MVC ....... SUCCESS [  0.252 s]
[INFO] Java Chassis::Swagger::Invocation .................. SUCCESS [  0.009 s]
[INFO] Java Chassis::Swagger::Invocation::Core ............ SUCCESS [  0.285 s]
[INFO] Java Chassis::Foundations::Registry ................ SUCCESS [  0.222 s]
[INFO] Java Chassis::Governance ........................... SUCCESS [  0.770 s]
[INFO] Java Chassis::Core ................................. SUCCESS [  0.552 s]
[INFO] Java Chassis::Common ............................... SUCCESS [  0.008 s]
[INFO] Java Chassis::Service Registry ..................... SUCCESS [  0.008 s]
[INFO] Java Chassis::Java Chassis::Service Registry::Local  SUCCESS [  0.084 s]
[INFO] Java Chassis::Common::Rest ......................... SUCCESS [  0.430 s]
[INFO] ------------------------------------------------------------------------
[INFO] BUILD SUCCESS
[INFO] ------------------------------------------------------------------------
[INFO] Total time:  12.424 s
[INFO] Finished at: 2026-08-15T16:01:52-04:00
[INFO] ------------------------------------------------------------------------
