JAVA_HOME=/usr/lib/jvm/java-8-openjdk-amd64
COMMAND=mvn -B clean install -DskipTests -U -pl nifi-nar-bundles/nifi-standard-bundle/nifi-standard-processors -am -Ddependency-check.skip=true -Dgpg.skip=true -DfailIfNoTests=false -Dskip.installnodenpm=true -Dskip.npm=true -Dskip.yarn=true -Dlicense.skip=true -Dcheckstyle.skip=true -Drat.skip=true -Denforcer.skip=true -Danimal.sniffer.skip=true -Dmaven.javadoc.skip=true -Dfindbugs.skip=true -Dspotbugs.skip=true -Dwarbucks.skip=true -Dmodernizer.skip=true -Dimpsort.skip=true -Dmdep.analyze.skip=true -Dpgpverify.skip=true -Dxml.skip=true -Dcobertura.skip=true

[INFO] Scanning for projects...
Warning: KebabPizza disabling incompatible org.apache.maven.plugins:maven-enforcer-plugin from nifi
Warning: KebabPizza disabling incompatible org.apache.rat:apache-rat-plugin from nifi
Warning: KebabPizza disabling incompatible org.apache.maven.plugins:maven-enforcer-plugin from nifi-commons
Warning: KebabPizza disabling incompatible org.apache.rat:apache-rat-plugin from nifi-commons
Warning: KebabPizza disabling incompatible org.apache.maven.plugins:maven-enforcer-plugin from nifi-api
Warning: KebabPizza disabling incompatible org.apache.rat:apache-rat-plugin from nifi-api
Warning: KebabPizza disabling incompatible org.apache.maven.plugins:maven-enforcer-plugin from nifi-utils
Warning: KebabPizza disabling incompatible org.apache.rat:apache-rat-plugin from nifi-utils
Warning: KebabPizza disabling incompatible org.apache.maven.plugins:maven-enforcer-plugin from nifi-security-utils-api
Warning: KebabPizza disabling incompatible org.apache.rat:apache-rat-plugin from nifi-security-utils-api
Warning: KebabPizza disabling incompatible org.apache.maven.plugins:maven-enforcer-plugin from nifi-security-kms
Warning: KebabPizza disabling incompatible org.apache.rat:apache-rat-plugin from nifi-security-kms
Warning: KebabPizza disabling incompatible org.apache.maven.plugins:maven-enforcer-plugin from nifi-property-utils
Warning: KebabPizza disabling incompatible org.apache.rat:apache-rat-plugin from nifi-property-utils
Warning: KebabPizza disabling incompatible org.apache.maven.plugins:maven-enforcer-plugin from nifi-properties
Warning: KebabPizza disabling incompatible org.apache.rat:apache-rat-plugin from nifi-properties
Warning: KebabPizza disabling incompatible org.apache.maven.plugins:maven-enforcer-plugin from nifi-security-utils
Warning: KebabPizza disabling incompatible org.apache.rat:apache-rat-plugin from nifi-security-utils
Warning: KebabPizza disabling incompatible org.apache.maven.plugins:maven-enforcer-plugin from nifi-framework-api
Warning: KebabPizza disabling incompatible org.apache.rat:apache-rat-plugin from nifi-framework-api
Warning: KebabPizza disabling incompatible org.apache.maven.plugins:maven-enforcer-plugin from nifi-data-provenance-utils
Warning: KebabPizza disabling incompatible org.apache.rat:apache-rat-plugin from nifi-data-provenance-utils
Warning: KebabPizza disabling incompatible org.apache.maven.plugins:maven-enforcer-plugin from nifi-parameter
Warning: KebabPizza disabling incompatible org.apache.rat:apache-rat-plugin from nifi-parameter
Warning: KebabPizza disabling incompatible org.apache.maven.plugins:maven-enforcer-plugin from nifi-uuid5
Warning: KebabPizza disabling incompatible org.apache.rat:apache-rat-plugin from nifi-uuid5
Warning: KebabPizza disabling incompatible org.apache.maven.plugins:maven-enforcer-plugin from nifi-expression-language
Warning: KebabPizza disabling incompatible org.apache.rat:apache-rat-plugin from nifi-expression-language
Warning: KebabPizza disabling incompatible org.apache.maven.plugins:maven-enforcer-plugin from nifi-flowfile-packager
Warning: KebabPizza disabling incompatible org.apache.rat:apache-rat-plugin from nifi-flowfile-packager
Warning: KebabPizza disabling incompatible org.apache.maven.plugins:maven-enforcer-plugin from nifi-logging-utils
Warning: KebabPizza disabling incompatible org.apache.rat:apache-rat-plugin from nifi-logging-utils
Warning: KebabPizza disabling incompatible org.apache.maven.plugins:maven-enforcer-plugin from nifi-record
Warning: KebabPizza disabling incompatible org.apache.rat:apache-rat-plugin from nifi-record
Warning: KebabPizza disabling incompatible org.apache.maven.plugins:maven-enforcer-plugin from nifi-record-path
Warning: KebabPizza disabling incompatible org.apache.rat:apache-rat-plugin from nifi-record-path
Warning: KebabPizza disabling incompatible org.apache.maven.plugins:maven-enforcer-plugin from nifi-security-socket-ssl
Warning: KebabPizza disabling incompatible org.apache.rat:apache-rat-plugin from nifi-security-socket-ssl
Warning: KebabPizza disabling incompatible org.apache.maven.plugins:maven-enforcer-plugin from nifi-registry
Warning: KebabPizza disabling incompatible org.apache.rat:apache-rat-plugin from nifi-registry
Warning: KebabPizza disabling incompatible org.apache.maven.plugins:maven-enforcer-plugin from nifi-registry-core
Warning: KebabPizza disabling incompatible org.apache.rat:apache-rat-plugin from nifi-registry-core
Warning: KebabPizza disabling incompatible org.apache.maven.plugins:maven-enforcer-plugin from nifi-registry-revision
Warning: KebabPizza disabling incompatible org.apache.rat:apache-rat-plugin from nifi-registry-revision
Warning: KebabPizza disabling incompatible org.apache.maven.plugins:maven-enforcer-plugin from nifi-registry-revision-entity-model
Warning: KebabPizza disabling incompatible org.apache.rat:apache-rat-plugin from nifi-registry-revision-entity-model
Warning: KebabPizza disabling incompatible org.apache.maven.plugins:maven-enforcer-plugin from nifi-registry-data-model
Warning: KebabPizza disabling incompatible org.apache.rat:apache-rat-plugin from nifi-registry-data-model
Warning: KebabPizza disabling incompatible org.apache.maven.plugins:maven-enforcer-plugin from nifi-nar-bundles
Warning: KebabPizza disabling incompatible org.apache.rat:apache-rat-plugin from nifi-nar-bundles
Warning: KebabPizza disabling incompatible org.apache.maven.plugins:maven-enforcer-plugin from nifi-framework-bundle
Warning: KebabPizza disabling incompatible org.apache.rat:apache-rat-plugin from nifi-framework-bundle
Warning: KebabPizza disabling incompatible org.apache.maven.plugins:maven-enforcer-plugin from nifi-framework
Warning: KebabPizza disabling incompatible org.apache.rat:apache-rat-plugin from nifi-framework
Warning: KebabPizza disabling incompatible org.apache.maven.plugins:maven-enforcer-plugin from nifi-client-dto
Warning: KebabPizza disabling incompatible org.apache.rat:apache-rat-plugin from nifi-client-dto
Warning: KebabPizza disabling incompatible org.apache.maven.plugins:maven-enforcer-plugin from nifi-site-to-site-client
Warning: KebabPizza disabling incompatible org.apache.rat:apache-rat-plugin from nifi-site-to-site-client
Warning: KebabPizza disabling incompatible org.apache.maven.plugins:maven-enforcer-plugin from nifi-socket-utils
Warning: KebabPizza disabling incompatible org.apache.rat:apache-rat-plugin from nifi-socket-utils
Warning: KebabPizza disabling incompatible org.apache.maven.plugins:maven-enforcer-plugin from nifi-server-api
Warning: KebabPizza disabling incompatible org.apache.rat:apache-rat-plugin from nifi-server-api
Warning: KebabPizza disabling incompatible org.apache.maven.plugins:maven-enforcer-plugin from nifi-nar-utils
Warning: KebabPizza disabling incompatible org.apache.rat:apache-rat-plugin from nifi-nar-utils
Warning: KebabPizza disabling incompatible org.apache.maven.plugins:maven-enforcer-plugin from nifi-framework-nar-utils
Warning: KebabPizza disabling incompatible org.apache.rat:apache-rat-plugin from nifi-framework-nar-utils
Warning: KebabPizza disabling incompatible org.apache.maven.plugins:maven-enforcer-plugin from nifi-mock-authorizer
Warning: KebabPizza disabling incompatible org.apache.rat:apache-rat-plugin from nifi-mock-authorizer
Warning: KebabPizza disabling incompatible org.apache.maven.plugins:maven-enforcer-plugin from nifi-framework-authorization
Warning: KebabPizza disabling incompatible org.apache.rat:apache-rat-plugin from nifi-framework-authorization
Warning: KebabPizza disabling incompatible org.apache.maven.plugins:maven-enforcer-plugin from nifi-registry-security-utils
Warning: KebabPizza disabling incompatible org.apache.rat:apache-rat-plugin from nifi-registry-security-utils
Warning: KebabPizza disabling incompatible org.apache.maven.plugins:maven-enforcer-plugin from nifi-registry-client
Warning: KebabPizza disabling incompatible org.apache.rat:apache-rat-plugin from nifi-registry-client
Warning: KebabPizza disabling incompatible org.apache.maven.plugins:maven-enforcer-plugin from nifi-framework-core-api
Warning: KebabPizza disabling incompatible org.apache.rat:apache-rat-plugin from nifi-framework-core-api
Warning: KebabPizza disabling incompatible org.apache.maven.plugins:maven-enforcer-plugin from nifi-mock
Warning: KebabPizza disabling incompatible org.apache.rat:apache-rat-plugin from nifi-mock
Warning: KebabPizza disabling incompatible org.apache.maven.plugins:maven-enforcer-plugin from nifi-extension-utils
Warning: KebabPizza disabling incompatible org.apache.rat:apache-rat-plugin from nifi-extension-utils
Warning: KebabPizza disabling incompatible org.apache.maven.plugins:maven-enforcer-plugin from nifi-standard-prioritizers
Warning: KebabPizza disabling incompatible org.apache.rat:apache-rat-plugin from nifi-standard-prioritizers
Warning: KebabPizza disabling incompatible org.apache.maven.plugins:maven-enforcer-plugin from nifi-standard-services
Warning: KebabPizza disabling incompatible org.apache.rat:apache-rat-plugin from nifi-standard-services
Warning: KebabPizza disabling incompatible org.apache.maven.plugins:maven-enforcer-plugin from nifi-distributed-cache-client-service-api
Warning: KebabPizza disabling incompatible org.apache.rat:apache-rat-plugin from nifi-distributed-cache-client-service-api
Warning: KebabPizza disabling incompatible org.apache.maven.plugins:maven-enforcer-plugin from nifi-record-serialization-service-api
Warning: KebabPizza disabling incompatible org.apache.rat:apache-rat-plugin from nifi-record-serialization-service-api
Warning: KebabPizza disabling incompatible org.apache.maven.plugins:maven-enforcer-plugin from nifi-ssl-context-service-api
Warning: KebabPizza disabling incompatible org.apache.rat:apache-rat-plugin from nifi-ssl-context-service-api
Warning: KebabPizza disabling incompatible org.apache.maven.plugins:maven-enforcer-plugin from nifi-load-distribution-service-api
Warning: KebabPizza disabling incompatible org.apache.rat:apache-rat-plugin from nifi-load-distribution-service-api
Warning: KebabPizza disabling incompatible org.apache.maven.plugins:maven-enforcer-plugin from nifi-http-context-map-api
Warning: KebabPizza disabling incompatible org.apache.rat:apache-rat-plugin from nifi-http-context-map-api
Warning: KebabPizza disabling incompatible org.apache.maven.plugins:maven-enforcer-plugin from nifi-dbcp-service-api
Warning: KebabPizza disabling incompatible org.apache.rat:apache-rat-plugin from nifi-dbcp-service-api
Warning: KebabPizza disabling incompatible org.apache.maven.plugins:maven-enforcer-plugin from nifi-schema-registry-service-api
Warning: KebabPizza disabling incompatible org.apache.rat:apache-rat-plugin from nifi-schema-registry-service-api
Warning: KebabPizza disabling incompatible org.apache.maven.plugins:maven-enforcer-plugin from nifi-lookup-service-api
Warning: KebabPizza disabling incompatible org.apache.rat:apache-rat-plugin from nifi-lookup-service-api
Warning: KebabPizza disabling incompatible org.apache.maven.plugins:maven-enforcer-plugin from nifi-proxy-configuration-api
Warning: KebabPizza disabling incompatible org.apache.rat:apache-rat-plugin from nifi-proxy-configuration-api
Warning: KebabPizza disabling incompatible org.apache.maven.plugins:maven-enforcer-plugin from nifi-record-sink-api
Warning: KebabPizza disabling incompatible org.apache.rat:apache-rat-plugin from nifi-record-sink-api
Warning: KebabPizza disabling incompatible org.apache.maven.plugins:maven-enforcer-plugin from nifi-record-utils
Warning: KebabPizza disabling incompatible org.apache.rat:apache-rat-plugin from nifi-record-utils
Warning: KebabPizza disabling incompatible org.apache.maven.plugins:maven-enforcer-plugin from nifi-standard-record-utils
Warning: KebabPizza disabling incompatible org.apache.rat:apache-rat-plugin from nifi-standard-record-utils
Warning: KebabPizza disabling incompatible org.apache.maven.plugins:maven-enforcer-plugin from nifi-avro-record-utils
Warning: KebabPizza disabling incompatible org.apache.rat:apache-rat-plugin from nifi-avro-record-utils
Warning: KebabPizza disabling incompatible org.apache.maven.plugins:maven-enforcer-plugin from nifi-mock-record-utils
Warning: KebabPizza disabling incompatible org.apache.rat:apache-rat-plugin from nifi-mock-record-utils
Warning: KebabPizza disabling incompatible org.apache.maven.plugins:maven-enforcer-plugin from nifi-event-transport
Warning: KebabPizza disabling incompatible org.apache.rat:apache-rat-plugin from nifi-event-transport
Warning: KebabPizza disabling incompatible org.apache.maven.plugins:maven-enforcer-plugin from nifi-processor-utils
Warning: KebabPizza disabling incompatible org.apache.rat:apache-rat-plugin from nifi-processor-utils
Warning: KebabPizza disabling incompatible org.apache.maven.plugins:maven-enforcer-plugin from nifi-syslog-utils
Warning: KebabPizza disabling incompatible org.apache.rat:apache-rat-plugin from nifi-syslog-utils
Warning: KebabPizza disabling incompatible org.apache.maven.plugins:maven-enforcer-plugin from nifi-distributed-cache-services-bundle
Warning: KebabPizza disabling incompatible org.apache.rat:apache-rat-plugin from nifi-distributed-cache-services-bundle
Warning: KebabPizza disabling incompatible org.apache.maven.plugins:maven-enforcer-plugin from nifi-distributed-cache-protocol
Warning: KebabPizza disabling incompatible org.apache.rat:apache-rat-plugin from nifi-distributed-cache-protocol
Warning: KebabPizza disabling incompatible org.apache.maven.plugins:maven-enforcer-plugin from nifi-distributed-cache-client-service
Warning: KebabPizza disabling incompatible org.apache.rat:apache-rat-plugin from nifi-distributed-cache-client-service
Warning: KebabPizza disabling incompatible org.apache.maven.plugins:maven-enforcer-plugin from nifi-ssl-context-bundle
Warning: KebabPizza disabling incompatible org.apache.rat:apache-rat-plugin from nifi-ssl-context-bundle
Warning: KebabPizza disabling incompatible org.apache.maven.plugins:maven-enforcer-plugin from nifi-ssl-context-service
Warning: KebabPizza disabling incompatible org.apache.rat:apache-rat-plugin from nifi-ssl-context-service
Warning: KebabPizza disabling incompatible org.apache.maven.plugins:maven-enforcer-plugin from nifi-record-serialization-services-bundle
Warning: KebabPizza disabling incompatible org.apache.rat:apache-rat-plugin from nifi-record-serialization-services-bundle
Warning: KebabPizza disabling incompatible org.apache.maven.plugins:maven-enforcer-plugin from nifi-record-serialization-services
Warning: KebabPizza disabling incompatible org.apache.rat:apache-rat-plugin from nifi-record-serialization-services
Warning: KebabPizza disabling incompatible org.apache.maven.plugins:maven-enforcer-plugin from nifi-database-utils
Warning: KebabPizza disabling incompatible org.apache.rat:apache-rat-plugin from nifi-database-utils
Warning: KebabPizza disabling incompatible org.apache.maven.plugins:maven-enforcer-plugin from nifi-standard-bundle
Warning: KebabPizza disabling incompatible org.apache.rat:apache-rat-plugin from nifi-standard-bundle
Warning: KebabPizza disabling incompatible org.apache.maven.plugins:maven-enforcer-plugin from nifi-standard-web-test-utils
Warning: KebabPizza disabling incompatible org.apache.rat:apache-rat-plugin from nifi-standard-web-test-utils
Warning: KebabPizza disabling incompatible org.apache.maven.plugins:maven-enforcer-plugin from nifi-lookup-services-bundle
Warning: KebabPizza disabling incompatible org.apache.rat:apache-rat-plugin from nifi-lookup-services-bundle
Warning: KebabPizza disabling incompatible org.apache.maven.plugins:maven-enforcer-plugin from nifi-lookup-services
Warning: KebabPizza disabling incompatible org.apache.rat:apache-rat-plugin from nifi-lookup-services
Warning: KebabPizza disabling incompatible org.apache.maven.plugins:maven-enforcer-plugin from nifi-standard-utils
Warning: KebabPizza disabling incompatible org.apache.rat:apache-rat-plugin from nifi-standard-utils
Warning: KebabPizza disabling incompatible org.apache.maven.plugins:maven-enforcer-plugin from nifi-database-test-utils
Warning: KebabPizza disabling incompatible org.apache.rat:apache-rat-plugin from nifi-database-test-utils
Warning: KebabPizza disabling incompatible org.apache.maven.plugins:maven-enforcer-plugin from nifi-standard-processors
Warning: KebabPizza disabling incompatible org.apache.rat:apache-rat-plugin from nifi-standard-processors
[INFO] Inspecting build with total of 74 modules...
[INFO] Installing Nexus Staging features:
[INFO]   ... total of 74 executions of maven-deploy-plugin replaced with nexus-staging-maven-plugin
[INFO] ------------------------------------------------------------------------
[INFO] Reactor Build Order:
[INFO] 
[INFO] nifi                                                               [pom]
[INFO] nifi-commons                                                       [pom]
[INFO] nifi-api                                                           [jar]
[INFO] nifi-utils                                                         [jar]
[INFO] nifi-security-utils-api                                            [jar]
[INFO] nifi-security-kms                                                  [jar]
[INFO] nifi-property-utils                                                [jar]
[INFO] nifi-properties                                                    [jar]
[INFO] nifi-security-utils                                                [jar]
[INFO] nifi-framework-api                                                 [jar]
[INFO] nifi-data-provenance-utils                                         [jar]
[INFO] nifi-parameter                                                     [jar]
[INFO] nifi-uuid5                                                         [jar]
[INFO] nifi-expression-language                                           [jar]
[INFO] nifi-flowfile-packager                                             [jar]
[INFO] nifi-logging-utils                                                 [jar]
[INFO] nifi-record                                                        [jar]
[INFO] nifi-record-path                                                   [jar]
[INFO] nifi-security-socket-ssl                                           [jar]
[INFO] nifi-registry                                                      [pom]
[INFO] nifi-registry-core                                                 [pom]
[INFO] nifi-registry-revision                                             [pom]
[INFO] nifi-registry-revision-entity-model                                [jar]
[INFO] nifi-registry-data-model                                           [jar]
[INFO] nifi-nar-bundles                                                   [pom]
[INFO] nifi-framework-bundle                                              [pom]
[INFO] nifi-framework                                                     [pom]
[INFO] nifi-client-dto                                                    [jar]
[INFO] nifi-site-to-site-client                                           [jar]
[INFO] nifi-socket-utils                                                  [jar]
[INFO] nifi-server-api                                                    [jar]
[INFO] nifi-nar-utils                                                     [jar]
[INFO] nifi-framework-nar-utils                                           [jar]
[INFO] nifi-mock-authorizer                                               [jar]
[INFO] nifi-framework-authorization                                       [jar]
[INFO] nifi-registry-security-utils                                       [jar]
[INFO] nifi-registry-client                                               [jar]
[INFO] nifi-framework-core-api                                            [jar]
[INFO] nifi-mock                                                          [jar]
[INFO] nifi-extension-utils                                               [pom]
[INFO] nifi-standard-prioritizers                                         [jar]
[INFO] nifi-standard-services                                             [pom]
[INFO] nifi-distributed-cache-client-service-api                          [jar]
[INFO] nifi-record-serialization-service-api                              [jar]
[INFO] nifi-ssl-context-service-api                                       [jar]
[INFO] nifi-load-distribution-service-api                                 [jar]
[INFO] nifi-http-context-map-api                                          [jar]
[INFO] nifi-dbcp-service-api                                              [jar]
[INFO] nifi-schema-registry-service-api                                   [jar]
[INFO] nifi-lookup-service-api                                            [jar]
[INFO] nifi-proxy-configuration-api                                       [jar]
[INFO] nifi-record-sink-api                                               [jar]
[INFO] nifi-record-utils                                                  [pom]
[INFO] nifi-standard-record-utils                                         [jar]
[INFO] nifi-avro-record-utils                                             [jar]
[INFO] nifi-mock-record-utils                                             [jar]
[INFO] nifi-event-transport                                               [jar]
[INFO] nifi-processor-utils                                               [jar]
[INFO] nifi-syslog-utils                                                  [jar]
[INFO] nifi-distributed-cache-services-bundle                             [pom]
[INFO] nifi-distributed-cache-protocol                                    [jar]
[INFO] nifi-distributed-cache-client-service                              [jar]
[INFO] nifi-ssl-context-bundle                                            [pom]
[INFO] nifi-ssl-context-service                                           [jar]
[INFO] nifi-record-serialization-services-bundle                          [pom]
[INFO] nifi-record-serialization-services                                 [jar]
[INFO] nifi-database-utils                                                [jar]
[INFO] nifi-standard-bundle                                               [pom]
[INFO] nifi-standard-web-test-utils                                       [jar]
[INFO] nifi-lookup-services-bundle                                        [pom]
[INFO] nifi-lookup-services                                               [jar]
[INFO] nifi-standard-utils                                                [jar]
[INFO] nifi-database-test-utils                                           [jar]
[INFO] nifi-standard-processors                                           [jar]
[INFO] 
[INFO] ------------------------< org.apache.nifi:nifi >------------------------
[INFO] Building nifi 1.15.0-SNAPSHOT                                     [1/74]
[INFO] --------------------------------[ pom ]---------------------------------
[INFO] 
[INFO] --- maven-clean-plugin:3.1.0:clean (default-clean) @ nifi ---
[INFO] 
[INFO] --- maven-remote-resources-plugin:1.7.0:process (process-resource-bundles) @ nifi ---
[INFO] Preparing remote bundle org.apache:apache-jar-resource-bundle:1.4
[INFO] Copying 3 resources from 1 bundle.
[INFO] 
[INFO] --- maven-compiler-plugin:3.8.1:testCompile (groovy-tests) @ nifi ---
[INFO] No sources to compile
[INFO] 
[INFO] --- maven-site-plugin:3.7.1:attach-descriptor (attach-descriptor) @ nifi ---
[INFO] No site descriptor found: nothing to attach.
[INFO] 
[INFO] --- maven-install-plugin:2.5.2:install (default-install) @ nifi ---
[INFO] Installing /home/srafi/after-cam-ready/compare_/compile_repair_output/work/6365a984e536/pom.xml to /home/srafi/.m2/repository/org/apache/nifi/nifi/1.15.0-SNAPSHOT/nifi-1.15.0-SNAPSHOT.pom
[INFO] 
[INFO] --------------------< org.apache.nifi:nifi-commons >--------------------
[INFO] Building nifi-commons 1.15.0-SNAPSHOT                             [2/74]
[INFO] --------------------------------[ pom ]---------------------------------
[INFO] 
[INFO] --- maven-clean-plugin:3.1.0:clean (default-clean) @ nifi-commons ---
[INFO] 
[INFO] --- maven-remote-resources-plugin:1.7.0:process (process-resource-bundles) @ nifi-commons ---
[INFO] Preparing remote bundle org.apache:apache-jar-resource-bundle:1.4
[INFO] Copying 3 resources from 1 bundle.
[INFO] 
[INFO] --- maven-compiler-plugin:3.8.1:testCompile (groovy-tests) @ nifi-commons ---
[INFO] No sources to compile
[INFO] 
[INFO] --- maven-site-plugin:3.7.1:attach-descriptor (attach-descriptor) @ nifi-commons ---
[INFO] No site descriptor found: nothing to attach.
[INFO] 
[INFO] --- maven-install-plugin:2.5.2:install (default-install) @ nifi-commons ---
[INFO] Installing /home/srafi/after-cam-ready/compare_/compile_repair_output/work/6365a984e536/nifi-commons/pom.xml to /home/srafi/.m2/repository/org/apache/nifi/nifi-commons/1.15.0-SNAPSHOT/nifi-commons-1.15.0-SNAPSHOT.pom
[INFO] 
[INFO] ----------------------< org.apache.nifi:nifi-api >----------------------
[INFO] Building nifi-api 1.15.0-SNAPSHOT                                 [3/74]
[INFO] --------------------------------[ jar ]---------------------------------
[INFO] Downloading from apache.snapshots: https://repository.apache.org/snapshots/org/apache/maven/plugins/maven-surefire-plugin/3.0.0-M8-SNAPSHOT/maven-metadata.xml
[INFO] Downloading from apache.snapshots: https://repository.apache.org/snapshots/org/apache/maven/surefire/surefire/3.0.0-M8-SNAPSHOT/maven-metadata.xml
[INFO] 
[INFO] --- maven-clean-plugin:3.1.0:clean (default-clean) @ nifi-api ---
[INFO] 
[INFO] --- maven-remote-resources-plugin:1.7.0:process (process-resource-bundles) @ nifi-api ---
[INFO] Preparing remote bundle org.apache:apache-jar-resource-bundle:1.4
[INFO] Copying 3 resources from 1 bundle.
[INFO] 
[INFO] --- maven-resources-plugin:3.1.0:resources (default-resources) @ nifi-api ---
[INFO] Using 'UTF-8' encoding to copy filtered resources.
[INFO] skip non existing resourceDirectory /home/srafi/after-cam-ready/compare_/compile_repair_output/work/6365a984e536/nifi-api/src/main/resources
[INFO] Copying 3 resources
[INFO] 
[INFO] --- maven-compiler-plugin:3.8.1:compile (default-compile) @ nifi-api ---
[INFO] Changes detected - recompiling the module!
[INFO] Compiling 196 source files to /home/srafi/after-cam-ready/compare_/compile_repair_output/work/6365a984e536/nifi-api/target/classes
[WARNING] /home/srafi/after-cam-ready/compare_/compile_repair_output/work/6365a984e536/nifi-api/src/main/java/org/apache/nifi/documentation/xml/XmlDocumentationWriter.java:[249,67] [deprecation] supportsExpressionLanguage() in DynamicProperty has been deprecated
[INFO] 
[INFO] --- maven-resources-plugin:3.1.0:testResources (default-testResources) @ nifi-api ---
[INFO] Using 'UTF-8' encoding to copy filtered resources.
[INFO] Copying 1 resource
[INFO] Copying 3 resources
[INFO] 
[INFO] --- maven-compiler-plugin:3.8.1:testCompile (default-testCompile) @ nifi-api ---
[INFO] Changes detected - recompiling the module!
[INFO] Compiling 5 source files to /home/srafi/after-cam-ready/compare_/compile_repair_output/work/6365a984e536/nifi-api/target/test-classes
[INFO] 
[INFO] --- maven-compiler-plugin:3.8.1:testCompile (groovy-tests) @ nifi-api ---
[INFO] Changes detected - recompiling the module!
[INFO] Nothing to compile - all classes are up to date
[INFO] 
[INFO] --- maven-surefire-plugin:3.0.0-M8-SNAPSHOT:test (default-test) @ nifi-api ---
[INFO] Downloading from apache.snapshots: https://repository.apache.org/snapshots/org/apache/maven/surefire/maven-surefire-common/3.0.0-M8-SNAPSHOT/maven-metadata.xml
[INFO] Downloading from apache.snapshots: https://repository.apache.org/snapshots/org/apache/maven/surefire/surefire-api/3.0.0-M8-SNAPSHOT/maven-metadata.xml
[INFO] Downloading from apache.snapshots: https://repository.apache.org/snapshots/org/apache/maven/surefire/surefire-logger-api/3.0.0-M8-SNAPSHOT/maven-metadata.xml
[INFO] Downloading from apache.snapshots: https://repository.apache.org/snapshots/org/apache/maven/surefire/surefire-shared-utils/3.0.0-M8-SNAPSHOT/maven-metadata.xml
[INFO] Downloading from apache.snapshots: https://repository.apache.org/snapshots/org/apache/maven/surefire/surefire-extensions-api/3.0.0-M8-SNAPSHOT/maven-metadata.xml
[INFO] Downloading from apache.snapshots: https://repository.apache.org/snapshots/org/apache/maven/surefire/surefire-booter/3.0.0-M8-SNAPSHOT/maven-metadata.xml
[INFO] Downloading from apache.snapshots: https://repository.apache.org/snapshots/org/apache/maven/surefire/surefire-extensions-spi/3.0.0-M8-SNAPSHOT/maven-metadata.xml
[INFO] Tests are skipped.
[INFO] 
[INFO] --- maven-jar-plugin:3.2.0:jar (default-jar) @ nifi-api ---
[INFO] Building jar: /home/srafi/after-cam-ready/compare_/compile_repair_output/work/6365a984e536/nifi-api/target/nifi-api-1.15.0-SNAPSHOT.jar
[INFO] 
[INFO] --- maven-site-plugin:3.7.1:attach-descriptor (attach-descriptor) @ nifi-api ---
[INFO] Skipping because packaging 'jar' is not pom.
[INFO] 
[INFO] --- maven-install-plugin:2.5.2:install (default-install) @ nifi-api ---
[INFO] Installing /home/srafi/after-cam-ready/compare_/compile_repair_output/work/6365a984e536/nifi-api/target/nifi-api-1.15.0-SNAPSHOT.jar to /home/srafi/.m2/repository/org/apache/nifi/nifi-api/1.15.0-SNAPSHOT/nifi-api-1.15.0-SNAPSHOT.jar
[INFO] Installing /home/srafi/after-cam-ready/compare_/compile_repair_output/work/6365a984e536/nifi-api/pom.xml to /home/srafi/.m2/repository/org/apache/nifi/nifi-api/1.15.0-SNAPSHOT/nifi-api-1.15.0-SNAPSHOT.pom
[INFO] 
[INFO] ---------------------< org.apache.nifi:nifi-utils >---------------------
[INFO] Building nifi-utils 1.15.0-SNAPSHOT                               [4/74]
[INFO] --------------------------------[ jar ]---------------------------------
[INFO] 
[INFO] --- maven-clean-plugin:3.1.0:clean (default-clean) @ nifi-utils ---
[INFO] 
[INFO] --- maven-remote-resources-plugin:1.7.0:process (process-resource-bundles) @ nifi-utils ---
[INFO] Preparing remote bundle org.apache:apache-jar-resource-bundle:1.4
[INFO] Copying 3 resources from 1 bundle.
[INFO] 
[INFO] --- maven-resources-plugin:3.1.0:resources (default-resources) @ nifi-utils ---
[INFO] Using 'UTF-8' encoding to copy filtered resources.
[INFO] skip non existing resourceDirectory /home/srafi/after-cam-ready/compare_/compile_repair_output/work/6365a984e536/nifi-commons/nifi-utils/src/main/resources
[INFO] Copying 3 resources
[INFO] 
[INFO] --- maven-compiler-plugin:3.8.1:compile (default-compile) @ nifi-utils ---
[INFO] Changes detected - recompiling the module!
[INFO] Compiling 89 source files to /home/srafi/after-cam-ready/compare_/compile_repair_output/work/6365a984e536/nifi-commons/nifi-utils/target/classes
[WARNING] /home/srafi/after-cam-ready/compare_/compile_repair_output/work/6365a984e536/nifi-commons/nifi-utils/src/main/java/org/apache/nifi/processor/util/StandardValidators.java:[842,46] [deprecation] getTimeDuration(String,TimeUnit) in FormatUtils has been deprecated
[INFO] 
[INFO] --- maven-resources-plugin:3.1.0:testResources (default-testResources) @ nifi-utils ---
[INFO] Using 'UTF-8' encoding to copy filtered resources.
[INFO] Copying 3 resources
[INFO] Copying 3 resources
[INFO] 
[INFO] --- maven-compiler-plugin:3.8.1:testCompile (default-testCompile) @ nifi-utils ---
[INFO] Changes detected - recompiling the module!
[INFO] Compiling 20 source files to /home/srafi/after-cam-ready/compare_/compile_repair_output/work/6365a984e536/nifi-commons/nifi-utils/target/test-classes
[WARNING] /home/srafi/after-cam-ready/compare_/compile_repair_output/work/6365a984e536/nifi-commons/nifi-utils/src/test/java/org/apache/nifi/util/validator/TestStandardValidators.java:[471,42] [deprecation] createURLorFileValidator() in StandardValidators has been deprecated
[WARNING] /home/srafi/after-cam-ready/compare_/compile_repair_output/work/6365a984e536/nifi-commons/nifi-utils/src/test/java/org/apache/nifi/util/validator/TestStandardValidators.java:[501,42] [deprecation] ISO8061_INSTANT_VALIDATOR in StandardValidators has been deprecated
[WARNING] /home/srafi/after-cam-ready/compare_/compile_repair_output/work/6365a984e536/nifi-commons/nifi-utils/src/test/java/org/apache/nifi/processor/TestFormatUtils.java:[31,35] [deprecation] getTimeDuration(String,TimeUnit) in FormatUtils has been deprecated
[WARNING] /home/srafi/after-cam-ready/compare_/compile_repair_output/work/6365a984e536/nifi-commons/nifi-utils/src/test/java/org/apache/nifi/processor/TestFormatUtils.java:[32,38] [deprecation] getTimeDuration(String,TimeUnit) in FormatUtils has been deprecated
[WARNING] /home/srafi/after-cam-ready/compare_/compile_repair_output/work/6365a984e536/nifi-commons/nifi-utils/src/test/java/org/apache/nifi/processor/TestFormatUtils.java:[33,35] [deprecation] getTimeDuration(String,TimeUnit) in FormatUtils has been deprecated
[WARNING] /home/srafi/after-cam-ready/compare_/compile_repair_output/work/6365a984e536/nifi-commons/nifi-utils/src/test/java/org/apache/nifi/processor/TestFormatUtils.java:[34,68] [deprecation] getTimeDuration(String,TimeUnit) in FormatUtils has been deprecated
[WARNING] /home/srafi/after-cam-ready/compare_/compile_repair_output/work/6365a984e536/nifi-commons/nifi-utils/src/test/java/org/apache/nifi/processor/TestFormatUtils.java:[35,36] [deprecation] getTimeDuration(String,TimeUnit) in FormatUtils has been deprecated
[WARNING] /home/srafi/after-cam-ready/compare_/compile_repair_output/work/6365a984e536/nifi-commons/nifi-utils/src/test/java/org/apache/nifi/processor/TestFormatUtils.java:[36,36] [deprecation] getTimeDuration(String,TimeUnit) in FormatUtils has been deprecated
[WARNING] /home/srafi/after-cam-ready/compare_/compile_repair_output/work/6365a984e536/nifi-commons/nifi-utils/src/test/java/org/apache/nifi/processor/TestFormatUtils.java:[37,36] [deprecation] getTimeDuration(String,TimeUnit) in FormatUtils has been deprecated
[INFO] 
[INFO] --- maven-compiler-plugin:3.8.1:testCompile (groovy-tests) @ nifi-utils ---
[INFO] Changes detected - recompiling the module!
[INFO] Using Groovy-Eclipse compiler to compile both Java and Groovy files
[INFO] Compiling in a forked process using /home/srafi/.m2/repository/org/codehaus/groovy/groovy-eclipse-batch/2.5.14-01/groovy-eclipse-batch-2.5.14-01.jar
[INFO] 
[INFO] --- maven-surefire-plugin:3.0.0-M8-SNAPSHOT:test (default-test) @ nifi-utils ---
[INFO] Tests are skipped.
[INFO] 
[INFO] --- maven-jar-plugin:3.2.0:jar (default-jar) @ nifi-utils ---
[INFO] Building jar: /home/srafi/after-cam-ready/compare_/compile_repair_output/work/6365a984e536/nifi-commons/nifi-utils/target/nifi-utils-1.15.0-SNAPSHOT.jar
[INFO] 
[INFO] --- maven-site-plugin:3.7.1:attach-descriptor (attach-descriptor) @ nifi-utils ---
[INFO] Skipping because packaging 'jar' is not pom.
[INFO] 
[INFO] --- maven-install-plugin:2.5.2:install (default-install) @ nifi-utils ---
[INFO] Installing /home/srafi/after-cam-ready/compare_/compile_repair_output/work/6365a984e536/nifi-commons/nifi-utils/target/nifi-utils-1.15.0-SNAPSHOT.jar to /home/srafi/.m2/repository/org/apache/nifi/nifi-utils/1.15.0-SNAPSHOT/nifi-utils-1.15.0-SNAPSHOT.jar
[INFO] Installing /home/srafi/after-cam-ready/compare_/compile_repair_output/work/6365a984e536/nifi-commons/nifi-utils/pom.xml to /home/srafi/.m2/repository/org/apache/nifi/nifi-utils/1.15.0-SNAPSHOT/nifi-utils-1.15.0-SNAPSHOT.pom
[INFO] 
[INFO] --------------< org.apache.nifi:nifi-security-utils-api >---------------
[INFO] Building nifi-security-utils-api 1.15.0-SNAPSHOT                  [5/74]
[INFO] --------------------------------[ jar ]---------------------------------
[INFO] 
[INFO] --- maven-clean-plugin:3.1.0:clean (default-clean) @ nifi-security-utils-api ---
[INFO] 
[INFO] --- maven-remote-resources-plugin:1.7.0:process (process-resource-bundles) @ nifi-security-utils-api ---
[INFO] Preparing remote bundle org.apache:apache-jar-resource-bundle:1.4
[INFO] Copying 3 resources from 1 bundle.
[INFO] 
[INFO] --- maven-resources-plugin:3.1.0:resources (default-resources) @ nifi-security-utils-api ---
[INFO] Using 'UTF-8' encoding to copy filtered resources.
[INFO] skip non existing resourceDirectory /home/srafi/after-cam-ready/compare_/compile_repair_output/work/6365a984e536/nifi-commons/nifi-security-utils-api/src/main/resources
[INFO] Copying 3 resources
[INFO] 
[INFO] --- maven-compiler-plugin:3.8.1:compile (default-compile) @ nifi-security-utils-api ---
[INFO] Changes detected - recompiling the module!
[INFO] Compiling 5 source files to /home/srafi/after-cam-ready/compare_/compile_repair_output/work/6365a984e536/nifi-commons/nifi-security-utils-api/target/classes
[INFO] 
[INFO] --- maven-resources-plugin:3.1.0:testResources (default-testResources) @ nifi-security-utils-api ---
[INFO] Using 'UTF-8' encoding to copy filtered resources.
[INFO] skip non existing resourceDirectory /home/srafi/after-cam-ready/compare_/compile_repair_output/work/6365a984e536/nifi-commons/nifi-security-utils-api/src/test/resources
[INFO] Copying 3 resources
[INFO] 
[INFO] --- maven-compiler-plugin:3.8.1:testCompile (default-testCompile) @ nifi-security-utils-api ---
[INFO] Changes detected - recompiling the module!
[INFO] Compiling 1 source file to /home/srafi/after-cam-ready/compare_/compile_repair_output/work/6365a984e536/nifi-commons/nifi-security-utils-api/target/test-classes
[INFO] 
[INFO] --- maven-compiler-plugin:3.8.1:testCompile (groovy-tests) @ nifi-security-utils-api ---
[INFO] Changes detected - recompiling the module!
[INFO] Using Groovy-Eclipse compiler to compile both Java and Groovy files
[INFO] Compiling in a forked process using /home/srafi/.m2/repository/org/codehaus/groovy/groovy-eclipse-batch/2.5.14-01/groovy-eclipse-batch-2.5.14-01.jar
[INFO] 
[INFO] --- maven-surefire-plugin:3.0.0-M8-SNAPSHOT:test (default-test) @ nifi-security-utils-api ---
[INFO] Tests are skipped.
[INFO] 
[INFO] --- maven-jar-plugin:3.2.0:jar (default-jar) @ nifi-security-utils-api ---
[INFO] Building jar: /home/srafi/after-cam-ready/compare_/compile_repair_output/work/6365a984e536/nifi-commons/nifi-security-utils-api/target/nifi-security-utils-api-1.15.0-SNAPSHOT.jar
[INFO] 
[INFO] --- maven-site-plugin:3.7.1:attach-descriptor (attach-descriptor) @ nifi-security-utils-api ---
[INFO] Skipping because packaging 'jar' is not pom.
[INFO] 
[INFO] --- maven-install-plugin:2.5.2:install (default-install) @ nifi-security-utils-api ---
[INFO] Installing /home/srafi/after-cam-ready/compare_/compile_repair_output/work/6365a984e536/nifi-commons/nifi-security-utils-api/target/nifi-security-utils-api-1.15.0-SNAPSHOT.jar to /home/srafi/.m2/repository/org/apache/nifi/nifi-security-utils-api/1.15.0-SNAPSHOT/nifi-security-utils-api-1.15.0-SNAPSHOT.jar
[INFO] Installing /home/srafi/after-cam-ready/compare_/compile_repair_output/work/6365a984e536/nifi-commons/nifi-security-utils-api/pom.xml to /home/srafi/.m2/repository/org/apache/nifi/nifi-security-utils-api/1.15.0-SNAPSHOT/nifi-security-utils-api-1.15.0-SNAPSHOT.pom
[INFO] 
[INFO] -----------------< org.apache.nifi:nifi-security-kms >------------------
[INFO] Building nifi-security-kms 1.15.0-SNAPSHOT                        [6/74]
[INFO] --------------------------------[ jar ]---------------------------------
[INFO] 
[INFO] --- maven-clean-plugin:3.1.0:clean (default-clean) @ nifi-security-kms ---
[INFO] 
[INFO] --- maven-remote-resources-plugin:1.7.0:process (process-resource-bundles) @ nifi-security-kms ---
[INFO] Preparing remote bundle org.apache:apache-jar-resource-bundle:1.4
[INFO] Copying 3 resources from 1 bundle.
[INFO] 
[INFO] --- maven-resources-plugin:3.1.0:resources (default-resources) @ nifi-security-kms ---
[INFO] Using 'UTF-8' encoding to copy filtered resources.
[INFO] skip non existing resourceDirectory /home/srafi/after-cam-ready/compare_/compile_repair_output/work/6365a984e536/nifi-commons/nifi-security-kms/src/main/resources
[INFO] Copying 3 resources
[INFO] 
[INFO] --- maven-compiler-plugin:3.8.1:compile (default-compile) @ nifi-security-kms ---
[INFO] Changes detected - recompiling the module!
[INFO] Compiling 12 source files to /home/srafi/after-cam-ready/compare_/compile_repair_output/work/6365a984e536/nifi-commons/nifi-security-kms/target/classes
[INFO] 
[INFO] --- maven-resources-plugin:3.1.0:testResources (default-testResources) @ nifi-security-kms ---
[INFO] Using 'UTF-8' encoding to copy filtered resources.
[INFO] skip non existing resourceDirectory /home/srafi/after-cam-ready/compare_/compile_repair_output/work/6365a984e536/nifi-commons/nifi-security-kms/src/test/resources
[INFO] Copying 3 resources
[INFO] 
[INFO] --- maven-compiler-plugin:3.8.1:testCompile (default-testCompile) @ nifi-security-kms ---
[INFO] Changes detected - recompiling the module!
[INFO] Compiling 6 source files to /home/srafi/after-cam-ready/compare_/compile_repair_output/work/6365a984e536/nifi-commons/nifi-security-kms/target/test-classes
[INFO] 
[INFO] --- maven-compiler-plugin:3.8.1:testCompile (groovy-tests) @ nifi-security-kms ---
[INFO] Changes detected - recompiling the module!
[INFO] Nothing to compile - all classes are up to date
[INFO] 
[INFO] --- maven-surefire-plugin:3.0.0-M8-SNAPSHOT:test (default-test) @ nifi-security-kms ---
[INFO] Tests are skipped.
[INFO] 
[INFO] --- maven-jar-plugin:3.2.0:jar (default-jar) @ nifi-security-kms ---
[INFO] Building jar: /home/srafi/after-cam-ready/compare_/compile_repair_output/work/6365a984e536/nifi-commons/nifi-security-kms/target/nifi-security-kms-1.15.0-SNAPSHOT.jar
[INFO] 
[INFO] --- maven-site-plugin:3.7.1:attach-descriptor (attach-descriptor) @ nifi-security-kms ---
[INFO] Skipping because packaging 'jar' is not pom.
[INFO] 
[INFO] --- maven-install-plugin:2.5.2:install (default-install) @ nifi-security-kms ---
[INFO] Installing /home/srafi/after-cam-ready/compare_/compile_repair_output/work/6365a984e536/nifi-commons/nifi-security-kms/target/nifi-security-kms-1.15.0-SNAPSHOT.jar to /home/srafi/.m2/repository/org/apache/nifi/nifi-security-kms/1.15.0-SNAPSHOT/nifi-security-kms-1.15.0-SNAPSHOT.jar
[INFO] Installing /home/srafi/after-cam-ready/compare_/compile_repair_output/work/6365a984e536/nifi-commons/nifi-security-kms/pom.xml to /home/srafi/.m2/repository/org/apache/nifi/nifi-security-kms/1.15.0-SNAPSHOT/nifi-security-kms-1.15.0-SNAPSHOT.pom
[INFO] 
[INFO] ----------------< org.apache.nifi:nifi-property-utils >-----------------
[INFO] Building nifi-property-utils 1.15.0-SNAPSHOT                      [7/74]
[INFO] --------------------------------[ jar ]---------------------------------
[INFO] 
[INFO] --- maven-clean-plugin:3.1.0:clean (default-clean) @ nifi-property-utils ---
[INFO] 
[INFO] --- maven-remote-resources-plugin:1.7.0:process (process-resource-bundles) @ nifi-property-utils ---
[INFO] Preparing remote bundle org.apache:apache-jar-resource-bundle:1.4
[INFO] Copying 3 resources from 1 bundle.
[INFO] 
[INFO] --- maven-resources-plugin:3.1.0:resources (default-resources) @ nifi-property-utils ---
[INFO] Using 'UTF-8' encoding to copy filtered resources.
[INFO] skip non existing resourceDirectory /home/srafi/after-cam-ready/compare_/compile_repair_output/work/6365a984e536/nifi-commons/nifi-property-utils/src/main/resources
[INFO] Copying 3 resources
[INFO] 
[INFO] --- maven-compiler-plugin:3.8.1:compile (default-compile) @ nifi-property-utils ---
[INFO] Changes detected - recompiling the module!
[INFO] Compiling 7 source files to /home/srafi/after-cam-ready/compare_/compile_repair_output/work/6365a984e536/nifi-commons/nifi-property-utils/target/classes
[INFO] 
[INFO] --- maven-resources-plugin:3.1.0:testResources (default-testResources) @ nifi-property-utils ---
[INFO] Using 'UTF-8' encoding to copy filtered resources.
[INFO] skip non existing resourceDirectory /home/srafi/after-cam-ready/compare_/compile_repair_output/work/6365a984e536/nifi-commons/nifi-property-utils/src/test/resources
[INFO] Copying 3 resources
[INFO] 
[INFO] --- maven-compiler-plugin:3.8.1:testCompile (default-testCompile) @ nifi-property-utils ---
[INFO] No sources to compile
[INFO] 
[INFO] --- maven-compiler-plugin:3.8.1:testCompile (groovy-tests) @ nifi-property-utils ---
[INFO] No sources to compile
[INFO] 
[INFO] --- maven-surefire-plugin:3.0.0-M8-SNAPSHOT:test (default-test) @ nifi-property-utils ---
[INFO] Tests are skipped.
[INFO] 
[INFO] --- maven-jar-plugin:3.2.0:jar (default-jar) @ nifi-property-utils ---
[INFO] Building jar: /home/srafi/after-cam-ready/compare_/compile_repair_output/work/6365a984e536/nifi-commons/nifi-property-utils/target/nifi-property-utils-1.15.0-SNAPSHOT.jar
[INFO] 
[INFO] --- maven-site-plugin:3.7.1:attach-descriptor (attach-descriptor) @ nifi-property-utils ---
[INFO] Skipping because packaging 'jar' is not pom.
[INFO] 
[INFO] --- maven-install-plugin:2.5.2:install (default-install) @ nifi-property-utils ---
[INFO] Installing /home/srafi/after-cam-ready/compare_/compile_repair_output/work/6365a984e536/nifi-commons/nifi-property-utils/target/nifi-property-utils-1.15.0-SNAPSHOT.jar to /home/srafi/.m2/repository/org/apache/nifi/nifi-property-utils/1.15.0-SNAPSHOT/nifi-property-utils-1.15.0-SNAPSHOT.jar
[INFO] Installing /home/srafi/after-cam-ready/compare_/compile_repair_output/work/6365a984e536/nifi-commons/nifi-property-utils/pom.xml to /home/srafi/.m2/repository/org/apache/nifi/nifi-property-utils/1.15.0-SNAPSHOT/nifi-property-utils-1.15.0-SNAPSHOT.pom
[INFO] 
[INFO] ------------------< org.apache.nifi:nifi-properties >-------------------
[INFO] Building nifi-properties 1.15.0-SNAPSHOT                          [8/74]
[INFO] --------------------------------[ jar ]---------------------------------
[INFO] 
[INFO] --- maven-clean-plugin:3.1.0:clean (default-clean) @ nifi-properties ---
[INFO] 
[INFO] --- maven-remote-resources-plugin:1.7.0:process (process-resource-bundles) @ nifi-properties ---
[INFO] Preparing remote bundle org.apache:apache-jar-resource-bundle:1.4
[INFO] Copying 3 resources from 1 bundle.
[INFO] 
[INFO] --- maven-resources-plugin:3.1.0:resources (default-resources) @ nifi-properties ---
[INFO] Using 'UTF-8' encoding to copy filtered resources.
[INFO] skip non existing resourceDirectory /home/srafi/after-cam-ready/compare_/compile_repair_output/work/6365a984e536/nifi-commons/nifi-properties/src/main/resources
[INFO] Copying 3 resources
[INFO] 
[INFO] --- maven-compiler-plugin:3.8.1:compile (default-compile) @ nifi-properties ---
[INFO] Changes detected - recompiling the module!
[INFO] Compiling 4 source files to /home/srafi/after-cam-ready/compare_/compile_repair_output/work/6365a984e536/nifi-commons/nifi-properties/target/classes
[INFO] 
[INFO] --- maven-resources-plugin:3.1.0:testResources (default-testResources) @ nifi-properties ---
[INFO] Using 'UTF-8' encoding to copy filtered resources.
[INFO] Copying 3 resources
[INFO] Copying 3 resources
[INFO] 
[INFO] --- maven-compiler-plugin:3.8.1:testCompile (default-testCompile) @ nifi-properties ---
[INFO] Changes detected - recompiling the module!
[INFO] Compiling 2 source files to /home/srafi/after-cam-ready/compare_/compile_repair_output/work/6365a984e536/nifi-commons/nifi-properties/target/test-classes
[INFO] 
[INFO] --- maven-compiler-plugin:3.8.1:testCompile (groovy-tests) @ nifi-properties ---
[INFO] Changes detected - recompiling the module!
[INFO] Nothing to compile - all classes are up to date
[INFO] 
[INFO] --- maven-surefire-plugin:3.0.0-M8-SNAPSHOT:test (default-test) @ nifi-properties ---
[INFO] Tests are skipped.
[INFO] 
[INFO] --- maven-jar-plugin:3.2.0:jar (default-jar) @ nifi-properties ---
[INFO] Building jar: /home/srafi/after-cam-ready/compare_/compile_repair_output/work/6365a984e536/nifi-commons/nifi-properties/target/nifi-properties-1.15.0-SNAPSHOT.jar
[INFO] 
[INFO] --- maven-site-plugin:3.7.1:attach-descriptor (attach-descriptor) @ nifi-properties ---
[INFO] Skipping because packaging 'jar' is not pom.
[INFO] 
[INFO] --- maven-install-plugin:2.5.2:install (default-install) @ nifi-properties ---
[INFO] Installing /home/srafi/after-cam-ready/compare_/compile_repair_output/work/6365a984e536/nifi-commons/nifi-properties/target/nifi-properties-1.15.0-SNAPSHOT.jar to /home/srafi/.m2/repository/org/apache/nifi/nifi-properties/1.15.0-SNAPSHOT/nifi-properties-1.15.0-SNAPSHOT.jar
[INFO] Installing /home/srafi/after-cam-ready/compare_/compile_repair_output/work/6365a984e536/nifi-commons/nifi-properties/pom.xml to /home/srafi/.m2/repository/org/apache/nifi/nifi-properties/1.15.0-SNAPSHOT/nifi-properties-1.15.0-SNAPSHOT.pom
[INFO] 
[INFO] ----------------< org.apache.nifi:nifi-security-utils >-----------------
[INFO] Building nifi-security-utils 1.15.0-SNAPSHOT                      [9/74]
[INFO] --------------------------------[ jar ]---------------------------------
[INFO] 
[INFO] --- maven-clean-plugin:3.1.0:clean (default-clean) @ nifi-security-utils ---
[INFO] 
[INFO] --- maven-remote-resources-plugin:1.7.0:process (process-resource-bundles) @ nifi-security-utils ---
[INFO] Preparing remote bundle org.apache:apache-jar-resource-bundle:1.4
[INFO] Copying 3 resources from 1 bundle.
[INFO] 
[INFO] --- maven-resources-plugin:3.1.0:resources (default-resources) @ nifi-security-utils ---
[INFO] Using 'UTF-8' encoding to copy filtered resources.
[INFO] skip non existing resourceDirectory /home/srafi/after-cam-ready/compare_/compile_repair_output/work/6365a984e536/nifi-commons/nifi-security-utils/src/main/resources
[INFO] Copying 3 resources
[INFO] 
[INFO] --- maven-compiler-plugin:3.8.1:compile (default-compile) @ nifi-security-utils ---
[INFO] Changes detected - recompiling the module!
[INFO] Compiling 38 source files to /home/srafi/after-cam-ready/compare_/compile_repair_output/work/6365a984e536/nifi-commons/nifi-security-utils/target/classes
[INFO] 
[INFO] --- maven-resources-plugin:3.1.0:testResources (default-testResources) @ nifi-security-utils ---
[INFO] Using 'UTF-8' encoding to copy filtered resources.
[INFO] Copying 17 resources
[INFO] Copying 3 resources
[INFO] 
[INFO] --- maven-compiler-plugin:3.8.1:testCompile (default-testCompile) @ nifi-security-utils ---
[INFO] Changes detected - recompiling the module!
[INFO] Compiling 5 source files to /home/srafi/after-cam-ready/compare_/compile_repair_output/work/6365a984e536/nifi-commons/nifi-security-utils/target/test-classes
[INFO] 
[INFO] --- maven-compiler-plugin:3.8.1:testCompile (groovy-tests) @ nifi-security-utils ---
[INFO] Changes detected - recompiling the module!
[INFO] Using Groovy-Eclipse compiler to compile both Java and Groovy files
[INFO] Compiling in a forked process using /home/srafi/.m2/repository/org/codehaus/groovy/groovy-eclipse-batch/2.5.14-01/groovy-eclipse-batch-2.5.14-01.jar
[WARNING] Error output from groovy-eclipse compiler:
----------
1. WARNING in /home/srafi/after-cam-ready/compare_/compile_repair_output/work/6365a984e536/nifi-commons/nifi-security-utils/src/test/groovy/org/apache/nifi/security/util/crypto/NiFiLegacyCipherProviderGroovyTest.groovy (at line 75)
	NiFiLegacyCipherProvider cipherProvider = new NiFiLegacyCipherProvider()
	^^^^^^^^^^^^^^^^^^^^^^^^
The type NiFiLegacyCipherProvider is deprecated
----------
2. WARNING in /home/srafi/after-cam-ready/compare_/compile_repair_output/work/6365a984e536/nifi-commons/nifi-security-utils/src/test/groovy/org/apache/nifi/security/util/crypto/NiFiLegacyCipherProviderGroovyTest.groovy (at line 110)
	NiFiLegacyCipherProvider cipherProvider = new NiFiLegacyCipherProvider()
	^^^^^^^^^^^^^^^^^^^^^^^^
The type NiFiLegacyCipherProvider is deprecated
----------
3. WARNING in /home/srafi/after-cam-ready/compare_/compile_repair_output/work/6365a984e536/nifi-commons/nifi-security-utils/src/test/groovy/org/apache/nifi/security/util/crypto/NiFiLegacyCipherProviderGroovyTest.groovy (at line 140)
	NiFiLegacyCipherProvider cipherProvider = new NiFiLegacyCipherProvider()
	^^^^^^^^^^^^^^^^^^^^^^^^
The type NiFiLegacyCipherProvider is deprecated
----------
4. WARNING in /home/srafi/after-cam-ready/compare_/compile_repair_output/work/6365a984e536/nifi-commons/nifi-security-utils/src/test/groovy/org/apache/nifi/security/util/crypto/NiFiLegacyCipherProviderGroovyTest.groovy (at line 175)
	NiFiLegacyCipherProvider cipherProvider = new NiFiLegacyCipherProvider()
	^^^^^^^^^^^^^^^^^^^^^^^^
The type NiFiLegacyCipherProvider is deprecated
----------
5. WARNING in /home/srafi/after-cam-ready/compare_/compile_repair_output/work/6365a984e536/nifi-commons/nifi-security-utils/src/test/groovy/org/apache/nifi/security/util/crypto/NiFiLegacyCipherProviderGroovyTest.groovy (at line 209)
	NiFiLegacyCipherProvider cipherProvider = new NiFiLegacyCipherProvider()
	^^^^^^^^^^^^^^^^^^^^^^^^
The type NiFiLegacyCipherProvider is deprecated
----------
6. WARNING in /home/srafi/after-cam-ready/compare_/compile_repair_output/work/6365a984e536/nifi-commons/nifi-security-utils/src/test/groovy/org/apache/nifi/security/util/crypto/NiFiLegacyCipherProviderGroovyTest.groovy (at line 260)
	NiFiLegacyCipherProvider cipherProvider = new NiFiLegacyCipherProvider()
	^^^^^^^^^^^^^^^^^^^^^^^^
The type NiFiLegacyCipherProvider is deprecated
----------
----------
7. WARNING in /home/srafi/after-cam-ready/compare_/compile_repair_output/work/6365a984e536/nifi-commons/nifi-security-utils/src/test/groovy/org/apache/nifi/security/util/CertificateUtilsTest.groovy (at line 118)
	@SuppressWarnings("deprecation")
	                  ^^^^^^^^^^^^^
Unnecessary @SuppressWarnings("deprecation")
----------
7 problems (7 warnings)

[INFO] 
[INFO] --- maven-surefire-plugin:3.0.0-M8-SNAPSHOT:test (default-test) @ nifi-security-utils ---
[INFO] Tests are skipped.
[INFO] 
[INFO] --- maven-jar-plugin:3.2.0:jar (default-jar) @ nifi-security-utils ---
[INFO] Building jar: /home/srafi/after-cam-ready/compare_/compile_repair_output/work/6365a984e536/nifi-commons/nifi-security-utils/target/nifi-security-utils-1.15.0-SNAPSHOT.jar
[INFO] 
[INFO] --- maven-site-plugin:3.7.1:attach-descriptor (attach-descriptor) @ nifi-security-utils ---
[INFO] Skipping because packaging 'jar' is not pom.
[INFO] 
[INFO] --- maven-install-plugin:2.5.2:install (default-install) @ nifi-security-utils ---
[INFO] Installing /home/srafi/after-cam-ready/compare_/compile_repair_output/work/6365a984e536/nifi-commons/nifi-security-utils/target/nifi-security-utils-1.15.0-SNAPSHOT.jar to /home/srafi/.m2/repository/org/apache/nifi/nifi-security-utils/1.15.0-SNAPSHOT/nifi-security-utils-1.15.0-SNAPSHOT.jar
[INFO] Installing /home/srafi/after-cam-ready/compare_/compile_repair_output/work/6365a984e536/nifi-commons/nifi-security-utils/pom.xml to /home/srafi/.m2/repository/org/apache/nifi/nifi-security-utils/1.15.0-SNAPSHOT/nifi-security-utils-1.15.0-SNAPSHOT.pom
[INFO] 
[INFO] -----------------< org.apache.nifi:nifi-framework-api >-----------------
[INFO] Building nifi-framework-api 1.15.0-SNAPSHOT                      [10/74]
[INFO] --------------------------------[ jar ]---------------------------------
[INFO] 
[INFO] --- maven-clean-plugin:3.1.0:clean (default-clean) @ nifi-framework-api ---
[INFO] 
[INFO] --- maven-remote-resources-plugin:1.7.0:process (process-resource-bundles) @ nifi-framework-api ---
[INFO] Preparing remote bundle org.apache:apache-jar-resource-bundle:1.4
[INFO] Copying 3 resources from 1 bundle.
[INFO] 
[INFO] --- maven-resources-plugin:3.1.0:resources (default-resources) @ nifi-framework-api ---
[INFO] Using 'UTF-8' encoding to copy filtered resources.
[INFO] skip non existing resourceDirectory /home/srafi/after-cam-ready/compare_/compile_repair_output/work/6365a984e536/nifi-framework-api/src/main/resources
[INFO] Copying 3 resources
[INFO] 
[INFO] --- maven-compiler-plugin:3.8.1:compile (default-compile) @ nifi-framework-api ---
[INFO] Changes detected - recompiling the module!
[INFO] Compiling 144 source files to /home/srafi/after-cam-ready/compare_/compile_repair_output/work/6365a984e536/nifi-framework-api/target/classes
[INFO] 
[INFO] --- maven-resources-plugin:3.1.0:testResources (default-testResources) @ nifi-framework-api ---
[INFO] Using 'UTF-8' encoding to copy filtered resources.
[INFO] skip non existing resourceDirectory /home/srafi/after-cam-ready/compare_/compile_repair_output/work/6365a984e536/nifi-framework-api/src/test/resources
[INFO] Copying 3 resources
[INFO] 
[INFO] --- maven-compiler-plugin:3.8.1:testCompile (default-testCompile) @ nifi-framework-api ---
[INFO] Changes detected - recompiling the module!
[INFO] Compiling 8 source files to /home/srafi/after-cam-ready/compare_/compile_repair_output/work/6365a984e536/nifi-framework-api/target/test-classes
[INFO] 
[INFO] --- maven-compiler-plugin:3.8.1:testCompile (groovy-tests) @ nifi-framework-api ---
[INFO] Changes detected - recompiling the module!
[INFO] Nothing to compile - all classes are up to date
[INFO] 
[INFO] --- maven-surefire-plugin:3.0.0-M8-SNAPSHOT:test (default-test) @ nifi-framework-api ---
[INFO] Tests are skipped.
[INFO] 
[INFO] --- maven-jar-plugin:3.2.0:jar (default-jar) @ nifi-framework-api ---
[INFO] Building jar: /home/srafi/after-cam-ready/compare_/compile_repair_output/work/6365a984e536/nifi-framework-api/target/nifi-framework-api-1.15.0-SNAPSHOT.jar
[INFO] 
[INFO] --- maven-site-plugin:3.7.1:attach-descriptor (attach-descriptor) @ nifi-framework-api ---
[INFO] Skipping because packaging 'jar' is not pom.
[INFO] 
[INFO] --- maven-install-plugin:2.5.2:install (default-install) @ nifi-framework-api ---
[INFO] Installing /home/srafi/after-cam-ready/compare_/compile_repair_output/work/6365a984e536/nifi-framework-api/target/nifi-framework-api-1.15.0-SNAPSHOT.jar to /home/srafi/.m2/repository/org/apache/nifi/nifi-framework-api/1.15.0-SNAPSHOT/nifi-framework-api-1.15.0-SNAPSHOT.jar
[INFO] Installing /home/srafi/after-cam-ready/compare_/compile_repair_output/work/6365a984e536/nifi-framework-api/pom.xml to /home/srafi/.m2/repository/org/apache/nifi/nifi-framework-api/1.15.0-SNAPSHOT/nifi-framework-api-1.15.0-SNAPSHOT.pom
[INFO] 
[INFO] -------------< org.apache.nifi:nifi-data-provenance-utils >-------------
[INFO] Building nifi-data-provenance-utils 1.15.0-SNAPSHOT              [11/74]
[INFO] --------------------------------[ jar ]---------------------------------
[INFO] 
[INFO] --- maven-clean-plugin:3.1.0:clean (default-clean) @ nifi-data-provenance-utils ---
[INFO] 
[INFO] --- maven-remote-resources-plugin:1.7.0:process (process-resource-bundles) @ nifi-data-provenance-utils ---
[INFO] Preparing remote bundle org.apache:apache-jar-resource-bundle:1.4
[INFO] Copying 3 resources from 1 bundle.
[INFO] 
[INFO] --- maven-resources-plugin:3.1.0:resources (default-resources) @ nifi-data-provenance-utils ---
[INFO] Using 'UTF-8' encoding to copy filtered resources.
[INFO] skip non existing resourceDirectory /home/srafi/after-cam-ready/compare_/compile_repair_output/work/6365a984e536/nifi-commons/nifi-data-provenance-utils/src/main/resources
[INFO] Copying 3 resources
[INFO] 
[INFO] --- maven-compiler-plugin:3.8.1:compile (default-compile) @ nifi-data-provenance-utils ---
[INFO] Changes detected - recompiling the module!
[INFO] Compiling 14 source files to /home/srafi/after-cam-ready/compare_/compile_repair_output/work/6365a984e536/nifi-commons/nifi-data-provenance-utils/target/classes
[INFO] 
[INFO] --- maven-resources-plugin:3.1.0:testResources (default-testResources) @ nifi-data-provenance-utils ---
[INFO] Using 'UTF-8' encoding to copy filtered resources.
[INFO] skip non existing resourceDirectory /home/srafi/after-cam-ready/compare_/compile_repair_output/work/6365a984e536/nifi-commons/nifi-data-provenance-utils/src/test/resources
[INFO] Copying 3 resources
[INFO] 
[INFO] --- maven-compiler-plugin:3.8.1:testCompile (default-testCompile) @ nifi-data-provenance-utils ---
[INFO] No sources to compile
[INFO] 
[INFO] --- maven-compiler-plugin:3.8.1:testCompile (groovy-tests) @ nifi-data-provenance-utils ---
[INFO] No sources to compile
[INFO] 
[INFO] --- maven-surefire-plugin:3.0.0-M8-SNAPSHOT:test (default-test) @ nifi-data-provenance-utils ---
[INFO] Tests are skipped.
[INFO] 
[INFO] --- maven-jar-plugin:3.2.0:jar (default-jar) @ nifi-data-provenance-utils ---
[INFO] Building jar: /home/srafi/after-cam-ready/compare_/compile_repair_output/work/6365a984e536/nifi-commons/nifi-data-provenance-utils/target/nifi-data-provenance-utils-1.15.0-SNAPSHOT.jar
[INFO] 
[INFO] --- maven-site-plugin:3.7.1:attach-descriptor (attach-descriptor) @ nifi-data-provenance-utils ---
[INFO] Skipping because packaging 'jar' is not pom.
[INFO] 
[INFO] --- maven-install-plugin:2.5.2:install (default-install) @ nifi-data-provenance-utils ---
[INFO] Installing /home/srafi/after-cam-ready/compare_/compile_repair_output/work/6365a984e536/nifi-commons/nifi-data-provenance-utils/target/nifi-data-provenance-utils-1.15.0-SNAPSHOT.jar to /home/srafi/.m2/repository/org/apache/nifi/nifi-data-provenance-utils/1.15.0-SNAPSHOT/nifi-data-provenance-utils-1.15.0-SNAPSHOT.jar
[INFO] Installing /home/srafi/after-cam-ready/compare_/compile_repair_output/work/6365a984e536/nifi-commons/nifi-data-provenance-utils/pom.xml to /home/srafi/.m2/repository/org/apache/nifi/nifi-data-provenance-utils/1.15.0-SNAPSHOT/nifi-data-provenance-utils-1.15.0-SNAPSHOT.pom
[INFO] 
[INFO] -------------------< org.apache.nifi:nifi-parameter >-------------------
[INFO] Building nifi-parameter 1.15.0-SNAPSHOT                          [12/74]
[INFO] --------------------------------[ jar ]---------------------------------
[INFO] 
[INFO] --- maven-clean-plugin:3.1.0:clean (default-clean) @ nifi-parameter ---
[INFO] 
[INFO] --- maven-remote-resources-plugin:1.7.0:process (process-resource-bundles) @ nifi-parameter ---
[INFO] Preparing remote bundle org.apache:apache-jar-resource-bundle:1.4
[INFO] Copying 3 resources from 1 bundle.
[INFO] 
[INFO] --- maven-resources-plugin:3.1.0:resources (default-resources) @ nifi-parameter ---
[INFO] Using 'UTF-8' encoding to copy filtered resources.
[INFO] skip non existing resourceDirectory /home/srafi/after-cam-ready/compare_/compile_repair_output/work/6365a984e536/nifi-commons/nifi-parameter/src/main/resources
[INFO] Copying 3 resources
[INFO] 
[INFO] --- maven-compiler-plugin:3.8.1:compile (default-compile) @ nifi-parameter ---
[INFO] Changes detected - recompiling the module!
[INFO] Compiling 12 source files to /home/srafi/after-cam-ready/compare_/compile_repair_output/work/6365a984e536/nifi-commons/nifi-parameter/target/classes
[INFO] 
[INFO] --- maven-resources-plugin:3.1.0:testResources (default-testResources) @ nifi-parameter ---
[INFO] Using 'UTF-8' encoding to copy filtered resources.
[INFO] skip non existing resourceDirectory /home/srafi/after-cam-ready/compare_/compile_repair_output/work/6365a984e536/nifi-commons/nifi-parameter/src/test/resources
[INFO] Copying 3 resources
[INFO] 
[INFO] --- maven-compiler-plugin:3.8.1:testCompile (default-testCompile) @ nifi-parameter ---
[INFO] Changes detected - recompiling the module!
[INFO] Compiling 3 source files to /home/srafi/after-cam-ready/compare_/compile_repair_output/work/6365a984e536/nifi-commons/nifi-parameter/target/test-classes
[INFO] 
[INFO] --- maven-compiler-plugin:3.8.1:testCompile (groovy-tests) @ nifi-parameter ---
[INFO] Changes detected - recompiling the module!
[INFO] Nothing to compile - all classes are up to date
[INFO] 
[INFO] --- maven-surefire-plugin:3.0.0-M8-SNAPSHOT:test (default-test) @ nifi-parameter ---
[INFO] Tests are skipped.
[INFO] 
[INFO] --- maven-jar-plugin:3.2.0:jar (default-jar) @ nifi-parameter ---
[INFO] Building jar: /home/srafi/after-cam-ready/compare_/compile_repair_output/work/6365a984e536/nifi-commons/nifi-parameter/target/nifi-parameter-1.15.0-SNAPSHOT.jar
[INFO] 
[INFO] --- maven-site-plugin:3.7.1:attach-descriptor (attach-descriptor) @ nifi-parameter ---
[INFO] Skipping because packaging 'jar' is not pom.
[INFO] 
[INFO] --- maven-install-plugin:2.5.2:install (default-install) @ nifi-parameter ---
[INFO] Installing /home/srafi/after-cam-ready/compare_/compile_repair_output/work/6365a984e536/nifi-commons/nifi-parameter/target/nifi-parameter-1.15.0-SNAPSHOT.jar to /home/srafi/.m2/repository/org/apache/nifi/nifi-parameter/1.15.0-SNAPSHOT/nifi-parameter-1.15.0-SNAPSHOT.jar
[INFO] Installing /home/srafi/after-cam-ready/compare_/compile_repair_output/work/6365a984e536/nifi-commons/nifi-parameter/pom.xml to /home/srafi/.m2/repository/org/apache/nifi/nifi-parameter/1.15.0-SNAPSHOT/nifi-parameter-1.15.0-SNAPSHOT.pom
[INFO] 
[INFO] ---------------------< org.apache.nifi:nifi-uuid5 >---------------------
[INFO] Building nifi-uuid5 1.15.0-SNAPSHOT                              [13/74]
[INFO] --------------------------------[ jar ]---------------------------------
[INFO] 
[INFO] --- maven-clean-plugin:3.1.0:clean (default-clean) @ nifi-uuid5 ---
[INFO] 
[INFO] --- maven-remote-resources-plugin:1.7.0:process (process-resource-bundles) @ nifi-uuid5 ---
[INFO] Preparing remote bundle org.apache:apache-jar-resource-bundle:1.4
[INFO] Copying 3 resources from 1 bundle.
[INFO] 
[INFO] --- maven-resources-plugin:3.1.0:resources (default-resources) @ nifi-uuid5 ---
[INFO] Using 'UTF-8' encoding to copy filtered resources.
[INFO] skip non existing resourceDirectory /home/srafi/after-cam-ready/compare_/compile_repair_output/work/6365a984e536/nifi-commons/nifi-uuid5/src/main/resources
[INFO] Copying 3 resources
[INFO] 
[INFO] --- maven-compiler-plugin:3.8.1:compile (default-compile) @ nifi-uuid5 ---
[INFO] Changes detected - recompiling the module!
[INFO] Compiling 1 source file to /home/srafi/after-cam-ready/compare_/compile_repair_output/work/6365a984e536/nifi-commons/nifi-uuid5/target/classes
[INFO] 
[INFO] --- maven-resources-plugin:3.1.0:testResources (default-testResources) @ nifi-uuid5 ---
[INFO] Using 'UTF-8' encoding to copy filtered resources.
[INFO] skip non existing resourceDirectory /home/srafi/after-cam-ready/compare_/compile_repair_output/work/6365a984e536/nifi-commons/nifi-uuid5/src/test/resources
[INFO] Copying 3 resources
[INFO] 
[INFO] --- maven-compiler-plugin:3.8.1:testCompile (default-testCompile) @ nifi-uuid5 ---
[INFO] No sources to compile
[INFO] 
[INFO] --- maven-compiler-plugin:3.8.1:testCompile (groovy-tests) @ nifi-uuid5 ---
[INFO] No sources to compile
[INFO] 
[INFO] --- maven-surefire-plugin:3.0.0-M8-SNAPSHOT:test (default-test) @ nifi-uuid5 ---
[INFO] Tests are skipped.
[INFO] 
[INFO] --- maven-jar-plugin:3.2.0:jar (default-jar) @ nifi-uuid5 ---
[INFO] Building jar: /home/srafi/after-cam-ready/compare_/compile_repair_output/work/6365a984e536/nifi-commons/nifi-uuid5/target/nifi-uuid5-1.15.0-SNAPSHOT.jar
[INFO] 
[INFO] --- maven-site-plugin:3.7.1:attach-descriptor (attach-descriptor) @ nifi-uuid5 ---
[INFO] Skipping because packaging 'jar' is not pom.
[INFO] 
[INFO] --- maven-install-plugin:2.5.2:install (default-install) @ nifi-uuid5 ---
[INFO] Installing /home/srafi/after-cam-ready/compare_/compile_repair_output/work/6365a984e536/nifi-commons/nifi-uuid5/target/nifi-uuid5-1.15.0-SNAPSHOT.jar to /home/srafi/.m2/repository/org/apache/nifi/nifi-uuid5/1.15.0-SNAPSHOT/nifi-uuid5-1.15.0-SNAPSHOT.jar
[INFO] Installing /home/srafi/after-cam-ready/compare_/compile_repair_output/work/6365a984e536/nifi-commons/nifi-uuid5/pom.xml to /home/srafi/.m2/repository/org/apache/nifi/nifi-uuid5/1.15.0-SNAPSHOT/nifi-uuid5-1.15.0-SNAPSHOT.pom
[INFO] 
[INFO] --------------< org.apache.nifi:nifi-expression-language >--------------
[INFO] Building nifi-expression-language 1.15.0-SNAPSHOT                [14/74]
[INFO] --------------------------------[ jar ]---------------------------------
[INFO] 
[INFO] --- maven-clean-plugin:3.1.0:clean (default-clean) @ nifi-expression-language ---
[INFO] 
[INFO] --- antlr3-maven-plugin:3.5.2:antlr (default) @ nifi-expression-language ---
[INFO] ANTLR: Processing source directory /home/srafi/after-cam-ready/compare_/compile_repair_output/work/6365a984e536/nifi-commons/nifi-expression-language/src/main/antlr3
ANTLR Parser Generator  Version 3.5.2
Output file /home/srafi/after-cam-ready/compare_/compile_repair_output/work/6365a984e536/nifi-commons/nifi-expression-language/target/generated-sources/antlr3/org/apache/nifi/attribute/expression/language/antlr/AttributeExpressionLexer.java does not exist: must build /home/srafi/after-cam-ready/compare_/compile_repair_output/work/6365a984e536/nifi-commons/nifi-expression-language/src/main/antlr3/org/apache/nifi/attribute/expression/language/antlr/AttributeExpressionLexer.g
org/apache/nifi/attribute/expression/language/antlr/AttributeExpressionLexer.g
Output file /home/srafi/after-cam-ready/compare_/compile_repair_output/work/6365a984e536/nifi-commons/nifi-expression-language/target/generated-sources/antlr3/org/apache/nifi/attribute/expression/language/antlr/AttributeExpressionParser.java does not exist: must build /home/srafi/after-cam-ready/compare_/compile_repair_output/work/6365a984e536/nifi-commons/nifi-expression-language/src/main/antlr3/org/apache/nifi/attribute/expression/language/antlr/AttributeExpressionParser.g
org/apache/nifi/attribute/expression/language/antlr/AttributeExpressionParser.g
[INFO] 
[INFO] --- maven-remote-resources-plugin:1.7.0:process (process-resource-bundles) @ nifi-expression-language ---
[INFO] Preparing remote bundle org.apache:apache-jar-resource-bundle:1.4
[INFO] Copying 3 resources from 1 bundle.
[INFO] 
[INFO] --- maven-resources-plugin:3.1.0:resources (default-resources) @ nifi-expression-language ---
[INFO] Using 'UTF-8' encoding to copy filtered resources.
[INFO] skip non existing resourceDirectory /home/srafi/after-cam-ready/compare_/compile_repair_output/work/6365a984e536/nifi-commons/nifi-expression-language/src/main/resources
[INFO] Copying 3 resources
[INFO] 
[INFO] --- maven-compiler-plugin:3.8.1:compile (default-compile) @ nifi-expression-language ---
[INFO] Changes detected - recompiling the module!
[INFO] Compiling 143 source files to /home/srafi/after-cam-ready/compare_/compile_repair_output/work/6365a984e536/nifi-commons/nifi-expression-language/target/classes
[WARNING] /home/srafi/after-cam-ready/compare_/compile_repair_output/work/6365a984e536/nifi-commons/nifi-expression-language/src/main/java/org/apache/nifi/attribute/expression/language/StandardPropertyValue.java:[122,54] [deprecation] getTimeDuration(String,TimeUnit) in FormatUtils has been deprecated
[INFO] 
[INFO] --- maven-resources-plugin:3.1.0:testResources (default-testResources) @ nifi-expression-language ---
[INFO] Using 'UTF-8' encoding to copy filtered resources.
[INFO] Copying 1 resource
[INFO] Copying 3 resources
[INFO] 
[INFO] --- maven-compiler-plugin:3.8.1:testCompile (default-testCompile) @ nifi-expression-language ---
[INFO] Changes detected - recompiling the module!
[INFO] Compiling 3 source files to /home/srafi/after-cam-ready/compare_/compile_repair_output/work/6365a984e536/nifi-commons/nifi-expression-language/target/test-classes
[INFO] 
[INFO] --- maven-compiler-plugin:3.8.1:testCompile (groovy-tests) @ nifi-expression-language ---
[INFO] Changes detected - recompiling the module!
[INFO] Using Groovy-Eclipse compiler to compile both Java and Groovy files
[INFO] Compiling in a forked process using /home/srafi/.m2/repository/org/codehaus/groovy/groovy-eclipse-batch/2.5.14-01/groovy-eclipse-batch-2.5.14-01.jar
[INFO] 
[INFO] --- maven-surefire-plugin:3.0.0-M8-SNAPSHOT:test (default-test) @ nifi-expression-language ---
[INFO] Tests are skipped.
[INFO] 
[INFO] --- maven-jar-plugin:3.2.0:jar (default-jar) @ nifi-expression-language ---
[INFO] Building jar: /home/srafi/after-cam-ready/compare_/compile_repair_output/work/6365a984e536/nifi-commons/nifi-expression-language/target/nifi-expression-language-1.15.0-SNAPSHOT.jar
[INFO] 
[INFO] --- maven-site-plugin:3.7.1:attach-descriptor (attach-descriptor) @ nifi-expression-language ---
[INFO] Skipping because packaging 'jar' is not pom.
[INFO] 
[INFO] --- maven-install-plugin:2.5.2:install (default-install) @ nifi-expression-language ---
[INFO] Installing /home/srafi/after-cam-ready/compare_/compile_repair_output/work/6365a984e536/nifi-commons/nifi-expression-language/target/nifi-expression-language-1.15.0-SNAPSHOT.jar to /home/srafi/.m2/repository/org/apache/nifi/nifi-expression-language/1.15.0-SNAPSHOT/nifi-expression-language-1.15.0-SNAPSHOT.jar
[INFO] Installing /home/srafi/after-cam-ready/compare_/compile_repair_output/work/6365a984e536/nifi-commons/nifi-expression-language/pom.xml to /home/srafi/.m2/repository/org/apache/nifi/nifi-expression-language/1.15.0-SNAPSHOT/nifi-expression-language-1.15.0-SNAPSHOT.pom
[INFO] 
[INFO] ---------------< org.apache.nifi:nifi-flowfile-packager >---------------
[INFO] Building nifi-flowfile-packager 1.15.0-SNAPSHOT                  [15/74]
[INFO] --------------------------------[ jar ]---------------------------------
[INFO] 
[INFO] --- maven-clean-plugin:3.1.0:clean (default-clean) @ nifi-flowfile-packager ---
[INFO] 
[INFO] --- maven-remote-resources-plugin:1.7.0:process (process-resource-bundles) @ nifi-flowfile-packager ---
[INFO] Preparing remote bundle org.apache:apache-jar-resource-bundle:1.4
[INFO] Copying 3 resources from 1 bundle.
[INFO] 
[INFO] --- maven-resources-plugin:3.1.0:resources (default-resources) @ nifi-flowfile-packager ---
[INFO] Using 'UTF-8' encoding to copy filtered resources.
[INFO] skip non existing resourceDirectory /home/srafi/after-cam-ready/compare_/compile_repair_output/work/6365a984e536/nifi-commons/nifi-flowfile-packager/src/main/resources
[INFO] Copying 3 resources
[INFO] 
[INFO] --- maven-compiler-plugin:3.8.1:compile (default-compile) @ nifi-flowfile-packager ---
[INFO] Changes detected - recompiling the module!
[INFO] Compiling 9 source files to /home/srafi/after-cam-ready/compare_/compile_repair_output/work/6365a984e536/nifi-commons/nifi-flowfile-packager/target/classes
[INFO] 
[INFO] --- maven-resources-plugin:3.1.0:testResources (default-testResources) @ nifi-flowfile-packager ---
[INFO] Using 'UTF-8' encoding to copy filtered resources.
[INFO] skip non existing resourceDirectory /home/srafi/after-cam-ready/compare_/compile_repair_output/work/6365a984e536/nifi-commons/nifi-flowfile-packager/src/test/resources
[INFO] Copying 3 resources
[INFO] 
[INFO] --- maven-compiler-plugin:3.8.1:testCompile (default-testCompile) @ nifi-flowfile-packager ---
[INFO] Changes detected - recompiling the module!
[INFO] Compiling 1 source file to /home/srafi/after-cam-ready/compare_/compile_repair_output/work/6365a984e536/nifi-commons/nifi-flowfile-packager/target/test-classes
[INFO] 
[INFO] --- maven-compiler-plugin:3.8.1:testCompile (groovy-tests) @ nifi-flowfile-packager ---
[INFO] Changes detected - recompiling the module!
[INFO] Nothing to compile - all classes are up to date
[INFO] 
[INFO] --- maven-surefire-plugin:3.0.0-M8-SNAPSHOT:test (default-test) @ nifi-flowfile-packager ---
[INFO] Tests are skipped.
[INFO] 
[INFO] --- maven-jar-plugin:3.2.0:jar (default-jar) @ nifi-flowfile-packager ---
[INFO] Building jar: /home/srafi/after-cam-ready/compare_/compile_repair_output/work/6365a984e536/nifi-commons/nifi-flowfile-packager/target/nifi-flowfile-packager-1.15.0-SNAPSHOT.jar
[INFO] 
[INFO] --- maven-site-plugin:3.7.1:attach-descriptor (attach-descriptor) @ nifi-flowfile-packager ---
[INFO] Skipping because packaging 'jar' is not pom.
[INFO] 
[INFO] --- maven-install-plugin:2.5.2:install (default-install) @ nifi-flowfile-packager ---
[INFO] Installing /home/srafi/after-cam-ready/compare_/compile_repair_output/work/6365a984e536/nifi-commons/nifi-flowfile-packager/target/nifi-flowfile-packager-1.15.0-SNAPSHOT.jar to /home/srafi/.m2/repository/org/apache/nifi/nifi-flowfile-packager/1.15.0-SNAPSHOT/nifi-flowfile-packager-1.15.0-SNAPSHOT.jar
[INFO] Installing /home/srafi/after-cam-ready/compare_/compile_repair_output/work/6365a984e536/nifi-commons/nifi-flowfile-packager/pom.xml to /home/srafi/.m2/repository/org/apache/nifi/nifi-flowfile-packager/1.15.0-SNAPSHOT/nifi-flowfile-packager-1.15.0-SNAPSHOT.pom
[INFO] 
[INFO] -----------------< org.apache.nifi:nifi-logging-utils >-----------------
[INFO] Building nifi-logging-utils 1.15.0-SNAPSHOT                      [16/74]
[INFO] --------------------------------[ jar ]---------------------------------
[INFO] 
[INFO] --- maven-clean-plugin:3.1.0:clean (default-clean) @ nifi-logging-utils ---
[INFO] 
[INFO] --- maven-remote-resources-plugin:1.7.0:process (process-resource-bundles) @ nifi-logging-utils ---
[INFO] Preparing remote bundle org.apache:apache-jar-resource-bundle:1.4
[INFO] Copying 3 resources from 1 bundle.
[INFO] 
[INFO] --- maven-resources-plugin:3.1.0:resources (default-resources) @ nifi-logging-utils ---
[INFO] Using 'UTF-8' encoding to copy filtered resources.
[INFO] skip non existing resourceDirectory /home/srafi/after-cam-ready/compare_/compile_repair_output/work/6365a984e536/nifi-commons/nifi-logging-utils/src/main/resources
[INFO] Copying 3 resources
[INFO] 
[INFO] --- maven-compiler-plugin:3.8.1:compile (default-compile) @ nifi-logging-utils ---
[INFO] Changes detected - recompiling the module!
[INFO] Compiling 1 source file to /home/srafi/after-cam-ready/compare_/compile_repair_output/work/6365a984e536/nifi-commons/nifi-logging-utils/target/classes
[INFO] 
[INFO] --- maven-resources-plugin:3.1.0:testResources (default-testResources) @ nifi-logging-utils ---
[INFO] Using 'UTF-8' encoding to copy filtered resources.
[INFO] skip non existing resourceDirectory /home/srafi/after-cam-ready/compare_/compile_repair_output/work/6365a984e536/nifi-commons/nifi-logging-utils/src/test/resources
[INFO] Copying 3 resources
[INFO] 
[INFO] --- maven-compiler-plugin:3.8.1:testCompile (default-testCompile) @ nifi-logging-utils ---
[INFO] No sources to compile
[INFO] 
[INFO] --- maven-compiler-plugin:3.8.1:testCompile (groovy-tests) @ nifi-logging-utils ---
[INFO] No sources to compile
[INFO] 
[INFO] --- maven-surefire-plugin:3.0.0-M8-SNAPSHOT:test (default-test) @ nifi-logging-utils ---
[INFO] Tests are skipped.
[INFO] 
[INFO] --- maven-jar-plugin:3.2.0:jar (default-jar) @ nifi-logging-utils ---
[INFO] Building jar: /home/srafi/after-cam-ready/compare_/compile_repair_output/work/6365a984e536/nifi-commons/nifi-logging-utils/target/nifi-logging-utils-1.15.0-SNAPSHOT.jar
[INFO] 
[INFO] --- maven-site-plugin:3.7.1:attach-descriptor (attach-descriptor) @ nifi-logging-utils ---
[INFO] Skipping because packaging 'jar' is not pom.
[INFO] 
[INFO] --- maven-install-plugin:2.5.2:install (default-install) @ nifi-logging-utils ---
[INFO] Installing /home/srafi/after-cam-ready/compare_/compile_repair_output/work/6365a984e536/nifi-commons/nifi-logging-utils/target/nifi-logging-utils-1.15.0-SNAPSHOT.jar to /home/srafi/.m2/repository/org/apache/nifi/nifi-logging-utils/1.15.0-SNAPSHOT/nifi-logging-utils-1.15.0-SNAPSHOT.jar
[INFO] Installing /home/srafi/after-cam-ready/compare_/compile_repair_output/work/6365a984e536/nifi-commons/nifi-logging-utils/pom.xml to /home/srafi/.m2/repository/org/apache/nifi/nifi-logging-utils/1.15.0-SNAPSHOT/nifi-logging-utils-1.15.0-SNAPSHOT.pom
[INFO] 
[INFO] --------------------< org.apache.nifi:nifi-record >---------------------
[INFO] Building nifi-record 1.15.0-SNAPSHOT                             [17/74]
[INFO] --------------------------------[ jar ]---------------------------------
[INFO] 
[INFO] --- maven-clean-plugin:3.1.0:clean (default-clean) @ nifi-record ---
[INFO] 
[INFO] --- maven-remote-resources-plugin:1.7.0:process (process-resource-bundles) @ nifi-record ---
[INFO] Preparing remote bundle org.apache:apache-jar-resource-bundle:1.4
[INFO] Copying 3 resources from 1 bundle.
[INFO] 
[INFO] --- maven-resources-plugin:3.1.0:resources (default-resources) @ nifi-record ---
[INFO] Using 'UTF-8' encoding to copy filtered resources.
[INFO] skip non existing resourceDirectory /home/srafi/after-cam-ready/compare_/compile_repair_output/work/6365a984e536/nifi-commons/nifi-record/src/main/resources
[INFO] Copying 3 resources
[INFO] 
[INFO] --- maven-compiler-plugin:3.8.1:compile (default-compile) @ nifi-record ---
[INFO] Changes detected - recompiling the module!
[INFO] Compiling 37 source files to /home/srafi/after-cam-ready/compare_/compile_repair_output/work/6365a984e536/nifi-commons/nifi-record/target/classes
[INFO] 
[INFO] --- maven-resources-plugin:3.1.0:testResources (default-testResources) @ nifi-record ---
[INFO] Using 'UTF-8' encoding to copy filtered resources.
[INFO] skip non existing resourceDirectory /home/srafi/after-cam-ready/compare_/compile_repair_output/work/6365a984e536/nifi-commons/nifi-record/src/test/resources
[INFO] Copying 3 resources
[INFO] 
[INFO] --- maven-compiler-plugin:3.8.1:testCompile (default-testCompile) @ nifi-record ---
[INFO] Changes detected - recompiling the module!
[INFO] Compiling 4 source files to /home/srafi/after-cam-ready/compare_/compile_repair_output/work/6365a984e536/nifi-commons/nifi-record/target/test-classes
[INFO] 
[INFO] --- maven-compiler-plugin:3.8.1:testCompile (groovy-tests) @ nifi-record ---
[INFO] Changes detected - recompiling the module!
[INFO] Nothing to compile - all classes are up to date
[INFO] 
[INFO] --- maven-surefire-plugin:3.0.0-M8-SNAPSHOT:test (default-test) @ nifi-record ---
[INFO] Tests are skipped.
[INFO] 
[INFO] --- maven-jar-plugin:3.2.0:jar (default-jar) @ nifi-record ---
[INFO] Building jar: /home/srafi/after-cam-ready/compare_/compile_repair_output/work/6365a984e536/nifi-commons/nifi-record/target/nifi-record-1.15.0-SNAPSHOT.jar
[INFO] 
[INFO] --- maven-site-plugin:3.7.1:attach-descriptor (attach-descriptor) @ nifi-record ---
[INFO] Skipping because packaging 'jar' is not pom.
[INFO] 
[INFO] --- maven-install-plugin:2.5.2:install (default-install) @ nifi-record ---
[INFO] Installing /home/srafi/after-cam-ready/compare_/compile_repair_output/work/6365a984e536/nifi-commons/nifi-record/target/nifi-record-1.15.0-SNAPSHOT.jar to /home/srafi/.m2/repository/org/apache/nifi/nifi-record/1.15.0-SNAPSHOT/nifi-record-1.15.0-SNAPSHOT.jar
[INFO] Installing /home/srafi/after-cam-ready/compare_/compile_repair_output/work/6365a984e536/nifi-commons/nifi-record/pom.xml to /home/srafi/.m2/repository/org/apache/nifi/nifi-record/1.15.0-SNAPSHOT/nifi-record-1.15.0-SNAPSHOT.pom
[INFO] 
[INFO] ------------------< org.apache.nifi:nifi-record-path >------------------
[INFO] Building nifi-record-path 1.15.0-SNAPSHOT                        [18/74]
[INFO] --------------------------------[ jar ]---------------------------------
[INFO] 
[INFO] --- maven-clean-plugin:3.1.0:clean (default-clean) @ nifi-record-path ---
[INFO] 
[INFO] --- antlr3-maven-plugin:3.5.2:antlr (default) @ nifi-record-path ---
[INFO] ANTLR: Processing source directory /home/srafi/after-cam-ready/compare_/compile_repair_output/work/6365a984e536/nifi-commons/nifi-record-path/src/main/antlr3
ANTLR Parser Generator  Version 3.5.2
Output file /home/srafi/after-cam-ready/compare_/compile_repair_output/work/6365a984e536/nifi-commons/nifi-record-path/target/generated-sources/antlr3/org/apache/nifi/record/path/RecordPathLexer.java does not exist: must build /home/srafi/after-cam-ready/compare_/compile_repair_output/work/6365a984e536/nifi-commons/nifi-record-path/src/main/antlr3/org/apache/nifi/record/path/RecordPathLexer.g
org/apache/nifi/record/path/RecordPathLexer.g
Output file /home/srafi/after-cam-ready/compare_/compile_repair_output/work/6365a984e536/nifi-commons/nifi-record-path/target/generated-sources/antlr3/org/apache/nifi/record/path/RecordPathParser.java does not exist: must build /home/srafi/after-cam-ready/compare_/compile_repair_output/work/6365a984e536/nifi-commons/nifi-record-path/src/main/antlr3/org/apache/nifi/record/path/RecordPathParser.g
org/apache/nifi/record/path/RecordPathParser.g
warning(200): org/apache/nifi/record/path/RecordPathParser.g:208:9: 
Decision can match input such as "LBRACKET STRING_LITERAL RBRACKET" using multiple alternatives: 1, 2

As a result, alternative(s) 2 were disabled for that input
[INFO] 
[INFO] --- maven-remote-resources-plugin:1.7.0:process (process-resource-bundles) @ nifi-record-path ---
[INFO] Preparing remote bundle org.apache:apache-jar-resource-bundle:1.4
[INFO] Copying 3 resources from 1 bundle.
[INFO] 
[INFO] --- maven-resources-plugin:3.1.0:resources (default-resources) @ nifi-record-path ---
[INFO] Using 'UTF-8' encoding to copy filtered resources.
[INFO] skip non existing resourceDirectory /home/srafi/after-cam-ready/compare_/compile_repair_output/work/6365a984e536/nifi-commons/nifi-record-path/src/main/resources
[INFO] Copying 3 resources
[INFO] 
[INFO] --- maven-compiler-plugin:3.8.1:compile (default-compile) @ nifi-record-path ---
[INFO] Changes detected - recompiling the module!
[INFO] Compiling 84 source files to /home/srafi/after-cam-ready/compare_/compile_repair_output/work/6365a984e536/nifi-commons/nifi-record-path/target/classes
[INFO] 
[INFO] --- maven-resources-plugin:3.1.0:testResources (default-testResources) @ nifi-record-path ---
[INFO] Using 'UTF-8' encoding to copy filtered resources.
[INFO] skip non existing resourceDirectory /home/srafi/after-cam-ready/compare_/compile_repair_output/work/6365a984e536/nifi-commons/nifi-record-path/src/test/resources
[INFO] Copying 3 resources
[INFO] 
[INFO] --- maven-compiler-plugin:3.8.1:testCompile (default-testCompile) @ nifi-record-path ---
[INFO] Changes detected - recompiling the module!
[INFO] Compiling 4 source files to /home/srafi/after-cam-ready/compare_/compile_repair_output/work/6365a984e536/nifi-commons/nifi-record-path/target/test-classes
[INFO] 
[INFO] --- maven-compiler-plugin:3.8.1:testCompile (groovy-tests) @ nifi-record-path ---
[INFO] Changes detected - recompiling the module!
[INFO] Nothing to compile - all classes are up to date
[INFO] 
[INFO] --- maven-surefire-plugin:3.0.0-M8-SNAPSHOT:test (default-test) @ nifi-record-path ---
[INFO] Tests are skipped.
[INFO] 
[INFO] --- maven-jar-plugin:3.2.0:jar (default-jar) @ nifi-record-path ---
[INFO] Building jar: /home/srafi/after-cam-ready/compare_/compile_repair_output/work/6365a984e536/nifi-commons/nifi-record-path/target/nifi-record-path-1.15.0-SNAPSHOT.jar
[INFO] 
[INFO] --- maven-site-plugin:3.7.1:attach-descriptor (attach-descriptor) @ nifi-record-path ---
[INFO] Skipping because packaging 'jar' is not pom.
[INFO] 
[INFO] --- maven-install-plugin:2.5.2:install (default-install) @ nifi-record-path ---
[INFO] Installing /home/srafi/after-cam-ready/compare_/compile_repair_output/work/6365a984e536/nifi-commons/nifi-record-path/target/nifi-record-path-1.15.0-SNAPSHOT.jar to /home/srafi/.m2/repository/org/apache/nifi/nifi-record-path/1.15.0-SNAPSHOT/nifi-record-path-1.15.0-SNAPSHOT.jar
[INFO] Installing /home/srafi/after-cam-ready/compare_/compile_repair_output/work/6365a984e536/nifi-commons/nifi-record-path/pom.xml to /home/srafi/.m2/repository/org/apache/nifi/nifi-record-path/1.15.0-SNAPSHOT/nifi-record-path-1.15.0-SNAPSHOT.pom
[INFO] 
[INFO] --------------< org.apache.nifi:nifi-security-socket-ssl >--------------
[INFO] Building nifi-security-socket-ssl 1.15.0-SNAPSHOT                [19/74]
[INFO] --------------------------------[ jar ]---------------------------------
[INFO] 
[INFO] --- maven-clean-plugin:3.1.0:clean (default-clean) @ nifi-security-socket-ssl ---
[INFO] 
[INFO] --- maven-remote-resources-plugin:1.7.0:process (process-resource-bundles) @ nifi-security-socket-ssl ---
[INFO] Preparing remote bundle org.apache:apache-jar-resource-bundle:1.4
[INFO] Copying 3 resources from 1 bundle.
[INFO] 
[INFO] --- maven-resources-plugin:3.1.0:resources (default-resources) @ nifi-security-socket-ssl ---
[INFO] Using 'UTF-8' encoding to copy filtered resources.
[INFO] skip non existing resourceDirectory /home/srafi/after-cam-ready/compare_/compile_repair_output/work/6365a984e536/nifi-commons/nifi-security-socket-ssl/src/main/resources
[INFO] Copying 3 resources
[INFO] 
[INFO] --- maven-compiler-plugin:3.8.1:compile (default-compile) @ nifi-security-socket-ssl ---
[INFO] Changes detected - recompiling the module!
[INFO] Compiling 3 source files to /home/srafi/after-cam-ready/compare_/compile_repair_output/work/6365a984e536/nifi-commons/nifi-security-socket-ssl/target/classes
[INFO] 
[INFO] --- maven-resources-plugin:3.1.0:testResources (default-testResources) @ nifi-security-socket-ssl ---
[INFO] Using 'UTF-8' encoding to copy filtered resources.
[INFO] skip non existing resourceDirectory /home/srafi/after-cam-ready/compare_/compile_repair_output/work/6365a984e536/nifi-commons/nifi-security-socket-ssl/src/test/resources
[INFO] Copying 3 resources
[INFO] 
[INFO] --- maven-compiler-plugin:3.8.1:testCompile (default-testCompile) @ nifi-security-socket-ssl ---
[INFO] Changes detected - recompiling the module!
[INFO] Compiling 1 source file to /home/srafi/after-cam-ready/compare_/compile_repair_output/work/6365a984e536/nifi-commons/nifi-security-socket-ssl/target/test-classes
[INFO] 
[INFO] --- maven-compiler-plugin:3.8.1:testCompile (groovy-tests) @ nifi-security-socket-ssl ---
[INFO] Changes detected - recompiling the module!
[INFO] Nothing to compile - all classes are up to date
[INFO] 
[INFO] --- maven-surefire-plugin:3.0.0-M8-SNAPSHOT:test (default-test) @ nifi-security-socket-ssl ---
[INFO] Tests are skipped.
[INFO] 
[INFO] --- maven-jar-plugin:3.2.0:jar (default-jar) @ nifi-security-socket-ssl ---
[INFO] Building jar: /home/srafi/after-cam-ready/compare_/compile_repair_output/work/6365a984e536/nifi-commons/nifi-security-socket-ssl/target/nifi-security-socket-ssl-1.15.0-SNAPSHOT.jar
[INFO] 
[INFO] --- maven-site-plugin:3.7.1:attach-descriptor (attach-descriptor) @ nifi-security-socket-ssl ---
[INFO] Skipping because packaging 'jar' is not pom.
[INFO] 
[INFO] --- maven-install-plugin:2.5.2:install (default-install) @ nifi-security-socket-ssl ---
[INFO] Installing /home/srafi/after-cam-ready/compare_/compile_repair_output/work/6365a984e536/nifi-commons/nifi-security-socket-ssl/target/nifi-security-socket-ssl-1.15.0-SNAPSHOT.jar to /home/srafi/.m2/repository/org/apache/nifi/nifi-security-socket-ssl/1.15.0-SNAPSHOT/nifi-security-socket-ssl-1.15.0-SNAPSHOT.jar
[INFO] Installing /home/srafi/after-cam-ready/compare_/compile_repair_output/work/6365a984e536/nifi-commons/nifi-security-socket-ssl/pom.xml to /home/srafi/.m2/repository/org/apache/nifi/nifi-security-socket-ssl/1.15.0-SNAPSHOT/nifi-security-socket-ssl-1.15.0-SNAPSHOT.pom
[INFO] 
[INFO] ---------------< org.apache.nifi.registry:nifi-registry >---------------
[INFO] Building nifi-registry 1.15.0-SNAPSHOT                           [20/74]
[INFO] --------------------------------[ pom ]---------------------------------
[INFO] 
[INFO] --- maven-clean-plugin:3.1.0:clean (default-clean) @ nifi-registry ---
[INFO] 
[INFO] --- maven-remote-resources-plugin:1.7.0:process (process-resource-bundles) @ nifi-registry ---
[INFO] Preparing remote bundle org.apache:apache-jar-resource-bundle:1.4
[INFO] Copying 3 resources from 1 bundle.
[INFO] 
[INFO] --- maven-compiler-plugin:3.8.1:testCompile (groovy-tests) @ nifi-registry ---
[INFO] No sources to compile
[INFO] 
[INFO] --- maven-site-plugin:3.4:attach-descriptor (attach-descriptor) @ nifi-registry ---
[INFO] 
[INFO] --- maven-install-plugin:2.5.2:install (default-install) @ nifi-registry ---
[INFO] Installing /home/srafi/after-cam-ready/compare_/compile_repair_output/work/6365a984e536/nifi-registry/pom.xml to /home/srafi/.m2/repository/org/apache/nifi/registry/nifi-registry/1.15.0-SNAPSHOT/nifi-registry-1.15.0-SNAPSHOT.pom
[INFO] 
[INFO] ------------< org.apache.nifi.registry:nifi-registry-core >-------------
[INFO] Building nifi-registry-core 1.15.0-SNAPSHOT                      [21/74]
[INFO] --------------------------------[ pom ]---------------------------------
[INFO] 
[INFO] --- maven-clean-plugin:3.1.0:clean (default-clean) @ nifi-registry-core ---
[INFO] 
[INFO] --- maven-remote-resources-plugin:1.7.0:process (process-resource-bundles) @ nifi-registry-core ---
[INFO] Preparing remote bundle org.apache:apache-jar-resource-bundle:1.4
[INFO] Copying 3 resources from 1 bundle.
[INFO] 
[INFO] --- maven-compiler-plugin:3.8.1:testCompile (groovy-tests) @ nifi-registry-core ---
[INFO] No sources to compile
[INFO] 
[INFO] --- maven-site-plugin:3.4:attach-descriptor (attach-descriptor) @ nifi-registry-core ---
[INFO] 
[INFO] --- maven-install-plugin:2.5.2:install (default-install) @ nifi-registry-core ---
[INFO] Installing /home/srafi/after-cam-ready/compare_/compile_repair_output/work/6365a984e536/nifi-registry/nifi-registry-core/pom.xml to /home/srafi/.m2/repository/org/apache/nifi/registry/nifi-registry-core/1.15.0-SNAPSHOT/nifi-registry-core-1.15.0-SNAPSHOT.pom
[INFO] 
[INFO] ----------< org.apache.nifi.registry:nifi-registry-revision >-----------
[INFO] Building nifi-registry-revision 1.15.0-SNAPSHOT                  [22/74]
[INFO] --------------------------------[ pom ]---------------------------------
[INFO] 
[INFO] --- maven-clean-plugin:3.1.0:clean (default-clean) @ nifi-registry-revision ---
[INFO] 
[INFO] --- maven-remote-resources-plugin:1.7.0:process (process-resource-bundles) @ nifi-registry-revision ---
[INFO] Preparing remote bundle org.apache:apache-jar-resource-bundle:1.4
[INFO] Copying 3 resources from 1 bundle.
[INFO] 
[INFO] --- maven-compiler-plugin:3.8.1:testCompile (groovy-tests) @ nifi-registry-revision ---
[INFO] No sources to compile
[INFO] 
[INFO] --- maven-site-plugin:3.4:attach-descriptor (attach-descriptor) @ nifi-registry-revision ---
[INFO] 
[INFO] --- maven-install-plugin:2.5.2:install (default-install) @ nifi-registry-revision ---
[INFO] Installing /home/srafi/after-cam-ready/compare_/compile_repair_output/work/6365a984e536/nifi-registry/nifi-registry-core/nifi-registry-revision/pom.xml to /home/srafi/.m2/repository/org/apache/nifi/registry/nifi-registry-revision/1.15.0-SNAPSHOT/nifi-registry-revision-1.15.0-SNAPSHOT.pom
[INFO] 
[INFO] ----< org.apache.nifi.registry:nifi-registry-revision-entity-model >----
[INFO] Building nifi-registry-revision-entity-model 1.15.0-SNAPSHOT     [23/74]
[INFO] --------------------------------[ jar ]---------------------------------
[INFO] 
[INFO] --- maven-clean-plugin:3.1.0:clean (default-clean) @ nifi-registry-revision-entity-model ---
[INFO] 
[INFO] --- maven-remote-resources-plugin:1.7.0:process (process-resource-bundles) @ nifi-registry-revision-entity-model ---
[INFO] Preparing remote bundle org.apache:apache-jar-resource-bundle:1.4
[INFO] Copying 3 resources from 1 bundle.
[INFO] 
[INFO] --- maven-resources-plugin:2.7:resources (default-resources) @ nifi-registry-revision-entity-model ---
[INFO] Using 'UTF-8' encoding to copy filtered resources.
[INFO] skip non existing resourceDirectory /home/srafi/after-cam-ready/compare_/compile_repair_output/work/6365a984e536/nifi-registry/nifi-registry-core/nifi-registry-revision/nifi-registry-revision-entity-model/src/main/resources
[INFO] Copying 3 resources
[INFO] 
[INFO] --- maven-compiler-plugin:3.8.1:compile (default-compile) @ nifi-registry-revision-entity-model ---
[INFO] Changes detected - recompiling the module!
[INFO] Compiling 2 source files to /home/srafi/after-cam-ready/compare_/compile_repair_output/work/6365a984e536/nifi-registry/nifi-registry-core/nifi-registry-revision/nifi-registry-revision-entity-model/target/classes
[INFO] 
[INFO] --- maven-resources-plugin:2.7:testResources (default-testResources) @ nifi-registry-revision-entity-model ---
[INFO] Using 'UTF-8' encoding to copy filtered resources.
[INFO] skip non existing resourceDirectory /home/srafi/after-cam-ready/compare_/compile_repair_output/work/6365a984e536/nifi-registry/nifi-registry-core/nifi-registry-revision/nifi-registry-revision-entity-model/src/test/resources
[INFO] Copying 3 resources
[INFO] 
[INFO] --- maven-compiler-plugin:3.8.1:testCompile (default-testCompile) @ nifi-registry-revision-entity-model ---
[INFO] No sources to compile
[INFO] 
[INFO] --- maven-compiler-plugin:3.8.1:testCompile (groovy-tests) @ nifi-registry-revision-entity-model ---
[INFO] No sources to compile
[INFO] 
[INFO] --- maven-surefire-plugin:3.0.0-M8-SNAPSHOT:test (default-test) @ nifi-registry-revision-entity-model ---
[INFO] Tests are skipped.
[INFO] 
[INFO] --- maven-jar-plugin:2.5:jar (default-jar) @ nifi-registry-revision-entity-model ---
[INFO] Building jar: /home/srafi/after-cam-ready/compare_/compile_repair_output/work/6365a984e536/nifi-registry/nifi-registry-core/nifi-registry-revision/nifi-registry-revision-entity-model/target/nifi-registry-revision-entity-model-1.15.0-SNAPSHOT.jar
[INFO] 
[INFO] --- maven-site-plugin:3.4:attach-descriptor (attach-descriptor) @ nifi-registry-revision-entity-model ---
[INFO] 
[INFO] --- maven-install-plugin:2.5.2:install (default-install) @ nifi-registry-revision-entity-model ---
[INFO] Installing /home/srafi/after-cam-ready/compare_/compile_repair_output/work/6365a984e536/nifi-registry/nifi-registry-core/nifi-registry-revision/nifi-registry-revision-entity-model/target/nifi-registry-revision-entity-model-1.15.0-SNAPSHOT.jar to /home/srafi/.m2/repository/org/apache/nifi/registry/nifi-registry-revision-entity-model/1.15.0-SNAPSHOT/nifi-registry-revision-entity-model-1.15.0-SNAPSHOT.jar
[INFO] Installing /home/srafi/after-cam-ready/compare_/compile_repair_output/work/6365a984e536/nifi-registry/nifi-registry-core/nifi-registry-revision/nifi-registry-revision-entity-model/pom.xml to /home/srafi/.m2/repository/org/apache/nifi/registry/nifi-registry-revision-entity-model/1.15.0-SNAPSHOT/nifi-registry-revision-entity-model-1.15.0-SNAPSHOT.pom
[INFO] 
[INFO] ---------< org.apache.nifi.registry:nifi-registry-data-model >----------
[INFO] Building nifi-registry-data-model 1.15.0-SNAPSHOT                [24/74]
[INFO] --------------------------------[ jar ]---------------------------------
[INFO] 
[INFO] --- maven-clean-plugin:3.1.0:clean (default-clean) @ nifi-registry-data-model ---
[INFO] 
[INFO] --- maven-remote-resources-plugin:1.7.0:process (process-resource-bundles) @ nifi-registry-data-model ---
[INFO] Preparing remote bundle org.apache:apache-jar-resource-bundle:1.4
[INFO] Copying 3 resources from 1 bundle.
[INFO] 
[INFO] --- maven-resources-plugin:2.7:resources (default-resources) @ nifi-registry-data-model ---
[INFO] Using 'UTF-8' encoding to copy filtered resources.
[INFO] skip non existing resourceDirectory /home/srafi/after-cam-ready/compare_/compile_repair_output/work/6365a984e536/nifi-registry/nifi-registry-core/nifi-registry-data-model/src/main/resources
[INFO] Copying 3 resources
[INFO] 
[INFO] --- maven-compiler-plugin:3.8.1:compile (default-compile) @ nifi-registry-data-model ---
[INFO] Changes detected - recompiling the module!
[INFO] Compiling 70 source files to /home/srafi/after-cam-ready/compare_/compile_repair_output/work/6365a984e536/nifi-registry/nifi-registry-core/nifi-registry-data-model/target/classes
[INFO] 
[INFO] --- maven-resources-plugin:2.7:testResources (default-testResources) @ nifi-registry-data-model ---
[INFO] Using 'UTF-8' encoding to copy filtered resources.
[INFO] skip non existing resourceDirectory /home/srafi/after-cam-ready/compare_/compile_repair_output/work/6365a984e536/nifi-registry/nifi-registry-core/nifi-registry-data-model/src/test/resources
[INFO] Copying 3 resources
[INFO] 
[INFO] --- maven-compiler-plugin:3.8.1:testCompile (default-testCompile) @ nifi-registry-data-model ---
[INFO] Changes detected - recompiling the module!
[INFO] Compiling 1 source file to /home/srafi/after-cam-ready/compare_/compile_repair_output/work/6365a984e536/nifi-registry/nifi-registry-core/nifi-registry-data-model/target/test-classes
[WARNING] /home/srafi/after-cam-ready/compare_/compile_repair_output/work/6365a984e536/nifi-registry/nifi-registry-core/nifi-registry-data-model/src/test/java/org/apache/nifi/registry/flow/TestVersionedRemoteProcessGroup.java:[36,31] [deprecation] getTargetUri() in VersionedRemoteProcessGroup has been deprecated
[WARNING] /home/srafi/after-cam-ready/compare_/compile_repair_output/work/6365a984e536/nifi-registry/nifi-registry-core/nifi-registry-data-model/src/test/java/org/apache/nifi/registry/flow/TestVersionedRemoteProcessGroup.java:[41,31] [deprecation] getTargetUri() in VersionedRemoteProcessGroup has been deprecated
[WARNING] /home/srafi/after-cam-ready/compare_/compile_repair_output/work/6365a984e536/nifi-registry/nifi-registry-core/nifi-registry-data-model/src/test/java/org/apache/nifi/registry/flow/TestVersionedRemoteProcessGroup.java:[51,34] [deprecation] getTargetUri() in VersionedRemoteProcessGroup has been deprecated
[WARNING] /home/srafi/after-cam-ready/compare_/compile_repair_output/work/6365a984e536/nifi-registry/nifi-registry-core/nifi-registry-data-model/src/test/java/org/apache/nifi/registry/flow/TestVersionedRemoteProcessGroup.java:[59,31] [deprecation] getTargetUri() in VersionedRemoteProcessGroup has been deprecated
[WARNING] /home/srafi/after-cam-ready/compare_/compile_repair_output/work/6365a984e536/nifi-registry/nifi-registry-core/nifi-registry-data-model/src/test/java/org/apache/nifi/registry/flow/TestVersionedRemoteProcessGroup.java:[64,31] [deprecation] getTargetUri() in VersionedRemoteProcessGroup has been deprecated
[WARNING] /home/srafi/after-cam-ready/compare_/compile_repair_output/work/6365a984e536/nifi-registry/nifi-registry-core/nifi-registry-data-model/src/test/java/org/apache/nifi/registry/flow/TestVersionedRemoteProcessGroup.java:[69,34] [deprecation] getTargetUri() in VersionedRemoteProcessGroup has been deprecated
[WARNING] /home/srafi/after-cam-ready/compare_/compile_repair_output/work/6365a984e536/nifi-registry/nifi-registry-core/nifi-registry-data-model/src/test/java/org/apache/nifi/registry/flow/TestVersionedRemoteProcessGroup.java:[74,34] [deprecation] getTargetUri() in VersionedRemoteProcessGroup has been deprecated
[WARNING] /home/srafi/after-cam-ready/compare_/compile_repair_output/work/6365a984e536/nifi-registry/nifi-registry-core/nifi-registry-data-model/src/test/java/org/apache/nifi/registry/flow/TestVersionedRemoteProcessGroup.java:[82,34] [deprecation] getTargetUri() in VersionedRemoteProcessGroup has been deprecated
[WARNING] /home/srafi/after-cam-ready/compare_/compile_repair_output/work/6365a984e536/nifi-registry/nifi-registry-core/nifi-registry-data-model/src/test/java/org/apache/nifi/registry/flow/TestVersionedRemoteProcessGroup.java:[87,34] [deprecation] getTargetUri() in VersionedRemoteProcessGroup has been deprecated
[WARNING] /home/srafi/after-cam-ready/compare_/compile_repair_output/work/6365a984e536/nifi-registry/nifi-registry-core/nifi-registry-data-model/src/test/java/org/apache/nifi/registry/flow/TestVersionedRemoteProcessGroup.java:[92,34] [deprecation] getTargetUri() in VersionedRemoteProcessGroup has been deprecated
[WARNING] /home/srafi/after-cam-ready/compare_/compile_repair_output/work/6365a984e536/nifi-registry/nifi-registry-core/nifi-registry-data-model/src/test/java/org/apache/nifi/registry/flow/TestVersionedRemoteProcessGroup.java:[97,34] [deprecation] getTargetUri() in VersionedRemoteProcessGroup has been deprecated
[INFO] 
[INFO] --- maven-compiler-plugin:3.8.1:testCompile (groovy-tests) @ nifi-registry-data-model ---
[INFO] Changes detected - recompiling the module!
[INFO] Nothing to compile - all classes are up to date
[INFO] 
[INFO] --- maven-surefire-plugin:3.0.0-M8-SNAPSHOT:test (default-test) @ nifi-registry-data-model ---
[INFO] Tests are skipped.
[INFO] 
[INFO] --- maven-jar-plugin:2.5:jar (default-jar) @ nifi-registry-data-model ---
[INFO] Building jar: /home/srafi/after-cam-ready/compare_/compile_repair_output/work/6365a984e536/nifi-registry/nifi-registry-core/nifi-registry-data-model/target/nifi-registry-data-model-1.15.0-SNAPSHOT.jar
[INFO] 
[INFO] --- maven-site-plugin:3.4:attach-descriptor (attach-descriptor) @ nifi-registry-data-model ---
[INFO] 
[INFO] --- maven-install-plugin:2.5.2:install (default-install) @ nifi-registry-data-model ---
[INFO] Installing /home/srafi/after-cam-ready/compare_/compile_repair_output/work/6365a984e536/nifi-registry/nifi-registry-core/nifi-registry-data-model/target/nifi-registry-data-model-1.15.0-SNAPSHOT.jar to /home/srafi/.m2/repository/org/apache/nifi/registry/nifi-registry-data-model/1.15.0-SNAPSHOT/nifi-registry-data-model-1.15.0-SNAPSHOT.jar
[INFO] Installing /home/srafi/after-cam-ready/compare_/compile_repair_output/work/6365a984e536/nifi-registry/nifi-registry-core/nifi-registry-data-model/pom.xml to /home/srafi/.m2/repository/org/apache/nifi/registry/nifi-registry-data-model/1.15.0-SNAPSHOT/nifi-registry-data-model-1.15.0-SNAPSHOT.pom
[INFO] 
[INFO] ------------------< org.apache.nifi:nifi-nar-bundles >------------------
[INFO] Building nifi-nar-bundles 1.15.0-SNAPSHOT                        [25/74]
[INFO] --------------------------------[ pom ]---------------------------------
[INFO] 
[INFO] --- maven-clean-plugin:3.1.0:clean (default-clean) @ nifi-nar-bundles ---
[INFO] 
[INFO] --- buildnumber-maven-plugin:1.4:create (default) @ nifi-nar-bundles ---
[INFO] ShortRevision tag detected. The value is '7'.
[INFO] Executing: /bin/sh -c cd '/home/srafi/after-cam-ready/compare_/compile_repair_output/work/6365a984e536/nifi-nar-bundles' && 'git' 'rev-parse' '--verify' '--short=7' 'HEAD'
[INFO] Working directory: /home/srafi/after-cam-ready/compare_/compile_repair_output/work/6365a984e536/nifi-nar-bundles
[INFO] Storing buildNumber: 2bd752d at timestamp: 1786823265936
[WARNING] Cannot get the branch information from the git repository: 
Detecting the current branch failed: fatal: ref HEAD is not a symbolic ref

[INFO] ShortRevision tag detected. The value is '7'.
[INFO] Executing: /bin/sh -c cd '/home/srafi/after-cam-ready/compare_/compile_repair_output/work/6365a984e536/nifi-nar-bundles' && 'git' 'rev-parse' '--verify' '--short=7' 'HEAD'
[INFO] Working directory: /home/srafi/after-cam-ready/compare_/compile_repair_output/work/6365a984e536/nifi-nar-bundles
[INFO] Storing buildScmBranch: UNKNOWN
[INFO] 
[INFO] --- maven-remote-resources-plugin:1.7.0:process (process-resource-bundles) @ nifi-nar-bundles ---
[INFO] Preparing remote bundle org.apache:apache-jar-resource-bundle:1.4
[INFO] Copying 3 resources from 1 bundle.
[INFO] 
[INFO] --- maven-compiler-plugin:3.8.1:testCompile (groovy-tests) @ nifi-nar-bundles ---
[INFO] No sources to compile
[INFO] 
[INFO] --- maven-site-plugin:3.7.1:attach-descriptor (attach-descriptor) @ nifi-nar-bundles ---
[INFO] No site descriptor found: nothing to attach.
[INFO] 
[INFO] --- maven-install-plugin:2.5.2:install (default-install) @ nifi-nar-bundles ---
[INFO] Installing /home/srafi/after-cam-ready/compare_/compile_repair_output/work/6365a984e536/nifi-nar-bundles/pom.xml to /home/srafi/.m2/repository/org/apache/nifi/nifi-nar-bundles/1.15.0-SNAPSHOT/nifi-nar-bundles-1.15.0-SNAPSHOT.pom
[INFO] 
[INFO] ---------------< org.apache.nifi:nifi-framework-bundle >----------------
[INFO] Building nifi-framework-bundle 1.15.0-SNAPSHOT                   [26/74]
[INFO] --------------------------------[ pom ]---------------------------------
[INFO] 
[INFO] --- maven-clean-plugin:3.1.0:clean (default-clean) @ nifi-framework-bundle ---
[INFO] 
[INFO] --- buildnumber-maven-plugin:1.4:create (default) @ nifi-framework-bundle ---
[INFO] 
[INFO] --- maven-remote-resources-plugin:1.7.0:process (process-resource-bundles) @ nifi-framework-bundle ---
[INFO] Preparing remote bundle org.apache:apache-jar-resource-bundle:1.4
[INFO] Copying 3 resources from 1 bundle.
[INFO] 
[INFO] --- maven-compiler-plugin:3.8.1:testCompile (groovy-tests) @ nifi-framework-bundle ---
[INFO] No sources to compile
[INFO] 
[INFO] --- maven-site-plugin:3.7.1:attach-descriptor (attach-descriptor) @ nifi-framework-bundle ---
[INFO] No site descriptor found: nothing to attach.
[INFO] 
[INFO] --- maven-install-plugin:2.5.2:install (default-install) @ nifi-framework-bundle ---
[INFO] Installing /home/srafi/after-cam-ready/compare_/compile_repair_output/work/6365a984e536/nifi-nar-bundles/nifi-framework-bundle/pom.xml to /home/srafi/.m2/repository/org/apache/nifi/nifi-framework-bundle/1.15.0-SNAPSHOT/nifi-framework-bundle-1.15.0-SNAPSHOT.pom
[INFO] 
[INFO] -------------------< org.apache.nifi:nifi-framework >-------------------
[INFO] Building nifi-framework 1.15.0-SNAPSHOT                          [27/74]
[INFO] --------------------------------[ pom ]---------------------------------
[INFO] 
[INFO] --- maven-clean-plugin:3.1.0:clean (default-clean) @ nifi-framework ---
[INFO] 
[INFO] --- buildnumber-maven-plugin:1.4:create (default) @ nifi-framework ---
[INFO] 
[INFO] --- maven-remote-resources-plugin:1.7.0:process (process-resource-bundles) @ nifi-framework ---
[INFO] Preparing remote bundle org.apache:apache-jar-resource-bundle:1.4
[INFO] Copying 3 resources from 1 bundle.
[INFO] 
[INFO] --- maven-compiler-plugin:3.8.1:testCompile (groovy-tests) @ nifi-framework ---
[INFO] No sources to compile
[INFO] 
[INFO] --- maven-site-plugin:3.7.1:attach-descriptor (attach-descriptor) @ nifi-framework ---
[INFO] No site descriptor found: nothing to attach.
[INFO] 
[INFO] --- maven-install-plugin:2.5.2:install (default-install) @ nifi-framework ---
[INFO] Installing /home/srafi/after-cam-ready/compare_/compile_repair_output/work/6365a984e536/nifi-nar-bundles/nifi-framework-bundle/nifi-framework/pom.xml to /home/srafi/.m2/repository/org/apache/nifi/nifi-framework/1.15.0-SNAPSHOT/nifi-framework-1.15.0-SNAPSHOT.pom
[INFO] 
[INFO] ------------------< org.apache.nifi:nifi-client-dto >-------------------
[INFO] Building nifi-client-dto 1.15.0-SNAPSHOT                         [28/74]
[INFO] --------------------------------[ jar ]---------------------------------
[INFO] 
[INFO] --- maven-clean-plugin:3.1.0:clean (default-clean) @ nifi-client-dto ---
[INFO] 
[INFO] --- buildnumber-maven-plugin:1.4:create (default) @ nifi-client-dto ---
[INFO] 
[INFO] --- maven-remote-resources-plugin:1.7.0:process (process-resource-bundles) @ nifi-client-dto ---
[INFO] Preparing remote bundle org.apache:apache-jar-resource-bundle:1.4
[INFO] Copying 3 resources from 1 bundle.
[INFO] 
[INFO] --- maven-resources-plugin:3.1.0:resources (default-resources) @ nifi-client-dto ---
[INFO] Using 'UTF-8' encoding to copy filtered resources.
[INFO] skip non existing resourceDirectory /home/srafi/after-cam-ready/compare_/compile_repair_output/work/6365a984e536/nifi-nar-bundles/nifi-framework-bundle/nifi-framework/nifi-client-dto/src/main/resources
[INFO] Copying 3 resources
[INFO] 
[INFO] --- maven-compiler-plugin:3.8.1:compile (default-compile) @ nifi-client-dto ---
[INFO] Changes detected - recompiling the module!
[INFO] Compiling 342 source files to /home/srafi/after-cam-ready/compare_/compile_repair_output/work/6365a984e536/nifi-nar-bundles/nifi-framework-bundle/nifi-framework/nifi-client-dto/target/classes
[INFO] 
[INFO] --- maven-resources-plugin:3.1.0:testResources (default-testResources) @ nifi-client-dto ---
[INFO] Using 'UTF-8' encoding to copy filtered resources.
[INFO] skip non existing resourceDirectory /home/srafi/after-cam-ready/compare_/compile_repair_output/work/6365a984e536/nifi-nar-bundles/nifi-framework-bundle/nifi-framework/nifi-client-dto/src/test/resources
[INFO] Copying 3 resources
[INFO] 
[INFO] --- maven-compiler-plugin:3.8.1:testCompile (default-testCompile) @ nifi-client-dto ---
[INFO] Changes detected - recompiling the module!
[INFO] Compiling 4 source files to /home/srafi/after-cam-ready/compare_/compile_repair_output/work/6365a984e536/nifi-nar-bundles/nifi-framework-bundle/nifi-framework/nifi-client-dto/target/test-classes
[INFO] 
[INFO] --- maven-compiler-plugin:3.8.1:testCompile (groovy-tests) @ nifi-client-dto ---
[INFO] Changes detected - recompiling the module!
[INFO] Nothing to compile - all classes are up to date
[INFO] 
[INFO] --- maven-surefire-plugin:3.0.0-M8-SNAPSHOT:test (default-test) @ nifi-client-dto ---
[INFO] Tests are skipped.
[INFO] 
[INFO] --- maven-jar-plugin:3.2.0:jar (default-jar) @ nifi-client-dto ---
[INFO] Building jar: /home/srafi/after-cam-ready/compare_/compile_repair_output/work/6365a984e536/nifi-nar-bundles/nifi-framework-bundle/nifi-framework/nifi-client-dto/target/nifi-client-dto-1.15.0-SNAPSHOT.jar
[INFO] 
[INFO] --- maven-site-plugin:3.7.1:attach-descriptor (attach-descriptor) @ nifi-client-dto ---
[INFO] Skipping because packaging 'jar' is not pom.
[INFO] 
[INFO] --- maven-install-plugin:2.5.2:install (default-install) @ nifi-client-dto ---
[INFO] Installing /home/srafi/after-cam-ready/compare_/compile_repair_output/work/6365a984e536/nifi-nar-bundles/nifi-framework-bundle/nifi-framework/nifi-client-dto/target/nifi-client-dto-1.15.0-SNAPSHOT.jar to /home/srafi/.m2/repository/org/apache/nifi/nifi-client-dto/1.15.0-SNAPSHOT/nifi-client-dto-1.15.0-SNAPSHOT.jar
[INFO] Installing /home/srafi/after-cam-ready/compare_/compile_repair_output/work/6365a984e536/nifi-nar-bundles/nifi-framework-bundle/nifi-framework/nifi-client-dto/pom.xml to /home/srafi/.m2/repository/org/apache/nifi/nifi-client-dto/1.15.0-SNAPSHOT/nifi-client-dto-1.15.0-SNAPSHOT.pom
[INFO] 
[INFO] --------------< org.apache.nifi:nifi-site-to-site-client >--------------
[INFO] Building nifi-site-to-site-client 1.15.0-SNAPSHOT                [29/74]
[INFO] --------------------------------[ jar ]---------------------------------
[INFO] 
[INFO] --- maven-clean-plugin:3.1.0:clean (default-clean) @ nifi-site-to-site-client ---
[INFO] 
[INFO] --- maven-remote-resources-plugin:1.7.0:process (process-resource-bundles) @ nifi-site-to-site-client ---
[INFO] Preparing remote bundle org.apache:apache-jar-resource-bundle:1.4
[INFO] Copying 3 resources from 1 bundle.
[INFO] 
[INFO] --- maven-resources-plugin:3.1.0:resources (default-resources) @ nifi-site-to-site-client ---
[INFO] Using 'UTF-8' encoding to copy filtered resources.
[INFO] skip non existing resourceDirectory /home/srafi/after-cam-ready/compare_/compile_repair_output/work/6365a984e536/nifi-commons/nifi-site-to-site-client/src/main/resources
[INFO] Copying 3 resources
[INFO] 
[INFO] --- maven-compiler-plugin:3.8.1:compile (default-compile) @ nifi-site-to-site-client ---
[INFO] Changes detected - recompiling the module!
[INFO] Compiling 65 source files to /home/srafi/after-cam-ready/compare_/compile_repair_output/work/6365a984e536/nifi-commons/nifi-site-to-site-client/target/classes
[INFO] 
[INFO] --- maven-resources-plugin:3.1.0:testResources (default-testResources) @ nifi-site-to-site-client ---
[INFO] Using 'UTF-8' encoding to copy filtered resources.
[INFO] skip non existing resourceDirectory /home/srafi/after-cam-ready/compare_/compile_repair_output/work/6365a984e536/nifi-commons/nifi-site-to-site-client/src/test/resources
[INFO] Copying 3 resources
[INFO] 
[INFO] --- maven-compiler-plugin:3.8.1:testCompile (default-testCompile) @ nifi-site-to-site-client ---
[INFO] Changes detected - recompiling the module!
[INFO] Compiling 8 source files to /home/srafi/after-cam-ready/compare_/compile_repair_output/work/6365a984e536/nifi-commons/nifi-site-to-site-client/target/test-classes
[WARNING] /home/srafi/after-cam-ready/compare_/compile_repair_output/work/6365a984e536/nifi-commons/nifi-site-to-site-client/src/test/java/org/apache/nifi/remote/client/socket/TestSiteToSiteClient.java:[111,53] [deprecation] getUrl() in SiteToSiteClientConfig has been deprecated
[INFO] 
[INFO] --- maven-compiler-plugin:3.8.1:testCompile (groovy-tests) @ nifi-site-to-site-client ---
[INFO] Changes detected - recompiling the module!
[INFO] Using Groovy-Eclipse compiler to compile both Java and Groovy files
[INFO] Compiling in a forked process using /home/srafi/.m2/repository/org/codehaus/groovy/groovy-eclipse-batch/2.5.14-01/groovy-eclipse-batch-2.5.14-01.jar
[INFO] 
[INFO] --- maven-surefire-plugin:3.0.0-M8-SNAPSHOT:test (default-test) @ nifi-site-to-site-client ---
[INFO] Tests are skipped.
[INFO] 
[INFO] --- maven-jar-plugin:3.2.0:jar (default-jar) @ nifi-site-to-site-client ---
[INFO] Building jar: /home/srafi/after-cam-ready/compare_/compile_repair_output/work/6365a984e536/nifi-commons/nifi-site-to-site-client/target/nifi-site-to-site-client-1.15.0-SNAPSHOT.jar
[INFO] 
[INFO] --- maven-site-plugin:3.7.1:attach-descriptor (attach-descriptor) @ nifi-site-to-site-client ---
[INFO] Skipping because packaging 'jar' is not pom.
[INFO] 
[INFO] --- maven-install-plugin:2.5.2:install (default-install) @ nifi-site-to-site-client ---
[INFO] Installing /home/srafi/after-cam-ready/compare_/compile_repair_output/work/6365a984e536/nifi-commons/nifi-site-to-site-client/target/nifi-site-to-site-client-1.15.0-SNAPSHOT.jar to /home/srafi/.m2/repository/org/apache/nifi/nifi-site-to-site-client/1.15.0-SNAPSHOT/nifi-site-to-site-client-1.15.0-SNAPSHOT.jar
[INFO] Installing /home/srafi/after-cam-ready/compare_/compile_repair_output/work/6365a984e536/nifi-commons/nifi-site-to-site-client/pom.xml to /home/srafi/.m2/repository/org/apache/nifi/nifi-site-to-site-client/1.15.0-SNAPSHOT/nifi-site-to-site-client-1.15.0-SNAPSHOT.pom
[INFO] 
[INFO] -----------------< org.apache.nifi:nifi-socket-utils >------------------
[INFO] Building nifi-socket-utils 1.15.0-SNAPSHOT                       [30/74]
[INFO] --------------------------------[ jar ]---------------------------------
[INFO] 
[INFO] --- maven-clean-plugin:3.1.0:clean (default-clean) @ nifi-socket-utils ---
[INFO] 
[INFO] --- maven-remote-resources-plugin:1.7.0:process (process-resource-bundles) @ nifi-socket-utils ---
[INFO] Preparing remote bundle org.apache:apache-jar-resource-bundle:1.4
[INFO] Copying 3 resources from 1 bundle.
[INFO] 
[INFO] --- maven-resources-plugin:3.1.0:resources (default-resources) @ nifi-socket-utils ---
[INFO] Using 'UTF-8' encoding to copy filtered resources.
[INFO] skip non existing resourceDirectory /home/srafi/after-cam-ready/compare_/compile_repair_output/work/6365a984e536/nifi-commons/nifi-socket-utils/src/main/resources
[INFO] Copying 3 resources
[INFO] 
[INFO] --- maven-compiler-plugin:3.8.1:compile (default-compile) @ nifi-socket-utils ---
[INFO] Changes detected - recompiling the module!
[INFO] Compiling 23 source files to /home/srafi/after-cam-ready/compare_/compile_repair_output/work/6365a984e536/nifi-commons/nifi-socket-utils/target/classes
[INFO] 
[INFO] --- maven-resources-plugin:3.1.0:testResources (default-testResources) @ nifi-socket-utils ---
[INFO] Using 'UTF-8' encoding to copy filtered resources.
[INFO] Copying 3 resources
[INFO] Copying 3 resources
[INFO] 
[INFO] --- maven-compiler-plugin:3.8.1:testCompile (default-testCompile) @ nifi-socket-utils ---
[INFO] Changes detected - recompiling the module!
[INFO] Compiling 4 source files to /home/srafi/after-cam-ready/compare_/compile_repair_output/work/6365a984e536/nifi-commons/nifi-socket-utils/target/test-classes
[INFO] 
[INFO] --- maven-compiler-plugin:3.8.1:testCompile (groovy-tests) @ nifi-socket-utils ---
[INFO] Changes detected - recompiling the module!
[INFO] Using Groovy-Eclipse compiler to compile both Java and Groovy files
[INFO] Compiling in a forked process using /home/srafi/.m2/repository/org/codehaus/groovy/groovy-eclipse-batch/2.5.14-01/groovy-eclipse-batch-2.5.14-01.jar
[INFO] 
[INFO] --- maven-surefire-plugin:3.0.0-M8-SNAPSHOT:test (default-test) @ nifi-socket-utils ---
[INFO] Tests are skipped.
[INFO] 
[INFO] --- maven-jar-plugin:3.2.0:jar (default-jar) @ nifi-socket-utils ---
[INFO] Building jar: /home/srafi/after-cam-ready/compare_/compile_repair_output/work/6365a984e536/nifi-commons/nifi-socket-utils/target/nifi-socket-utils-1.15.0-SNAPSHOT.jar
[INFO] 
[INFO] --- maven-site-plugin:3.7.1:attach-descriptor (attach-descriptor) @ nifi-socket-utils ---
[INFO] Skipping because packaging 'jar' is not pom.
[INFO] 
[INFO] --- maven-install-plugin:2.5.2:install (default-install) @ nifi-socket-utils ---
[INFO] Installing /home/srafi/after-cam-ready/compare_/compile_repair_output/work/6365a984e536/nifi-commons/nifi-socket-utils/target/nifi-socket-utils-1.15.0-SNAPSHOT.jar to /home/srafi/.m2/repository/org/apache/nifi/nifi-socket-utils/1.15.0-SNAPSHOT/nifi-socket-utils-1.15.0-SNAPSHOT.jar
[INFO] Installing /home/srafi/after-cam-ready/compare_/compile_repair_output/work/6365a984e536/nifi-commons/nifi-socket-utils/pom.xml to /home/srafi/.m2/repository/org/apache/nifi/nifi-socket-utils/1.15.0-SNAPSHOT/nifi-socket-utils-1.15.0-SNAPSHOT.pom
[INFO] 
[INFO] ------------------< org.apache.nifi:nifi-server-api >-------------------
[INFO] Building nifi-server-api 1.15.0-SNAPSHOT                         [31/74]
[INFO] --------------------------------[ jar ]---------------------------------
[INFO] 
[INFO] --- maven-clean-plugin:3.1.0:clean (default-clean) @ nifi-server-api ---
[INFO] 
[INFO] --- maven-remote-resources-plugin:1.7.0:process (process-resource-bundles) @ nifi-server-api ---
[INFO] Preparing remote bundle org.apache:apache-jar-resource-bundle:1.4
[INFO] Copying 3 resources from 1 bundle.
[INFO] 
[INFO] --- maven-resources-plugin:3.1.0:resources (default-resources) @ nifi-server-api ---
[INFO] Using 'UTF-8' encoding to copy filtered resources.
[INFO] skip non existing resourceDirectory /home/srafi/after-cam-ready/compare_/compile_repair_output/work/6365a984e536/nifi-server-api/src/main/resources
[INFO] Copying 3 resources
[INFO] 
[INFO] --- maven-compiler-plugin:3.8.1:compile (default-compile) @ nifi-server-api ---
[INFO] Changes detected - recompiling the module!
[INFO] Compiling 2 source files to /home/srafi/after-cam-ready/compare_/compile_repair_output/work/6365a984e536/nifi-server-api/target/classes
[INFO] 
[INFO] --- maven-resources-plugin:3.1.0:testResources (default-testResources) @ nifi-server-api ---
[INFO] Using 'UTF-8' encoding to copy filtered resources.
[INFO] skip non existing resourceDirectory /home/srafi/after-cam-ready/compare_/compile_repair_output/work/6365a984e536/nifi-server-api/src/test/resources
[INFO] Copying 3 resources
[INFO] 
[INFO] --- maven-compiler-plugin:3.8.1:testCompile (default-testCompile) @ nifi-server-api ---
[INFO] No sources to compile
[INFO] 
[INFO] --- maven-compiler-plugin:3.8.1:testCompile (groovy-tests) @ nifi-server-api ---
[INFO] No sources to compile
[INFO] 
[INFO] --- maven-surefire-plugin:3.0.0-M8-SNAPSHOT:test (default-test) @ nifi-server-api ---
[INFO] Tests are skipped.
[INFO] 
[INFO] --- maven-jar-plugin:3.2.0:jar (default-jar) @ nifi-server-api ---
[INFO] Building jar: /home/srafi/after-cam-ready/compare_/compile_repair_output/work/6365a984e536/nifi-server-api/target/nifi-server-api-1.15.0-SNAPSHOT.jar
[INFO] 
[INFO] --- maven-site-plugin:3.7.1:attach-descriptor (attach-descriptor) @ nifi-server-api ---
[INFO] Skipping because packaging 'jar' is not pom.
[INFO] 
[INFO] --- maven-install-plugin:2.5.2:install (default-install) @ nifi-server-api ---
[INFO] Installing /home/srafi/after-cam-ready/compare_/compile_repair_output/work/6365a984e536/nifi-server-api/target/nifi-server-api-1.15.0-SNAPSHOT.jar to /home/srafi/.m2/repository/org/apache/nifi/nifi-server-api/1.15.0-SNAPSHOT/nifi-server-api-1.15.0-SNAPSHOT.jar
[INFO] Installing /home/srafi/after-cam-ready/compare_/compile_repair_output/work/6365a984e536/nifi-server-api/pom.xml to /home/srafi/.m2/repository/org/apache/nifi/nifi-server-api/1.15.0-SNAPSHOT/nifi-server-api-1.15.0-SNAPSHOT.pom
[INFO] 
[INFO] -------------------< org.apache.nifi:nifi-nar-utils >-------------------
[INFO] Building nifi-nar-utils 1.15.0-SNAPSHOT                          [32/74]
[INFO] --------------------------------[ jar ]---------------------------------
[INFO] 
[INFO] --- maven-clean-plugin:3.1.0:clean (default-clean) @ nifi-nar-utils ---
[INFO] 
[INFO] --- buildnumber-maven-plugin:1.4:create (default) @ nifi-nar-utils ---
[INFO] 
[INFO] --- maven-remote-resources-plugin:1.7.0:process (process-resource-bundles) @ nifi-nar-utils ---
[INFO] Preparing remote bundle org.apache:apache-jar-resource-bundle:1.4
[INFO] Copying 3 resources from 1 bundle.
[INFO] 
[INFO] --- maven-resources-plugin:3.1.0:resources (default-resources) @ nifi-nar-utils ---
[INFO] Using 'UTF-8' encoding to copy filtered resources.
[INFO] Copying 1 resource
[INFO] Copying 3 resources
[INFO] 
[INFO] --- maven-compiler-plugin:3.8.1:compile (default-compile) @ nifi-nar-utils ---
[INFO] Changes detected - recompiling the module!
[INFO] Compiling 13 source files to /home/srafi/after-cam-ready/compare_/compile_repair_output/work/6365a984e536/nifi-nar-bundles/nifi-framework-bundle/nifi-framework/nifi-nar-utils/target/classes
[INFO] 
[INFO] --- aspectj-maven-plugin:1.12.6:compile (default) @ nifi-nar-utils ---
[INFO] Showing AJC message detail for messages of types: [error, warning, fail]
[INFO] 
[INFO] --- maven-resources-plugin:3.1.0:testResources (default-testResources) @ nifi-nar-utils ---
[INFO] Using 'UTF-8' encoding to copy filtered resources.
[INFO] Copying 4 resources
[INFO] Copying 3 resources
[INFO] 
[INFO] --- maven-compiler-plugin:3.8.1:testCompile (default-testCompile) @ nifi-nar-utils ---
[INFO] Changes detected - recompiling the module!
[INFO] Compiling 3 source files to /home/srafi/after-cam-ready/compare_/compile_repair_output/work/6365a984e536/nifi-nar-bundles/nifi-framework-bundle/nifi-framework/nifi-nar-utils/target/test-classes
[WARNING] /home/srafi/after-cam-ready/compare_/compile_repair_output/work/6365a984e536/nifi-nar-bundles/nifi-framework-bundle/nifi-framework/nifi-nar-utils/src/test/java/org/apache/nifi/nar/AbstractNativeLibHandlingClassLoaderTest.java:[66,8] [deprecation] initMocks(Object) in MockitoAnnotations has been deprecated
[INFO] 
[INFO] --- maven-compiler-plugin:3.8.1:testCompile (groovy-tests) @ nifi-nar-utils ---
[INFO] Changes detected - recompiling the module!
[INFO] Nothing to compile - all classes are up to date
[INFO] 
[INFO] --- maven-surefire-plugin:3.0.0-M8-SNAPSHOT:test (default-test) @ nifi-nar-utils ---
[INFO] Tests are skipped.
[INFO] 
[INFO] --- maven-jar-plugin:3.2.0:jar (default-jar) @ nifi-nar-utils ---
[INFO] Building jar: /home/srafi/after-cam-ready/compare_/compile_repair_output/work/6365a984e536/nifi-nar-bundles/nifi-framework-bundle/nifi-framework/nifi-nar-utils/target/nifi-nar-utils-1.15.0-SNAPSHOT.jar
[INFO] 
[INFO] --- maven-site-plugin:3.7.1:attach-descriptor (attach-descriptor) @ nifi-nar-utils ---
[INFO] Skipping because packaging 'jar' is not pom.
[INFO] 
[INFO] --- maven-install-plugin:2.5.2:install (default-install) @ nifi-nar-utils ---
[INFO] Installing /home/srafi/after-cam-ready/compare_/compile_repair_output/work/6365a984e536/nifi-nar-bundles/nifi-framework-bundle/nifi-framework/nifi-nar-utils/target/nifi-nar-utils-1.15.0-SNAPSHOT.jar to /home/srafi/.m2/repository/org/apache/nifi/nifi-nar-utils/1.15.0-SNAPSHOT/nifi-nar-utils-1.15.0-SNAPSHOT.jar
[INFO] Installing /home/srafi/after-cam-ready/compare_/compile_repair_output/work/6365a984e536/nifi-nar-bundles/nifi-framework-bundle/nifi-framework/nifi-nar-utils/pom.xml to /home/srafi/.m2/repository/org/apache/nifi/nifi-nar-utils/1.15.0-SNAPSHOT/nifi-nar-utils-1.15.0-SNAPSHOT.pom
[INFO] 
[INFO] --------------< org.apache.nifi:nifi-framework-nar-utils >--------------
[INFO] Building nifi-framework-nar-utils 1.15.0-SNAPSHOT                [33/74]
[INFO] --------------------------------[ jar ]---------------------------------
[INFO] 
[INFO] --- maven-clean-plugin:3.1.0:clean (default-clean) @ nifi-framework-nar-utils ---
[INFO] 
[INFO] --- buildnumber-maven-plugin:1.4:create (default) @ nifi-framework-nar-utils ---
[INFO] 
[INFO] --- maven-remote-resources-plugin:1.7.0:process (process-resource-bundles) @ nifi-framework-nar-utils ---
[INFO] Preparing remote bundle org.apache:apache-jar-resource-bundle:1.4
[INFO] Copying 3 resources from 1 bundle.
[INFO] 
[INFO] --- maven-resources-plugin:3.1.0:resources (default-resources) @ nifi-framework-nar-utils ---
[INFO] Using 'UTF-8' encoding to copy filtered resources.
[INFO] skip non existing resourceDirectory /home/srafi/after-cam-ready/compare_/compile_repair_output/work/6365a984e536/nifi-nar-bundles/nifi-framework-bundle/nifi-framework/nifi-framework-nar-utils/src/main/resources
[INFO] Copying 3 resources
[INFO] 
[INFO] --- maven-compiler-plugin:3.8.1:compile (default-compile) @ nifi-framework-nar-utils ---
[INFO] Changes detected - recompiling the module!
[INFO] Compiling 22 source files to /home/srafi/after-cam-ready/compare_/compile_repair_output/work/6365a984e536/nifi-nar-bundles/nifi-framework-bundle/nifi-framework/nifi-framework-nar-utils/target/classes
[INFO] 
[INFO] --- maven-resources-plugin:3.1.0:testResources (default-testResources) @ nifi-framework-nar-utils ---
[INFO] Using 'UTF-8' encoding to copy filtered resources.
[INFO] Copying 7 resources
[INFO] Copying 3 resources
[INFO] 
[INFO] --- maven-compiler-plugin:3.8.1:testCompile (default-testCompile) @ nifi-framework-nar-utils ---
[INFO] Changes detected - recompiling the module!
[INFO] Compiling 3 source files to /home/srafi/after-cam-ready/compare_/compile_repair_output/work/6365a984e536/nifi-nar-bundles/nifi-framework-bundle/nifi-framework/nifi-framework-nar-utils/target/test-classes
[INFO] 
[INFO] --- maven-compiler-plugin:3.8.1:testCompile (groovy-tests) @ nifi-framework-nar-utils ---
[INFO] Changes detected - recompiling the module!
[INFO] Nothing to compile - all classes are up to date
[INFO] 
[INFO] --- maven-surefire-plugin:3.0.0-M8-SNAPSHOT:test (default-test) @ nifi-framework-nar-utils ---
[INFO] Tests are skipped.
[INFO] 
[INFO] --- maven-jar-plugin:3.2.0:jar (default-jar) @ nifi-framework-nar-utils ---
[INFO] Building jar: /home/srafi/after-cam-ready/compare_/compile_repair_output/work/6365a984e536/nifi-nar-bundles/nifi-framework-bundle/nifi-framework/nifi-framework-nar-utils/target/nifi-framework-nar-utils-1.15.0-SNAPSHOT.jar
[INFO] 
[INFO] --- maven-site-plugin:3.7.1:attach-descriptor (attach-descriptor) @ nifi-framework-nar-utils ---
[INFO] Skipping because packaging 'jar' is not pom.
[INFO] 
[INFO] --- maven-install-plugin:2.5.2:install (default-install) @ nifi-framework-nar-utils ---
[INFO] Installing /home/srafi/after-cam-ready/compare_/compile_repair_output/work/6365a984e536/nifi-nar-bundles/nifi-framework-bundle/nifi-framework/nifi-framework-nar-utils/target/nifi-framework-nar-utils-1.15.0-SNAPSHOT.jar to /home/srafi/.m2/repository/org/apache/nifi/nifi-framework-nar-utils/1.15.0-SNAPSHOT/nifi-framework-nar-utils-1.15.0-SNAPSHOT.jar
[INFO] Installing /home/srafi/after-cam-ready/compare_/compile_repair_output/work/6365a984e536/nifi-nar-bundles/nifi-framework-bundle/nifi-framework/nifi-framework-nar-utils/pom.xml to /home/srafi/.m2/repository/org/apache/nifi/nifi-framework-nar-utils/1.15.0-SNAPSHOT/nifi-framework-nar-utils-1.15.0-SNAPSHOT.pom
[INFO] 
[INFO] ----------------< org.apache.nifi:nifi-mock-authorizer >----------------
[INFO] Building nifi-mock-authorizer 1.15.0-SNAPSHOT                    [34/74]
[INFO] --------------------------------[ jar ]---------------------------------
[INFO] 
[INFO] --- maven-clean-plugin:3.1.0:clean (default-clean) @ nifi-mock-authorizer ---
[INFO] 
[INFO] --- buildnumber-maven-plugin:1.4:create (default) @ nifi-mock-authorizer ---
[INFO] 
[INFO] --- maven-remote-resources-plugin:1.7.0:process (process-resource-bundles) @ nifi-mock-authorizer ---
[INFO] Preparing remote bundle org.apache:apache-jar-resource-bundle:1.4
[INFO] Copying 3 resources from 1 bundle.
[INFO] 
[INFO] --- maven-resources-plugin:3.1.0:resources (default-resources) @ nifi-mock-authorizer ---
[INFO] Using 'UTF-8' encoding to copy filtered resources.
[INFO] skip non existing resourceDirectory /home/srafi/after-cam-ready/compare_/compile_repair_output/work/6365a984e536/nifi-nar-bundles/nifi-framework-bundle/nifi-framework/nifi-mock-authorizer/src/main/resources
[INFO] Copying 3 resources
[INFO] 
[INFO] --- maven-compiler-plugin:3.8.1:compile (default-compile) @ nifi-mock-authorizer ---
[INFO] Changes detected - recompiling the module!
[INFO] Compiling 1 source file to /home/srafi/after-cam-ready/compare_/compile_repair_output/work/6365a984e536/nifi-nar-bundles/nifi-framework-bundle/nifi-framework/nifi-mock-authorizer/target/classes
[INFO] 
[INFO] --- maven-resources-plugin:3.1.0:testResources (default-testResources) @ nifi-mock-authorizer ---
[INFO] Using 'UTF-8' encoding to copy filtered resources.
[INFO] skip non existing resourceDirectory /home/srafi/after-cam-ready/compare_/compile_repair_output/work/6365a984e536/nifi-nar-bundles/nifi-framework-bundle/nifi-framework/nifi-mock-authorizer/src/test/resources
[INFO] Copying 3 resources
[INFO] 
[INFO] --- maven-compiler-plugin:3.8.1:testCompile (default-testCompile) @ nifi-mock-authorizer ---
[INFO] No sources to compile
[INFO] 
[INFO] --- maven-compiler-plugin:3.8.1:testCompile (groovy-tests) @ nifi-mock-authorizer ---
[INFO] No sources to compile
[INFO] 
[INFO] --- maven-surefire-plugin:3.0.0-M8-SNAPSHOT:test (default-test) @ nifi-mock-authorizer ---
[INFO] Tests are skipped.
[INFO] 
[INFO] --- maven-jar-plugin:3.2.0:jar (default-jar) @ nifi-mock-authorizer ---
[INFO] Building jar: /home/srafi/after-cam-ready/compare_/compile_repair_output/work/6365a984e536/nifi-nar-bundles/nifi-framework-bundle/nifi-framework/nifi-mock-authorizer/target/nifi-mock-authorizer-1.15.0-SNAPSHOT.jar
[INFO] 
[INFO] --- maven-site-plugin:3.7.1:attach-descriptor (attach-descriptor) @ nifi-mock-authorizer ---
[INFO] Skipping because packaging 'jar' is not pom.
[INFO] 
[INFO] --- maven-install-plugin:2.5.2:install (default-install) @ nifi-mock-authorizer ---
[INFO] Installing /home/srafi/after-cam-ready/compare_/compile_repair_output/work/6365a984e536/nifi-nar-bundles/nifi-framework-bundle/nifi-framework/nifi-mock-authorizer/target/nifi-mock-authorizer-1.15.0-SNAPSHOT.jar to /home/srafi/.m2/repository/org/apache/nifi/nifi-mock-authorizer/1.15.0-SNAPSHOT/nifi-mock-authorizer-1.15.0-SNAPSHOT.jar
[INFO] Installing /home/srafi/after-cam-ready/compare_/compile_repair_output/work/6365a984e536/nifi-nar-bundles/nifi-framework-bundle/nifi-framework/nifi-mock-authorizer/pom.xml to /home/srafi/.m2/repository/org/apache/nifi/nifi-mock-authorizer/1.15.0-SNAPSHOT/nifi-mock-authorizer-1.15.0-SNAPSHOT.pom
[INFO] 
[INFO] ------------< org.apache.nifi:nifi-framework-authorization >------------
[INFO] Building nifi-framework-authorization 1.15.0-SNAPSHOT            [35/74]
[INFO] --------------------------------[ jar ]---------------------------------
[INFO] 
[INFO] --- maven-clean-plugin:3.1.0:clean (default-clean) @ nifi-framework-authorization ---
[INFO] 
[INFO] --- buildnumber-maven-plugin:1.4:create (default) @ nifi-framework-authorization ---
[INFO] 
[INFO] --- maven-remote-resources-plugin:1.7.0:process (process-resource-bundles) @ nifi-framework-authorization ---
[INFO] Preparing remote bundle org.apache:apache-jar-resource-bundle:1.4
[INFO] Copying 3 resources from 1 bundle.
[INFO] 
[INFO] --- maven-resources-plugin:3.1.0:resources (default-resources) @ nifi-framework-authorization ---
[INFO] Using 'UTF-8' encoding to copy filtered resources.
[INFO] skip non existing resourceDirectory /home/srafi/after-cam-ready/compare_/compile_repair_output/work/6365a984e536/nifi-nar-bundles/nifi-framework-bundle/nifi-framework/nifi-framework-authorization/src/main/resources
[INFO] Copying 3 resources
[INFO] 
[INFO] --- maven-compiler-plugin:3.8.1:compile (default-compile) @ nifi-framework-authorization ---
[INFO] Changes detected - recompiling the module!
[INFO] Compiling 12 source files to /home/srafi/after-cam-ready/compare_/compile_repair_output/work/6365a984e536/nifi-nar-bundles/nifi-framework-bundle/nifi-framework/nifi-framework-authorization/target/classes
[INFO] 
[INFO] --- maven-resources-plugin:3.1.0:testResources (default-testResources) @ nifi-framework-authorization ---
[INFO] Using 'UTF-8' encoding to copy filtered resources.
[INFO] skip non existing resourceDirectory /home/srafi/after-cam-ready/compare_/compile_repair_output/work/6365a984e536/nifi-nar-bundles/nifi-framework-bundle/nifi-framework/nifi-framework-authorization/src/test/resources
[INFO] Copying 3 resources
[INFO] 
[INFO] --- maven-compiler-plugin:3.8.1:testCompile (default-testCompile) @ nifi-framework-authorization ---
[INFO] Changes detected - recompiling the module!
[INFO] Compiling 3 source files to /home/srafi/after-cam-ready/compare_/compile_repair_output/work/6365a984e536/nifi-nar-bundles/nifi-framework-bundle/nifi-framework/nifi-framework-authorization/target/test-classes
[INFO] 
[INFO] --- maven-compiler-plugin:3.8.1:testCompile (groovy-tests) @ nifi-framework-authorization ---
[INFO] Changes detected - recompiling the module!
[INFO] Nothing to compile - all classes are up to date
[INFO] 
[INFO] --- maven-surefire-plugin:3.0.0-M8-SNAPSHOT:test (default-test) @ nifi-framework-authorization ---
[INFO] Tests are skipped.
[INFO] 
[INFO] --- maven-jar-plugin:3.2.0:jar (default-jar) @ nifi-framework-authorization ---
[INFO] Building jar: /home/srafi/after-cam-ready/compare_/compile_repair_output/work/6365a984e536/nifi-nar-bundles/nifi-framework-bundle/nifi-framework/nifi-framework-authorization/target/nifi-framework-authorization-1.15.0-SNAPSHOT.jar
[INFO] 
[INFO] --- maven-site-plugin:3.7.1:attach-descriptor (attach-descriptor) @ nifi-framework-authorization ---
[INFO] Skipping because packaging 'jar' is not pom.
[INFO] 
[INFO] --- maven-install-plugin:2.5.2:install (default-install) @ nifi-framework-authorization ---
[INFO] Installing /home/srafi/after-cam-ready/compare_/compile_repair_output/work/6365a984e536/nifi-nar-bundles/nifi-framework-bundle/nifi-framework/nifi-framework-authorization/target/nifi-framework-authorization-1.15.0-SNAPSHOT.jar to /home/srafi/.m2/repository/org/apache/nifi/nifi-framework-authorization/1.15.0-SNAPSHOT/nifi-framework-authorization-1.15.0-SNAPSHOT.jar
[INFO] Installing /home/srafi/after-cam-ready/compare_/compile_repair_output/work/6365a984e536/nifi-nar-bundles/nifi-framework-bundle/nifi-framework/nifi-framework-authorization/pom.xml to /home/srafi/.m2/repository/org/apache/nifi/nifi-framework-authorization/1.15.0-SNAPSHOT/nifi-framework-authorization-1.15.0-SNAPSHOT.pom
[INFO] 
[INFO] -------< org.apache.nifi.registry:nifi-registry-security-utils >--------
[INFO] Building nifi-registry-security-utils 1.15.0-SNAPSHOT            [36/74]
[INFO] --------------------------------[ jar ]---------------------------------
[INFO] 
[INFO] --- maven-clean-plugin:3.1.0:clean (default-clean) @ nifi-registry-security-utils ---
[INFO] 
[INFO] --- maven-remote-resources-plugin:1.7.0:process (process-resource-bundles) @ nifi-registry-security-utils ---
[INFO] Preparing remote bundle org.apache:apache-jar-resource-bundle:1.4
[INFO] Copying 3 resources from 1 bundle.
[INFO] 
[INFO] --- maven-resources-plugin:2.7:resources (default-resources) @ nifi-registry-security-utils ---
[INFO] Using 'UTF-8' encoding to copy filtered resources.
[INFO] skip non existing resourceDirectory /home/srafi/after-cam-ready/compare_/compile_repair_output/work/6365a984e536/nifi-registry/nifi-registry-core/nifi-registry-security-utils/src/main/resources
[INFO] Copying 3 resources
[INFO] 
[INFO] --- maven-compiler-plugin:3.8.1:compile (default-compile) @ nifi-registry-security-utils ---
[INFO] Changes detected - recompiling the module!
[INFO] Compiling 7 source files to /home/srafi/after-cam-ready/compare_/compile_repair_output/work/6365a984e536/nifi-registry/nifi-registry-core/nifi-registry-security-utils/target/classes
[INFO] 
[INFO] --- maven-resources-plugin:2.7:testResources (default-testResources) @ nifi-registry-security-utils ---
[INFO] Using 'UTF-8' encoding to copy filtered resources.
[INFO] skip non existing resourceDirectory /home/srafi/after-cam-ready/compare_/compile_repair_output/work/6365a984e536/nifi-registry/nifi-registry-core/nifi-registry-security-utils/src/test/resources
[INFO] Copying 3 resources
[INFO] 
[INFO] --- maven-compiler-plugin:3.8.1:testCompile (default-testCompile) @ nifi-registry-security-utils ---
[INFO] Changes detected - recompiling the module!
[INFO] Compiling 1 source file to /home/srafi/after-cam-ready/compare_/compile_repair_output/work/6365a984e536/nifi-registry/nifi-registry-core/nifi-registry-security-utils/target/test-classes
[INFO] 
[INFO] --- maven-compiler-plugin:3.8.1:testCompile (groovy-tests) @ nifi-registry-security-utils ---
[INFO] Changes detected - recompiling the module!
[INFO] Using Groovy-Eclipse compiler to compile both Java and Groovy files
[INFO] Compiling in a forked process using /home/srafi/.m2/repository/org/codehaus/groovy/groovy-eclipse-batch/2.5.14-01/groovy-eclipse-batch-2.5.14-01.jar
[INFO] 
[INFO] --- maven-surefire-plugin:3.0.0-M8-SNAPSHOT:test (default-test) @ nifi-registry-security-utils ---
[INFO] Tests are skipped.
[INFO] 
[INFO] --- maven-jar-plugin:2.5:jar (default-jar) @ nifi-registry-security-utils ---
[INFO] Building jar: /home/srafi/after-cam-ready/compare_/compile_repair_output/work/6365a984e536/nifi-registry/nifi-registry-core/nifi-registry-security-utils/target/nifi-registry-security-utils-1.15.0-SNAPSHOT.jar
[INFO] 
[INFO] --- maven-site-plugin:3.4:attach-descriptor (attach-descriptor) @ nifi-registry-security-utils ---
[INFO] 
[INFO] --- maven-install-plugin:2.5.2:install (default-install) @ nifi-registry-security-utils ---
[INFO] Installing /home/srafi/after-cam-ready/compare_/compile_repair_output/work/6365a984e536/nifi-registry/nifi-registry-core/nifi-registry-security-utils/target/nifi-registry-security-utils-1.15.0-SNAPSHOT.jar to /home/srafi/.m2/repository/org/apache/nifi/registry/nifi-registry-security-utils/1.15.0-SNAPSHOT/nifi-registry-security-utils-1.15.0-SNAPSHOT.jar
[INFO] Installing /home/srafi/after-cam-ready/compare_/compile_repair_output/work/6365a984e536/nifi-registry/nifi-registry-core/nifi-registry-security-utils/pom.xml to /home/srafi/.m2/repository/org/apache/nifi/registry/nifi-registry-security-utils/1.15.0-SNAPSHOT/nifi-registry-security-utils-1.15.0-SNAPSHOT.pom
[INFO] 
[INFO] -----------< org.apache.nifi.registry:nifi-registry-client >------------
[INFO] Building nifi-registry-client 1.15.0-SNAPSHOT                    [37/74]
[INFO] --------------------------------[ jar ]---------------------------------
[INFO] 
[INFO] --- maven-clean-plugin:3.1.0:clean (default-clean) @ nifi-registry-client ---
[INFO] 
[INFO] --- maven-remote-resources-plugin:1.7.0:process (process-resource-bundles) @ nifi-registry-client ---
[INFO] Preparing remote bundle org.apache:apache-jar-resource-bundle:1.4
[INFO] Copying 3 resources from 1 bundle.
[INFO] 
[INFO] --- maven-resources-plugin:2.7:resources (default-resources) @ nifi-registry-client ---
[INFO] Using 'UTF-8' encoding to copy filtered resources.
[INFO] skip non existing resourceDirectory /home/srafi/after-cam-ready/compare_/compile_repair_output/work/6365a984e536/nifi-registry/nifi-registry-core/nifi-registry-client/src/main/resources
[INFO] Copying 3 resources
[INFO] 
[INFO] --- maven-compiler-plugin:3.8.1:compile (default-compile) @ nifi-registry-client ---
[INFO] Changes detected - recompiling the module!
[INFO] Compiling 36 source files to /home/srafi/after-cam-ready/compare_/compile_repair_output/work/6365a984e536/nifi-registry/nifi-registry-core/nifi-registry-client/target/classes
[WARNING] /home/srafi/after-cam-ready/compare_/compile_repair_output/work/6365a984e536/nifi-registry/nifi-registry-core/nifi-registry-client/src/main/java/org/apache/nifi/registry/client/impl/JerseyNiFiRegistryClient.java:[296,26] [deprecation] getPoliciesClient(String...) in NiFiRegistryClient has been deprecated
[WARNING] /home/srafi/after-cam-ready/compare_/compile_repair_output/work/6365a984e536/nifi-registry/nifi-registry-core/nifi-registry-client/src/main/java/org/apache/nifi/registry/client/impl/JerseyNiFiRegistryClient.java:[280,25] [deprecation] getTenantsClient(String...) in NiFiRegistryClient has been deprecated
[WARNING] /home/srafi/after-cam-ready/compare_/compile_repair_output/work/6365a984e536/nifi-registry/nifi-registry-core/nifi-registry-client/src/main/java/org/apache/nifi/registry/client/impl/JerseyNiFiRegistryClient.java:[264,27] [deprecation] getExtensionClient(String...) in NiFiRegistryClient has been deprecated
[WARNING] /home/srafi/after-cam-ready/compare_/compile_repair_output/work/6365a984e536/nifi-registry/nifi-registry-core/nifi-registry-client/src/main/java/org/apache/nifi/registry/client/impl/JerseyNiFiRegistryClient.java:[248,31] [deprecation] getExtensionRepoClient(String...) in NiFiRegistryClient has been deprecated
[WARNING] /home/srafi/after-cam-ready/compare_/compile_repair_output/work/6365a984e536/nifi-registry/nifi-registry-core/nifi-registry-client/src/main/java/org/apache/nifi/registry/client/impl/JerseyNiFiRegistryClient.java:[232,31] [deprecation] getBundleVersionClient(String...) in NiFiRegistryClient has been deprecated
[WARNING] /home/srafi/after-cam-ready/compare_/compile_repair_output/work/6365a984e536/nifi-registry/nifi-registry-core/nifi-registry-client/src/main/java/org/apache/nifi/registry/client/impl/JerseyNiFiRegistryClient.java:[216,24] [deprecation] getBundleClient(String...) in NiFiRegistryClient has been deprecated
[WARNING] /home/srafi/after-cam-ready/compare_/compile_repair_output/work/6365a984e536/nifi-registry/nifi-registry-core/nifi-registry-client/src/main/java/org/apache/nifi/registry/client/impl/JerseyNiFiRegistryClient.java:[200,22] [deprecation] getUserClient(String...) in NiFiRegistryClient has been deprecated
[WARNING] /home/srafi/after-cam-ready/compare_/compile_repair_output/work/6365a984e536/nifi-registry/nifi-registry-core/nifi-registry-client/src/main/java/org/apache/nifi/registry/client/impl/JerseyNiFiRegistryClient.java:[184,23] [deprecation] getItemsClient(String...) in NiFiRegistryClient has been deprecated
[WARNING] /home/srafi/after-cam-ready/compare_/compile_repair_output/work/6365a984e536/nifi-registry/nifi-registry-core/nifi-registry-client/src/main/java/org/apache/nifi/registry/client/impl/JerseyNiFiRegistryClient.java:[168,30] [deprecation] getFlowSnapshotClient(String...) in NiFiRegistryClient has been deprecated
[WARNING] /home/srafi/after-cam-ready/compare_/compile_repair_output/work/6365a984e536/nifi-registry/nifi-registry-core/nifi-registry-client/src/main/java/org/apache/nifi/registry/client/impl/JerseyNiFiRegistryClient.java:[152,22] [deprecation] getFlowClient(String...) in NiFiRegistryClient has been deprecated
[WARNING] /home/srafi/after-cam-ready/compare_/compile_repair_output/work/6365a984e536/nifi-registry/nifi-registry-core/nifi-registry-client/src/main/java/org/apache/nifi/registry/client/impl/JerseyNiFiRegistryClient.java:[136,24] [deprecation] getBucketClient(String...) in NiFiRegistryClient has been deprecated
[WARNING] /home/srafi/after-cam-ready/compare_/compile_repair_output/work/6365a984e536/nifi-registry/nifi-registry-core/nifi-registry-client/src/main/java/org/apache/nifi/registry/client/impl/JerseyNiFiRegistryClient.java:[351,14] [deprecation] setPropertyInclusion(Value) in ObjectMapper has been deprecated
[INFO] 
[INFO] --- maven-resources-plugin:2.7:testResources (default-testResources) @ nifi-registry-client ---
[INFO] Using 'UTF-8' encoding to copy filtered resources.
[INFO] skip non existing resourceDirectory /home/srafi/after-cam-ready/compare_/compile_repair_output/work/6365a984e536/nifi-registry/nifi-registry-core/nifi-registry-client/src/test/resources
[INFO] Copying 3 resources
[INFO] 
[INFO] --- maven-compiler-plugin:3.8.1:testCompile (default-testCompile) @ nifi-registry-client ---
[INFO] Changes detected - recompiling the module!
[INFO] Compiling 3 source files to /home/srafi/after-cam-ready/compare_/compile_repair_output/work/6365a984e536/nifi-registry/nifi-registry-core/nifi-registry-client/target/test-classes
[INFO] 
[INFO] --- maven-compiler-plugin:3.8.1:testCompile (groovy-tests) @ nifi-registry-client ---
[INFO] Changes detected - recompiling the module!
[INFO] Nothing to compile - all classes are up to date
[INFO] 
[INFO] --- maven-surefire-plugin:3.0.0-M8-SNAPSHOT:test (default-test) @ nifi-registry-client ---
[INFO] Tests are skipped.
[INFO] 
[INFO] --- maven-jar-plugin:2.5:jar (default-jar) @ nifi-registry-client ---
[INFO] Building jar: /home/srafi/after-cam-ready/compare_/compile_repair_output/work/6365a984e536/nifi-registry/nifi-registry-core/nifi-registry-client/target/nifi-registry-client-1.15.0-SNAPSHOT.jar
[INFO] 
[INFO] --- maven-site-plugin:3.4:attach-descriptor (attach-descriptor) @ nifi-registry-client ---
[INFO] 
[INFO] --- maven-install-plugin:2.5.2:install (default-install) @ nifi-registry-client ---
[INFO] Installing /home/srafi/after-cam-ready/compare_/compile_repair_output/work/6365a984e536/nifi-registry/nifi-registry-core/nifi-registry-client/target/nifi-registry-client-1.15.0-SNAPSHOT.jar to /home/srafi/.m2/repository/org/apache/nifi/registry/nifi-registry-client/1.15.0-SNAPSHOT/nifi-registry-client-1.15.0-SNAPSHOT.jar
[INFO] Installing /home/srafi/after-cam-ready/compare_/compile_repair_output/work/6365a984e536/nifi-registry/nifi-registry-core/nifi-registry-client/pom.xml to /home/srafi/.m2/repository/org/apache/nifi/registry/nifi-registry-client/1.15.0-SNAPSHOT/nifi-registry-client-1.15.0-SNAPSHOT.pom
[INFO] 
[INFO] --------------< org.apache.nifi:nifi-framework-core-api >---------------
[INFO] Building nifi-framework-core-api 1.15.0-SNAPSHOT                 [38/74]
[INFO] --------------------------------[ jar ]---------------------------------
[INFO] 
[INFO] --- maven-clean-plugin:3.1.0:clean (default-clean) @ nifi-framework-core-api ---
[INFO] 
[INFO] --- buildnumber-maven-plugin:1.4:create (default) @ nifi-framework-core-api ---
[INFO] 
[INFO] --- maven-remote-resources-plugin:1.7.0:process (process-resource-bundles) @ nifi-framework-core-api ---
[INFO] Preparing remote bundle org.apache:apache-jar-resource-bundle:1.4
[INFO] Copying 3 resources from 1 bundle.
[INFO] 
[INFO] --- maven-resources-plugin:3.1.0:resources (default-resources) @ nifi-framework-core-api ---
[INFO] Using 'UTF-8' encoding to copy filtered resources.
[INFO] skip non existing resourceDirectory /home/srafi/after-cam-ready/compare_/compile_repair_output/work/6365a984e536/nifi-nar-bundles/nifi-framework-bundle/nifi-framework/nifi-framework-core-api/src/main/resources
[INFO] Copying 3 resources
[INFO] 
[INFO] --- maven-compiler-plugin:3.8.1:compile (default-compile) @ nifi-framework-core-api ---
[INFO] Changes detected - recompiling the module!
[INFO] Compiling 121 source files to /home/srafi/after-cam-ready/compare_/compile_repair_output/work/6365a984e536/nifi-nar-bundles/nifi-framework-bundle/nifi-framework/nifi-framework-core-api/target/classes
[WARNING] /home/srafi/after-cam-ready/compare_/compile_repair_output/work/6365a984e536/nifi-nar-bundles/nifi-framework-bundle/nifi-framework/nifi-framework-core-api/src/main/java/org/apache/nifi/util/CharacterFilterUtils.java:[20,46] [deprecation] AggregateTranslator in org.apache.commons.lang3.text.translate has been deprecated
[WARNING] /home/srafi/after-cam-ready/compare_/compile_repair_output/work/6365a984e536/nifi-nar-bundles/nifi-framework-bundle/nifi-framework/nifi-framework-core-api/src/main/java/org/apache/nifi/util/CharacterFilterUtils.java:[21,46] [deprecation] CharSequenceTranslator in org.apache.commons.lang3.text.translate has been deprecated
[WARNING] /home/srafi/after-cam-ready/compare_/compile_repair_output/work/6365a984e536/nifi-nar-bundles/nifi-framework-bundle/nifi-framework/nifi-framework-core-api/src/main/java/org/apache/nifi/util/CharacterFilterUtils.java:[22,46] [deprecation] LookupTranslator in org.apache.commons.lang3.text.translate has been deprecated
[WARNING] /home/srafi/after-cam-ready/compare_/compile_repair_output/work/6365a984e536/nifi-nar-bundles/nifi-framework-bundle/nifi-framework/nifi-framework-core-api/src/main/java/org/apache/nifi/util/CharacterFilterUtils.java:[23,46] [deprecation] UnicodeUnpairedSurrogateRemover in org.apache.commons.lang3.text.translate has been deprecated
[WARNING] /home/srafi/after-cam-ready/compare_/compile_repair_output/work/6365a984e536/nifi-nar-bundles/nifi-framework-bundle/nifi-framework/nifi-framework-core-api/src/main/java/org/apache/nifi/controller/AbstractPort.java:[459,44] [deprecation] getTimeDuration(String,TimeUnit) in FormatUtils has been deprecated
[WARNING] /home/srafi/after-cam-ready/compare_/compile_repair_output/work/6365a984e536/nifi-nar-bundles/nifi-framework-bundle/nifi-framework/nifi-framework-core-api/src/main/java/org/apache/nifi/controller/AbstractPort.java:[468,48] [deprecation] getTimeDuration(String,TimeUnit) in FormatUtils has been deprecated
[WARNING] /home/srafi/after-cam-ready/compare_/compile_repair_output/work/6365a984e536/nifi-nar-bundles/nifi-framework-bundle/nifi-framework/nifi-framework-core-api/src/main/java/org/apache/nifi/controller/AbstractPort.java:[479,26] [deprecation] getTimeDuration(String,TimeUnit) in FormatUtils has been deprecated
[WARNING] /home/srafi/after-cam-ready/compare_/compile_repair_output/work/6365a984e536/nifi-nar-bundles/nifi-framework-bundle/nifi-framework/nifi-framework-core-api/src/main/java/org/apache/nifi/controller/AbstractPort.java:[526,26] [deprecation] getTimeDuration(String,TimeUnit) in FormatUtils has been deprecated
[WARNING] /home/srafi/after-cam-ready/compare_/compile_repair_output/work/6365a984e536/nifi-nar-bundles/nifi-framework-bundle/nifi-framework/nifi-framework-core-api/src/main/java/org/apache/nifi/controller/StandardFunnel.java:[436,44] [deprecation] getTimeDuration(String,TimeUnit) in FormatUtils has been deprecated
[WARNING] /home/srafi/after-cam-ready/compare_/compile_repair_output/work/6365a984e536/nifi-nar-bundles/nifi-framework-bundle/nifi-framework/nifi-framework-core-api/src/main/java/org/apache/nifi/controller/StandardFunnel.java:[445,48] [deprecation] getTimeDuration(String,TimeUnit) in FormatUtils has been deprecated
[WARNING] /home/srafi/after-cam-ready/compare_/compile_repair_output/work/6365a984e536/nifi-nar-bundles/nifi-framework-bundle/nifi-framework/nifi-framework-core-api/src/main/java/org/apache/nifi/controller/StandardFunnel.java:[456,26] [deprecation] getTimeDuration(String,TimeUnit) in FormatUtils has been deprecated
[WARNING] /home/srafi/after-cam-ready/compare_/compile_repair_output/work/6365a984e536/nifi-nar-bundles/nifi-framework-bundle/nifi-framework/nifi-framework-core-api/src/main/java/org/apache/nifi/controller/StandardFunnel.java:[504,26] [deprecation] getTimeDuration(String,TimeUnit) in FormatUtils has been deprecated
[WARNING] /home/srafi/after-cam-ready/compare_/compile_repair_output/work/6365a984e536/nifi-nar-bundles/nifi-framework-bundle/nifi-framework/nifi-framework-core-api/src/main/java/org/apache/nifi/util/CharacterFilterUtils.java:[40,25] [deprecation] CharSequenceTranslator in org.apache.commons.lang3.text.translate has been deprecated
[WARNING] /home/srafi/after-cam-ready/compare_/compile_repair_output/work/6365a984e536/nifi-nar-bundles/nifi-framework-bundle/nifi-framework/nifi-framework-core-api/src/main/java/org/apache/nifi/util/CharacterFilterUtils.java:[40,83] [deprecation] AggregateTranslator in org.apache.commons.lang3.text.translate has been deprecated
[WARNING] /home/srafi/after-cam-ready/compare_/compile_repair_output/work/6365a984e536/nifi-nar-bundles/nifi-framework-bundle/nifi-framework/nifi-framework-core-api/src/main/java/org/apache/nifi/util/CharacterFilterUtils.java:[41,16] [deprecation] LookupTranslator in org.apache.commons.lang3.text.translate has been deprecated
[WARNING] /home/srafi/after-cam-ready/compare_/compile_repair_output/work/6365a984e536/nifi-nar-bundles/nifi-framework-bundle/nifi-framework/nifi-framework-core-api/src/main/java/org/apache/nifi/util/CharacterFilterUtils.java:[42,16] [deprecation] UnicodeUnpairedSurrogateRemover in org.apache.commons.lang3.text.translate has been deprecated
[INFO] 
[INFO] --- maven-resources-plugin:3.1.0:testResources (default-testResources) @ nifi-framework-core-api ---
[INFO] Using 'UTF-8' encoding to copy filtered resources.
[INFO] skip non existing resourceDirectory /home/srafi/after-cam-ready/compare_/compile_repair_output/work/6365a984e536/nifi-nar-bundles/nifi-framework-bundle/nifi-framework/nifi-framework-core-api/src/test/resources
[INFO] Copying 3 resources
[INFO] 
[INFO] --- maven-compiler-plugin:3.8.1:testCompile (default-testCompile) @ nifi-framework-core-api ---
[INFO] Changes detected - recompiling the module!
[INFO] Compiling 5 source files to /home/srafi/after-cam-ready/compare_/compile_repair_output/work/6365a984e536/nifi-nar-bundles/nifi-framework-bundle/nifi-framework/nifi-framework-core-api/target/test-classes
[INFO] 
[INFO] --- maven-compiler-plugin:3.8.1:testCompile (groovy-tests) @ nifi-framework-core-api ---
[INFO] Changes detected - recompiling the module!
[INFO] Nothing to compile - all classes are up to date
[INFO] 
[INFO] --- maven-surefire-plugin:3.0.0-M8-SNAPSHOT:test (default-test) @ nifi-framework-core-api ---
[INFO] Tests are skipped.
[INFO] 
[INFO] --- maven-jar-plugin:3.2.0:jar (default-jar) @ nifi-framework-core-api ---
[INFO] Building jar: /home/srafi/after-cam-ready/compare_/compile_repair_output/work/6365a984e536/nifi-nar-bundles/nifi-framework-bundle/nifi-framework/nifi-framework-core-api/target/nifi-framework-core-api-1.15.0-SNAPSHOT.jar
[INFO] 
[INFO] --- maven-site-plugin:3.7.1:attach-descriptor (attach-descriptor) @ nifi-framework-core-api ---
[INFO] Skipping because packaging 'jar' is not pom.
[INFO] 
[INFO] --- maven-install-plugin:2.5.2:install (default-install) @ nifi-framework-core-api ---
[INFO] Installing /home/srafi/after-cam-ready/compare_/compile_repair_output/work/6365a984e536/nifi-nar-bundles/nifi-framework-bundle/nifi-framework/nifi-framework-core-api/target/nifi-framework-core-api-1.15.0-SNAPSHOT.jar to /home/srafi/.m2/repository/org/apache/nifi/nifi-framework-core-api/1.15.0-SNAPSHOT/nifi-framework-core-api-1.15.0-SNAPSHOT.jar
[INFO] Installing /home/srafi/after-cam-ready/compare_/compile_repair_output/work/6365a984e536/nifi-nar-bundles/nifi-framework-bundle/nifi-framework/nifi-framework-core-api/pom.xml to /home/srafi/.m2/repository/org/apache/nifi/nifi-framework-core-api/1.15.0-SNAPSHOT/nifi-framework-core-api-1.15.0-SNAPSHOT.pom
[INFO] 
[INFO] ---------------------< org.apache.nifi:nifi-mock >----------------------
[INFO] Building nifi-mock 1.15.0-SNAPSHOT                               [39/74]
[INFO] --------------------------------[ jar ]---------------------------------
[INFO] 
[INFO] --- maven-clean-plugin:3.1.0:clean (default-clean) @ nifi-mock ---
[INFO] 
[INFO] --- maven-remote-resources-plugin:1.7.0:process (process-resource-bundles) @ nifi-mock ---
[INFO] Preparing remote bundle org.apache:apache-jar-resource-bundle:1.4
[INFO] Copying 3 resources from 1 bundle.
[INFO] 
[INFO] --- maven-resources-plugin:3.1.0:resources (default-resources) @ nifi-mock ---
[INFO] Using 'UTF-8' encoding to copy filtered resources.
[INFO] Copying 1 resource
[INFO] Copying 3 resources
[INFO] 
[INFO] --- maven-compiler-plugin:3.8.1:compile (default-compile) @ nifi-mock ---
[INFO] Changes detected - recompiling the module!
[INFO] Compiling 39 source files to /home/srafi/after-cam-ready/compare_/compile_repair_output/work/6365a984e536/nifi-mock/target/classes
[INFO] 
[INFO] --- maven-resources-plugin:3.1.0:testResources (default-testResources) @ nifi-mock ---
[INFO] Using 'UTF-8' encoding to copy filtered resources.
[INFO] skip non existing resourceDirectory /home/srafi/after-cam-ready/compare_/compile_repair_output/work/6365a984e536/nifi-mock/src/test/resources
[INFO] Copying 3 resources
[INFO] 
[INFO] --- maven-compiler-plugin:3.8.1:testCompile (default-testCompile) @ nifi-mock ---
[INFO] Changes detected - recompiling the module!
[INFO] Compiling 4 source files to /home/srafi/after-cam-ready/compare_/compile_repair_output/work/6365a984e536/nifi-mock/target/test-classes
[INFO] 
[INFO] --- maven-compiler-plugin:3.8.1:testCompile (groovy-tests) @ nifi-mock ---
[INFO] Changes detected - recompiling the module!
[INFO] Nothing to compile - all classes are up to date
[INFO] 
[INFO] --- maven-surefire-plugin:3.0.0-M8-SNAPSHOT:test (default-test) @ nifi-mock ---
[INFO] Tests are skipped.
[INFO] 
[INFO] --- maven-jar-plugin:3.2.0:jar (default-jar) @ nifi-mock ---
[INFO] Building jar: /home/srafi/after-cam-ready/compare_/compile_repair_output/work/6365a984e536/nifi-mock/target/nifi-mock-1.15.0-SNAPSHOT.jar
[INFO] 
[INFO] --- maven-site-plugin:3.7.1:attach-descriptor (attach-descriptor) @ nifi-mock ---
[INFO] Skipping because packaging 'jar' is not pom.
[INFO] 
[INFO] --- maven-install-plugin:2.5.2:install (default-install) @ nifi-mock ---
[INFO] Installing /home/srafi/after-cam-ready/compare_/compile_repair_output/work/6365a984e536/nifi-mock/target/nifi-mock-1.15.0-SNAPSHOT.jar to /home/srafi/.m2/repository/org/apache/nifi/nifi-mock/1.15.0-SNAPSHOT/nifi-mock-1.15.0-SNAPSHOT.jar
[INFO] Installing /home/srafi/after-cam-ready/compare_/compile_repair_output/work/6365a984e536/nifi-mock/pom.xml to /home/srafi/.m2/repository/org/apache/nifi/nifi-mock/1.15.0-SNAPSHOT/nifi-mock-1.15.0-SNAPSHOT.pom
[INFO] 
[INFO] ----------------< org.apache.nifi:nifi-extension-utils >----------------
[INFO] Building nifi-extension-utils 1.15.0-SNAPSHOT                    [40/74]
[INFO] --------------------------------[ pom ]---------------------------------
[INFO] 
[INFO] --- maven-clean-plugin:3.1.0:clean (default-clean) @ nifi-extension-utils ---
[INFO] 
[INFO] --- buildnumber-maven-plugin:1.4:create (default) @ nifi-extension-utils ---
[INFO] 
[INFO] --- maven-remote-resources-plugin:1.7.0:process (process-resource-bundles) @ nifi-extension-utils ---
[INFO] Preparing remote bundle org.apache:apache-jar-resource-bundle:1.4
[INFO] Copying 3 resources from 1 bundle.
[INFO] 
[INFO] --- maven-compiler-plugin:3.8.1:testCompile (groovy-tests) @ nifi-extension-utils ---
[INFO] No sources to compile
[INFO] 
[INFO] --- maven-site-plugin:3.7.1:attach-descriptor (attach-descriptor) @ nifi-extension-utils ---
[INFO] No site descriptor found: nothing to attach.
[INFO] 
[INFO] --- maven-install-plugin:2.5.2:install (default-install) @ nifi-extension-utils ---
[INFO] Installing /home/srafi/after-cam-ready/compare_/compile_repair_output/work/6365a984e536/nifi-nar-bundles/nifi-extension-utils/pom.xml to /home/srafi/.m2/repository/org/apache/nifi/nifi-extension-utils/1.15.0-SNAPSHOT/nifi-extension-utils-1.15.0-SNAPSHOT.pom
[INFO] 
[INFO] -------------< org.apache.nifi:nifi-standard-prioritizers >-------------
[INFO] Building nifi-standard-prioritizers 1.15.0-SNAPSHOT              [41/74]
[INFO] --------------------------------[ jar ]---------------------------------
[INFO] 
[INFO] --- maven-clean-plugin:3.1.0:clean (default-clean) @ nifi-standard-prioritizers ---
[INFO] 
[INFO] --- buildnumber-maven-plugin:1.4:create (default) @ nifi-standard-prioritizers ---
[INFO] 
[INFO] --- maven-remote-resources-plugin:1.7.0:process (process-resource-bundles) @ nifi-standard-prioritizers ---
[INFO] Preparing remote bundle org.apache:apache-jar-resource-bundle:1.4
[INFO] Copying 3 resources from 1 bundle.
[INFO] 
[INFO] --- maven-resources-plugin:3.1.0:resources (default-resources) @ nifi-standard-prioritizers ---
[INFO] Using 'UTF-8' encoding to copy filtered resources.
[INFO] Copying 1 resource
[INFO] Copying 3 resources
[INFO] 
[INFO] --- maven-compiler-plugin:3.8.1:compile (default-compile) @ nifi-standard-prioritizers ---
[INFO] Changes detected - recompiling the module!
[INFO] Compiling 4 source files to /home/srafi/after-cam-ready/compare_/compile_repair_output/work/6365a984e536/nifi-nar-bundles/nifi-framework-bundle/nifi-framework/nifi-standard-prioritizers/target/classes
[INFO] 
[INFO] --- maven-resources-plugin:3.1.0:testResources (default-testResources) @ nifi-standard-prioritizers ---
[INFO] Using 'UTF-8' encoding to copy filtered resources.
[INFO] skip non existing resourceDirectory /home/srafi/after-cam-ready/compare_/compile_repair_output/work/6365a984e536/nifi-nar-bundles/nifi-framework-bundle/nifi-framework/nifi-standard-prioritizers/src/test/resources
[INFO] Copying 3 resources
[INFO] 
[INFO] --- maven-compiler-plugin:3.8.1:testCompile (default-testCompile) @ nifi-standard-prioritizers ---
[INFO] Changes detected - recompiling the module!
[INFO] Compiling 3 source files to /home/srafi/after-cam-ready/compare_/compile_repair_output/work/6365a984e536/nifi-nar-bundles/nifi-framework-bundle/nifi-framework/nifi-standard-prioritizers/target/test-classes
[INFO] 
[INFO] --- maven-compiler-plugin:3.8.1:testCompile (groovy-tests) @ nifi-standard-prioritizers ---
[INFO] Changes detected - recompiling the module!
[INFO] Nothing to compile - all classes are up to date
[INFO] 
[INFO] --- maven-surefire-plugin:3.0.0-M8-SNAPSHOT:test (default-test) @ nifi-standard-prioritizers ---
[INFO] Tests are skipped.
[INFO] 
[INFO] --- maven-jar-plugin:3.2.0:jar (default-jar) @ nifi-standard-prioritizers ---
[INFO] Building jar: /home/srafi/after-cam-ready/compare_/compile_repair_output/work/6365a984e536/nifi-nar-bundles/nifi-framework-bundle/nifi-framework/nifi-standard-prioritizers/target/nifi-standard-prioritizers-1.15.0-SNAPSHOT.jar
[INFO] 
[INFO] --- maven-site-plugin:3.7.1:attach-descriptor (attach-descriptor) @ nifi-standard-prioritizers ---
[INFO] Skipping because packaging 'jar' is not pom.
[INFO] 
[INFO] --- maven-install-plugin:2.5.2:install (default-install) @ nifi-standard-prioritizers ---
[INFO] Installing /home/srafi/after-cam-ready/compare_/compile_repair_output/work/6365a984e536/nifi-nar-bundles/nifi-framework-bundle/nifi-framework/nifi-standard-prioritizers/target/nifi-standard-prioritizers-1.15.0-SNAPSHOT.jar to /home/srafi/.m2/repository/org/apache/nifi/nifi-standard-prioritizers/1.15.0-SNAPSHOT/nifi-standard-prioritizers-1.15.0-SNAPSHOT.jar
[INFO] Installing /home/srafi/after-cam-ready/compare_/compile_repair_output/work/6365a984e536/nifi-nar-bundles/nifi-framework-bundle/nifi-framework/nifi-standard-prioritizers/pom.xml to /home/srafi/.m2/repository/org/apache/nifi/nifi-standard-prioritizers/1.15.0-SNAPSHOT/nifi-standard-prioritizers-1.15.0-SNAPSHOT.pom
[INFO] 
[INFO] ---------------< org.apache.nifi:nifi-standard-services >---------------
[INFO] Building nifi-standard-services 1.15.0-SNAPSHOT                  [42/74]
[INFO] --------------------------------[ pom ]---------------------------------
[INFO] 
[INFO] --- maven-clean-plugin:3.1.0:clean (default-clean) @ nifi-standard-services ---
[INFO] 
[INFO] --- buildnumber-maven-plugin:1.4:create (default) @ nifi-standard-services ---
[INFO] 
[INFO] --- maven-remote-resources-plugin:1.7.0:process (process-resource-bundles) @ nifi-standard-services ---
[INFO] Preparing remote bundle org.apache:apache-jar-resource-bundle:1.4
[INFO] Copying 3 resources from 1 bundle.
[INFO] 
[INFO] --- maven-compiler-plugin:3.8.1:testCompile (groovy-tests) @ nifi-standard-services ---
[INFO] No sources to compile
[INFO] 
[INFO] --- maven-site-plugin:3.7.1:attach-descriptor (attach-descriptor) @ nifi-standard-services ---
[INFO] No site descriptor found: nothing to attach.
[INFO] 
[INFO] --- maven-install-plugin:2.5.2:install (default-install) @ nifi-standard-services ---
[INFO] Installing /home/srafi/after-cam-ready/compare_/compile_repair_output/work/6365a984e536/nifi-nar-bundles/nifi-standard-services/pom.xml to /home/srafi/.m2/repository/org/apache/nifi/nifi-standard-services/1.15.0-SNAPSHOT/nifi-standard-services-1.15.0-SNAPSHOT.pom
[INFO] 
[INFO] -----< org.apache.nifi:nifi-distributed-cache-client-service-api >------
[INFO] Building nifi-distributed-cache-client-service-api 1.15.0-SNAPSHOT [43/74]
[INFO] --------------------------------[ jar ]---------------------------------
[INFO] 
[INFO] --- maven-clean-plugin:3.1.0:clean (default-clean) @ nifi-distributed-cache-client-service-api ---
[INFO] 
[INFO] --- buildnumber-maven-plugin:1.4:create (default) @ nifi-distributed-cache-client-service-api ---
[INFO] 
[INFO] --- maven-remote-resources-plugin:1.7.0:process (process-resource-bundles) @ nifi-distributed-cache-client-service-api ---
[INFO] Preparing remote bundle org.apache:apache-jar-resource-bundle:1.4
[INFO] Copying 3 resources from 1 bundle.
[INFO] 
[INFO] --- maven-resources-plugin:3.1.0:resources (default-resources) @ nifi-distributed-cache-client-service-api ---
[INFO] Using 'UTF-8' encoding to copy filtered resources.
[INFO] skip non existing resourceDirectory /home/srafi/after-cam-ready/compare_/compile_repair_output/work/6365a984e536/nifi-nar-bundles/nifi-standard-services/nifi-distributed-cache-client-service-api/src/main/resources
[INFO] Copying 3 resources
[INFO] 
[INFO] --- maven-compiler-plugin:3.8.1:compile (default-compile) @ nifi-distributed-cache-client-service-api ---
[INFO] Changes detected - recompiling the module!
[INFO] Compiling 8 source files to /home/srafi/after-cam-ready/compare_/compile_repair_output/work/6365a984e536/nifi-nar-bundles/nifi-standard-services/nifi-distributed-cache-client-service-api/target/classes
[INFO] 
[INFO] --- maven-resources-plugin:3.1.0:testResources (default-testResources) @ nifi-distributed-cache-client-service-api ---
[INFO] Using 'UTF-8' encoding to copy filtered resources.
[INFO] skip non existing resourceDirectory /home/srafi/after-cam-ready/compare_/compile_repair_output/work/6365a984e536/nifi-nar-bundles/nifi-standard-services/nifi-distributed-cache-client-service-api/src/test/resources
[INFO] Copying 3 resources
[INFO] 
[INFO] --- maven-compiler-plugin:3.8.1:testCompile (default-testCompile) @ nifi-distributed-cache-client-service-api ---
[INFO] No sources to compile
[INFO] 
[INFO] --- maven-compiler-plugin:3.8.1:testCompile (groovy-tests) @ nifi-distributed-cache-client-service-api ---
[INFO] No sources to compile
[INFO] 
[INFO] --- maven-surefire-plugin:3.0.0-M8-SNAPSHOT:test (default-test) @ nifi-distributed-cache-client-service-api ---
[INFO] Tests are skipped.
[INFO] 
[INFO] --- maven-jar-plugin:3.2.0:jar (default-jar) @ nifi-distributed-cache-client-service-api ---
[INFO] Building jar: /home/srafi/after-cam-ready/compare_/compile_repair_output/work/6365a984e536/nifi-nar-bundles/nifi-standard-services/nifi-distributed-cache-client-service-api/target/nifi-distributed-cache-client-service-api-1.15.0-SNAPSHOT.jar
[INFO] 
[INFO] --- maven-site-plugin:3.7.1:attach-descriptor (attach-descriptor) @ nifi-distributed-cache-client-service-api ---
[INFO] Skipping because packaging 'jar' is not pom.
[INFO] 
[INFO] --- maven-install-plugin:2.5.2:install (default-install) @ nifi-distributed-cache-client-service-api ---
[INFO] Installing /home/srafi/after-cam-ready/compare_/compile_repair_output/work/6365a984e536/nifi-nar-bundles/nifi-standard-services/nifi-distributed-cache-client-service-api/target/nifi-distributed-cache-client-service-api-1.15.0-SNAPSHOT.jar to /home/srafi/.m2/repository/org/apache/nifi/nifi-distributed-cache-client-service-api/1.15.0-SNAPSHOT/nifi-distributed-cache-client-service-api-1.15.0-SNAPSHOT.jar
[INFO] Installing /home/srafi/after-cam-ready/compare_/compile_repair_output/work/6365a984e536/nifi-nar-bundles/nifi-standard-services/nifi-distributed-cache-client-service-api/pom.xml to /home/srafi/.m2/repository/org/apache/nifi/nifi-distributed-cache-client-service-api/1.15.0-SNAPSHOT/nifi-distributed-cache-client-service-api-1.15.0-SNAPSHOT.pom
[INFO] 
[INFO] -------< org.apache.nifi:nifi-record-serialization-service-api >--------
[INFO] Building nifi-record-serialization-service-api 1.15.0-SNAPSHOT   [44/74]
[INFO] --------------------------------[ jar ]---------------------------------
[INFO] 
[INFO] --- maven-clean-plugin:3.1.0:clean (default-clean) @ nifi-record-serialization-service-api ---
[INFO] 
[INFO] --- buildnumber-maven-plugin:1.4:create (default) @ nifi-record-serialization-service-api ---
[INFO] 
[INFO] --- maven-remote-resources-plugin:1.7.0:process (process-resource-bundles) @ nifi-record-serialization-service-api ---
[INFO] Preparing remote bundle org.apache:apache-jar-resource-bundle:1.4
[INFO] Copying 3 resources from 1 bundle.
[INFO] 
[INFO] --- maven-resources-plugin:3.1.0:resources (default-resources) @ nifi-record-serialization-service-api ---
[INFO] Using 'UTF-8' encoding to copy filtered resources.
[INFO] skip non existing resourceDirectory /home/srafi/after-cam-ready/compare_/compile_repair_output/work/6365a984e536/nifi-nar-bundles/nifi-standard-services/nifi-record-serialization-service-api/src/main/resources
[INFO] Copying 3 resources
[INFO] 
[INFO] --- maven-compiler-plugin:3.8.1:compile (default-compile) @ nifi-record-serialization-service-api ---
[INFO] Changes detected - recompiling the module!
[INFO] Compiling 3 source files to /home/srafi/after-cam-ready/compare_/compile_repair_output/work/6365a984e536/nifi-nar-bundles/nifi-standard-services/nifi-record-serialization-service-api/target/classes
[INFO] 
[INFO] --- maven-resources-plugin:3.1.0:testResources (default-testResources) @ nifi-record-serialization-service-api ---
[INFO] Using 'UTF-8' encoding to copy filtered resources.
[INFO] skip non existing resourceDirectory /home/srafi/after-cam-ready/compare_/compile_repair_output/work/6365a984e536/nifi-nar-bundles/nifi-standard-services/nifi-record-serialization-service-api/src/test/resources
[INFO] Copying 3 resources
[INFO] 
[INFO] --- maven-compiler-plugin:3.8.1:testCompile (default-testCompile) @ nifi-record-serialization-service-api ---
[INFO] No sources to compile
[INFO] 
[INFO] --- maven-compiler-plugin:3.8.1:testCompile (groovy-tests) @ nifi-record-serialization-service-api ---
[INFO] No sources to compile
[INFO] 
[INFO] --- maven-surefire-plugin:3.0.0-M8-SNAPSHOT:test (default-test) @ nifi-record-serialization-service-api ---
[INFO] Tests are skipped.
[INFO] 
[INFO] --- maven-jar-plugin:3.2.0:jar (default-jar) @ nifi-record-serialization-service-api ---
[INFO] Building jar: /home/srafi/after-cam-ready/compare_/compile_repair_output/work/6365a984e536/nifi-nar-bundles/nifi-standard-services/nifi-record-serialization-service-api/target/nifi-record-serialization-service-api-1.15.0-SNAPSHOT.jar
[INFO] 
[INFO] --- maven-site-plugin:3.7.1:attach-descriptor (attach-descriptor) @ nifi-record-serialization-service-api ---
[INFO] Skipping because packaging 'jar' is not pom.
[INFO] 
[INFO] --- maven-install-plugin:2.5.2:install (default-install) @ nifi-record-serialization-service-api ---
[INFO] Installing /home/srafi/after-cam-ready/compare_/compile_repair_output/work/6365a984e536/nifi-nar-bundles/nifi-standard-services/nifi-record-serialization-service-api/target/nifi-record-serialization-service-api-1.15.0-SNAPSHOT.jar to /home/srafi/.m2/repository/org/apache/nifi/nifi-record-serialization-service-api/1.15.0-SNAPSHOT/nifi-record-serialization-service-api-1.15.0-SNAPSHOT.jar
[INFO] Installing /home/srafi/after-cam-ready/compare_/compile_repair_output/work/6365a984e536/nifi-nar-bundles/nifi-standard-services/nifi-record-serialization-service-api/pom.xml to /home/srafi/.m2/repository/org/apache/nifi/nifi-record-serialization-service-api/1.15.0-SNAPSHOT/nifi-record-serialization-service-api-1.15.0-SNAPSHOT.pom
[INFO] 
[INFO] ------------< org.apache.nifi:nifi-ssl-context-service-api >------------
[INFO] Building nifi-ssl-context-service-api 1.15.0-SNAPSHOT            [45/74]
[INFO] --------------------------------[ jar ]---------------------------------
[INFO] 
[INFO] --- maven-clean-plugin:3.1.0:clean (default-clean) @ nifi-ssl-context-service-api ---
[INFO] 
[INFO] --- buildnumber-maven-plugin:1.4:create (default) @ nifi-ssl-context-service-api ---
[INFO] 
[INFO] --- maven-remote-resources-plugin:1.7.0:process (process-resource-bundles) @ nifi-ssl-context-service-api ---
[INFO] Preparing remote bundle org.apache:apache-jar-resource-bundle:1.4
[INFO] Copying 3 resources from 1 bundle.
[INFO] 
[INFO] --- maven-resources-plugin:3.1.0:resources (default-resources) @ nifi-ssl-context-service-api ---
[INFO] Using 'UTF-8' encoding to copy filtered resources.
[INFO] skip non existing resourceDirectory /home/srafi/after-cam-ready/compare_/compile_repair_output/work/6365a984e536/nifi-nar-bundles/nifi-standard-services/nifi-ssl-context-service-api/src/main/resources
[INFO] Copying 3 resources
[INFO] 
[INFO] --- maven-compiler-plugin:3.8.1:compile (default-compile) @ nifi-ssl-context-service-api ---
[INFO] Changes detected - recompiling the module!
[INFO] Compiling 2 source files to /home/srafi/after-cam-ready/compare_/compile_repair_output/work/6365a984e536/nifi-nar-bundles/nifi-standard-services/nifi-ssl-context-service-api/target/classes
[INFO] 
[INFO] --- maven-resources-plugin:3.1.0:testResources (default-testResources) @ nifi-ssl-context-service-api ---
[INFO] Using 'UTF-8' encoding to copy filtered resources.
[INFO] skip non existing resourceDirectory /home/srafi/after-cam-ready/compare_/compile_repair_output/work/6365a984e536/nifi-nar-bundles/nifi-standard-services/nifi-ssl-context-service-api/src/test/resources
[INFO] Copying 3 resources
[INFO] 
[INFO] --- maven-compiler-plugin:3.8.1:testCompile (default-testCompile) @ nifi-ssl-context-service-api ---
[INFO] No sources to compile
[INFO] 
[INFO] --- maven-compiler-plugin:3.8.1:testCompile (groovy-tests) @ nifi-ssl-context-service-api ---
[INFO] No sources to compile
[INFO] 
[INFO] --- maven-surefire-plugin:3.0.0-M8-SNAPSHOT:test (default-test) @ nifi-ssl-context-service-api ---
[INFO] Tests are skipped.
[INFO] 
[INFO] --- maven-jar-plugin:3.2.0:jar (default-jar) @ nifi-ssl-context-service-api ---
[INFO] Building jar: /home/srafi/after-cam-ready/compare_/compile_repair_output/work/6365a984e536/nifi-nar-bundles/nifi-standard-services/nifi-ssl-context-service-api/target/nifi-ssl-context-service-api-1.15.0-SNAPSHOT.jar
[INFO] 
[INFO] --- maven-site-plugin:3.7.1:attach-descriptor (attach-descriptor) @ nifi-ssl-context-service-api ---
[INFO] Skipping because packaging 'jar' is not pom.
[INFO] 
[INFO] --- maven-install-plugin:2.5.2:install (default-install) @ nifi-ssl-context-service-api ---
[INFO] Installing /home/srafi/after-cam-ready/compare_/compile_repair_output/work/6365a984e536/nifi-nar-bundles/nifi-standard-services/nifi-ssl-context-service-api/target/nifi-ssl-context-service-api-1.15.0-SNAPSHOT.jar to /home/srafi/.m2/repository/org/apache/nifi/nifi-ssl-context-service-api/1.15.0-SNAPSHOT/nifi-ssl-context-service-api-1.15.0-SNAPSHOT.jar
[INFO] Installing /home/srafi/after-cam-ready/compare_/compile_repair_output/work/6365a984e536/nifi-nar-bundles/nifi-standard-services/nifi-ssl-context-service-api/pom.xml to /home/srafi/.m2/repository/org/apache/nifi/nifi-ssl-context-service-api/1.15.0-SNAPSHOT/nifi-ssl-context-service-api-1.15.0-SNAPSHOT.pom
[INFO] 
[INFO] ---------< org.apache.nifi:nifi-load-distribution-service-api >---------
[INFO] Building nifi-load-distribution-service-api 1.15.0-SNAPSHOT      [46/74]
[INFO] --------------------------------[ jar ]---------------------------------
[INFO] 
[INFO] --- maven-clean-plugin:3.1.0:clean (default-clean) @ nifi-load-distribution-service-api ---
[INFO] 
[INFO] --- buildnumber-maven-plugin:1.4:create (default) @ nifi-load-distribution-service-api ---
[INFO] 
[INFO] --- maven-remote-resources-plugin:1.7.0:process (process-resource-bundles) @ nifi-load-distribution-service-api ---
[INFO] Preparing remote bundle org.apache:apache-jar-resource-bundle:1.4
[INFO] Copying 3 resources from 1 bundle.
[INFO] 
[INFO] --- maven-resources-plugin:3.1.0:resources (default-resources) @ nifi-load-distribution-service-api ---
[INFO] Using 'UTF-8' encoding to copy filtered resources.
[INFO] skip non existing resourceDirectory /home/srafi/after-cam-ready/compare_/compile_repair_output/work/6365a984e536/nifi-nar-bundles/nifi-standard-services/nifi-load-distribution-service-api/src/main/resources
[INFO] Copying 3 resources
[INFO] 
[INFO] --- maven-compiler-plugin:3.8.1:compile (default-compile) @ nifi-load-distribution-service-api ---
[INFO] Changes detected - recompiling the module!
[INFO] Compiling 2 source files to /home/srafi/after-cam-ready/compare_/compile_repair_output/work/6365a984e536/nifi-nar-bundles/nifi-standard-services/nifi-load-distribution-service-api/target/classes
[INFO] 
[INFO] --- maven-resources-plugin:3.1.0:testResources (default-testResources) @ nifi-load-distribution-service-api ---
[INFO] Using 'UTF-8' encoding to copy filtered resources.
[INFO] skip non existing resourceDirectory /home/srafi/after-cam-ready/compare_/compile_repair_output/work/6365a984e536/nifi-nar-bundles/nifi-standard-services/nifi-load-distribution-service-api/src/test/resources
[INFO] Copying 3 resources
[INFO] 
[INFO] --- maven-compiler-plugin:3.8.1:testCompile (default-testCompile) @ nifi-load-distribution-service-api ---
[INFO] No sources to compile
[INFO] 
[INFO] --- maven-compiler-plugin:3.8.1:testCompile (groovy-tests) @ nifi-load-distribution-service-api ---
[INFO] No sources to compile
[INFO] 
[INFO] --- maven-surefire-plugin:3.0.0-M8-SNAPSHOT:test (default-test) @ nifi-load-distribution-service-api ---
[INFO] Tests are skipped.
[INFO] 
[INFO] --- maven-jar-plugin:3.2.0:jar (default-jar) @ nifi-load-distribution-service-api ---
[INFO] Building jar: /home/srafi/after-cam-ready/compare_/compile_repair_output/work/6365a984e536/nifi-nar-bundles/nifi-standard-services/nifi-load-distribution-service-api/target/nifi-load-distribution-service-api-1.15.0-SNAPSHOT.jar
[INFO] 
[INFO] --- maven-site-plugin:3.7.1:attach-descriptor (attach-descriptor) @ nifi-load-distribution-service-api ---
[INFO] Skipping because packaging 'jar' is not pom.
[INFO] 
[INFO] --- maven-install-plugin:2.5.2:install (default-install) @ nifi-load-distribution-service-api ---
[INFO] Installing /home/srafi/after-cam-ready/compare_/compile_repair_output/work/6365a984e536/nifi-nar-bundles/nifi-standard-services/nifi-load-distribution-service-api/target/nifi-load-distribution-service-api-1.15.0-SNAPSHOT.jar to /home/srafi/.m2/repository/org/apache/nifi/nifi-load-distribution-service-api/1.15.0-SNAPSHOT/nifi-load-distribution-service-api-1.15.0-SNAPSHOT.jar
[INFO] Installing /home/srafi/after-cam-ready/compare_/compile_repair_output/work/6365a984e536/nifi-nar-bundles/nifi-standard-services/nifi-load-distribution-service-api/pom.xml to /home/srafi/.m2/repository/org/apache/nifi/nifi-load-distribution-service-api/1.15.0-SNAPSHOT/nifi-load-distribution-service-api-1.15.0-SNAPSHOT.pom
[INFO] 
[INFO] -------------< org.apache.nifi:nifi-http-context-map-api >--------------
[INFO] Building nifi-http-context-map-api 1.15.0-SNAPSHOT               [47/74]
[INFO] --------------------------------[ jar ]---------------------------------
[INFO] 
[INFO] --- maven-clean-plugin:3.1.0:clean (default-clean) @ nifi-http-context-map-api ---
[INFO] 
[INFO] --- buildnumber-maven-plugin:1.4:create (default) @ nifi-http-context-map-api ---
[INFO] 
[INFO] --- maven-remote-resources-plugin:1.7.0:process (process-resource-bundles) @ nifi-http-context-map-api ---
[INFO] Preparing remote bundle org.apache:apache-jar-resource-bundle:1.4
[INFO] Copying 3 resources from 1 bundle.
[INFO] 
[INFO] --- maven-resources-plugin:3.1.0:resources (default-resources) @ nifi-http-context-map-api ---
[INFO] Using 'UTF-8' encoding to copy filtered resources.
[INFO] skip non existing resourceDirectory /home/srafi/after-cam-ready/compare_/compile_repair_output/work/6365a984e536/nifi-nar-bundles/nifi-standard-services/nifi-http-context-map-api/src/main/resources
[INFO] Copying 3 resources
[INFO] 
[INFO] --- maven-compiler-plugin:3.8.1:compile (default-compile) @ nifi-http-context-map-api ---
[INFO] Changes detected - recompiling the module!
[INFO] Compiling 1 source file to /home/srafi/after-cam-ready/compare_/compile_repair_output/work/6365a984e536/nifi-nar-bundles/nifi-standard-services/nifi-http-context-map-api/target/classes
[INFO] 
[INFO] --- maven-resources-plugin:3.1.0:testResources (default-testResources) @ nifi-http-context-map-api ---
[INFO] Using 'UTF-8' encoding to copy filtered resources.
[INFO] skip non existing resourceDirectory /home/srafi/after-cam-ready/compare_/compile_repair_output/work/6365a984e536/nifi-nar-bundles/nifi-standard-services/nifi-http-context-map-api/src/test/resources
[INFO] Copying 3 resources
[INFO] 
[INFO] --- maven-compiler-plugin:3.8.1:testCompile (default-testCompile) @ nifi-http-context-map-api ---
[INFO] No sources to compile
[INFO] 
[INFO] --- maven-compiler-plugin:3.8.1:testCompile (groovy-tests) @ nifi-http-context-map-api ---
[INFO] No sources to compile
[INFO] 
[INFO] --- maven-surefire-plugin:3.0.0-M8-SNAPSHOT:test (default-test) @ nifi-http-context-map-api ---
[INFO] Tests are skipped.
[INFO] 
[INFO] --- maven-jar-plugin:3.2.0:jar (default-jar) @ nifi-http-context-map-api ---
[INFO] Building jar: /home/srafi/after-cam-ready/compare_/compile_repair_output/work/6365a984e536/nifi-nar-bundles/nifi-standard-services/nifi-http-context-map-api/target/nifi-http-context-map-api-1.15.0-SNAPSHOT.jar
[INFO] 
[INFO] --- maven-site-plugin:3.7.1:attach-descriptor (attach-descriptor) @ nifi-http-context-map-api ---
[INFO] Skipping because packaging 'jar' is not pom.
[INFO] 
[INFO] --- maven-install-plugin:2.5.2:install (default-install) @ nifi-http-context-map-api ---
[INFO] Installing /home/srafi/after-cam-ready/compare_/compile_repair_output/work/6365a984e536/nifi-nar-bundles/nifi-standard-services/nifi-http-context-map-api/target/nifi-http-context-map-api-1.15.0-SNAPSHOT.jar to /home/srafi/.m2/repository/org/apache/nifi/nifi-http-context-map-api/1.15.0-SNAPSHOT/nifi-http-context-map-api-1.15.0-SNAPSHOT.jar
[INFO] Installing /home/srafi/after-cam-ready/compare_/compile_repair_output/work/6365a984e536/nifi-nar-bundles/nifi-standard-services/nifi-http-context-map-api/pom.xml to /home/srafi/.m2/repository/org/apache/nifi/nifi-http-context-map-api/1.15.0-SNAPSHOT/nifi-http-context-map-api-1.15.0-SNAPSHOT.pom
[INFO] 
[INFO] ---------------< org.apache.nifi:nifi-dbcp-service-api >----------------
[INFO] Building nifi-dbcp-service-api 1.15.0-SNAPSHOT                   [48/74]
[INFO] --------------------------------[ jar ]---------------------------------
[INFO] 
[INFO] --- maven-clean-plugin:3.1.0:clean (default-clean) @ nifi-dbcp-service-api ---
[INFO] 
[INFO] --- buildnumber-maven-plugin:1.4:create (default) @ nifi-dbcp-service-api ---
[INFO] 
[INFO] --- maven-remote-resources-plugin:1.7.0:process (process-resource-bundles) @ nifi-dbcp-service-api ---
[INFO] Preparing remote bundle org.apache:apache-jar-resource-bundle:1.4
[INFO] Copying 3 resources from 1 bundle.
[INFO] 
[INFO] --- maven-resources-plugin:3.1.0:resources (default-resources) @ nifi-dbcp-service-api ---
[INFO] Using 'UTF-8' encoding to copy filtered resources.
[INFO] skip non existing resourceDirectory /home/srafi/after-cam-ready/compare_/compile_repair_output/work/6365a984e536/nifi-nar-bundles/nifi-standard-services/nifi-dbcp-service-api/src/main/resources
[INFO] Copying 3 resources
[INFO] 
[INFO] --- maven-compiler-plugin:3.8.1:compile (default-compile) @ nifi-dbcp-service-api ---
[INFO] Changes detected - recompiling the module!
[INFO] Compiling 2 source files to /home/srafi/after-cam-ready/compare_/compile_repair_output/work/6365a984e536/nifi-nar-bundles/nifi-standard-services/nifi-dbcp-service-api/target/classes
[INFO] 
[INFO] --- maven-resources-plugin:3.1.0:testResources (default-testResources) @ nifi-dbcp-service-api ---
[INFO] Using 'UTF-8' encoding to copy filtered resources.
[INFO] skip non existing resourceDirectory /home/srafi/after-cam-ready/compare_/compile_repair_output/work/6365a984e536/nifi-nar-bundles/nifi-standard-services/nifi-dbcp-service-api/src/test/resources
[INFO] Copying 3 resources
[INFO] 
[INFO] --- maven-compiler-plugin:3.8.1:testCompile (default-testCompile) @ nifi-dbcp-service-api ---
[INFO] No sources to compile
[INFO] 
[INFO] --- maven-compiler-plugin:3.8.1:testCompile (groovy-tests) @ nifi-dbcp-service-api ---
[INFO] No sources to compile
[INFO] 
[INFO] --- maven-surefire-plugin:3.0.0-M8-SNAPSHOT:test (default-test) @ nifi-dbcp-service-api ---
[INFO] Tests are skipped.
[INFO] 
[INFO] --- maven-jar-plugin:3.2.0:jar (default-jar) @ nifi-dbcp-service-api ---
[INFO] Building jar: /home/srafi/after-cam-ready/compare_/compile_repair_output/work/6365a984e536/nifi-nar-bundles/nifi-standard-services/nifi-dbcp-service-api/target/nifi-dbcp-service-api-1.15.0-SNAPSHOT.jar
[INFO] 
[INFO] --- maven-site-plugin:3.7.1:attach-descriptor (attach-descriptor) @ nifi-dbcp-service-api ---
[INFO] Skipping because packaging 'jar' is not pom.
[INFO] 
[INFO] --- maven-install-plugin:2.5.2:install (default-install) @ nifi-dbcp-service-api ---
[INFO] Installing /home/srafi/after-cam-ready/compare_/compile_repair_output/work/6365a984e536/nifi-nar-bundles/nifi-standard-services/nifi-dbcp-service-api/target/nifi-dbcp-service-api-1.15.0-SNAPSHOT.jar to /home/srafi/.m2/repository/org/apache/nifi/nifi-dbcp-service-api/1.15.0-SNAPSHOT/nifi-dbcp-service-api-1.15.0-SNAPSHOT.jar
[INFO] Installing /home/srafi/after-cam-ready/compare_/compile_repair_output/work/6365a984e536/nifi-nar-bundles/nifi-standard-services/nifi-dbcp-service-api/pom.xml to /home/srafi/.m2/repository/org/apache/nifi/nifi-dbcp-service-api/1.15.0-SNAPSHOT/nifi-dbcp-service-api-1.15.0-SNAPSHOT.pom
[INFO] 
[INFO] ----------< org.apache.nifi:nifi-schema-registry-service-api >----------
[INFO] Building nifi-schema-registry-service-api 1.15.0-SNAPSHOT        [49/74]
[INFO] --------------------------------[ jar ]---------------------------------
[INFO] 
[INFO] --- maven-clean-plugin:3.1.0:clean (default-clean) @ nifi-schema-registry-service-api ---
[INFO] 
[INFO] --- buildnumber-maven-plugin:1.4:create (default) @ nifi-schema-registry-service-api ---
[INFO] 
[INFO] --- maven-remote-resources-plugin:1.7.0:process (process-resource-bundles) @ nifi-schema-registry-service-api ---
[INFO] Preparing remote bundle org.apache:apache-jar-resource-bundle:1.4
[INFO] Copying 3 resources from 1 bundle.
[INFO] 
[INFO] --- maven-resources-plugin:3.1.0:resources (default-resources) @ nifi-schema-registry-service-api ---
[INFO] Using 'UTF-8' encoding to copy filtered resources.
[INFO] skip non existing resourceDirectory /home/srafi/after-cam-ready/compare_/compile_repair_output/work/6365a984e536/nifi-nar-bundles/nifi-standard-services/nifi-schema-registry-service-api/src/main/resources
[INFO] Copying 3 resources
[INFO] 
[INFO] --- maven-compiler-plugin:3.8.1:compile (default-compile) @ nifi-schema-registry-service-api ---
[INFO] Changes detected - recompiling the module!
[INFO] Compiling 1 source file to /home/srafi/after-cam-ready/compare_/compile_repair_output/work/6365a984e536/nifi-nar-bundles/nifi-standard-services/nifi-schema-registry-service-api/target/classes
[INFO] 
[INFO] --- maven-resources-plugin:3.1.0:testResources (default-testResources) @ nifi-schema-registry-service-api ---
[INFO] Using 'UTF-8' encoding to copy filtered resources.
[INFO] skip non existing resourceDirectory /home/srafi/after-cam-ready/compare_/compile_repair_output/work/6365a984e536/nifi-nar-bundles/nifi-standard-services/nifi-schema-registry-service-api/src/test/resources
[INFO] Copying 3 resources
[INFO] 
[INFO] --- maven-compiler-plugin:3.8.1:testCompile (default-testCompile) @ nifi-schema-registry-service-api ---
[INFO] No sources to compile
[INFO] 
[INFO] --- maven-compiler-plugin:3.8.1:testCompile (groovy-tests) @ nifi-schema-registry-service-api ---
[INFO] No sources to compile
[INFO] 
[INFO] --- maven-surefire-plugin:3.0.0-M8-SNAPSHOT:test (default-test) @ nifi-schema-registry-service-api ---
[INFO] Tests are skipped.
[INFO] 
[INFO] --- maven-jar-plugin:3.2.0:jar (default-jar) @ nifi-schema-registry-service-api ---
[INFO] Building jar: /home/srafi/after-cam-ready/compare_/compile_repair_output/work/6365a984e536/nifi-nar-bundles/nifi-standard-services/nifi-schema-registry-service-api/target/nifi-schema-registry-service-api-1.15.0-SNAPSHOT.jar
[INFO] 
[INFO] --- maven-site-plugin:3.7.1:attach-descriptor (attach-descriptor) @ nifi-schema-registry-service-api ---
[INFO] Skipping because packaging 'jar' is not pom.
[INFO] 
[INFO] --- maven-install-plugin:2.5.2:install (default-install) @ nifi-schema-registry-service-api ---
[INFO] Installing /home/srafi/after-cam-ready/compare_/compile_repair_output/work/6365a984e536/nifi-nar-bundles/nifi-standard-services/nifi-schema-registry-service-api/target/nifi-schema-registry-service-api-1.15.0-SNAPSHOT.jar to /home/srafi/.m2/repository/org/apache/nifi/nifi-schema-registry-service-api/1.15.0-SNAPSHOT/nifi-schema-registry-service-api-1.15.0-SNAPSHOT.jar
[INFO] Installing /home/srafi/after-cam-ready/compare_/compile_repair_output/work/6365a984e536/nifi-nar-bundles/nifi-standard-services/nifi-schema-registry-service-api/pom.xml to /home/srafi/.m2/repository/org/apache/nifi/nifi-schema-registry-service-api/1.15.0-SNAPSHOT/nifi-schema-registry-service-api-1.15.0-SNAPSHOT.pom
[INFO] 
[INFO] --------------< org.apache.nifi:nifi-lookup-service-api >---------------
[INFO] Building nifi-lookup-service-api 1.15.0-SNAPSHOT                 [50/74]
[INFO] --------------------------------[ jar ]---------------------------------
[INFO] 
[INFO] --- maven-clean-plugin:3.1.0:clean (default-clean) @ nifi-lookup-service-api ---
[INFO] 
[INFO] --- buildnumber-maven-plugin:1.4:create (default) @ nifi-lookup-service-api ---
[INFO] 
[INFO] --- maven-remote-resources-plugin:1.7.0:process (process-resource-bundles) @ nifi-lookup-service-api ---
[INFO] Preparing remote bundle org.apache:apache-jar-resource-bundle:1.4
[INFO] Copying 3 resources from 1 bundle.
[INFO] 
[INFO] --- maven-resources-plugin:3.1.0:resources (default-resources) @ nifi-lookup-service-api ---
[INFO] Using 'UTF-8' encoding to copy filtered resources.
[INFO] skip non existing resourceDirectory /home/srafi/after-cam-ready/compare_/compile_repair_output/work/6365a984e536/nifi-nar-bundles/nifi-standard-services/nifi-lookup-service-api/src/main/resources
[INFO] Copying 3 resources
[INFO] 
[INFO] --- maven-compiler-plugin:3.8.1:compile (default-compile) @ nifi-lookup-service-api ---
[INFO] Changes detected - recompiling the module!
[INFO] Compiling 4 source files to /home/srafi/after-cam-ready/compare_/compile_repair_output/work/6365a984e536/nifi-nar-bundles/nifi-standard-services/nifi-lookup-service-api/target/classes
[INFO] 
[INFO] --- maven-resources-plugin:3.1.0:testResources (default-testResources) @ nifi-lookup-service-api ---
[INFO] Using 'UTF-8' encoding to copy filtered resources.
[INFO] skip non existing resourceDirectory /home/srafi/after-cam-ready/compare_/compile_repair_output/work/6365a984e536/nifi-nar-bundles/nifi-standard-services/nifi-lookup-service-api/src/test/resources
[INFO] Copying 3 resources
[INFO] 
[INFO] --- maven-compiler-plugin:3.8.1:testCompile (default-testCompile) @ nifi-lookup-service-api ---
[INFO] No sources to compile
[INFO] 
[INFO] --- maven-compiler-plugin:3.8.1:testCompile (groovy-tests) @ nifi-lookup-service-api ---
[INFO] No sources to compile
[INFO] 
[INFO] --- maven-surefire-plugin:3.0.0-M8-SNAPSHOT:test (default-test) @ nifi-lookup-service-api ---
[INFO] Tests are skipped.
[INFO] 
[INFO] --- maven-jar-plugin:3.2.0:jar (default-jar) @ nifi-lookup-service-api ---
[INFO] Building jar: /home/srafi/after-cam-ready/compare_/compile_repair_output/work/6365a984e536/nifi-nar-bundles/nifi-standard-services/nifi-lookup-service-api/target/nifi-lookup-service-api-1.15.0-SNAPSHOT.jar
[INFO] 
[INFO] --- maven-site-plugin:3.7.1:attach-descriptor (attach-descriptor) @ nifi-lookup-service-api ---
[INFO] Skipping because packaging 'jar' is not pom.
[INFO] 
[INFO] --- maven-install-plugin:2.5.2:install (default-install) @ nifi-lookup-service-api ---
[INFO] Installing /home/srafi/after-cam-ready/compare_/compile_repair_output/work/6365a984e536/nifi-nar-bundles/nifi-standard-services/nifi-lookup-service-api/target/nifi-lookup-service-api-1.15.0-SNAPSHOT.jar to /home/srafi/.m2/repository/org/apache/nifi/nifi-lookup-service-api/1.15.0-SNAPSHOT/nifi-lookup-service-api-1.15.0-SNAPSHOT.jar
[INFO] Installing /home/srafi/after-cam-ready/compare_/compile_repair_output/work/6365a984e536/nifi-nar-bundles/nifi-standard-services/nifi-lookup-service-api/pom.xml to /home/srafi/.m2/repository/org/apache/nifi/nifi-lookup-service-api/1.15.0-SNAPSHOT/nifi-lookup-service-api-1.15.0-SNAPSHOT.pom
[INFO] 
[INFO] ------------< org.apache.nifi:nifi-proxy-configuration-api >------------
[INFO] Building nifi-proxy-configuration-api 1.15.0-SNAPSHOT            [51/74]
[INFO] --------------------------------[ jar ]---------------------------------
[INFO] 
[INFO] --- maven-clean-plugin:3.1.0:clean (default-clean) @ nifi-proxy-configuration-api ---
[INFO] 
[INFO] --- buildnumber-maven-plugin:1.4:create (default) @ nifi-proxy-configuration-api ---
[INFO] 
[INFO] --- maven-remote-resources-plugin:1.7.0:process (process-resource-bundles) @ nifi-proxy-configuration-api ---
[INFO] Preparing remote bundle org.apache:apache-jar-resource-bundle:1.4
[INFO] Copying 3 resources from 1 bundle.
[INFO] 
[INFO] --- maven-resources-plugin:3.1.0:resources (default-resources) @ nifi-proxy-configuration-api ---
[INFO] Using 'UTF-8' encoding to copy filtered resources.
[INFO] skip non existing resourceDirectory /home/srafi/after-cam-ready/compare_/compile_repair_output/work/6365a984e536/nifi-nar-bundles/nifi-standard-services/nifi-proxy-configuration-api/src/main/resources
[INFO] Copying 3 resources
[INFO] 
[INFO] --- maven-compiler-plugin:3.8.1:compile (default-compile) @ nifi-proxy-configuration-api ---
[INFO] Changes detected - recompiling the module!
[INFO] Compiling 3 source files to /home/srafi/after-cam-ready/compare_/compile_repair_output/work/6365a984e536/nifi-nar-bundles/nifi-standard-services/nifi-proxy-configuration-api/target/classes
[INFO] 
[INFO] --- maven-resources-plugin:3.1.0:testResources (default-testResources) @ nifi-proxy-configuration-api ---
[INFO] Using 'UTF-8' encoding to copy filtered resources.
[INFO] skip non existing resourceDirectory /home/srafi/after-cam-ready/compare_/compile_repair_output/work/6365a984e536/nifi-nar-bundles/nifi-standard-services/nifi-proxy-configuration-api/src/test/resources
[INFO] Copying 3 resources
[INFO] 
[INFO] --- maven-compiler-plugin:3.8.1:testCompile (default-testCompile) @ nifi-proxy-configuration-api ---
[INFO] Changes detected - recompiling the module!
[INFO] Compiling 1 source file to /home/srafi/after-cam-ready/compare_/compile_repair_output/work/6365a984e536/nifi-nar-bundles/nifi-standard-services/nifi-proxy-configuration-api/target/test-classes
[INFO] 
[INFO] --- maven-compiler-plugin:3.8.1:testCompile (groovy-tests) @ nifi-proxy-configuration-api ---
[INFO] Changes detected - recompiling the module!
[INFO] Nothing to compile - all classes are up to date
[INFO] 
[INFO] --- maven-surefire-plugin:3.0.0-M8-SNAPSHOT:test (default-test) @ nifi-proxy-configuration-api ---
[INFO] Tests are skipped.
[INFO] 
[INFO] --- maven-jar-plugin:3.2.0:jar (default-jar) @ nifi-proxy-configuration-api ---
[INFO] Building jar: /home/srafi/after-cam-ready/compare_/compile_repair_output/work/6365a984e536/nifi-nar-bundles/nifi-standard-services/nifi-proxy-configuration-api/target/nifi-proxy-configuration-api-1.15.0-SNAPSHOT.jar
[INFO] 
[INFO] --- maven-site-plugin:3.7.1:attach-descriptor (attach-descriptor) @ nifi-proxy-configuration-api ---
[INFO] Skipping because packaging 'jar' is not pom.
[INFO] 
[INFO] --- maven-install-plugin:2.5.2:install (default-install) @ nifi-proxy-configuration-api ---
[INFO] Installing /home/srafi/after-cam-ready/compare_/compile_repair_output/work/6365a984e536/nifi-nar-bundles/nifi-standard-services/nifi-proxy-configuration-api/target/nifi-proxy-configuration-api-1.15.0-SNAPSHOT.jar to /home/srafi/.m2/repository/org/apache/nifi/nifi-proxy-configuration-api/1.15.0-SNAPSHOT/nifi-proxy-configuration-api-1.15.0-SNAPSHOT.jar
[INFO] Installing /home/srafi/after-cam-ready/compare_/compile_repair_output/work/6365a984e536/nifi-nar-bundles/nifi-standard-services/nifi-proxy-configuration-api/pom.xml to /home/srafi/.m2/repository/org/apache/nifi/nifi-proxy-configuration-api/1.15.0-SNAPSHOT/nifi-proxy-configuration-api-1.15.0-SNAPSHOT.pom
[INFO] 
[INFO] ----------------< org.apache.nifi:nifi-record-sink-api >----------------
[INFO] Building nifi-record-sink-api 1.15.0-SNAPSHOT                    [52/74]
[INFO] --------------------------------[ jar ]---------------------------------
[INFO] 
[INFO] --- maven-clean-plugin:3.1.0:clean (default-clean) @ nifi-record-sink-api ---
[INFO] 
[INFO] --- buildnumber-maven-plugin:1.4:create (default) @ nifi-record-sink-api ---
[INFO] 
[INFO] --- maven-remote-resources-plugin:1.7.0:process (process-resource-bundles) @ nifi-record-sink-api ---
[INFO] Preparing remote bundle org.apache:apache-jar-resource-bundle:1.4
[INFO] Copying 3 resources from 1 bundle.
[INFO] 
[INFO] --- maven-resources-plugin:3.1.0:resources (default-resources) @ nifi-record-sink-api ---
[INFO] Using 'UTF-8' encoding to copy filtered resources.
[INFO] skip non existing resourceDirectory /home/srafi/after-cam-ready/compare_/compile_repair_output/work/6365a984e536/nifi-nar-bundles/nifi-standard-services/nifi-record-sink-api/src/main/resources
[INFO] Copying 3 resources
[INFO] 
[INFO] --- maven-compiler-plugin:3.8.1:compile (default-compile) @ nifi-record-sink-api ---
[INFO] Changes detected - recompiling the module!
[INFO] Compiling 2 source files to /home/srafi/after-cam-ready/compare_/compile_repair_output/work/6365a984e536/nifi-nar-bundles/nifi-standard-services/nifi-record-sink-api/target/classes
[INFO] 
[INFO] --- maven-resources-plugin:3.1.0:testResources (default-testResources) @ nifi-record-sink-api ---
[INFO] Using 'UTF-8' encoding to copy filtered resources.
[INFO] skip non existing resourceDirectory /home/srafi/after-cam-ready/compare_/compile_repair_output/work/6365a984e536/nifi-nar-bundles/nifi-standard-services/nifi-record-sink-api/src/test/resources
[INFO] Copying 3 resources
[INFO] 
[INFO] --- maven-compiler-plugin:3.8.1:testCompile (default-testCompile) @ nifi-record-sink-api ---
[INFO] No sources to compile
[INFO] 
[INFO] --- maven-compiler-plugin:3.8.1:testCompile (groovy-tests) @ nifi-record-sink-api ---
[INFO] No sources to compile
[INFO] 
[INFO] --- maven-surefire-plugin:3.0.0-M8-SNAPSHOT:test (default-test) @ nifi-record-sink-api ---
[INFO] Tests are skipped.
[INFO] 
[INFO] --- maven-jar-plugin:3.2.0:jar (default-jar) @ nifi-record-sink-api ---
[INFO] Building jar: /home/srafi/after-cam-ready/compare_/compile_repair_output/work/6365a984e536/nifi-nar-bundles/nifi-standard-services/nifi-record-sink-api/target/nifi-record-sink-api-1.15.0-SNAPSHOT.jar
[INFO] 
[INFO] --- maven-site-plugin:3.7.1:attach-descriptor (attach-descriptor) @ nifi-record-sink-api ---
[INFO] Skipping because packaging 'jar' is not pom.
[INFO] 
[INFO] --- maven-install-plugin:2.5.2:install (default-install) @ nifi-record-sink-api ---
[INFO] Installing /home/srafi/after-cam-ready/compare_/compile_repair_output/work/6365a984e536/nifi-nar-bundles/nifi-standard-services/nifi-record-sink-api/target/nifi-record-sink-api-1.15.0-SNAPSHOT.jar to /home/srafi/.m2/repository/org/apache/nifi/nifi-record-sink-api/1.15.0-SNAPSHOT/nifi-record-sink-api-1.15.0-SNAPSHOT.jar
[INFO] Installing /home/srafi/after-cam-ready/compare_/compile_repair_output/work/6365a984e536/nifi-nar-bundles/nifi-standard-services/nifi-record-sink-api/pom.xml to /home/srafi/.m2/repository/org/apache/nifi/nifi-record-sink-api/1.15.0-SNAPSHOT/nifi-record-sink-api-1.15.0-SNAPSHOT.pom
[INFO] 
[INFO] -----------------< org.apache.nifi:nifi-record-utils >------------------
[INFO] Building nifi-record-utils 1.15.0-SNAPSHOT                       [53/74]
[INFO] --------------------------------[ pom ]---------------------------------
[INFO] 
[INFO] --- maven-clean-plugin:3.1.0:clean (default-clean) @ nifi-record-utils ---
[INFO] 
[INFO] --- buildnumber-maven-plugin:1.4:create (default) @ nifi-record-utils ---
[INFO] 
[INFO] --- maven-remote-resources-plugin:1.7.0:process (process-resource-bundles) @ nifi-record-utils ---
[INFO] Preparing remote bundle org.apache:apache-jar-resource-bundle:1.4
[INFO] Copying 3 resources from 1 bundle.
[INFO] 
[INFO] --- maven-compiler-plugin:3.8.1:testCompile (groovy-tests) @ nifi-record-utils ---
[INFO] No sources to compile
[INFO] 
[INFO] --- maven-site-plugin:3.7.1:attach-descriptor (attach-descriptor) @ nifi-record-utils ---
[INFO] No site descriptor found: nothing to attach.
[INFO] 
[INFO] --- maven-install-plugin:2.5.2:install (default-install) @ nifi-record-utils ---
[INFO] Installing /home/srafi/after-cam-ready/compare_/compile_repair_output/work/6365a984e536/nifi-nar-bundles/nifi-extension-utils/nifi-record-utils/pom.xml to /home/srafi/.m2/repository/org/apache/nifi/nifi-record-utils/1.15.0-SNAPSHOT/nifi-record-utils-1.15.0-SNAPSHOT.pom
[INFO] 
[INFO] -------------< org.apache.nifi:nifi-standard-record-utils >-------------
[INFO] Building nifi-standard-record-utils 1.15.0-SNAPSHOT              [54/74]
[INFO] --------------------------------[ jar ]---------------------------------
[INFO] 
[INFO] --- maven-clean-plugin:3.1.0:clean (default-clean) @ nifi-standard-record-utils ---
[INFO] 
[INFO] --- buildnumber-maven-plugin:1.4:create (default) @ nifi-standard-record-utils ---
[INFO] 
[INFO] --- maven-remote-resources-plugin:1.7.0:process (process-resource-bundles) @ nifi-standard-record-utils ---
[INFO] Preparing remote bundle org.apache:apache-jar-resource-bundle:1.4
[INFO] Copying 3 resources from 1 bundle.
[INFO] 
[INFO] --- maven-resources-plugin:3.1.0:resources (default-resources) @ nifi-standard-record-utils ---
[INFO] Using 'UTF-8' encoding to copy filtered resources.
[INFO] skip non existing resourceDirectory /home/srafi/after-cam-ready/compare_/compile_repair_output/work/6365a984e536/nifi-nar-bundles/nifi-extension-utils/nifi-record-utils/nifi-standard-record-utils/src/main/resources
[INFO] Copying 3 resources
[INFO] 
[INFO] --- maven-compiler-plugin:3.8.1:compile (default-compile) @ nifi-standard-record-utils ---
[INFO] Changes detected - recompiling the module!
[INFO] Compiling 28 source files to /home/srafi/after-cam-ready/compare_/compile_repair_output/work/6365a984e536/nifi-nar-bundles/nifi-extension-utils/nifi-record-utils/nifi-standard-record-utils/target/classes
[INFO] 
[INFO] --- maven-resources-plugin:3.1.0:testResources (default-testResources) @ nifi-standard-record-utils ---
[INFO] Using 'UTF-8' encoding to copy filtered resources.
[INFO] skip non existing resourceDirectory /home/srafi/after-cam-ready/compare_/compile_repair_output/work/6365a984e536/nifi-nar-bundles/nifi-extension-utils/nifi-record-utils/nifi-standard-record-utils/src/test/resources
[INFO] Copying 3 resources
[INFO] 
[INFO] --- maven-compiler-plugin:3.8.1:testCompile (default-testCompile) @ nifi-standard-record-utils ---
[INFO] Changes detected - recompiling the module!
[INFO] Compiling 12 source files to /home/srafi/after-cam-ready/compare_/compile_repair_output/work/6365a984e536/nifi-nar-bundles/nifi-extension-utils/nifi-record-utils/nifi-standard-record-utils/target/test-classes
[INFO] 
[INFO] --- maven-compiler-plugin:3.8.1:testCompile (groovy-tests) @ nifi-standard-record-utils ---
[INFO] Changes detected - recompiling the module!
[INFO] Nothing to compile - all classes are up to date
[INFO] 
[INFO] --- maven-surefire-plugin:3.0.0-M8-SNAPSHOT:test (default-test) @ nifi-standard-record-utils ---
[INFO] Tests are skipped.
[INFO] 
[INFO] --- maven-jar-plugin:3.2.0:jar (default-jar) @ nifi-standard-record-utils ---
[INFO] Building jar: /home/srafi/after-cam-ready/compare_/compile_repair_output/work/6365a984e536/nifi-nar-bundles/nifi-extension-utils/nifi-record-utils/nifi-standard-record-utils/target/nifi-standard-record-utils-1.15.0-SNAPSHOT.jar
[INFO] 
[INFO] --- maven-site-plugin:3.7.1:attach-descriptor (attach-descriptor) @ nifi-standard-record-utils ---
[INFO] Skipping because packaging 'jar' is not pom.
[INFO] 
[INFO] --- maven-install-plugin:2.5.2:install (default-install) @ nifi-standard-record-utils ---
[INFO] Installing /home/srafi/after-cam-ready/compare_/compile_repair_output/work/6365a984e536/nifi-nar-bundles/nifi-extension-utils/nifi-record-utils/nifi-standard-record-utils/target/nifi-standard-record-utils-1.15.0-SNAPSHOT.jar to /home/srafi/.m2/repository/org/apache/nifi/nifi-standard-record-utils/1.15.0-SNAPSHOT/nifi-standard-record-utils-1.15.0-SNAPSHOT.jar
[INFO] Installing /home/srafi/after-cam-ready/compare_/compile_repair_output/work/6365a984e536/nifi-nar-bundles/nifi-extension-utils/nifi-record-utils/nifi-standard-record-utils/pom.xml to /home/srafi/.m2/repository/org/apache/nifi/nifi-standard-record-utils/1.15.0-SNAPSHOT/nifi-standard-record-utils-1.15.0-SNAPSHOT.pom
[INFO] 
[INFO] ---------------< org.apache.nifi:nifi-avro-record-utils >---------------
[INFO] Building nifi-avro-record-utils 1.15.0-SNAPSHOT                  [55/74]
[INFO] --------------------------------[ jar ]---------------------------------
[INFO] 
[INFO] --- maven-clean-plugin:3.1.0:clean (default-clean) @ nifi-avro-record-utils ---
[INFO] 
[INFO] --- buildnumber-maven-plugin:1.4:create (default) @ nifi-avro-record-utils ---
[INFO] 
[INFO] --- maven-remote-resources-plugin:1.7.0:process (process-resource-bundles) @ nifi-avro-record-utils ---
[INFO] Preparing remote bundle org.apache:apache-jar-resource-bundle:1.4
[INFO] Copying 3 resources from 1 bundle.
[INFO] 
[INFO] --- maven-resources-plugin:3.1.0:resources (default-resources) @ nifi-avro-record-utils ---
[INFO] Using 'UTF-8' encoding to copy filtered resources.
[INFO] skip non existing resourceDirectory /home/srafi/after-cam-ready/compare_/compile_repair_output/work/6365a984e536/nifi-nar-bundles/nifi-extension-utils/nifi-record-utils/nifi-avro-record-utils/src/main/resources
[INFO] Copying 3 resources
[INFO] 
[INFO] --- maven-compiler-plugin:3.8.1:compile (default-compile) @ nifi-avro-record-utils ---
[INFO] Changes detected - recompiling the module!
[INFO] Compiling 9 source files to /home/srafi/after-cam-ready/compare_/compile_repair_output/work/6365a984e536/nifi-nar-bundles/nifi-extension-utils/nifi-record-utils/nifi-avro-record-utils/target/classes
[INFO] 
[INFO] --- maven-resources-plugin:3.1.0:testResources (default-testResources) @ nifi-avro-record-utils ---
[INFO] Using 'UTF-8' encoding to copy filtered resources.
[INFO] Copying 7 resources
[INFO] Copying 3 resources
[INFO] 
[INFO] --- maven-compiler-plugin:3.8.1:testCompile (default-testCompile) @ nifi-avro-record-utils ---
[INFO] Changes detected - recompiling the module!
[INFO] Compiling 2 source files to /home/srafi/after-cam-ready/compare_/compile_repair_output/work/6365a984e536/nifi-nar-bundles/nifi-extension-utils/nifi-record-utils/nifi-avro-record-utils/target/test-classes
[WARNING] /home/srafi/after-cam-ready/compare_/compile_repair_output/work/6365a984e536/nifi-nar-bundles/nifi-extension-utils/nifi-record-utils/nifi-avro-record-utils/src/test/java/org/apache/nifi/avro/TestAvroTypeUtil.java:[648,12] [deprecation] Field(String,Schema,String,JsonNode) in Field has been deprecated
[INFO] 
[INFO] --- maven-compiler-plugin:3.8.1:testCompile (groovy-tests) @ nifi-avro-record-utils ---
[INFO] Changes detected - recompiling the module!
[INFO] Using Groovy-Eclipse compiler to compile both Java and Groovy files
[INFO] Compiling in a forked process using /home/srafi/.m2/repository/org/codehaus/groovy/groovy-eclipse-batch/2.5.14-01/groovy-eclipse-batch-2.5.14-01.jar
[INFO] 
[INFO] --- maven-surefire-plugin:3.0.0-M8-SNAPSHOT:test (default-test) @ nifi-avro-record-utils ---
[INFO] Tests are skipped.
[INFO] 
[INFO] --- maven-jar-plugin:3.2.0:jar (default-jar) @ nifi-avro-record-utils ---
[INFO] Building jar: /home/srafi/after-cam-ready/compare_/compile_repair_output/work/6365a984e536/nifi-nar-bundles/nifi-extension-utils/nifi-record-utils/nifi-avro-record-utils/target/nifi-avro-record-utils-1.15.0-SNAPSHOT.jar
[INFO] 
[INFO] --- maven-site-plugin:3.7.1:attach-descriptor (attach-descriptor) @ nifi-avro-record-utils ---
[INFO] Skipping because packaging 'jar' is not pom.
[INFO] 
[INFO] --- maven-install-plugin:2.5.2:install (default-install) @ nifi-avro-record-utils ---
[INFO] Installing /home/srafi/after-cam-ready/compare_/compile_repair_output/work/6365a984e536/nifi-nar-bundles/nifi-extension-utils/nifi-record-utils/nifi-avro-record-utils/target/nifi-avro-record-utils-1.15.0-SNAPSHOT.jar to /home/srafi/.m2/repository/org/apache/nifi/nifi-avro-record-utils/1.15.0-SNAPSHOT/nifi-avro-record-utils-1.15.0-SNAPSHOT.jar
[INFO] Installing /home/srafi/after-cam-ready/compare_/compile_repair_output/work/6365a984e536/nifi-nar-bundles/nifi-extension-utils/nifi-record-utils/nifi-avro-record-utils/pom.xml to /home/srafi/.m2/repository/org/apache/nifi/nifi-avro-record-utils/1.15.0-SNAPSHOT/nifi-avro-record-utils-1.15.0-SNAPSHOT.pom
[INFO] 
[INFO] ---------------< org.apache.nifi:nifi-mock-record-utils >---------------
[INFO] Building nifi-mock-record-utils 1.15.0-SNAPSHOT                  [56/74]
[INFO] --------------------------------[ jar ]---------------------------------
[INFO] 
[INFO] --- maven-clean-plugin:3.1.0:clean (default-clean) @ nifi-mock-record-utils ---
[INFO] 
[INFO] --- buildnumber-maven-plugin:1.4:create (default) @ nifi-mock-record-utils ---
[INFO] 
[INFO] --- build-helper-maven-plugin:1.5:add-source (add-source) @ nifi-mock-record-utils ---
[INFO] Source directory: /home/srafi/after-cam-ready/compare_/compile_repair_output/work/6365a984e536/nifi-nar-bundles/nifi-extension-utils/nifi-record-utils/nifi-mock-record-utils/src/main/groovy added.
[INFO] 
[INFO] --- maven-remote-resources-plugin:1.7.0:process (process-resource-bundles) @ nifi-mock-record-utils ---
[INFO] Preparing remote bundle org.apache:apache-jar-resource-bundle:1.4
[INFO] Copying 3 resources from 1 bundle.
[INFO] 
[INFO] --- maven-resources-plugin:3.1.0:resources (default-resources) @ nifi-mock-record-utils ---
[INFO] Using 'UTF-8' encoding to copy filtered resources.
[INFO] skip non existing resourceDirectory /home/srafi/after-cam-ready/compare_/compile_repair_output/work/6365a984e536/nifi-nar-bundles/nifi-extension-utils/nifi-record-utils/nifi-mock-record-utils/src/main/resources
[INFO] Copying 3 resources
[INFO] 
[INFO] --- maven-compiler-plugin:3.8.1:compile (default-compile) @ nifi-mock-record-utils ---
[INFO] Changes detected - recompiling the module!
[INFO] Compiling 7 source files to /home/srafi/after-cam-ready/compare_/compile_repair_output/work/6365a984e536/nifi-nar-bundles/nifi-extension-utils/nifi-record-utils/nifi-mock-record-utils/target/classes
[INFO] 
[INFO] --- build-helper-maven-plugin:1.5:add-test-source (add-test-source) @ nifi-mock-record-utils ---
[INFO] Test Source directory: /home/srafi/after-cam-ready/compare_/compile_repair_output/work/6365a984e536/nifi-nar-bundles/nifi-extension-utils/nifi-record-utils/nifi-mock-record-utils/src/test/groovy added.
[INFO] 
[INFO] --- maven-resources-plugin:3.1.0:testResources (default-testResources) @ nifi-mock-record-utils ---
[INFO] Using 'UTF-8' encoding to copy filtered resources.
[INFO] skip non existing resourceDirectory /home/srafi/after-cam-ready/compare_/compile_repair_output/work/6365a984e536/nifi-nar-bundles/nifi-extension-utils/nifi-record-utils/nifi-mock-record-utils/src/test/resources
[INFO] Copying 3 resources
[INFO] 
[INFO] --- maven-compiler-plugin:3.8.1:testCompile (default-testCompile) @ nifi-mock-record-utils ---
[INFO] Changes detected - recompiling the module!
[INFO] 
[INFO] --- maven-compiler-plugin:3.8.1:testCompile (groovy-tests) @ nifi-mock-record-utils ---
[INFO] Changes detected - recompiling the module!
[INFO] Using Groovy-Eclipse compiler to compile both Java and Groovy files
[INFO] Compiling in a forked process using /home/srafi/.m2/repository/org/codehaus/groovy/groovy-eclipse-batch/2.5.14-01/groovy-eclipse-batch-2.5.14-01.jar
[INFO] 
[INFO] --- maven-surefire-plugin:3.0.0-M8-SNAPSHOT:test (default-test) @ nifi-mock-record-utils ---
[INFO] Tests are skipped.
[INFO] 
[INFO] --- maven-jar-plugin:3.2.0:jar (default-jar) @ nifi-mock-record-utils ---
[INFO] Building jar: /home/srafi/after-cam-ready/compare_/compile_repair_output/work/6365a984e536/nifi-nar-bundles/nifi-extension-utils/nifi-record-utils/nifi-mock-record-utils/target/nifi-mock-record-utils-1.15.0-SNAPSHOT.jar
[INFO] 
[INFO] --- maven-site-plugin:3.7.1:attach-descriptor (attach-descriptor) @ nifi-mock-record-utils ---
[INFO] Skipping because packaging 'jar' is not pom.
[INFO] 
[INFO] --- maven-install-plugin:2.5.2:install (default-install) @ nifi-mock-record-utils ---
[INFO] Installing /home/srafi/after-cam-ready/compare_/compile_repair_output/work/6365a984e536/nifi-nar-bundles/nifi-extension-utils/nifi-record-utils/nifi-mock-record-utils/target/nifi-mock-record-utils-1.15.0-SNAPSHOT.jar to /home/srafi/.m2/repository/org/apache/nifi/nifi-mock-record-utils/1.15.0-SNAPSHOT/nifi-mock-record-utils-1.15.0-SNAPSHOT.jar
[INFO] Installing /home/srafi/after-cam-ready/compare_/compile_repair_output/work/6365a984e536/nifi-nar-bundles/nifi-extension-utils/nifi-record-utils/nifi-mock-record-utils/pom.xml to /home/srafi/.m2/repository/org/apache/nifi/nifi-mock-record-utils/1.15.0-SNAPSHOT/nifi-mock-record-utils-1.15.0-SNAPSHOT.pom
[INFO] 
[INFO] ----------------< org.apache.nifi:nifi-event-transport >----------------
[INFO] Building nifi-event-transport 1.15.0-SNAPSHOT                    [57/74]
[INFO] --------------------------------[ jar ]---------------------------------
[INFO] 
[INFO] --- maven-clean-plugin:3.1.0:clean (default-clean) @ nifi-event-transport ---
[INFO] 
[INFO] --- buildnumber-maven-plugin:1.4:create (default) @ nifi-event-transport ---
[INFO] 
[INFO] --- maven-remote-resources-plugin:1.7.0:process (process-resource-bundles) @ nifi-event-transport ---
[INFO] Preparing remote bundle org.apache:apache-jar-resource-bundle:1.4
[INFO] Copying 3 resources from 1 bundle.
[INFO] 
[INFO] --- maven-resources-plugin:3.1.0:resources (default-resources) @ nifi-event-transport ---
[INFO] Using 'UTF-8' encoding to copy filtered resources.
[INFO] skip non existing resourceDirectory /home/srafi/after-cam-ready/compare_/compile_repair_output/work/6365a984e536/nifi-nar-bundles/nifi-extension-utils/nifi-event-transport/src/main/resources
[INFO] Copying 3 resources
[INFO] 
[INFO] --- maven-compiler-plugin:3.8.1:compile (default-compile) @ nifi-event-transport ---
[INFO] Changes detected - recompiling the module!
[INFO] Compiling 30 source files to /home/srafi/after-cam-ready/compare_/compile_repair_output/work/6365a984e536/nifi-nar-bundles/nifi-extension-utils/nifi-event-transport/target/classes
[INFO] 
[INFO] --- maven-resources-plugin:3.1.0:testResources (default-testResources) @ nifi-event-transport ---
[INFO] Using 'UTF-8' encoding to copy filtered resources.
[INFO] skip non existing resourceDirectory /home/srafi/after-cam-ready/compare_/compile_repair_output/work/6365a984e536/nifi-nar-bundles/nifi-extension-utils/nifi-event-transport/src/test/resources
[INFO] Copying 3 resources
[INFO] 
[INFO] --- maven-compiler-plugin:3.8.1:testCompile (default-testCompile) @ nifi-event-transport ---
[INFO] Changes detected - recompiling the module!
[INFO] Compiling 4 source files to /home/srafi/after-cam-ready/compare_/compile_repair_output/work/6365a984e536/nifi-nar-bundles/nifi-extension-utils/nifi-event-transport/target/test-classes
[INFO] 
[INFO] --- maven-compiler-plugin:3.8.1:testCompile (groovy-tests) @ nifi-event-transport ---
[INFO] Changes detected - recompiling the module!
[INFO] Nothing to compile - all classes are up to date
[INFO] 
[INFO] --- maven-surefire-plugin:3.0.0-M8-SNAPSHOT:test (default-test) @ nifi-event-transport ---
[INFO] Tests are skipped.
[INFO] 
[INFO] --- maven-jar-plugin:3.2.0:jar (default-jar) @ nifi-event-transport ---
[INFO] Building jar: /home/srafi/after-cam-ready/compare_/compile_repair_output/work/6365a984e536/nifi-nar-bundles/nifi-extension-utils/nifi-event-transport/target/nifi-event-transport-1.15.0-SNAPSHOT.jar
[INFO] 
[INFO] --- maven-site-plugin:3.7.1:attach-descriptor (attach-descriptor) @ nifi-event-transport ---
[INFO] Skipping because packaging 'jar' is not pom.
[INFO] 
[INFO] --- maven-install-plugin:2.5.2:install (default-install) @ nifi-event-transport ---
[INFO] Installing /home/srafi/after-cam-ready/compare_/compile_repair_output/work/6365a984e536/nifi-nar-bundles/nifi-extension-utils/nifi-event-transport/target/nifi-event-transport-1.15.0-SNAPSHOT.jar to /home/srafi/.m2/repository/org/apache/nifi/nifi-event-transport/1.15.0-SNAPSHOT/nifi-event-transport-1.15.0-SNAPSHOT.jar
[INFO] Installing /home/srafi/after-cam-ready/compare_/compile_repair_output/work/6365a984e536/nifi-nar-bundles/nifi-extension-utils/nifi-event-transport/pom.xml to /home/srafi/.m2/repository/org/apache/nifi/nifi-event-transport/1.15.0-SNAPSHOT/nifi-event-transport-1.15.0-SNAPSHOT.pom
[INFO] 
[INFO] ----------------< org.apache.nifi:nifi-processor-utils >----------------
[INFO] Building nifi-processor-utils 1.15.0-SNAPSHOT                    [58/74]
[INFO] --------------------------------[ jar ]---------------------------------
[INFO] 
[INFO] --- maven-clean-plugin:3.1.0:clean (default-clean) @ nifi-processor-utils ---
[INFO] 
[INFO] --- buildnumber-maven-plugin:1.4:create (default) @ nifi-processor-utils ---
[INFO] 
[INFO] --- maven-remote-resources-plugin:1.7.0:process (process-resource-bundles) @ nifi-processor-utils ---
[INFO] Preparing remote bundle org.apache:apache-jar-resource-bundle:1.4
[INFO] Copying 3 resources from 1 bundle.
[INFO] 
[INFO] --- maven-resources-plugin:3.1.0:resources (default-resources) @ nifi-processor-utils ---
[INFO] Using 'UTF-8' encoding to copy filtered resources.
[INFO] skip non existing resourceDirectory /home/srafi/after-cam-ready/compare_/compile_repair_output/work/6365a984e536/nifi-nar-bundles/nifi-extension-utils/nifi-processor-utils/src/main/resources
[INFO] Copying 3 resources
[INFO] 
[INFO] --- maven-compiler-plugin:3.8.1:compile (default-compile) @ nifi-processor-utils ---
[INFO] Changes detected - recompiling the module!
[INFO] Compiling 51 source files to /home/srafi/after-cam-ready/compare_/compile_repair_output/work/6365a984e536/nifi-nar-bundles/nifi-extension-utils/nifi-processor-utils/target/classes
[INFO] 
[INFO] --- maven-resources-plugin:3.1.0:testResources (default-testResources) @ nifi-processor-utils ---
[INFO] Using 'UTF-8' encoding to copy filtered resources.
[INFO] skip non existing resourceDirectory /home/srafi/after-cam-ready/compare_/compile_repair_output/work/6365a984e536/nifi-nar-bundles/nifi-extension-utils/nifi-processor-utils/src/test/resources
[INFO] Copying 3 resources
[INFO] 
[INFO] --- maven-compiler-plugin:3.8.1:testCompile (default-testCompile) @ nifi-processor-utils ---
[INFO] Changes detected - recompiling the module!
[INFO] Compiling 5 source files to /home/srafi/after-cam-ready/compare_/compile_repair_output/work/6365a984e536/nifi-nar-bundles/nifi-extension-utils/nifi-processor-utils/target/test-classes
[INFO] 
[INFO] --- maven-compiler-plugin:3.8.1:testCompile (groovy-tests) @ nifi-processor-utils ---
[INFO] Changes detected - recompiling the module!
[INFO] Nothing to compile - all classes are up to date
[INFO] 
[INFO] --- maven-surefire-plugin:3.0.0-M8-SNAPSHOT:test (default-test) @ nifi-processor-utils ---
[INFO] Tests are skipped.
[INFO] 
[INFO] --- maven-jar-plugin:3.2.0:jar (default-jar) @ nifi-processor-utils ---
[INFO] Building jar: /home/srafi/after-cam-ready/compare_/compile_repair_output/work/6365a984e536/nifi-nar-bundles/nifi-extension-utils/nifi-processor-utils/target/nifi-processor-utils-1.15.0-SNAPSHOT.jar
[INFO] 
[INFO] --- maven-site-plugin:3.7.1:attach-descriptor (attach-descriptor) @ nifi-processor-utils ---
[INFO] Skipping because packaging 'jar' is not pom.
[INFO] 
[INFO] --- maven-install-plugin:2.5.2:install (default-install) @ nifi-processor-utils ---
[INFO] Installing /home/srafi/after-cam-ready/compare_/compile_repair_output/work/6365a984e536/nifi-nar-bundles/nifi-extension-utils/nifi-processor-utils/target/nifi-processor-utils-1.15.0-SNAPSHOT.jar to /home/srafi/.m2/repository/org/apache/nifi/nifi-processor-utils/1.15.0-SNAPSHOT/nifi-processor-utils-1.15.0-SNAPSHOT.jar
[INFO] Installing /home/srafi/after-cam-ready/compare_/compile_repair_output/work/6365a984e536/nifi-nar-bundles/nifi-extension-utils/nifi-processor-utils/pom.xml to /home/srafi/.m2/repository/org/apache/nifi/nifi-processor-utils/1.15.0-SNAPSHOT/nifi-processor-utils-1.15.0-SNAPSHOT.pom
[INFO] 
[INFO] -----------------< org.apache.nifi:nifi-syslog-utils >------------------
[INFO] Building nifi-syslog-utils 1.15.0-SNAPSHOT                       [59/74]
[INFO] --------------------------------[ jar ]---------------------------------
[INFO] 
[INFO] --- maven-clean-plugin:3.1.0:clean (default-clean) @ nifi-syslog-utils ---
[INFO] 
[INFO] --- buildnumber-maven-plugin:1.4:create (default) @ nifi-syslog-utils ---
[INFO] 
[INFO] --- maven-remote-resources-plugin:1.7.0:process (process-resource-bundles) @ nifi-syslog-utils ---
[INFO] Preparing remote bundle org.apache:apache-jar-resource-bundle:1.4
[INFO] Copying 3 resources from 1 bundle.
[INFO] 
[INFO] --- maven-resources-plugin:3.1.0:resources (default-resources) @ nifi-syslog-utils ---
[INFO] Using 'UTF-8' encoding to copy filtered resources.
[INFO] skip non existing resourceDirectory /home/srafi/after-cam-ready/compare_/compile_repair_output/work/6365a984e536/nifi-nar-bundles/nifi-extension-utils/nifi-syslog-utils/src/main/resources
[INFO] Copying 3 resources
[INFO] 
[INFO] --- maven-compiler-plugin:3.8.1:compile (default-compile) @ nifi-syslog-utils ---
[INFO] Changes detected - recompiling the module!
[INFO] Compiling 10 source files to /home/srafi/after-cam-ready/compare_/compile_repair_output/work/6365a984e536/nifi-nar-bundles/nifi-extension-utils/nifi-syslog-utils/target/classes
[INFO] 
[INFO] --- maven-resources-plugin:3.1.0:testResources (default-testResources) @ nifi-syslog-utils ---
[INFO] Using 'UTF-8' encoding to copy filtered resources.
[INFO] skip non existing resourceDirectory /home/srafi/after-cam-ready/compare_/compile_repair_output/work/6365a984e536/nifi-nar-bundles/nifi-extension-utils/nifi-syslog-utils/src/test/resources
[INFO] Copying 3 resources
[INFO] 
[INFO] --- maven-compiler-plugin:3.8.1:testCompile (default-testCompile) @ nifi-syslog-utils ---
[INFO] Changes detected - recompiling the module!
[INFO] Compiling 5 source files to /home/srafi/after-cam-ready/compare_/compile_repair_output/work/6365a984e536/nifi-nar-bundles/nifi-extension-utils/nifi-syslog-utils/target/test-classes
[INFO] 
[INFO] --- maven-compiler-plugin:3.8.1:testCompile (groovy-tests) @ nifi-syslog-utils ---
[INFO] Changes detected - recompiling the module!
[INFO] Nothing to compile - all classes are up to date
[INFO] 
[INFO] --- maven-surefire-plugin:3.0.0-M8-SNAPSHOT:test (default-test) @ nifi-syslog-utils ---
[INFO] Tests are skipped.
[INFO] 
[INFO] --- maven-jar-plugin:3.2.0:jar (default-jar) @ nifi-syslog-utils ---
[INFO] Building jar: /home/srafi/after-cam-ready/compare_/compile_repair_output/work/6365a984e536/nifi-nar-bundles/nifi-extension-utils/nifi-syslog-utils/target/nifi-syslog-utils-1.15.0-SNAPSHOT.jar
[INFO] 
[INFO] --- maven-site-plugin:3.7.1:attach-descriptor (attach-descriptor) @ nifi-syslog-utils ---
[INFO] Skipping because packaging 'jar' is not pom.
[INFO] 
[INFO] --- maven-install-plugin:2.5.2:install (default-install) @ nifi-syslog-utils ---
[INFO] Installing /home/srafi/after-cam-ready/compare_/compile_repair_output/work/6365a984e536/nifi-nar-bundles/nifi-extension-utils/nifi-syslog-utils/target/nifi-syslog-utils-1.15.0-SNAPSHOT.jar to /home/srafi/.m2/repository/org/apache/nifi/nifi-syslog-utils/1.15.0-SNAPSHOT/nifi-syslog-utils-1.15.0-SNAPSHOT.jar
[INFO] Installing /home/srafi/after-cam-ready/compare_/compile_repair_output/work/6365a984e536/nifi-nar-bundles/nifi-extension-utils/nifi-syslog-utils/pom.xml to /home/srafi/.m2/repository/org/apache/nifi/nifi-syslog-utils/1.15.0-SNAPSHOT/nifi-syslog-utils-1.15.0-SNAPSHOT.pom
[INFO] 
[INFO] -------< org.apache.nifi:nifi-distributed-cache-services-bundle >-------
[INFO] Building nifi-distributed-cache-services-bundle 1.15.0-SNAPSHOT  [60/74]
[INFO] --------------------------------[ pom ]---------------------------------
[INFO] 
[INFO] --- maven-clean-plugin:3.1.0:clean (default-clean) @ nifi-distributed-cache-services-bundle ---
[INFO] 
[INFO] --- buildnumber-maven-plugin:1.4:create (default) @ nifi-distributed-cache-services-bundle ---
[INFO] 
[INFO] --- maven-remote-resources-plugin:1.7.0:process (process-resource-bundles) @ nifi-distributed-cache-services-bundle ---
[INFO] Preparing remote bundle org.apache:apache-jar-resource-bundle:1.4
[INFO] Copying 3 resources from 1 bundle.
[INFO] 
[INFO] --- maven-compiler-plugin:3.8.1:testCompile (groovy-tests) @ nifi-distributed-cache-services-bundle ---
[INFO] No sources to compile
[INFO] 
[INFO] --- maven-site-plugin:3.7.1:attach-descriptor (attach-descriptor) @ nifi-distributed-cache-services-bundle ---
[INFO] No site descriptor found: nothing to attach.
[INFO] 
[INFO] --- maven-install-plugin:2.5.2:install (default-install) @ nifi-distributed-cache-services-bundle ---
[INFO] Installing /home/srafi/after-cam-ready/compare_/compile_repair_output/work/6365a984e536/nifi-nar-bundles/nifi-standard-services/nifi-distributed-cache-services-bundle/pom.xml to /home/srafi/.m2/repository/org/apache/nifi/nifi-distributed-cache-services-bundle/1.15.0-SNAPSHOT/nifi-distributed-cache-services-bundle-1.15.0-SNAPSHOT.pom
[INFO] 
[INFO] ----------< org.apache.nifi:nifi-distributed-cache-protocol >-----------
[INFO] Building nifi-distributed-cache-protocol 1.15.0-SNAPSHOT         [61/74]
[INFO] --------------------------------[ jar ]---------------------------------
[INFO] 
[INFO] --- maven-clean-plugin:3.1.0:clean (default-clean) @ nifi-distributed-cache-protocol ---
[INFO] 
[INFO] --- buildnumber-maven-plugin:1.4:create (default) @ nifi-distributed-cache-protocol ---
[INFO] 
[INFO] --- maven-remote-resources-plugin:1.7.0:process (process-resource-bundles) @ nifi-distributed-cache-protocol ---
[INFO] Preparing remote bundle org.apache:apache-jar-resource-bundle:1.4
[INFO] Copying 3 resources from 1 bundle.
[INFO] 
[INFO] --- maven-resources-plugin:3.1.0:resources (default-resources) @ nifi-distributed-cache-protocol ---
[INFO] Using 'UTF-8' encoding to copy filtered resources.
[INFO] skip non existing resourceDirectory /home/srafi/after-cam-ready/compare_/compile_repair_output/work/6365a984e536/nifi-nar-bundles/nifi-standard-services/nifi-distributed-cache-services-bundle/nifi-distributed-cache-protocol/src/main/resources
[INFO] Copying 3 resources
[INFO] 
[INFO] --- maven-compiler-plugin:3.8.1:compile (default-compile) @ nifi-distributed-cache-protocol ---
[INFO] Changes detected - recompiling the module!
[INFO] Compiling 5 source files to /home/srafi/after-cam-ready/compare_/compile_repair_output/work/6365a984e536/nifi-nar-bundles/nifi-standard-services/nifi-distributed-cache-services-bundle/nifi-distributed-cache-protocol/target/classes
[INFO] 
[INFO] --- maven-resources-plugin:3.1.0:testResources (default-testResources) @ nifi-distributed-cache-protocol ---
[INFO] Using 'UTF-8' encoding to copy filtered resources.
[INFO] skip non existing resourceDirectory /home/srafi/after-cam-ready/compare_/compile_repair_output/work/6365a984e536/nifi-nar-bundles/nifi-standard-services/nifi-distributed-cache-services-bundle/nifi-distributed-cache-protocol/src/test/resources
[INFO] Copying 3 resources
[INFO] 
[INFO] --- maven-compiler-plugin:3.8.1:testCompile (default-testCompile) @ nifi-distributed-cache-protocol ---
[INFO] No sources to compile
[INFO] 
[INFO] --- maven-compiler-plugin:3.8.1:testCompile (groovy-tests) @ nifi-distributed-cache-protocol ---
[INFO] No sources to compile
[INFO] 
[INFO] --- maven-surefire-plugin:3.0.0-M8-SNAPSHOT:test (default-test) @ nifi-distributed-cache-protocol ---
[INFO] Tests are skipped.
[INFO] 
[INFO] --- maven-jar-plugin:3.2.0:jar (default-jar) @ nifi-distributed-cache-protocol ---
[INFO] Building jar: /home/srafi/after-cam-ready/compare_/compile_repair_output/work/6365a984e536/nifi-nar-bundles/nifi-standard-services/nifi-distributed-cache-services-bundle/nifi-distributed-cache-protocol/target/nifi-distributed-cache-protocol-1.15.0-SNAPSHOT.jar
[INFO] 
[INFO] --- maven-site-plugin:3.7.1:attach-descriptor (attach-descriptor) @ nifi-distributed-cache-protocol ---
[INFO] Skipping because packaging 'jar' is not pom.
[INFO] 
[INFO] --- maven-install-plugin:2.5.2:install (default-install) @ nifi-distributed-cache-protocol ---
[INFO] Installing /home/srafi/after-cam-ready/compare_/compile_repair_output/work/6365a984e536/nifi-nar-bundles/nifi-standard-services/nifi-distributed-cache-services-bundle/nifi-distributed-cache-protocol/target/nifi-distributed-cache-protocol-1.15.0-SNAPSHOT.jar to /home/srafi/.m2/repository/org/apache/nifi/nifi-distributed-cache-protocol/1.15.0-SNAPSHOT/nifi-distributed-cache-protocol-1.15.0-SNAPSHOT.jar
[INFO] Installing /home/srafi/after-cam-ready/compare_/compile_repair_output/work/6365a984e536/nifi-nar-bundles/nifi-standard-services/nifi-distributed-cache-services-bundle/nifi-distributed-cache-protocol/pom.xml to /home/srafi/.m2/repository/org/apache/nifi/nifi-distributed-cache-protocol/1.15.0-SNAPSHOT/nifi-distributed-cache-protocol-1.15.0-SNAPSHOT.pom
[INFO] 
[INFO] -------< org.apache.nifi:nifi-distributed-cache-client-service >--------
[INFO] Building nifi-distributed-cache-client-service 1.15.0-SNAPSHOT   [62/74]
[INFO] --------------------------------[ jar ]---------------------------------
[INFO] 
[INFO] --- maven-clean-plugin:3.1.0:clean (default-clean) @ nifi-distributed-cache-client-service ---
[INFO] 
[INFO] --- buildnumber-maven-plugin:1.4:create (default) @ nifi-distributed-cache-client-service ---
[INFO] 
[INFO] --- maven-remote-resources-plugin:1.7.0:process (process-resource-bundles) @ nifi-distributed-cache-client-service ---
[INFO] Preparing remote bundle org.apache:apache-jar-resource-bundle:1.4
[INFO] Copying 3 resources from 1 bundle.
[INFO] 
[INFO] --- maven-resources-plugin:3.1.0:resources (default-resources) @ nifi-distributed-cache-client-service ---
[INFO] Using 'UTF-8' encoding to copy filtered resources.
[INFO] Copying 1 resource
[INFO] Copying 3 resources
[INFO] 
[INFO] --- maven-compiler-plugin:3.8.1:compile (default-compile) @ nifi-distributed-cache-client-service ---
[INFO] Changes detected - recompiling the module!
[INFO] Compiling 22 source files to /home/srafi/after-cam-ready/compare_/compile_repair_output/work/6365a984e536/nifi-nar-bundles/nifi-standard-services/nifi-distributed-cache-services-bundle/nifi-distributed-cache-client-service/target/classes
[INFO] 
[INFO] --- maven-resources-plugin:3.1.0:testResources (default-testResources) @ nifi-distributed-cache-client-service ---
[INFO] Using 'UTF-8' encoding to copy filtered resources.
[INFO] skip non existing resourceDirectory /home/srafi/after-cam-ready/compare_/compile_repair_output/work/6365a984e536/nifi-nar-bundles/nifi-standard-services/nifi-distributed-cache-services-bundle/nifi-distributed-cache-client-service/src/test/resources
[INFO] Copying 3 resources
[INFO] 
[INFO] --- maven-compiler-plugin:3.8.1:testCompile (default-testCompile) @ nifi-distributed-cache-client-service ---
[INFO] No sources to compile
[INFO] 
[INFO] --- maven-compiler-plugin:3.8.1:testCompile (groovy-tests) @ nifi-distributed-cache-client-service ---
[INFO] No sources to compile
[INFO] 
[INFO] --- maven-surefire-plugin:3.0.0-M8-SNAPSHOT:test (default-test) @ nifi-distributed-cache-client-service ---
[INFO] Tests are skipped.
[INFO] 
[INFO] --- maven-jar-plugin:3.2.0:jar (default-jar) @ nifi-distributed-cache-client-service ---
[INFO] Building jar: /home/srafi/after-cam-ready/compare_/compile_repair_output/work/6365a984e536/nifi-nar-bundles/nifi-standard-services/nifi-distributed-cache-services-bundle/nifi-distributed-cache-client-service/target/nifi-distributed-cache-client-service-1.15.0-SNAPSHOT.jar
[INFO] 
[INFO] --- maven-site-plugin:3.7.1:attach-descriptor (attach-descriptor) @ nifi-distributed-cache-client-service ---
[INFO] Skipping because packaging 'jar' is not pom.
[INFO] 
[INFO] --- maven-install-plugin:2.5.2:install (default-install) @ nifi-distributed-cache-client-service ---
[INFO] Installing /home/srafi/after-cam-ready/compare_/compile_repair_output/work/6365a984e536/nifi-nar-bundles/nifi-standard-services/nifi-distributed-cache-services-bundle/nifi-distributed-cache-client-service/target/nifi-distributed-cache-client-service-1.15.0-SNAPSHOT.jar to /home/srafi/.m2/repository/org/apache/nifi/nifi-distributed-cache-client-service/1.15.0-SNAPSHOT/nifi-distributed-cache-client-service-1.15.0-SNAPSHOT.jar
[INFO] Installing /home/srafi/after-cam-ready/compare_/compile_repair_output/work/6365a984e536/nifi-nar-bundles/nifi-standard-services/nifi-distributed-cache-services-bundle/nifi-distributed-cache-client-service/pom.xml to /home/srafi/.m2/repository/org/apache/nifi/nifi-distributed-cache-client-service/1.15.0-SNAPSHOT/nifi-distributed-cache-client-service-1.15.0-SNAPSHOT.pom
[INFO] 
[INFO] --------------< org.apache.nifi:nifi-ssl-context-bundle >---------------
[INFO] Building nifi-ssl-context-bundle 1.15.0-SNAPSHOT                 [63/74]
[INFO] --------------------------------[ pom ]---------------------------------
[INFO] 
[INFO] --- maven-clean-plugin:3.1.0:clean (default-clean) @ nifi-ssl-context-bundle ---
[INFO] 
[INFO] --- buildnumber-maven-plugin:1.4:create (default) @ nifi-ssl-context-bundle ---
[INFO] 
[INFO] --- maven-remote-resources-plugin:1.7.0:process (process-resource-bundles) @ nifi-ssl-context-bundle ---
[INFO] Preparing remote bundle org.apache:apache-jar-resource-bundle:1.4
[INFO] Copying 3 resources from 1 bundle.
[INFO] 
[INFO] --- maven-compiler-plugin:3.8.1:testCompile (groovy-tests) @ nifi-ssl-context-bundle ---
[INFO] No sources to compile
[INFO] 
[INFO] --- maven-site-plugin:3.7.1:attach-descriptor (attach-descriptor) @ nifi-ssl-context-bundle ---
[INFO] No site descriptor found: nothing to attach.
[INFO] 
[INFO] --- maven-install-plugin:2.5.2:install (default-install) @ nifi-ssl-context-bundle ---
[INFO] Installing /home/srafi/after-cam-ready/compare_/compile_repair_output/work/6365a984e536/nifi-nar-bundles/nifi-standard-services/nifi-ssl-context-bundle/pom.xml to /home/srafi/.m2/repository/org/apache/nifi/nifi-ssl-context-bundle/1.15.0-SNAPSHOT/nifi-ssl-context-bundle-1.15.0-SNAPSHOT.pom
[INFO] 
[INFO] --------------< org.apache.nifi:nifi-ssl-context-service >--------------
[INFO] Building nifi-ssl-context-service 1.15.0-SNAPSHOT                [64/74]
[INFO] --------------------------------[ jar ]---------------------------------
[INFO] 
[INFO] --- maven-clean-plugin:3.1.0:clean (default-clean) @ nifi-ssl-context-service ---
[INFO] 
[INFO] --- buildnumber-maven-plugin:1.4:create (default) @ nifi-ssl-context-service ---
[INFO] 
[INFO] --- maven-remote-resources-plugin:1.7.0:process (process-resource-bundles) @ nifi-ssl-context-service ---
[INFO] Preparing remote bundle org.apache:apache-jar-resource-bundle:1.4
[INFO] Copying 3 resources from 1 bundle.
[INFO] 
[INFO] --- maven-resources-plugin:3.1.0:resources (default-resources) @ nifi-ssl-context-service ---
[INFO] Using 'UTF-8' encoding to copy filtered resources.
[INFO] Copying 1 resource
[INFO] Copying 3 resources
[INFO] 
[INFO] --- maven-compiler-plugin:3.8.1:compile (default-compile) @ nifi-ssl-context-service ---
[INFO] Changes detected - recompiling the module!
[INFO] Compiling 2 source files to /home/srafi/after-cam-ready/compare_/compile_repair_output/work/6365a984e536/nifi-nar-bundles/nifi-standard-services/nifi-ssl-context-bundle/nifi-ssl-context-service/target/classes
[INFO] 
[INFO] --- maven-resources-plugin:3.1.0:testResources (default-testResources) @ nifi-ssl-context-service ---
[INFO] Using 'UTF-8' encoding to copy filtered resources.
[INFO] skip non existing resourceDirectory /home/srafi/after-cam-ready/compare_/compile_repair_output/work/6365a984e536/nifi-nar-bundles/nifi-standard-services/nifi-ssl-context-bundle/nifi-ssl-context-service/src/test/resources
[INFO] Copying 3 resources
[INFO] 
[INFO] --- maven-compiler-plugin:3.8.1:testCompile (default-testCompile) @ nifi-ssl-context-service ---
[INFO] Changes detected - recompiling the module!
[INFO] Compiling 3 source files to /home/srafi/after-cam-ready/compare_/compile_repair_output/work/6365a984e536/nifi-nar-bundles/nifi-standard-services/nifi-ssl-context-bundle/nifi-ssl-context-service/target/test-classes
[INFO] 
[INFO] --- maven-compiler-plugin:3.8.1:testCompile (groovy-tests) @ nifi-ssl-context-service ---
[INFO] Changes detected - recompiling the module!
[INFO] Nothing to compile - all classes are up to date
[INFO] 
[INFO] --- maven-surefire-plugin:3.0.0-M8-SNAPSHOT:test (default-test) @ nifi-ssl-context-service ---
[INFO] Tests are skipped.
[INFO] 
[INFO] --- maven-jar-plugin:3.2.0:jar (default-jar) @ nifi-ssl-context-service ---
[INFO] Building jar: /home/srafi/after-cam-ready/compare_/compile_repair_output/work/6365a984e536/nifi-nar-bundles/nifi-standard-services/nifi-ssl-context-bundle/nifi-ssl-context-service/target/nifi-ssl-context-service-1.15.0-SNAPSHOT.jar
[INFO] 
[INFO] --- maven-site-plugin:3.7.1:attach-descriptor (attach-descriptor) @ nifi-ssl-context-service ---
[INFO] Skipping because packaging 'jar' is not pom.
[INFO] 
[INFO] --- maven-install-plugin:2.5.2:install (default-install) @ nifi-ssl-context-service ---
[INFO] Installing /home/srafi/after-cam-ready/compare_/compile_repair_output/work/6365a984e536/nifi-nar-bundles/nifi-standard-services/nifi-ssl-context-bundle/nifi-ssl-context-service/target/nifi-ssl-context-service-1.15.0-SNAPSHOT.jar to /home/srafi/.m2/repository/org/apache/nifi/nifi-ssl-context-service/1.15.0-SNAPSHOT/nifi-ssl-context-service-1.15.0-SNAPSHOT.jar
[INFO] Installing /home/srafi/after-cam-ready/compare_/compile_repair_output/work/6365a984e536/nifi-nar-bundles/nifi-standard-services/nifi-ssl-context-bundle/nifi-ssl-context-service/pom.xml to /home/srafi/.m2/repository/org/apache/nifi/nifi-ssl-context-service/1.15.0-SNAPSHOT/nifi-ssl-context-service-1.15.0-SNAPSHOT.pom
[INFO] 
[INFO] -----< org.apache.nifi:nifi-record-serialization-services-bundle >------
[INFO] Building nifi-record-serialization-services-bundle 1.15.0-SNAPSHOT [65/74]
[INFO] --------------------------------[ pom ]---------------------------------
[INFO] 
[INFO] --- maven-clean-plugin:3.1.0:clean (default-clean) @ nifi-record-serialization-services-bundle ---
[INFO] 
[INFO] --- buildnumber-maven-plugin:1.4:create (default) @ nifi-record-serialization-services-bundle ---
[INFO] 
[INFO] --- maven-remote-resources-plugin:1.7.0:process (process-resource-bundles) @ nifi-record-serialization-services-bundle ---
[INFO] Preparing remote bundle org.apache:apache-jar-resource-bundle:1.4
[INFO] Copying 3 resources from 1 bundle.
[INFO] 
[INFO] --- maven-compiler-plugin:3.8.1:testCompile (groovy-tests) @ nifi-record-serialization-services-bundle ---
[INFO] No sources to compile
[INFO] 
[INFO] --- maven-site-plugin:3.7.1:attach-descriptor (attach-descriptor) @ nifi-record-serialization-services-bundle ---
[INFO] No site descriptor found: nothing to attach.
[INFO] 
[INFO] --- maven-install-plugin:2.5.2:install (default-install) @ nifi-record-serialization-services-bundle ---
[INFO] Installing /home/srafi/after-cam-ready/compare_/compile_repair_output/work/6365a984e536/nifi-nar-bundles/nifi-standard-services/nifi-record-serialization-services-bundle/pom.xml to /home/srafi/.m2/repository/org/apache/nifi/nifi-record-serialization-services-bundle/1.15.0-SNAPSHOT/nifi-record-serialization-services-bundle-1.15.0-SNAPSHOT.pom
[INFO] 
[INFO] ---------< org.apache.nifi:nifi-record-serialization-services >---------
[INFO] Building nifi-record-serialization-services 1.15.0-SNAPSHOT      [66/74]
[INFO] --------------------------------[ jar ]---------------------------------
[INFO] 
[INFO] --- maven-clean-plugin:3.1.0:clean (default-clean) @ nifi-record-serialization-services ---
[INFO] 
[INFO] --- buildnumber-maven-plugin:1.4:create (default) @ nifi-record-serialization-services ---
[INFO] 
[INFO] --- maven-remote-resources-plugin:1.7.0:process (process-resource-bundles) @ nifi-record-serialization-services ---
[INFO] Preparing remote bundle org.apache:apache-jar-resource-bundle:1.4
[INFO] Copying 3 resources from 1 bundle.
[INFO] 
[INFO] --- maven-resources-plugin:3.1.0:resources (default-resources) @ nifi-record-serialization-services ---
[INFO] Using 'UTF-8' encoding to copy filtered resources.
[INFO] Copying 11 resources
[INFO] Copying 3 resources
[INFO] 
[INFO] --- maven-compiler-plugin:3.8.1:compile (default-compile) @ nifi-record-serialization-services ---
[INFO] Changes detected - recompiling the module!
[INFO] Compiling 68 source files to /home/srafi/after-cam-ready/compare_/compile_repair_output/work/6365a984e536/nifi-nar-bundles/nifi-standard-services/nifi-record-serialization-services-bundle/nifi-record-serialization-services/target/classes
[INFO] 
[INFO] --- maven-resources-plugin:3.1.0:testResources (default-testResources) @ nifi-record-serialization-services ---
[INFO] Using 'UTF-8' encoding to copy filtered resources.
[INFO] Copying 81 resources
[INFO] Copying 3 resources
[INFO] 
[INFO] --- maven-compiler-plugin:3.8.1:testCompile (default-testCompile) @ nifi-record-serialization-services ---
[INFO] Changes detected - recompiling the module!
[INFO] Compiling 39 source files to /home/srafi/after-cam-ready/compare_/compile_repair_output/work/6365a984e536/nifi-nar-bundles/nifi-standard-services/nifi-record-serialization-services-bundle/nifi-record-serialization-services/target/test-classes
[WARNING] /home/srafi/after-cam-ready/compare_/compile_repair_output/work/6365a984e536/nifi-nar-bundles/nifi-standard-services/nifi-record-serialization-services-bundle/nifi-record-serialization-services/src/test/java/org/apache/nifi/xml/TestXMLRecordSetWriter.java:[83,8] [deprecation] <T>assertThat(T,Matcher<? super T>) in Assert has been deprecated
  where T is a type-variable:
    T extends Object declared in method <T>assertThat(T,Matcher<? super T>)
[WARNING] /home/srafi/after-cam-ready/compare_/compile_repair_output/work/6365a984e536/nifi-nar-bundles/nifi-standard-services/nifi-record-serialization-services-bundle/nifi-record-serialization-services/src/test/java/org/apache/nifi/xml/TestXMLRecordSetWriter.java:[103,8] [deprecation] <T>assertThat(T,Matcher<? super T>) in Assert has been deprecated
  where T is a type-variable:
    T extends Object declared in method <T>assertThat(T,Matcher<? super T>)
[WARNING] /home/srafi/after-cam-ready/compare_/compile_repair_output/work/6365a984e536/nifi-nar-bundles/nifi-standard-services/nifi-record-serialization-services-bundle/nifi-record-serialization-services/src/test/java/org/apache/nifi/xml/TestXMLRecordSetWriter.java:[125,8] [deprecation] <T>assertThat(T,Matcher<? super T>) in Assert has been deprecated
  where T is a type-variable:
    T extends Object declared in method <T>assertThat(T,Matcher<? super T>)
[WARNING] /home/srafi/after-cam-ready/compare_/compile_repair_output/work/6365a984e536/nifi-nar-bundles/nifi-standard-services/nifi-record-serialization-services-bundle/nifi-record-serialization-services/src/test/java/org/apache/nifi/xml/TestXMLRecordSetWriter.java:[152,8] [deprecation] <T>assertThat(T,Matcher<? super T>) in Assert has been deprecated
  where T is a type-variable:
    T extends Object declared in method <T>assertThat(T,Matcher<? super T>)
[WARNING] /home/srafi/after-cam-ready/compare_/compile_repair_output/work/6365a984e536/nifi-nar-bundles/nifi-standard-services/nifi-record-serialization-services-bundle/nifi-record-serialization-services/src/test/java/org/apache/nifi/xml/TestXMLRecordSetWriter.java:[176,8] [deprecation] <T>assertThat(T,Matcher<? super T>) in Assert has been deprecated
  where T is a type-variable:
    T extends Object declared in method <T>assertThat(T,Matcher<? super T>)
[WARNING] /home/srafi/after-cam-ready/compare_/compile_repair_output/work/6365a984e536/nifi-nar-bundles/nifi-standard-services/nifi-record-serialization-services-bundle/nifi-record-serialization-services/src/test/java/org/apache/nifi/xml/TestXMLRecordSetWriter.java:[201,8] [deprecation] <T>assertThat(T,Matcher<? super T>) in Assert has been deprecated
  where T is a type-variable:
    T extends Object declared in method <T>assertThat(T,Matcher<? super T>)
[WARNING] /home/srafi/after-cam-ready/compare_/compile_repair_output/work/6365a984e536/nifi-nar-bundles/nifi-standard-services/nifi-record-serialization-services-bundle/nifi-record-serialization-services/src/test/java/org/apache/nifi/xml/TestXMLRecordSetWriter.java:[242,31] [deprecation] createWriter(ComponentLog,RecordSchema,OutputStream) in RecordSetWriterFactory has been deprecated
[WARNING] /home/srafi/after-cam-ready/compare_/compile_repair_output/work/6365a984e536/nifi-nar-bundles/nifi-standard-services/nifi-record-serialization-services-bundle/nifi-record-serialization-services/src/test/java/org/apache/nifi/xml/TestWriteXMLResult.java:[109,8] [deprecation] <T>assertThat(T,Matcher<? super T>) in Assert has been deprecated
  where T is a type-variable:
    T extends Object declared in method <T>assertThat(T,Matcher<? super T>)
[WARNING] /home/srafi/after-cam-ready/compare_/compile_repair_output/work/6365a984e536/nifi-nar-bundles/nifi-standard-services/nifi-record-serialization-services-bundle/nifi-record-serialization-services/src/test/java/org/apache/nifi/xml/TestWriteXMLResult.java:[145,8] [deprecation] <T>assertThat(T,Matcher<? super T>) in Assert has been deprecated
  where T is a type-variable:
    T extends Object declared in method <T>assertThat(T,Matcher<? super T>)
[WARNING] /home/srafi/after-cam-ready/compare_/compile_repair_output/work/6365a984e536/nifi-nar-bundles/nifi-standard-services/nifi-record-serialization-services-bundle/nifi-record-serialization-services/src/test/java/org/apache/nifi/xml/TestWriteXMLResult.java:[215,8] [deprecation] <T>assertThat(T,Matcher<? super T>) in Assert has been deprecated
  where T is a type-variable:
    T extends Object declared in method <T>assertThat(T,Matcher<? super T>)
[WARNING] /home/srafi/after-cam-ready/compare_/compile_repair_output/work/6365a984e536/nifi-nar-bundles/nifi-standard-services/nifi-record-serialization-services-bundle/nifi-record-serialization-services/src/test/java/org/apache/nifi/xml/TestWriteXMLResult.java:[231,8] [deprecation] <T>assertThat(T,Matcher<? super T>) in Assert has been deprecated
  where T is a type-variable:
    T extends Object declared in method <T>assertThat(T,Matcher<? super T>)
[WARNING] /home/srafi/after-cam-ready/compare_/compile_repair_output/work/6365a984e536/nifi-nar-bundles/nifi-standard-services/nifi-record-serialization-services-bundle/nifi-record-serialization-services/src/test/java/org/apache/nifi/xml/TestWriteXMLResult.java:[247,8] [deprecation] <T>assertThat(T,Matcher<? super T>) in Assert has been deprecated
  where T is a type-variable:
    T extends Object declared in method <T>assertThat(T,Matcher<? super T>)
[WARNING] /home/srafi/after-cam-ready/compare_/compile_repair_output/work/6365a984e536/nifi-nar-bundles/nifi-standard-services/nifi-record-serialization-services-bundle/nifi-record-serialization-services/src/test/java/org/apache/nifi/xml/TestWriteXMLResult.java:[263,8] [deprecation] <T>assertThat(T,Matcher<? super T>) in Assert has been deprecated
  where T is a type-variable:
    T extends Object declared in method <T>assertThat(T,Matcher<? super T>)
[WARNING] /home/srafi/after-cam-ready/compare_/compile_repair_output/work/6365a984e536/nifi-nar-bundles/nifi-standard-services/nifi-record-serialization-services-bundle/nifi-record-serialization-services/src/test/java/org/apache/nifi/xml/TestWriteXMLResult.java:[279,8] [deprecation] <T>assertThat(T,Matcher<? super T>) in Assert has been deprecated
  where T is a type-variable:
    T extends Object declared in method <T>assertThat(T,Matcher<? super T>)
[WARNING] /home/srafi/after-cam-ready/compare_/compile_repair_output/work/6365a984e536/nifi-nar-bundles/nifi-standard-services/nifi-record-serialization-services-bundle/nifi-record-serialization-services/src/test/java/org/apache/nifi/xml/TestWriteXMLResult.java:[326,8] [deprecation] <T>assertThat(T,Matcher<? super T>) in Assert has been deprecated
  where T is a type-variable:
    T extends Object declared in method <T>assertThat(T,Matcher<? super T>)
[WARNING] /home/srafi/after-cam-ready/compare_/compile_repair_output/work/6365a984e536/nifi-nar-bundles/nifi-standard-services/nifi-record-serialization-services-bundle/nifi-record-serialization-services/src/test/java/org/apache/nifi/xml/TestWriteXMLResult.java:[344,8] [deprecation] <T>assertThat(T,Matcher<? super T>) in Assert has been deprecated
  where T is a type-variable:
    T extends Object declared in method <T>assertThat(T,Matcher<? super T>)
[WARNING] /home/srafi/after-cam-ready/compare_/compile_repair_output/work/6365a984e536/nifi-nar-bundles/nifi-standard-services/nifi-record-serialization-services-bundle/nifi-record-serialization-services/src/test/java/org/apache/nifi/xml/TestWriteXMLResult.java:[360,8] [deprecation] <T>assertThat(T,Matcher<? super T>) in Assert has been deprecated
  where T is a type-variable:
    T extends Object declared in method <T>assertThat(T,Matcher<? super T>)
[WARNING] /home/srafi/after-cam-ready/compare_/compile_repair_output/work/6365a984e536/nifi-nar-bundles/nifi-standard-services/nifi-record-serialization-services-bundle/nifi-record-serialization-services/src/test/java/org/apache/nifi/xml/TestWriteXMLResult.java:[378,8] [deprecation] <T>assertThat(T,Matcher<? super T>) in Assert has been deprecated
  where T is a type-variable:
    T extends Object declared in method <T>assertThat(T,Matcher<? super T>)
[WARNING] /home/srafi/after-cam-ready/compare_/compile_repair_output/work/6365a984e536/nifi-nar-bundles/nifi-standard-services/nifi-record-serialization-services-bundle/nifi-record-serialization-services/src/test/java/org/apache/nifi/xml/TestWriteXMLResult.java:[396,8] [deprecation] <T>assertThat(T,Matcher<? super T>) in Assert has been deprecated
  where T is a type-variable:
    T extends Object declared in method <T>assertThat(T,Matcher<? super T>)
[WARNING] /home/srafi/after-cam-ready/compare_/compile_repair_output/work/6365a984e536/nifi-nar-bundles/nifi-standard-services/nifi-record-serialization-services-bundle/nifi-record-serialization-services/src/test/java/org/apache/nifi/xml/TestWriteXMLResult.java:[414,8] [deprecation] <T>assertThat(T,Matcher<? super T>) in Assert has been deprecated
  where T is a type-variable:
    T extends Object declared in method <T>assertThat(T,Matcher<? super T>)
[WARNING] /home/srafi/after-cam-ready/compare_/compile_repair_output/work/6365a984e536/nifi-nar-bundles/nifi-standard-services/nifi-record-serialization-services-bundle/nifi-record-serialization-services/src/test/java/org/apache/nifi/xml/TestWriteXMLResult.java:[434,8] [deprecation] <T>assertThat(T,Matcher<? super T>) in Assert has been deprecated
  where T is a type-variable:
    T extends Object declared in method <T>assertThat(T,Matcher<? super T>)
[WARNING] /home/srafi/after-cam-ready/compare_/compile_repair_output/work/6365a984e536/nifi-nar-bundles/nifi-standard-services/nifi-record-serialization-services-bundle/nifi-record-serialization-services/src/test/java/org/apache/nifi/xml/TestWriteXMLResult.java:[452,8] [deprecation] <T>assertThat(T,Matcher<? super T>) in Assert has been deprecated
  where T is a type-variable:
    T extends Object declared in method <T>assertThat(T,Matcher<? super T>)
[WARNING] /home/srafi/after-cam-ready/compare_/compile_repair_output/work/6365a984e536/nifi-nar-bundles/nifi-standard-services/nifi-record-serialization-services-bundle/nifi-record-serialization-services/src/test/java/org/apache/nifi/xml/TestWriteXMLResult.java:[470,8] [deprecation] <T>assertThat(T,Matcher<? super T>) in Assert has been deprecated
  where T is a type-variable:
    T extends Object declared in method <T>assertThat(T,Matcher<? super T>)
[WARNING] /home/srafi/after-cam-ready/compare_/compile_repair_output/work/6365a984e536/nifi-nar-bundles/nifi-standard-services/nifi-record-serialization-services-bundle/nifi-record-serialization-services/src/test/java/org/apache/nifi/xml/TestWriteXMLResult.java:[488,8] [deprecation] <T>assertThat(T,Matcher<? super T>) in Assert has been deprecated
  where T is a type-variable:
    T extends Object declared in method <T>assertThat(T,Matcher<? super T>)
[WARNING] /home/srafi/after-cam-ready/compare_/compile_repair_output/work/6365a984e536/nifi-nar-bundles/nifi-standard-services/nifi-record-serialization-services-bundle/nifi-record-serialization-services/src/test/java/org/apache/nifi/xml/TestWriteXMLResult.java:[508,8] [deprecation] <T>assertThat(T,Matcher<? super T>) in Assert has been deprecated
  where T is a type-variable:
    T extends Object declared in method <T>assertThat(T,Matcher<? super T>)
[WARNING] /home/srafi/after-cam-ready/compare_/compile_repair_output/work/6365a984e536/nifi-nar-bundles/nifi-standard-services/nifi-record-serialization-services-bundle/nifi-record-serialization-services/src/test/java/org/apache/nifi/xml/TestWriteXMLResult.java:[528,8] [deprecation] <T>assertThat(T,Matcher<? super T>) in Assert has been deprecated
  where T is a type-variable:
    T extends Object declared in method <T>assertThat(T,Matcher<? super T>)
[WARNING] /home/srafi/after-cam-ready/compare_/compile_repair_output/work/6365a984e536/nifi-nar-bundles/nifi-standard-services/nifi-record-serialization-services-bundle/nifi-record-serialization-services/src/test/java/org/apache/nifi/xml/TestWriteXMLResult.java:[548,8] [deprecation] <T>assertThat(T,Matcher<? super T>) in Assert has been deprecated
  where T is a type-variable:
    T extends Object declared in method <T>assertThat(T,Matcher<? super T>)
[WARNING] /home/srafi/after-cam-ready/compare_/compile_repair_output/work/6365a984e536/nifi-nar-bundles/nifi-standard-services/nifi-record-serialization-services-bundle/nifi-record-serialization-services/src/test/java/org/apache/nifi/xml/TestWriteXMLResult.java:[566,8] [deprecation] <T>assertThat(T,Matcher<? super T>) in Assert has been deprecated
  where T is a type-variable:
    T extends Object declared in method <T>assertThat(T,Matcher<? super T>)
[WARNING] /home/srafi/after-cam-ready/compare_/compile_repair_output/work/6365a984e536/nifi-nar-bundles/nifi-standard-services/nifi-record-serialization-services-bundle/nifi-record-serialization-services/src/test/java/org/apache/nifi/xml/TestWriteXMLResult.java:[584,8] [deprecation] <T>assertThat(T,Matcher<? super T>) in Assert has been deprecated
  where T is a type-variable:
    T extends Object declared in method <T>assertThat(T,Matcher<? super T>)
[WARNING] /home/srafi/after-cam-ready/compare_/compile_repair_output/work/6365a984e536/nifi-nar-bundles/nifi-standard-services/nifi-record-serialization-services-bundle/nifi-record-serialization-services/src/test/java/org/apache/nifi/xml/TestWriteXMLResult.java:[602,8] [deprecation] <T>assertThat(T,Matcher<? super T>) in Assert has been deprecated
  where T is a type-variable:
    T extends Object declared in method <T>assertThat(T,Matcher<? super T>)
[WARNING] /home/srafi/after-cam-ready/compare_/compile_repair_output/work/6365a984e536/nifi-nar-bundles/nifi-standard-services/nifi-record-serialization-services-bundle/nifi-record-serialization-services/src/test/java/org/apache/nifi/xml/TestWriteXMLResult.java:[620,8] [deprecation] <T>assertThat(T,Matcher<? super T>) in Assert has been deprecated
  where T is a type-variable:
    T extends Object declared in method <T>assertThat(T,Matcher<? super T>)
[WARNING] /home/srafi/after-cam-ready/compare_/compile_repair_output/work/6365a984e536/nifi-nar-bundles/nifi-standard-services/nifi-record-serialization-services-bundle/nifi-record-serialization-services/src/test/java/org/apache/nifi/xml/TestWriteXMLResult.java:[640,8] [deprecation] <T>assertThat(T,Matcher<? super T>) in Assert has been deprecated
  where T is a type-variable:
    T extends Object declared in method <T>assertThat(T,Matcher<? super T>)
[WARNING] /home/srafi/after-cam-ready/compare_/compile_repair_output/work/6365a984e536/nifi-nar-bundles/nifi-standard-services/nifi-record-serialization-services-bundle/nifi-record-serialization-services/src/test/java/org/apache/nifi/xml/TestWriteXMLResult.java:[660,8] [deprecation] <T>assertThat(T,Matcher<? super T>) in Assert has been deprecated
  where T is a type-variable:
    T extends Object declared in method <T>assertThat(T,Matcher<? super T>)
[WARNING] /home/srafi/after-cam-ready/compare_/compile_repair_output/work/6365a984e536/nifi-nar-bundles/nifi-standard-services/nifi-record-serialization-services-bundle/nifi-record-serialization-services/src/test/java/org/apache/nifi/xml/TestWriteXMLResult.java:[680,8] [deprecation] <T>assertThat(T,Matcher<? super T>) in Assert has been deprecated
  where T is a type-variable:
    T extends Object declared in method <T>assertThat(T,Matcher<? super T>)
[WARNING] /home/srafi/after-cam-ready/compare_/compile_repair_output/work/6365a984e536/nifi-nar-bundles/nifi-standard-services/nifi-record-serialization-services-bundle/nifi-record-serialization-services/src/test/java/org/apache/nifi/xml/TestWriteXMLResult.java:[700,8] [deprecation] <T>assertThat(T,Matcher<? super T>) in Assert has been deprecated
  where T is a type-variable:
    T extends Object declared in method <T>assertThat(T,Matcher<? super T>)
[WARNING] /home/srafi/after-cam-ready/compare_/compile_repair_output/work/6365a984e536/nifi-nar-bundles/nifi-standard-services/nifi-record-serialization-services-bundle/nifi-record-serialization-services/src/test/java/org/apache/nifi/xml/TestWriteXMLResult.java:[718,8] [deprecation] <T>assertThat(T,Matcher<? super T>) in Assert has been deprecated
  where T is a type-variable:
    T extends Object declared in method <T>assertThat(T,Matcher<? super T>)
[WARNING] /home/srafi/after-cam-ready/compare_/compile_repair_output/work/6365a984e536/nifi-nar-bundles/nifi-standard-services/nifi-record-serialization-services-bundle/nifi-record-serialization-services/src/test/java/org/apache/nifi/xml/TestWriteXMLResult.java:[738,8] [deprecation] <T>assertThat(T,Matcher<? super T>) in Assert has been deprecated
  where T is a type-variable:
    T extends Object declared in method <T>assertThat(T,Matcher<? super T>)
[WARNING] /home/srafi/after-cam-ready/compare_/compile_repair_output/work/6365a984e536/nifi-nar-bundles/nifi-standard-services/nifi-record-serialization-services-bundle/nifi-record-serialization-services/src/test/java/org/apache/nifi/xml/TestWriteXMLResult.java:[758,8] [deprecation] <T>assertThat(T,Matcher<? super T>) in Assert has been deprecated
  where T is a type-variable:
    T extends Object declared in method <T>assertThat(T,Matcher<? super T>)
[WARNING] /home/srafi/after-cam-ready/compare_/compile_repair_output/work/6365a984e536/nifi-nar-bundles/nifi-standard-services/nifi-record-serialization-services-bundle/nifi-record-serialization-services/src/test/java/org/apache/nifi/xml/TestWriteXMLResult.java:[776,8] [deprecation] <T>assertThat(T,Matcher<? super T>) in Assert has been deprecated
  where T is a type-variable:
    T extends Object declared in method <T>assertThat(T,Matcher<? super T>)
[WARNING] /home/srafi/after-cam-ready/compare_/compile_repair_output/work/6365a984e536/nifi-nar-bundles/nifi-standard-services/nifi-record-serialization-services-bundle/nifi-record-serialization-services/src/test/java/org/apache/nifi/xml/TestWriteXMLResult.java:[792,8] [deprecation] <T>assertThat(T,Matcher<? super T>) in Assert has been deprecated
  where T is a type-variable:
    T extends Object declared in method <T>assertThat(T,Matcher<? super T>)
[WARNING] /home/srafi/after-cam-ready/compare_/compile_repair_output/work/6365a984e536/nifi-nar-bundles/nifi-standard-services/nifi-record-serialization-services-bundle/nifi-record-serialization-services/src/test/java/org/apache/nifi/xml/TestWriteXMLResult.java:[826,8] [deprecation] <T>assertThat(T,Matcher<? super T>) in Assert has been deprecated
  where T is a type-variable:
    T extends Object declared in method <T>assertThat(T,Matcher<? super T>)
[WARNING] /home/srafi/after-cam-ready/compare_/compile_repair_output/work/6365a984e536/nifi-nar-bundles/nifi-standard-services/nifi-record-serialization-services-bundle/nifi-record-serialization-services/src/test/java/org/apache/nifi/xml/TestWriteXMLResult.java:[850,8] [deprecation] <T>assertThat(T,Matcher<? super T>) in Assert has been deprecated
  where T is a type-variable:
    T extends Object declared in method <T>assertThat(T,Matcher<? super T>)
[WARNING] /home/srafi/after-cam-ready/compare_/compile_repair_output/work/6365a984e536/nifi-nar-bundles/nifi-standard-services/nifi-record-serialization-services-bundle/nifi-record-serialization-services/src/test/java/org/apache/nifi/xml/TestWriteXMLResult.java:[874,8] [deprecation] <T>assertThat(T,Matcher<? super T>) in Assert has been deprecated
  where T is a type-variable:
    T extends Object declared in method <T>assertThat(T,Matcher<? super T>)
[WARNING] /home/srafi/after-cam-ready/compare_/compile_repair_output/work/6365a984e536/nifi-nar-bundles/nifi-standard-services/nifi-record-serialization-services-bundle/nifi-record-serialization-services/src/test/java/org/apache/nifi/xml/TestWriteXMLResult.java:[898,8] [deprecation] <T>assertThat(T,Matcher<? super T>) in Assert has been deprecated
  where T is a type-variable:
    T extends Object declared in method <T>assertThat(T,Matcher<? super T>)
[WARNING] /home/srafi/after-cam-ready/compare_/compile_repair_output/work/6365a984e536/nifi-nar-bundles/nifi-standard-services/nifi-record-serialization-services-bundle/nifi-record-serialization-services/src/test/java/org/apache/nifi/xml/TestWriteXMLResult.java:[924,8] [deprecation] <T>assertThat(T,Matcher<? super T>) in Assert has been deprecated
  where T is a type-variable:
    T extends Object declared in method <T>assertThat(T,Matcher<? super T>)
[WARNING] /home/srafi/after-cam-ready/compare_/compile_repair_output/work/6365a984e536/nifi-nar-bundles/nifi-standard-services/nifi-record-serialization-services-bundle/nifi-record-serialization-services/src/test/java/org/apache/nifi/xml/TestWriteXMLResult.java:[950,8] [deprecation] <T>assertThat(T,Matcher<? super T>) in Assert has been deprecated
  where T is a type-variable:
    T extends Object declared in method <T>assertThat(T,Matcher<? super T>)
[WARNING] /home/srafi/after-cam-ready/compare_/compile_repair_output/work/6365a984e536/nifi-nar-bundles/nifi-standard-services/nifi-record-serialization-services-bundle/nifi-record-serialization-services/src/test/java/org/apache/nifi/xml/TestWriteXMLResult.java:[976,8] [deprecation] <T>assertThat(T,Matcher<? super T>) in Assert has been deprecated
  where T is a type-variable:
    T extends Object declared in method <T>assertThat(T,Matcher<? super T>)
[WARNING] /home/srafi/after-cam-ready/compare_/compile_repair_output/work/6365a984e536/nifi-nar-bundles/nifi-standard-services/nifi-record-serialization-services-bundle/nifi-record-serialization-services/src/test/java/org/apache/nifi/xml/TestWriteXMLResult.java:[1002,8] [deprecation] <T>assertThat(T,Matcher<? super T>) in Assert has been deprecated
  where T is a type-variable:
    T extends Object declared in method <T>assertThat(T,Matcher<? super T>)
[WARNING] /home/srafi/after-cam-ready/compare_/compile_repair_output/work/6365a984e536/nifi-nar-bundles/nifi-standard-services/nifi-record-serialization-services-bundle/nifi-record-serialization-services/src/test/java/org/apache/nifi/xml/TestWriteXMLResult.java:[1030,8] [deprecation] <T>assertThat(T,Matcher<? super T>) in Assert has been deprecated
  where T is a type-variable:
    T extends Object declared in method <T>assertThat(T,Matcher<? super T>)
[WARNING] /home/srafi/after-cam-ready/compare_/compile_repair_output/work/6365a984e536/nifi-nar-bundles/nifi-standard-services/nifi-record-serialization-services-bundle/nifi-record-serialization-services/src/test/java/org/apache/nifi/xml/TestWriteXMLResult.java:[1058,8] [deprecation] <T>assertThat(T,Matcher<? super T>) in Assert has been deprecated
  where T is a type-variable:
    T extends Object declared in method <T>assertThat(T,Matcher<? super T>)
[WARNING] /home/srafi/after-cam-ready/compare_/compile_repair_output/work/6365a984e536/nifi-nar-bundles/nifi-standard-services/nifi-record-serialization-services-bundle/nifi-record-serialization-services/src/test/java/org/apache/nifi/xml/TestWriteXMLResult.java:[1086,8] [deprecation] <T>assertThat(T,Matcher<? super T>) in Assert has been deprecated
  where T is a type-variable:
    T extends Object declared in method <T>assertThat(T,Matcher<? super T>)
[WARNING] /home/srafi/after-cam-ready/compare_/compile_repair_output/work/6365a984e536/nifi-nar-bundles/nifi-standard-services/nifi-record-serialization-services-bundle/nifi-record-serialization-services/src/test/java/org/apache/nifi/xml/TestWriteXMLResult.java:[1114,8] [deprecation] <T>assertThat(T,Matcher<? super T>) in Assert has been deprecated
  where T is a type-variable:
    T extends Object declared in method <T>assertThat(T,Matcher<? super T>)
[WARNING] /home/srafi/after-cam-ready/compare_/compile_repair_output/work/6365a984e536/nifi-nar-bundles/nifi-standard-services/nifi-record-serialization-services-bundle/nifi-record-serialization-services/src/test/java/org/apache/nifi/xml/TestWriteXMLResult.java:[1140,8] [deprecation] <T>assertThat(T,Matcher<? super T>) in Assert has been deprecated
  where T is a type-variable:
    T extends Object declared in method <T>assertThat(T,Matcher<? super T>)
[WARNING] /home/srafi/after-cam-ready/compare_/compile_repair_output/work/6365a984e536/nifi-nar-bundles/nifi-standard-services/nifi-record-serialization-services-bundle/nifi-record-serialization-services/src/test/java/org/apache/nifi/xml/TestWriteXMLResult.java:[1166,8] [deprecation] <T>assertThat(T,Matcher<? super T>) in Assert has been deprecated
  where T is a type-variable:
    T extends Object declared in method <T>assertThat(T,Matcher<? super T>)
[WARNING] /home/srafi/after-cam-ready/compare_/compile_repair_output/work/6365a984e536/nifi-nar-bundles/nifi-standard-services/nifi-record-serialization-services-bundle/nifi-record-serialization-services/src/test/java/org/apache/nifi/xml/TestWriteXMLResult.java:[1192,8] [deprecation] <T>assertThat(T,Matcher<? super T>) in Assert has been deprecated
  where T is a type-variable:
    T extends Object declared in method <T>assertThat(T,Matcher<? super T>)
[WARNING] /home/srafi/after-cam-ready/compare_/compile_repair_output/work/6365a984e536/nifi-nar-bundles/nifi-standard-services/nifi-record-serialization-services-bundle/nifi-record-serialization-services/src/test/java/org/apache/nifi/xml/TestWriteXMLResult.java:[1218,8] [deprecation] <T>assertThat(T,Matcher<? super T>) in Assert has been deprecated
  where T is a type-variable:
    T extends Object declared in method <T>assertThat(T,Matcher<? super T>)
[WARNING] /home/srafi/after-cam-ready/compare_/compile_repair_output/work/6365a984e536/nifi-nar-bundles/nifi-standard-services/nifi-record-serialization-services-bundle/nifi-record-serialization-services/src/test/java/org/apache/nifi/xml/TestWriteXMLResult.java:[1246,8] [deprecation] <T>assertThat(T,Matcher<? super T>) in Assert has been deprecated
  where T is a type-variable:
    T extends Object declared in method <T>assertThat(T,Matcher<? super T>)
[WARNING] /home/srafi/after-cam-ready/compare_/compile_repair_output/work/6365a984e536/nifi-nar-bundles/nifi-standard-services/nifi-record-serialization-services-bundle/nifi-record-serialization-services/src/test/java/org/apache/nifi/xml/TestWriteXMLResult.java:[1274,8] [deprecation] <T>assertThat(T,Matcher<? super T>) in Assert has been deprecated
  where T is a type-variable:
    T extends Object declared in method <T>assertThat(T,Matcher<? super T>)
[WARNING] /home/srafi/after-cam-ready/compare_/compile_repair_output/work/6365a984e536/nifi-nar-bundles/nifi-standard-services/nifi-record-serialization-services-bundle/nifi-record-serialization-services/src/test/java/org/apache/nifi/xml/TestWriteXMLResult.java:[1302,8] [deprecation] <T>assertThat(T,Matcher<? super T>) in Assert has been deprecated
  where T is a type-variable:
    T extends Object declared in method <T>assertThat(T,Matcher<? super T>)
[WARNING] /home/srafi/after-cam-ready/compare_/compile_repair_output/work/6365a984e536/nifi-nar-bundles/nifi-standard-services/nifi-record-serialization-services-bundle/nifi-record-serialization-services/src/test/java/org/apache/nifi/xml/TestWriteXMLResult.java:[1322,8] [deprecation] <T>assertThat(T,Matcher<? super T>) in Assert has been deprecated
  where T is a type-variable:
    T extends Object declared in method <T>assertThat(T,Matcher<? super T>)
[WARNING] /home/srafi/after-cam-ready/compare_/compile_repair_output/work/6365a984e536/nifi-nar-bundles/nifi-standard-services/nifi-record-serialization-services-bundle/nifi-record-serialization-services/src/test/java/org/apache/nifi/xml/TestWriteXMLResult.java:[1348,8] [deprecation] <T>assertThat(T,Matcher<? super T>) in Assert has been deprecated
  where T is a type-variable:
    T extends Object declared in method <T>assertThat(T,Matcher<? super T>)
[WARNING] /home/srafi/after-cam-ready/compare_/compile_repair_output/work/6365a984e536/nifi-nar-bundles/nifi-standard-services/nifi-record-serialization-services-bundle/nifi-record-serialization-services/src/test/java/org/apache/nifi/xml/TestWriteXMLResult.java:[1374,8] [deprecation] <T>assertThat(T,Matcher<? super T>) in Assert has been deprecated
  where T is a type-variable:
    T extends Object declared in method <T>assertThat(T,Matcher<? super T>)
[WARNING] /home/srafi/after-cam-ready/compare_/compile_repair_output/work/6365a984e536/nifi-nar-bundles/nifi-standard-services/nifi-record-serialization-services-bundle/nifi-record-serialization-services/src/test/java/org/apache/nifi/xml/TestWriteXMLResult.java:[1402,8] [deprecation] <T>assertThat(T,Matcher<? super T>) in Assert has been deprecated
  where T is a type-variable:
    T extends Object declared in method <T>assertThat(T,Matcher<? super T>)
[WARNING] /home/srafi/after-cam-ready/compare_/compile_repair_output/work/6365a984e536/nifi-nar-bundles/nifi-standard-services/nifi-record-serialization-services-bundle/nifi-record-serialization-services/src/test/java/org/apache/nifi/xml/TestWriteXMLResult.java:[1428,8] [deprecation] <T>assertThat(T,Matcher<? super T>) in Assert has been deprecated
  where T is a type-variable:
    T extends Object declared in method <T>assertThat(T,Matcher<? super T>)
[WARNING] /home/srafi/after-cam-ready/compare_/compile_repair_output/work/6365a984e536/nifi-nar-bundles/nifi-standard-services/nifi-record-serialization-services-bundle/nifi-record-serialization-services/src/test/java/org/apache/nifi/csv/ITApacheCSVRecordReader.java:[103,12] [deprecation] <T>assertThat(T,Matcher<? super T>) in Assert has been deprecated
  where T is a type-variable:
    T extends Object declared in method <T>assertThat(T,Matcher<? super T>)
[WARNING] /home/srafi/after-cam-ready/compare_/compile_repair_output/work/6365a984e536/nifi-nar-bundles/nifi-standard-services/nifi-record-serialization-services-bundle/nifi-record-serialization-services/src/test/java/org/apache/nifi/csv/ITApacheCSVRecordReader.java:[104,12] [deprecation] <T>assertThat(T,Matcher<? super T>) in Assert has been deprecated
  where T is a type-variable:
    T extends Object declared in method <T>assertThat(T,Matcher<? super T>)
[WARNING] /home/srafi/after-cam-ready/compare_/compile_repair_output/work/6365a984e536/nifi-nar-bundles/nifi-standard-services/nifi-record-serialization-services-bundle/nifi-record-serialization-services/src/test/java/org/apache/nifi/lookup/TestRecordSetWriterLookup.java:[170,31] [deprecation] createWriter(ComponentLog,RecordSchema,OutputStream) in RecordSetWriterFactory has been deprecated
[INFO] 
[INFO] --- maven-compiler-plugin:3.8.1:testCompile (groovy-tests) @ nifi-record-serialization-services ---
[INFO] Changes detected - recompiling the module!
[INFO] Nothing to compile - all classes are up to date
[INFO] 
[INFO] --- maven-surefire-plugin:3.0.0-M8-SNAPSHOT:test (default-test) @ nifi-record-serialization-services ---
[INFO] Tests are skipped.
[INFO] 
[INFO] --- maven-jar-plugin:3.2.0:jar (default-jar) @ nifi-record-serialization-services ---
[INFO] Building jar: /home/srafi/after-cam-ready/compare_/compile_repair_output/work/6365a984e536/nifi-nar-bundles/nifi-standard-services/nifi-record-serialization-services-bundle/nifi-record-serialization-services/target/nifi-record-serialization-services-1.15.0-SNAPSHOT.jar
[INFO] 
[INFO] --- maven-site-plugin:3.7.1:attach-descriptor (attach-descriptor) @ nifi-record-serialization-services ---
[INFO] Skipping because packaging 'jar' is not pom.
[INFO] 
[INFO] --- maven-install-plugin:2.5.2:install (default-install) @ nifi-record-serialization-services ---
[INFO] Installing /home/srafi/after-cam-ready/compare_/compile_repair_output/work/6365a984e536/nifi-nar-bundles/nifi-standard-services/nifi-record-serialization-services-bundle/nifi-record-serialization-services/target/nifi-record-serialization-services-1.15.0-SNAPSHOT.jar to /home/srafi/.m2/repository/org/apache/nifi/nifi-record-serialization-services/1.15.0-SNAPSHOT/nifi-record-serialization-services-1.15.0-SNAPSHOT.jar
[INFO] Installing /home/srafi/after-cam-ready/compare_/compile_repair_output/work/6365a984e536/nifi-nar-bundles/nifi-standard-services/nifi-record-serialization-services-bundle/nifi-record-serialization-services/pom.xml to /home/srafi/.m2/repository/org/apache/nifi/nifi-record-serialization-services/1.15.0-SNAPSHOT/nifi-record-serialization-services-1.15.0-SNAPSHOT.pom
[INFO] 
[INFO] ----------------< org.apache.nifi:nifi-database-utils >-----------------
[INFO] Building nifi-database-utils 1.15.0-SNAPSHOT                     [67/74]
[INFO] --------------------------------[ jar ]---------------------------------
[INFO] Downloading from central: https://repo1.maven.org/maven2/com/h2database/h2/1.4.187/h2-1.4.187.pom
[INFO] Downloaded from central: https://repo1.maven.org/maven2/com/h2database/h2/1.4.187/h2-1.4.187.pom (391 B at 2.5 kB/s)
[INFO] Downloading from central: https://repo1.maven.org/maven2/com/h2database/h2/1.4.187/h2-1.4.187.jar
[INFO] Downloaded from central: https://repo1.maven.org/maven2/com/h2database/h2/1.4.187/h2-1.4.187.jar (1.7 MB at 15 MB/s)
[INFO] 
[INFO] --- maven-clean-plugin:3.1.0:clean (default-clean) @ nifi-database-utils ---
[INFO] 
[INFO] --- buildnumber-maven-plugin:1.4:create (default) @ nifi-database-utils ---
[INFO] 
[INFO] --- maven-remote-resources-plugin:1.7.0:process (process-resource-bundles) @ nifi-database-utils ---
[INFO] Preparing remote bundle org.apache:apache-jar-resource-bundle:1.4
[INFO] Copying 3 resources from 1 bundle.
[INFO] 
[INFO] --- maven-resources-plugin:3.1.0:resources (default-resources) @ nifi-database-utils ---
[INFO] Using 'UTF-8' encoding to copy filtered resources.
[INFO] skip non existing resourceDirectory /home/srafi/after-cam-ready/compare_/compile_repair_output/work/6365a984e536/nifi-nar-bundles/nifi-extension-utils/nifi-database-utils/src/main/resources
[INFO] Copying 3 resources
[INFO] 
[INFO] --- maven-compiler-plugin:3.8.1:compile (default-compile) @ nifi-database-utils ---
[INFO] Changes detected - recompiling the module!
[INFO] Compiling 3 source files to /home/srafi/after-cam-ready/compare_/compile_repair_output/work/6365a984e536/nifi-nar-bundles/nifi-extension-utils/nifi-database-utils/target/classes
[INFO] 
[INFO] --- maven-resources-plugin:3.1.0:testResources (default-testResources) @ nifi-database-utils ---
[INFO] Using 'UTF-8' encoding to copy filtered resources.
[INFO] skip non existing resourceDirectory /home/srafi/after-cam-ready/compare_/compile_repair_output/work/6365a984e536/nifi-nar-bundles/nifi-extension-utils/nifi-database-utils/src/test/resources
[INFO] Copying 3 resources
[INFO] 
[INFO] --- maven-compiler-plugin:3.8.1:testCompile (default-testCompile) @ nifi-database-utils ---
[INFO] Changes detected - recompiling the module!
[INFO] Compiling 7 source files to /home/srafi/after-cam-ready/compare_/compile_repair_output/work/6365a984e536/nifi-nar-bundles/nifi-extension-utils/nifi-database-utils/target/test-classes
[INFO] 
[INFO] --- maven-compiler-plugin:3.8.1:testCompile (groovy-tests) @ nifi-database-utils ---
[INFO] Changes detected - recompiling the module!
[INFO] Nothing to compile - all classes are up to date
[INFO] 
[INFO] --- maven-surefire-plugin:3.0.0-M8-SNAPSHOT:test (default-test) @ nifi-database-utils ---
[INFO] Tests are skipped.
[INFO] 
[INFO] --- maven-jar-plugin:3.2.0:jar (default-jar) @ nifi-database-utils ---
[INFO] Building jar: /home/srafi/after-cam-ready/compare_/compile_repair_output/work/6365a984e536/nifi-nar-bundles/nifi-extension-utils/nifi-database-utils/target/nifi-database-utils-1.15.0-SNAPSHOT.jar
[INFO] 
[INFO] --- maven-site-plugin:3.7.1:attach-descriptor (attach-descriptor) @ nifi-database-utils ---
[INFO] Skipping because packaging 'jar' is not pom.
[INFO] 
[INFO] --- maven-install-plugin:2.5.2:install (default-install) @ nifi-database-utils ---
[INFO] Installing /home/srafi/after-cam-ready/compare_/compile_repair_output/work/6365a984e536/nifi-nar-bundles/nifi-extension-utils/nifi-database-utils/target/nifi-database-utils-1.15.0-SNAPSHOT.jar to /home/srafi/.m2/repository/org/apache/nifi/nifi-database-utils/1.15.0-SNAPSHOT/nifi-database-utils-1.15.0-SNAPSHOT.jar
[INFO] Installing /home/srafi/after-cam-ready/compare_/compile_repair_output/work/6365a984e536/nifi-nar-bundles/nifi-extension-utils/nifi-database-utils/pom.xml to /home/srafi/.m2/repository/org/apache/nifi/nifi-database-utils/1.15.0-SNAPSHOT/nifi-database-utils-1.15.0-SNAPSHOT.pom
[INFO] 
[INFO] ----------------< org.apache.nifi:nifi-standard-bundle >----------------
[INFO] Building nifi-standard-bundle 1.15.0-SNAPSHOT                    [68/74]
[INFO] --------------------------------[ pom ]---------------------------------
[INFO] 
[INFO] --- maven-clean-plugin:3.1.0:clean (default-clean) @ nifi-standard-bundle ---
[INFO] 
[INFO] --- buildnumber-maven-plugin:1.4:create (default) @ nifi-standard-bundle ---
[INFO] 
[INFO] --- maven-remote-resources-plugin:1.7.0:process (process-resource-bundles) @ nifi-standard-bundle ---
[INFO] Preparing remote bundle org.apache:apache-jar-resource-bundle:1.4
[INFO] Copying 3 resources from 1 bundle.
[INFO] 
[INFO] --- maven-compiler-plugin:3.8.1:testCompile (groovy-tests) @ nifi-standard-bundle ---
[INFO] No sources to compile
[INFO] 
[INFO] --- maven-site-plugin:3.7.1:attach-descriptor (attach-descriptor) @ nifi-standard-bundle ---
[INFO] No site descriptor found: nothing to attach.
[INFO] 
[INFO] --- maven-install-plugin:2.5.2:install (default-install) @ nifi-standard-bundle ---
[INFO] Installing /home/srafi/after-cam-ready/compare_/compile_repair_output/work/6365a984e536/nifi-nar-bundles/nifi-standard-bundle/pom.xml to /home/srafi/.m2/repository/org/apache/nifi/nifi-standard-bundle/1.15.0-SNAPSHOT/nifi-standard-bundle-1.15.0-SNAPSHOT.pom
[INFO] 
[INFO] ------------< org.apache.nifi:nifi-standard-web-test-utils >------------
[INFO] Building nifi-standard-web-test-utils 1.15.0-SNAPSHOT            [69/74]
[INFO] --------------------------------[ jar ]---------------------------------
[INFO] 
[INFO] --- maven-clean-plugin:3.1.0:clean (default-clean) @ nifi-standard-web-test-utils ---
[INFO] 
[INFO] --- buildnumber-maven-plugin:1.4:create (default) @ nifi-standard-web-test-utils ---
[INFO] 
[INFO] --- maven-remote-resources-plugin:1.7.0:process (process-resource-bundles) @ nifi-standard-web-test-utils ---
[INFO] Preparing remote bundle org.apache:apache-jar-resource-bundle:1.4
[INFO] Copying 3 resources from 1 bundle.
[INFO] 
[INFO] --- maven-resources-plugin:3.1.0:resources (default-resources) @ nifi-standard-web-test-utils ---
[INFO] Using 'UTF-8' encoding to copy filtered resources.
[INFO] skip non existing resourceDirectory /home/srafi/after-cam-ready/compare_/compile_repair_output/work/6365a984e536/nifi-nar-bundles/nifi-standard-bundle/nifi-standard-web-test-utils/src/main/resources
[INFO] Copying 3 resources
[INFO] 
[INFO] --- maven-compiler-plugin:3.8.1:compile (default-compile) @ nifi-standard-web-test-utils ---
[INFO] Changes detected - recompiling the module!
[INFO] Compiling 3 source files to /home/srafi/after-cam-ready/compare_/compile_repair_output/work/6365a984e536/nifi-nar-bundles/nifi-standard-bundle/nifi-standard-web-test-utils/target/classes
[INFO] 
[INFO] --- maven-resources-plugin:3.1.0:testResources (default-testResources) @ nifi-standard-web-test-utils ---
[INFO] Using 'UTF-8' encoding to copy filtered resources.
[INFO] skip non existing resourceDirectory /home/srafi/after-cam-ready/compare_/compile_repair_output/work/6365a984e536/nifi-nar-bundles/nifi-standard-bundle/nifi-standard-web-test-utils/src/test/resources
[INFO] Copying 3 resources
[INFO] 
[INFO] --- maven-compiler-plugin:3.8.1:testCompile (default-testCompile) @ nifi-standard-web-test-utils ---
[INFO] No sources to compile
[INFO] 
[INFO] --- maven-compiler-plugin:3.8.1:testCompile (groovy-tests) @ nifi-standard-web-test-utils ---
[INFO] No sources to compile
[INFO] 
[INFO] --- maven-surefire-plugin:3.0.0-M8-SNAPSHOT:test (default-test) @ nifi-standard-web-test-utils ---
[INFO] Tests are skipped.
[INFO] 
[INFO] --- maven-jar-plugin:3.2.0:jar (default-jar) @ nifi-standard-web-test-utils ---
[INFO] Building jar: /home/srafi/after-cam-ready/compare_/compile_repair_output/work/6365a984e536/nifi-nar-bundles/nifi-standard-bundle/nifi-standard-web-test-utils/target/nifi-standard-web-test-utils-1.15.0-SNAPSHOT.jar
[INFO] 
[INFO] --- maven-site-plugin:3.7.1:attach-descriptor (attach-descriptor) @ nifi-standard-web-test-utils ---
[INFO] Skipping because packaging 'jar' is not pom.
[INFO] 
[INFO] --- maven-install-plugin:2.5.2:install (default-install) @ nifi-standard-web-test-utils ---
[INFO] Installing /home/srafi/after-cam-ready/compare_/compile_repair_output/work/6365a984e536/nifi-nar-bundles/nifi-standard-bundle/nifi-standard-web-test-utils/target/nifi-standard-web-test-utils-1.15.0-SNAPSHOT.jar to /home/srafi/.m2/repository/org/apache/nifi/nifi-standard-web-test-utils/1.15.0-SNAPSHOT/nifi-standard-web-test-utils-1.15.0-SNAPSHOT.jar
[INFO] Installing /home/srafi/after-cam-ready/compare_/compile_repair_output/work/6365a984e536/nifi-nar-bundles/nifi-standard-bundle/nifi-standard-web-test-utils/pom.xml to /home/srafi/.m2/repository/org/apache/nifi/nifi-standard-web-test-utils/1.15.0-SNAPSHOT/nifi-standard-web-test-utils-1.15.0-SNAPSHOT.pom
[INFO] 
[INFO] ------------< org.apache.nifi:nifi-lookup-services-bundle >-------------
[INFO] Building nifi-lookup-services-bundle 1.15.0-SNAPSHOT             [70/74]
[INFO] --------------------------------[ pom ]---------------------------------
[INFO] 
[INFO] --- maven-clean-plugin:3.1.0:clean (default-clean) @ nifi-lookup-services-bundle ---
[INFO] 
[INFO] --- buildnumber-maven-plugin:1.4:create (default) @ nifi-lookup-services-bundle ---
[INFO] 
[INFO] --- maven-remote-resources-plugin:1.7.0:process (process-resource-bundles) @ nifi-lookup-services-bundle ---
[INFO] Preparing remote bundle org.apache:apache-jar-resource-bundle:1.4
[INFO] Copying 3 resources from 1 bundle.
[INFO] 
[INFO] --- maven-compiler-plugin:3.8.1:testCompile (groovy-tests) @ nifi-lookup-services-bundle ---
[INFO] No sources to compile
[INFO] 
[INFO] --- maven-site-plugin:3.7.1:attach-descriptor (attach-descriptor) @ nifi-lookup-services-bundle ---
[INFO] No site descriptor found: nothing to attach.
[INFO] 
[INFO] --- maven-install-plugin:2.5.2:install (default-install) @ nifi-lookup-services-bundle ---
[INFO] Installing /home/srafi/after-cam-ready/compare_/compile_repair_output/work/6365a984e536/nifi-nar-bundles/nifi-standard-services/nifi-lookup-services-bundle/pom.xml to /home/srafi/.m2/repository/org/apache/nifi/nifi-lookup-services-bundle/1.15.0-SNAPSHOT/nifi-lookup-services-bundle-1.15.0-SNAPSHOT.pom
[INFO] 
[INFO] ----------------< org.apache.nifi:nifi-lookup-services >----------------
[INFO] Building nifi-lookup-services 1.15.0-SNAPSHOT                    [71/74]
[INFO] --------------------------------[ jar ]---------------------------------
[INFO] Downloading from central: https://repo1.maven.org/maven2/com/maxmind/geoip2/geoip2/2.12.0/geoip2-2.12.0.pom
[INFO] Downloaded from central: https://repo1.maven.org/maven2/com/maxmind/geoip2/geoip2/2.12.0/geoip2-2.12.0.pom (9.4 kB at 240 kB/s)
[INFO] Downloading from central: https://repo1.maven.org/maven2/com/maxmind/db/maxmind-db/1.2.2/maxmind-db-1.2.2.pom
[INFO] Downloaded from central: https://repo1.maven.org/maven2/com/maxmind/db/maxmind-db/1.2.2/maxmind-db-1.2.2.pom (5.2 kB at 130 kB/s)
[INFO] Downloading from central: https://repo1.maven.org/maven2/io/github/rburgst/okhttp-digest/2.5/okhttp-digest-2.5.pom
[INFO] Downloaded from central: https://repo1.maven.org/maven2/io/github/rburgst/okhttp-digest/2.5/okhttp-digest-2.5.pom (2.3 kB at 49 kB/s)
[INFO] Downloading from central: https://repo1.maven.org/maven2/com/squareup/okhttp3/okhttp/4.7.2/okhttp-4.7.2.pom
[INFO] Downloaded from central: https://repo1.maven.org/maven2/com/squareup/okhttp3/okhttp/4.7.2/okhttp-4.7.2.pom (1.8 kB at 45 kB/s)
[INFO] Downloading from central: https://repo1.maven.org/maven2/com/squareup/okio/okio/2.6.0/okio-2.6.0.pom
[INFO] Downloaded from central: https://repo1.maven.org/maven2/com/squareup/okio/okio/2.6.0/okio-2.6.0.pom (1.8 kB at 44 kB/s)
[INFO] Downloading from central: https://repo1.maven.org/maven2/org/jetbrains/kotlin/kotlin-stdlib/1.3.71/kotlin-stdlib-1.3.71.pom
[INFO] Downloaded from central: https://repo1.maven.org/maven2/org/jetbrains/kotlin/kotlin-stdlib/1.3.71/kotlin-stdlib-1.3.71.pom (1.8 kB at 39 kB/s)
[INFO] Downloading from central: https://repo1.maven.org/maven2/org/jetbrains/kotlin/kotlin-stdlib-common/1.3.71/kotlin-stdlib-common-1.3.71.pom
[INFO] Downloaded from central: https://repo1.maven.org/maven2/org/jetbrains/kotlin/kotlin-stdlib-common/1.3.71/kotlin-stdlib-common-1.3.71.pom (0 B at 0 B/s)
[INFO] Downloading from central: https://repo1.maven.org/maven2/com/maxmind/geoip2/geoip2/2.12.0/geoip2-2.12.0.jar
[INFO] Downloading from central: https://repo1.maven.org/maven2/com/maxmind/db/maxmind-db/1.2.2/maxmind-db-1.2.2.jar
[INFO] Downloading from central: https://repo1.maven.org/maven2/io/github/rburgst/okhttp-digest/2.5/okhttp-digest-2.5.jar
[INFO] Downloaded from central: https://repo1.maven.org/maven2/com/maxmind/geoip2/geoip2/2.12.0/geoip2-2.12.0.jar (46 kB at 1.1 MB/s)
[INFO] Downloaded from central: https://repo1.maven.org/maven2/com/maxmind/db/maxmind-db/1.2.2/maxmind-db-1.2.2.jar (22 kB at 387 kB/s)
[INFO] Downloaded from central: https://repo1.maven.org/maven2/io/github/rburgst/okhttp-digest/2.5/okhttp-digest-2.5.jar (39 kB at 669 kB/s)
[INFO] 
[INFO] --- maven-clean-plugin:3.1.0:clean (default-clean) @ nifi-lookup-services ---
[INFO] 
[INFO] --- buildnumber-maven-plugin:1.4:create (default) @ nifi-lookup-services ---
[INFO] 
[INFO] --- maven-remote-resources-plugin:1.7.0:process (process-resource-bundles) @ nifi-lookup-services ---
[INFO] Preparing remote bundle org.apache:apache-jar-resource-bundle:1.4
[INFO] Copying 3 resources from 1 bundle.
[INFO] 
[INFO] --- maven-resources-plugin:3.1.0:resources (default-resources) @ nifi-lookup-services ---
[INFO] Using 'UTF-8' encoding to copy filtered resources.
[INFO] Copying 3 resources
[INFO] Copying 3 resources
[INFO] 
[INFO] --- maven-compiler-plugin:3.8.1:compile (default-compile) @ nifi-lookup-services ---
[INFO] Changes detected - recompiling the module!
[INFO] Compiling 18 source files to /home/srafi/after-cam-ready/compare_/compile_repair_output/work/6365a984e536/nifi-nar-bundles/nifi-standard-services/nifi-lookup-services-bundle/nifi-lookup-services/target/classes
[INFO] 
[INFO] --- maven-resources-plugin:3.1.0:testResources (default-testResources) @ nifi-lookup-services ---
[INFO] Using 'UTF-8' encoding to copy filtered resources.
[INFO] Copying 8 resources
[INFO] Copying 3 resources
[INFO] 
[INFO] --- maven-compiler-plugin:3.8.1:testCompile (default-testCompile) @ nifi-lookup-services ---
[INFO] Changes detected - recompiling the module!
[INFO] Compiling 7 source files to /home/srafi/after-cam-ready/compare_/compile_repair_output/work/6365a984e536/nifi-nar-bundles/nifi-standard-services/nifi-lookup-services-bundle/nifi-lookup-services/target/test-classes
[WARNING] /home/srafi/after-cam-ready/compare_/compile_repair_output/work/6365a984e536/nifi-nar-bundles/nifi-standard-services/nifi-lookup-services-bundle/nifi-lookup-services/src/test/java/org/apache/nifi/lookup/TestDistributedMapCacheLookupService.java:[61,8] [deprecation] <T>assertThat(T,Matcher<? super T>) in Assert has been deprecated
  where T is a type-variable:
    T extends Object declared in method <T>assertThat(T,Matcher<? super T>)
[WARNING] /home/srafi/after-cam-ready/compare_/compile_repair_output/work/6365a984e536/nifi-nar-bundles/nifi-standard-services/nifi-lookup-services-bundle/nifi-lookup-services/src/test/java/org/apache/nifi/lookup/TestSimpleKeyValueLookupService.java:[47,8] [deprecation] <T>assertThat(T,Matcher<? super T>) in Assert has been deprecated
  where T is a type-variable:
    T extends Object declared in method <T>assertThat(T,Matcher<? super T>)
[WARNING] /home/srafi/after-cam-ready/compare_/compile_repair_output/work/6365a984e536/nifi-nar-bundles/nifi-standard-services/nifi-lookup-services-bundle/nifi-lookup-services/src/test/java/org/apache/nifi/lookup/TestPropertiesFileLookupService.java:[51,8] [deprecation] <T>assertThat(T,Matcher<? super T>) in Assert has been deprecated
  where T is a type-variable:
    T extends Object declared in method <T>assertThat(T,Matcher<? super T>)
[WARNING] /home/srafi/after-cam-ready/compare_/compile_repair_output/work/6365a984e536/nifi-nar-bundles/nifi-standard-services/nifi-lookup-services-bundle/nifi-lookup-services/src/test/java/org/apache/nifi/lookup/TestPropertiesFileLookupService.java:[80,8] [deprecation] <T>assertThat(T,Matcher<? super T>) in Assert has been deprecated
  where T is a type-variable:
    T extends Object declared in method <T>assertThat(T,Matcher<? super T>)
[WARNING] /home/srafi/after-cam-ready/compare_/compile_repair_output/work/6365a984e536/nifi-nar-bundles/nifi-standard-services/nifi-lookup-services-bundle/nifi-lookup-services/src/test/java/org/apache/nifi/lookup/TestXMLFileLookupService.java:[50,8] [deprecation] <T>assertThat(T,Matcher<? super T>) in Assert has been deprecated
  where T is a type-variable:
    T extends Object declared in method <T>assertThat(T,Matcher<? super T>)
[WARNING] /home/srafi/after-cam-ready/compare_/compile_repair_output/work/6365a984e536/nifi-nar-bundles/nifi-standard-services/nifi-lookup-services-bundle/nifi-lookup-services/src/test/java/org/apache/nifi/lookup/TestSimpleCsvFileLookupService.java:[58,8] [deprecation] <T>assertThat(T,Matcher<? super T>) in Assert has been deprecated
  where T is a type-variable:
    T extends Object declared in method <T>assertThat(T,Matcher<? super T>)
[WARNING] /home/srafi/after-cam-ready/compare_/compile_repair_output/work/6365a984e536/nifi-nar-bundles/nifi-standard-services/nifi-lookup-services-bundle/nifi-lookup-services/src/test/java/org/apache/nifi/lookup/TestSimpleCsvFileLookupService.java:[85,8] [deprecation] <T>assertThat(T,Matcher<? super T>) in Assert has been deprecated
  where T is a type-variable:
    T extends Object declared in method <T>assertThat(T,Matcher<? super T>)
[WARNING] /home/srafi/after-cam-ready/compare_/compile_repair_output/work/6365a984e536/nifi-nar-bundles/nifi-standard-services/nifi-lookup-services-bundle/nifi-lookup-services/src/test/java/org/apache/nifi/lookup/TestSimpleCsvFileLookupService.java:[86,8] [deprecation] <T>assertThat(T,Matcher<? super T>) in Assert has been deprecated
  where T is a type-variable:
    T extends Object declared in method <T>assertThat(T,Matcher<? super T>)
[WARNING] /home/srafi/after-cam-ready/compare_/compile_repair_output/work/6365a984e536/nifi-nar-bundles/nifi-standard-services/nifi-lookup-services-bundle/nifi-lookup-services/src/test/java/org/apache/nifi/lookup/TestCSVRecordLookupService.java:[58,8] [deprecation] <T>assertThat(T,Matcher<? super T>) in Assert has been deprecated
  where T is a type-variable:
    T extends Object declared in method <T>assertThat(T,Matcher<? super T>)
[WARNING] /home/srafi/after-cam-ready/compare_/compile_repair_output/work/6365a984e536/nifi-nar-bundles/nifi-standard-services/nifi-lookup-services-bundle/nifi-lookup-services/src/test/java/org/apache/nifi/lookup/TestCSVRecordLookupService.java:[86,8] [deprecation] <T>assertThat(T,Matcher<? super T>) in Assert has been deprecated
  where T is a type-variable:
    T extends Object declared in method <T>assertThat(T,Matcher<? super T>)
[WARNING] /home/srafi/after-cam-ready/compare_/compile_repair_output/work/6365a984e536/nifi-nar-bundles/nifi-standard-services/nifi-lookup-services-bundle/nifi-lookup-services/src/test/java/org/apache/nifi/lookup/TestCSVRecordLookupService.java:[87,8] [deprecation] <T>assertThat(T,Matcher<? super T>) in Assert has been deprecated
  where T is a type-variable:
    T extends Object declared in method <T>assertThat(T,Matcher<? super T>)
[WARNING] /home/srafi/after-cam-ready/compare_/compile_repair_output/work/6365a984e536/nifi-nar-bundles/nifi-standard-services/nifi-lookup-services-bundle/nifi-lookup-services/src/test/java/org/apache/nifi/lookup/TestCSVRecordLookupService.java:[88,8] [deprecation] <T>assertThat(T,Matcher<? super T>) in Assert has been deprecated
  where T is a type-variable:
    T extends Object declared in method <T>assertThat(T,Matcher<? super T>)
[INFO] 
[INFO] --- maven-compiler-plugin:3.8.1:testCompile (groovy-tests) @ nifi-lookup-services ---
[INFO] Changes detected - recompiling the module!
[INFO] Using Groovy-Eclipse compiler to compile both Java and Groovy files
[INFO] Compiling in a forked process using /home/srafi/.m2/repository/org/codehaus/groovy/groovy-eclipse-batch/2.5.14-01/groovy-eclipse-batch-2.5.14-01.jar
[INFO] 
[INFO] --- maven-surefire-plugin:3.0.0-M8-SNAPSHOT:test (default-test) @ nifi-lookup-services ---
[INFO] Tests are skipped.
[INFO] 
[INFO] --- maven-jar-plugin:3.2.0:jar (default-jar) @ nifi-lookup-services ---
[INFO] Building jar: /home/srafi/after-cam-ready/compare_/compile_repair_output/work/6365a984e536/nifi-nar-bundles/nifi-standard-services/nifi-lookup-services-bundle/nifi-lookup-services/target/nifi-lookup-services-1.15.0-SNAPSHOT.jar
[INFO] 
[INFO] --- maven-site-plugin:3.7.1:attach-descriptor (attach-descriptor) @ nifi-lookup-services ---
[INFO] Skipping because packaging 'jar' is not pom.
[INFO] 
[INFO] --- maven-install-plugin:2.5.2:install (default-install) @ nifi-lookup-services ---
[INFO] Installing /home/srafi/after-cam-ready/compare_/compile_repair_output/work/6365a984e536/nifi-nar-bundles/nifi-standard-services/nifi-lookup-services-bundle/nifi-lookup-services/target/nifi-lookup-services-1.15.0-SNAPSHOT.jar to /home/srafi/.m2/repository/org/apache/nifi/nifi-lookup-services/1.15.0-SNAPSHOT/nifi-lookup-services-1.15.0-SNAPSHOT.jar
[INFO] Installing /home/srafi/after-cam-ready/compare_/compile_repair_output/work/6365a984e536/nifi-nar-bundles/nifi-standard-services/nifi-lookup-services-bundle/nifi-lookup-services/pom.xml to /home/srafi/.m2/repository/org/apache/nifi/nifi-lookup-services/1.15.0-SNAPSHOT/nifi-lookup-services-1.15.0-SNAPSHOT.pom
[INFO] 
[INFO] ----------------< org.apache.nifi:nifi-standard-utils >-----------------
[INFO] Building nifi-standard-utils 1.15.0-SNAPSHOT                     [72/74]
[INFO] --------------------------------[ jar ]---------------------------------
[INFO] Downloading from central: https://repo1.maven.org/maven2/com/bazaarvoice/jolt/jolt-core/0.1.1/jolt-core-0.1.1.pom
[INFO] Downloaded from central: https://repo1.maven.org/maven2/com/bazaarvoice/jolt/jolt-core/0.1.1/jolt-core-0.1.1.pom (2.1 kB at 36 kB/s)
[INFO] Downloading from central: https://repo1.maven.org/maven2/com/bazaarvoice/jolt/jolt-parent/0.1.1/jolt-parent-0.1.1.pom
[INFO] Downloaded from central: https://repo1.maven.org/maven2/com/bazaarvoice/jolt/jolt-parent/0.1.1/jolt-parent-0.1.1.pom (6.3 kB at 126 kB/s)
[INFO] Downloading from central: https://repo1.maven.org/maven2/com/bazaarvoice/commons/bv-opensource-super-pom/1.4/bv-opensource-super-pom-1.4.pom
[INFO] Downloaded from central: https://repo1.maven.org/maven2/com/bazaarvoice/commons/bv-opensource-super-pom/1.4/bv-opensource-super-pom-1.4.pom (12 kB at 207 kB/s)
[INFO] Downloading from central: https://repo1.maven.org/maven2/com/bazaarvoice/jolt/json-utils/0.1.1/json-utils-0.1.1.pom
[INFO] Downloaded from central: https://repo1.maven.org/maven2/com/bazaarvoice/jolt/json-utils/0.1.1/json-utils-0.1.1.pom (1.3 kB at 28 kB/s)
[INFO] Downloading from central: https://repo1.maven.org/maven2/com/bazaarvoice/jolt/jolt-core/0.1.1/jolt-core-0.1.1.jar
[INFO] Downloading from central: https://repo1.maven.org/maven2/com/bazaarvoice/jolt/json-utils/0.1.1/json-utils-0.1.1.jar
[INFO] Downloaded from central: https://repo1.maven.org/maven2/com/bazaarvoice/jolt/json-utils/0.1.1/json-utils-0.1.1.jar (16 kB at 347 kB/s)
[INFO] Downloaded from central: https://repo1.maven.org/maven2/com/bazaarvoice/jolt/jolt-core/0.1.1/jolt-core-0.1.1.jar (212 kB at 2.6 MB/s)
[INFO] 
[INFO] --- maven-clean-plugin:3.1.0:clean (default-clean) @ nifi-standard-utils ---
[INFO] 
[INFO] --- buildnumber-maven-plugin:1.4:create (default) @ nifi-standard-utils ---
[INFO] 
[INFO] --- maven-remote-resources-plugin:1.7.0:process (process-resource-bundles) @ nifi-standard-utils ---
[INFO] Preparing remote bundle org.apache:apache-jar-resource-bundle:1.4
[INFO] Copying 3 resources from 1 bundle.
[INFO] 
[INFO] --- maven-resources-plugin:3.1.0:resources (default-resources) @ nifi-standard-utils ---
[INFO] Using 'UTF-8' encoding to copy filtered resources.
[INFO] skip non existing resourceDirectory /home/srafi/after-cam-ready/compare_/compile_repair_output/work/6365a984e536/nifi-nar-bundles/nifi-standard-bundle/nifi-standard-utils/src/main/resources
[INFO] Copying 3 resources
[INFO] 
[INFO] --- maven-compiler-plugin:3.8.1:compile (default-compile) @ nifi-standard-utils ---
[INFO] Changes detected - recompiling the module!
[INFO] Compiling 2 source files to /home/srafi/after-cam-ready/compare_/compile_repair_output/work/6365a984e536/nifi-nar-bundles/nifi-standard-bundle/nifi-standard-utils/target/classes
[INFO] 
[INFO] --- maven-resources-plugin:3.1.0:testResources (default-testResources) @ nifi-standard-utils ---
[INFO] Using 'UTF-8' encoding to copy filtered resources.
[INFO] Copying 9 resources
[INFO] Copying 3 resources
[INFO] 
[INFO] --- maven-compiler-plugin:3.8.1:testCompile (default-testCompile) @ nifi-standard-utils ---
[INFO] Changes detected - recompiling the module!
[INFO] Compiling 1 source file to /home/srafi/after-cam-ready/compare_/compile_repair_output/work/6365a984e536/nifi-nar-bundles/nifi-standard-bundle/nifi-standard-utils/target/test-classes
[INFO] 
[INFO] --- maven-compiler-plugin:3.8.1:testCompile (groovy-tests) @ nifi-standard-utils ---
[INFO] Changes detected - recompiling the module!
[INFO] Nothing to compile - all classes are up to date
[INFO] 
[INFO] --- maven-surefire-plugin:3.0.0-M8-SNAPSHOT:test (default-test) @ nifi-standard-utils ---
[INFO] Tests are skipped.
[INFO] 
[INFO] --- maven-jar-plugin:3.2.0:jar (default-jar) @ nifi-standard-utils ---
[INFO] Building jar: /home/srafi/after-cam-ready/compare_/compile_repair_output/work/6365a984e536/nifi-nar-bundles/nifi-standard-bundle/nifi-standard-utils/target/nifi-standard-utils-1.15.0-SNAPSHOT.jar
[INFO] 
[INFO] --- maven-site-plugin:3.7.1:attach-descriptor (attach-descriptor) @ nifi-standard-utils ---
[INFO] Skipping because packaging 'jar' is not pom.
[INFO] 
[INFO] --- maven-install-plugin:2.5.2:install (default-install) @ nifi-standard-utils ---
[INFO] Installing /home/srafi/after-cam-ready/compare_/compile_repair_output/work/6365a984e536/nifi-nar-bundles/nifi-standard-bundle/nifi-standard-utils/target/nifi-standard-utils-1.15.0-SNAPSHOT.jar to /home/srafi/.m2/repository/org/apache/nifi/nifi-standard-utils/1.15.0-SNAPSHOT/nifi-standard-utils-1.15.0-SNAPSHOT.jar
[INFO] Installing /home/srafi/after-cam-ready/compare_/compile_repair_output/work/6365a984e536/nifi-nar-bundles/nifi-standard-bundle/nifi-standard-utils/pom.xml to /home/srafi/.m2/repository/org/apache/nifi/nifi-standard-utils/1.15.0-SNAPSHOT/nifi-standard-utils-1.15.0-SNAPSHOT.pom
[INFO] 
[INFO] --------------< org.apache.nifi:nifi-database-test-utils >--------------
[INFO] Building nifi-database-test-utils 1.15.0-SNAPSHOT                [73/74]
[INFO] --------------------------------[ jar ]---------------------------------
[INFO] 
[INFO] --- maven-clean-plugin:3.1.0:clean (default-clean) @ nifi-database-test-utils ---
[INFO] 
[INFO] --- buildnumber-maven-plugin:1.4:create (default) @ nifi-database-test-utils ---
[INFO] 
[INFO] --- maven-remote-resources-plugin:1.7.0:process (process-resource-bundles) @ nifi-database-test-utils ---
[INFO] Preparing remote bundle org.apache:apache-jar-resource-bundle:1.4
[INFO] Copying 3 resources from 1 bundle.
[INFO] 
[INFO] --- maven-resources-plugin:3.1.0:resources (default-resources) @ nifi-database-test-utils ---
[INFO] Using 'UTF-8' encoding to copy filtered resources.
[INFO] skip non existing resourceDirectory /home/srafi/after-cam-ready/compare_/compile_repair_output/work/6365a984e536/nifi-nar-bundles/nifi-extension-utils/nifi-database-test-utils/src/main/resources
[INFO] Copying 3 resources
[INFO] 
[INFO] --- maven-compiler-plugin:3.8.1:compile (default-compile) @ nifi-database-test-utils ---
[INFO] Changes detected - recompiling the module!
[INFO] Compiling 1 source file to /home/srafi/after-cam-ready/compare_/compile_repair_output/work/6365a984e536/nifi-nar-bundles/nifi-extension-utils/nifi-database-test-utils/target/classes
[INFO] 
[INFO] --- maven-resources-plugin:3.1.0:testResources (default-testResources) @ nifi-database-test-utils ---
[INFO] Using 'UTF-8' encoding to copy filtered resources.
[INFO] skip non existing resourceDirectory /home/srafi/after-cam-ready/compare_/compile_repair_output/work/6365a984e536/nifi-nar-bundles/nifi-extension-utils/nifi-database-test-utils/src/test/resources
[INFO] Copying 3 resources
[INFO] 
[INFO] --- maven-compiler-plugin:3.8.1:testCompile (default-testCompile) @ nifi-database-test-utils ---
[INFO] No sources to compile
[INFO] 
[INFO] --- maven-compiler-plugin:3.8.1:testCompile (groovy-tests) @ nifi-database-test-utils ---
[INFO] No sources to compile
[INFO] 
[INFO] --- maven-surefire-plugin:3.0.0-M8-SNAPSHOT:test (default-test) @ nifi-database-test-utils ---
[INFO] Tests are skipped.
[INFO] 
[INFO] --- maven-jar-plugin:3.2.0:jar (default-jar) @ nifi-database-test-utils ---
[INFO] Building jar: /home/srafi/after-cam-ready/compare_/compile_repair_output/work/6365a984e536/nifi-nar-bundles/nifi-extension-utils/nifi-database-test-utils/target/nifi-database-test-utils-1.15.0-SNAPSHOT.jar
[INFO] 
[INFO] --- maven-site-plugin:3.7.1:attach-descriptor (attach-descriptor) @ nifi-database-test-utils ---
[INFO] Skipping because packaging 'jar' is not pom.
[INFO] 
[INFO] --- maven-install-plugin:2.5.2:install (default-install) @ nifi-database-test-utils ---
[INFO] Installing /home/srafi/after-cam-ready/compare_/compile_repair_output/work/6365a984e536/nifi-nar-bundles/nifi-extension-utils/nifi-database-test-utils/target/nifi-database-test-utils-1.15.0-SNAPSHOT.jar to /home/srafi/.m2/repository/org/apache/nifi/nifi-database-test-utils/1.15.0-SNAPSHOT/nifi-database-test-utils-1.15.0-SNAPSHOT.jar
[INFO] Installing /home/srafi/after-cam-ready/compare_/compile_repair_output/work/6365a984e536/nifi-nar-bundles/nifi-extension-utils/nifi-database-test-utils/pom.xml to /home/srafi/.m2/repository/org/apache/nifi/nifi-database-test-utils/1.15.0-SNAPSHOT/nifi-database-test-utils-1.15.0-SNAPSHOT.pom
[INFO] 
[INFO] --------------< org.apache.nifi:nifi-standard-processors >--------------
[INFO] Building nifi-standard-processors 1.15.0-SNAPSHOT                [74/74]
[INFO] --------------------------------[ jar ]---------------------------------
[INFO] Downloading from central: https://repo1.maven.org/maven2/org/apache/ftpserver/ftpserver-core/1.1.1/ftpserver-core-1.1.1.pom
[INFO] Downloaded from central: https://repo1.maven.org/maven2/org/apache/ftpserver/ftpserver-core/1.1.1/ftpserver-core-1.1.1.pom (8.0 kB at 163 kB/s)
[INFO] Downloading from central: https://repo1.maven.org/maven2/org/apache/ftpserver/ftpserver-parent/1.1.1/ftpserver-parent-1.1.1.pom
[INFO] Downloaded from central: https://repo1.maven.org/maven2/org/apache/ftpserver/ftpserver-parent/1.1.1/ftpserver-parent-1.1.1.pom (16 kB at 320 kB/s)
[INFO] Downloading from central: https://repo1.maven.org/maven2/org/apache/ftpserver/ftplet-api/1.1.1/ftplet-api-1.1.1.pom
[INFO] Downloaded from central: https://repo1.maven.org/maven2/org/apache/ftpserver/ftplet-api/1.1.1/ftplet-api-1.1.1.pom (3.3 kB at 54 kB/s)
[INFO] Downloading from central: https://repo1.maven.org/maven2/org/bouncycastle/bcpg-jdk15on/1.69/bcpg-jdk15on-1.69.pom
[INFO] Downloaded from central: https://repo1.maven.org/maven2/org/bouncycastle/bcpg-jdk15on/1.69/bcpg-jdk15on-1.69.pom (1.6 kB at 25 kB/s)
[INFO] Downloading from central: https://repo1.maven.org/maven2/com/hierynomus/sshj/0.32.0/sshj-0.32.0.pom
[INFO] Downloaded from central: https://repo1.maven.org/maven2/com/hierynomus/sshj/0.32.0/sshj-0.32.0.pom (3.2 kB at 53 kB/s)
[INFO] Downloading from central: https://repo1.maven.org/maven2/com/hierynomus/asn-one/0.6.0/asn-one-0.6.0.pom
[INFO] Downloaded from central: https://repo1.maven.org/maven2/com/hierynomus/asn-one/0.6.0/asn-one-0.6.0.pom (1.8 kB at 40 kB/s)
[INFO] Downloading from central: https://repo1.maven.org/maven2/jakarta/activation/jakarta.activation-api/2.0.1/jakarta.activation-api-2.0.1.pom
[INFO] Downloaded from central: https://repo1.maven.org/maven2/jakarta/activation/jakarta.activation-api/2.0.1/jakarta.activation-api-2.0.1.pom (6.8 kB at 136 kB/s)
[INFO] Downloading from central: https://repo1.maven.org/maven2/com/sun/activation/all/2.0.1/all-2.0.1.pom
[INFO] Downloaded from central: https://repo1.maven.org/maven2/com/sun/activation/all/2.0.1/all-2.0.1.pom (23 kB at 415 kB/s)
[INFO] Downloading from central: https://repo1.maven.org/maven2/com/sun/activation/jakarta.activation/2.0.1/jakarta.activation-2.0.1.pom
[INFO] Downloaded from central: https://repo1.maven.org/maven2/com/sun/activation/jakarta.activation/2.0.1/jakarta.activation-2.0.1.pom (2.0 kB at 38 kB/s)
[INFO] Downloading from central: https://repo1.maven.org/maven2/jakarta/mail/jakarta.mail-api/2.0.1/jakarta.mail-api-2.0.1.pom
[INFO] Downloaded from central: https://repo1.maven.org/maven2/jakarta/mail/jakarta.mail-api/2.0.1/jakarta.mail-api-2.0.1.pom (6.4 kB at 129 kB/s)
[INFO] Downloading from central: https://repo1.maven.org/maven2/com/sun/mail/all/2.0.1/all-2.0.1.pom
[INFO] Downloaded from central: https://repo1.maven.org/maven2/com/sun/mail/all/2.0.1/all-2.0.1.pom (24 kB at 473 kB/s)
[INFO] Downloading from central: https://repo1.maven.org/maven2/com/sun/mail/jakarta.mail/2.0.1/jakarta.mail-2.0.1.pom
[INFO] Downloaded from central: https://repo1.maven.org/maven2/com/sun/mail/jakarta.mail/2.0.1/jakarta.mail-2.0.1.pom (5.7 kB at 110 kB/s)
[INFO] Downloading from central: https://repo1.maven.org/maven2/com/github/jponge/lzma-java/1.3/lzma-java-1.3.pom
[INFO] Downloaded from central: https://repo1.maven.org/maven2/com/github/jponge/lzma-java/1.3/lzma-java-1.3.pom (5.3 kB at 100 kB/s)
[INFO] Downloading from central: https://repo1.maven.org/maven2/net/sf/saxon/Saxon-HE/9.6.0-5/Saxon-HE-9.6.0-5.pom
[INFO] Downloaded from central: https://repo1.maven.org/maven2/net/sf/saxon/Saxon-HE/9.6.0-5/Saxon-HE-9.6.0-5.pom (3.4 kB at 60 kB/s)
[INFO] Downloading from central: https://repo1.maven.org/maven2/org/apache/activemq/activemq-client/5.15.15/activemq-client-5.15.15.pom
[INFO] Downloaded from central: https://repo1.maven.org/maven2/org/apache/activemq/activemq-client/5.15.15/activemq-client-5.15.15.pom (14 kB at 273 kB/s)
[INFO] Downloading from central: https://repo1.maven.org/maven2/org/apache/activemq/activemq-parent/5.15.15/activemq-parent-5.15.15.pom
[INFO] Downloaded from central: https://repo1.maven.org/maven2/org/apache/activemq/activemq-parent/5.15.15/activemq-parent-5.15.15.pom (62 kB at 1.2 MB/s)
[INFO] Downloading from central: https://repo1.maven.org/maven2/com/google/http-client/google-http-client/1.28.0/google-http-client-1.28.0.pom
[INFO] Downloaded from central: https://repo1.maven.org/maven2/com/google/http-client/google-http-client/1.28.0/google-http-client-1.28.0.pom (4.0 kB at 93 kB/s)
[INFO] Downloading from central: https://repo1.maven.org/maven2/com/google/http-client/google-http-client-parent/1.28.0/google-http-client-parent-1.28.0.pom
[INFO] Downloaded from central: https://repo1.maven.org/maven2/com/google/http-client/google-http-client-parent/1.28.0/google-http-client-parent-1.28.0.pom (24 kB at 509 kB/s)
[INFO] Downloading from central: https://repo1.maven.org/maven2/io/opencensus/opencensus-contrib-http-util/0.18.0/opencensus-contrib-http-util-0.18.0.pom
[INFO] Downloaded from central: https://repo1.maven.org/maven2/io/opencensus/opencensus-contrib-http-util/0.18.0/opencensus-contrib-http-util-0.18.0.pom (2.4 kB at 56 kB/s)
[INFO] Downloading from central: https://repo1.maven.org/maven2/org/apache/activemq/activemq-broker/5.15.14/activemq-broker-5.15.14.pom
[INFO] Downloaded from central: https://repo1.maven.org/maven2/org/apache/activemq/activemq-broker/5.15.14/activemq-broker-5.15.14.pom (9.6 kB at 214 kB/s)
[INFO] Downloading from central: https://repo1.maven.org/maven2/org/apache/activemq/activemq-parent/5.15.14/activemq-parent-5.15.14.pom
[INFO] Downloaded from central: https://repo1.maven.org/maven2/org/apache/activemq/activemq-parent/5.15.14/activemq-parent-5.15.14.pom (63 kB at 1.3 MB/s)
[INFO] Downloading from central: https://repo1.maven.org/maven2/org/apache/activemq/activemq-openwire-legacy/5.15.14/activemq-openwire-legacy-5.15.14.pom
[INFO] Downloaded from central: https://repo1.maven.org/maven2/org/apache/activemq/activemq-openwire-legacy/5.15.14/activemq-openwire-legacy-5.15.14.pom (1.6 kB at 31 kB/s)
[INFO] Downloading from central: https://repo1.maven.org/maven2/net/lingala/zip4j/zip4j/2.8.0/zip4j-2.8.0.pom
[INFO] Downloaded from central: https://repo1.maven.org/maven2/net/lingala/zip4j/zip4j/2.8.0/zip4j-2.8.0.pom (6.8 kB at 131 kB/s)
[INFO] Downloading from central: https://repo1.maven.org/maven2/org/mockftpserver/MockFtpServer/2.7.1/MockFtpServer-2.7.1.pom
[INFO] Downloaded from central: https://repo1.maven.org/maven2/org/mockftpserver/MockFtpServer/2.7.1/MockFtpServer-2.7.1.pom (12 kB at 224 kB/s)
[INFO] Downloading from central: https://repo1.maven.org/maven2/net/sf/supercsv/super-csv/2.4.0/super-csv-2.4.0.pom
[INFO] Downloaded from central: https://repo1.maven.org/maven2/net/sf/supercsv/super-csv/2.4.0/super-csv-2.4.0.pom (2.6 kB at 53 kB/s)
[INFO] Downloading from central: https://repo1.maven.org/maven2/net/sf/supercsv/super-csv-parent/2.4.0/super-csv-parent-2.4.0.pom
[INFO] Downloaded from central: https://repo1.maven.org/maven2/net/sf/supercsv/super-csv-parent/2.4.0/super-csv-parent-2.4.0.pom (16 kB at 331 kB/s)
[INFO] Downloading from central: https://repo1.maven.org/maven2/com/fluenda/parcefone/2.0.0/parcefone-2.0.0.pom
[INFO] Downloaded from central: https://repo1.maven.org/maven2/com/fluenda/parcefone/2.0.0/parcefone-2.0.0.pom (11 kB at 247 kB/s)
[INFO] Downloading from central: https://repo1.maven.org/maven2/com/github/wnameless/json/json-flattener/0.12.0/json-flattener-0.12.0.pom
[INFO] Downloaded from central: https://repo1.maven.org/maven2/com/github/wnameless/json/json-flattener/0.12.0/json-flattener-0.12.0.pom (6.0 kB at 46 kB/s)
[INFO] Downloading from central: https://repo1.maven.org/maven2/com/github/wnameless/json/json-base/2.0.0/json-base-2.0.0.pom
[INFO] Downloaded from central: https://repo1.maven.org/maven2/com/github/wnameless/json/json-base/2.0.0/json-base-2.0.0.pom (6.5 kB at 121 kB/s)
[INFO] Downloading from central: https://repo1.maven.org/maven2/org/apache/bval/bval-jsr/1.1.2/bval-jsr-1.1.2.pom
[INFO] Downloaded from central: https://repo1.maven.org/maven2/org/apache/bval/bval-jsr/1.1.2/bval-jsr-1.1.2.pom (12 kB at 272 kB/s)
[INFO] Downloading from central: https://repo1.maven.org/maven2/org/apache/bval/bval-parent/1.1.2/bval-parent-1.1.2.pom
[INFO] Downloaded from central: https://repo1.maven.org/maven2/org/apache/bval/bval-parent/1.1.2/bval-parent-1.1.2.pom (28 kB at 411 kB/s)
[INFO] Downloading from central: https://repo1.maven.org/maven2/org/apache/bval/bval-core/1.1.2/bval-core-1.1.2.pom
[INFO] Downloaded from central: https://repo1.maven.org/maven2/org/apache/bval/bval-core/1.1.2/bval-core-1.1.2.pom (7.0 kB at 131 kB/s)
[INFO] Downloading from central: https://repo1.maven.org/maven2/org/apache/calcite/calcite-core/1.27.0/calcite-core-1.27.0.pom
[INFO] Downloaded from central: https://repo1.maven.org/maven2/org/apache/calcite/calcite-core/1.27.0/calcite-core-1.27.0.pom (5.5 kB at 109 kB/s)
[INFO] Downloading from central: https://repo1.maven.org/maven2/org/apache/calcite/calcite-linq4j/1.27.0/calcite-linq4j-1.27.0.pom
[INFO] Downloaded from central: https://repo1.maven.org/maven2/org/apache/calcite/calcite-linq4j/1.27.0/calcite-linq4j-1.27.0.pom (2.3 kB at 48 kB/s)
[INFO] Downloading from central: https://repo1.maven.org/maven2/org/apache/calcite/avatica/avatica-core/1.18.0/avatica-core-1.18.0.pom
[INFO] Downloaded from central: https://repo1.maven.org/maven2/org/apache/calcite/avatica/avatica-core/1.18.0/avatica-core-1.18.0.pom (3.1 kB at 70 kB/s)
[INFO] Downloading from central: https://repo1.maven.org/maven2/org/apache/calcite/avatica/avatica-metrics/1.18.0/avatica-metrics-1.18.0.pom
[INFO] Downloaded from central: https://repo1.maven.org/maven2/org/apache/calcite/avatica/avatica-metrics/1.18.0/avatica-metrics-1.18.0.pom (1.9 kB at 43 kB/s)
[INFO] Downloading from central: https://repo1.maven.org/maven2/com/github/stefanbirkner/fake-sftp-server-rule/2.0.1/fake-sftp-server-rule-2.0.1.pom
[INFO] Downloaded from central: https://repo1.maven.org/maven2/com/github/stefanbirkner/fake-sftp-server-rule/2.0.1/fake-sftp-server-rule-2.0.1.pom (2.4 kB at 47 kB/s)
[INFO] Downloading from central: https://repo1.maven.org/maven2/com/github/marschall/memoryfilesystem/maven-metadata.xml
[INFO] Downloading from Shibboleth: https://build.shibboleth.net/nexus/content/repositories/releases/com/github/marschall/memoryfilesystem/maven-metadata.xml
[INFO] Downloading from jcenter: https://jcenter.bintray.com/com/github/marschall/memoryfilesystem/maven-metadata.xml
[INFO] Downloading from apache-repo: https://repository.apache.org/content/repositories/releases/com/github/marschall/memoryfilesystem/maven-metadata.xml
[INFO] Downloading from apache.snapshots: https://repository.apache.org/snapshots/com/github/marschall/memoryfilesystem/maven-metadata.xml
[INFO] Downloaded from central: https://repo1.maven.org/maven2/com/github/marschall/memoryfilesystem/maven-metadata.xml (2.0 kB at 11 kB/s)
[INFO] Downloaded from jcenter: https://jcenter.bintray.com/com/github/marschall/memoryfilesystem/maven-metadata.xml (2.0 kB at 10 kB/s)
[INFO] Downloading from central: https://repo1.maven.org/maven2/com/github/marschall/memoryfilesystem/0.8.0/memoryfilesystem-0.8.0.pom
[INFO] Downloaded from central: https://repo1.maven.org/maven2/com/github/marschall/memoryfilesystem/0.8.0/memoryfilesystem-0.8.0.pom (12 kB at 315 kB/s)
[INFO] Downloading from central: https://repo1.maven.org/maven2/com/github/marschall/memoryfilesystem/0.9.0/memoryfilesystem-0.9.0.pom
[INFO] Downloaded from central: https://repo1.maven.org/maven2/com/github/marschall/memoryfilesystem/0.9.0/memoryfilesystem-0.9.0.pom (14 kB at 332 kB/s)
[INFO] Downloading from central: https://repo1.maven.org/maven2/com/github/marschall/memoryfilesystem/0.9.1/memoryfilesystem-0.9.1.pom
[INFO] Downloaded from central: https://repo1.maven.org/maven2/com/github/marschall/memoryfilesystem/0.9.1/memoryfilesystem-0.9.1.pom (11 kB at 330 kB/s)
[INFO] Downloading from central: https://repo1.maven.org/maven2/com/github/marschall/memoryfilesystem/0.9.2/memoryfilesystem-0.9.2.pom
[INFO] Downloaded from central: https://repo1.maven.org/maven2/com/github/marschall/memoryfilesystem/0.9.2/memoryfilesystem-0.9.2.pom (14 kB at 437 kB/s)
[INFO] Downloading from central: https://repo1.maven.org/maven2/com/github/marschall/memoryfilesystem/0.9.3/memoryfilesystem-0.9.3.pom
[INFO] Downloaded from central: https://repo1.maven.org/maven2/com/github/marschall/memoryfilesystem/0.9.3/memoryfilesystem-0.9.3.pom (14 kB at 387 kB/s)
[INFO] Downloading from central: https://repo1.maven.org/maven2/com/github/marschall/memoryfilesystem/1.0.0/memoryfilesystem-1.0.0.pom
[INFO] Downloaded from central: https://repo1.maven.org/maven2/com/github/marschall/memoryfilesystem/1.0.0/memoryfilesystem-1.0.0.pom (14 kB at 313 kB/s)
[INFO] Downloading from central: https://repo1.maven.org/maven2/com/github/marschall/memoryfilesystem/1.0.1/memoryfilesystem-1.0.1.pom
[INFO] Downloaded from central: https://repo1.maven.org/maven2/com/github/marschall/memoryfilesystem/1.0.1/memoryfilesystem-1.0.1.pom (15 kB at 334 kB/s)
[INFO] Downloading from central: https://repo1.maven.org/maven2/com/github/marschall/memoryfilesystem/1.1.0/memoryfilesystem-1.1.0.pom
[INFO] Downloaded from central: https://repo1.maven.org/maven2/com/github/marschall/memoryfilesystem/1.1.0/memoryfilesystem-1.1.0.pom (14 kB at 113 kB/s)
[INFO] Downloading from central: https://repo1.maven.org/maven2/com/github/marschall/memoryfilesystem/1.2.0/memoryfilesystem-1.2.0.pom
[INFO] Downloaded from central: https://repo1.maven.org/maven2/com/github/marschall/memoryfilesystem/1.2.0/memoryfilesystem-1.2.0.pom (15 kB at 387 kB/s)
[INFO] Downloading from central: https://repo1.maven.org/maven2/com/github/marschall/memoryfilesystem/1.2.1/memoryfilesystem-1.2.1.pom
[INFO] Downloaded from central: https://repo1.maven.org/maven2/com/github/marschall/memoryfilesystem/1.2.1/memoryfilesystem-1.2.1.pom (15 kB at 124 kB/s)
[INFO] Downloading from central: https://repo1.maven.org/maven2/com/github/marschall/memoryfilesystem/1.2.2/memoryfilesystem-1.2.2.pom
[INFO] Downloaded from central: https://repo1.maven.org/maven2/com/github/marschall/memoryfilesystem/1.2.2/memoryfilesystem-1.2.2.pom (15 kB at 123 kB/s)
[INFO] Downloading from central: https://repo1.maven.org/maven2/com/github/marschall/memoryfilesystem/1.3.0/memoryfilesystem-1.3.0.pom
[INFO] Downloaded from central: https://repo1.maven.org/maven2/com/github/marschall/memoryfilesystem/1.3.0/memoryfilesystem-1.3.0.pom (16 kB at 470 kB/s)
[INFO] Downloading from central: https://repo1.maven.org/maven2/com/github/marschall/memoryfilesystem/2.0.0/memoryfilesystem-2.0.0.pom
[INFO] Downloaded from central: https://repo1.maven.org/maven2/com/github/marschall/memoryfilesystem/2.0.0/memoryfilesystem-2.0.0.pom (16 kB at 509 kB/s)
[INFO] Downloading from central: https://repo1.maven.org/maven2/com/github/marschall/memoryfilesystem/2.0.1/memoryfilesystem-2.0.1.pom
[INFO] Downloaded from central: https://repo1.maven.org/maven2/com/github/marschall/memoryfilesystem/2.0.1/memoryfilesystem-2.0.1.pom (16 kB at 479 kB/s)
[INFO] Downloading from central: https://repo1.maven.org/maven2/com/github/marschall/memoryfilesystem/2.1.0/memoryfilesystem-2.1.0.pom
[INFO] Downloaded from central: https://repo1.maven.org/maven2/com/github/marschall/memoryfilesystem/2.1.0/memoryfilesystem-2.1.0.pom (17 kB at 403 kB/s)
[INFO] Downloading from central: https://repo1.maven.org/maven2/com/github/marschall/memoryfilesystem/2.2.0/memoryfilesystem-2.2.0.pom
[INFO] Downloaded from central: https://repo1.maven.org/maven2/com/github/marschall/memoryfilesystem/2.2.0/memoryfilesystem-2.2.0.pom (17 kB at 456 kB/s)
[INFO] Downloading from central: https://repo1.maven.org/maven2/org/springframework/spring-framework-bom/5.3.8/spring-framework-bom-5.3.8.pom
[INFO] Downloaded from central: https://repo1.maven.org/maven2/org/springframework/spring-framework-bom/5.3.8/spring-framework-bom-5.3.8.pom (5.6 kB at 188 kB/s)
[INFO] Downloading from central: https://repo1.maven.org/maven2/com/github/marschall/memoryfilesystem/2.3.0/memoryfilesystem-2.3.0.pom
[INFO] Downloaded from central: https://repo1.maven.org/maven2/com/github/marschall/memoryfilesystem/2.3.0/memoryfilesystem-2.3.0.pom (1.6 kB at 46 kB/s)
[INFO] Downloading from central: https://repo1.maven.org/maven2/com/github/marschall/memoryfilesystem/2.4.0/memoryfilesystem-2.4.0.pom
[INFO] Downloaded from central: https://repo1.maven.org/maven2/com/github/marschall/memoryfilesystem/2.4.0/memoryfilesystem-2.4.0.pom (1.6 kB at 51 kB/s)
[INFO] Downloading from central: https://repo1.maven.org/maven2/com/github/marschall/memoryfilesystem/2.5.0/memoryfilesystem-2.5.0.pom
[INFO] Downloaded from central: https://repo1.maven.org/maven2/com/github/marschall/memoryfilesystem/2.5.0/memoryfilesystem-2.5.0.pom (1.8 kB at 49 kB/s)
[INFO] Downloading from central: https://repo1.maven.org/maven2/com/github/marschall/memoryfilesystem/2.5.1/memoryfilesystem-2.5.1.pom
[INFO] Downloaded from central: https://repo1.maven.org/maven2/com/github/marschall/memoryfilesystem/2.5.1/memoryfilesystem-2.5.1.pom (1.8 kB at 55 kB/s)
[INFO] Downloading from central: https://repo1.maven.org/maven2/com/github/marschall/memoryfilesystem/2.6.0/memoryfilesystem-2.6.0.pom
[INFO] Downloaded from central: https://repo1.maven.org/maven2/com/github/marschall/memoryfilesystem/2.6.0/memoryfilesystem-2.6.0.pom (1.8 kB at 29 kB/s)
[INFO] Downloading from central: https://repo1.maven.org/maven2/com/github/marschall/memoryfilesystem/2.6.1/memoryfilesystem-2.6.1.pom
[INFO] Downloaded from central: https://repo1.maven.org/maven2/com/github/marschall/memoryfilesystem/2.6.1/memoryfilesystem-2.6.1.pom (1.8 kB at 60 kB/s)
[INFO] Downloading from central: https://repo1.maven.org/maven2/com/github/marschall/memoryfilesystem/2.7.0/memoryfilesystem-2.7.0.pom
[INFO] Downloaded from central: https://repo1.maven.org/maven2/com/github/marschall/memoryfilesystem/2.7.0/memoryfilesystem-2.7.0.pom (1.8 kB at 50 kB/s)
[INFO] Downloading from central: https://repo1.maven.org/maven2/com/github/marschall/memoryfilesystem/2.8.0/memoryfilesystem-2.8.0.pom
[INFO] Downloaded from central: https://repo1.maven.org/maven2/com/github/marschall/memoryfilesystem/2.8.0/memoryfilesystem-2.8.0.pom (1.8 kB at 50 kB/s)
[INFO] Downloading from central: https://repo1.maven.org/maven2/com/github/marschall/memoryfilesystem/2.8.1/memoryfilesystem-2.8.1.pom
[INFO] Downloaded from central: https://repo1.maven.org/maven2/com/github/marschall/memoryfilesystem/2.8.1/memoryfilesystem-2.8.1.pom (1.8 kB at 47 kB/s)
[INFO] Downloading from central: https://repo1.maven.org/maven2/com/github/marschall/memoryfilesystem/2.8.2/memoryfilesystem-2.8.2.pom
[INFO] Downloaded from central: https://repo1.maven.org/maven2/com/github/marschall/memoryfilesystem/2.8.2/memoryfilesystem-2.8.2.pom (2.1 kB at 57 kB/s)
[INFO] Downloading from central: https://repo1.maven.org/maven2/org/apache/sshd/sshd-core/maven-metadata.xml
[INFO] Downloading from apache-repo: https://repository.apache.org/content/repositories/releases/org/apache/sshd/sshd-core/maven-metadata.xml
[INFO] Downloading from Shibboleth: https://build.shibboleth.net/nexus/content/repositories/releases/org/apache/sshd/sshd-core/maven-metadata.xml
[INFO] Downloading from jcenter: https://jcenter.bintray.com/org/apache/sshd/sshd-core/maven-metadata.xml
[INFO] Downloading from apache.snapshots: https://repository.apache.org/snapshots/org/apache/sshd/sshd-core/maven-metadata.xml
[INFO] Downloaded from central: https://repo1.maven.org/maven2/org/apache/sshd/sshd-core/maven-metadata.xml (2.0 kB at 12 kB/s)
[INFO] Downloaded from jcenter: https://jcenter.bintray.com/org/apache/sshd/sshd-core/maven-metadata.xml (2.0 kB at 12 kB/s)
[INFO] Downloaded from apache-repo: https://repository.apache.org/content/repositories/releases/org/apache/sshd/sshd-core/maven-metadata.xml (2.0 kB at 4.3 kB/s)
[INFO] Downloaded from apache.snapshots: https://repository.apache.org/snapshots/org/apache/sshd/sshd-core/maven-metadata.xml (725 B at 1.6 kB/s)
[INFO] Downloading from central: https://repo1.maven.org/maven2/org/apache/sshd/sshd-core/1.0.0/sshd-core-1.0.0.pom
[INFO] Downloaded from central: https://repo1.maven.org/maven2/org/apache/sshd/sshd-core/1.0.0/sshd-core-1.0.0.pom (7.0 kB at 153 kB/s)
[INFO] Downloading from central: https://repo1.maven.org/maven2/org/apache/sshd/sshd/1.0.0/sshd-1.0.0.pom
[INFO] Downloaded from central: https://repo1.maven.org/maven2/org/apache/sshd/sshd/1.0.0/sshd-1.0.0.pom (48 kB at 1.1 MB/s)
[INFO] Downloading from central: https://repo1.maven.org/maven2/org/apache/sshd/sshd-core/1.1.0/sshd-core-1.1.0.pom
[INFO] Downloaded from central: https://repo1.maven.org/maven2/org/apache/sshd/sshd-core/1.1.0/sshd-core-1.1.0.pom (8.4 kB at 192 kB/s)
[INFO] Downloading from central: https://repo1.maven.org/maven2/org/apache/sshd/sshd/1.1.0/sshd-1.1.0.pom
[INFO] Downloaded from central: https://repo1.maven.org/maven2/org/apache/sshd/sshd/1.1.0/sshd-1.1.0.pom (43 kB at 899 kB/s)
[INFO] Downloading from central: https://repo1.maven.org/maven2/org/apache/sshd/sshd-core/1.1.1/sshd-core-1.1.1.pom
[INFO] Downloaded from central: https://repo1.maven.org/maven2/org/apache/sshd/sshd-core/1.1.1/sshd-core-1.1.1.pom (8.4 kB at 196 kB/s)
[INFO] Downloading from central: https://repo1.maven.org/maven2/org/apache/sshd/sshd/1.1.1/sshd-1.1.1.pom
[INFO] Downloaded from central: https://repo1.maven.org/maven2/org/apache/sshd/sshd/1.1.1/sshd-1.1.1.pom (43 kB at 899 kB/s)
[INFO] Downloading from central: https://repo1.maven.org/maven2/org/apache/sshd/sshd-core/1.2.0/sshd-core-1.2.0.pom
[INFO] Downloaded from central: https://repo1.maven.org/maven2/org/apache/sshd/sshd-core/1.2.0/sshd-core-1.2.0.pom (8.4 kB at 211 kB/s)
[INFO] Downloading from central: https://repo1.maven.org/maven2/org/apache/sshd/sshd/1.2.0/sshd-1.2.0.pom
[INFO] Downloaded from central: https://repo1.maven.org/maven2/org/apache/sshd/sshd/1.2.0/sshd-1.2.0.pom (51 kB at 1.1 MB/s)
[INFO] Downloading from central: https://repo1.maven.org/maven2/org/apache/sshd/sshd-core/1.3.0/sshd-core-1.3.0.pom
[INFO] Downloaded from central: https://repo1.maven.org/maven2/org/apache/sshd/sshd-core/1.3.0/sshd-core-1.3.0.pom (8.4 kB at 201 kB/s)
[INFO] Downloading from central: https://repo1.maven.org/maven2/org/apache/sshd/sshd/1.3.0/sshd-1.3.0.pom
[INFO] Downloaded from central: https://repo1.maven.org/maven2/org/apache/sshd/sshd/1.3.0/sshd-1.3.0.pom (37 kB at 850 kB/s)
[INFO] Downloading from central: https://repo1.maven.org/maven2/org/apache/sshd/sshd-core/1.4.0/sshd-core-1.4.0.pom
[INFO] Downloaded from central: https://repo1.maven.org/maven2/org/apache/sshd/sshd-core/1.4.0/sshd-core-1.4.0.pom (8.9 kB at 228 kB/s)
[INFO] Downloading from central: https://repo1.maven.org/maven2/org/apache/sshd/sshd/1.4.0/sshd-1.4.0.pom
[INFO] Downloaded from central: https://repo1.maven.org/maven2/org/apache/sshd/sshd/1.4.0/sshd-1.4.0.pom (44 kB at 877 kB/s)
[INFO] Downloading from central: https://repo1.maven.org/maven2/junit/junit-dep/maven-metadata.xml
[INFO] Downloading from apache-repo: https://repository.apache.org/content/repositories/releases/junit/junit-dep/maven-metadata.xml
[INFO] Downloading from Shibboleth: https://build.shibboleth.net/nexus/content/repositories/releases/junit/junit-dep/maven-metadata.xml
[INFO] Downloading from jcenter: https://jcenter.bintray.com/junit/junit-dep/maven-metadata.xml
[INFO] Downloading from apache.snapshots: https://repository.apache.org/snapshots/junit/junit-dep/maven-metadata.xml
[INFO] Downloaded from central: https://repo1.maven.org/maven2/junit/junit-dep/maven-metadata.xml (563 B at 14 kB/s)
[INFO] Downloaded from jcenter: https://jcenter.bintray.com/junit/junit-dep/maven-metadata.xml (563 B at 14 kB/s)
[INFO] Downloading from central: https://repo1.maven.org/maven2/org/codehaus/groovy/groovy-servlet/2.5.14/groovy-servlet-2.5.14.pom
[INFO] Downloaded from central: https://repo1.maven.org/maven2/org/codehaus/groovy/groovy-servlet/2.5.14/groovy-servlet-2.5.14.pom (24 kB at 585 kB/s)
[INFO] Downloading from central: https://repo1.maven.org/maven2/org/codehaus/groovy/groovy-templates/2.5.14/groovy-templates-2.5.14.pom
[INFO] Downloaded from central: https://repo1.maven.org/maven2/org/codehaus/groovy/groovy-templates/2.5.14/groovy-templates-2.5.14.pom (22 kB at 462 kB/s)
[INFO] Downloading from central: https://repo1.maven.org/maven2/org/codehaus/groovy/groovy-xml/2.5.14/groovy-xml-2.5.14.pom
[INFO] Downloaded from central: https://repo1.maven.org/maven2/org/codehaus/groovy/groovy-xml/2.5.14/groovy-xml-2.5.14.pom (22 kB at 628 kB/s)
[INFO] Downloading from central: https://repo1.maven.org/maven2/org/apache/ftpserver/ftpserver-core/1.1.1/ftpserver-core-1.1.1.jar
[INFO] Downloading from central: https://repo1.maven.org/maven2/org/apache/ftpserver/ftplet-api/1.1.1/ftplet-api-1.1.1.jar
[INFO] Downloading from central: https://repo1.maven.org/maven2/org/bouncycastle/bcpg-jdk15on/1.69/bcpg-jdk15on-1.69.jar
[INFO] Downloading from central: https://repo1.maven.org/maven2/com/hierynomus/sshj/0.32.0/sshj-0.32.0.jar
[INFO] Downloading from central: https://repo1.maven.org/maven2/com/hierynomus/asn-one/0.6.0/asn-one-0.6.0.jar
[INFO] Downloaded from central: https://repo1.maven.org/maven2/com/hierynomus/asn-one/0.6.0/asn-one-0.6.0.jar (67 kB at 1.5 MB/s)
[INFO] Downloading from central: https://repo1.maven.org/maven2/jakarta/activation/jakarta.activation-api/2.0.1/jakarta.activation-api-2.0.1.jar
[INFO] Downloaded from central: https://repo1.maven.org/maven2/org/apache/ftpserver/ftplet-api/1.1.1/ftplet-api-1.1.1.jar (23 kB at 461 kB/s)
[INFO] Downloading from central: https://repo1.maven.org/maven2/com/sun/activation/jakarta.activation/2.0.1/jakarta.activation-2.0.1.jar
[INFO] Downloaded from central: https://repo1.maven.org/maven2/org/bouncycastle/bcpg-jdk15on/1.69/bcpg-jdk15on-1.69.jar (341 kB at 7.0 MB/s)
[INFO] Downloading from central: https://repo1.maven.org/maven2/jakarta/mail/jakarta.mail-api/2.0.1/jakarta.mail-api-2.0.1.jar
[INFO] Downloaded from central: https://repo1.maven.org/maven2/com/hierynomus/sshj/0.32.0/sshj-0.32.0.jar (557 kB at 11 MB/s)
[INFO] Downloading from central: https://repo1.maven.org/maven2/com/sun/mail/jakarta.mail/2.0.1/jakarta.mail-2.0.1.jar
[INFO] Downloaded from central: https://repo1.maven.org/maven2/org/apache/ftpserver/ftpserver-core/1.1.1/ftpserver-core-1.1.1.jar (303 kB at 5.7 MB/s)
[INFO] Downloading from central: https://repo1.maven.org/maven2/com/github/jponge/lzma-java/1.3/lzma-java-1.3.jar
[INFO] Downloaded from central: https://repo1.maven.org/maven2/com/sun/activation/jakarta.activation/2.0.1/jakarta.activation-2.0.1.jar (62 kB at 797 kB/s)
[INFO] Downloading from central: https://repo1.maven.org/maven2/net/sf/saxon/Saxon-HE/9.6.0-5/Saxon-HE-9.6.0-5.jar
[INFO] Downloaded from central: https://repo1.maven.org/maven2/jakarta/activation/jakarta.activation-api/2.0.1/jakarta.activation-api-2.0.1.jar (48 kB at 590 kB/s)
[INFO] Downloading from central: https://repo1.maven.org/maven2/org/apache/activemq/activemq-client/5.15.15/activemq-client-5.15.15.jar
[INFO] Downloaded from central: https://repo1.maven.org/maven2/com/sun/mail/jakarta.mail/2.0.1/jakarta.mail-2.0.1.jar (689 kB at 7.9 MB/s)
[INFO] Downloading from central: https://repo1.maven.org/maven2/com/google/http-client/google-http-client/1.28.0/google-http-client-1.28.0.jar
[INFO] Downloaded from central: https://repo1.maven.org/maven2/com/github/jponge/lzma-java/1.3/lzma-java-1.3.jar (51 kB at 537 kB/s)
[INFO] Downloading from central: https://repo1.maven.org/maven2/io/grpc/grpc-context/1.14.0/grpc-context-1.14.0.jar
[INFO] Downloaded from central: https://repo1.maven.org/maven2/jakarta/mail/jakarta.mail-api/2.0.1/jakarta.mail-api-2.0.1.jar (221 kB at 2.3 MB/s)
[INFO] Downloading from central: https://repo1.maven.org/maven2/io/opencensus/opencensus-contrib-http-util/0.18.0/opencensus-contrib-http-util-0.18.0.jar
[INFO] Downloaded from central: https://repo1.maven.org/maven2/com/google/http-client/google-http-client/1.28.0/google-http-client-1.28.0.jar (270 kB at 2.0 MB/s)
[INFO] Downloading from central: https://repo1.maven.org/maven2/org/apache/activemq/activemq-broker/5.15.14/activemq-broker-5.15.14.jar
[INFO] Downloaded from central: https://repo1.maven.org/maven2/io/opencensus/opencensus-contrib-http-util/0.18.0/opencensus-contrib-http-util-0.18.0.jar (19 kB at 129 kB/s)
[INFO] Downloading from central: https://repo1.maven.org/maven2/org/apache/activemq/activemq-openwire-legacy/5.15.14/activemq-openwire-legacy-5.15.14.jar
[INFO] Downloaded from central: https://repo1.maven.org/maven2/io/grpc/grpc-context/1.14.0/grpc-context-1.14.0.jar (29 kB at 193 kB/s)
[INFO] Downloading from central: https://repo1.maven.org/maven2/net/lingala/zip4j/zip4j/2.8.0/zip4j-2.8.0.jar
[INFO] Downloaded from central: https://repo1.maven.org/maven2/org/apache/activemq/activemq-client/5.15.15/activemq-client-5.15.15.jar (1.4 MB at 9.4 MB/s)
[INFO] Downloading from central: https://repo1.maven.org/maven2/org/mockftpserver/MockFtpServer/2.7.1/MockFtpServer-2.7.1.jar
[INFO] Downloaded from central: https://repo1.maven.org/maven2/net/sf/saxon/Saxon-HE/9.6.0-5/Saxon-HE-9.6.0-5.jar (4.2 MB at 25 MB/s)
[INFO] Downloading from central: https://repo1.maven.org/maven2/net/sf/supercsv/super-csv/2.4.0/super-csv-2.4.0.jar
[INFO] Downloaded from central: https://repo1.maven.org/maven2/net/lingala/zip4j/zip4j/2.8.0/zip4j-2.8.0.jar (206 kB at 1.1 MB/s)
[INFO] Downloading from central: https://repo1.maven.org/maven2/com/fluenda/parcefone/2.0.0/parcefone-2.0.0.jar
[INFO] Downloaded from central: https://repo1.maven.org/maven2/org/apache/activemq/activemq-broker/5.15.14/activemq-broker-5.15.14.jar (1.2 MB at 6.5 MB/s)
[INFO] Downloading from central: https://repo1.maven.org/maven2/javax/el/javax.el-api/3.0.0/javax.el-api-3.0.0.jar
[INFO] Downloaded from central: https://repo1.maven.org/maven2/org/mockftpserver/MockFtpServer/2.7.1/MockFtpServer-2.7.1.jar (143 kB at 776 kB/s)
[INFO] Downloading from central: https://repo1.maven.org/maven2/com/github/wnameless/json/json-flattener/0.12.0/json-flattener-0.12.0.jar
[INFO] Downloaded from central: https://repo1.maven.org/maven2/javax/el/javax.el-api/3.0.0/javax.el-api-3.0.0.jar (0 B at 0 B/s)
[INFO] Downloading from central: https://repo1.maven.org/maven2/com/github/wnameless/json/json-base/2.0.0/json-base-2.0.0.jar
[INFO] Downloaded from central: https://repo1.maven.org/maven2/org/apache/activemq/activemq-openwire-legacy/5.15.14/activemq-openwire-legacy-5.15.14.jar (686 kB at 3.4 MB/s)
[INFO] Downloading from central: https://repo1.maven.org/maven2/org/apache/bval/bval-jsr/1.1.2/bval-jsr-1.1.2.jar
[INFO] Downloaded from central: https://repo1.maven.org/maven2/com/github/wnameless/json/json-flattener/0.12.0/json-flattener-0.12.0.jar (31 kB at 141 kB/s)
[INFO] Downloading from central: https://repo1.maven.org/maven2/org/apache/bval/bval-core/1.1.2/bval-core-1.1.2.jar
[INFO] Downloaded from central: https://repo1.maven.org/maven2/net/sf/supercsv/super-csv/2.4.0/super-csv-2.4.0.jar (98 kB at 444 kB/s)
[INFO] Downloading from central: https://repo1.maven.org/maven2/org/apache/calcite/calcite-core/1.27.0/calcite-core-1.27.0.jar
[INFO] Downloaded from central: https://repo1.maven.org/maven2/com/fluenda/parcefone/2.0.0/parcefone-2.0.0.jar (20 kB at 89 kB/s)
[INFO] Downloading from central: https://repo1.maven.org/maven2/org/apache/calcite/calcite-linq4j/1.27.0/calcite-linq4j-1.27.0.jar
[INFO] Downloaded from central: https://repo1.maven.org/maven2/com/github/wnameless/json/json-base/2.0.0/json-base-2.0.0.jar (30 kB at 127 kB/s)
[INFO] Downloading from central: https://repo1.maven.org/maven2/org/apache/calcite/avatica/avatica-core/1.18.0/avatica-core-1.18.0.jar
[INFO] Downloaded from central: https://repo1.maven.org/maven2/org/apache/bval/bval-core/1.1.2/bval-core-1.1.2.jar (102 kB at 397 kB/s)
[INFO] Downloading from central: https://repo1.maven.org/maven2/org/apache/calcite/avatica/avatica-metrics/1.18.0/avatica-metrics-1.18.0.jar
[INFO] Downloaded from central: https://repo1.maven.org/maven2/org/apache/calcite/calcite-linq4j/1.27.0/calcite-linq4j-1.27.0.jar (507 kB at 1.9 MB/s)
[INFO] Downloading from central: https://repo1.maven.org/maven2/com/github/stefanbirkner/fake-sftp-server-rule/2.0.1/fake-sftp-server-rule-2.0.1.jar
[INFO] Downloaded from central: https://repo1.maven.org/maven2/org/apache/bval/bval-jsr/1.1.2/bval-jsr-1.1.2.jar (398 kB at 1.4 MB/s)
[INFO] Downloading from central: https://repo1.maven.org/maven2/com/github/marschall/memoryfilesystem/2.8.2/memoryfilesystem-2.8.2.jar
[INFO] Downloaded from central: https://repo1.maven.org/maven2/org/apache/calcite/avatica/avatica-metrics/1.18.0/avatica-metrics-1.18.0.jar (16 kB at 52 kB/s)
[INFO] Downloading from central: https://repo1.maven.org/maven2/org/codehaus/groovy/groovy-servlet/2.5.14/groovy-servlet-2.5.14.jar
[INFO] Downloaded from central: https://repo1.maven.org/maven2/org/apache/calcite/avatica/avatica-core/1.18.0/avatica-core-1.18.0.jar (1.3 MB at 4.3 MB/s)
[INFO] Downloading from central: https://repo1.maven.org/maven2/org/codehaus/groovy/groovy-templates/2.5.14/groovy-templates-2.5.14.jar
[INFO] Downloaded from central: https://repo1.maven.org/maven2/com/github/stefanbirkner/fake-sftp-server-rule/2.0.1/fake-sftp-server-rule-2.0.1.jar (11 kB at 34 kB/s)
[INFO] Downloading from central: https://repo1.maven.org/maven2/org/codehaus/groovy/groovy-xml/2.5.14/groovy-xml-2.5.14.jar
[INFO] Downloaded from central: https://repo1.maven.org/maven2/org/codehaus/groovy/groovy-servlet/2.5.14/groovy-servlet-2.5.14.jar (27 kB at 82 kB/s)
[INFO] Downloaded from central: https://repo1.maven.org/maven2/com/github/marschall/memoryfilesystem/2.8.2/memoryfilesystem-2.8.2.jar (289 kB at 870 kB/s)
[INFO] Downloaded from central: https://repo1.maven.org/maven2/org/codehaus/groovy/groovy-templates/2.5.14/groovy-templates-2.5.14.jar (101 kB at 300 kB/s)
[INFO] Downloaded from central: https://repo1.maven.org/maven2/org/apache/calcite/calcite-core/1.27.0/calcite-core-1.27.0.jar (6.1 MB at 18 MB/s)
[INFO] Downloaded from central: https://repo1.maven.org/maven2/org/codehaus/groovy/groovy-xml/2.5.14/groovy-xml-2.5.14.jar (223 kB at 621 kB/s)
[INFO] 
[INFO] --- maven-clean-plugin:3.1.0:clean (default-clean) @ nifi-standard-processors ---
[INFO] 
[INFO] --- buildnumber-maven-plugin:1.4:create (default) @ nifi-standard-processors ---
[INFO] 
[INFO] --- maven-remote-resources-plugin:1.7.0:process (process-resource-bundles) @ nifi-standard-processors ---
[INFO] Preparing remote bundle org.apache:apache-jar-resource-bundle:1.4
[INFO] Copying 3 resources from 1 bundle.
[INFO] artifact com.github.marschall:memoryfilesystem: checking for updates from central
[INFO] artifact com.github.marschall:memoryfilesystem: checking for updates from apache-repo
[INFO] artifact com.github.marschall:memoryfilesystem: checking for updates from jcenter
[INFO] artifact com.github.marschall:memoryfilesystem: checking for updates from Shibboleth
[INFO] artifact org.apache.sshd:sshd-core: checking for updates from central
[INFO] artifact org.apache.sshd:sshd-core: checking for updates from apache-repo
[INFO] artifact org.apache.sshd:sshd-core: checking for updates from jcenter
[INFO] artifact org.apache.sshd:sshd-core: checking for updates from Shibboleth
[INFO] artifact junit:junit-dep: checking for updates from central
[INFO] artifact junit:junit-dep: checking for updates from apache-repo
[INFO] artifact junit:junit-dep: checking for updates from jcenter
[INFO] artifact junit:junit-dep: checking for updates from Shibboleth
[INFO] artifact junit:junit: checking for updates from central
[INFO] artifact junit:junit: checking for updates from apache-repo
[INFO] artifact junit:junit: checking for updates from jcenter
[INFO] artifact junit:junit: checking for updates from Shibboleth
[INFO] 
[INFO] --- maven-resources-plugin:3.1.0:resources (default-resources) @ nifi-standard-processors ---
[INFO] Using 'UTF-8' encoding to copy filtered resources.
[INFO] Copying 38 resources
[INFO] Copying 3 resources
[INFO] 
[INFO] --- maven-compiler-plugin:3.8.1:compile (default-compile) @ nifi-standard-processors ---
[INFO] Changes detected - recompiling the module!
[INFO] Compiling 212 source files to /home/srafi/after-cam-ready/compare_/compile_repair_output/work/6365a984e536/nifi-nar-bundles/nifi-standard-bundle/nifi-standard-processors/target/classes
[WARNING] /home/srafi/after-cam-ready/compare_/compile_repair_output/work/6365a984e536/nifi-nar-bundles/nifi-standard-bundle/nifi-standard-processors/src/main/java/org/apache/nifi/processors/standard/ListenTCPRecord.java:[144,12] [deprecation] expressionLanguageSupported(boolean) in Builder has been deprecated
[WARNING] /home/srafi/after-cam-ready/compare_/compile_repair_output/work/6365a984e536/nifi-nar-bundles/nifi-standard-bundle/nifi-standard-processors/src/main/java/org/apache/nifi/processors/standard/ListenTCPRecord.java:[153,12] [deprecation] expressionLanguageSupported(boolean) in Builder has been deprecated
[WARNING] /home/srafi/after-cam-ready/compare_/compile_repair_output/work/6365a984e536/nifi-nar-bundles/nifi-standard-bundle/nifi-standard-processors/src/main/java/org/apache/nifi/processors/standard/ListenTCPRecord.java:[174,12] [deprecation] expressionLanguageSupported(boolean) in Builder has been deprecated
[WARNING] /home/srafi/after-cam-ready/compare_/compile_repair_output/work/6365a984e536/nifi-nar-bundles/nifi-standard-bundle/nifi-standard-processors/src/main/java/org/apache/nifi/queryrecord/FlowFileProjectTableScanRule.java:[38,49] [deprecation] none() in RelOptRule has been deprecated
[WARNING] /home/srafi/after-cam-ready/compare_/compile_repair_output/work/6365a984e536/nifi-nar-bundles/nifi-standard-bundle/nifi-standard-processors/src/main/java/org/apache/nifi/queryrecord/FlowFileProjectTableScanRule.java:[38,16] [deprecation] <R>operand(Class<R>,RelOptRuleOperandChildren) in RelOptRule has been deprecated
  where R is a type-variable:
    R extends RelNode declared in method <R>operand(Class<R>,RelOptRuleOperandChildren)
[WARNING] /home/srafi/after-cam-ready/compare_/compile_repair_output/work/6365a984e536/nifi-nar-bundles/nifi-standard-bundle/nifi-standard-processors/src/main/java/org/apache/nifi/queryrecord/FlowFileProjectTableScanRule.java:[37,12] [deprecation] <R>operand(Class<R>,RelOptRuleOperand,RelOptRuleOperand...) in RelOptRule has been deprecated
  where R is a type-variable:
    R extends RelNode declared in method <R>operand(Class<R>,RelOptRuleOperand,RelOptRuleOperand...)
[WARNING] /home/srafi/after-cam-ready/compare_/compile_repair_output/work/6365a984e536/nifi-nar-bundles/nifi-standard-bundle/nifi-standard-processors/src/main/java/org/apache/nifi/processors/standard/QueryRecord.java:[551,43] [deprecation] configBuilder() in SqlParser has been deprecated
[WARNING] /home/srafi/after-cam-ready/compare_/compile_repair_output/work/6365a984e536/nifi-nar-bundles/nifi-standard-bundle/nifi-standard-processors/src/main/java/org/apache/nifi/queryrecord/FlowFileTableScan.java:[52,8] [deprecation] TableScan(RelOptCluster,RelTraitSet,RelOptTable) in TableScan has been deprecated
[INFO] 
[INFO] --- maven-resources-plugin:3.1.0:testResources (default-testResources) @ nifi-standard-processors ---
[INFO] Using 'UTF-8' encoding to copy filtered resources.
[INFO] Copying 234 resources
[INFO] Copying 3 resources
[INFO] 
[INFO] --- maven-compiler-plugin:3.8.1:testCompile (default-testCompile) @ nifi-standard-processors ---
[INFO] Changes detected - recompiling the module!
[INFO] Compiling 153 source files to /home/srafi/after-cam-ready/compare_/compile_repair_output/work/6365a984e536/nifi-nar-bundles/nifi-standard-bundle/nifi-standard-processors/target/test-classes
[WARNING] /home/srafi/after-cam-ready/compare_/compile_repair_output/work/6365a984e536/nifi-nar-bundles/nifi-standard-bundle/nifi-standard-processors/src/test/java/org/apache/nifi/processors/standard/TestReplaceText.java:[42,58] [deprecation] none() in ExpectedException has been deprecated
[WARNING] /home/srafi/after-cam-ready/compare_/compile_repair_output/work/6365a984e536/nifi-nar-bundles/nifi-standard-bundle/nifi-standard-processors/src/test/java/org/apache/nifi/processors/standard/TestDebugFlow.java:[49,64] [deprecation] none() in ExpectedException has been deprecated
[INFO] 
[INFO] --- maven-compiler-plugin:3.8.1:testCompile (groovy-tests) @ nifi-standard-processors ---
[INFO] Changes detected - recompiling the module!
[INFO] Using Groovy-Eclipse compiler to compile both Java and Groovy files
[INFO] Compiling in a forked process using /home/srafi/.m2/repository/org/codehaus/groovy/groovy-eclipse-batch/2.5.14-01/groovy-eclipse-batch-2.5.14-01.jar
[WARNING] Error output from groovy-eclipse compiler:
----------
1. WARNING in /home/srafi/after-cam-ready/compare_/compile_repair_output/work/6365a984e536/nifi-nar-bundles/nifi-standard-bundle/nifi-standard-processors/src/test/groovy/org/apache/nifi/security/util/crypto/PasswordBasedEncryptorGroovyTest.groovy (at line 256)
	NiFiLegacyCipherProvider legacyCipherProvider = new NiFiLegacyCipherProvider()
	^^^^^^^^^^^^^^^^^^^^^^^^
The type NiFiLegacyCipherProvider is deprecated
----------
1 problem (1 warning)

[INFO] 
[INFO] --- maven-surefire-plugin:3.0.0-M8-SNAPSHOT:test (default-test) @ nifi-standard-processors ---
[INFO] Tests are skipped.
[INFO] 
[INFO] --- maven-jar-plugin:3.2.0:jar (default-jar) @ nifi-standard-processors ---
[INFO] Building jar: /home/srafi/after-cam-ready/compare_/compile_repair_output/work/6365a984e536/nifi-nar-bundles/nifi-standard-bundle/nifi-standard-processors/target/nifi-standard-processors-1.15.0-SNAPSHOT.jar
[INFO] 
[INFO] --- maven-site-plugin:3.7.1:attach-descriptor (attach-descriptor) @ nifi-standard-processors ---
[INFO] Skipping because packaging 'jar' is not pom.
[INFO] 
[INFO] --- maven-jar-plugin:3.2.0:test-jar (default) @ nifi-standard-processors ---
[INFO] Building jar: /home/srafi/after-cam-ready/compare_/compile_repair_output/work/6365a984e536/nifi-nar-bundles/nifi-standard-bundle/nifi-standard-processors/target/nifi-standard-processors-1.15.0-SNAPSHOT-tests.jar
[INFO] 
[INFO] --- maven-install-plugin:2.5.2:install (default-install) @ nifi-standard-processors ---
[INFO] Installing /home/srafi/after-cam-ready/compare_/compile_repair_output/work/6365a984e536/nifi-nar-bundles/nifi-standard-bundle/nifi-standard-processors/target/nifi-standard-processors-1.15.0-SNAPSHOT.jar to /home/srafi/.m2/repository/org/apache/nifi/nifi-standard-processors/1.15.0-SNAPSHOT/nifi-standard-processors-1.15.0-SNAPSHOT.jar
[INFO] Installing /home/srafi/after-cam-ready/compare_/compile_repair_output/work/6365a984e536/nifi-nar-bundles/nifi-standard-bundle/nifi-standard-processors/pom.xml to /home/srafi/.m2/repository/org/apache/nifi/nifi-standard-processors/1.15.0-SNAPSHOT/nifi-standard-processors-1.15.0-SNAPSHOT.pom
[INFO] Installing /home/srafi/after-cam-ready/compare_/compile_repair_output/work/6365a984e536/nifi-nar-bundles/nifi-standard-bundle/nifi-standard-processors/target/nifi-standard-processors-1.15.0-SNAPSHOT-tests.jar to /home/srafi/.m2/repository/org/apache/nifi/nifi-standard-processors/1.15.0-SNAPSHOT/nifi-standard-processors-1.15.0-SNAPSHOT-tests.jar
[INFO] ------------------------------------------------------------------------
[INFO] Reactor Summary for nifi 1.15.0-SNAPSHOT:
[INFO] 
[INFO] nifi ............................................... SUCCESS [  0.653 s]
[INFO] nifi-commons ....................................... SUCCESS [  0.018 s]
[INFO] nifi-api ........................................... SUCCESS [  5.406 s]
[INFO] nifi-utils ......................................... SUCCESS [  2.382 s]
[INFO] nifi-security-utils-api ............................ SUCCESS [  1.327 s]
[INFO] nifi-security-kms .................................. SUCCESS [  0.882 s]
[INFO] nifi-property-utils ................................ SUCCESS [  0.383 s]
[INFO] nifi-properties .................................... SUCCESS [  1.092 s]
[INFO] nifi-security-utils ................................ SUCCESS [  3.366 s]
[INFO] nifi-framework-api ................................. SUCCESS [  1.408 s]
[INFO] nifi-data-provenance-utils ......................... SUCCESS [  0.575 s]
[INFO] nifi-parameter ..................................... SUCCESS [  0.915 s]
[INFO] nifi-uuid5 ......................................... SUCCESS [  0.319 s]
[INFO] nifi-expression-language ........................... SUCCESS [  3.563 s]
[INFO] nifi-flowfile-packager ............................. SUCCESS [  0.817 s]
[INFO] nifi-logging-utils ................................. SUCCESS [  0.327 s]
[INFO] nifi-record ........................................ SUCCESS [  1.605 s]
[INFO] nifi-record-path ................................... SUCCESS [  2.045 s]
[INFO] nifi-security-socket-ssl ........................... SUCCESS [  0.957 s]
[INFO] nifi-registry ...................................... SUCCESS [  0.288 s]
[INFO] nifi-registry-core ................................. SUCCESS [  0.011 s]
[INFO] nifi-registry-revision ............................. SUCCESS [  0.013 s]
[INFO] nifi-registry-revision-entity-model ................ SUCCESS [  0.429 s]
[INFO] nifi-registry-data-model ........................... SUCCESS [  1.000 s]
[INFO] nifi-nar-bundles ................................... SUCCESS [  0.084 s]
[INFO] nifi-framework-bundle .............................. SUCCESS [  0.010 s]
[INFO] nifi-framework ..................................... SUCCESS [  0.009 s]
[INFO] nifi-client-dto .................................... SUCCESS [  1.495 s]
[INFO] nifi-site-to-site-client ........................... SUCCESS [  2.986 s]
[INFO] nifi-socket-utils .................................. SUCCESS [  1.765 s]
[INFO] nifi-server-api .................................... SUCCESS [  0.334 s]
[INFO] nifi-nar-utils ..................................... SUCCESS [  2.086 s]
[INFO] nifi-framework-nar-utils ........................... SUCCESS [  1.018 s]
[INFO] nifi-mock-authorizer ............................... SUCCESS [  0.381 s]
[INFO] nifi-framework-authorization ....................... SUCCESS [  0.915 s]
[INFO] nifi-registry-security-utils ....................... SUCCESS [  1.692 s]
[INFO] nifi-registry-client ............................... SUCCESS [  1.332 s]
[INFO] nifi-framework-core-api ............................ SUCCESS [  1.654 s]
[INFO] nifi-mock .......................................... SUCCESS [  1.710 s]
[INFO] nifi-extension-utils ............................... SUCCESS [  0.008 s]
[INFO] nifi-standard-prioritizers ......................... SUCCESS [  0.895 s]
[INFO] nifi-standard-services ............................. SUCCESS [  0.008 s]
[INFO] nifi-distributed-cache-client-service-api .......... SUCCESS [  0.374 s]
[INFO] nifi-record-serialization-service-api .............. SUCCESS [  0.338 s]
[INFO] nifi-ssl-context-service-api ....................... SUCCESS [  0.294 s]
[INFO] nifi-load-distribution-service-api ................. SUCCESS [  0.271 s]
[INFO] nifi-http-context-map-api .......................... SUCCESS [  0.274 s]
[INFO] nifi-dbcp-service-api .............................. SUCCESS [  0.326 s]
[INFO] nifi-schema-registry-service-api ................... SUCCESS [  0.298 s]
[INFO] nifi-lookup-service-api ............................ SUCCESS [  0.288 s]
[INFO] nifi-proxy-configuration-api ....................... SUCCESS [  0.905 s]
[INFO] nifi-record-sink-api ............................... SUCCESS [  0.298 s]
[INFO] nifi-record-utils .................................. SUCCESS [  0.007 s]
[INFO] nifi-standard-record-utils ......................... SUCCESS [  1.308 s]
[INFO] nifi-avro-record-utils ............................. SUCCESS [  2.128 s]
[INFO] nifi-mock-record-utils ............................. SUCCESS [  1.138 s]
[INFO] nifi-event-transport ............................... SUCCESS [  1.077 s]
[INFO] nifi-processor-utils ............................... SUCCESS [  1.639 s]
[INFO] nifi-syslog-utils .................................. SUCCESS [  1.016 s]
[INFO] nifi-distributed-cache-services-bundle ............. SUCCESS [  0.011 s]
[INFO] nifi-distributed-cache-protocol .................... SUCCESS [  0.364 s]
[INFO] nifi-distributed-cache-client-service .............. SUCCESS [  0.616 s]
[INFO] nifi-ssl-context-bundle ............................ SUCCESS [  0.009 s]
[INFO] nifi-ssl-context-service ........................... SUCCESS [  1.001 s]
[INFO] nifi-record-serialization-services-bundle .......... SUCCESS [  0.008 s]
[INFO] nifi-record-serialization-services ................. SUCCESS [  2.794 s]
[INFO] nifi-database-utils ................................ SUCCESS [  1.579 s]
[INFO] nifi-standard-bundle ............................... SUCCESS [  0.008 s]
[INFO] nifi-standard-web-test-utils ....................... SUCCESS [  0.412 s]
[INFO] nifi-lookup-services-bundle ........................ SUCCESS [  0.007 s]
[INFO] nifi-lookup-services ............................... SUCCESS [  3.082 s]
[INFO] nifi-standard-utils ................................ SUCCESS [  0.982 s]
[INFO] nifi-database-test-utils ........................... SUCCESS [  0.337 s]
[INFO] nifi-standard-processors ........................... SUCCESS [ 15.566 s]
[INFO] ------------------------------------------------------------------------
[INFO] BUILD SUCCESS
[INFO] ------------------------------------------------------------------------
[INFO] Total time:  01:28 min
[INFO] Finished at: 2026-08-15T15:48:43-04:00
[INFO] ------------------------------------------------------------------------
