JAVA_HOME=/usr/lib/jvm/java-8-openjdk-amd64
COMMAND=mvn -B clean install -DskipTests -U -pl nifi-nar-bundles/nifi-azure-bundle/nifi-azure-reporting-task -am -Ddependency-check.skip=true -Dgpg.skip=true -DfailIfNoTests=false -Dskip.installnodenpm=true -Dskip.npm=true -Dskip.yarn=true -Dlicense.skip=true -Dcheckstyle.skip=true -Drat.skip=true -Denforcer.skip=true -Danimal.sniffer.skip=true -Dmaven.javadoc.skip=true -Dfindbugs.skip=true -Dspotbugs.skip=true -Dwarbucks.skip=true -Dmodernizer.skip=true -Dimpsort.skip=true -Dmdep.analyze.skip=true -Dpgpverify.skip=true -Dxml.skip=true -Dcobertura.skip=true

[INFO] Scanning for projects...
[INFO] Downloading from gcs-maven-central-mirror: https://maven-central.storage-download.googleapis.com/repos/central/data/org/apache/nifi/nifi-nar-maven-plugin/1.3.2/nifi-nar-maven-plugin-1.3.2.pom
[INFO] Downloading from central: https://repo.maven.apache.org/maven2/org/apache/nifi/nifi-nar-maven-plugin/1.3.2/nifi-nar-maven-plugin-1.3.2.pom
[INFO] Downloaded from central: https://repo.maven.apache.org/maven2/org/apache/nifi/nifi-nar-maven-plugin/1.3.2/nifi-nar-maven-plugin-1.3.2.pom (22 kB at 89 kB/s)
[INFO] Downloading from gcs-maven-central-mirror: https://maven-central.storage-download.googleapis.com/repos/central/data/org/apache/nifi/nifi-nar-maven-plugin/1.3.2/nifi-nar-maven-plugin-1.3.2.jar
[INFO] Downloading from central: https://repo.maven.apache.org/maven2/org/apache/nifi/nifi-nar-maven-plugin/1.3.2/nifi-nar-maven-plugin-1.3.2.jar
[INFO] Downloaded from central: https://repo.maven.apache.org/maven2/org/apache/nifi/nifi-nar-maven-plugin/1.3.2/nifi-nar-maven-plugin-1.3.2.jar (71 kB at 1.9 MB/s)
[INFO] Downloading from central: https://repo1.maven.org/maven2/com/google/cloud/google-cloud-bom/0.125.0/google-cloud-bom-0.125.0.pom
[INFO] Downloaded from central: https://repo1.maven.org/maven2/com/google/cloud/google-cloud-bom/0.125.0/google-cloud-bom-0.125.0.pom (24 kB at 144 kB/s)
[INFO] Downloading from apache-repo: https://repository.apache.org/content/repositories/releases/com/google/api/gax-bom/1.56.0/gax-bom-1.56.0.pom
[INFO] Downloading from jcenter: https://jcenter.bintray.com/com/google/api/gax-bom/1.56.0/gax-bom-1.56.0.pom
[INFO] Downloaded from jcenter: https://jcenter.bintray.com/com/google/api/gax-bom/1.56.0/gax-bom-1.56.0.pom (2.7 kB at 9.3 kB/s)
[INFO] Downloading from apache-repo: https://repository.apache.org/content/repositories/releases/com/google/auth/google-auth-library-bom/0.20.0/google-auth-library-bom-0.20.0.pom
[INFO] Downloading from jcenter: https://jcenter.bintray.com/com/google/auth/google-auth-library-bom/0.20.0/google-auth-library-bom-0.20.0.pom
[INFO] Downloaded from jcenter: https://jcenter.bintray.com/com/google/auth/google-auth-library-bom/0.20.0/google-auth-library-bom-0.20.0.pom (4.3 kB at 93 kB/s)
[INFO] Downloading from apache-repo: https://repository.apache.org/content/repositories/releases/com/google/cloud/google-cloud-core-bom/1.93.4/google-cloud-core-bom-1.93.4.pom
[INFO] Downloading from jcenter: https://jcenter.bintray.com/com/google/cloud/google-cloud-core-bom/1.93.4/google-cloud-core-bom-1.93.4.pom
[INFO] Downloaded from jcenter: https://jcenter.bintray.com/com/google/cloud/google-cloud-core-bom/1.93.4/google-cloud-core-bom-1.93.4.pom (3.0 kB at 62 kB/s)
[INFO] Downloading from apache-repo: https://repository.apache.org/content/repositories/releases/com/google/cloud/google-cloud-shared-config/0.4.0/google-cloud-shared-config-0.4.0.pom
[INFO] Downloading from jcenter: https://jcenter.bintray.com/com/google/cloud/google-cloud-shared-config/0.4.0/google-cloud-shared-config-0.4.0.pom
[INFO] Downloaded from jcenter: https://jcenter.bintray.com/com/google/cloud/google-cloud-shared-config/0.4.0/google-cloud-shared-config-0.4.0.pom (19 kB at 393 kB/s)
[INFO] Downloading from apache-repo: https://repository.apache.org/content/repositories/releases/com/google/cloud/google-cloud-accessapproval-bom/0.1.2/google-cloud-accessapproval-bom-0.1.2.pom
[INFO] Downloading from jcenter: https://jcenter.bintray.com/com/google/cloud/google-cloud-accessapproval-bom/0.1.2/google-cloud-accessapproval-bom-0.1.2.pom
[INFO] Downloaded from jcenter: https://jcenter.bintray.com/com/google/cloud/google-cloud-accessapproval-bom/0.1.2/google-cloud-accessapproval-bom-0.1.2.pom (3.1 kB at 71 kB/s)
[INFO] Downloading from apache-repo: https://repository.apache.org/content/repositories/releases/com/google/cloud/google-cloud-shared-config/0.5.0/google-cloud-shared-config-0.5.0.pom
[INFO] Downloading from jcenter: https://jcenter.bintray.com/com/google/cloud/google-cloud-shared-config/0.5.0/google-cloud-shared-config-0.5.0.pom
[INFO] Downloaded from jcenter: https://jcenter.bintray.com/com/google/cloud/google-cloud-shared-config/0.5.0/google-cloud-shared-config-0.5.0.pom (26 kB at 590 kB/s)
[INFO] Downloading from apache-repo: https://repository.apache.org/content/repositories/releases/com/google/cloud/google-cloud-asset-bom/1.2.0/google-cloud-asset-bom-1.2.0.pom
[INFO] Downloading from jcenter: https://jcenter.bintray.com/com/google/cloud/google-cloud-asset-bom/1.2.0/google-cloud-asset-bom-1.2.0.pom
[INFO] Downloaded from jcenter: https://jcenter.bintray.com/com/google/cloud/google-cloud-asset-bom/1.2.0/google-cloud-asset-bom-1.2.0.pom (5.1 kB at 137 kB/s)
[INFO] Downloading from apache-repo: https://repository.apache.org/content/repositories/releases/com/google/cloud/google-cloud-automl-bom/1.1.2/google-cloud-automl-bom-1.1.2.pom
[INFO] Downloading from jcenter: https://jcenter.bintray.com/com/google/cloud/google-cloud-automl-bom/1.1.2/google-cloud-automl-bom-1.1.2.pom
[INFO] Downloaded from jcenter: https://jcenter.bintray.com/com/google/cloud/google-cloud-automl-bom/1.1.2/google-cloud-automl-bom-1.1.2.pom (3.5 kB at 84 kB/s)
[INFO] Downloading from apache-repo: https://repository.apache.org/content/repositories/releases/com/google/cloud/google-cloud-bigquerydatatransfer-bom/0.127.0-beta/google-cloud-bigquerydatatransfer-bom-0.127.0-beta.pom
[INFO] Downloading from jcenter: https://jcenter.bintray.com/com/google/cloud/google-cloud-bigquerydatatransfer-bom/0.127.0-beta/google-cloud-bigquerydatatransfer-bom-0.127.0-beta.pom
[INFO] Downloaded from jcenter: https://jcenter.bintray.com/com/google/cloud/google-cloud-bigquerydatatransfer-bom/0.127.0-beta/google-cloud-bigquerydatatransfer-bom-0.127.0-beta.pom (3.2 kB at 81 kB/s)
[INFO] Downloading from apache-repo: https://repository.apache.org/content/repositories/releases/com/google/cloud/google-cloud-bigquerystorage-bom/0.130.0-beta/google-cloud-bigquerystorage-bom-0.130.0-beta.pom
[INFO] Downloading from jcenter: https://jcenter.bintray.com/com/google/cloud/google-cloud-bigquerystorage-bom/0.130.0-beta/google-cloud-bigquerystorage-bom-0.130.0-beta.pom
[INFO] Downloaded from jcenter: https://jcenter.bintray.com/com/google/cloud/google-cloud-bigquerystorage-bom/0.130.0-beta/google-cloud-bigquerystorage-bom-0.130.0-beta.pom (4.8 kB at 137 kB/s)
[INFO] Downloading from apache-repo: https://repository.apache.org/content/repositories/releases/com/google/cloud/google-cloud-bigtable-bom/1.11.0/google-cloud-bigtable-bom-1.11.0.pom
[INFO] Downloading from jcenter: https://jcenter.bintray.com/com/google/cloud/google-cloud-bigtable-bom/1.11.0/google-cloud-bigtable-bom-1.11.0.pom
[INFO] Downloaded from jcenter: https://jcenter.bintray.com/com/google/cloud/google-cloud-bigtable-bom/1.11.0/google-cloud-bigtable-bom-1.11.0.pom (5.0 kB at 117 kB/s)
[INFO] Downloading from apache-repo: https://repository.apache.org/content/repositories/releases/com/google/cloud/google-cloud-billing-bom/1.0.2/google-cloud-billing-bom-1.0.2.pom
[INFO] Downloading from jcenter: https://jcenter.bintray.com/com/google/cloud/google-cloud-billing-bom/1.0.2/google-cloud-billing-bom-1.0.2.pom
[INFO] Downloaded from jcenter: https://jcenter.bintray.com/com/google/cloud/google-cloud-billing-bom/1.0.2/google-cloud-billing-bom-1.0.2.pom (3.0 kB at 69 kB/s)
[INFO] Downloading from apache-repo: https://repository.apache.org/content/repositories/releases/com/google/cloud/google-cloud-billingbudgets-bom/0.2.4/google-cloud-billingbudgets-bom-0.2.4.pom
[INFO] Downloading from jcenter: https://jcenter.bintray.com/com/google/cloud/google-cloud-billingbudgets-bom/0.2.4/google-cloud-billingbudgets-bom-0.2.4.pom
[INFO] Downloaded from jcenter: https://jcenter.bintray.com/com/google/cloud/google-cloud-billingbudgets-bom/0.2.4/google-cloud-billingbudgets-bom-0.2.4.pom (3.2 kB at 83 kB/s)
[INFO] Downloading from apache-repo: https://repository.apache.org/content/repositories/releases/com/google/cloud/google-cloud-build-bom/1.1.1/google-cloud-build-bom-1.1.1.pom
[INFO] Downloading from jcenter: https://jcenter.bintray.com/com/google/cloud/google-cloud-build-bom/1.1.1/google-cloud-build-bom-1.1.1.pom
[INFO] Downloaded from jcenter: https://jcenter.bintray.com/com/google/cloud/google-cloud-build-bom/1.1.1/google-cloud-build-bom-1.1.1.pom (3.0 kB at 71 kB/s)
[INFO] Downloading from apache-repo: https://repository.apache.org/content/repositories/releases/com/google/cloud/google-cloud-container-bom/1.0.4/google-cloud-container-bom-1.0.4.pom
[INFO] Downloading from jcenter: https://jcenter.bintray.com/com/google/cloud/google-cloud-container-bom/1.0.4/google-cloud-container-bom-1.0.4.pom
[INFO] Downloaded from jcenter: https://jcenter.bintray.com/com/google/cloud/google-cloud-container-bom/1.0.4/google-cloud-container-bom-1.0.4.pom (3.1 kB at 71 kB/s)
[INFO] Downloading from apache-repo: https://repository.apache.org/content/repositories/releases/com/google/cloud/google-cloud-containeranalysis-bom/0.120.0-beta/google-cloud-containeranalysis-bom-0.120.0-beta.pom
[INFO] Downloading from jcenter: https://jcenter.bintray.com/com/google/cloud/google-cloud-containeranalysis-bom/0.120.0-beta/google-cloud-containeranalysis-bom-0.120.0-beta.pom
[INFO] Downloaded from jcenter: https://jcenter.bintray.com/com/google/cloud/google-cloud-containeranalysis-bom/0.120.0-beta/google-cloud-containeranalysis-bom-0.120.0-beta.pom (3.8 kB at 89 kB/s)
[INFO] Downloading from apache-repo: https://repository.apache.org/content/repositories/releases/com/google/cloud/google-cloud-datacatalog-bom/0.35.0/google-cloud-datacatalog-bom-0.35.0.pom
[INFO] Downloading from jcenter: https://jcenter.bintray.com/com/google/cloud/google-cloud-datacatalog-bom/0.35.0/google-cloud-datacatalog-bom-0.35.0.pom
[INFO] Downloaded from jcenter: https://jcenter.bintray.com/com/google/cloud/google-cloud-datacatalog-bom/0.35.0/google-cloud-datacatalog-bom-0.35.0.pom (3.6 kB at 85 kB/s)
[INFO] Downloading from apache-repo: https://repository.apache.org/content/repositories/releases/com/google/cloud/google-cloud-datalabeling-bom/0.118.2/google-cloud-datalabeling-bom-0.118.2.pom
[INFO] Downloading from jcenter: https://jcenter.bintray.com/com/google/cloud/google-cloud-datalabeling-bom/0.118.2/google-cloud-datalabeling-bom-0.118.2.pom
[INFO] Downloaded from jcenter: https://jcenter.bintray.com/com/google/cloud/google-cloud-datalabeling-bom/0.118.2/google-cloud-datalabeling-bom-0.118.2.pom (3.1 kB at 75 kB/s)
[INFO] Downloading from apache-repo: https://repository.apache.org/content/repositories/releases/com/google/cloud/google-cloud-dataproc-bom/0.122.1/google-cloud-dataproc-bom-0.122.1.pom
[INFO] Downloading from jcenter: https://jcenter.bintray.com/com/google/cloud/google-cloud-dataproc-bom/0.122.1/google-cloud-dataproc-bom-0.122.1.pom
[INFO] Downloaded from jcenter: https://jcenter.bintray.com/com/google/cloud/google-cloud-dataproc-bom/0.122.1/google-cloud-dataproc-bom-0.122.1.pom (3.6 kB at 92 kB/s)
[INFO] Downloading from apache-repo: https://repository.apache.org/content/repositories/releases/com/google/cloud/google-cloud-datastore-bom/1.102.4/google-cloud-datastore-bom-1.102.4.pom
[INFO] Downloading from jcenter: https://jcenter.bintray.com/com/google/cloud/google-cloud-datastore-bom/1.102.4/google-cloud-datastore-bom-1.102.4.pom
[INFO] Downloaded from jcenter: https://jcenter.bintray.com/com/google/cloud/google-cloud-datastore-bom/1.102.4/google-cloud-datastore-bom-1.102.4.pom (2.8 kB at 66 kB/s)
[INFO] Downloading from apache-repo: https://repository.apache.org/content/repositories/releases/com/google/cloud/google-cloud-dlp-bom/1.1.3/google-cloud-dlp-bom-1.1.3.pom
[INFO] Downloading from jcenter: https://jcenter.bintray.com/com/google/cloud/google-cloud-dlp-bom/1.1.3/google-cloud-dlp-bom-1.1.3.pom
[INFO] Downloaded from jcenter: https://jcenter.bintray.com/com/google/cloud/google-cloud-dlp-bom/1.1.3/google-cloud-dlp-bom-1.1.3.pom (3.0 kB at 59 kB/s)
[INFO] Downloading from apache-repo: https://repository.apache.org/content/repositories/releases/com/google/cloud/google-cloud-dialogflow-bom/1.0.0/google-cloud-dialogflow-bom-1.0.0.pom
[INFO] Downloading from jcenter: https://jcenter.bintray.com/com/google/cloud/google-cloud-dialogflow-bom/1.0.0/google-cloud-dialogflow-bom-1.0.0.pom
[INFO] Downloaded from jcenter: https://jcenter.bintray.com/com/google/cloud/google-cloud-dialogflow-bom/1.0.0/google-cloud-dialogflow-bom-1.0.0.pom (3.6 kB at 90 kB/s)
[INFO] Downloading from apache-repo: https://repository.apache.org/content/repositories/releases/com/google/cloud/google-cloud-document-ai-bom/0.1.1/google-cloud-document-ai-bom-0.1.1.pom
[INFO] Downloading from jcenter: https://jcenter.bintray.com/com/google/cloud/google-cloud-document-ai-bom/0.1.1/google-cloud-document-ai-bom-0.1.1.pom
[INFO] Downloaded from jcenter: https://jcenter.bintray.com/com/google/cloud/google-cloud-document-ai-bom/0.1.1/google-cloud-document-ai-bom-0.1.1.pom (4.1 kB at 98 kB/s)
[INFO] Downloading from apache-repo: https://repository.apache.org/content/repositories/releases/com/google/cloud/google-cloud-errorreporting-bom/0.119.2-beta/google-cloud-errorreporting-bom-0.119.2-beta.pom
[INFO] Downloading from jcenter: https://jcenter.bintray.com/com/google/cloud/google-cloud-errorreporting-bom/0.119.2-beta/google-cloud-errorreporting-bom-0.119.2-beta.pom
[INFO] Downloaded from jcenter: https://jcenter.bintray.com/com/google/cloud/google-cloud-errorreporting-bom/0.119.2-beta/google-cloud-errorreporting-bom-0.119.2-beta.pom (3.2 kB at 71 kB/s)
[INFO] Downloading from apache-repo: https://repository.apache.org/content/repositories/releases/com/google/cloud/google-cloud-firestore-bom/1.33.0/google-cloud-firestore-bom-1.33.0.pom
[INFO] Downloading from jcenter: https://jcenter.bintray.com/com/google/cloud/google-cloud-firestore-bom/1.33.0/google-cloud-firestore-bom-1.33.0.pom
[INFO] Downloaded from jcenter: https://jcenter.bintray.com/com/google/cloud/google-cloud-firestore-bom/1.33.0/google-cloud-firestore-bom-1.33.0.pom (4.1 kB at 106 kB/s)
[INFO] Downloading from apache-repo: https://repository.apache.org/content/repositories/releases/com/google/cloud/google-cloud-gameservices-bom/0.19.1/google-cloud-gameservices-bom-0.19.1.pom
[INFO] Downloading from jcenter: https://jcenter.bintray.com/com/google/cloud/google-cloud-gameservices-bom/0.19.1/google-cloud-gameservices-bom-0.19.1.pom
[INFO] Downloaded from jcenter: https://jcenter.bintray.com/com/google/cloud/google-cloud-gameservices-bom/0.19.1/google-cloud-gameservices-bom-0.19.1.pom (3.1 kB at 64 kB/s)
[INFO] Downloading from apache-repo: https://repository.apache.org/content/repositories/releases/com/google/cloud/google-cloud-iamcredentials-bom/1.0.2/google-cloud-iamcredentials-bom-1.0.2.pom
[INFO] Downloading from jcenter: https://jcenter.bintray.com/com/google/cloud/google-cloud-iamcredentials-bom/1.0.2/google-cloud-iamcredentials-bom-1.0.2.pom
[INFO] Downloaded from jcenter: https://jcenter.bintray.com/com/google/cloud/google-cloud-iamcredentials-bom/1.0.2/google-cloud-iamcredentials-bom-1.0.2.pom (3.2 kB at 67 kB/s)
[INFO] Downloading from apache-repo: https://repository.apache.org/content/repositories/releases/com/google/cloud/google-cloud-irm-bom/0.2.1/google-cloud-irm-bom-0.2.1.pom
[INFO] Downloading from jcenter: https://jcenter.bintray.com/com/google/cloud/google-cloud-irm-bom/0.2.1/google-cloud-irm-bom-0.2.1.pom
[INFO] Downloaded from jcenter: https://jcenter.bintray.com/com/google/cloud/google-cloud-irm-bom/0.2.1/google-cloud-irm-bom-0.2.1.pom (3.0 kB at 68 kB/s)
[INFO] Downloading from apache-repo: https://repository.apache.org/content/repositories/releases/com/google/cloud/google-cloud-iot-bom/1.0.2/google-cloud-iot-bom-1.0.2.pom
[INFO] Downloading from jcenter: https://jcenter.bintray.com/com/google/cloud/google-cloud-iot-bom/1.0.2/google-cloud-iot-bom-1.0.2.pom
[INFO] Downloaded from jcenter: https://jcenter.bintray.com/com/google/cloud/google-cloud-iot-bom/1.0.2/google-cloud-iot-bom-1.0.2.pom (3.0 kB at 75 kB/s)
[INFO] Downloading from apache-repo: https://repository.apache.org/content/repositories/releases/com/google/cloud/google-cloud-kms-bom/1.38.1/google-cloud-kms-bom-1.38.1.pom
[INFO] Downloading from jcenter: https://jcenter.bintray.com/com/google/cloud/google-cloud-kms-bom/1.38.1/google-cloud-kms-bom-1.38.1.pom
[INFO] Downloaded from jcenter: https://jcenter.bintray.com/com/google/cloud/google-cloud-kms-bom/1.38.1/google-cloud-kms-bom-1.38.1.pom (3.0 kB at 73 kB/s)
[INFO] Downloading from apache-repo: https://repository.apache.org/content/repositories/releases/com/google/cloud/google-cloud-language-bom/1.100.0/google-cloud-language-bom-1.100.0.pom
[INFO] Downloading from jcenter: https://jcenter.bintray.com/com/google/cloud/google-cloud-language-bom/1.100.0/google-cloud-language-bom-1.100.0.pom
[INFO] Downloaded from jcenter: https://jcenter.bintray.com/com/google/cloud/google-cloud-language-bom/1.100.0/google-cloud-language-bom-1.100.0.pom (3.6 kB at 106 kB/s)
[INFO] Downloading from apache-repo: https://repository.apache.org/content/repositories/releases/com/google/cloud/google-cloud-logging-bom/1.101.1/google-cloud-logging-bom-1.101.1.pom
[INFO] Downloading from jcenter: https://jcenter.bintray.com/com/google/cloud/google-cloud-logging-bom/1.101.1/google-cloud-logging-bom-1.101.1.pom
[INFO] Downloaded from jcenter: https://jcenter.bintray.com/com/google/cloud/google-cloud-logging-bom/1.101.1/google-cloud-logging-bom-1.101.1.pom (3.1 kB at 65 kB/s)
[INFO] Downloading from apache-repo: https://repository.apache.org/content/repositories/releases/com/google/cloud/google-cloud-mediatranslation-bom/0.1.2/google-cloud-mediatranslation-bom-0.1.2.pom
[INFO] Downloading from jcenter: https://jcenter.bintray.com/com/google/cloud/google-cloud-mediatranslation-bom/0.1.2/google-cloud-mediatranslation-bom-0.1.2.pom
[INFO] Downloaded from jcenter: https://jcenter.bintray.com/com/google/cloud/google-cloud-mediatranslation-bom/0.1.2/google-cloud-mediatranslation-bom-0.1.2.pom (3.2 kB at 82 kB/s)
[INFO] Downloading from apache-repo: https://repository.apache.org/content/repositories/releases/com/google/cloud/google-cloud-memcache-bom/0.1.2/google-cloud-memcache-bom-0.1.2.pom
[INFO] Downloading from jcenter: https://jcenter.bintray.com/com/google/cloud/google-cloud-memcache-bom/0.1.2/google-cloud-memcache-bom-0.1.2.pom
[INFO] Downloaded from jcenter: https://jcenter.bintray.com/com/google/cloud/google-cloud-memcache-bom/0.1.2/google-cloud-memcache-bom-0.1.2.pom (3.1 kB at 81 kB/s)
[INFO] Downloading from apache-repo: https://repository.apache.org/content/repositories/releases/com/google/cloud/google-cloud-monitoring-bom/1.100.1/google-cloud-monitoring-bom-1.100.1.pom
[INFO] Downloading from jcenter: https://jcenter.bintray.com/com/google/cloud/google-cloud-monitoring-bom/1.100.1/google-cloud-monitoring-bom-1.100.1.pom
[INFO] Downloaded from jcenter: https://jcenter.bintray.com/com/google/cloud/google-cloud-monitoring-bom/1.100.1/google-cloud-monitoring-bom-1.100.1.pom (3.1 kB at 70 kB/s)
[INFO] Downloading from apache-repo: https://repository.apache.org/content/repositories/releases/com/google/cloud/google-cloud-monitoring-dashboard-bom/0.1.4/google-cloud-monitoring-dashboard-bom-0.1.4.pom
[INFO] Downloading from jcenter: https://jcenter.bintray.com/com/google/cloud/google-cloud-monitoring-dashboard-bom/0.1.4/google-cloud-monitoring-dashboard-bom-0.1.4.pom
[INFO] Downloaded from jcenter: https://jcenter.bintray.com/com/google/cloud/google-cloud-monitoring-dashboard-bom/0.1.4/google-cloud-monitoring-dashboard-bom-0.1.4.pom (3.2 kB at 77 kB/s)
[INFO] Downloading from apache-repo: https://repository.apache.org/content/repositories/releases/com/google/cloud/google-cloud-os-login-bom/1.0.2/google-cloud-os-login-bom-1.0.2.pom
[INFO] Downloading from jcenter: https://jcenter.bintray.com/com/google/cloud/google-cloud-os-login-bom/1.0.2/google-cloud-os-login-bom-1.0.2.pom
[INFO] Downloaded from jcenter: https://jcenter.bintray.com/com/google/cloud/google-cloud-os-login-bom/1.0.2/google-cloud-os-login-bom-1.0.2.pom (3.1 kB at 73 kB/s)
[INFO] Downloading from apache-repo: https://repository.apache.org/content/repositories/releases/com/google/cloud/google-cloud-phishingprotection-bom/0.28.4/google-cloud-phishingprotection-bom-0.28.4.pom
[INFO] Downloading from jcenter: https://jcenter.bintray.com/com/google/cloud/google-cloud-phishingprotection-bom/0.28.4/google-cloud-phishingprotection-bom-0.28.4.pom
[INFO] Downloaded from jcenter: https://jcenter.bintray.com/com/google/cloud/google-cloud-phishingprotection-bom/0.28.4/google-cloud-phishingprotection-bom-0.28.4.pom (3.2 kB at 92 kB/s)
[INFO] Downloading from apache-repo: https://repository.apache.org/content/repositories/releases/com/google/cloud/google-cloud-pubsub-bom/1.105.0/google-cloud-pubsub-bom-1.105.0.pom
[INFO] Downloading from jcenter: https://jcenter.bintray.com/com/google/cloud/google-cloud-pubsub-bom/1.105.0/google-cloud-pubsub-bom-1.105.0.pom
[INFO] Downloaded from jcenter: https://jcenter.bintray.com/com/google/cloud/google-cloud-pubsub-bom/1.105.0/google-cloud-pubsub-bom-1.105.0.pom (3.0 kB at 74 kB/s)
[INFO] Downloading from apache-repo: https://repository.apache.org/content/repositories/releases/com/google/cloud/google-cloud-recaptchaenterprise-bom/0.30.1/google-cloud-recaptchaenterprise-bom-0.30.1.pom
[INFO] Downloading from jcenter: https://jcenter.bintray.com/com/google/cloud/google-cloud-recaptchaenterprise-bom/0.30.1/google-cloud-recaptchaenterprise-bom-0.30.1.pom
[INFO] Downloaded from jcenter: https://jcenter.bintray.com/com/google/cloud/google-cloud-recaptchaenterprise-bom/0.30.1/google-cloud-recaptchaenterprise-bom-0.30.1.pom (3.8 kB at 97 kB/s)
[INFO] Downloading from apache-repo: https://repository.apache.org/content/repositories/releases/com/google/cloud/google-cloud-recommender-bom/0.4.1/google-cloud-recommender-bom-0.4.1.pom
[INFO] Downloading from jcenter: https://jcenter.bintray.com/com/google/cloud/google-cloud-recommender-bom/0.4.1/google-cloud-recommender-bom-0.4.1.pom
[INFO] Downloaded from jcenter: https://jcenter.bintray.com/com/google/cloud/google-cloud-recommender-bom/0.4.1/google-cloud-recommender-bom-0.4.1.pom (3.1 kB at 84 kB/s)
[INFO] Downloading from apache-repo: https://repository.apache.org/content/repositories/releases/com/google/cloud/google-cloud-redis-bom/1.0.0/google-cloud-redis-bom-1.0.0.pom
[INFO] Downloading from jcenter: https://jcenter.bintray.com/com/google/cloud/google-cloud-redis-bom/1.0.0/google-cloud-redis-bom-1.0.0.pom
[INFO] Downloaded from jcenter: https://jcenter.bintray.com/com/google/cloud/google-cloud-redis-bom/1.0.0/google-cloud-redis-bom-1.0.0.pom (3.5 kB at 78 kB/s)
[INFO] Downloading from apache-repo: https://repository.apache.org/content/repositories/releases/com/google/cloud/google-cloud-scheduler-bom/1.22.4/google-cloud-scheduler-bom-1.22.4.pom
[INFO] Downloading from jcenter: https://jcenter.bintray.com/com/google/cloud/google-cloud-scheduler-bom/1.22.4/google-cloud-scheduler-bom-1.22.4.pom
[INFO] Downloaded from jcenter: https://jcenter.bintray.com/com/google/cloud/google-cloud-scheduler-bom/1.22.4/google-cloud-scheduler-bom-1.22.4.pom (3.6 kB at 95 kB/s)
[INFO] Downloading from apache-repo: https://repository.apache.org/content/repositories/releases/com/google/cloud/google-cloud-secretmanager-bom/1.0.1/google-cloud-secretmanager-bom-1.0.1.pom
[INFO] Downloading from jcenter: https://jcenter.bintray.com/com/google/cloud/google-cloud-secretmanager-bom/1.0.1/google-cloud-secretmanager-bom-1.0.1.pom
[INFO] Downloaded from jcenter: https://jcenter.bintray.com/com/google/cloud/google-cloud-secretmanager-bom/1.0.1/google-cloud-secretmanager-bom-1.0.1.pom (3.7 kB at 76 kB/s)
[INFO] Downloading from apache-repo: https://repository.apache.org/content/repositories/releases/com/google/cloud/google-cloud-securitycenter-bom/0.121.0/google-cloud-securitycenter-bom-0.121.0.pom
[INFO] Downloading from jcenter: https://jcenter.bintray.com/com/google/cloud/google-cloud-securitycenter-bom/0.121.0/google-cloud-securitycenter-bom-0.121.0.pom
[INFO] Downloaded from jcenter: https://jcenter.bintray.com/com/google/cloud/google-cloud-securitycenter-bom/0.121.0/google-cloud-securitycenter-bom-0.121.0.pom (4.3 kB at 97 kB/s)
[INFO] Downloading from apache-repo: https://repository.apache.org/content/repositories/releases/com/google/cloud/google-cloud-servicedirectory-bom/0.1.1/google-cloud-servicedirectory-bom-0.1.1.pom
[INFO] Downloading from jcenter: https://jcenter.bintray.com/com/google/cloud/google-cloud-servicedirectory-bom/0.1.1/google-cloud-servicedirectory-bom-0.1.1.pom
[INFO] Downloaded from jcenter: https://jcenter.bintray.com/com/google/cloud/google-cloud-servicedirectory-bom/0.1.1/google-cloud-servicedirectory-bom-0.1.1.pom (3.2 kB at 68 kB/s)
[INFO] Downloading from apache-repo: https://repository.apache.org/content/repositories/releases/com/google/cloud/google-cloud-spanner-bom/1.53.0/google-cloud-spanner-bom-1.53.0.pom
[INFO] Downloading from jcenter: https://jcenter.bintray.com/com/google/cloud/google-cloud-spanner-bom/1.53.0/google-cloud-spanner-bom-1.53.0.pom
[INFO] Downloaded from jcenter: https://jcenter.bintray.com/com/google/cloud/google-cloud-spanner-bom/1.53.0/google-cloud-spanner-bom-1.53.0.pom (4.2 kB at 85 kB/s)
[INFO] Downloading from apache-repo: https://repository.apache.org/content/repositories/releases/com/google/cloud/google-cloud-speech-bom/1.23.0/google-cloud-speech-bom-1.23.0.pom
[INFO] Downloading from jcenter: https://jcenter.bintray.com/com/google/cloud/google-cloud-speech-bom/1.23.0/google-cloud-speech-bom-1.23.0.pom
[INFO] Downloaded from jcenter: https://jcenter.bintray.com/com/google/cloud/google-cloud-speech-bom/1.23.0/google-cloud-speech-bom-1.23.0.pom (4.1 kB at 92 kB/s)
[INFO] Downloading from apache-repo: https://repository.apache.org/content/repositories/releases/com/google/cloud/google-cloud-talent-bom/0.36.1/google-cloud-talent-bom-0.36.1.pom
[INFO] Downloading from jcenter: https://jcenter.bintray.com/com/google/cloud/google-cloud-talent-bom/0.36.1/google-cloud-talent-bom-0.36.1.pom
[INFO] Downloaded from jcenter: https://jcenter.bintray.com/com/google/cloud/google-cloud-talent-bom/0.36.1/google-cloud-talent-bom-0.36.1.pom (3.1 kB at 81 kB/s)
[INFO] Downloading from apache-repo: https://repository.apache.org/content/repositories/releases/com/google/cloud/google-cloud-tasks-bom/1.29.1/google-cloud-tasks-bom-1.29.1.pom
[INFO] Downloading from jcenter: https://jcenter.bintray.com/com/google/cloud/google-cloud-tasks-bom/1.29.1/google-cloud-tasks-bom-1.29.1.pom
[INFO] Downloaded from jcenter: https://jcenter.bintray.com/com/google/cloud/google-cloud-tasks-bom/1.29.1/google-cloud-tasks-bom-1.29.1.pom (4.0 kB at 94 kB/s)
[INFO] Downloading from apache-repo: https://repository.apache.org/content/repositories/releases/com/google/cloud/google-cloud-texttospeech-bom/1.0.2/google-cloud-texttospeech-bom-1.0.2.pom
[INFO] Downloading from jcenter: https://jcenter.bintray.com/com/google/cloud/google-cloud-texttospeech-bom/1.0.2/google-cloud-texttospeech-bom-1.0.2.pom
[INFO] Downloaded from jcenter: https://jcenter.bintray.com/com/google/cloud/google-cloud-texttospeech-bom/1.0.2/google-cloud-texttospeech-bom-1.0.2.pom (3.7 kB at 83 kB/s)
[INFO] Downloading from apache-repo: https://repository.apache.org/content/repositories/releases/com/google/cloud/google-cloud-trace-bom/1.0.3/google-cloud-trace-bom-1.0.3.pom
[INFO] Downloading from jcenter: https://jcenter.bintray.com/com/google/cloud/google-cloud-trace-bom/1.0.3/google-cloud-trace-bom-1.0.3.pom
[INFO] Downloaded from jcenter: https://jcenter.bintray.com/com/google/cloud/google-cloud-trace-bom/1.0.3/google-cloud-trace-bom-1.0.3.pom (3.7 kB at 96 kB/s)
[INFO] Downloading from apache-repo: https://repository.apache.org/content/repositories/releases/com/google/cloud/google-cloud-translate-bom/1.94.5/google-cloud-translate-bom-1.94.5.pom
[INFO] Downloading from jcenter: https://jcenter.bintray.com/com/google/cloud/google-cloud-translate-bom/1.94.5/google-cloud-translate-bom-1.94.5.pom
[INFO] Downloaded from jcenter: https://jcenter.bintray.com/com/google/cloud/google-cloud-translate-bom/1.94.5/google-cloud-translate-bom-1.94.5.pom (3.6 kB at 95 kB/s)
[INFO] Downloading from apache-repo: https://repository.apache.org/content/repositories/releases/com/google/cloud/google-cloud-video-intelligence-bom/1.2.1/google-cloud-video-intelligence-bom-1.2.1.pom
[INFO] Downloading from jcenter: https://jcenter.bintray.com/com/google/cloud/google-cloud-video-intelligence-bom/1.2.1/google-cloud-video-intelligence-bom-1.2.1.pom
[INFO] Downloaded from jcenter: https://jcenter.bintray.com/com/google/cloud/google-cloud-video-intelligence-bom/1.2.1/google-cloud-video-intelligence-bom-1.2.1.pom (5.5 kB at 144 kB/s)
[INFO] Downloading from apache-repo: https://repository.apache.org/content/repositories/releases/com/google/cloud/google-cloud-vision-bom/1.99.3/google-cloud-vision-bom-1.99.3.pom
[INFO] Downloading from jcenter: https://jcenter.bintray.com/com/google/cloud/google-cloud-vision-bom/1.99.3/google-cloud-vision-bom-1.99.3.pom
[INFO] Downloaded from jcenter: https://jcenter.bintray.com/com/google/cloud/google-cloud-vision-bom/1.99.3/google-cloud-vision-bom-1.99.3.pom (5.1 kB at 114 kB/s)
[INFO] Downloading from apache-repo: https://repository.apache.org/content/repositories/releases/com/google/cloud/google-cloud-websecurityscanner-bom/0.116.3/google-cloud-websecurityscanner-bom-0.116.3.pom
[INFO] Downloading from jcenter: https://jcenter.bintray.com/com/google/cloud/google-cloud-websecurityscanner-bom/0.116.3/google-cloud-websecurityscanner-bom-0.116.3.pom
[INFO] Downloaded from jcenter: https://jcenter.bintray.com/com/google/cloud/google-cloud-websecurityscanner-bom/0.116.3/google-cloud-websecurityscanner-bom-0.116.3.pom (3.8 kB at 86 kB/s)
[INFO] Downloading from apache-repo: https://repository.apache.org/content/repositories/releases/com/google/cloud/google-cloud-webrisk-bom/0.33.3/google-cloud-webrisk-bom-0.33.3.pom
[INFO] Downloading from jcenter: https://jcenter.bintray.com/com/google/cloud/google-cloud-webrisk-bom/0.33.3/google-cloud-webrisk-bom-0.33.3.pom
[INFO] Downloaded from jcenter: https://jcenter.bintray.com/com/google/cloud/google-cloud-webrisk-bom/0.33.3/google-cloud-webrisk-bom-0.33.3.pom (3.6 kB at 79 kB/s)
Warning: KebabPizza disabling incompatible org.apache.maven.plugins:maven-enforcer-plugin from nifi
Warning: KebabPizza disabling incompatible org.apache.rat:apache-rat-plugin from nifi
Warning: KebabPizza disabling incompatible org.apache.maven.plugins:maven-enforcer-plugin from nifi-commons
Warning: KebabPizza disabling incompatible org.apache.rat:apache-rat-plugin from nifi-commons
Warning: KebabPizza disabling incompatible org.apache.maven.plugins:maven-enforcer-plugin from nifi-api
Warning: KebabPizza disabling incompatible org.apache.rat:apache-rat-plugin from nifi-api
Warning: KebabPizza disabling incompatible org.apache.maven.plugins:maven-enforcer-plugin from nifi-utils
Warning: KebabPizza disabling incompatible org.apache.rat:apache-rat-plugin from nifi-utils
Warning: KebabPizza disabling incompatible org.apache.maven.plugins:maven-enforcer-plugin from nifi-security-utils-api
Warning: KebabPizza disabling incompatible org.apache.rat:apache-rat-plugin from nifi-security-utils-api
Warning: KebabPizza disabling incompatible org.apache.maven.plugins:maven-enforcer-plugin from nifi-security-kms
Warning: KebabPizza disabling incompatible org.apache.rat:apache-rat-plugin from nifi-security-kms
Warning: KebabPizza disabling incompatible org.apache.maven.plugins:maven-enforcer-plugin from nifi-property-utils
Warning: KebabPizza disabling incompatible org.apache.rat:apache-rat-plugin from nifi-property-utils
Warning: KebabPizza disabling incompatible org.apache.maven.plugins:maven-enforcer-plugin from nifi-properties
Warning: KebabPizza disabling incompatible org.apache.rat:apache-rat-plugin from nifi-properties
Warning: KebabPizza disabling incompatible org.apache.maven.plugins:maven-enforcer-plugin from nifi-security-utils
Warning: KebabPizza disabling incompatible org.apache.rat:apache-rat-plugin from nifi-security-utils
Warning: KebabPizza disabling incompatible org.apache.maven.plugins:maven-enforcer-plugin from nifi-framework-api
Warning: KebabPizza disabling incompatible org.apache.rat:apache-rat-plugin from nifi-framework-api
Warning: KebabPizza disabling incompatible org.apache.maven.plugins:maven-enforcer-plugin from nifi-data-provenance-utils
Warning: KebabPizza disabling incompatible org.apache.rat:apache-rat-plugin from nifi-data-provenance-utils
Warning: KebabPizza disabling incompatible org.apache.maven.plugins:maven-enforcer-plugin from nifi-parameter
Warning: KebabPizza disabling incompatible org.apache.rat:apache-rat-plugin from nifi-parameter
Warning: KebabPizza disabling incompatible org.apache.maven.plugins:maven-enforcer-plugin from nifi-uuid5
Warning: KebabPizza disabling incompatible org.apache.rat:apache-rat-plugin from nifi-uuid5
Warning: KebabPizza disabling incompatible org.apache.maven.plugins:maven-enforcer-plugin from nifi-expression-language
Warning: KebabPizza disabling incompatible org.apache.rat:apache-rat-plugin from nifi-expression-language
Warning: KebabPizza disabling incompatible org.apache.maven.plugins:maven-enforcer-plugin from nifi-metrics
Warning: KebabPizza disabling incompatible org.apache.rat:apache-rat-plugin from nifi-metrics
Warning: KebabPizza disabling incompatible org.apache.maven.plugins:maven-enforcer-plugin from nifi-registry
Warning: KebabPizza disabling incompatible org.apache.rat:apache-rat-plugin from nifi-registry
Warning: KebabPizza disabling incompatible org.apache.maven.plugins:maven-enforcer-plugin from nifi-registry-core
Warning: KebabPizza disabling incompatible org.apache.rat:apache-rat-plugin from nifi-registry-core
Warning: KebabPizza disabling incompatible org.apache.maven.plugins:maven-enforcer-plugin from nifi-registry-revision
Warning: KebabPizza disabling incompatible org.apache.rat:apache-rat-plugin from nifi-registry-revision
Warning: KebabPizza disabling incompatible org.apache.maven.plugins:maven-enforcer-plugin from nifi-registry-revision-entity-model
Warning: KebabPizza disabling incompatible org.apache.rat:apache-rat-plugin from nifi-registry-revision-entity-model
Warning: KebabPizza disabling incompatible org.apache.maven.plugins:maven-enforcer-plugin from nifi-registry-data-model
Warning: KebabPizza disabling incompatible org.apache.rat:apache-rat-plugin from nifi-registry-data-model
Warning: KebabPizza disabling incompatible org.apache.maven.plugins:maven-enforcer-plugin from nifi-nar-bundles
Warning: KebabPizza disabling incompatible org.apache.rat:apache-rat-plugin from nifi-nar-bundles
Warning: KebabPizza disabling incompatible org.apache.maven.plugins:maven-enforcer-plugin from nifi-framework-bundle
Warning: KebabPizza disabling incompatible org.apache.rat:apache-rat-plugin from nifi-framework-bundle
Warning: KebabPizza disabling incompatible org.apache.maven.plugins:maven-enforcer-plugin from nifi-framework
Warning: KebabPizza disabling incompatible org.apache.rat:apache-rat-plugin from nifi-framework
Warning: KebabPizza disabling incompatible org.apache.maven.plugins:maven-enforcer-plugin from nifi-client-dto
Warning: KebabPizza disabling incompatible org.apache.rat:apache-rat-plugin from nifi-client-dto
Warning: KebabPizza disabling incompatible org.apache.maven.plugins:maven-enforcer-plugin from nifi-site-to-site-client
Warning: KebabPizza disabling incompatible org.apache.rat:apache-rat-plugin from nifi-site-to-site-client
Warning: KebabPizza disabling incompatible org.apache.maven.plugins:maven-enforcer-plugin from nifi-server-api
Warning: KebabPizza disabling incompatible org.apache.rat:apache-rat-plugin from nifi-server-api
Warning: KebabPizza disabling incompatible org.apache.maven.plugins:maven-enforcer-plugin from nifi-nar-utils
Warning: KebabPizza disabling incompatible org.apache.rat:apache-rat-plugin from nifi-nar-utils
Warning: KebabPizza disabling incompatible org.apache.maven.plugins:maven-enforcer-plugin from nifi-framework-nar-utils
Warning: KebabPizza disabling incompatible org.apache.rat:apache-rat-plugin from nifi-framework-nar-utils
Warning: KebabPizza disabling incompatible org.apache.maven.plugins:maven-enforcer-plugin from nifi-mock-authorizer
Warning: KebabPizza disabling incompatible org.apache.rat:apache-rat-plugin from nifi-mock-authorizer
Warning: KebabPizza disabling incompatible org.apache.maven.plugins:maven-enforcer-plugin from nifi-framework-authorization
Warning: KebabPizza disabling incompatible org.apache.rat:apache-rat-plugin from nifi-framework-authorization
Warning: KebabPizza disabling incompatible org.apache.maven.plugins:maven-enforcer-plugin from nifi-registry-security-utils
Warning: KebabPizza disabling incompatible org.apache.rat:apache-rat-plugin from nifi-registry-security-utils
Warning: KebabPizza disabling incompatible org.apache.maven.plugins:maven-enforcer-plugin from nifi-registry-client
Warning: KebabPizza disabling incompatible org.apache.rat:apache-rat-plugin from nifi-registry-client
Warning: KebabPizza disabling incompatible org.apache.maven.plugins:maven-enforcer-plugin from nifi-framework-core-api
Warning: KebabPizza disabling incompatible org.apache.rat:apache-rat-plugin from nifi-framework-core-api
Warning: KebabPizza disabling incompatible org.apache.maven.plugins:maven-enforcer-plugin from nifi-mock
Warning: KebabPizza disabling incompatible org.apache.rat:apache-rat-plugin from nifi-mock
Warning: KebabPizza disabling incompatible org.apache.maven.plugins:maven-enforcer-plugin from nifi-extension-utils
Warning: KebabPizza disabling incompatible org.apache.rat:apache-rat-plugin from nifi-extension-utils
Warning: KebabPizza disabling incompatible org.apache.maven.plugins:maven-enforcer-plugin from nifi-reporting-utils
Warning: KebabPizza disabling incompatible org.apache.rat:apache-rat-plugin from nifi-reporting-utils
Warning: KebabPizza disabling incompatible org.apache.maven.plugins:maven-enforcer-plugin from nifi-azure-bundle
Warning: KebabPizza disabling incompatible org.apache.rat:apache-rat-plugin from nifi-azure-bundle
Warning: KebabPizza disabling incompatible org.apache.maven.plugins:maven-enforcer-plugin from nifi-azure-reporting-task
Warning: KebabPizza disabling incompatible org.apache.rat:apache-rat-plugin from nifi-azure-reporting-task
[INFO] Inspecting build with total of 38 modules...
[INFO] Installing Nexus Staging features:
[INFO]   ... total of 38 executions of maven-deploy-plugin replaced with nexus-staging-maven-plugin
[INFO] ------------------------------------------------------------------------
[INFO] Reactor Build Order:
[INFO] 
[INFO] nifi                                                               [pom]
[INFO] nifi-commons                                                       [pom]
[INFO] nifi-api                                                           [jar]
[INFO] nifi-utils                                                         [jar]
[INFO] nifi-security-utils-api                                            [jar]
[INFO] nifi-security-kms                                                  [jar]
[INFO] nifi-property-utils                                                [jar]
[INFO] nifi-properties                                                    [jar]
[INFO] nifi-security-utils                                                [jar]
[INFO] nifi-framework-api                                                 [jar]
[INFO] nifi-data-provenance-utils                                         [jar]
[INFO] nifi-parameter                                                     [jar]
[INFO] nifi-uuid5                                                         [jar]
[INFO] nifi-expression-language                                           [jar]
[INFO] nifi-metrics                                                       [jar]
[INFO] nifi-registry                                                      [pom]
[INFO] nifi-registry-core                                                 [pom]
[INFO] nifi-registry-revision                                             [pom]
[INFO] nifi-registry-revision-entity-model                                [jar]
[INFO] nifi-registry-data-model                                           [jar]
[INFO] nifi-nar-bundles                                                   [pom]
[INFO] nifi-framework-bundle                                              [pom]
[INFO] nifi-framework                                                     [pom]
[INFO] nifi-client-dto                                                    [jar]
[INFO] nifi-site-to-site-client                                           [jar]
[INFO] nifi-server-api                                                    [jar]
[INFO] nifi-nar-utils                                                     [jar]
[INFO] nifi-framework-nar-utils                                           [jar]
[INFO] nifi-mock-authorizer                                               [jar]
[INFO] nifi-framework-authorization                                       [jar]
[INFO] nifi-registry-security-utils                                       [jar]
[INFO] nifi-registry-client                                               [jar]
[INFO] nifi-framework-core-api                                            [jar]
[INFO] nifi-mock                                                          [jar]
[INFO] nifi-extension-utils                                               [pom]
[INFO] nifi-reporting-utils                                               [jar]
[INFO] nifi-azure-bundle                                                  [pom]
[INFO] nifi-azure-reporting-task                                          [jar]
[INFO] 
[INFO] ------------------------< org.apache.nifi:nifi >------------------------
[INFO] Building nifi 1.15.0-SNAPSHOT                                     [1/38]
[INFO] --------------------------------[ pom ]---------------------------------
[INFO] 
[INFO] --- maven-clean-plugin:3.1.0:clean (default-clean) @ nifi ---
[INFO] 
[INFO] --- maven-remote-resources-plugin:1.7.0:process (process-resource-bundles) @ nifi ---
[INFO] Preparing remote bundle org.apache:apache-jar-resource-bundle:1.4
[INFO] Copying 3 resources from 1 bundle.
[INFO] 
[INFO] --- maven-compiler-plugin:3.8.1:testCompile (groovy-tests) @ nifi ---
[INFO] No sources to compile
[INFO] 
[INFO] --- maven-site-plugin:3.7.1:attach-descriptor (attach-descriptor) @ nifi ---
[INFO] No site descriptor found: nothing to attach.
[INFO] 
[INFO] --- maven-install-plugin:2.5.2:install (default-install) @ nifi ---
[INFO] Installing /home/srafi/after-cam-ready/compare_/compile_repair_output/work/4672c8e650f6/pom.xml to /home/srafi/.m2/repository/org/apache/nifi/nifi/1.15.0-SNAPSHOT/nifi-1.15.0-SNAPSHOT.pom
[INFO] 
[INFO] --------------------< org.apache.nifi:nifi-commons >--------------------
[INFO] Building nifi-commons 1.15.0-SNAPSHOT                             [2/38]
[INFO] --------------------------------[ pom ]---------------------------------
[INFO] 
[INFO] --- maven-clean-plugin:3.1.0:clean (default-clean) @ nifi-commons ---
[INFO] 
[INFO] --- maven-remote-resources-plugin:1.7.0:process (process-resource-bundles) @ nifi-commons ---
[INFO] Preparing remote bundle org.apache:apache-jar-resource-bundle:1.4
[INFO] Copying 3 resources from 1 bundle.
[INFO] 
[INFO] --- maven-compiler-plugin:3.8.1:testCompile (groovy-tests) @ nifi-commons ---
[INFO] No sources to compile
[INFO] 
[INFO] --- maven-site-plugin:3.7.1:attach-descriptor (attach-descriptor) @ nifi-commons ---
[INFO] No site descriptor found: nothing to attach.
[INFO] 
[INFO] --- maven-install-plugin:2.5.2:install (default-install) @ nifi-commons ---
[INFO] Installing /home/srafi/after-cam-ready/compare_/compile_repair_output/work/4672c8e650f6/nifi-commons/pom.xml to /home/srafi/.m2/repository/org/apache/nifi/nifi-commons/1.15.0-SNAPSHOT/nifi-commons-1.15.0-SNAPSHOT.pom
[INFO] 
[INFO] ----------------------< org.apache.nifi:nifi-api >----------------------
[INFO] Building nifi-api 1.15.0-SNAPSHOT                                 [3/38]
[INFO] --------------------------------[ jar ]---------------------------------
[INFO] Downloading from apache.snapshots: https://repository.apache.org/snapshots/org/apache/maven/plugins/maven-surefire-plugin/3.0.0-M8-SNAPSHOT/maven-metadata.xml
[INFO] Downloading from apache.snapshots: https://repository.apache.org/snapshots/org/apache/maven/surefire/surefire/3.0.0-M8-SNAPSHOT/maven-metadata.xml
[INFO] 
[INFO] --- maven-clean-plugin:3.1.0:clean (default-clean) @ nifi-api ---
[INFO] 
[INFO] --- maven-remote-resources-plugin:1.7.0:process (process-resource-bundles) @ nifi-api ---
[INFO] Preparing remote bundle org.apache:apache-jar-resource-bundle:1.4
[INFO] Copying 3 resources from 1 bundle.
[INFO] 
[INFO] --- maven-resources-plugin:3.1.0:resources (default-resources) @ nifi-api ---
[INFO] Using 'UTF-8' encoding to copy filtered resources.
[INFO] skip non existing resourceDirectory /home/srafi/after-cam-ready/compare_/compile_repair_output/work/4672c8e650f6/nifi-api/src/main/resources
[INFO] Copying 3 resources
[INFO] 
[INFO] --- maven-compiler-plugin:3.8.1:compile (default-compile) @ nifi-api ---
[INFO] Changes detected - recompiling the module!
[INFO] Compiling 196 source files to /home/srafi/after-cam-ready/compare_/compile_repair_output/work/4672c8e650f6/nifi-api/target/classes
[WARNING] /home/srafi/after-cam-ready/compare_/compile_repair_output/work/4672c8e650f6/nifi-api/src/main/java/org/apache/nifi/documentation/xml/XmlDocumentationWriter.java:[249,67] [deprecation] supportsExpressionLanguage() in DynamicProperty has been deprecated
[INFO] 
[INFO] --- maven-resources-plugin:3.1.0:testResources (default-testResources) @ nifi-api ---
[INFO] Using 'UTF-8' encoding to copy filtered resources.
[INFO] Copying 1 resource
[INFO] Copying 3 resources
[INFO] 
[INFO] --- maven-compiler-plugin:3.8.1:testCompile (default-testCompile) @ nifi-api ---
[INFO] Changes detected - recompiling the module!
[INFO] Compiling 5 source files to /home/srafi/after-cam-ready/compare_/compile_repair_output/work/4672c8e650f6/nifi-api/target/test-classes
[INFO] 
[INFO] --- maven-compiler-plugin:3.8.1:testCompile (groovy-tests) @ nifi-api ---
[INFO] Changes detected - recompiling the module!
[INFO] Nothing to compile - all classes are up to date
[INFO] 
[INFO] --- maven-surefire-plugin:3.0.0-M8-SNAPSHOT:test (default-test) @ nifi-api ---
[INFO] Downloading from apache.snapshots: https://repository.apache.org/snapshots/org/apache/maven/surefire/maven-surefire-common/3.0.0-M8-SNAPSHOT/maven-metadata.xml
[INFO] Downloading from apache.snapshots: https://repository.apache.org/snapshots/org/apache/maven/surefire/surefire-api/3.0.0-M8-SNAPSHOT/maven-metadata.xml
[INFO] Downloading from apache.snapshots: https://repository.apache.org/snapshots/org/apache/maven/surefire/surefire-logger-api/3.0.0-M8-SNAPSHOT/maven-metadata.xml
[INFO] Downloading from apache.snapshots: https://repository.apache.org/snapshots/org/apache/maven/surefire/surefire-shared-utils/3.0.0-M8-SNAPSHOT/maven-metadata.xml
[INFO] Downloading from apache.snapshots: https://repository.apache.org/snapshots/org/apache/maven/surefire/surefire-extensions-api/3.0.0-M8-SNAPSHOT/maven-metadata.xml
[INFO] Downloading from apache.snapshots: https://repository.apache.org/snapshots/org/apache/maven/surefire/surefire-booter/3.0.0-M8-SNAPSHOT/maven-metadata.xml
[INFO] Downloading from apache.snapshots: https://repository.apache.org/snapshots/org/apache/maven/surefire/surefire-extensions-spi/3.0.0-M8-SNAPSHOT/maven-metadata.xml
[INFO] Tests are skipped.
[INFO] 
[INFO] --- maven-jar-plugin:3.2.0:jar (default-jar) @ nifi-api ---
[INFO] Building jar: /home/srafi/after-cam-ready/compare_/compile_repair_output/work/4672c8e650f6/nifi-api/target/nifi-api-1.15.0-SNAPSHOT.jar
[INFO] 
[INFO] --- maven-site-plugin:3.7.1:attach-descriptor (attach-descriptor) @ nifi-api ---
[INFO] Skipping because packaging 'jar' is not pom.
[INFO] 
[INFO] --- maven-install-plugin:2.5.2:install (default-install) @ nifi-api ---
[INFO] Installing /home/srafi/after-cam-ready/compare_/compile_repair_output/work/4672c8e650f6/nifi-api/target/nifi-api-1.15.0-SNAPSHOT.jar to /home/srafi/.m2/repository/org/apache/nifi/nifi-api/1.15.0-SNAPSHOT/nifi-api-1.15.0-SNAPSHOT.jar
[INFO] Installing /home/srafi/after-cam-ready/compare_/compile_repair_output/work/4672c8e650f6/nifi-api/pom.xml to /home/srafi/.m2/repository/org/apache/nifi/nifi-api/1.15.0-SNAPSHOT/nifi-api-1.15.0-SNAPSHOT.pom
[INFO] 
[INFO] ---------------------< org.apache.nifi:nifi-utils >---------------------
[INFO] Building nifi-utils 1.15.0-SNAPSHOT                               [4/38]
[INFO] --------------------------------[ jar ]---------------------------------
[INFO] 
[INFO] --- maven-clean-plugin:3.1.0:clean (default-clean) @ nifi-utils ---
[INFO] 
[INFO] --- maven-remote-resources-plugin:1.7.0:process (process-resource-bundles) @ nifi-utils ---
[INFO] Preparing remote bundle org.apache:apache-jar-resource-bundle:1.4
[INFO] Copying 3 resources from 1 bundle.
[INFO] 
[INFO] --- maven-resources-plugin:3.1.0:resources (default-resources) @ nifi-utils ---
[INFO] Using 'UTF-8' encoding to copy filtered resources.
[INFO] skip non existing resourceDirectory /home/srafi/after-cam-ready/compare_/compile_repair_output/work/4672c8e650f6/nifi-commons/nifi-utils/src/main/resources
[INFO] Copying 3 resources
[INFO] 
[INFO] --- maven-compiler-plugin:3.8.1:compile (default-compile) @ nifi-utils ---
[INFO] Changes detected - recompiling the module!
[INFO] Compiling 89 source files to /home/srafi/after-cam-ready/compare_/compile_repair_output/work/4672c8e650f6/nifi-commons/nifi-utils/target/classes
[WARNING] /home/srafi/after-cam-ready/compare_/compile_repair_output/work/4672c8e650f6/nifi-commons/nifi-utils/src/main/java/org/apache/nifi/processor/util/StandardValidators.java:[842,46] [deprecation] getTimeDuration(String,TimeUnit) in FormatUtils has been deprecated
[INFO] 
[INFO] --- maven-resources-plugin:3.1.0:testResources (default-testResources) @ nifi-utils ---
[INFO] Using 'UTF-8' encoding to copy filtered resources.
[INFO] Copying 3 resources
[INFO] Copying 3 resources
[INFO] 
[INFO] --- maven-compiler-plugin:3.8.1:testCompile (default-testCompile) @ nifi-utils ---
[INFO] Changes detected - recompiling the module!
[INFO] Compiling 20 source files to /home/srafi/after-cam-ready/compare_/compile_repair_output/work/4672c8e650f6/nifi-commons/nifi-utils/target/test-classes
[WARNING] /home/srafi/after-cam-ready/compare_/compile_repair_output/work/4672c8e650f6/nifi-commons/nifi-utils/src/test/java/org/apache/nifi/util/validator/TestStandardValidators.java:[471,42] [deprecation] createURLorFileValidator() in StandardValidators has been deprecated
[WARNING] /home/srafi/after-cam-ready/compare_/compile_repair_output/work/4672c8e650f6/nifi-commons/nifi-utils/src/test/java/org/apache/nifi/util/validator/TestStandardValidators.java:[501,42] [deprecation] ISO8061_INSTANT_VALIDATOR in StandardValidators has been deprecated
[WARNING] /home/srafi/after-cam-ready/compare_/compile_repair_output/work/4672c8e650f6/nifi-commons/nifi-utils/src/test/java/org/apache/nifi/processor/TestFormatUtils.java:[31,35] [deprecation] getTimeDuration(String,TimeUnit) in FormatUtils has been deprecated
[WARNING] /home/srafi/after-cam-ready/compare_/compile_repair_output/work/4672c8e650f6/nifi-commons/nifi-utils/src/test/java/org/apache/nifi/processor/TestFormatUtils.java:[32,38] [deprecation] getTimeDuration(String,TimeUnit) in FormatUtils has been deprecated
[WARNING] /home/srafi/after-cam-ready/compare_/compile_repair_output/work/4672c8e650f6/nifi-commons/nifi-utils/src/test/java/org/apache/nifi/processor/TestFormatUtils.java:[33,35] [deprecation] getTimeDuration(String,TimeUnit) in FormatUtils has been deprecated
[WARNING] /home/srafi/after-cam-ready/compare_/compile_repair_output/work/4672c8e650f6/nifi-commons/nifi-utils/src/test/java/org/apache/nifi/processor/TestFormatUtils.java:[34,68] [deprecation] getTimeDuration(String,TimeUnit) in FormatUtils has been deprecated
[WARNING] /home/srafi/after-cam-ready/compare_/compile_repair_output/work/4672c8e650f6/nifi-commons/nifi-utils/src/test/java/org/apache/nifi/processor/TestFormatUtils.java:[35,36] [deprecation] getTimeDuration(String,TimeUnit) in FormatUtils has been deprecated
[WARNING] /home/srafi/after-cam-ready/compare_/compile_repair_output/work/4672c8e650f6/nifi-commons/nifi-utils/src/test/java/org/apache/nifi/processor/TestFormatUtils.java:[36,36] [deprecation] getTimeDuration(String,TimeUnit) in FormatUtils has been deprecated
[WARNING] /home/srafi/after-cam-ready/compare_/compile_repair_output/work/4672c8e650f6/nifi-commons/nifi-utils/src/test/java/org/apache/nifi/processor/TestFormatUtils.java:[37,36] [deprecation] getTimeDuration(String,TimeUnit) in FormatUtils has been deprecated
[INFO] 
[INFO] --- maven-compiler-plugin:3.8.1:testCompile (groovy-tests) @ nifi-utils ---
[INFO] Changes detected - recompiling the module!
[INFO] Using Groovy-Eclipse compiler to compile both Java and Groovy files
[INFO] Compiling in a forked process using /home/srafi/.m2/repository/org/codehaus/groovy/groovy-eclipse-batch/2.5.14-01/groovy-eclipse-batch-2.5.14-01.jar
[INFO] 
[INFO] --- maven-surefire-plugin:3.0.0-M8-SNAPSHOT:test (default-test) @ nifi-utils ---
[INFO] Tests are skipped.
[INFO] 
[INFO] --- maven-jar-plugin:3.2.0:jar (default-jar) @ nifi-utils ---
[INFO] Building jar: /home/srafi/after-cam-ready/compare_/compile_repair_output/work/4672c8e650f6/nifi-commons/nifi-utils/target/nifi-utils-1.15.0-SNAPSHOT.jar
[INFO] 
[INFO] --- maven-site-plugin:3.7.1:attach-descriptor (attach-descriptor) @ nifi-utils ---
[INFO] Skipping because packaging 'jar' is not pom.
[INFO] 
[INFO] --- maven-install-plugin:2.5.2:install (default-install) @ nifi-utils ---
[INFO] Installing /home/srafi/after-cam-ready/compare_/compile_repair_output/work/4672c8e650f6/nifi-commons/nifi-utils/target/nifi-utils-1.15.0-SNAPSHOT.jar to /home/srafi/.m2/repository/org/apache/nifi/nifi-utils/1.15.0-SNAPSHOT/nifi-utils-1.15.0-SNAPSHOT.jar
[INFO] Installing /home/srafi/after-cam-ready/compare_/compile_repair_output/work/4672c8e650f6/nifi-commons/nifi-utils/pom.xml to /home/srafi/.m2/repository/org/apache/nifi/nifi-utils/1.15.0-SNAPSHOT/nifi-utils-1.15.0-SNAPSHOT.pom
[INFO] 
[INFO] --------------< org.apache.nifi:nifi-security-utils-api >---------------
[INFO] Building nifi-security-utils-api 1.15.0-SNAPSHOT                  [5/38]
[INFO] --------------------------------[ jar ]---------------------------------
[INFO] 
[INFO] --- maven-clean-plugin:3.1.0:clean (default-clean) @ nifi-security-utils-api ---
[INFO] 
[INFO] --- maven-remote-resources-plugin:1.7.0:process (process-resource-bundles) @ nifi-security-utils-api ---
[INFO] Preparing remote bundle org.apache:apache-jar-resource-bundle:1.4
[INFO] Copying 3 resources from 1 bundle.
[INFO] 
[INFO] --- maven-resources-plugin:3.1.0:resources (default-resources) @ nifi-security-utils-api ---
[INFO] Using 'UTF-8' encoding to copy filtered resources.
[INFO] skip non existing resourceDirectory /home/srafi/after-cam-ready/compare_/compile_repair_output/work/4672c8e650f6/nifi-commons/nifi-security-utils-api/src/main/resources
[INFO] Copying 3 resources
[INFO] 
[INFO] --- maven-compiler-plugin:3.8.1:compile (default-compile) @ nifi-security-utils-api ---
[INFO] Changes detected - recompiling the module!
[INFO] Compiling 5 source files to /home/srafi/after-cam-ready/compare_/compile_repair_output/work/4672c8e650f6/nifi-commons/nifi-security-utils-api/target/classes
[INFO] 
[INFO] --- maven-resources-plugin:3.1.0:testResources (default-testResources) @ nifi-security-utils-api ---
[INFO] Using 'UTF-8' encoding to copy filtered resources.
[INFO] skip non existing resourceDirectory /home/srafi/after-cam-ready/compare_/compile_repair_output/work/4672c8e650f6/nifi-commons/nifi-security-utils-api/src/test/resources
[INFO] Copying 3 resources
[INFO] 
[INFO] --- maven-compiler-plugin:3.8.1:testCompile (default-testCompile) @ nifi-security-utils-api ---
[INFO] Changes detected - recompiling the module!
[INFO] Compiling 1 source file to /home/srafi/after-cam-ready/compare_/compile_repair_output/work/4672c8e650f6/nifi-commons/nifi-security-utils-api/target/test-classes
[INFO] 
[INFO] --- maven-compiler-plugin:3.8.1:testCompile (groovy-tests) @ nifi-security-utils-api ---
[INFO] Changes detected - recompiling the module!
[INFO] Using Groovy-Eclipse compiler to compile both Java and Groovy files
[INFO] Compiling in a forked process using /home/srafi/.m2/repository/org/codehaus/groovy/groovy-eclipse-batch/2.5.14-01/groovy-eclipse-batch-2.5.14-01.jar
[INFO] 
[INFO] --- maven-surefire-plugin:3.0.0-M8-SNAPSHOT:test (default-test) @ nifi-security-utils-api ---
[INFO] Tests are skipped.
[INFO] 
[INFO] --- maven-jar-plugin:3.2.0:jar (default-jar) @ nifi-security-utils-api ---
[INFO] Building jar: /home/srafi/after-cam-ready/compare_/compile_repair_output/work/4672c8e650f6/nifi-commons/nifi-security-utils-api/target/nifi-security-utils-api-1.15.0-SNAPSHOT.jar
[INFO] 
[INFO] --- maven-site-plugin:3.7.1:attach-descriptor (attach-descriptor) @ nifi-security-utils-api ---
[INFO] Skipping because packaging 'jar' is not pom.
[INFO] 
[INFO] --- maven-install-plugin:2.5.2:install (default-install) @ nifi-security-utils-api ---
[INFO] Installing /home/srafi/after-cam-ready/compare_/compile_repair_output/work/4672c8e650f6/nifi-commons/nifi-security-utils-api/target/nifi-security-utils-api-1.15.0-SNAPSHOT.jar to /home/srafi/.m2/repository/org/apache/nifi/nifi-security-utils-api/1.15.0-SNAPSHOT/nifi-security-utils-api-1.15.0-SNAPSHOT.jar
[INFO] Installing /home/srafi/after-cam-ready/compare_/compile_repair_output/work/4672c8e650f6/nifi-commons/nifi-security-utils-api/pom.xml to /home/srafi/.m2/repository/org/apache/nifi/nifi-security-utils-api/1.15.0-SNAPSHOT/nifi-security-utils-api-1.15.0-SNAPSHOT.pom
[INFO] 
[INFO] -----------------< org.apache.nifi:nifi-security-kms >------------------
[INFO] Building nifi-security-kms 1.15.0-SNAPSHOT                        [6/38]
[INFO] --------------------------------[ jar ]---------------------------------
[INFO] 
[INFO] --- maven-clean-plugin:3.1.0:clean (default-clean) @ nifi-security-kms ---
[INFO] 
[INFO] --- maven-remote-resources-plugin:1.7.0:process (process-resource-bundles) @ nifi-security-kms ---
[INFO] Preparing remote bundle org.apache:apache-jar-resource-bundle:1.4
[INFO] Copying 3 resources from 1 bundle.
[INFO] 
[INFO] --- maven-resources-plugin:3.1.0:resources (default-resources) @ nifi-security-kms ---
[INFO] Using 'UTF-8' encoding to copy filtered resources.
[INFO] skip non existing resourceDirectory /home/srafi/after-cam-ready/compare_/compile_repair_output/work/4672c8e650f6/nifi-commons/nifi-security-kms/src/main/resources
[INFO] Copying 3 resources
[INFO] 
[INFO] --- maven-compiler-plugin:3.8.1:compile (default-compile) @ nifi-security-kms ---
[INFO] Changes detected - recompiling the module!
[INFO] Compiling 12 source files to /home/srafi/after-cam-ready/compare_/compile_repair_output/work/4672c8e650f6/nifi-commons/nifi-security-kms/target/classes
[INFO] 
[INFO] --- maven-resources-plugin:3.1.0:testResources (default-testResources) @ nifi-security-kms ---
[INFO] Using 'UTF-8' encoding to copy filtered resources.
[INFO] skip non existing resourceDirectory /home/srafi/after-cam-ready/compare_/compile_repair_output/work/4672c8e650f6/nifi-commons/nifi-security-kms/src/test/resources
[INFO] Copying 3 resources
[INFO] 
[INFO] --- maven-compiler-plugin:3.8.1:testCompile (default-testCompile) @ nifi-security-kms ---
[INFO] Changes detected - recompiling the module!
[INFO] Compiling 6 source files to /home/srafi/after-cam-ready/compare_/compile_repair_output/work/4672c8e650f6/nifi-commons/nifi-security-kms/target/test-classes
[INFO] 
[INFO] --- maven-compiler-plugin:3.8.1:testCompile (groovy-tests) @ nifi-security-kms ---
[INFO] Changes detected - recompiling the module!
[INFO] Nothing to compile - all classes are up to date
[INFO] 
[INFO] --- maven-surefire-plugin:3.0.0-M8-SNAPSHOT:test (default-test) @ nifi-security-kms ---
[INFO] Tests are skipped.
[INFO] 
[INFO] --- maven-jar-plugin:3.2.0:jar (default-jar) @ nifi-security-kms ---
[INFO] Building jar: /home/srafi/after-cam-ready/compare_/compile_repair_output/work/4672c8e650f6/nifi-commons/nifi-security-kms/target/nifi-security-kms-1.15.0-SNAPSHOT.jar
[INFO] 
[INFO] --- maven-site-plugin:3.7.1:attach-descriptor (attach-descriptor) @ nifi-security-kms ---
[INFO] Skipping because packaging 'jar' is not pom.
[INFO] 
[INFO] --- maven-install-plugin:2.5.2:install (default-install) @ nifi-security-kms ---
[INFO] Installing /home/srafi/after-cam-ready/compare_/compile_repair_output/work/4672c8e650f6/nifi-commons/nifi-security-kms/target/nifi-security-kms-1.15.0-SNAPSHOT.jar to /home/srafi/.m2/repository/org/apache/nifi/nifi-security-kms/1.15.0-SNAPSHOT/nifi-security-kms-1.15.0-SNAPSHOT.jar
[INFO] Installing /home/srafi/after-cam-ready/compare_/compile_repair_output/work/4672c8e650f6/nifi-commons/nifi-security-kms/pom.xml to /home/srafi/.m2/repository/org/apache/nifi/nifi-security-kms/1.15.0-SNAPSHOT/nifi-security-kms-1.15.0-SNAPSHOT.pom
[INFO] 
[INFO] ----------------< org.apache.nifi:nifi-property-utils >-----------------
[INFO] Building nifi-property-utils 1.15.0-SNAPSHOT                      [7/38]
[INFO] --------------------------------[ jar ]---------------------------------
[INFO] 
[INFO] --- maven-clean-plugin:3.1.0:clean (default-clean) @ nifi-property-utils ---
[INFO] 
[INFO] --- maven-remote-resources-plugin:1.7.0:process (process-resource-bundles) @ nifi-property-utils ---
[INFO] Preparing remote bundle org.apache:apache-jar-resource-bundle:1.4
[INFO] Copying 3 resources from 1 bundle.
[INFO] 
[INFO] --- maven-resources-plugin:3.1.0:resources (default-resources) @ nifi-property-utils ---
[INFO] Using 'UTF-8' encoding to copy filtered resources.
[INFO] skip non existing resourceDirectory /home/srafi/after-cam-ready/compare_/compile_repair_output/work/4672c8e650f6/nifi-commons/nifi-property-utils/src/main/resources
[INFO] Copying 3 resources
[INFO] 
[INFO] --- maven-compiler-plugin:3.8.1:compile (default-compile) @ nifi-property-utils ---
[INFO] Changes detected - recompiling the module!
[INFO] Compiling 7 source files to /home/srafi/after-cam-ready/compare_/compile_repair_output/work/4672c8e650f6/nifi-commons/nifi-property-utils/target/classes
[INFO] 
[INFO] --- maven-resources-plugin:3.1.0:testResources (default-testResources) @ nifi-property-utils ---
[INFO] Using 'UTF-8' encoding to copy filtered resources.
[INFO] skip non existing resourceDirectory /home/srafi/after-cam-ready/compare_/compile_repair_output/work/4672c8e650f6/nifi-commons/nifi-property-utils/src/test/resources
[INFO] Copying 3 resources
[INFO] 
[INFO] --- maven-compiler-plugin:3.8.1:testCompile (default-testCompile) @ nifi-property-utils ---
[INFO] No sources to compile
[INFO] 
[INFO] --- maven-compiler-plugin:3.8.1:testCompile (groovy-tests) @ nifi-property-utils ---
[INFO] No sources to compile
[INFO] 
[INFO] --- maven-surefire-plugin:3.0.0-M8-SNAPSHOT:test (default-test) @ nifi-property-utils ---
[INFO] Tests are skipped.
[INFO] 
[INFO] --- maven-jar-plugin:3.2.0:jar (default-jar) @ nifi-property-utils ---
[INFO] Building jar: /home/srafi/after-cam-ready/compare_/compile_repair_output/work/4672c8e650f6/nifi-commons/nifi-property-utils/target/nifi-property-utils-1.15.0-SNAPSHOT.jar
[INFO] 
[INFO] --- maven-site-plugin:3.7.1:attach-descriptor (attach-descriptor) @ nifi-property-utils ---
[INFO] Skipping because packaging 'jar' is not pom.
[INFO] 
[INFO] --- maven-install-plugin:2.5.2:install (default-install) @ nifi-property-utils ---
[INFO] Installing /home/srafi/after-cam-ready/compare_/compile_repair_output/work/4672c8e650f6/nifi-commons/nifi-property-utils/target/nifi-property-utils-1.15.0-SNAPSHOT.jar to /home/srafi/.m2/repository/org/apache/nifi/nifi-property-utils/1.15.0-SNAPSHOT/nifi-property-utils-1.15.0-SNAPSHOT.jar
[INFO] Installing /home/srafi/after-cam-ready/compare_/compile_repair_output/work/4672c8e650f6/nifi-commons/nifi-property-utils/pom.xml to /home/srafi/.m2/repository/org/apache/nifi/nifi-property-utils/1.15.0-SNAPSHOT/nifi-property-utils-1.15.0-SNAPSHOT.pom
[INFO] 
[INFO] ------------------< org.apache.nifi:nifi-properties >-------------------
[INFO] Building nifi-properties 1.15.0-SNAPSHOT                          [8/38]
[INFO] --------------------------------[ jar ]---------------------------------
[INFO] 
[INFO] --- maven-clean-plugin:3.1.0:clean (default-clean) @ nifi-properties ---
[INFO] 
[INFO] --- maven-remote-resources-plugin:1.7.0:process (process-resource-bundles) @ nifi-properties ---
[INFO] Preparing remote bundle org.apache:apache-jar-resource-bundle:1.4
[INFO] Copying 3 resources from 1 bundle.
[INFO] 
[INFO] --- maven-resources-plugin:3.1.0:resources (default-resources) @ nifi-properties ---
[INFO] Using 'UTF-8' encoding to copy filtered resources.
[INFO] skip non existing resourceDirectory /home/srafi/after-cam-ready/compare_/compile_repair_output/work/4672c8e650f6/nifi-commons/nifi-properties/src/main/resources
[INFO] Copying 3 resources
[INFO] 
[INFO] --- maven-compiler-plugin:3.8.1:compile (default-compile) @ nifi-properties ---
[INFO] Changes detected - recompiling the module!
[INFO] Compiling 4 source files to /home/srafi/after-cam-ready/compare_/compile_repair_output/work/4672c8e650f6/nifi-commons/nifi-properties/target/classes
[INFO] 
[INFO] --- maven-resources-plugin:3.1.0:testResources (default-testResources) @ nifi-properties ---
[INFO] Using 'UTF-8' encoding to copy filtered resources.
[INFO] Copying 3 resources
[INFO] Copying 3 resources
[INFO] 
[INFO] --- maven-compiler-plugin:3.8.1:testCompile (default-testCompile) @ nifi-properties ---
[INFO] Changes detected - recompiling the module!
[INFO] Compiling 2 source files to /home/srafi/after-cam-ready/compare_/compile_repair_output/work/4672c8e650f6/nifi-commons/nifi-properties/target/test-classes
[INFO] 
[INFO] --- maven-compiler-plugin:3.8.1:testCompile (groovy-tests) @ nifi-properties ---
[INFO] Changes detected - recompiling the module!
[INFO] Nothing to compile - all classes are up to date
[INFO] 
[INFO] --- maven-surefire-plugin:3.0.0-M8-SNAPSHOT:test (default-test) @ nifi-properties ---
[INFO] Tests are skipped.
[INFO] 
[INFO] --- maven-jar-plugin:3.2.0:jar (default-jar) @ nifi-properties ---
[INFO] Building jar: /home/srafi/after-cam-ready/compare_/compile_repair_output/work/4672c8e650f6/nifi-commons/nifi-properties/target/nifi-properties-1.15.0-SNAPSHOT.jar
[INFO] 
[INFO] --- maven-site-plugin:3.7.1:attach-descriptor (attach-descriptor) @ nifi-properties ---
[INFO] Skipping because packaging 'jar' is not pom.
[INFO] 
[INFO] --- maven-install-plugin:2.5.2:install (default-install) @ nifi-properties ---
[INFO] Installing /home/srafi/after-cam-ready/compare_/compile_repair_output/work/4672c8e650f6/nifi-commons/nifi-properties/target/nifi-properties-1.15.0-SNAPSHOT.jar to /home/srafi/.m2/repository/org/apache/nifi/nifi-properties/1.15.0-SNAPSHOT/nifi-properties-1.15.0-SNAPSHOT.jar
[INFO] Installing /home/srafi/after-cam-ready/compare_/compile_repair_output/work/4672c8e650f6/nifi-commons/nifi-properties/pom.xml to /home/srafi/.m2/repository/org/apache/nifi/nifi-properties/1.15.0-SNAPSHOT/nifi-properties-1.15.0-SNAPSHOT.pom
[INFO] 
[INFO] ----------------< org.apache.nifi:nifi-security-utils >-----------------
[INFO] Building nifi-security-utils 1.15.0-SNAPSHOT                      [9/38]
[INFO] --------------------------------[ jar ]---------------------------------
[INFO] 
[INFO] --- maven-clean-plugin:3.1.0:clean (default-clean) @ nifi-security-utils ---
[INFO] 
[INFO] --- maven-remote-resources-plugin:1.7.0:process (process-resource-bundles) @ nifi-security-utils ---
[INFO] Preparing remote bundle org.apache:apache-jar-resource-bundle:1.4
[INFO] Copying 3 resources from 1 bundle.
[INFO] 
[INFO] --- maven-resources-plugin:3.1.0:resources (default-resources) @ nifi-security-utils ---
[INFO] Using 'UTF-8' encoding to copy filtered resources.
[INFO] skip non existing resourceDirectory /home/srafi/after-cam-ready/compare_/compile_repair_output/work/4672c8e650f6/nifi-commons/nifi-security-utils/src/main/resources
[INFO] Copying 3 resources
[INFO] 
[INFO] --- maven-compiler-plugin:3.8.1:compile (default-compile) @ nifi-security-utils ---
[INFO] Changes detected - recompiling the module!
[INFO] Compiling 38 source files to /home/srafi/after-cam-ready/compare_/compile_repair_output/work/4672c8e650f6/nifi-commons/nifi-security-utils/target/classes
[INFO] 
[INFO] --- maven-resources-plugin:3.1.0:testResources (default-testResources) @ nifi-security-utils ---
[INFO] Using 'UTF-8' encoding to copy filtered resources.
[INFO] Copying 17 resources
[INFO] Copying 3 resources
[INFO] 
[INFO] --- maven-compiler-plugin:3.8.1:testCompile (default-testCompile) @ nifi-security-utils ---
[INFO] Changes detected - recompiling the module!
[INFO] Compiling 5 source files to /home/srafi/after-cam-ready/compare_/compile_repair_output/work/4672c8e650f6/nifi-commons/nifi-security-utils/target/test-classes
[INFO] 
[INFO] --- maven-compiler-plugin:3.8.1:testCompile (groovy-tests) @ nifi-security-utils ---
[INFO] Changes detected - recompiling the module!
[INFO] Using Groovy-Eclipse compiler to compile both Java and Groovy files
[INFO] Compiling in a forked process using /home/srafi/.m2/repository/org/codehaus/groovy/groovy-eclipse-batch/2.5.14-01/groovy-eclipse-batch-2.5.14-01.jar
[WARNING] Error output from groovy-eclipse compiler:
----------
1. WARNING in /home/srafi/after-cam-ready/compare_/compile_repair_output/work/4672c8e650f6/nifi-commons/nifi-security-utils/src/test/groovy/org/apache/nifi/security/util/crypto/NiFiLegacyCipherProviderGroovyTest.groovy (at line 75)
	NiFiLegacyCipherProvider cipherProvider = new NiFiLegacyCipherProvider()
	^^^^^^^^^^^^^^^^^^^^^^^^
The type NiFiLegacyCipherProvider is deprecated
----------
2. WARNING in /home/srafi/after-cam-ready/compare_/compile_repair_output/work/4672c8e650f6/nifi-commons/nifi-security-utils/src/test/groovy/org/apache/nifi/security/util/crypto/NiFiLegacyCipherProviderGroovyTest.groovy (at line 110)
	NiFiLegacyCipherProvider cipherProvider = new NiFiLegacyCipherProvider()
	^^^^^^^^^^^^^^^^^^^^^^^^
The type NiFiLegacyCipherProvider is deprecated
----------
3. WARNING in /home/srafi/after-cam-ready/compare_/compile_repair_output/work/4672c8e650f6/nifi-commons/nifi-security-utils/src/test/groovy/org/apache/nifi/security/util/crypto/NiFiLegacyCipherProviderGroovyTest.groovy (at line 140)
	NiFiLegacyCipherProvider cipherProvider = new NiFiLegacyCipherProvider()
	^^^^^^^^^^^^^^^^^^^^^^^^
The type NiFiLegacyCipherProvider is deprecated
----------
4. WARNING in /home/srafi/after-cam-ready/compare_/compile_repair_output/work/4672c8e650f6/nifi-commons/nifi-security-utils/src/test/groovy/org/apache/nifi/security/util/crypto/NiFiLegacyCipherProviderGroovyTest.groovy (at line 175)
	NiFiLegacyCipherProvider cipherProvider = new NiFiLegacyCipherProvider()
	^^^^^^^^^^^^^^^^^^^^^^^^
The type NiFiLegacyCipherProvider is deprecated
----------
5. WARNING in /home/srafi/after-cam-ready/compare_/compile_repair_output/work/4672c8e650f6/nifi-commons/nifi-security-utils/src/test/groovy/org/apache/nifi/security/util/crypto/NiFiLegacyCipherProviderGroovyTest.groovy (at line 209)
	NiFiLegacyCipherProvider cipherProvider = new NiFiLegacyCipherProvider()
	^^^^^^^^^^^^^^^^^^^^^^^^
The type NiFiLegacyCipherProvider is deprecated
----------
6. WARNING in /home/srafi/after-cam-ready/compare_/compile_repair_output/work/4672c8e650f6/nifi-commons/nifi-security-utils/src/test/groovy/org/apache/nifi/security/util/crypto/NiFiLegacyCipherProviderGroovyTest.groovy (at line 260)
	NiFiLegacyCipherProvider cipherProvider = new NiFiLegacyCipherProvider()
	^^^^^^^^^^^^^^^^^^^^^^^^
The type NiFiLegacyCipherProvider is deprecated
----------
----------
7. WARNING in /home/srafi/after-cam-ready/compare_/compile_repair_output/work/4672c8e650f6/nifi-commons/nifi-security-utils/src/test/groovy/org/apache/nifi/security/util/CertificateUtilsTest.groovy (at line 118)
	@SuppressWarnings("deprecation")
	                  ^^^^^^^^^^^^^
Unnecessary @SuppressWarnings("deprecation")
----------
7 problems (7 warnings)

[INFO] 
[INFO] --- maven-surefire-plugin:3.0.0-M8-SNAPSHOT:test (default-test) @ nifi-security-utils ---
[INFO] Tests are skipped.
[INFO] 
[INFO] --- maven-jar-plugin:3.2.0:jar (default-jar) @ nifi-security-utils ---
[INFO] Building jar: /home/srafi/after-cam-ready/compare_/compile_repair_output/work/4672c8e650f6/nifi-commons/nifi-security-utils/target/nifi-security-utils-1.15.0-SNAPSHOT.jar
[INFO] 
[INFO] --- maven-site-plugin:3.7.1:attach-descriptor (attach-descriptor) @ nifi-security-utils ---
[INFO] Skipping because packaging 'jar' is not pom.
[INFO] 
[INFO] --- maven-install-plugin:2.5.2:install (default-install) @ nifi-security-utils ---
[INFO] Installing /home/srafi/after-cam-ready/compare_/compile_repair_output/work/4672c8e650f6/nifi-commons/nifi-security-utils/target/nifi-security-utils-1.15.0-SNAPSHOT.jar to /home/srafi/.m2/repository/org/apache/nifi/nifi-security-utils/1.15.0-SNAPSHOT/nifi-security-utils-1.15.0-SNAPSHOT.jar
[INFO] Installing /home/srafi/after-cam-ready/compare_/compile_repair_output/work/4672c8e650f6/nifi-commons/nifi-security-utils/pom.xml to /home/srafi/.m2/repository/org/apache/nifi/nifi-security-utils/1.15.0-SNAPSHOT/nifi-security-utils-1.15.0-SNAPSHOT.pom
[INFO] 
[INFO] -----------------< org.apache.nifi:nifi-framework-api >-----------------
[INFO] Building nifi-framework-api 1.15.0-SNAPSHOT                      [10/38]
[INFO] --------------------------------[ jar ]---------------------------------
[INFO] 
[INFO] --- maven-clean-plugin:3.1.0:clean (default-clean) @ nifi-framework-api ---
[INFO] 
[INFO] --- maven-remote-resources-plugin:1.7.0:process (process-resource-bundles) @ nifi-framework-api ---
[INFO] Preparing remote bundle org.apache:apache-jar-resource-bundle:1.4
[INFO] Copying 3 resources from 1 bundle.
[INFO] 
[INFO] --- maven-resources-plugin:3.1.0:resources (default-resources) @ nifi-framework-api ---
[INFO] Using 'UTF-8' encoding to copy filtered resources.
[INFO] skip non existing resourceDirectory /home/srafi/after-cam-ready/compare_/compile_repair_output/work/4672c8e650f6/nifi-framework-api/src/main/resources
[INFO] Copying 3 resources
[INFO] 
[INFO] --- maven-compiler-plugin:3.8.1:compile (default-compile) @ nifi-framework-api ---
[INFO] Changes detected - recompiling the module!
[INFO] Compiling 144 source files to /home/srafi/after-cam-ready/compare_/compile_repair_output/work/4672c8e650f6/nifi-framework-api/target/classes
[INFO] 
[INFO] --- maven-resources-plugin:3.1.0:testResources (default-testResources) @ nifi-framework-api ---
[INFO] Using 'UTF-8' encoding to copy filtered resources.
[INFO] skip non existing resourceDirectory /home/srafi/after-cam-ready/compare_/compile_repair_output/work/4672c8e650f6/nifi-framework-api/src/test/resources
[INFO] Copying 3 resources
[INFO] 
[INFO] --- maven-compiler-plugin:3.8.1:testCompile (default-testCompile) @ nifi-framework-api ---
[INFO] Changes detected - recompiling the module!
[INFO] Compiling 8 source files to /home/srafi/after-cam-ready/compare_/compile_repair_output/work/4672c8e650f6/nifi-framework-api/target/test-classes
[INFO] 
[INFO] --- maven-compiler-plugin:3.8.1:testCompile (groovy-tests) @ nifi-framework-api ---
[INFO] Changes detected - recompiling the module!
[INFO] Nothing to compile - all classes are up to date
[INFO] 
[INFO] --- maven-surefire-plugin:3.0.0-M8-SNAPSHOT:test (default-test) @ nifi-framework-api ---
[INFO] Tests are skipped.
[INFO] 
[INFO] --- maven-jar-plugin:3.2.0:jar (default-jar) @ nifi-framework-api ---
[INFO] Building jar: /home/srafi/after-cam-ready/compare_/compile_repair_output/work/4672c8e650f6/nifi-framework-api/target/nifi-framework-api-1.15.0-SNAPSHOT.jar
[INFO] 
[INFO] --- maven-site-plugin:3.7.1:attach-descriptor (attach-descriptor) @ nifi-framework-api ---
[INFO] Skipping because packaging 'jar' is not pom.
[INFO] 
[INFO] --- maven-install-plugin:2.5.2:install (default-install) @ nifi-framework-api ---
[INFO] Installing /home/srafi/after-cam-ready/compare_/compile_repair_output/work/4672c8e650f6/nifi-framework-api/target/nifi-framework-api-1.15.0-SNAPSHOT.jar to /home/srafi/.m2/repository/org/apache/nifi/nifi-framework-api/1.15.0-SNAPSHOT/nifi-framework-api-1.15.0-SNAPSHOT.jar
[INFO] Installing /home/srafi/after-cam-ready/compare_/compile_repair_output/work/4672c8e650f6/nifi-framework-api/pom.xml to /home/srafi/.m2/repository/org/apache/nifi/nifi-framework-api/1.15.0-SNAPSHOT/nifi-framework-api-1.15.0-SNAPSHOT.pom
[INFO] 
[INFO] -------------< org.apache.nifi:nifi-data-provenance-utils >-------------
[INFO] Building nifi-data-provenance-utils 1.15.0-SNAPSHOT              [11/38]
[INFO] --------------------------------[ jar ]---------------------------------
[INFO] 
[INFO] --- maven-clean-plugin:3.1.0:clean (default-clean) @ nifi-data-provenance-utils ---
[INFO] 
[INFO] --- maven-remote-resources-plugin:1.7.0:process (process-resource-bundles) @ nifi-data-provenance-utils ---
[INFO] Preparing remote bundle org.apache:apache-jar-resource-bundle:1.4
[INFO] Copying 3 resources from 1 bundle.
[INFO] 
[INFO] --- maven-resources-plugin:3.1.0:resources (default-resources) @ nifi-data-provenance-utils ---
[INFO] Using 'UTF-8' encoding to copy filtered resources.
[INFO] skip non existing resourceDirectory /home/srafi/after-cam-ready/compare_/compile_repair_output/work/4672c8e650f6/nifi-commons/nifi-data-provenance-utils/src/main/resources
[INFO] Copying 3 resources
[INFO] 
[INFO] --- maven-compiler-plugin:3.8.1:compile (default-compile) @ nifi-data-provenance-utils ---
[INFO] Changes detected - recompiling the module!
[INFO] Compiling 14 source files to /home/srafi/after-cam-ready/compare_/compile_repair_output/work/4672c8e650f6/nifi-commons/nifi-data-provenance-utils/target/classes
[INFO] 
[INFO] --- maven-resources-plugin:3.1.0:testResources (default-testResources) @ nifi-data-provenance-utils ---
[INFO] Using 'UTF-8' encoding to copy filtered resources.
[INFO] skip non existing resourceDirectory /home/srafi/after-cam-ready/compare_/compile_repair_output/work/4672c8e650f6/nifi-commons/nifi-data-provenance-utils/src/test/resources
[INFO] Copying 3 resources
[INFO] 
[INFO] --- maven-compiler-plugin:3.8.1:testCompile (default-testCompile) @ nifi-data-provenance-utils ---
[INFO] No sources to compile
[INFO] 
[INFO] --- maven-compiler-plugin:3.8.1:testCompile (groovy-tests) @ nifi-data-provenance-utils ---
[INFO] No sources to compile
[INFO] 
[INFO] --- maven-surefire-plugin:3.0.0-M8-SNAPSHOT:test (default-test) @ nifi-data-provenance-utils ---
[INFO] Tests are skipped.
[INFO] 
[INFO] --- maven-jar-plugin:3.2.0:jar (default-jar) @ nifi-data-provenance-utils ---
[INFO] Building jar: /home/srafi/after-cam-ready/compare_/compile_repair_output/work/4672c8e650f6/nifi-commons/nifi-data-provenance-utils/target/nifi-data-provenance-utils-1.15.0-SNAPSHOT.jar
[INFO] 
[INFO] --- maven-site-plugin:3.7.1:attach-descriptor (attach-descriptor) @ nifi-data-provenance-utils ---
[INFO] Skipping because packaging 'jar' is not pom.
[INFO] 
[INFO] --- maven-install-plugin:2.5.2:install (default-install) @ nifi-data-provenance-utils ---
[INFO] Installing /home/srafi/after-cam-ready/compare_/compile_repair_output/work/4672c8e650f6/nifi-commons/nifi-data-provenance-utils/target/nifi-data-provenance-utils-1.15.0-SNAPSHOT.jar to /home/srafi/.m2/repository/org/apache/nifi/nifi-data-provenance-utils/1.15.0-SNAPSHOT/nifi-data-provenance-utils-1.15.0-SNAPSHOT.jar
[INFO] Installing /home/srafi/after-cam-ready/compare_/compile_repair_output/work/4672c8e650f6/nifi-commons/nifi-data-provenance-utils/pom.xml to /home/srafi/.m2/repository/org/apache/nifi/nifi-data-provenance-utils/1.15.0-SNAPSHOT/nifi-data-provenance-utils-1.15.0-SNAPSHOT.pom
[INFO] 
[INFO] -------------------< org.apache.nifi:nifi-parameter >-------------------
[INFO] Building nifi-parameter 1.15.0-SNAPSHOT                          [12/38]
[INFO] --------------------------------[ jar ]---------------------------------
[INFO] 
[INFO] --- maven-clean-plugin:3.1.0:clean (default-clean) @ nifi-parameter ---
[INFO] 
[INFO] --- maven-remote-resources-plugin:1.7.0:process (process-resource-bundles) @ nifi-parameter ---
[INFO] Preparing remote bundle org.apache:apache-jar-resource-bundle:1.4
[INFO] Copying 3 resources from 1 bundle.
[INFO] 
[INFO] --- maven-resources-plugin:3.1.0:resources (default-resources) @ nifi-parameter ---
[INFO] Using 'UTF-8' encoding to copy filtered resources.
[INFO] skip non existing resourceDirectory /home/srafi/after-cam-ready/compare_/compile_repair_output/work/4672c8e650f6/nifi-commons/nifi-parameter/src/main/resources
[INFO] Copying 3 resources
[INFO] 
[INFO] --- maven-compiler-plugin:3.8.1:compile (default-compile) @ nifi-parameter ---
[INFO] Changes detected - recompiling the module!
[INFO] Compiling 12 source files to /home/srafi/after-cam-ready/compare_/compile_repair_output/work/4672c8e650f6/nifi-commons/nifi-parameter/target/classes
[INFO] 
[INFO] --- maven-resources-plugin:3.1.0:testResources (default-testResources) @ nifi-parameter ---
[INFO] Using 'UTF-8' encoding to copy filtered resources.
[INFO] skip non existing resourceDirectory /home/srafi/after-cam-ready/compare_/compile_repair_output/work/4672c8e650f6/nifi-commons/nifi-parameter/src/test/resources
[INFO] Copying 3 resources
[INFO] 
[INFO] --- maven-compiler-plugin:3.8.1:testCompile (default-testCompile) @ nifi-parameter ---
[INFO] Changes detected - recompiling the module!
[INFO] Compiling 3 source files to /home/srafi/after-cam-ready/compare_/compile_repair_output/work/4672c8e650f6/nifi-commons/nifi-parameter/target/test-classes
[INFO] 
[INFO] --- maven-compiler-plugin:3.8.1:testCompile (groovy-tests) @ nifi-parameter ---
[INFO] Changes detected - recompiling the module!
[INFO] Nothing to compile - all classes are up to date
[INFO] 
[INFO] --- maven-surefire-plugin:3.0.0-M8-SNAPSHOT:test (default-test) @ nifi-parameter ---
[INFO] Tests are skipped.
[INFO] 
[INFO] --- maven-jar-plugin:3.2.0:jar (default-jar) @ nifi-parameter ---
[INFO] Building jar: /home/srafi/after-cam-ready/compare_/compile_repair_output/work/4672c8e650f6/nifi-commons/nifi-parameter/target/nifi-parameter-1.15.0-SNAPSHOT.jar
[INFO] 
[INFO] --- maven-site-plugin:3.7.1:attach-descriptor (attach-descriptor) @ nifi-parameter ---
[INFO] Skipping because packaging 'jar' is not pom.
[INFO] 
[INFO] --- maven-install-plugin:2.5.2:install (default-install) @ nifi-parameter ---
[INFO] Installing /home/srafi/after-cam-ready/compare_/compile_repair_output/work/4672c8e650f6/nifi-commons/nifi-parameter/target/nifi-parameter-1.15.0-SNAPSHOT.jar to /home/srafi/.m2/repository/org/apache/nifi/nifi-parameter/1.15.0-SNAPSHOT/nifi-parameter-1.15.0-SNAPSHOT.jar
[INFO] Installing /home/srafi/after-cam-ready/compare_/compile_repair_output/work/4672c8e650f6/nifi-commons/nifi-parameter/pom.xml to /home/srafi/.m2/repository/org/apache/nifi/nifi-parameter/1.15.0-SNAPSHOT/nifi-parameter-1.15.0-SNAPSHOT.pom
[INFO] 
[INFO] ---------------------< org.apache.nifi:nifi-uuid5 >---------------------
[INFO] Building nifi-uuid5 1.15.0-SNAPSHOT                              [13/38]
[INFO] --------------------------------[ jar ]---------------------------------
[INFO] 
[INFO] --- maven-clean-plugin:3.1.0:clean (default-clean) @ nifi-uuid5 ---
[INFO] 
[INFO] --- maven-remote-resources-plugin:1.7.0:process (process-resource-bundles) @ nifi-uuid5 ---
[INFO] Preparing remote bundle org.apache:apache-jar-resource-bundle:1.4
[INFO] Copying 3 resources from 1 bundle.
[INFO] 
[INFO] --- maven-resources-plugin:3.1.0:resources (default-resources) @ nifi-uuid5 ---
[INFO] Using 'UTF-8' encoding to copy filtered resources.
[INFO] skip non existing resourceDirectory /home/srafi/after-cam-ready/compare_/compile_repair_output/work/4672c8e650f6/nifi-commons/nifi-uuid5/src/main/resources
[INFO] Copying 3 resources
[INFO] 
[INFO] --- maven-compiler-plugin:3.8.1:compile (default-compile) @ nifi-uuid5 ---
[INFO] Changes detected - recompiling the module!
[INFO] Compiling 1 source file to /home/srafi/after-cam-ready/compare_/compile_repair_output/work/4672c8e650f6/nifi-commons/nifi-uuid5/target/classes
[INFO] 
[INFO] --- maven-resources-plugin:3.1.0:testResources (default-testResources) @ nifi-uuid5 ---
[INFO] Using 'UTF-8' encoding to copy filtered resources.
[INFO] skip non existing resourceDirectory /home/srafi/after-cam-ready/compare_/compile_repair_output/work/4672c8e650f6/nifi-commons/nifi-uuid5/src/test/resources
[INFO] Copying 3 resources
[INFO] 
[INFO] --- maven-compiler-plugin:3.8.1:testCompile (default-testCompile) @ nifi-uuid5 ---
[INFO] No sources to compile
[INFO] 
[INFO] --- maven-compiler-plugin:3.8.1:testCompile (groovy-tests) @ nifi-uuid5 ---
[INFO] No sources to compile
[INFO] 
[INFO] --- maven-surefire-plugin:3.0.0-M8-SNAPSHOT:test (default-test) @ nifi-uuid5 ---
[INFO] Tests are skipped.
[INFO] 
[INFO] --- maven-jar-plugin:3.2.0:jar (default-jar) @ nifi-uuid5 ---
[INFO] Building jar: /home/srafi/after-cam-ready/compare_/compile_repair_output/work/4672c8e650f6/nifi-commons/nifi-uuid5/target/nifi-uuid5-1.15.0-SNAPSHOT.jar
[INFO] 
[INFO] --- maven-site-plugin:3.7.1:attach-descriptor (attach-descriptor) @ nifi-uuid5 ---
[INFO] Skipping because packaging 'jar' is not pom.
[INFO] 
[INFO] --- maven-install-plugin:2.5.2:install (default-install) @ nifi-uuid5 ---
[INFO] Installing /home/srafi/after-cam-ready/compare_/compile_repair_output/work/4672c8e650f6/nifi-commons/nifi-uuid5/target/nifi-uuid5-1.15.0-SNAPSHOT.jar to /home/srafi/.m2/repository/org/apache/nifi/nifi-uuid5/1.15.0-SNAPSHOT/nifi-uuid5-1.15.0-SNAPSHOT.jar
[INFO] Installing /home/srafi/after-cam-ready/compare_/compile_repair_output/work/4672c8e650f6/nifi-commons/nifi-uuid5/pom.xml to /home/srafi/.m2/repository/org/apache/nifi/nifi-uuid5/1.15.0-SNAPSHOT/nifi-uuid5-1.15.0-SNAPSHOT.pom
[INFO] 
[INFO] --------------< org.apache.nifi:nifi-expression-language >--------------
[INFO] Building nifi-expression-language 1.15.0-SNAPSHOT                [14/38]
[INFO] --------------------------------[ jar ]---------------------------------
[INFO] 
[INFO] --- maven-clean-plugin:3.1.0:clean (default-clean) @ nifi-expression-language ---
[INFO] 
[INFO] --- antlr3-maven-plugin:3.5.2:antlr (default) @ nifi-expression-language ---
[INFO] ANTLR: Processing source directory /home/srafi/after-cam-ready/compare_/compile_repair_output/work/4672c8e650f6/nifi-commons/nifi-expression-language/src/main/antlr3
ANTLR Parser Generator  Version 3.5.2
Output file /home/srafi/after-cam-ready/compare_/compile_repair_output/work/4672c8e650f6/nifi-commons/nifi-expression-language/target/generated-sources/antlr3/org/apache/nifi/attribute/expression/language/antlr/AttributeExpressionLexer.java does not exist: must build /home/srafi/after-cam-ready/compare_/compile_repair_output/work/4672c8e650f6/nifi-commons/nifi-expression-language/src/main/antlr3/org/apache/nifi/attribute/expression/language/antlr/AttributeExpressionLexer.g
org/apache/nifi/attribute/expression/language/antlr/AttributeExpressionLexer.g
Output file /home/srafi/after-cam-ready/compare_/compile_repair_output/work/4672c8e650f6/nifi-commons/nifi-expression-language/target/generated-sources/antlr3/org/apache/nifi/attribute/expression/language/antlr/AttributeExpressionParser.java does not exist: must build /home/srafi/after-cam-ready/compare_/compile_repair_output/work/4672c8e650f6/nifi-commons/nifi-expression-language/src/main/antlr3/org/apache/nifi/attribute/expression/language/antlr/AttributeExpressionParser.g
org/apache/nifi/attribute/expression/language/antlr/AttributeExpressionParser.g
[INFO] 
[INFO] --- maven-remote-resources-plugin:1.7.0:process (process-resource-bundles) @ nifi-expression-language ---
[INFO] Preparing remote bundle org.apache:apache-jar-resource-bundle:1.4
[INFO] Copying 3 resources from 1 bundle.
[INFO] 
[INFO] --- maven-resources-plugin:3.1.0:resources (default-resources) @ nifi-expression-language ---
[INFO] Using 'UTF-8' encoding to copy filtered resources.
[INFO] skip non existing resourceDirectory /home/srafi/after-cam-ready/compare_/compile_repair_output/work/4672c8e650f6/nifi-commons/nifi-expression-language/src/main/resources
[INFO] Copying 3 resources
[INFO] 
[INFO] --- maven-compiler-plugin:3.8.1:compile (default-compile) @ nifi-expression-language ---
[INFO] Changes detected - recompiling the module!
[INFO] Compiling 143 source files to /home/srafi/after-cam-ready/compare_/compile_repair_output/work/4672c8e650f6/nifi-commons/nifi-expression-language/target/classes
[WARNING] /home/srafi/after-cam-ready/compare_/compile_repair_output/work/4672c8e650f6/nifi-commons/nifi-expression-language/src/main/java/org/apache/nifi/attribute/expression/language/StandardPropertyValue.java:[122,54] [deprecation] getTimeDuration(String,TimeUnit) in FormatUtils has been deprecated
[INFO] 
[INFO] --- maven-resources-plugin:3.1.0:testResources (default-testResources) @ nifi-expression-language ---
[INFO] Using 'UTF-8' encoding to copy filtered resources.
[INFO] Copying 1 resource
[INFO] Copying 3 resources
[INFO] 
[INFO] --- maven-compiler-plugin:3.8.1:testCompile (default-testCompile) @ nifi-expression-language ---
[INFO] Changes detected - recompiling the module!
[INFO] Compiling 3 source files to /home/srafi/after-cam-ready/compare_/compile_repair_output/work/4672c8e650f6/nifi-commons/nifi-expression-language/target/test-classes
[INFO] 
[INFO] --- maven-compiler-plugin:3.8.1:testCompile (groovy-tests) @ nifi-expression-language ---
[INFO] Changes detected - recompiling the module!
[INFO] Using Groovy-Eclipse compiler to compile both Java and Groovy files
[INFO] Compiling in a forked process using /home/srafi/.m2/repository/org/codehaus/groovy/groovy-eclipse-batch/2.5.14-01/groovy-eclipse-batch-2.5.14-01.jar
[INFO] 
[INFO] --- maven-surefire-plugin:3.0.0-M8-SNAPSHOT:test (default-test) @ nifi-expression-language ---
[INFO] Tests are skipped.
[INFO] 
[INFO] --- maven-jar-plugin:3.2.0:jar (default-jar) @ nifi-expression-language ---
[INFO] Building jar: /home/srafi/after-cam-ready/compare_/compile_repair_output/work/4672c8e650f6/nifi-commons/nifi-expression-language/target/nifi-expression-language-1.15.0-SNAPSHOT.jar
[INFO] 
[INFO] --- maven-site-plugin:3.7.1:attach-descriptor (attach-descriptor) @ nifi-expression-language ---
[INFO] Skipping because packaging 'jar' is not pom.
[INFO] 
[INFO] --- maven-install-plugin:2.5.2:install (default-install) @ nifi-expression-language ---
[INFO] Installing /home/srafi/after-cam-ready/compare_/compile_repair_output/work/4672c8e650f6/nifi-commons/nifi-expression-language/target/nifi-expression-language-1.15.0-SNAPSHOT.jar to /home/srafi/.m2/repository/org/apache/nifi/nifi-expression-language/1.15.0-SNAPSHOT/nifi-expression-language-1.15.0-SNAPSHOT.jar
[INFO] Installing /home/srafi/after-cam-ready/compare_/compile_repair_output/work/4672c8e650f6/nifi-commons/nifi-expression-language/pom.xml to /home/srafi/.m2/repository/org/apache/nifi/nifi-expression-language/1.15.0-SNAPSHOT/nifi-expression-language-1.15.0-SNAPSHOT.pom
[INFO] 
[INFO] --------------------< org.apache.nifi:nifi-metrics >--------------------
[INFO] Building nifi-metrics 1.15.0-SNAPSHOT                            [15/38]
[INFO] --------------------------------[ jar ]---------------------------------
[INFO] 
[INFO] --- maven-clean-plugin:3.1.0:clean (default-clean) @ nifi-metrics ---
[INFO] 
[INFO] --- build-helper-maven-plugin:1.5:add-source (add-source) @ nifi-metrics ---
[INFO] Source directory: /home/srafi/after-cam-ready/compare_/compile_repair_output/work/4672c8e650f6/nifi-commons/nifi-metrics/src/main/groovy added.
[INFO] 
[INFO] --- maven-remote-resources-plugin:1.7.0:process (process-resource-bundles) @ nifi-metrics ---
[INFO] Preparing remote bundle org.apache:apache-jar-resource-bundle:1.4
[INFO] Copying 3 resources from 1 bundle.
[INFO] 
[INFO] --- maven-resources-plugin:3.1.0:resources (default-resources) @ nifi-metrics ---
[INFO] Using 'UTF-8' encoding to copy filtered resources.
[INFO] skip non existing resourceDirectory /home/srafi/after-cam-ready/compare_/compile_repair_output/work/4672c8e650f6/nifi-commons/nifi-metrics/src/main/resources
[INFO] Copying 3 resources
[INFO] 
[INFO] --- maven-compiler-plugin:3.8.1:compile (default-compile) @ nifi-metrics ---
[INFO] Changes detected - recompiling the module!
[INFO] Compiling 2 source files to /home/srafi/after-cam-ready/compare_/compile_repair_output/work/4672c8e650f6/nifi-commons/nifi-metrics/target/classes
[INFO] 
[INFO] --- build-helper-maven-plugin:1.5:add-test-source (add-test-source) @ nifi-metrics ---
[INFO] Test Source directory: /home/srafi/after-cam-ready/compare_/compile_repair_output/work/4672c8e650f6/nifi-commons/nifi-metrics/src/test/groovy added.
[INFO] 
[INFO] --- maven-resources-plugin:3.1.0:testResources (default-testResources) @ nifi-metrics ---
[INFO] Using 'UTF-8' encoding to copy filtered resources.
[INFO] skip non existing resourceDirectory /home/srafi/after-cam-ready/compare_/compile_repair_output/work/4672c8e650f6/nifi-commons/nifi-metrics/src/test/resources
[INFO] Copying 3 resources
[INFO] 
[INFO] --- maven-compiler-plugin:3.8.1:testCompile (default-testCompile) @ nifi-metrics ---
[INFO] Changes detected - recompiling the module!
[INFO] 
[INFO] --- maven-compiler-plugin:3.8.1:testCompile (groovy-tests) @ nifi-metrics ---
[INFO] Changes detected - recompiling the module!
[INFO] Using Groovy-Eclipse compiler to compile both Java and Groovy files
[INFO] Compiling in a forked process using /home/srafi/.m2/repository/org/codehaus/groovy/groovy-eclipse-batch/2.5.14-01/groovy-eclipse-batch-2.5.14-01.jar
[INFO] 
[INFO] --- maven-surefire-plugin:3.0.0-M8-SNAPSHOT:test (default-test) @ nifi-metrics ---
[INFO] Tests are skipped.
[INFO] 
[INFO] --- maven-jar-plugin:3.2.0:jar (default-jar) @ nifi-metrics ---
[INFO] Building jar: /home/srafi/after-cam-ready/compare_/compile_repair_output/work/4672c8e650f6/nifi-commons/nifi-metrics/target/nifi-metrics-1.15.0-SNAPSHOT.jar
[INFO] 
[INFO] --- maven-site-plugin:3.7.1:attach-descriptor (attach-descriptor) @ nifi-metrics ---
[INFO] Skipping because packaging 'jar' is not pom.
[INFO] 
[INFO] --- maven-install-plugin:2.5.2:install (default-install) @ nifi-metrics ---
[INFO] Installing /home/srafi/after-cam-ready/compare_/compile_repair_output/work/4672c8e650f6/nifi-commons/nifi-metrics/target/nifi-metrics-1.15.0-SNAPSHOT.jar to /home/srafi/.m2/repository/org/apache/nifi/nifi-metrics/1.15.0-SNAPSHOT/nifi-metrics-1.15.0-SNAPSHOT.jar
[INFO] Installing /home/srafi/after-cam-ready/compare_/compile_repair_output/work/4672c8e650f6/nifi-commons/nifi-metrics/pom.xml to /home/srafi/.m2/repository/org/apache/nifi/nifi-metrics/1.15.0-SNAPSHOT/nifi-metrics-1.15.0-SNAPSHOT.pom
[INFO] 
[INFO] ---------------< org.apache.nifi.registry:nifi-registry >---------------
[INFO] Building nifi-registry 1.15.0-SNAPSHOT                           [16/38]
[INFO] --------------------------------[ pom ]---------------------------------
[INFO] 
[INFO] --- maven-clean-plugin:3.1.0:clean (default-clean) @ nifi-registry ---
[INFO] 
[INFO] --- maven-remote-resources-plugin:1.7.0:process (process-resource-bundles) @ nifi-registry ---
[INFO] Preparing remote bundle org.apache:apache-jar-resource-bundle:1.4
[INFO] Copying 3 resources from 1 bundle.
[INFO] 
[INFO] --- maven-compiler-plugin:3.8.1:testCompile (groovy-tests) @ nifi-registry ---
[INFO] No sources to compile
[INFO] 
[INFO] --- maven-site-plugin:3.4:attach-descriptor (attach-descriptor) @ nifi-registry ---
[INFO] 
[INFO] --- maven-install-plugin:2.5.2:install (default-install) @ nifi-registry ---
[INFO] Installing /home/srafi/after-cam-ready/compare_/compile_repair_output/work/4672c8e650f6/nifi-registry/pom.xml to /home/srafi/.m2/repository/org/apache/nifi/registry/nifi-registry/1.15.0-SNAPSHOT/nifi-registry-1.15.0-SNAPSHOT.pom
[INFO] 
[INFO] ------------< org.apache.nifi.registry:nifi-registry-core >-------------
[INFO] Building nifi-registry-core 1.15.0-SNAPSHOT                      [17/38]
[INFO] --------------------------------[ pom ]---------------------------------
[INFO] 
[INFO] --- maven-clean-plugin:3.1.0:clean (default-clean) @ nifi-registry-core ---
[INFO] 
[INFO] --- maven-remote-resources-plugin:1.7.0:process (process-resource-bundles) @ nifi-registry-core ---
[INFO] Preparing remote bundle org.apache:apache-jar-resource-bundle:1.4
[INFO] Copying 3 resources from 1 bundle.
[INFO] 
[INFO] --- maven-compiler-plugin:3.8.1:testCompile (groovy-tests) @ nifi-registry-core ---
[INFO] No sources to compile
[INFO] 
[INFO] --- maven-site-plugin:3.4:attach-descriptor (attach-descriptor) @ nifi-registry-core ---
[INFO] 
[INFO] --- maven-install-plugin:2.5.2:install (default-install) @ nifi-registry-core ---
[INFO] Installing /home/srafi/after-cam-ready/compare_/compile_repair_output/work/4672c8e650f6/nifi-registry/nifi-registry-core/pom.xml to /home/srafi/.m2/repository/org/apache/nifi/registry/nifi-registry-core/1.15.0-SNAPSHOT/nifi-registry-core-1.15.0-SNAPSHOT.pom
[INFO] 
[INFO] ----------< org.apache.nifi.registry:nifi-registry-revision >-----------
[INFO] Building nifi-registry-revision 1.15.0-SNAPSHOT                  [18/38]
[INFO] --------------------------------[ pom ]---------------------------------
[INFO] 
[INFO] --- maven-clean-plugin:3.1.0:clean (default-clean) @ nifi-registry-revision ---
[INFO] 
[INFO] --- maven-remote-resources-plugin:1.7.0:process (process-resource-bundles) @ nifi-registry-revision ---
[INFO] Preparing remote bundle org.apache:apache-jar-resource-bundle:1.4
[INFO] Copying 3 resources from 1 bundle.
[INFO] 
[INFO] --- maven-compiler-plugin:3.8.1:testCompile (groovy-tests) @ nifi-registry-revision ---
[INFO] No sources to compile
[INFO] 
[INFO] --- maven-site-plugin:3.4:attach-descriptor (attach-descriptor) @ nifi-registry-revision ---
[INFO] 
[INFO] --- maven-install-plugin:2.5.2:install (default-install) @ nifi-registry-revision ---
[INFO] Installing /home/srafi/after-cam-ready/compare_/compile_repair_output/work/4672c8e650f6/nifi-registry/nifi-registry-core/nifi-registry-revision/pom.xml to /home/srafi/.m2/repository/org/apache/nifi/registry/nifi-registry-revision/1.15.0-SNAPSHOT/nifi-registry-revision-1.15.0-SNAPSHOT.pom
[INFO] 
[INFO] ----< org.apache.nifi.registry:nifi-registry-revision-entity-model >----
[INFO] Building nifi-registry-revision-entity-model 1.15.0-SNAPSHOT     [19/38]
[INFO] --------------------------------[ jar ]---------------------------------
[INFO] 
[INFO] --- maven-clean-plugin:3.1.0:clean (default-clean) @ nifi-registry-revision-entity-model ---
[INFO] 
[INFO] --- maven-remote-resources-plugin:1.7.0:process (process-resource-bundles) @ nifi-registry-revision-entity-model ---
[INFO] Preparing remote bundle org.apache:apache-jar-resource-bundle:1.4
[INFO] Copying 3 resources from 1 bundle.
[INFO] 
[INFO] --- maven-resources-plugin:2.7:resources (default-resources) @ nifi-registry-revision-entity-model ---
[INFO] Using 'UTF-8' encoding to copy filtered resources.
[INFO] skip non existing resourceDirectory /home/srafi/after-cam-ready/compare_/compile_repair_output/work/4672c8e650f6/nifi-registry/nifi-registry-core/nifi-registry-revision/nifi-registry-revision-entity-model/src/main/resources
[INFO] Copying 3 resources
[INFO] 
[INFO] --- maven-compiler-plugin:3.8.1:compile (default-compile) @ nifi-registry-revision-entity-model ---
[INFO] Changes detected - recompiling the module!
[INFO] Compiling 2 source files to /home/srafi/after-cam-ready/compare_/compile_repair_output/work/4672c8e650f6/nifi-registry/nifi-registry-core/nifi-registry-revision/nifi-registry-revision-entity-model/target/classes
[INFO] 
[INFO] --- maven-resources-plugin:2.7:testResources (default-testResources) @ nifi-registry-revision-entity-model ---
[INFO] Using 'UTF-8' encoding to copy filtered resources.
[INFO] skip non existing resourceDirectory /home/srafi/after-cam-ready/compare_/compile_repair_output/work/4672c8e650f6/nifi-registry/nifi-registry-core/nifi-registry-revision/nifi-registry-revision-entity-model/src/test/resources
[INFO] Copying 3 resources
[INFO] 
[INFO] --- maven-compiler-plugin:3.8.1:testCompile (default-testCompile) @ nifi-registry-revision-entity-model ---
[INFO] No sources to compile
[INFO] 
[INFO] --- maven-compiler-plugin:3.8.1:testCompile (groovy-tests) @ nifi-registry-revision-entity-model ---
[INFO] No sources to compile
[INFO] 
[INFO] --- maven-surefire-plugin:3.0.0-M8-SNAPSHOT:test (default-test) @ nifi-registry-revision-entity-model ---
[INFO] Tests are skipped.
[INFO] 
[INFO] --- maven-jar-plugin:2.5:jar (default-jar) @ nifi-registry-revision-entity-model ---
[INFO] Building jar: /home/srafi/after-cam-ready/compare_/compile_repair_output/work/4672c8e650f6/nifi-registry/nifi-registry-core/nifi-registry-revision/nifi-registry-revision-entity-model/target/nifi-registry-revision-entity-model-1.15.0-SNAPSHOT.jar
[INFO] 
[INFO] --- maven-site-plugin:3.4:attach-descriptor (attach-descriptor) @ nifi-registry-revision-entity-model ---
[INFO] 
[INFO] --- maven-install-plugin:2.5.2:install (default-install) @ nifi-registry-revision-entity-model ---
[INFO] Installing /home/srafi/after-cam-ready/compare_/compile_repair_output/work/4672c8e650f6/nifi-registry/nifi-registry-core/nifi-registry-revision/nifi-registry-revision-entity-model/target/nifi-registry-revision-entity-model-1.15.0-SNAPSHOT.jar to /home/srafi/.m2/repository/org/apache/nifi/registry/nifi-registry-revision-entity-model/1.15.0-SNAPSHOT/nifi-registry-revision-entity-model-1.15.0-SNAPSHOT.jar
[INFO] Installing /home/srafi/after-cam-ready/compare_/compile_repair_output/work/4672c8e650f6/nifi-registry/nifi-registry-core/nifi-registry-revision/nifi-registry-revision-entity-model/pom.xml to /home/srafi/.m2/repository/org/apache/nifi/registry/nifi-registry-revision-entity-model/1.15.0-SNAPSHOT/nifi-registry-revision-entity-model-1.15.0-SNAPSHOT.pom
[INFO] 
[INFO] ---------< org.apache.nifi.registry:nifi-registry-data-model >----------
[INFO] Building nifi-registry-data-model 1.15.0-SNAPSHOT                [20/38]
[INFO] --------------------------------[ jar ]---------------------------------
[INFO] 
[INFO] --- maven-clean-plugin:3.1.0:clean (default-clean) @ nifi-registry-data-model ---
[INFO] 
[INFO] --- maven-remote-resources-plugin:1.7.0:process (process-resource-bundles) @ nifi-registry-data-model ---
[INFO] Preparing remote bundle org.apache:apache-jar-resource-bundle:1.4
[INFO] Copying 3 resources from 1 bundle.
[INFO] 
[INFO] --- maven-resources-plugin:2.7:resources (default-resources) @ nifi-registry-data-model ---
[INFO] Using 'UTF-8' encoding to copy filtered resources.
[INFO] skip non existing resourceDirectory /home/srafi/after-cam-ready/compare_/compile_repair_output/work/4672c8e650f6/nifi-registry/nifi-registry-core/nifi-registry-data-model/src/main/resources
[INFO] Copying 3 resources
[INFO] 
[INFO] --- maven-compiler-plugin:3.8.1:compile (default-compile) @ nifi-registry-data-model ---
[INFO] Changes detected - recompiling the module!
[INFO] Compiling 70 source files to /home/srafi/after-cam-ready/compare_/compile_repair_output/work/4672c8e650f6/nifi-registry/nifi-registry-core/nifi-registry-data-model/target/classes
[INFO] 
[INFO] --- maven-resources-plugin:2.7:testResources (default-testResources) @ nifi-registry-data-model ---
[INFO] Using 'UTF-8' encoding to copy filtered resources.
[INFO] skip non existing resourceDirectory /home/srafi/after-cam-ready/compare_/compile_repair_output/work/4672c8e650f6/nifi-registry/nifi-registry-core/nifi-registry-data-model/src/test/resources
[INFO] Copying 3 resources
[INFO] 
[INFO] --- maven-compiler-plugin:3.8.1:testCompile (default-testCompile) @ nifi-registry-data-model ---
[INFO] Changes detected - recompiling the module!
[INFO] Compiling 1 source file to /home/srafi/after-cam-ready/compare_/compile_repair_output/work/4672c8e650f6/nifi-registry/nifi-registry-core/nifi-registry-data-model/target/test-classes
[WARNING] /home/srafi/after-cam-ready/compare_/compile_repair_output/work/4672c8e650f6/nifi-registry/nifi-registry-core/nifi-registry-data-model/src/test/java/org/apache/nifi/registry/flow/TestVersionedRemoteProcessGroup.java:[36,31] [deprecation] getTargetUri() in VersionedRemoteProcessGroup has been deprecated
[WARNING] /home/srafi/after-cam-ready/compare_/compile_repair_output/work/4672c8e650f6/nifi-registry/nifi-registry-core/nifi-registry-data-model/src/test/java/org/apache/nifi/registry/flow/TestVersionedRemoteProcessGroup.java:[41,31] [deprecation] getTargetUri() in VersionedRemoteProcessGroup has been deprecated
[WARNING] /home/srafi/after-cam-ready/compare_/compile_repair_output/work/4672c8e650f6/nifi-registry/nifi-registry-core/nifi-registry-data-model/src/test/java/org/apache/nifi/registry/flow/TestVersionedRemoteProcessGroup.java:[51,34] [deprecation] getTargetUri() in VersionedRemoteProcessGroup has been deprecated
[WARNING] /home/srafi/after-cam-ready/compare_/compile_repair_output/work/4672c8e650f6/nifi-registry/nifi-registry-core/nifi-registry-data-model/src/test/java/org/apache/nifi/registry/flow/TestVersionedRemoteProcessGroup.java:[59,31] [deprecation] getTargetUri() in VersionedRemoteProcessGroup has been deprecated
[WARNING] /home/srafi/after-cam-ready/compare_/compile_repair_output/work/4672c8e650f6/nifi-registry/nifi-registry-core/nifi-registry-data-model/src/test/java/org/apache/nifi/registry/flow/TestVersionedRemoteProcessGroup.java:[64,31] [deprecation] getTargetUri() in VersionedRemoteProcessGroup has been deprecated
[WARNING] /home/srafi/after-cam-ready/compare_/compile_repair_output/work/4672c8e650f6/nifi-registry/nifi-registry-core/nifi-registry-data-model/src/test/java/org/apache/nifi/registry/flow/TestVersionedRemoteProcessGroup.java:[69,34] [deprecation] getTargetUri() in VersionedRemoteProcessGroup has been deprecated
[WARNING] /home/srafi/after-cam-ready/compare_/compile_repair_output/work/4672c8e650f6/nifi-registry/nifi-registry-core/nifi-registry-data-model/src/test/java/org/apache/nifi/registry/flow/TestVersionedRemoteProcessGroup.java:[74,34] [deprecation] getTargetUri() in VersionedRemoteProcessGroup has been deprecated
[WARNING] /home/srafi/after-cam-ready/compare_/compile_repair_output/work/4672c8e650f6/nifi-registry/nifi-registry-core/nifi-registry-data-model/src/test/java/org/apache/nifi/registry/flow/TestVersionedRemoteProcessGroup.java:[82,34] [deprecation] getTargetUri() in VersionedRemoteProcessGroup has been deprecated
[WARNING] /home/srafi/after-cam-ready/compare_/compile_repair_output/work/4672c8e650f6/nifi-registry/nifi-registry-core/nifi-registry-data-model/src/test/java/org/apache/nifi/registry/flow/TestVersionedRemoteProcessGroup.java:[87,34] [deprecation] getTargetUri() in VersionedRemoteProcessGroup has been deprecated
[WARNING] /home/srafi/after-cam-ready/compare_/compile_repair_output/work/4672c8e650f6/nifi-registry/nifi-registry-core/nifi-registry-data-model/src/test/java/org/apache/nifi/registry/flow/TestVersionedRemoteProcessGroup.java:[92,34] [deprecation] getTargetUri() in VersionedRemoteProcessGroup has been deprecated
[WARNING] /home/srafi/after-cam-ready/compare_/compile_repair_output/work/4672c8e650f6/nifi-registry/nifi-registry-core/nifi-registry-data-model/src/test/java/org/apache/nifi/registry/flow/TestVersionedRemoteProcessGroup.java:[97,34] [deprecation] getTargetUri() in VersionedRemoteProcessGroup has been deprecated
[INFO] 
[INFO] --- maven-compiler-plugin:3.8.1:testCompile (groovy-tests) @ nifi-registry-data-model ---
[INFO] Changes detected - recompiling the module!
[INFO] Nothing to compile - all classes are up to date
[INFO] 
[INFO] --- maven-surefire-plugin:3.0.0-M8-SNAPSHOT:test (default-test) @ nifi-registry-data-model ---
[INFO] Tests are skipped.
[INFO] 
[INFO] --- maven-jar-plugin:2.5:jar (default-jar) @ nifi-registry-data-model ---
[INFO] Building jar: /home/srafi/after-cam-ready/compare_/compile_repair_output/work/4672c8e650f6/nifi-registry/nifi-registry-core/nifi-registry-data-model/target/nifi-registry-data-model-1.15.0-SNAPSHOT.jar
[INFO] 
[INFO] --- maven-site-plugin:3.4:attach-descriptor (attach-descriptor) @ nifi-registry-data-model ---
[INFO] 
[INFO] --- maven-install-plugin:2.5.2:install (default-install) @ nifi-registry-data-model ---
[INFO] Installing /home/srafi/after-cam-ready/compare_/compile_repair_output/work/4672c8e650f6/nifi-registry/nifi-registry-core/nifi-registry-data-model/target/nifi-registry-data-model-1.15.0-SNAPSHOT.jar to /home/srafi/.m2/repository/org/apache/nifi/registry/nifi-registry-data-model/1.15.0-SNAPSHOT/nifi-registry-data-model-1.15.0-SNAPSHOT.jar
[INFO] Installing /home/srafi/after-cam-ready/compare_/compile_repair_output/work/4672c8e650f6/nifi-registry/nifi-registry-core/nifi-registry-data-model/pom.xml to /home/srafi/.m2/repository/org/apache/nifi/registry/nifi-registry-data-model/1.15.0-SNAPSHOT/nifi-registry-data-model-1.15.0-SNAPSHOT.pom
[INFO] 
[INFO] ------------------< org.apache.nifi:nifi-nar-bundles >------------------
[INFO] Building nifi-nar-bundles 1.15.0-SNAPSHOT                        [21/38]
[INFO] --------------------------------[ pom ]---------------------------------
[INFO] 
[INFO] --- maven-clean-plugin:3.1.0:clean (default-clean) @ nifi-nar-bundles ---
[INFO] 
[INFO] --- buildnumber-maven-plugin:1.4:create (default) @ nifi-nar-bundles ---
[INFO] ShortRevision tag detected. The value is '7'.
[INFO] Executing: /bin/sh -c cd '/home/srafi/after-cam-ready/compare_/compile_repair_output/work/4672c8e650f6/nifi-nar-bundles' && 'git' 'rev-parse' '--verify' '--short=7' 'HEAD'
[INFO] Working directory: /home/srafi/after-cam-ready/compare_/compile_repair_output/work/4672c8e650f6/nifi-nar-bundles
[INFO] Storing buildNumber: 2bd752d at timestamp: 1786822831701
[WARNING] Cannot get the branch information from the git repository: 
Detecting the current branch failed: fatal: ref HEAD is not a symbolic ref

[INFO] ShortRevision tag detected. The value is '7'.
[INFO] Executing: /bin/sh -c cd '/home/srafi/after-cam-ready/compare_/compile_repair_output/work/4672c8e650f6/nifi-nar-bundles' && 'git' 'rev-parse' '--verify' '--short=7' 'HEAD'
[INFO] Working directory: /home/srafi/after-cam-ready/compare_/compile_repair_output/work/4672c8e650f6/nifi-nar-bundles
[INFO] Storing buildScmBranch: UNKNOWN
[INFO] 
[INFO] --- maven-remote-resources-plugin:1.7.0:process (process-resource-bundles) @ nifi-nar-bundles ---
[INFO] Preparing remote bundle org.apache:apache-jar-resource-bundle:1.4
[INFO] Copying 3 resources from 1 bundle.
[INFO] 
[INFO] --- maven-compiler-plugin:3.8.1:testCompile (groovy-tests) @ nifi-nar-bundles ---
[INFO] No sources to compile
[INFO] 
[INFO] --- maven-site-plugin:3.7.1:attach-descriptor (attach-descriptor) @ nifi-nar-bundles ---
[INFO] No site descriptor found: nothing to attach.
[INFO] 
[INFO] --- maven-install-plugin:2.5.2:install (default-install) @ nifi-nar-bundles ---
[INFO] Installing /home/srafi/after-cam-ready/compare_/compile_repair_output/work/4672c8e650f6/nifi-nar-bundles/pom.xml to /home/srafi/.m2/repository/org/apache/nifi/nifi-nar-bundles/1.15.0-SNAPSHOT/nifi-nar-bundles-1.15.0-SNAPSHOT.pom
[INFO] 
[INFO] ---------------< org.apache.nifi:nifi-framework-bundle >----------------
[INFO] Building nifi-framework-bundle 1.15.0-SNAPSHOT                   [22/38]
[INFO] --------------------------------[ pom ]---------------------------------
[INFO] 
[INFO] --- maven-clean-plugin:3.1.0:clean (default-clean) @ nifi-framework-bundle ---
[INFO] 
[INFO] --- buildnumber-maven-plugin:1.4:create (default) @ nifi-framework-bundle ---
[INFO] 
[INFO] --- maven-remote-resources-plugin:1.7.0:process (process-resource-bundles) @ nifi-framework-bundle ---
[INFO] Preparing remote bundle org.apache:apache-jar-resource-bundle:1.4
[INFO] Copying 3 resources from 1 bundle.
[INFO] 
[INFO] --- maven-compiler-plugin:3.8.1:testCompile (groovy-tests) @ nifi-framework-bundle ---
[INFO] No sources to compile
[INFO] 
[INFO] --- maven-site-plugin:3.7.1:attach-descriptor (attach-descriptor) @ nifi-framework-bundle ---
[INFO] No site descriptor found: nothing to attach.
[INFO] 
[INFO] --- maven-install-plugin:2.5.2:install (default-install) @ nifi-framework-bundle ---
[INFO] Installing /home/srafi/after-cam-ready/compare_/compile_repair_output/work/4672c8e650f6/nifi-nar-bundles/nifi-framework-bundle/pom.xml to /home/srafi/.m2/repository/org/apache/nifi/nifi-framework-bundle/1.15.0-SNAPSHOT/nifi-framework-bundle-1.15.0-SNAPSHOT.pom
[INFO] 
[INFO] -------------------< org.apache.nifi:nifi-framework >-------------------
[INFO] Building nifi-framework 1.15.0-SNAPSHOT                          [23/38]
[INFO] --------------------------------[ pom ]---------------------------------
[INFO] 
[INFO] --- maven-clean-plugin:3.1.0:clean (default-clean) @ nifi-framework ---
[INFO] 
[INFO] --- buildnumber-maven-plugin:1.4:create (default) @ nifi-framework ---
[INFO] 
[INFO] --- maven-remote-resources-plugin:1.7.0:process (process-resource-bundles) @ nifi-framework ---
[INFO] Preparing remote bundle org.apache:apache-jar-resource-bundle:1.4
[INFO] Copying 3 resources from 1 bundle.
[INFO] 
[INFO] --- maven-compiler-plugin:3.8.1:testCompile (groovy-tests) @ nifi-framework ---
[INFO] No sources to compile
[INFO] 
[INFO] --- maven-site-plugin:3.7.1:attach-descriptor (attach-descriptor) @ nifi-framework ---
[INFO] No site descriptor found: nothing to attach.
[INFO] 
[INFO] --- maven-install-plugin:2.5.2:install (default-install) @ nifi-framework ---
[INFO] Installing /home/srafi/after-cam-ready/compare_/compile_repair_output/work/4672c8e650f6/nifi-nar-bundles/nifi-framework-bundle/nifi-framework/pom.xml to /home/srafi/.m2/repository/org/apache/nifi/nifi-framework/1.15.0-SNAPSHOT/nifi-framework-1.15.0-SNAPSHOT.pom
[INFO] 
[INFO] ------------------< org.apache.nifi:nifi-client-dto >-------------------
[INFO] Building nifi-client-dto 1.15.0-SNAPSHOT                         [24/38]
[INFO] --------------------------------[ jar ]---------------------------------
[INFO] 
[INFO] --- maven-clean-plugin:3.1.0:clean (default-clean) @ nifi-client-dto ---
[INFO] 
[INFO] --- buildnumber-maven-plugin:1.4:create (default) @ nifi-client-dto ---
[INFO] 
[INFO] --- maven-remote-resources-plugin:1.7.0:process (process-resource-bundles) @ nifi-client-dto ---
[INFO] Preparing remote bundle org.apache:apache-jar-resource-bundle:1.4
[INFO] Copying 3 resources from 1 bundle.
[INFO] 
[INFO] --- maven-resources-plugin:3.1.0:resources (default-resources) @ nifi-client-dto ---
[INFO] Using 'UTF-8' encoding to copy filtered resources.
[INFO] skip non existing resourceDirectory /home/srafi/after-cam-ready/compare_/compile_repair_output/work/4672c8e650f6/nifi-nar-bundles/nifi-framework-bundle/nifi-framework/nifi-client-dto/src/main/resources
[INFO] Copying 3 resources
[INFO] 
[INFO] --- maven-compiler-plugin:3.8.1:compile (default-compile) @ nifi-client-dto ---
[INFO] Changes detected - recompiling the module!
[INFO] Compiling 342 source files to /home/srafi/after-cam-ready/compare_/compile_repair_output/work/4672c8e650f6/nifi-nar-bundles/nifi-framework-bundle/nifi-framework/nifi-client-dto/target/classes
[INFO] 
[INFO] --- maven-resources-plugin:3.1.0:testResources (default-testResources) @ nifi-client-dto ---
[INFO] Using 'UTF-8' encoding to copy filtered resources.
[INFO] skip non existing resourceDirectory /home/srafi/after-cam-ready/compare_/compile_repair_output/work/4672c8e650f6/nifi-nar-bundles/nifi-framework-bundle/nifi-framework/nifi-client-dto/src/test/resources
[INFO] Copying 3 resources
[INFO] 
[INFO] --- maven-compiler-plugin:3.8.1:testCompile (default-testCompile) @ nifi-client-dto ---
[INFO] Changes detected - recompiling the module!
[INFO] Compiling 4 source files to /home/srafi/after-cam-ready/compare_/compile_repair_output/work/4672c8e650f6/nifi-nar-bundles/nifi-framework-bundle/nifi-framework/nifi-client-dto/target/test-classes
[INFO] 
[INFO] --- maven-compiler-plugin:3.8.1:testCompile (groovy-tests) @ nifi-client-dto ---
[INFO] Changes detected - recompiling the module!
[INFO] Nothing to compile - all classes are up to date
[INFO] 
[INFO] --- maven-surefire-plugin:3.0.0-M8-SNAPSHOT:test (default-test) @ nifi-client-dto ---
[INFO] Tests are skipped.
[INFO] 
[INFO] --- maven-jar-plugin:3.2.0:jar (default-jar) @ nifi-client-dto ---
[INFO] Building jar: /home/srafi/after-cam-ready/compare_/compile_repair_output/work/4672c8e650f6/nifi-nar-bundles/nifi-framework-bundle/nifi-framework/nifi-client-dto/target/nifi-client-dto-1.15.0-SNAPSHOT.jar
[INFO] 
[INFO] --- maven-site-plugin:3.7.1:attach-descriptor (attach-descriptor) @ nifi-client-dto ---
[INFO] Skipping because packaging 'jar' is not pom.
[INFO] 
[INFO] --- maven-install-plugin:2.5.2:install (default-install) @ nifi-client-dto ---
[INFO] Installing /home/srafi/after-cam-ready/compare_/compile_repair_output/work/4672c8e650f6/nifi-nar-bundles/nifi-framework-bundle/nifi-framework/nifi-client-dto/target/nifi-client-dto-1.15.0-SNAPSHOT.jar to /home/srafi/.m2/repository/org/apache/nifi/nifi-client-dto/1.15.0-SNAPSHOT/nifi-client-dto-1.15.0-SNAPSHOT.jar
[INFO] Installing /home/srafi/after-cam-ready/compare_/compile_repair_output/work/4672c8e650f6/nifi-nar-bundles/nifi-framework-bundle/nifi-framework/nifi-client-dto/pom.xml to /home/srafi/.m2/repository/org/apache/nifi/nifi-client-dto/1.15.0-SNAPSHOT/nifi-client-dto-1.15.0-SNAPSHOT.pom
[INFO] 
[INFO] --------------< org.apache.nifi:nifi-site-to-site-client >--------------
[INFO] Building nifi-site-to-site-client 1.15.0-SNAPSHOT                [25/38]
[INFO] --------------------------------[ jar ]---------------------------------
[INFO] 
[INFO] --- maven-clean-plugin:3.1.0:clean (default-clean) @ nifi-site-to-site-client ---
[INFO] 
[INFO] --- maven-remote-resources-plugin:1.7.0:process (process-resource-bundles) @ nifi-site-to-site-client ---
[INFO] Preparing remote bundle org.apache:apache-jar-resource-bundle:1.4
[INFO] Copying 3 resources from 1 bundle.
[INFO] 
[INFO] --- maven-resources-plugin:3.1.0:resources (default-resources) @ nifi-site-to-site-client ---
[INFO] Using 'UTF-8' encoding to copy filtered resources.
[INFO] skip non existing resourceDirectory /home/srafi/after-cam-ready/compare_/compile_repair_output/work/4672c8e650f6/nifi-commons/nifi-site-to-site-client/src/main/resources
[INFO] Copying 3 resources
[INFO] 
[INFO] --- maven-compiler-plugin:3.8.1:compile (default-compile) @ nifi-site-to-site-client ---
[INFO] Changes detected - recompiling the module!
[INFO] Compiling 65 source files to /home/srafi/after-cam-ready/compare_/compile_repair_output/work/4672c8e650f6/nifi-commons/nifi-site-to-site-client/target/classes
[INFO] 
[INFO] --- maven-resources-plugin:3.1.0:testResources (default-testResources) @ nifi-site-to-site-client ---
[INFO] Using 'UTF-8' encoding to copy filtered resources.
[INFO] skip non existing resourceDirectory /home/srafi/after-cam-ready/compare_/compile_repair_output/work/4672c8e650f6/nifi-commons/nifi-site-to-site-client/src/test/resources
[INFO] Copying 3 resources
[INFO] 
[INFO] --- maven-compiler-plugin:3.8.1:testCompile (default-testCompile) @ nifi-site-to-site-client ---
[INFO] Changes detected - recompiling the module!
[INFO] Compiling 8 source files to /home/srafi/after-cam-ready/compare_/compile_repair_output/work/4672c8e650f6/nifi-commons/nifi-site-to-site-client/target/test-classes
[WARNING] /home/srafi/after-cam-ready/compare_/compile_repair_output/work/4672c8e650f6/nifi-commons/nifi-site-to-site-client/src/test/java/org/apache/nifi/remote/client/socket/TestSiteToSiteClient.java:[111,53] [deprecation] getUrl() in SiteToSiteClientConfig has been deprecated
[INFO] 
[INFO] --- maven-compiler-plugin:3.8.1:testCompile (groovy-tests) @ nifi-site-to-site-client ---
[INFO] Changes detected - recompiling the module!
[INFO] Using Groovy-Eclipse compiler to compile both Java and Groovy files
[INFO] Compiling in a forked process using /home/srafi/.m2/repository/org/codehaus/groovy/groovy-eclipse-batch/2.5.14-01/groovy-eclipse-batch-2.5.14-01.jar
[INFO] 
[INFO] --- maven-surefire-plugin:3.0.0-M8-SNAPSHOT:test (default-test) @ nifi-site-to-site-client ---
[INFO] Tests are skipped.
[INFO] 
[INFO] --- maven-jar-plugin:3.2.0:jar (default-jar) @ nifi-site-to-site-client ---
[INFO] Building jar: /home/srafi/after-cam-ready/compare_/compile_repair_output/work/4672c8e650f6/nifi-commons/nifi-site-to-site-client/target/nifi-site-to-site-client-1.15.0-SNAPSHOT.jar
[INFO] 
[INFO] --- maven-site-plugin:3.7.1:attach-descriptor (attach-descriptor) @ nifi-site-to-site-client ---
[INFO] Skipping because packaging 'jar' is not pom.
[INFO] 
[INFO] --- maven-install-plugin:2.5.2:install (default-install) @ nifi-site-to-site-client ---
[INFO] Installing /home/srafi/after-cam-ready/compare_/compile_repair_output/work/4672c8e650f6/nifi-commons/nifi-site-to-site-client/target/nifi-site-to-site-client-1.15.0-SNAPSHOT.jar to /home/srafi/.m2/repository/org/apache/nifi/nifi-site-to-site-client/1.15.0-SNAPSHOT/nifi-site-to-site-client-1.15.0-SNAPSHOT.jar
[INFO] Installing /home/srafi/after-cam-ready/compare_/compile_repair_output/work/4672c8e650f6/nifi-commons/nifi-site-to-site-client/pom.xml to /home/srafi/.m2/repository/org/apache/nifi/nifi-site-to-site-client/1.15.0-SNAPSHOT/nifi-site-to-site-client-1.15.0-SNAPSHOT.pom
[INFO] 
[INFO] ------------------< org.apache.nifi:nifi-server-api >-------------------
[INFO] Building nifi-server-api 1.15.0-SNAPSHOT                         [26/38]
[INFO] --------------------------------[ jar ]---------------------------------
[INFO] 
[INFO] --- maven-clean-plugin:3.1.0:clean (default-clean) @ nifi-server-api ---
[INFO] 
[INFO] --- maven-remote-resources-plugin:1.7.0:process (process-resource-bundles) @ nifi-server-api ---
[INFO] Preparing remote bundle org.apache:apache-jar-resource-bundle:1.4
[INFO] Copying 3 resources from 1 bundle.
[INFO] 
[INFO] --- maven-resources-plugin:3.1.0:resources (default-resources) @ nifi-server-api ---
[INFO] Using 'UTF-8' encoding to copy filtered resources.
[INFO] skip non existing resourceDirectory /home/srafi/after-cam-ready/compare_/compile_repair_output/work/4672c8e650f6/nifi-server-api/src/main/resources
[INFO] Copying 3 resources
[INFO] 
[INFO] --- maven-compiler-plugin:3.8.1:compile (default-compile) @ nifi-server-api ---
[INFO] Changes detected - recompiling the module!
[INFO] Compiling 2 source files to /home/srafi/after-cam-ready/compare_/compile_repair_output/work/4672c8e650f6/nifi-server-api/target/classes
[INFO] 
[INFO] --- maven-resources-plugin:3.1.0:testResources (default-testResources) @ nifi-server-api ---
[INFO] Using 'UTF-8' encoding to copy filtered resources.
[INFO] skip non existing resourceDirectory /home/srafi/after-cam-ready/compare_/compile_repair_output/work/4672c8e650f6/nifi-server-api/src/test/resources
[INFO] Copying 3 resources
[INFO] 
[INFO] --- maven-compiler-plugin:3.8.1:testCompile (default-testCompile) @ nifi-server-api ---
[INFO] No sources to compile
[INFO] 
[INFO] --- maven-compiler-plugin:3.8.1:testCompile (groovy-tests) @ nifi-server-api ---
[INFO] No sources to compile
[INFO] 
[INFO] --- maven-surefire-plugin:3.0.0-M8-SNAPSHOT:test (default-test) @ nifi-server-api ---
[INFO] Tests are skipped.
[INFO] 
[INFO] --- maven-jar-plugin:3.2.0:jar (default-jar) @ nifi-server-api ---
[INFO] Building jar: /home/srafi/after-cam-ready/compare_/compile_repair_output/work/4672c8e650f6/nifi-server-api/target/nifi-server-api-1.15.0-SNAPSHOT.jar
[INFO] 
[INFO] --- maven-site-plugin:3.7.1:attach-descriptor (attach-descriptor) @ nifi-server-api ---
[INFO] Skipping because packaging 'jar' is not pom.
[INFO] 
[INFO] --- maven-install-plugin:2.5.2:install (default-install) @ nifi-server-api ---
[INFO] Installing /home/srafi/after-cam-ready/compare_/compile_repair_output/work/4672c8e650f6/nifi-server-api/target/nifi-server-api-1.15.0-SNAPSHOT.jar to /home/srafi/.m2/repository/org/apache/nifi/nifi-server-api/1.15.0-SNAPSHOT/nifi-server-api-1.15.0-SNAPSHOT.jar
[INFO] Installing /home/srafi/after-cam-ready/compare_/compile_repair_output/work/4672c8e650f6/nifi-server-api/pom.xml to /home/srafi/.m2/repository/org/apache/nifi/nifi-server-api/1.15.0-SNAPSHOT/nifi-server-api-1.15.0-SNAPSHOT.pom
[INFO] 
[INFO] -------------------< org.apache.nifi:nifi-nar-utils >-------------------
[INFO] Building nifi-nar-utils 1.15.0-SNAPSHOT                          [27/38]
[INFO] --------------------------------[ jar ]---------------------------------
[INFO] 
[INFO] --- maven-clean-plugin:3.1.0:clean (default-clean) @ nifi-nar-utils ---
[INFO] 
[INFO] --- buildnumber-maven-plugin:1.4:create (default) @ nifi-nar-utils ---
[INFO] 
[INFO] --- maven-remote-resources-plugin:1.7.0:process (process-resource-bundles) @ nifi-nar-utils ---
[INFO] Preparing remote bundle org.apache:apache-jar-resource-bundle:1.4
[INFO] Copying 3 resources from 1 bundle.
[INFO] 
[INFO] --- maven-resources-plugin:3.1.0:resources (default-resources) @ nifi-nar-utils ---
[INFO] Using 'UTF-8' encoding to copy filtered resources.
[INFO] Copying 1 resource
[INFO] Copying 3 resources
[INFO] 
[INFO] --- maven-compiler-plugin:3.8.1:compile (default-compile) @ nifi-nar-utils ---
[INFO] Changes detected - recompiling the module!
[INFO] Compiling 13 source files to /home/srafi/after-cam-ready/compare_/compile_repair_output/work/4672c8e650f6/nifi-nar-bundles/nifi-framework-bundle/nifi-framework/nifi-nar-utils/target/classes
[INFO] 
[INFO] --- aspectj-maven-plugin:1.12.6:compile (default) @ nifi-nar-utils ---
[INFO] Showing AJC message detail for messages of types: [error, warning, fail]
[INFO] 
[INFO] --- maven-resources-plugin:3.1.0:testResources (default-testResources) @ nifi-nar-utils ---
[INFO] Using 'UTF-8' encoding to copy filtered resources.
[INFO] Copying 4 resources
[INFO] Copying 3 resources
[INFO] 
[INFO] --- maven-compiler-plugin:3.8.1:testCompile (default-testCompile) @ nifi-nar-utils ---
[INFO] Changes detected - recompiling the module!
[INFO] Compiling 3 source files to /home/srafi/after-cam-ready/compare_/compile_repair_output/work/4672c8e650f6/nifi-nar-bundles/nifi-framework-bundle/nifi-framework/nifi-nar-utils/target/test-classes
[WARNING] /home/srafi/after-cam-ready/compare_/compile_repair_output/work/4672c8e650f6/nifi-nar-bundles/nifi-framework-bundle/nifi-framework/nifi-nar-utils/src/test/java/org/apache/nifi/nar/AbstractNativeLibHandlingClassLoaderTest.java:[66,8] [deprecation] initMocks(Object) in MockitoAnnotations has been deprecated
[INFO] 
[INFO] --- maven-compiler-plugin:3.8.1:testCompile (groovy-tests) @ nifi-nar-utils ---
[INFO] Changes detected - recompiling the module!
[INFO] Nothing to compile - all classes are up to date
[INFO] 
[INFO] --- maven-surefire-plugin:3.0.0-M8-SNAPSHOT:test (default-test) @ nifi-nar-utils ---
[INFO] Tests are skipped.
[INFO] 
[INFO] --- maven-jar-plugin:3.2.0:jar (default-jar) @ nifi-nar-utils ---
[INFO] Building jar: /home/srafi/after-cam-ready/compare_/compile_repair_output/work/4672c8e650f6/nifi-nar-bundles/nifi-framework-bundle/nifi-framework/nifi-nar-utils/target/nifi-nar-utils-1.15.0-SNAPSHOT.jar
[INFO] 
[INFO] --- maven-site-plugin:3.7.1:attach-descriptor (attach-descriptor) @ nifi-nar-utils ---
[INFO] Skipping because packaging 'jar' is not pom.
[INFO] 
[INFO] --- maven-install-plugin:2.5.2:install (default-install) @ nifi-nar-utils ---
[INFO] Installing /home/srafi/after-cam-ready/compare_/compile_repair_output/work/4672c8e650f6/nifi-nar-bundles/nifi-framework-bundle/nifi-framework/nifi-nar-utils/target/nifi-nar-utils-1.15.0-SNAPSHOT.jar to /home/srafi/.m2/repository/org/apache/nifi/nifi-nar-utils/1.15.0-SNAPSHOT/nifi-nar-utils-1.15.0-SNAPSHOT.jar
[INFO] Installing /home/srafi/after-cam-ready/compare_/compile_repair_output/work/4672c8e650f6/nifi-nar-bundles/nifi-framework-bundle/nifi-framework/nifi-nar-utils/pom.xml to /home/srafi/.m2/repository/org/apache/nifi/nifi-nar-utils/1.15.0-SNAPSHOT/nifi-nar-utils-1.15.0-SNAPSHOT.pom
[INFO] 
[INFO] --------------< org.apache.nifi:nifi-framework-nar-utils >--------------
[INFO] Building nifi-framework-nar-utils 1.15.0-SNAPSHOT                [28/38]
[INFO] --------------------------------[ jar ]---------------------------------
[INFO] 
[INFO] --- maven-clean-plugin:3.1.0:clean (default-clean) @ nifi-framework-nar-utils ---
[INFO] 
[INFO] --- buildnumber-maven-plugin:1.4:create (default) @ nifi-framework-nar-utils ---
[INFO] 
[INFO] --- maven-remote-resources-plugin:1.7.0:process (process-resource-bundles) @ nifi-framework-nar-utils ---
[INFO] Preparing remote bundle org.apache:apache-jar-resource-bundle:1.4
[INFO] Copying 3 resources from 1 bundle.
[INFO] 
[INFO] --- maven-resources-plugin:3.1.0:resources (default-resources) @ nifi-framework-nar-utils ---
[INFO] Using 'UTF-8' encoding to copy filtered resources.
[INFO] skip non existing resourceDirectory /home/srafi/after-cam-ready/compare_/compile_repair_output/work/4672c8e650f6/nifi-nar-bundles/nifi-framework-bundle/nifi-framework/nifi-framework-nar-utils/src/main/resources
[INFO] Copying 3 resources
[INFO] 
[INFO] --- maven-compiler-plugin:3.8.1:compile (default-compile) @ nifi-framework-nar-utils ---
[INFO] Changes detected - recompiling the module!
[INFO] Compiling 22 source files to /home/srafi/after-cam-ready/compare_/compile_repair_output/work/4672c8e650f6/nifi-nar-bundles/nifi-framework-bundle/nifi-framework/nifi-framework-nar-utils/target/classes
[INFO] 
[INFO] --- maven-resources-plugin:3.1.0:testResources (default-testResources) @ nifi-framework-nar-utils ---
[INFO] Using 'UTF-8' encoding to copy filtered resources.
[INFO] Copying 7 resources
[INFO] Copying 3 resources
[INFO] 
[INFO] --- maven-compiler-plugin:3.8.1:testCompile (default-testCompile) @ nifi-framework-nar-utils ---
[INFO] Changes detected - recompiling the module!
[INFO] Compiling 3 source files to /home/srafi/after-cam-ready/compare_/compile_repair_output/work/4672c8e650f6/nifi-nar-bundles/nifi-framework-bundle/nifi-framework/nifi-framework-nar-utils/target/test-classes
[INFO] 
[INFO] --- maven-compiler-plugin:3.8.1:testCompile (groovy-tests) @ nifi-framework-nar-utils ---
[INFO] Changes detected - recompiling the module!
[INFO] Nothing to compile - all classes are up to date
[INFO] 
[INFO] --- maven-surefire-plugin:3.0.0-M8-SNAPSHOT:test (default-test) @ nifi-framework-nar-utils ---
[INFO] Tests are skipped.
[INFO] 
[INFO] --- maven-jar-plugin:3.2.0:jar (default-jar) @ nifi-framework-nar-utils ---
[INFO] Building jar: /home/srafi/after-cam-ready/compare_/compile_repair_output/work/4672c8e650f6/nifi-nar-bundles/nifi-framework-bundle/nifi-framework/nifi-framework-nar-utils/target/nifi-framework-nar-utils-1.15.0-SNAPSHOT.jar
[INFO] 
[INFO] --- maven-site-plugin:3.7.1:attach-descriptor (attach-descriptor) @ nifi-framework-nar-utils ---
[INFO] Skipping because packaging 'jar' is not pom.
[INFO] 
[INFO] --- maven-install-plugin:2.5.2:install (default-install) @ nifi-framework-nar-utils ---
[INFO] Installing /home/srafi/after-cam-ready/compare_/compile_repair_output/work/4672c8e650f6/nifi-nar-bundles/nifi-framework-bundle/nifi-framework/nifi-framework-nar-utils/target/nifi-framework-nar-utils-1.15.0-SNAPSHOT.jar to /home/srafi/.m2/repository/org/apache/nifi/nifi-framework-nar-utils/1.15.0-SNAPSHOT/nifi-framework-nar-utils-1.15.0-SNAPSHOT.jar
[INFO] Installing /home/srafi/after-cam-ready/compare_/compile_repair_output/work/4672c8e650f6/nifi-nar-bundles/nifi-framework-bundle/nifi-framework/nifi-framework-nar-utils/pom.xml to /home/srafi/.m2/repository/org/apache/nifi/nifi-framework-nar-utils/1.15.0-SNAPSHOT/nifi-framework-nar-utils-1.15.0-SNAPSHOT.pom
[INFO] 
[INFO] ----------------< org.apache.nifi:nifi-mock-authorizer >----------------
[INFO] Building nifi-mock-authorizer 1.15.0-SNAPSHOT                    [29/38]
[INFO] --------------------------------[ jar ]---------------------------------
[INFO] 
[INFO] --- maven-clean-plugin:3.1.0:clean (default-clean) @ nifi-mock-authorizer ---
[INFO] 
[INFO] --- buildnumber-maven-plugin:1.4:create (default) @ nifi-mock-authorizer ---
[INFO] 
[INFO] --- maven-remote-resources-plugin:1.7.0:process (process-resource-bundles) @ nifi-mock-authorizer ---
[INFO] Preparing remote bundle org.apache:apache-jar-resource-bundle:1.4
[INFO] Copying 3 resources from 1 bundle.
[INFO] 
[INFO] --- maven-resources-plugin:3.1.0:resources (default-resources) @ nifi-mock-authorizer ---
[INFO] Using 'UTF-8' encoding to copy filtered resources.
[INFO] skip non existing resourceDirectory /home/srafi/after-cam-ready/compare_/compile_repair_output/work/4672c8e650f6/nifi-nar-bundles/nifi-framework-bundle/nifi-framework/nifi-mock-authorizer/src/main/resources
[INFO] Copying 3 resources
[INFO] 
[INFO] --- maven-compiler-plugin:3.8.1:compile (default-compile) @ nifi-mock-authorizer ---
[INFO] Changes detected - recompiling the module!
[INFO] Compiling 1 source file to /home/srafi/after-cam-ready/compare_/compile_repair_output/work/4672c8e650f6/nifi-nar-bundles/nifi-framework-bundle/nifi-framework/nifi-mock-authorizer/target/classes
[INFO] 
[INFO] --- maven-resources-plugin:3.1.0:testResources (default-testResources) @ nifi-mock-authorizer ---
[INFO] Using 'UTF-8' encoding to copy filtered resources.
[INFO] skip non existing resourceDirectory /home/srafi/after-cam-ready/compare_/compile_repair_output/work/4672c8e650f6/nifi-nar-bundles/nifi-framework-bundle/nifi-framework/nifi-mock-authorizer/src/test/resources
[INFO] Copying 3 resources
[INFO] 
[INFO] --- maven-compiler-plugin:3.8.1:testCompile (default-testCompile) @ nifi-mock-authorizer ---
[INFO] No sources to compile
[INFO] 
[INFO] --- maven-compiler-plugin:3.8.1:testCompile (groovy-tests) @ nifi-mock-authorizer ---
[INFO] No sources to compile
[INFO] 
[INFO] --- maven-surefire-plugin:3.0.0-M8-SNAPSHOT:test (default-test) @ nifi-mock-authorizer ---
[INFO] Tests are skipped.
[INFO] 
[INFO] --- maven-jar-plugin:3.2.0:jar (default-jar) @ nifi-mock-authorizer ---
[INFO] Building jar: /home/srafi/after-cam-ready/compare_/compile_repair_output/work/4672c8e650f6/nifi-nar-bundles/nifi-framework-bundle/nifi-framework/nifi-mock-authorizer/target/nifi-mock-authorizer-1.15.0-SNAPSHOT.jar
[INFO] 
[INFO] --- maven-site-plugin:3.7.1:attach-descriptor (attach-descriptor) @ nifi-mock-authorizer ---
[INFO] Skipping because packaging 'jar' is not pom.
[INFO] 
[INFO] --- maven-install-plugin:2.5.2:install (default-install) @ nifi-mock-authorizer ---
[INFO] Installing /home/srafi/after-cam-ready/compare_/compile_repair_output/work/4672c8e650f6/nifi-nar-bundles/nifi-framework-bundle/nifi-framework/nifi-mock-authorizer/target/nifi-mock-authorizer-1.15.0-SNAPSHOT.jar to /home/srafi/.m2/repository/org/apache/nifi/nifi-mock-authorizer/1.15.0-SNAPSHOT/nifi-mock-authorizer-1.15.0-SNAPSHOT.jar
[INFO] Installing /home/srafi/after-cam-ready/compare_/compile_repair_output/work/4672c8e650f6/nifi-nar-bundles/nifi-framework-bundle/nifi-framework/nifi-mock-authorizer/pom.xml to /home/srafi/.m2/repository/org/apache/nifi/nifi-mock-authorizer/1.15.0-SNAPSHOT/nifi-mock-authorizer-1.15.0-SNAPSHOT.pom
[INFO] 
[INFO] ------------< org.apache.nifi:nifi-framework-authorization >------------
[INFO] Building nifi-framework-authorization 1.15.0-SNAPSHOT            [30/38]
[INFO] --------------------------------[ jar ]---------------------------------
[INFO] 
[INFO] --- maven-clean-plugin:3.1.0:clean (default-clean) @ nifi-framework-authorization ---
[INFO] 
[INFO] --- buildnumber-maven-plugin:1.4:create (default) @ nifi-framework-authorization ---
[INFO] 
[INFO] --- maven-remote-resources-plugin:1.7.0:process (process-resource-bundles) @ nifi-framework-authorization ---
[INFO] Preparing remote bundle org.apache:apache-jar-resource-bundle:1.4
[INFO] Copying 3 resources from 1 bundle.
[INFO] 
[INFO] --- maven-resources-plugin:3.1.0:resources (default-resources) @ nifi-framework-authorization ---
[INFO] Using 'UTF-8' encoding to copy filtered resources.
[INFO] skip non existing resourceDirectory /home/srafi/after-cam-ready/compare_/compile_repair_output/work/4672c8e650f6/nifi-nar-bundles/nifi-framework-bundle/nifi-framework/nifi-framework-authorization/src/main/resources
[INFO] Copying 3 resources
[INFO] 
[INFO] --- maven-compiler-plugin:3.8.1:compile (default-compile) @ nifi-framework-authorization ---
[INFO] Changes detected - recompiling the module!
[INFO] Compiling 12 source files to /home/srafi/after-cam-ready/compare_/compile_repair_output/work/4672c8e650f6/nifi-nar-bundles/nifi-framework-bundle/nifi-framework/nifi-framework-authorization/target/classes
[INFO] 
[INFO] --- maven-resources-plugin:3.1.0:testResources (default-testResources) @ nifi-framework-authorization ---
[INFO] Using 'UTF-8' encoding to copy filtered resources.
[INFO] skip non existing resourceDirectory /home/srafi/after-cam-ready/compare_/compile_repair_output/work/4672c8e650f6/nifi-nar-bundles/nifi-framework-bundle/nifi-framework/nifi-framework-authorization/src/test/resources
[INFO] Copying 3 resources
[INFO] 
[INFO] --- maven-compiler-plugin:3.8.1:testCompile (default-testCompile) @ nifi-framework-authorization ---
[INFO] Changes detected - recompiling the module!
[INFO] Compiling 3 source files to /home/srafi/after-cam-ready/compare_/compile_repair_output/work/4672c8e650f6/nifi-nar-bundles/nifi-framework-bundle/nifi-framework/nifi-framework-authorization/target/test-classes
[INFO] 
[INFO] --- maven-compiler-plugin:3.8.1:testCompile (groovy-tests) @ nifi-framework-authorization ---
[INFO] Changes detected - recompiling the module!
[INFO] Nothing to compile - all classes are up to date
[INFO] 
[INFO] --- maven-surefire-plugin:3.0.0-M8-SNAPSHOT:test (default-test) @ nifi-framework-authorization ---
[INFO] Tests are skipped.
[INFO] 
[INFO] --- maven-jar-plugin:3.2.0:jar (default-jar) @ nifi-framework-authorization ---
[INFO] Building jar: /home/srafi/after-cam-ready/compare_/compile_repair_output/work/4672c8e650f6/nifi-nar-bundles/nifi-framework-bundle/nifi-framework/nifi-framework-authorization/target/nifi-framework-authorization-1.15.0-SNAPSHOT.jar
[INFO] 
[INFO] --- maven-site-plugin:3.7.1:attach-descriptor (attach-descriptor) @ nifi-framework-authorization ---
[INFO] Skipping because packaging 'jar' is not pom.
[INFO] 
[INFO] --- maven-install-plugin:2.5.2:install (default-install) @ nifi-framework-authorization ---
[INFO] Installing /home/srafi/after-cam-ready/compare_/compile_repair_output/work/4672c8e650f6/nifi-nar-bundles/nifi-framework-bundle/nifi-framework/nifi-framework-authorization/target/nifi-framework-authorization-1.15.0-SNAPSHOT.jar to /home/srafi/.m2/repository/org/apache/nifi/nifi-framework-authorization/1.15.0-SNAPSHOT/nifi-framework-authorization-1.15.0-SNAPSHOT.jar
[INFO] Installing /home/srafi/after-cam-ready/compare_/compile_repair_output/work/4672c8e650f6/nifi-nar-bundles/nifi-framework-bundle/nifi-framework/nifi-framework-authorization/pom.xml to /home/srafi/.m2/repository/org/apache/nifi/nifi-framework-authorization/1.15.0-SNAPSHOT/nifi-framework-authorization-1.15.0-SNAPSHOT.pom
[INFO] 
[INFO] -------< org.apache.nifi.registry:nifi-registry-security-utils >--------
[INFO] Building nifi-registry-security-utils 1.15.0-SNAPSHOT            [31/38]
[INFO] --------------------------------[ jar ]---------------------------------
[INFO] 
[INFO] --- maven-clean-plugin:3.1.0:clean (default-clean) @ nifi-registry-security-utils ---
[INFO] 
[INFO] --- maven-remote-resources-plugin:1.7.0:process (process-resource-bundles) @ nifi-registry-security-utils ---
[INFO] Preparing remote bundle org.apache:apache-jar-resource-bundle:1.4
[INFO] Copying 3 resources from 1 bundle.
[INFO] 
[INFO] --- maven-resources-plugin:2.7:resources (default-resources) @ nifi-registry-security-utils ---
[INFO] Using 'UTF-8' encoding to copy filtered resources.
[INFO] skip non existing resourceDirectory /home/srafi/after-cam-ready/compare_/compile_repair_output/work/4672c8e650f6/nifi-registry/nifi-registry-core/nifi-registry-security-utils/src/main/resources
[INFO] Copying 3 resources
[INFO] 
[INFO] --- maven-compiler-plugin:3.8.1:compile (default-compile) @ nifi-registry-security-utils ---
[INFO] Changes detected - recompiling the module!
[INFO] Compiling 7 source files to /home/srafi/after-cam-ready/compare_/compile_repair_output/work/4672c8e650f6/nifi-registry/nifi-registry-core/nifi-registry-security-utils/target/classes
[INFO] 
[INFO] --- maven-resources-plugin:2.7:testResources (default-testResources) @ nifi-registry-security-utils ---
[INFO] Using 'UTF-8' encoding to copy filtered resources.
[INFO] skip non existing resourceDirectory /home/srafi/after-cam-ready/compare_/compile_repair_output/work/4672c8e650f6/nifi-registry/nifi-registry-core/nifi-registry-security-utils/src/test/resources
[INFO] Copying 3 resources
[INFO] 
[INFO] --- maven-compiler-plugin:3.8.1:testCompile (default-testCompile) @ nifi-registry-security-utils ---
[INFO] Changes detected - recompiling the module!
[INFO] Compiling 1 source file to /home/srafi/after-cam-ready/compare_/compile_repair_output/work/4672c8e650f6/nifi-registry/nifi-registry-core/nifi-registry-security-utils/target/test-classes
[INFO] 
[INFO] --- maven-compiler-plugin:3.8.1:testCompile (groovy-tests) @ nifi-registry-security-utils ---
[INFO] Changes detected - recompiling the module!
[INFO] Using Groovy-Eclipse compiler to compile both Java and Groovy files
[INFO] Compiling in a forked process using /home/srafi/.m2/repository/org/codehaus/groovy/groovy-eclipse-batch/2.5.14-01/groovy-eclipse-batch-2.5.14-01.jar
[INFO] 
[INFO] --- maven-surefire-plugin:3.0.0-M8-SNAPSHOT:test (default-test) @ nifi-registry-security-utils ---
[INFO] Tests are skipped.
[INFO] 
[INFO] --- maven-jar-plugin:2.5:jar (default-jar) @ nifi-registry-security-utils ---
[INFO] Building jar: /home/srafi/after-cam-ready/compare_/compile_repair_output/work/4672c8e650f6/nifi-registry/nifi-registry-core/nifi-registry-security-utils/target/nifi-registry-security-utils-1.15.0-SNAPSHOT.jar
[INFO] 
[INFO] --- maven-site-plugin:3.4:attach-descriptor (attach-descriptor) @ nifi-registry-security-utils ---
[INFO] 
[INFO] --- maven-install-plugin:2.5.2:install (default-install) @ nifi-registry-security-utils ---
[INFO] Installing /home/srafi/after-cam-ready/compare_/compile_repair_output/work/4672c8e650f6/nifi-registry/nifi-registry-core/nifi-registry-security-utils/target/nifi-registry-security-utils-1.15.0-SNAPSHOT.jar to /home/srafi/.m2/repository/org/apache/nifi/registry/nifi-registry-security-utils/1.15.0-SNAPSHOT/nifi-registry-security-utils-1.15.0-SNAPSHOT.jar
[INFO] Installing /home/srafi/after-cam-ready/compare_/compile_repair_output/work/4672c8e650f6/nifi-registry/nifi-registry-core/nifi-registry-security-utils/pom.xml to /home/srafi/.m2/repository/org/apache/nifi/registry/nifi-registry-security-utils/1.15.0-SNAPSHOT/nifi-registry-security-utils-1.15.0-SNAPSHOT.pom
[INFO] 
[INFO] -----------< org.apache.nifi.registry:nifi-registry-client >------------
[INFO] Building nifi-registry-client 1.15.0-SNAPSHOT                    [32/38]
[INFO] --------------------------------[ jar ]---------------------------------
[INFO] 
[INFO] --- maven-clean-plugin:3.1.0:clean (default-clean) @ nifi-registry-client ---
[INFO] 
[INFO] --- maven-remote-resources-plugin:1.7.0:process (process-resource-bundles) @ nifi-registry-client ---
[INFO] Preparing remote bundle org.apache:apache-jar-resource-bundle:1.4
[INFO] Copying 3 resources from 1 bundle.
[INFO] 
[INFO] --- maven-resources-plugin:2.7:resources (default-resources) @ nifi-registry-client ---
[INFO] Using 'UTF-8' encoding to copy filtered resources.
[INFO] skip non existing resourceDirectory /home/srafi/after-cam-ready/compare_/compile_repair_output/work/4672c8e650f6/nifi-registry/nifi-registry-core/nifi-registry-client/src/main/resources
[INFO] Copying 3 resources
[INFO] 
[INFO] --- maven-compiler-plugin:3.8.1:compile (default-compile) @ nifi-registry-client ---
[INFO] Changes detected - recompiling the module!
[INFO] Compiling 36 source files to /home/srafi/after-cam-ready/compare_/compile_repair_output/work/4672c8e650f6/nifi-registry/nifi-registry-core/nifi-registry-client/target/classes
[WARNING] /home/srafi/after-cam-ready/compare_/compile_repair_output/work/4672c8e650f6/nifi-registry/nifi-registry-core/nifi-registry-client/src/main/java/org/apache/nifi/registry/client/impl/JerseyNiFiRegistryClient.java:[296,26] [deprecation] getPoliciesClient(String...) in NiFiRegistryClient has been deprecated
[WARNING] /home/srafi/after-cam-ready/compare_/compile_repair_output/work/4672c8e650f6/nifi-registry/nifi-registry-core/nifi-registry-client/src/main/java/org/apache/nifi/registry/client/impl/JerseyNiFiRegistryClient.java:[280,25] [deprecation] getTenantsClient(String...) in NiFiRegistryClient has been deprecated
[WARNING] /home/srafi/after-cam-ready/compare_/compile_repair_output/work/4672c8e650f6/nifi-registry/nifi-registry-core/nifi-registry-client/src/main/java/org/apache/nifi/registry/client/impl/JerseyNiFiRegistryClient.java:[264,27] [deprecation] getExtensionClient(String...) in NiFiRegistryClient has been deprecated
[WARNING] /home/srafi/after-cam-ready/compare_/compile_repair_output/work/4672c8e650f6/nifi-registry/nifi-registry-core/nifi-registry-client/src/main/java/org/apache/nifi/registry/client/impl/JerseyNiFiRegistryClient.java:[248,31] [deprecation] getExtensionRepoClient(String...) in NiFiRegistryClient has been deprecated
[WARNING] /home/srafi/after-cam-ready/compare_/compile_repair_output/work/4672c8e650f6/nifi-registry/nifi-registry-core/nifi-registry-client/src/main/java/org/apache/nifi/registry/client/impl/JerseyNiFiRegistryClient.java:[232,31] [deprecation] getBundleVersionClient(String...) in NiFiRegistryClient has been deprecated
[WARNING] /home/srafi/after-cam-ready/compare_/compile_repair_output/work/4672c8e650f6/nifi-registry/nifi-registry-core/nifi-registry-client/src/main/java/org/apache/nifi/registry/client/impl/JerseyNiFiRegistryClient.java:[216,24] [deprecation] getBundleClient(String...) in NiFiRegistryClient has been deprecated
[WARNING] /home/srafi/after-cam-ready/compare_/compile_repair_output/work/4672c8e650f6/nifi-registry/nifi-registry-core/nifi-registry-client/src/main/java/org/apache/nifi/registry/client/impl/JerseyNiFiRegistryClient.java:[200,22] [deprecation] getUserClient(String...) in NiFiRegistryClient has been deprecated
[WARNING] /home/srafi/after-cam-ready/compare_/compile_repair_output/work/4672c8e650f6/nifi-registry/nifi-registry-core/nifi-registry-client/src/main/java/org/apache/nifi/registry/client/impl/JerseyNiFiRegistryClient.java:[184,23] [deprecation] getItemsClient(String...) in NiFiRegistryClient has been deprecated
[WARNING] /home/srafi/after-cam-ready/compare_/compile_repair_output/work/4672c8e650f6/nifi-registry/nifi-registry-core/nifi-registry-client/src/main/java/org/apache/nifi/registry/client/impl/JerseyNiFiRegistryClient.java:[168,30] [deprecation] getFlowSnapshotClient(String...) in NiFiRegistryClient has been deprecated
[WARNING] /home/srafi/after-cam-ready/compare_/compile_repair_output/work/4672c8e650f6/nifi-registry/nifi-registry-core/nifi-registry-client/src/main/java/org/apache/nifi/registry/client/impl/JerseyNiFiRegistryClient.java:[152,22] [deprecation] getFlowClient(String...) in NiFiRegistryClient has been deprecated
[WARNING] /home/srafi/after-cam-ready/compare_/compile_repair_output/work/4672c8e650f6/nifi-registry/nifi-registry-core/nifi-registry-client/src/main/java/org/apache/nifi/registry/client/impl/JerseyNiFiRegistryClient.java:[136,24] [deprecation] getBucketClient(String...) in NiFiRegistryClient has been deprecated
[WARNING] /home/srafi/after-cam-ready/compare_/compile_repair_output/work/4672c8e650f6/nifi-registry/nifi-registry-core/nifi-registry-client/src/main/java/org/apache/nifi/registry/client/impl/JerseyNiFiRegistryClient.java:[351,14] [deprecation] setPropertyInclusion(Value) in ObjectMapper has been deprecated
[INFO] 
[INFO] --- maven-resources-plugin:2.7:testResources (default-testResources) @ nifi-registry-client ---
[INFO] Using 'UTF-8' encoding to copy filtered resources.
[INFO] skip non existing resourceDirectory /home/srafi/after-cam-ready/compare_/compile_repair_output/work/4672c8e650f6/nifi-registry/nifi-registry-core/nifi-registry-client/src/test/resources
[INFO] Copying 3 resources
[INFO] 
[INFO] --- maven-compiler-plugin:3.8.1:testCompile (default-testCompile) @ nifi-registry-client ---
[INFO] Changes detected - recompiling the module!
[INFO] Compiling 3 source files to /home/srafi/after-cam-ready/compare_/compile_repair_output/work/4672c8e650f6/nifi-registry/nifi-registry-core/nifi-registry-client/target/test-classes
[INFO] 
[INFO] --- maven-compiler-plugin:3.8.1:testCompile (groovy-tests) @ nifi-registry-client ---
[INFO] Changes detected - recompiling the module!
[INFO] Nothing to compile - all classes are up to date
[INFO] 
[INFO] --- maven-surefire-plugin:3.0.0-M8-SNAPSHOT:test (default-test) @ nifi-registry-client ---
[INFO] Tests are skipped.
[INFO] 
[INFO] --- maven-jar-plugin:2.5:jar (default-jar) @ nifi-registry-client ---
[INFO] Building jar: /home/srafi/after-cam-ready/compare_/compile_repair_output/work/4672c8e650f6/nifi-registry/nifi-registry-core/nifi-registry-client/target/nifi-registry-client-1.15.0-SNAPSHOT.jar
[INFO] 
[INFO] --- maven-site-plugin:3.4:attach-descriptor (attach-descriptor) @ nifi-registry-client ---
[INFO] 
[INFO] --- maven-install-plugin:2.5.2:install (default-install) @ nifi-registry-client ---
[INFO] Installing /home/srafi/after-cam-ready/compare_/compile_repair_output/work/4672c8e650f6/nifi-registry/nifi-registry-core/nifi-registry-client/target/nifi-registry-client-1.15.0-SNAPSHOT.jar to /home/srafi/.m2/repository/org/apache/nifi/registry/nifi-registry-client/1.15.0-SNAPSHOT/nifi-registry-client-1.15.0-SNAPSHOT.jar
[INFO] Installing /home/srafi/after-cam-ready/compare_/compile_repair_output/work/4672c8e650f6/nifi-registry/nifi-registry-core/nifi-registry-client/pom.xml to /home/srafi/.m2/repository/org/apache/nifi/registry/nifi-registry-client/1.15.0-SNAPSHOT/nifi-registry-client-1.15.0-SNAPSHOT.pom
[INFO] 
[INFO] --------------< org.apache.nifi:nifi-framework-core-api >---------------
[INFO] Building nifi-framework-core-api 1.15.0-SNAPSHOT                 [33/38]
[INFO] --------------------------------[ jar ]---------------------------------
[INFO] 
[INFO] --- maven-clean-plugin:3.1.0:clean (default-clean) @ nifi-framework-core-api ---
[INFO] 
[INFO] --- buildnumber-maven-plugin:1.4:create (default) @ nifi-framework-core-api ---
[INFO] 
[INFO] --- maven-remote-resources-plugin:1.7.0:process (process-resource-bundles) @ nifi-framework-core-api ---
[INFO] Preparing remote bundle org.apache:apache-jar-resource-bundle:1.4
[INFO] Copying 3 resources from 1 bundle.
[INFO] 
[INFO] --- maven-resources-plugin:3.1.0:resources (default-resources) @ nifi-framework-core-api ---
[INFO] Using 'UTF-8' encoding to copy filtered resources.
[INFO] skip non existing resourceDirectory /home/srafi/after-cam-ready/compare_/compile_repair_output/work/4672c8e650f6/nifi-nar-bundles/nifi-framework-bundle/nifi-framework/nifi-framework-core-api/src/main/resources
[INFO] Copying 3 resources
[INFO] 
[INFO] --- maven-compiler-plugin:3.8.1:compile (default-compile) @ nifi-framework-core-api ---
[INFO] Changes detected - recompiling the module!
[INFO] Compiling 121 source files to /home/srafi/after-cam-ready/compare_/compile_repair_output/work/4672c8e650f6/nifi-nar-bundles/nifi-framework-bundle/nifi-framework/nifi-framework-core-api/target/classes
[WARNING] /home/srafi/after-cam-ready/compare_/compile_repair_output/work/4672c8e650f6/nifi-nar-bundles/nifi-framework-bundle/nifi-framework/nifi-framework-core-api/src/main/java/org/apache/nifi/util/CharacterFilterUtils.java:[20,46] [deprecation] AggregateTranslator in org.apache.commons.lang3.text.translate has been deprecated
[WARNING] /home/srafi/after-cam-ready/compare_/compile_repair_output/work/4672c8e650f6/nifi-nar-bundles/nifi-framework-bundle/nifi-framework/nifi-framework-core-api/src/main/java/org/apache/nifi/util/CharacterFilterUtils.java:[21,46] [deprecation] CharSequenceTranslator in org.apache.commons.lang3.text.translate has been deprecated
[WARNING] /home/srafi/after-cam-ready/compare_/compile_repair_output/work/4672c8e650f6/nifi-nar-bundles/nifi-framework-bundle/nifi-framework/nifi-framework-core-api/src/main/java/org/apache/nifi/util/CharacterFilterUtils.java:[22,46] [deprecation] LookupTranslator in org.apache.commons.lang3.text.translate has been deprecated
[WARNING] /home/srafi/after-cam-ready/compare_/compile_repair_output/work/4672c8e650f6/nifi-nar-bundles/nifi-framework-bundle/nifi-framework/nifi-framework-core-api/src/main/java/org/apache/nifi/util/CharacterFilterUtils.java:[23,46] [deprecation] UnicodeUnpairedSurrogateRemover in org.apache.commons.lang3.text.translate has been deprecated
[WARNING] /home/srafi/after-cam-ready/compare_/compile_repair_output/work/4672c8e650f6/nifi-nar-bundles/nifi-framework-bundle/nifi-framework/nifi-framework-core-api/src/main/java/org/apache/nifi/controller/AbstractPort.java:[459,44] [deprecation] getTimeDuration(String,TimeUnit) in FormatUtils has been deprecated
[WARNING] /home/srafi/after-cam-ready/compare_/compile_repair_output/work/4672c8e650f6/nifi-nar-bundles/nifi-framework-bundle/nifi-framework/nifi-framework-core-api/src/main/java/org/apache/nifi/controller/AbstractPort.java:[468,48] [deprecation] getTimeDuration(String,TimeUnit) in FormatUtils has been deprecated
[WARNING] /home/srafi/after-cam-ready/compare_/compile_repair_output/work/4672c8e650f6/nifi-nar-bundles/nifi-framework-bundle/nifi-framework/nifi-framework-core-api/src/main/java/org/apache/nifi/controller/AbstractPort.java:[479,26] [deprecation] getTimeDuration(String,TimeUnit) in FormatUtils has been deprecated
[WARNING] /home/srafi/after-cam-ready/compare_/compile_repair_output/work/4672c8e650f6/nifi-nar-bundles/nifi-framework-bundle/nifi-framework/nifi-framework-core-api/src/main/java/org/apache/nifi/controller/AbstractPort.java:[526,26] [deprecation] getTimeDuration(String,TimeUnit) in FormatUtils has been deprecated
[WARNING] /home/srafi/after-cam-ready/compare_/compile_repair_output/work/4672c8e650f6/nifi-nar-bundles/nifi-framework-bundle/nifi-framework/nifi-framework-core-api/src/main/java/org/apache/nifi/controller/StandardFunnel.java:[436,44] [deprecation] getTimeDuration(String,TimeUnit) in FormatUtils has been deprecated
[WARNING] /home/srafi/after-cam-ready/compare_/compile_repair_output/work/4672c8e650f6/nifi-nar-bundles/nifi-framework-bundle/nifi-framework/nifi-framework-core-api/src/main/java/org/apache/nifi/controller/StandardFunnel.java:[445,48] [deprecation] getTimeDuration(String,TimeUnit) in FormatUtils has been deprecated
[WARNING] /home/srafi/after-cam-ready/compare_/compile_repair_output/work/4672c8e650f6/nifi-nar-bundles/nifi-framework-bundle/nifi-framework/nifi-framework-core-api/src/main/java/org/apache/nifi/controller/StandardFunnel.java:[456,26] [deprecation] getTimeDuration(String,TimeUnit) in FormatUtils has been deprecated
[WARNING] /home/srafi/after-cam-ready/compare_/compile_repair_output/work/4672c8e650f6/nifi-nar-bundles/nifi-framework-bundle/nifi-framework/nifi-framework-core-api/src/main/java/org/apache/nifi/controller/StandardFunnel.java:[504,26] [deprecation] getTimeDuration(String,TimeUnit) in FormatUtils has been deprecated
[WARNING] /home/srafi/after-cam-ready/compare_/compile_repair_output/work/4672c8e650f6/nifi-nar-bundles/nifi-framework-bundle/nifi-framework/nifi-framework-core-api/src/main/java/org/apache/nifi/util/CharacterFilterUtils.java:[40,25] [deprecation] CharSequenceTranslator in org.apache.commons.lang3.text.translate has been deprecated
[WARNING] /home/srafi/after-cam-ready/compare_/compile_repair_output/work/4672c8e650f6/nifi-nar-bundles/nifi-framework-bundle/nifi-framework/nifi-framework-core-api/src/main/java/org/apache/nifi/util/CharacterFilterUtils.java:[40,83] [deprecation] AggregateTranslator in org.apache.commons.lang3.text.translate has been deprecated
[WARNING] /home/srafi/after-cam-ready/compare_/compile_repair_output/work/4672c8e650f6/nifi-nar-bundles/nifi-framework-bundle/nifi-framework/nifi-framework-core-api/src/main/java/org/apache/nifi/util/CharacterFilterUtils.java:[41,16] [deprecation] LookupTranslator in org.apache.commons.lang3.text.translate has been deprecated
[WARNING] /home/srafi/after-cam-ready/compare_/compile_repair_output/work/4672c8e650f6/nifi-nar-bundles/nifi-framework-bundle/nifi-framework/nifi-framework-core-api/src/main/java/org/apache/nifi/util/CharacterFilterUtils.java:[42,16] [deprecation] UnicodeUnpairedSurrogateRemover in org.apache.commons.lang3.text.translate has been deprecated
[INFO] 
[INFO] --- maven-resources-plugin:3.1.0:testResources (default-testResources) @ nifi-framework-core-api ---
[INFO] Using 'UTF-8' encoding to copy filtered resources.
[INFO] skip non existing resourceDirectory /home/srafi/after-cam-ready/compare_/compile_repair_output/work/4672c8e650f6/nifi-nar-bundles/nifi-framework-bundle/nifi-framework/nifi-framework-core-api/src/test/resources
[INFO] Copying 3 resources
[INFO] 
[INFO] --- maven-compiler-plugin:3.8.1:testCompile (default-testCompile) @ nifi-framework-core-api ---
[INFO] Changes detected - recompiling the module!
[INFO] Compiling 5 source files to /home/srafi/after-cam-ready/compare_/compile_repair_output/work/4672c8e650f6/nifi-nar-bundles/nifi-framework-bundle/nifi-framework/nifi-framework-core-api/target/test-classes
[INFO] 
[INFO] --- maven-compiler-plugin:3.8.1:testCompile (groovy-tests) @ nifi-framework-core-api ---
[INFO] Changes detected - recompiling the module!
[INFO] Nothing to compile - all classes are up to date
[INFO] 
[INFO] --- maven-surefire-plugin:3.0.0-M8-SNAPSHOT:test (default-test) @ nifi-framework-core-api ---
[INFO] Tests are skipped.
[INFO] 
[INFO] --- maven-jar-plugin:3.2.0:jar (default-jar) @ nifi-framework-core-api ---
[INFO] Building jar: /home/srafi/after-cam-ready/compare_/compile_repair_output/work/4672c8e650f6/nifi-nar-bundles/nifi-framework-bundle/nifi-framework/nifi-framework-core-api/target/nifi-framework-core-api-1.15.0-SNAPSHOT.jar
[INFO] 
[INFO] --- maven-site-plugin:3.7.1:attach-descriptor (attach-descriptor) @ nifi-framework-core-api ---
[INFO] Skipping because packaging 'jar' is not pom.
[INFO] 
[INFO] --- maven-install-plugin:2.5.2:install (default-install) @ nifi-framework-core-api ---
[INFO] Installing /home/srafi/after-cam-ready/compare_/compile_repair_output/work/4672c8e650f6/nifi-nar-bundles/nifi-framework-bundle/nifi-framework/nifi-framework-core-api/target/nifi-framework-core-api-1.15.0-SNAPSHOT.jar to /home/srafi/.m2/repository/org/apache/nifi/nifi-framework-core-api/1.15.0-SNAPSHOT/nifi-framework-core-api-1.15.0-SNAPSHOT.jar
[INFO] Installing /home/srafi/after-cam-ready/compare_/compile_repair_output/work/4672c8e650f6/nifi-nar-bundles/nifi-framework-bundle/nifi-framework/nifi-framework-core-api/pom.xml to /home/srafi/.m2/repository/org/apache/nifi/nifi-framework-core-api/1.15.0-SNAPSHOT/nifi-framework-core-api-1.15.0-SNAPSHOT.pom
[INFO] 
[INFO] ---------------------< org.apache.nifi:nifi-mock >----------------------
[INFO] Building nifi-mock 1.15.0-SNAPSHOT                               [34/38]
[INFO] --------------------------------[ jar ]---------------------------------
[INFO] 
[INFO] --- maven-clean-plugin:3.1.0:clean (default-clean) @ nifi-mock ---
[INFO] 
[INFO] --- maven-remote-resources-plugin:1.7.0:process (process-resource-bundles) @ nifi-mock ---
[INFO] Preparing remote bundle org.apache:apache-jar-resource-bundle:1.4
[INFO] Copying 3 resources from 1 bundle.
[INFO] 
[INFO] --- maven-resources-plugin:3.1.0:resources (default-resources) @ nifi-mock ---
[INFO] Using 'UTF-8' encoding to copy filtered resources.
[INFO] Copying 1 resource
[INFO] Copying 3 resources
[INFO] 
[INFO] --- maven-compiler-plugin:3.8.1:compile (default-compile) @ nifi-mock ---
[INFO] Changes detected - recompiling the module!
[INFO] Compiling 39 source files to /home/srafi/after-cam-ready/compare_/compile_repair_output/work/4672c8e650f6/nifi-mock/target/classes
[INFO] 
[INFO] --- maven-resources-plugin:3.1.0:testResources (default-testResources) @ nifi-mock ---
[INFO] Using 'UTF-8' encoding to copy filtered resources.
[INFO] skip non existing resourceDirectory /home/srafi/after-cam-ready/compare_/compile_repair_output/work/4672c8e650f6/nifi-mock/src/test/resources
[INFO] Copying 3 resources
[INFO] 
[INFO] --- maven-compiler-plugin:3.8.1:testCompile (default-testCompile) @ nifi-mock ---
[INFO] Changes detected - recompiling the module!
[INFO] Compiling 4 source files to /home/srafi/after-cam-ready/compare_/compile_repair_output/work/4672c8e650f6/nifi-mock/target/test-classes
[INFO] 
[INFO] --- maven-compiler-plugin:3.8.1:testCompile (groovy-tests) @ nifi-mock ---
[INFO] Changes detected - recompiling the module!
[INFO] Nothing to compile - all classes are up to date
[INFO] 
[INFO] --- maven-surefire-plugin:3.0.0-M8-SNAPSHOT:test (default-test) @ nifi-mock ---
[INFO] Tests are skipped.
[INFO] 
[INFO] --- maven-jar-plugin:3.2.0:jar (default-jar) @ nifi-mock ---
[INFO] Building jar: /home/srafi/after-cam-ready/compare_/compile_repair_output/work/4672c8e650f6/nifi-mock/target/nifi-mock-1.15.0-SNAPSHOT.jar
[INFO] 
[INFO] --- maven-site-plugin:3.7.1:attach-descriptor (attach-descriptor) @ nifi-mock ---
[INFO] Skipping because packaging 'jar' is not pom.
[INFO] 
[INFO] --- maven-install-plugin:2.5.2:install (default-install) @ nifi-mock ---
[INFO] Installing /home/srafi/after-cam-ready/compare_/compile_repair_output/work/4672c8e650f6/nifi-mock/target/nifi-mock-1.15.0-SNAPSHOT.jar to /home/srafi/.m2/repository/org/apache/nifi/nifi-mock/1.15.0-SNAPSHOT/nifi-mock-1.15.0-SNAPSHOT.jar
[INFO] Installing /home/srafi/after-cam-ready/compare_/compile_repair_output/work/4672c8e650f6/nifi-mock/pom.xml to /home/srafi/.m2/repository/org/apache/nifi/nifi-mock/1.15.0-SNAPSHOT/nifi-mock-1.15.0-SNAPSHOT.pom
[INFO] 
[INFO] ----------------< org.apache.nifi:nifi-extension-utils >----------------
[INFO] Building nifi-extension-utils 1.15.0-SNAPSHOT                    [35/38]
[INFO] --------------------------------[ pom ]---------------------------------
[INFO] 
[INFO] --- maven-clean-plugin:3.1.0:clean (default-clean) @ nifi-extension-utils ---
[INFO] 
[INFO] --- buildnumber-maven-plugin:1.4:create (default) @ nifi-extension-utils ---
[INFO] 
[INFO] --- maven-remote-resources-plugin:1.7.0:process (process-resource-bundles) @ nifi-extension-utils ---
[INFO] Preparing remote bundle org.apache:apache-jar-resource-bundle:1.4
[INFO] Copying 3 resources from 1 bundle.
[INFO] 
[INFO] --- maven-compiler-plugin:3.8.1:testCompile (groovy-tests) @ nifi-extension-utils ---
[INFO] No sources to compile
[INFO] 
[INFO] --- maven-site-plugin:3.7.1:attach-descriptor (attach-descriptor) @ nifi-extension-utils ---
[INFO] No site descriptor found: nothing to attach.
[INFO] 
[INFO] --- maven-install-plugin:2.5.2:install (default-install) @ nifi-extension-utils ---
[INFO] Installing /home/srafi/after-cam-ready/compare_/compile_repair_output/work/4672c8e650f6/nifi-nar-bundles/nifi-extension-utils/pom.xml to /home/srafi/.m2/repository/org/apache/nifi/nifi-extension-utils/1.15.0-SNAPSHOT/nifi-extension-utils-1.15.0-SNAPSHOT.pom
[INFO] 
[INFO] ----------------< org.apache.nifi:nifi-reporting-utils >----------------
[INFO] Building nifi-reporting-utils 1.15.0-SNAPSHOT                    [36/38]
[INFO] --------------------------------[ jar ]---------------------------------
[INFO] 
[INFO] --- maven-clean-plugin:3.1.0:clean (default-clean) @ nifi-reporting-utils ---
[INFO] 
[INFO] --- buildnumber-maven-plugin:1.4:create (default) @ nifi-reporting-utils ---
[INFO] 
[INFO] --- maven-remote-resources-plugin:1.7.0:process (process-resource-bundles) @ nifi-reporting-utils ---
[INFO] Preparing remote bundle org.apache:apache-jar-resource-bundle:1.4
[INFO] Copying 3 resources from 1 bundle.
[INFO] 
[INFO] --- maven-resources-plugin:3.1.0:resources (default-resources) @ nifi-reporting-utils ---
[INFO] Using 'UTF-8' encoding to copy filtered resources.
[INFO] skip non existing resourceDirectory /home/srafi/after-cam-ready/compare_/compile_repair_output/work/4672c8e650f6/nifi-nar-bundles/nifi-extension-utils/nifi-reporting-utils/src/main/resources
[INFO] Copying 3 resources
[INFO] 
[INFO] --- maven-compiler-plugin:3.8.1:compile (default-compile) @ nifi-reporting-utils ---
[INFO] Changes detected - recompiling the module!
[INFO] Compiling 8 source files to /home/srafi/after-cam-ready/compare_/compile_repair_output/work/4672c8e650f6/nifi-nar-bundles/nifi-extension-utils/nifi-reporting-utils/target/classes
[INFO] 
[INFO] --- maven-resources-plugin:3.1.0:testResources (default-testResources) @ nifi-reporting-utils ---
[INFO] Using 'UTF-8' encoding to copy filtered resources.
[INFO] skip non existing resourceDirectory /home/srafi/after-cam-ready/compare_/compile_repair_output/work/4672c8e650f6/nifi-nar-bundles/nifi-extension-utils/nifi-reporting-utils/src/test/resources
[INFO] Copying 3 resources
[INFO] 
[INFO] --- maven-compiler-plugin:3.8.1:testCompile (default-testCompile) @ nifi-reporting-utils ---
[INFO] No sources to compile
[INFO] 
[INFO] --- maven-compiler-plugin:3.8.1:testCompile (groovy-tests) @ nifi-reporting-utils ---
[INFO] No sources to compile
[INFO] 
[INFO] --- maven-surefire-plugin:3.0.0-M8-SNAPSHOT:test (default-test) @ nifi-reporting-utils ---
[INFO] Tests are skipped.
[INFO] 
[INFO] --- maven-jar-plugin:3.2.0:jar (default-jar) @ nifi-reporting-utils ---
[INFO] Building jar: /home/srafi/after-cam-ready/compare_/compile_repair_output/work/4672c8e650f6/nifi-nar-bundles/nifi-extension-utils/nifi-reporting-utils/target/nifi-reporting-utils-1.15.0-SNAPSHOT.jar
[INFO] 
[INFO] --- maven-site-plugin:3.7.1:attach-descriptor (attach-descriptor) @ nifi-reporting-utils ---
[INFO] Skipping because packaging 'jar' is not pom.
[INFO] 
[INFO] --- maven-install-plugin:2.5.2:install (default-install) @ nifi-reporting-utils ---
[INFO] Installing /home/srafi/after-cam-ready/compare_/compile_repair_output/work/4672c8e650f6/nifi-nar-bundles/nifi-extension-utils/nifi-reporting-utils/target/nifi-reporting-utils-1.15.0-SNAPSHOT.jar to /home/srafi/.m2/repository/org/apache/nifi/nifi-reporting-utils/1.15.0-SNAPSHOT/nifi-reporting-utils-1.15.0-SNAPSHOT.jar
[INFO] Installing /home/srafi/after-cam-ready/compare_/compile_repair_output/work/4672c8e650f6/nifi-nar-bundles/nifi-extension-utils/nifi-reporting-utils/pom.xml to /home/srafi/.m2/repository/org/apache/nifi/nifi-reporting-utils/1.15.0-SNAPSHOT/nifi-reporting-utils-1.15.0-SNAPSHOT.pom
[INFO] 
[INFO] -----------------< org.apache.nifi:nifi-azure-bundle >------------------
[INFO] Building nifi-azure-bundle 1.15.0-SNAPSHOT                       [37/38]
[INFO] --------------------------------[ pom ]---------------------------------
[INFO] 
[INFO] --- maven-clean-plugin:3.1.0:clean (default-clean) @ nifi-azure-bundle ---
[INFO] 
[INFO] --- buildnumber-maven-plugin:1.4:create (default) @ nifi-azure-bundle ---
[INFO] 
[INFO] --- maven-remote-resources-plugin:1.7.0:process (process-resource-bundles) @ nifi-azure-bundle ---
[INFO] Preparing remote bundle org.apache:apache-jar-resource-bundle:1.4
[INFO] Copying 3 resources from 1 bundle.
[INFO] 
[INFO] --- maven-compiler-plugin:3.8.1:testCompile (groovy-tests) @ nifi-azure-bundle ---
[INFO] No sources to compile
[INFO] 
[INFO] --- maven-site-plugin:3.7.1:attach-descriptor (attach-descriptor) @ nifi-azure-bundle ---
[INFO] No site descriptor found: nothing to attach.
[INFO] 
[INFO] --- maven-install-plugin:2.5.2:install (default-install) @ nifi-azure-bundle ---
[INFO] Installing /home/srafi/after-cam-ready/compare_/compile_repair_output/work/4672c8e650f6/nifi-nar-bundles/nifi-azure-bundle/pom.xml to /home/srafi/.m2/repository/org/apache/nifi/nifi-azure-bundle/1.15.0-SNAPSHOT/nifi-azure-bundle-1.15.0-SNAPSHOT.pom
[INFO] 
[INFO] -------------< org.apache.nifi:nifi-azure-reporting-task >--------------
[INFO] Building nifi-azure-reporting-task 1.15.0-SNAPSHOT               [38/38]
[INFO] --------------------------------[ jar ]---------------------------------
[INFO] 
[INFO] --- maven-clean-plugin:3.1.0:clean (default-clean) @ nifi-azure-reporting-task ---
[INFO] 
[INFO] --- buildnumber-maven-plugin:1.4:create (default) @ nifi-azure-reporting-task ---
[INFO] 
[INFO] --- maven-remote-resources-plugin:1.7.0:process (process-resource-bundles) @ nifi-azure-reporting-task ---
[INFO] Preparing remote bundle org.apache:apache-jar-resource-bundle:1.4
[INFO] Copying 3 resources from 1 bundle.
[INFO] 
[INFO] --- maven-resources-plugin:3.1.0:resources (default-resources) @ nifi-azure-reporting-task ---
[INFO] Using 'UTF-8' encoding to copy filtered resources.
[INFO] Copying 2 resources
[INFO] Copying 3 resources
[INFO] 
[INFO] --- maven-compiler-plugin:3.8.1:compile (default-compile) @ nifi-azure-reporting-task ---
[INFO] Changes detected - recompiling the module!
[INFO] Compiling 7 source files to /home/srafi/after-cam-ready/compare_/compile_repair_output/work/4672c8e650f6/nifi-nar-bundles/nifi-azure-bundle/nifi-azure-reporting-task/target/classes
[INFO] 
[INFO] --- maven-resources-plugin:3.1.0:testResources (default-testResources) @ nifi-azure-reporting-task ---
[INFO] Using 'UTF-8' encoding to copy filtered resources.
[INFO] skip non existing resourceDirectory /home/srafi/after-cam-ready/compare_/compile_repair_output/work/4672c8e650f6/nifi-nar-bundles/nifi-azure-bundle/nifi-azure-reporting-task/src/test/resources
[INFO] Copying 3 resources
[INFO] 
[INFO] --- maven-compiler-plugin:3.8.1:testCompile (default-testCompile) @ nifi-azure-reporting-task ---
[INFO] Changes detected - recompiling the module!
[INFO] Compiling 4 source files to /home/srafi/after-cam-ready/compare_/compile_repair_output/work/4672c8e650f6/nifi-nar-bundles/nifi-azure-bundle/nifi-azure-reporting-task/target/test-classes
[INFO] 
[INFO] --- maven-compiler-plugin:3.8.1:testCompile (groovy-tests) @ nifi-azure-reporting-task ---
[INFO] Changes detected - recompiling the module!
[INFO] Nothing to compile - all classes are up to date
[INFO] 
[INFO] --- maven-surefire-plugin:3.0.0-M8-SNAPSHOT:test (default-test) @ nifi-azure-reporting-task ---
[INFO] Tests are skipped.
[INFO] 
[INFO] --- maven-jar-plugin:3.2.0:jar (default-jar) @ nifi-azure-reporting-task ---
[INFO] Building jar: /home/srafi/after-cam-ready/compare_/compile_repair_output/work/4672c8e650f6/nifi-nar-bundles/nifi-azure-bundle/nifi-azure-reporting-task/target/nifi-azure-reporting-task-1.15.0-SNAPSHOT.jar
[INFO] 
[INFO] --- maven-site-plugin:3.7.1:attach-descriptor (attach-descriptor) @ nifi-azure-reporting-task ---
[INFO] Skipping because packaging 'jar' is not pom.
[INFO] 
[INFO] --- maven-install-plugin:2.5.2:install (default-install) @ nifi-azure-reporting-task ---
[INFO] Installing /home/srafi/after-cam-ready/compare_/compile_repair_output/work/4672c8e650f6/nifi-nar-bundles/nifi-azure-bundle/nifi-azure-reporting-task/target/nifi-azure-reporting-task-1.15.0-SNAPSHOT.jar to /home/srafi/.m2/repository/org/apache/nifi/nifi-azure-reporting-task/1.15.0-SNAPSHOT/nifi-azure-reporting-task-1.15.0-SNAPSHOT.jar
[INFO] Installing /home/srafi/after-cam-ready/compare_/compile_repair_output/work/4672c8e650f6/nifi-nar-bundles/nifi-azure-bundle/nifi-azure-reporting-task/pom.xml to /home/srafi/.m2/repository/org/apache/nifi/nifi-azure-reporting-task/1.15.0-SNAPSHOT/nifi-azure-reporting-task-1.15.0-SNAPSHOT.pom
[INFO] ------------------------------------------------------------------------
[INFO] Reactor Summary for nifi 1.15.0-SNAPSHOT:
[INFO] 
[INFO] nifi ............................................... SUCCESS [  0.520 s]
[INFO] nifi-commons ....................................... SUCCESS [  0.017 s]
[INFO] nifi-api ........................................... SUCCESS [  5.107 s]
[INFO] nifi-utils ......................................... SUCCESS [  2.492 s]
[INFO] nifi-security-utils-api ............................ SUCCESS [  1.392 s]
[INFO] nifi-security-kms .................................. SUCCESS [  0.911 s]
[INFO] nifi-property-utils ................................ SUCCESS [  0.374 s]
[INFO] nifi-properties .................................... SUCCESS [  1.140 s]
[INFO] nifi-security-utils ................................ SUCCESS [  3.330 s]
[INFO] nifi-framework-api ................................. SUCCESS [  1.419 s]
[INFO] nifi-data-provenance-utils ......................... SUCCESS [  0.581 s]
[INFO] nifi-parameter ..................................... SUCCESS [  0.902 s]
[INFO] nifi-uuid5 ......................................... SUCCESS [  0.330 s]
[INFO] nifi-expression-language ........................... SUCCESS [  3.569 s]
[INFO] nifi-metrics ....................................... SUCCESS [  1.206 s]
[INFO] nifi-registry ...................................... SUCCESS [  0.296 s]
[INFO] nifi-registry-core ................................. SUCCESS [  0.013 s]
[INFO] nifi-registry-revision ............................. SUCCESS [  0.013 s]
[INFO] nifi-registry-revision-entity-model ................ SUCCESS [  0.439 s]
[INFO] nifi-registry-data-model ........................... SUCCESS [  1.056 s]
[INFO] nifi-nar-bundles ................................... SUCCESS [  0.088 s]
[INFO] nifi-framework-bundle .............................. SUCCESS [  0.010 s]
[INFO] nifi-framework ..................................... SUCCESS [  0.009 s]
[INFO] nifi-client-dto .................................... SUCCESS [  1.586 s]
[INFO] nifi-site-to-site-client ........................... SUCCESS [  3.119 s]
[INFO] nifi-server-api .................................... SUCCESS [  0.420 s]
[INFO] nifi-nar-utils ..................................... SUCCESS [  2.019 s]
[INFO] nifi-framework-nar-utils ........................... SUCCESS [  1.088 s]
[INFO] nifi-mock-authorizer ............................... SUCCESS [  0.360 s]
[INFO] nifi-framework-authorization ....................... SUCCESS [  0.936 s]
[INFO] nifi-registry-security-utils ....................... SUCCESS [  1.732 s]
[INFO] nifi-registry-client ............................... SUCCESS [  1.426 s]
[INFO] nifi-framework-core-api ............................ SUCCESS [  1.625 s]
[INFO] nifi-mock .......................................... SUCCESS [  1.703 s]
[INFO] nifi-extension-utils ............................... SUCCESS [  0.011 s]
[INFO] nifi-reporting-utils ............................... SUCCESS [  0.538 s]
[INFO] nifi-azure-bundle .................................. SUCCESS [  0.012 s]
[INFO] nifi-azure-reporting-task .......................... SUCCESS [  1.243 s]
[INFO] ------------------------------------------------------------------------
[INFO] BUILD SUCCESS
[INFO] ------------------------------------------------------------------------
[INFO] Total time:  01:08 min
[INFO] Finished at: 2026-08-15T15:40:49-04:00
[INFO] ------------------------------------------------------------------------
