JAVA_HOME=/usr/lib/jvm/java-8-openjdk-amd64
COMMAND=mvn -B clean install -DskipTests -U -pl nifi-nar-bundles/nifi-framework-bundle/nifi-framework/nifi-framework-cluster -am -Ddependency-check.skip=true -Dgpg.skip=true -DfailIfNoTests=false -Dskip.installnodenpm=true -Dskip.npm=true -Dskip.yarn=true -Dlicense.skip=true -Dcheckstyle.skip=true -Drat.skip=true -Denforcer.skip=true -Danimal.sniffer.skip=true -Dmaven.javadoc.skip=true -Dfindbugs.skip=true -Dspotbugs.skip=true -Dwarbucks.skip=true -Dmodernizer.skip=true -Dimpsort.skip=true -Dmdep.analyze.skip=true -Dpgpverify.skip=true -Dxml.skip=true -Dcobertura.skip=true

[INFO] Scanning for projects...
Warning: KebabPizza disabling incompatible org.apache.maven.plugins:maven-enforcer-plugin from nifi
Warning: KebabPizza disabling incompatible org.apache.rat:apache-rat-plugin from nifi
Warning: KebabPizza disabling incompatible org.apache.maven.plugins:maven-enforcer-plugin from nifi-commons
Warning: KebabPizza disabling incompatible org.apache.rat:apache-rat-plugin from nifi-commons
Warning: KebabPizza disabling incompatible org.apache.maven.plugins:maven-enforcer-plugin from nifi-api
Warning: KebabPizza disabling incompatible org.apache.rat:apache-rat-plugin from nifi-api
Warning: KebabPizza disabling incompatible org.apache.maven.plugins:maven-enforcer-plugin from nifi-utils
Warning: KebabPizza disabling incompatible org.apache.rat:apache-rat-plugin from nifi-utils
Warning: KebabPizza disabling incompatible org.apache.maven.plugins:maven-enforcer-plugin from nifi-security-utils-api
Warning: KebabPizza disabling incompatible org.apache.rat:apache-rat-plugin from nifi-security-utils-api
Warning: KebabPizza disabling incompatible org.apache.maven.plugins:maven-enforcer-plugin from nifi-security-kms
Warning: KebabPizza disabling incompatible org.apache.rat:apache-rat-plugin from nifi-security-kms
Warning: KebabPizza disabling incompatible org.apache.maven.plugins:maven-enforcer-plugin from nifi-property-utils
Warning: KebabPizza disabling incompatible org.apache.rat:apache-rat-plugin from nifi-property-utils
Warning: KebabPizza disabling incompatible org.apache.maven.plugins:maven-enforcer-plugin from nifi-properties
Warning: KebabPizza disabling incompatible org.apache.rat:apache-rat-plugin from nifi-properties
Warning: KebabPizza disabling incompatible org.apache.maven.plugins:maven-enforcer-plugin from nifi-security-utils
Warning: KebabPizza disabling incompatible org.apache.rat:apache-rat-plugin from nifi-security-utils
Warning: KebabPizza disabling incompatible org.apache.maven.plugins:maven-enforcer-plugin from nifi-framework-api
Warning: KebabPizza disabling incompatible org.apache.rat:apache-rat-plugin from nifi-framework-api
Warning: KebabPizza disabling incompatible org.apache.maven.plugins:maven-enforcer-plugin from nifi-data-provenance-utils
Warning: KebabPizza disabling incompatible org.apache.rat:apache-rat-plugin from nifi-data-provenance-utils
Warning: KebabPizza disabling incompatible org.apache.maven.plugins:maven-enforcer-plugin from nifi-parameter
Warning: KebabPizza disabling incompatible org.apache.rat:apache-rat-plugin from nifi-parameter
Warning: KebabPizza disabling incompatible org.apache.maven.plugins:maven-enforcer-plugin from nifi-uuid5
Warning: KebabPizza disabling incompatible org.apache.rat:apache-rat-plugin from nifi-uuid5
Warning: KebabPizza disabling incompatible org.apache.maven.plugins:maven-enforcer-plugin from nifi-expression-language
Warning: KebabPizza disabling incompatible org.apache.rat:apache-rat-plugin from nifi-expression-language
Warning: KebabPizza disabling incompatible org.apache.maven.plugins:maven-enforcer-plugin from nifi-property-encryptor
Warning: KebabPizza disabling incompatible org.apache.rat:apache-rat-plugin from nifi-property-encryptor
Warning: KebabPizza disabling incompatible org.apache.maven.plugins:maven-enforcer-plugin from nifi-logging-utils
Warning: KebabPizza disabling incompatible org.apache.rat:apache-rat-plugin from nifi-logging-utils
Warning: KebabPizza disabling incompatible org.apache.maven.plugins:maven-enforcer-plugin from nifi-vault-utils
Warning: KebabPizza disabling incompatible org.apache.rat:apache-rat-plugin from nifi-vault-utils
Warning: KebabPizza disabling incompatible org.apache.maven.plugins:maven-enforcer-plugin from nifi-sensitive-property-provider
Warning: KebabPizza disabling incompatible org.apache.rat:apache-rat-plugin from nifi-sensitive-property-provider
Warning: KebabPizza disabling incompatible org.apache.maven.plugins:maven-enforcer-plugin from nifi-repository-encryption
Warning: KebabPizza disabling incompatible org.apache.rat:apache-rat-plugin from nifi-repository-encryption
Warning: KebabPizza disabling incompatible org.apache.maven.plugins:maven-enforcer-plugin from nifi-rocksdb-utils
Warning: KebabPizza disabling incompatible org.apache.rat:apache-rat-plugin from nifi-rocksdb-utils
Warning: KebabPizza disabling incompatible org.apache.maven.plugins:maven-enforcer-plugin from nifi-schema-utils
Warning: KebabPizza disabling incompatible org.apache.rat:apache-rat-plugin from nifi-schema-utils
Warning: KebabPizza disabling incompatible org.apache.maven.plugins:maven-enforcer-plugin from nifi-registry
Warning: KebabPizza disabling incompatible org.apache.rat:apache-rat-plugin from nifi-registry
Warning: KebabPizza disabling incompatible org.apache.maven.plugins:maven-enforcer-plugin from nifi-registry-core
Warning: KebabPizza disabling incompatible org.apache.rat:apache-rat-plugin from nifi-registry-core
Warning: KebabPizza disabling incompatible org.apache.maven.plugins:maven-enforcer-plugin from nifi-registry-revision
Warning: KebabPizza disabling incompatible org.apache.rat:apache-rat-plugin from nifi-registry-revision
Warning: KebabPizza disabling incompatible org.apache.maven.plugins:maven-enforcer-plugin from nifi-registry-revision-entity-model
Warning: KebabPizza disabling incompatible org.apache.rat:apache-rat-plugin from nifi-registry-revision-entity-model
Warning: KebabPizza disabling incompatible org.apache.maven.plugins:maven-enforcer-plugin from nifi-registry-data-model
Warning: KebabPizza disabling incompatible org.apache.rat:apache-rat-plugin from nifi-registry-data-model
Warning: KebabPizza disabling incompatible org.apache.maven.plugins:maven-enforcer-plugin from nifi-nar-bundles
Warning: KebabPizza disabling incompatible org.apache.rat:apache-rat-plugin from nifi-nar-bundles
Warning: KebabPizza disabling incompatible org.apache.maven.plugins:maven-enforcer-plugin from nifi-framework-bundle
Warning: KebabPizza disabling incompatible org.apache.rat:apache-rat-plugin from nifi-framework-bundle
Warning: KebabPizza disabling incompatible org.apache.maven.plugins:maven-enforcer-plugin from nifi-framework
Warning: KebabPizza disabling incompatible org.apache.rat:apache-rat-plugin from nifi-framework
Warning: KebabPizza disabling incompatible org.apache.maven.plugins:maven-enforcer-plugin from nifi-client-dto
Warning: KebabPizza disabling incompatible org.apache.rat:apache-rat-plugin from nifi-client-dto
Warning: KebabPizza disabling incompatible org.apache.maven.plugins:maven-enforcer-plugin from nifi-site-to-site-client
Warning: KebabPizza disabling incompatible org.apache.rat:apache-rat-plugin from nifi-site-to-site-client
Warning: KebabPizza disabling incompatible org.apache.maven.plugins:maven-enforcer-plugin from nifi-socket-utils
Warning: KebabPizza disabling incompatible org.apache.rat:apache-rat-plugin from nifi-socket-utils
Warning: KebabPizza disabling incompatible org.apache.maven.plugins:maven-enforcer-plugin from nifi-web-utils
Warning: KebabPizza disabling incompatible org.apache.rat:apache-rat-plugin from nifi-web-utils
Warning: KebabPizza disabling incompatible org.apache.maven.plugins:maven-enforcer-plugin from nifi-write-ahead-log
Warning: KebabPizza disabling incompatible org.apache.rat:apache-rat-plugin from nifi-write-ahead-log
Warning: KebabPizza disabling incompatible org.apache.maven.plugins:maven-enforcer-plugin from nifi-server-api
Warning: KebabPizza disabling incompatible org.apache.rat:apache-rat-plugin from nifi-server-api
Warning: KebabPizza disabling incompatible org.apache.maven.plugins:maven-enforcer-plugin from nifi-properties-loader
Warning: KebabPizza disabling incompatible org.apache.rat:apache-rat-plugin from nifi-properties-loader
Warning: KebabPizza disabling incompatible org.apache.maven.plugins:maven-enforcer-plugin from nifi-nar-utils
Warning: KebabPizza disabling incompatible org.apache.rat:apache-rat-plugin from nifi-nar-utils
Warning: KebabPizza disabling incompatible org.apache.maven.plugins:maven-enforcer-plugin from nifi-framework-nar-utils
Warning: KebabPizza disabling incompatible org.apache.rat:apache-rat-plugin from nifi-framework-nar-utils
Warning: KebabPizza disabling incompatible org.apache.maven.plugins:maven-enforcer-plugin from nifi-mock-authorizer
Warning: KebabPizza disabling incompatible org.apache.rat:apache-rat-plugin from nifi-mock-authorizer
Warning: KebabPizza disabling incompatible org.apache.maven.plugins:maven-enforcer-plugin from nifi-framework-authorization
Warning: KebabPizza disabling incompatible org.apache.rat:apache-rat-plugin from nifi-framework-authorization
Warning: KebabPizza disabling incompatible org.apache.maven.plugins:maven-enforcer-plugin from nifi-registry-security-utils
Warning: KebabPizza disabling incompatible org.apache.rat:apache-rat-plugin from nifi-registry-security-utils
Warning: KebabPizza disabling incompatible org.apache.maven.plugins:maven-enforcer-plugin from nifi-registry-client
Warning: KebabPizza disabling incompatible org.apache.rat:apache-rat-plugin from nifi-registry-client
Warning: KebabPizza disabling incompatible org.apache.maven.plugins:maven-enforcer-plugin from nifi-framework-core-api
Warning: KebabPizza disabling incompatible org.apache.rat:apache-rat-plugin from nifi-framework-core-api
Warning: KebabPizza disabling incompatible org.apache.maven.plugins:maven-enforcer-plugin from nifi-mock
Warning: KebabPizza disabling incompatible org.apache.rat:apache-rat-plugin from nifi-mock
Warning: KebabPizza disabling incompatible org.apache.maven.plugins:maven-enforcer-plugin from nifi-site-to-site
Warning: KebabPizza disabling incompatible org.apache.rat:apache-rat-plugin from nifi-site-to-site
Warning: KebabPizza disabling incompatible org.apache.maven.plugins:maven-enforcer-plugin from nifi-repository-models
Warning: KebabPizza disabling incompatible org.apache.rat:apache-rat-plugin from nifi-repository-models
Warning: KebabPizza disabling incompatible org.apache.maven.plugins:maven-enforcer-plugin from nifi-flowfile-repo-serialization
Warning: KebabPizza disabling incompatible org.apache.rat:apache-rat-plugin from nifi-flowfile-repo-serialization
Warning: KebabPizza disabling incompatible org.apache.maven.plugins:maven-enforcer-plugin from nifi-registry-flow-diff
Warning: KebabPizza disabling incompatible org.apache.rat:apache-rat-plugin from nifi-registry-flow-diff
Warning: KebabPizza disabling incompatible org.apache.maven.plugins:maven-enforcer-plugin from nifi-framework-components
Warning: KebabPizza disabling incompatible org.apache.rat:apache-rat-plugin from nifi-framework-components
Warning: KebabPizza disabling incompatible org.apache.maven.plugins:maven-enforcer-plugin from nifi-framework-cluster-protocol
Warning: KebabPizza disabling incompatible org.apache.rat:apache-rat-plugin from nifi-framework-cluster-protocol
Warning: KebabPizza disabling incompatible org.apache.maven.plugins:maven-enforcer-plugin from nifi-user-actions
Warning: KebabPizza disabling incompatible org.apache.rat:apache-rat-plugin from nifi-user-actions
Warning: KebabPizza disabling incompatible org.apache.maven.plugins:maven-enforcer-plugin from nifi-administration
Warning: KebabPizza disabling incompatible org.apache.rat:apache-rat-plugin from nifi-administration
Warning: KebabPizza disabling incompatible org.apache.maven.plugins:maven-enforcer-plugin from nifi-framework-authorization-providers
Warning: KebabPizza disabling incompatible org.apache.rat:apache-rat-plugin from nifi-framework-authorization-providers
Warning: KebabPizza disabling incompatible org.apache.maven.plugins:maven-enforcer-plugin from nifi-authorizer
Warning: KebabPizza disabling incompatible org.apache.rat:apache-rat-plugin from nifi-authorizer
Warning: KebabPizza disabling incompatible org.apache.maven.plugins:maven-enforcer-plugin from nifi-provenance-repository-bundle
Warning: KebabPizza disabling incompatible org.apache.rat:apache-rat-plugin from nifi-provenance-repository-bundle
Warning: KebabPizza disabling incompatible org.apache.maven.plugins:maven-enforcer-plugin from nifi-persistent-provenance-repository
Warning: KebabPizza disabling incompatible org.apache.rat:apache-rat-plugin from nifi-persistent-provenance-repository
Warning: KebabPizza disabling incompatible org.apache.maven.plugins:maven-enforcer-plugin from nifi-framework-core
Warning: KebabPizza disabling incompatible org.apache.rat:apache-rat-plugin from nifi-framework-core
Warning: KebabPizza disabling incompatible org.apache.maven.plugins:maven-enforcer-plugin from nifi-web
Warning: KebabPizza disabling incompatible org.apache.rat:apache-rat-plugin from nifi-web
Warning: KebabPizza disabling incompatible org.apache.maven.plugins:maven-enforcer-plugin from nifi-web-security
Warning: KebabPizza disabling incompatible org.apache.rat:apache-rat-plugin from nifi-web-security
Warning: KebabPizza disabling incompatible org.apache.maven.plugins:maven-enforcer-plugin from nifi-web-optimistic-locking
Warning: KebabPizza disabling incompatible org.apache.rat:apache-rat-plugin from nifi-web-optimistic-locking
Warning: KebabPizza disabling incompatible org.apache.maven.plugins:maven-enforcer-plugin from nifi-framework-cluster
Warning: KebabPizza disabling incompatible org.apache.rat:apache-rat-plugin from nifi-framework-cluster
[INFO] Inspecting build with total of 61 modules...
[INFO] Installing Nexus Staging features:
[INFO]   ... total of 61 executions of maven-deploy-plugin replaced with nexus-staging-maven-plugin
[INFO] ------------------------------------------------------------------------
[INFO] Reactor Build Order:
[INFO] 
[INFO] nifi                                                               [pom]
[INFO] nifi-commons                                                       [pom]
[INFO] nifi-api                                                           [jar]
[INFO] nifi-utils                                                         [jar]
[INFO] nifi-security-utils-api                                            [jar]
[INFO] nifi-security-kms                                                  [jar]
[INFO] nifi-property-utils                                                [jar]
[INFO] nifi-properties                                                    [jar]
[INFO] nifi-security-utils                                                [jar]
[INFO] nifi-framework-api                                                 [jar]
[INFO] nifi-data-provenance-utils                                         [jar]
[INFO] nifi-parameter                                                     [jar]
[INFO] nifi-uuid5                                                         [jar]
[INFO] nifi-expression-language                                           [jar]
[INFO] nifi-property-encryptor                                            [jar]
[INFO] nifi-logging-utils                                                 [jar]
[INFO] nifi-vault-utils                                                   [jar]
[INFO] nifi-sensitive-property-provider                                   [jar]
[INFO] nifi-repository-encryption                                         [jar]
[INFO] nifi-rocksdb-utils                                                 [jar]
[INFO] nifi-schema-utils                                                  [jar]
[INFO] nifi-registry                                                      [pom]
[INFO] nifi-registry-core                                                 [pom]
[INFO] nifi-registry-revision                                             [pom]
[INFO] nifi-registry-revision-entity-model                                [jar]
[INFO] nifi-registry-data-model                                           [jar]
[INFO] nifi-nar-bundles                                                   [pom]
[INFO] nifi-framework-bundle                                              [pom]
[INFO] nifi-framework                                                     [pom]
[INFO] nifi-client-dto                                                    [jar]
[INFO] nifi-site-to-site-client                                           [jar]
[INFO] nifi-socket-utils                                                  [jar]
[INFO] nifi-web-utils                                                     [jar]
[INFO] nifi-write-ahead-log                                               [jar]
[INFO] nifi-server-api                                                    [jar]
[INFO] nifi-properties-loader                                             [jar]
[INFO] nifi-nar-utils                                                     [jar]
[INFO] nifi-framework-nar-utils                                           [jar]
[INFO] nifi-mock-authorizer                                               [jar]
[INFO] nifi-framework-authorization                                       [jar]
[INFO] nifi-registry-security-utils                                       [jar]
[INFO] nifi-registry-client                                               [jar]
[INFO] nifi-framework-core-api                                            [jar]
[INFO] nifi-mock                                                          [jar]
[INFO] nifi-site-to-site                                                  [jar]
[INFO] nifi-repository-models                                             [jar]
[INFO] nifi-flowfile-repo-serialization                                   [jar]
[INFO] nifi-registry-flow-diff                                            [jar]
[INFO] nifi-framework-components                                          [jar]
[INFO] nifi-framework-cluster-protocol                                    [jar]
[INFO] nifi-user-actions                                                  [jar]
[INFO] nifi-administration                                                [jar]
[INFO] nifi-framework-authorization-providers                             [jar]
[INFO] nifi-authorizer                                                    [jar]
[INFO] nifi-provenance-repository-bundle                                  [pom]
[INFO] nifi-persistent-provenance-repository                              [jar]
[INFO] nifi-framework-core                                                [jar]
[INFO] nifi-web                                                           [pom]
[INFO] nifi-web-security                                                  [jar]
[INFO] nifi-web-optimistic-locking                                        [jar]
[INFO] nifi-framework-cluster                                             [jar]
[INFO] 
[INFO] ------------------------< org.apache.nifi:nifi >------------------------
[INFO] Building nifi 1.15.0-SNAPSHOT                                     [1/61]
[INFO] --------------------------------[ pom ]---------------------------------
[INFO] 
[INFO] --- maven-clean-plugin:3.1.0:clean (default-clean) @ nifi ---
[INFO] 
[INFO] --- maven-remote-resources-plugin:1.7.0:process (process-resource-bundles) @ nifi ---
[INFO] Preparing remote bundle org.apache:apache-jar-resource-bundle:1.4
[INFO] Copying 3 resources from 1 bundle.
[INFO] 
[INFO] --- maven-compiler-plugin:3.8.1:testCompile (groovy-tests) @ nifi ---
[INFO] No sources to compile
[INFO] 
[INFO] --- maven-site-plugin:3.7.1:attach-descriptor (attach-descriptor) @ nifi ---
[INFO] No site descriptor found: nothing to attach.
[INFO] 
[INFO] --- maven-install-plugin:2.5.2:install (default-install) @ nifi ---
[INFO] Installing /home/srafi/after-cam-ready/compare_/compile_repair_output/work/aba19ee70dfb/pom.xml to /home/srafi/.m2/repository/org/apache/nifi/nifi/1.15.0-SNAPSHOT/nifi-1.15.0-SNAPSHOT.pom
[INFO] 
[INFO] --------------------< org.apache.nifi:nifi-commons >--------------------
[INFO] Building nifi-commons 1.15.0-SNAPSHOT                             [2/61]
[INFO] --------------------------------[ pom ]---------------------------------
[INFO] 
[INFO] --- maven-clean-plugin:3.1.0:clean (default-clean) @ nifi-commons ---
[INFO] 
[INFO] --- maven-remote-resources-plugin:1.7.0:process (process-resource-bundles) @ nifi-commons ---
[INFO] Preparing remote bundle org.apache:apache-jar-resource-bundle:1.4
[INFO] Copying 3 resources from 1 bundle.
[INFO] 
[INFO] --- maven-compiler-plugin:3.8.1:testCompile (groovy-tests) @ nifi-commons ---
[INFO] No sources to compile
[INFO] 
[INFO] --- maven-site-plugin:3.7.1:attach-descriptor (attach-descriptor) @ nifi-commons ---
[INFO] No site descriptor found: nothing to attach.
[INFO] 
[INFO] --- maven-install-plugin:2.5.2:install (default-install) @ nifi-commons ---
[INFO] Installing /home/srafi/after-cam-ready/compare_/compile_repair_output/work/aba19ee70dfb/nifi-commons/pom.xml to /home/srafi/.m2/repository/org/apache/nifi/nifi-commons/1.15.0-SNAPSHOT/nifi-commons-1.15.0-SNAPSHOT.pom
[INFO] 
[INFO] ----------------------< org.apache.nifi:nifi-api >----------------------
[INFO] Building nifi-api 1.15.0-SNAPSHOT                                 [3/61]
[INFO] --------------------------------[ jar ]---------------------------------
[INFO] Downloading from apache.snapshots: https://repository.apache.org/snapshots/org/apache/maven/plugins/maven-surefire-plugin/3.0.0-M8-SNAPSHOT/maven-metadata.xml
[INFO] Downloading from apache.snapshots: https://repository.apache.org/snapshots/org/apache/maven/surefire/surefire/3.0.0-M8-SNAPSHOT/maven-metadata.xml
[INFO] 
[INFO] --- maven-clean-plugin:3.1.0:clean (default-clean) @ nifi-api ---
[INFO] 
[INFO] --- maven-remote-resources-plugin:1.7.0:process (process-resource-bundles) @ nifi-api ---
[INFO] Preparing remote bundle org.apache:apache-jar-resource-bundle:1.4
[INFO] Copying 3 resources from 1 bundle.
[INFO] 
[INFO] --- maven-resources-plugin:3.1.0:resources (default-resources) @ nifi-api ---
[INFO] Using 'UTF-8' encoding to copy filtered resources.
[INFO] skip non existing resourceDirectory /home/srafi/after-cam-ready/compare_/compile_repair_output/work/aba19ee70dfb/nifi-api/src/main/resources
[INFO] Copying 3 resources
[INFO] 
[INFO] --- maven-compiler-plugin:3.8.1:compile (default-compile) @ nifi-api ---
[INFO] Changes detected - recompiling the module!
[INFO] Compiling 196 source files to /home/srafi/after-cam-ready/compare_/compile_repair_output/work/aba19ee70dfb/nifi-api/target/classes
[WARNING] /home/srafi/after-cam-ready/compare_/compile_repair_output/work/aba19ee70dfb/nifi-api/src/main/java/org/apache/nifi/documentation/xml/XmlDocumentationWriter.java:[249,67] [deprecation] supportsExpressionLanguage() in DynamicProperty has been deprecated
[INFO] 
[INFO] --- maven-resources-plugin:3.1.0:testResources (default-testResources) @ nifi-api ---
[INFO] Using 'UTF-8' encoding to copy filtered resources.
[INFO] Copying 1 resource
[INFO] Copying 3 resources
[INFO] 
[INFO] --- maven-compiler-plugin:3.8.1:testCompile (default-testCompile) @ nifi-api ---
[INFO] Changes detected - recompiling the module!
[INFO] Compiling 5 source files to /home/srafi/after-cam-ready/compare_/compile_repair_output/work/aba19ee70dfb/nifi-api/target/test-classes
[INFO] 
[INFO] --- maven-compiler-plugin:3.8.1:testCompile (groovy-tests) @ nifi-api ---
[INFO] Changes detected - recompiling the module!
[INFO] Nothing to compile - all classes are up to date
[INFO] 
[INFO] --- maven-surefire-plugin:3.0.0-M8-SNAPSHOT:test (default-test) @ nifi-api ---
[INFO] Downloading from apache.snapshots: https://repository.apache.org/snapshots/org/apache/maven/surefire/maven-surefire-common/3.0.0-M8-SNAPSHOT/maven-metadata.xml
[INFO] Downloading from apache.snapshots: https://repository.apache.org/snapshots/org/apache/maven/surefire/surefire-api/3.0.0-M8-SNAPSHOT/maven-metadata.xml
[INFO] Downloading from apache.snapshots: https://repository.apache.org/snapshots/org/apache/maven/surefire/surefire-logger-api/3.0.0-M8-SNAPSHOT/maven-metadata.xml
[INFO] Downloading from apache.snapshots: https://repository.apache.org/snapshots/org/apache/maven/surefire/surefire-shared-utils/3.0.0-M8-SNAPSHOT/maven-metadata.xml
[INFO] Downloading from apache.snapshots: https://repository.apache.org/snapshots/org/apache/maven/surefire/surefire-extensions-api/3.0.0-M8-SNAPSHOT/maven-metadata.xml
[INFO] Downloading from apache.snapshots: https://repository.apache.org/snapshots/org/apache/maven/surefire/surefire-booter/3.0.0-M8-SNAPSHOT/maven-metadata.xml
[INFO] Downloading from apache.snapshots: https://repository.apache.org/snapshots/org/apache/maven/surefire/surefire-extensions-spi/3.0.0-M8-SNAPSHOT/maven-metadata.xml
[INFO] Tests are skipped.
[INFO] 
[INFO] --- maven-jar-plugin:3.2.0:jar (default-jar) @ nifi-api ---
[INFO] Building jar: /home/srafi/after-cam-ready/compare_/compile_repair_output/work/aba19ee70dfb/nifi-api/target/nifi-api-1.15.0-SNAPSHOT.jar
[INFO] 
[INFO] --- maven-site-plugin:3.7.1:attach-descriptor (attach-descriptor) @ nifi-api ---
[INFO] Skipping because packaging 'jar' is not pom.
[INFO] 
[INFO] --- maven-install-plugin:2.5.2:install (default-install) @ nifi-api ---
[INFO] Installing /home/srafi/after-cam-ready/compare_/compile_repair_output/work/aba19ee70dfb/nifi-api/target/nifi-api-1.15.0-SNAPSHOT.jar to /home/srafi/.m2/repository/org/apache/nifi/nifi-api/1.15.0-SNAPSHOT/nifi-api-1.15.0-SNAPSHOT.jar
[INFO] Installing /home/srafi/after-cam-ready/compare_/compile_repair_output/work/aba19ee70dfb/nifi-api/pom.xml to /home/srafi/.m2/repository/org/apache/nifi/nifi-api/1.15.0-SNAPSHOT/nifi-api-1.15.0-SNAPSHOT.pom
[INFO] 
[INFO] ---------------------< org.apache.nifi:nifi-utils >---------------------
[INFO] Building nifi-utils 1.15.0-SNAPSHOT                               [4/61]
[INFO] --------------------------------[ jar ]---------------------------------
[INFO] 
[INFO] --- maven-clean-plugin:3.1.0:clean (default-clean) @ nifi-utils ---
[INFO] 
[INFO] --- maven-remote-resources-plugin:1.7.0:process (process-resource-bundles) @ nifi-utils ---
[INFO] Preparing remote bundle org.apache:apache-jar-resource-bundle:1.4
[INFO] Copying 3 resources from 1 bundle.
[INFO] 
[INFO] --- maven-resources-plugin:3.1.0:resources (default-resources) @ nifi-utils ---
[INFO] Using 'UTF-8' encoding to copy filtered resources.
[INFO] skip non existing resourceDirectory /home/srafi/after-cam-ready/compare_/compile_repair_output/work/aba19ee70dfb/nifi-commons/nifi-utils/src/main/resources
[INFO] Copying 3 resources
[INFO] 
[INFO] --- maven-compiler-plugin:3.8.1:compile (default-compile) @ nifi-utils ---
[INFO] Changes detected - recompiling the module!
[INFO] Compiling 89 source files to /home/srafi/after-cam-ready/compare_/compile_repair_output/work/aba19ee70dfb/nifi-commons/nifi-utils/target/classes
[WARNING] /home/srafi/after-cam-ready/compare_/compile_repair_output/work/aba19ee70dfb/nifi-commons/nifi-utils/src/main/java/org/apache/nifi/processor/util/StandardValidators.java:[842,46] [deprecation] getTimeDuration(String,TimeUnit) in FormatUtils has been deprecated
[INFO] 
[INFO] --- maven-resources-plugin:3.1.0:testResources (default-testResources) @ nifi-utils ---
[INFO] Using 'UTF-8' encoding to copy filtered resources.
[INFO] Copying 3 resources
[INFO] Copying 3 resources
[INFO] 
[INFO] --- maven-compiler-plugin:3.8.1:testCompile (default-testCompile) @ nifi-utils ---
[INFO] Changes detected - recompiling the module!
[INFO] Compiling 20 source files to /home/srafi/after-cam-ready/compare_/compile_repair_output/work/aba19ee70dfb/nifi-commons/nifi-utils/target/test-classes
[WARNING] /home/srafi/after-cam-ready/compare_/compile_repair_output/work/aba19ee70dfb/nifi-commons/nifi-utils/src/test/java/org/apache/nifi/processor/TestFormatUtils.java:[31,35] [deprecation] getTimeDuration(String,TimeUnit) in FormatUtils has been deprecated
[WARNING] /home/srafi/after-cam-ready/compare_/compile_repair_output/work/aba19ee70dfb/nifi-commons/nifi-utils/src/test/java/org/apache/nifi/processor/TestFormatUtils.java:[32,38] [deprecation] getTimeDuration(String,TimeUnit) in FormatUtils has been deprecated
[WARNING] /home/srafi/after-cam-ready/compare_/compile_repair_output/work/aba19ee70dfb/nifi-commons/nifi-utils/src/test/java/org/apache/nifi/processor/TestFormatUtils.java:[33,35] [deprecation] getTimeDuration(String,TimeUnit) in FormatUtils has been deprecated
[WARNING] /home/srafi/after-cam-ready/compare_/compile_repair_output/work/aba19ee70dfb/nifi-commons/nifi-utils/src/test/java/org/apache/nifi/processor/TestFormatUtils.java:[34,68] [deprecation] getTimeDuration(String,TimeUnit) in FormatUtils has been deprecated
[WARNING] /home/srafi/after-cam-ready/compare_/compile_repair_output/work/aba19ee70dfb/nifi-commons/nifi-utils/src/test/java/org/apache/nifi/processor/TestFormatUtils.java:[35,36] [deprecation] getTimeDuration(String,TimeUnit) in FormatUtils has been deprecated
[WARNING] /home/srafi/after-cam-ready/compare_/compile_repair_output/work/aba19ee70dfb/nifi-commons/nifi-utils/src/test/java/org/apache/nifi/processor/TestFormatUtils.java:[36,36] [deprecation] getTimeDuration(String,TimeUnit) in FormatUtils has been deprecated
[WARNING] /home/srafi/after-cam-ready/compare_/compile_repair_output/work/aba19ee70dfb/nifi-commons/nifi-utils/src/test/java/org/apache/nifi/processor/TestFormatUtils.java:[37,36] [deprecation] getTimeDuration(String,TimeUnit) in FormatUtils has been deprecated
[WARNING] /home/srafi/after-cam-ready/compare_/compile_repair_output/work/aba19ee70dfb/nifi-commons/nifi-utils/src/test/java/org/apache/nifi/util/validator/TestStandardValidators.java:[471,42] [deprecation] createURLorFileValidator() in StandardValidators has been deprecated
[WARNING] /home/srafi/after-cam-ready/compare_/compile_repair_output/work/aba19ee70dfb/nifi-commons/nifi-utils/src/test/java/org/apache/nifi/util/validator/TestStandardValidators.java:[501,42] [deprecation] ISO8061_INSTANT_VALIDATOR in StandardValidators has been deprecated
[INFO] 
[INFO] --- maven-compiler-plugin:3.8.1:testCompile (groovy-tests) @ nifi-utils ---
[INFO] Changes detected - recompiling the module!
[INFO] Using Groovy-Eclipse compiler to compile both Java and Groovy files
[INFO] Compiling in a forked process using /home/srafi/.m2/repository/org/codehaus/groovy/groovy-eclipse-batch/2.5.14-01/groovy-eclipse-batch-2.5.14-01.jar
[INFO] 
[INFO] --- maven-surefire-plugin:3.0.0-M8-SNAPSHOT:test (default-test) @ nifi-utils ---
[INFO] Tests are skipped.
[INFO] 
[INFO] --- maven-jar-plugin:3.2.0:jar (default-jar) @ nifi-utils ---
[INFO] Building jar: /home/srafi/after-cam-ready/compare_/compile_repair_output/work/aba19ee70dfb/nifi-commons/nifi-utils/target/nifi-utils-1.15.0-SNAPSHOT.jar
[INFO] 
[INFO] --- maven-site-plugin:3.7.1:attach-descriptor (attach-descriptor) @ nifi-utils ---
[INFO] Skipping because packaging 'jar' is not pom.
[INFO] 
[INFO] --- maven-install-plugin:2.5.2:install (default-install) @ nifi-utils ---
[INFO] Installing /home/srafi/after-cam-ready/compare_/compile_repair_output/work/aba19ee70dfb/nifi-commons/nifi-utils/target/nifi-utils-1.15.0-SNAPSHOT.jar to /home/srafi/.m2/repository/org/apache/nifi/nifi-utils/1.15.0-SNAPSHOT/nifi-utils-1.15.0-SNAPSHOT.jar
[INFO] Installing /home/srafi/after-cam-ready/compare_/compile_repair_output/work/aba19ee70dfb/nifi-commons/nifi-utils/pom.xml to /home/srafi/.m2/repository/org/apache/nifi/nifi-utils/1.15.0-SNAPSHOT/nifi-utils-1.15.0-SNAPSHOT.pom
[INFO] 
[INFO] --------------< org.apache.nifi:nifi-security-utils-api >---------------
[INFO] Building nifi-security-utils-api 1.15.0-SNAPSHOT                  [5/61]
[INFO] --------------------------------[ jar ]---------------------------------
[INFO] 
[INFO] --- maven-clean-plugin:3.1.0:clean (default-clean) @ nifi-security-utils-api ---
[INFO] 
[INFO] --- maven-remote-resources-plugin:1.7.0:process (process-resource-bundles) @ nifi-security-utils-api ---
[INFO] Preparing remote bundle org.apache:apache-jar-resource-bundle:1.4
[INFO] Copying 3 resources from 1 bundle.
[INFO] 
[INFO] --- maven-resources-plugin:3.1.0:resources (default-resources) @ nifi-security-utils-api ---
[INFO] Using 'UTF-8' encoding to copy filtered resources.
[INFO] skip non existing resourceDirectory /home/srafi/after-cam-ready/compare_/compile_repair_output/work/aba19ee70dfb/nifi-commons/nifi-security-utils-api/src/main/resources
[INFO] Copying 3 resources
[INFO] 
[INFO] --- maven-compiler-plugin:3.8.1:compile (default-compile) @ nifi-security-utils-api ---
[INFO] Changes detected - recompiling the module!
[INFO] Compiling 5 source files to /home/srafi/after-cam-ready/compare_/compile_repair_output/work/aba19ee70dfb/nifi-commons/nifi-security-utils-api/target/classes
[INFO] 
[INFO] --- maven-resources-plugin:3.1.0:testResources (default-testResources) @ nifi-security-utils-api ---
[INFO] Using 'UTF-8' encoding to copy filtered resources.
[INFO] skip non existing resourceDirectory /home/srafi/after-cam-ready/compare_/compile_repair_output/work/aba19ee70dfb/nifi-commons/nifi-security-utils-api/src/test/resources
[INFO] Copying 3 resources
[INFO] 
[INFO] --- maven-compiler-plugin:3.8.1:testCompile (default-testCompile) @ nifi-security-utils-api ---
[INFO] Changes detected - recompiling the module!
[INFO] Compiling 1 source file to /home/srafi/after-cam-ready/compare_/compile_repair_output/work/aba19ee70dfb/nifi-commons/nifi-security-utils-api/target/test-classes
[INFO] 
[INFO] --- maven-compiler-plugin:3.8.1:testCompile (groovy-tests) @ nifi-security-utils-api ---
[INFO] Changes detected - recompiling the module!
[INFO] Using Groovy-Eclipse compiler to compile both Java and Groovy files
[INFO] Compiling in a forked process using /home/srafi/.m2/repository/org/codehaus/groovy/groovy-eclipse-batch/2.5.14-01/groovy-eclipse-batch-2.5.14-01.jar
[INFO] 
[INFO] --- maven-surefire-plugin:3.0.0-M8-SNAPSHOT:test (default-test) @ nifi-security-utils-api ---
[INFO] Tests are skipped.
[INFO] 
[INFO] --- maven-jar-plugin:3.2.0:jar (default-jar) @ nifi-security-utils-api ---
[INFO] Building jar: /home/srafi/after-cam-ready/compare_/compile_repair_output/work/aba19ee70dfb/nifi-commons/nifi-security-utils-api/target/nifi-security-utils-api-1.15.0-SNAPSHOT.jar
[INFO] 
[INFO] --- maven-site-plugin:3.7.1:attach-descriptor (attach-descriptor) @ nifi-security-utils-api ---
[INFO] Skipping because packaging 'jar' is not pom.
[INFO] 
[INFO] --- maven-install-plugin:2.5.2:install (default-install) @ nifi-security-utils-api ---
[INFO] Installing /home/srafi/after-cam-ready/compare_/compile_repair_output/work/aba19ee70dfb/nifi-commons/nifi-security-utils-api/target/nifi-security-utils-api-1.15.0-SNAPSHOT.jar to /home/srafi/.m2/repository/org/apache/nifi/nifi-security-utils-api/1.15.0-SNAPSHOT/nifi-security-utils-api-1.15.0-SNAPSHOT.jar
[INFO] Installing /home/srafi/after-cam-ready/compare_/compile_repair_output/work/aba19ee70dfb/nifi-commons/nifi-security-utils-api/pom.xml to /home/srafi/.m2/repository/org/apache/nifi/nifi-security-utils-api/1.15.0-SNAPSHOT/nifi-security-utils-api-1.15.0-SNAPSHOT.pom
[INFO] 
[INFO] -----------------< org.apache.nifi:nifi-security-kms >------------------
[INFO] Building nifi-security-kms 1.15.0-SNAPSHOT                        [6/61]
[INFO] --------------------------------[ jar ]---------------------------------
[INFO] 
[INFO] --- maven-clean-plugin:3.1.0:clean (default-clean) @ nifi-security-kms ---
[INFO] 
[INFO] --- maven-remote-resources-plugin:1.7.0:process (process-resource-bundles) @ nifi-security-kms ---
[INFO] Preparing remote bundle org.apache:apache-jar-resource-bundle:1.4
[INFO] Copying 3 resources from 1 bundle.
[INFO] 
[INFO] --- maven-resources-plugin:3.1.0:resources (default-resources) @ nifi-security-kms ---
[INFO] Using 'UTF-8' encoding to copy filtered resources.
[INFO] skip non existing resourceDirectory /home/srafi/after-cam-ready/compare_/compile_repair_output/work/aba19ee70dfb/nifi-commons/nifi-security-kms/src/main/resources
[INFO] Copying 3 resources
[INFO] 
[INFO] --- maven-compiler-plugin:3.8.1:compile (default-compile) @ nifi-security-kms ---
[INFO] Changes detected - recompiling the module!
[INFO] Compiling 12 source files to /home/srafi/after-cam-ready/compare_/compile_repair_output/work/aba19ee70dfb/nifi-commons/nifi-security-kms/target/classes
[INFO] 
[INFO] --- maven-resources-plugin:3.1.0:testResources (default-testResources) @ nifi-security-kms ---
[INFO] Using 'UTF-8' encoding to copy filtered resources.
[INFO] skip non existing resourceDirectory /home/srafi/after-cam-ready/compare_/compile_repair_output/work/aba19ee70dfb/nifi-commons/nifi-security-kms/src/test/resources
[INFO] Copying 3 resources
[INFO] 
[INFO] --- maven-compiler-plugin:3.8.1:testCompile (default-testCompile) @ nifi-security-kms ---
[INFO] Changes detected - recompiling the module!
[INFO] Compiling 6 source files to /home/srafi/after-cam-ready/compare_/compile_repair_output/work/aba19ee70dfb/nifi-commons/nifi-security-kms/target/test-classes
[INFO] 
[INFO] --- maven-compiler-plugin:3.8.1:testCompile (groovy-tests) @ nifi-security-kms ---
[INFO] Changes detected - recompiling the module!
[INFO] Nothing to compile - all classes are up to date
[INFO] 
[INFO] --- maven-surefire-plugin:3.0.0-M8-SNAPSHOT:test (default-test) @ nifi-security-kms ---
[INFO] Tests are skipped.
[INFO] 
[INFO] --- maven-jar-plugin:3.2.0:jar (default-jar) @ nifi-security-kms ---
[INFO] Building jar: /home/srafi/after-cam-ready/compare_/compile_repair_output/work/aba19ee70dfb/nifi-commons/nifi-security-kms/target/nifi-security-kms-1.15.0-SNAPSHOT.jar
[INFO] 
[INFO] --- maven-site-plugin:3.7.1:attach-descriptor (attach-descriptor) @ nifi-security-kms ---
[INFO] Skipping because packaging 'jar' is not pom.
[INFO] 
[INFO] --- maven-install-plugin:2.5.2:install (default-install) @ nifi-security-kms ---
[INFO] Installing /home/srafi/after-cam-ready/compare_/compile_repair_output/work/aba19ee70dfb/nifi-commons/nifi-security-kms/target/nifi-security-kms-1.15.0-SNAPSHOT.jar to /home/srafi/.m2/repository/org/apache/nifi/nifi-security-kms/1.15.0-SNAPSHOT/nifi-security-kms-1.15.0-SNAPSHOT.jar
[INFO] Installing /home/srafi/after-cam-ready/compare_/compile_repair_output/work/aba19ee70dfb/nifi-commons/nifi-security-kms/pom.xml to /home/srafi/.m2/repository/org/apache/nifi/nifi-security-kms/1.15.0-SNAPSHOT/nifi-security-kms-1.15.0-SNAPSHOT.pom
[INFO] 
[INFO] ----------------< org.apache.nifi:nifi-property-utils >-----------------
[INFO] Building nifi-property-utils 1.15.0-SNAPSHOT                      [7/61]
[INFO] --------------------------------[ jar ]---------------------------------
[INFO] 
[INFO] --- maven-clean-plugin:3.1.0:clean (default-clean) @ nifi-property-utils ---
[INFO] 
[INFO] --- maven-remote-resources-plugin:1.7.0:process (process-resource-bundles) @ nifi-property-utils ---
[INFO] Preparing remote bundle org.apache:apache-jar-resource-bundle:1.4
[INFO] Copying 3 resources from 1 bundle.
[INFO] 
[INFO] --- maven-resources-plugin:3.1.0:resources (default-resources) @ nifi-property-utils ---
[INFO] Using 'UTF-8' encoding to copy filtered resources.
[INFO] skip non existing resourceDirectory /home/srafi/after-cam-ready/compare_/compile_repair_output/work/aba19ee70dfb/nifi-commons/nifi-property-utils/src/main/resources
[INFO] Copying 3 resources
[INFO] 
[INFO] --- maven-compiler-plugin:3.8.1:compile (default-compile) @ nifi-property-utils ---
[INFO] Changes detected - recompiling the module!
[INFO] Compiling 7 source files to /home/srafi/after-cam-ready/compare_/compile_repair_output/work/aba19ee70dfb/nifi-commons/nifi-property-utils/target/classes
[INFO] 
[INFO] --- maven-resources-plugin:3.1.0:testResources (default-testResources) @ nifi-property-utils ---
[INFO] Using 'UTF-8' encoding to copy filtered resources.
[INFO] skip non existing resourceDirectory /home/srafi/after-cam-ready/compare_/compile_repair_output/work/aba19ee70dfb/nifi-commons/nifi-property-utils/src/test/resources
[INFO] Copying 3 resources
[INFO] 
[INFO] --- maven-compiler-plugin:3.8.1:testCompile (default-testCompile) @ nifi-property-utils ---
[INFO] No sources to compile
[INFO] 
[INFO] --- maven-compiler-plugin:3.8.1:testCompile (groovy-tests) @ nifi-property-utils ---
[INFO] No sources to compile
[INFO] 
[INFO] --- maven-surefire-plugin:3.0.0-M8-SNAPSHOT:test (default-test) @ nifi-property-utils ---
[INFO] Tests are skipped.
[INFO] 
[INFO] --- maven-jar-plugin:3.2.0:jar (default-jar) @ nifi-property-utils ---
[INFO] Building jar: /home/srafi/after-cam-ready/compare_/compile_repair_output/work/aba19ee70dfb/nifi-commons/nifi-property-utils/target/nifi-property-utils-1.15.0-SNAPSHOT.jar
[INFO] 
[INFO] --- maven-site-plugin:3.7.1:attach-descriptor (attach-descriptor) @ nifi-property-utils ---
[INFO] Skipping because packaging 'jar' is not pom.
[INFO] 
[INFO] --- maven-install-plugin:2.5.2:install (default-install) @ nifi-property-utils ---
[INFO] Installing /home/srafi/after-cam-ready/compare_/compile_repair_output/work/aba19ee70dfb/nifi-commons/nifi-property-utils/target/nifi-property-utils-1.15.0-SNAPSHOT.jar to /home/srafi/.m2/repository/org/apache/nifi/nifi-property-utils/1.15.0-SNAPSHOT/nifi-property-utils-1.15.0-SNAPSHOT.jar
[INFO] Installing /home/srafi/after-cam-ready/compare_/compile_repair_output/work/aba19ee70dfb/nifi-commons/nifi-property-utils/pom.xml to /home/srafi/.m2/repository/org/apache/nifi/nifi-property-utils/1.15.0-SNAPSHOT/nifi-property-utils-1.15.0-SNAPSHOT.pom
[INFO] 
[INFO] ------------------< org.apache.nifi:nifi-properties >-------------------
[INFO] Building nifi-properties 1.15.0-SNAPSHOT                          [8/61]
[INFO] --------------------------------[ jar ]---------------------------------
[INFO] 
[INFO] --- maven-clean-plugin:3.1.0:clean (default-clean) @ nifi-properties ---
[INFO] 
[INFO] --- maven-remote-resources-plugin:1.7.0:process (process-resource-bundles) @ nifi-properties ---
[INFO] Preparing remote bundle org.apache:apache-jar-resource-bundle:1.4
[INFO] Copying 3 resources from 1 bundle.
[INFO] 
[INFO] --- maven-resources-plugin:3.1.0:resources (default-resources) @ nifi-properties ---
[INFO] Using 'UTF-8' encoding to copy filtered resources.
[INFO] skip non existing resourceDirectory /home/srafi/after-cam-ready/compare_/compile_repair_output/work/aba19ee70dfb/nifi-commons/nifi-properties/src/main/resources
[INFO] Copying 3 resources
[INFO] 
[INFO] --- maven-compiler-plugin:3.8.1:compile (default-compile) @ nifi-properties ---
[INFO] Changes detected - recompiling the module!
[INFO] Compiling 4 source files to /home/srafi/after-cam-ready/compare_/compile_repair_output/work/aba19ee70dfb/nifi-commons/nifi-properties/target/classes
[INFO] 
[INFO] --- maven-resources-plugin:3.1.0:testResources (default-testResources) @ nifi-properties ---
[INFO] Using 'UTF-8' encoding to copy filtered resources.
[INFO] Copying 3 resources
[INFO] Copying 3 resources
[INFO] 
[INFO] --- maven-compiler-plugin:3.8.1:testCompile (default-testCompile) @ nifi-properties ---
[INFO] Changes detected - recompiling the module!
[INFO] Compiling 2 source files to /home/srafi/after-cam-ready/compare_/compile_repair_output/work/aba19ee70dfb/nifi-commons/nifi-properties/target/test-classes
[INFO] 
[INFO] --- maven-compiler-plugin:3.8.1:testCompile (groovy-tests) @ nifi-properties ---
[INFO] Changes detected - recompiling the module!
[INFO] Nothing to compile - all classes are up to date
[INFO] 
[INFO] --- maven-surefire-plugin:3.0.0-M8-SNAPSHOT:test (default-test) @ nifi-properties ---
[INFO] Tests are skipped.
[INFO] 
[INFO] --- maven-jar-plugin:3.2.0:jar (default-jar) @ nifi-properties ---
[INFO] Building jar: /home/srafi/after-cam-ready/compare_/compile_repair_output/work/aba19ee70dfb/nifi-commons/nifi-properties/target/nifi-properties-1.15.0-SNAPSHOT.jar
[INFO] 
[INFO] --- maven-site-plugin:3.7.1:attach-descriptor (attach-descriptor) @ nifi-properties ---
[INFO] Skipping because packaging 'jar' is not pom.
[INFO] 
[INFO] --- maven-install-plugin:2.5.2:install (default-install) @ nifi-properties ---
[INFO] Installing /home/srafi/after-cam-ready/compare_/compile_repair_output/work/aba19ee70dfb/nifi-commons/nifi-properties/target/nifi-properties-1.15.0-SNAPSHOT.jar to /home/srafi/.m2/repository/org/apache/nifi/nifi-properties/1.15.0-SNAPSHOT/nifi-properties-1.15.0-SNAPSHOT.jar
[INFO] Installing /home/srafi/after-cam-ready/compare_/compile_repair_output/work/aba19ee70dfb/nifi-commons/nifi-properties/pom.xml to /home/srafi/.m2/repository/org/apache/nifi/nifi-properties/1.15.0-SNAPSHOT/nifi-properties-1.15.0-SNAPSHOT.pom
[INFO] 
[INFO] ----------------< org.apache.nifi:nifi-security-utils >-----------------
[INFO] Building nifi-security-utils 1.15.0-SNAPSHOT                      [9/61]
[INFO] --------------------------------[ jar ]---------------------------------
[INFO] 
[INFO] --- maven-clean-plugin:3.1.0:clean (default-clean) @ nifi-security-utils ---
[INFO] 
[INFO] --- maven-remote-resources-plugin:1.7.0:process (process-resource-bundles) @ nifi-security-utils ---
[INFO] Preparing remote bundle org.apache:apache-jar-resource-bundle:1.4
[INFO] Copying 3 resources from 1 bundle.
[INFO] 
[INFO] --- maven-resources-plugin:3.1.0:resources (default-resources) @ nifi-security-utils ---
[INFO] Using 'UTF-8' encoding to copy filtered resources.
[INFO] skip non existing resourceDirectory /home/srafi/after-cam-ready/compare_/compile_repair_output/work/aba19ee70dfb/nifi-commons/nifi-security-utils/src/main/resources
[INFO] Copying 3 resources
[INFO] 
[INFO] --- maven-compiler-plugin:3.8.1:compile (default-compile) @ nifi-security-utils ---
[INFO] Changes detected - recompiling the module!
[INFO] Compiling 38 source files to /home/srafi/after-cam-ready/compare_/compile_repair_output/work/aba19ee70dfb/nifi-commons/nifi-security-utils/target/classes
[INFO] 
[INFO] --- maven-resources-plugin:3.1.0:testResources (default-testResources) @ nifi-security-utils ---
[INFO] Using 'UTF-8' encoding to copy filtered resources.
[INFO] Copying 17 resources
[INFO] Copying 3 resources
[INFO] 
[INFO] --- maven-compiler-plugin:3.8.1:testCompile (default-testCompile) @ nifi-security-utils ---
[INFO] Changes detected - recompiling the module!
[INFO] Compiling 5 source files to /home/srafi/after-cam-ready/compare_/compile_repair_output/work/aba19ee70dfb/nifi-commons/nifi-security-utils/target/test-classes
[INFO] 
[INFO] --- maven-compiler-plugin:3.8.1:testCompile (groovy-tests) @ nifi-security-utils ---
[INFO] Changes detected - recompiling the module!
[INFO] Using Groovy-Eclipse compiler to compile both Java and Groovy files
[INFO] Compiling in a forked process using /home/srafi/.m2/repository/org/codehaus/groovy/groovy-eclipse-batch/2.5.14-01/groovy-eclipse-batch-2.5.14-01.jar
[WARNING] Error output from groovy-eclipse compiler:
----------
1. WARNING in /home/srafi/after-cam-ready/compare_/compile_repair_output/work/aba19ee70dfb/nifi-commons/nifi-security-utils/src/test/groovy/org/apache/nifi/security/util/CertificateUtilsTest.groovy (at line 118)
	@SuppressWarnings("deprecation")
	                  ^^^^^^^^^^^^^
Unnecessary @SuppressWarnings("deprecation")
----------
----------
2. WARNING in /home/srafi/after-cam-ready/compare_/compile_repair_output/work/aba19ee70dfb/nifi-commons/nifi-security-utils/src/test/groovy/org/apache/nifi/security/util/crypto/NiFiLegacyCipherProviderGroovyTest.groovy (at line 75)
	NiFiLegacyCipherProvider cipherProvider = new NiFiLegacyCipherProvider()
	^^^^^^^^^^^^^^^^^^^^^^^^
The type NiFiLegacyCipherProvider is deprecated
----------
3. WARNING in /home/srafi/after-cam-ready/compare_/compile_repair_output/work/aba19ee70dfb/nifi-commons/nifi-security-utils/src/test/groovy/org/apache/nifi/security/util/crypto/NiFiLegacyCipherProviderGroovyTest.groovy (at line 110)
	NiFiLegacyCipherProvider cipherProvider = new NiFiLegacyCipherProvider()
	^^^^^^^^^^^^^^^^^^^^^^^^
The type NiFiLegacyCipherProvider is deprecated
----------
4. WARNING in /home/srafi/after-cam-ready/compare_/compile_repair_output/work/aba19ee70dfb/nifi-commons/nifi-security-utils/src/test/groovy/org/apache/nifi/security/util/crypto/NiFiLegacyCipherProviderGroovyTest.groovy (at line 140)
	NiFiLegacyCipherProvider cipherProvider = new NiFiLegacyCipherProvider()
	^^^^^^^^^^^^^^^^^^^^^^^^
The type NiFiLegacyCipherProvider is deprecated
----------
5. WARNING in /home/srafi/after-cam-ready/compare_/compile_repair_output/work/aba19ee70dfb/nifi-commons/nifi-security-utils/src/test/groovy/org/apache/nifi/security/util/crypto/NiFiLegacyCipherProviderGroovyTest.groovy (at line 175)
	NiFiLegacyCipherProvider cipherProvider = new NiFiLegacyCipherProvider()
	^^^^^^^^^^^^^^^^^^^^^^^^
The type NiFiLegacyCipherProvider is deprecated
----------
6. WARNING in /home/srafi/after-cam-ready/compare_/compile_repair_output/work/aba19ee70dfb/nifi-commons/nifi-security-utils/src/test/groovy/org/apache/nifi/security/util/crypto/NiFiLegacyCipherProviderGroovyTest.groovy (at line 209)
	NiFiLegacyCipherProvider cipherProvider = new NiFiLegacyCipherProvider()
	^^^^^^^^^^^^^^^^^^^^^^^^
The type NiFiLegacyCipherProvider is deprecated
----------
7. WARNING in /home/srafi/after-cam-ready/compare_/compile_repair_output/work/aba19ee70dfb/nifi-commons/nifi-security-utils/src/test/groovy/org/apache/nifi/security/util/crypto/NiFiLegacyCipherProviderGroovyTest.groovy (at line 260)
	NiFiLegacyCipherProvider cipherProvider = new NiFiLegacyCipherProvider()
	^^^^^^^^^^^^^^^^^^^^^^^^
The type NiFiLegacyCipherProvider is deprecated
----------
7 problems (7 warnings)

[INFO] 
[INFO] --- maven-surefire-plugin:3.0.0-M8-SNAPSHOT:test (default-test) @ nifi-security-utils ---
[INFO] Tests are skipped.
[INFO] 
[INFO] --- maven-jar-plugin:3.2.0:jar (default-jar) @ nifi-security-utils ---
[INFO] Building jar: /home/srafi/after-cam-ready/compare_/compile_repair_output/work/aba19ee70dfb/nifi-commons/nifi-security-utils/target/nifi-security-utils-1.15.0-SNAPSHOT.jar
[INFO] 
[INFO] --- maven-site-plugin:3.7.1:attach-descriptor (attach-descriptor) @ nifi-security-utils ---
[INFO] Skipping because packaging 'jar' is not pom.
[INFO] 
[INFO] --- maven-install-plugin:2.5.2:install (default-install) @ nifi-security-utils ---
[INFO] Installing /home/srafi/after-cam-ready/compare_/compile_repair_output/work/aba19ee70dfb/nifi-commons/nifi-security-utils/target/nifi-security-utils-1.15.0-SNAPSHOT.jar to /home/srafi/.m2/repository/org/apache/nifi/nifi-security-utils/1.15.0-SNAPSHOT/nifi-security-utils-1.15.0-SNAPSHOT.jar
[INFO] Installing /home/srafi/after-cam-ready/compare_/compile_repair_output/work/aba19ee70dfb/nifi-commons/nifi-security-utils/pom.xml to /home/srafi/.m2/repository/org/apache/nifi/nifi-security-utils/1.15.0-SNAPSHOT/nifi-security-utils-1.15.0-SNAPSHOT.pom
[INFO] 
[INFO] -----------------< org.apache.nifi:nifi-framework-api >-----------------
[INFO] Building nifi-framework-api 1.15.0-SNAPSHOT                      [10/61]
[INFO] --------------------------------[ jar ]---------------------------------
[INFO] 
[INFO] --- maven-clean-plugin:3.1.0:clean (default-clean) @ nifi-framework-api ---
[INFO] 
[INFO] --- maven-remote-resources-plugin:1.7.0:process (process-resource-bundles) @ nifi-framework-api ---
[INFO] Preparing remote bundle org.apache:apache-jar-resource-bundle:1.4
[INFO] Copying 3 resources from 1 bundle.
[INFO] 
[INFO] --- maven-resources-plugin:3.1.0:resources (default-resources) @ nifi-framework-api ---
[INFO] Using 'UTF-8' encoding to copy filtered resources.
[INFO] skip non existing resourceDirectory /home/srafi/after-cam-ready/compare_/compile_repair_output/work/aba19ee70dfb/nifi-framework-api/src/main/resources
[INFO] Copying 3 resources
[INFO] 
[INFO] --- maven-compiler-plugin:3.8.1:compile (default-compile) @ nifi-framework-api ---
[INFO] Changes detected - recompiling the module!
[INFO] Compiling 144 source files to /home/srafi/after-cam-ready/compare_/compile_repair_output/work/aba19ee70dfb/nifi-framework-api/target/classes
[INFO] 
[INFO] --- maven-resources-plugin:3.1.0:testResources (default-testResources) @ nifi-framework-api ---
[INFO] Using 'UTF-8' encoding to copy filtered resources.
[INFO] skip non existing resourceDirectory /home/srafi/after-cam-ready/compare_/compile_repair_output/work/aba19ee70dfb/nifi-framework-api/src/test/resources
[INFO] Copying 3 resources
[INFO] 
[INFO] --- maven-compiler-plugin:3.8.1:testCompile (default-testCompile) @ nifi-framework-api ---
[INFO] Changes detected - recompiling the module!
[INFO] Compiling 8 source files to /home/srafi/after-cam-ready/compare_/compile_repair_output/work/aba19ee70dfb/nifi-framework-api/target/test-classes
[INFO] 
[INFO] --- maven-compiler-plugin:3.8.1:testCompile (groovy-tests) @ nifi-framework-api ---
[INFO] Changes detected - recompiling the module!
[INFO] Nothing to compile - all classes are up to date
[INFO] 
[INFO] --- maven-surefire-plugin:3.0.0-M8-SNAPSHOT:test (default-test) @ nifi-framework-api ---
[INFO] Tests are skipped.
[INFO] 
[INFO] --- maven-jar-plugin:3.2.0:jar (default-jar) @ nifi-framework-api ---
[INFO] Building jar: /home/srafi/after-cam-ready/compare_/compile_repair_output/work/aba19ee70dfb/nifi-framework-api/target/nifi-framework-api-1.15.0-SNAPSHOT.jar
[INFO] 
[INFO] --- maven-site-plugin:3.7.1:attach-descriptor (attach-descriptor) @ nifi-framework-api ---
[INFO] Skipping because packaging 'jar' is not pom.
[INFO] 
[INFO] --- maven-install-plugin:2.5.2:install (default-install) @ nifi-framework-api ---
[INFO] Installing /home/srafi/after-cam-ready/compare_/compile_repair_output/work/aba19ee70dfb/nifi-framework-api/target/nifi-framework-api-1.15.0-SNAPSHOT.jar to /home/srafi/.m2/repository/org/apache/nifi/nifi-framework-api/1.15.0-SNAPSHOT/nifi-framework-api-1.15.0-SNAPSHOT.jar
[INFO] Installing /home/srafi/after-cam-ready/compare_/compile_repair_output/work/aba19ee70dfb/nifi-framework-api/pom.xml to /home/srafi/.m2/repository/org/apache/nifi/nifi-framework-api/1.15.0-SNAPSHOT/nifi-framework-api-1.15.0-SNAPSHOT.pom
[INFO] 
[INFO] -------------< org.apache.nifi:nifi-data-provenance-utils >-------------
[INFO] Building nifi-data-provenance-utils 1.15.0-SNAPSHOT              [11/61]
[INFO] --------------------------------[ jar ]---------------------------------
[INFO] 
[INFO] --- maven-clean-plugin:3.1.0:clean (default-clean) @ nifi-data-provenance-utils ---
[INFO] 
[INFO] --- maven-remote-resources-plugin:1.7.0:process (process-resource-bundles) @ nifi-data-provenance-utils ---
[INFO] Preparing remote bundle org.apache:apache-jar-resource-bundle:1.4
[INFO] Copying 3 resources from 1 bundle.
[INFO] 
[INFO] --- maven-resources-plugin:3.1.0:resources (default-resources) @ nifi-data-provenance-utils ---
[INFO] Using 'UTF-8' encoding to copy filtered resources.
[INFO] skip non existing resourceDirectory /home/srafi/after-cam-ready/compare_/compile_repair_output/work/aba19ee70dfb/nifi-commons/nifi-data-provenance-utils/src/main/resources
[INFO] Copying 3 resources
[INFO] 
[INFO] --- maven-compiler-plugin:3.8.1:compile (default-compile) @ nifi-data-provenance-utils ---
[INFO] Changes detected - recompiling the module!
[INFO] Compiling 14 source files to /home/srafi/after-cam-ready/compare_/compile_repair_output/work/aba19ee70dfb/nifi-commons/nifi-data-provenance-utils/target/classes
[INFO] 
[INFO] --- maven-resources-plugin:3.1.0:testResources (default-testResources) @ nifi-data-provenance-utils ---
[INFO] Using 'UTF-8' encoding to copy filtered resources.
[INFO] skip non existing resourceDirectory /home/srafi/after-cam-ready/compare_/compile_repair_output/work/aba19ee70dfb/nifi-commons/nifi-data-provenance-utils/src/test/resources
[INFO] Copying 3 resources
[INFO] 
[INFO] --- maven-compiler-plugin:3.8.1:testCompile (default-testCompile) @ nifi-data-provenance-utils ---
[INFO] No sources to compile
[INFO] 
[INFO] --- maven-compiler-plugin:3.8.1:testCompile (groovy-tests) @ nifi-data-provenance-utils ---
[INFO] No sources to compile
[INFO] 
[INFO] --- maven-surefire-plugin:3.0.0-M8-SNAPSHOT:test (default-test) @ nifi-data-provenance-utils ---
[INFO] Tests are skipped.
[INFO] 
[INFO] --- maven-jar-plugin:3.2.0:jar (default-jar) @ nifi-data-provenance-utils ---
[INFO] Building jar: /home/srafi/after-cam-ready/compare_/compile_repair_output/work/aba19ee70dfb/nifi-commons/nifi-data-provenance-utils/target/nifi-data-provenance-utils-1.15.0-SNAPSHOT.jar
[INFO] 
[INFO] --- maven-site-plugin:3.7.1:attach-descriptor (attach-descriptor) @ nifi-data-provenance-utils ---
[INFO] Skipping because packaging 'jar' is not pom.
[INFO] 
[INFO] --- maven-install-plugin:2.5.2:install (default-install) @ nifi-data-provenance-utils ---
[INFO] Installing /home/srafi/after-cam-ready/compare_/compile_repair_output/work/aba19ee70dfb/nifi-commons/nifi-data-provenance-utils/target/nifi-data-provenance-utils-1.15.0-SNAPSHOT.jar to /home/srafi/.m2/repository/org/apache/nifi/nifi-data-provenance-utils/1.15.0-SNAPSHOT/nifi-data-provenance-utils-1.15.0-SNAPSHOT.jar
[INFO] Installing /home/srafi/after-cam-ready/compare_/compile_repair_output/work/aba19ee70dfb/nifi-commons/nifi-data-provenance-utils/pom.xml to /home/srafi/.m2/repository/org/apache/nifi/nifi-data-provenance-utils/1.15.0-SNAPSHOT/nifi-data-provenance-utils-1.15.0-SNAPSHOT.pom
[INFO] 
[INFO] -------------------< org.apache.nifi:nifi-parameter >-------------------
[INFO] Building nifi-parameter 1.15.0-SNAPSHOT                          [12/61]
[INFO] --------------------------------[ jar ]---------------------------------
[INFO] 
[INFO] --- maven-clean-plugin:3.1.0:clean (default-clean) @ nifi-parameter ---
[INFO] 
[INFO] --- maven-remote-resources-plugin:1.7.0:process (process-resource-bundles) @ nifi-parameter ---
[INFO] Preparing remote bundle org.apache:apache-jar-resource-bundle:1.4
[INFO] Copying 3 resources from 1 bundle.
[INFO] 
[INFO] --- maven-resources-plugin:3.1.0:resources (default-resources) @ nifi-parameter ---
[INFO] Using 'UTF-8' encoding to copy filtered resources.
[INFO] skip non existing resourceDirectory /home/srafi/after-cam-ready/compare_/compile_repair_output/work/aba19ee70dfb/nifi-commons/nifi-parameter/src/main/resources
[INFO] Copying 3 resources
[INFO] 
[INFO] --- maven-compiler-plugin:3.8.1:compile (default-compile) @ nifi-parameter ---
[INFO] Changes detected - recompiling the module!
[INFO] Compiling 12 source files to /home/srafi/after-cam-ready/compare_/compile_repair_output/work/aba19ee70dfb/nifi-commons/nifi-parameter/target/classes
[INFO] 
[INFO] --- maven-resources-plugin:3.1.0:testResources (default-testResources) @ nifi-parameter ---
[INFO] Using 'UTF-8' encoding to copy filtered resources.
[INFO] skip non existing resourceDirectory /home/srafi/after-cam-ready/compare_/compile_repair_output/work/aba19ee70dfb/nifi-commons/nifi-parameter/src/test/resources
[INFO] Copying 3 resources
[INFO] 
[INFO] --- maven-compiler-plugin:3.8.1:testCompile (default-testCompile) @ nifi-parameter ---
[INFO] Changes detected - recompiling the module!
[INFO] Compiling 3 source files to /home/srafi/after-cam-ready/compare_/compile_repair_output/work/aba19ee70dfb/nifi-commons/nifi-parameter/target/test-classes
[INFO] 
[INFO] --- maven-compiler-plugin:3.8.1:testCompile (groovy-tests) @ nifi-parameter ---
[INFO] Changes detected - recompiling the module!
[INFO] Nothing to compile - all classes are up to date
[INFO] 
[INFO] --- maven-surefire-plugin:3.0.0-M8-SNAPSHOT:test (default-test) @ nifi-parameter ---
[INFO] Tests are skipped.
[INFO] 
[INFO] --- maven-jar-plugin:3.2.0:jar (default-jar) @ nifi-parameter ---
[INFO] Building jar: /home/srafi/after-cam-ready/compare_/compile_repair_output/work/aba19ee70dfb/nifi-commons/nifi-parameter/target/nifi-parameter-1.15.0-SNAPSHOT.jar
[INFO] 
[INFO] --- maven-site-plugin:3.7.1:attach-descriptor (attach-descriptor) @ nifi-parameter ---
[INFO] Skipping because packaging 'jar' is not pom.
[INFO] 
[INFO] --- maven-install-plugin:2.5.2:install (default-install) @ nifi-parameter ---
[INFO] Installing /home/srafi/after-cam-ready/compare_/compile_repair_output/work/aba19ee70dfb/nifi-commons/nifi-parameter/target/nifi-parameter-1.15.0-SNAPSHOT.jar to /home/srafi/.m2/repository/org/apache/nifi/nifi-parameter/1.15.0-SNAPSHOT/nifi-parameter-1.15.0-SNAPSHOT.jar
[INFO] Installing /home/srafi/after-cam-ready/compare_/compile_repair_output/work/aba19ee70dfb/nifi-commons/nifi-parameter/pom.xml to /home/srafi/.m2/repository/org/apache/nifi/nifi-parameter/1.15.0-SNAPSHOT/nifi-parameter-1.15.0-SNAPSHOT.pom
[INFO] 
[INFO] ---------------------< org.apache.nifi:nifi-uuid5 >---------------------
[INFO] Building nifi-uuid5 1.15.0-SNAPSHOT                              [13/61]
[INFO] --------------------------------[ jar ]---------------------------------
[INFO] 
[INFO] --- maven-clean-plugin:3.1.0:clean (default-clean) @ nifi-uuid5 ---
[INFO] 
[INFO] --- maven-remote-resources-plugin:1.7.0:process (process-resource-bundles) @ nifi-uuid5 ---
[INFO] Preparing remote bundle org.apache:apache-jar-resource-bundle:1.4
[INFO] Copying 3 resources from 1 bundle.
[INFO] 
[INFO] --- maven-resources-plugin:3.1.0:resources (default-resources) @ nifi-uuid5 ---
[INFO] Using 'UTF-8' encoding to copy filtered resources.
[INFO] skip non existing resourceDirectory /home/srafi/after-cam-ready/compare_/compile_repair_output/work/aba19ee70dfb/nifi-commons/nifi-uuid5/src/main/resources
[INFO] Copying 3 resources
[INFO] 
[INFO] --- maven-compiler-plugin:3.8.1:compile (default-compile) @ nifi-uuid5 ---
[INFO] Changes detected - recompiling the module!
[INFO] Compiling 1 source file to /home/srafi/after-cam-ready/compare_/compile_repair_output/work/aba19ee70dfb/nifi-commons/nifi-uuid5/target/classes
[INFO] 
[INFO] --- maven-resources-plugin:3.1.0:testResources (default-testResources) @ nifi-uuid5 ---
[INFO] Using 'UTF-8' encoding to copy filtered resources.
[INFO] skip non existing resourceDirectory /home/srafi/after-cam-ready/compare_/compile_repair_output/work/aba19ee70dfb/nifi-commons/nifi-uuid5/src/test/resources
[INFO] Copying 3 resources
[INFO] 
[INFO] --- maven-compiler-plugin:3.8.1:testCompile (default-testCompile) @ nifi-uuid5 ---
[INFO] No sources to compile
[INFO] 
[INFO] --- maven-compiler-plugin:3.8.1:testCompile (groovy-tests) @ nifi-uuid5 ---
[INFO] No sources to compile
[INFO] 
[INFO] --- maven-surefire-plugin:3.0.0-M8-SNAPSHOT:test (default-test) @ nifi-uuid5 ---
[INFO] Tests are skipped.
[INFO] 
[INFO] --- maven-jar-plugin:3.2.0:jar (default-jar) @ nifi-uuid5 ---
[INFO] Building jar: /home/srafi/after-cam-ready/compare_/compile_repair_output/work/aba19ee70dfb/nifi-commons/nifi-uuid5/target/nifi-uuid5-1.15.0-SNAPSHOT.jar
[INFO] 
[INFO] --- maven-site-plugin:3.7.1:attach-descriptor (attach-descriptor) @ nifi-uuid5 ---
[INFO] Skipping because packaging 'jar' is not pom.
[INFO] 
[INFO] --- maven-install-plugin:2.5.2:install (default-install) @ nifi-uuid5 ---
[INFO] Installing /home/srafi/after-cam-ready/compare_/compile_repair_output/work/aba19ee70dfb/nifi-commons/nifi-uuid5/target/nifi-uuid5-1.15.0-SNAPSHOT.jar to /home/srafi/.m2/repository/org/apache/nifi/nifi-uuid5/1.15.0-SNAPSHOT/nifi-uuid5-1.15.0-SNAPSHOT.jar
[INFO] Installing /home/srafi/after-cam-ready/compare_/compile_repair_output/work/aba19ee70dfb/nifi-commons/nifi-uuid5/pom.xml to /home/srafi/.m2/repository/org/apache/nifi/nifi-uuid5/1.15.0-SNAPSHOT/nifi-uuid5-1.15.0-SNAPSHOT.pom
[INFO] 
[INFO] --------------< org.apache.nifi:nifi-expression-language >--------------
[INFO] Building nifi-expression-language 1.15.0-SNAPSHOT                [14/61]
[INFO] --------------------------------[ jar ]---------------------------------
[INFO] 
[INFO] --- maven-clean-plugin:3.1.0:clean (default-clean) @ nifi-expression-language ---
[INFO] 
[INFO] --- antlr3-maven-plugin:3.5.2:antlr (default) @ nifi-expression-language ---
[INFO] ANTLR: Processing source directory /home/srafi/after-cam-ready/compare_/compile_repair_output/work/aba19ee70dfb/nifi-commons/nifi-expression-language/src/main/antlr3
ANTLR Parser Generator  Version 3.5.2
Output file /home/srafi/after-cam-ready/compare_/compile_repair_output/work/aba19ee70dfb/nifi-commons/nifi-expression-language/target/generated-sources/antlr3/org/apache/nifi/attribute/expression/language/antlr/AttributeExpressionLexer.java does not exist: must build /home/srafi/after-cam-ready/compare_/compile_repair_output/work/aba19ee70dfb/nifi-commons/nifi-expression-language/src/main/antlr3/org/apache/nifi/attribute/expression/language/antlr/AttributeExpressionLexer.g
org/apache/nifi/attribute/expression/language/antlr/AttributeExpressionLexer.g
Output file /home/srafi/after-cam-ready/compare_/compile_repair_output/work/aba19ee70dfb/nifi-commons/nifi-expression-language/target/generated-sources/antlr3/org/apache/nifi/attribute/expression/language/antlr/AttributeExpressionParser.java does not exist: must build /home/srafi/after-cam-ready/compare_/compile_repair_output/work/aba19ee70dfb/nifi-commons/nifi-expression-language/src/main/antlr3/org/apache/nifi/attribute/expression/language/antlr/AttributeExpressionParser.g
org/apache/nifi/attribute/expression/language/antlr/AttributeExpressionParser.g
[INFO] 
[INFO] --- maven-remote-resources-plugin:1.7.0:process (process-resource-bundles) @ nifi-expression-language ---
[INFO] Preparing remote bundle org.apache:apache-jar-resource-bundle:1.4
[INFO] Copying 3 resources from 1 bundle.
[INFO] 
[INFO] --- maven-resources-plugin:3.1.0:resources (default-resources) @ nifi-expression-language ---
[INFO] Using 'UTF-8' encoding to copy filtered resources.
[INFO] skip non existing resourceDirectory /home/srafi/after-cam-ready/compare_/compile_repair_output/work/aba19ee70dfb/nifi-commons/nifi-expression-language/src/main/resources
[INFO] Copying 3 resources
[INFO] 
[INFO] --- maven-compiler-plugin:3.8.1:compile (default-compile) @ nifi-expression-language ---
[INFO] Changes detected - recompiling the module!
[INFO] Compiling 143 source files to /home/srafi/after-cam-ready/compare_/compile_repair_output/work/aba19ee70dfb/nifi-commons/nifi-expression-language/target/classes
[WARNING] /home/srafi/after-cam-ready/compare_/compile_repair_output/work/aba19ee70dfb/nifi-commons/nifi-expression-language/src/main/java/org/apache/nifi/attribute/expression/language/StandardPropertyValue.java:[122,54] [deprecation] getTimeDuration(String,TimeUnit) in FormatUtils has been deprecated
[INFO] 
[INFO] --- maven-resources-plugin:3.1.0:testResources (default-testResources) @ nifi-expression-language ---
[INFO] Using 'UTF-8' encoding to copy filtered resources.
[INFO] Copying 1 resource
[INFO] Copying 3 resources
[INFO] 
[INFO] --- maven-compiler-plugin:3.8.1:testCompile (default-testCompile) @ nifi-expression-language ---
[INFO] Changes detected - recompiling the module!
[INFO] Compiling 3 source files to /home/srafi/after-cam-ready/compare_/compile_repair_output/work/aba19ee70dfb/nifi-commons/nifi-expression-language/target/test-classes
[INFO] 
[INFO] --- maven-compiler-plugin:3.8.1:testCompile (groovy-tests) @ nifi-expression-language ---
[INFO] Changes detected - recompiling the module!
[INFO] Using Groovy-Eclipse compiler to compile both Java and Groovy files
[INFO] Compiling in a forked process using /home/srafi/.m2/repository/org/codehaus/groovy/groovy-eclipse-batch/2.5.14-01/groovy-eclipse-batch-2.5.14-01.jar
[INFO] 
[INFO] --- maven-surefire-plugin:3.0.0-M8-SNAPSHOT:test (default-test) @ nifi-expression-language ---
[INFO] Tests are skipped.
[INFO] 
[INFO] --- maven-jar-plugin:3.2.0:jar (default-jar) @ nifi-expression-language ---
[INFO] Building jar: /home/srafi/after-cam-ready/compare_/compile_repair_output/work/aba19ee70dfb/nifi-commons/nifi-expression-language/target/nifi-expression-language-1.15.0-SNAPSHOT.jar
[INFO] 
[INFO] --- maven-site-plugin:3.7.1:attach-descriptor (attach-descriptor) @ nifi-expression-language ---
[INFO] Skipping because packaging 'jar' is not pom.
[INFO] 
[INFO] --- maven-install-plugin:2.5.2:install (default-install) @ nifi-expression-language ---
[INFO] Installing /home/srafi/after-cam-ready/compare_/compile_repair_output/work/aba19ee70dfb/nifi-commons/nifi-expression-language/target/nifi-expression-language-1.15.0-SNAPSHOT.jar to /home/srafi/.m2/repository/org/apache/nifi/nifi-expression-language/1.15.0-SNAPSHOT/nifi-expression-language-1.15.0-SNAPSHOT.jar
[INFO] Installing /home/srafi/after-cam-ready/compare_/compile_repair_output/work/aba19ee70dfb/nifi-commons/nifi-expression-language/pom.xml to /home/srafi/.m2/repository/org/apache/nifi/nifi-expression-language/1.15.0-SNAPSHOT/nifi-expression-language-1.15.0-SNAPSHOT.pom
[INFO] 
[INFO] --------------< org.apache.nifi:nifi-property-encryptor >---------------
[INFO] Building nifi-property-encryptor 1.15.0-SNAPSHOT                 [15/61]
[INFO] --------------------------------[ jar ]---------------------------------
[INFO] 
[INFO] --- maven-clean-plugin:3.1.0:clean (default-clean) @ nifi-property-encryptor ---
[INFO] 
[INFO] --- maven-remote-resources-plugin:1.7.0:process (process-resource-bundles) @ nifi-property-encryptor ---
[INFO] Preparing remote bundle org.apache:apache-jar-resource-bundle:1.4
[INFO] Copying 3 resources from 1 bundle.
[INFO] 
[INFO] --- maven-resources-plugin:3.1.0:resources (default-resources) @ nifi-property-encryptor ---
[INFO] Using 'UTF-8' encoding to copy filtered resources.
[INFO] skip non existing resourceDirectory /home/srafi/after-cam-ready/compare_/compile_repair_output/work/aba19ee70dfb/nifi-commons/nifi-property-encryptor/src/main/resources
[INFO] Copying 3 resources
[INFO] 
[INFO] --- maven-compiler-plugin:3.8.1:compile (default-compile) @ nifi-property-encryptor ---
[INFO] Changes detected - recompiling the module!
[INFO] Compiling 10 source files to /home/srafi/after-cam-ready/compare_/compile_repair_output/work/aba19ee70dfb/nifi-commons/nifi-property-encryptor/target/classes
[INFO] 
[INFO] --- maven-resources-plugin:3.1.0:testResources (default-testResources) @ nifi-property-encryptor ---
[INFO] Using 'UTF-8' encoding to copy filtered resources.
[INFO] skip non existing resourceDirectory /home/srafi/after-cam-ready/compare_/compile_repair_output/work/aba19ee70dfb/nifi-commons/nifi-property-encryptor/src/test/resources
[INFO] Copying 3 resources
[INFO] 
[INFO] --- maven-compiler-plugin:3.8.1:testCompile (default-testCompile) @ nifi-property-encryptor ---
[INFO] Changes detected - recompiling the module!
[INFO] Compiling 4 source files to /home/srafi/after-cam-ready/compare_/compile_repair_output/work/aba19ee70dfb/nifi-commons/nifi-property-encryptor/target/test-classes
[INFO] 
[INFO] --- maven-compiler-plugin:3.8.1:testCompile (groovy-tests) @ nifi-property-encryptor ---
[INFO] Changes detected - recompiling the module!
[INFO] Nothing to compile - all classes are up to date
[INFO] 
[INFO] --- maven-surefire-plugin:3.0.0-M8-SNAPSHOT:test (default-test) @ nifi-property-encryptor ---
[INFO] Tests are skipped.
[INFO] 
[INFO] --- maven-jar-plugin:3.2.0:jar (default-jar) @ nifi-property-encryptor ---
[INFO] Building jar: /home/srafi/after-cam-ready/compare_/compile_repair_output/work/aba19ee70dfb/nifi-commons/nifi-property-encryptor/target/nifi-property-encryptor-1.15.0-SNAPSHOT.jar
[INFO] 
[INFO] --- maven-site-plugin:3.7.1:attach-descriptor (attach-descriptor) @ nifi-property-encryptor ---
[INFO] Skipping because packaging 'jar' is not pom.
[INFO] 
[INFO] --- maven-install-plugin:2.5.2:install (default-install) @ nifi-property-encryptor ---
[INFO] Installing /home/srafi/after-cam-ready/compare_/compile_repair_output/work/aba19ee70dfb/nifi-commons/nifi-property-encryptor/target/nifi-property-encryptor-1.15.0-SNAPSHOT.jar to /home/srafi/.m2/repository/org/apache/nifi/nifi-property-encryptor/1.15.0-SNAPSHOT/nifi-property-encryptor-1.15.0-SNAPSHOT.jar
[INFO] Installing /home/srafi/after-cam-ready/compare_/compile_repair_output/work/aba19ee70dfb/nifi-commons/nifi-property-encryptor/pom.xml to /home/srafi/.m2/repository/org/apache/nifi/nifi-property-encryptor/1.15.0-SNAPSHOT/nifi-property-encryptor-1.15.0-SNAPSHOT.pom
[INFO] 
[INFO] -----------------< org.apache.nifi:nifi-logging-utils >-----------------
[INFO] Building nifi-logging-utils 1.15.0-SNAPSHOT                      [16/61]
[INFO] --------------------------------[ jar ]---------------------------------
[INFO] 
[INFO] --- maven-clean-plugin:3.1.0:clean (default-clean) @ nifi-logging-utils ---
[INFO] 
[INFO] --- maven-remote-resources-plugin:1.7.0:process (process-resource-bundles) @ nifi-logging-utils ---
[INFO] Preparing remote bundle org.apache:apache-jar-resource-bundle:1.4
[INFO] Copying 3 resources from 1 bundle.
[INFO] 
[INFO] --- maven-resources-plugin:3.1.0:resources (default-resources) @ nifi-logging-utils ---
[INFO] Using 'UTF-8' encoding to copy filtered resources.
[INFO] skip non existing resourceDirectory /home/srafi/after-cam-ready/compare_/compile_repair_output/work/aba19ee70dfb/nifi-commons/nifi-logging-utils/src/main/resources
[INFO] Copying 3 resources
[INFO] 
[INFO] --- maven-compiler-plugin:3.8.1:compile (default-compile) @ nifi-logging-utils ---
[INFO] Changes detected - recompiling the module!
[INFO] Compiling 1 source file to /home/srafi/after-cam-ready/compare_/compile_repair_output/work/aba19ee70dfb/nifi-commons/nifi-logging-utils/target/classes
[INFO] 
[INFO] --- maven-resources-plugin:3.1.0:testResources (default-testResources) @ nifi-logging-utils ---
[INFO] Using 'UTF-8' encoding to copy filtered resources.
[INFO] skip non existing resourceDirectory /home/srafi/after-cam-ready/compare_/compile_repair_output/work/aba19ee70dfb/nifi-commons/nifi-logging-utils/src/test/resources
[INFO] Copying 3 resources
[INFO] 
[INFO] --- maven-compiler-plugin:3.8.1:testCompile (default-testCompile) @ nifi-logging-utils ---
[INFO] No sources to compile
[INFO] 
[INFO] --- maven-compiler-plugin:3.8.1:testCompile (groovy-tests) @ nifi-logging-utils ---
[INFO] No sources to compile
[INFO] 
[INFO] --- maven-surefire-plugin:3.0.0-M8-SNAPSHOT:test (default-test) @ nifi-logging-utils ---
[INFO] Tests are skipped.
[INFO] 
[INFO] --- maven-jar-plugin:3.2.0:jar (default-jar) @ nifi-logging-utils ---
[INFO] Building jar: /home/srafi/after-cam-ready/compare_/compile_repair_output/work/aba19ee70dfb/nifi-commons/nifi-logging-utils/target/nifi-logging-utils-1.15.0-SNAPSHOT.jar
[INFO] 
[INFO] --- maven-site-plugin:3.7.1:attach-descriptor (attach-descriptor) @ nifi-logging-utils ---
[INFO] Skipping because packaging 'jar' is not pom.
[INFO] 
[INFO] --- maven-install-plugin:2.5.2:install (default-install) @ nifi-logging-utils ---
[INFO] Installing /home/srafi/after-cam-ready/compare_/compile_repair_output/work/aba19ee70dfb/nifi-commons/nifi-logging-utils/target/nifi-logging-utils-1.15.0-SNAPSHOT.jar to /home/srafi/.m2/repository/org/apache/nifi/nifi-logging-utils/1.15.0-SNAPSHOT/nifi-logging-utils-1.15.0-SNAPSHOT.jar
[INFO] Installing /home/srafi/after-cam-ready/compare_/compile_repair_output/work/aba19ee70dfb/nifi-commons/nifi-logging-utils/pom.xml to /home/srafi/.m2/repository/org/apache/nifi/nifi-logging-utils/1.15.0-SNAPSHOT/nifi-logging-utils-1.15.0-SNAPSHOT.pom
[INFO] 
[INFO] ------------------< org.apache.nifi:nifi-vault-utils >------------------
[INFO] Building nifi-vault-utils 1.15.0-SNAPSHOT                        [17/61]
[INFO] --------------------------------[ jar ]---------------------------------
[INFO] 
[INFO] --- maven-clean-plugin:3.1.0:clean (default-clean) @ nifi-vault-utils ---
[INFO] 
[INFO] --- maven-remote-resources-plugin:1.7.0:process (process-resource-bundles) @ nifi-vault-utils ---
[INFO] Preparing remote bundle org.apache:apache-jar-resource-bundle:1.4
[INFO] Copying 3 resources from 1 bundle.
[INFO] 
[INFO] --- maven-resources-plugin:3.1.0:resources (default-resources) @ nifi-vault-utils ---
[INFO] Using 'UTF-8' encoding to copy filtered resources.
[INFO] skip non existing resourceDirectory /home/srafi/after-cam-ready/compare_/compile_repair_output/work/aba19ee70dfb/nifi-commons/nifi-vault-utils/src/main/resources
[INFO] Copying 3 resources
[INFO] 
[INFO] --- maven-compiler-plugin:3.8.1:compile (default-compile) @ nifi-vault-utils ---
[INFO] Changes detected - recompiling the module!
[INFO] Compiling 12 source files to /home/srafi/after-cam-ready/compare_/compile_repair_output/work/aba19ee70dfb/nifi-commons/nifi-vault-utils/target/classes
[INFO] 
[INFO] --- maven-resources-plugin:3.1.0:testResources (default-testResources) @ nifi-vault-utils ---
[INFO] Using 'UTF-8' encoding to copy filtered resources.
[INFO] skip non existing resourceDirectory /home/srafi/after-cam-ready/compare_/compile_repair_output/work/aba19ee70dfb/nifi-commons/nifi-vault-utils/src/test/resources
[INFO] Copying 3 resources
[INFO] 
[INFO] --- maven-compiler-plugin:3.8.1:testCompile (default-testCompile) @ nifi-vault-utils ---
[INFO] Changes detected - recompiling the module!
[INFO] Compiling 3 source files to /home/srafi/after-cam-ready/compare_/compile_repair_output/work/aba19ee70dfb/nifi-commons/nifi-vault-utils/target/test-classes
[INFO] 
[INFO] --- maven-compiler-plugin:3.8.1:testCompile (groovy-tests) @ nifi-vault-utils ---
[INFO] Changes detected - recompiling the module!
[INFO] Nothing to compile - all classes are up to date
[INFO] 
[INFO] --- maven-surefire-plugin:3.0.0-M8-SNAPSHOT:test (default-test) @ nifi-vault-utils ---
[INFO] Tests are skipped.
[INFO] 
[INFO] --- maven-jar-plugin:3.2.0:jar (default-jar) @ nifi-vault-utils ---
[INFO] Building jar: /home/srafi/after-cam-ready/compare_/compile_repair_output/work/aba19ee70dfb/nifi-commons/nifi-vault-utils/target/nifi-vault-utils-1.15.0-SNAPSHOT.jar
[INFO] 
[INFO] --- maven-site-plugin:3.7.1:attach-descriptor (attach-descriptor) @ nifi-vault-utils ---
[INFO] Skipping because packaging 'jar' is not pom.
[INFO] 
[INFO] --- maven-install-plugin:2.5.2:install (default-install) @ nifi-vault-utils ---
[INFO] Installing /home/srafi/after-cam-ready/compare_/compile_repair_output/work/aba19ee70dfb/nifi-commons/nifi-vault-utils/target/nifi-vault-utils-1.15.0-SNAPSHOT.jar to /home/srafi/.m2/repository/org/apache/nifi/nifi-vault-utils/1.15.0-SNAPSHOT/nifi-vault-utils-1.15.0-SNAPSHOT.jar
[INFO] Installing /home/srafi/after-cam-ready/compare_/compile_repair_output/work/aba19ee70dfb/nifi-commons/nifi-vault-utils/pom.xml to /home/srafi/.m2/repository/org/apache/nifi/nifi-vault-utils/1.15.0-SNAPSHOT/nifi-vault-utils-1.15.0-SNAPSHOT.pom
[INFO] 
[INFO] ----------< org.apache.nifi:nifi-sensitive-property-provider >----------
[INFO] Building nifi-sensitive-property-provider 1.15.0-SNAPSHOT        [18/61]
[INFO] --------------------------------[ jar ]---------------------------------
[INFO] Downloading from Shibboleth: https://build.shibboleth.net/nexus/content/repositories/releases/net/minidev/json-smart/maven-metadata.xml
[INFO] Downloading from apache-repo: https://repository.apache.org/content/repositories/releases/net/minidev/json-smart/maven-metadata.xml
[INFO] Downloading from jcenter: https://jcenter.bintray.com/net/minidev/json-smart/maven-metadata.xml
[INFO] Downloading from central: https://repo1.maven.org/maven2/net/minidev/json-smart/maven-metadata.xml
[INFO] Downloading from apache.snapshots: https://repository.apache.org/snapshots/net/minidev/json-smart/maven-metadata.xml
[INFO] Downloaded from central: https://repo1.maven.org/maven2/net/minidev/json-smart/maven-metadata.xml (1.4 kB at 22 kB/s)
[INFO] Downloading from ossrh: https://oss.sonatype.org/content/repositories/snapshots/net/minidev/json-smart/maven-metadata.xml
[INFO] Downloaded from jcenter: https://jcenter.bintray.com/net/minidev/json-smart/maven-metadata.xml (1.4 kB at 13 kB/s)
[INFO] Downloading from shibboleth-repo: https://build.shibboleth.net/nexus/content/repositories/releases/net/minidev/json-smart/maven-metadata.xml
[INFO] Downloading from central: https://repo1.maven.org/maven2/com/nimbusds/lang-tag/maven-metadata.xml
[INFO] Downloading from jcenter: https://jcenter.bintray.com/com/nimbusds/lang-tag/maven-metadata.xml
[INFO] Downloading from apache-repo: https://repository.apache.org/content/repositories/releases/com/nimbusds/lang-tag/maven-metadata.xml
[INFO] Downloading from Shibboleth: https://build.shibboleth.net/nexus/content/repositories/releases/com/nimbusds/lang-tag/maven-metadata.xml
[INFO] Downloading from apache.snapshots: https://repository.apache.org/snapshots/com/nimbusds/lang-tag/maven-metadata.xml
[INFO] Downloaded from jcenter: https://jcenter.bintray.com/com/nimbusds/lang-tag/maven-metadata.xml (621 B at 18 kB/s)
[INFO] Downloaded from central: https://repo1.maven.org/maven2/com/nimbusds/lang-tag/maven-metadata.xml (621 B at 17 kB/s)
[INFO] Downloading from ossrh: https://oss.sonatype.org/content/repositories/snapshots/com/nimbusds/lang-tag/maven-metadata.xml
[INFO] Downloading from central: https://repo1.maven.org/maven2/com/nimbusds/nimbus-jose-jwt/maven-metadata.xml
[INFO] Downloading from jcenter: https://jcenter.bintray.com/com/nimbusds/nimbus-jose-jwt/maven-metadata.xml
[INFO] Downloading from Shibboleth: https://build.shibboleth.net/nexus/content/repositories/releases/com/nimbusds/nimbus-jose-jwt/maven-metadata.xml
[INFO] Downloading from apache-repo: https://repository.apache.org/content/repositories/releases/com/nimbusds/nimbus-jose-jwt/maven-metadata.xml
[INFO] Downloading from apache.snapshots: https://repository.apache.org/snapshots/com/nimbusds/nimbus-jose-jwt/maven-metadata.xml
[INFO] Downloaded from central: https://repo1.maven.org/maven2/com/nimbusds/nimbus-jose-jwt/maven-metadata.xml (9.6 kB at 144 kB/s)
[INFO] Downloaded from jcenter: https://jcenter.bintray.com/com/nimbusds/nimbus-jose-jwt/maven-metadata.xml (9.6 kB at 144 kB/s)
[INFO] Downloading from ossrh: https://oss.sonatype.org/content/repositories/snapshots/com/nimbusds/nimbus-jose-jwt/maven-metadata.xml
[INFO] 
[INFO] --- maven-clean-plugin:3.1.0:clean (default-clean) @ nifi-sensitive-property-provider ---
[INFO] 
[INFO] --- maven-remote-resources-plugin:1.7.0:process (process-resource-bundles) @ nifi-sensitive-property-provider ---
[INFO] Preparing remote bundle org.apache:apache-jar-resource-bundle:1.4
[INFO] Copying 3 resources from 1 bundle.
[INFO] artifact net.minidev:json-smart: checking for updates from central
[INFO] artifact net.minidev:json-smart: checking for updates from apache-repo
[INFO] artifact net.minidev:json-smart: checking for updates from jcenter
[INFO] artifact net.minidev:json-smart: checking for updates from Shibboleth
[INFO] artifact net.minidev:json-smart: checking for updates from ossrh
[INFO] artifact net.minidev:json-smart: checking for updates from shibboleth-repo
[INFO] 
[INFO] --- maven-resources-plugin:3.1.0:resources (default-resources) @ nifi-sensitive-property-provider ---
[INFO] Using 'UTF-8' encoding to copy filtered resources.
[INFO] skip non existing resourceDirectory /home/srafi/after-cam-ready/compare_/compile_repair_output/work/aba19ee70dfb/nifi-commons/nifi-sensitive-property-provider/src/main/resources
[INFO] Copying 3 resources
[INFO] 
[INFO] --- maven-compiler-plugin:3.8.1:compile (default-compile) @ nifi-sensitive-property-provider ---
[INFO] Changes detected - recompiling the module!
[INFO] Compiling 30 source files to /home/srafi/after-cam-ready/compare_/compile_repair_output/work/aba19ee70dfb/nifi-commons/nifi-sensitive-property-provider/target/classes
[WARNING] /home/srafi/after-cam-ready/compare_/compile_repair_output/work/aba19ee70dfb/nifi-commons/nifi-sensitive-property-provider/src/main/java/org/apache/nifi/properties/PropertyProtectionScheme.java:[54,47] non-varargs call of varargs method with inexact argument type for last parameter;
  cast to Object for a varargs call
  cast to Object[] for a non-varargs call and to suppress this warning
[INFO] 
[INFO] --- build-helper-maven-plugin:1.5:add-test-source (add-test-source) @ nifi-sensitive-property-provider ---
[INFO] Test Source directory: /home/srafi/after-cam-ready/compare_/compile_repair_output/work/aba19ee70dfb/nifi-commons/nifi-sensitive-property-provider/src/test/groovy added.
[INFO] 
[INFO] --- maven-resources-plugin:3.1.0:testResources (default-testResources) @ nifi-sensitive-property-provider ---
[INFO] Using 'UTF-8' encoding to copy filtered resources.
[INFO] skip non existing resourceDirectory /home/srafi/after-cam-ready/compare_/compile_repair_output/work/aba19ee70dfb/nifi-commons/nifi-sensitive-property-provider/src/test/resources
[INFO] Copying 3 resources
[INFO] 
[INFO] --- maven-compiler-plugin:3.8.1:testCompile (default-testCompile) @ nifi-sensitive-property-provider ---
[INFO] Changes detected - recompiling the module!
[INFO] Compiling 11 source files to /home/srafi/after-cam-ready/compare_/compile_repair_output/work/aba19ee70dfb/nifi-commons/nifi-sensitive-property-provider/target/test-classes
[INFO] 
[INFO] --- maven-compiler-plugin:3.8.1:testCompile (groovy-tests) @ nifi-sensitive-property-provider ---
[INFO] Changes detected - recompiling the module!
[INFO] Using Groovy-Eclipse compiler to compile both Java and Groovy files
[INFO] Compiling in a forked process using /home/srafi/.m2/repository/org/codehaus/groovy/groovy-eclipse-batch/2.5.14-01/groovy-eclipse-batch-2.5.14-01.jar
[INFO] 
[INFO] --- maven-surefire-plugin:3.0.0-M8-SNAPSHOT:test (default-test) @ nifi-sensitive-property-provider ---
[INFO] Tests are skipped.
[INFO] 
[INFO] --- maven-jar-plugin:3.2.0:jar (default-jar) @ nifi-sensitive-property-provider ---
[INFO] Building jar: /home/srafi/after-cam-ready/compare_/compile_repair_output/work/aba19ee70dfb/nifi-commons/nifi-sensitive-property-provider/target/nifi-sensitive-property-provider-1.15.0-SNAPSHOT.jar
[INFO] 
[INFO] --- maven-site-plugin:3.7.1:attach-descriptor (attach-descriptor) @ nifi-sensitive-property-provider ---
[INFO] Skipping because packaging 'jar' is not pom.
[INFO] 
[INFO] --- maven-install-plugin:2.5.2:install (default-install) @ nifi-sensitive-property-provider ---
[INFO] Installing /home/srafi/after-cam-ready/compare_/compile_repair_output/work/aba19ee70dfb/nifi-commons/nifi-sensitive-property-provider/target/nifi-sensitive-property-provider-1.15.0-SNAPSHOT.jar to /home/srafi/.m2/repository/org/apache/nifi/nifi-sensitive-property-provider/1.15.0-SNAPSHOT/nifi-sensitive-property-provider-1.15.0-SNAPSHOT.jar
[INFO] Installing /home/srafi/after-cam-ready/compare_/compile_repair_output/work/aba19ee70dfb/nifi-commons/nifi-sensitive-property-provider/pom.xml to /home/srafi/.m2/repository/org/apache/nifi/nifi-sensitive-property-provider/1.15.0-SNAPSHOT/nifi-sensitive-property-provider-1.15.0-SNAPSHOT.pom
[INFO] 
[INFO] -------------< org.apache.nifi:nifi-repository-encryption >-------------
[INFO] Building nifi-repository-encryption 1.15.0-SNAPSHOT              [19/61]
[INFO] --------------------------------[ jar ]---------------------------------
[INFO] 
[INFO] --- maven-clean-plugin:3.1.0:clean (default-clean) @ nifi-repository-encryption ---
[INFO] 
[INFO] --- maven-remote-resources-plugin:1.7.0:process (process-resource-bundles) @ nifi-repository-encryption ---
[INFO] Preparing remote bundle org.apache:apache-jar-resource-bundle:1.4
[INFO] Copying 3 resources from 1 bundle.
[INFO] 
[INFO] --- maven-resources-plugin:3.1.0:resources (default-resources) @ nifi-repository-encryption ---
[INFO] Using 'UTF-8' encoding to copy filtered resources.
[INFO] skip non existing resourceDirectory /home/srafi/after-cam-ready/compare_/compile_repair_output/work/aba19ee70dfb/nifi-commons/nifi-repository-encryption/src/main/resources
[INFO] Copying 3 resources
[INFO] 
[INFO] --- maven-compiler-plugin:3.8.1:compile (default-compile) @ nifi-repository-encryption ---
[INFO] Changes detected - recompiling the module!
[INFO] Compiling 21 source files to /home/srafi/after-cam-ready/compare_/compile_repair_output/work/aba19ee70dfb/nifi-commons/nifi-repository-encryption/target/classes
[INFO] 
[INFO] --- maven-resources-plugin:3.1.0:testResources (default-testResources) @ nifi-repository-encryption ---
[INFO] Using 'UTF-8' encoding to copy filtered resources.
[INFO] skip non existing resourceDirectory /home/srafi/after-cam-ready/compare_/compile_repair_output/work/aba19ee70dfb/nifi-commons/nifi-repository-encryption/src/test/resources
[INFO] Copying 3 resources
[INFO] 
[INFO] --- maven-compiler-plugin:3.8.1:testCompile (default-testCompile) @ nifi-repository-encryption ---
[INFO] Changes detected - recompiling the module!
[INFO] Compiling 6 source files to /home/srafi/after-cam-ready/compare_/compile_repair_output/work/aba19ee70dfb/nifi-commons/nifi-repository-encryption/target/test-classes
[INFO] 
[INFO] --- maven-compiler-plugin:3.8.1:testCompile (groovy-tests) @ nifi-repository-encryption ---
[INFO] Changes detected - recompiling the module!
[INFO] Nothing to compile - all classes are up to date
[INFO] 
[INFO] --- maven-surefire-plugin:3.0.0-M8-SNAPSHOT:test (default-test) @ nifi-repository-encryption ---
[INFO] Tests are skipped.
[INFO] 
[INFO] --- maven-jar-plugin:3.2.0:jar (default-jar) @ nifi-repository-encryption ---
[INFO] Building jar: /home/srafi/after-cam-ready/compare_/compile_repair_output/work/aba19ee70dfb/nifi-commons/nifi-repository-encryption/target/nifi-repository-encryption-1.15.0-SNAPSHOT.jar
[INFO] 
[INFO] --- maven-site-plugin:3.7.1:attach-descriptor (attach-descriptor) @ nifi-repository-encryption ---
[INFO] Skipping because packaging 'jar' is not pom.
[INFO] 
[INFO] --- maven-install-plugin:2.5.2:install (default-install) @ nifi-repository-encryption ---
[INFO] Installing /home/srafi/after-cam-ready/compare_/compile_repair_output/work/aba19ee70dfb/nifi-commons/nifi-repository-encryption/target/nifi-repository-encryption-1.15.0-SNAPSHOT.jar to /home/srafi/.m2/repository/org/apache/nifi/nifi-repository-encryption/1.15.0-SNAPSHOT/nifi-repository-encryption-1.15.0-SNAPSHOT.jar
[INFO] Installing /home/srafi/after-cam-ready/compare_/compile_repair_output/work/aba19ee70dfb/nifi-commons/nifi-repository-encryption/pom.xml to /home/srafi/.m2/repository/org/apache/nifi/nifi-repository-encryption/1.15.0-SNAPSHOT/nifi-repository-encryption-1.15.0-SNAPSHOT.pom
[INFO] 
[INFO] -----------------< org.apache.nifi:nifi-rocksdb-utils >-----------------
[INFO] Building nifi-rocksdb-utils 1.15.0-SNAPSHOT                      [20/61]
[INFO] --------------------------------[ jar ]---------------------------------
[INFO] 
[INFO] --- maven-clean-plugin:3.1.0:clean (default-clean) @ nifi-rocksdb-utils ---
[INFO] 
[INFO] --- maven-remote-resources-plugin:1.7.0:process (process-resource-bundles) @ nifi-rocksdb-utils ---
[INFO] Preparing remote bundle org.apache:apache-jar-resource-bundle:1.4
[INFO] Copying 3 resources from 1 bundle.
[INFO] 
[INFO] --- maven-resources-plugin:3.1.0:resources (default-resources) @ nifi-rocksdb-utils ---
[INFO] Using 'UTF-8' encoding to copy filtered resources.
[INFO] skip non existing resourceDirectory /home/srafi/after-cam-ready/compare_/compile_repair_output/work/aba19ee70dfb/nifi-commons/nifi-rocksdb-utils/src/main/resources
[INFO] Copying 3 resources
[INFO] 
[INFO] --- maven-compiler-plugin:3.8.1:compile (default-compile) @ nifi-rocksdb-utils ---
[INFO] Changes detected - recompiling the module!
[INFO] Compiling 1 source file to /home/srafi/after-cam-ready/compare_/compile_repair_output/work/aba19ee70dfb/nifi-commons/nifi-rocksdb-utils/target/classes
[INFO] 
[INFO] --- maven-resources-plugin:3.1.0:testResources (default-testResources) @ nifi-rocksdb-utils ---
[INFO] Using 'UTF-8' encoding to copy filtered resources.
[INFO] Copying 1 resource
[INFO] Copying 3 resources
[INFO] 
[INFO] --- maven-compiler-plugin:3.8.1:testCompile (default-testCompile) @ nifi-rocksdb-utils ---
[INFO] Changes detected - recompiling the module!
[INFO] Compiling 1 source file to /home/srafi/after-cam-ready/compare_/compile_repair_output/work/aba19ee70dfb/nifi-commons/nifi-rocksdb-utils/target/test-classes
[INFO] 
[INFO] --- maven-compiler-plugin:3.8.1:testCompile (groovy-tests) @ nifi-rocksdb-utils ---
[INFO] Changes detected - recompiling the module!
[INFO] Nothing to compile - all classes are up to date
[INFO] 
[INFO] --- maven-surefire-plugin:3.0.0-M8-SNAPSHOT:test (default-test) @ nifi-rocksdb-utils ---
[INFO] Tests are skipped.
[INFO] 
[INFO] --- maven-jar-plugin:3.2.0:jar (default-jar) @ nifi-rocksdb-utils ---
[INFO] Building jar: /home/srafi/after-cam-ready/compare_/compile_repair_output/work/aba19ee70dfb/nifi-commons/nifi-rocksdb-utils/target/nifi-rocksdb-utils-1.15.0-SNAPSHOT.jar
[INFO] 
[INFO] --- maven-site-plugin:3.7.1:attach-descriptor (attach-descriptor) @ nifi-rocksdb-utils ---
[INFO] Skipping because packaging 'jar' is not pom.
[INFO] 
[INFO] --- maven-install-plugin:2.5.2:install (default-install) @ nifi-rocksdb-utils ---
[INFO] Installing /home/srafi/after-cam-ready/compare_/compile_repair_output/work/aba19ee70dfb/nifi-commons/nifi-rocksdb-utils/target/nifi-rocksdb-utils-1.15.0-SNAPSHOT.jar to /home/srafi/.m2/repository/org/apache/nifi/nifi-rocksdb-utils/1.15.0-SNAPSHOT/nifi-rocksdb-utils-1.15.0-SNAPSHOT.jar
[INFO] Installing /home/srafi/after-cam-ready/compare_/compile_repair_output/work/aba19ee70dfb/nifi-commons/nifi-rocksdb-utils/pom.xml to /home/srafi/.m2/repository/org/apache/nifi/nifi-rocksdb-utils/1.15.0-SNAPSHOT/nifi-rocksdb-utils-1.15.0-SNAPSHOT.pom
[INFO] 
[INFO] -----------------< org.apache.nifi:nifi-schema-utils >------------------
[INFO] Building nifi-schema-utils 1.15.0-SNAPSHOT                       [21/61]
[INFO] --------------------------------[ jar ]---------------------------------
[INFO] 
[INFO] --- maven-clean-plugin:3.1.0:clean (default-clean) @ nifi-schema-utils ---
[INFO] 
[INFO] --- maven-remote-resources-plugin:1.7.0:process (process-resource-bundles) @ nifi-schema-utils ---
[INFO] Preparing remote bundle org.apache:apache-jar-resource-bundle:1.4
[INFO] Copying 3 resources from 1 bundle.
[INFO] 
[INFO] --- maven-resources-plugin:3.1.0:resources (default-resources) @ nifi-schema-utils ---
[INFO] Using 'UTF-8' encoding to copy filtered resources.
[INFO] skip non existing resourceDirectory /home/srafi/after-cam-ready/compare_/compile_repair_output/work/aba19ee70dfb/nifi-commons/nifi-schema-utils/src/main/resources
[INFO] Copying 3 resources
[INFO] 
[INFO] --- maven-compiler-plugin:3.8.1:compile (default-compile) @ nifi-schema-utils ---
[INFO] Changes detected - recompiling the module!
[INFO] Compiling 18 source files to /home/srafi/after-cam-ready/compare_/compile_repair_output/work/aba19ee70dfb/nifi-commons/nifi-schema-utils/target/classes
[INFO] 
[INFO] --- maven-resources-plugin:3.1.0:testResources (default-testResources) @ nifi-schema-utils ---
[INFO] Using 'UTF-8' encoding to copy filtered resources.
[INFO] skip non existing resourceDirectory /home/srafi/after-cam-ready/compare_/compile_repair_output/work/aba19ee70dfb/nifi-commons/nifi-schema-utils/src/test/resources
[INFO] Copying 3 resources
[INFO] 
[INFO] --- maven-compiler-plugin:3.8.1:testCompile (default-testCompile) @ nifi-schema-utils ---
[INFO] Changes detected - recompiling the module!
[INFO] Compiling 2 source files to /home/srafi/after-cam-ready/compare_/compile_repair_output/work/aba19ee70dfb/nifi-commons/nifi-schema-utils/target/test-classes
[INFO] 
[INFO] --- maven-compiler-plugin:3.8.1:testCompile (groovy-tests) @ nifi-schema-utils ---
[INFO] Changes detected - recompiling the module!
[INFO] Nothing to compile - all classes are up to date
[INFO] 
[INFO] --- maven-surefire-plugin:3.0.0-M8-SNAPSHOT:test (default-test) @ nifi-schema-utils ---
[INFO] Tests are skipped.
[INFO] 
[INFO] --- maven-jar-plugin:3.2.0:jar (default-jar) @ nifi-schema-utils ---
[INFO] Building jar: /home/srafi/after-cam-ready/compare_/compile_repair_output/work/aba19ee70dfb/nifi-commons/nifi-schema-utils/target/nifi-schema-utils-1.15.0-SNAPSHOT.jar
[INFO] 
[INFO] --- maven-site-plugin:3.7.1:attach-descriptor (attach-descriptor) @ nifi-schema-utils ---
[INFO] Skipping because packaging 'jar' is not pom.
[INFO] 
[INFO] --- maven-install-plugin:2.5.2:install (default-install) @ nifi-schema-utils ---
[INFO] Installing /home/srafi/after-cam-ready/compare_/compile_repair_output/work/aba19ee70dfb/nifi-commons/nifi-schema-utils/target/nifi-schema-utils-1.15.0-SNAPSHOT.jar to /home/srafi/.m2/repository/org/apache/nifi/nifi-schema-utils/1.15.0-SNAPSHOT/nifi-schema-utils-1.15.0-SNAPSHOT.jar
[INFO] Installing /home/srafi/after-cam-ready/compare_/compile_repair_output/work/aba19ee70dfb/nifi-commons/nifi-schema-utils/pom.xml to /home/srafi/.m2/repository/org/apache/nifi/nifi-schema-utils/1.15.0-SNAPSHOT/nifi-schema-utils-1.15.0-SNAPSHOT.pom
[INFO] 
[INFO] ---------------< org.apache.nifi.registry:nifi-registry >---------------
[INFO] Building nifi-registry 1.15.0-SNAPSHOT                           [22/61]
[INFO] --------------------------------[ pom ]---------------------------------
[INFO] 
[INFO] --- maven-clean-plugin:3.1.0:clean (default-clean) @ nifi-registry ---
[INFO] 
[INFO] --- maven-remote-resources-plugin:1.7.0:process (process-resource-bundles) @ nifi-registry ---
[INFO] Preparing remote bundle org.apache:apache-jar-resource-bundle:1.4
[INFO] Copying 3 resources from 1 bundle.
[INFO] 
[INFO] --- maven-compiler-plugin:3.8.1:testCompile (groovy-tests) @ nifi-registry ---
[INFO] No sources to compile
[INFO] 
[INFO] --- maven-site-plugin:3.4:attach-descriptor (attach-descriptor) @ nifi-registry ---
[INFO] 
[INFO] --- maven-install-plugin:2.5.2:install (default-install) @ nifi-registry ---
[INFO] Installing /home/srafi/after-cam-ready/compare_/compile_repair_output/work/aba19ee70dfb/nifi-registry/pom.xml to /home/srafi/.m2/repository/org/apache/nifi/registry/nifi-registry/1.15.0-SNAPSHOT/nifi-registry-1.15.0-SNAPSHOT.pom
[INFO] 
[INFO] ------------< org.apache.nifi.registry:nifi-registry-core >-------------
[INFO] Building nifi-registry-core 1.15.0-SNAPSHOT                      [23/61]
[INFO] --------------------------------[ pom ]---------------------------------
[INFO] 
[INFO] --- maven-clean-plugin:3.1.0:clean (default-clean) @ nifi-registry-core ---
[INFO] 
[INFO] --- maven-remote-resources-plugin:1.7.0:process (process-resource-bundles) @ nifi-registry-core ---
[INFO] Preparing remote bundle org.apache:apache-jar-resource-bundle:1.4
[INFO] Copying 3 resources from 1 bundle.
[INFO] 
[INFO] --- maven-compiler-plugin:3.8.1:testCompile (groovy-tests) @ nifi-registry-core ---
[INFO] No sources to compile
[INFO] 
[INFO] --- maven-site-plugin:3.4:attach-descriptor (attach-descriptor) @ nifi-registry-core ---
[INFO] 
[INFO] --- maven-install-plugin:2.5.2:install (default-install) @ nifi-registry-core ---
[INFO] Installing /home/srafi/after-cam-ready/compare_/compile_repair_output/work/aba19ee70dfb/nifi-registry/nifi-registry-core/pom.xml to /home/srafi/.m2/repository/org/apache/nifi/registry/nifi-registry-core/1.15.0-SNAPSHOT/nifi-registry-core-1.15.0-SNAPSHOT.pom
[INFO] 
[INFO] ----------< org.apache.nifi.registry:nifi-registry-revision >-----------
[INFO] Building nifi-registry-revision 1.15.0-SNAPSHOT                  [24/61]
[INFO] --------------------------------[ pom ]---------------------------------
[INFO] 
[INFO] --- maven-clean-plugin:3.1.0:clean (default-clean) @ nifi-registry-revision ---
[INFO] 
[INFO] --- maven-remote-resources-plugin:1.7.0:process (process-resource-bundles) @ nifi-registry-revision ---
[INFO] Preparing remote bundle org.apache:apache-jar-resource-bundle:1.4
[INFO] Copying 3 resources from 1 bundle.
[INFO] 
[INFO] --- maven-compiler-plugin:3.8.1:testCompile (groovy-tests) @ nifi-registry-revision ---
[INFO] No sources to compile
[INFO] 
[INFO] --- maven-site-plugin:3.4:attach-descriptor (attach-descriptor) @ nifi-registry-revision ---
[INFO] 
[INFO] --- maven-install-plugin:2.5.2:install (default-install) @ nifi-registry-revision ---
[INFO] Installing /home/srafi/after-cam-ready/compare_/compile_repair_output/work/aba19ee70dfb/nifi-registry/nifi-registry-core/nifi-registry-revision/pom.xml to /home/srafi/.m2/repository/org/apache/nifi/registry/nifi-registry-revision/1.15.0-SNAPSHOT/nifi-registry-revision-1.15.0-SNAPSHOT.pom
[INFO] 
[INFO] ----< org.apache.nifi.registry:nifi-registry-revision-entity-model >----
[INFO] Building nifi-registry-revision-entity-model 1.15.0-SNAPSHOT     [25/61]
[INFO] --------------------------------[ jar ]---------------------------------
[INFO] 
[INFO] --- maven-clean-plugin:3.1.0:clean (default-clean) @ nifi-registry-revision-entity-model ---
[INFO] 
[INFO] --- maven-remote-resources-plugin:1.7.0:process (process-resource-bundles) @ nifi-registry-revision-entity-model ---
[INFO] Preparing remote bundle org.apache:apache-jar-resource-bundle:1.4
[INFO] Copying 3 resources from 1 bundle.
[INFO] 
[INFO] --- maven-resources-plugin:2.7:resources (default-resources) @ nifi-registry-revision-entity-model ---
[INFO] Using 'UTF-8' encoding to copy filtered resources.
[INFO] skip non existing resourceDirectory /home/srafi/after-cam-ready/compare_/compile_repair_output/work/aba19ee70dfb/nifi-registry/nifi-registry-core/nifi-registry-revision/nifi-registry-revision-entity-model/src/main/resources
[INFO] Copying 3 resources
[INFO] 
[INFO] --- maven-compiler-plugin:3.8.1:compile (default-compile) @ nifi-registry-revision-entity-model ---
[INFO] Changes detected - recompiling the module!
[INFO] Compiling 2 source files to /home/srafi/after-cam-ready/compare_/compile_repair_output/work/aba19ee70dfb/nifi-registry/nifi-registry-core/nifi-registry-revision/nifi-registry-revision-entity-model/target/classes
[INFO] 
[INFO] --- maven-resources-plugin:2.7:testResources (default-testResources) @ nifi-registry-revision-entity-model ---
[INFO] Using 'UTF-8' encoding to copy filtered resources.
[INFO] skip non existing resourceDirectory /home/srafi/after-cam-ready/compare_/compile_repair_output/work/aba19ee70dfb/nifi-registry/nifi-registry-core/nifi-registry-revision/nifi-registry-revision-entity-model/src/test/resources
[INFO] Copying 3 resources
[INFO] 
[INFO] --- maven-compiler-plugin:3.8.1:testCompile (default-testCompile) @ nifi-registry-revision-entity-model ---
[INFO] No sources to compile
[INFO] 
[INFO] --- maven-compiler-plugin:3.8.1:testCompile (groovy-tests) @ nifi-registry-revision-entity-model ---
[INFO] No sources to compile
[INFO] 
[INFO] --- maven-surefire-plugin:3.0.0-M8-SNAPSHOT:test (default-test) @ nifi-registry-revision-entity-model ---
[INFO] Tests are skipped.
[INFO] 
[INFO] --- maven-jar-plugin:2.5:jar (default-jar) @ nifi-registry-revision-entity-model ---
[INFO] Building jar: /home/srafi/after-cam-ready/compare_/compile_repair_output/work/aba19ee70dfb/nifi-registry/nifi-registry-core/nifi-registry-revision/nifi-registry-revision-entity-model/target/nifi-registry-revision-entity-model-1.15.0-SNAPSHOT.jar
[INFO] 
[INFO] --- maven-site-plugin:3.4:attach-descriptor (attach-descriptor) @ nifi-registry-revision-entity-model ---
[INFO] 
[INFO] --- maven-install-plugin:2.5.2:install (default-install) @ nifi-registry-revision-entity-model ---
[INFO] Installing /home/srafi/after-cam-ready/compare_/compile_repair_output/work/aba19ee70dfb/nifi-registry/nifi-registry-core/nifi-registry-revision/nifi-registry-revision-entity-model/target/nifi-registry-revision-entity-model-1.15.0-SNAPSHOT.jar to /home/srafi/.m2/repository/org/apache/nifi/registry/nifi-registry-revision-entity-model/1.15.0-SNAPSHOT/nifi-registry-revision-entity-model-1.15.0-SNAPSHOT.jar
[INFO] Installing /home/srafi/after-cam-ready/compare_/compile_repair_output/work/aba19ee70dfb/nifi-registry/nifi-registry-core/nifi-registry-revision/nifi-registry-revision-entity-model/pom.xml to /home/srafi/.m2/repository/org/apache/nifi/registry/nifi-registry-revision-entity-model/1.15.0-SNAPSHOT/nifi-registry-revision-entity-model-1.15.0-SNAPSHOT.pom
[INFO] 
[INFO] ---------< org.apache.nifi.registry:nifi-registry-data-model >----------
[INFO] Building nifi-registry-data-model 1.15.0-SNAPSHOT                [26/61]
[INFO] --------------------------------[ jar ]---------------------------------
[INFO] 
[INFO] --- maven-clean-plugin:3.1.0:clean (default-clean) @ nifi-registry-data-model ---
[INFO] 
[INFO] --- maven-remote-resources-plugin:1.7.0:process (process-resource-bundles) @ nifi-registry-data-model ---
[INFO] Preparing remote bundle org.apache:apache-jar-resource-bundle:1.4
[INFO] Copying 3 resources from 1 bundle.
[INFO] 
[INFO] --- maven-resources-plugin:2.7:resources (default-resources) @ nifi-registry-data-model ---
[INFO] Using 'UTF-8' encoding to copy filtered resources.
[INFO] skip non existing resourceDirectory /home/srafi/after-cam-ready/compare_/compile_repair_output/work/aba19ee70dfb/nifi-registry/nifi-registry-core/nifi-registry-data-model/src/main/resources
[INFO] Copying 3 resources
[INFO] 
[INFO] --- maven-compiler-plugin:3.8.1:compile (default-compile) @ nifi-registry-data-model ---
[INFO] Changes detected - recompiling the module!
[INFO] Compiling 70 source files to /home/srafi/after-cam-ready/compare_/compile_repair_output/work/aba19ee70dfb/nifi-registry/nifi-registry-core/nifi-registry-data-model/target/classes
[INFO] 
[INFO] --- maven-resources-plugin:2.7:testResources (default-testResources) @ nifi-registry-data-model ---
[INFO] Using 'UTF-8' encoding to copy filtered resources.
[INFO] skip non existing resourceDirectory /home/srafi/after-cam-ready/compare_/compile_repair_output/work/aba19ee70dfb/nifi-registry/nifi-registry-core/nifi-registry-data-model/src/test/resources
[INFO] Copying 3 resources
[INFO] 
[INFO] --- maven-compiler-plugin:3.8.1:testCompile (default-testCompile) @ nifi-registry-data-model ---
[INFO] Changes detected - recompiling the module!
[INFO] Compiling 1 source file to /home/srafi/after-cam-ready/compare_/compile_repair_output/work/aba19ee70dfb/nifi-registry/nifi-registry-core/nifi-registry-data-model/target/test-classes
[WARNING] /home/srafi/after-cam-ready/compare_/compile_repair_output/work/aba19ee70dfb/nifi-registry/nifi-registry-core/nifi-registry-data-model/src/test/java/org/apache/nifi/registry/flow/TestVersionedRemoteProcessGroup.java:[36,31] [deprecation] getTargetUri() in VersionedRemoteProcessGroup has been deprecated
[WARNING] /home/srafi/after-cam-ready/compare_/compile_repair_output/work/aba19ee70dfb/nifi-registry/nifi-registry-core/nifi-registry-data-model/src/test/java/org/apache/nifi/registry/flow/TestVersionedRemoteProcessGroup.java:[41,31] [deprecation] getTargetUri() in VersionedRemoteProcessGroup has been deprecated
[WARNING] /home/srafi/after-cam-ready/compare_/compile_repair_output/work/aba19ee70dfb/nifi-registry/nifi-registry-core/nifi-registry-data-model/src/test/java/org/apache/nifi/registry/flow/TestVersionedRemoteProcessGroup.java:[51,34] [deprecation] getTargetUri() in VersionedRemoteProcessGroup has been deprecated
[WARNING] /home/srafi/after-cam-ready/compare_/compile_repair_output/work/aba19ee70dfb/nifi-registry/nifi-registry-core/nifi-registry-data-model/src/test/java/org/apache/nifi/registry/flow/TestVersionedRemoteProcessGroup.java:[59,31] [deprecation] getTargetUri() in VersionedRemoteProcessGroup has been deprecated
[WARNING] /home/srafi/after-cam-ready/compare_/compile_repair_output/work/aba19ee70dfb/nifi-registry/nifi-registry-core/nifi-registry-data-model/src/test/java/org/apache/nifi/registry/flow/TestVersionedRemoteProcessGroup.java:[64,31] [deprecation] getTargetUri() in VersionedRemoteProcessGroup has been deprecated
[WARNING] /home/srafi/after-cam-ready/compare_/compile_repair_output/work/aba19ee70dfb/nifi-registry/nifi-registry-core/nifi-registry-data-model/src/test/java/org/apache/nifi/registry/flow/TestVersionedRemoteProcessGroup.java:[69,34] [deprecation] getTargetUri() in VersionedRemoteProcessGroup has been deprecated
[WARNING] /home/srafi/after-cam-ready/compare_/compile_repair_output/work/aba19ee70dfb/nifi-registry/nifi-registry-core/nifi-registry-data-model/src/test/java/org/apache/nifi/registry/flow/TestVersionedRemoteProcessGroup.java:[74,34] [deprecation] getTargetUri() in VersionedRemoteProcessGroup has been deprecated
[WARNING] /home/srafi/after-cam-ready/compare_/compile_repair_output/work/aba19ee70dfb/nifi-registry/nifi-registry-core/nifi-registry-data-model/src/test/java/org/apache/nifi/registry/flow/TestVersionedRemoteProcessGroup.java:[82,34] [deprecation] getTargetUri() in VersionedRemoteProcessGroup has been deprecated
[WARNING] /home/srafi/after-cam-ready/compare_/compile_repair_output/work/aba19ee70dfb/nifi-registry/nifi-registry-core/nifi-registry-data-model/src/test/java/org/apache/nifi/registry/flow/TestVersionedRemoteProcessGroup.java:[87,34] [deprecation] getTargetUri() in VersionedRemoteProcessGroup has been deprecated
[WARNING] /home/srafi/after-cam-ready/compare_/compile_repair_output/work/aba19ee70dfb/nifi-registry/nifi-registry-core/nifi-registry-data-model/src/test/java/org/apache/nifi/registry/flow/TestVersionedRemoteProcessGroup.java:[92,34] [deprecation] getTargetUri() in VersionedRemoteProcessGroup has been deprecated
[WARNING] /home/srafi/after-cam-ready/compare_/compile_repair_output/work/aba19ee70dfb/nifi-registry/nifi-registry-core/nifi-registry-data-model/src/test/java/org/apache/nifi/registry/flow/TestVersionedRemoteProcessGroup.java:[97,34] [deprecation] getTargetUri() in VersionedRemoteProcessGroup has been deprecated
[INFO] 
[INFO] --- maven-compiler-plugin:3.8.1:testCompile (groovy-tests) @ nifi-registry-data-model ---
[INFO] Changes detected - recompiling the module!
[INFO] Nothing to compile - all classes are up to date
[INFO] 
[INFO] --- maven-surefire-plugin:3.0.0-M8-SNAPSHOT:test (default-test) @ nifi-registry-data-model ---
[INFO] Tests are skipped.
[INFO] 
[INFO] --- maven-jar-plugin:2.5:jar (default-jar) @ nifi-registry-data-model ---
[INFO] Building jar: /home/srafi/after-cam-ready/compare_/compile_repair_output/work/aba19ee70dfb/nifi-registry/nifi-registry-core/nifi-registry-data-model/target/nifi-registry-data-model-1.15.0-SNAPSHOT.jar
[INFO] 
[INFO] --- maven-site-plugin:3.4:attach-descriptor (attach-descriptor) @ nifi-registry-data-model ---
[INFO] 
[INFO] --- maven-install-plugin:2.5.2:install (default-install) @ nifi-registry-data-model ---
[INFO] Installing /home/srafi/after-cam-ready/compare_/compile_repair_output/work/aba19ee70dfb/nifi-registry/nifi-registry-core/nifi-registry-data-model/target/nifi-registry-data-model-1.15.0-SNAPSHOT.jar to /home/srafi/.m2/repository/org/apache/nifi/registry/nifi-registry-data-model/1.15.0-SNAPSHOT/nifi-registry-data-model-1.15.0-SNAPSHOT.jar
[INFO] Installing /home/srafi/after-cam-ready/compare_/compile_repair_output/work/aba19ee70dfb/nifi-registry/nifi-registry-core/nifi-registry-data-model/pom.xml to /home/srafi/.m2/repository/org/apache/nifi/registry/nifi-registry-data-model/1.15.0-SNAPSHOT/nifi-registry-data-model-1.15.0-SNAPSHOT.pom
[INFO] 
[INFO] ------------------< org.apache.nifi:nifi-nar-bundles >------------------
[INFO] Building nifi-nar-bundles 1.15.0-SNAPSHOT                        [27/61]
[INFO] --------------------------------[ pom ]---------------------------------
[INFO] 
[INFO] --- maven-clean-plugin:3.1.0:clean (default-clean) @ nifi-nar-bundles ---
[INFO] 
[INFO] --- buildnumber-maven-plugin:1.4:create (default) @ nifi-nar-bundles ---
[INFO] ShortRevision tag detected. The value is '7'.
[INFO] Executing: /bin/sh -c cd '/home/srafi/after-cam-ready/compare_/compile_repair_output/work/aba19ee70dfb/nifi-nar-bundles' && 'git' 'rev-parse' '--verify' '--short=7' 'HEAD'
[INFO] Working directory: /home/srafi/after-cam-ready/compare_/compile_repair_output/work/aba19ee70dfb/nifi-nar-bundles
[INFO] Storing buildNumber: 2bd752d at timestamp: 1786822934229
[WARNING] Cannot get the branch information from the git repository: 
Detecting the current branch failed: fatal: ref HEAD is not a symbolic ref

[INFO] ShortRevision tag detected. The value is '7'.
[INFO] Executing: /bin/sh -c cd '/home/srafi/after-cam-ready/compare_/compile_repair_output/work/aba19ee70dfb/nifi-nar-bundles' && 'git' 'rev-parse' '--verify' '--short=7' 'HEAD'
[INFO] Working directory: /home/srafi/after-cam-ready/compare_/compile_repair_output/work/aba19ee70dfb/nifi-nar-bundles
[INFO] Storing buildScmBranch: UNKNOWN
[INFO] 
[INFO] --- maven-remote-resources-plugin:1.7.0:process (process-resource-bundles) @ nifi-nar-bundles ---
[INFO] Preparing remote bundle org.apache:apache-jar-resource-bundle:1.4
[INFO] Copying 3 resources from 1 bundle.
[INFO] 
[INFO] --- maven-compiler-plugin:3.8.1:testCompile (groovy-tests) @ nifi-nar-bundles ---
[INFO] No sources to compile
[INFO] 
[INFO] --- maven-site-plugin:3.7.1:attach-descriptor (attach-descriptor) @ nifi-nar-bundles ---
[INFO] No site descriptor found: nothing to attach.
[INFO] 
[INFO] --- maven-install-plugin:2.5.2:install (default-install) @ nifi-nar-bundles ---
[INFO] Installing /home/srafi/after-cam-ready/compare_/compile_repair_output/work/aba19ee70dfb/nifi-nar-bundles/pom.xml to /home/srafi/.m2/repository/org/apache/nifi/nifi-nar-bundles/1.15.0-SNAPSHOT/nifi-nar-bundles-1.15.0-SNAPSHOT.pom
[INFO] 
[INFO] ---------------< org.apache.nifi:nifi-framework-bundle >----------------
[INFO] Building nifi-framework-bundle 1.15.0-SNAPSHOT                   [28/61]
[INFO] --------------------------------[ pom ]---------------------------------
[INFO] 
[INFO] --- maven-clean-plugin:3.1.0:clean (default-clean) @ nifi-framework-bundle ---
[INFO] 
[INFO] --- buildnumber-maven-plugin:1.4:create (default) @ nifi-framework-bundle ---
[INFO] 
[INFO] --- maven-remote-resources-plugin:1.7.0:process (process-resource-bundles) @ nifi-framework-bundle ---
[INFO] Preparing remote bundle org.apache:apache-jar-resource-bundle:1.4
[INFO] Copying 3 resources from 1 bundle.
[INFO] 
[INFO] --- maven-compiler-plugin:3.8.1:testCompile (groovy-tests) @ nifi-framework-bundle ---
[INFO] No sources to compile
[INFO] 
[INFO] --- maven-site-plugin:3.7.1:attach-descriptor (attach-descriptor) @ nifi-framework-bundle ---
[INFO] No site descriptor found: nothing to attach.
[INFO] 
[INFO] --- maven-install-plugin:2.5.2:install (default-install) @ nifi-framework-bundle ---
[INFO] Installing /home/srafi/after-cam-ready/compare_/compile_repair_output/work/aba19ee70dfb/nifi-nar-bundles/nifi-framework-bundle/pom.xml to /home/srafi/.m2/repository/org/apache/nifi/nifi-framework-bundle/1.15.0-SNAPSHOT/nifi-framework-bundle-1.15.0-SNAPSHOT.pom
[INFO] 
[INFO] -------------------< org.apache.nifi:nifi-framework >-------------------
[INFO] Building nifi-framework 1.15.0-SNAPSHOT                          [29/61]
[INFO] --------------------------------[ pom ]---------------------------------
[INFO] 
[INFO] --- maven-clean-plugin:3.1.0:clean (default-clean) @ nifi-framework ---
[INFO] 
[INFO] --- buildnumber-maven-plugin:1.4:create (default) @ nifi-framework ---
[INFO] 
[INFO] --- maven-remote-resources-plugin:1.7.0:process (process-resource-bundles) @ nifi-framework ---
[INFO] Preparing remote bundle org.apache:apache-jar-resource-bundle:1.4
[INFO] Copying 3 resources from 1 bundle.
[INFO] 
[INFO] --- maven-compiler-plugin:3.8.1:testCompile (groovy-tests) @ nifi-framework ---
[INFO] No sources to compile
[INFO] 
[INFO] --- maven-site-plugin:3.7.1:attach-descriptor (attach-descriptor) @ nifi-framework ---
[INFO] No site descriptor found: nothing to attach.
[INFO] 
[INFO] --- maven-install-plugin:2.5.2:install (default-install) @ nifi-framework ---
[INFO] Installing /home/srafi/after-cam-ready/compare_/compile_repair_output/work/aba19ee70dfb/nifi-nar-bundles/nifi-framework-bundle/nifi-framework/pom.xml to /home/srafi/.m2/repository/org/apache/nifi/nifi-framework/1.15.0-SNAPSHOT/nifi-framework-1.15.0-SNAPSHOT.pom
[INFO] 
[INFO] ------------------< org.apache.nifi:nifi-client-dto >-------------------
[INFO] Building nifi-client-dto 1.15.0-SNAPSHOT                         [30/61]
[INFO] --------------------------------[ jar ]---------------------------------
[INFO] 
[INFO] --- maven-clean-plugin:3.1.0:clean (default-clean) @ nifi-client-dto ---
[INFO] 
[INFO] --- buildnumber-maven-plugin:1.4:create (default) @ nifi-client-dto ---
[INFO] 
[INFO] --- maven-remote-resources-plugin:1.7.0:process (process-resource-bundles) @ nifi-client-dto ---
[INFO] Preparing remote bundle org.apache:apache-jar-resource-bundle:1.4
[INFO] Copying 3 resources from 1 bundle.
[INFO] 
[INFO] --- maven-resources-plugin:3.1.0:resources (default-resources) @ nifi-client-dto ---
[INFO] Using 'UTF-8' encoding to copy filtered resources.
[INFO] skip non existing resourceDirectory /home/srafi/after-cam-ready/compare_/compile_repair_output/work/aba19ee70dfb/nifi-nar-bundles/nifi-framework-bundle/nifi-framework/nifi-client-dto/src/main/resources
[INFO] Copying 3 resources
[INFO] 
[INFO] --- maven-compiler-plugin:3.8.1:compile (default-compile) @ nifi-client-dto ---
[INFO] Changes detected - recompiling the module!
[INFO] Compiling 342 source files to /home/srafi/after-cam-ready/compare_/compile_repair_output/work/aba19ee70dfb/nifi-nar-bundles/nifi-framework-bundle/nifi-framework/nifi-client-dto/target/classes
[INFO] 
[INFO] --- maven-resources-plugin:3.1.0:testResources (default-testResources) @ nifi-client-dto ---
[INFO] Using 'UTF-8' encoding to copy filtered resources.
[INFO] skip non existing resourceDirectory /home/srafi/after-cam-ready/compare_/compile_repair_output/work/aba19ee70dfb/nifi-nar-bundles/nifi-framework-bundle/nifi-framework/nifi-client-dto/src/test/resources
[INFO] Copying 3 resources
[INFO] 
[INFO] --- maven-compiler-plugin:3.8.1:testCompile (default-testCompile) @ nifi-client-dto ---
[INFO] Changes detected - recompiling the module!
[INFO] Compiling 4 source files to /home/srafi/after-cam-ready/compare_/compile_repair_output/work/aba19ee70dfb/nifi-nar-bundles/nifi-framework-bundle/nifi-framework/nifi-client-dto/target/test-classes
[INFO] 
[INFO] --- maven-compiler-plugin:3.8.1:testCompile (groovy-tests) @ nifi-client-dto ---
[INFO] Changes detected - recompiling the module!
[INFO] Nothing to compile - all classes are up to date
[INFO] 
[INFO] --- maven-surefire-plugin:3.0.0-M8-SNAPSHOT:test (default-test) @ nifi-client-dto ---
[INFO] Tests are skipped.
[INFO] 
[INFO] --- maven-jar-plugin:3.2.0:jar (default-jar) @ nifi-client-dto ---
[INFO] Building jar: /home/srafi/after-cam-ready/compare_/compile_repair_output/work/aba19ee70dfb/nifi-nar-bundles/nifi-framework-bundle/nifi-framework/nifi-client-dto/target/nifi-client-dto-1.15.0-SNAPSHOT.jar
[INFO] 
[INFO] --- maven-site-plugin:3.7.1:attach-descriptor (attach-descriptor) @ nifi-client-dto ---
[INFO] Skipping because packaging 'jar' is not pom.
[INFO] 
[INFO] --- maven-install-plugin:2.5.2:install (default-install) @ nifi-client-dto ---
[INFO] Installing /home/srafi/after-cam-ready/compare_/compile_repair_output/work/aba19ee70dfb/nifi-nar-bundles/nifi-framework-bundle/nifi-framework/nifi-client-dto/target/nifi-client-dto-1.15.0-SNAPSHOT.jar to /home/srafi/.m2/repository/org/apache/nifi/nifi-client-dto/1.15.0-SNAPSHOT/nifi-client-dto-1.15.0-SNAPSHOT.jar
[INFO] Installing /home/srafi/after-cam-ready/compare_/compile_repair_output/work/aba19ee70dfb/nifi-nar-bundles/nifi-framework-bundle/nifi-framework/nifi-client-dto/pom.xml to /home/srafi/.m2/repository/org/apache/nifi/nifi-client-dto/1.15.0-SNAPSHOT/nifi-client-dto-1.15.0-SNAPSHOT.pom
[INFO] 
[INFO] --------------< org.apache.nifi:nifi-site-to-site-client >--------------
[INFO] Building nifi-site-to-site-client 1.15.0-SNAPSHOT                [31/61]
[INFO] --------------------------------[ jar ]---------------------------------
[INFO] 
[INFO] --- maven-clean-plugin:3.1.0:clean (default-clean) @ nifi-site-to-site-client ---
[INFO] 
[INFO] --- maven-remote-resources-plugin:1.7.0:process (process-resource-bundles) @ nifi-site-to-site-client ---
[INFO] Preparing remote bundle org.apache:apache-jar-resource-bundle:1.4
[INFO] Copying 3 resources from 1 bundle.
[INFO] 
[INFO] --- maven-resources-plugin:3.1.0:resources (default-resources) @ nifi-site-to-site-client ---
[INFO] Using 'UTF-8' encoding to copy filtered resources.
[INFO] skip non existing resourceDirectory /home/srafi/after-cam-ready/compare_/compile_repair_output/work/aba19ee70dfb/nifi-commons/nifi-site-to-site-client/src/main/resources
[INFO] Copying 3 resources
[INFO] 
[INFO] --- maven-compiler-plugin:3.8.1:compile (default-compile) @ nifi-site-to-site-client ---
[INFO] Changes detected - recompiling the module!
[INFO] Compiling 65 source files to /home/srafi/after-cam-ready/compare_/compile_repair_output/work/aba19ee70dfb/nifi-commons/nifi-site-to-site-client/target/classes
[INFO] 
[INFO] --- maven-resources-plugin:3.1.0:testResources (default-testResources) @ nifi-site-to-site-client ---
[INFO] Using 'UTF-8' encoding to copy filtered resources.
[INFO] skip non existing resourceDirectory /home/srafi/after-cam-ready/compare_/compile_repair_output/work/aba19ee70dfb/nifi-commons/nifi-site-to-site-client/src/test/resources
[INFO] Copying 3 resources
[INFO] 
[INFO] --- maven-compiler-plugin:3.8.1:testCompile (default-testCompile) @ nifi-site-to-site-client ---
[INFO] Changes detected - recompiling the module!
[INFO] Compiling 8 source files to /home/srafi/after-cam-ready/compare_/compile_repair_output/work/aba19ee70dfb/nifi-commons/nifi-site-to-site-client/target/test-classes
[WARNING] /home/srafi/after-cam-ready/compare_/compile_repair_output/work/aba19ee70dfb/nifi-commons/nifi-site-to-site-client/src/test/java/org/apache/nifi/remote/client/socket/TestSiteToSiteClient.java:[111,53] [deprecation] getUrl() in SiteToSiteClientConfig has been deprecated
[INFO] 
[INFO] --- maven-compiler-plugin:3.8.1:testCompile (groovy-tests) @ nifi-site-to-site-client ---
[INFO] Changes detected - recompiling the module!
[INFO] Using Groovy-Eclipse compiler to compile both Java and Groovy files
[INFO] Compiling in a forked process using /home/srafi/.m2/repository/org/codehaus/groovy/groovy-eclipse-batch/2.5.14-01/groovy-eclipse-batch-2.5.14-01.jar
[INFO] 
[INFO] --- maven-surefire-plugin:3.0.0-M8-SNAPSHOT:test (default-test) @ nifi-site-to-site-client ---
[INFO] Tests are skipped.
[INFO] 
[INFO] --- maven-jar-plugin:3.2.0:jar (default-jar) @ nifi-site-to-site-client ---
[INFO] Building jar: /home/srafi/after-cam-ready/compare_/compile_repair_output/work/aba19ee70dfb/nifi-commons/nifi-site-to-site-client/target/nifi-site-to-site-client-1.15.0-SNAPSHOT.jar
[INFO] 
[INFO] --- maven-site-plugin:3.7.1:attach-descriptor (attach-descriptor) @ nifi-site-to-site-client ---
[INFO] Skipping because packaging 'jar' is not pom.
[INFO] 
[INFO] --- maven-install-plugin:2.5.2:install (default-install) @ nifi-site-to-site-client ---
[INFO] Installing /home/srafi/after-cam-ready/compare_/compile_repair_output/work/aba19ee70dfb/nifi-commons/nifi-site-to-site-client/target/nifi-site-to-site-client-1.15.0-SNAPSHOT.jar to /home/srafi/.m2/repository/org/apache/nifi/nifi-site-to-site-client/1.15.0-SNAPSHOT/nifi-site-to-site-client-1.15.0-SNAPSHOT.jar
[INFO] Installing /home/srafi/after-cam-ready/compare_/compile_repair_output/work/aba19ee70dfb/nifi-commons/nifi-site-to-site-client/pom.xml to /home/srafi/.m2/repository/org/apache/nifi/nifi-site-to-site-client/1.15.0-SNAPSHOT/nifi-site-to-site-client-1.15.0-SNAPSHOT.pom
[INFO] 
[INFO] -----------------< org.apache.nifi:nifi-socket-utils >------------------
[INFO] Building nifi-socket-utils 1.15.0-SNAPSHOT                       [32/61]
[INFO] --------------------------------[ jar ]---------------------------------
[INFO] 
[INFO] --- maven-clean-plugin:3.1.0:clean (default-clean) @ nifi-socket-utils ---
[INFO] 
[INFO] --- maven-remote-resources-plugin:1.7.0:process (process-resource-bundles) @ nifi-socket-utils ---
[INFO] Preparing remote bundle org.apache:apache-jar-resource-bundle:1.4
[INFO] Copying 3 resources from 1 bundle.
[INFO] 
[INFO] --- maven-resources-plugin:3.1.0:resources (default-resources) @ nifi-socket-utils ---
[INFO] Using 'UTF-8' encoding to copy filtered resources.
[INFO] skip non existing resourceDirectory /home/srafi/after-cam-ready/compare_/compile_repair_output/work/aba19ee70dfb/nifi-commons/nifi-socket-utils/src/main/resources
[INFO] Copying 3 resources
[INFO] 
[INFO] --- maven-compiler-plugin:3.8.1:compile (default-compile) @ nifi-socket-utils ---
[INFO] Changes detected - recompiling the module!
[INFO] Compiling 23 source files to /home/srafi/after-cam-ready/compare_/compile_repair_output/work/aba19ee70dfb/nifi-commons/nifi-socket-utils/target/classes
[INFO] 
[INFO] --- maven-resources-plugin:3.1.0:testResources (default-testResources) @ nifi-socket-utils ---
[INFO] Using 'UTF-8' encoding to copy filtered resources.
[INFO] Copying 3 resources
[INFO] Copying 3 resources
[INFO] 
[INFO] --- maven-compiler-plugin:3.8.1:testCompile (default-testCompile) @ nifi-socket-utils ---
[INFO] Changes detected - recompiling the module!
[INFO] Compiling 4 source files to /home/srafi/after-cam-ready/compare_/compile_repair_output/work/aba19ee70dfb/nifi-commons/nifi-socket-utils/target/test-classes
[INFO] 
[INFO] --- maven-compiler-plugin:3.8.1:testCompile (groovy-tests) @ nifi-socket-utils ---
[INFO] Changes detected - recompiling the module!
[INFO] Using Groovy-Eclipse compiler to compile both Java and Groovy files
[INFO] Compiling in a forked process using /home/srafi/.m2/repository/org/codehaus/groovy/groovy-eclipse-batch/2.5.14-01/groovy-eclipse-batch-2.5.14-01.jar
[INFO] 
[INFO] --- maven-surefire-plugin:3.0.0-M8-SNAPSHOT:test (default-test) @ nifi-socket-utils ---
[INFO] Tests are skipped.
[INFO] 
[INFO] --- maven-jar-plugin:3.2.0:jar (default-jar) @ nifi-socket-utils ---
[INFO] Building jar: /home/srafi/after-cam-ready/compare_/compile_repair_output/work/aba19ee70dfb/nifi-commons/nifi-socket-utils/target/nifi-socket-utils-1.15.0-SNAPSHOT.jar
[INFO] 
[INFO] --- maven-site-plugin:3.7.1:attach-descriptor (attach-descriptor) @ nifi-socket-utils ---
[INFO] Skipping because packaging 'jar' is not pom.
[INFO] 
[INFO] --- maven-install-plugin:2.5.2:install (default-install) @ nifi-socket-utils ---
[INFO] Installing /home/srafi/after-cam-ready/compare_/compile_repair_output/work/aba19ee70dfb/nifi-commons/nifi-socket-utils/target/nifi-socket-utils-1.15.0-SNAPSHOT.jar to /home/srafi/.m2/repository/org/apache/nifi/nifi-socket-utils/1.15.0-SNAPSHOT/nifi-socket-utils-1.15.0-SNAPSHOT.jar
[INFO] Installing /home/srafi/after-cam-ready/compare_/compile_repair_output/work/aba19ee70dfb/nifi-commons/nifi-socket-utils/pom.xml to /home/srafi/.m2/repository/org/apache/nifi/nifi-socket-utils/1.15.0-SNAPSHOT/nifi-socket-utils-1.15.0-SNAPSHOT.pom
[INFO] 
[INFO] -------------------< org.apache.nifi:nifi-web-utils >-------------------
[INFO] Building nifi-web-utils 1.15.0-SNAPSHOT                          [33/61]
[INFO] --------------------------------[ jar ]---------------------------------
[INFO] 
[INFO] --- maven-clean-plugin:3.1.0:clean (default-clean) @ nifi-web-utils ---
[INFO] 
[INFO] --- maven-remote-resources-plugin:1.7.0:process (process-resource-bundles) @ nifi-web-utils ---
[INFO] Preparing remote bundle org.apache:apache-jar-resource-bundle:1.4
[INFO] Copying 3 resources from 1 bundle.
[INFO] 
[INFO] --- maven-resources-plugin:3.1.0:resources (default-resources) @ nifi-web-utils ---
[INFO] Using 'UTF-8' encoding to copy filtered resources.
[INFO] skip non existing resourceDirectory /home/srafi/after-cam-ready/compare_/compile_repair_output/work/aba19ee70dfb/nifi-commons/nifi-web-utils/src/main/resources
[INFO] Copying 3 resources
[INFO] 
[INFO] --- maven-compiler-plugin:3.8.1:compile (default-compile) @ nifi-web-utils ---
[INFO] Changes detected - recompiling the module!
[INFO] Compiling 4 source files to /home/srafi/after-cam-ready/compare_/compile_repair_output/work/aba19ee70dfb/nifi-commons/nifi-web-utils/target/classes
[INFO] 
[INFO] --- maven-resources-plugin:3.1.0:testResources (default-testResources) @ nifi-web-utils ---
[INFO] Using 'UTF-8' encoding to copy filtered resources.
[INFO] skip non existing resourceDirectory /home/srafi/after-cam-ready/compare_/compile_repair_output/work/aba19ee70dfb/nifi-commons/nifi-web-utils/src/test/resources
[INFO] Copying 3 resources
[INFO] 
[INFO] --- maven-compiler-plugin:3.8.1:testCompile (default-testCompile) @ nifi-web-utils ---
[INFO] No sources to compile
[INFO] 
[INFO] --- maven-compiler-plugin:3.8.1:testCompile (groovy-tests) @ nifi-web-utils ---
[INFO] No sources to compile
[INFO] 
[INFO] --- maven-surefire-plugin:3.0.0-M8-SNAPSHOT:test (default-test) @ nifi-web-utils ---
[INFO] Tests are skipped.
[INFO] 
[INFO] --- maven-jar-plugin:3.2.0:jar (default-jar) @ nifi-web-utils ---
[INFO] Building jar: /home/srafi/after-cam-ready/compare_/compile_repair_output/work/aba19ee70dfb/nifi-commons/nifi-web-utils/target/nifi-web-utils-1.15.0-SNAPSHOT.jar
[INFO] 
[INFO] --- maven-site-plugin:3.7.1:attach-descriptor (attach-descriptor) @ nifi-web-utils ---
[INFO] Skipping because packaging 'jar' is not pom.
[INFO] 
[INFO] --- maven-install-plugin:2.5.2:install (default-install) @ nifi-web-utils ---
[INFO] Installing /home/srafi/after-cam-ready/compare_/compile_repair_output/work/aba19ee70dfb/nifi-commons/nifi-web-utils/target/nifi-web-utils-1.15.0-SNAPSHOT.jar to /home/srafi/.m2/repository/org/apache/nifi/nifi-web-utils/1.15.0-SNAPSHOT/nifi-web-utils-1.15.0-SNAPSHOT.jar
[INFO] Installing /home/srafi/after-cam-ready/compare_/compile_repair_output/work/aba19ee70dfb/nifi-commons/nifi-web-utils/pom.xml to /home/srafi/.m2/repository/org/apache/nifi/nifi-web-utils/1.15.0-SNAPSHOT/nifi-web-utils-1.15.0-SNAPSHOT.pom
[INFO] 
[INFO] ----------------< org.apache.nifi:nifi-write-ahead-log >----------------
[INFO] Building nifi-write-ahead-log 1.15.0-SNAPSHOT                    [34/61]
[INFO] --------------------------------[ jar ]---------------------------------
[INFO] 
[INFO] --- maven-clean-plugin:3.1.0:clean (default-clean) @ nifi-write-ahead-log ---
[INFO] 
[INFO] --- maven-remote-resources-plugin:1.7.0:process (process-resource-bundles) @ nifi-write-ahead-log ---
[INFO] Preparing remote bundle org.apache:apache-jar-resource-bundle:1.4
[INFO] Copying 3 resources from 1 bundle.
[INFO] 
[INFO] --- maven-resources-plugin:3.1.0:resources (default-resources) @ nifi-write-ahead-log ---
[INFO] Using 'UTF-8' encoding to copy filtered resources.
[INFO] skip non existing resourceDirectory /home/srafi/after-cam-ready/compare_/compile_repair_output/work/aba19ee70dfb/nifi-commons/nifi-write-ahead-log/src/main/resources
[INFO] Copying 3 resources
[INFO] 
[INFO] --- maven-compiler-plugin:3.8.1:compile (default-compile) @ nifi-write-ahead-log ---
[INFO] Changes detected - recompiling the module!
[INFO] Compiling 23 source files to /home/srafi/after-cam-ready/compare_/compile_repair_output/work/aba19ee70dfb/nifi-commons/nifi-write-ahead-log/target/classes
[INFO] 
[INFO] --- maven-resources-plugin:3.1.0:testResources (default-testResources) @ nifi-write-ahead-log ---
[INFO] Using 'UTF-8' encoding to copy filtered resources.
[INFO] skip non existing resourceDirectory /home/srafi/after-cam-ready/compare_/compile_repair_output/work/aba19ee70dfb/nifi-commons/nifi-write-ahead-log/src/test/resources
[INFO] Copying 3 resources
[INFO] 
[INFO] --- maven-compiler-plugin:3.8.1:testCompile (default-testCompile) @ nifi-write-ahead-log ---
[INFO] Changes detected - recompiling the module!
[INFO] Compiling 7 source files to /home/srafi/after-cam-ready/compare_/compile_repair_output/work/aba19ee70dfb/nifi-commons/nifi-write-ahead-log/target/test-classes
[INFO] 
[INFO] --- maven-compiler-plugin:3.8.1:testCompile (groovy-tests) @ nifi-write-ahead-log ---
[INFO] Changes detected - recompiling the module!
[INFO] Nothing to compile - all classes are up to date
[INFO] 
[INFO] --- maven-surefire-plugin:3.0.0-M8-SNAPSHOT:test (default-test) @ nifi-write-ahead-log ---
[INFO] Tests are skipped.
[INFO] 
[INFO] --- maven-jar-plugin:3.2.0:jar (default-jar) @ nifi-write-ahead-log ---
[INFO] Building jar: /home/srafi/after-cam-ready/compare_/compile_repair_output/work/aba19ee70dfb/nifi-commons/nifi-write-ahead-log/target/nifi-write-ahead-log-1.15.0-SNAPSHOT.jar
[INFO] 
[INFO] --- maven-site-plugin:3.7.1:attach-descriptor (attach-descriptor) @ nifi-write-ahead-log ---
[INFO] Skipping because packaging 'jar' is not pom.
[INFO] 
[INFO] --- maven-install-plugin:2.5.2:install (default-install) @ nifi-write-ahead-log ---
[INFO] Installing /home/srafi/after-cam-ready/compare_/compile_repair_output/work/aba19ee70dfb/nifi-commons/nifi-write-ahead-log/target/nifi-write-ahead-log-1.15.0-SNAPSHOT.jar to /home/srafi/.m2/repository/org/apache/nifi/nifi-write-ahead-log/1.15.0-SNAPSHOT/nifi-write-ahead-log-1.15.0-SNAPSHOT.jar
[INFO] Installing /home/srafi/after-cam-ready/compare_/compile_repair_output/work/aba19ee70dfb/nifi-commons/nifi-write-ahead-log/pom.xml to /home/srafi/.m2/repository/org/apache/nifi/nifi-write-ahead-log/1.15.0-SNAPSHOT/nifi-write-ahead-log-1.15.0-SNAPSHOT.pom
[INFO] 
[INFO] ------------------< org.apache.nifi:nifi-server-api >-------------------
[INFO] Building nifi-server-api 1.15.0-SNAPSHOT                         [35/61]
[INFO] --------------------------------[ jar ]---------------------------------
[INFO] 
[INFO] --- maven-clean-plugin:3.1.0:clean (default-clean) @ nifi-server-api ---
[INFO] 
[INFO] --- maven-remote-resources-plugin:1.7.0:process (process-resource-bundles) @ nifi-server-api ---
[INFO] Preparing remote bundle org.apache:apache-jar-resource-bundle:1.4
[INFO] Copying 3 resources from 1 bundle.
[INFO] 
[INFO] --- maven-resources-plugin:3.1.0:resources (default-resources) @ nifi-server-api ---
[INFO] Using 'UTF-8' encoding to copy filtered resources.
[INFO] skip non existing resourceDirectory /home/srafi/after-cam-ready/compare_/compile_repair_output/work/aba19ee70dfb/nifi-server-api/src/main/resources
[INFO] Copying 3 resources
[INFO] 
[INFO] --- maven-compiler-plugin:3.8.1:compile (default-compile) @ nifi-server-api ---
[INFO] Changes detected - recompiling the module!
[INFO] Compiling 2 source files to /home/srafi/after-cam-ready/compare_/compile_repair_output/work/aba19ee70dfb/nifi-server-api/target/classes
[INFO] 
[INFO] --- maven-resources-plugin:3.1.0:testResources (default-testResources) @ nifi-server-api ---
[INFO] Using 'UTF-8' encoding to copy filtered resources.
[INFO] skip non existing resourceDirectory /home/srafi/after-cam-ready/compare_/compile_repair_output/work/aba19ee70dfb/nifi-server-api/src/test/resources
[INFO] Copying 3 resources
[INFO] 
[INFO] --- maven-compiler-plugin:3.8.1:testCompile (default-testCompile) @ nifi-server-api ---
[INFO] No sources to compile
[INFO] 
[INFO] --- maven-compiler-plugin:3.8.1:testCompile (groovy-tests) @ nifi-server-api ---
[INFO] No sources to compile
[INFO] 
[INFO] --- maven-surefire-plugin:3.0.0-M8-SNAPSHOT:test (default-test) @ nifi-server-api ---
[INFO] Tests are skipped.
[INFO] 
[INFO] --- maven-jar-plugin:3.2.0:jar (default-jar) @ nifi-server-api ---
[INFO] Building jar: /home/srafi/after-cam-ready/compare_/compile_repair_output/work/aba19ee70dfb/nifi-server-api/target/nifi-server-api-1.15.0-SNAPSHOT.jar
[INFO] 
[INFO] --- maven-site-plugin:3.7.1:attach-descriptor (attach-descriptor) @ nifi-server-api ---
[INFO] Skipping because packaging 'jar' is not pom.
[INFO] 
[INFO] --- maven-install-plugin:2.5.2:install (default-install) @ nifi-server-api ---
[INFO] Installing /home/srafi/after-cam-ready/compare_/compile_repair_output/work/aba19ee70dfb/nifi-server-api/target/nifi-server-api-1.15.0-SNAPSHOT.jar to /home/srafi/.m2/repository/org/apache/nifi/nifi-server-api/1.15.0-SNAPSHOT/nifi-server-api-1.15.0-SNAPSHOT.jar
[INFO] Installing /home/srafi/after-cam-ready/compare_/compile_repair_output/work/aba19ee70dfb/nifi-server-api/pom.xml to /home/srafi/.m2/repository/org/apache/nifi/nifi-server-api/1.15.0-SNAPSHOT/nifi-server-api-1.15.0-SNAPSHOT.pom
[INFO] 
[INFO] ---------------< org.apache.nifi:nifi-properties-loader >---------------
[INFO] Building nifi-properties-loader 1.15.0-SNAPSHOT                  [36/61]
[INFO] --------------------------------[ jar ]---------------------------------
[INFO] 
[INFO] --- maven-clean-plugin:3.1.0:clean (default-clean) @ nifi-properties-loader ---
[INFO] 
[INFO] --- buildnumber-maven-plugin:1.4:create (default) @ nifi-properties-loader ---
[INFO] 
[INFO] --- maven-remote-resources-plugin:1.7.0:process (process-resource-bundles) @ nifi-properties-loader ---
[INFO] Preparing remote bundle org.apache:apache-jar-resource-bundle:1.4
[INFO] Copying 3 resources from 1 bundle.
[INFO] 
[INFO] --- maven-resources-plugin:3.1.0:resources (default-resources) @ nifi-properties-loader ---
[INFO] Using 'UTF-8' encoding to copy filtered resources.
[INFO] skip non existing resourceDirectory /home/srafi/after-cam-ready/compare_/compile_repair_output/work/aba19ee70dfb/nifi-nar-bundles/nifi-framework-bundle/nifi-framework/nifi-properties-loader/src/main/resources
[INFO] Copying 3 resources
[INFO] 
[INFO] --- maven-compiler-plugin:3.8.1:compile (default-compile) @ nifi-properties-loader ---
[INFO] Changes detected - recompiling the module!
[INFO] Compiling 2 source files to /home/srafi/after-cam-ready/compare_/compile_repair_output/work/aba19ee70dfb/nifi-nar-bundles/nifi-framework-bundle/nifi-framework/nifi-properties-loader/target/classes
[INFO] 
[INFO] --- build-helper-maven-plugin:1.5:add-test-source (add-test-source) @ nifi-properties-loader ---
[INFO] Test Source directory: /home/srafi/after-cam-ready/compare_/compile_repair_output/work/aba19ee70dfb/nifi-nar-bundles/nifi-framework-bundle/nifi-framework/nifi-properties-loader/src/test/groovy added.
[INFO] 
[INFO] --- maven-resources-plugin:3.1.0:testResources (default-testResources) @ nifi-properties-loader ---
[INFO] Using 'UTF-8' encoding to copy filtered resources.
[INFO] Copying 28 resources
[INFO] Copying 3 resources
[INFO] 
[INFO] --- maven-compiler-plugin:3.8.1:testCompile (default-testCompile) @ nifi-properties-loader ---
[INFO] Changes detected - recompiling the module!
[INFO] 
[INFO] --- maven-compiler-plugin:3.8.1:testCompile (groovy-tests) @ nifi-properties-loader ---
[INFO] Changes detected - recompiling the module!
[INFO] Using Groovy-Eclipse compiler to compile both Java and Groovy files
[INFO] Compiling in a forked process using /home/srafi/.m2/repository/org/codehaus/groovy/groovy-eclipse-batch/2.5.14-01/groovy-eclipse-batch-2.5.14-01.jar
[INFO] 
[INFO] --- maven-surefire-plugin:3.0.0-M8-SNAPSHOT:test (default-test) @ nifi-properties-loader ---
[INFO] Tests are skipped.
[INFO] 
[INFO] --- maven-jar-plugin:3.2.0:jar (default-jar) @ nifi-properties-loader ---
[INFO] Building jar: /home/srafi/after-cam-ready/compare_/compile_repair_output/work/aba19ee70dfb/nifi-nar-bundles/nifi-framework-bundle/nifi-framework/nifi-properties-loader/target/nifi-properties-loader-1.15.0-SNAPSHOT.jar
[INFO] 
[INFO] --- maven-site-plugin:3.7.1:attach-descriptor (attach-descriptor) @ nifi-properties-loader ---
[INFO] Skipping because packaging 'jar' is not pom.
[INFO] 
[INFO] --- maven-install-plugin:2.5.2:install (default-install) @ nifi-properties-loader ---
[INFO] Installing /home/srafi/after-cam-ready/compare_/compile_repair_output/work/aba19ee70dfb/nifi-nar-bundles/nifi-framework-bundle/nifi-framework/nifi-properties-loader/target/nifi-properties-loader-1.15.0-SNAPSHOT.jar to /home/srafi/.m2/repository/org/apache/nifi/nifi-properties-loader/1.15.0-SNAPSHOT/nifi-properties-loader-1.15.0-SNAPSHOT.jar
[INFO] Installing /home/srafi/after-cam-ready/compare_/compile_repair_output/work/aba19ee70dfb/nifi-nar-bundles/nifi-framework-bundle/nifi-framework/nifi-properties-loader/pom.xml to /home/srafi/.m2/repository/org/apache/nifi/nifi-properties-loader/1.15.0-SNAPSHOT/nifi-properties-loader-1.15.0-SNAPSHOT.pom
[INFO] 
[INFO] -------------------< org.apache.nifi:nifi-nar-utils >-------------------
[INFO] Building nifi-nar-utils 1.15.0-SNAPSHOT                          [37/61]
[INFO] --------------------------------[ jar ]---------------------------------
[INFO] 
[INFO] --- maven-clean-plugin:3.1.0:clean (default-clean) @ nifi-nar-utils ---
[INFO] 
[INFO] --- buildnumber-maven-plugin:1.4:create (default) @ nifi-nar-utils ---
[INFO] 
[INFO] --- maven-remote-resources-plugin:1.7.0:process (process-resource-bundles) @ nifi-nar-utils ---
[INFO] Preparing remote bundle org.apache:apache-jar-resource-bundle:1.4
[INFO] Copying 3 resources from 1 bundle.
[INFO] 
[INFO] --- maven-resources-plugin:3.1.0:resources (default-resources) @ nifi-nar-utils ---
[INFO] Using 'UTF-8' encoding to copy filtered resources.
[INFO] Copying 1 resource
[INFO] Copying 3 resources
[INFO] 
[INFO] --- maven-compiler-plugin:3.8.1:compile (default-compile) @ nifi-nar-utils ---
[INFO] Changes detected - recompiling the module!
[INFO] Compiling 13 source files to /home/srafi/after-cam-ready/compare_/compile_repair_output/work/aba19ee70dfb/nifi-nar-bundles/nifi-framework-bundle/nifi-framework/nifi-nar-utils/target/classes
[INFO] 
[INFO] --- aspectj-maven-plugin:1.12.6:compile (default) @ nifi-nar-utils ---
[INFO] Showing AJC message detail for messages of types: [error, warning, fail]
[INFO] 
[INFO] --- maven-resources-plugin:3.1.0:testResources (default-testResources) @ nifi-nar-utils ---
[INFO] Using 'UTF-8' encoding to copy filtered resources.
[INFO] Copying 4 resources
[INFO] Copying 3 resources
[INFO] 
[INFO] --- maven-compiler-plugin:3.8.1:testCompile (default-testCompile) @ nifi-nar-utils ---
[INFO] Changes detected - recompiling the module!
[INFO] Compiling 3 source files to /home/srafi/after-cam-ready/compare_/compile_repair_output/work/aba19ee70dfb/nifi-nar-bundles/nifi-framework-bundle/nifi-framework/nifi-nar-utils/target/test-classes
[WARNING] /home/srafi/after-cam-ready/compare_/compile_repair_output/work/aba19ee70dfb/nifi-nar-bundles/nifi-framework-bundle/nifi-framework/nifi-nar-utils/src/test/java/org/apache/nifi/nar/AbstractNativeLibHandlingClassLoaderTest.java:[66,8] [deprecation] initMocks(Object) in MockitoAnnotations has been deprecated
[INFO] 
[INFO] --- maven-compiler-plugin:3.8.1:testCompile (groovy-tests) @ nifi-nar-utils ---
[INFO] Changes detected - recompiling the module!
[INFO] Nothing to compile - all classes are up to date
[INFO] 
[INFO] --- maven-surefire-plugin:3.0.0-M8-SNAPSHOT:test (default-test) @ nifi-nar-utils ---
[INFO] Tests are skipped.
[INFO] 
[INFO] --- maven-jar-plugin:3.2.0:jar (default-jar) @ nifi-nar-utils ---
[INFO] Building jar: /home/srafi/after-cam-ready/compare_/compile_repair_output/work/aba19ee70dfb/nifi-nar-bundles/nifi-framework-bundle/nifi-framework/nifi-nar-utils/target/nifi-nar-utils-1.15.0-SNAPSHOT.jar
[INFO] 
[INFO] --- maven-site-plugin:3.7.1:attach-descriptor (attach-descriptor) @ nifi-nar-utils ---
[INFO] Skipping because packaging 'jar' is not pom.
[INFO] 
[INFO] --- maven-install-plugin:2.5.2:install (default-install) @ nifi-nar-utils ---
[INFO] Installing /home/srafi/after-cam-ready/compare_/compile_repair_output/work/aba19ee70dfb/nifi-nar-bundles/nifi-framework-bundle/nifi-framework/nifi-nar-utils/target/nifi-nar-utils-1.15.0-SNAPSHOT.jar to /home/srafi/.m2/repository/org/apache/nifi/nifi-nar-utils/1.15.0-SNAPSHOT/nifi-nar-utils-1.15.0-SNAPSHOT.jar
[INFO] Installing /home/srafi/after-cam-ready/compare_/compile_repair_output/work/aba19ee70dfb/nifi-nar-bundles/nifi-framework-bundle/nifi-framework/nifi-nar-utils/pom.xml to /home/srafi/.m2/repository/org/apache/nifi/nifi-nar-utils/1.15.0-SNAPSHOT/nifi-nar-utils-1.15.0-SNAPSHOT.pom
[INFO] 
[INFO] --------------< org.apache.nifi:nifi-framework-nar-utils >--------------
[INFO] Building nifi-framework-nar-utils 1.15.0-SNAPSHOT                [38/61]
[INFO] --------------------------------[ jar ]---------------------------------
[INFO] 
[INFO] --- maven-clean-plugin:3.1.0:clean (default-clean) @ nifi-framework-nar-utils ---
[INFO] 
[INFO] --- buildnumber-maven-plugin:1.4:create (default) @ nifi-framework-nar-utils ---
[INFO] 
[INFO] --- maven-remote-resources-plugin:1.7.0:process (process-resource-bundles) @ nifi-framework-nar-utils ---
[INFO] Preparing remote bundle org.apache:apache-jar-resource-bundle:1.4
[INFO] Copying 3 resources from 1 bundle.
[INFO] 
[INFO] --- maven-resources-plugin:3.1.0:resources (default-resources) @ nifi-framework-nar-utils ---
[INFO] Using 'UTF-8' encoding to copy filtered resources.
[INFO] skip non existing resourceDirectory /home/srafi/after-cam-ready/compare_/compile_repair_output/work/aba19ee70dfb/nifi-nar-bundles/nifi-framework-bundle/nifi-framework/nifi-framework-nar-utils/src/main/resources
[INFO] Copying 3 resources
[INFO] 
[INFO] --- maven-compiler-plugin:3.8.1:compile (default-compile) @ nifi-framework-nar-utils ---
[INFO] Changes detected - recompiling the module!
[INFO] Compiling 22 source files to /home/srafi/after-cam-ready/compare_/compile_repair_output/work/aba19ee70dfb/nifi-nar-bundles/nifi-framework-bundle/nifi-framework/nifi-framework-nar-utils/target/classes
[INFO] 
[INFO] --- maven-resources-plugin:3.1.0:testResources (default-testResources) @ nifi-framework-nar-utils ---
[INFO] Using 'UTF-8' encoding to copy filtered resources.
[INFO] Copying 7 resources
[INFO] Copying 3 resources
[INFO] 
[INFO] --- maven-compiler-plugin:3.8.1:testCompile (default-testCompile) @ nifi-framework-nar-utils ---
[INFO] Changes detected - recompiling the module!
[INFO] Compiling 3 source files to /home/srafi/after-cam-ready/compare_/compile_repair_output/work/aba19ee70dfb/nifi-nar-bundles/nifi-framework-bundle/nifi-framework/nifi-framework-nar-utils/target/test-classes
[INFO] 
[INFO] --- maven-compiler-plugin:3.8.1:testCompile (groovy-tests) @ nifi-framework-nar-utils ---
[INFO] Changes detected - recompiling the module!
[INFO] Nothing to compile - all classes are up to date
[INFO] 
[INFO] --- maven-surefire-plugin:3.0.0-M8-SNAPSHOT:test (default-test) @ nifi-framework-nar-utils ---
[INFO] Tests are skipped.
[INFO] 
[INFO] --- maven-jar-plugin:3.2.0:jar (default-jar) @ nifi-framework-nar-utils ---
[INFO] Building jar: /home/srafi/after-cam-ready/compare_/compile_repair_output/work/aba19ee70dfb/nifi-nar-bundles/nifi-framework-bundle/nifi-framework/nifi-framework-nar-utils/target/nifi-framework-nar-utils-1.15.0-SNAPSHOT.jar
[INFO] 
[INFO] --- maven-site-plugin:3.7.1:attach-descriptor (attach-descriptor) @ nifi-framework-nar-utils ---
[INFO] Skipping because packaging 'jar' is not pom.
[INFO] 
[INFO] --- maven-install-plugin:2.5.2:install (default-install) @ nifi-framework-nar-utils ---
[INFO] Installing /home/srafi/after-cam-ready/compare_/compile_repair_output/work/aba19ee70dfb/nifi-nar-bundles/nifi-framework-bundle/nifi-framework/nifi-framework-nar-utils/target/nifi-framework-nar-utils-1.15.0-SNAPSHOT.jar to /home/srafi/.m2/repository/org/apache/nifi/nifi-framework-nar-utils/1.15.0-SNAPSHOT/nifi-framework-nar-utils-1.15.0-SNAPSHOT.jar
[INFO] Installing /home/srafi/after-cam-ready/compare_/compile_repair_output/work/aba19ee70dfb/nifi-nar-bundles/nifi-framework-bundle/nifi-framework/nifi-framework-nar-utils/pom.xml to /home/srafi/.m2/repository/org/apache/nifi/nifi-framework-nar-utils/1.15.0-SNAPSHOT/nifi-framework-nar-utils-1.15.0-SNAPSHOT.pom
[INFO] 
[INFO] ----------------< org.apache.nifi:nifi-mock-authorizer >----------------
[INFO] Building nifi-mock-authorizer 1.15.0-SNAPSHOT                    [39/61]
[INFO] --------------------------------[ jar ]---------------------------------
[INFO] 
[INFO] --- maven-clean-plugin:3.1.0:clean (default-clean) @ nifi-mock-authorizer ---
[INFO] 
[INFO] --- buildnumber-maven-plugin:1.4:create (default) @ nifi-mock-authorizer ---
[INFO] 
[INFO] --- maven-remote-resources-plugin:1.7.0:process (process-resource-bundles) @ nifi-mock-authorizer ---
[INFO] Preparing remote bundle org.apache:apache-jar-resource-bundle:1.4
[INFO] Copying 3 resources from 1 bundle.
[INFO] 
[INFO] --- maven-resources-plugin:3.1.0:resources (default-resources) @ nifi-mock-authorizer ---
[INFO] Using 'UTF-8' encoding to copy filtered resources.
[INFO] skip non existing resourceDirectory /home/srafi/after-cam-ready/compare_/compile_repair_output/work/aba19ee70dfb/nifi-nar-bundles/nifi-framework-bundle/nifi-framework/nifi-mock-authorizer/src/main/resources
[INFO] Copying 3 resources
[INFO] 
[INFO] --- maven-compiler-plugin:3.8.1:compile (default-compile) @ nifi-mock-authorizer ---
[INFO] Changes detected - recompiling the module!
[INFO] Compiling 1 source file to /home/srafi/after-cam-ready/compare_/compile_repair_output/work/aba19ee70dfb/nifi-nar-bundles/nifi-framework-bundle/nifi-framework/nifi-mock-authorizer/target/classes
[INFO] 
[INFO] --- maven-resources-plugin:3.1.0:testResources (default-testResources) @ nifi-mock-authorizer ---
[INFO] Using 'UTF-8' encoding to copy filtered resources.
[INFO] skip non existing resourceDirectory /home/srafi/after-cam-ready/compare_/compile_repair_output/work/aba19ee70dfb/nifi-nar-bundles/nifi-framework-bundle/nifi-framework/nifi-mock-authorizer/src/test/resources
[INFO] Copying 3 resources
[INFO] 
[INFO] --- maven-compiler-plugin:3.8.1:testCompile (default-testCompile) @ nifi-mock-authorizer ---
[INFO] No sources to compile
[INFO] 
[INFO] --- maven-compiler-plugin:3.8.1:testCompile (groovy-tests) @ nifi-mock-authorizer ---
[INFO] No sources to compile
[INFO] 
[INFO] --- maven-surefire-plugin:3.0.0-M8-SNAPSHOT:test (default-test) @ nifi-mock-authorizer ---
[INFO] Tests are skipped.
[INFO] 
[INFO] --- maven-jar-plugin:3.2.0:jar (default-jar) @ nifi-mock-authorizer ---
[INFO] Building jar: /home/srafi/after-cam-ready/compare_/compile_repair_output/work/aba19ee70dfb/nifi-nar-bundles/nifi-framework-bundle/nifi-framework/nifi-mock-authorizer/target/nifi-mock-authorizer-1.15.0-SNAPSHOT.jar
[INFO] 
[INFO] --- maven-site-plugin:3.7.1:attach-descriptor (attach-descriptor) @ nifi-mock-authorizer ---
[INFO] Skipping because packaging 'jar' is not pom.
[INFO] 
[INFO] --- maven-install-plugin:2.5.2:install (default-install) @ nifi-mock-authorizer ---
[INFO] Installing /home/srafi/after-cam-ready/compare_/compile_repair_output/work/aba19ee70dfb/nifi-nar-bundles/nifi-framework-bundle/nifi-framework/nifi-mock-authorizer/target/nifi-mock-authorizer-1.15.0-SNAPSHOT.jar to /home/srafi/.m2/repository/org/apache/nifi/nifi-mock-authorizer/1.15.0-SNAPSHOT/nifi-mock-authorizer-1.15.0-SNAPSHOT.jar
[INFO] Installing /home/srafi/after-cam-ready/compare_/compile_repair_output/work/aba19ee70dfb/nifi-nar-bundles/nifi-framework-bundle/nifi-framework/nifi-mock-authorizer/pom.xml to /home/srafi/.m2/repository/org/apache/nifi/nifi-mock-authorizer/1.15.0-SNAPSHOT/nifi-mock-authorizer-1.15.0-SNAPSHOT.pom
[INFO] 
[INFO] ------------< org.apache.nifi:nifi-framework-authorization >------------
[INFO] Building nifi-framework-authorization 1.15.0-SNAPSHOT            [40/61]
[INFO] --------------------------------[ jar ]---------------------------------
[INFO] 
[INFO] --- maven-clean-plugin:3.1.0:clean (default-clean) @ nifi-framework-authorization ---
[INFO] 
[INFO] --- buildnumber-maven-plugin:1.4:create (default) @ nifi-framework-authorization ---
[INFO] 
[INFO] --- maven-remote-resources-plugin:1.7.0:process (process-resource-bundles) @ nifi-framework-authorization ---
[INFO] Preparing remote bundle org.apache:apache-jar-resource-bundle:1.4
[INFO] Copying 3 resources from 1 bundle.
[INFO] 
[INFO] --- maven-resources-plugin:3.1.0:resources (default-resources) @ nifi-framework-authorization ---
[INFO] Using 'UTF-8' encoding to copy filtered resources.
[INFO] skip non existing resourceDirectory /home/srafi/after-cam-ready/compare_/compile_repair_output/work/aba19ee70dfb/nifi-nar-bundles/nifi-framework-bundle/nifi-framework/nifi-framework-authorization/src/main/resources
[INFO] Copying 3 resources
[INFO] 
[INFO] --- maven-compiler-plugin:3.8.1:compile (default-compile) @ nifi-framework-authorization ---
[INFO] Changes detected - recompiling the module!
[INFO] Compiling 12 source files to /home/srafi/after-cam-ready/compare_/compile_repair_output/work/aba19ee70dfb/nifi-nar-bundles/nifi-framework-bundle/nifi-framework/nifi-framework-authorization/target/classes
[INFO] 
[INFO] --- maven-resources-plugin:3.1.0:testResources (default-testResources) @ nifi-framework-authorization ---
[INFO] Using 'UTF-8' encoding to copy filtered resources.
[INFO] skip non existing resourceDirectory /home/srafi/after-cam-ready/compare_/compile_repair_output/work/aba19ee70dfb/nifi-nar-bundles/nifi-framework-bundle/nifi-framework/nifi-framework-authorization/src/test/resources
[INFO] Copying 3 resources
[INFO] 
[INFO] --- maven-compiler-plugin:3.8.1:testCompile (default-testCompile) @ nifi-framework-authorization ---
[INFO] Changes detected - recompiling the module!
[INFO] Compiling 3 source files to /home/srafi/after-cam-ready/compare_/compile_repair_output/work/aba19ee70dfb/nifi-nar-bundles/nifi-framework-bundle/nifi-framework/nifi-framework-authorization/target/test-classes
[INFO] 
[INFO] --- maven-compiler-plugin:3.8.1:testCompile (groovy-tests) @ nifi-framework-authorization ---
[INFO] Changes detected - recompiling the module!
[INFO] Nothing to compile - all classes are up to date
[INFO] 
[INFO] --- maven-surefire-plugin:3.0.0-M8-SNAPSHOT:test (default-test) @ nifi-framework-authorization ---
[INFO] Tests are skipped.
[INFO] 
[INFO] --- maven-jar-plugin:3.2.0:jar (default-jar) @ nifi-framework-authorization ---
[INFO] Building jar: /home/srafi/after-cam-ready/compare_/compile_repair_output/work/aba19ee70dfb/nifi-nar-bundles/nifi-framework-bundle/nifi-framework/nifi-framework-authorization/target/nifi-framework-authorization-1.15.0-SNAPSHOT.jar
[INFO] 
[INFO] --- maven-site-plugin:3.7.1:attach-descriptor (attach-descriptor) @ nifi-framework-authorization ---
[INFO] Skipping because packaging 'jar' is not pom.
[INFO] 
[INFO] --- maven-install-plugin:2.5.2:install (default-install) @ nifi-framework-authorization ---
[INFO] Installing /home/srafi/after-cam-ready/compare_/compile_repair_output/work/aba19ee70dfb/nifi-nar-bundles/nifi-framework-bundle/nifi-framework/nifi-framework-authorization/target/nifi-framework-authorization-1.15.0-SNAPSHOT.jar to /home/srafi/.m2/repository/org/apache/nifi/nifi-framework-authorization/1.15.0-SNAPSHOT/nifi-framework-authorization-1.15.0-SNAPSHOT.jar
[INFO] Installing /home/srafi/after-cam-ready/compare_/compile_repair_output/work/aba19ee70dfb/nifi-nar-bundles/nifi-framework-bundle/nifi-framework/nifi-framework-authorization/pom.xml to /home/srafi/.m2/repository/org/apache/nifi/nifi-framework-authorization/1.15.0-SNAPSHOT/nifi-framework-authorization-1.15.0-SNAPSHOT.pom
[INFO] 
[INFO] -------< org.apache.nifi.registry:nifi-registry-security-utils >--------
[INFO] Building nifi-registry-security-utils 1.15.0-SNAPSHOT            [41/61]
[INFO] --------------------------------[ jar ]---------------------------------
[INFO] 
[INFO] --- maven-clean-plugin:3.1.0:clean (default-clean) @ nifi-registry-security-utils ---
[INFO] 
[INFO] --- maven-remote-resources-plugin:1.7.0:process (process-resource-bundles) @ nifi-registry-security-utils ---
[INFO] Preparing remote bundle org.apache:apache-jar-resource-bundle:1.4
[INFO] Copying 3 resources from 1 bundle.
[INFO] 
[INFO] --- maven-resources-plugin:2.7:resources (default-resources) @ nifi-registry-security-utils ---
[INFO] Using 'UTF-8' encoding to copy filtered resources.
[INFO] skip non existing resourceDirectory /home/srafi/after-cam-ready/compare_/compile_repair_output/work/aba19ee70dfb/nifi-registry/nifi-registry-core/nifi-registry-security-utils/src/main/resources
[INFO] Copying 3 resources
[INFO] 
[INFO] --- maven-compiler-plugin:3.8.1:compile (default-compile) @ nifi-registry-security-utils ---
[INFO] Changes detected - recompiling the module!
[INFO] Compiling 7 source files to /home/srafi/after-cam-ready/compare_/compile_repair_output/work/aba19ee70dfb/nifi-registry/nifi-registry-core/nifi-registry-security-utils/target/classes
[INFO] 
[INFO] --- maven-resources-plugin:2.7:testResources (default-testResources) @ nifi-registry-security-utils ---
[INFO] Using 'UTF-8' encoding to copy filtered resources.
[INFO] skip non existing resourceDirectory /home/srafi/after-cam-ready/compare_/compile_repair_output/work/aba19ee70dfb/nifi-registry/nifi-registry-core/nifi-registry-security-utils/src/test/resources
[INFO] Copying 3 resources
[INFO] 
[INFO] --- maven-compiler-plugin:3.8.1:testCompile (default-testCompile) @ nifi-registry-security-utils ---
[INFO] Changes detected - recompiling the module!
[INFO] Compiling 1 source file to /home/srafi/after-cam-ready/compare_/compile_repair_output/work/aba19ee70dfb/nifi-registry/nifi-registry-core/nifi-registry-security-utils/target/test-classes
[INFO] 
[INFO] --- maven-compiler-plugin:3.8.1:testCompile (groovy-tests) @ nifi-registry-security-utils ---
[INFO] Changes detected - recompiling the module!
[INFO] Using Groovy-Eclipse compiler to compile both Java and Groovy files
[INFO] Compiling in a forked process using /home/srafi/.m2/repository/org/codehaus/groovy/groovy-eclipse-batch/2.5.14-01/groovy-eclipse-batch-2.5.14-01.jar
[INFO] 
[INFO] --- maven-surefire-plugin:3.0.0-M8-SNAPSHOT:test (default-test) @ nifi-registry-security-utils ---
[INFO] Tests are skipped.
[INFO] 
[INFO] --- maven-jar-plugin:2.5:jar (default-jar) @ nifi-registry-security-utils ---
[INFO] Building jar: /home/srafi/after-cam-ready/compare_/compile_repair_output/work/aba19ee70dfb/nifi-registry/nifi-registry-core/nifi-registry-security-utils/target/nifi-registry-security-utils-1.15.0-SNAPSHOT.jar
[INFO] 
[INFO] --- maven-site-plugin:3.4:attach-descriptor (attach-descriptor) @ nifi-registry-security-utils ---
[INFO] 
[INFO] --- maven-install-plugin:2.5.2:install (default-install) @ nifi-registry-security-utils ---
[INFO] Installing /home/srafi/after-cam-ready/compare_/compile_repair_output/work/aba19ee70dfb/nifi-registry/nifi-registry-core/nifi-registry-security-utils/target/nifi-registry-security-utils-1.15.0-SNAPSHOT.jar to /home/srafi/.m2/repository/org/apache/nifi/registry/nifi-registry-security-utils/1.15.0-SNAPSHOT/nifi-registry-security-utils-1.15.0-SNAPSHOT.jar
[INFO] Installing /home/srafi/after-cam-ready/compare_/compile_repair_output/work/aba19ee70dfb/nifi-registry/nifi-registry-core/nifi-registry-security-utils/pom.xml to /home/srafi/.m2/repository/org/apache/nifi/registry/nifi-registry-security-utils/1.15.0-SNAPSHOT/nifi-registry-security-utils-1.15.0-SNAPSHOT.pom
[INFO] 
[INFO] -----------< org.apache.nifi.registry:nifi-registry-client >------------
[INFO] Building nifi-registry-client 1.15.0-SNAPSHOT                    [42/61]
[INFO] --------------------------------[ jar ]---------------------------------
[INFO] 
[INFO] --- maven-clean-plugin:3.1.0:clean (default-clean) @ nifi-registry-client ---
[INFO] 
[INFO] --- maven-remote-resources-plugin:1.7.0:process (process-resource-bundles) @ nifi-registry-client ---
[INFO] Preparing remote bundle org.apache:apache-jar-resource-bundle:1.4
[INFO] Copying 3 resources from 1 bundle.
[INFO] 
[INFO] --- maven-resources-plugin:2.7:resources (default-resources) @ nifi-registry-client ---
[INFO] Using 'UTF-8' encoding to copy filtered resources.
[INFO] skip non existing resourceDirectory /home/srafi/after-cam-ready/compare_/compile_repair_output/work/aba19ee70dfb/nifi-registry/nifi-registry-core/nifi-registry-client/src/main/resources
[INFO] Copying 3 resources
[INFO] 
[INFO] --- maven-compiler-plugin:3.8.1:compile (default-compile) @ nifi-registry-client ---
[INFO] Changes detected - recompiling the module!
[INFO] Compiling 36 source files to /home/srafi/after-cam-ready/compare_/compile_repair_output/work/aba19ee70dfb/nifi-registry/nifi-registry-core/nifi-registry-client/target/classes
[WARNING] /home/srafi/after-cam-ready/compare_/compile_repair_output/work/aba19ee70dfb/nifi-registry/nifi-registry-core/nifi-registry-client/src/main/java/org/apache/nifi/registry/client/impl/JerseyNiFiRegistryClient.java:[296,26] [deprecation] getPoliciesClient(String...) in NiFiRegistryClient has been deprecated
[WARNING] /home/srafi/after-cam-ready/compare_/compile_repair_output/work/aba19ee70dfb/nifi-registry/nifi-registry-core/nifi-registry-client/src/main/java/org/apache/nifi/registry/client/impl/JerseyNiFiRegistryClient.java:[280,25] [deprecation] getTenantsClient(String...) in NiFiRegistryClient has been deprecated
[WARNING] /home/srafi/after-cam-ready/compare_/compile_repair_output/work/aba19ee70dfb/nifi-registry/nifi-registry-core/nifi-registry-client/src/main/java/org/apache/nifi/registry/client/impl/JerseyNiFiRegistryClient.java:[264,27] [deprecation] getExtensionClient(String...) in NiFiRegistryClient has been deprecated
[WARNING] /home/srafi/after-cam-ready/compare_/compile_repair_output/work/aba19ee70dfb/nifi-registry/nifi-registry-core/nifi-registry-client/src/main/java/org/apache/nifi/registry/client/impl/JerseyNiFiRegistryClient.java:[248,31] [deprecation] getExtensionRepoClient(String...) in NiFiRegistryClient has been deprecated
[WARNING] /home/srafi/after-cam-ready/compare_/compile_repair_output/work/aba19ee70dfb/nifi-registry/nifi-registry-core/nifi-registry-client/src/main/java/org/apache/nifi/registry/client/impl/JerseyNiFiRegistryClient.java:[232,31] [deprecation] getBundleVersionClient(String...) in NiFiRegistryClient has been deprecated
[WARNING] /home/srafi/after-cam-ready/compare_/compile_repair_output/work/aba19ee70dfb/nifi-registry/nifi-registry-core/nifi-registry-client/src/main/java/org/apache/nifi/registry/client/impl/JerseyNiFiRegistryClient.java:[216,24] [deprecation] getBundleClient(String...) in NiFiRegistryClient has been deprecated
[WARNING] /home/srafi/after-cam-ready/compare_/compile_repair_output/work/aba19ee70dfb/nifi-registry/nifi-registry-core/nifi-registry-client/src/main/java/org/apache/nifi/registry/client/impl/JerseyNiFiRegistryClient.java:[200,22] [deprecation] getUserClient(String...) in NiFiRegistryClient has been deprecated
[WARNING] /home/srafi/after-cam-ready/compare_/compile_repair_output/work/aba19ee70dfb/nifi-registry/nifi-registry-core/nifi-registry-client/src/main/java/org/apache/nifi/registry/client/impl/JerseyNiFiRegistryClient.java:[184,23] [deprecation] getItemsClient(String...) in NiFiRegistryClient has been deprecated
[WARNING] /home/srafi/after-cam-ready/compare_/compile_repair_output/work/aba19ee70dfb/nifi-registry/nifi-registry-core/nifi-registry-client/src/main/java/org/apache/nifi/registry/client/impl/JerseyNiFiRegistryClient.java:[168,30] [deprecation] getFlowSnapshotClient(String...) in NiFiRegistryClient has been deprecated
[WARNING] /home/srafi/after-cam-ready/compare_/compile_repair_output/work/aba19ee70dfb/nifi-registry/nifi-registry-core/nifi-registry-client/src/main/java/org/apache/nifi/registry/client/impl/JerseyNiFiRegistryClient.java:[152,22] [deprecation] getFlowClient(String...) in NiFiRegistryClient has been deprecated
[WARNING] /home/srafi/after-cam-ready/compare_/compile_repair_output/work/aba19ee70dfb/nifi-registry/nifi-registry-core/nifi-registry-client/src/main/java/org/apache/nifi/registry/client/impl/JerseyNiFiRegistryClient.java:[136,24] [deprecation] getBucketClient(String...) in NiFiRegistryClient has been deprecated
[WARNING] /home/srafi/after-cam-ready/compare_/compile_repair_output/work/aba19ee70dfb/nifi-registry/nifi-registry-core/nifi-registry-client/src/main/java/org/apache/nifi/registry/client/impl/JerseyNiFiRegistryClient.java:[351,14] [deprecation] setPropertyInclusion(Value) in ObjectMapper has been deprecated
[INFO] 
[INFO] --- maven-resources-plugin:2.7:testResources (default-testResources) @ nifi-registry-client ---
[INFO] Using 'UTF-8' encoding to copy filtered resources.
[INFO] skip non existing resourceDirectory /home/srafi/after-cam-ready/compare_/compile_repair_output/work/aba19ee70dfb/nifi-registry/nifi-registry-core/nifi-registry-client/src/test/resources
[INFO] Copying 3 resources
[INFO] 
[INFO] --- maven-compiler-plugin:3.8.1:testCompile (default-testCompile) @ nifi-registry-client ---
[INFO] Changes detected - recompiling the module!
[INFO] Compiling 3 source files to /home/srafi/after-cam-ready/compare_/compile_repair_output/work/aba19ee70dfb/nifi-registry/nifi-registry-core/nifi-registry-client/target/test-classes
[INFO] 
[INFO] --- maven-compiler-plugin:3.8.1:testCompile (groovy-tests) @ nifi-registry-client ---
[INFO] Changes detected - recompiling the module!
[INFO] Nothing to compile - all classes are up to date
[INFO] 
[INFO] --- maven-surefire-plugin:3.0.0-M8-SNAPSHOT:test (default-test) @ nifi-registry-client ---
[INFO] Tests are skipped.
[INFO] 
[INFO] --- maven-jar-plugin:2.5:jar (default-jar) @ nifi-registry-client ---
[INFO] Building jar: /home/srafi/after-cam-ready/compare_/compile_repair_output/work/aba19ee70dfb/nifi-registry/nifi-registry-core/nifi-registry-client/target/nifi-registry-client-1.15.0-SNAPSHOT.jar
[INFO] 
[INFO] --- maven-site-plugin:3.4:attach-descriptor (attach-descriptor) @ nifi-registry-client ---
[INFO] 
[INFO] --- maven-install-plugin:2.5.2:install (default-install) @ nifi-registry-client ---
[INFO] Installing /home/srafi/after-cam-ready/compare_/compile_repair_output/work/aba19ee70dfb/nifi-registry/nifi-registry-core/nifi-registry-client/target/nifi-registry-client-1.15.0-SNAPSHOT.jar to /home/srafi/.m2/repository/org/apache/nifi/registry/nifi-registry-client/1.15.0-SNAPSHOT/nifi-registry-client-1.15.0-SNAPSHOT.jar
[INFO] Installing /home/srafi/after-cam-ready/compare_/compile_repair_output/work/aba19ee70dfb/nifi-registry/nifi-registry-core/nifi-registry-client/pom.xml to /home/srafi/.m2/repository/org/apache/nifi/registry/nifi-registry-client/1.15.0-SNAPSHOT/nifi-registry-client-1.15.0-SNAPSHOT.pom
[INFO] 
[INFO] --------------< org.apache.nifi:nifi-framework-core-api >---------------
[INFO] Building nifi-framework-core-api 1.15.0-SNAPSHOT                 [43/61]
[INFO] --------------------------------[ jar ]---------------------------------
[INFO] 
[INFO] --- maven-clean-plugin:3.1.0:clean (default-clean) @ nifi-framework-core-api ---
[INFO] 
[INFO] --- buildnumber-maven-plugin:1.4:create (default) @ nifi-framework-core-api ---
[INFO] 
[INFO] --- maven-remote-resources-plugin:1.7.0:process (process-resource-bundles) @ nifi-framework-core-api ---
[INFO] Preparing remote bundle org.apache:apache-jar-resource-bundle:1.4
[INFO] Copying 3 resources from 1 bundle.
[INFO] 
[INFO] --- maven-resources-plugin:3.1.0:resources (default-resources) @ nifi-framework-core-api ---
[INFO] Using 'UTF-8' encoding to copy filtered resources.
[INFO] skip non existing resourceDirectory /home/srafi/after-cam-ready/compare_/compile_repair_output/work/aba19ee70dfb/nifi-nar-bundles/nifi-framework-bundle/nifi-framework/nifi-framework-core-api/src/main/resources
[INFO] Copying 3 resources
[INFO] 
[INFO] --- maven-compiler-plugin:3.8.1:compile (default-compile) @ nifi-framework-core-api ---
[INFO] Changes detected - recompiling the module!
[INFO] Compiling 121 source files to /home/srafi/after-cam-ready/compare_/compile_repair_output/work/aba19ee70dfb/nifi-nar-bundles/nifi-framework-bundle/nifi-framework/nifi-framework-core-api/target/classes
[WARNING] /home/srafi/after-cam-ready/compare_/compile_repair_output/work/aba19ee70dfb/nifi-nar-bundles/nifi-framework-bundle/nifi-framework/nifi-framework-core-api/src/main/java/org/apache/nifi/util/CharacterFilterUtils.java:[20,46] [deprecation] AggregateTranslator in org.apache.commons.lang3.text.translate has been deprecated
[WARNING] /home/srafi/after-cam-ready/compare_/compile_repair_output/work/aba19ee70dfb/nifi-nar-bundles/nifi-framework-bundle/nifi-framework/nifi-framework-core-api/src/main/java/org/apache/nifi/util/CharacterFilterUtils.java:[21,46] [deprecation] CharSequenceTranslator in org.apache.commons.lang3.text.translate has been deprecated
[WARNING] /home/srafi/after-cam-ready/compare_/compile_repair_output/work/aba19ee70dfb/nifi-nar-bundles/nifi-framework-bundle/nifi-framework/nifi-framework-core-api/src/main/java/org/apache/nifi/util/CharacterFilterUtils.java:[22,46] [deprecation] LookupTranslator in org.apache.commons.lang3.text.translate has been deprecated
[WARNING] /home/srafi/after-cam-ready/compare_/compile_repair_output/work/aba19ee70dfb/nifi-nar-bundles/nifi-framework-bundle/nifi-framework/nifi-framework-core-api/src/main/java/org/apache/nifi/util/CharacterFilterUtils.java:[23,46] [deprecation] UnicodeUnpairedSurrogateRemover in org.apache.commons.lang3.text.translate has been deprecated
[WARNING] /home/srafi/after-cam-ready/compare_/compile_repair_output/work/aba19ee70dfb/nifi-nar-bundles/nifi-framework-bundle/nifi-framework/nifi-framework-core-api/src/main/java/org/apache/nifi/controller/AbstractPort.java:[459,44] [deprecation] getTimeDuration(String,TimeUnit) in FormatUtils has been deprecated
[WARNING] /home/srafi/after-cam-ready/compare_/compile_repair_output/work/aba19ee70dfb/nifi-nar-bundles/nifi-framework-bundle/nifi-framework/nifi-framework-core-api/src/main/java/org/apache/nifi/controller/AbstractPort.java:[468,48] [deprecation] getTimeDuration(String,TimeUnit) in FormatUtils has been deprecated
[WARNING] /home/srafi/after-cam-ready/compare_/compile_repair_output/work/aba19ee70dfb/nifi-nar-bundles/nifi-framework-bundle/nifi-framework/nifi-framework-core-api/src/main/java/org/apache/nifi/controller/AbstractPort.java:[479,26] [deprecation] getTimeDuration(String,TimeUnit) in FormatUtils has been deprecated
[WARNING] /home/srafi/after-cam-ready/compare_/compile_repair_output/work/aba19ee70dfb/nifi-nar-bundles/nifi-framework-bundle/nifi-framework/nifi-framework-core-api/src/main/java/org/apache/nifi/controller/AbstractPort.java:[526,26] [deprecation] getTimeDuration(String,TimeUnit) in FormatUtils has been deprecated
[WARNING] /home/srafi/after-cam-ready/compare_/compile_repair_output/work/aba19ee70dfb/nifi-nar-bundles/nifi-framework-bundle/nifi-framework/nifi-framework-core-api/src/main/java/org/apache/nifi/util/CharacterFilterUtils.java:[40,25] [deprecation] CharSequenceTranslator in org.apache.commons.lang3.text.translate has been deprecated
[WARNING] /home/srafi/after-cam-ready/compare_/compile_repair_output/work/aba19ee70dfb/nifi-nar-bundles/nifi-framework-bundle/nifi-framework/nifi-framework-core-api/src/main/java/org/apache/nifi/util/CharacterFilterUtils.java:[40,83] [deprecation] AggregateTranslator in org.apache.commons.lang3.text.translate has been deprecated
[WARNING] /home/srafi/after-cam-ready/compare_/compile_repair_output/work/aba19ee70dfb/nifi-nar-bundles/nifi-framework-bundle/nifi-framework/nifi-framework-core-api/src/main/java/org/apache/nifi/util/CharacterFilterUtils.java:[41,16] [deprecation] LookupTranslator in org.apache.commons.lang3.text.translate has been deprecated
[WARNING] /home/srafi/after-cam-ready/compare_/compile_repair_output/work/aba19ee70dfb/nifi-nar-bundles/nifi-framework-bundle/nifi-framework/nifi-framework-core-api/src/main/java/org/apache/nifi/util/CharacterFilterUtils.java:[42,16] [deprecation] UnicodeUnpairedSurrogateRemover in org.apache.commons.lang3.text.translate has been deprecated
[WARNING] /home/srafi/after-cam-ready/compare_/compile_repair_output/work/aba19ee70dfb/nifi-nar-bundles/nifi-framework-bundle/nifi-framework/nifi-framework-core-api/src/main/java/org/apache/nifi/controller/StandardFunnel.java:[436,44] [deprecation] getTimeDuration(String,TimeUnit) in FormatUtils has been deprecated
[WARNING] /home/srafi/after-cam-ready/compare_/compile_repair_output/work/aba19ee70dfb/nifi-nar-bundles/nifi-framework-bundle/nifi-framework/nifi-framework-core-api/src/main/java/org/apache/nifi/controller/StandardFunnel.java:[445,48] [deprecation] getTimeDuration(String,TimeUnit) in FormatUtils has been deprecated
[WARNING] /home/srafi/after-cam-ready/compare_/compile_repair_output/work/aba19ee70dfb/nifi-nar-bundles/nifi-framework-bundle/nifi-framework/nifi-framework-core-api/src/main/java/org/apache/nifi/controller/StandardFunnel.java:[456,26] [deprecation] getTimeDuration(String,TimeUnit) in FormatUtils has been deprecated
[WARNING] /home/srafi/after-cam-ready/compare_/compile_repair_output/work/aba19ee70dfb/nifi-nar-bundles/nifi-framework-bundle/nifi-framework/nifi-framework-core-api/src/main/java/org/apache/nifi/controller/StandardFunnel.java:[504,26] [deprecation] getTimeDuration(String,TimeUnit) in FormatUtils has been deprecated
[INFO] 
[INFO] --- maven-resources-plugin:3.1.0:testResources (default-testResources) @ nifi-framework-core-api ---
[INFO] Using 'UTF-8' encoding to copy filtered resources.
[INFO] skip non existing resourceDirectory /home/srafi/after-cam-ready/compare_/compile_repair_output/work/aba19ee70dfb/nifi-nar-bundles/nifi-framework-bundle/nifi-framework/nifi-framework-core-api/src/test/resources
[INFO] Copying 3 resources
[INFO] 
[INFO] --- maven-compiler-plugin:3.8.1:testCompile (default-testCompile) @ nifi-framework-core-api ---
[INFO] Changes detected - recompiling the module!
[INFO] Compiling 5 source files to /home/srafi/after-cam-ready/compare_/compile_repair_output/work/aba19ee70dfb/nifi-nar-bundles/nifi-framework-bundle/nifi-framework/nifi-framework-core-api/target/test-classes
[INFO] 
[INFO] --- maven-compiler-plugin:3.8.1:testCompile (groovy-tests) @ nifi-framework-core-api ---
[INFO] Changes detected - recompiling the module!
[INFO] Nothing to compile - all classes are up to date
[INFO] 
[INFO] --- maven-surefire-plugin:3.0.0-M8-SNAPSHOT:test (default-test) @ nifi-framework-core-api ---
[INFO] Tests are skipped.
[INFO] 
[INFO] --- maven-jar-plugin:3.2.0:jar (default-jar) @ nifi-framework-core-api ---
[INFO] Building jar: /home/srafi/after-cam-ready/compare_/compile_repair_output/work/aba19ee70dfb/nifi-nar-bundles/nifi-framework-bundle/nifi-framework/nifi-framework-core-api/target/nifi-framework-core-api-1.15.0-SNAPSHOT.jar
[INFO] 
[INFO] --- maven-site-plugin:3.7.1:attach-descriptor (attach-descriptor) @ nifi-framework-core-api ---
[INFO] Skipping because packaging 'jar' is not pom.
[INFO] 
[INFO] --- maven-install-plugin:2.5.2:install (default-install) @ nifi-framework-core-api ---
[INFO] Installing /home/srafi/after-cam-ready/compare_/compile_repair_output/work/aba19ee70dfb/nifi-nar-bundles/nifi-framework-bundle/nifi-framework/nifi-framework-core-api/target/nifi-framework-core-api-1.15.0-SNAPSHOT.jar to /home/srafi/.m2/repository/org/apache/nifi/nifi-framework-core-api/1.15.0-SNAPSHOT/nifi-framework-core-api-1.15.0-SNAPSHOT.jar
[INFO] Installing /home/srafi/after-cam-ready/compare_/compile_repair_output/work/aba19ee70dfb/nifi-nar-bundles/nifi-framework-bundle/nifi-framework/nifi-framework-core-api/pom.xml to /home/srafi/.m2/repository/org/apache/nifi/nifi-framework-core-api/1.15.0-SNAPSHOT/nifi-framework-core-api-1.15.0-SNAPSHOT.pom
[INFO] 
[INFO] ---------------------< org.apache.nifi:nifi-mock >----------------------
[INFO] Building nifi-mock 1.15.0-SNAPSHOT                               [44/61]
[INFO] --------------------------------[ jar ]---------------------------------
[INFO] 
[INFO] --- maven-clean-plugin:3.1.0:clean (default-clean) @ nifi-mock ---
[INFO] 
[INFO] --- maven-remote-resources-plugin:1.7.0:process (process-resource-bundles) @ nifi-mock ---
[INFO] Preparing remote bundle org.apache:apache-jar-resource-bundle:1.4
[INFO] Copying 3 resources from 1 bundle.
[INFO] 
[INFO] --- maven-resources-plugin:3.1.0:resources (default-resources) @ nifi-mock ---
[INFO] Using 'UTF-8' encoding to copy filtered resources.
[INFO] Copying 1 resource
[INFO] Copying 3 resources
[INFO] 
[INFO] --- maven-compiler-plugin:3.8.1:compile (default-compile) @ nifi-mock ---
[INFO] Changes detected - recompiling the module!
[INFO] Compiling 39 source files to /home/srafi/after-cam-ready/compare_/compile_repair_output/work/aba19ee70dfb/nifi-mock/target/classes
[INFO] 
[INFO] --- maven-resources-plugin:3.1.0:testResources (default-testResources) @ nifi-mock ---
[INFO] Using 'UTF-8' encoding to copy filtered resources.
[INFO] skip non existing resourceDirectory /home/srafi/after-cam-ready/compare_/compile_repair_output/work/aba19ee70dfb/nifi-mock/src/test/resources
[INFO] Copying 3 resources
[INFO] 
[INFO] --- maven-compiler-plugin:3.8.1:testCompile (default-testCompile) @ nifi-mock ---
[INFO] Changes detected - recompiling the module!
[INFO] Compiling 4 source files to /home/srafi/after-cam-ready/compare_/compile_repair_output/work/aba19ee70dfb/nifi-mock/target/test-classes
[INFO] 
[INFO] --- maven-compiler-plugin:3.8.1:testCompile (groovy-tests) @ nifi-mock ---
[INFO] Changes detected - recompiling the module!
[INFO] Nothing to compile - all classes are up to date
[INFO] 
[INFO] --- maven-surefire-plugin:3.0.0-M8-SNAPSHOT:test (default-test) @ nifi-mock ---
[INFO] Tests are skipped.
[INFO] 
[INFO] --- maven-jar-plugin:3.2.0:jar (default-jar) @ nifi-mock ---
[INFO] Building jar: /home/srafi/after-cam-ready/compare_/compile_repair_output/work/aba19ee70dfb/nifi-mock/target/nifi-mock-1.15.0-SNAPSHOT.jar
[INFO] 
[INFO] --- maven-site-plugin:3.7.1:attach-descriptor (attach-descriptor) @ nifi-mock ---
[INFO] Skipping because packaging 'jar' is not pom.
[INFO] 
[INFO] --- maven-install-plugin:2.5.2:install (default-install) @ nifi-mock ---
[INFO] Installing /home/srafi/after-cam-ready/compare_/compile_repair_output/work/aba19ee70dfb/nifi-mock/target/nifi-mock-1.15.0-SNAPSHOT.jar to /home/srafi/.m2/repository/org/apache/nifi/nifi-mock/1.15.0-SNAPSHOT/nifi-mock-1.15.0-SNAPSHOT.jar
[INFO] Installing /home/srafi/after-cam-ready/compare_/compile_repair_output/work/aba19ee70dfb/nifi-mock/pom.xml to /home/srafi/.m2/repository/org/apache/nifi/nifi-mock/1.15.0-SNAPSHOT/nifi-mock-1.15.0-SNAPSHOT.pom
[INFO] 
[INFO] -----------------< org.apache.nifi:nifi-site-to-site >------------------
[INFO] Building nifi-site-to-site 1.15.0-SNAPSHOT                       [45/61]
[INFO] --------------------------------[ jar ]---------------------------------
[INFO] 
[INFO] --- maven-clean-plugin:3.1.0:clean (default-clean) @ nifi-site-to-site ---
[INFO] 
[INFO] --- buildnumber-maven-plugin:1.4:create (default) @ nifi-site-to-site ---
[INFO] 
[INFO] --- maven-remote-resources-plugin:1.7.0:process (process-resource-bundles) @ nifi-site-to-site ---
[INFO] Preparing remote bundle org.apache:apache-jar-resource-bundle:1.4
[INFO] Copying 3 resources from 1 bundle.
[INFO] 
[INFO] --- maven-resources-plugin:3.1.0:resources (default-resources) @ nifi-site-to-site ---
[INFO] Using 'UTF-8' encoding to copy filtered resources.
[INFO] Copying 3 resources
[INFO] Copying 3 resources
[INFO] 
[INFO] --- maven-compiler-plugin:3.8.1:compile (default-compile) @ nifi-site-to-site ---
[INFO] Changes detected - recompiling the module!
[INFO] Compiling 16 source files to /home/srafi/after-cam-ready/compare_/compile_repair_output/work/aba19ee70dfb/nifi-nar-bundles/nifi-framework-bundle/nifi-framework/nifi-site-to-site/target/classes
[WARNING] /home/srafi/after-cam-ready/compare_/compile_repair_output/work/aba19ee70dfb/nifi-nar-bundles/nifi-framework-bundle/nifi-framework/nifi-site-to-site/src/main/java/org/apache/nifi/remote/protocol/http/StandardHttpFlowFileServerProtocol.java:[36,32] [deprecation] ByteArrayInputStream in org.apache.nifi.stream.io has been deprecated
[WARNING] /home/srafi/after-cam-ready/compare_/compile_repair_output/work/aba19ee70dfb/nifi-nar-bundles/nifi-framework-bundle/nifi-framework/nifi-site-to-site/src/main/java/org/apache/nifi/remote/protocol/http/StandardHttpFlowFileServerProtocol.java:[37,32] [deprecation] ByteArrayOutputStream in org.apache.nifi.stream.io has been deprecated
[WARNING] /home/srafi/after-cam-ready/compare_/compile_repair_output/work/aba19ee70dfb/nifi-nar-bundles/nifi-framework-bundle/nifi-framework/nifi-site-to-site/src/main/java/org/apache/nifi/remote/StandardRemoteGroupPort.java:[161,51] [deprecation] getTimeDuration(String,TimeUnit) in FormatUtils has been deprecated
[WARNING] /home/srafi/after-cam-ready/compare_/compile_repair_output/work/aba19ee70dfb/nifi-nar-bundles/nifi-framework-bundle/nifi-framework/nifi-site-to-site/src/main/java/org/apache/nifi/remote/StandardRemoteGroupPort.java:[188,58] [deprecation] getTimeDuration(String,TimeUnit) in FormatUtils has been deprecated
[WARNING] /home/srafi/after-cam-ready/compare_/compile_repair_output/work/aba19ee70dfb/nifi-nar-bundles/nifi-framework-bundle/nifi-framework/nifi-site-to-site/src/main/java/org/apache/nifi/remote/protocol/http/StandardHttpFlowFileServerProtocol.java:[140,8] [deprecation] ByteArrayOutputStream in org.apache.nifi.stream.io has been deprecated
[WARNING] /home/srafi/after-cam-ready/compare_/compile_repair_output/work/aba19ee70dfb/nifi-nar-bundles/nifi-framework-bundle/nifi-framework/nifi-site-to-site/src/main/java/org/apache/nifi/remote/protocol/http/StandardHttpFlowFileServerProtocol.java:[140,40] [deprecation] ByteArrayOutputStream in org.apache.nifi.stream.io has been deprecated
[WARNING] /home/srafi/after-cam-ready/compare_/compile_repair_output/work/aba19ee70dfb/nifi-nar-bundles/nifi-framework-bundle/nifi-framework/nifi-site-to-site/src/main/java/org/apache/nifi/remote/protocol/http/StandardHttpFlowFileServerProtocol.java:[174,8] [deprecation] ByteArrayInputStream in org.apache.nifi.stream.io has been deprecated
[WARNING] /home/srafi/after-cam-ready/compare_/compile_repair_output/work/aba19ee70dfb/nifi-nar-bundles/nifi-framework-bundle/nifi-framework/nifi-site-to-site/src/main/java/org/apache/nifi/remote/protocol/http/StandardHttpFlowFileServerProtocol.java:[174,39] [deprecation] ByteArrayInputStream in org.apache.nifi.stream.io has been deprecated
[WARNING] /home/srafi/after-cam-ready/compare_/compile_repair_output/work/aba19ee70dfb/nifi-nar-bundles/nifi-framework-bundle/nifi-framework/nifi-site-to-site/src/main/java/org/apache/nifi/remote/HttpRemoteSiteListener.java:[66,40] [deprecation] getTimeDuration(String,TimeUnit) in FormatUtils has been deprecated
[WARNING] /home/srafi/after-cam-ready/compare_/compile_repair_output/work/aba19ee70dfb/nifi-nar-bundles/nifi-framework-bundle/nifi-framework/nifi-site-to-site/src/main/java/org/apache/nifi/remote/HttpRemoteSiteListener.java:[68,40] [deprecation] getTimeDuration(String,TimeUnit) in FormatUtils has been deprecated
[INFO] 
[INFO] --- maven-resources-plugin:3.1.0:testResources (default-testResources) @ nifi-site-to-site ---
[INFO] Using 'UTF-8' encoding to copy filtered resources.
[INFO] Copying 4 resources
[INFO] Copying 3 resources
[INFO] 
[INFO] --- maven-compiler-plugin:3.8.1:testCompile (default-testCompile) @ nifi-site-to-site ---
[INFO] Changes detected - recompiling the module!
[INFO] Compiling 9 source files to /home/srafi/after-cam-ready/compare_/compile_repair_output/work/aba19ee70dfb/nifi-nar-bundles/nifi-framework-bundle/nifi-framework/nifi-site-to-site/target/test-classes
[WARNING] /home/srafi/after-cam-ready/compare_/compile_repair_output/work/aba19ee70dfb/nifi-nar-bundles/nifi-framework-bundle/nifi-framework/nifi-site-to-site/src/test/java/org/apache/nifi/remote/TestStandardRemoteGroupPort.java:[62,25] [deprecation] Matchers in org.mockito has been deprecated
[INFO] 
[INFO] --- maven-compiler-plugin:3.8.1:testCompile (groovy-tests) @ nifi-site-to-site ---
[INFO] Changes detected - recompiling the module!
[INFO] Using Groovy-Eclipse compiler to compile both Java and Groovy files
[INFO] Compiling in a forked process using /home/srafi/.m2/repository/org/codehaus/groovy/groovy-eclipse-batch/2.5.14-01/groovy-eclipse-batch-2.5.14-01.jar
[INFO] 
[INFO] --- maven-surefire-plugin:3.0.0-M8-SNAPSHOT:test (default-test) @ nifi-site-to-site ---
[INFO] Tests are skipped.
[INFO] 
[INFO] --- maven-jar-plugin:3.2.0:jar (default-jar) @ nifi-site-to-site ---
[INFO] Building jar: /home/srafi/after-cam-ready/compare_/compile_repair_output/work/aba19ee70dfb/nifi-nar-bundles/nifi-framework-bundle/nifi-framework/nifi-site-to-site/target/nifi-site-to-site-1.15.0-SNAPSHOT.jar
[INFO] 
[INFO] --- maven-site-plugin:3.7.1:attach-descriptor (attach-descriptor) @ nifi-site-to-site ---
[INFO] Skipping because packaging 'jar' is not pom.
[INFO] 
[INFO] --- maven-install-plugin:2.5.2:install (default-install) @ nifi-site-to-site ---
[INFO] Installing /home/srafi/after-cam-ready/compare_/compile_repair_output/work/aba19ee70dfb/nifi-nar-bundles/nifi-framework-bundle/nifi-framework/nifi-site-to-site/target/nifi-site-to-site-1.15.0-SNAPSHOT.jar to /home/srafi/.m2/repository/org/apache/nifi/nifi-site-to-site/1.15.0-SNAPSHOT/nifi-site-to-site-1.15.0-SNAPSHOT.jar
[INFO] Installing /home/srafi/after-cam-ready/compare_/compile_repair_output/work/aba19ee70dfb/nifi-nar-bundles/nifi-framework-bundle/nifi-framework/nifi-site-to-site/pom.xml to /home/srafi/.m2/repository/org/apache/nifi/nifi-site-to-site/1.15.0-SNAPSHOT/nifi-site-to-site-1.15.0-SNAPSHOT.pom
[INFO] 
[INFO] ---------------< org.apache.nifi:nifi-repository-models >---------------
[INFO] Building nifi-repository-models 1.15.0-SNAPSHOT                  [46/61]
[INFO] --------------------------------[ jar ]---------------------------------
[INFO] 
[INFO] --- maven-clean-plugin:3.1.0:clean (default-clean) @ nifi-repository-models ---
[INFO] 
[INFO] --- buildnumber-maven-plugin:1.4:create (default) @ nifi-repository-models ---
[INFO] 
[INFO] --- maven-remote-resources-plugin:1.7.0:process (process-resource-bundles) @ nifi-repository-models ---
[INFO] Preparing remote bundle org.apache:apache-jar-resource-bundle:1.4
[INFO] Copying 3 resources from 1 bundle.
[INFO] 
[INFO] --- maven-resources-plugin:3.1.0:resources (default-resources) @ nifi-repository-models ---
[INFO] Using 'UTF-8' encoding to copy filtered resources.
[INFO] skip non existing resourceDirectory /home/srafi/after-cam-ready/compare_/compile_repair_output/work/aba19ee70dfb/nifi-nar-bundles/nifi-framework-bundle/nifi-framework/nifi-repository-models/src/main/resources
[INFO] Copying 3 resources
[INFO] 
[INFO] --- maven-compiler-plugin:3.8.1:compile (default-compile) @ nifi-repository-models ---
[INFO] Changes detected - recompiling the module!
[INFO] Compiling 5 source files to /home/srafi/after-cam-ready/compare_/compile_repair_output/work/aba19ee70dfb/nifi-nar-bundles/nifi-framework-bundle/nifi-framework/nifi-repository-models/target/classes
[INFO] 
[INFO] --- maven-resources-plugin:3.1.0:testResources (default-testResources) @ nifi-repository-models ---
[INFO] Using 'UTF-8' encoding to copy filtered resources.
[INFO] skip non existing resourceDirectory /home/srafi/after-cam-ready/compare_/compile_repair_output/work/aba19ee70dfb/nifi-nar-bundles/nifi-framework-bundle/nifi-framework/nifi-repository-models/src/test/resources
[INFO] Copying 3 resources
[INFO] 
[INFO] --- maven-compiler-plugin:3.8.1:testCompile (default-testCompile) @ nifi-repository-models ---
[INFO] Changes detected - recompiling the module!
[INFO] Compiling 2 source files to /home/srafi/after-cam-ready/compare_/compile_repair_output/work/aba19ee70dfb/nifi-nar-bundles/nifi-framework-bundle/nifi-framework/nifi-repository-models/target/test-classes
[INFO] 
[INFO] --- maven-compiler-plugin:3.8.1:testCompile (groovy-tests) @ nifi-repository-models ---
[INFO] Changes detected - recompiling the module!
[INFO] Nothing to compile - all classes are up to date
[INFO] 
[INFO] --- maven-surefire-plugin:3.0.0-M8-SNAPSHOT:test (default-test) @ nifi-repository-models ---
[INFO] Tests are skipped.
[INFO] 
[INFO] --- maven-jar-plugin:3.2.0:jar (default-jar) @ nifi-repository-models ---
[INFO] Building jar: /home/srafi/after-cam-ready/compare_/compile_repair_output/work/aba19ee70dfb/nifi-nar-bundles/nifi-framework-bundle/nifi-framework/nifi-repository-models/target/nifi-repository-models-1.15.0-SNAPSHOT.jar
[INFO] 
[INFO] --- maven-site-plugin:3.7.1:attach-descriptor (attach-descriptor) @ nifi-repository-models ---
[INFO] Skipping because packaging 'jar' is not pom.
[INFO] 
[INFO] --- maven-install-plugin:2.5.2:install (default-install) @ nifi-repository-models ---
[INFO] Installing /home/srafi/after-cam-ready/compare_/compile_repair_output/work/aba19ee70dfb/nifi-nar-bundles/nifi-framework-bundle/nifi-framework/nifi-repository-models/target/nifi-repository-models-1.15.0-SNAPSHOT.jar to /home/srafi/.m2/repository/org/apache/nifi/nifi-repository-models/1.15.0-SNAPSHOT/nifi-repository-models-1.15.0-SNAPSHOT.jar
[INFO] Installing /home/srafi/after-cam-ready/compare_/compile_repair_output/work/aba19ee70dfb/nifi-nar-bundles/nifi-framework-bundle/nifi-framework/nifi-repository-models/pom.xml to /home/srafi/.m2/repository/org/apache/nifi/nifi-repository-models/1.15.0-SNAPSHOT/nifi-repository-models-1.15.0-SNAPSHOT.pom
[INFO] 
[INFO] ----------< org.apache.nifi:nifi-flowfile-repo-serialization >----------
[INFO] Building nifi-flowfile-repo-serialization 1.15.0-SNAPSHOT        [47/61]
[INFO] --------------------------------[ jar ]---------------------------------
[INFO] 
[INFO] --- maven-clean-plugin:3.1.0:clean (default-clean) @ nifi-flowfile-repo-serialization ---
[INFO] 
[INFO] --- buildnumber-maven-plugin:1.4:create (default) @ nifi-flowfile-repo-serialization ---
[INFO] 
[INFO] --- maven-remote-resources-plugin:1.7.0:process (process-resource-bundles) @ nifi-flowfile-repo-serialization ---
[INFO] Preparing remote bundle org.apache:apache-jar-resource-bundle:1.4
[INFO] Copying 3 resources from 1 bundle.
[INFO] 
[INFO] --- maven-resources-plugin:3.1.0:resources (default-resources) @ nifi-flowfile-repo-serialization ---
[INFO] Using 'UTF-8' encoding to copy filtered resources.
[INFO] skip non existing resourceDirectory /home/srafi/after-cam-ready/compare_/compile_repair_output/work/aba19ee70dfb/nifi-nar-bundles/nifi-framework-bundle/nifi-framework/nifi-flowfile-repo-serialization/src/main/resources
[INFO] Copying 3 resources
[INFO] 
[INFO] --- maven-compiler-plugin:3.8.1:compile (default-compile) @ nifi-flowfile-repo-serialization ---
[INFO] Changes detected - recompiling the module!
[INFO] Compiling 18 source files to /home/srafi/after-cam-ready/compare_/compile_repair_output/work/aba19ee70dfb/nifi-nar-bundles/nifi-framework-bundle/nifi-framework/nifi-flowfile-repo-serialization/target/classes
[INFO] 
[INFO] --- maven-resources-plugin:3.1.0:testResources (default-testResources) @ nifi-flowfile-repo-serialization ---
[INFO] Using 'UTF-8' encoding to copy filtered resources.
[INFO] skip non existing resourceDirectory /home/srafi/after-cam-ready/compare_/compile_repair_output/work/aba19ee70dfb/nifi-nar-bundles/nifi-framework-bundle/nifi-framework/nifi-flowfile-repo-serialization/src/test/resources
[INFO] Copying 3 resources
[INFO] 
[INFO] --- maven-compiler-plugin:3.8.1:testCompile (default-testCompile) @ nifi-flowfile-repo-serialization ---
[INFO] No sources to compile
[INFO] 
[INFO] --- maven-compiler-plugin:3.8.1:testCompile (groovy-tests) @ nifi-flowfile-repo-serialization ---
[INFO] No sources to compile
[INFO] 
[INFO] --- maven-surefire-plugin:3.0.0-M8-SNAPSHOT:test (default-test) @ nifi-flowfile-repo-serialization ---
[INFO] Tests are skipped.
[INFO] 
[INFO] --- maven-jar-plugin:3.2.0:jar (default-jar) @ nifi-flowfile-repo-serialization ---
[INFO] Building jar: /home/srafi/after-cam-ready/compare_/compile_repair_output/work/aba19ee70dfb/nifi-nar-bundles/nifi-framework-bundle/nifi-framework/nifi-flowfile-repo-serialization/target/nifi-flowfile-repo-serialization-1.15.0-SNAPSHOT.jar
[INFO] 
[INFO] --- maven-site-plugin:3.7.1:attach-descriptor (attach-descriptor) @ nifi-flowfile-repo-serialization ---
[INFO] Skipping because packaging 'jar' is not pom.
[INFO] 
[INFO] --- maven-install-plugin:2.5.2:install (default-install) @ nifi-flowfile-repo-serialization ---
[INFO] Installing /home/srafi/after-cam-ready/compare_/compile_repair_output/work/aba19ee70dfb/nifi-nar-bundles/nifi-framework-bundle/nifi-framework/nifi-flowfile-repo-serialization/target/nifi-flowfile-repo-serialization-1.15.0-SNAPSHOT.jar to /home/srafi/.m2/repository/org/apache/nifi/nifi-flowfile-repo-serialization/1.15.0-SNAPSHOT/nifi-flowfile-repo-serialization-1.15.0-SNAPSHOT.jar
[INFO] Installing /home/srafi/after-cam-ready/compare_/compile_repair_output/work/aba19ee70dfb/nifi-nar-bundles/nifi-framework-bundle/nifi-framework/nifi-flowfile-repo-serialization/pom.xml to /home/srafi/.m2/repository/org/apache/nifi/nifi-flowfile-repo-serialization/1.15.0-SNAPSHOT/nifi-flowfile-repo-serialization-1.15.0-SNAPSHOT.pom
[INFO] 
[INFO] ----------< org.apache.nifi.registry:nifi-registry-flow-diff >----------
[INFO] Building nifi-registry-flow-diff 1.15.0-SNAPSHOT                 [48/61]
[INFO] --------------------------------[ jar ]---------------------------------
[INFO] 
[INFO] --- maven-clean-plugin:3.1.0:clean (default-clean) @ nifi-registry-flow-diff ---
[INFO] 
[INFO] --- maven-remote-resources-plugin:1.7.0:process (process-resource-bundles) @ nifi-registry-flow-diff ---
[INFO] Preparing remote bundle org.apache:apache-jar-resource-bundle:1.4
[INFO] Copying 3 resources from 1 bundle.
[INFO] 
[INFO] --- maven-resources-plugin:2.7:resources (default-resources) @ nifi-registry-flow-diff ---
[INFO] Using 'UTF-8' encoding to copy filtered resources.
[INFO] skip non existing resourceDirectory /home/srafi/after-cam-ready/compare_/compile_repair_output/work/aba19ee70dfb/nifi-registry/nifi-registry-core/nifi-registry-flow-diff/src/main/resources
[INFO] Copying 3 resources
[INFO] 
[INFO] --- maven-compiler-plugin:3.8.1:compile (default-compile) @ nifi-registry-flow-diff ---
[INFO] Changes detected - recompiling the module!
[INFO] Compiling 13 source files to /home/srafi/after-cam-ready/compare_/compile_repair_output/work/aba19ee70dfb/nifi-registry/nifi-registry-core/nifi-registry-flow-diff/target/classes
[INFO] 
[INFO] --- maven-resources-plugin:2.7:testResources (default-testResources) @ nifi-registry-flow-diff ---
[INFO] Using 'UTF-8' encoding to copy filtered resources.
[INFO] skip non existing resourceDirectory /home/srafi/after-cam-ready/compare_/compile_repair_output/work/aba19ee70dfb/nifi-registry/nifi-registry-core/nifi-registry-flow-diff/src/test/resources
[INFO] Copying 3 resources
[INFO] 
[INFO] --- maven-compiler-plugin:3.8.1:testCompile (default-testCompile) @ nifi-registry-flow-diff ---
[INFO] No sources to compile
[INFO] 
[INFO] --- maven-compiler-plugin:3.8.1:testCompile (groovy-tests) @ nifi-registry-flow-diff ---
[INFO] No sources to compile
[INFO] 
[INFO] --- maven-surefire-plugin:3.0.0-M8-SNAPSHOT:test (default-test) @ nifi-registry-flow-diff ---
[INFO] Tests are skipped.
[INFO] 
[INFO] --- maven-jar-plugin:2.5:jar (default-jar) @ nifi-registry-flow-diff ---
[INFO] Building jar: /home/srafi/after-cam-ready/compare_/compile_repair_output/work/aba19ee70dfb/nifi-registry/nifi-registry-core/nifi-registry-flow-diff/target/nifi-registry-flow-diff-1.15.0-SNAPSHOT.jar
[INFO] 
[INFO] --- maven-site-plugin:3.4:attach-descriptor (attach-descriptor) @ nifi-registry-flow-diff ---
[INFO] 
[INFO] --- maven-install-plugin:2.5.2:install (default-install) @ nifi-registry-flow-diff ---
[INFO] Installing /home/srafi/after-cam-ready/compare_/compile_repair_output/work/aba19ee70dfb/nifi-registry/nifi-registry-core/nifi-registry-flow-diff/target/nifi-registry-flow-diff-1.15.0-SNAPSHOT.jar to /home/srafi/.m2/repository/org/apache/nifi/registry/nifi-registry-flow-diff/1.15.0-SNAPSHOT/nifi-registry-flow-diff-1.15.0-SNAPSHOT.jar
[INFO] Installing /home/srafi/after-cam-ready/compare_/compile_repair_output/work/aba19ee70dfb/nifi-registry/nifi-registry-core/nifi-registry-flow-diff/pom.xml to /home/srafi/.m2/repository/org/apache/nifi/registry/nifi-registry-flow-diff/1.15.0-SNAPSHOT/nifi-registry-flow-diff-1.15.0-SNAPSHOT.pom
[INFO] 
[INFO] -------------< org.apache.nifi:nifi-framework-components >--------------
[INFO] Building nifi-framework-components 1.15.0-SNAPSHOT               [49/61]
[INFO] --------------------------------[ jar ]---------------------------------
[INFO] 
[INFO] --- maven-clean-plugin:3.1.0:clean (default-clean) @ nifi-framework-components ---
[INFO] 
[INFO] --- buildnumber-maven-plugin:1.4:create (default) @ nifi-framework-components ---
[INFO] 
[INFO] --- maven-remote-resources-plugin:1.7.0:process (process-resource-bundles) @ nifi-framework-components ---
[INFO] Preparing remote bundle org.apache:apache-jar-resource-bundle:1.4
[INFO] Copying 3 resources from 1 bundle.
[INFO] 
[INFO] --- maven-resources-plugin:3.1.0:resources (default-resources) @ nifi-framework-components ---
[INFO] Using 'UTF-8' encoding to copy filtered resources.
[INFO] skip non existing resourceDirectory /home/srafi/after-cam-ready/compare_/compile_repair_output/work/aba19ee70dfb/nifi-nar-bundles/nifi-framework-bundle/nifi-framework/nifi-framework-components/src/main/resources
[INFO] Copying 3 resources
[INFO] 
[INFO] --- maven-compiler-plugin:3.8.1:compile (default-compile) @ nifi-framework-components ---
[INFO] Changes detected - recompiling the module!
[INFO] Compiling 115 source files to /home/srafi/after-cam-ready/compare_/compile_repair_output/work/aba19ee70dfb/nifi-nar-bundles/nifi-framework-bundle/nifi-framework/nifi-framework-components/target/classes
[WARNING] /home/srafi/after-cam-ready/compare_/compile_repair_output/work/aba19ee70dfb/nifi-nar-bundles/nifi-framework-bundle/nifi-framework/nifi-framework-components/src/main/java/org/apache/nifi/controller/StandardProcessorNode.java:[586,43] [deprecation] getTimeDuration(String,TimeUnit) in FormatUtils has been deprecated
[WARNING] /home/srafi/after-cam-ready/compare_/compile_repair_output/work/aba19ee70dfb/nifi-nar-bundles/nifi-framework-bundle/nifi-framework/nifi-framework-components/src/main/java/org/apache/nifi/controller/StandardProcessorNode.java:[629,26] [deprecation] getTimeDuration(String,TimeUnit) in FormatUtils has been deprecated
[WARNING] /home/srafi/after-cam-ready/compare_/compile_repair_output/work/aba19ee70dfb/nifi-nar-bundles/nifi-framework-bundle/nifi-framework/nifi-framework-components/src/main/java/org/apache/nifi/controller/StandardProcessorNode.java:[643,51] [deprecation] getTimeDuration(String,TimeUnit) in FormatUtils has been deprecated
[WARNING] /home/srafi/after-cam-ready/compare_/compile_repair_output/work/aba19ee70dfb/nifi-nar-bundles/nifi-framework-bundle/nifi-framework/nifi-framework-components/src/main/java/org/apache/nifi/controller/service/StandardConfigurationContext.java:[76,45] [deprecation] getTimeDuration(String,TimeUnit) in FormatUtils has been deprecated
[WARNING] /home/srafi/after-cam-ready/compare_/compile_repair_output/work/aba19ee70dfb/nifi-nar-bundles/nifi-framework-bundle/nifi-framework/nifi-framework-components/src/main/java/org/apache/nifi/controller/reporting/AbstractReportingTaskNode.java:[151,26] [deprecation] getTimeDuration(String,TimeUnit) in FormatUtils has been deprecated
[WARNING] /home/srafi/after-cam-ready/compare_/compile_repair_output/work/aba19ee70dfb/nifi-nar-bundles/nifi-framework-bundle/nifi-framework/nifi-framework-components/src/main/java/org/apache/nifi/registry/flow/RestBasedFlowRegistry.java:[124,110] [deprecation] getBucketClient(String...) in NiFiRegistryClient has been deprecated
[WARNING] /home/srafi/after-cam-ready/compare_/compile_repair_output/work/aba19ee70dfb/nifi-nar-bundles/nifi-framework-bundle/nifi-framework/nifi-framework-components/src/main/java/org/apache/nifi/registry/flow/RestBasedFlowRegistry.java:[131,124] [deprecation] getFlowSnapshotClient(String...) in NiFiRegistryClient has been deprecated
[WARNING] /home/srafi/after-cam-ready/compare_/compile_repair_output/work/aba19ee70dfb/nifi-nar-bundles/nifi-framework-bundle/nifi-framework/nifi-framework-components/src/main/java/org/apache/nifi/registry/flow/RestBasedFlowRegistry.java:[138,104] [deprecation] getFlowClient(String...) in NiFiRegistryClient has been deprecated
[WARNING] /home/srafi/after-cam-ready/compare_/compile_repair_output/work/aba19ee70dfb/nifi-nar-bundles/nifi-framework-bundle/nifi-framework/nifi-framework-components/src/main/java/org/apache/nifi/controller/reporting/StandardReportingInitializationContext.java:[70,30] [deprecation] getTimeDuration(String,TimeUnit) in FormatUtils has been deprecated
[WARNING] /home/srafi/after-cam-ready/compare_/compile_repair_output/work/aba19ee70dfb/nifi-nar-bundles/nifi-framework-bundle/nifi-framework/nifi-framework-components/src/main/java/org/apache/nifi/remote/StandardRemoteProcessGroup.java:[374,43] [deprecation] getTimeDuration(String,TimeUnit) in FormatUtils has been deprecated
[WARNING] /home/srafi/after-cam-ready/compare_/compile_repair_output/work/aba19ee70dfb/nifi-nar-bundles/nifi-framework-bundle/nifi-framework/nifi-framework-components/src/main/java/org/apache/nifi/remote/StandardRemoteProcessGroup.java:[389,32] [deprecation] getTimeDuration(String,TimeUnit) in FormatUtils has been deprecated
[INFO] 
[INFO] --- maven-resources-plugin:3.1.0:testResources (default-testResources) @ nifi-framework-components ---
[INFO] Using 'UTF-8' encoding to copy filtered resources.
[INFO] Copying 1 resource
[INFO] Copying 3 resources
[INFO] 
[INFO] --- maven-compiler-plugin:3.8.1:testCompile (default-testCompile) @ nifi-framework-components ---
[INFO] Changes detected - recompiling the module!
[INFO] Compiling 13 source files to /home/srafi/after-cam-ready/compare_/compile_repair_output/work/aba19ee70dfb/nifi-nar-bundles/nifi-framework-bundle/nifi-framework/nifi-framework-components/target/test-classes
[INFO] 
[INFO] --- maven-compiler-plugin:3.8.1:testCompile (groovy-tests) @ nifi-framework-components ---
[INFO] Changes detected - recompiling the module!
[INFO] Using Groovy-Eclipse compiler to compile both Java and Groovy files
[INFO] Compiling in a forked process using /home/srafi/.m2/repository/org/codehaus/groovy/groovy-eclipse-batch/2.5.14-01/groovy-eclipse-batch-2.5.14-01.jar
[INFO] 
[INFO] --- maven-surefire-plugin:3.0.0-M8-SNAPSHOT:test (default-test) @ nifi-framework-components ---
[INFO] Tests are skipped.
[INFO] 
[INFO] --- maven-jar-plugin:3.2.0:jar (default-jar) @ nifi-framework-components ---
[INFO] Building jar: /home/srafi/after-cam-ready/compare_/compile_repair_output/work/aba19ee70dfb/nifi-nar-bundles/nifi-framework-bundle/nifi-framework/nifi-framework-components/target/nifi-framework-components-1.15.0-SNAPSHOT.jar
[INFO] 
[INFO] --- maven-site-plugin:3.7.1:attach-descriptor (attach-descriptor) @ nifi-framework-components ---
[INFO] Skipping because packaging 'jar' is not pom.
[INFO] 
[INFO] --- maven-install-plugin:2.5.2:install (default-install) @ nifi-framework-components ---
[INFO] Installing /home/srafi/after-cam-ready/compare_/compile_repair_output/work/aba19ee70dfb/nifi-nar-bundles/nifi-framework-bundle/nifi-framework/nifi-framework-components/target/nifi-framework-components-1.15.0-SNAPSHOT.jar to /home/srafi/.m2/repository/org/apache/nifi/nifi-framework-components/1.15.0-SNAPSHOT/nifi-framework-components-1.15.0-SNAPSHOT.jar
[INFO] Installing /home/srafi/after-cam-ready/compare_/compile_repair_output/work/aba19ee70dfb/nifi-nar-bundles/nifi-framework-bundle/nifi-framework/nifi-framework-components/pom.xml to /home/srafi/.m2/repository/org/apache/nifi/nifi-framework-components/1.15.0-SNAPSHOT/nifi-framework-components-1.15.0-SNAPSHOT.pom
[INFO] 
[INFO] ----------< org.apache.nifi:nifi-framework-cluster-protocol >-----------
[INFO] Building nifi-framework-cluster-protocol 1.15.0-SNAPSHOT         [50/61]
[INFO] --------------------------------[ jar ]---------------------------------
[INFO] 
[INFO] --- maven-clean-plugin:3.1.0:clean (default-clean) @ nifi-framework-cluster-protocol ---
[INFO] 
[INFO] --- buildnumber-maven-plugin:1.4:create (default) @ nifi-framework-cluster-protocol ---
[INFO] 
[INFO] --- maven-remote-resources-plugin:1.7.0:process (process-resource-bundles) @ nifi-framework-cluster-protocol ---
[INFO] Preparing remote bundle org.apache:apache-jar-resource-bundle:1.4
[INFO] Copying 3 resources from 1 bundle.
[INFO] 
[INFO] --- maven-resources-plugin:3.1.0:resources (default-resources) @ nifi-framework-cluster-protocol ---
[INFO] Using 'UTF-8' encoding to copy filtered resources.
[INFO] Copying 1 resource
[INFO] Copying 3 resources
[INFO] 
[INFO] --- maven-compiler-plugin:3.8.1:compile (default-compile) @ nifi-framework-cluster-protocol ---
[INFO] Changes detected - recompiling the module!
[INFO] Compiling 75 source files to /home/srafi/after-cam-ready/compare_/compile_repair_output/work/aba19ee70dfb/nifi-nar-bundles/nifi-framework-bundle/nifi-framework/nifi-framework-cluster-protocol/target/classes
[WARNING] /home/srafi/after-cam-ready/compare_/compile_repair_output/work/aba19ee70dfb/nifi-nar-bundles/nifi-framework-bundle/nifi-framework/nifi-framework-cluster-protocol/src/main/java/org/apache/nifi/cluster/protocol/impl/StandardClusterCoordinationProtocolSender.java:[200,56] [deprecation] getTimeDuration(String,TimeUnit) in FormatUtils has been deprecated
[INFO] 
[INFO] --- maven-resources-plugin:3.1.0:testResources (default-testResources) @ nifi-framework-cluster-protocol ---
[INFO] Using 'UTF-8' encoding to copy filtered resources.
[INFO] skip non existing resourceDirectory /home/srafi/after-cam-ready/compare_/compile_repair_output/work/aba19ee70dfb/nifi-nar-bundles/nifi-framework-bundle/nifi-framework/nifi-framework-cluster-protocol/src/test/resources
[INFO] Copying 3 resources
[INFO] 
[INFO] --- maven-compiler-plugin:3.8.1:testCompile (default-testCompile) @ nifi-framework-cluster-protocol ---
[INFO] Changes detected - recompiling the module!
[INFO] Compiling 4 source files to /home/srafi/after-cam-ready/compare_/compile_repair_output/work/aba19ee70dfb/nifi-nar-bundles/nifi-framework-bundle/nifi-framework/nifi-framework-cluster-protocol/target/test-classes
[INFO] 
[INFO] --- maven-compiler-plugin:3.8.1:testCompile (groovy-tests) @ nifi-framework-cluster-protocol ---
[INFO] Changes detected - recompiling the module!
[INFO] Nothing to compile - all classes are up to date
[INFO] 
[INFO] --- maven-surefire-plugin:3.0.0-M8-SNAPSHOT:test (default-test) @ nifi-framework-cluster-protocol ---
[INFO] Tests are skipped.
[INFO] 
[INFO] --- maven-jar-plugin:3.2.0:jar (default-jar) @ nifi-framework-cluster-protocol ---
[INFO] Building jar: /home/srafi/after-cam-ready/compare_/compile_repair_output/work/aba19ee70dfb/nifi-nar-bundles/nifi-framework-bundle/nifi-framework/nifi-framework-cluster-protocol/target/nifi-framework-cluster-protocol-1.15.0-SNAPSHOT.jar
[INFO] 
[INFO] --- maven-site-plugin:3.7.1:attach-descriptor (attach-descriptor) @ nifi-framework-cluster-protocol ---
[INFO] Skipping because packaging 'jar' is not pom.
[INFO] 
[INFO] --- maven-install-plugin:2.5.2:install (default-install) @ nifi-framework-cluster-protocol ---
[INFO] Installing /home/srafi/after-cam-ready/compare_/compile_repair_output/work/aba19ee70dfb/nifi-nar-bundles/nifi-framework-bundle/nifi-framework/nifi-framework-cluster-protocol/target/nifi-framework-cluster-protocol-1.15.0-SNAPSHOT.jar to /home/srafi/.m2/repository/org/apache/nifi/nifi-framework-cluster-protocol/1.15.0-SNAPSHOT/nifi-framework-cluster-protocol-1.15.0-SNAPSHOT.jar
[INFO] Installing /home/srafi/after-cam-ready/compare_/compile_repair_output/work/aba19ee70dfb/nifi-nar-bundles/nifi-framework-bundle/nifi-framework/nifi-framework-cluster-protocol/pom.xml to /home/srafi/.m2/repository/org/apache/nifi/nifi-framework-cluster-protocol/1.15.0-SNAPSHOT/nifi-framework-cluster-protocol-1.15.0-SNAPSHOT.pom
[INFO] 
[INFO] -----------------< org.apache.nifi:nifi-user-actions >------------------
[INFO] Building nifi-user-actions 1.15.0-SNAPSHOT                       [51/61]
[INFO] --------------------------------[ jar ]---------------------------------
[INFO] 
[INFO] --- maven-clean-plugin:3.1.0:clean (default-clean) @ nifi-user-actions ---
[INFO] 
[INFO] --- buildnumber-maven-plugin:1.4:create (default) @ nifi-user-actions ---
[INFO] 
[INFO] --- maven-remote-resources-plugin:1.7.0:process (process-resource-bundles) @ nifi-user-actions ---
[INFO] Preparing remote bundle org.apache:apache-jar-resource-bundle:1.4
[INFO] Copying 3 resources from 1 bundle.
[INFO] 
[INFO] --- maven-resources-plugin:3.1.0:resources (default-resources) @ nifi-user-actions ---
[INFO] Using 'UTF-8' encoding to copy filtered resources.
[INFO] skip non existing resourceDirectory /home/srafi/after-cam-ready/compare_/compile_repair_output/work/aba19ee70dfb/nifi-nar-bundles/nifi-framework-bundle/nifi-framework/nifi-user-actions/src/main/resources
[INFO] Copying 3 resources
[INFO] 
[INFO] --- maven-compiler-plugin:3.8.1:compile (default-compile) @ nifi-user-actions ---
[INFO] Changes detected - recompiling the module!
[INFO] Compiling 7 source files to /home/srafi/after-cam-ready/compare_/compile_repair_output/work/aba19ee70dfb/nifi-nar-bundles/nifi-framework-bundle/nifi-framework/nifi-user-actions/target/classes
[INFO] 
[INFO] --- maven-resources-plugin:3.1.0:testResources (default-testResources) @ nifi-user-actions ---
[INFO] Using 'UTF-8' encoding to copy filtered resources.
[INFO] skip non existing resourceDirectory /home/srafi/after-cam-ready/compare_/compile_repair_output/work/aba19ee70dfb/nifi-nar-bundles/nifi-framework-bundle/nifi-framework/nifi-user-actions/src/test/resources
[INFO] Copying 3 resources
[INFO] 
[INFO] --- maven-compiler-plugin:3.8.1:testCompile (default-testCompile) @ nifi-user-actions ---
[INFO] No sources to compile
[INFO] 
[INFO] --- maven-compiler-plugin:3.8.1:testCompile (groovy-tests) @ nifi-user-actions ---
[INFO] No sources to compile
[INFO] 
[INFO] --- maven-surefire-plugin:3.0.0-M8-SNAPSHOT:test (default-test) @ nifi-user-actions ---
[INFO] Tests are skipped.
[INFO] 
[INFO] --- maven-jar-plugin:3.2.0:jar (default-jar) @ nifi-user-actions ---
[INFO] Building jar: /home/srafi/after-cam-ready/compare_/compile_repair_output/work/aba19ee70dfb/nifi-nar-bundles/nifi-framework-bundle/nifi-framework/nifi-user-actions/target/nifi-user-actions-1.15.0-SNAPSHOT.jar
[INFO] 
[INFO] --- maven-site-plugin:3.7.1:attach-descriptor (attach-descriptor) @ nifi-user-actions ---
[INFO] Skipping because packaging 'jar' is not pom.
[INFO] 
[INFO] --- maven-install-plugin:2.5.2:install (default-install) @ nifi-user-actions ---
[INFO] Installing /home/srafi/after-cam-ready/compare_/compile_repair_output/work/aba19ee70dfb/nifi-nar-bundles/nifi-framework-bundle/nifi-framework/nifi-user-actions/target/nifi-user-actions-1.15.0-SNAPSHOT.jar to /home/srafi/.m2/repository/org/apache/nifi/nifi-user-actions/1.15.0-SNAPSHOT/nifi-user-actions-1.15.0-SNAPSHOT.jar
[INFO] Installing /home/srafi/after-cam-ready/compare_/compile_repair_output/work/aba19ee70dfb/nifi-nar-bundles/nifi-framework-bundle/nifi-framework/nifi-user-actions/pom.xml to /home/srafi/.m2/repository/org/apache/nifi/nifi-user-actions/1.15.0-SNAPSHOT/nifi-user-actions-1.15.0-SNAPSHOT.pom
[INFO] 
[INFO] ----------------< org.apache.nifi:nifi-administration >-----------------
[INFO] Building nifi-administration 1.15.0-SNAPSHOT                     [52/61]
[INFO] --------------------------------[ jar ]---------------------------------
[INFO] 
[INFO] --- maven-clean-plugin:3.1.0:clean (default-clean) @ nifi-administration ---
[INFO] 
[INFO] --- buildnumber-maven-plugin:1.4:create (default) @ nifi-administration ---
[INFO] 
[INFO] --- maven-remote-resources-plugin:1.7.0:process (process-resource-bundles) @ nifi-administration ---
[INFO] Preparing remote bundle org.apache:apache-jar-resource-bundle:1.4
[INFO] Copying 3 resources from 1 bundle.
[INFO] 
[INFO] --- maven-resources-plugin:3.1.0:resources (default-resources) @ nifi-administration ---
[INFO] Using 'UTF-8' encoding to copy filtered resources.
[INFO] Copying 1 resource
[INFO] Copying 3 resources
[INFO] 
[INFO] --- maven-compiler-plugin:3.8.1:compile (default-compile) @ nifi-administration ---
[INFO] Changes detected - recompiling the module!
[INFO] Compiling 45 source files to /home/srafi/after-cam-ready/compare_/compile_repair_output/work/aba19ee70dfb/nifi-nar-bundles/nifi-framework-bundle/nifi-framework/nifi-administration/target/classes
[INFO] 
[INFO] --- maven-resources-plugin:3.1.0:testResources (default-testResources) @ nifi-administration ---
[INFO] Using 'UTF-8' encoding to copy filtered resources.
[INFO] skip non existing resourceDirectory /home/srafi/after-cam-ready/compare_/compile_repair_output/work/aba19ee70dfb/nifi-nar-bundles/nifi-framework-bundle/nifi-framework/nifi-administration/src/test/resources
[INFO] Copying 3 resources
[INFO] 
[INFO] --- maven-compiler-plugin:3.8.1:testCompile (default-testCompile) @ nifi-administration ---
[INFO] No sources to compile
[INFO] 
[INFO] --- maven-compiler-plugin:3.8.1:testCompile (groovy-tests) @ nifi-administration ---
[INFO] No sources to compile
[INFO] 
[INFO] --- maven-surefire-plugin:3.0.0-M8-SNAPSHOT:test (default-test) @ nifi-administration ---
[INFO] Tests are skipped.
[INFO] 
[INFO] --- maven-jar-plugin:3.2.0:jar (default-jar) @ nifi-administration ---
[INFO] Building jar: /home/srafi/after-cam-ready/compare_/compile_repair_output/work/aba19ee70dfb/nifi-nar-bundles/nifi-framework-bundle/nifi-framework/nifi-administration/target/nifi-administration-1.15.0-SNAPSHOT.jar
[INFO] 
[INFO] --- maven-site-plugin:3.7.1:attach-descriptor (attach-descriptor) @ nifi-administration ---
[INFO] Skipping because packaging 'jar' is not pom.
[INFO] 
[INFO] --- maven-install-plugin:2.5.2:install (default-install) @ nifi-administration ---
[INFO] Installing /home/srafi/after-cam-ready/compare_/compile_repair_output/work/aba19ee70dfb/nifi-nar-bundles/nifi-framework-bundle/nifi-framework/nifi-administration/target/nifi-administration-1.15.0-SNAPSHOT.jar to /home/srafi/.m2/repository/org/apache/nifi/nifi-administration/1.15.0-SNAPSHOT/nifi-administration-1.15.0-SNAPSHOT.jar
[INFO] Installing /home/srafi/after-cam-ready/compare_/compile_repair_output/work/aba19ee70dfb/nifi-nar-bundles/nifi-framework-bundle/nifi-framework/nifi-administration/pom.xml to /home/srafi/.m2/repository/org/apache/nifi/nifi-administration/1.15.0-SNAPSHOT/nifi-administration-1.15.0-SNAPSHOT.pom
[INFO] 
[INFO] -------< org.apache.nifi:nifi-framework-authorization-providers >-------
[INFO] Building nifi-framework-authorization-providers 1.15.0-SNAPSHOT  [53/61]
[INFO] --------------------------------[ jar ]---------------------------------
[INFO] 
[INFO] --- maven-clean-plugin:3.1.0:clean (default-clean) @ nifi-framework-authorization-providers ---
[INFO] 
[INFO] --- buildnumber-maven-plugin:1.4:create (default) @ nifi-framework-authorization-providers ---
[INFO] 
[INFO] --- maven-remote-resources-plugin:1.7.0:process (process-resource-bundles) @ nifi-framework-authorization-providers ---
[INFO] Preparing remote bundle org.apache:apache-jar-resource-bundle:1.4
[INFO] Copying 3 resources from 1 bundle.
[INFO] 
[INFO] --- maven-resources-plugin:3.1.0:resources (default-resources) @ nifi-framework-authorization-providers ---
[INFO] Using 'UTF-8' encoding to copy filtered resources.
[INFO] Copying 2 resources
[INFO] Copying 3 resources
[INFO] 
[INFO] --- maven-compiler-plugin:3.8.1:compile (default-compile) @ nifi-framework-authorization-providers ---
[INFO] Changes detected - recompiling the module!
[INFO] Compiling 8 source files to /home/srafi/after-cam-ready/compare_/compile_repair_output/work/aba19ee70dfb/nifi-nar-bundles/nifi-framework-bundle/nifi-framework/nifi-framework-authorization-providers/target/classes
[INFO] 
[INFO] --- maven-resources-plugin:3.1.0:testResources (default-testResources) @ nifi-framework-authorization-providers ---
[INFO] Using 'UTF-8' encoding to copy filtered resources.
[INFO] skip non existing resourceDirectory /home/srafi/after-cam-ready/compare_/compile_repair_output/work/aba19ee70dfb/nifi-nar-bundles/nifi-framework-bundle/nifi-framework/nifi-framework-authorization-providers/src/test/resources
[INFO] Copying 3 resources
[INFO] 
[INFO] --- maven-compiler-plugin:3.8.1:testCompile (default-testCompile) @ nifi-framework-authorization-providers ---
[INFO] Changes detected - recompiling the module!
[INFO] Compiling 6 source files to /home/srafi/after-cam-ready/compare_/compile_repair_output/work/aba19ee70dfb/nifi-nar-bundles/nifi-framework-bundle/nifi-framework/nifi-framework-authorization-providers/target/test-classes
[INFO] 
[INFO] --- maven-compiler-plugin:3.8.1:testCompile (groovy-tests) @ nifi-framework-authorization-providers ---
[INFO] Changes detected - recompiling the module!
[INFO] Using Groovy-Eclipse compiler to compile both Java and Groovy files
[INFO] Compiling in a forked process using /home/srafi/.m2/repository/org/codehaus/groovy/groovy-eclipse-batch/2.5.14-01/groovy-eclipse-batch-2.5.14-01.jar
[INFO] 
[INFO] --- maven-surefire-plugin:3.0.0-M8-SNAPSHOT:test (default-test) @ nifi-framework-authorization-providers ---
[INFO] Tests are skipped.
[INFO] 
[INFO] --- maven-jar-plugin:3.2.0:jar (default-jar) @ nifi-framework-authorization-providers ---
[INFO] Building jar: /home/srafi/after-cam-ready/compare_/compile_repair_output/work/aba19ee70dfb/nifi-nar-bundles/nifi-framework-bundle/nifi-framework/nifi-framework-authorization-providers/target/nifi-framework-authorization-providers-1.15.0-SNAPSHOT.jar
[INFO] 
[INFO] --- maven-site-plugin:3.7.1:attach-descriptor (attach-descriptor) @ nifi-framework-authorization-providers ---
[INFO] Skipping because packaging 'jar' is not pom.
[INFO] 
[INFO] --- maven-install-plugin:2.5.2:install (default-install) @ nifi-framework-authorization-providers ---
[INFO] Installing /home/srafi/after-cam-ready/compare_/compile_repair_output/work/aba19ee70dfb/nifi-nar-bundles/nifi-framework-bundle/nifi-framework/nifi-framework-authorization-providers/target/nifi-framework-authorization-providers-1.15.0-SNAPSHOT.jar to /home/srafi/.m2/repository/org/apache/nifi/nifi-framework-authorization-providers/1.15.0-SNAPSHOT/nifi-framework-authorization-providers-1.15.0-SNAPSHOT.jar
[INFO] Installing /home/srafi/after-cam-ready/compare_/compile_repair_output/work/aba19ee70dfb/nifi-nar-bundles/nifi-framework-bundle/nifi-framework/nifi-framework-authorization-providers/pom.xml to /home/srafi/.m2/repository/org/apache/nifi/nifi-framework-authorization-providers/1.15.0-SNAPSHOT/nifi-framework-authorization-providers-1.15.0-SNAPSHOT.pom
[INFO] 
[INFO] ------------------< org.apache.nifi:nifi-authorizer >-------------------
[INFO] Building nifi-authorizer 1.15.0-SNAPSHOT                         [54/61]
[INFO] --------------------------------[ jar ]---------------------------------
[INFO] 
[INFO] --- maven-clean-plugin:3.1.0:clean (default-clean) @ nifi-authorizer ---
[INFO] 
[INFO] --- buildnumber-maven-plugin:1.4:create (default) @ nifi-authorizer ---
[INFO] 
[INFO] --- jaxb2-maven-plugin:2.5.0:xjc (current) @ nifi-authorizer ---
[INFO] Created EpisodePath [/home/srafi/after-cam-ready/compare_/compile_repair_output/work/aba19ee70dfb/nifi-nar-bundles/nifi-framework-bundle/nifi-framework/nifi-authorizer/target/generated-sources/jaxb/META-INF/JAXB]: true
[INFO] Ignored given or default xjbSources [/home/srafi/after-cam-ready/compare_/compile_repair_output/work/aba19ee70dfb/nifi-nar-bundles/nifi-framework-bundle/nifi-framework/nifi-authorizer/src/main/xjb], since it is not an existent file or directory.
[INFO] Created EpisodePath [/home/srafi/after-cam-ready/compare_/compile_repair_output/work/aba19ee70dfb/nifi-nar-bundles/nifi-framework-bundle/nifi-framework/nifi-authorizer/target/generated-sources/jaxb/META-INF/JAXB]: true
[INFO] 
[INFO] --- maven-remote-resources-plugin:1.7.0:process (process-resource-bundles) @ nifi-authorizer ---
[INFO] Preparing remote bundle org.apache:apache-jar-resource-bundle:1.4
[INFO] Copying 3 resources from 1 bundle.
[INFO] 
[INFO] --- maven-resources-plugin:3.1.0:resources (default-resources) @ nifi-authorizer ---
[INFO] Using 'UTF-8' encoding to copy filtered resources.
[INFO] Copying 1 resource
[INFO] Copying 1 resource
[INFO] Copying 1 resource
[INFO] Copying 1 resource
[INFO] Copying 3 resources
[INFO] 
[INFO] --- maven-compiler-plugin:3.8.1:compile (default-compile) @ nifi-authorizer ---
[INFO] Changes detected - recompiling the module!
[INFO] Compiling 15 source files to /home/srafi/after-cam-ready/compare_/compile_repair_output/work/aba19ee70dfb/nifi-nar-bundles/nifi-framework-bundle/nifi-framework/nifi-authorizer/target/classes
[INFO] 
[INFO] --- maven-resources-plugin:3.1.0:testResources (default-testResources) @ nifi-authorizer ---
[INFO] Using 'UTF-8' encoding to copy filtered resources.
[INFO] skip non existing resourceDirectory /home/srafi/after-cam-ready/compare_/compile_repair_output/work/aba19ee70dfb/nifi-nar-bundles/nifi-framework-bundle/nifi-framework/nifi-authorizer/src/test/resources
[INFO] Copying 3 resources
[INFO] 
[INFO] --- maven-compiler-plugin:3.8.1:testCompile (default-testCompile) @ nifi-authorizer ---
[INFO] Changes detected - recompiling the module!
[INFO] Compiling 1 source file to /home/srafi/after-cam-ready/compare_/compile_repair_output/work/aba19ee70dfb/nifi-nar-bundles/nifi-framework-bundle/nifi-framework/nifi-authorizer/target/test-classes
[INFO] 
[INFO] --- maven-compiler-plugin:3.8.1:testCompile (groovy-tests) @ nifi-authorizer ---
[INFO] Changes detected - recompiling the module!
[INFO] Using Groovy-Eclipse compiler to compile both Java and Groovy files
[INFO] Compiling in a forked process using /home/srafi/.m2/repository/org/codehaus/groovy/groovy-eclipse-batch/2.5.14-01/groovy-eclipse-batch-2.5.14-01.jar
[INFO] 
[INFO] --- maven-surefire-plugin:3.0.0-M8-SNAPSHOT:test (default-test) @ nifi-authorizer ---
[INFO] Tests are skipped.
[INFO] 
[INFO] --- maven-jar-plugin:3.2.0:jar (default-jar) @ nifi-authorizer ---
[INFO] Building jar: /home/srafi/after-cam-ready/compare_/compile_repair_output/work/aba19ee70dfb/nifi-nar-bundles/nifi-framework-bundle/nifi-framework/nifi-authorizer/target/nifi-authorizer-1.15.0-SNAPSHOT.jar
[INFO] 
[INFO] --- maven-site-plugin:3.7.1:attach-descriptor (attach-descriptor) @ nifi-authorizer ---
[INFO] Skipping because packaging 'jar' is not pom.
[INFO] 
[INFO] --- maven-install-plugin:2.5.2:install (default-install) @ nifi-authorizer ---
[INFO] Installing /home/srafi/after-cam-ready/compare_/compile_repair_output/work/aba19ee70dfb/nifi-nar-bundles/nifi-framework-bundle/nifi-framework/nifi-authorizer/target/nifi-authorizer-1.15.0-SNAPSHOT.jar to /home/srafi/.m2/repository/org/apache/nifi/nifi-authorizer/1.15.0-SNAPSHOT/nifi-authorizer-1.15.0-SNAPSHOT.jar
[INFO] Installing /home/srafi/after-cam-ready/compare_/compile_repair_output/work/aba19ee70dfb/nifi-nar-bundles/nifi-framework-bundle/nifi-framework/nifi-authorizer/pom.xml to /home/srafi/.m2/repository/org/apache/nifi/nifi-authorizer/1.15.0-SNAPSHOT/nifi-authorizer-1.15.0-SNAPSHOT.pom
[INFO] 
[INFO] ---------< org.apache.nifi:nifi-provenance-repository-bundle >----------
[INFO] Building nifi-provenance-repository-bundle 1.15.0-SNAPSHOT       [55/61]
[INFO] --------------------------------[ pom ]---------------------------------
[INFO] 
[INFO] --- maven-clean-plugin:3.1.0:clean (default-clean) @ nifi-provenance-repository-bundle ---
[INFO] 
[INFO] --- buildnumber-maven-plugin:1.4:create (default) @ nifi-provenance-repository-bundle ---
[INFO] 
[INFO] --- maven-remote-resources-plugin:1.7.0:process (process-resource-bundles) @ nifi-provenance-repository-bundle ---
[INFO] Preparing remote bundle org.apache:apache-jar-resource-bundle:1.4
[INFO] Copying 3 resources from 1 bundle.
[INFO] 
[INFO] --- maven-compiler-plugin:3.8.1:testCompile (groovy-tests) @ nifi-provenance-repository-bundle ---
[INFO] No sources to compile
[INFO] 
[INFO] --- maven-site-plugin:3.7.1:attach-descriptor (attach-descriptor) @ nifi-provenance-repository-bundle ---
[INFO] No site descriptor found: nothing to attach.
[INFO] 
[INFO] --- maven-install-plugin:2.5.2:install (default-install) @ nifi-provenance-repository-bundle ---
[INFO] Installing /home/srafi/after-cam-ready/compare_/compile_repair_output/work/aba19ee70dfb/nifi-nar-bundles/nifi-provenance-repository-bundle/pom.xml to /home/srafi/.m2/repository/org/apache/nifi/nifi-provenance-repository-bundle/1.15.0-SNAPSHOT/nifi-provenance-repository-bundle-1.15.0-SNAPSHOT.pom
[INFO] 
[INFO] -------< org.apache.nifi:nifi-persistent-provenance-repository >--------
[INFO] Building nifi-persistent-provenance-repository 1.15.0-SNAPSHOT   [56/61]
[INFO] --------------------------------[ jar ]---------------------------------
[INFO] 
[INFO] --- maven-clean-plugin:3.1.0:clean (default-clean) @ nifi-persistent-provenance-repository ---
[INFO] 
[INFO] --- buildnumber-maven-plugin:1.4:create (default) @ nifi-persistent-provenance-repository ---
[INFO] 
[INFO] --- maven-remote-resources-plugin:1.7.0:process (process-resource-bundles) @ nifi-persistent-provenance-repository ---
[INFO] Preparing remote bundle org.apache:apache-jar-resource-bundle:1.4
[INFO] Copying 3 resources from 1 bundle.
[INFO] artifact net.minidev:json-smart: checking for updates from central
[INFO] artifact net.minidev:json-smart: checking for updates from apache-repo
[INFO] artifact net.minidev:json-smart: checking for updates from jcenter
[INFO] artifact net.minidev:json-smart: checking for updates from Shibboleth
[INFO] artifact net.minidev:json-smart: checking for updates from ossrh
[INFO] artifact net.minidev:json-smart: checking for updates from shibboleth-repo
[INFO] 
[INFO] --- maven-resources-plugin:3.1.0:resources (default-resources) @ nifi-persistent-provenance-repository ---
[INFO] Using 'UTF-8' encoding to copy filtered resources.
[INFO] Copying 1 resource
[INFO] Copying 3 resources
[INFO] 
[INFO] --- maven-compiler-plugin:3.8.1:compile (default-compile) @ nifi-persistent-provenance-repository ---
[INFO] Changes detected - recompiling the module!
[INFO] Compiling 94 source files to /home/srafi/after-cam-ready/compare_/compile_repair_output/work/aba19ee70dfb/nifi-nar-bundles/nifi-provenance-repository-bundle/nifi-persistent-provenance-repository/target/classes
[WARNING] /home/srafi/after-cam-ready/compare_/compile_repair_output/work/aba19ee70dfb/nifi-nar-bundles/nifi-provenance-repository-bundle/nifi-persistent-provenance-repository/src/main/java/org/apache/nifi/provenance/lucene/DeleteIndexAction.java:[22,33] [deprecation] PersistentProvenanceRepository in org.apache.nifi.provenance has been deprecated
[WARNING] /home/srafi/after-cam-ready/compare_/compile_repair_output/work/aba19ee70dfb/nifi-nar-bundles/nifi-provenance-repository-bundle/nifi-persistent-provenance-repository/src/main/java/org/apache/nifi/provenance/lucene/IndexSearch.java:[23,33] [deprecation] PersistentProvenanceRepository in org.apache.nifi.provenance has been deprecated
[WARNING] /home/srafi/after-cam-ready/compare_/compile_repair_output/work/aba19ee70dfb/nifi-nar-bundles/nifi-provenance-repository-bundle/nifi-persistent-provenance-repository/src/main/java/org/apache/nifi/provenance/RepositoryConfiguration.java:[399,46] [deprecation] getTimeDuration(String,TimeUnit) in FormatUtils has been deprecated
[WARNING] /home/srafi/after-cam-ready/compare_/compile_repair_output/work/aba19ee70dfb/nifi-nar-bundles/nifi-provenance-repository-bundle/nifi-persistent-provenance-repository/src/main/java/org/apache/nifi/provenance/RepositoryConfiguration.java:[401,47] [deprecation] getTimeDuration(String,TimeUnit) in FormatUtils has been deprecated
[WARNING] /home/srafi/after-cam-ready/compare_/compile_repair_output/work/aba19ee70dfb/nifi-nar-bundles/nifi-provenance-repository-bundle/nifi-persistent-provenance-repository/src/main/java/org/apache/nifi/provenance/RepositoryConfiguration.java:[452,65] [deprecation] getTimeDuration(String,TimeUnit) in FormatUtils has been deprecated
[WARNING] /home/srafi/after-cam-ready/compare_/compile_repair_output/work/aba19ee70dfb/nifi-nar-bundles/nifi-provenance-repository-bundle/nifi-persistent-provenance-repository/src/main/java/org/apache/nifi/provenance/RepositoryConfiguration.java:[458,43] [deprecation] getTimeDuration(String,TimeUnit) in FormatUtils has been deprecated
[WARNING] /home/srafi/after-cam-ready/compare_/compile_repair_output/work/aba19ee70dfb/nifi-nar-bundles/nifi-provenance-repository-bundle/nifi-persistent-provenance-repository/src/main/java/org/apache/nifi/provenance/lucene/DeleteIndexAction.java:[37,18] [deprecation] PersistentProvenanceRepository in org.apache.nifi.provenance has been deprecated
[WARNING] /home/srafi/after-cam-ready/compare_/compile_repair_output/work/aba19ee70dfb/nifi-nar-bundles/nifi-provenance-repository-bundle/nifi-persistent-provenance-repository/src/main/java/org/apache/nifi/provenance/lucene/DeleteIndexAction.java:[41,35] [deprecation] PersistentProvenanceRepository in org.apache.nifi.provenance has been deprecated
[WARNING] /home/srafi/after-cam-ready/compare_/compile_repair_output/work/aba19ee70dfb/nifi-nar-bundles/nifi-provenance-repository-bundle/nifi-persistent-provenance-repository/src/main/java/org/apache/nifi/provenance/lucene/IndexSearch.java:[42,18] [deprecation] PersistentProvenanceRepository in org.apache.nifi.provenance has been deprecated
[WARNING] /home/srafi/after-cam-ready/compare_/compile_repair_output/work/aba19ee70dfb/nifi-nar-bundles/nifi-provenance-repository-bundle/nifi-persistent-provenance-repository/src/main/java/org/apache/nifi/provenance/lucene/IndexSearch.java:[47,29] [deprecation] PersistentProvenanceRepository in org.apache.nifi.provenance has been deprecated
[INFO] 
[INFO] --- maven-resources-plugin:3.1.0:testResources (default-testResources) @ nifi-persistent-provenance-repository ---
[INFO] Using 'UTF-8' encoding to copy filtered resources.
[INFO] Copying 6 resources
[INFO] Copying 3 resources
[INFO] 
[INFO] --- maven-compiler-plugin:3.8.1:testCompile (default-testCompile) @ nifi-persistent-provenance-repository ---
[INFO] Changes detected - recompiling the module!
[INFO] Compiling 20 source files to /home/srafi/after-cam-ready/compare_/compile_repair_output/work/aba19ee70dfb/nifi-nar-bundles/nifi-provenance-repository-bundle/nifi-persistent-provenance-repository/target/test-classes
[WARNING] /home/srafi/after-cam-ready/compare_/compile_repair_output/work/aba19ee70dfb/nifi-nar-bundles/nifi-provenance-repository-bundle/nifi-persistent-provenance-repository/src/test/java/org/apache/nifi/provenance/ITestPersistentProvenanceRepository.java:[98,12] [deprecation] PersistentProvenanceRepository in org.apache.nifi.provenance has been deprecated
[WARNING] /home/srafi/after-cam-ready/compare_/compile_repair_output/work/aba19ee70dfb/nifi-nar-bundles/nifi-provenance-repository-bundle/nifi-persistent-provenance-repository/src/test/java/org/apache/nifi/provenance/ITestPersistentProvenanceRepository.java:[234,19] [deprecation] PersistentProvenanceRepository in org.apache.nifi.provenance has been deprecated
[WARNING] /home/srafi/after-cam-ready/compare_/compile_repair_output/work/aba19ee70dfb/nifi-nar-bundles/nifi-provenance-repository-bundle/nifi-persistent-provenance-repository/src/test/java/org/apache/nifi/provenance/ITestPersistentProvenanceRepository.java:[282,19] [deprecation] PersistentProvenanceRepository in org.apache.nifi.provenance has been deprecated
[WARNING] /home/srafi/after-cam-ready/compare_/compile_repair_output/work/aba19ee70dfb/nifi-nar-bundles/nifi-provenance-repository-bundle/nifi-persistent-provenance-repository/src/test/java/org/apache/nifi/provenance/ITestPersistentProvenanceRepository.java:[344,19] [deprecation] PersistentProvenanceRepository in org.apache.nifi.provenance has been deprecated
[WARNING] /home/srafi/after-cam-ready/compare_/compile_repair_output/work/aba19ee70dfb/nifi-nar-bundles/nifi-provenance-repository-bundle/nifi-persistent-provenance-repository/src/test/java/org/apache/nifi/provenance/ITestPersistentProvenanceRepository.java:[370,19] [deprecation] PersistentProvenanceRepository in org.apache.nifi.provenance has been deprecated
[WARNING] /home/srafi/after-cam-ready/compare_/compile_repair_output/work/aba19ee70dfb/nifi-nar-bundles/nifi-provenance-repository-bundle/nifi-persistent-provenance-repository/src/test/java/org/apache/nifi/provenance/ITestPersistentProvenanceRepository.java:[394,19] [deprecation] PersistentProvenanceRepository in org.apache.nifi.provenance has been deprecated
[WARNING] /home/srafi/after-cam-ready/compare_/compile_repair_output/work/aba19ee70dfb/nifi-nar-bundles/nifi-provenance-repository-bundle/nifi-persistent-provenance-repository/src/test/java/org/apache/nifi/provenance/ITestPersistentProvenanceRepository.java:[449,19] [deprecation] PersistentProvenanceRepository in org.apache.nifi.provenance has been deprecated
[WARNING] /home/srafi/after-cam-ready/compare_/compile_repair_output/work/aba19ee70dfb/nifi-nar-bundles/nifi-provenance-repository-bundle/nifi-persistent-provenance-repository/src/test/java/org/apache/nifi/provenance/ITestPersistentProvenanceRepository.java:[493,19] [deprecation] PersistentProvenanceRepository in org.apache.nifi.provenance has been deprecated
[WARNING] /home/srafi/after-cam-ready/compare_/compile_repair_output/work/aba19ee70dfb/nifi-nar-bundles/nifi-provenance-repository-bundle/nifi-persistent-provenance-repository/src/test/java/org/apache/nifi/provenance/ITestPersistentProvenanceRepository.java:[537,19] [deprecation] PersistentProvenanceRepository in org.apache.nifi.provenance has been deprecated
[WARNING] /home/srafi/after-cam-ready/compare_/compile_repair_output/work/aba19ee70dfb/nifi-nar-bundles/nifi-provenance-repository-bundle/nifi-persistent-provenance-repository/src/test/java/org/apache/nifi/provenance/ITestPersistentProvenanceRepository.java:[575,19] [deprecation] PersistentProvenanceRepository in org.apache.nifi.provenance has been deprecated
[WARNING] /home/srafi/after-cam-ready/compare_/compile_repair_output/work/aba19ee70dfb/nifi-nar-bundles/nifi-provenance-repository-bundle/nifi-persistent-provenance-repository/src/test/java/org/apache/nifi/provenance/ITestPersistentProvenanceRepository.java:[636,19] [deprecation] PersistentProvenanceRepository in org.apache.nifi.provenance has been deprecated
[WARNING] /home/srafi/after-cam-ready/compare_/compile_repair_output/work/aba19ee70dfb/nifi-nar-bundles/nifi-provenance-repository-bundle/nifi-persistent-provenance-repository/src/test/java/org/apache/nifi/provenance/ITestPersistentProvenanceRepository.java:[723,19] [deprecation] PersistentProvenanceRepository in org.apache.nifi.provenance has been deprecated
[WARNING] /home/srafi/after-cam-ready/compare_/compile_repair_output/work/aba19ee70dfb/nifi-nar-bundles/nifi-provenance-repository-bundle/nifi-persistent-provenance-repository/src/test/java/org/apache/nifi/provenance/ITestPersistentProvenanceRepository.java:[779,19] [deprecation] PersistentProvenanceRepository in org.apache.nifi.provenance has been deprecated
[WARNING] /home/srafi/after-cam-ready/compare_/compile_repair_output/work/aba19ee70dfb/nifi-nar-bundles/nifi-provenance-repository-bundle/nifi-persistent-provenance-repository/src/test/java/org/apache/nifi/provenance/ITestPersistentProvenanceRepository.java:[834,19] [deprecation] PersistentProvenanceRepository in org.apache.nifi.provenance has been deprecated
[WARNING] /home/srafi/after-cam-ready/compare_/compile_repair_output/work/aba19ee70dfb/nifi-nar-bundles/nifi-provenance-repository-bundle/nifi-persistent-provenance-repository/src/test/java/org/apache/nifi/provenance/ITestPersistentProvenanceRepository.java:[893,19] [deprecation] PersistentProvenanceRepository in org.apache.nifi.provenance has been deprecated
[WARNING] /home/srafi/after-cam-ready/compare_/compile_repair_output/work/aba19ee70dfb/nifi-nar-bundles/nifi-provenance-repository-bundle/nifi-persistent-provenance-repository/src/test/java/org/apache/nifi/provenance/ITestPersistentProvenanceRepository.java:[943,19] [deprecation] PersistentProvenanceRepository in org.apache.nifi.provenance has been deprecated
[WARNING] /home/srafi/after-cam-ready/compare_/compile_repair_output/work/aba19ee70dfb/nifi-nar-bundles/nifi-provenance-repository-bundle/nifi-persistent-provenance-repository/src/test/java/org/apache/nifi/provenance/ITestPersistentProvenanceRepository.java:[990,19] [deprecation] PersistentProvenanceRepository in org.apache.nifi.provenance has been deprecated
[WARNING] /home/srafi/after-cam-ready/compare_/compile_repair_output/work/aba19ee70dfb/nifi-nar-bundles/nifi-provenance-repository-bundle/nifi-persistent-provenance-repository/src/test/java/org/apache/nifi/provenance/ITestPersistentProvenanceRepository.java:[1016,14] [deprecation] PersistentProvenanceRepository in org.apache.nifi.provenance has been deprecated
[WARNING] /home/srafi/after-cam-ready/compare_/compile_repair_output/work/aba19ee70dfb/nifi-nar-bundles/nifi-provenance-repository-bundle/nifi-persistent-provenance-repository/src/test/java/org/apache/nifi/provenance/ITestPersistentProvenanceRepository.java:[1016,62] [deprecation] PersistentProvenanceRepository in org.apache.nifi.provenance has been deprecated
[WARNING] /home/srafi/after-cam-ready/compare_/compile_repair_output/work/aba19ee70dfb/nifi-nar-bundles/nifi-provenance-repository-bundle/nifi-persistent-provenance-repository/src/test/java/org/apache/nifi/provenance/ITestPersistentProvenanceRepository.java:[1077,19] [deprecation] PersistentProvenanceRepository in org.apache.nifi.provenance has been deprecated
[WARNING] /home/srafi/after-cam-ready/compare_/compile_repair_output/work/aba19ee70dfb/nifi-nar-bundles/nifi-provenance-repository-bundle/nifi-persistent-provenance-repository/src/test/java/org/apache/nifi/provenance/ITestPersistentProvenanceRepository.java:[1108,19] [deprecation] PersistentProvenanceRepository in org.apache.nifi.provenance has been deprecated
[WARNING] /home/srafi/after-cam-ready/compare_/compile_repair_output/work/aba19ee70dfb/nifi-nar-bundles/nifi-provenance-repository-bundle/nifi-persistent-provenance-repository/src/test/java/org/apache/nifi/provenance/ITestPersistentProvenanceRepository.java:[1153,19] [deprecation] PersistentProvenanceRepository in org.apache.nifi.provenance has been deprecated
[WARNING] /home/srafi/after-cam-ready/compare_/compile_repair_output/work/aba19ee70dfb/nifi-nar-bundles/nifi-provenance-repository-bundle/nifi-persistent-provenance-repository/src/test/java/org/apache/nifi/provenance/ITestPersistentProvenanceRepository.java:[1205,19] [deprecation] PersistentProvenanceRepository in org.apache.nifi.provenance has been deprecated
[WARNING] /home/srafi/after-cam-ready/compare_/compile_repair_output/work/aba19ee70dfb/nifi-nar-bundles/nifi-provenance-repository-bundle/nifi-persistent-provenance-repository/src/test/java/org/apache/nifi/provenance/ITestPersistentProvenanceRepository.java:[1265,19] [deprecation] PersistentProvenanceRepository in org.apache.nifi.provenance has been deprecated
[WARNING] /home/srafi/after-cam-ready/compare_/compile_repair_output/work/aba19ee70dfb/nifi-nar-bundles/nifi-provenance-repository-bundle/nifi-persistent-provenance-repository/src/test/java/org/apache/nifi/provenance/ITestPersistentProvenanceRepository.java:[1383,19] [deprecation] PersistentProvenanceRepository in org.apache.nifi.provenance has been deprecated
[WARNING] /home/srafi/after-cam-ready/compare_/compile_repair_output/work/aba19ee70dfb/nifi-nar-bundles/nifi-provenance-repository-bundle/nifi-persistent-provenance-repository/src/test/java/org/apache/nifi/provenance/ITestPersistentProvenanceRepository.java:[1444,19] [deprecation] PersistentProvenanceRepository in org.apache.nifi.provenance has been deprecated
[WARNING] /home/srafi/after-cam-ready/compare_/compile_repair_output/work/aba19ee70dfb/nifi-nar-bundles/nifi-provenance-repository-bundle/nifi-persistent-provenance-repository/src/test/java/org/apache/nifi/provenance/ITestPersistentProvenanceRepository.java:[1533,19] [deprecation] PersistentProvenanceRepository in org.apache.nifi.provenance has been deprecated
[WARNING] /home/srafi/after-cam-ready/compare_/compile_repair_output/work/aba19ee70dfb/nifi-nar-bundles/nifi-provenance-repository-bundle/nifi-persistent-provenance-repository/src/test/java/org/apache/nifi/provenance/ITestPersistentProvenanceRepository.java:[1744,19] [deprecation] PersistentProvenanceRepository in org.apache.nifi.provenance has been deprecated
[WARNING] /home/srafi/after-cam-ready/compare_/compile_repair_output/work/aba19ee70dfb/nifi-nar-bundles/nifi-provenance-repository-bundle/nifi-persistent-provenance-repository/src/test/java/org/apache/nifi/provenance/ITestPersistentProvenanceRepository.java:[1798,19] [deprecation] PersistentProvenanceRepository in org.apache.nifi.provenance has been deprecated
[WARNING] /home/srafi/after-cam-ready/compare_/compile_repair_output/work/aba19ee70dfb/nifi-nar-bundles/nifi-provenance-repository-bundle/nifi-persistent-provenance-repository/src/test/java/org/apache/nifi/provenance/ITestPersistentProvenanceRepository.java:[1841,19] [deprecation] PersistentProvenanceRepository in org.apache.nifi.provenance has been deprecated
[WARNING] /home/srafi/after-cam-ready/compare_/compile_repair_output/work/aba19ee70dfb/nifi-nar-bundles/nifi-provenance-repository-bundle/nifi-persistent-provenance-repository/src/test/java/org/apache/nifi/provenance/ITestPersistentProvenanceRepository.java:[1877,40] [deprecation] PersistentProvenanceRepository in org.apache.nifi.provenance has been deprecated
[WARNING] /home/srafi/after-cam-ready/compare_/compile_repair_output/work/aba19ee70dfb/nifi-nar-bundles/nifi-provenance-repository-bundle/nifi-persistent-provenance-repository/src/test/java/org/apache/nifi/provenance/ITestPersistentProvenanceRepository.java:[1891,19] [deprecation] PersistentProvenanceRepository in org.apache.nifi.provenance has been deprecated
[WARNING] /home/srafi/after-cam-ready/compare_/compile_repair_output/work/aba19ee70dfb/nifi-nar-bundles/nifi-provenance-repository-bundle/nifi-persistent-provenance-repository/src/test/java/org/apache/nifi/provenance/ITestPersistentProvenanceRepository.java:[2005,72] [deprecation] PersistentProvenanceRepository in org.apache.nifi.provenance has been deprecated
[WARNING] /home/srafi/after-cam-ready/compare_/compile_repair_output/work/aba19ee70dfb/nifi-nar-bundles/nifi-provenance-repository-bundle/nifi-persistent-provenance-repository/src/test/java/org/apache/nifi/provenance/ITestPersistentProvenanceRepository.java:[2020,26] [deprecation] PersistentProvenanceRepository in org.apache.nifi.provenance has been deprecated
[WARNING] /home/srafi/after-cam-ready/compare_/compile_repair_output/work/aba19ee70dfb/nifi-nar-bundles/nifi-provenance-repository-bundle/nifi-persistent-provenance-repository/src/test/java/org/apache/nifi/provenance/ITestPersistentProvenanceRepository.java:[2034,26] [deprecation] PersistentProvenanceRepository in org.apache.nifi.provenance has been deprecated
[WARNING] /home/srafi/after-cam-ready/compare_/compile_repair_output/work/aba19ee70dfb/nifi-nar-bundles/nifi-provenance-repository-bundle/nifi-persistent-provenance-repository/src/test/java/org/apache/nifi/provenance/ITestPersistentProvenanceRepository.java:[2050,22] [deprecation] PersistentProvenanceRepository in org.apache.nifi.provenance has been deprecated
[INFO] 
[INFO] --- maven-compiler-plugin:3.8.1:testCompile (groovy-tests) @ nifi-persistent-provenance-repository ---
[INFO] Changes detected - recompiling the module!
[INFO] Using Groovy-Eclipse compiler to compile both Java and Groovy files
[INFO] Compiling in a forked process using /home/srafi/.m2/repository/org/codehaus/groovy/groovy-eclipse-batch/2.5.14-01/groovy-eclipse-batch-2.5.14-01.jar
[INFO] 
[INFO] --- maven-surefire-plugin:3.0.0-M8-SNAPSHOT:test (default-test) @ nifi-persistent-provenance-repository ---
[INFO] Tests are skipped.
[INFO] 
[INFO] --- maven-jar-plugin:3.2.0:jar (default-jar) @ nifi-persistent-provenance-repository ---
[INFO] Building jar: /home/srafi/after-cam-ready/compare_/compile_repair_output/work/aba19ee70dfb/nifi-nar-bundles/nifi-provenance-repository-bundle/nifi-persistent-provenance-repository/target/nifi-persistent-provenance-repository-1.15.0-SNAPSHOT.jar
[INFO] 
[INFO] --- maven-site-plugin:3.7.1:attach-descriptor (attach-descriptor) @ nifi-persistent-provenance-repository ---
[INFO] Skipping because packaging 'jar' is not pom.
[INFO] 
[INFO] --- maven-install-plugin:2.5.2:install (default-install) @ nifi-persistent-provenance-repository ---
[INFO] Installing /home/srafi/after-cam-ready/compare_/compile_repair_output/work/aba19ee70dfb/nifi-nar-bundles/nifi-provenance-repository-bundle/nifi-persistent-provenance-repository/target/nifi-persistent-provenance-repository-1.15.0-SNAPSHOT.jar to /home/srafi/.m2/repository/org/apache/nifi/nifi-persistent-provenance-repository/1.15.0-SNAPSHOT/nifi-persistent-provenance-repository-1.15.0-SNAPSHOT.jar
[INFO] Installing /home/srafi/after-cam-ready/compare_/compile_repair_output/work/aba19ee70dfb/nifi-nar-bundles/nifi-provenance-repository-bundle/nifi-persistent-provenance-repository/pom.xml to /home/srafi/.m2/repository/org/apache/nifi/nifi-persistent-provenance-repository/1.15.0-SNAPSHOT/nifi-persistent-provenance-repository-1.15.0-SNAPSHOT.pom
[INFO] 
[INFO] ----------------< org.apache.nifi:nifi-framework-core >-----------------
[INFO] Building nifi-framework-core 1.15.0-SNAPSHOT                     [57/61]
[INFO] --------------------------------[ jar ]---------------------------------
[INFO] 
[INFO] --- maven-clean-plugin:3.1.0:clean (default-clean) @ nifi-framework-core ---
[INFO] 
[INFO] --- buildnumber-maven-plugin:1.4:create (default) @ nifi-framework-core ---
[INFO] 
[INFO] --- maven-remote-resources-plugin:1.7.0:process (process-resource-bundles) @ nifi-framework-core ---
[INFO] Preparing remote bundle org.apache:apache-jar-resource-bundle:1.4
[INFO] Copying 3 resources from 1 bundle.
[INFO] 
[INFO] --- maven-resources-plugin:3.1.0:resources (default-resources) @ nifi-framework-core ---
[INFO] Using 'UTF-8' encoding to copy filtered resources.
[INFO] Copying 8 resources
[INFO] Copying 3 resources
[INFO] 
[INFO] --- maven-compiler-plugin:3.8.1:compile (default-compile) @ nifi-framework-core ---
[INFO] Changes detected - recompiling the module!
[INFO] Compiling 279 source files to /home/srafi/after-cam-ready/compare_/compile_repair_output/work/aba19ee70dfb/nifi-nar-bundles/nifi-framework-bundle/nifi-framework/nifi-framework-core/target/classes
[WARNING] /home/srafi/after-cam-ready/compare_/compile_repair_output/work/aba19ee70dfb/nifi-nar-bundles/nifi-framework-bundle/nifi-framework/nifi-framework-core/src/main/java/org/apache/nifi/controller/repository/WriteAheadFlowFileRepository.java:[34,15] [deprecation] MinimalLockingWriteAheadLog in org.wali has been deprecated
[WARNING] /home/srafi/after-cam-ready/compare_/compile_repair_output/work/aba19ee70dfb/nifi-nar-bundles/nifi-framework-bundle/nifi-framework/nifi-framework-core/src/main/java/org/apache/nifi/controller/state/providers/local/WriteAheadLocalStateProvider.java:[47,15] [deprecation] MinimalLockingWriteAheadLog in org.wali has been deprecated
[WARNING] /home/srafi/after-cam-ready/compare_/compile_repair_output/work/aba19ee70dfb/nifi-nar-bundles/nifi-framework-bundle/nifi-framework/nifi-framework-core/src/main/java/org/apache/nifi/controller/scheduling/EventDrivenSchedulingAgent.java:[175,26] [deprecation] getTimeDuration(String,TimeUnit) in FormatUtils has been deprecated
[WARNING] /home/srafi/after-cam-ready/compare_/compile_repair_output/work/aba19ee70dfb/nifi-nar-bundles/nifi-framework-bundle/nifi-framework/nifi-framework-core/src/main/java/org/apache/nifi/controller/scheduling/EventDrivenSchedulingAgent.java:[335,48] [deprecation] getTimeDuration(String,TimeUnit) in FormatUtils has been deprecated
[WARNING] /home/srafi/after-cam-ready/compare_/compile_repair_output/work/aba19ee70dfb/nifi-nar-bundles/nifi-framework-bundle/nifi-framework/nifi-framework-core/src/main/java/org/apache/nifi/controller/scheduling/EventDrivenSchedulingAgent.java:[378,44] [deprecation] getTimeDuration(String,TimeUnit) in FormatUtils has been deprecated
[WARNING] /home/srafi/after-cam-ready/compare_/compile_repair_output/work/aba19ee70dfb/nifi-nar-bundles/nifi-framework-bundle/nifi-framework/nifi-framework-core/src/main/java/org/apache/nifi/controller/scheduling/StandardProcessScheduler.java:[104,47] [deprecation] getTimeDuration(String,TimeUnit) in FormatUtils has been deprecated
[WARNING] /home/srafi/after-cam-ready/compare_/compile_repair_output/work/aba19ee70dfb/nifi-nar-bundles/nifi-framework-bundle/nifi-framework/nifi-framework-core/src/main/java/org/apache/nifi/controller/scheduling/StandardProcessScheduler.java:[107,81] [deprecation] getTimeDuration(String,TimeUnit) in FormatUtils has been deprecated
[WARNING] /home/srafi/after-cam-ready/compare_/compile_repair_output/work/aba19ee70dfb/nifi-nar-bundles/nifi-framework-bundle/nifi-framework/nifi-framework-core/src/main/java/org/apache/nifi/controller/flow/StandardFlowManager.java:[203,68] [deprecation] getTimeDuration(String,TimeUnit) in FormatUtils has been deprecated
[WARNING] /home/srafi/after-cam-ready/compare_/compile_repair_output/work/aba19ee70dfb/nifi-nar-bundles/nifi-framework-bundle/nifi-framework/nifi-framework-core/src/main/java/org/apache/nifi/persistence/FlowConfigurationArchiveManager.java:[78,78] [deprecation] getTimeDuration(String,TimeUnit) in FormatUtils has been deprecated
[WARNING] /home/srafi/after-cam-ready/compare_/compile_repair_output/work/aba19ee70dfb/nifi-nar-bundles/nifi-framework-bundle/nifi-framework/nifi-framework-core/src/main/java/org/apache/nifi/controller/repository/VolatileContentRepository.java:[341,16] [deprecation] merge(Collection<ContentClaim>,ContentClaim,byte[],byte[],byte[]) in ContentRepository has been deprecated
[WARNING] /home/srafi/after-cam-ready/compare_/compile_repair_output/work/aba19ee70dfb/nifi-nar-bundles/nifi-framework-bundle/nifi-framework/nifi-framework-core/src/main/java/org/apache/nifi/controller/scheduling/AbstractTimeBasedSchedulingAgent.java:[91,26] [deprecation] getTimeDuration(String,TimeUnit) in FormatUtils has been deprecated
[WARNING] /home/srafi/after-cam-ready/compare_/compile_repair_output/work/aba19ee70dfb/nifi-nar-bundles/nifi-framework-bundle/nifi-framework/nifi-framework-core/src/main/java/org/apache/nifi/controller/scheduling/TimerDrivenSchedulingAgent.java:[45,42] [deprecation] getTimeDuration(String,TimeUnit) in FormatUtils has been deprecated
[WARNING] /home/srafi/after-cam-ready/compare_/compile_repair_output/work/aba19ee70dfb/nifi-nar-bundles/nifi-framework-bundle/nifi-framework/nifi-framework-core/src/main/java/org/apache/nifi/controller/tasks/ExpireFlowFiles.java:[72,27] [deprecation] getTimeDuration(String,TimeUnit) in FormatUtils has been deprecated
[WARNING] /home/srafi/after-cam-ready/compare_/compile_repair_output/work/aba19ee70dfb/nifi-nar-bundles/nifi-framework-bundle/nifi-framework/nifi-framework-core/src/main/java/org/apache/nifi/controller/repository/FileSystemRepository.java:[762,16] [deprecation] merge(Collection<ContentClaim>,ContentClaim,byte[],byte[],byte[]) in ContentRepository has been deprecated
[WARNING] /home/srafi/after-cam-ready/compare_/compile_repair_output/work/aba19ee70dfb/nifi-nar-bundles/nifi-framework-bundle/nifi-framework/nifi-framework-core/src/main/java/org/apache/nifi/controller/repository/FileSystemRepository.java:[248,108] [deprecation] getTimeDuration(String,TimeUnit) in FormatUtils has been deprecated
[WARNING] /home/srafi/after-cam-ready/compare_/compile_repair_output/work/aba19ee70dfb/nifi-nar-bundles/nifi-framework-bundle/nifi-framework/nifi-framework-core/src/main/java/org/apache/nifi/controller/repository/FileSystemRepository.java:[1802,45] [deprecation] getTimeDuration(String,TimeUnit) in FormatUtils has been deprecated
[WARNING] /home/srafi/after-cam-ready/compare_/compile_repair_output/work/aba19ee70dfb/nifi-nar-bundles/nifi-framework-bundle/nifi-framework/nifi-framework-core/src/main/java/org/apache/nifi/controller/cluster/ZooKeeperClientConfig.java:[215,36] [deprecation] getTimeDuration(String,TimeUnit) in FormatUtils has been deprecated
[WARNING] /home/srafi/after-cam-ready/compare_/compile_repair_output/work/aba19ee70dfb/nifi-nar-bundles/nifi-framework-bundle/nifi-framework/nifi-framework-core/src/main/java/org/apache/nifi/controller/cluster/ZooKeeperClientConfig.java:[218,36] [deprecation] getTimeDuration(String,TimeUnit) in FormatUtils has been deprecated
[WARNING] /home/srafi/after-cam-ready/compare_/compile_repair_output/work/aba19ee70dfb/nifi-nar-bundles/nifi-framework-bundle/nifi-framework/nifi-framework-core/src/main/java/org/apache/nifi/controller/repository/WriteAheadFlowFileRepository.java:[197,43] [deprecation] getTimeDuration(String,TimeUnit) in FormatUtils has been deprecated
[WARNING] /home/srafi/after-cam-ready/compare_/compile_repair_output/work/aba19ee70dfb/nifi-nar-bundles/nifi-framework-bundle/nifi-framework/nifi-framework-core/src/main/java/org/apache/nifi/controller/repository/WriteAheadFlowFileRepository.java:[254,22] [deprecation] MinimalLockingWriteAheadLog in org.wali has been deprecated
[WARNING] /home/srafi/after-cam-ready/compare_/compile_repair_output/work/aba19ee70dfb/nifi-nar-bundles/nifi-framework-bundle/nifi-framework/nifi-framework-core/src/main/java/org/apache/nifi/controller/queue/AbstractFlowFileQueue.java:[107,39] [deprecation] getTimeDuration(String,TimeUnit) in FormatUtils has been deprecated
[WARNING] /home/srafi/after-cam-ready/compare_/compile_repair_output/work/aba19ee70dfb/nifi-nar-bundles/nifi-framework-bundle/nifi-framework/nifi-framework-core/src/main/java/org/apache/nifi/controller/state/providers/local/WriteAheadLocalStateProvider.java:[131,28] [deprecation] MinimalLockingWriteAheadLog in org.wali has been deprecated
[WARNING] /home/srafi/after-cam-ready/compare_/compile_repair_output/work/aba19ee70dfb/nifi-nar-bundles/nifi-framework-bundle/nifi-framework/nifi-framework-core/src/main/java/org/apache/nifi/controller/StandardFlowService.java:[197,51] [deprecation] getTimeDuration(String,TimeUnit) in FormatUtils has been deprecated
[INFO] 
[INFO] --- maven-resources-plugin:3.1.0:testResources (default-testResources) @ nifi-framework-core ---
[INFO] Using 'UTF-8' encoding to copy filtered resources.
[INFO] Copying 64 resources
[INFO] Copying 3 resources
[INFO] 
[INFO] --- maven-compiler-plugin:3.8.1:testCompile (default-testCompile) @ nifi-framework-core ---
[INFO] Changes detected - recompiling the module!
[INFO] Compiling 135 source files to /home/srafi/after-cam-ready/compare_/compile_repair_output/work/aba19ee70dfb/nifi-nar-bundles/nifi-framework-bundle/nifi-framework/nifi-framework-core/target/test-classes
[WARNING] /home/srafi/after-cam-ready/compare_/compile_repair_output/work/aba19ee70dfb/nifi-nar-bundles/nifi-framework-bundle/nifi-framework/nifi-framework-core/src/test/java/org/apache/nifi/controller/repository/TestWriteAheadFlowFileRepository.java:[76,15] [deprecation] MinimalLockingWriteAheadLog in org.wali has been deprecated
[WARNING] /home/srafi/after-cam-ready/compare_/compile_repair_output/work/aba19ee70dfb/nifi-nar-bundles/nifi-framework-bundle/nifi-framework/nifi-framework-core/src/test/java/org/apache/nifi/controller/repository/StandardProcessSessionIT.java:[3039,20] [deprecation] merge(Collection<ContentClaim>,ContentClaim,byte[],byte[],byte[]) in ContentRepository has been deprecated
[WARNING] /home/srafi/after-cam-ready/compare_/compile_repair_output/work/aba19ee70dfb/nifi-nar-bundles/nifi-framework-bundle/nifi-framework/nifi-framework-core/src/test/java/org/apache/nifi/controller/state/server/ITZooKeeperStateServerTLS.java:[69,66] [deprecation] none() in ExpectedException has been deprecated
[WARNING] /home/srafi/after-cam-ready/compare_/compile_repair_output/work/aba19ee70dfb/nifi-nar-bundles/nifi-framework-bundle/nifi-framework/nifi-framework-core/src/test/java/org/apache/nifi/controller/StandardProcessorNodeIT.java:[263,12] [deprecation] <T>assertThat(T,Matcher<? super T>) in Assert has been deprecated
  where T is a type-variable:
    T extends Object declared in method <T>assertThat(T,Matcher<? super T>)
[INFO] 
[INFO] --- maven-compiler-plugin:3.8.1:testCompile (groovy-tests) @ nifi-framework-core ---
[INFO] Changes detected - recompiling the module!
[INFO] Using Groovy-Eclipse compiler to compile both Java and Groovy files
[INFO] Compiling in a forked process using /home/srafi/.m2/repository/org/codehaus/groovy/groovy-eclipse-batch/2.5.14-01/groovy-eclipse-batch-2.5.14-01.jar
[INFO] 
[INFO] --- maven-surefire-plugin:3.0.0-M8-SNAPSHOT:test (default-test) @ nifi-framework-core ---
[INFO] Tests are skipped.
[INFO] 
[INFO] --- maven-jar-plugin:3.2.0:jar (default-jar) @ nifi-framework-core ---
[INFO] Building jar: /home/srafi/after-cam-ready/compare_/compile_repair_output/work/aba19ee70dfb/nifi-nar-bundles/nifi-framework-bundle/nifi-framework/nifi-framework-core/target/nifi-framework-core-1.15.0-SNAPSHOT.jar
[INFO] 
[INFO] --- maven-site-plugin:3.7.1:attach-descriptor (attach-descriptor) @ nifi-framework-core ---
[INFO] Skipping because packaging 'jar' is not pom.
[INFO] 
[INFO] --- maven-install-plugin:2.5.2:install (default-install) @ nifi-framework-core ---
[INFO] Installing /home/srafi/after-cam-ready/compare_/compile_repair_output/work/aba19ee70dfb/nifi-nar-bundles/nifi-framework-bundle/nifi-framework/nifi-framework-core/target/nifi-framework-core-1.15.0-SNAPSHOT.jar to /home/srafi/.m2/repository/org/apache/nifi/nifi-framework-core/1.15.0-SNAPSHOT/nifi-framework-core-1.15.0-SNAPSHOT.jar
[INFO] Installing /home/srafi/after-cam-ready/compare_/compile_repair_output/work/aba19ee70dfb/nifi-nar-bundles/nifi-framework-bundle/nifi-framework/nifi-framework-core/pom.xml to /home/srafi/.m2/repository/org/apache/nifi/nifi-framework-core/1.15.0-SNAPSHOT/nifi-framework-core-1.15.0-SNAPSHOT.pom
[INFO] 
[INFO] ----------------------< org.apache.nifi:nifi-web >----------------------
[INFO] Building nifi-web 1.15.0-SNAPSHOT                                [58/61]
[INFO] --------------------------------[ pom ]---------------------------------
[INFO] 
[INFO] --- maven-clean-plugin:3.1.0:clean (default-clean) @ nifi-web ---
[INFO] 
[INFO] --- buildnumber-maven-plugin:1.4:create (default) @ nifi-web ---
[INFO] 
[INFO] --- maven-remote-resources-plugin:1.7.0:process (process-resource-bundles) @ nifi-web ---
[INFO] Preparing remote bundle org.apache:apache-jar-resource-bundle:1.4
[INFO] Copying 3 resources from 1 bundle.
[INFO] 
[INFO] --- maven-compiler-plugin:3.8.1:testCompile (groovy-tests) @ nifi-web ---
[INFO] No sources to compile
[INFO] 
[INFO] --- maven-site-plugin:3.7.1:attach-descriptor (attach-descriptor) @ nifi-web ---
[INFO] No site descriptor found: nothing to attach.
[INFO] 
[INFO] --- maven-install-plugin:2.5.2:install (default-install) @ nifi-web ---
[INFO] Installing /home/srafi/after-cam-ready/compare_/compile_repair_output/work/aba19ee70dfb/nifi-nar-bundles/nifi-framework-bundle/nifi-framework/nifi-web/pom.xml to /home/srafi/.m2/repository/org/apache/nifi/nifi-web/1.15.0-SNAPSHOT/nifi-web-1.15.0-SNAPSHOT.pom
[INFO] 
[INFO] -----------------< org.apache.nifi:nifi-web-security >------------------
[INFO] Building nifi-web-security 1.15.0-SNAPSHOT                       [59/61]
[INFO] --------------------------------[ jar ]---------------------------------
[INFO] 
[INFO] --- maven-clean-plugin:3.1.0:clean (default-clean) @ nifi-web-security ---
[INFO] 
[INFO] --- buildnumber-maven-plugin:1.4:create (default) @ nifi-web-security ---
[INFO] 
[INFO] --- jaxb2-maven-plugin:2.5.0:xjc (current) @ nifi-web-security ---
[INFO] Created EpisodePath [/home/srafi/after-cam-ready/compare_/compile_repair_output/work/aba19ee70dfb/nifi-nar-bundles/nifi-framework-bundle/nifi-framework/nifi-web/nifi-web-security/target/generated-sources/jaxb/META-INF/JAXB]: true
[INFO] Ignored given or default xjbSources [/home/srafi/after-cam-ready/compare_/compile_repair_output/work/aba19ee70dfb/nifi-nar-bundles/nifi-framework-bundle/nifi-framework/nifi-web/nifi-web-security/src/main/xjb], since it is not an existent file or directory.
[INFO] Created EpisodePath [/home/srafi/after-cam-ready/compare_/compile_repair_output/work/aba19ee70dfb/nifi-nar-bundles/nifi-framework-bundle/nifi-framework/nifi-web/nifi-web-security/target/generated-sources/jaxb/META-INF/JAXB]: true
[INFO] 
[INFO] --- maven-remote-resources-plugin:1.7.0:process (process-resource-bundles) @ nifi-web-security ---
[INFO] Preparing remote bundle org.apache:apache-jar-resource-bundle:1.4
[INFO] Copying 3 resources from 1 bundle.
[INFO] 
[INFO] --- maven-resources-plugin:3.1.0:resources (default-resources) @ nifi-web-security ---
[INFO] Using 'UTF-8' encoding to copy filtered resources.
[INFO] skip non existing resourceDirectory /home/srafi/after-cam-ready/compare_/compile_repair_output/work/aba19ee70dfb/nifi-nar-bundles/nifi-framework-bundle/nifi-framework/nifi-web/nifi-web-security/src/main/resources
[INFO] Copying 1 resource
[INFO] Copying 1 resource
[INFO] Copying 1 resource
[INFO] Copying 3 resources
[INFO] 
[INFO] --- maven-compiler-plugin:3.8.1:compile (default-compile) @ nifi-web-security ---
[INFO] Changes detected - recompiling the module!
[INFO] Compiling 108 source files to /home/srafi/after-cam-ready/compare_/compile_repair_output/work/aba19ee70dfb/nifi-nar-bundles/nifi-framework-bundle/nifi-framework/nifi-web/nifi-web-security/target/classes
[WARNING] /home/srafi/after-cam-ready/compare_/compile_repair_output/work/aba19ee70dfb/nifi-nar-bundles/nifi-framework-bundle/nifi-framework/nifi-web/nifi-web-security/src/main/java/org/apache/nifi/web/security/kerberos/KerberosService.java:[23,48] [deprecation] Base64 in org.springframework.security.crypto.codec has been deprecated
[WARNING] /home/srafi/after-cam-ready/compare_/compile_repair_output/work/aba19ee70dfb/nifi-nar-bundles/nifi-framework-bundle/nifi-framework/nifi-web/nifi-web-security/src/main/java/org/apache/nifi/web/security/x509/ocsp/OcspCertificateValidator.java:[127,60] [deprecation] getTimeDuration(String,TimeUnit) in FormatUtils has been deprecated
[WARNING] /home/srafi/after-cam-ready/compare_/compile_repair_output/work/aba19ee70dfb/nifi-nar-bundles/nifi-framework-bundle/nifi-framework/nifi-web/nifi-web-security/src/main/java/org/apache/nifi/web/security/kerberos/KerberosService.java:[62,36] [deprecation] Base64 in org.springframework.security.crypto.codec has been deprecated
[INFO] 
[INFO] --- maven-resources-plugin:3.1.0:testResources (default-testResources) @ nifi-web-security ---
[INFO] Using 'UTF-8' encoding to copy filtered resources.
[INFO] Copying 1 resource
[INFO] Copying 3 resources
[INFO] 
[INFO] --- maven-compiler-plugin:3.8.1:testCompile (default-testCompile) @ nifi-web-security ---
[INFO] Changes detected - recompiling the module!
[INFO] Compiling 25 source files to /home/srafi/after-cam-ready/compare_/compile_repair_output/work/aba19ee70dfb/nifi-nar-bundles/nifi-framework-bundle/nifi-framework/nifi-web/nifi-web-security/target/test-classes
[WARNING] /home/srafi/after-cam-ready/compare_/compile_repair_output/work/aba19ee70dfb/nifi-nar-bundles/nifi-framework-bundle/nifi-framework/nifi-web/nifi-web-security/src/test/java/org/apache/nifi/web/security/x509/ocsp/OcspCertificateValidatorTest.java:[24,33] [deprecation] X509Extension in org.bouncycastle.asn1.x509 has been deprecated
[WARNING] /home/srafi/after-cam-ready/compare_/compile_repair_output/work/aba19ee70dfb/nifi-nar-bundles/nifi-framework-bundle/nifi-framework/nifi-web/nifi-web-security/src/test/java/org/apache/nifi/web/security/jwt/revocation/StandardJwtLogoutListenerTest.java:[66,8] [deprecation] verifyZeroInteractions(Object...) in Mockito has been deprecated
[WARNING] /home/srafi/after-cam-ready/compare_/compile_repair_output/work/aba19ee70dfb/nifi-nar-bundles/nifi-framework-bundle/nifi-framework/nifi-web/nifi-web-security/src/test/java/org/apache/nifi/web/security/jwt/revocation/StandardJwtLogoutListenerTest.java:[67,8] [deprecation] verifyZeroInteractions(Object...) in Mockito has been deprecated
[WARNING] /home/srafi/after-cam-ready/compare_/compile_repair_output/work/aba19ee70dfb/nifi-nar-bundles/nifi-framework-bundle/nifi-framework/nifi-web/nifi-web-security/src/test/java/org/apache/nifi/web/security/x509/ocsp/OcspCertificateValidatorTest.java:[149,33] [deprecation] X509Extension in org.bouncycastle.asn1.x509 has been deprecated
[WARNING] /home/srafi/after-cam-ready/compare_/compile_repair_output/work/aba19ee70dfb/nifi-nar-bundles/nifi-framework-bundle/nifi-framework/nifi-web/nifi-web-security/src/test/java/org/apache/nifi/web/security/x509/ocsp/OcspCertificateValidatorTest.java:[156,33] [deprecation] X509Extension in org.bouncycastle.asn1.x509 has been deprecated
[WARNING] /home/srafi/after-cam-ready/compare_/compile_repair_output/work/aba19ee70dfb/nifi-nar-bundles/nifi-framework-bundle/nifi-framework/nifi-web/nifi-web-security/src/test/java/org/apache/nifi/web/security/x509/ocsp/OcspCertificateValidatorTest.java:[156,72] [deprecation] ExtendedKeyUsage(Vector) in ExtendedKeyUsage has been deprecated
[INFO] 
[INFO] --- maven-compiler-plugin:3.8.1:testCompile (groovy-tests) @ nifi-web-security ---
[INFO] Changes detected - recompiling the module!
[INFO] Using Groovy-Eclipse compiler to compile both Java and Groovy files
[INFO] Compiling in a forked process using /home/srafi/.m2/repository/org/codehaus/groovy/groovy-eclipse-batch/2.5.14-01/groovy-eclipse-batch-2.5.14-01.jar
[INFO] 
[INFO] --- maven-surefire-plugin:3.0.0-M8-SNAPSHOT:test (default-test) @ nifi-web-security ---
[INFO] Tests are skipped.
[INFO] 
[INFO] --- maven-jar-plugin:3.1.1:jar (default-jar) @ nifi-web-security ---
[INFO] Building jar: /home/srafi/after-cam-ready/compare_/compile_repair_output/work/aba19ee70dfb/nifi-nar-bundles/nifi-framework-bundle/nifi-framework/nifi-web/nifi-web-security/target/nifi-web-security-1.15.0-SNAPSHOT.jar
[INFO] 
[INFO] --- maven-site-plugin:3.7.1:attach-descriptor (attach-descriptor) @ nifi-web-security ---
[INFO] Skipping because packaging 'jar' is not pom.
[INFO] 
[INFO] --- maven-jar-plugin:3.1.1:test-jar (default) @ nifi-web-security ---
[INFO] Building jar: /home/srafi/after-cam-ready/compare_/compile_repair_output/work/aba19ee70dfb/nifi-nar-bundles/nifi-framework-bundle/nifi-framework/nifi-web/nifi-web-security/target/nifi-web-security-1.15.0-SNAPSHOT-tests.jar
[INFO] 
[INFO] --- maven-install-plugin:2.5.2:install (default-install) @ nifi-web-security ---
[INFO] Installing /home/srafi/after-cam-ready/compare_/compile_repair_output/work/aba19ee70dfb/nifi-nar-bundles/nifi-framework-bundle/nifi-framework/nifi-web/nifi-web-security/target/nifi-web-security-1.15.0-SNAPSHOT.jar to /home/srafi/.m2/repository/org/apache/nifi/nifi-web-security/1.15.0-SNAPSHOT/nifi-web-security-1.15.0-SNAPSHOT.jar
[INFO] Installing /home/srafi/after-cam-ready/compare_/compile_repair_output/work/aba19ee70dfb/nifi-nar-bundles/nifi-framework-bundle/nifi-framework/nifi-web/nifi-web-security/pom.xml to /home/srafi/.m2/repository/org/apache/nifi/nifi-web-security/1.15.0-SNAPSHOT/nifi-web-security-1.15.0-SNAPSHOT.pom
[INFO] Installing /home/srafi/after-cam-ready/compare_/compile_repair_output/work/aba19ee70dfb/nifi-nar-bundles/nifi-framework-bundle/nifi-framework/nifi-web/nifi-web-security/target/nifi-web-security-1.15.0-SNAPSHOT-tests.jar to /home/srafi/.m2/repository/org/apache/nifi/nifi-web-security/1.15.0-SNAPSHOT/nifi-web-security-1.15.0-SNAPSHOT-tests.jar
[INFO] 
[INFO] ------------< org.apache.nifi:nifi-web-optimistic-locking >-------------
[INFO] Building nifi-web-optimistic-locking 1.15.0-SNAPSHOT             [60/61]
[INFO] --------------------------------[ jar ]---------------------------------
[INFO] 
[INFO] --- maven-clean-plugin:3.1.0:clean (default-clean) @ nifi-web-optimistic-locking ---
[INFO] 
[INFO] --- buildnumber-maven-plugin:1.4:create (default) @ nifi-web-optimistic-locking ---
[INFO] 
[INFO] --- maven-remote-resources-plugin:1.7.0:process (process-resource-bundles) @ nifi-web-optimistic-locking ---
[INFO] Preparing remote bundle org.apache:apache-jar-resource-bundle:1.4
[INFO] Copying 3 resources from 1 bundle.
[INFO] 
[INFO] --- maven-resources-plugin:3.1.0:resources (default-resources) @ nifi-web-optimistic-locking ---
[INFO] Using 'UTF-8' encoding to copy filtered resources.
[INFO] skip non existing resourceDirectory /home/srafi/after-cam-ready/compare_/compile_repair_output/work/aba19ee70dfb/nifi-nar-bundles/nifi-framework-bundle/nifi-framework/nifi-web/nifi-web-optimistic-locking/src/main/resources
[INFO] Copying 3 resources
[INFO] 
[INFO] --- maven-compiler-plugin:3.8.1:compile (default-compile) @ nifi-web-optimistic-locking ---
[INFO] Changes detected - recompiling the module!
[INFO] Compiling 11 source files to /home/srafi/after-cam-ready/compare_/compile_repair_output/work/aba19ee70dfb/nifi-nar-bundles/nifi-framework-bundle/nifi-framework/nifi-web/nifi-web-optimistic-locking/target/classes
[INFO] 
[INFO] --- maven-resources-plugin:3.1.0:testResources (default-testResources) @ nifi-web-optimistic-locking ---
[INFO] Using 'UTF-8' encoding to copy filtered resources.
[INFO] skip non existing resourceDirectory /home/srafi/after-cam-ready/compare_/compile_repair_output/work/aba19ee70dfb/nifi-nar-bundles/nifi-framework-bundle/nifi-framework/nifi-web/nifi-web-optimistic-locking/src/test/resources
[INFO] Copying 3 resources
[INFO] 
[INFO] --- maven-compiler-plugin:3.8.1:testCompile (default-testCompile) @ nifi-web-optimistic-locking ---
[INFO] Changes detected - recompiling the module!
[INFO] Compiling 1 source file to /home/srafi/after-cam-ready/compare_/compile_repair_output/work/aba19ee70dfb/nifi-nar-bundles/nifi-framework-bundle/nifi-framework/nifi-web/nifi-web-optimistic-locking/target/test-classes
[INFO] 
[INFO] --- maven-compiler-plugin:3.8.1:testCompile (groovy-tests) @ nifi-web-optimistic-locking ---
[INFO] Changes detected - recompiling the module!
[INFO] Nothing to compile - all classes are up to date
[INFO] 
[INFO] --- maven-surefire-plugin:3.0.0-M8-SNAPSHOT:test (default-test) @ nifi-web-optimistic-locking ---
[INFO] Tests are skipped.
[INFO] 
[INFO] --- maven-jar-plugin:3.2.0:jar (default-jar) @ nifi-web-optimistic-locking ---
[INFO] Building jar: /home/srafi/after-cam-ready/compare_/compile_repair_output/work/aba19ee70dfb/nifi-nar-bundles/nifi-framework-bundle/nifi-framework/nifi-web/nifi-web-optimistic-locking/target/nifi-web-optimistic-locking-1.15.0-SNAPSHOT.jar
[INFO] 
[INFO] --- maven-site-plugin:3.7.1:attach-descriptor (attach-descriptor) @ nifi-web-optimistic-locking ---
[INFO] Skipping because packaging 'jar' is not pom.
[INFO] 
[INFO] --- maven-install-plugin:2.5.2:install (default-install) @ nifi-web-optimistic-locking ---
[INFO] Installing /home/srafi/after-cam-ready/compare_/compile_repair_output/work/aba19ee70dfb/nifi-nar-bundles/nifi-framework-bundle/nifi-framework/nifi-web/nifi-web-optimistic-locking/target/nifi-web-optimistic-locking-1.15.0-SNAPSHOT.jar to /home/srafi/.m2/repository/org/apache/nifi/nifi-web-optimistic-locking/1.15.0-SNAPSHOT/nifi-web-optimistic-locking-1.15.0-SNAPSHOT.jar
[INFO] Installing /home/srafi/after-cam-ready/compare_/compile_repair_output/work/aba19ee70dfb/nifi-nar-bundles/nifi-framework-bundle/nifi-framework/nifi-web/nifi-web-optimistic-locking/pom.xml to /home/srafi/.m2/repository/org/apache/nifi/nifi-web-optimistic-locking/1.15.0-SNAPSHOT/nifi-web-optimistic-locking-1.15.0-SNAPSHOT.pom
[INFO] 
[INFO] ---------------< org.apache.nifi:nifi-framework-cluster >---------------
[INFO] Building nifi-framework-cluster 1.15.0-SNAPSHOT                  [61/61]
[INFO] --------------------------------[ jar ]---------------------------------
[INFO] 
[INFO] --- maven-clean-plugin:3.1.0:clean (default-clean) @ nifi-framework-cluster ---
[INFO] 
[INFO] --- buildnumber-maven-plugin:1.4:create (default) @ nifi-framework-cluster ---
[INFO] 
[INFO] --- maven-remote-resources-plugin:1.7.0:process (process-resource-bundles) @ nifi-framework-cluster ---
[INFO] Preparing remote bundle org.apache:apache-jar-resource-bundle:1.4
[INFO] Copying 3 resources from 1 bundle.
[INFO] 
[INFO] --- maven-resources-plugin:3.1.0:resources (default-resources) @ nifi-framework-cluster ---
[INFO] Using 'UTF-8' encoding to copy filtered resources.
[INFO] Copying 1 resource
[INFO] Copying 3 resources
[INFO] 
[INFO] --- maven-compiler-plugin:3.8.1:compile (default-compile) @ nifi-framework-cluster ---
[INFO] Changes detected - recompiling the module!
[INFO] Compiling 160 source files to /home/srafi/after-cam-ready/compare_/compile_repair_output/work/aba19ee70dfb/nifi-nar-bundles/nifi-framework-bundle/nifi-framework/nifi-framework-cluster/target/classes
[WARNING] /home/srafi/after-cam-ready/compare_/compile_repair_output/work/aba19ee70dfb/nifi-nar-bundles/nifi-framework-bundle/nifi-framework/nifi-framework-cluster/src/main/java/org/apache/nifi/cluster/coordination/http/StandardHttpResponseMapper.java:[108,40] [deprecation] getTimeDuration(String,TimeUnit) in FormatUtils has been deprecated
[WARNING] /home/srafi/after-cam-ready/compare_/compile_repair_output/work/aba19ee70dfb/nifi-nar-bundles/nifi-framework-bundle/nifi-framework/nifi-framework-cluster/src/main/java/org/apache/nifi/cluster/coordination/http/StandardHttpResponseMapper.java:[110,40] [deprecation] getTimeDuration(String,TimeUnit) in FormatUtils has been deprecated
[WARNING] /home/srafi/after-cam-ready/compare_/compile_repair_output/work/aba19ee70dfb/nifi-nar-bundles/nifi-framework-bundle/nifi-framework/nifi-framework-cluster/src/main/java/org/apache/nifi/cluster/coordination/heartbeat/AbstractHeartbeatMonitor.java:[53,56] [deprecation] getTimeDuration(String,TimeUnit) in FormatUtils has been deprecated
[WARNING] /home/srafi/after-cam-ready/compare_/compile_repair_output/work/aba19ee70dfb/nifi-nar-bundles/nifi-framework-bundle/nifi-framework/nifi-framework-cluster/src/main/java/org/apache/nifi/cluster/coordination/flow/PopularVoteFlowElectionFactoryBean.java:[44,39] [deprecation] getTimeDuration(String,TimeUnit) in FormatUtils has been deprecated
[WARNING] /home/srafi/after-cam-ready/compare_/compile_repair_output/work/aba19ee70dfb/nifi-nar-bundles/nifi-framework-bundle/nifi-framework/nifi-framework-cluster/src/main/java/org/apache/nifi/cluster/coordination/flow/PopularVoteFlowElectionFactoryBean.java:[48,39] [deprecation] getTimeDuration(String,TimeUnit) in FormatUtils has been deprecated
[WARNING] /home/srafi/after-cam-ready/compare_/compile_repair_output/work/aba19ee70dfb/nifi-nar-bundles/nifi-framework-bundle/nifi-framework/nifi-framework-cluster/src/main/java/org/apache/nifi/cluster/coordination/http/replication/okhttp/OkHttpReplicationClient.java:[244,26] [deprecation] create(MediaType,byte[]) in RequestBody has been deprecated
[INFO] 
[INFO] --- maven-resources-plugin:3.1.0:testResources (default-testResources) @ nifi-framework-cluster ---
[INFO] Using 'UTF-8' encoding to copy filtered resources.
[INFO] Copying 11 resources
[INFO] Copying 3 resources
[INFO] 
[INFO] --- maven-compiler-plugin:3.8.1:testCompile (default-testCompile) @ nifi-framework-cluster ---
[INFO] Changes detected - recompiling the module!
[INFO] Compiling 29 source files to /home/srafi/after-cam-ready/compare_/compile_repair_output/work/aba19ee70dfb/nifi-nar-bundles/nifi-framework-bundle/nifi-framework/nifi-framework-cluster/target/test-classes
[INFO] 
[INFO] --- maven-compiler-plugin:3.8.1:testCompile (groovy-tests) @ nifi-framework-cluster ---
[INFO] Changes detected - recompiling the module!
[INFO] Using Groovy-Eclipse compiler to compile both Java and Groovy files
[INFO] Compiling in a forked process using /home/srafi/.m2/repository/org/codehaus/groovy/groovy-eclipse-batch/2.5.14-01/groovy-eclipse-batch-2.5.14-01.jar
[INFO] 
[INFO] --- maven-surefire-plugin:3.0.0-M8-SNAPSHOT:test (default-test) @ nifi-framework-cluster ---
[INFO] Tests are skipped.
[INFO] 
[INFO] --- maven-jar-plugin:3.2.0:jar (default-jar) @ nifi-framework-cluster ---
[INFO] Building jar: /home/srafi/after-cam-ready/compare_/compile_repair_output/work/aba19ee70dfb/nifi-nar-bundles/nifi-framework-bundle/nifi-framework/nifi-framework-cluster/target/nifi-framework-cluster-1.15.0-SNAPSHOT.jar
[INFO] 
[INFO] --- maven-site-plugin:3.7.1:attach-descriptor (attach-descriptor) @ nifi-framework-cluster ---
[INFO] Skipping because packaging 'jar' is not pom.
[INFO] 
[INFO] --- maven-install-plugin:2.5.2:install (default-install) @ nifi-framework-cluster ---
[INFO] Installing /home/srafi/after-cam-ready/compare_/compile_repair_output/work/aba19ee70dfb/nifi-nar-bundles/nifi-framework-bundle/nifi-framework/nifi-framework-cluster/target/nifi-framework-cluster-1.15.0-SNAPSHOT.jar to /home/srafi/.m2/repository/org/apache/nifi/nifi-framework-cluster/1.15.0-SNAPSHOT/nifi-framework-cluster-1.15.0-SNAPSHOT.jar
[INFO] Installing /home/srafi/after-cam-ready/compare_/compile_repair_output/work/aba19ee70dfb/nifi-nar-bundles/nifi-framework-bundle/nifi-framework/nifi-framework-cluster/pom.xml to /home/srafi/.m2/repository/org/apache/nifi/nifi-framework-cluster/1.15.0-SNAPSHOT/nifi-framework-cluster-1.15.0-SNAPSHOT.pom
[INFO] ------------------------------------------------------------------------
[INFO] Reactor Summary for nifi 1.15.0-SNAPSHOT:
[INFO] 
[INFO] nifi ............................................... SUCCESS [  0.654 s]
[INFO] nifi-commons ....................................... SUCCESS [  0.018 s]
[INFO] nifi-api ........................................... SUCCESS [  5.239 s]
[INFO] nifi-utils ......................................... SUCCESS [  2.501 s]
[INFO] nifi-security-utils-api ............................ SUCCESS [  1.361 s]
[INFO] nifi-security-kms .................................. SUCCESS [  0.875 s]
[INFO] nifi-property-utils ................................ SUCCESS [  0.396 s]
[INFO] nifi-properties .................................... SUCCESS [  1.078 s]
[INFO] nifi-security-utils ................................ SUCCESS [  3.250 s]
[INFO] nifi-framework-api ................................. SUCCESS [  1.404 s]
[INFO] nifi-data-provenance-utils ......................... SUCCESS [  0.602 s]
[INFO] nifi-parameter ..................................... SUCCESS [  0.896 s]
[INFO] nifi-uuid5 ......................................... SUCCESS [  0.335 s]
[INFO] nifi-expression-language ........................... SUCCESS [  3.589 s]
[INFO] nifi-property-encryptor ............................ SUCCESS [  0.953 s]
[INFO] nifi-logging-utils ................................. SUCCESS [  0.331 s]
[INFO] nifi-vault-utils ................................... SUCCESS [  1.123 s]
[INFO] nifi-sensitive-property-provider ................... SUCCESS [  4.878 s]
[INFO] nifi-repository-encryption ......................... SUCCESS [  1.064 s]
[INFO] nifi-rocksdb-utils ................................. SUCCESS [  0.864 s]
[INFO] nifi-schema-utils .................................. SUCCESS [  1.013 s]
[INFO] nifi-registry ...................................... SUCCESS [  0.327 s]
[INFO] nifi-registry-core ................................. SUCCESS [  0.013 s]
[INFO] nifi-registry-revision ............................. SUCCESS [  0.013 s]
[INFO] nifi-registry-revision-entity-model ................ SUCCESS [  0.442 s]
[INFO] nifi-registry-data-model ........................... SUCCESS [  1.016 s]
[INFO] nifi-nar-bundles ................................... SUCCESS [  0.105 s]
[INFO] nifi-framework-bundle .............................. SUCCESS [  0.010 s]
[INFO] nifi-framework ..................................... SUCCESS [  0.009 s]
[INFO] nifi-client-dto .................................... SUCCESS [  1.578 s]
[INFO] nifi-site-to-site-client ........................... SUCCESS [  2.990 s]
[INFO] nifi-socket-utils .................................. SUCCESS [  1.756 s]
[INFO] nifi-web-utils ..................................... SUCCESS [  0.546 s]
[INFO] nifi-write-ahead-log ............................... SUCCESS [  1.401 s]
[INFO] nifi-server-api .................................... SUCCESS [  0.348 s]
[INFO] nifi-properties-loader ............................. SUCCESS [  2.033 s]
[INFO] nifi-nar-utils ..................................... SUCCESS [  1.962 s]
[INFO] nifi-framework-nar-utils ........................... SUCCESS [  1.038 s]
[INFO] nifi-mock-authorizer ............................... SUCCESS [  0.369 s]
[INFO] nifi-framework-authorization ....................... SUCCESS [  0.903 s]
[INFO] nifi-registry-security-utils ....................... SUCCESS [  1.742 s]
[INFO] nifi-registry-client ............................... SUCCESS [  1.344 s]
[INFO] nifi-framework-core-api ............................ SUCCESS [  1.652 s]
[INFO] nifi-mock .......................................... SUCCESS [  1.748 s]
[INFO] nifi-site-to-site .................................. SUCCESS [  2.489 s]
[INFO] nifi-repository-models ............................. SUCCESS [  0.884 s]
[INFO] nifi-flowfile-repo-serialization ................... SUCCESS [  0.853 s]
[INFO] nifi-registry-flow-diff ............................ SUCCESS [  0.582 s]
[INFO] nifi-framework-components .......................... SUCCESS [  3.770 s]
[INFO] nifi-framework-cluster-protocol .................... SUCCESS [  1.458 s]
[INFO] nifi-user-actions .................................. SUCCESS [  0.311 s]
[INFO] nifi-administration ................................ SUCCESS [  0.816 s]
[INFO] nifi-framework-authorization-providers ............. SUCCESS [  1.902 s]
[INFO] nifi-authorizer .................................... SUCCESS [  2.685 s]
[INFO] nifi-provenance-repository-bundle .................. SUCCESS [  0.010 s]
[INFO] nifi-persistent-provenance-repository .............. SUCCESS [  4.415 s]
[INFO] nifi-framework-core ................................ SUCCESS [  6.818 s]
[INFO] nifi-web ........................................... SUCCESS [  0.008 s]
[INFO] nifi-web-security .................................. SUCCESS [  4.636 s]
[INFO] nifi-web-optimistic-locking ........................ SUCCESS [  1.578 s]
[INFO] nifi-framework-cluster ............................. SUCCESS [  4.534 s]
[INFO] ------------------------------------------------------------------------
[INFO] BUILD SUCCESS
[INFO] ------------------------------------------------------------------------
[INFO] Total time:  01:35 min
[INFO] Finished at: 2026-08-15T15:43:13-04:00
[INFO] ------------------------------------------------------------------------
