JAVA_HOME=/usr/lib/jvm/java-11-openjdk-amd64
COMMAND=mvn -B clean install -DskipTests -U -pl modules/storage-rocksdb -am -Ddependency-check.skip=true -Dgpg.skip=true -DfailIfNoTests=false -Dskip.installnodenpm=true -Dskip.npm=true -Dskip.yarn=true -Dlicense.skip=true -Dcheckstyle.skip=true -Drat.skip=true -Denforcer.skip=true -Danimal.sniffer.skip=true -Dmaven.javadoc.skip=true -Dfindbugs.skip=true -Dspotbugs.skip=true -Dwarbucks.skip=true -Dmodernizer.skip=true -Dimpsort.skip=true -Dmdep.analyze.skip=true -Dpgpverify.skip=true -Dxml.skip=true -Dcobertura.skip=true

[INFO] Scanning for projects...
Warning: KebabPizza disabling incompatible org.apache.maven.plugins:maven-enforcer-plugin from ignite-bytecode
Warning: KebabPizza disabling incompatible org.apache.rat:apache-rat-plugin from ignite-bytecode
Warning: KebabPizza disabling incompatible org.apache.maven.plugins:maven-enforcer-plugin from ignite-core
Warning: KebabPizza disabling incompatible org.apache.rat:apache-rat-plugin from ignite-core
Warning: KebabPizza disabling incompatible org.apache.maven.plugins:maven-enforcer-plugin from ignite-configuration-api
Warning: KebabPizza disabling incompatible org.apache.rat:apache-rat-plugin from ignite-configuration-api
Warning: KebabPizza disabling incompatible org.apache.maven.plugins:maven-enforcer-plugin from ignite-configuration-annotation-processor
Warning: KebabPizza disabling incompatible org.apache.rat:apache-rat-plugin from ignite-configuration-annotation-processor
Warning: KebabPizza disabling incompatible org.apache.maven.plugins:maven-enforcer-plugin from ignite-api
Warning: KebabPizza disabling incompatible org.apache.rat:apache-rat-plugin from ignite-api
Warning: KebabPizza disabling incompatible org.apache.maven.plugins:maven-enforcer-plugin from ignite-rest-api
Warning: KebabPizza disabling incompatible org.apache.rat:apache-rat-plugin from ignite-rest-api
Warning: KebabPizza disabling incompatible org.apache.maven.plugins:maven-enforcer-plugin from ignite-configuration
Warning: KebabPizza disabling incompatible org.apache.rat:apache-rat-plugin from ignite-configuration
Warning: KebabPizza disabling incompatible org.apache.maven.plugins:maven-enforcer-plugin from ignite-network-api
Warning: KebabPizza disabling incompatible org.apache.rat:apache-rat-plugin from ignite-network-api
Warning: KebabPizza disabling incompatible org.apache.maven.plugins:maven-enforcer-plugin from ignite-network-annotation-processor
Warning: KebabPizza disabling incompatible org.apache.rat:apache-rat-plugin from ignite-network-annotation-processor
Warning: KebabPizza disabling incompatible org.apache.maven.plugins:maven-enforcer-plugin from ignite-raft-client
Warning: KebabPizza disabling incompatible org.apache.rat:apache-rat-plugin from ignite-raft-client
Warning: KebabPizza disabling incompatible org.apache.maven.plugins:maven-enforcer-plugin from ignite-network
Warning: KebabPizza disabling incompatible org.apache.rat:apache-rat-plugin from ignite-network
Warning: KebabPizza disabling incompatible org.apache.maven.plugins:maven-enforcer-plugin from ignite-rocksdb-common
Warning: KebabPizza disabling incompatible org.apache.rat:apache-rat-plugin from ignite-rocksdb-common
Warning: KebabPizza disabling incompatible org.apache.maven.plugins:maven-enforcer-plugin from ignite-extended-api
Warning: KebabPizza disabling incompatible org.apache.rat:apache-rat-plugin from ignite-extended-api
Warning: KebabPizza disabling incompatible org.apache.maven.plugins:maven-enforcer-plugin from ignite-schema
Warning: KebabPizza disabling incompatible org.apache.rat:apache-rat-plugin from ignite-schema
Warning: KebabPizza disabling incompatible org.apache.maven.plugins:maven-enforcer-plugin from ignite-transactions
Warning: KebabPizza disabling incompatible org.apache.rat:apache-rat-plugin from ignite-transactions
Warning: KebabPizza disabling incompatible org.apache.maven.plugins:maven-enforcer-plugin from ignite-storage-api
Warning: KebabPizza disabling incompatible org.apache.rat:apache-rat-plugin from ignite-storage-api
Warning: KebabPizza disabling incompatible org.apache.maven.plugins:maven-enforcer-plugin from ignite-storage-rocksdb
Warning: KebabPizza disabling incompatible org.apache.rat:apache-rat-plugin from ignite-storage-rocksdb
[INFO] ------------------------------------------------------------------------
[INFO] Reactor Build Order:
[INFO] 
[INFO] ignite-bytecode                                                    [jar]
[INFO] ignite-core                                                        [jar]
[INFO] ignite-configuration-api                                           [jar]
[INFO] ignite-configuration-annotation-processor                          [jar]
[INFO] ignite-api                                                         [jar]
[INFO] ignite-rest-api                                                    [jar]
[INFO] ignite-configuration                                               [jar]
[INFO] ignite-network-api                                                 [jar]
[INFO] ignite-network-annotation-processor                                [jar]
[INFO] ignite-raft-client                                                 [jar]
[INFO] ignite-network                                                     [jar]
[INFO] ignite-rocksdb-common                                              [jar]
[INFO] ignite-extended-api                                                [jar]
[INFO] ignite-schema                                                      [jar]
[INFO] ignite-transactions                                                [jar]
[INFO] ignite-storage-api                                                 [jar]
[INFO] ignite-storage-rocksdb                                             [jar]
[INFO] 
[INFO] -----------------< org.apache.ignite:ignite-bytecode >------------------
[INFO] Building ignite-bytecode 3.0.0-SNAPSHOT                           [1/17]
[INFO] --------------------------------[ jar ]---------------------------------
[INFO] Downloading from apache.snapshots: https://repository.apache.org/snapshots/org/apache/maven/plugins/maven-surefire-plugin/3.0.0-M8-SNAPSHOT/maven-metadata.xml
[INFO] Downloading from apache.snapshots: https://repository.apache.org/snapshots/org/apache/maven/surefire/surefire/3.0.0-M8-SNAPSHOT/maven-metadata.xml
[INFO] Downloading from apache.snapshots: https://repository.apache.org/snapshots/org/apache/maven/plugins/maven-failsafe-plugin/3.0.0-M8-SNAPSHOT/maven-metadata.xml
[INFO] 
[INFO] --- maven-clean-plugin:3.1.0:clean (default-clean) @ ignite-bytecode ---
[INFO] 
[INFO] --- flatten-maven-plugin:1.2.2:clean (flatten.clean.before) @ ignite-bytecode ---
[INFO] 
[INFO] --- build-helper-maven-plugin:3.2.0:add-test-source (add-test-source) @ ignite-bytecode ---
[INFO] Test Source directory: /home/srafi/after-cam-ready/compare_/compile_repair_output/work/2b31858cf06c/modules/bytecode/src/integrationTest/java added.
[INFO] 
[INFO] --- build-helper-maven-plugin:3.2.0:add-test-resource (add-test-resource) @ ignite-bytecode ---
[INFO] 
[INFO] --- maven-remote-resources-plugin:1.7.0:process (process-resource-bundles) @ ignite-bytecode ---
[INFO] Preparing remote bundle org.apache:apache-jar-resource-bundle:1.4
[INFO] Copying 3 resources from 1 bundle.
[INFO] 
[INFO] --- maven-resources-plugin:3.2.0:resources (default-resources) @ ignite-bytecode ---
[INFO] Using 'UTF-8' encoding to copy filtered resources.
[INFO] Using 'UTF-8' encoding to copy filtered properties files.
[INFO] skip non existing resourceDirectory /home/srafi/after-cam-ready/compare_/compile_repair_output/work/2b31858cf06c/modules/bytecode/src/main/resources
[INFO] Copying 3 resources
[INFO] 
[INFO] --- flatten-maven-plugin:1.2.2:flatten (flatten) @ ignite-bytecode ---
[INFO] Generating flattened POM of project org.apache.ignite:ignite-bytecode:jar:3.0.0-SNAPSHOT...
[INFO] 
[INFO] --- maven-compiler-plugin:3.8.1:compile (default-compile) @ ignite-bytecode ---
[INFO] Changes detected - recompiling the module!
[INFO] Compiling 68 source files to /home/srafi/after-cam-ready/compare_/compile_repair_output/work/2b31858cf06c/modules/bytecode/target/classes
[INFO] /home/srafi/after-cam-ready/compare_/compile_repair_output/work/2b31858cf06c/modules/bytecode/src/main/java/com/facebook/presto/bytecode/BytecodeUtils.java: Some input files use unchecked or unsafe operations.
[INFO] /home/srafi/after-cam-ready/compare_/compile_repair_output/work/2b31858cf06c/modules/bytecode/src/main/java/com/facebook/presto/bytecode/BytecodeUtils.java: Recompile with -Xlint:unchecked for details.
[INFO] 
[INFO] --- maven-resources-plugin:3.2.0:testResources (default-testResources) @ ignite-bytecode ---
[INFO] Using 'UTF-8' encoding to copy filtered resources.
[INFO] Using 'UTF-8' encoding to copy filtered properties files.
[INFO] skip non existing resourceDirectory /home/srafi/after-cam-ready/compare_/compile_repair_output/work/2b31858cf06c/modules/bytecode/src/test/resources
[INFO] skip non existing resourceDirectory /home/srafi/after-cam-ready/compare_/compile_repair_output/work/2b31858cf06c/modules/bytecode/src/integrationTest/resources
[INFO] Copying 3 resources
[INFO] 
[INFO] --- maven-compiler-plugin:3.8.1:testCompile (default-testCompile) @ ignite-bytecode ---
[INFO] Changes detected - recompiling the module!
[INFO] Compiling 17 source files to /home/srafi/after-cam-ready/compare_/compile_repair_output/work/2b31858cf06c/modules/bytecode/target/test-classes
[INFO] 
[INFO] --- modernizer-maven-plugin:2.3.0:modernizer (modernizer) @ ignite-bytecode ---
[INFO] Skipping modernizer execution!
[INFO] 
[INFO] --- maven-surefire-plugin:3.0.0-M8-SNAPSHOT:test (default-test) @ ignite-bytecode ---
[INFO] Downloading from apache.snapshots: https://repository.apache.org/snapshots/org/apache/maven/surefire/maven-surefire-common/3.0.0-M8-SNAPSHOT/maven-metadata.xml
[INFO] Downloading from apache.snapshots: https://repository.apache.org/snapshots/org/apache/maven/surefire/surefire-api/3.0.0-M8-SNAPSHOT/maven-metadata.xml
[INFO] Downloading from apache.snapshots: https://repository.apache.org/snapshots/org/apache/maven/surefire/surefire-logger-api/3.0.0-M8-SNAPSHOT/maven-metadata.xml
[INFO] Downloading from apache.snapshots: https://repository.apache.org/snapshots/org/apache/maven/surefire/surefire-shared-utils/3.0.0-M8-SNAPSHOT/maven-metadata.xml
[INFO] Downloading from apache.snapshots: https://repository.apache.org/snapshots/org/apache/maven/surefire/surefire-extensions-api/3.0.0-M8-SNAPSHOT/maven-metadata.xml
[INFO] Downloading from apache.snapshots: https://repository.apache.org/snapshots/org/apache/maven/surefire/surefire-booter/3.0.0-M8-SNAPSHOT/maven-metadata.xml
[INFO] Downloading from apache.snapshots: https://repository.apache.org/snapshots/org/apache/maven/surefire/surefire-extensions-spi/3.0.0-M8-SNAPSHOT/maven-metadata.xml
[INFO] Tests are skipped.
[INFO] 
[INFO] --- maven-jar-plugin:3.2.0:jar (default-jar) @ ignite-bytecode ---
[INFO] Building jar: /home/srafi/after-cam-ready/compare_/compile_repair_output/work/2b31858cf06c/modules/bytecode/target/ignite-bytecode-3.0.0-SNAPSHOT.jar
[INFO] 
[INFO] --- maven-site-plugin:3.7.1:attach-descriptor (attach-descriptor) @ ignite-bytecode ---
[INFO] Skipping because packaging 'jar' is not pom.
[INFO] 
[INFO] --- maven-dependency-plugin:3.2.0:purge-local-repository (purge-local-repository) @ ignite-bytecode ---
[INFO] Deleting 1 manual dependency from /home/srafi/.m2/repository
[INFO] 
[INFO] --- maven-failsafe-plugin:3.0.0-M8-SNAPSHOT:integration-test (default) @ ignite-bytecode ---
[INFO] Tests are skipped.
[INFO] 
[INFO] --- maven-failsafe-plugin:3.0.0-M8-SNAPSHOT:verify (default) @ ignite-bytecode ---
[INFO] Tests are skipped.
[INFO] 
[INFO] --- maven-install-plugin:2.5.2:install (default-install) @ ignite-bytecode ---
[INFO] Installing /home/srafi/after-cam-ready/compare_/compile_repair_output/work/2b31858cf06c/modules/bytecode/target/ignite-bytecode-3.0.0-SNAPSHOT.jar to /home/srafi/.m2/repository/org/apache/ignite/ignite-bytecode/3.0.0-SNAPSHOT/ignite-bytecode-3.0.0-SNAPSHOT.jar
[INFO] Installing /home/srafi/after-cam-ready/compare_/compile_repair_output/work/2b31858cf06c/modules/bytecode/.flattened-pom.xml to /home/srafi/.m2/repository/org/apache/ignite/ignite-bytecode/3.0.0-SNAPSHOT/ignite-bytecode-3.0.0-SNAPSHOT.pom
[INFO] 
[INFO] -------------------< org.apache.ignite:ignite-core >--------------------
[INFO] Building ignite-core 3.0.0-SNAPSHOT                               [2/17]
[INFO] --------------------------------[ jar ]---------------------------------
[INFO] 
[INFO] --- maven-clean-plugin:3.1.0:clean (default-clean) @ ignite-core ---
[INFO] 
[INFO] --- flatten-maven-plugin:1.2.2:clean (flatten.clean.before) @ ignite-core ---
[INFO] 
[INFO] --- build-helper-maven-plugin:3.2.0:add-test-source (add-test-source) @ ignite-core ---
[INFO] Test Source directory: /home/srafi/after-cam-ready/compare_/compile_repair_output/work/2b31858cf06c/modules/core/src/integrationTest/java added.
[INFO] 
[INFO] --- build-helper-maven-plugin:3.2.0:add-test-resource (add-test-resource) @ ignite-core ---
[INFO] 
[INFO] --- maven-remote-resources-plugin:1.7.0:process (process-resource-bundles) @ ignite-core ---
[INFO] Preparing remote bundle org.apache:apache-jar-resource-bundle:1.4
[INFO] Copying 3 resources from 1 bundle.
[INFO] 
[INFO] --- maven-resources-plugin:3.2.0:resources (default-resources) @ ignite-core ---
[INFO] Using 'UTF-8' encoding to copy filtered resources.
[INFO] Using 'UTF-8' encoding to copy filtered properties files.
[INFO] Copying 1 resource
[INFO] Copying 3 resources
[INFO] The encoding used to copy filtered properties files have not been set. This means that the same encoding will be used to copy filtered properties files as when copying other filtered resources. This might not be what you want! Run your build with --debug to see which files might be affected. Read more at https://maven.apache.org/plugins/maven-resources-plugin/examples/filtering-properties-files.html
[INFO] 
[INFO] --- flatten-maven-plugin:1.2.2:flatten (flatten) @ ignite-core ---
[INFO] Generating flattened POM of project org.apache.ignite:ignite-core:jar:3.0.0-SNAPSHOT...
[INFO] 
[INFO] --- maven-compiler-plugin:3.8.1:compile (default-compile) @ ignite-core ---
[INFO] Changes detected - recompiling the module!
[INFO] Compiling 75 source files to /home/srafi/after-cam-ready/compare_/compile_repair_output/work/2b31858cf06c/modules/core/target/classes
[WARNING] /home/srafi/after-cam-ready/compare_/compile_repair_output/work/2b31858cf06c/modules/core/src/main/java/org/apache/ignite/internal/util/GridUnsafe.java:[39,16] sun.misc.Unsafe is internal proprietary API and may be removed in a future release
[WARNING] /home/srafi/after-cam-ready/compare_/compile_repair_output/work/2b31858cf06c/modules/core/src/main/java/org/apache/ignite/internal/util/GridUnsafe.java:[62,26] sun.misc.Unsafe is internal proprietary API and may be removed in a future release
[WARNING] /home/srafi/after-cam-ready/compare_/compile_repair_output/work/2b31858cf06c/modules/core/src/main/java/org/apache/ignite/internal/util/GridUnsafe.java:[1580,20] sun.misc.Unsafe is internal proprietary API and may be removed in a future release
[WARNING] /home/srafi/after-cam-ready/compare_/compile_repair_output/work/2b31858cf06c/modules/core/src/main/java/org/apache/ignite/internal/util/GridUnsafe.java:[1582,20] sun.misc.Unsafe is internal proprietary API and may be removed in a future release
[WARNING] /home/srafi/after-cam-ready/compare_/compile_repair_output/work/2b31858cf06c/modules/core/src/main/java/org/apache/ignite/internal/util/GridUnsafe.java:[1586,55] sun.misc.Unsafe is internal proprietary API and may be removed in a future release
[WARNING] /home/srafi/after-cam-ready/compare_/compile_repair_output/work/2b31858cf06c/modules/core/src/main/java/org/apache/ignite/internal/util/GridUnsafe.java:[1588,36] sun.misc.Unsafe is internal proprietary API and may be removed in a future release
[WARNING] /home/srafi/after-cam-ready/compare_/compile_repair_output/work/2b31858cf06c/modules/core/src/main/java/org/apache/ignite/internal/util/GridUnsafe.java:[1589,43] sun.misc.Unsafe is internal proprietary API and may be removed in a future release
[WARNING] /home/srafi/after-cam-ready/compare_/compile_repair_output/work/2b31858cf06c/modules/core/src/main/java/org/apache/ignite/internal/util/GridUnsafe.java:[1593,41] sun.misc.Unsafe is internal proprietary API and may be removed in a future release
[INFO] /home/srafi/after-cam-ready/compare_/compile_repair_output/work/2b31858cf06c/modules/core/src/main/java/org/apache/ignite/lang/IgniteBiTuple.java: Some input files use unchecked or unsafe operations.
[INFO] /home/srafi/after-cam-ready/compare_/compile_repair_output/work/2b31858cf06c/modules/core/src/main/java/org/apache/ignite/lang/IgniteBiTuple.java: Recompile with -Xlint:unchecked for details.
[INFO] 
[INFO] --- maven-resources-plugin:3.2.0:testResources (default-testResources) @ ignite-core ---
[INFO] Using 'UTF-8' encoding to copy filtered resources.
[INFO] Using 'UTF-8' encoding to copy filtered properties files.
[INFO] skip non existing resourceDirectory /home/srafi/after-cam-ready/compare_/compile_repair_output/work/2b31858cf06c/modules/core/src/test/resources
[INFO] skip non existing resourceDirectory /home/srafi/after-cam-ready/compare_/compile_repair_output/work/2b31858cf06c/modules/core/src/integrationTest/resources
[INFO] Copying 3 resources
[INFO] 
[INFO] --- maven-compiler-plugin:3.8.1:testCompile (default-testCompile) @ ignite-core ---
[INFO] Changes detected - recompiling the module!
[INFO] Compiling 38 source files to /home/srafi/after-cam-ready/compare_/compile_repair_output/work/2b31858cf06c/modules/core/target/test-classes
[INFO] /home/srafi/after-cam-ready/compare_/compile_repair_output/work/2b31858cf06c/modules/core/src/test/java/org/apache/ignite/internal/testframework/IgniteTestUtils.java: /home/srafi/after-cam-ready/compare_/compile_repair_output/work/2b31858cf06c/modules/core/src/test/java/org/apache/ignite/internal/testframework/IgniteTestUtils.java uses or overrides a deprecated API.
[INFO] /home/srafi/after-cam-ready/compare_/compile_repair_output/work/2b31858cf06c/modules/core/src/test/java/org/apache/ignite/internal/testframework/IgniteTestUtils.java: Recompile with -Xlint:deprecation for details.
[INFO] /home/srafi/after-cam-ready/compare_/compile_repair_output/work/2b31858cf06c/modules/core/src/test/java/org/apache/ignite/internal/testframework/IgniteTestUtils.java: Some input files use unchecked or unsafe operations.
[INFO] /home/srafi/after-cam-ready/compare_/compile_repair_output/work/2b31858cf06c/modules/core/src/test/java/org/apache/ignite/internal/testframework/IgniteTestUtils.java: Recompile with -Xlint:unchecked for details.
[INFO] 
[INFO] --- modernizer-maven-plugin:2.3.0:modernizer (modernizer) @ ignite-core ---
[INFO] Skipping modernizer execution!
[INFO] 
[INFO] --- maven-surefire-plugin:3.0.0-M8-SNAPSHOT:test (default-test) @ ignite-core ---
[INFO] Tests are skipped.
[INFO] 
[INFO] --- maven-jar-plugin:3.2.0:jar (default-jar) @ ignite-core ---
[INFO] Building jar: /home/srafi/after-cam-ready/compare_/compile_repair_output/work/2b31858cf06c/modules/core/target/ignite-core-3.0.0-SNAPSHOT.jar
[INFO] 
[INFO] --- maven-site-plugin:3.7.1:attach-descriptor (attach-descriptor) @ ignite-core ---
[INFO] Skipping because packaging 'jar' is not pom.
[INFO] 
[INFO] --- maven-dependency-plugin:3.2.0:purge-local-repository (purge-local-repository) @ ignite-core ---
[INFO] Deleting 1 manual dependency from /home/srafi/.m2/repository
[INFO] 
[INFO] --- maven-jar-plugin:3.2.0:test-jar (default-testJar) @ ignite-core ---
[INFO] Building jar: /home/srafi/after-cam-ready/compare_/compile_repair_output/work/2b31858cf06c/modules/core/target/ignite-core-3.0.0-SNAPSHOT-tests.jar
[INFO] 
[INFO] --- maven-shade-plugin:3.2.4:shade (default) @ ignite-core ---
[INFO] Including org.jetbrains:annotations:jar:20.1.0 in the shaded jar.
[INFO] Including it.unimi.dsi:fastutil-core:jar:8.5.6 in the shaded jar.
[WARNING] annotations-20.1.0.jar, ignite-core-3.0.0-SNAPSHOT.jar define 1 overlapping resource: 
[WARNING]   - META-INF/MANIFEST.MF
[WARNING] maven-shade-plugin has detected that some class files are
[WARNING] present in two or more JARs. When this happens, only one
[WARNING] single version of the class is copied to the uber jar.
[WARNING] Usually this is not harmful and you can skip these warnings,
[WARNING] otherwise try to manually exclude artifacts based on
[WARNING] mvn dependency:tree -Ddetail=true and the above output.
[WARNING] See http://maven.apache.org/plugins/maven-shade-plugin/
[INFO] Replacing /home/srafi/after-cam-ready/compare_/compile_repair_output/work/2b31858cf06c/modules/core/target/ignite-core-shaded-3.0.0-SNAPSHOT.jar with /home/srafi/after-cam-ready/compare_/compile_repair_output/work/2b31858cf06c/modules/core/target/ignite-core-3.0.0-SNAPSHOT-shaded.jar
[INFO] 
[INFO] --- maven-failsafe-plugin:3.0.0-M8-SNAPSHOT:integration-test (default) @ ignite-core ---
[INFO] Tests are skipped.
[INFO] 
[INFO] --- maven-failsafe-plugin:3.0.0-M8-SNAPSHOT:verify (default) @ ignite-core ---
[INFO] Tests are skipped.
[INFO] 
[INFO] --- maven-install-plugin:2.5.2:install (default-install) @ ignite-core ---
[INFO] Installing /home/srafi/after-cam-ready/compare_/compile_repair_output/work/2b31858cf06c/modules/core/target/ignite-core-3.0.0-SNAPSHOT.jar to /home/srafi/.m2/repository/org/apache/ignite/ignite-core/3.0.0-SNAPSHOT/ignite-core-3.0.0-SNAPSHOT.jar
[INFO] Installing /home/srafi/after-cam-ready/compare_/compile_repair_output/work/2b31858cf06c/modules/core/.flattened-pom.xml to /home/srafi/.m2/repository/org/apache/ignite/ignite-core/3.0.0-SNAPSHOT/ignite-core-3.0.0-SNAPSHOT.pom
[INFO] Installing /home/srafi/after-cam-ready/compare_/compile_repair_output/work/2b31858cf06c/modules/core/target/ignite-core-3.0.0-SNAPSHOT-tests.jar to /home/srafi/.m2/repository/org/apache/ignite/ignite-core/3.0.0-SNAPSHOT/ignite-core-3.0.0-SNAPSHOT-tests.jar
[INFO] 
[INFO] -------------< org.apache.ignite:ignite-configuration-api >-------------
[INFO] Building ignite-configuration-api 3.0.0-SNAPSHOT                  [3/17]
[INFO] --------------------------------[ jar ]---------------------------------
[INFO] 
[INFO] --- maven-clean-plugin:3.1.0:clean (default-clean) @ ignite-configuration-api ---
[INFO] 
[INFO] --- flatten-maven-plugin:1.2.2:clean (flatten.clean.before) @ ignite-configuration-api ---
[INFO] 
[INFO] --- build-helper-maven-plugin:3.2.0:add-test-source (add-test-source) @ ignite-configuration-api ---
[INFO] Test Source directory: /home/srafi/after-cam-ready/compare_/compile_repair_output/work/2b31858cf06c/modules/configuration-api/src/integrationTest/java added.
[INFO] 
[INFO] --- build-helper-maven-plugin:3.2.0:add-test-resource (add-test-resource) @ ignite-configuration-api ---
[INFO] 
[INFO] --- maven-remote-resources-plugin:1.7.0:process (process-resource-bundles) @ ignite-configuration-api ---
[INFO] Preparing remote bundle org.apache:apache-jar-resource-bundle:1.4
[INFO] Copying 3 resources from 1 bundle.
[INFO] 
[INFO] --- maven-resources-plugin:3.2.0:resources (default-resources) @ ignite-configuration-api ---
[INFO] Using 'UTF-8' encoding to copy filtered resources.
[INFO] Using 'UTF-8' encoding to copy filtered properties files.
[INFO] skip non existing resourceDirectory /home/srafi/after-cam-ready/compare_/compile_repair_output/work/2b31858cf06c/modules/configuration-api/src/main/resources
[INFO] Copying 3 resources
[INFO] 
[INFO] --- flatten-maven-plugin:1.2.2:flatten (flatten) @ ignite-configuration-api ---
[INFO] Generating flattened POM of project org.apache.ignite:ignite-configuration-api:jar:3.0.0-SNAPSHOT...
[INFO] 
[INFO] --- maven-compiler-plugin:3.8.1:compile (default-compile) @ ignite-configuration-api ---
[INFO] Changes detected - recompiling the module!
[INFO] Compiling 41 source files to /home/srafi/after-cam-ready/compare_/compile_repair_output/work/2b31858cf06c/modules/configuration-api/target/classes
[INFO] 
[INFO] --- maven-resources-plugin:3.2.0:testResources (default-testResources) @ ignite-configuration-api ---
[INFO] Using 'UTF-8' encoding to copy filtered resources.
[INFO] Using 'UTF-8' encoding to copy filtered properties files.
[INFO] skip non existing resourceDirectory /home/srafi/after-cam-ready/compare_/compile_repair_output/work/2b31858cf06c/modules/configuration-api/src/test/resources
[INFO] skip non existing resourceDirectory /home/srafi/after-cam-ready/compare_/compile_repair_output/work/2b31858cf06c/modules/configuration-api/src/integrationTest/resources
[INFO] Copying 3 resources
[INFO] 
[INFO] --- maven-compiler-plugin:3.8.1:testCompile (default-testCompile) @ ignite-configuration-api ---
[INFO] No sources to compile
[INFO] 
[INFO] --- modernizer-maven-plugin:2.3.0:modernizer (modernizer) @ ignite-configuration-api ---
[INFO] Skipping modernizer execution!
[INFO] 
[INFO] --- maven-surefire-plugin:3.0.0-M8-SNAPSHOT:test (default-test) @ ignite-configuration-api ---
[INFO] Tests are skipped.
[INFO] 
[INFO] --- maven-jar-plugin:3.2.0:jar (default-jar) @ ignite-configuration-api ---
[INFO] Building jar: /home/srafi/after-cam-ready/compare_/compile_repair_output/work/2b31858cf06c/modules/configuration-api/target/ignite-configuration-api-3.0.0-SNAPSHOT.jar
[INFO] 
[INFO] --- maven-site-plugin:3.7.1:attach-descriptor (attach-descriptor) @ ignite-configuration-api ---
[INFO] Skipping because packaging 'jar' is not pom.
[INFO] 
[INFO] --- maven-dependency-plugin:3.2.0:purge-local-repository (purge-local-repository) @ ignite-configuration-api ---
[INFO] Deleting 1 manual dependency from /home/srafi/.m2/repository
[INFO] 
[INFO] --- maven-failsafe-plugin:3.0.0-M8-SNAPSHOT:integration-test (default) @ ignite-configuration-api ---
[INFO] Tests are skipped.
[INFO] 
[INFO] --- maven-failsafe-plugin:3.0.0-M8-SNAPSHOT:verify (default) @ ignite-configuration-api ---
[INFO] Tests are skipped.
[INFO] 
[INFO] --- maven-install-plugin:2.5.2:install (default-install) @ ignite-configuration-api ---
[INFO] Installing /home/srafi/after-cam-ready/compare_/compile_repair_output/work/2b31858cf06c/modules/configuration-api/target/ignite-configuration-api-3.0.0-SNAPSHOT.jar to /home/srafi/.m2/repository/org/apache/ignite/ignite-configuration-api/3.0.0-SNAPSHOT/ignite-configuration-api-3.0.0-SNAPSHOT.jar
[INFO] Installing /home/srafi/after-cam-ready/compare_/compile_repair_output/work/2b31858cf06c/modules/configuration-api/.flattened-pom.xml to /home/srafi/.m2/repository/org/apache/ignite/ignite-configuration-api/3.0.0-SNAPSHOT/ignite-configuration-api-3.0.0-SNAPSHOT.pom
[INFO] 
[INFO] ----< org.apache.ignite:ignite-configuration-annotation-processor >-----
[INFO] Building ignite-configuration-annotation-processor 3.0.0-SNAPSHOT [4/17]
[INFO] --------------------------------[ jar ]---------------------------------
[INFO] 
[INFO] --- maven-clean-plugin:3.1.0:clean (default-clean) @ ignite-configuration-annotation-processor ---
[INFO] 
[INFO] --- flatten-maven-plugin:1.2.2:clean (flatten.clean.before) @ ignite-configuration-annotation-processor ---
[INFO] 
[INFO] --- build-helper-maven-plugin:3.2.0:add-test-source (add-test-source) @ ignite-configuration-annotation-processor ---
[INFO] Test Source directory: /home/srafi/after-cam-ready/compare_/compile_repair_output/work/2b31858cf06c/modules/configuration-annotation-processor/src/integrationTest/java added.
[INFO] 
[INFO] --- build-helper-maven-plugin:3.2.0:add-test-resource (add-test-resource) @ ignite-configuration-annotation-processor ---
[INFO] 
[INFO] --- maven-remote-resources-plugin:1.7.0:process (process-resource-bundles) @ ignite-configuration-annotation-processor ---
[INFO] Preparing remote bundle org.apache:apache-jar-resource-bundle:1.4
[INFO] Copying 3 resources from 1 bundle.
[INFO] 
[INFO] --- maven-resources-plugin:3.2.0:resources (default-resources) @ ignite-configuration-annotation-processor ---
[INFO] Using 'UTF-8' encoding to copy filtered resources.
[INFO] Using 'UTF-8' encoding to copy filtered properties files.
[INFO] Copying 1 resource
[INFO] Copying 3 resources
[INFO] 
[INFO] --- flatten-maven-plugin:1.2.2:flatten (flatten) @ ignite-configuration-annotation-processor ---
[INFO] Generating flattened POM of project org.apache.ignite:ignite-configuration-annotation-processor:jar:3.0.0-SNAPSHOT...
[INFO] 
[INFO] --- maven-compiler-plugin:3.8.1:compile (default-compile) @ ignite-configuration-annotation-processor ---
[INFO] Changes detected - recompiling the module!
[INFO] Compiling 3 source files to /home/srafi/after-cam-ready/compare_/compile_repair_output/work/2b31858cf06c/modules/configuration-annotation-processor/target/classes
[INFO] 
[INFO] --- maven-compiler-plugin:3.8.1:compile (compile-project) @ ignite-configuration-annotation-processor ---
[INFO] Changes detected - recompiling the module!
[INFO] Compiling 3 source files to /home/srafi/after-cam-ready/compare_/compile_repair_output/work/2b31858cf06c/modules/configuration-annotation-processor/target/classes
[INFO] 
[INFO] --- maven-resources-plugin:3.2.0:testResources (default-testResources) @ ignite-configuration-annotation-processor ---
[INFO] Using 'UTF-8' encoding to copy filtered resources.
[INFO] Using 'UTF-8' encoding to copy filtered properties files.
[INFO] skip non existing resourceDirectory /home/srafi/after-cam-ready/compare_/compile_repair_output/work/2b31858cf06c/modules/configuration-annotation-processor/src/test/resources
[INFO] Copying 46 resources
[INFO] Copying 3 resources
[INFO] 
[INFO] --- maven-compiler-plugin:3.8.1:testCompile (default-testCompile) @ ignite-configuration-annotation-processor ---
[INFO] Changes detected - recompiling the module!
[INFO] Compiling 7 source files to /home/srafi/after-cam-ready/compare_/compile_repair_output/work/2b31858cf06c/modules/configuration-annotation-processor/target/test-classes
[INFO] 
[INFO] --- modernizer-maven-plugin:2.3.0:modernizer (modernizer) @ ignite-configuration-annotation-processor ---
[INFO] Skipping modernizer execution!
[INFO] 
[INFO] --- maven-surefire-plugin:3.0.0-M8-SNAPSHOT:test (default-test) @ ignite-configuration-annotation-processor ---
[INFO] Tests are skipped.
[INFO] 
[INFO] --- maven-jar-plugin:3.2.0:jar (default-jar) @ ignite-configuration-annotation-processor ---
[INFO] Building jar: /home/srafi/after-cam-ready/compare_/compile_repair_output/work/2b31858cf06c/modules/configuration-annotation-processor/target/ignite-configuration-annotation-processor-3.0.0-SNAPSHOT.jar
[INFO] 
[INFO] --- maven-site-plugin:3.7.1:attach-descriptor (attach-descriptor) @ ignite-configuration-annotation-processor ---
[INFO] Skipping because packaging 'jar' is not pom.
[INFO] 
[INFO] --- maven-dependency-plugin:3.2.0:purge-local-repository (purge-local-repository) @ ignite-configuration-annotation-processor ---
[INFO] Deleting 1 manual dependency from /home/srafi/.m2/repository
[INFO] 
[INFO] --- maven-failsafe-plugin:3.0.0-M8-SNAPSHOT:integration-test (default) @ ignite-configuration-annotation-processor ---
[INFO] Tests are skipped.
[INFO] 
[INFO] --- maven-failsafe-plugin:3.0.0-M8-SNAPSHOT:verify (default) @ ignite-configuration-annotation-processor ---
[INFO] Tests are skipped.
[INFO] 
[INFO] --- maven-install-plugin:2.5.2:install (default-install) @ ignite-configuration-annotation-processor ---
[INFO] Installing /home/srafi/after-cam-ready/compare_/compile_repair_output/work/2b31858cf06c/modules/configuration-annotation-processor/target/ignite-configuration-annotation-processor-3.0.0-SNAPSHOT.jar to /home/srafi/.m2/repository/org/apache/ignite/ignite-configuration-annotation-processor/3.0.0-SNAPSHOT/ignite-configuration-annotation-processor-3.0.0-SNAPSHOT.jar
[INFO] Installing /home/srafi/after-cam-ready/compare_/compile_repair_output/work/2b31858cf06c/modules/configuration-annotation-processor/.flattened-pom.xml to /home/srafi/.m2/repository/org/apache/ignite/ignite-configuration-annotation-processor/3.0.0-SNAPSHOT/ignite-configuration-annotation-processor-3.0.0-SNAPSHOT.pom
[INFO] 
[INFO] --------------------< org.apache.ignite:ignite-api >--------------------
[INFO] Building ignite-api 3.0.0-SNAPSHOT                                [5/17]
[INFO] --------------------------------[ jar ]---------------------------------
[INFO] 
[INFO] --- maven-clean-plugin:3.1.0:clean (default-clean) @ ignite-api ---
[INFO] 
[INFO] --- flatten-maven-plugin:1.2.2:clean (flatten.clean.before) @ ignite-api ---
[INFO] 
[INFO] --- build-helper-maven-plugin:3.2.0:add-test-source (add-test-source) @ ignite-api ---
[INFO] Test Source directory: /home/srafi/after-cam-ready/compare_/compile_repair_output/work/2b31858cf06c/modules/api/src/integrationTest/java added.
[INFO] 
[INFO] --- build-helper-maven-plugin:3.2.0:add-test-resource (add-test-resource) @ ignite-api ---
[INFO] 
[INFO] --- maven-remote-resources-plugin:1.7.0:process (process-resource-bundles) @ ignite-api ---
[INFO] Preparing remote bundle org.apache:apache-jar-resource-bundle:1.4
[INFO] Copying 3 resources from 1 bundle.
[INFO] 
[INFO] --- maven-resources-plugin:3.2.0:resources (default-resources) @ ignite-api ---
[INFO] Using 'UTF-8' encoding to copy filtered resources.
[INFO] Using 'UTF-8' encoding to copy filtered properties files.
[INFO] skip non existing resourceDirectory /home/srafi/after-cam-ready/compare_/compile_repair_output/work/2b31858cf06c/modules/api/src/main/resources
[INFO] Copying 3 resources
[INFO] 
[INFO] --- flatten-maven-plugin:1.2.2:flatten (flatten) @ ignite-api ---
[INFO] Generating flattened POM of project org.apache.ignite:ignite-api:jar:3.0.0-SNAPSHOT...
[INFO] 
[INFO] --- maven-compiler-plugin:3.8.1:compile (default-compile) @ ignite-api ---
[INFO] Changes detected - recompiling the module!
[INFO] Compiling 120 source files to /home/srafi/after-cam-ready/compare_/compile_repair_output/work/2b31858cf06c/modules/api/target/classes
[INFO] /home/srafi/after-cam-ready/compare_/compile_repair_output/work/2b31858cf06c/modules/api/src/main/java/org/apache/ignite/table/mapper/PojoMapperImpl.java: Some input files use unchecked or unsafe operations.
[INFO] /home/srafi/after-cam-ready/compare_/compile_repair_output/work/2b31858cf06c/modules/api/src/main/java/org/apache/ignite/table/mapper/PojoMapperImpl.java: Recompile with -Xlint:unchecked for details.
[INFO] 
[INFO] --- maven-resources-plugin:3.2.0:testResources (default-testResources) @ ignite-api ---
[INFO] Using 'UTF-8' encoding to copy filtered resources.
[INFO] Using 'UTF-8' encoding to copy filtered properties files.
[INFO] skip non existing resourceDirectory /home/srafi/after-cam-ready/compare_/compile_repair_output/work/2b31858cf06c/modules/api/src/test/resources
[INFO] skip non existing resourceDirectory /home/srafi/after-cam-ready/compare_/compile_repair_output/work/2b31858cf06c/modules/api/src/integrationTest/resources
[INFO] Copying 3 resources
[INFO] 
[INFO] --- maven-compiler-plugin:3.8.1:testCompile (default-testCompile) @ ignite-api ---
[INFO] No sources to compile
[INFO] 
[INFO] --- modernizer-maven-plugin:2.3.0:modernizer (modernizer) @ ignite-api ---
[INFO] Skipping modernizer execution!
[INFO] 
[INFO] --- maven-surefire-plugin:3.0.0-M8-SNAPSHOT:test (default-test) @ ignite-api ---
[INFO] Tests are skipped.
[INFO] 
[INFO] --- maven-jar-plugin:3.2.0:jar (default-jar) @ ignite-api ---
[INFO] Building jar: /home/srafi/after-cam-ready/compare_/compile_repair_output/work/2b31858cf06c/modules/api/target/ignite-api-3.0.0-SNAPSHOT.jar
[INFO] 
[INFO] --- maven-site-plugin:3.7.1:attach-descriptor (attach-descriptor) @ ignite-api ---
[INFO] Skipping because packaging 'jar' is not pom.
[INFO] 
[INFO] --- maven-dependency-plugin:3.2.0:purge-local-repository (purge-local-repository) @ ignite-api ---
[INFO] Deleting 1 manual dependency from /home/srafi/.m2/repository
[INFO] 
[INFO] --- maven-failsafe-plugin:3.0.0-M8-SNAPSHOT:integration-test (default) @ ignite-api ---
[INFO] Tests are skipped.
[INFO] 
[INFO] --- maven-failsafe-plugin:3.0.0-M8-SNAPSHOT:verify (default) @ ignite-api ---
[INFO] Tests are skipped.
[INFO] 
[INFO] --- maven-install-plugin:2.5.2:install (default-install) @ ignite-api ---
[INFO] Installing /home/srafi/after-cam-ready/compare_/compile_repair_output/work/2b31858cf06c/modules/api/target/ignite-api-3.0.0-SNAPSHOT.jar to /home/srafi/.m2/repository/org/apache/ignite/ignite-api/3.0.0-SNAPSHOT/ignite-api-3.0.0-SNAPSHOT.jar
[INFO] Installing /home/srafi/after-cam-ready/compare_/compile_repair_output/work/2b31858cf06c/modules/api/.flattened-pom.xml to /home/srafi/.m2/repository/org/apache/ignite/ignite-api/3.0.0-SNAPSHOT/ignite-api-3.0.0-SNAPSHOT.pom
[INFO] 
[INFO] -----------------< org.apache.ignite:ignite-rest-api >------------------
[INFO] Building ignite-rest-api 3.0.0-SNAPSHOT                           [6/17]
[INFO] --------------------------------[ jar ]---------------------------------
[INFO] 
[INFO] --- maven-clean-plugin:3.1.0:clean (default-clean) @ ignite-rest-api ---
[INFO] 
[INFO] --- flatten-maven-plugin:1.2.2:clean (flatten.clean.before) @ ignite-rest-api ---
[INFO] 
[INFO] --- build-helper-maven-plugin:3.2.0:add-test-source (add-test-source) @ ignite-rest-api ---
[INFO] Test Source directory: /home/srafi/after-cam-ready/compare_/compile_repair_output/work/2b31858cf06c/modules/rest-api/src/integrationTest/java added.
[INFO] 
[INFO] --- build-helper-maven-plugin:3.2.0:add-test-resource (add-test-resource) @ ignite-rest-api ---
[INFO] 
[INFO] --- maven-remote-resources-plugin:1.7.0:process (process-resource-bundles) @ ignite-rest-api ---
[INFO] Preparing remote bundle org.apache:apache-jar-resource-bundle:1.4
[INFO] Copying 3 resources from 1 bundle.
[INFO] 
[INFO] --- maven-resources-plugin:3.2.0:resources (default-resources) @ ignite-rest-api ---
[INFO] Using 'UTF-8' encoding to copy filtered resources.
[INFO] Using 'UTF-8' encoding to copy filtered properties files.
[INFO] skip non existing resourceDirectory /home/srafi/after-cam-ready/compare_/compile_repair_output/work/2b31858cf06c/modules/rest-api/src/main/resources
[INFO] Copying 3 resources
[INFO] 
[INFO] --- flatten-maven-plugin:1.2.2:flatten (flatten) @ ignite-rest-api ---
[INFO] Generating flattened POM of project org.apache.ignite:ignite-rest-api:jar:3.0.0-SNAPSHOT...
[INFO] 
[INFO] --- maven-compiler-plugin:3.8.1:compile (default-compile) @ ignite-rest-api ---
[INFO] Changes detected - recompiling the module!
[INFO] Compiling 3 source files to /home/srafi/after-cam-ready/compare_/compile_repair_output/work/2b31858cf06c/modules/rest-api/target/classes
[INFO] 
[INFO] --- maven-resources-plugin:3.2.0:testResources (default-testResources) @ ignite-rest-api ---
[INFO] Using 'UTF-8' encoding to copy filtered resources.
[INFO] Using 'UTF-8' encoding to copy filtered properties files.
[INFO] skip non existing resourceDirectory /home/srafi/after-cam-ready/compare_/compile_repair_output/work/2b31858cf06c/modules/rest-api/src/test/resources
[INFO] skip non existing resourceDirectory /home/srafi/after-cam-ready/compare_/compile_repair_output/work/2b31858cf06c/modules/rest-api/src/integrationTest/resources
[INFO] Copying 3 resources
[INFO] 
[INFO] --- maven-compiler-plugin:3.8.1:testCompile (default-testCompile) @ ignite-rest-api ---
[INFO] No sources to compile
[INFO] 
[INFO] --- modernizer-maven-plugin:2.3.0:modernizer (modernizer) @ ignite-rest-api ---
[INFO] Skipping modernizer execution!
[INFO] 
[INFO] --- maven-surefire-plugin:3.0.0-M8-SNAPSHOT:test (default-test) @ ignite-rest-api ---
[INFO] Tests are skipped.
[INFO] 
[INFO] --- maven-jar-plugin:3.2.0:jar (default-jar) @ ignite-rest-api ---
[INFO] Building jar: /home/srafi/after-cam-ready/compare_/compile_repair_output/work/2b31858cf06c/modules/rest-api/target/ignite-rest-api-3.0.0-SNAPSHOT.jar
[INFO] 
[INFO] --- maven-site-plugin:3.7.1:attach-descriptor (attach-descriptor) @ ignite-rest-api ---
[INFO] Skipping because packaging 'jar' is not pom.
[INFO] 
[INFO] --- maven-dependency-plugin:3.2.0:purge-local-repository (purge-local-repository) @ ignite-rest-api ---
[INFO] Deleting 1 manual dependency from /home/srafi/.m2/repository
[INFO] 
[INFO] --- maven-failsafe-plugin:3.0.0-M8-SNAPSHOT:integration-test (default) @ ignite-rest-api ---
[INFO] Tests are skipped.
[INFO] 
[INFO] --- maven-failsafe-plugin:3.0.0-M8-SNAPSHOT:verify (default) @ ignite-rest-api ---
[INFO] Tests are skipped.
[INFO] 
[INFO] --- maven-install-plugin:2.5.2:install (default-install) @ ignite-rest-api ---
[INFO] Installing /home/srafi/after-cam-ready/compare_/compile_repair_output/work/2b31858cf06c/modules/rest-api/target/ignite-rest-api-3.0.0-SNAPSHOT.jar to /home/srafi/.m2/repository/org/apache/ignite/ignite-rest-api/3.0.0-SNAPSHOT/ignite-rest-api-3.0.0-SNAPSHOT.jar
[INFO] Installing /home/srafi/after-cam-ready/compare_/compile_repair_output/work/2b31858cf06c/modules/rest-api/.flattened-pom.xml to /home/srafi/.m2/repository/org/apache/ignite/ignite-rest-api/3.0.0-SNAPSHOT/ignite-rest-api-3.0.0-SNAPSHOT.pom
[INFO] 
[INFO] ---------------< org.apache.ignite:ignite-configuration >---------------
[INFO] Building ignite-configuration 3.0.0-SNAPSHOT                      [7/17]
[INFO] --------------------------------[ jar ]---------------------------------
[INFO] 
[INFO] --- maven-clean-plugin:3.1.0:clean (default-clean) @ ignite-configuration ---
[INFO] 
[INFO] --- flatten-maven-plugin:1.2.2:clean (flatten.clean.before) @ ignite-configuration ---
[INFO] 
[INFO] --- build-helper-maven-plugin:3.2.0:add-test-source (add-test-source) @ ignite-configuration ---
[INFO] Test Source directory: /home/srafi/after-cam-ready/compare_/compile_repair_output/work/2b31858cf06c/modules/configuration/src/integrationTest/java added.
[INFO] 
[INFO] --- build-helper-maven-plugin:3.2.0:add-test-resource (add-test-resource) @ ignite-configuration ---
[INFO] 
[INFO] --- maven-remote-resources-plugin:1.7.0:process (process-resource-bundles) @ ignite-configuration ---
[INFO] Preparing remote bundle org.apache:apache-jar-resource-bundle:1.4
[INFO] Copying 3 resources from 1 bundle.
[INFO] 
[INFO] --- maven-resources-plugin:3.2.0:resources (default-resources) @ ignite-configuration ---
[INFO] Using 'UTF-8' encoding to copy filtered resources.
[INFO] Using 'UTF-8' encoding to copy filtered properties files.
[INFO] skip non existing resourceDirectory /home/srafi/after-cam-ready/compare_/compile_repair_output/work/2b31858cf06c/modules/configuration/src/main/resources
[INFO] Copying 3 resources
[INFO] 
[INFO] --- flatten-maven-plugin:1.2.2:flatten (flatten) @ ignite-configuration ---
[INFO] Generating flattened POM of project org.apache.ignite:ignite-configuration:jar:3.0.0-SNAPSHOT...
[INFO] 
[INFO] --- maven-compiler-plugin:3.8.1:compile (default-compile) @ ignite-configuration ---
[INFO] Changes detected - recompiling the module!
[INFO] Compiling 78 source files to /home/srafi/after-cam-ready/compare_/compile_repair_output/work/2b31858cf06c/modules/configuration/target/classes
[INFO] /home/srafi/after-cam-ready/compare_/compile_repair_output/work/2b31858cf06c/modules/configuration/src/main/java/org/apache/ignite/internal/configuration/tree/InnerNode.java: Some input files use unchecked or unsafe operations.
[INFO] /home/srafi/after-cam-ready/compare_/compile_repair_output/work/2b31858cf06c/modules/configuration/src/main/java/org/apache/ignite/internal/configuration/tree/InnerNode.java: Recompile with -Xlint:unchecked for details.
[INFO] 
[INFO] --- maven-resources-plugin:3.2.0:testResources (default-testResources) @ ignite-configuration ---
[INFO] Using 'UTF-8' encoding to copy filtered resources.
[INFO] Using 'UTF-8' encoding to copy filtered properties files.
[INFO] skip non existing resourceDirectory /home/srafi/after-cam-ready/compare_/compile_repair_output/work/2b31858cf06c/modules/configuration/src/test/resources
[INFO] skip non existing resourceDirectory /home/srafi/after-cam-ready/compare_/compile_repair_output/work/2b31858cf06c/modules/configuration/src/integrationTest/resources
[INFO] Copying 3 resources
[INFO] 
[INFO] --- maven-compiler-plugin:3.8.1:testCompile (default-testCompile) @ ignite-configuration ---
[INFO] Changes detected - recompiling the module!
[INFO] Compiling 48 source files to /home/srafi/after-cam-ready/compare_/compile_repair_output/work/2b31858cf06c/modules/configuration/target/test-classes
[INFO] /home/srafi/after-cam-ready/compare_/compile_repair_output/work/2b31858cf06c/modules/configuration/target/generated-test-sources/test-annotations/org/apache/ignite/internal/configuration/rest/presentation/TestRootConfiguration.java: Some input files use unchecked or unsafe operations.
[INFO] /home/srafi/after-cam-ready/compare_/compile_repair_output/work/2b31858cf06c/modules/configuration/target/generated-test-sources/test-annotations/org/apache/ignite/internal/configuration/rest/presentation/TestRootConfiguration.java: Recompile with -Xlint:unchecked for details.
[INFO] 
[INFO] --- modernizer-maven-plugin:2.3.0:modernizer (modernizer) @ ignite-configuration ---
[INFO] Skipping modernizer execution!
[INFO] 
[INFO] --- maven-surefire-plugin:3.0.0-M8-SNAPSHOT:test (default-test) @ ignite-configuration ---
[INFO] Tests are skipped.
[INFO] 
[INFO] --- maven-jar-plugin:3.2.0:jar (default-jar) @ ignite-configuration ---
[INFO] Building jar: /home/srafi/after-cam-ready/compare_/compile_repair_output/work/2b31858cf06c/modules/configuration/target/ignite-configuration-3.0.0-SNAPSHOT.jar
[INFO] 
[INFO] --- maven-site-plugin:3.7.1:attach-descriptor (attach-descriptor) @ ignite-configuration ---
[INFO] Skipping because packaging 'jar' is not pom.
[INFO] 
[INFO] --- maven-dependency-plugin:3.2.0:purge-local-repository (purge-local-repository) @ ignite-configuration ---
[INFO] Deleting 1 manual dependency from /home/srafi/.m2/repository
[INFO] 
[INFO] --- maven-jar-plugin:3.2.0:test-jar (default-testJar) @ ignite-configuration ---
[INFO] Building jar: /home/srafi/after-cam-ready/compare_/compile_repair_output/work/2b31858cf06c/modules/configuration/target/ignite-configuration-3.0.0-SNAPSHOT-tests.jar
[INFO] 
[INFO] --- maven-failsafe-plugin:3.0.0-M8-SNAPSHOT:integration-test (default) @ ignite-configuration ---
[INFO] Tests are skipped.
[INFO] 
[INFO] --- maven-failsafe-plugin:3.0.0-M8-SNAPSHOT:verify (default) @ ignite-configuration ---
[INFO] Tests are skipped.
[INFO] 
[INFO] --- maven-install-plugin:2.5.2:install (default-install) @ ignite-configuration ---
[INFO] Installing /home/srafi/after-cam-ready/compare_/compile_repair_output/work/2b31858cf06c/modules/configuration/target/ignite-configuration-3.0.0-SNAPSHOT.jar to /home/srafi/.m2/repository/org/apache/ignite/ignite-configuration/3.0.0-SNAPSHOT/ignite-configuration-3.0.0-SNAPSHOT.jar
[INFO] Installing /home/srafi/after-cam-ready/compare_/compile_repair_output/work/2b31858cf06c/modules/configuration/.flattened-pom.xml to /home/srafi/.m2/repository/org/apache/ignite/ignite-configuration/3.0.0-SNAPSHOT/ignite-configuration-3.0.0-SNAPSHOT.pom
[INFO] Installing /home/srafi/after-cam-ready/compare_/compile_repair_output/work/2b31858cf06c/modules/configuration/target/ignite-configuration-3.0.0-SNAPSHOT-tests.jar to /home/srafi/.m2/repository/org/apache/ignite/ignite-configuration/3.0.0-SNAPSHOT/ignite-configuration-3.0.0-SNAPSHOT-tests.jar
[INFO] 
[INFO] ----------------< org.apache.ignite:ignite-network-api >----------------
[INFO] Building ignite-network-api 3.0.0-SNAPSHOT                        [8/17]
[INFO] --------------------------------[ jar ]---------------------------------
[INFO] 
[INFO] --- maven-clean-plugin:3.1.0:clean (default-clean) @ ignite-network-api ---
[INFO] 
[INFO] --- flatten-maven-plugin:1.2.2:clean (flatten.clean.before) @ ignite-network-api ---
[INFO] 
[INFO] --- build-helper-maven-plugin:3.2.0:add-test-source (add-test-source) @ ignite-network-api ---
[INFO] Test Source directory: /home/srafi/after-cam-ready/compare_/compile_repair_output/work/2b31858cf06c/modules/network-api/src/integrationTest/java added.
[INFO] 
[INFO] --- build-helper-maven-plugin:3.2.0:add-test-resource (add-test-resource) @ ignite-network-api ---
[INFO] 
[INFO] --- maven-remote-resources-plugin:1.7.0:process (process-resource-bundles) @ ignite-network-api ---
[INFO] Preparing remote bundle org.apache:apache-jar-resource-bundle:1.4
[INFO] Copying 3 resources from 1 bundle.
[INFO] 
[INFO] --- maven-resources-plugin:3.2.0:resources (default-resources) @ ignite-network-api ---
[INFO] Using 'UTF-8' encoding to copy filtered resources.
[INFO] Using 'UTF-8' encoding to copy filtered properties files.
[INFO] skip non existing resourceDirectory /home/srafi/after-cam-ready/compare_/compile_repair_output/work/2b31858cf06c/modules/network-api/src/main/resources
[INFO] Copying 3 resources
[INFO] 
[INFO] --- flatten-maven-plugin:1.2.2:flatten (flatten) @ ignite-network-api ---
[INFO] Generating flattened POM of project org.apache.ignite:ignite-network-api:jar:3.0.0-SNAPSHOT...
[INFO] 
[INFO] --- maven-compiler-plugin:3.8.1:compile (default-compile) @ ignite-network-api ---
[INFO] Changes detected - recompiling the module!
[INFO] Compiling 25 source files to /home/srafi/after-cam-ready/compare_/compile_repair_output/work/2b31858cf06c/modules/network-api/target/classes
[INFO] 
[INFO] --- maven-resources-plugin:3.2.0:testResources (default-testResources) @ ignite-network-api ---
[INFO] Using 'UTF-8' encoding to copy filtered resources.
[INFO] Using 'UTF-8' encoding to copy filtered properties files.
[INFO] skip non existing resourceDirectory /home/srafi/after-cam-ready/compare_/compile_repair_output/work/2b31858cf06c/modules/network-api/src/test/resources
[INFO] skip non existing resourceDirectory /home/srafi/after-cam-ready/compare_/compile_repair_output/work/2b31858cf06c/modules/network-api/src/integrationTest/resources
[INFO] Copying 3 resources
[INFO] 
[INFO] --- maven-compiler-plugin:3.8.1:testCompile (default-testCompile) @ ignite-network-api ---
[INFO] Changes detected - recompiling the module!
[INFO] Compiling 1 source file to /home/srafi/after-cam-ready/compare_/compile_repair_output/work/2b31858cf06c/modules/network-api/target/test-classes
[INFO] 
[INFO] --- modernizer-maven-plugin:2.3.0:modernizer (modernizer) @ ignite-network-api ---
[INFO] Skipping modernizer execution!
[INFO] 
[INFO] --- maven-surefire-plugin:3.0.0-M8-SNAPSHOT:test (default-test) @ ignite-network-api ---
[INFO] Tests are skipped.
[INFO] 
[INFO] --- maven-jar-plugin:3.2.0:jar (default-jar) @ ignite-network-api ---
[INFO] Building jar: /home/srafi/after-cam-ready/compare_/compile_repair_output/work/2b31858cf06c/modules/network-api/target/ignite-network-api-3.0.0-SNAPSHOT.jar
[INFO] 
[INFO] --- maven-site-plugin:3.7.1:attach-descriptor (attach-descriptor) @ ignite-network-api ---
[INFO] Skipping because packaging 'jar' is not pom.
[INFO] 
[INFO] --- maven-dependency-plugin:3.2.0:purge-local-repository (purge-local-repository) @ ignite-network-api ---
[INFO] Deleting 1 manual dependency from /home/srafi/.m2/repository
[INFO] 
[INFO] --- maven-failsafe-plugin:3.0.0-M8-SNAPSHOT:integration-test (default) @ ignite-network-api ---
[INFO] Tests are skipped.
[INFO] 
[INFO] --- maven-failsafe-plugin:3.0.0-M8-SNAPSHOT:verify (default) @ ignite-network-api ---
[INFO] Tests are skipped.
[INFO] 
[INFO] --- maven-install-plugin:2.5.2:install (default-install) @ ignite-network-api ---
[INFO] Installing /home/srafi/after-cam-ready/compare_/compile_repair_output/work/2b31858cf06c/modules/network-api/target/ignite-network-api-3.0.0-SNAPSHOT.jar to /home/srafi/.m2/repository/org/apache/ignite/ignite-network-api/3.0.0-SNAPSHOT/ignite-network-api-3.0.0-SNAPSHOT.jar
[INFO] Installing /home/srafi/after-cam-ready/compare_/compile_repair_output/work/2b31858cf06c/modules/network-api/.flattened-pom.xml to /home/srafi/.m2/repository/org/apache/ignite/ignite-network-api/3.0.0-SNAPSHOT/ignite-network-api-3.0.0-SNAPSHOT.pom
[INFO] 
[INFO] -------< org.apache.ignite:ignite-network-annotation-processor >--------
[INFO] Building ignite-network-annotation-processor 3.0.0-SNAPSHOT       [9/17]
[INFO] --------------------------------[ jar ]---------------------------------
[INFO] 
[INFO] --- maven-clean-plugin:3.1.0:clean (default-clean) @ ignite-network-annotation-processor ---
[INFO] 
[INFO] --- flatten-maven-plugin:1.2.2:clean (flatten.clean.before) @ ignite-network-annotation-processor ---
[INFO] 
[INFO] --- build-helper-maven-plugin:3.2.0:add-test-source (add-test-source) @ ignite-network-annotation-processor ---
[INFO] Test Source directory: /home/srafi/after-cam-ready/compare_/compile_repair_output/work/2b31858cf06c/modules/network-annotation-processor/src/integrationTest/java added.
[INFO] 
[INFO] --- build-helper-maven-plugin:3.2.0:add-test-resource (add-test-resource) @ ignite-network-annotation-processor ---
[INFO] 
[INFO] --- maven-remote-resources-plugin:1.7.0:process (process-resource-bundles) @ ignite-network-annotation-processor ---
[INFO] Preparing remote bundle org.apache:apache-jar-resource-bundle:1.4
[INFO] Copying 3 resources from 1 bundle.
[INFO] 
[INFO] --- maven-resources-plugin:3.2.0:resources (default-resources) @ ignite-network-annotation-processor ---
[INFO] Using 'UTF-8' encoding to copy filtered resources.
[INFO] Using 'UTF-8' encoding to copy filtered properties files.
[INFO] Copying 1 resource
[INFO] Copying 3 resources
[INFO] 
[INFO] --- flatten-maven-plugin:1.2.2:flatten (flatten) @ ignite-network-annotation-processor ---
[INFO] Generating flattened POM of project org.apache.ignite:ignite-network-annotation-processor:jar:3.0.0-SNAPSHOT...
[INFO] 
[INFO] --- maven-compiler-plugin:3.8.1:compile (default-compile) @ ignite-network-annotation-processor ---
[INFO] Changes detected - recompiling the module!
[INFO] Compiling 17 source files to /home/srafi/after-cam-ready/compare_/compile_repair_output/work/2b31858cf06c/modules/network-annotation-processor/target/classes
[INFO] 
[INFO] --- maven-compiler-plugin:3.8.1:compile (compile-project) @ ignite-network-annotation-processor ---
[INFO] Changes detected - recompiling the module!
[INFO] Compiling 17 source files to /home/srafi/after-cam-ready/compare_/compile_repair_output/work/2b31858cf06c/modules/network-annotation-processor/target/classes
[INFO] 
[INFO] --- maven-resources-plugin:3.2.0:testResources (default-testResources) @ ignite-network-annotation-processor ---
[INFO] Using 'UTF-8' encoding to copy filtered resources.
[INFO] Using 'UTF-8' encoding to copy filtered properties files.
[INFO] skip non existing resourceDirectory /home/srafi/after-cam-ready/compare_/compile_repair_output/work/2b31858cf06c/modules/network-annotation-processor/src/test/resources
[INFO] skip non existing resourceDirectory /home/srafi/after-cam-ready/compare_/compile_repair_output/work/2b31858cf06c/modules/network-annotation-processor/src/integrationTest/resources
[INFO] Copying 3 resources
[INFO] 
[INFO] --- maven-compiler-plugin:3.8.1:testCompile (default-testCompile) @ ignite-network-annotation-processor ---
[INFO] No sources to compile
[INFO] 
[INFO] --- modernizer-maven-plugin:2.3.0:modernizer (modernizer) @ ignite-network-annotation-processor ---
[INFO] Skipping modernizer execution!
[INFO] 
[INFO] --- maven-surefire-plugin:3.0.0-M8-SNAPSHOT:test (default-test) @ ignite-network-annotation-processor ---
[INFO] Tests are skipped.
[INFO] 
[INFO] --- maven-jar-plugin:3.2.0:jar (default-jar) @ ignite-network-annotation-processor ---
[INFO] Building jar: /home/srafi/after-cam-ready/compare_/compile_repair_output/work/2b31858cf06c/modules/network-annotation-processor/target/ignite-network-annotation-processor-3.0.0-SNAPSHOT.jar
[INFO] 
[INFO] --- maven-site-plugin:3.7.1:attach-descriptor (attach-descriptor) @ ignite-network-annotation-processor ---
[INFO] Skipping because packaging 'jar' is not pom.
[INFO] 
[INFO] --- maven-dependency-plugin:3.2.0:purge-local-repository (purge-local-repository) @ ignite-network-annotation-processor ---
[INFO] Deleting 1 manual dependency from /home/srafi/.m2/repository
[INFO] 
[INFO] --- maven-failsafe-plugin:3.0.0-M8-SNAPSHOT:integration-test (default) @ ignite-network-annotation-processor ---
[INFO] Tests are skipped.
[INFO] 
[INFO] --- maven-failsafe-plugin:3.0.0-M8-SNAPSHOT:verify (default) @ ignite-network-annotation-processor ---
[INFO] Tests are skipped.
[INFO] 
[INFO] --- maven-install-plugin:2.5.2:install (default-install) @ ignite-network-annotation-processor ---
[INFO] Installing /home/srafi/after-cam-ready/compare_/compile_repair_output/work/2b31858cf06c/modules/network-annotation-processor/target/ignite-network-annotation-processor-3.0.0-SNAPSHOT.jar to /home/srafi/.m2/repository/org/apache/ignite/ignite-network-annotation-processor/3.0.0-SNAPSHOT/ignite-network-annotation-processor-3.0.0-SNAPSHOT.jar
[INFO] Installing /home/srafi/after-cam-ready/compare_/compile_repair_output/work/2b31858cf06c/modules/network-annotation-processor/.flattened-pom.xml to /home/srafi/.m2/repository/org/apache/ignite/ignite-network-annotation-processor/3.0.0-SNAPSHOT/ignite-network-annotation-processor-3.0.0-SNAPSHOT.pom
[INFO] 
[INFO] ----------------< org.apache.ignite:ignite-raft-client >----------------
[INFO] Building ignite-raft-client 3.0.0-SNAPSHOT                       [10/17]
[INFO] --------------------------------[ jar ]---------------------------------
[INFO] 
[INFO] --- maven-clean-plugin:3.1.0:clean (default-clean) @ ignite-raft-client ---
[INFO] 
[INFO] --- flatten-maven-plugin:1.2.2:clean (flatten.clean.before) @ ignite-raft-client ---
[INFO] 
[INFO] --- build-helper-maven-plugin:3.2.0:add-test-source (add-test-source) @ ignite-raft-client ---
[INFO] Test Source directory: /home/srafi/after-cam-ready/compare_/compile_repair_output/work/2b31858cf06c/modules/raft-client/src/integrationTest/java added.
[INFO] 
[INFO] --- build-helper-maven-plugin:3.2.0:add-test-resource (add-test-resource) @ ignite-raft-client ---
[INFO] 
[INFO] --- maven-remote-resources-plugin:1.7.0:process (process-resource-bundles) @ ignite-raft-client ---
[INFO] Preparing remote bundle org.apache:apache-jar-resource-bundle:1.4
[INFO] Copying 3 resources from 1 bundle.
[INFO] 
[INFO] --- maven-resources-plugin:3.2.0:resources (default-resources) @ ignite-raft-client ---
[INFO] Using 'UTF-8' encoding to copy filtered resources.
[INFO] Using 'UTF-8' encoding to copy filtered properties files.
[INFO] skip non existing resourceDirectory /home/srafi/after-cam-ready/compare_/compile_repair_output/work/2b31858cf06c/modules/raft-client/src/main/resources
[INFO] Copying 3 resources
[INFO] 
[INFO] --- flatten-maven-plugin:1.2.2:flatten (flatten) @ ignite-raft-client ---
[INFO] Generating flattened POM of project org.apache.ignite:ignite-raft-client:jar:3.0.0-SNAPSHOT...
[INFO] 
[INFO] --- maven-compiler-plugin:3.8.1:compile (default-compile) @ ignite-raft-client ---
[INFO] Changes detected - recompiling the module!
[INFO] Compiling 8 source files to /home/srafi/after-cam-ready/compare_/compile_repair_output/work/2b31858cf06c/modules/raft-client/target/classes
[INFO] 
[INFO] --- maven-resources-plugin:3.2.0:testResources (default-testResources) @ ignite-raft-client ---
[INFO] Using 'UTF-8' encoding to copy filtered resources.
[INFO] Using 'UTF-8' encoding to copy filtered properties files.
[INFO] skip non existing resourceDirectory /home/srafi/after-cam-ready/compare_/compile_repair_output/work/2b31858cf06c/modules/raft-client/src/test/resources
[INFO] skip non existing resourceDirectory /home/srafi/after-cam-ready/compare_/compile_repair_output/work/2b31858cf06c/modules/raft-client/src/integrationTest/resources
[INFO] Copying 3 resources
[INFO] 
[INFO] --- maven-compiler-plugin:3.8.1:testCompile (default-testCompile) @ ignite-raft-client ---
[INFO] No sources to compile
[INFO] 
[INFO] --- modernizer-maven-plugin:2.3.0:modernizer (modernizer) @ ignite-raft-client ---
[INFO] Skipping modernizer execution!
[INFO] 
[INFO] --- maven-surefire-plugin:3.0.0-M8-SNAPSHOT:test (default-test) @ ignite-raft-client ---
[INFO] Tests are skipped.
[INFO] 
[INFO] --- maven-jar-plugin:3.2.0:jar (default-jar) @ ignite-raft-client ---
[INFO] Building jar: /home/srafi/after-cam-ready/compare_/compile_repair_output/work/2b31858cf06c/modules/raft-client/target/ignite-raft-client-3.0.0-SNAPSHOT.jar
[INFO] 
[INFO] --- maven-site-plugin:3.7.1:attach-descriptor (attach-descriptor) @ ignite-raft-client ---
[INFO] Skipping because packaging 'jar' is not pom.
[INFO] 
[INFO] --- maven-dependency-plugin:3.2.0:purge-local-repository (purge-local-repository) @ ignite-raft-client ---
[INFO] Deleting 1 manual dependency from /home/srafi/.m2/repository
[INFO] 
[INFO] --- maven-failsafe-plugin:3.0.0-M8-SNAPSHOT:integration-test (default) @ ignite-raft-client ---
[INFO] Tests are skipped.
[INFO] 
[INFO] --- maven-failsafe-plugin:3.0.0-M8-SNAPSHOT:verify (default) @ ignite-raft-client ---
[INFO] Tests are skipped.
[INFO] 
[INFO] --- maven-install-plugin:2.5.2:install (default-install) @ ignite-raft-client ---
[INFO] Installing /home/srafi/after-cam-ready/compare_/compile_repair_output/work/2b31858cf06c/modules/raft-client/target/ignite-raft-client-3.0.0-SNAPSHOT.jar to /home/srafi/.m2/repository/org/apache/ignite/ignite-raft-client/3.0.0-SNAPSHOT/ignite-raft-client-3.0.0-SNAPSHOT.jar
[INFO] Installing /home/srafi/after-cam-ready/compare_/compile_repair_output/work/2b31858cf06c/modules/raft-client/.flattened-pom.xml to /home/srafi/.m2/repository/org/apache/ignite/ignite-raft-client/3.0.0-SNAPSHOT/ignite-raft-client-3.0.0-SNAPSHOT.pom
[INFO] 
[INFO] ------------------< org.apache.ignite:ignite-network >------------------
[INFO] Building ignite-network 3.0.0-SNAPSHOT                           [11/17]
[INFO] --------------------------------[ jar ]---------------------------------
[INFO] 
[INFO] --- maven-clean-plugin:3.1.0:clean (default-clean) @ ignite-network ---
[INFO] 
[INFO] --- flatten-maven-plugin:1.2.2:clean (flatten.clean.before) @ ignite-network ---
[INFO] 
[INFO] --- build-helper-maven-plugin:3.2.0:add-test-source (add-test-source) @ ignite-network ---
[INFO] Test Source directory: /home/srafi/after-cam-ready/compare_/compile_repair_output/work/2b31858cf06c/modules/network/src/integrationTest/java added.
[INFO] 
[INFO] --- build-helper-maven-plugin:3.2.0:add-test-resource (add-test-resource) @ ignite-network ---
[INFO] 
[INFO] --- maven-remote-resources-plugin:1.7.0:process (process-resource-bundles) @ ignite-network ---
[INFO] Preparing remote bundle org.apache:apache-jar-resource-bundle:1.4
[INFO] Copying 3 resources from 1 bundle.
[INFO] 
[INFO] --- maven-resources-plugin:3.2.0:resources (default-resources) @ ignite-network ---
[INFO] Using 'UTF-8' encoding to copy filtered resources.
[INFO] Using 'UTF-8' encoding to copy filtered properties files.
[INFO] skip non existing resourceDirectory /home/srafi/after-cam-ready/compare_/compile_repair_output/work/2b31858cf06c/modules/network/src/main/resources
[INFO] Copying 3 resources
[INFO] 
[INFO] --- flatten-maven-plugin:1.2.2:flatten (flatten) @ ignite-network ---
[INFO] Generating flattened POM of project org.apache.ignite:ignite-network:jar:3.0.0-SNAPSHOT...
[INFO] 
[INFO] --- maven-compiler-plugin:3.8.1:compile (default-compile) @ ignite-network ---
[INFO] Changes detected - recompiling the module!
[INFO] Compiling 136 source files to /home/srafi/after-cam-ready/compare_/compile_repair_output/work/2b31858cf06c/modules/network/target/classes
[INFO] /home/srafi/after-cam-ready/compare_/compile_repair_output/work/2b31858cf06c/modules/network/src/main/java/org/apache/ignite/internal/network/serialization/marshal/UosObjectOutputStream.java: Some input files use or override a deprecated API.
[INFO] /home/srafi/after-cam-ready/compare_/compile_repair_output/work/2b31858cf06c/modules/network/src/main/java/org/apache/ignite/internal/network/serialization/marshal/UosObjectOutputStream.java: Recompile with -Xlint:deprecation for details.
[INFO] /home/srafi/after-cam-ready/compare_/compile_repair_output/work/2b31858cf06c/modules/network/src/main/java/org/apache/ignite/internal/network/serialization/ClassDescriptorFactory.java: Some input files use unchecked or unsafe operations.
[INFO] /home/srafi/after-cam-ready/compare_/compile_repair_output/work/2b31858cf06c/modules/network/src/main/java/org/apache/ignite/internal/network/serialization/ClassDescriptorFactory.java: Recompile with -Xlint:unchecked for details.
[INFO] 
[INFO] --- maven-resources-plugin:3.2.0:testResources (default-testResources) @ ignite-network ---
[INFO] Using 'UTF-8' encoding to copy filtered resources.
[INFO] Using 'UTF-8' encoding to copy filtered properties files.
[INFO] skip non existing resourceDirectory /home/srafi/after-cam-ready/compare_/compile_repair_output/work/2b31858cf06c/modules/network/src/test/resources
[INFO] Copying 11 resources
[INFO] Copying 3 resources
[INFO] 
[INFO] --- maven-compiler-plugin:3.8.1:testCompile (default-testCompile) @ ignite-network ---
[INFO] Changes detected - recompiling the module!
[INFO] Compiling 71 source files to /home/srafi/after-cam-ready/compare_/compile_repair_output/work/2b31858cf06c/modules/network/target/test-classes
[INFO] /home/srafi/after-cam-ready/compare_/compile_repair_output/work/2b31858cf06c/modules/network/src/test/java/org/apache/ignite/internal/network/serialization/marshal/DefaultUserObjectMarshallerWithSerializableTest.java: /home/srafi/after-cam-ready/compare_/compile_repair_output/work/2b31858cf06c/modules/network/src/test/java/org/apache/ignite/internal/network/serialization/marshal/DefaultUserObjectMarshallerWithSerializableTest.java uses or overrides a deprecated API.
[INFO] /home/srafi/after-cam-ready/compare_/compile_repair_output/work/2b31858cf06c/modules/network/src/test/java/org/apache/ignite/internal/network/serialization/marshal/DefaultUserObjectMarshallerWithSerializableTest.java: Recompile with -Xlint:deprecation for details.
[INFO] /home/srafi/after-cam-ready/compare_/compile_repair_output/work/2b31858cf06c/modules/network/src/test/java/org/apache/ignite/network/MessageSerializationRegistryImplTest.java: Some input files use unchecked or unsafe operations.
[INFO] /home/srafi/after-cam-ready/compare_/compile_repair_output/work/2b31858cf06c/modules/network/src/test/java/org/apache/ignite/network/MessageSerializationRegistryImplTest.java: Recompile with -Xlint:unchecked for details.
[INFO] 
[INFO] --- modernizer-maven-plugin:2.3.0:modernizer (modernizer) @ ignite-network ---
[INFO] Skipping modernizer execution!
[INFO] 
[INFO] --- maven-surefire-plugin:3.0.0-M8-SNAPSHOT:test (default-test) @ ignite-network ---
[INFO] Tests are skipped.
[INFO] 
[INFO] --- maven-jar-plugin:3.2.0:jar (default-jar) @ ignite-network ---
[INFO] Building jar: /home/srafi/after-cam-ready/compare_/compile_repair_output/work/2b31858cf06c/modules/network/target/ignite-network-3.0.0-SNAPSHOT.jar
[INFO] 
[INFO] --- maven-site-plugin:3.7.1:attach-descriptor (attach-descriptor) @ ignite-network ---
[INFO] Skipping because packaging 'jar' is not pom.
[INFO] 
[INFO] --- maven-dependency-plugin:3.2.0:purge-local-repository (purge-local-repository) @ ignite-network ---
[INFO] Deleting 1 manual dependency from /home/srafi/.m2/repository
[INFO] 
[INFO] --- maven-jar-plugin:3.2.0:test-jar (default-testJar) @ ignite-network ---
[INFO] Building jar: /home/srafi/after-cam-ready/compare_/compile_repair_output/work/2b31858cf06c/modules/network/target/ignite-network-3.0.0-SNAPSHOT-tests.jar
[INFO] 
[INFO] --- maven-failsafe-plugin:3.0.0-M8-SNAPSHOT:integration-test (default) @ ignite-network ---
[INFO] Tests are skipped.
[INFO] 
[INFO] --- maven-failsafe-plugin:3.0.0-M8-SNAPSHOT:verify (default) @ ignite-network ---
[INFO] Tests are skipped.
[INFO] 
[INFO] --- maven-install-plugin:2.5.2:install (default-install) @ ignite-network ---
[INFO] Installing /home/srafi/after-cam-ready/compare_/compile_repair_output/work/2b31858cf06c/modules/network/target/ignite-network-3.0.0-SNAPSHOT.jar to /home/srafi/.m2/repository/org/apache/ignite/ignite-network/3.0.0-SNAPSHOT/ignite-network-3.0.0-SNAPSHOT.jar
[INFO] Installing /home/srafi/after-cam-ready/compare_/compile_repair_output/work/2b31858cf06c/modules/network/.flattened-pom.xml to /home/srafi/.m2/repository/org/apache/ignite/ignite-network/3.0.0-SNAPSHOT/ignite-network-3.0.0-SNAPSHOT.pom
[INFO] Installing /home/srafi/after-cam-ready/compare_/compile_repair_output/work/2b31858cf06c/modules/network/target/ignite-network-3.0.0-SNAPSHOT-tests.jar to /home/srafi/.m2/repository/org/apache/ignite/ignite-network/3.0.0-SNAPSHOT/ignite-network-3.0.0-SNAPSHOT-tests.jar
[INFO] 
[INFO] --------------< org.apache.ignite:ignite-rocksdb-common >---------------
[INFO] Building ignite-rocksdb-common 3.0.0-SNAPSHOT                    [12/17]
[INFO] --------------------------------[ jar ]---------------------------------
[INFO] 
[INFO] --- maven-clean-plugin:3.1.0:clean (default-clean) @ ignite-rocksdb-common ---
[INFO] 
[INFO] --- flatten-maven-plugin:1.2.2:clean (flatten.clean.before) @ ignite-rocksdb-common ---
[INFO] 
[INFO] --- build-helper-maven-plugin:3.2.0:add-test-source (add-test-source) @ ignite-rocksdb-common ---
[INFO] Test Source directory: /home/srafi/after-cam-ready/compare_/compile_repair_output/work/2b31858cf06c/modules/rocksdb-common/src/integrationTest/java added.
[INFO] 
[INFO] --- build-helper-maven-plugin:3.2.0:add-test-resource (add-test-resource) @ ignite-rocksdb-common ---
[INFO] 
[INFO] --- maven-remote-resources-plugin:1.7.0:process (process-resource-bundles) @ ignite-rocksdb-common ---
[INFO] Preparing remote bundle org.apache:apache-jar-resource-bundle:1.4
[INFO] Copying 3 resources from 1 bundle.
[INFO] 
[INFO] --- maven-resources-plugin:3.2.0:resources (default-resources) @ ignite-rocksdb-common ---
[INFO] Using 'UTF-8' encoding to copy filtered resources.
[INFO] Using 'UTF-8' encoding to copy filtered properties files.
[INFO] skip non existing resourceDirectory /home/srafi/after-cam-ready/compare_/compile_repair_output/work/2b31858cf06c/modules/rocksdb-common/src/main/resources
[INFO] Copying 3 resources
[INFO] 
[INFO] --- flatten-maven-plugin:1.2.2:flatten (flatten) @ ignite-rocksdb-common ---
[INFO] Generating flattened POM of project org.apache.ignite:ignite-rocksdb-common:jar:3.0.0-SNAPSHOT...
[INFO] 
[INFO] --- maven-compiler-plugin:3.8.1:compile (default-compile) @ ignite-rocksdb-common ---
[INFO] Changes detected - recompiling the module!
[INFO] Compiling 7 source files to /home/srafi/after-cam-ready/compare_/compile_repair_output/work/2b31858cf06c/modules/rocksdb-common/target/classes
[INFO] 
[INFO] --- maven-resources-plugin:3.2.0:testResources (default-testResources) @ ignite-rocksdb-common ---
[INFO] Using 'UTF-8' encoding to copy filtered resources.
[INFO] Using 'UTF-8' encoding to copy filtered properties files.
[INFO] skip non existing resourceDirectory /home/srafi/after-cam-ready/compare_/compile_repair_output/work/2b31858cf06c/modules/rocksdb-common/src/test/resources
[INFO] skip non existing resourceDirectory /home/srafi/after-cam-ready/compare_/compile_repair_output/work/2b31858cf06c/modules/rocksdb-common/src/integrationTest/resources
[INFO] Copying 3 resources
[INFO] 
[INFO] --- maven-compiler-plugin:3.8.1:testCompile (default-testCompile) @ ignite-rocksdb-common ---
[INFO] No sources to compile
[INFO] 
[INFO] --- modernizer-maven-plugin:2.3.0:modernizer (modernizer) @ ignite-rocksdb-common ---
[INFO] Skipping modernizer execution!
[INFO] 
[INFO] --- maven-surefire-plugin:3.0.0-M8-SNAPSHOT:test (default-test) @ ignite-rocksdb-common ---
[INFO] Tests are skipped.
[INFO] 
[INFO] --- maven-jar-plugin:3.2.0:jar (default-jar) @ ignite-rocksdb-common ---
[INFO] Building jar: /home/srafi/after-cam-ready/compare_/compile_repair_output/work/2b31858cf06c/modules/rocksdb-common/target/ignite-rocksdb-common-3.0.0-SNAPSHOT.jar
[INFO] 
[INFO] --- maven-site-plugin:3.7.1:attach-descriptor (attach-descriptor) @ ignite-rocksdb-common ---
[INFO] Skipping because packaging 'jar' is not pom.
[INFO] 
[INFO] --- maven-dependency-plugin:3.2.0:purge-local-repository (purge-local-repository) @ ignite-rocksdb-common ---
[INFO] Deleting 1 manual dependency from /home/srafi/.m2/repository
[INFO] 
[INFO] --- maven-failsafe-plugin:3.0.0-M8-SNAPSHOT:integration-test (default) @ ignite-rocksdb-common ---
[INFO] Tests are skipped.
[INFO] 
[INFO] --- maven-failsafe-plugin:3.0.0-M8-SNAPSHOT:verify (default) @ ignite-rocksdb-common ---
[INFO] Tests are skipped.
[INFO] 
[INFO] --- maven-install-plugin:2.5.2:install (default-install) @ ignite-rocksdb-common ---
[INFO] Installing /home/srafi/after-cam-ready/compare_/compile_repair_output/work/2b31858cf06c/modules/rocksdb-common/target/ignite-rocksdb-common-3.0.0-SNAPSHOT.jar to /home/srafi/.m2/repository/org/apache/ignite/ignite-rocksdb-common/3.0.0-SNAPSHOT/ignite-rocksdb-common-3.0.0-SNAPSHOT.jar
[INFO] Installing /home/srafi/after-cam-ready/compare_/compile_repair_output/work/2b31858cf06c/modules/rocksdb-common/.flattened-pom.xml to /home/srafi/.m2/repository/org/apache/ignite/ignite-rocksdb-common/3.0.0-SNAPSHOT/ignite-rocksdb-common-3.0.0-SNAPSHOT.pom
[INFO] 
[INFO] ---------------< org.apache.ignite:ignite-extended-api >----------------
[INFO] Building ignite-extended-api 3.0.0-SNAPSHOT                      [13/17]
[INFO] --------------------------------[ jar ]---------------------------------
[INFO] 
[INFO] --- maven-clean-plugin:3.1.0:clean (default-clean) @ ignite-extended-api ---
[INFO] 
[INFO] --- flatten-maven-plugin:1.2.2:clean (flatten.clean.before) @ ignite-extended-api ---
[INFO] 
[INFO] --- build-helper-maven-plugin:3.2.0:add-test-source (add-test-source) @ ignite-extended-api ---
[INFO] Test Source directory: /home/srafi/after-cam-ready/compare_/compile_repair_output/work/2b31858cf06c/modules/extended-api/src/integrationTest/java added.
[INFO] 
[INFO] --- build-helper-maven-plugin:3.2.0:add-test-resource (add-test-resource) @ ignite-extended-api ---
[INFO] 
[INFO] --- maven-remote-resources-plugin:1.7.0:process (process-resource-bundles) @ ignite-extended-api ---
[INFO] Preparing remote bundle org.apache:apache-jar-resource-bundle:1.4
[INFO] Copying 3 resources from 1 bundle.
[INFO] 
[INFO] --- maven-resources-plugin:3.2.0:resources (default-resources) @ ignite-extended-api ---
[INFO] Using 'UTF-8' encoding to copy filtered resources.
[INFO] Using 'UTF-8' encoding to copy filtered properties files.
[INFO] skip non existing resourceDirectory /home/srafi/after-cam-ready/compare_/compile_repair_output/work/2b31858cf06c/modules/extended-api/src/main/resources
[INFO] Copying 3 resources
[INFO] 
[INFO] --- flatten-maven-plugin:1.2.2:flatten (flatten) @ ignite-extended-api ---
[INFO] Generating flattened POM of project org.apache.ignite:ignite-extended-api:jar:3.0.0-SNAPSHOT...
[INFO] 
[INFO] --- maven-compiler-plugin:3.8.1:compile (default-compile) @ ignite-extended-api ---
[INFO] Changes detected - recompiling the module!
[INFO] Compiling 2 source files to /home/srafi/after-cam-ready/compare_/compile_repair_output/work/2b31858cf06c/modules/extended-api/target/classes
[INFO] 
[INFO] --- maven-resources-plugin:3.2.0:testResources (default-testResources) @ ignite-extended-api ---
[INFO] Using 'UTF-8' encoding to copy filtered resources.
[INFO] Using 'UTF-8' encoding to copy filtered properties files.
[INFO] skip non existing resourceDirectory /home/srafi/after-cam-ready/compare_/compile_repair_output/work/2b31858cf06c/modules/extended-api/src/test/resources
[INFO] skip non existing resourceDirectory /home/srafi/after-cam-ready/compare_/compile_repair_output/work/2b31858cf06c/modules/extended-api/src/integrationTest/resources
[INFO] Copying 3 resources
[INFO] 
[INFO] --- maven-compiler-plugin:3.8.1:testCompile (default-testCompile) @ ignite-extended-api ---
[INFO] No sources to compile
[INFO] 
[INFO] --- modernizer-maven-plugin:2.3.0:modernizer (modernizer) @ ignite-extended-api ---
[INFO] Skipping modernizer execution!
[INFO] 
[INFO] --- maven-surefire-plugin:3.0.0-M8-SNAPSHOT:test (default-test) @ ignite-extended-api ---
[INFO] Tests are skipped.
[INFO] 
[INFO] --- maven-jar-plugin:3.2.0:jar (default-jar) @ ignite-extended-api ---
[INFO] Building jar: /home/srafi/after-cam-ready/compare_/compile_repair_output/work/2b31858cf06c/modules/extended-api/target/ignite-extended-api-3.0.0-SNAPSHOT.jar
[INFO] 
[INFO] --- maven-site-plugin:3.7.1:attach-descriptor (attach-descriptor) @ ignite-extended-api ---
[INFO] Skipping because packaging 'jar' is not pom.
[INFO] 
[INFO] --- maven-dependency-plugin:3.2.0:purge-local-repository (purge-local-repository) @ ignite-extended-api ---
[INFO] Deleting 1 manual dependency from /home/srafi/.m2/repository
[INFO] 
[INFO] --- maven-failsafe-plugin:3.0.0-M8-SNAPSHOT:integration-test (default) @ ignite-extended-api ---
[INFO] Tests are skipped.
[INFO] 
[INFO] --- maven-failsafe-plugin:3.0.0-M8-SNAPSHOT:verify (default) @ ignite-extended-api ---
[INFO] Tests are skipped.
[INFO] 
[INFO] --- maven-install-plugin:2.5.2:install (default-install) @ ignite-extended-api ---
[INFO] Installing /home/srafi/after-cam-ready/compare_/compile_repair_output/work/2b31858cf06c/modules/extended-api/target/ignite-extended-api-3.0.0-SNAPSHOT.jar to /home/srafi/.m2/repository/org/apache/ignite/ignite-extended-api/3.0.0-SNAPSHOT/ignite-extended-api-3.0.0-SNAPSHOT.jar
[INFO] Installing /home/srafi/after-cam-ready/compare_/compile_repair_output/work/2b31858cf06c/modules/extended-api/.flattened-pom.xml to /home/srafi/.m2/repository/org/apache/ignite/ignite-extended-api/3.0.0-SNAPSHOT/ignite-extended-api-3.0.0-SNAPSHOT.pom
[INFO] 
[INFO] ------------------< org.apache.ignite:ignite-schema >-------------------
[INFO] Building ignite-schema 3.0.0-SNAPSHOT                            [14/17]
[INFO] --------------------------------[ jar ]---------------------------------
[INFO] 
[INFO] --- maven-clean-plugin:3.1.0:clean (default-clean) @ ignite-schema ---
[INFO] 
[INFO] --- flatten-maven-plugin:1.2.2:clean (flatten.clean.before) @ ignite-schema ---
[INFO] 
[INFO] --- build-helper-maven-plugin:3.2.0:add-test-source (add-test-source) @ ignite-schema ---
[INFO] Test Source directory: /home/srafi/after-cam-ready/compare_/compile_repair_output/work/2b31858cf06c/modules/schema/src/integrationTest/java added.
[INFO] 
[INFO] --- build-helper-maven-plugin:3.2.0:add-test-resource (add-test-resource) @ ignite-schema ---
[INFO] 
[INFO] --- maven-remote-resources-plugin:1.7.0:process (process-resource-bundles) @ ignite-schema ---
[INFO] Preparing remote bundle org.apache:apache-jar-resource-bundle:1.4
[INFO] Copying 3 resources from 1 bundle.
[INFO] 
[INFO] --- maven-resources-plugin:3.2.0:resources (default-resources) @ ignite-schema ---
[INFO] Using 'UTF-8' encoding to copy filtered resources.
[INFO] Using 'UTF-8' encoding to copy filtered properties files.
[INFO] Copying 1 resource
[INFO] Copying 3 resources
[INFO] 
[INFO] --- flatten-maven-plugin:1.2.2:flatten (flatten) @ ignite-schema ---
[INFO] Generating flattened POM of project org.apache.ignite:ignite-schema:jar:3.0.0-SNAPSHOT...
[INFO] 
[INFO] --- maven-compiler-plugin:3.8.1:compile (default-compile) @ ignite-schema ---
[INFO] Changes detected - recompiling the module!
[INFO] Compiling 89 source files to /home/srafi/after-cam-ready/compare_/compile_repair_output/work/2b31858cf06c/modules/schema/target/classes
[INFO] /home/srafi/after-cam-ready/compare_/compile_repair_output/work/2b31858cf06c/modules/schema/src/main/java/org/apache/ignite/internal/schema/marshaller/asm/AsmMarshallerGenerator.java: Some input files use unchecked or unsafe operations.
[INFO] /home/srafi/after-cam-ready/compare_/compile_repair_output/work/2b31858cf06c/modules/schema/src/main/java/org/apache/ignite/internal/schema/marshaller/asm/AsmMarshallerGenerator.java: Recompile with -Xlint:unchecked for details.
[INFO] 
[INFO] --- maven-resources-plugin:3.2.0:testResources (default-testResources) @ ignite-schema ---
[INFO] Using 'UTF-8' encoding to copy filtered resources.
[INFO] Using 'UTF-8' encoding to copy filtered properties files.
[INFO] skip non existing resourceDirectory /home/srafi/after-cam-ready/compare_/compile_repair_output/work/2b31858cf06c/modules/schema/src/test/resources
[INFO] skip non existing resourceDirectory /home/srafi/after-cam-ready/compare_/compile_repair_output/work/2b31858cf06c/modules/schema/src/integrationTest/resources
[INFO] Copying 3 resources
[INFO] 
[INFO] --- maven-compiler-plugin:3.8.1:testCompile (default-testCompile) @ ignite-schema ---
[INFO] Changes detected - recompiling the module!
[INFO] Compiling 38 source files to /home/srafi/after-cam-ready/compare_/compile_repair_output/work/2b31858cf06c/modules/schema/target/test-classes
[INFO] /home/srafi/after-cam-ready/compare_/compile_repair_output/work/2b31858cf06c/modules/schema/src/test/java/org/apache/ignite/internal/benchmarks/SerializerBenchmarkTest.java: Some input files use unchecked or unsafe operations.
[INFO] /home/srafi/after-cam-ready/compare_/compile_repair_output/work/2b31858cf06c/modules/schema/src/test/java/org/apache/ignite/internal/benchmarks/SerializerBenchmarkTest.java: Recompile with -Xlint:unchecked for details.
[INFO] 
[INFO] --- modernizer-maven-plugin:2.3.0:modernizer (modernizer) @ ignite-schema ---
[INFO] Skipping modernizer execution!
[INFO] 
[INFO] --- maven-surefire-plugin:3.0.0-M8-SNAPSHOT:test (default-test) @ ignite-schema ---
[INFO] Tests are skipped.
[INFO] 
[INFO] --- maven-jar-plugin:3.2.0:jar (default-jar) @ ignite-schema ---
[INFO] Building jar: /home/srafi/after-cam-ready/compare_/compile_repair_output/work/2b31858cf06c/modules/schema/target/ignite-schema-3.0.0-SNAPSHOT.jar
[INFO] 
[INFO] --- maven-site-plugin:3.7.1:attach-descriptor (attach-descriptor) @ ignite-schema ---
[INFO] Skipping because packaging 'jar' is not pom.
[INFO] 
[INFO] --- maven-dependency-plugin:3.2.0:purge-local-repository (purge-local-repository) @ ignite-schema ---
[INFO] Deleting 1 manual dependency from /home/srafi/.m2/repository
[INFO] 
[INFO] --- maven-jar-plugin:3.2.0:test-jar (default-testJar) @ ignite-schema ---
[INFO] Building jar: /home/srafi/after-cam-ready/compare_/compile_repair_output/work/2b31858cf06c/modules/schema/target/ignite-schema-3.0.0-SNAPSHOT-tests.jar
[INFO] 
[INFO] --- maven-failsafe-plugin:3.0.0-M8-SNAPSHOT:integration-test (default) @ ignite-schema ---
[INFO] Tests are skipped.
[INFO] 
[INFO] --- maven-failsafe-plugin:3.0.0-M8-SNAPSHOT:verify (default) @ ignite-schema ---
[INFO] Tests are skipped.
[INFO] 
[INFO] --- maven-install-plugin:2.5.2:install (default-install) @ ignite-schema ---
[INFO] Installing /home/srafi/after-cam-ready/compare_/compile_repair_output/work/2b31858cf06c/modules/schema/target/ignite-schema-3.0.0-SNAPSHOT.jar to /home/srafi/.m2/repository/org/apache/ignite/ignite-schema/3.0.0-SNAPSHOT/ignite-schema-3.0.0-SNAPSHOT.jar
[INFO] Installing /home/srafi/after-cam-ready/compare_/compile_repair_output/work/2b31858cf06c/modules/schema/.flattened-pom.xml to /home/srafi/.m2/repository/org/apache/ignite/ignite-schema/3.0.0-SNAPSHOT/ignite-schema-3.0.0-SNAPSHOT.pom
[INFO] Installing /home/srafi/after-cam-ready/compare_/compile_repair_output/work/2b31858cf06c/modules/schema/target/ignite-schema-3.0.0-SNAPSHOT-tests.jar to /home/srafi/.m2/repository/org/apache/ignite/ignite-schema/3.0.0-SNAPSHOT/ignite-schema-3.0.0-SNAPSHOT-tests.jar
[INFO] 
[INFO] ---------------< org.apache.ignite:ignite-transactions >----------------
[INFO] Building ignite-transactions 3.0.0-SNAPSHOT                      [15/17]
[INFO] --------------------------------[ jar ]---------------------------------
[INFO] 
[INFO] --- maven-clean-plugin:3.1.0:clean (default-clean) @ ignite-transactions ---
[INFO] 
[INFO] --- flatten-maven-plugin:1.2.2:clean (flatten.clean.before) @ ignite-transactions ---
[INFO] 
[INFO] --- build-helper-maven-plugin:3.2.0:add-test-source (add-test-source) @ ignite-transactions ---
[INFO] Test Source directory: /home/srafi/after-cam-ready/compare_/compile_repair_output/work/2b31858cf06c/modules/transactions/src/integrationTest/java added.
[INFO] 
[INFO] --- build-helper-maven-plugin:3.2.0:add-test-resource (add-test-resource) @ ignite-transactions ---
[INFO] 
[INFO] --- maven-remote-resources-plugin:1.7.0:process (process-resource-bundles) @ ignite-transactions ---
[INFO] Preparing remote bundle org.apache:apache-jar-resource-bundle:1.4
[INFO] Copying 3 resources from 1 bundle.
[INFO] 
[INFO] --- maven-resources-plugin:3.2.0:resources (default-resources) @ ignite-transactions ---
[INFO] Using 'UTF-8' encoding to copy filtered resources.
[INFO] Using 'UTF-8' encoding to copy filtered properties files.
[INFO] skip non existing resourceDirectory /home/srafi/after-cam-ready/compare_/compile_repair_output/work/2b31858cf06c/modules/transactions/src/main/resources
[INFO] Copying 3 resources
[INFO] 
[INFO] --- flatten-maven-plugin:1.2.2:flatten (flatten) @ ignite-transactions ---
[INFO] Generating flattened POM of project org.apache.ignite:ignite-transactions:jar:3.0.0-SNAPSHOT...
[INFO] 
[INFO] --- maven-compiler-plugin:3.8.1:compile (default-compile) @ ignite-transactions ---
[INFO] Changes detected - recompiling the module!
[INFO] Compiling 14 source files to /home/srafi/after-cam-ready/compare_/compile_repair_output/work/2b31858cf06c/modules/transactions/target/classes
[INFO] 
[INFO] --- maven-resources-plugin:3.2.0:testResources (default-testResources) @ ignite-transactions ---
[INFO] Using 'UTF-8' encoding to copy filtered resources.
[INFO] Using 'UTF-8' encoding to copy filtered properties files.
[INFO] skip non existing resourceDirectory /home/srafi/after-cam-ready/compare_/compile_repair_output/work/2b31858cf06c/modules/transactions/src/test/resources
[INFO] skip non existing resourceDirectory /home/srafi/after-cam-ready/compare_/compile_repair_output/work/2b31858cf06c/modules/transactions/src/integrationTest/resources
[INFO] Copying 3 resources
[INFO] 
[INFO] --- maven-compiler-plugin:3.8.1:testCompile (default-testCompile) @ ignite-transactions ---
[INFO] Changes detected - recompiling the module!
[INFO] Compiling 3 source files to /home/srafi/after-cam-ready/compare_/compile_repair_output/work/2b31858cf06c/modules/transactions/target/test-classes
[INFO] 
[INFO] --- modernizer-maven-plugin:2.3.0:modernizer (modernizer) @ ignite-transactions ---
[INFO] Skipping modernizer execution!
[INFO] 
[INFO] --- maven-surefire-plugin:3.0.0-M8-SNAPSHOT:test (default-test) @ ignite-transactions ---
[INFO] Tests are skipped.
[INFO] 
[INFO] --- maven-jar-plugin:3.2.0:jar (default-jar) @ ignite-transactions ---
[INFO] Building jar: /home/srafi/after-cam-ready/compare_/compile_repair_output/work/2b31858cf06c/modules/transactions/target/ignite-transactions-3.0.0-SNAPSHOT.jar
[INFO] 
[INFO] --- maven-site-plugin:3.7.1:attach-descriptor (attach-descriptor) @ ignite-transactions ---
[INFO] Skipping because packaging 'jar' is not pom.
[INFO] 
[INFO] --- maven-dependency-plugin:3.2.0:purge-local-repository (purge-local-repository) @ ignite-transactions ---
[INFO] Deleting 1 manual dependency from /home/srafi/.m2/repository
[INFO] 
[INFO] --- maven-failsafe-plugin:3.0.0-M8-SNAPSHOT:integration-test (default) @ ignite-transactions ---
[INFO] Tests are skipped.
[INFO] 
[INFO] --- maven-failsafe-plugin:3.0.0-M8-SNAPSHOT:verify (default) @ ignite-transactions ---
[INFO] Tests are skipped.
[INFO] 
[INFO] --- maven-install-plugin:2.5.2:install (default-install) @ ignite-transactions ---
[INFO] Installing /home/srafi/after-cam-ready/compare_/compile_repair_output/work/2b31858cf06c/modules/transactions/target/ignite-transactions-3.0.0-SNAPSHOT.jar to /home/srafi/.m2/repository/org/apache/ignite/ignite-transactions/3.0.0-SNAPSHOT/ignite-transactions-3.0.0-SNAPSHOT.jar
[INFO] Installing /home/srafi/after-cam-ready/compare_/compile_repair_output/work/2b31858cf06c/modules/transactions/.flattened-pom.xml to /home/srafi/.m2/repository/org/apache/ignite/ignite-transactions/3.0.0-SNAPSHOT/ignite-transactions-3.0.0-SNAPSHOT.pom
[INFO] 
[INFO] ----------------< org.apache.ignite:ignite-storage-api >----------------
[INFO] Building ignite-storage-api 3.0.0-SNAPSHOT                       [16/17]
[INFO] --------------------------------[ jar ]---------------------------------
[INFO] 
[INFO] --- maven-clean-plugin:3.1.0:clean (default-clean) @ ignite-storage-api ---
[INFO] 
[INFO] --- flatten-maven-plugin:1.2.2:clean (flatten.clean.before) @ ignite-storage-api ---
[INFO] 
[INFO] --- build-helper-maven-plugin:3.2.0:add-test-source (add-test-source) @ ignite-storage-api ---
[INFO] Test Source directory: /home/srafi/after-cam-ready/compare_/compile_repair_output/work/2b31858cf06c/modules/storage-api/src/integrationTest/java added.
[INFO] 
[INFO] --- build-helper-maven-plugin:3.2.0:add-test-resource (add-test-resource) @ ignite-storage-api ---
[INFO] 
[INFO] --- maven-remote-resources-plugin:1.7.0:process (process-resource-bundles) @ ignite-storage-api ---
[INFO] Preparing remote bundle org.apache:apache-jar-resource-bundle:1.4
[INFO] Copying 3 resources from 1 bundle.
[INFO] 
[INFO] --- maven-resources-plugin:3.2.0:resources (default-resources) @ ignite-storage-api ---
[INFO] Using 'UTF-8' encoding to copy filtered resources.
[INFO] Using 'UTF-8' encoding to copy filtered properties files.
[INFO] Copying 1 resource
[INFO] Copying 3 resources
[INFO] 
[INFO] --- flatten-maven-plugin:1.2.2:flatten (flatten) @ ignite-storage-api ---
[INFO] Generating flattened POM of project org.apache.ignite:ignite-storage-api:jar:3.0.0-SNAPSHOT...
[INFO] 
[INFO] --- maven-compiler-plugin:3.8.1:compile (default-compile) @ ignite-storage-api ---
[INFO] Changes detected - recompiling the module!
[INFO] Compiling 38 source files to /home/srafi/after-cam-ready/compare_/compile_repair_output/work/2b31858cf06c/modules/storage-api/target/classes
[INFO] /home/srafi/after-cam-ready/compare_/compile_repair_output/work/2b31858cf06c/modules/storage-api/src/main/java/org/apache/ignite/internal/storage/index/PrefixComparator.java: Some input files use unchecked or unsafe operations.
[INFO] /home/srafi/after-cam-ready/compare_/compile_repair_output/work/2b31858cf06c/modules/storage-api/src/main/java/org/apache/ignite/internal/storage/index/PrefixComparator.java: Recompile with -Xlint:unchecked for details.
[INFO] 
[INFO] --- maven-resources-plugin:3.2.0:testResources (default-testResources) @ ignite-storage-api ---
[INFO] Using 'UTF-8' encoding to copy filtered resources.
[INFO] Using 'UTF-8' encoding to copy filtered properties files.
[INFO] Copying 2 resources
[INFO] skip non existing resourceDirectory /home/srafi/after-cam-ready/compare_/compile_repair_output/work/2b31858cf06c/modules/storage-api/src/integrationTest/resources
[INFO] Copying 3 resources
[INFO] 
[INFO] --- maven-compiler-plugin:3.8.1:testCompile (default-testCompile) @ ignite-storage-api ---
[INFO] Changes detected - recompiling the module!
[INFO] Compiling 19 source files to /home/srafi/after-cam-ready/compare_/compile_repair_output/work/2b31858cf06c/modules/storage-api/target/test-classes
[INFO] /home/srafi/after-cam-ready/compare_/compile_repair_output/work/2b31858cf06c/modules/storage-api/src/test/java/org/apache/ignite/internal/storage/chm/TestConcurrentHashMapPartitionStorage.java: /home/srafi/after-cam-ready/compare_/compile_repair_output/work/2b31858cf06c/modules/storage-api/src/test/java/org/apache/ignite/internal/storage/chm/TestConcurrentHashMapPartitionStorage.java uses unchecked or unsafe operations.
[INFO] /home/srafi/after-cam-ready/compare_/compile_repair_output/work/2b31858cf06c/modules/storage-api/src/test/java/org/apache/ignite/internal/storage/chm/TestConcurrentHashMapPartitionStorage.java: Recompile with -Xlint:unchecked for details.
[INFO] 
[INFO] --- modernizer-maven-plugin:2.3.0:modernizer (modernizer) @ ignite-storage-api ---
[INFO] Skipping modernizer execution!
[INFO] 
[INFO] --- maven-surefire-plugin:3.0.0-M8-SNAPSHOT:test (default-test) @ ignite-storage-api ---
[INFO] Tests are skipped.
[INFO] 
[INFO] --- maven-jar-plugin:3.2.0:jar (default-jar) @ ignite-storage-api ---
[INFO] Building jar: /home/srafi/after-cam-ready/compare_/compile_repair_output/work/2b31858cf06c/modules/storage-api/target/ignite-storage-api-3.0.0-SNAPSHOT.jar
[INFO] 
[INFO] --- maven-site-plugin:3.7.1:attach-descriptor (attach-descriptor) @ ignite-storage-api ---
[INFO] Skipping because packaging 'jar' is not pom.
[INFO] 
[INFO] --- maven-dependency-plugin:3.2.0:purge-local-repository (purge-local-repository) @ ignite-storage-api ---
[INFO] Deleting 1 manual dependency from /home/srafi/.m2/repository
[INFO] 
[INFO] --- maven-jar-plugin:3.2.0:test-jar (default-testJar) @ ignite-storage-api ---
[INFO] Building jar: /home/srafi/after-cam-ready/compare_/compile_repair_output/work/2b31858cf06c/modules/storage-api/target/ignite-storage-api-3.0.0-SNAPSHOT-tests.jar
[INFO] 
[INFO] --- maven-failsafe-plugin:3.0.0-M8-SNAPSHOT:integration-test (default) @ ignite-storage-api ---
[INFO] Tests are skipped.
[INFO] 
[INFO] --- maven-failsafe-plugin:3.0.0-M8-SNAPSHOT:verify (default) @ ignite-storage-api ---
[INFO] Tests are skipped.
[INFO] 
[INFO] --- maven-install-plugin:2.5.2:install (default-install) @ ignite-storage-api ---
[INFO] Installing /home/srafi/after-cam-ready/compare_/compile_repair_output/work/2b31858cf06c/modules/storage-api/target/ignite-storage-api-3.0.0-SNAPSHOT.jar to /home/srafi/.m2/repository/org/apache/ignite/ignite-storage-api/3.0.0-SNAPSHOT/ignite-storage-api-3.0.0-SNAPSHOT.jar
[INFO] Installing /home/srafi/after-cam-ready/compare_/compile_repair_output/work/2b31858cf06c/modules/storage-api/.flattened-pom.xml to /home/srafi/.m2/repository/org/apache/ignite/ignite-storage-api/3.0.0-SNAPSHOT/ignite-storage-api-3.0.0-SNAPSHOT.pom
[INFO] Installing /home/srafi/after-cam-ready/compare_/compile_repair_output/work/2b31858cf06c/modules/storage-api/target/ignite-storage-api-3.0.0-SNAPSHOT-tests.jar to /home/srafi/.m2/repository/org/apache/ignite/ignite-storage-api/3.0.0-SNAPSHOT/ignite-storage-api-3.0.0-SNAPSHOT-tests.jar
[INFO] 
[INFO] --------------< org.apache.ignite:ignite-storage-rocksdb >--------------
[INFO] Building ignite-storage-rocksdb 3.0.0-SNAPSHOT                   [17/17]
[INFO] --------------------------------[ jar ]---------------------------------
[INFO] 
[INFO] --- maven-clean-plugin:3.1.0:clean (default-clean) @ ignite-storage-rocksdb ---
[INFO] 
[INFO] --- flatten-maven-plugin:1.2.2:clean (flatten.clean.before) @ ignite-storage-rocksdb ---
[INFO] 
[INFO] --- build-helper-maven-plugin:3.2.0:add-test-source (add-test-source) @ ignite-storage-rocksdb ---
[INFO] Test Source directory: /home/srafi/after-cam-ready/compare_/compile_repair_output/work/2b31858cf06c/modules/storage-rocksdb/src/integrationTest/java added.
[INFO] 
[INFO] --- build-helper-maven-plugin:3.2.0:add-test-resource (add-test-resource) @ ignite-storage-rocksdb ---
[INFO] 
[INFO] --- maven-remote-resources-plugin:1.7.0:process (process-resource-bundles) @ ignite-storage-rocksdb ---
[INFO] Preparing remote bundle org.apache:apache-jar-resource-bundle:1.4
[INFO] Copying 3 resources from 1 bundle.
[INFO] 
[INFO] --- maven-resources-plugin:3.2.0:resources (default-resources) @ ignite-storage-rocksdb ---
[INFO] Using 'UTF-8' encoding to copy filtered resources.
[INFO] Using 'UTF-8' encoding to copy filtered properties files.
[INFO] Copying 2 resources
[INFO] Copying 3 resources
[INFO] 
[INFO] --- flatten-maven-plugin:1.2.2:flatten (flatten) @ ignite-storage-rocksdb ---
[INFO] Generating flattened POM of project org.apache.ignite:ignite-storage-rocksdb:jar:3.0.0-SNAPSHOT...
[INFO] 
[INFO] --- maven-compiler-plugin:3.8.1:compile (default-compile) @ ignite-storage-rocksdb ---
[INFO] Changes detected - recompiling the module!
[INFO] Compiling 22 source files to /home/srafi/after-cam-ready/compare_/compile_repair_output/work/2b31858cf06c/modules/storage-rocksdb/target/classes
[INFO] /home/srafi/after-cam-ready/compare_/compile_repair_output/work/2b31858cf06c/modules/storage-rocksdb/target/generated-sources/annotations/org/apache/ignite/internal/storage/rocksdb/configuration/schema/RocksDbStorageEngineConfiguration.java: Some input files use unchecked or unsafe operations.
[INFO] /home/srafi/after-cam-ready/compare_/compile_repair_output/work/2b31858cf06c/modules/storage-rocksdb/target/generated-sources/annotations/org/apache/ignite/internal/storage/rocksdb/configuration/schema/RocksDbStorageEngineConfiguration.java: Recompile with -Xlint:unchecked for details.
[INFO] 
[INFO] --- maven-resources-plugin:3.2.0:testResources (default-testResources) @ ignite-storage-rocksdb ---
[INFO] Using 'UTF-8' encoding to copy filtered resources.
[INFO] Using 'UTF-8' encoding to copy filtered properties files.
[INFO] skip non existing resourceDirectory /home/srafi/after-cam-ready/compare_/compile_repair_output/work/2b31858cf06c/modules/storage-rocksdb/src/test/resources
[INFO] skip non existing resourceDirectory /home/srafi/after-cam-ready/compare_/compile_repair_output/work/2b31858cf06c/modules/storage-rocksdb/src/integrationTest/resources
[INFO] Copying 3 resources
[INFO] 
[INFO] --- maven-compiler-plugin:3.8.1:testCompile (default-testCompile) @ ignite-storage-rocksdb ---
[INFO] Changes detected - recompiling the module!
[INFO] Compiling 7 source files to /home/srafi/after-cam-ready/compare_/compile_repair_output/work/2b31858cf06c/modules/storage-rocksdb/target/test-classes
[INFO] /home/srafi/after-cam-ready/compare_/compile_repair_output/work/2b31858cf06c/modules/storage-rocksdb/src/test/java/org/apache/ignite/internal/storage/rocksdb/index/IndexRowWrapper.java: Some input files use unchecked or unsafe operations.
[INFO] /home/srafi/after-cam-ready/compare_/compile_repair_output/work/2b31858cf06c/modules/storage-rocksdb/src/test/java/org/apache/ignite/internal/storage/rocksdb/index/IndexRowWrapper.java: Recompile with -Xlint:unchecked for details.
[INFO] 
[INFO] --- modernizer-maven-plugin:2.3.0:modernizer (modernizer) @ ignite-storage-rocksdb ---
[INFO] Skipping modernizer execution!
[INFO] 
[INFO] --- maven-surefire-plugin:3.0.0-M8-SNAPSHOT:test (default-test) @ ignite-storage-rocksdb ---
[INFO] Tests are skipped.
[INFO] 
[INFO] --- maven-jar-plugin:3.2.0:jar (default-jar) @ ignite-storage-rocksdb ---
[INFO] Building jar: /home/srafi/after-cam-ready/compare_/compile_repair_output/work/2b31858cf06c/modules/storage-rocksdb/target/ignite-storage-rocksdb-3.0.0-SNAPSHOT.jar
[INFO] 
[INFO] --- maven-site-plugin:3.7.1:attach-descriptor (attach-descriptor) @ ignite-storage-rocksdb ---
[INFO] Skipping because packaging 'jar' is not pom.
[INFO] 
[INFO] --- maven-dependency-plugin:3.2.0:purge-local-repository (purge-local-repository) @ ignite-storage-rocksdb ---
[INFO] Deleting 1 manual dependency from /home/srafi/.m2/repository
[INFO] 
[INFO] --- maven-failsafe-plugin:3.0.0-M8-SNAPSHOT:integration-test (default) @ ignite-storage-rocksdb ---
[INFO] Tests are skipped.
[INFO] 
[INFO] --- maven-failsafe-plugin:3.0.0-M8-SNAPSHOT:verify (default) @ ignite-storage-rocksdb ---
[INFO] Tests are skipped.
[INFO] 
[INFO] --- maven-install-plugin:2.5.2:install (default-install) @ ignite-storage-rocksdb ---
[INFO] Installing /home/srafi/after-cam-ready/compare_/compile_repair_output/work/2b31858cf06c/modules/storage-rocksdb/target/ignite-storage-rocksdb-3.0.0-SNAPSHOT.jar to /home/srafi/.m2/repository/org/apache/ignite/ignite-storage-rocksdb/3.0.0-SNAPSHOT/ignite-storage-rocksdb-3.0.0-SNAPSHOT.jar
[INFO] Installing /home/srafi/after-cam-ready/compare_/compile_repair_output/work/2b31858cf06c/modules/storage-rocksdb/.flattened-pom.xml to /home/srafi/.m2/repository/org/apache/ignite/ignite-storage-rocksdb/3.0.0-SNAPSHOT/ignite-storage-rocksdb-3.0.0-SNAPSHOT.pom
[INFO] ------------------------------------------------------------------------
[INFO] Reactor Summary for ignite-bytecode 3.0.0-SNAPSHOT:
[INFO] 
[INFO] ignite-bytecode .................................... SUCCESS [  6.537 s]
[INFO] ignite-core ........................................ SUCCESS [  2.662 s]
[INFO] ignite-configuration-api ........................... SUCCESS [  0.105 s]
[INFO] ignite-configuration-annotation-processor .......... SUCCESS [  0.522 s]
[INFO] ignite-api ......................................... SUCCESS [  0.581 s]
[INFO] ignite-rest-api .................................... SUCCESS [  0.077 s]
[INFO] ignite-configuration ............................... SUCCESS [  3.327 s]
[INFO] ignite-network-api ................................. SUCCESS [  0.125 s]
[INFO] ignite-network-annotation-processor ................ SUCCESS [  0.281 s]
[INFO] ignite-raft-client ................................. SUCCESS [  0.131 s]
[INFO] ignite-network ..................................... SUCCESS [  2.152 s]
[INFO] ignite-rocksdb-common .............................. SUCCESS [  0.075 s]
[INFO] ignite-extended-api ................................ SUCCESS [  0.113 s]
[INFO] ignite-schema ...................................... SUCCESS [  0.855 s]
[INFO] ignite-transactions ................................ SUCCESS [  0.328 s]
[INFO] ignite-storage-api ................................. SUCCESS [  0.525 s]
[INFO] ignite-storage-rocksdb ............................. SUCCESS [  0.467 s]
[INFO] ------------------------------------------------------------------------
[INFO] BUILD SUCCESS
[INFO] ------------------------------------------------------------------------
[INFO] Total time:  19.678 s
[INFO] Finished at: 2026-08-15T15:18:40-04:00
[INFO] ------------------------------------------------------------------------
