JAVA_HOME=/usr/lib/jvm/java-8-openjdk-amd64
COMMAND=mvn -B clean install -DskipTests -U -pl serde -am -Ddependency-check.skip=true -Dgpg.skip=true -DfailIfNoTests=false -Dskip.installnodenpm=true -Dskip.npm=true -Dskip.yarn=true -Dlicense.skip=true -Dcheckstyle.skip=true -Drat.skip=true -Denforcer.skip=true -Danimal.sniffer.skip=true -Dmaven.javadoc.skip=true -Dfindbugs.skip=true -Dspotbugs.skip=true -Dwarbucks.skip=true -Dmodernizer.skip=true -Dimpsort.skip=true -Dmdep.analyze.skip=true -Dpgpverify.skip=true -Dxml.skip=true -Dcobertura.skip=true

[INFO] Scanning for projects...
[WARNING] 
[WARNING] Some problems were encountered while building the effective model for org.apache.hive:hive-upgrade-acid:pom:4.0.0-SNAPSHOT
[WARNING] 'build.plugins.plugin.version' for org.apache.maven.plugins:maven-checkstyle-plugin is missing. @ line 58, column 21
[WARNING] 
[WARNING] It is highly recommended to fix these problems because they threaten the stability of your build.
[WARNING] 
[WARNING] For this reason, future Maven versions might no longer support building such malformed projects.
[WARNING] 
Warning: KebabPizza disabling incompatible org.apache.maven.plugins:maven-enforcer-plugin from hive
Warning: KebabPizza disabling incompatible org.apache.rat:apache-rat-plugin from hive
Warning: KebabPizza disabling incompatible org.apache.maven.plugins:maven-enforcer-plugin from hive-classification
Warning: KebabPizza disabling incompatible org.apache.rat:apache-rat-plugin from hive-classification
Warning: KebabPizza disabling incompatible org.apache.maven.plugins:maven-enforcer-plugin from hive-shims-common
Warning: KebabPizza disabling incompatible org.apache.rat:apache-rat-plugin from hive-shims-common
Warning: KebabPizza disabling incompatible org.apache.maven.plugins:maven-enforcer-plugin from hive-shims-0.23
Warning: KebabPizza disabling incompatible org.apache.rat:apache-rat-plugin from hive-shims-0.23
Warning: KebabPizza disabling incompatible org.apache.maven.plugins:maven-enforcer-plugin from hive-shims-scheduler
Warning: KebabPizza disabling incompatible org.apache.rat:apache-rat-plugin from hive-shims-scheduler
Warning: KebabPizza disabling incompatible org.apache.maven.plugins:maven-enforcer-plugin from hive-shims
Warning: KebabPizza disabling incompatible org.apache.rat:apache-rat-plugin from hive-shims
Warning: KebabPizza disabling incompatible org.apache.maven.plugins:maven-enforcer-plugin from hive-standalone-metastore-common
Warning: KebabPizza disabling incompatible org.apache.rat:apache-rat-plugin from hive-standalone-metastore-common
Warning: KebabPizza disabling incompatible org.apache.maven.plugins:maven-enforcer-plugin from hive-common
Warning: KebabPizza disabling incompatible org.apache.rat:apache-rat-plugin from hive-common
Warning: KebabPizza disabling incompatible org.apache.maven.plugins:maven-enforcer-plugin from hive-service-rpc
Warning: KebabPizza disabling incompatible org.apache.rat:apache-rat-plugin from hive-service-rpc
Warning: KebabPizza disabling incompatible org.apache.maven.plugins:maven-enforcer-plugin from hive-serde
Warning: KebabPizza disabling incompatible org.apache.rat:apache-rat-plugin from hive-serde
[WARNING] The project org.apache.hive:hive:pom:4.0.0-SNAPSHOT uses prerequisites which is only intended for maven-plugin projects but not for non maven-plugin projects. For such purposes you should use the maven-enforcer-plugin. See https://maven.apache.org/enforcer/enforcer-rules/requireMavenVersion.html
[INFO] ------------------------------------------------------------------------
[INFO] Reactor Build Order:
[INFO] 
[INFO] Hive Storage API                                                   [jar]
[INFO] Hive                                                               [pom]
[INFO] Hive Classifications                                               [jar]
[INFO] Hive Shims Common                                                  [jar]
[INFO] Hive Shims 0.23                                                    [jar]
[INFO] Hive Shims Scheduler                                               [jar]
[INFO] Hive Shims                                                         [jar]
[INFO] Hive Standalone Metastore                                          [pom]
[INFO] Hive Standalone Metastore Common Code                              [jar]
[INFO] Hive Common                                                        [jar]
[INFO] Hive Service RPC                                                   [jar]
[INFO] Hive Serde                                                         [jar]
[INFO] 
[INFO] ------------------< org.apache.hive:hive-storage-api >------------------
[INFO] Building Hive Storage API 2.7.0-SNAPSHOT                          [1/12]
[INFO] --------------------------------[ jar ]---------------------------------
[INFO] Downloading from central: https://repo.maven.apache.org/maven2/org/apache/hadoop/hadoop-common/3.1.0/hadoop-common-3.1.0.pom
[INFO] Downloaded from central: https://repo.maven.apache.org/maven2/org/apache/hadoop/hadoop-common/3.1.0/hadoop-common-3.1.0.pom (45 kB at 170 kB/s)
[INFO] Downloading from central: https://repo.maven.apache.org/maven2/org/apache/hadoop/hadoop-project-dist/3.1.0/hadoop-project-dist-3.1.0.pom
[INFO] Downloaded from central: https://repo.maven.apache.org/maven2/org/apache/hadoop/hadoop-project-dist/3.1.0/hadoop-project-dist-3.1.0.pom (18 kB at 503 kB/s)
[INFO] Downloading from central: https://repo.maven.apache.org/maven2/org/apache/hadoop/hadoop-annotations/3.1.0/hadoop-annotations-3.1.0.pom
[INFO] Downloaded from central: https://repo.maven.apache.org/maven2/org/apache/hadoop/hadoop-annotations/3.1.0/hadoop-annotations-3.1.0.pom (2.3 kB at 70 kB/s)
[INFO] Downloading from central: https://repo.maven.apache.org/maven2/org/apache/hadoop/hadoop-auth/3.1.0/hadoop-auth-3.1.0.pom
[INFO] Downloaded from central: https://repo.maven.apache.org/maven2/org/apache/hadoop/hadoop-auth/3.1.0/hadoop-auth-3.1.0.pom (8.2 kB at 266 kB/s)
[INFO] Downloading from central: https://repo.maven.apache.org/maven2/org/apache/hadoop/hadoop-common/3.1.0/hadoop-common-3.1.0.jar
[INFO] Downloading from central: https://repo.maven.apache.org/maven2/org/apache/hadoop/hadoop-annotations/3.1.0/hadoop-annotations-3.1.0.jar
[INFO] Downloading from central: https://repo.maven.apache.org/maven2/org/apache/hadoop/hadoop-auth/3.1.0/hadoop-auth-3.1.0.jar
[INFO] Downloaded from central: https://repo.maven.apache.org/maven2/org/apache/hadoop/hadoop-annotations/3.1.0/hadoop-annotations-3.1.0.jar (60 kB at 1.1 MB/s)
[INFO] Downloaded from central: https://repo.maven.apache.org/maven2/org/apache/hadoop/hadoop-auth/3.1.0/hadoop-auth-3.1.0.jar (138 kB at 2.2 MB/s)
[INFO] Downloaded from central: https://repo.maven.apache.org/maven2/org/apache/hadoop/hadoop-common/3.1.0/hadoop-common-3.1.0.jar (4.0 MB at 31 MB/s)
[INFO] 
[INFO] --- maven-clean-plugin:3.0.0:clean (default-clean) @ hive-storage-api ---
[INFO] 
[INFO] --- maven-remote-resources-plugin:1.5:process (process-resource-bundles) @ hive-storage-api ---
[INFO] 
[INFO] --- maven-resources-plugin:2.7:resources (default-resources) @ hive-storage-api ---
[INFO] Using 'UTF-8' encoding to copy filtered resources.
[INFO] skip non existing resourceDirectory /home/srafi/after-cam-ready/compare_/compile_repair_output/work/35fb62fffdd4/storage-api/src/main/resources
[INFO] Copying 3 resources
[INFO] 
[INFO] --- maven-compiler-plugin:3.1:compile (default-compile) @ hive-storage-api ---
[INFO] Changes detected - recompiling the module!
[INFO] Compiling 64 source files to /home/srafi/after-cam-ready/compare_/compile_repair_output/work/35fb62fffdd4/storage-api/target/classes
[INFO] 
[INFO] --- maven-resources-plugin:2.7:testResources (default-testResources) @ hive-storage-api ---
[INFO] Using 'UTF-8' encoding to copy filtered resources.
[INFO] Copying 1 resource
[INFO] Copying 3 resources
[INFO] 
[INFO] --- maven-compiler-plugin:3.1:testCompile (default-testCompile) @ hive-storage-api ---
[INFO] Changes detected - recompiling the module!
[INFO] Compiling 24 source files to /home/srafi/after-cam-ready/compare_/compile_repair_output/work/35fb62fffdd4/storage-api/target/test-classes
[WARNING] /home/srafi/after-cam-ready/compare_/compile_repair_output/work/35fb62fffdd4/storage-api/src/test/org/apache/hadoop/hive/common/type/TestHiveDecimal.java: /home/srafi/after-cam-ready/compare_/compile_repair_output/work/35fb62fffdd4/storage-api/src/test/org/apache/hadoop/hive/common/type/TestHiveDecimal.java uses or overrides a deprecated API.
[WARNING] /home/srafi/after-cam-ready/compare_/compile_repair_output/work/35fb62fffdd4/storage-api/src/test/org/apache/hadoop/hive/common/type/TestHiveDecimal.java: Recompile with -Xlint:deprecation for details.
[INFO] 
[INFO] --- maven-surefire-plugin:3.0.0-M8-SNAPSHOT:test (default-test) @ hive-storage-api ---
[INFO] Downloading from apache.snapshots: https://repository.apache.org/snapshots/org/apache/maven/surefire/maven-surefire-common/3.0.0-M8-SNAPSHOT/maven-metadata.xml
[INFO] Downloading from apache.snapshots: https://repository.apache.org/snapshots/org/apache/maven/surefire/surefire-api/3.0.0-M8-SNAPSHOT/maven-metadata.xml
[INFO] Downloading from apache.snapshots: https://repository.apache.org/snapshots/org/apache/maven/surefire/surefire-logger-api/3.0.0-M8-SNAPSHOT/maven-metadata.xml
[INFO] Downloading from apache.snapshots: https://repository.apache.org/snapshots/org/apache/maven/surefire/surefire-shared-utils/3.0.0-M8-SNAPSHOT/maven-metadata.xml
[INFO] Downloading from apache.snapshots: https://repository.apache.org/snapshots/org/apache/maven/surefire/surefire-extensions-api/3.0.0-M8-SNAPSHOT/maven-metadata.xml
[INFO] Downloading from apache.snapshots: https://repository.apache.org/snapshots/org/apache/maven/surefire/surefire-booter/3.0.0-M8-SNAPSHOT/maven-metadata.xml
[INFO] Downloading from apache.snapshots: https://repository.apache.org/snapshots/org/apache/maven/surefire/surefire-extensions-spi/3.0.0-M8-SNAPSHOT/maven-metadata.xml
[INFO] Tests are skipped.
[INFO] 
[INFO] --- maven-jar-plugin:3.0.0:jar (default-jar) @ hive-storage-api ---
[INFO] Building jar: /home/srafi/after-cam-ready/compare_/compile_repair_output/work/35fb62fffdd4/storage-api/target/hive-storage-api-2.7.0-SNAPSHOT.jar
[INFO] 
[INFO] --- maven-site-plugin:3.5.1:attach-descriptor (attach-descriptor) @ hive-storage-api ---
[INFO] 
[INFO] --- maven-install-plugin:2.5.2:install (default-install) @ hive-storage-api ---
[INFO] Installing /home/srafi/after-cam-ready/compare_/compile_repair_output/work/35fb62fffdd4/storage-api/target/hive-storage-api-2.7.0-SNAPSHOT.jar to /home/srafi/.m2/repository/org/apache/hive/hive-storage-api/2.7.0-SNAPSHOT/hive-storage-api-2.7.0-SNAPSHOT.jar
[INFO] Installing /home/srafi/after-cam-ready/compare_/compile_repair_output/work/35fb62fffdd4/storage-api/pom.xml to /home/srafi/.m2/repository/org/apache/hive/hive-storage-api/2.7.0-SNAPSHOT/hive-storage-api-2.7.0-SNAPSHOT.pom
[INFO] 
[INFO] ------------------------< org.apache.hive:hive >------------------------
[INFO] Building Hive 4.0.0-SNAPSHOT                                      [2/12]
[INFO] --------------------------------[ pom ]---------------------------------
[INFO] 
[INFO] --- maven-clean-plugin:2.5:clean (default-clean) @ hive ---
[INFO] Deleting /home/srafi/after-cam-ready/compare_/compile_repair_output/work/35fb62fffdd4 (includes = [datanucleus.log, derby.log], excludes = [])
[INFO] 
[INFO] --- maven-remote-resources-plugin:1.5:process (process-resource-bundles) @ hive ---
[INFO] 
[INFO] --- maven-antrun-plugin:1.7:run (define-classpath) @ hive ---
[INFO] Executing tasks

main:
[INFO] Executed tasks
[INFO] 
[INFO] --- maven-antrun-plugin:1.7:run (setup-test-dirs) @ hive ---
[INFO] Executing tasks

main:
    [mkdir] Created dir: /home/srafi/after-cam-ready/compare_/compile_repair_output/work/35fb62fffdd4/target/tmp
    [mkdir] Created dir: /home/srafi/after-cam-ready/compare_/compile_repair_output/work/35fb62fffdd4/target/warehouse
    [mkdir] Created dir: /home/srafi/after-cam-ready/compare_/compile_repair_output/work/35fb62fffdd4/target/testconf
     [copy] Copying 19 files to /home/srafi/after-cam-ready/compare_/compile_repair_output/work/35fb62fffdd4/target/testconf
[INFO] Executed tasks
[INFO] 
[INFO] --- maven-site-plugin:3.5.1:attach-descriptor (attach-descriptor) @ hive ---
[INFO] 
[INFO] --- maven-install-plugin:2.4:install (default-install) @ hive ---
[INFO] Installing /home/srafi/after-cam-ready/compare_/compile_repair_output/work/35fb62fffdd4/pom.xml to /home/srafi/.m2/repository/org/apache/hive/hive/4.0.0-SNAPSHOT/hive-4.0.0-SNAPSHOT.pom
[INFO] 
[INFO] ----------------< org.apache.hive:hive-classification >-----------------
[INFO] Building Hive Classifications 4.0.0-SNAPSHOT                      [3/12]
[INFO] --------------------------------[ jar ]---------------------------------
[INFO] 
[INFO] --- maven-clean-plugin:2.5:clean (default-clean) @ hive-classification ---
[INFO] Deleting /home/srafi/after-cam-ready/compare_/compile_repair_output/work/35fb62fffdd4/classification (includes = [datanucleus.log, derby.log], excludes = [])
[INFO] 
[INFO] --- maven-remote-resources-plugin:1.5:process (process-resource-bundles) @ hive-classification ---
[INFO] 
[INFO] --- maven-resources-plugin:2.7:resources (default-resources) @ hive-classification ---
[INFO] Using 'UTF-8' encoding to copy filtered resources.
[INFO] skip non existing resourceDirectory /home/srafi/after-cam-ready/compare_/compile_repair_output/work/35fb62fffdd4/classification/src/main/resources
[INFO] Copying 3 resources
[INFO] 
[INFO] --- maven-antrun-plugin:1.7:run (define-classpath) @ hive-classification ---
[INFO] Executing tasks

main:
[INFO] Executed tasks
[INFO] 
[INFO] --- maven-compiler-plugin:3.6.1:compile (default-compile) @ hive-classification ---
[INFO] Compiling 2 source files to /home/srafi/after-cam-ready/compare_/compile_repair_output/work/35fb62fffdd4/classification/target/classes
[INFO] 
[INFO] --- maven-resources-plugin:2.7:testResources (default-testResources) @ hive-classification ---
[INFO] Using 'UTF-8' encoding to copy filtered resources.
[INFO] skip non existing resourceDirectory /home/srafi/after-cam-ready/compare_/compile_repair_output/work/35fb62fffdd4/classification/src/test/resources
[INFO] Copying 3 resources
[INFO] 
[INFO] --- maven-antrun-plugin:1.7:run (setup-test-dirs) @ hive-classification ---
[INFO] Executing tasks

main:
    [mkdir] Created dir: /home/srafi/after-cam-ready/compare_/compile_repair_output/work/35fb62fffdd4/classification/target/tmp
    [mkdir] Created dir: /home/srafi/after-cam-ready/compare_/compile_repair_output/work/35fb62fffdd4/classification/target/warehouse
    [mkdir] Created dir: /home/srafi/after-cam-ready/compare_/compile_repair_output/work/35fb62fffdd4/classification/target/testconf
     [copy] Copying 19 files to /home/srafi/after-cam-ready/compare_/compile_repair_output/work/35fb62fffdd4/classification/target/testconf
[INFO] Executed tasks
[INFO] 
[INFO] --- maven-compiler-plugin:3.6.1:testCompile (default-testCompile) @ hive-classification ---
[INFO] No sources to compile
[INFO] 
[INFO] --- maven-surefire-plugin:3.0.0-M8-SNAPSHOT:test (default-test) @ hive-classification ---
[INFO] Tests are skipped.
[INFO] 
[INFO] --- maven-jar-plugin:2.4:jar (default-jar) @ hive-classification ---
[INFO] Building jar: /home/srafi/after-cam-ready/compare_/compile_repair_output/work/35fb62fffdd4/classification/target/hive-classification-4.0.0-SNAPSHOT.jar
[INFO] 
[INFO] --- maven-site-plugin:3.5.1:attach-descriptor (attach-descriptor) @ hive-classification ---
[INFO] 
[INFO] --- maven-jar-plugin:2.4:test-jar (default) @ hive-classification ---
[INFO] Building jar: /home/srafi/after-cam-ready/compare_/compile_repair_output/work/35fb62fffdd4/classification/target/hive-classification-4.0.0-SNAPSHOT-tests.jar
[INFO] 
[INFO] --- maven-install-plugin:2.4:install (default-install) @ hive-classification ---
[INFO] Installing /home/srafi/after-cam-ready/compare_/compile_repair_output/work/35fb62fffdd4/classification/target/hive-classification-4.0.0-SNAPSHOT.jar to /home/srafi/.m2/repository/org/apache/hive/hive-classification/4.0.0-SNAPSHOT/hive-classification-4.0.0-SNAPSHOT.jar
[INFO] Installing /home/srafi/after-cam-ready/compare_/compile_repair_output/work/35fb62fffdd4/classification/pom.xml to /home/srafi/.m2/repository/org/apache/hive/hive-classification/4.0.0-SNAPSHOT/hive-classification-4.0.0-SNAPSHOT.pom
[INFO] Installing /home/srafi/after-cam-ready/compare_/compile_repair_output/work/35fb62fffdd4/classification/target/hive-classification-4.0.0-SNAPSHOT-tests.jar to /home/srafi/.m2/repository/org/apache/hive/hive-classification/4.0.0-SNAPSHOT/hive-classification-4.0.0-SNAPSHOT-tests.jar
[INFO] 
[INFO] --------------< org.apache.hive.shims:hive-shims-common >---------------
[INFO] Building Hive Shims Common 4.0.0-SNAPSHOT                         [4/12]
[INFO] --------------------------------[ jar ]---------------------------------
[INFO] Downloading from central: https://repo.maven.apache.org/maven2/org/apache/logging/log4j/log4j-slf4j-impl/2.12.1/log4j-slf4j-impl-2.12.1.pom
[INFO] Downloaded from central: https://repo.maven.apache.org/maven2/org/apache/logging/log4j/log4j-slf4j-impl/2.12.1/log4j-slf4j-impl-2.12.1.pom (12 kB at 339 kB/s)
[INFO] Downloading from central: https://repo.maven.apache.org/maven2/org/apache/logging/log4j/log4j/2.12.1/log4j-2.12.1.pom
[INFO] Downloaded from central: https://repo.maven.apache.org/maven2/org/apache/logging/log4j/log4j/2.12.1/log4j-2.12.1.pom (63 kB at 1.7 MB/s)
[INFO] Downloading from central: https://repo.maven.apache.org/maven2/org/apache/logging/log4j/log4j-api/2.12.1/log4j-api-2.12.1.pom
[INFO] Downloaded from central: https://repo.maven.apache.org/maven2/org/apache/logging/log4j/log4j-api/2.12.1/log4j-api-2.12.1.pom (13 kB at 386 kB/s)
[INFO] Downloading from central: https://repo.maven.apache.org/maven2/org/apache/logging/log4j/log4j-core/2.12.1/log4j-core-2.12.1.pom
[INFO] Downloaded from central: https://repo.maven.apache.org/maven2/org/apache/logging/log4j/log4j-core/2.12.1/log4j-core-2.12.1.pom (23 kB at 724 kB/s)
[INFO] Downloading from central: https://repo.maven.apache.org/maven2/org/apache/hadoop/hadoop-client/3.1.0/hadoop-client-3.1.0.pom
[INFO] Downloaded from central: https://repo.maven.apache.org/maven2/org/apache/hadoop/hadoop-client/3.1.0/hadoop-client-3.1.0.pom (11 kB at 338 kB/s)
[INFO] Downloading from central: https://repo.maven.apache.org/maven2/org/apache/hadoop/hadoop-hdfs-client/3.1.0/hadoop-hdfs-client-3.1.0.pom
[INFO] Downloaded from central: https://repo.maven.apache.org/maven2/org/apache/hadoop/hadoop-hdfs-client/3.1.0/hadoop-hdfs-client-3.1.0.pom (6.0 kB at 171 kB/s)
[INFO] Downloading from central: https://repo.maven.apache.org/maven2/org/apache/hadoop/hadoop-yarn-api/3.1.0/hadoop-yarn-api-3.1.0.pom
[INFO] Downloaded from central: https://repo.maven.apache.org/maven2/org/apache/hadoop/hadoop-yarn-api/3.1.0/hadoop-yarn-api-3.1.0.pom (5.3 kB at 176 kB/s)
[INFO] Downloading from central: https://repo.maven.apache.org/maven2/org/apache/hadoop/hadoop-yarn/3.1.0/hadoop-yarn-3.1.0.pom
[INFO] Downloaded from central: https://repo.maven.apache.org/maven2/org/apache/hadoop/hadoop-yarn/3.1.0/hadoop-yarn-3.1.0.pom (10 kB at 351 kB/s)
[INFO] Downloading from central: https://repo.maven.apache.org/maven2/org/apache/hadoop/hadoop-yarn-client/3.1.0/hadoop-yarn-client-3.1.0.pom
[INFO] Downloaded from central: https://repo.maven.apache.org/maven2/org/apache/hadoop/hadoop-yarn-client/3.1.0/hadoop-yarn-client-3.1.0.pom (6.4 kB at 213 kB/s)
[INFO] Downloading from central: https://repo.maven.apache.org/maven2/org/apache/hadoop/hadoop-mapreduce-client-core/3.1.0/hadoop-mapreduce-client-core-3.1.0.pom
[INFO] Downloaded from central: https://repo.maven.apache.org/maven2/org/apache/hadoop/hadoop-mapreduce-client-core/3.1.0/hadoop-mapreduce-client-core-3.1.0.pom (5.3 kB at 177 kB/s)
[INFO] Downloading from central: https://repo.maven.apache.org/maven2/org/apache/hadoop/hadoop-mapreduce-client/3.1.0/hadoop-mapreduce-client-3.1.0.pom
[INFO] Downloaded from central: https://repo.maven.apache.org/maven2/org/apache/hadoop/hadoop-mapreduce-client/3.1.0/hadoop-mapreduce-client-3.1.0.pom (13 kB at 339 kB/s)
[INFO] Downloading from central: https://repo.maven.apache.org/maven2/org/apache/hadoop/hadoop-yarn-common/3.1.0/hadoop-yarn-common-3.1.0.pom
[INFO] Downloaded from central: https://repo.maven.apache.org/maven2/org/apache/hadoop/hadoop-yarn-common/3.1.0/hadoop-yarn-common-3.1.0.pom (14 kB at 380 kB/s)
[INFO] Downloading from central: https://repo.maven.apache.org/maven2/com/fasterxml/jackson/module/jackson-module-jaxb-annotations/2.9.9/jackson-module-jaxb-annotations-2.9.9.pom
[INFO] Downloaded from central: https://repo.maven.apache.org/maven2/com/fasterxml/jackson/module/jackson-module-jaxb-annotations/2.9.9/jackson-module-jaxb-annotations-2.9.9.pom (2.0 kB at 58 kB/s)
[INFO] Downloading from central: https://repo.maven.apache.org/maven2/com/fasterxml/jackson/module/jackson-modules-base/2.9.9/jackson-modules-base-2.9.9.pom
[INFO] Downloaded from central: https://repo.maven.apache.org/maven2/com/fasterxml/jackson/module/jackson-modules-base/2.9.9/jackson-modules-base-2.9.9.pom (3.0 kB at 101 kB/s)
[INFO] Downloading from central: https://repo.maven.apache.org/maven2/com/fasterxml/jackson/jaxrs/jackson-jaxrs-json-provider/2.9.9/jackson-jaxrs-json-provider-2.9.9.pom
[INFO] Downloaded from central: https://repo.maven.apache.org/maven2/com/fasterxml/jackson/jaxrs/jackson-jaxrs-json-provider/2.9.9/jackson-jaxrs-json-provider-2.9.9.pom (3.9 kB at 126 kB/s)
[INFO] Downloading from central: https://repo.maven.apache.org/maven2/com/fasterxml/jackson/jaxrs/jackson-jaxrs-providers/2.9.9/jackson-jaxrs-providers-2.9.9.pom
[INFO] Downloaded from central: https://repo.maven.apache.org/maven2/com/fasterxml/jackson/jaxrs/jackson-jaxrs-providers/2.9.9/jackson-jaxrs-providers-2.9.9.pom (4.1 kB at 117 kB/s)
[INFO] Downloading from central: https://repo.maven.apache.org/maven2/com/fasterxml/jackson/jaxrs/jackson-jaxrs-base/2.9.9/jackson-jaxrs-base-2.9.9.pom
[INFO] Downloaded from central: https://repo.maven.apache.org/maven2/com/fasterxml/jackson/jaxrs/jackson-jaxrs-base/2.9.9/jackson-jaxrs-base-2.9.9.pom (1.5 kB at 49 kB/s)
[INFO] Downloading from central: https://repo.maven.apache.org/maven2/org/apache/hadoop/hadoop-mapreduce-client-jobclient/3.1.0/hadoop-mapreduce-client-jobclient-3.1.0.pom
[INFO] Downloaded from central: https://repo.maven.apache.org/maven2/org/apache/hadoop/hadoop-mapreduce-client-jobclient/3.1.0/hadoop-mapreduce-client-jobclient-3.1.0.pom (6.0 kB at 182 kB/s)
[INFO] Downloading from central: https://repo.maven.apache.org/maven2/org/apache/hadoop/hadoop-mapreduce-client-common/3.1.0/hadoop-mapreduce-client-common-3.1.0.pom
[INFO] Downloaded from central: https://repo.maven.apache.org/maven2/org/apache/hadoop/hadoop-mapreduce-client-common/3.1.0/hadoop-mapreduce-client-common-3.1.0.pom (3.2 kB at 88 kB/s)
[INFO] Downloading from central: https://repo.maven.apache.org/maven2/org/apache/thrift/libthrift/0.9.3-1/libthrift-0.9.3-1.pom
[INFO] Downloaded from central: https://repo.maven.apache.org/maven2/org/apache/thrift/libthrift/0.9.3-1/libthrift-0.9.3-1.pom (3.3 kB at 82 kB/s)
[INFO] Downloading from central: https://repo.maven.apache.org/maven2/org/apache/zookeeper/zookeeper/3.5.5/zookeeper-3.5.5.pom
[INFO] Downloaded from central: https://repo.maven.apache.org/maven2/org/apache/zookeeper/zookeeper/3.5.5/zookeeper-3.5.5.pom (9.0 kB at 258 kB/s)
[INFO] Downloading from central: https://repo.maven.apache.org/maven2/org/apache/zookeeper/parent/3.5.5/parent-3.5.5.pom
[INFO] Downloaded from central: https://repo.maven.apache.org/maven2/org/apache/zookeeper/parent/3.5.5/parent-3.5.5.pom (26 kB at 883 kB/s)
[INFO] Downloading from central: https://repo.maven.apache.org/maven2/org/apache/zookeeper/zookeeper-jute/3.5.5/zookeeper-jute-3.5.5.pom
[INFO] Downloaded from central: https://repo.maven.apache.org/maven2/org/apache/zookeeper/zookeeper-jute/3.5.5/zookeeper-jute-3.5.5.pom (5.6 kB at 187 kB/s)
[INFO] Downloading from central: https://repo.maven.apache.org/maven2/io/netty/netty-all/4.1.17.Final/netty-all-4.1.17.Final.pom
[INFO] Downloaded from central: https://repo.maven.apache.org/maven2/io/netty/netty-all/4.1.17.Final/netty-all-4.1.17.Final.pom (25 kB at 706 kB/s)
[INFO] Downloading from central: https://repo.maven.apache.org/maven2/io/netty/netty-parent/4.1.17.Final/netty-parent-4.1.17.Final.pom
[INFO] Downloaded from central: https://repo.maven.apache.org/maven2/io/netty/netty-parent/4.1.17.Final/netty-parent-4.1.17.Final.pom (51 kB at 1.6 MB/s)
[INFO] Downloading from central: https://repo.maven.apache.org/maven2/org/apache/logging/log4j/log4j-slf4j-impl/2.12.1/log4j-slf4j-impl-2.12.1.jar
[INFO] Downloading from central: https://repo.maven.apache.org/maven2/org/apache/logging/log4j/log4j-api/2.12.1/log4j-api-2.12.1.jar
[INFO] Downloading from central: https://repo.maven.apache.org/maven2/org/apache/hadoop/hadoop-client/3.1.0/hadoop-client-3.1.0.jar
[INFO] Downloading from central: https://repo.maven.apache.org/maven2/org/apache/logging/log4j/log4j-core/2.12.1/log4j-core-2.12.1.jar
[INFO] Downloading from central: https://repo.maven.apache.org/maven2/org/apache/hadoop/hadoop-hdfs-client/3.1.0/hadoop-hdfs-client-3.1.0.jar
[INFO] Downloaded from central: https://repo.maven.apache.org/maven2/org/apache/hadoop/hadoop-client/3.1.0/hadoop-client-3.1.0.jar (44 kB at 877 kB/s)
[INFO] Downloading from central: https://repo.maven.apache.org/maven2/org/apache/hadoop/hadoop-yarn-api/3.1.0/hadoop-yarn-api-3.1.0.jar
[INFO] Downloaded from central: https://repo.maven.apache.org/maven2/org/apache/logging/log4j/log4j-slf4j-impl/2.12.1/log4j-slf4j-impl-2.12.1.jar (24 kB at 461 kB/s)
[INFO] Downloading from central: https://repo.maven.apache.org/maven2/org/apache/hadoop/hadoop-yarn-client/3.1.0/hadoop-yarn-client-3.1.0.jar
[INFO] Downloaded from central: https://repo.maven.apache.org/maven2/org/apache/logging/log4j/log4j-api/2.12.1/log4j-api-2.12.1.jar (277 kB at 3.1 MB/s)
[INFO] Downloading from central: https://repo.maven.apache.org/maven2/org/apache/hadoop/hadoop-mapreduce-client-core/3.1.0/hadoop-mapreduce-client-core-3.1.0.jar
[INFO] Downloaded from central: https://repo.maven.apache.org/maven2/org/apache/hadoop/hadoop-yarn-client/3.1.0/hadoop-yarn-client-3.1.0.jar (302 kB at 3.4 MB/s)
[INFO] Downloading from central: https://repo.maven.apache.org/maven2/org/apache/hadoop/hadoop-yarn-common/3.1.0/hadoop-yarn-common-3.1.0.jar
[INFO] Downloaded from central: https://repo.maven.apache.org/maven2/org/apache/logging/log4j/log4j-core/2.12.1/log4j-core-2.12.1.jar (1.7 MB at 16 MB/s)
[INFO] Downloading from central: https://repo.maven.apache.org/maven2/com/fasterxml/jackson/module/jackson-module-jaxb-annotations/2.9.9/jackson-module-jaxb-annotations-2.9.9.jar
[INFO] Downloaded from central: https://repo.maven.apache.org/maven2/org/apache/hadoop/hadoop-hdfs-client/3.1.0/hadoop-hdfs-client-3.1.0.jar (4.9 MB at 36 MB/s)
[INFO] Downloading from central: https://repo.maven.apache.org/maven2/com/fasterxml/jackson/jaxrs/jackson-jaxrs-json-provider/2.9.9/jackson-jaxrs-json-provider-2.9.9.jar
[INFO] Downloaded from central: https://repo.maven.apache.org/maven2/org/apache/hadoop/hadoop-yarn-api/3.1.0/hadoop-yarn-api-3.1.0.jar (3.1 MB at 22 MB/s)
[INFO] Downloading from central: https://repo.maven.apache.org/maven2/com/fasterxml/jackson/jaxrs/jackson-jaxrs-base/2.9.9/jackson-jaxrs-base-2.9.9.jar
[INFO] Downloaded from central: https://repo.maven.apache.org/maven2/com/fasterxml/jackson/module/jackson-module-jaxb-annotations/2.9.9/jackson-module-jaxb-annotations-2.9.9.jar (33 kB at 225 kB/s)
[INFO] Downloading from central: https://repo.maven.apache.org/maven2/org/apache/hadoop/hadoop-mapreduce-client-jobclient/3.1.0/hadoop-mapreduce-client-jobclient-3.1.0.jar
[INFO] Downloaded from central: https://repo.maven.apache.org/maven2/org/apache/hadoop/hadoop-mapreduce-client-core/3.1.0/hadoop-mapreduce-client-core-3.1.0.jar (1.7 MB at 11 MB/s)
[INFO] Downloading from central: https://repo.maven.apache.org/maven2/org/apache/hadoop/hadoop-mapreduce-client-common/3.1.0/hadoop-mapreduce-client-common-3.1.0.jar
[INFO] Downloaded from central: https://repo.maven.apache.org/maven2/com/fasterxml/jackson/jaxrs/jackson-jaxrs-json-provider/2.9.9/jackson-jaxrs-json-provider-2.9.9.jar (16 kB at 96 kB/s)
[INFO] Downloading from central: https://repo.maven.apache.org/maven2/org/apache/thrift/libthrift/0.9.3-1/libthrift-0.9.3-1.jar
[INFO] Downloaded from central: https://repo.maven.apache.org/maven2/com/fasterxml/jackson/jaxrs/jackson-jaxrs-base/2.9.9/jackson-jaxrs-base-2.9.9.jar (32 kB at 181 kB/s)
[INFO] Downloading from central: https://repo.maven.apache.org/maven2/org/apache/zookeeper/zookeeper/3.5.5/zookeeper-3.5.5.jar
[INFO] Downloaded from central: https://repo.maven.apache.org/maven2/org/apache/hadoop/hadoop-mapreduce-client-jobclient/3.1.0/hadoop-mapreduce-client-jobclient-3.1.0.jar (85 kB at 454 kB/s)
[INFO] Downloading from central: https://repo.maven.apache.org/maven2/org/apache/zookeeper/zookeeper-jute/3.5.5/zookeeper-jute-3.5.5.jar
[INFO] Downloaded from central: https://repo.maven.apache.org/maven2/org/apache/hadoop/hadoop-mapreduce-client-common/3.1.0/hadoop-mapreduce-client-common-3.1.0.jar (804 kB at 4.2 MB/s)
[INFO] Downloading from central: https://repo.maven.apache.org/maven2/io/netty/netty-all/4.1.17.Final/netty-all-4.1.17.Final.jar
[INFO] Downloaded from central: https://repo.maven.apache.org/maven2/org/apache/hadoop/hadoop-yarn-common/3.1.0/hadoop-yarn-common-3.1.0.jar (2.8 MB at 15 MB/s)
[INFO] Downloaded from central: https://repo.maven.apache.org/maven2/org/apache/thrift/libthrift/0.9.3-1/libthrift-0.9.3-1.jar (234 kB at 1.2 MB/s)
[INFO] Downloaded from central: https://repo.maven.apache.org/maven2/org/apache/zookeeper/zookeeper-jute/3.5.5/zookeeper-jute-3.5.5.jar (372 kB at 1.6 MB/s)
[INFO] Downloaded from central: https://repo.maven.apache.org/maven2/org/apache/zookeeper/zookeeper/3.5.5/zookeeper-3.5.5.jar (979 kB at 4.3 MB/s)
[INFO] Downloaded from central: https://repo.maven.apache.org/maven2/io/netty/netty-all/4.1.17.Final/netty-all-4.1.17.Final.jar (3.8 MB at 14 MB/s)
[INFO] 
[INFO] --- maven-clean-plugin:2.5:clean (default-clean) @ hive-shims-common ---
[INFO] Deleting /home/srafi/after-cam-ready/compare_/compile_repair_output/work/35fb62fffdd4/shims/common (includes = [datanucleus.log, derby.log], excludes = [])
[INFO] 
[INFO] --- maven-remote-resources-plugin:1.5:process (process-resource-bundles) @ hive-shims-common ---
[INFO] 
[INFO] --- maven-resources-plugin:2.7:resources (default-resources) @ hive-shims-common ---
[INFO] Using 'UTF-8' encoding to copy filtered resources.
[INFO] skip non existing resourceDirectory /home/srafi/after-cam-ready/compare_/compile_repair_output/work/35fb62fffdd4/shims/common/src/main/resources
[INFO] Copying 3 resources
[INFO] 
[INFO] --- maven-antrun-plugin:1.7:run (define-classpath) @ hive-shims-common ---
[INFO] Executing tasks

main:
[INFO] Executed tasks
[INFO] 
[INFO] --- maven-compiler-plugin:3.6.1:compile (default-compile) @ hive-shims-common ---
[INFO] Compiling 19 source files to /home/srafi/after-cam-ready/compare_/compile_repair_output/work/35fb62fffdd4/shims/common/target/classes
[INFO] /home/srafi/after-cam-ready/compare_/compile_repair_output/work/35fb62fffdd4/shims/common/src/main/java/org/apache/hadoop/hive/shims/Utils.java: Some input files use or override a deprecated API.
[INFO] /home/srafi/after-cam-ready/compare_/compile_repair_output/work/35fb62fffdd4/shims/common/src/main/java/org/apache/hadoop/hive/shims/Utils.java: Recompile with -Xlint:deprecation for details.
[INFO] /home/srafi/after-cam-ready/compare_/compile_repair_output/work/35fb62fffdd4/shims/common/src/main/java/org/apache/hadoop/hive/shims/Utils.java: Some input files use unchecked or unsafe operations.
[INFO] /home/srafi/after-cam-ready/compare_/compile_repair_output/work/35fb62fffdd4/shims/common/src/main/java/org/apache/hadoop/hive/shims/Utils.java: Recompile with -Xlint:unchecked for details.
[INFO] 
[INFO] --- maven-resources-plugin:2.7:testResources (default-testResources) @ hive-shims-common ---
[INFO] Using 'UTF-8' encoding to copy filtered resources.
[INFO] skip non existing resourceDirectory /home/srafi/after-cam-ready/compare_/compile_repair_output/work/35fb62fffdd4/shims/common/src/test/resources
[INFO] Copying 3 resources
[INFO] 
[INFO] --- maven-antrun-plugin:1.7:run (setup-test-dirs) @ hive-shims-common ---
[INFO] Executing tasks

main:
    [mkdir] Created dir: /home/srafi/after-cam-ready/compare_/compile_repair_output/work/35fb62fffdd4/shims/common/target/tmp
    [mkdir] Created dir: /home/srafi/after-cam-ready/compare_/compile_repair_output/work/35fb62fffdd4/shims/common/target/warehouse
    [mkdir] Created dir: /home/srafi/after-cam-ready/compare_/compile_repair_output/work/35fb62fffdd4/shims/common/target/testconf
     [copy] Copying 19 files to /home/srafi/after-cam-ready/compare_/compile_repair_output/work/35fb62fffdd4/shims/common/target/testconf
[INFO] Executed tasks
[INFO] 
[INFO] --- maven-compiler-plugin:3.6.1:testCompile (default-testCompile) @ hive-shims-common ---
[INFO] Compiling 2 source files to /home/srafi/after-cam-ready/compare_/compile_repair_output/work/35fb62fffdd4/shims/common/target/test-classes
[INFO] /home/srafi/after-cam-ready/compare_/compile_repair_output/work/35fb62fffdd4/shims/common/src/main/test/org/apache/hadoop/hive/io/TestHdfsUtils.java: /home/srafi/after-cam-ready/compare_/compile_repair_output/work/35fb62fffdd4/shims/common/src/main/test/org/apache/hadoop/hive/io/TestHdfsUtils.java uses unchecked or unsafe operations.
[INFO] /home/srafi/after-cam-ready/compare_/compile_repair_output/work/35fb62fffdd4/shims/common/src/main/test/org/apache/hadoop/hive/io/TestHdfsUtils.java: Recompile with -Xlint:unchecked for details.
[INFO] 
[INFO] --- maven-surefire-plugin:3.0.0-M8-SNAPSHOT:test (default-test) @ hive-shims-common ---
[INFO] Tests are skipped.
[INFO] 
[INFO] --- maven-jar-plugin:2.4:jar (default-jar) @ hive-shims-common ---
[INFO] Building jar: /home/srafi/after-cam-ready/compare_/compile_repair_output/work/35fb62fffdd4/shims/common/target/hive-shims-common-4.0.0-SNAPSHOT.jar
[INFO] 
[INFO] --- maven-site-plugin:3.5.1:attach-descriptor (attach-descriptor) @ hive-shims-common ---
[INFO] 
[INFO] --- maven-install-plugin:2.4:install (default-install) @ hive-shims-common ---
[INFO] Installing /home/srafi/after-cam-ready/compare_/compile_repair_output/work/35fb62fffdd4/shims/common/target/hive-shims-common-4.0.0-SNAPSHOT.jar to /home/srafi/.m2/repository/org/apache/hive/shims/hive-shims-common/4.0.0-SNAPSHOT/hive-shims-common-4.0.0-SNAPSHOT.jar
[INFO] Installing /home/srafi/after-cam-ready/compare_/compile_repair_output/work/35fb62fffdd4/shims/common/pom.xml to /home/srafi/.m2/repository/org/apache/hive/shims/hive-shims-common/4.0.0-SNAPSHOT/hive-shims-common-4.0.0-SNAPSHOT.pom
[INFO] 
[INFO] ---------------< org.apache.hive.shims:hive-shims-0.23 >----------------
[INFO] Building Hive Shims 0.23 4.0.0-SNAPSHOT                           [5/12]
[INFO] --------------------------------[ jar ]---------------------------------
[INFO] Downloading from central: https://repo.maven.apache.org/maven2/org/apache/hadoop/hadoop-hdfs/3.1.0/hadoop-hdfs-3.1.0.pom
[INFO] Downloaded from central: https://repo.maven.apache.org/maven2/org/apache/hadoop/hadoop-hdfs/3.1.0/hadoop-hdfs-3.1.0.pom (22 kB at 680 kB/s)
[INFO] Downloading from central: https://repo.maven.apache.org/maven2/org/apache/hadoop/hadoop-annotations/2.7.0/hadoop-annotations-2.7.0.pom
[INFO] Downloaded from central: https://repo.maven.apache.org/maven2/org/apache/hadoop/hadoop-annotations/2.7.0/hadoop-annotations-2.7.0.pom (2.4 kB at 81 kB/s)
[INFO] Downloading from central: https://repo.maven.apache.org/maven2/org/apache/tez/tez-common/0.9.1/tez-common-0.9.1.pom
[INFO] Downloaded from central: https://repo.maven.apache.org/maven2/org/apache/tez/tez-common/0.9.1/tez-common-0.9.1.pom (2.6 kB at 73 kB/s)
[INFO] Downloading from central: https://repo.maven.apache.org/maven2/org/apache/tez/hadoop-shim/0.9.1/hadoop-shim-0.9.1.pom
[INFO] Downloaded from central: https://repo.maven.apache.org/maven2/org/apache/tez/hadoop-shim/0.9.1/hadoop-shim-0.9.1.pom (1.6 kB at 41 kB/s)
[INFO] Downloading from central: https://repo.maven.apache.org/maven2/org/apache/hadoop/hadoop-yarn-server-resourcemanager/3.1.0/hadoop-yarn-server-resourcemanager-3.1.0.pom
[INFO] Downloaded from central: https://repo.maven.apache.org/maven2/org/apache/hadoop/hadoop-yarn-server-resourcemanager/3.1.0/hadoop-yarn-server-resourcemanager-3.1.0.pom (14 kB at 429 kB/s)
[INFO] Downloading from central: https://repo.maven.apache.org/maven2/org/apache/hadoop/hadoop-yarn-server/3.1.0/hadoop-yarn-server-3.1.0.pom
[INFO] Downloaded from central: https://repo.maven.apache.org/maven2/org/apache/hadoop/hadoop-yarn-server/3.1.0/hadoop-yarn-server-3.1.0.pom (2.1 kB at 55 kB/s)
[INFO] Downloading from central: https://repo.maven.apache.org/maven2/org/apache/hadoop/hadoop-yarn-server-common/3.1.0/hadoop-yarn-server-common-3.1.0.pom
[INFO] Downloaded from central: https://repo.maven.apache.org/maven2/org/apache/hadoop/hadoop-yarn-server-common/3.1.0/hadoop-yarn-server-common-3.1.0.pom (8.0 kB at 295 kB/s)
[INFO] Downloading from central: https://repo.maven.apache.org/maven2/org/apache/hadoop/hadoop-yarn-registry/3.1.0/hadoop-yarn-registry-3.1.0.pom
[INFO] Downloaded from central: https://repo.maven.apache.org/maven2/org/apache/hadoop/hadoop-yarn-registry/3.1.0/hadoop-yarn-registry-3.1.0.pom (8.7 kB at 301 kB/s)
[INFO] Downloading from central: https://repo.maven.apache.org/maven2/org/apache/hadoop/hadoop-yarn-server-applicationhistoryservice/3.1.0/hadoop-yarn-server-applicationhistoryservice-3.1.0.pom
[INFO] Downloaded from central: https://repo.maven.apache.org/maven2/org/apache/hadoop/hadoop-yarn-server-applicationhistoryservice/3.1.0/hadoop-yarn-server-applicationhistoryservice-3.1.0.pom (8.2 kB at 273 kB/s)
[INFO] Downloading from central: https://repo.maven.apache.org/maven2/org/apache/hadoop/hadoop-yarn-server-web-proxy/3.1.0/hadoop-yarn-server-web-proxy-3.1.0.pom
[INFO] Downloaded from central: https://repo.maven.apache.org/maven2/org/apache/hadoop/hadoop-yarn-server-web-proxy/3.1.0/hadoop-yarn-server-web-proxy-3.1.0.pom (4.0 kB at 149 kB/s)
[INFO] Downloading from central: https://repo.maven.apache.org/maven2/org/apache/tez/tez-tests/0.9.1/tez-tests-0.9.1.pom
[INFO] Downloaded from central: https://repo.maven.apache.org/maven2/org/apache/tez/tez-tests/0.9.1/tez-tests-0.9.1.pom (5.3 kB at 60 kB/s)
[INFO] Downloading from central: https://repo.maven.apache.org/maven2/org/apache/tez/tez-examples/0.9.1/tez-examples-0.9.1.pom
[INFO] Downloaded from central: https://repo.maven.apache.org/maven2/org/apache/tez/tez-examples/0.9.1/tez-examples-0.9.1.pom (3.1 kB at 76 kB/s)
[INFO] Downloading from central: https://repo.maven.apache.org/maven2/org/apache/hadoop/hadoop-yarn-server-tests/3.1.0/hadoop-yarn-server-tests-3.1.0.pom
[INFO] Downloaded from central: https://repo.maven.apache.org/maven2/org/apache/hadoop/hadoop-yarn-server-tests/3.1.0/hadoop-yarn-server-tests-3.1.0.pom (6.7 kB at 209 kB/s)
[INFO] Downloading from central: https://repo.maven.apache.org/maven2/org/apache/hadoop/hadoop-yarn-server-nodemanager/3.1.0/hadoop-yarn-server-nodemanager-3.1.0.pom
[INFO] Downloaded from central: https://repo.maven.apache.org/maven2/org/apache/hadoop/hadoop-yarn-server-nodemanager/3.1.0/hadoop-yarn-server-nodemanager-3.1.0.pom (13 kB at 400 kB/s)
[INFO] Downloading from central: https://repo.maven.apache.org/maven2/org/apache/hadoop/hadoop-yarn-server-timelineservice/3.1.0/hadoop-yarn-server-timelineservice-3.1.0.pom
[INFO] Downloaded from central: https://repo.maven.apache.org/maven2/org/apache/hadoop/hadoop-yarn-server-timelineservice/3.1.0/hadoop-yarn-server-timelineservice-3.1.0.pom (5.2 kB at 174 kB/s)
[INFO] Downloading from central: https://repo.maven.apache.org/maven2/org/apache/hadoop/hadoop-distcp/3.1.0/hadoop-distcp-3.1.0.pom
[INFO] Downloaded from central: https://repo.maven.apache.org/maven2/org/apache/hadoop/hadoop-distcp/3.1.0/hadoop-distcp-3.1.0.pom (7.1 kB at 215 kB/s)
[INFO] Downloading from central: https://repo.maven.apache.org/maven2/org/apache/hadoop/hadoop-hdfs/3.1.0/hadoop-hdfs-3.1.0.jar
[INFO] Downloading from central: https://repo.maven.apache.org/maven2/org/apache/hadoop/hadoop-hdfs/3.1.0/hadoop-hdfs-3.1.0-tests.jar
[INFO] Downloading from central: https://repo.maven.apache.org/maven2/org/apache/hadoop/hadoop-mapreduce-client-jobclient/3.1.0/hadoop-mapreduce-client-jobclient-3.1.0-tests.jar
[INFO] Downloading from central: https://repo.maven.apache.org/maven2/org/apache/tez/tez-api/0.9.1/tez-api-0.9.1.jar
[INFO] Downloading from central: https://repo.maven.apache.org/maven2/org/apache/tez/tez-runtime-library/0.9.1/tez-runtime-library-0.9.1.jar
[INFO] Downloaded from central: https://repo.maven.apache.org/maven2/org/apache/tez/tez-api/0.9.1/tez-api-0.9.1.jar (1.0 MB at 12 MB/s)
[INFO] Downloading from central: https://repo.maven.apache.org/maven2/org/roaringbitmap/RoaringBitmap/0.4.9/RoaringBitmap-0.4.9.jar
[INFO] Downloaded from central: https://repo.maven.apache.org/maven2/org/apache/tez/tez-runtime-library/0.9.1/tez-runtime-library-0.9.1.jar (767 kB at 7.5 MB/s)
[INFO] Downloaded from central: https://repo.maven.apache.org/maven2/org/apache/hadoop/hadoop-mapreduce-client-jobclient/3.1.0/hadoop-mapreduce-client-jobclient-3.1.0-tests.jar (1.7 MB at 16 MB/s)
[INFO] Downloading from central: https://repo.maven.apache.org/maven2/org/apache/tez/tez-common/0.9.1/tez-common-0.9.1.jar
[INFO] Downloading from central: https://repo.maven.apache.org/maven2/com/ning/async-http-client/1.8.16/async-http-client-1.8.16.jar
[INFO] Downloaded from central: https://repo.maven.apache.org/maven2/org/roaringbitmap/RoaringBitmap/0.4.9/RoaringBitmap-0.4.9.jar (125 kB at 905 kB/s)
[INFO] Downloading from central: https://repo.maven.apache.org/maven2/org/apache/tez/hadoop-shim/0.9.1/hadoop-shim-0.9.1.jar
[INFO] Downloaded from central: https://repo.maven.apache.org/maven2/org/apache/tez/tez-common/0.9.1/tez-common-0.9.1.jar (86 kB at 584 kB/s)
[INFO] Downloading from central: https://repo.maven.apache.org/maven2/org/apache/tez/tez-mapreduce/0.9.1/tez-mapreduce-0.9.1.jar
[INFO] Downloaded from central: https://repo.maven.apache.org/maven2/org/apache/hadoop/hadoop-hdfs/3.1.0/hadoop-hdfs-3.1.0-tests.jar (5.1 MB at 33 MB/s)
[INFO] Downloading from central: https://repo.maven.apache.org/maven2/org/apache/hadoop/hadoop-yarn-server-resourcemanager/3.1.0/hadoop-yarn-server-resourcemanager-3.1.0.jar
[INFO] Downloaded from central: https://repo.maven.apache.org/maven2/org/apache/hadoop/hadoop-hdfs/3.1.0/hadoop-hdfs-3.1.0.jar (5.7 MB at 37 MB/s)
[INFO] Downloading from central: https://repo.maven.apache.org/maven2/org/apache/hadoop/hadoop-yarn-server-common/3.1.0/hadoop-yarn-server-common-3.1.0.jar
[INFO] Downloaded from central: https://repo.maven.apache.org/maven2/com/ning/async-http-client/1.8.16/async-http-client-1.8.16.jar (536 kB at 3.3 MB/s)
[INFO] Downloading from central: https://repo.maven.apache.org/maven2/org/apache/hadoop/hadoop-yarn-registry/3.1.0/hadoop-yarn-registry-3.1.0.jar
[INFO] Downloaded from central: https://repo.maven.apache.org/maven2/org/apache/tez/hadoop-shim/0.9.1/hadoop-shim-0.9.1.jar (8.8 kB at 48 kB/s)
[INFO] Downloading from central: https://repo.maven.apache.org/maven2/org/apache/hadoop/hadoop-yarn-server-applicationhistoryservice/3.1.0/hadoop-yarn-server-applicationhistoryservice-3.1.0.jar
[INFO] Downloaded from central: https://repo.maven.apache.org/maven2/org/apache/tez/tez-mapreduce/0.9.1/tez-mapreduce-0.9.1.jar (296 kB at 1.6 MB/s)
[INFO] Downloading from central: https://repo.maven.apache.org/maven2/org/apache/hadoop/hadoop-yarn-server-web-proxy/3.1.0/hadoop-yarn-server-web-proxy-3.1.0.jar
[INFO] Downloaded from central: https://repo.maven.apache.org/maven2/org/apache/hadoop/hadoop-yarn-registry/3.1.0/hadoop-yarn-registry-3.1.0.jar (224 kB at 1.1 MB/s)
[INFO] Downloading from central: https://repo.maven.apache.org/maven2/org/apache/tez/tez-tests/0.9.1/tez-tests-0.9.1-tests.jar
[INFO] Downloaded from central: https://repo.maven.apache.org/maven2/org/apache/hadoop/hadoop-yarn-server-common/3.1.0/hadoop-yarn-server-common-3.1.0.jar (1.3 MB at 6.4 MB/s)
[INFO] Downloading from central: https://repo.maven.apache.org/maven2/org/apache/tez/tez-examples/0.9.1/tez-examples-0.9.1.jar
[INFO] Downloaded from central: https://repo.maven.apache.org/maven2/org/apache/hadoop/hadoop-yarn-server-resourcemanager/3.1.0/hadoop-yarn-server-resourcemanager-3.1.0.jar (2.1 MB at 9.7 MB/s)
[INFO] Downloading from central: https://repo.maven.apache.org/maven2/org/apache/hadoop/hadoop-yarn-server-tests/3.1.0/hadoop-yarn-server-tests-3.1.0-tests.jar
[INFO] Downloaded from central: https://repo.maven.apache.org/maven2/org/apache/hadoop/hadoop-yarn-server-applicationhistoryservice/3.1.0/hadoop-yarn-server-applicationhistoryservice-3.1.0.jar (295 kB at 1.3 MB/s)
[INFO] Downloading from central: https://repo.maven.apache.org/maven2/org/apache/hadoop/hadoop-yarn-server-nodemanager/3.1.0/hadoop-yarn-server-nodemanager-3.1.0.jar
[INFO] Downloaded from central: https://repo.maven.apache.org/maven2/org/apache/hadoop/hadoop-yarn-server-web-proxy/3.1.0/hadoop-yarn-server-web-proxy-3.1.0.jar (80 kB at 349 kB/s)
[INFO] Downloading from central: https://repo.maven.apache.org/maven2/org/apache/hadoop/hadoop-yarn-server-timelineservice/3.1.0/hadoop-yarn-server-timelineservice-3.1.0.jar
[INFO] Downloaded from central: https://repo.maven.apache.org/maven2/org/apache/tez/tez-tests/0.9.1/tez-tests-0.9.1-tests.jar (202 kB at 833 kB/s)
[INFO] Downloading from central: https://repo.maven.apache.org/maven2/org/apache/hadoop/hadoop-distcp/3.1.0/hadoop-distcp-3.1.0.jar
[INFO] Downloaded from central: https://repo.maven.apache.org/maven2/org/apache/hadoop/hadoop-yarn-server-tests/3.1.0/hadoop-yarn-server-tests-3.1.0-tests.jar (162 kB at 633 kB/s)
[INFO] Downloaded from central: https://repo.maven.apache.org/maven2/org/apache/tez/tez-examples/0.9.1/tez-examples-0.9.1.jar (57 kB at 221 kB/s)
[INFO] Downloaded from central: https://repo.maven.apache.org/maven2/org/apache/hadoop/hadoop-yarn-server-nodemanager/3.1.0/hadoop-yarn-server-nodemanager-3.1.0.jar (1.3 MB at 4.7 MB/s)
[INFO] Downloaded from central: https://repo.maven.apache.org/maven2/org/apache/hadoop/hadoop-yarn-server-timelineservice/3.1.0/hadoop-yarn-server-timelineservice-3.1.0.jar (210 kB at 776 kB/s)
[INFO] Downloaded from central: https://repo.maven.apache.org/maven2/org/apache/hadoop/hadoop-distcp/3.1.0/hadoop-distcp-3.1.0.jar (183 kB at 667 kB/s)
[INFO] 
[INFO] --- maven-clean-plugin:2.5:clean (default-clean) @ hive-shims-0.23 ---
[INFO] Deleting /home/srafi/after-cam-ready/compare_/compile_repair_output/work/35fb62fffdd4/shims/0.23 (includes = [datanucleus.log, derby.log], excludes = [])
[INFO] 
[INFO] --- maven-remote-resources-plugin:1.5:process (process-resource-bundles) @ hive-shims-0.23 ---
[INFO] 
[INFO] --- maven-resources-plugin:2.7:resources (default-resources) @ hive-shims-0.23 ---
[INFO] Using 'UTF-8' encoding to copy filtered resources.
[INFO] skip non existing resourceDirectory /home/srafi/after-cam-ready/compare_/compile_repair_output/work/35fb62fffdd4/shims/0.23/src/main/resources
[INFO] Copying 3 resources
[INFO] 
[INFO] --- maven-antrun-plugin:1.7:run (define-classpath) @ hive-shims-0.23 ---
[INFO] Executing tasks

main:
[INFO] Executed tasks
[INFO] 
[INFO] --- maven-compiler-plugin:3.6.1:compile (default-compile) @ hive-shims-0.23 ---
[INFO] Compiling 3 source files to /home/srafi/after-cam-ready/compare_/compile_repair_output/work/35fb62fffdd4/shims/0.23/target/classes
[INFO] /home/srafi/after-cam-ready/compare_/compile_repair_output/work/35fb62fffdd4/shims/0.23/src/main/java/org/apache/hadoop/hive/shims/Hadoop23Shims.java: /home/srafi/after-cam-ready/compare_/compile_repair_output/work/35fb62fffdd4/shims/0.23/src/main/java/org/apache/hadoop/hive/shims/Hadoop23Shims.java uses or overrides a deprecated API.
[INFO] /home/srafi/after-cam-ready/compare_/compile_repair_output/work/35fb62fffdd4/shims/0.23/src/main/java/org/apache/hadoop/hive/shims/Hadoop23Shims.java: Recompile with -Xlint:deprecation for details.
[INFO] /home/srafi/after-cam-ready/compare_/compile_repair_output/work/35fb62fffdd4/shims/0.23/src/main/java/org/apache/hadoop/hive/shims/Hadoop23Shims.java: /home/srafi/after-cam-ready/compare_/compile_repair_output/work/35fb62fffdd4/shims/0.23/src/main/java/org/apache/hadoop/hive/shims/Hadoop23Shims.java uses unchecked or unsafe operations.
[INFO] /home/srafi/after-cam-ready/compare_/compile_repair_output/work/35fb62fffdd4/shims/0.23/src/main/java/org/apache/hadoop/hive/shims/Hadoop23Shims.java: Recompile with -Xlint:unchecked for details.
[INFO] 
[INFO] --- maven-resources-plugin:2.7:testResources (default-testResources) @ hive-shims-0.23 ---
[INFO] Using 'UTF-8' encoding to copy filtered resources.
[INFO] skip non existing resourceDirectory /home/srafi/after-cam-ready/compare_/compile_repair_output/work/35fb62fffdd4/shims/0.23/src/test/resources
[INFO] Copying 3 resources
[INFO] 
[INFO] --- maven-antrun-plugin:1.7:run (setup-test-dirs) @ hive-shims-0.23 ---
[INFO] Executing tasks

main:
    [mkdir] Created dir: /home/srafi/after-cam-ready/compare_/compile_repair_output/work/35fb62fffdd4/shims/0.23/target/tmp
    [mkdir] Created dir: /home/srafi/after-cam-ready/compare_/compile_repair_output/work/35fb62fffdd4/shims/0.23/target/warehouse
    [mkdir] Created dir: /home/srafi/after-cam-ready/compare_/compile_repair_output/work/35fb62fffdd4/shims/0.23/target/testconf
     [copy] Copying 19 files to /home/srafi/after-cam-ready/compare_/compile_repair_output/work/35fb62fffdd4/shims/0.23/target/testconf
[INFO] Executed tasks
[INFO] 
[INFO] --- maven-compiler-plugin:3.6.1:testCompile (default-testCompile) @ hive-shims-0.23 ---
[INFO] Compiling 1 source file to /home/srafi/after-cam-ready/compare_/compile_repair_output/work/35fb62fffdd4/shims/0.23/target/test-classes
[INFO] 
[INFO] --- maven-surefire-plugin:3.0.0-M8-SNAPSHOT:test (default-test) @ hive-shims-0.23 ---
[INFO] Tests are skipped.
[INFO] 
[INFO] --- maven-jar-plugin:2.4:jar (default-jar) @ hive-shims-0.23 ---
[INFO] Building jar: /home/srafi/after-cam-ready/compare_/compile_repair_output/work/35fb62fffdd4/shims/0.23/target/hive-shims-0.23-4.0.0-SNAPSHOT.jar
[INFO] 
[INFO] --- maven-site-plugin:3.5.1:attach-descriptor (attach-descriptor) @ hive-shims-0.23 ---
[INFO] 
[INFO] --- maven-install-plugin:2.4:install (default-install) @ hive-shims-0.23 ---
[INFO] Installing /home/srafi/after-cam-ready/compare_/compile_repair_output/work/35fb62fffdd4/shims/0.23/target/hive-shims-0.23-4.0.0-SNAPSHOT.jar to /home/srafi/.m2/repository/org/apache/hive/shims/hive-shims-0.23/4.0.0-SNAPSHOT/hive-shims-0.23-4.0.0-SNAPSHOT.jar
[INFO] Installing /home/srafi/after-cam-ready/compare_/compile_repair_output/work/35fb62fffdd4/shims/0.23/pom.xml to /home/srafi/.m2/repository/org/apache/hive/shims/hive-shims-0.23/4.0.0-SNAPSHOT/hive-shims-0.23-4.0.0-SNAPSHOT.pom
[INFO] 
[INFO] -------------< org.apache.hive.shims:hive-shims-scheduler >-------------
[INFO] Building Hive Shims Scheduler 4.0.0-SNAPSHOT                      [6/12]
[INFO] --------------------------------[ jar ]---------------------------------
[INFO] 
[INFO] --- maven-clean-plugin:2.5:clean (default-clean) @ hive-shims-scheduler ---
[INFO] Deleting /home/srafi/after-cam-ready/compare_/compile_repair_output/work/35fb62fffdd4/shims/scheduler (includes = [datanucleus.log, derby.log], excludes = [])
[INFO] 
[INFO] --- maven-remote-resources-plugin:1.5:process (process-resource-bundles) @ hive-shims-scheduler ---
[INFO] 
[INFO] --- maven-resources-plugin:2.7:resources (default-resources) @ hive-shims-scheduler ---
[INFO] Using 'UTF-8' encoding to copy filtered resources.
[INFO] skip non existing resourceDirectory /home/srafi/after-cam-ready/compare_/compile_repair_output/work/35fb62fffdd4/shims/scheduler/src/main/resources
[INFO] Copying 3 resources
[INFO] 
[INFO] --- maven-antrun-plugin:1.7:run (define-classpath) @ hive-shims-scheduler ---
[INFO] Executing tasks

main:
[INFO] Executed tasks
[INFO] 
[INFO] --- maven-compiler-plugin:3.6.1:compile (default-compile) @ hive-shims-scheduler ---
[INFO] No sources to compile
[INFO] 
[INFO] --- maven-resources-plugin:2.7:testResources (default-testResources) @ hive-shims-scheduler ---
[INFO] Using 'UTF-8' encoding to copy filtered resources.
[INFO] skip non existing resourceDirectory /home/srafi/after-cam-ready/compare_/compile_repair_output/work/35fb62fffdd4/shims/scheduler/src/test/resources
[INFO] Copying 3 resources
[INFO] 
[INFO] --- maven-antrun-plugin:1.7:run (setup-test-dirs) @ hive-shims-scheduler ---
[INFO] Executing tasks

main:
    [mkdir] Created dir: /home/srafi/after-cam-ready/compare_/compile_repair_output/work/35fb62fffdd4/shims/scheduler/target/tmp
    [mkdir] Created dir: /home/srafi/after-cam-ready/compare_/compile_repair_output/work/35fb62fffdd4/shims/scheduler/target/warehouse
    [mkdir] Created dir: /home/srafi/after-cam-ready/compare_/compile_repair_output/work/35fb62fffdd4/shims/scheduler/target/testconf
     [copy] Copying 19 files to /home/srafi/after-cam-ready/compare_/compile_repair_output/work/35fb62fffdd4/shims/scheduler/target/testconf
[INFO] Executed tasks
[INFO] 
[INFO] --- maven-compiler-plugin:3.6.1:testCompile (default-testCompile) @ hive-shims-scheduler ---
[INFO] No sources to compile
[INFO] 
[INFO] --- maven-surefire-plugin:3.0.0-M8-SNAPSHOT:test (default-test) @ hive-shims-scheduler ---
[INFO] Tests are skipped.
[INFO] 
[INFO] --- maven-jar-plugin:2.4:jar (default-jar) @ hive-shims-scheduler ---
[INFO] Building jar: /home/srafi/after-cam-ready/compare_/compile_repair_output/work/35fb62fffdd4/shims/scheduler/target/hive-shims-scheduler-4.0.0-SNAPSHOT.jar
[INFO] 
[INFO] --- maven-site-plugin:3.5.1:attach-descriptor (attach-descriptor) @ hive-shims-scheduler ---
[INFO] 
[INFO] --- maven-install-plugin:2.4:install (default-install) @ hive-shims-scheduler ---
[INFO] Installing /home/srafi/after-cam-ready/compare_/compile_repair_output/work/35fb62fffdd4/shims/scheduler/target/hive-shims-scheduler-4.0.0-SNAPSHOT.jar to /home/srafi/.m2/repository/org/apache/hive/shims/hive-shims-scheduler/4.0.0-SNAPSHOT/hive-shims-scheduler-4.0.0-SNAPSHOT.jar
[INFO] Installing /home/srafi/after-cam-ready/compare_/compile_repair_output/work/35fb62fffdd4/shims/scheduler/pom.xml to /home/srafi/.m2/repository/org/apache/hive/shims/hive-shims-scheduler/4.0.0-SNAPSHOT/hive-shims-scheduler-4.0.0-SNAPSHOT.pom
[INFO] 
[INFO] ---------------------< org.apache.hive:hive-shims >---------------------
[INFO] Building Hive Shims 4.0.0-SNAPSHOT                                [7/12]
[INFO] --------------------------------[ jar ]---------------------------------
[INFO] 
[INFO] --- maven-clean-plugin:2.5:clean (default-clean) @ hive-shims ---
[INFO] Deleting /home/srafi/after-cam-ready/compare_/compile_repair_output/work/35fb62fffdd4/shims/aggregator (includes = [datanucleus.log, derby.log], excludes = [])
[INFO] 
[INFO] --- maven-remote-resources-plugin:1.5:process (process-resource-bundles) @ hive-shims ---
[INFO] 
[INFO] --- maven-resources-plugin:2.7:resources (default-resources) @ hive-shims ---
[INFO] Using 'UTF-8' encoding to copy filtered resources.
[INFO] skip non existing resourceDirectory /home/srafi/after-cam-ready/compare_/compile_repair_output/work/35fb62fffdd4/shims/aggregator/src/main/resources
[INFO] Copying 3 resources
[INFO] 
[INFO] --- maven-antrun-plugin:1.7:run (define-classpath) @ hive-shims ---
[INFO] Executing tasks

main:
[INFO] Executed tasks
[INFO] 
[INFO] --- maven-compiler-plugin:3.6.1:compile (default-compile) @ hive-shims ---
[INFO] No sources to compile
[INFO] 
[INFO] --- maven-resources-plugin:2.7:testResources (default-testResources) @ hive-shims ---
[INFO] Using 'UTF-8' encoding to copy filtered resources.
[INFO] skip non existing resourceDirectory /home/srafi/after-cam-ready/compare_/compile_repair_output/work/35fb62fffdd4/shims/aggregator/src/test/resources
[INFO] Copying 3 resources
[INFO] 
[INFO] --- maven-antrun-plugin:1.7:run (setup-test-dirs) @ hive-shims ---
[INFO] Executing tasks

main:
    [mkdir] Created dir: /home/srafi/after-cam-ready/compare_/compile_repair_output/work/35fb62fffdd4/shims/aggregator/target/tmp
    [mkdir] Created dir: /home/srafi/after-cam-ready/compare_/compile_repair_output/work/35fb62fffdd4/shims/aggregator/target/warehouse
    [mkdir] Created dir: /home/srafi/after-cam-ready/compare_/compile_repair_output/work/35fb62fffdd4/shims/aggregator/target/testconf
     [copy] Copying 19 files to /home/srafi/after-cam-ready/compare_/compile_repair_output/work/35fb62fffdd4/shims/aggregator/target/testconf
[INFO] Executed tasks
[INFO] 
[INFO] --- maven-compiler-plugin:3.6.1:testCompile (default-testCompile) @ hive-shims ---
[INFO] No sources to compile
[INFO] 
[INFO] --- maven-surefire-plugin:3.0.0-M8-SNAPSHOT:test (default-test) @ hive-shims ---
[INFO] Tests are skipped.
[INFO] 
[INFO] --- maven-jar-plugin:2.4:jar (default-jar) @ hive-shims ---
[INFO] Building jar: /home/srafi/after-cam-ready/compare_/compile_repair_output/work/35fb62fffdd4/shims/aggregator/target/hive-shims-4.0.0-SNAPSHOT.jar
[INFO] 
[INFO] --- maven-site-plugin:3.5.1:attach-descriptor (attach-descriptor) @ hive-shims ---
[INFO] 
[INFO] --- maven-install-plugin:2.4:install (default-install) @ hive-shims ---
[INFO] Installing /home/srafi/after-cam-ready/compare_/compile_repair_output/work/35fb62fffdd4/shims/aggregator/target/hive-shims-4.0.0-SNAPSHOT.jar to /home/srafi/.m2/repository/org/apache/hive/hive-shims/4.0.0-SNAPSHOT/hive-shims-4.0.0-SNAPSHOT.jar
[INFO] Installing /home/srafi/after-cam-ready/compare_/compile_repair_output/work/35fb62fffdd4/shims/aggregator/pom.xml to /home/srafi/.m2/repository/org/apache/hive/hive-shims/4.0.0-SNAPSHOT/hive-shims-4.0.0-SNAPSHOT.pom
[INFO] 
[INFO] -------------< org.apache.hive:hive-standalone-metastore >--------------
[INFO] Building Hive Standalone Metastore 4.0.0-SNAPSHOT                 [8/12]
[INFO] --------------------------------[ pom ]---------------------------------
[INFO] 
[INFO] --- maven-clean-plugin:3.0.0:clean (default-clean) @ hive-standalone-metastore ---
[INFO] 
[INFO] --- maven-remote-resources-plugin:1.5:process (process-resource-bundles) @ hive-standalone-metastore ---
[INFO] 
[INFO] --- maven-site-plugin:3.5.1:attach-descriptor (attach-descriptor) @ hive-standalone-metastore ---
[INFO] 
[INFO] --- maven-assembly-plugin:3.1.0:single (assemble) @ hive-standalone-metastore ---
[INFO] Reading assembly descriptor: src/assembly/src.xml
[INFO] Building tar: /home/srafi/after-cam-ready/compare_/compile_repair_output/work/35fb62fffdd4/standalone-metastore/target/apache-hive-standalone-metastore-4.0.0-SNAPSHOT-src.tar.gz
[INFO] 
[INFO] --- maven-install-plugin:2.5.2:install (default-install) @ hive-standalone-metastore ---
[INFO] Installing /home/srafi/after-cam-ready/compare_/compile_repair_output/work/35fb62fffdd4/standalone-metastore/pom.xml to /home/srafi/.m2/repository/org/apache/hive/hive-standalone-metastore/4.0.0-SNAPSHOT/hive-standalone-metastore-4.0.0-SNAPSHOT.pom
[INFO] Installing /home/srafi/after-cam-ready/compare_/compile_repair_output/work/35fb62fffdd4/standalone-metastore/target/apache-hive-standalone-metastore-4.0.0-SNAPSHOT-src.tar.gz to /home/srafi/.m2/repository/org/apache/hive/hive-standalone-metastore/4.0.0-SNAPSHOT/hive-standalone-metastore-4.0.0-SNAPSHOT-src.tar.gz
[INFO] 
[INFO] ----------< org.apache.hive:hive-standalone-metastore-common >----------
[INFO] Building Hive Standalone Metastore Common Code 4.0.0-SNAPSHOT     [9/12]
[INFO] --------------------------------[ jar ]---------------------------------
[INFO] Downloading from central: https://repo.maven.apache.org/maven2/org/antlr/antlr3-maven-plugin/3.5.2/antlr3-maven-plugin-3.5.2.pom
[INFO] Downloaded from central: https://repo.maven.apache.org/maven2/org/antlr/antlr3-maven-plugin/3.5.2/antlr3-maven-plugin-3.5.2.pom (0 B at 0 B/s)
[INFO] Downloading from central: https://repo.maven.apache.org/maven2/org/antlr/antlr3-maven-plugin/3.5.2/antlr3-maven-plugin-3.5.2.jar
[INFO] Downloaded from central: https://repo.maven.apache.org/maven2/org/antlr/antlr3-maven-plugin/3.5.2/antlr3-maven-plugin-3.5.2.jar (0 B at 0 B/s)
[INFO] Downloading from central: https://repo.maven.apache.org/maven2/com/github/os72/protoc-jar-maven-plugin/3.5.1.1/protoc-jar-maven-plugin-3.5.1.1.pom
[INFO] Downloaded from central: https://repo.maven.apache.org/maven2/com/github/os72/protoc-jar-maven-plugin/3.5.1.1/protoc-jar-maven-plugin-3.5.1.1.pom (4.4 kB at 110 kB/s)
[INFO] Downloading from central: https://repo.maven.apache.org/maven2/com/github/os72/protoc-jar-maven-plugin/3.5.1.1/protoc-jar-maven-plugin-3.5.1.1.jar
[INFO] Downloaded from central: https://repo.maven.apache.org/maven2/com/github/os72/protoc-jar-maven-plugin/3.5.1.1/protoc-jar-maven-plugin-3.5.1.1.jar (9.6 MB at 60 MB/s)
[INFO] Downloading from central: https://repo.maven.apache.org/maven2/org/apache/orc/orc-core/1.5.1/orc-core-1.5.1.pom
[INFO] Downloaded from central: https://repo.maven.apache.org/maven2/org/apache/orc/orc-core/1.5.1/orc-core-1.5.1.pom (4.4 kB at 133 kB/s)
[INFO] Downloading from central: https://repo.maven.apache.org/maven2/org/apache/orc/orc/1.5.1/orc-1.5.1.pom
[INFO] Downloaded from central: https://repo.maven.apache.org/maven2/org/apache/orc/orc/1.5.1/orc-1.5.1.pom (23 kB at 695 kB/s)
[INFO] Downloading from central: https://repo.maven.apache.org/maven2/org/apache/orc/orc-shims/1.5.1/orc-shims-1.5.1.pom
[INFO] Downloaded from central: https://repo.maven.apache.org/maven2/org/apache/orc/orc-shims/1.5.1/orc-shims-1.5.1.pom (3.1 kB at 84 kB/s)
[INFO] Downloading from central: https://repo.maven.apache.org/maven2/io/airlift/aircompressor/0.10/aircompressor-0.10.pom
[INFO] Downloaded from central: https://repo.maven.apache.org/maven2/io/airlift/aircompressor/0.10/aircompressor-0.10.pom (7.1 kB at 186 kB/s)
[INFO] Downloading from central: https://repo.maven.apache.org/maven2/io/airlift/airbase/78/airbase-78.pom
[INFO] Downloaded from central: https://repo.maven.apache.org/maven2/io/airlift/airbase/78/airbase-78.pom (64 kB at 1.6 MB/s)
[INFO] Downloading from central: https://repo.maven.apache.org/maven2/org/slf4j/slf4j-api/1.7.14/slf4j-api-1.7.14.pom
[INFO] Downloaded from central: https://repo.maven.apache.org/maven2/org/slf4j/slf4j-api/1.7.14/slf4j-api-1.7.14.pom (2.8 kB at 77 kB/s)
[INFO] Downloading from central: https://repo.maven.apache.org/maven2/org/slf4j/slf4j-parent/1.7.14/slf4j-parent-1.7.14.pom
[INFO] Downloaded from central: https://repo.maven.apache.org/maven2/org/slf4j/slf4j-parent/1.7.14/slf4j-parent-1.7.14.pom (13 kB at 364 kB/s)
[INFO] Downloading from central: https://repo.maven.apache.org/maven2/com/zaxxer/HikariCP/2.6.1/HikariCP-2.6.1.pom
[INFO] Downloaded from central: https://repo.maven.apache.org/maven2/com/zaxxer/HikariCP/2.6.1/HikariCP-2.6.1.pom (18 kB at 537 kB/s)
[INFO] Downloading from central: https://repo.maven.apache.org/maven2/org/apache/derby/derby/10.14.1.0/derby-10.14.1.0.pom
[INFO] Downloaded from central: https://repo.maven.apache.org/maven2/org/apache/derby/derby/10.14.1.0/derby-10.14.1.0.pom (2.3 kB at 65 kB/s)
[INFO] Downloading from central: https://repo.maven.apache.org/maven2/org/apache/derby/derby-project/10.14.1.0/derby-project-10.14.1.0.pom
[INFO] Downloaded from central: https://repo.maven.apache.org/maven2/org/apache/derby/derby-project/10.14.1.0/derby-project-10.14.1.0.pom (5.9 kB at 161 kB/s)
[INFO] Downloading from central: https://repo.maven.apache.org/maven2/org/apache/zookeeper/zookeeper/3.4.8/zookeeper-3.4.8.pom
[INFO] Downloaded from central: https://repo.maven.apache.org/maven2/org/apache/zookeeper/zookeeper/3.4.8/zookeeper-3.4.8.pom (0 B at 0 B/s)
[INFO] Downloading from central: https://repo.maven.apache.org/maven2/org/apache/logging/log4j/log4j-1.2-api/2.12.1/log4j-1.2-api-2.12.1.pom
[INFO] Downloaded from central: https://repo.maven.apache.org/maven2/org/apache/logging/log4j/log4j-1.2-api/2.12.1/log4j-1.2-api-2.12.1.pom (7.9 kB at 225 kB/s)
[INFO] Downloading from central: https://repo.maven.apache.org/maven2/org/apache/httpcomponents/httpclient/4.4.1/httpclient-4.4.1.pom
[INFO] Downloaded from central: https://repo.maven.apache.org/maven2/org/apache/httpcomponents/httpclient/4.4.1/httpclient-4.4.1.pom (6.4 kB at 183 kB/s)
[INFO] Downloading from central: https://repo.maven.apache.org/maven2/org/apache/httpcomponents/httpcomponents-client/4.4.1/httpcomponents-client-4.4.1.pom
[INFO] Downloaded from central: https://repo.maven.apache.org/maven2/org/apache/httpcomponents/httpcomponents-client/4.4.1/httpcomponents-client-4.4.1.pom (0 B at 0 B/s)
[INFO] Downloading from central: https://repo.maven.apache.org/maven2/org/skyscreamer/jsonassert/1.4.0/jsonassert-1.4.0.pom
[INFO] Downloaded from central: https://repo.maven.apache.org/maven2/org/skyscreamer/jsonassert/1.4.0/jsonassert-1.4.0.pom (5.2 kB at 157 kB/s)
[INFO] Downloading from central: https://repo.maven.apache.org/maven2/io/netty/netty-all/4.1.29.Final/netty-all-4.1.29.Final.pom
[INFO] Downloaded from central: https://repo.maven.apache.org/maven2/io/netty/netty-all/4.1.29.Final/netty-all-4.1.29.Final.pom (26 kB at 710 kB/s)
[INFO] Downloading from central: https://repo.maven.apache.org/maven2/org/apache/zookeeper/zookeeper/3.5.4-beta/zookeeper-3.5.4-beta.pom
[INFO] Downloaded from central: https://repo.maven.apache.org/maven2/org/apache/zookeeper/zookeeper/3.5.4-beta/zookeeper-3.5.4-beta.pom (8.4 kB at 233 kB/s)
[INFO] Downloading from central: https://repo.maven.apache.org/maven2/org/apache/orc/orc-core/1.5.1/orc-core-1.5.1.jar
[INFO] Downloading from central: https://repo.maven.apache.org/maven2/org/apache/orc/orc-shims/1.5.1/orc-shims-1.5.1.jar
[INFO] Downloading from central: https://repo.maven.apache.org/maven2/io/airlift/aircompressor/0.10/aircompressor-0.10.jar
[INFO] Downloading from central: https://repo.maven.apache.org/maven2/com/github/joshelser/dropwizard-metrics-hadoop-metrics2-reporter/0.1.2/dropwizard-metrics-hadoop-metrics2-reporter-0.1.2.jar
[INFO] Downloading from central: https://repo.maven.apache.org/maven2/com/zaxxer/HikariCP/2.6.1/HikariCP-2.6.1.jar
[INFO] Downloaded from central: https://repo.maven.apache.org/maven2/com/zaxxer/HikariCP/2.6.1/HikariCP-2.6.1.jar (134 kB at 4.1 MB/s)
[INFO] Downloading from central: https://repo.maven.apache.org/maven2/io/dropwizard/metrics/metrics-jvm/3.1.0/metrics-jvm-3.1.0.jar
[INFO] Downloaded from central: https://repo.maven.apache.org/maven2/com/github/joshelser/dropwizard-metrics-hadoop-metrics2-reporter/0.1.2/dropwizard-metrics-hadoop-metrics2-reporter-0.1.2.jar (16 kB at 469 kB/s)
[INFO] Downloading from central: https://repo.maven.apache.org/maven2/io/dropwizard/metrics/metrics-json/3.1.0/metrics-json-3.1.0.jar
[INFO] Downloaded from central: https://repo.maven.apache.org/maven2/org/apache/orc/orc-shims/1.5.1/orc-shims-1.5.1.jar (28 kB at 771 kB/s)
[INFO] Downloading from central: https://repo.maven.apache.org/maven2/javolution/javolution/5.5.1/javolution-5.5.1.jar
[INFO] Downloaded from central: https://repo.maven.apache.org/maven2/io/airlift/aircompressor/0.10/aircompressor-0.10.jar (134 kB at 3.4 MB/s)
[INFO] Downloading from central: https://repo.maven.apache.org/maven2/org/apache/derby/derby/10.14.1.0/derby-10.14.1.0.jar
[INFO] Downloaded from central: https://repo.maven.apache.org/maven2/org/apache/orc/orc-core/1.5.1/orc-core-1.5.1.jar (810 kB at 20 MB/s)
[INFO] Downloading from central: https://repo.maven.apache.org/maven2/org/apache/logging/log4j/log4j-1.2-api/2.12.1/log4j-1.2-api-2.12.1.jar
[INFO] Downloaded from central: https://repo.maven.apache.org/maven2/io/dropwizard/metrics/metrics-jvm/3.1.0/metrics-jvm-3.1.0.jar (0 B at 0 B/s)
[INFO] Downloading from central: https://repo.maven.apache.org/maven2/org/apache/thrift/libfb303/0.9.3/libfb303-0.9.3.jar
[INFO] Downloaded from central: https://repo.maven.apache.org/maven2/io/dropwizard/metrics/metrics-json/3.1.0/metrics-json-3.1.0.jar (0 B at 0 B/s)
[INFO] Downloading from central: https://repo.maven.apache.org/maven2/org/skyscreamer/jsonassert/1.4.0/jsonassert-1.4.0.jar
[INFO] Downloaded from central: https://repo.maven.apache.org/maven2/javolution/javolution/5.5.1/javolution-5.5.1.jar (0 B at 0 B/s)
[INFO] Downloaded from central: https://repo.maven.apache.org/maven2/org/apache/thrift/libfb303/0.9.3/libfb303-0.9.3.jar (0 B at 0 B/s)
[INFO] Downloaded from central: https://repo.maven.apache.org/maven2/org/apache/logging/log4j/log4j-1.2-api/2.12.1/log4j-1.2-api-2.12.1.jar (67 kB at 895 kB/s)
[INFO] Downloaded from central: https://repo.maven.apache.org/maven2/org/skyscreamer/jsonassert/1.4.0/jsonassert-1.4.0.jar (29 kB at 316 kB/s)
[INFO] Downloaded from central: https://repo.maven.apache.org/maven2/org/apache/derby/derby/10.14.1.0/derby-10.14.1.0.jar (3.2 MB at 32 MB/s)
[INFO] 
[INFO] --- maven-clean-plugin:3.0.0:clean (default-clean) @ hive-standalone-metastore-common ---
[INFO] 
[INFO] --- maven-antrun-plugin:1.7:run (generate-version-annotation) @ hive-standalone-metastore-common ---
[INFO] Executing tasks

main:
[INFO] Executed tasks
[INFO] 
[INFO] --- protoc-jar-maven-plugin:3.5.1.1:run (default) @ hive-standalone-metastore-common ---
[INFO] Downloading from central: https://repo.maven.apache.org/maven2/com/github/os72/protoc-jar/3.5.1.1/protoc-jar-3.5.1.1.pom
[INFO] Downloaded from central: https://repo.maven.apache.org/maven2/com/github/os72/protoc-jar/3.5.1.1/protoc-jar-3.5.1.1.pom (3.1 kB at 98 kB/s)
[INFO] Downloading from central: https://repo.maven.apache.org/maven2/com/github/os72/protoc-jar/3.5.1.1/protoc-jar-3.5.1.1.jar
[INFO] Downloaded from central: https://repo.maven.apache.org/maven2/com/github/os72/protoc-jar/3.5.1.1/protoc-jar-3.5.1.1.jar (9.6 MB at 83 MB/s)
[INFO] Resolving artifact: com.google.protobuf:protoc:2.5.0, platform: linux-x86_64
protoc-jar: executing: [/tmp/protoc6330493687562647321.exe, --version]
libprotoc 2.5.0
[INFO] Protoc command: /tmp/protoc6330493687562647321.exe
[INFO] Input directories:
[INFO]     /home/srafi/after-cam-ready/compare_/compile_repair_output/work/35fb62fffdd4/standalone-metastore/metastore-common/src/main/protobuf/org/apache/hadoop/hive/metastore
[INFO] Output targets:
[INFO]     java: /home/srafi/after-cam-ready/compare_/compile_repair_output/work/35fb62fffdd4/standalone-metastore/metastore-common/target/generated-sources (add: none, clean: false, plugin: null, outputOptions: null)
[INFO] /home/srafi/after-cam-ready/compare_/compile_repair_output/work/35fb62fffdd4/standalone-metastore/metastore-common/target/generated-sources does not exist. Creating...
[INFO]     Processing (java): metastore.proto
protoc-jar: executing: [/tmp/protoc6330493687562647321.exe, -I/home/srafi/after-cam-ready/compare_/compile_repair_output/work/35fb62fffdd4/standalone-metastore/metastore-common/src/main/protobuf/org/apache/hadoop/hive/metastore, --java_out=/home/srafi/after-cam-ready/compare_/compile_repair_output/work/35fb62fffdd4/standalone-metastore/metastore-common/target/generated-sources, /home/srafi/after-cam-ready/compare_/compile_repair_output/work/35fb62fffdd4/standalone-metastore/metastore-common/src/main/protobuf/org/apache/hadoop/hive/metastore/metastore.proto]
[INFO] 
[INFO] --- build-helper-maven-plugin:3.0.0:add-source (add-source) @ hive-standalone-metastore-common ---
[INFO] Source directory: /home/srafi/after-cam-ready/compare_/compile_repair_output/work/35fb62fffdd4/standalone-metastore/metastore-common/src/gen/thrift/gen-javabean added.
[INFO] Source directory: /home/srafi/after-cam-ready/compare_/compile_repair_output/work/35fb62fffdd4/standalone-metastore/metastore-common/target/generated-sources added.
[INFO] Source directory: /home/srafi/after-cam-ready/compare_/compile_repair_output/work/35fb62fffdd4/standalone-metastore/metastore-common/src/gen/version added.
[INFO] 
[INFO] --- antlr3-maven-plugin:3.5.2:antlr (default) @ hive-standalone-metastore-common ---
[INFO] Downloading from central: https://repo.maven.apache.org/maven2/org/antlr/antlr/3.5.2/antlr-3.5.2.jar
[INFO] Downloading from central: https://repo.maven.apache.org/maven2/org/antlr/ST4/4.0.8/ST4-4.0.8.jar
[INFO] Downloaded from central: https://repo.maven.apache.org/maven2/org/antlr/ST4/4.0.8/ST4-4.0.8.jar (0 B at 0 B/s)
[INFO] Downloaded from central: https://repo.maven.apache.org/maven2/org/antlr/antlr/3.5.2/antlr-3.5.2.jar (0 B at 0 B/s)
[INFO] ANTLR: Processing source directory /home/srafi/after-cam-ready/compare_/compile_repair_output/work/35fb62fffdd4/standalone-metastore/metastore-common/src/main/java
[INFO] No grammars to process
ANTLR Parser Generator  Version 3.5.2
[INFO] 
[INFO] --- maven-remote-resources-plugin:1.5:process (process-resource-bundles) @ hive-standalone-metastore-common ---
[INFO] 
[INFO] --- maven-resources-plugin:2.7:resources (default-resources) @ hive-standalone-metastore-common ---
[INFO] Using 'UTF-8' encoding to copy filtered resources.
[INFO] Copying 0 resource
[INFO] Copying 3 resources
[INFO] 
[INFO] --- maven-compiler-plugin:3.5.1:compile (default-compile) @ hive-standalone-metastore-common ---
[INFO] Compiling 383 source files to /home/srafi/after-cam-ready/compare_/compile_repair_output/work/35fb62fffdd4/standalone-metastore/metastore-common/target/classes
[INFO] /home/srafi/after-cam-ready/compare_/compile_repair_output/work/35fb62fffdd4/standalone-metastore/metastore-common/src/main/java/org/apache/hadoop/hive/common/ZooKeeperHiveHelper.java: Some input files use or override a deprecated API.
[INFO] /home/srafi/after-cam-ready/compare_/compile_repair_output/work/35fb62fffdd4/standalone-metastore/metastore-common/src/main/java/org/apache/hadoop/hive/common/ZooKeeperHiveHelper.java: Recompile with -Xlint:deprecation for details.
[INFO] /home/srafi/after-cam-ready/compare_/compile_repair_output/work/35fb62fffdd4/standalone-metastore/metastore-common/src/main/java/org/apache/hadoop/hive/metastore/Warehouse.java: /home/srafi/after-cam-ready/compare_/compile_repair_output/work/35fb62fffdd4/standalone-metastore/metastore-common/src/main/java/org/apache/hadoop/hive/metastore/Warehouse.java uses unchecked or unsafe operations.
[INFO] /home/srafi/after-cam-ready/compare_/compile_repair_output/work/35fb62fffdd4/standalone-metastore/metastore-common/src/main/java/org/apache/hadoop/hive/metastore/Warehouse.java: Recompile with -Xlint:unchecked for details.
[INFO] 
[INFO] --- maven-resources-plugin:2.7:testResources (default-testResources) @ hive-standalone-metastore-common ---
[INFO] Using 'UTF-8' encoding to copy filtered resources.
[INFO] Copying 1 resource
[INFO] Copying 3 resources
[INFO] 
[INFO] --- maven-antrun-plugin:1.7:run (setup-test-dirs) @ hive-standalone-metastore-common ---
[INFO] Executing tasks

main:
    [mkdir] Created dir: /home/srafi/after-cam-ready/compare_/compile_repair_output/work/35fb62fffdd4/standalone-metastore/metastore-common/target/tmp
    [mkdir] Created dir: /home/srafi/after-cam-ready/compare_/compile_repair_output/work/35fb62fffdd4/standalone-metastore/metastore-common/target/warehouse
[INFO] Executed tasks
[INFO] 
[INFO] --- maven-antrun-plugin:1.7:run (setup-metastore-scripts) @ hive-standalone-metastore-common ---
[INFO] No ant target defined - SKIPPED
[INFO] 
[INFO] --- maven-compiler-plugin:3.5.1:testCompile (default-testCompile) @ hive-standalone-metastore-common ---
[INFO] No sources to compile
[INFO] 
[INFO] --- maven-surefire-plugin:3.0.0-M8-SNAPSHOT:test (default-test) @ hive-standalone-metastore-common ---
[INFO] Tests are skipped.
[INFO] 
[INFO] --- maven-jar-plugin:3.0.0:jar (default-jar) @ hive-standalone-metastore-common ---
[INFO] Building jar: /home/srafi/after-cam-ready/compare_/compile_repair_output/work/35fb62fffdd4/standalone-metastore/metastore-common/target/hive-standalone-metastore-common-4.0.0-SNAPSHOT.jar
[INFO] 
[INFO] --- maven-site-plugin:3.5.1:attach-descriptor (attach-descriptor) @ hive-standalone-metastore-common ---
[INFO] 
[INFO] --- maven-jar-plugin:3.0.0:test-jar (default) @ hive-standalone-metastore-common ---
[INFO] Building jar: /home/srafi/after-cam-ready/compare_/compile_repair_output/work/35fb62fffdd4/standalone-metastore/metastore-common/target/hive-standalone-metastore-common-4.0.0-SNAPSHOT-tests.jar
[INFO] 
[INFO] --- maven-failsafe-plugin:3.0.0-M8-SNAPSHOT:integration-test (default) @ hive-standalone-metastore-common ---
[INFO] Tests are skipped.
[INFO] 
[INFO] --- maven-failsafe-plugin:3.0.0-M8-SNAPSHOT:verify (default) @ hive-standalone-metastore-common ---
[INFO] Tests are skipped.
[INFO] 
[INFO] --- maven-install-plugin:2.5.2:install (default-install) @ hive-standalone-metastore-common ---
[INFO] Installing /home/srafi/after-cam-ready/compare_/compile_repair_output/work/35fb62fffdd4/standalone-metastore/metastore-common/target/hive-standalone-metastore-common-4.0.0-SNAPSHOT.jar to /home/srafi/.m2/repository/org/apache/hive/hive-standalone-metastore-common/4.0.0-SNAPSHOT/hive-standalone-metastore-common-4.0.0-SNAPSHOT.jar
[INFO] Installing /home/srafi/after-cam-ready/compare_/compile_repair_output/work/35fb62fffdd4/standalone-metastore/metastore-common/pom.xml to /home/srafi/.m2/repository/org/apache/hive/hive-standalone-metastore-common/4.0.0-SNAPSHOT/hive-standalone-metastore-common-4.0.0-SNAPSHOT.pom
[INFO] Installing /home/srafi/after-cam-ready/compare_/compile_repair_output/work/35fb62fffdd4/standalone-metastore/metastore-common/target/hive-standalone-metastore-common-4.0.0-SNAPSHOT-tests.jar to /home/srafi/.m2/repository/org/apache/hive/hive-standalone-metastore-common/4.0.0-SNAPSHOT/hive-standalone-metastore-common-4.0.0-SNAPSHOT-tests.jar
[INFO] 
[INFO] --------------------< org.apache.hive:hive-common >---------------------
[INFO] Building Hive Common 4.0.0-SNAPSHOT                              [10/12]
[INFO] --------------------------------[ jar ]---------------------------------
[INFO] Downloading from central: https://repo.maven.apache.org/maven2/org/apache/orc/orc-core/1.5.6/orc-core-1.5.6.pom
[INFO] Downloaded from central: https://repo.maven.apache.org/maven2/org/apache/orc/orc-core/1.5.6/orc-core-1.5.6.pom (4.5 kB at 132 kB/s)
[INFO] Downloading from central: https://repo.maven.apache.org/maven2/org/apache/orc/orc/1.5.6/orc-1.5.6.pom
[INFO] Downloaded from central: https://repo.maven.apache.org/maven2/org/apache/orc/orc/1.5.6/orc-1.5.6.pom (23 kB at 708 kB/s)
[INFO] Downloading from central: https://repo.maven.apache.org/maven2/org/apache/orc/orc-shims/1.5.6/orc-shims-1.5.6.pom
[INFO] Downloaded from central: https://repo.maven.apache.org/maven2/org/apache/orc/orc-shims/1.5.6/orc-shims-1.5.6.pom (3.1 kB at 104 kB/s)
[INFO] Downloading from central: https://repo.maven.apache.org/maven2/org/eclipse/jetty/jetty-rewrite/9.3.27.v20190418/jetty-rewrite-9.3.27.v20190418.pom
[INFO] Downloaded from central: https://repo.maven.apache.org/maven2/org/eclipse/jetty/jetty-rewrite/9.3.27.v20190418/jetty-rewrite-9.3.27.v20190418.pom (1.6 kB at 48 kB/s)
[INFO] Downloading from central: https://repo.maven.apache.org/maven2/org/eclipse/jetty/jetty-client/9.3.27.v20190418/jetty-client-9.3.27.v20190418.pom
[INFO] Downloaded from central: https://repo.maven.apache.org/maven2/org/eclipse/jetty/jetty-client/9.3.27.v20190418/jetty-client-9.3.27.v20190418.pom (2.9 kB at 47 kB/s)
[INFO] Downloading from central: https://repo.maven.apache.org/maven2/org/apache/logging/log4j/log4j-web/2.12.1/log4j-web-2.12.1.pom
[INFO] Downloaded from central: https://repo.maven.apache.org/maven2/org/apache/logging/log4j/log4j-web/2.12.1/log4j-web-2.12.1.pom (7.1 kB at 188 kB/s)
[INFO] Downloading from central: https://repo.maven.apache.org/maven2/com/google/code/tempus-fugit/tempus-fugit/1.1/tempus-fugit-1.1.pom
[INFO] Downloaded from central: https://repo.maven.apache.org/maven2/com/google/code/tempus-fugit/tempus-fugit/1.1/tempus-fugit-1.1.pom (8.6 kB at 183 kB/s)
[INFO] Downloading from central: https://repo.maven.apache.org/maven2/com/lmax/disruptor/3.3.7/disruptor-3.3.7.pom
[INFO] Downloaded from central: https://repo.maven.apache.org/maven2/com/lmax/disruptor/3.3.7/disruptor-3.3.7.pom (1.3 kB at 40 kB/s)
[INFO] Downloading from central: https://repo.maven.apache.org/maven2/org/apache/orc/orc-core/1.5.6/orc-core-1.5.6.jar
[INFO] Downloading from central: https://repo.maven.apache.org/maven2/org/apache/orc/orc-shims/1.5.6/orc-shims-1.5.6.jar
[INFO] Downloading from central: https://repo.maven.apache.org/maven2/org/eclipse/jetty/jetty-rewrite/9.3.27.v20190418/jetty-rewrite-9.3.27.v20190418.jar
[INFO] Downloading from central: https://repo.maven.apache.org/maven2/org/apache/logging/log4j/log4j-web/2.12.1/log4j-web-2.12.1.jar
[INFO] Downloading from central: https://repo.maven.apache.org/maven2/org/eclipse/jetty/jetty-client/9.3.27.v20190418/jetty-client-9.3.27.v20190418.jar
[INFO] Downloaded from central: https://repo.maven.apache.org/maven2/org/apache/logging/log4j/log4j-web/2.12.1/log4j-web-2.12.1.jar (32 kB at 1.1 MB/s)
[INFO] Downloading from central: https://repo.maven.apache.org/maven2/com/google/code/tempus-fugit/tempus-fugit/1.1/tempus-fugit-1.1.jar
[INFO] Downloaded from central: https://repo.maven.apache.org/maven2/org/apache/orc/orc-shims/1.5.6/orc-shims-1.5.6.jar (28 kB at 867 kB/s)
[INFO] Downloading from central: https://repo.maven.apache.org/maven2/com/lmax/disruptor/3.3.7/disruptor-3.3.7.jar
[INFO] Downloaded from central: https://repo.maven.apache.org/maven2/org/eclipse/jetty/jetty-rewrite/9.3.27.v20190418/jetty-rewrite-9.3.27.v20190418.jar (34 kB at 930 kB/s)
[INFO] Downloading from central: https://repo.maven.apache.org/maven2/com/tdunning/json/1.8/json-1.8.jar
[INFO] Downloaded from central: https://repo.maven.apache.org/maven2/org/apache/orc/orc-core/1.5.6/orc-core-1.5.6.jar (803 kB at 20 MB/s)
[INFO] Downloaded from central: https://repo.maven.apache.org/maven2/org/eclipse/jetty/jetty-client/9.3.27.v20190418/jetty-client-9.3.27.v20190418.jar (264 kB at 6.3 MB/s)
[INFO] Downloaded from central: https://repo.maven.apache.org/maven2/com/google/code/tempus-fugit/tempus-fugit/1.1/tempus-fugit-1.1.jar (56 kB at 917 kB/s)
[INFO] Downloaded from central: https://repo.maven.apache.org/maven2/com/lmax/disruptor/3.3.7/disruptor-3.3.7.jar (86 kB at 1.4 MB/s)
[INFO] Downloaded from central: https://repo.maven.apache.org/maven2/com/tdunning/json/1.8/json-1.8.jar (25 kB at 369 kB/s)
[INFO] 
[INFO] --- maven-clean-plugin:2.5:clean (default-clean) @ hive-common ---
[INFO] Deleting /home/srafi/after-cam-ready/compare_/compile_repair_output/work/35fb62fffdd4/common (includes = [datanucleus.log, derby.log], excludes = [])
[INFO] 
[INFO] --- maven-antrun-plugin:1.7:run (generate-version-annotation) @ hive-common ---
[INFO] Executing tasks

main:
[INFO] Executed tasks
[INFO] 
[INFO] --- build-helper-maven-plugin:1.8:add-source (add-source) @ hive-common ---
[INFO] Source directory: /home/srafi/after-cam-ready/compare_/compile_repair_output/work/35fb62fffdd4/common/src/gen added.
[INFO] 
[INFO] --- maven-remote-resources-plugin:1.5:process (process-resource-bundles) @ hive-common ---
[INFO] 
[INFO] --- maven-resources-plugin:2.7:resources (default-resources) @ hive-common ---
[INFO] Using 'UTF-8' encoding to copy filtered resources.
[INFO] Copying 2 resources
[INFO] Copying 3 resources
[INFO] 
[INFO] --- maven-antrun-plugin:1.7:run (define-classpath) @ hive-common ---
[INFO] Executing tasks

main:
[INFO] Executed tasks
[INFO] 
[INFO] --- maven-compiler-plugin:3.6.1:compile (default-compile) @ hive-common ---
[INFO] Compiling 123 source files to /home/srafi/after-cam-ready/compare_/compile_repair_output/work/35fb62fffdd4/common/target/classes
[INFO] /home/srafi/after-cam-ready/compare_/compile_repair_output/work/35fb62fffdd4/common/src/java/org/apache/hive/common/util/HiveStringUtils.java: Some input files use or override a deprecated API.
[INFO] /home/srafi/after-cam-ready/compare_/compile_repair_output/work/35fb62fffdd4/common/src/java/org/apache/hive/common/util/HiveStringUtils.java: Recompile with -Xlint:deprecation for details.
[INFO] /home/srafi/after-cam-ready/compare_/compile_repair_output/work/35fb62fffdd4/common/src/java/org/apache/hadoop/hive/common/metrics/common/MetricsFactory.java: Some input files use unchecked or unsafe operations.
[INFO] /home/srafi/after-cam-ready/compare_/compile_repair_output/work/35fb62fffdd4/common/src/java/org/apache/hadoop/hive/common/metrics/common/MetricsFactory.java: Recompile with -Xlint:unchecked for details.
[INFO] 
[INFO] --- maven-resources-plugin:2.7:testResources (default-testResources) @ hive-common ---
[INFO] Using 'UTF-8' encoding to copy filtered resources.
[INFO] Copying 2 resources
[INFO] Copying 3 resources
[INFO] 
[INFO] --- maven-antrun-plugin:1.7:run (setup-test-dirs) @ hive-common ---
[INFO] Executing tasks

main:
    [mkdir] Created dir: /home/srafi/after-cam-ready/compare_/compile_repair_output/work/35fb62fffdd4/common/target/tmp
    [mkdir] Created dir: /home/srafi/after-cam-ready/compare_/compile_repair_output/work/35fb62fffdd4/common/target/warehouse
    [mkdir] Created dir: /home/srafi/after-cam-ready/compare_/compile_repair_output/work/35fb62fffdd4/common/target/testconf
     [copy] Copying 19 files to /home/srafi/after-cam-ready/compare_/compile_repair_output/work/35fb62fffdd4/common/target/testconf
[INFO] Executed tasks
[INFO] 
[INFO] --- maven-compiler-plugin:3.6.1:testCompile (default-testCompile) @ hive-common ---
[INFO] Compiling 43 source files to /home/srafi/after-cam-ready/compare_/compile_repair_output/work/35fb62fffdd4/common/target/test-classes
[INFO] /home/srafi/after-cam-ready/compare_/compile_repair_output/work/35fb62fffdd4/common/src/test/org/apache/hadoop/hive/conf/TestHiveConf.java: Some input files use or override a deprecated API.
[INFO] /home/srafi/after-cam-ready/compare_/compile_repair_output/work/35fb62fffdd4/common/src/test/org/apache/hadoop/hive/conf/TestHiveConf.java: Recompile with -Xlint:deprecation for details.
[INFO] /home/srafi/after-cam-ready/compare_/compile_repair_output/work/35fb62fffdd4/common/src/test/org/apache/hadoop/hive/common/jsonexplain/TestOp.java: /home/srafi/after-cam-ready/compare_/compile_repair_output/work/35fb62fffdd4/common/src/test/org/apache/hadoop/hive/common/jsonexplain/TestOp.java uses unchecked or unsafe operations.
[INFO] /home/srafi/after-cam-ready/compare_/compile_repair_output/work/35fb62fffdd4/common/src/test/org/apache/hadoop/hive/common/jsonexplain/TestOp.java: Recompile with -Xlint:unchecked for details.
[INFO] 
[INFO] --- maven-surefire-plugin:3.0.0-M8-SNAPSHOT:test (default-test) @ hive-common ---
[INFO] Tests are skipped.
[INFO] 
[INFO] --- maven-jar-plugin:2.4:jar (default-jar) @ hive-common ---
[INFO] Building jar: /home/srafi/after-cam-ready/compare_/compile_repair_output/work/35fb62fffdd4/common/target/hive-common-4.0.0-SNAPSHOT.jar
[INFO] 
[INFO] --- maven-site-plugin:3.5.1:attach-descriptor (attach-descriptor) @ hive-common ---
[INFO] 
[INFO] --- maven-jar-plugin:2.4:test-jar (default) @ hive-common ---
[INFO] Building jar: /home/srafi/after-cam-ready/compare_/compile_repair_output/work/35fb62fffdd4/common/target/hive-common-4.0.0-SNAPSHOT-tests.jar
[INFO] 
[INFO] --- maven-install-plugin:2.4:install (default-install) @ hive-common ---
[INFO] Installing /home/srafi/after-cam-ready/compare_/compile_repair_output/work/35fb62fffdd4/common/target/hive-common-4.0.0-SNAPSHOT.jar to /home/srafi/.m2/repository/org/apache/hive/hive-common/4.0.0-SNAPSHOT/hive-common-4.0.0-SNAPSHOT.jar
[INFO] Installing /home/srafi/after-cam-ready/compare_/compile_repair_output/work/35fb62fffdd4/common/pom.xml to /home/srafi/.m2/repository/org/apache/hive/hive-common/4.0.0-SNAPSHOT/hive-common-4.0.0-SNAPSHOT.pom
[INFO] Installing /home/srafi/after-cam-ready/compare_/compile_repair_output/work/35fb62fffdd4/common/target/hive-common-4.0.0-SNAPSHOT-tests.jar to /home/srafi/.m2/repository/org/apache/hive/hive-common/4.0.0-SNAPSHOT/hive-common-4.0.0-SNAPSHOT-tests.jar
[INFO] 
[INFO] ------------------< org.apache.hive:hive-service-rpc >------------------
[INFO] Building Hive Service RPC 4.0.0-SNAPSHOT                         [11/12]
[INFO] --------------------------------[ jar ]---------------------------------
[INFO] 
[INFO] --- maven-clean-plugin:2.5:clean (default-clean) @ hive-service-rpc ---
[INFO] Deleting /home/srafi/after-cam-ready/compare_/compile_repair_output/work/35fb62fffdd4/service-rpc (includes = [datanucleus.log, derby.log], excludes = [])
[INFO] 
[INFO] --- build-helper-maven-plugin:1.8:add-source (add-source) @ hive-service-rpc ---
[INFO] Source directory: /home/srafi/after-cam-ready/compare_/compile_repair_output/work/35fb62fffdd4/service-rpc/src/gen/thrift/gen-javabean added.
[INFO] 
[INFO] --- maven-remote-resources-plugin:1.5:process (process-resource-bundles) @ hive-service-rpc ---
[INFO] 
[INFO] --- maven-resources-plugin:2.7:resources (default-resources) @ hive-service-rpc ---
[INFO] Using 'UTF-8' encoding to copy filtered resources.
[INFO] skip non existing resourceDirectory /home/srafi/after-cam-ready/compare_/compile_repair_output/work/35fb62fffdd4/service-rpc/src/main/resources
[INFO] Copying 3 resources
[INFO] 
[INFO] --- maven-antrun-plugin:1.7:run (define-classpath) @ hive-service-rpc ---
[INFO] Executing tasks

main:
[INFO] Executed tasks
[INFO] 
[INFO] --- maven-compiler-plugin:3.6.1:compile (default-compile) @ hive-service-rpc ---
[INFO] Compiling 93 source files to /home/srafi/after-cam-ready/compare_/compile_repair_output/work/35fb62fffdd4/service-rpc/target/classes
[INFO] 
[INFO] --- maven-resources-plugin:2.7:testResources (default-testResources) @ hive-service-rpc ---
[INFO] Using 'UTF-8' encoding to copy filtered resources.
[INFO] skip non existing resourceDirectory /home/srafi/after-cam-ready/compare_/compile_repair_output/work/35fb62fffdd4/service-rpc/src/test/resources
[INFO] Copying 3 resources
[INFO] 
[INFO] --- maven-antrun-plugin:1.7:run (setup-test-dirs) @ hive-service-rpc ---
[INFO] Executing tasks

main:
    [mkdir] Created dir: /home/srafi/after-cam-ready/compare_/compile_repair_output/work/35fb62fffdd4/service-rpc/target/tmp
    [mkdir] Created dir: /home/srafi/after-cam-ready/compare_/compile_repair_output/work/35fb62fffdd4/service-rpc/target/warehouse
    [mkdir] Created dir: /home/srafi/after-cam-ready/compare_/compile_repair_output/work/35fb62fffdd4/service-rpc/target/testconf
     [copy] Copying 19 files to /home/srafi/after-cam-ready/compare_/compile_repair_output/work/35fb62fffdd4/service-rpc/target/testconf
[INFO] Executed tasks
[INFO] 
[INFO] --- maven-compiler-plugin:3.6.1:testCompile (default-testCompile) @ hive-service-rpc ---
[INFO] No sources to compile
[INFO] 
[INFO] --- maven-surefire-plugin:3.0.0-M8-SNAPSHOT:test (default-test) @ hive-service-rpc ---
[INFO] Tests are skipped.
[INFO] 
[INFO] --- maven-jar-plugin:2.4:jar (default-jar) @ hive-service-rpc ---
[INFO] Building jar: /home/srafi/after-cam-ready/compare_/compile_repair_output/work/35fb62fffdd4/service-rpc/target/hive-service-rpc-4.0.0-SNAPSHOT.jar
[INFO] 
[INFO] --- maven-site-plugin:3.5.1:attach-descriptor (attach-descriptor) @ hive-service-rpc ---
[INFO] 
[INFO] --- maven-jar-plugin:2.4:test-jar (default) @ hive-service-rpc ---
[INFO] Building jar: /home/srafi/after-cam-ready/compare_/compile_repair_output/work/35fb62fffdd4/service-rpc/target/hive-service-rpc-4.0.0-SNAPSHOT-tests.jar
[INFO] 
[INFO] --- maven-install-plugin:2.4:install (default-install) @ hive-service-rpc ---
[INFO] Installing /home/srafi/after-cam-ready/compare_/compile_repair_output/work/35fb62fffdd4/service-rpc/target/hive-service-rpc-4.0.0-SNAPSHOT.jar to /home/srafi/.m2/repository/org/apache/hive/hive-service-rpc/4.0.0-SNAPSHOT/hive-service-rpc-4.0.0-SNAPSHOT.jar
[INFO] Installing /home/srafi/after-cam-ready/compare_/compile_repair_output/work/35fb62fffdd4/service-rpc/pom.xml to /home/srafi/.m2/repository/org/apache/hive/hive-service-rpc/4.0.0-SNAPSHOT/hive-service-rpc-4.0.0-SNAPSHOT.pom
[INFO] Installing /home/srafi/after-cam-ready/compare_/compile_repair_output/work/35fb62fffdd4/service-rpc/target/hive-service-rpc-4.0.0-SNAPSHOT-tests.jar to /home/srafi/.m2/repository/org/apache/hive/hive-service-rpc/4.0.0-SNAPSHOT/hive-service-rpc-4.0.0-SNAPSHOT-tests.jar
[INFO] 
[INFO] ---------------------< org.apache.hive:hive-serde >---------------------
[INFO] Building Hive Serde 4.0.0-SNAPSHOT                               [12/12]
[INFO] --------------------------------[ jar ]---------------------------------
[INFO] Downloading from central: https://repo.maven.apache.org/maven2/org/apache/arrow/arrow-vector/0.10.0/arrow-vector-0.10.0.pom
[INFO] Downloaded from central: https://repo.maven.apache.org/maven2/org/apache/arrow/arrow-vector/0.10.0/arrow-vector-0.10.0.pom (6.7 kB at 191 kB/s)
[INFO] Downloading from central: https://repo.maven.apache.org/maven2/org/apache/arrow/arrow-java-root/0.10.0/arrow-java-root-0.10.0.pom
[INFO] Downloaded from central: https://repo.maven.apache.org/maven2/org/apache/arrow/arrow-java-root/0.10.0/arrow-java-root-0.10.0.pom (23 kB at 733 kB/s)
[INFO] Downloading from central: https://repo.maven.apache.org/maven2/org/apache/arrow/arrow-format/0.10.0/arrow-format-0.10.0.pom
[INFO] Downloaded from central: https://repo.maven.apache.org/maven2/org/apache/arrow/arrow-format/0.10.0/arrow-format-0.10.0.pom (6.0 kB at 199 kB/s)
[INFO] Downloading from central: https://repo.maven.apache.org/maven2/com/vlkan/flatbuffers/1.2.0-3f79e055/flatbuffers-1.2.0-3f79e055.pom
[INFO] Downloaded from central: https://repo.maven.apache.org/maven2/com/vlkan/flatbuffers/1.2.0-3f79e055/flatbuffers-1.2.0-3f79e055.pom (5.8 kB at 208 kB/s)
[INFO] Downloading from central: https://repo.maven.apache.org/maven2/org/apache/arrow/arrow-memory/0.10.0/arrow-memory-0.10.0.pom
[INFO] Downloaded from central: https://repo.maven.apache.org/maven2/org/apache/arrow/arrow-memory/0.10.0/arrow-memory-0.10.0.pom (1.9 kB at 59 kB/s)
[INFO] Downloading from central: https://repo.maven.apache.org/maven2/io/netty/netty-buffer/4.1.17.Final/netty-buffer-4.1.17.Final.pom
[INFO] Downloaded from central: https://repo.maven.apache.org/maven2/io/netty/netty-buffer/4.1.17.Final/netty-buffer-4.1.17.Final.pom (1.5 kB at 47 kB/s)
[INFO] Downloading from central: https://repo.maven.apache.org/maven2/io/netty/netty-common/4.1.17.Final/netty-common-4.1.17.Final.pom
[INFO] Downloaded from central: https://repo.maven.apache.org/maven2/io/netty/netty-common/4.1.17.Final/netty-common-4.1.17.Final.pom (8.4 kB at 279 kB/s)
[INFO] Downloading from central: https://repo.maven.apache.org/maven2/com/carrotsearch/hppc/0.7.2/hppc-0.7.2.pom
[INFO] Downloaded from central: https://repo.maven.apache.org/maven2/com/carrotsearch/hppc/0.7.2/hppc-0.7.2.pom (17 kB at 499 kB/s)
[INFO] Downloading from central: https://repo.maven.apache.org/maven2/com/carrotsearch/hppc-parent/0.7.2/hppc-parent-0.7.2.pom
[INFO] Downloaded from central: https://repo.maven.apache.org/maven2/com/carrotsearch/hppc-parent/0.7.2/hppc-parent-0.7.2.pom (20 kB at 547 kB/s)
[INFO] Downloading from central: https://repo.maven.apache.org/maven2/org/apache/parquet/parquet-hadoop-bundle/1.10.0/parquet-hadoop-bundle-1.10.0.pom
[INFO] Downloaded from central: https://repo.maven.apache.org/maven2/org/apache/parquet/parquet-hadoop-bundle/1.10.0/parquet-hadoop-bundle-1.10.0.pom (2.6 kB at 73 kB/s)
[INFO] Downloading from central: https://repo.maven.apache.org/maven2/org/apache/parquet/parquet/1.10.0/parquet-1.10.0.pom
[INFO] Downloaded from central: https://repo.maven.apache.org/maven2/org/apache/parquet/parquet/1.10.0/parquet-1.10.0.pom (22 kB at 605 kB/s)
[INFO] Downloading from central: https://repo.maven.apache.org/maven2/org/apache/arrow/arrow-vector/0.10.0/arrow-vector-0.10.0.jar
[INFO] Downloading from central: https://repo.maven.apache.org/maven2/org/apache/arrow/arrow-format/0.10.0/arrow-format-0.10.0.jar
[INFO] Downloading from central: https://repo.maven.apache.org/maven2/org/apache/arrow/arrow-memory/0.10.0/arrow-memory-0.10.0.jar
[INFO] Downloading from central: https://repo.maven.apache.org/maven2/io/netty/netty-buffer/4.1.17.Final/netty-buffer-4.1.17.Final.jar
[INFO] Downloading from central: https://repo.maven.apache.org/maven2/io/netty/netty-common/4.1.17.Final/netty-common-4.1.17.Final.jar
[INFO] Downloaded from central: https://repo.maven.apache.org/maven2/org/apache/arrow/arrow-format/0.10.0/arrow-format-0.10.0.jar (52 kB at 1.5 MB/s)
[INFO] Downloading from central: https://repo.maven.apache.org/maven2/com/carrotsearch/hppc/0.7.2/hppc-0.7.2.jar
[INFO] Downloaded from central: https://repo.maven.apache.org/maven2/org/apache/arrow/arrow-memory/0.10.0/arrow-memory-0.10.0.jar (79 kB at 2.3 MB/s)
[INFO] Downloading from central: https://repo.maven.apache.org/maven2/com/vlkan/flatbuffers/1.2.0-3f79e055/flatbuffers-1.2.0-3f79e055.jar
[INFO] Downloaded from central: https://repo.maven.apache.org/maven2/org/apache/arrow/arrow-vector/0.10.0/arrow-vector-0.10.0.jar (1.3 MB at 26 MB/s)
[INFO] Downloading from central: https://repo.maven.apache.org/maven2/org/apache/parquet/parquet-hadoop-bundle/1.10.0/parquet-hadoop-bundle-1.10.0.jar
[INFO] Downloaded from central: https://repo.maven.apache.org/maven2/io/netty/netty-buffer/4.1.17.Final/netty-buffer-4.1.17.Final.jar (270 kB at 5.2 MB/s)
[INFO] Downloading from central: https://repo.maven.apache.org/maven2/org/apache/hadoop/hadoop-common/3.1.0/hadoop-common-3.1.0-tests.jar
[INFO] Downloaded from central: https://repo.maven.apache.org/maven2/io/netty/netty-common/4.1.17.Final/netty-common-4.1.17.Final.jar (565 kB at 9.7 MB/s)
[INFO] Downloaded from central: https://repo.maven.apache.org/maven2/com/vlkan/flatbuffers/1.2.0-3f79e055/flatbuffers-1.2.0-3f79e055.jar (10 kB at 154 kB/s)
[INFO] Downloaded from central: https://repo.maven.apache.org/maven2/com/carrotsearch/hppc/0.7.2/hppc-0.7.2.jar (1.7 MB at 17 MB/s)
[INFO] Downloaded from central: https://repo.maven.apache.org/maven2/org/apache/parquet/parquet-hadoop-bundle/1.10.0/parquet-hadoop-bundle-1.10.0.jar (4.1 MB at 30 MB/s)
[INFO] Downloaded from central: https://repo.maven.apache.org/maven2/org/apache/hadoop/hadoop-common/3.1.0/hadoop-common-3.1.0-tests.jar (2.8 MB at 20 MB/s)
[INFO] 
[INFO] --- maven-clean-plugin:2.5:clean (default-clean) @ hive-serde ---
[INFO] Deleting /home/srafi/after-cam-ready/compare_/compile_repair_output/work/35fb62fffdd4/serde (includes = [datanucleus.log, derby.log], excludes = [])
[INFO] 
[INFO] --- build-helper-maven-plugin:1.8:add-source (add-source) @ hive-serde ---
[INFO] Source directory: /home/srafi/after-cam-ready/compare_/compile_repair_output/work/35fb62fffdd4/serde/src/gen/protobuf/gen-java added.
[INFO] Source directory: /home/srafi/after-cam-ready/compare_/compile_repair_output/work/35fb62fffdd4/serde/src/gen/thrift/gen-javabean added.
[INFO] 
[INFO] --- maven-remote-resources-plugin:1.5:process (process-resource-bundles) @ hive-serde ---
[INFO] 
[INFO] --- maven-resources-plugin:2.7:resources (default-resources) @ hive-serde ---
[INFO] Using 'UTF-8' encoding to copy filtered resources.
[INFO] skip non existing resourceDirectory /home/srafi/after-cam-ready/compare_/compile_repair_output/work/35fb62fffdd4/serde/src/main/resources
[INFO] Copying 3 resources
[INFO] 
[INFO] --- maven-antrun-plugin:1.7:run (define-classpath) @ hive-serde ---
[INFO] Executing tasks

main:
[INFO] Executed tasks
[INFO] 
[INFO] --- maven-compiler-plugin:3.6.1:compile (default-compile) @ hive-serde ---
[INFO] Compiling 437 source files to /home/srafi/after-cam-ready/compare_/compile_repair_output/work/35fb62fffdd4/serde/target/classes
[INFO] /home/srafi/after-cam-ready/compare_/compile_repair_output/work/35fb62fffdd4/serde/src/java/org/apache/hadoop/hive/serde2/thrift/ThriftJDBCBinarySerDe.java: Some input files use or override a deprecated API.
[INFO] /home/srafi/after-cam-ready/compare_/compile_repair_output/work/35fb62fffdd4/serde/src/java/org/apache/hadoop/hive/serde2/thrift/ThriftJDBCBinarySerDe.java: Recompile with -Xlint:deprecation for details.
[INFO] /home/srafi/after-cam-ready/compare_/compile_repair_output/work/35fb62fffdd4/serde/src/java/org/apache/hadoop/hive/serde2/thrift/ColumnBuffer.java: Some input files use unchecked or unsafe operations.
[INFO] /home/srafi/after-cam-ready/compare_/compile_repair_output/work/35fb62fffdd4/serde/src/java/org/apache/hadoop/hive/serde2/thrift/ColumnBuffer.java: Recompile with -Xlint:unchecked for details.
[INFO] 
[INFO] --- maven-resources-plugin:2.7:testResources (default-testResources) @ hive-serde ---
[INFO] Using 'UTF-8' encoding to copy filtered resources.
[INFO] Copying 7 resources
[INFO] Copying 3 resources
[INFO] 
[INFO] --- maven-antrun-plugin:1.7:run (setup-test-dirs) @ hive-serde ---
[INFO] Executing tasks

main:
    [mkdir] Created dir: /home/srafi/after-cam-ready/compare_/compile_repair_output/work/35fb62fffdd4/serde/target/tmp
    [mkdir] Created dir: /home/srafi/after-cam-ready/compare_/compile_repair_output/work/35fb62fffdd4/serde/target/warehouse
    [mkdir] Created dir: /home/srafi/after-cam-ready/compare_/compile_repair_output/work/35fb62fffdd4/serde/target/testconf
     [copy] Copying 19 files to /home/srafi/after-cam-ready/compare_/compile_repair_output/work/35fb62fffdd4/serde/target/testconf
[INFO] Executed tasks
[INFO] 
[INFO] --- maven-compiler-plugin:3.6.1:testCompile (default-testCompile) @ hive-serde ---
[INFO] Compiling 66 source files to /home/srafi/after-cam-ready/compare_/compile_repair_output/work/35fb62fffdd4/serde/target/test-classes
[INFO] /home/srafi/after-cam-ready/compare_/compile_repair_output/work/35fb62fffdd4/serde/src/test/org/apache/hadoop/hive/serde2/lazy/TestLazySimpleSerDe.java: Some input files use or override a deprecated API.
[INFO] /home/srafi/after-cam-ready/compare_/compile_repair_output/work/35fb62fffdd4/serde/src/test/org/apache/hadoop/hive/serde2/lazy/TestLazySimpleSerDe.java: Recompile with -Xlint:deprecation for details.
[INFO] /home/srafi/after-cam-ready/compare_/compile_repair_output/work/35fb62fffdd4/serde/src/test/org/apache/hadoop/hive/serde2/teradata/TestTeradataBinarySerdeForTimeStamp.java: Some input files use unchecked or unsafe operations.
[INFO] /home/srafi/after-cam-ready/compare_/compile_repair_output/work/35fb62fffdd4/serde/src/test/org/apache/hadoop/hive/serde2/teradata/TestTeradataBinarySerdeForTimeStamp.java: Recompile with -Xlint:unchecked for details.
[INFO] 
[INFO] --- maven-surefire-plugin:3.0.0-M8-SNAPSHOT:test (default-test) @ hive-serde ---
[INFO] Tests are skipped.
[INFO] 
[INFO] --- maven-jar-plugin:2.4:jar (default-jar) @ hive-serde ---
[INFO] Building jar: /home/srafi/after-cam-ready/compare_/compile_repair_output/work/35fb62fffdd4/serde/target/hive-serde-4.0.0-SNAPSHOT.jar
[INFO] 
[INFO] --- maven-site-plugin:3.5.1:attach-descriptor (attach-descriptor) @ hive-serde ---
[INFO] 
[INFO] --- maven-install-plugin:2.4:install (default-install) @ hive-serde ---
[INFO] Installing /home/srafi/after-cam-ready/compare_/compile_repair_output/work/35fb62fffdd4/serde/target/hive-serde-4.0.0-SNAPSHOT.jar to /home/srafi/.m2/repository/org/apache/hive/hive-serde/4.0.0-SNAPSHOT/hive-serde-4.0.0-SNAPSHOT.jar
[INFO] Installing /home/srafi/after-cam-ready/compare_/compile_repair_output/work/35fb62fffdd4/serde/pom.xml to /home/srafi/.m2/repository/org/apache/hive/hive-serde/4.0.0-SNAPSHOT/hive-serde-4.0.0-SNAPSHOT.pom
[INFO] ------------------------------------------------------------------------
[INFO] Reactor Summary:
[INFO] 
[INFO] Hive Storage API 2.7.0-SNAPSHOT .................... SUCCESS [  5.439 s]
[INFO] Hive 4.0.0-SNAPSHOT ................................ SUCCESS [  0.231 s]
[INFO] Hive Classifications 4.0.0-SNAPSHOT ................ SUCCESS [  0.182 s]
[INFO] Hive Shims Common 4.0.0-SNAPSHOT ................... SUCCESS [  2.051 s]
[INFO] Hive Shims 0.23 4.0.0-SNAPSHOT ..................... SUCCESS [  2.154 s]
[INFO] Hive Shims Scheduler 4.0.0-SNAPSHOT ................ SUCCESS [  0.648 s]
[INFO] Hive Shims 4.0.0-SNAPSHOT .......................... SUCCESS [  0.473 s]
[INFO] Hive Standalone Metastore 4.0.0-SNAPSHOT ........... SUCCESS [  0.718 s]
[INFO] Hive Standalone Metastore Common Code 4.0.0-SNAPSHOT SUCCESS [ 10.041 s]
[INFO] Hive Common 4.0.0-SNAPSHOT ......................... SUCCESS [  3.141 s]
[INFO] Hive Service RPC 4.0.0-SNAPSHOT .................... SUCCESS [  1.033 s]
[INFO] Hive Serde 4.0.0-SNAPSHOT .......................... SUCCESS [  2.810 s]
[INFO] ------------------------------------------------------------------------
[INFO] BUILD SUCCESS
[INFO] ------------------------------------------------------------------------
[INFO] Total time:  29.172 s
[INFO] Finished at: 2026-08-15T15:16:10-04:00
[INFO] ------------------------------------------------------------------------
