JAVA_HOME=/usr/lib/jvm/java-11-openjdk-amd64
COMMAND=mvn -B clean install -DskipTests -U -pl pinot-common -am -Ddependency-check.skip=true -Dgpg.skip=true -DfailIfNoTests=false -Dskip.installnodenpm=true -Dskip.npm=true -Dskip.yarn=true -Dlicense.skip=true -Dcheckstyle.skip=true -Drat.skip=true -Denforcer.skip=true -Danimal.sniffer.skip=true -Dmaven.javadoc.skip=true -Dfindbugs.skip=true -Dspotbugs.skip=true -Dwarbucks.skip=true -Dmodernizer.skip=true -Dimpsort.skip=true -Dmdep.analyze.skip=true -Dpgpverify.skip=true -Dxml.skip=true -Dcobertura.skip=true

[INFO] Scanning for projects...
Warning: KebabPizza disabling incompatible org.jacoco:jacoco-maven-plugin from pinot
Warning: KebabPizza disabling incompatible com.mycila:license-maven-plugin from pinot
Warning: KebabPizza disabling incompatible org.apache.rat:apache-rat-plugin from pinot
Warning: KebabPizza disabling incompatible org.apache.maven.plugins:maven-enforcer-plugin from pinot
Warning: KebabPizza disabling incompatible org.jacoco:jacoco-maven-plugin from pinot-spi
Warning: KebabPizza disabling incompatible com.mycila:license-maven-plugin from pinot-spi
Warning: KebabPizza disabling incompatible org.apache.rat:apache-rat-plugin from pinot-spi
Warning: KebabPizza disabling incompatible org.apache.maven.plugins:maven-enforcer-plugin from pinot-spi
Warning: KebabPizza disabling incompatible org.jacoco:jacoco-maven-plugin from pinot-segment-spi
Warning: KebabPizza disabling incompatible com.mycila:license-maven-plugin from pinot-segment-spi
Warning: KebabPizza disabling incompatible org.apache.rat:apache-rat-plugin from pinot-segment-spi
Warning: KebabPizza disabling incompatible org.apache.maven.plugins:maven-enforcer-plugin from pinot-segment-spi
Warning: KebabPizza disabling incompatible org.jacoco:jacoco-maven-plugin from pinot-plugins
Warning: KebabPizza disabling incompatible com.mycila:license-maven-plugin from pinot-plugins
Warning: KebabPizza disabling incompatible org.apache.rat:apache-rat-plugin from pinot-plugins
Warning: KebabPizza disabling incompatible org.apache.maven.plugins:maven-enforcer-plugin from pinot-plugins
Warning: KebabPizza disabling incompatible org.jacoco:jacoco-maven-plugin from pinot-metrics
Warning: KebabPizza disabling incompatible com.mycila:license-maven-plugin from pinot-metrics
Warning: KebabPizza disabling incompatible org.apache.rat:apache-rat-plugin from pinot-metrics
Warning: KebabPizza disabling incompatible org.apache.maven.plugins:maven-enforcer-plugin from pinot-metrics
Warning: KebabPizza disabling incompatible org.jacoco:jacoco-maven-plugin from pinot-yammer
Warning: KebabPizza disabling incompatible com.mycila:license-maven-plugin from pinot-yammer
Warning: KebabPizza disabling incompatible org.apache.rat:apache-rat-plugin from pinot-yammer
Warning: KebabPizza disabling incompatible org.apache.maven.plugins:maven-enforcer-plugin from pinot-yammer
Warning: KebabPizza disabling incompatible org.jacoco:jacoco-maven-plugin from pinot-fmpp-maven-plugin
Warning: KebabPizza disabling incompatible com.mycila:license-maven-plugin from pinot-fmpp-maven-plugin
Warning: KebabPizza disabling incompatible org.apache.rat:apache-rat-plugin from pinot-fmpp-maven-plugin
Warning: KebabPizza disabling incompatible org.apache.maven.plugins:maven-enforcer-plugin from pinot-fmpp-maven-plugin
Warning: KebabPizza disabling incompatible org.jacoco:jacoco-maven-plugin from pinot-common
Warning: KebabPizza disabling incompatible com.mycila:license-maven-plugin from pinot-common
Warning: KebabPizza disabling incompatible org.apache.rat:apache-rat-plugin from pinot-common
Warning: KebabPizza disabling incompatible org.apache.maven.plugins:maven-enforcer-plugin from pinot-common
[INFO] ------------------------------------------------------------------------
[INFO] Detecting the operating system and CPU architecture
[INFO] ------------------------------------------------------------------------
[INFO] os.detected.name: linux
[INFO] os.detected.arch: x86_64
[INFO] os.detected.version: 6.8
[INFO] os.detected.version.major: 6
[INFO] os.detected.version.minor: 8
[INFO] os.detected.release: ubuntu
[INFO] os.detected.release.version: 22.04
[INFO] os.detected.release.like.ubuntu: true
[INFO] os.detected.release.like.debian: true
[INFO] os.detected.classifier: linux-x86_64
Aug 15, 2026 3:58:26 PM com.gradle.maven.extension.internal.dep.org.apache.http.impl.execchain.RetryExec execute
INFO: I/O exception (java.net.SocketException) caught when processing request to {s}->https://ge.apache.org:443: Connection reset
Aug 15, 2026 3:58:26 PM com.gradle.maven.extension.internal.dep.org.apache.http.impl.execchain.RetryExec execute
INFO: Retrying request to {s}->https://ge.apache.org:443
Aug 15, 2026 3:58:26 PM com.gradle.maven.extension.internal.dep.org.apache.http.impl.execchain.RetryExec execute
INFO: I/O exception (java.net.SocketException) caught when processing request to {s}->https://ge.apache.org:443: Connection reset
Aug 15, 2026 3:58:26 PM com.gradle.maven.extension.internal.dep.org.apache.http.impl.execchain.RetryExec execute
INFO: Retrying request to {s}->https://ge.apache.org:443
Aug 15, 2026 3:58:27 PM com.gradle.maven.extension.internal.dep.org.apache.http.impl.execchain.RetryExec execute
INFO: I/O exception (java.net.SocketException) caught when processing request to {s}->https://ge.apache.org:443: Connection reset
Aug 15, 2026 3:58:27 PM com.gradle.maven.extension.internal.dep.org.apache.http.impl.execchain.RetryExec execute
INFO: Retrying request to {s}->https://ge.apache.org:443
[WARNING] Unexpected error while contacting Gradle Enterprise server at https://ge.apache.org/
[INFO] ------------------------------------------------------------------------
[INFO] Reactor Build Order:
[INFO] 
[INFO] Pinot                                                              [pom]
[INFO] Pinot Service Provider Interface                                   [jar]
[INFO] Pinot Segment Service Provider Interface                           [jar]
[INFO] Pinot Plugins                                                      [pom]
[INFO] Pinot Metrics                                                      [pom]
[INFO] Pinot Yammer Metrics                                               [jar]
[INFO] Pinot FMPP plugin                                         [maven-plugin]
[INFO] Pinot Common                                                       [jar]
[INFO] 
[INFO] -----------------------< org.apache.pinot:pinot >-----------------------
[INFO] Building Pinot 1.1.0-SNAPSHOT                                      [1/8]
[INFO] --------------------------------[ pom ]---------------------------------
[INFO] 
[INFO] --- maven-clean-plugin:3.1.0:clean (default-clean) @ pinot ---
[INFO] 
[INFO] --- maven-checkstyle-plugin:3.1.2:check (checkstyle) @ pinot ---
[INFO] Skipped
[INFO] 
[INFO] --- buildnumber-maven-plugin:1.3:create (default) @ pinot ---
[INFO] Executing: /bin/sh -c cd /home/srafi/after-cam-ready/compare_/compile_repair_output/work/8be17d30ea63 && git rev-parse --verify HEAD
[INFO] Working directory: /home/srafi/after-cam-ready/compare_/compile_repair_output/work/8be17d30ea63
[INFO] Storing buildNumber: f79b618141e07c140663791959d96956ad91d811 at timestamp: 1786823907953
[WARNING] Cannot get the branch information from the git repository: 
Detecting the current branch failed: fatal: ref HEAD is not a symbolic ref

[INFO] Executing: /bin/sh -c cd /home/srafi/after-cam-ready/compare_/compile_repair_output/work/8be17d30ea63 && git rev-parse --verify HEAD
[INFO] Working directory: /home/srafi/after-cam-ready/compare_/compile_repair_output/work/8be17d30ea63
[INFO] Storing buildScmBranch: UNKNOWN
[INFO] 
[INFO] --- maven-remote-resources-plugin:1.6.0:process (process-resource-bundles) @ pinot ---
[INFO] Preparing remote bundle org.apache:apache-jar-resource-bundle:1.4
[INFO] Copying 3 resources from 1 bundle.
[INFO] 
[INFO] --- maven-remote-resources-plugin:1.6.0:process (default) @ pinot ---
[INFO] Preparing remote bundle org.apache:apache-jar-resource-bundle:1.4
[INFO] Copying 3 resources from 1 bundle.
[INFO] 
[INFO] --- maven-site-plugin:3.7.1:attach-descriptor (attach-descriptor) @ pinot ---
[INFO] No site descriptor found: nothing to attach.
[INFO] 
[INFO] --- maven-surefire-plugin:3.0.0-M8-SNAPSHOT:test (integration-tests) @ pinot ---
[INFO] Downloading from apache.snapshots: https://repository.apache.org/snapshots/org/apache/maven/surefire/maven-surefire-common/3.0.0-M8-SNAPSHOT/maven-metadata.xml
[INFO] Downloading from apache.snapshots: https://repository.apache.org/snapshots/org/apache/maven/surefire/surefire-api/3.0.0-M8-SNAPSHOT/maven-metadata.xml
[INFO] Downloading from apache.snapshots: https://repository.apache.org/snapshots/org/apache/maven/surefire/surefire-logger-api/3.0.0-M8-SNAPSHOT/maven-metadata.xml
[INFO] Downloading from apache.snapshots: https://repository.apache.org/snapshots/org/apache/maven/surefire/surefire-shared-utils/3.0.0-M8-SNAPSHOT/maven-metadata.xml
[INFO] Downloading from apache.snapshots: https://repository.apache.org/snapshots/org/apache/maven/surefire/surefire-extensions-api/3.0.0-M8-SNAPSHOT/maven-metadata.xml
[INFO] Downloading from apache.snapshots: https://repository.apache.org/snapshots/org/apache/maven/surefire/surefire-booter/3.0.0-M8-SNAPSHOT/maven-metadata.xml
[INFO] Downloading from apache.snapshots: https://repository.apache.org/snapshots/org/apache/maven/surefire/surefire-extensions-spi/3.0.0-M8-SNAPSHOT/maven-metadata.xml
[INFO] Tests are skipped.
[WARNING] Could not extract goal execution properties.
[INFO] Tests are skipped.
[INFO] 
[INFO] --- spotless-maven-plugin:2.28.0:check (default) @ pinot ---
[INFO] 
[INFO] --- maven-install-plugin:2.5.2:install (default-install) @ pinot ---
[INFO] Installing /home/srafi/after-cam-ready/compare_/compile_repair_output/work/8be17d30ea63/pom.xml to /home/srafi/.m2/repository/org/apache/pinot/pinot/1.1.0-SNAPSHOT/pinot-1.1.0-SNAPSHOT.pom
[INFO] 
[INFO] ---------------------< org.apache.pinot:pinot-spi >---------------------
[INFO] Building Pinot Service Provider Interface 1.1.0-SNAPSHOT           [2/8]
[INFO] --------------------------------[ jar ]---------------------------------
[INFO] 
[INFO] --- maven-clean-plugin:3.1.0:clean (default-clean) @ pinot-spi ---
[INFO] 
[INFO] --- maven-checkstyle-plugin:3.1.2:check (checkstyle) @ pinot-spi ---
[INFO] Skipped
[INFO] 
[INFO] --- buildnumber-maven-plugin:1.3:create (default) @ pinot-spi ---
[INFO] Executing: /bin/sh -c cd /home/srafi/after-cam-ready/compare_/compile_repair_output/work/8be17d30ea63/pinot-spi && git rev-parse --verify HEAD
[INFO] Working directory: /home/srafi/after-cam-ready/compare_/compile_repair_output/work/8be17d30ea63/pinot-spi
[INFO] Storing buildNumber: f79b618141e07c140663791959d96956ad91d811 at timestamp: 1786823911597
[WARNING] Cannot get the branch information from the git repository: 
Detecting the current branch failed: fatal: ref HEAD is not a symbolic ref

[INFO] Executing: /bin/sh -c cd /home/srafi/after-cam-ready/compare_/compile_repair_output/work/8be17d30ea63/pinot-spi && git rev-parse --verify HEAD
[INFO] Working directory: /home/srafi/after-cam-ready/compare_/compile_repair_output/work/8be17d30ea63/pinot-spi
[INFO] Storing buildScmBranch: UNKNOWN
[INFO] 
[INFO] --- maven-remote-resources-plugin:1.6.0:process (process-resource-bundles) @ pinot-spi ---
[INFO] Preparing remote bundle org.apache:apache-jar-resource-bundle:1.4
[INFO] Copying 3 resources from 1 bundle.
[INFO] 
[INFO] --- maven-remote-resources-plugin:1.6.0:process (default) @ pinot-spi ---
[INFO] Preparing remote bundle org.apache:apache-jar-resource-bundle:1.4
[INFO] Copying 3 resources from 1 bundle.
[INFO] 
[INFO] --- maven-resources-plugin:2.6:resources (default-resources) @ pinot-spi ---
[INFO] Using 'UTF-8' encoding to copy filtered resources.
[INFO] skip non existing resourceDirectory /home/srafi/after-cam-ready/compare_/compile_repair_output/work/8be17d30ea63/pinot-spi/src/main/resources
[INFO] Copying 3 resources
[INFO] Copying 3 resources
[INFO] 
[INFO] --- maven-compiler-plugin:3.8.0:compile (default-compile) @ pinot-spi ---
[INFO] Changes detected - recompiling the module!
[INFO] Compiling 248 source files to /home/srafi/after-cam-ready/compare_/compile_repair_output/work/8be17d30ea63/pinot-spi/target/classes
[INFO] 
[INFO] --- maven-resources-plugin:2.6:testResources (default-testResources) @ pinot-spi ---
[INFO] Using 'UTF-8' encoding to copy filtered resources.
[INFO] Copying 11 resources
[INFO] Copying 3 resources
[INFO] Copying 3 resources
[INFO] 
[INFO] --- maven-compiler-plugin:3.8.0:testCompile (default-testCompile) @ pinot-spi ---
[WARNING] The following annotation processors were found on the classpath: [org.apache.logging.log4j.core.config.plugins.processor.PluginProcessor].
Compile avoidance has been deactivated.
Please use the maven-compiler-plugin version 3.5 or above and use the <annotationProcessorPaths> configuration element to declare the processors instead.
If you did not intend to use the processors above (e.g. they were leaked by a dependency), you can use the <proc>none</proc> option to disable annotation processing.

For more information see https://gradle.com/enterprise/help/maven-extension-compile-avoidance.
[INFO] Changes detected - recompiling the module!
[INFO] Compiling 44 source files to /home/srafi/after-cam-ready/compare_/compile_repair_output/work/8be17d30ea63/pinot-spi/target/test-classes
[INFO] 
[INFO] --- maven-surefire-plugin:3.0.0-M8-SNAPSHOT:test (default-test) @ pinot-spi ---
[INFO] Tests are skipped.
[WARNING] Could not extract goal execution properties.
[INFO] Using auto detected provider org.apache.maven.surefire.testng.TestNGProvider
[INFO] Downloading from apache.snapshots: https://repository.apache.org/snapshots/org/apache/maven/surefire/surefire-providers/3.0.0-M8-SNAPSHOT/maven-metadata.xml
[INFO] Downloading from apache.snapshots: https://repository.apache.org/snapshots/org/apache/maven/surefire/surefire/3.0.0-M8-SNAPSHOT/maven-metadata.xml
[INFO] Downloading from apache.snapshots: https://repository.apache.org/snapshots/org/apache/maven/surefire/common-java5/3.0.0-M8-SNAPSHOT/maven-metadata.xml
[INFO] Downloading from apache.snapshots: https://repository.apache.org/snapshots/org/apache/maven/surefire/surefire-testng-utils/3.0.0-M8-SNAPSHOT/maven-metadata.xml
[INFO] Downloading from apache.snapshots: https://repository.apache.org/snapshots/org/apache/maven/surefire/surefire-grouper/3.0.0-M8-SNAPSHOT/maven-metadata.xml
[INFO] Tests are skipped.
[INFO] 
[INFO] --- maven-jar-plugin:3.3.0:jar (default-jar) @ pinot-spi ---
[INFO] Building jar: /home/srafi/after-cam-ready/compare_/compile_repair_output/work/8be17d30ea63/pinot-spi/target/pinot-spi-1.1.0-SNAPSHOT.jar
[INFO] 
[INFO] --- maven-site-plugin:3.7.1:attach-descriptor (attach-descriptor) @ pinot-spi ---
[INFO] Skipping because packaging 'jar' is not pom.
[INFO] 
[INFO] --- maven-jar-plugin:3.3.0:test-jar (default) @ pinot-spi ---
[INFO] Building jar: /home/srafi/after-cam-ready/compare_/compile_repair_output/work/8be17d30ea63/pinot-spi/target/pinot-spi-1.1.0-SNAPSHOT-tests.jar
[INFO] 
[INFO] --- maven-surefire-plugin:3.0.0-M8-SNAPSHOT:test (integration-tests) @ pinot-spi ---
[INFO] Tests are skipped.
[WARNING] Could not extract goal execution properties.
[INFO] Using auto detected provider org.apache.maven.surefire.testng.TestNGProvider
[INFO] Tests are skipped.
[INFO] 
[INFO] --- spotless-maven-plugin:2.28.0:check (default) @ pinot-spi ---
[INFO] 
[INFO] --- maven-install-plugin:2.5.2:install (default-install) @ pinot-spi ---
[INFO] Installing /home/srafi/after-cam-ready/compare_/compile_repair_output/work/8be17d30ea63/pinot-spi/target/pinot-spi-1.1.0-SNAPSHOT.jar to /home/srafi/.m2/repository/org/apache/pinot/pinot-spi/1.1.0-SNAPSHOT/pinot-spi-1.1.0-SNAPSHOT.jar
[INFO] Installing /home/srafi/after-cam-ready/compare_/compile_repair_output/work/8be17d30ea63/pinot-spi/pom.xml to /home/srafi/.m2/repository/org/apache/pinot/pinot-spi/1.1.0-SNAPSHOT/pinot-spi-1.1.0-SNAPSHOT.pom
[INFO] Installing /home/srafi/after-cam-ready/compare_/compile_repair_output/work/8be17d30ea63/pinot-spi/target/pinot-spi-1.1.0-SNAPSHOT-tests.jar to /home/srafi/.m2/repository/org/apache/pinot/pinot-spi/1.1.0-SNAPSHOT/pinot-spi-1.1.0-SNAPSHOT-tests.jar
[INFO] 
[INFO] -----------------< org.apache.pinot:pinot-segment-spi >-----------------
[INFO] Building Pinot Segment Service Provider Interface 1.1.0-SNAPSHOT   [3/8]
[INFO] --------------------------------[ jar ]---------------------------------
[INFO] Downloading from central: https://repo.maven.apache.org/maven2/org/roaringbitmap/RoaringBitmap/0.9.38/RoaringBitmap-0.9.38.pom
[INFO] Downloaded from central: https://repo.maven.apache.org/maven2/org/roaringbitmap/RoaringBitmap/0.9.38/RoaringBitmap-0.9.38.pom (2.3 kB at 34 kB/s)
[INFO] Downloading from central: https://repo.maven.apache.org/maven2/org/roaringbitmap/shims/0.9.38/shims-0.9.38.pom
[INFO] Downloaded from central: https://repo.maven.apache.org/maven2/org/roaringbitmap/shims/0.9.38/shims-0.9.38.pom (2.1 kB at 68 kB/s)
[INFO] Downloading from central: https://repo.maven.apache.org/maven2/org/locationtech/jts/jts-core/1.19.0/jts-core-1.19.0.pom
[INFO] Downloaded from central: https://repo.maven.apache.org/maven2/org/locationtech/jts/jts-core/1.19.0/jts-core-1.19.0.pom (0 B at 0 B/s)
[INFO] Downloading from central: https://repo.maven.apache.org/maven2/org/locationtech/jts/jts-modules/1.19.0/jts-modules-1.19.0.pom
[INFO] Downloaded from central: https://repo.maven.apache.org/maven2/org/locationtech/jts/jts-modules/1.19.0/jts-modules-1.19.0.pom (0 B at 0 B/s)
[INFO] Downloading from central: https://repo.maven.apache.org/maven2/org/locationtech/jts/jts/1.19.0/jts-1.19.0.pom
[INFO] Downloaded from central: https://repo.maven.apache.org/maven2/org/locationtech/jts/jts/1.19.0/jts-1.19.0.pom (0 B at 0 B/s)
[INFO] Downloading from central: https://repo.maven.apache.org/maven2/net/openhft/posix/2.23.2/posix-2.23.2.pom
[INFO] Downloaded from central: https://repo.maven.apache.org/maven2/net/openhft/posix/2.23.2/posix-2.23.2.pom (5.2 kB at 157 kB/s)
[INFO] Downloading from central: https://repo.maven.apache.org/maven2/net/openhft/java-parent-pom/1.1.33/java-parent-pom-1.1.33.pom
[INFO] Downloaded from central: https://repo.maven.apache.org/maven2/net/openhft/java-parent-pom/1.1.33/java-parent-pom-1.1.33.pom (4.9 kB at 153 kB/s)
[INFO] Downloading from central: https://repo.maven.apache.org/maven2/net/openhft/root-parent-pom/1.2.21/root-parent-pom-1.2.21.pom
[INFO] Downloaded from central: https://repo.maven.apache.org/maven2/net/openhft/root-parent-pom/1.2.21/root-parent-pom-1.2.21.pom (18 kB at 458 kB/s)
[INFO] Downloading from central: https://repo.maven.apache.org/maven2/net/openhft/third-party-bom/3.19.4/third-party-bom-3.19.4.pom
[INFO] Downloaded from central: https://repo.maven.apache.org/maven2/net/openhft/third-party-bom/3.19.4/third-party-bom-3.19.4.pom (20 kB at 551 kB/s)
[INFO] Downloading from central: https://repo.maven.apache.org/maven2/net/openhft/root-parent-pom/1.2.3/root-parent-pom-1.2.3.pom
[INFO] Downloaded from central: https://repo.maven.apache.org/maven2/net/openhft/root-parent-pom/1.2.3/root-parent-pom-1.2.3.pom (13 kB at 426 kB/s)
[INFO] Downloading from central: https://repo.maven.apache.org/maven2/net/openhft/chronicle-core/2.24ea16/chronicle-core-2.24ea16.pom
[INFO] Downloaded from central: https://repo.maven.apache.org/maven2/net/openhft/chronicle-core/2.24ea16/chronicle-core-2.24ea16.pom (18 kB at 510 kB/s)
[INFO] Downloading from central: https://repo.maven.apache.org/maven2/net/openhft/java-parent-pom/1.1.36/java-parent-pom-1.1.36.pom
[INFO] Downloaded from central: https://repo.maven.apache.org/maven2/net/openhft/java-parent-pom/1.1.36/java-parent-pom-1.1.36.pom (6.6 kB at 145 kB/s)
[INFO] Downloading from central: https://repo.maven.apache.org/maven2/net/openhft/root-parent-pom/1.2.23/root-parent-pom-1.2.23.pom
[INFO] Downloaded from central: https://repo.maven.apache.org/maven2/net/openhft/root-parent-pom/1.2.23/root-parent-pom-1.2.23.pom (19 kB at 493 kB/s)
[INFO] Downloading from central: https://repo.maven.apache.org/maven2/net/openhft/third-party-bom/3.22.3/third-party-bom-3.22.3.pom
[INFO] Downloaded from central: https://repo.maven.apache.org/maven2/net/openhft/third-party-bom/3.22.3/third-party-bom-3.22.3.pom (19 kB at 504 kB/s)
[INFO] Downloading from central: https://repo.maven.apache.org/maven2/net/openhft/root-parent-pom/1.2.13/root-parent-pom-1.2.13.pom
[INFO] Downloaded from central: https://repo.maven.apache.org/maven2/net/openhft/root-parent-pom/1.2.13/root-parent-pom-1.2.13.pom (17 kB at 523 kB/s)
[INFO] Downloading from central: https://repo.maven.apache.org/maven2/net/openhft/chronicle-bom/2.24ea58/chronicle-bom-2.24ea58.pom
[INFO] Downloaded from central: https://repo.maven.apache.org/maven2/net/openhft/chronicle-bom/2.24ea58/chronicle-bom-2.24ea58.pom (32 kB at 1.0 MB/s)
[INFO] Downloading from central: https://repo.maven.apache.org/maven2/net/openhft/chronicle-analytics/2.24ea0/chronicle-analytics-2.24ea0.pom
[INFO] Downloaded from central: https://repo.maven.apache.org/maven2/net/openhft/chronicle-analytics/2.24ea0/chronicle-analytics-2.24ea0.pom (13 kB at 331 kB/s)
[INFO] Downloading from central: https://repo.maven.apache.org/maven2/com/google/protobuf/protobuf-java/3.24.3/protobuf-java-3.24.3.pom
[INFO] Downloaded from central: https://repo.maven.apache.org/maven2/com/google/protobuf/protobuf-java/3.24.3/protobuf-java-3.24.3.pom (1.6 kB at 40 kB/s)
[INFO] Downloading from central: https://repo.maven.apache.org/maven2/com/google/protobuf/protobuf-parent/3.24.3/protobuf-parent-3.24.3.pom
[INFO] Downloaded from central: https://repo.maven.apache.org/maven2/com/google/protobuf/protobuf-parent/3.24.3/protobuf-parent-3.24.3.pom (9.0 kB at 238 kB/s)
[INFO] Downloading from central: https://repo.maven.apache.org/maven2/com/google/protobuf/protobuf-bom/3.24.3/protobuf-bom-3.24.3.pom
[INFO] Downloaded from central: https://repo.maven.apache.org/maven2/com/google/protobuf/protobuf-bom/3.24.3/protobuf-bom-3.24.3.pom (3.7 kB at 96 kB/s)
[INFO] Downloading from central: https://repo.maven.apache.org/maven2/org/projectlombok/lombok/1.18.30/lombok-1.18.30.pom
[INFO] Downloaded from central: https://repo.maven.apache.org/maven2/org/projectlombok/lombok/1.18.30/lombok-1.18.30.pom (1.5 kB at 40 kB/s)
[INFO] Downloading from central: https://repo.maven.apache.org/maven2/org/mockito/mockito-core/5.5.0/mockito-core-5.5.0.pom
[INFO] Downloaded from central: https://repo.maven.apache.org/maven2/org/mockito/mockito-core/5.5.0/mockito-core-5.5.0.pom (2.5 kB at 57 kB/s)
[INFO] Downloading from central: https://repo.maven.apache.org/maven2/net/bytebuddy/byte-buddy/1.14.6/byte-buddy-1.14.6.pom
[INFO] Downloaded from central: https://repo.maven.apache.org/maven2/net/bytebuddy/byte-buddy/1.14.6/byte-buddy-1.14.6.pom (16 kB at 428 kB/s)
[INFO] Downloading from central: https://repo.maven.apache.org/maven2/net/bytebuddy/byte-buddy-parent/1.14.6/byte-buddy-parent-1.14.6.pom
[INFO] Downloaded from central: https://repo.maven.apache.org/maven2/net/bytebuddy/byte-buddy-parent/1.14.6/byte-buddy-parent-1.14.6.pom (58 kB at 1.5 MB/s)
[INFO] Downloading from central: https://repo.maven.apache.org/maven2/net/bytebuddy/byte-buddy-agent/1.14.6/byte-buddy-agent-1.14.6.pom
[INFO] Downloaded from central: https://repo.maven.apache.org/maven2/net/bytebuddy/byte-buddy-agent/1.14.6/byte-buddy-agent-1.14.6.pom (10 kB at 275 kB/s)
[INFO] Downloading from central: https://repo.maven.apache.org/maven2/org/roaringbitmap/RoaringBitmap/0.9.38/RoaringBitmap-0.9.38.jar
[INFO] Downloading from central: https://repo.maven.apache.org/maven2/org/roaringbitmap/shims/0.9.38/shims-0.9.38.jar
[INFO] Downloading from central: https://repo.maven.apache.org/maven2/net/java/dev/jna/jna-platform/5.5.0/jna-platform-5.5.0.jar
[INFO] Downloading from central: https://repo.maven.apache.org/maven2/net/openhft/posix/2.23.2/posix-2.23.2.jar
[INFO] Downloading from central: https://repo.maven.apache.org/maven2/org/locationtech/jts/jts-core/1.19.0/jts-core-1.19.0.jar
[INFO] Downloaded from central: https://repo.maven.apache.org/maven2/org/locationtech/jts/jts-core/1.19.0/jts-core-1.19.0.jar (0 B at 0 B/s)
[INFO] Downloading from central: https://repo.maven.apache.org/maven2/net/openhft/chronicle-core/2.24ea16/chronicle-core-2.24ea16.jar
[INFO] Downloaded from central: https://repo.maven.apache.org/maven2/org/roaringbitmap/RoaringBitmap/0.9.38/RoaringBitmap-0.9.38.jar (439 kB at 9.3 MB/s)
[INFO] Downloading from central: https://repo.maven.apache.org/maven2/net/openhft/chronicle-analytics/2.24ea0/chronicle-analytics-2.24ea0.jar
[INFO] Downloaded from central: https://repo.maven.apache.org/maven2/org/roaringbitmap/shims/0.9.38/shims-0.9.38.jar (2.5 kB at 50 kB/s)
[INFO] Downloading from central: https://repo.maven.apache.org/maven2/com/google/protobuf/protobuf-java/3.24.3/protobuf-java-3.24.3.jar
[INFO] Downloaded from central: https://repo.maven.apache.org/maven2/net/openhft/posix/2.23.2/posix-2.23.2.jar (35 kB at 607 kB/s)
[INFO] Downloading from central: https://repo.maven.apache.org/maven2/org/projectlombok/lombok/1.18.30/lombok-1.18.30.jar
[INFO] Downloaded from central: https://repo.maven.apache.org/maven2/net/openhft/chronicle-analytics/2.24ea0/chronicle-analytics-2.24ea0.jar (29 kB at 357 kB/s)
[INFO] Downloading from central: https://repo.maven.apache.org/maven2/org/mockito/mockito-core/5.5.0/mockito-core-5.5.0.jar
[INFO] Downloaded from central: https://repo.maven.apache.org/maven2/net/openhft/chronicle-core/2.24ea16/chronicle-core-2.24ea16.jar (452 kB at 4.6 MB/s)
[INFO] Downloading from central: https://repo.maven.apache.org/maven2/net/bytebuddy/byte-buddy/1.14.6/byte-buddy-1.14.6.jar
[INFO] Downloaded from central: https://repo.maven.apache.org/maven2/net/java/dev/jna/jna-platform/5.5.0/jna-platform-5.5.0.jar (2.7 MB at 22 MB/s)
[INFO] Downloading from central: https://repo.maven.apache.org/maven2/net/bytebuddy/byte-buddy-agent/1.14.6/byte-buddy-agent-1.14.6.jar
[INFO] Downloaded from central: https://repo.maven.apache.org/maven2/org/mockito/mockito-core/5.5.0/mockito-core-5.5.0.jar (698 kB at 5.2 MB/s)
[INFO] Downloaded from central: https://repo.maven.apache.org/maven2/com/google/protobuf/protobuf-java/3.24.3/protobuf-java-3.24.3.jar (1.8 MB at 14 MB/s)
[INFO] Downloaded from central: https://repo.maven.apache.org/maven2/org/projectlombok/lombok/1.18.30/lombok-1.18.30.jar (2.0 MB at 14 MB/s)
[INFO] Downloaded from central: https://repo.maven.apache.org/maven2/net/bytebuddy/byte-buddy-agent/1.14.6/byte-buddy-agent-1.14.6.jar (257 kB at 1.6 MB/s)
[INFO] Downloaded from central: https://repo.maven.apache.org/maven2/net/bytebuddy/byte-buddy/1.14.6/byte-buddy-1.14.6.jar (4.2 MB at 23 MB/s)
[INFO] 
[INFO] --- maven-clean-plugin:3.1.0:clean (default-clean) @ pinot-segment-spi ---
[INFO] 
[INFO] --- maven-checkstyle-plugin:3.1.2:check (checkstyle) @ pinot-segment-spi ---
[INFO] Skipped
[INFO] 
[INFO] --- buildnumber-maven-plugin:1.3:create (default) @ pinot-segment-spi ---
[INFO] Executing: /bin/sh -c cd /home/srafi/after-cam-ready/compare_/compile_repair_output/work/8be17d30ea63/pinot-segment-spi && git rev-parse --verify HEAD
[INFO] Working directory: /home/srafi/after-cam-ready/compare_/compile_repair_output/work/8be17d30ea63/pinot-segment-spi
[INFO] Storing buildNumber: f79b618141e07c140663791959d96956ad91d811 at timestamp: 1786823921058
[WARNING] Cannot get the branch information from the git repository: 
Detecting the current branch failed: fatal: ref HEAD is not a symbolic ref

[INFO] Executing: /bin/sh -c cd /home/srafi/after-cam-ready/compare_/compile_repair_output/work/8be17d30ea63/pinot-segment-spi && git rev-parse --verify HEAD
[INFO] Working directory: /home/srafi/after-cam-ready/compare_/compile_repair_output/work/8be17d30ea63/pinot-segment-spi
[INFO] Storing buildScmBranch: UNKNOWN
[INFO] 
[INFO] --- maven-remote-resources-plugin:1.6.0:process (process-resource-bundles) @ pinot-segment-spi ---
[INFO] Preparing remote bundle org.apache:apache-jar-resource-bundle:1.4
[INFO] Copying 3 resources from 1 bundle.
[INFO] 
[INFO] --- maven-remote-resources-plugin:1.6.0:process (default) @ pinot-segment-spi ---
[INFO] Preparing remote bundle org.apache:apache-jar-resource-bundle:1.4
[INFO] Copying 3 resources from 1 bundle.
[INFO] 
[INFO] --- maven-resources-plugin:2.6:resources (default-resources) @ pinot-segment-spi ---
[INFO] Using 'UTF-8' encoding to copy filtered resources.
[INFO] skip non existing resourceDirectory /home/srafi/after-cam-ready/compare_/compile_repair_output/work/8be17d30ea63/pinot-segment-spi/src/main/resources
[INFO] Copying 3 resources
[INFO] Copying 3 resources
[INFO] 
[INFO] --- maven-compiler-plugin:3.8.0:compile (default-compile) @ pinot-segment-spi ---
[WARNING] The following annotation processors were found on the classpath: [lombok.launch.AnnotationProcessorHider$AnnotationProcessor, lombok.launch.AnnotationProcessorHider$ClaimingProcessor].
Compile avoidance has been deactivated.
Please use the maven-compiler-plugin version 3.5 or above and use the <annotationProcessorPaths> configuration element to declare the processors instead.
If you did not intend to use the processors above (e.g. they were leaked by a dependency), you can use the <proc>none</proc> option to disable annotation processing.

For more information see https://gradle.com/enterprise/help/maven-extension-compile-avoidance.
[INFO] Changes detected - recompiling the module!
[INFO] Compiling 138 source files to /home/srafi/after-cam-ready/compare_/compile_repair_output/work/8be17d30ea63/pinot-segment-spi/target/classes
[WARNING] /home/srafi/after-cam-ready/compare_/compile_repair_output/work/8be17d30ea63/pinot-segment-spi/src/main/java/org/apache/pinot/segment/spi/memory/unsafe/Unsafer.java:[22,15] Unsafe is internal proprietary API and may be removed in a future release
[WARNING] /home/srafi/after-cam-ready/compare_/compile_repair_output/work/8be17d30ea63/pinot-segment-spi/src/main/java/org/apache/pinot/segment/spi/memory/unsafe/UnsafePinotBuffer.java:[27,15] Unsafe is internal proprietary API and may be removed in a future release
[WARNING] /home/srafi/after-cam-ready/compare_/compile_repair_output/work/8be17d30ea63/pinot-segment-spi/src/main/java/org/apache/pinot/segment/spi/memory/unsafe/Unsafer.java:[22,15] Unsafe is internal proprietary API and may be removed in a future release
[WARNING] /home/srafi/after-cam-ready/compare_/compile_repair_output/work/8be17d30ea63/pinot-segment-spi/src/main/java/org/apache/pinot/segment/spi/memory/unsafe/UnsafePinotBuffer.java:[27,15] Unsafe is internal proprietary API and may be removed in a future release
[WARNING] /home/srafi/after-cam-ready/compare_/compile_repair_output/work/8be17d30ea63/pinot-segment-spi/src/main/java/org/apache/pinot/segment/spi/memory/unsafe/Unsafer.java:[22,15] Unsafe is internal proprietary API and may be removed in a future release
[WARNING] /home/srafi/after-cam-ready/compare_/compile_repair_output/work/8be17d30ea63/pinot-segment-spi/src/main/java/org/apache/pinot/segment/spi/memory/unsafe/UnsafePinotBuffer.java:[27,15] Unsafe is internal proprietary API and may be removed in a future release
[WARNING] /home/srafi/after-cam-ready/compare_/compile_repair_output/work/8be17d30ea63/pinot-segment-spi/src/main/java/org/apache/pinot/segment/spi/memory/unsafe/Unsafer.java:[22,15] Unsafe is internal proprietary API and may be removed in a future release
[WARNING] /home/srafi/after-cam-ready/compare_/compile_repair_output/work/8be17d30ea63/pinot-segment-spi/src/main/java/org/apache/pinot/segment/spi/memory/unsafe/UnsafePinotBuffer.java:[27,15] Unsafe is internal proprietary API and may be removed in a future release
[WARNING] /home/srafi/after-cam-ready/compare_/compile_repair_output/work/8be17d30ea63/pinot-segment-spi/src/main/java/org/apache/pinot/segment/spi/memory/unsafe/Unsafer.java:[22,15] Unsafe is internal proprietary API and may be removed in a future release
[WARNING] /home/srafi/after-cam-ready/compare_/compile_repair_output/work/8be17d30ea63/pinot-segment-spi/src/main/java/org/apache/pinot/segment/spi/memory/unsafe/UnsafePinotBuffer.java:[27,15] Unsafe is internal proprietary API and may be removed in a future release
[WARNING] /home/srafi/after-cam-ready/compare_/compile_repair_output/work/8be17d30ea63/pinot-segment-spi/src/main/java/org/apache/pinot/segment/spi/memory/unsafe/Unsafer.java:[26,22] Unsafe is internal proprietary API and may be removed in a future release
[WARNING] /home/srafi/after-cam-ready/compare_/compile_repair_output/work/8be17d30ea63/pinot-segment-spi/src/main/java/org/apache/pinot/segment/spi/memory/unsafe/Unsafer.java:[26,22] Unsafe is internal proprietary API and may be removed in a future release
[WARNING] /home/srafi/after-cam-ready/compare_/compile_repair_output/work/8be17d30ea63/pinot-segment-spi/src/main/java/org/apache/pinot/segment/spi/memory/unsafe/Unsafer.java:[26,22] Unsafe is internal proprietary API and may be removed in a future release
[WARNING] /home/srafi/after-cam-ready/compare_/compile_repair_output/work/8be17d30ea63/pinot-segment-spi/src/main/java/org/apache/pinot/segment/spi/memory/unsafe/Unsafer.java:[26,22] Unsafe is internal proprietary API and may be removed in a future release
[WARNING] /home/srafi/after-cam-ready/compare_/compile_repair_output/work/8be17d30ea63/pinot-segment-spi/src/main/java/org/apache/pinot/segment/spi/memory/unsafe/Unsafer.java:[26,22] Unsafe is internal proprietary API and may be removed in a future release
[WARNING] /home/srafi/after-cam-ready/compare_/compile_repair_output/work/8be17d30ea63/pinot-segment-spi/src/main/java/org/apache/pinot/segment/spi/memory/unsafe/Unsafer.java:[30,16] Unsafe is internal proprietary API and may be removed in a future release
[WARNING] /home/srafi/after-cam-ready/compare_/compile_repair_output/work/8be17d30ea63/pinot-segment-spi/src/main/java/org/apache/pinot/segment/spi/memory/unsafe/Unsafer.java:[32,15] Unsafe is internal proprietary API and may be removed in a future release
[INFO] 
[INFO] --- maven-resources-plugin:2.6:testResources (default-testResources) @ pinot-segment-spi ---
[INFO] Using 'UTF-8' encoding to copy filtered resources.
[INFO] skip non existing resourceDirectory /home/srafi/after-cam-ready/compare_/compile_repair_output/work/8be17d30ea63/pinot-segment-spi/src/test/resources
[INFO] Copying 3 resources
[INFO] Copying 3 resources
[INFO] 
[INFO] --- maven-compiler-plugin:3.8.0:testCompile (default-testCompile) @ pinot-segment-spi ---
[WARNING] The following annotation processors were found on the classpath: [org.apache.logging.log4j.core.config.plugins.processor.PluginProcessor, lombok.launch.AnnotationProcessorHider$AnnotationProcessor, lombok.launch.AnnotationProcessorHider$ClaimingProcessor].
Compile avoidance has been deactivated.
Please use the maven-compiler-plugin version 3.5 or above and use the <annotationProcessorPaths> configuration element to declare the processors instead.
If you did not intend to use the processors above (e.g. they were leaked by a dependency), you can use the <proc>none</proc> option to disable annotation processing.

For more information see https://gradle.com/enterprise/help/maven-extension-compile-avoidance.
[INFO] Changes detected - recompiling the module!
[INFO] Compiling 22 source files to /home/srafi/after-cam-ready/compare_/compile_repair_output/work/8be17d30ea63/pinot-segment-spi/target/test-classes
[INFO] 
[INFO] --- maven-surefire-plugin:3.0.0-M8-SNAPSHOT:test (default-test) @ pinot-segment-spi ---
[INFO] Tests are skipped.
[WARNING] Could not extract goal execution properties.
[INFO] Using auto detected provider org.apache.maven.surefire.testng.TestNGProvider
[INFO] Tests are skipped.
[INFO] 
[INFO] --- maven-jar-plugin:3.3.0:jar (default-jar) @ pinot-segment-spi ---
[INFO] Building jar: /home/srafi/after-cam-ready/compare_/compile_repair_output/work/8be17d30ea63/pinot-segment-spi/target/pinot-segment-spi-1.1.0-SNAPSHOT.jar
[INFO] 
[INFO] --- maven-site-plugin:3.7.1:attach-descriptor (attach-descriptor) @ pinot-segment-spi ---
[INFO] Skipping because packaging 'jar' is not pom.
[INFO] 
[INFO] --- maven-jar-plugin:3.3.0:test-jar (default) @ pinot-segment-spi ---
[INFO] Building jar: /home/srafi/after-cam-ready/compare_/compile_repair_output/work/8be17d30ea63/pinot-segment-spi/target/pinot-segment-spi-1.1.0-SNAPSHOT-tests.jar
[INFO] 
[INFO] --- maven-surefire-plugin:3.0.0-M8-SNAPSHOT:test (integration-tests) @ pinot-segment-spi ---
[INFO] Tests are skipped.
[WARNING] Could not extract goal execution properties.
[INFO] Using auto detected provider org.apache.maven.surefire.testng.TestNGProvider
[INFO] Tests are skipped.
[INFO] 
[INFO] --- spotless-maven-plugin:2.28.0:check (default) @ pinot-segment-spi ---
[INFO] 
[INFO] --- maven-install-plugin:2.5.2:install (default-install) @ pinot-segment-spi ---
[INFO] Installing /home/srafi/after-cam-ready/compare_/compile_repair_output/work/8be17d30ea63/pinot-segment-spi/target/pinot-segment-spi-1.1.0-SNAPSHOT.jar to /home/srafi/.m2/repository/org/apache/pinot/pinot-segment-spi/1.1.0-SNAPSHOT/pinot-segment-spi-1.1.0-SNAPSHOT.jar
[INFO] Installing /home/srafi/after-cam-ready/compare_/compile_repair_output/work/8be17d30ea63/pinot-segment-spi/pom.xml to /home/srafi/.m2/repository/org/apache/pinot/pinot-segment-spi/1.1.0-SNAPSHOT/pinot-segment-spi-1.1.0-SNAPSHOT.pom
[INFO] Installing /home/srafi/after-cam-ready/compare_/compile_repair_output/work/8be17d30ea63/pinot-segment-spi/target/pinot-segment-spi-1.1.0-SNAPSHOT-tests.jar to /home/srafi/.m2/repository/org/apache/pinot/pinot-segment-spi/1.1.0-SNAPSHOT/pinot-segment-spi-1.1.0-SNAPSHOT-tests.jar
[INFO] 
[INFO] -------------------< org.apache.pinot:pinot-plugins >-------------------
[INFO] Building Pinot Plugins 1.1.0-SNAPSHOT                              [4/8]
[INFO] --------------------------------[ pom ]---------------------------------
[INFO] 
[INFO] --- maven-clean-plugin:3.1.0:clean (default-clean) @ pinot-plugins ---
[INFO] 
[INFO] --- maven-checkstyle-plugin:3.1.2:check (checkstyle) @ pinot-plugins ---
[INFO] Skipped
[INFO] 
[INFO] --- buildnumber-maven-plugin:1.3:create (default) @ pinot-plugins ---
[INFO] Executing: /bin/sh -c cd /home/srafi/after-cam-ready/compare_/compile_repair_output/work/8be17d30ea63/pinot-plugins && git rev-parse --verify HEAD
[INFO] Working directory: /home/srafi/after-cam-ready/compare_/compile_repair_output/work/8be17d30ea63/pinot-plugins
[INFO] Storing buildNumber: f79b618141e07c140663791959d96956ad91d811 at timestamp: 1786823928679
[WARNING] Cannot get the branch information from the git repository: 
Detecting the current branch failed: fatal: ref HEAD is not a symbolic ref

[INFO] Executing: /bin/sh -c cd /home/srafi/after-cam-ready/compare_/compile_repair_output/work/8be17d30ea63/pinot-plugins && git rev-parse --verify HEAD
[INFO] Working directory: /home/srafi/after-cam-ready/compare_/compile_repair_output/work/8be17d30ea63/pinot-plugins
[INFO] Storing buildScmBranch: UNKNOWN
[INFO] 
[INFO] --- maven-remote-resources-plugin:1.6.0:process (process-resource-bundles) @ pinot-plugins ---
[INFO] Preparing remote bundle org.apache:apache-jar-resource-bundle:1.4
[INFO] Copying 3 resources from 1 bundle.
[INFO] 
[INFO] --- maven-remote-resources-plugin:1.6.0:process (default) @ pinot-plugins ---
[INFO] Preparing remote bundle org.apache:apache-jar-resource-bundle:1.4
[INFO] Copying 3 resources from 1 bundle.
[INFO] 
[INFO] --- maven-site-plugin:3.7.1:attach-descriptor (attach-descriptor) @ pinot-plugins ---
[INFO] No site descriptor found: nothing to attach.
[INFO] 
[INFO] --- maven-surefire-plugin:3.0.0-M8-SNAPSHOT:test (integration-tests) @ pinot-plugins ---
[INFO] Tests are skipped.
[WARNING] Could not extract goal execution properties.
[INFO] Tests are skipped.
[INFO] 
[INFO] --- spotless-maven-plugin:2.28.0:check (default) @ pinot-plugins ---
[INFO] 
[INFO] --- maven-install-plugin:2.5.2:install (default-install) @ pinot-plugins ---
[INFO] Installing /home/srafi/after-cam-ready/compare_/compile_repair_output/work/8be17d30ea63/pinot-plugins/pom.xml to /home/srafi/.m2/repository/org/apache/pinot/pinot-plugins/1.1.0-SNAPSHOT/pinot-plugins-1.1.0-SNAPSHOT.pom
[INFO] 
[INFO] -------------------< org.apache.pinot:pinot-metrics >-------------------
[INFO] Building Pinot Metrics 1.1.0-SNAPSHOT                              [5/8]
[INFO] --------------------------------[ pom ]---------------------------------
[INFO] 
[INFO] --- maven-clean-plugin:3.1.0:clean (default-clean) @ pinot-metrics ---
[INFO] 
[INFO] --- maven-checkstyle-plugin:3.1.2:check (checkstyle) @ pinot-metrics ---
[INFO] Skipped
[INFO] 
[INFO] --- buildnumber-maven-plugin:1.3:create (default) @ pinot-metrics ---
[INFO] Executing: /bin/sh -c cd /home/srafi/after-cam-ready/compare_/compile_repair_output/work/8be17d30ea63/pinot-plugins/pinot-metrics && git rev-parse --verify HEAD
[INFO] Working directory: /home/srafi/after-cam-ready/compare_/compile_repair_output/work/8be17d30ea63/pinot-plugins/pinot-metrics
[INFO] Storing buildNumber: f79b618141e07c140663791959d96956ad91d811 at timestamp: 1786823928818
[WARNING] Cannot get the branch information from the git repository: 
Detecting the current branch failed: fatal: ref HEAD is not a symbolic ref

[INFO] Executing: /bin/sh -c cd /home/srafi/after-cam-ready/compare_/compile_repair_output/work/8be17d30ea63/pinot-plugins/pinot-metrics && git rev-parse --verify HEAD
[INFO] Working directory: /home/srafi/after-cam-ready/compare_/compile_repair_output/work/8be17d30ea63/pinot-plugins/pinot-metrics
[INFO] Storing buildScmBranch: UNKNOWN
[INFO] 
[INFO] --- maven-remote-resources-plugin:1.6.0:process (process-resource-bundles) @ pinot-metrics ---
[INFO] Preparing remote bundle org.apache:apache-jar-resource-bundle:1.4
[INFO] Copying 3 resources from 1 bundle.
[INFO] 
[INFO] --- maven-remote-resources-plugin:1.6.0:process (default) @ pinot-metrics ---
[INFO] Preparing remote bundle org.apache:apache-jar-resource-bundle:1.4
[INFO] Copying 3 resources from 1 bundle.
[INFO] 
[INFO] --- maven-site-plugin:3.7.1:attach-descriptor (attach-descriptor) @ pinot-metrics ---
[INFO] No site descriptor found: nothing to attach.
[INFO] 
[INFO] --- maven-surefire-plugin:3.0.0-M8-SNAPSHOT:test (integration-tests) @ pinot-metrics ---
[INFO] Tests are skipped.
[WARNING] Could not extract goal execution properties.
[INFO] Tests are skipped.
[INFO] 
[INFO] --- spotless-maven-plugin:2.28.0:check (default) @ pinot-metrics ---
[INFO] 
[INFO] --- maven-install-plugin:2.5.2:install (default-install) @ pinot-metrics ---
[INFO] Installing /home/srafi/after-cam-ready/compare_/compile_repair_output/work/8be17d30ea63/pinot-plugins/pinot-metrics/pom.xml to /home/srafi/.m2/repository/org/apache/pinot/pinot-metrics/1.1.0-SNAPSHOT/pinot-metrics-1.1.0-SNAPSHOT.pom
[INFO] 
[INFO] -------------------< org.apache.pinot:pinot-yammer >--------------------
[INFO] Building Pinot Yammer Metrics 1.1.0-SNAPSHOT                       [6/8]
[INFO] --------------------------------[ jar ]---------------------------------
[INFO] 
[INFO] --- maven-clean-plugin:3.1.0:clean (default-clean) @ pinot-yammer ---
[INFO] 
[INFO] --- maven-checkstyle-plugin:3.1.2:check (checkstyle) @ pinot-yammer ---
[INFO] Skipped
[INFO] 
[INFO] --- buildnumber-maven-plugin:1.3:create (default) @ pinot-yammer ---
[INFO] Executing: /bin/sh -c cd /home/srafi/after-cam-ready/compare_/compile_repair_output/work/8be17d30ea63/pinot-plugins/pinot-metrics/pinot-yammer && git rev-parse --verify HEAD
[INFO] Working directory: /home/srafi/after-cam-ready/compare_/compile_repair_output/work/8be17d30ea63/pinot-plugins/pinot-metrics/pinot-yammer
[INFO] Storing buildNumber: f79b618141e07c140663791959d96956ad91d811 at timestamp: 1786823928903
[WARNING] Cannot get the branch information from the git repository: 
Detecting the current branch failed: fatal: ref HEAD is not a symbolic ref

[INFO] Executing: /bin/sh -c cd /home/srafi/after-cam-ready/compare_/compile_repair_output/work/8be17d30ea63/pinot-plugins/pinot-metrics/pinot-yammer && git rev-parse --verify HEAD
[INFO] Working directory: /home/srafi/after-cam-ready/compare_/compile_repair_output/work/8be17d30ea63/pinot-plugins/pinot-metrics/pinot-yammer
[INFO] Storing buildScmBranch: UNKNOWN
[INFO] 
[INFO] --- maven-remote-resources-plugin:1.6.0:process (process-resource-bundles) @ pinot-yammer ---
[INFO] Preparing remote bundle org.apache:apache-jar-resource-bundle:1.4
[INFO] Copying 3 resources from 1 bundle.
[INFO] 
[INFO] --- maven-remote-resources-plugin:1.6.0:process (default) @ pinot-yammer ---
[INFO] Preparing remote bundle org.apache:apache-jar-resource-bundle:1.4
[INFO] Copying 3 resources from 1 bundle.
[INFO] 
[INFO] --- maven-resources-plugin:2.6:resources (default-resources) @ pinot-yammer ---
[INFO] Using 'UTF-8' encoding to copy filtered resources.
[INFO] skip non existing resourceDirectory /home/srafi/after-cam-ready/compare_/compile_repair_output/work/8be17d30ea63/pinot-plugins/pinot-metrics/pinot-yammer/src/main/resources
[INFO] Copying 3 resources
[INFO] Copying 3 resources
[INFO] 
[INFO] --- maven-compiler-plugin:3.8.0:compile (default-compile) @ pinot-yammer ---
[INFO] Changes detected - recompiling the module!
[INFO] Compiling 12 source files to /home/srafi/after-cam-ready/compare_/compile_repair_output/work/8be17d30ea63/pinot-plugins/pinot-metrics/pinot-yammer/target/classes
[INFO] 
[INFO] --- maven-resources-plugin:2.6:testResources (default-testResources) @ pinot-yammer ---
[INFO] Using 'UTF-8' encoding to copy filtered resources.
[INFO] skip non existing resourceDirectory /home/srafi/after-cam-ready/compare_/compile_repair_output/work/8be17d30ea63/pinot-plugins/pinot-metrics/pinot-yammer/src/test/resources
[INFO] Copying 3 resources
[INFO] Copying 3 resources
[INFO] 
[INFO] --- maven-compiler-plugin:3.8.0:testCompile (default-testCompile) @ pinot-yammer ---
[WARNING] The following annotation processors were found on the classpath: [org.apache.logging.log4j.core.config.plugins.processor.PluginProcessor].
Compile avoidance has been deactivated.
Please use the maven-compiler-plugin version 3.5 or above and use the <annotationProcessorPaths> configuration element to declare the processors instead.
If you did not intend to use the processors above (e.g. they were leaked by a dependency), you can use the <proc>none</proc> option to disable annotation processing.

For more information see https://gradle.com/enterprise/help/maven-extension-compile-avoidance.
[INFO] Changes detected - recompiling the module!
[INFO] Compiling 3 source files to /home/srafi/after-cam-ready/compare_/compile_repair_output/work/8be17d30ea63/pinot-plugins/pinot-metrics/pinot-yammer/target/test-classes
[INFO] 
[INFO] --- maven-surefire-plugin:3.0.0-M8-SNAPSHOT:test (default-test) @ pinot-yammer ---
[INFO] Tests are skipped.
[WARNING] Could not extract goal execution properties.
[INFO] Using auto detected provider org.apache.maven.surefire.testng.TestNGProvider
[INFO] Tests are skipped.
[INFO] 
[INFO] --- maven-jar-plugin:3.3.0:jar (default-jar) @ pinot-yammer ---
[INFO] Building jar: /home/srafi/after-cam-ready/compare_/compile_repair_output/work/8be17d30ea63/pinot-plugins/pinot-metrics/pinot-yammer/target/pinot-yammer-1.1.0-SNAPSHOT.jar
[INFO] 
[INFO] --- maven-shade-plugin:3.2.1:shade (default) @ pinot-yammer ---
[INFO] Including org.apache.pinot:pinot-spi:jar:1.1.0-SNAPSHOT in the shaded jar.
[INFO] Including commons-configuration:commons-configuration:jar:1.10 in the shaded jar.
[INFO] Including org.apache.commons:commons-configuration2:jar:2.9.0 in the shaded jar.
[INFO] Including org.apache.commons:commons-text:jar:1.10.0 in the shaded jar.
[INFO] Including commons-codec:commons-codec:jar:1.15 in the shaded jar.
[INFO] Including commons-io:commons-io:jar:2.11.0 in the shaded jar.
[INFO] Including commons-lang:commons-lang:jar:2.6 in the shaded jar.
[INFO] Including org.slf4j:jcl-over-slf4j:jar:2.0.9 in the shaded jar.
[INFO] Including org.apache.commons:commons-lang3:jar:3.12.0 in the shaded jar.
[INFO] Including commons-collections:commons-collections:jar:3.2.2 in the shaded jar.
[INFO] Including com.google.guava:guava:jar:32.0.1-jre in the shaded jar.
[INFO] Including com.google.guava:failureaccess:jar:1.0.1 in the shaded jar.
[INFO] Including com.google.guava:listenablefuture:jar:9999.0-empty-to-avoid-conflict-with-guava in the shaded jar.
[INFO] Including com.google.j2objc:j2objc-annotations:jar:2.8 in the shaded jar.
[INFO] Including com.google.code.findbugs:jsr305:jar:3.0.2 in the shaded jar.
[INFO] Including org.apache.logging.log4j:log4j-slf4j2-impl:jar:2.20.0 in the shaded jar.
[INFO] Including org.apache.logging.log4j:log4j-api:jar:2.20.0 in the shaded jar.
[INFO] Including org.apache.logging.log4j:log4j-core:jar:2.20.0 in the shaded jar.
[INFO] Including com.lmax:disruptor:jar:3.3.4 in the shaded jar.
[INFO] Including org.apache.logging.log4j:log4j-1.2-api:jar:2.20.0 in the shaded jar.
[INFO] Including joda-time:joda-time:jar:2.12.5 in the shaded jar.
[INFO] Including com.fasterxml.jackson.core:jackson-annotations:jar:2.12.7 in the shaded jar.
[INFO] Including org.yaml:snakeyaml:jar:2.2 in the shaded jar.
[INFO] Including com.fasterxml.jackson.core:jackson-databind:jar:2.12.7.1 in the shaded jar.
[INFO] Including com.fasterxml.jackson.core:jackson-core:jar:2.12.7 in the shaded jar.
[INFO] Including org.apache.avro:avro:jar:1.10.2 in the shaded jar.
[INFO] Including org.apache.commons:commons-compress:jar:1.21 in the shaded jar.
[INFO] Including org.codehaus.groovy:groovy-all:jar:2.4.21 in the shaded jar.
[INFO] Including org.reflections:reflections:jar:0.9.11 in the shaded jar.
[INFO] Including org.javassist:javassist:jar:3.19.0-GA in the shaded jar.
[INFO] Including com.yammer.metrics:metrics-core:jar:2.2.0 in the shaded jar.
[INFO] Including org.slf4j:slf4j-api:jar:2.0.9 in the shaded jar.
[WARNING] snakeyaml-2.2.jar, log4j-api-2.20.0.jar, slf4j-api-2.0.9.jar, jcl-over-slf4j-2.0.9.jar define 1 overlapping classes: 
[WARNING]   - META-INF.versions.9.module-info
[WARNING] maven-shade-plugin has detected that some class files are
[WARNING] present in two or more JARs. When this happens, only one
[WARNING] single version of the class is copied to the uber jar.
[WARNING] Usually this is not harmful and you can skip these warnings,
[WARNING] otherwise try to manually exclude artifacts based on
[WARNING] mvn dependency:tree -Ddetail=true and the above output.
[WARNING] See http://maven.apache.org/plugins/maven-shade-plugin/
[INFO] Attaching shaded artifact.
[INFO] 
[INFO] --- maven-site-plugin:3.7.1:attach-descriptor (attach-descriptor) @ pinot-yammer ---
[INFO] Skipping because packaging 'jar' is not pom.
[INFO] 
[INFO] --- maven-jar-plugin:3.3.0:test-jar (default) @ pinot-yammer ---
[INFO] Building jar: /home/srafi/after-cam-ready/compare_/compile_repair_output/work/8be17d30ea63/pinot-plugins/pinot-metrics/pinot-yammer/target/pinot-yammer-1.1.0-SNAPSHOT-tests.jar
[INFO] 
[INFO] --- maven-surefire-plugin:3.0.0-M8-SNAPSHOT:test (integration-tests) @ pinot-yammer ---
[INFO] Tests are skipped.
[WARNING] Could not extract goal execution properties.
[INFO] Using auto detected provider org.apache.maven.surefire.testng.TestNGProvider
[INFO] Tests are skipped.
[INFO] 
[INFO] --- spotless-maven-plugin:2.28.0:check (default) @ pinot-yammer ---
[INFO] 
[INFO] --- maven-install-plugin:2.5.2:install (default-install) @ pinot-yammer ---
[INFO] Installing /home/srafi/after-cam-ready/compare_/compile_repair_output/work/8be17d30ea63/pinot-plugins/pinot-metrics/pinot-yammer/target/pinot-yammer-1.1.0-SNAPSHOT.jar to /home/srafi/.m2/repository/org/apache/pinot/pinot-yammer/1.1.0-SNAPSHOT/pinot-yammer-1.1.0-SNAPSHOT.jar
[INFO] Installing /home/srafi/after-cam-ready/compare_/compile_repair_output/work/8be17d30ea63/pinot-plugins/pinot-metrics/pinot-yammer/pom.xml to /home/srafi/.m2/repository/org/apache/pinot/pinot-yammer/1.1.0-SNAPSHOT/pinot-yammer-1.1.0-SNAPSHOT.pom
[INFO] Installing /home/srafi/after-cam-ready/compare_/compile_repair_output/work/8be17d30ea63/pinot-plugins/pinot-metrics/pinot-yammer/target/pinot-yammer-1.1.0-SNAPSHOT-shaded.jar to /home/srafi/.m2/repository/org/apache/pinot/pinot-yammer/1.1.0-SNAPSHOT/pinot-yammer-1.1.0-SNAPSHOT-shaded.jar
[INFO] Installing /home/srafi/after-cam-ready/compare_/compile_repair_output/work/8be17d30ea63/pinot-plugins/pinot-metrics/pinot-yammer/target/pinot-yammer-1.1.0-SNAPSHOT-tests.jar to /home/srafi/.m2/repository/org/apache/pinot/pinot-yammer/1.1.0-SNAPSHOT/pinot-yammer-1.1.0-SNAPSHOT-tests.jar
[INFO] 
[INFO] --------------< org.apache.pinot:pinot-fmpp-maven-plugin >--------------
[INFO] Building Pinot FMPP plugin 1.1.0-SNAPSHOT                          [7/8]
[INFO] ----------------------------[ maven-plugin ]----------------------------
[INFO] 
[INFO] --- maven-clean-plugin:3.1.0:clean (default-clean) @ pinot-fmpp-maven-plugin ---
[INFO] 
[INFO] --- maven-checkstyle-plugin:3.1.2:check (checkstyle) @ pinot-fmpp-maven-plugin ---
[INFO] Skipped
[INFO] 
[INFO] --- buildnumber-maven-plugin:1.3:create (default) @ pinot-fmpp-maven-plugin ---
[INFO] Executing: /bin/sh -c cd /home/srafi/after-cam-ready/compare_/compile_repair_output/work/8be17d30ea63/contrib/pinot-fmpp-maven-plugin && git rev-parse --verify HEAD
[INFO] Working directory: /home/srafi/after-cam-ready/compare_/compile_repair_output/work/8be17d30ea63/contrib/pinot-fmpp-maven-plugin
[INFO] Storing buildNumber: f79b618141e07c140663791959d96956ad91d811 at timestamp: 1786823934484
[WARNING] Cannot get the branch information from the git repository: 
Detecting the current branch failed: fatal: ref HEAD is not a symbolic ref

[INFO] Executing: /bin/sh -c cd /home/srafi/after-cam-ready/compare_/compile_repair_output/work/8be17d30ea63/contrib/pinot-fmpp-maven-plugin && git rev-parse --verify HEAD
[INFO] Working directory: /home/srafi/after-cam-ready/compare_/compile_repair_output/work/8be17d30ea63/contrib/pinot-fmpp-maven-plugin
[INFO] Storing buildScmBranch: UNKNOWN
[INFO] 
[INFO] --- maven-remote-resources-plugin:1.6.0:process (process-resource-bundles) @ pinot-fmpp-maven-plugin ---
[INFO] Preparing remote bundle org.apache:apache-jar-resource-bundle:1.4
[INFO] Copying 3 resources from 1 bundle.
[INFO] 
[INFO] --- maven-remote-resources-plugin:1.6.0:process (default) @ pinot-fmpp-maven-plugin ---
[INFO] Preparing remote bundle org.apache:apache-jar-resource-bundle:1.4
[INFO] Copying 3 resources from 1 bundle.
[INFO] 
[INFO] --- maven-resources-plugin:2.6:resources (default-resources) @ pinot-fmpp-maven-plugin ---
[INFO] Using 'UTF-8' encoding to copy filtered resources.
[INFO] skip non existing resourceDirectory /home/srafi/after-cam-ready/compare_/compile_repair_output/work/8be17d30ea63/contrib/pinot-fmpp-maven-plugin/src/main/resources
[INFO] Copying 3 resources
[INFO] Copying 3 resources
[INFO] 
[INFO] --- maven-compiler-plugin:3.8.0:compile (default-compile) @ pinot-fmpp-maven-plugin ---
[WARNING] The following annotation processors were found on the classpath: [org.eclipse.sisu.space.SisuIndexAPT6].
Compile avoidance has been deactivated.
Please use the maven-compiler-plugin version 3.5 or above and use the <annotationProcessorPaths> configuration element to declare the processors instead.
If you did not intend to use the processors above (e.g. they were leaked by a dependency), you can use the <proc>none</proc> option to disable annotation processing.

For more information see https://gradle.com/enterprise/help/maven-extension-compile-avoidance.
[INFO] Changes detected - recompiling the module!
[INFO] Compiling 2 source files to /home/srafi/after-cam-ready/compare_/compile_repair_output/work/8be17d30ea63/contrib/pinot-fmpp-maven-plugin/target/classes
[INFO] 
[INFO] --- maven-plugin-plugin:3.6.0:descriptor (default-descriptor) @ pinot-fmpp-maven-plugin ---
[INFO] Using 'UTF-8' encoding to read mojo source files.
[INFO] java-javadoc mojo extractor found 1 mojo descriptor.
[INFO] java-annotations mojo extractor found 0 mojo descriptor.
[INFO] 
[INFO] --- maven-plugin-plugin:3.6.0:helpmojo (help-descriptor) @ pinot-fmpp-maven-plugin ---
[INFO] Using 'UTF-8' encoding to read mojo source files.
[INFO] java-javadoc mojo extractor found 1 mojo descriptor.
[INFO] java-annotations mojo extractor found 0 mojo descriptor.
[INFO] 
[INFO] --- maven-resources-plugin:2.6:testResources (default-testResources) @ pinot-fmpp-maven-plugin ---
[INFO] Using 'UTF-8' encoding to copy filtered resources.
[INFO] skip non existing resourceDirectory /home/srafi/after-cam-ready/compare_/compile_repair_output/work/8be17d30ea63/contrib/pinot-fmpp-maven-plugin/src/test/resources
[INFO] Copying 3 resources
[INFO] Copying 3 resources
[INFO] 
[INFO] --- maven-compiler-plugin:3.8.0:testCompile (default-testCompile) @ pinot-fmpp-maven-plugin ---
[WARNING] The following annotation processors were found on the classpath: [org.eclipse.sisu.space.SisuIndexAPT6].
Compile avoidance has been deactivated.
Please use the maven-compiler-plugin version 3.5 or above and use the <annotationProcessorPaths> configuration element to declare the processors instead.
If you did not intend to use the processors above (e.g. they were leaked by a dependency), you can use the <proc>none</proc> option to disable annotation processing.

For more information see https://gradle.com/enterprise/help/maven-extension-compile-avoidance.
[INFO] No sources to compile
[INFO] 
[INFO] --- maven-surefire-plugin:3.0.0-M8-SNAPSHOT:test (default-test) @ pinot-fmpp-maven-plugin ---
[INFO] Tests are skipped.
[WARNING] Could not extract goal execution properties.
[INFO] Tests are skipped.
[INFO] 
[INFO] --- maven-jar-plugin:3.3.0:jar (default-jar) @ pinot-fmpp-maven-plugin ---
[INFO] Building jar: /home/srafi/after-cam-ready/compare_/compile_repair_output/work/8be17d30ea63/contrib/pinot-fmpp-maven-plugin/target/pinot-fmpp-maven-plugin-1.1.0-SNAPSHOT.jar
[INFO] 
[INFO] --- maven-plugin-plugin:3.6.0:addPluginArtifactMetadata (default-addPluginArtifactMetadata) @ pinot-fmpp-maven-plugin ---
[INFO] 
[INFO] --- maven-site-plugin:3.7.1:attach-descriptor (attach-descriptor) @ pinot-fmpp-maven-plugin ---
[INFO] Skipping because packaging 'maven-plugin' is not pom.
[INFO] 
[INFO] --- maven-jar-plugin:3.3.0:test-jar (default) @ pinot-fmpp-maven-plugin ---
[INFO] Building jar: /home/srafi/after-cam-ready/compare_/compile_repair_output/work/8be17d30ea63/contrib/pinot-fmpp-maven-plugin/target/pinot-fmpp-maven-plugin-1.1.0-SNAPSHOT-tests.jar
[INFO] 
[INFO] --- maven-surefire-plugin:3.0.0-M8-SNAPSHOT:test (integration-tests) @ pinot-fmpp-maven-plugin ---
[INFO] Tests are skipped.
[WARNING] Could not extract goal execution properties.
[INFO] Tests are skipped.
[INFO] 
[INFO] --- spotless-maven-plugin:2.28.0:check (default) @ pinot-fmpp-maven-plugin ---
[INFO] 
[INFO] --- maven-install-plugin:2.5.2:install (default-install) @ pinot-fmpp-maven-plugin ---
[INFO] Installing /home/srafi/after-cam-ready/compare_/compile_repair_output/work/8be17d30ea63/contrib/pinot-fmpp-maven-plugin/target/pinot-fmpp-maven-plugin-1.1.0-SNAPSHOT.jar to /home/srafi/.m2/repository/org/apache/pinot/pinot-fmpp-maven-plugin/1.1.0-SNAPSHOT/pinot-fmpp-maven-plugin-1.1.0-SNAPSHOT.jar
[INFO] Installing /home/srafi/after-cam-ready/compare_/compile_repair_output/work/8be17d30ea63/contrib/pinot-fmpp-maven-plugin/pom.xml to /home/srafi/.m2/repository/org/apache/pinot/pinot-fmpp-maven-plugin/1.1.0-SNAPSHOT/pinot-fmpp-maven-plugin-1.1.0-SNAPSHOT.pom
[INFO] Installing /home/srafi/after-cam-ready/compare_/compile_repair_output/work/8be17d30ea63/contrib/pinot-fmpp-maven-plugin/target/pinot-fmpp-maven-plugin-1.1.0-SNAPSHOT-tests.jar to /home/srafi/.m2/repository/org/apache/pinot/pinot-fmpp-maven-plugin/1.1.0-SNAPSHOT/pinot-fmpp-maven-plugin-1.1.0-SNAPSHOT-tests.jar
[INFO] 
[INFO] -------------------< org.apache.pinot:pinot-common >--------------------
[INFO] Building Pinot Common 1.1.0-SNAPSHOT                               [8/8]
[INFO] --------------------------------[ jar ]---------------------------------
[INFO] Downloading from central: https://repo.maven.apache.org/maven2/org/apache/calcite/calcite-babel/1.30.0/calcite-babel-1.30.0.pom
[INFO] Downloaded from central: https://repo.maven.apache.org/maven2/org/apache/calcite/calcite-babel/1.30.0/calcite-babel-1.30.0.pom (2.3 kB at 74 kB/s)
[INFO] Downloading from central: https://repo.maven.apache.org/maven2/org/xerial/snappy/snappy-java/1.1.10.4/snappy-java-1.1.10.4.pom
[INFO] Downloaded from central: https://repo.maven.apache.org/maven2/org/xerial/snappy/snappy-java/1.1.10.4/snappy-java-1.1.10.4.pom (3.1 kB at 96 kB/s)
[INFO] Downloading from central: https://repo.maven.apache.org/maven2/com/github/luben/zstd-jni/1.5.5-6/zstd-jni-1.5.5-6.pom
[INFO] Downloaded from central: https://repo.maven.apache.org/maven2/com/github/luben/zstd-jni/1.5.5-6/zstd-jni-1.5.5-6.pom (1.9 kB at 66 kB/s)
[INFO] Downloading from central: https://repo.maven.apache.org/maven2/org/apache/helix/helix-core/1.3.1/helix-core-1.3.1.pom
[INFO] Downloaded from central: https://repo.maven.apache.org/maven2/org/apache/helix/helix-core/1.3.1/helix-core-1.3.1.pom (9.9 kB at 247 kB/s)
[INFO] Downloading from central: https://repo.maven.apache.org/maven2/org/apache/helix/helix/1.3.1/helix-1.3.1.pom
[INFO] Downloaded from central: https://repo.maven.apache.org/maven2/org/apache/helix/helix/1.3.1/helix-1.3.1.pom (32 kB at 833 kB/s)
[INFO] Downloading from central: https://repo.maven.apache.org/maven2/org/apache/helix/helix-common/1.3.1/helix-common-1.3.1.pom
[INFO] Downloaded from central: https://repo.maven.apache.org/maven2/org/apache/helix/helix-common/1.3.1/helix-common-1.3.1.pom (3.5 kB at 99 kB/s)
[INFO] Downloading from central: https://repo.maven.apache.org/maven2/org/apache/helix/metrics-common/1.3.1/metrics-common-1.3.1.pom
[INFO] Downloaded from central: https://repo.maven.apache.org/maven2/org/apache/helix/metrics-common/1.3.1/metrics-common-1.3.1.pom (3.4 kB at 92 kB/s)
[INFO] Downloading from central: https://repo.maven.apache.org/maven2/io/dropwizard/metrics/metrics-core/4.2.22/metrics-core-4.2.22.pom
[INFO] Downloaded from central: https://repo.maven.apache.org/maven2/io/dropwizard/metrics/metrics-core/4.2.22/metrics-core-4.2.22.pom (2.8 kB at 68 kB/s)
[INFO] Downloading from central: https://repo.maven.apache.org/maven2/org/apache/logging/log4j/log4j-slf4j-impl/2.20.0/log4j-slf4j-impl-2.20.0.pom
[INFO] Downloaded from central: https://repo.maven.apache.org/maven2/org/apache/logging/log4j/log4j-slf4j-impl/2.20.0/log4j-slf4j-impl-2.20.0.pom (7.7 kB at 207 kB/s)
[INFO] Downloading from central: https://repo.maven.apache.org/maven2/org/apache/helix/zookeeper-api/1.3.1/zookeeper-api-1.3.1.pom
[INFO] Downloaded from central: https://repo.maven.apache.org/maven2/org/apache/helix/zookeeper-api/1.3.1/zookeeper-api-1.3.1.pom (4.9 kB at 136 kB/s)
[INFO] Downloading from central: https://repo.maven.apache.org/maven2/org/apache/helix/metadata-store-directory-common/1.3.1/metadata-store-directory-common-1.3.1.pom
[INFO] Downloaded from central: https://repo.maven.apache.org/maven2/org/apache/helix/metadata-store-directory-common/1.3.1/metadata-store-directory-common-1.3.1.pom (4.3 kB at 138 kB/s)
[INFO] Downloading from central: https://repo.maven.apache.org/maven2/io/netty/netty-transport-native-epoll/4.1.100.Final/netty-transport-native-epoll-4.1.100.Final.pom
[INFO] Downloaded from central: https://repo.maven.apache.org/maven2/io/netty/netty-transport-native-epoll/4.1.100.Final/netty-transport-native-epoll-4.1.100.Final.pom (0 B at 0 B/s)
[INFO] Downloading from central: https://repo.maven.apache.org/maven2/io/netty/netty-transport-classes-epoll/4.1.100.Final/netty-transport-classes-epoll-4.1.100.Final.pom
[INFO] Downloaded from central: https://repo.maven.apache.org/maven2/io/netty/netty-transport-classes-epoll/4.1.100.Final/netty-transport-classes-epoll-4.1.100.Final.pom (0 B at 0 B/s)
[INFO] Downloading from central: https://repo.maven.apache.org/maven2/nl/jqno/equalsverifier/equalsverifier/3.14.1/equalsverifier-3.14.1.pom
[INFO] Downloaded from central: https://repo.maven.apache.org/maven2/nl/jqno/equalsverifier/equalsverifier/3.14.1/equalsverifier-3.14.1.pom (2.9 kB at 79 kB/s)
[INFO] Downloading from central: https://repo.maven.apache.org/maven2/net/bytebuddy/byte-buddy/1.14.2/byte-buddy-1.14.2.pom
[INFO] Downloaded from central: https://repo.maven.apache.org/maven2/net/bytebuddy/byte-buddy/1.14.2/byte-buddy-1.14.2.pom (16 kB at 480 kB/s)
[INFO] Downloading from central: https://repo.maven.apache.org/maven2/net/bytebuddy/byte-buddy-parent/1.14.2/byte-buddy-parent-1.14.2.pom
[INFO] Downloaded from central: https://repo.maven.apache.org/maven2/net/bytebuddy/byte-buddy-parent/1.14.2/byte-buddy-parent-1.14.2.pom (58 kB at 1.5 MB/s)
[INFO] Downloading from central: https://repo.maven.apache.org/maven2/org/webjars/swagger-ui/5.1.0/swagger-ui-5.1.0.pom
[INFO] Downloaded from central: https://repo.maven.apache.org/maven2/org/webjars/swagger-ui/5.1.0/swagger-ui-5.1.0.pom (6.2 kB at 205 kB/s)
[INFO] Downloading from central: https://repo.maven.apache.org/maven2/com/jayway/jsonpath/json-path/2.8.0/json-path-2.8.0.pom
[INFO] Downloaded from central: https://repo.maven.apache.org/maven2/com/jayway/jsonpath/json-path/2.8.0/json-path-2.8.0.pom (1.9 kB at 66 kB/s)
[INFO] Downloading from central: https://repo.maven.apache.org/maven2/net/minidev/json-smart/2.5.0/json-smart-2.5.0.pom
[INFO] Downloaded from central: https://repo.maven.apache.org/maven2/net/minidev/json-smart/2.5.0/json-smart-2.5.0.pom (9.2 kB at 287 kB/s)
[INFO] Downloading from central: https://repo.maven.apache.org/maven2/net/minidev/accessors-smart/2.5.0/accessors-smart-2.5.0.pom
[INFO] Downloaded from central: https://repo.maven.apache.org/maven2/net/minidev/accessors-smart/2.5.0/accessors-smart-2.5.0.pom (11 kB at 351 kB/s)
[INFO] Downloading from central: https://repo.maven.apache.org/maven2/org/mockito/mockito-inline/5.2.0/mockito-inline-5.2.0.pom
[INFO] Downloaded from central: https://repo.maven.apache.org/maven2/org/mockito/mockito-inline/5.2.0/mockito-inline-5.2.0.pom (2.2 kB at 69 kB/s)
[INFO] Downloading from central: https://repo.maven.apache.org/maven2/org/glassfish/jersey/core/jersey-server/2.39/jersey-server-2.39.pom
[INFO] Downloaded from central: https://repo.maven.apache.org/maven2/org/glassfish/jersey/core/jersey-server/2.39/jersey-server-2.39.pom (13 kB at 360 kB/s)
[INFO] Downloading from central: https://repo.maven.apache.org/maven2/org/glassfish/jersey/project/2.39/project-2.39.pom
[INFO] Downloaded from central: https://repo.maven.apache.org/maven2/org/glassfish/jersey/project/2.39/project-2.39.pom (106 kB at 2.9 MB/s)
[INFO] Downloading from central: https://repo.maven.apache.org/maven2/org/glassfish/jersey/core/jersey-common/2.39/jersey-common-2.39.pom
[INFO] Downloaded from central: https://repo.maven.apache.org/maven2/org/glassfish/jersey/core/jersey-common/2.39/jersey-common-2.39.pom (37 kB at 1.1 MB/s)
[INFO] Downloading from central: https://repo.maven.apache.org/maven2/org/glassfish/jersey/core/jersey-client/2.39/jersey-client-2.39.pom
[INFO] Downloaded from central: https://repo.maven.apache.org/maven2/org/glassfish/jersey/core/jersey-client/2.39/jersey-client-2.39.pom (6.8 kB at 236 kB/s)
[INFO] Downloading from central: https://repo.maven.apache.org/maven2/io/grpc/grpc-netty-shaded/1.59.0/grpc-netty-shaded-1.59.0.pom
[INFO] Downloaded from central: https://repo.maven.apache.org/maven2/io/grpc/grpc-netty-shaded/1.59.0/grpc-netty-shaded-1.59.0.pom (2.0 kB at 74 kB/s)
[INFO] Downloading from central: https://repo.maven.apache.org/maven2/com/google/errorprone/error_prone_annotations/2.20.0/error_prone_annotations-2.20.0.pom
[INFO] Downloaded from central: https://repo.maven.apache.org/maven2/com/google/errorprone/error_prone_annotations/2.20.0/error_prone_annotations-2.20.0.pom (0 B at 0 B/s)
[INFO] Downloading from central: https://repo.maven.apache.org/maven2/com/google/errorprone/error_prone_parent/2.20.0/error_prone_parent-2.20.0.pom
[INFO] Downloaded from central: https://repo.maven.apache.org/maven2/com/google/errorprone/error_prone_parent/2.20.0/error_prone_parent-2.20.0.pom (0 B at 0 B/s)
[INFO] Downloading from central: https://repo.maven.apache.org/maven2/io/perfmark/perfmark-api/0.26.0/perfmark-api-0.26.0.pom
[INFO] Downloaded from central: https://repo.maven.apache.org/maven2/io/perfmark/perfmark-api/0.26.0/perfmark-api-0.26.0.pom (1.5 kB at 46 kB/s)
[INFO] Downloading from central: https://repo.maven.apache.org/maven2/io/grpc/grpc-core/1.59.0/grpc-core-1.59.0.pom
[INFO] Downloaded from central: https://repo.maven.apache.org/maven2/io/grpc/grpc-core/1.59.0/grpc-core-1.59.0.pom (2.9 kB at 90 kB/s)
[INFO] Downloading from central: https://repo.maven.apache.org/maven2/io/grpc/grpc-api/1.59.0/grpc-api-1.59.0.pom
[INFO] Downloaded from central: https://repo.maven.apache.org/maven2/io/grpc/grpc-api/1.59.0/grpc-api-1.59.0.pom (1.8 kB at 60 kB/s)
[INFO] Downloading from central: https://repo.maven.apache.org/maven2/org/codehaus/mojo/animal-sniffer-annotations/1.23/animal-sniffer-annotations-1.23.pom
[INFO] Downloaded from central: https://repo.maven.apache.org/maven2/org/codehaus/mojo/animal-sniffer-annotations/1.23/animal-sniffer-annotations-1.23.pom (0 B at 0 B/s)
[INFO] Downloading from central: https://repo.maven.apache.org/maven2/org/codehaus/mojo/animal-sniffer-parent/1.23/animal-sniffer-parent-1.23.pom
[INFO] Downloaded from central: https://repo.maven.apache.org/maven2/org/codehaus/mojo/animal-sniffer-parent/1.23/animal-sniffer-parent-1.23.pom (0 B at 0 B/s)
[INFO] Downloading from central: https://repo.maven.apache.org/maven2/io/grpc/grpc-context/1.59.0/grpc-context-1.59.0.pom
[INFO] Downloaded from central: https://repo.maven.apache.org/maven2/io/grpc/grpc-context/1.59.0/grpc-context-1.59.0.pom (1.9 kB at 60 kB/s)
[INFO] Downloading from central: https://repo.maven.apache.org/maven2/io/grpc/grpc-util/1.59.0/grpc-util-1.59.0.pom
[INFO] Downloaded from central: https://repo.maven.apache.org/maven2/io/grpc/grpc-util/1.59.0/grpc-util-1.59.0.pom (1.8 kB at 60 kB/s)
[INFO] Downloading from central: https://repo.maven.apache.org/maven2/io/grpc/grpc-protobuf/1.59.0/grpc-protobuf-1.59.0.pom
[INFO] Downloaded from central: https://repo.maven.apache.org/maven2/io/grpc/grpc-protobuf/1.59.0/grpc-protobuf-1.59.0.pom (2.7 kB at 84 kB/s)
[INFO] Downloading from central: https://repo.maven.apache.org/maven2/com/google/api/grpc/proto-google-common-protos/2.9.6/proto-google-common-protos-2.9.6.pom
[INFO] Downloaded from central: https://repo.maven.apache.org/maven2/com/google/api/grpc/proto-google-common-protos/2.9.6/proto-google-common-protos-2.9.6.pom (2.2 kB at 60 kB/s)
[INFO] Downloading from central: https://repo.maven.apache.org/maven2/io/grpc/grpc-protobuf-lite/1.59.0/grpc-protobuf-lite-1.59.0.pom
[INFO] Downloaded from central: https://repo.maven.apache.org/maven2/io/grpc/grpc-protobuf-lite/1.59.0/grpc-protobuf-lite-1.59.0.pom (2.0 kB at 54 kB/s)
[INFO] Downloading from central: https://repo.maven.apache.org/maven2/io/grpc/grpc-stub/1.59.0/grpc-stub-1.59.0.pom
[INFO] Downloaded from central: https://repo.maven.apache.org/maven2/io/grpc/grpc-stub/1.59.0/grpc-stub-1.59.0.pom (1.8 kB at 54 kB/s)
[INFO] Downloading from central: https://repo.maven.apache.org/maven2/org/apache/calcite/calcite-babel/1.30.0/calcite-babel-1.30.0.jar
[INFO] Downloading from central: https://repo.maven.apache.org/maven2/org/xerial/snappy/snappy-java/1.1.10.4/snappy-java-1.1.10.4.jar
[INFO] Downloading from central: https://repo.maven.apache.org/maven2/com/github/luben/zstd-jni/1.5.5-6/zstd-jni-1.5.5-6.jar
[INFO] Downloading from central: https://repo.maven.apache.org/maven2/org/apache/helix/helix-core/1.3.1/helix-core-1.3.1.jar
[INFO] Downloading from central: https://repo.maven.apache.org/maven2/org/apache/helix/helix-common/1.3.1/helix-common-1.3.1.jar
[INFO] Downloaded from central: https://repo.maven.apache.org/maven2/org/apache/calcite/calcite-babel/1.30.0/calcite-babel-1.30.0.jar (455 kB at 9.3 MB/s)
[INFO] Downloading from central: https://repo.maven.apache.org/maven2/org/apache/helix/metrics-common/1.3.1/metrics-common-1.3.1.jar
[INFO] Downloaded from central: https://repo.maven.apache.org/maven2/org/apache/helix/helix-common/1.3.1/helix-common-1.3.1.jar (275 kB at 5.7 MB/s)
[INFO] Downloading from central: https://repo.maven.apache.org/maven2/org/apache/helix/zookeeper-api/1.3.1/zookeeper-api-1.3.1.jar
[INFO] Downloaded from central: https://repo.maven.apache.org/maven2/org/xerial/snappy/snappy-java/1.1.10.4/snappy-java-1.1.10.4.jar (2.1 MB at 29 MB/s)
[INFO] Downloading from central: https://repo.maven.apache.org/maven2/org/apache/helix/metadata-store-directory-common/1.3.1/metadata-store-directory-common-1.3.1.jar
[INFO] Downloaded from central: https://repo.maven.apache.org/maven2/org/apache/helix/metrics-common/1.3.1/metrics-common-1.3.1.jar (24 kB at 296 kB/s)
[INFO] Downloading from central: https://repo.maven.apache.org/maven2/org/apache/logging/log4j/log4j-slf4j-impl/2.20.0/log4j-slf4j-impl-2.20.0.jar
[INFO] Downloaded from central: https://repo.maven.apache.org/maven2/org/apache/helix/zookeeper-api/1.3.1/zookeeper-api-1.3.1.jar (238 kB at 2.8 MB/s)
[INFO] Downloading from central: https://repo.maven.apache.org/maven2/io/dropwizard/metrics/metrics-core/4.2.22/metrics-core-4.2.22.jar
[INFO] Downloaded from central: https://repo.maven.apache.org/maven2/org/apache/helix/helix-core/1.3.1/helix-core-1.3.1.jar (2.2 MB at 25 MB/s)
[INFO] Downloading from central: https://repo.maven.apache.org/maven2/nl/jqno/equalsverifier/equalsverifier/3.14.1/equalsverifier-3.14.1.jar
[INFO] Downloaded from central: https://repo.maven.apache.org/maven2/org/apache/helix/metadata-store-directory-common/1.3.1/metadata-store-directory-common-1.3.1.jar (23 kB at 221 kB/s)
[INFO] Downloading from central: https://repo.maven.apache.org/maven2/net/bytebuddy/byte-buddy/1.14.2/byte-buddy-1.14.2.jar
[INFO] Downloaded from central: https://repo.maven.apache.org/maven2/org/apache/logging/log4j/log4j-slf4j-impl/2.20.0/log4j-slf4j-impl-2.20.0.jar (24 kB at 219 kB/s)
[INFO] Downloading from central: https://repo.maven.apache.org/maven2/org/webjars/swagger-ui/5.1.0/swagger-ui-5.1.0.jar
[INFO] Downloaded from central: https://repo.maven.apache.org/maven2/io/dropwizard/metrics/metrics-core/4.2.22/metrics-core-4.2.22.jar (131 kB at 1.1 MB/s)
[INFO] Downloading from central: https://repo.maven.apache.org/maven2/com/jayway/jsonpath/json-path/2.8.0/json-path-2.8.0.jar
[INFO] Downloaded from central: https://repo.maven.apache.org/maven2/nl/jqno/equalsverifier/equalsverifier/3.14.1/equalsverifier-3.14.1.jar (225 kB at 1.4 MB/s)
[INFO] Downloading from central: https://repo.maven.apache.org/maven2/net/minidev/json-smart/2.5.0/json-smart-2.5.0.jar
[INFO] Downloaded from central: https://repo.maven.apache.org/maven2/com/jayway/jsonpath/json-path/2.8.0/json-path-2.8.0.jar (278 kB at 1.7 MB/s)
[INFO] Downloading from central: https://repo.maven.apache.org/maven2/net/minidev/accessors-smart/2.5.0/accessors-smart-2.5.0.jar
[INFO] Downloaded from central: https://repo.maven.apache.org/maven2/net/bytebuddy/byte-buddy/1.14.2/byte-buddy-1.14.2.jar (4.2 MB at 21 MB/s)
[INFO] Downloading from central: https://repo.maven.apache.org/maven2/org/mockito/mockito-inline/5.2.0/mockito-inline-5.2.0.jar
[INFO] Downloaded from central: https://repo.maven.apache.org/maven2/net/minidev/accessors-smart/2.5.0/accessors-smart-2.5.0.jar (30 kB at 145 kB/s)
[INFO] Downloading from central: https://repo.maven.apache.org/maven2/io/netty/netty-transport-native-epoll/4.1.100.Final/netty-transport-native-epoll-4.1.100.Final.jar
[INFO] Downloaded from central: https://repo.maven.apache.org/maven2/org/webjars/swagger-ui/5.1.0/swagger-ui-5.1.0.jar (4.3 MB at 20 MB/s)
[INFO] Downloading from central: https://repo.maven.apache.org/maven2/io/netty/netty-transport-classes-epoll/4.1.100.Final/netty-transport-classes-epoll-4.1.100.Final.jar
[INFO] Downloaded from central: https://repo.maven.apache.org/maven2/net/minidev/json-smart/2.5.0/json-smart-2.5.0.jar (120 kB at 557 kB/s)
[INFO] Downloading from central: https://repo.maven.apache.org/maven2/org/glassfish/jersey/core/jersey-server/2.39/jersey-server-2.39.jar
[INFO] Downloaded from central: https://repo.maven.apache.org/maven2/io/netty/netty-transport-classes-epoll/4.1.100.Final/netty-transport-classes-epoll-4.1.100.Final.jar (0 B at 0 B/s)
[INFO] Downloading from central: https://repo.maven.apache.org/maven2/org/glassfish/jersey/core/jersey-common/2.39/jersey-common-2.39.jar
[INFO] Downloaded from central: https://repo.maven.apache.org/maven2/org/mockito/mockito-inline/5.2.0/mockito-inline-5.2.0.jar (1.5 kB at 6.5 kB/s)
[INFO] Downloading from central: https://repo.maven.apache.org/maven2/org/glassfish/jersey/core/jersey-client/2.39/jersey-client-2.39.jar
[INFO] Downloaded from central: https://repo.maven.apache.org/maven2/io/netty/netty-transport-native-epoll/4.1.100.Final/netty-transport-native-epoll-4.1.100.Final.jar (5.7 kB at 24 kB/s)
[INFO] Downloading from central: https://repo.maven.apache.org/maven2/io/grpc/grpc-netty-shaded/1.59.0/grpc-netty-shaded-1.59.0.jar
[INFO] Downloaded from central: https://repo.maven.apache.org/maven2/org/glassfish/jersey/core/jersey-client/2.39/jersey-client-2.39.jar (308 kB at 1.1 MB/s)
[INFO] Downloading from central: https://repo.maven.apache.org/maven2/com/google/errorprone/error_prone_annotations/2.20.0/error_prone_annotations-2.20.0.jar
[INFO] Downloaded from central: https://repo.maven.apache.org/maven2/org/glassfish/jersey/core/jersey-common/2.39/jersey-common-2.39.jar (1.2 MB at 4.1 MB/s)
[INFO] Downloading from central: https://repo.maven.apache.org/maven2/io/perfmark/perfmark-api/0.26.0/perfmark-api-0.26.0.jar
[INFO] Downloaded from central: https://repo.maven.apache.org/maven2/com/google/errorprone/error_prone_annotations/2.20.0/error_prone_annotations-2.20.0.jar (0 B at 0 B/s)
[INFO] Downloading from central: https://repo.maven.apache.org/maven2/io/grpc/grpc-core/1.59.0/grpc-core-1.59.0.jar
[INFO] Downloaded from central: https://repo.maven.apache.org/maven2/org/glassfish/jersey/core/jersey-server/2.39/jersey-server-2.39.jar (950 kB at 2.8 MB/s)
[INFO] Downloading from central: https://repo.maven.apache.org/maven2/org/codehaus/mojo/animal-sniffer-annotations/1.23/animal-sniffer-annotations-1.23.jar
[INFO] Downloaded from central: https://repo.maven.apache.org/maven2/io/perfmark/perfmark-api/0.26.0/perfmark-api-0.26.0.jar (6.8 kB at 20 kB/s)
[INFO] Downloading from central: https://repo.maven.apache.org/maven2/io/grpc/grpc-context/1.59.0/grpc-context-1.59.0.jar
[INFO] Downloaded from central: https://repo.maven.apache.org/maven2/io/grpc/grpc-core/1.59.0/grpc-core-1.59.0.jar (625 kB at 1.7 MB/s)
[INFO] Downloading from central: https://repo.maven.apache.org/maven2/io/grpc/grpc-util/1.59.0/grpc-util-1.59.0.jar
[INFO] Downloaded from central: https://repo.maven.apache.org/maven2/org/codehaus/mojo/animal-sniffer-annotations/1.23/animal-sniffer-annotations-1.23.jar (0 B at 0 B/s)
[INFO] Downloading from central: https://repo.maven.apache.org/maven2/io/grpc/grpc-protobuf/1.59.0/grpc-protobuf-1.59.0.jar
[INFO] Downloaded from central: https://repo.maven.apache.org/maven2/com/github/luben/zstd-jni/1.5.5-6/zstd-jni-1.5.5-6.jar (5.9 MB at 15 MB/s)
[INFO] Downloading from central: https://repo.maven.apache.org/maven2/io/grpc/grpc-api/1.59.0/grpc-api-1.59.0.jar
[INFO] Downloaded from central: https://repo.maven.apache.org/maven2/io/grpc/grpc-context/1.59.0/grpc-context-1.59.0.jar (293 B at 759 B/s)
[INFO] Downloading from central: https://repo.maven.apache.org/maven2/com/google/api/grpc/proto-google-common-protos/2.9.6/proto-google-common-protos-2.9.6.jar
[INFO] Downloaded from central: https://repo.maven.apache.org/maven2/io/grpc/grpc-util/1.59.0/grpc-util-1.59.0.jar (96 kB at 240 kB/s)
[INFO] Downloading from central: https://repo.maven.apache.org/maven2/io/grpc/grpc-protobuf-lite/1.59.0/grpc-protobuf-lite-1.59.0.jar
[INFO] Downloaded from central: https://repo.maven.apache.org/maven2/io/grpc/grpc-netty-shaded/1.59.0/grpc-netty-shaded-1.59.0.jar (9.7 MB at 24 MB/s)
[INFO] Downloading from central: https://repo.maven.apache.org/maven2/io/grpc/grpc-stub/1.59.0/grpc-stub-1.59.0.jar
[INFO] Downloaded from central: https://repo.maven.apache.org/maven2/io/grpc/grpc-protobuf/1.59.0/grpc-protobuf-1.59.0.jar (5.2 kB at 12 kB/s)
[INFO] Downloaded from central: https://repo.maven.apache.org/maven2/io/grpc/grpc-protobuf-lite/1.59.0/grpc-protobuf-lite-1.59.0.jar (7.8 kB at 18 kB/s)
[INFO] Downloaded from central: https://repo.maven.apache.org/maven2/io/grpc/grpc-stub/1.59.0/grpc-stub-1.59.0.jar (50 kB at 114 kB/s)
[INFO] Downloaded from central: https://repo.maven.apache.org/maven2/com/google/api/grpc/proto-google-common-protos/2.9.6/proto-google-common-protos-2.9.6.jar (1.8 MB at 3.9 MB/s)
[INFO] Downloaded from central: https://repo.maven.apache.org/maven2/io/grpc/grpc-api/1.59.0/grpc-api-1.59.0.jar (297 kB at 581 kB/s)
[INFO] 
[INFO] --- maven-clean-plugin:3.1.0:clean (default-clean) @ pinot-common ---
[INFO] 
[INFO] --- maven-checkstyle-plugin:3.1.2:check (checkstyle) @ pinot-common ---
[INFO] Skipped
[INFO] 
[INFO] --- buildnumber-maven-plugin:1.3:create (default) @ pinot-common ---
[INFO] Executing: /bin/sh -c cd /home/srafi/after-cam-ready/compare_/compile_repair_output/work/8be17d30ea63/pinot-common && git rev-parse --verify HEAD
[INFO] Working directory: /home/srafi/after-cam-ready/compare_/compile_repair_output/work/8be17d30ea63/pinot-common
[INFO] Storing buildNumber: f79b618141e07c140663791959d96956ad91d811 at timestamp: 1786823938648
[WARNING] Cannot get the branch information from the git repository: 
Detecting the current branch failed: fatal: ref HEAD is not a symbolic ref

[INFO] Executing: /bin/sh -c cd /home/srafi/after-cam-ready/compare_/compile_repair_output/work/8be17d30ea63/pinot-common && git rev-parse --verify HEAD
[INFO] Working directory: /home/srafi/after-cam-ready/compare_/compile_repair_output/work/8be17d30ea63/pinot-common
[INFO] Storing buildScmBranch: UNKNOWN
[INFO] 
[INFO] --- maven-dependency-plugin:2.8:unpack (unpack-parser-template) @ pinot-common ---
[INFO] Configured Artifact: org.apache.calcite:calcite-core:?:jar
[INFO] Unpacking /home/srafi/.m2/repository/org/apache/calcite/calcite-core/1.30.0/calcite-core-1.30.0.jar to /home/srafi/after-cam-ready/compare_/compile_repair_output/work/8be17d30ea63/pinot-common/target with includes "**/Parser.jj,**/default_config.fmpp" and excludes ""
[INFO] 
[INFO] --- antlr4-maven-plugin:4.6:antlr4 (antlr) @ pinot-common ---
[INFO] No ANTLR 4 grammars to compile in /home/srafi/after-cam-ready/compare_/compile_repair_output/work/8be17d30ea63/pinot-common/src/main/antlr4
[INFO] 
[INFO] --- protobuf-maven-plugin:0.6.1:compile (default) @ pinot-common ---
[INFO] Downloading from central: https://repo.maven.apache.org/maven2/com/google/protobuf/protoc/3.24.3/protoc-3.24.3.pom
[INFO] Downloaded from central: https://repo.maven.apache.org/maven2/com/google/protobuf/protoc/3.24.3/protoc-3.24.3.pom (1.2 kB at 35 kB/s)
[INFO] Downloading from central: https://repo.maven.apache.org/maven2/com/google/protobuf/protoc/3.24.3/protoc-3.24.3-linux-x86_64.exe
[INFO] Downloaded from central: https://repo.maven.apache.org/maven2/com/google/protobuf/protoc/3.24.3/protoc-3.24.3-linux-x86_64.exe (8.5 MB at 82 MB/s)
[INFO] Compiling 4 proto file(s) to /home/srafi/after-cam-ready/compare_/compile_repair_output/work/8be17d30ea63/pinot-common/target/generated-sources/protobuf/java
[INFO] 
[INFO] --- protobuf-maven-plugin:0.6.1:compile-custom (default) @ pinot-common ---
[INFO] Downloading from central: https://repo.maven.apache.org/maven2/io/grpc/protoc-gen-grpc-java/1.59.0/protoc-gen-grpc-java-1.59.0.pom
[INFO] Downloaded from central: https://repo.maven.apache.org/maven2/io/grpc/protoc-gen-grpc-java/1.59.0/protoc-gen-grpc-java-1.59.0.pom (1.3 kB at 35 kB/s)
[INFO] Downloading from central: https://repo.maven.apache.org/maven2/io/grpc/protoc-gen-grpc-java/1.59.0/protoc-gen-grpc-java-1.59.0-linux-x86_64.exe
[INFO] Downloaded from central: https://repo.maven.apache.org/maven2/io/grpc/protoc-gen-grpc-java/1.59.0/protoc-gen-grpc-java-1.59.0-linux-x86_64.exe (3.0 MB at 55 MB/s)
[INFO] Compiling 4 proto file(s) to /home/srafi/after-cam-ready/compare_/compile_repair_output/work/8be17d30ea63/pinot-common/target/generated-sources/protobuf/grpc-java
[INFO] 
[INFO] --- pinot-fmpp-maven-plugin:1.1.0-SNAPSHOT:generate (generate-fmpp-sources) @ pinot-common ---
[INFO] Freemarker generation:
 scope: compile,
 config: /home/srafi/after-cam-ready/compare_/compile_repair_output/work/8be17d30ea63/pinot-common/src/main/codegen/config.fmpp,
 templates: /home/srafi/after-cam-ready/compare_/compile_repair_output/work/8be17d30ea63/pinot-common/target/codegen/templates
[INFO] Adding maven data loader
[INFO] Setting data loader maven: org.apache.pinot.fmpp.MavenDataLoader(),tdd(/home/srafi/after-cam-ready/compare_/compile_repair_output/work/8be17d30ea63/pinot-common/src/main/codegen/config.fmpp), default:tdd(/home/srafi/after-cam-ready/compare_/compile_repair_output/work/8be17d30ea63/pinot-common/target/codegen/default_config.fmpp)
.
[INFO] Freemarker generation took 268ms
[INFO] Incremental output update took 0ms
[INFO] new: 1
[INFO] changed: 0
[INFO] unchanged: 0
[INFO] 
[INFO] --- javacc-maven-plugin:2.6:javacc (javacc) @ pinot-common ---
Java Compiler Compiler Version 7.0.10 (Parser Generator)
(type "javacc" with no arguments for help)
Reading from file /home/srafi/after-cam-ready/compare_/compile_repair_output/work/8be17d30ea63/pinot-common/target/generated-sources/fmpp/javacc/Parser.jj . . .
Note: UNICODE_INPUT option is specified. Please make sure you create the parser/lexer using a Reader with the correct character encoding.
Warning: Lookahead adequacy checking not being performed since option LOOKAHEAD is more than 1.  Set option FORCE_LA_CHECK to true to force checking.
File "TokenMgrError.java" does not exist.  Will create one.
File "ParseException.java" does not exist.  Will create one.
File "Token.java" does not exist.  Will create one.
File "SimpleCharStream.java" does not exist.  Will create one.
Parser generated with 0 errors and 1 warnings.
[INFO] Processed 1 grammar
[INFO] 
[INFO] --- build-helper-maven-plugin:3.3.0:add-source (add-generated-sources) @ pinot-common ---
[INFO] Source directory: /home/srafi/after-cam-ready/compare_/compile_repair_output/work/8be17d30ea63/pinot-common/target/generated-sources/javacc added.
[INFO] 
[INFO] --- maven-remote-resources-plugin:1.6.0:process (process-resource-bundles) @ pinot-common ---
[INFO] Preparing remote bundle org.apache:apache-jar-resource-bundle:1.4
[INFO] Copying 3 resources from 1 bundle.
[INFO] 
[INFO] --- maven-remote-resources-plugin:1.6.0:process (default) @ pinot-common ---
[INFO] Preparing remote bundle org.apache:apache-jar-resource-bundle:1.4
[INFO] Copying 3 resources from 1 bundle.
[INFO] 
[INFO] --- maven-resources-plugin:2.6:resources (default-resources) @ pinot-common ---
[INFO] Using 'UTF-8' encoding to copy filtered resources.
[INFO] Copying 4 resources
[INFO] Copying 4 resources
[INFO] Copying 4 resources
[INFO] Copying 3 resources
[INFO] Copying 3 resources
[INFO] 
[INFO] --- maven-compiler-plugin:3.8.0:compile (default-compile) @ pinot-common ---
[WARNING] The following annotation processors were found on the classpath: [lombok.launch.AnnotationProcessorHider$AnnotationProcessor, lombok.launch.AnnotationProcessorHider$ClaimingProcessor, org.apache.logging.log4j.core.config.plugins.processor.PluginProcessor].
Compile avoidance has been deactivated.
Please use the maven-compiler-plugin version 3.5 or above and use the <annotationProcessorPaths> configuration element to declare the processors instead.
If you did not intend to use the processors above (e.g. they were leaked by a dependency), you can use the <proc>none</proc> option to disable annotation processing.

For more information see https://gradle.com/enterprise/help/maven-extension-compile-avoidance.
[INFO] Changes detected - recompiling the module!
[INFO] Compiling 271 source files to /home/srafi/after-cam-ready/compare_/compile_repair_output/work/8be17d30ea63/pinot-common/target/classes
[INFO] 
[INFO] --- protobuf-maven-plugin:0.6.1:test-compile (default) @ pinot-common ---
[INFO] /home/srafi/after-cam-ready/compare_/compile_repair_output/work/8be17d30ea63/pinot-common/src/test/proto does not exist. Review the configuration or consider disabling the plugin.
[INFO] 
[INFO] --- protobuf-maven-plugin:0.6.1:test-compile-custom (default) @ pinot-common ---
[INFO] /home/srafi/after-cam-ready/compare_/compile_repair_output/work/8be17d30ea63/pinot-common/src/test/proto does not exist. Review the configuration or consider disabling the plugin.
[INFO] 
[INFO] --- maven-resources-plugin:2.6:testResources (default-testResources) @ pinot-common ---
[INFO] Using 'UTF-8' encoding to copy filtered resources.
[INFO] Copying 9 resources
[INFO] Copying 3 resources
[INFO] Copying 3 resources
[INFO] 
[INFO] --- maven-compiler-plugin:3.8.0:testCompile (default-testCompile) @ pinot-common ---
[WARNING] The following annotation processors were found on the classpath: [lombok.launch.AnnotationProcessorHider$AnnotationProcessor, lombok.launch.AnnotationProcessorHider$ClaimingProcessor, org.apache.logging.log4j.core.config.plugins.processor.PluginProcessor].
Compile avoidance has been deactivated.
Please use the maven-compiler-plugin version 3.5 or above and use the <annotationProcessorPaths> configuration element to declare the processors instead.
If you did not intend to use the processors above (e.g. they were leaked by a dependency), you can use the <proc>none</proc> option to disable annotation processing.

For more information see https://gradle.com/enterprise/help/maven-extension-compile-avoidance.
[INFO] Changes detected - recompiling the module!
[INFO] Compiling 64 source files to /home/srafi/after-cam-ready/compare_/compile_repair_output/work/8be17d30ea63/pinot-common/target/test-classes
[INFO] 
[INFO] --- maven-surefire-plugin:3.0.0-M8-SNAPSHOT:test (default-test) @ pinot-common ---
[INFO] Tests are skipped.
[WARNING] Could not extract goal execution properties.
[INFO] Using auto detected provider org.apache.maven.surefire.testng.TestNGProvider
[INFO] Tests are skipped.
[INFO] 
[INFO] --- maven-jar-plugin:3.3.0:jar (default-jar) @ pinot-common ---
[INFO] Building jar: /home/srafi/after-cam-ready/compare_/compile_repair_output/work/8be17d30ea63/pinot-common/target/pinot-common-1.1.0-SNAPSHOT.jar
[INFO] 
[INFO] --- maven-shade-plugin:3.2.1:shade (default) @ pinot-common ---
[INFO] Including org.apache.pinot:pinot-spi:jar:1.1.0-SNAPSHOT in the shaded jar.
[INFO] Including org.apache.commons:commons-configuration2:jar:2.9.0 in the shaded jar.
[INFO] Including org.apache.commons:commons-text:jar:1.10.0 in the shaded jar.
[INFO] Including commons-codec:commons-codec:jar:1.15 in the shaded jar.
[INFO] Including org.apache.commons:commons-lang3:jar:3.12.0 in the shaded jar.
[INFO] Including commons-collections:commons-collections:jar:3.2.2 in the shaded jar.
[INFO] Including org.yaml:snakeyaml:jar:2.2 in the shaded jar.
[INFO] Including org.apache.avro:avro:jar:1.10.2 in the shaded jar.
[INFO] Including org.codehaus.groovy:groovy-all:jar:2.4.21 in the shaded jar.
[INFO] Including org.apache.pinot:pinot-segment-spi:jar:1.1.0-SNAPSHOT in the shaded jar.
[INFO] Including org.roaringbitmap:RoaringBitmap:jar:0.9.38 in the shaded jar.
[INFO] Including org.roaringbitmap:shims:jar:0.9.38 in the shaded jar.
[INFO] Including org.locationtech.jts:jts-core:jar:1.19.0 in the shaded jar.
[INFO] Including org.xerial.larray:larray-mmap:jar:0.4.1 in the shaded jar.
[INFO] Including org.xerial.larray:larray-buffer:jar:0.4.1 in the shaded jar.
[INFO] Including net.openhft:posix:jar:2.23.2 in the shaded jar.
[INFO] Including net.java.dev.jna:jna:jar:5.5.0 in the shaded jar.
[INFO] Including net.java.dev.jna:jna-platform:jar:5.5.0 in the shaded jar.
[INFO] Including com.github.jnr:jnr-ffi:jar:2.2.11 in the shaded jar.
[INFO] Including com.github.jnr:jffi:jar:1.3.9 in the shaded jar.
[INFO] Including com.github.jnr:jffi:jar:native:1.3.9 in the shaded jar.
[INFO] Including org.ow2.asm:asm:jar:9.3 in the shaded jar.
[INFO] Including org.ow2.asm:asm-commons:jar:9.2 in the shaded jar.
[INFO] Including org.ow2.asm:asm-analysis:jar:9.2 in the shaded jar.
[INFO] Including org.ow2.asm:asm-tree:jar:9.2 in the shaded jar.
[INFO] Including org.ow2.asm:asm-util:jar:9.2 in the shaded jar.
[INFO] Including com.github.jnr:jnr-a64asm:jar:1.0.0 in the shaded jar.
[INFO] Including com.github.jnr:jnr-x86asm:jar:1.0.2 in the shaded jar.
[INFO] Including com.github.jnr:jnr-constants:jar:0.10.3 in the shaded jar.
[INFO] Including net.openhft:chronicle-core:jar:2.24ea16 in the shaded jar.
[INFO] Including net.openhft:chronicle-analytics:jar:2.24ea0 in the shaded jar.
[INFO] Including org.projectlombok:lombok:jar:1.18.30 in the shaded jar.
[INFO] Including org.apache.httpcomponents:httpmime:jar:4.5.13 in the shaded jar.
[INFO] Including org.apache.httpcomponents:httpclient:jar:4.5.13 in the shaded jar.
[INFO] Including org.apache.httpcomponents:httpcore:jar:4.4.13 in the shaded jar.
[INFO] Including org.antlr:antlr4-runtime:jar:4.6 in the shaded jar.
[INFO] Including org.apache.calcite:calcite-core:jar:1.30.0 in the shaded jar.
[INFO] Including org.apache.calcite:calcite-linq4j:jar:1.30.0 in the shaded jar.
[INFO] Including com.esri.geometry:esri-geometry-api:jar:2.2.0 in the shaded jar.
[INFO] Including org.apache.calcite.avatica:avatica-core:jar:1.20.0 in the shaded jar.
[INFO] Including org.apiguardian:apiguardian-api:jar:1.1.0 in the shaded jar.
[INFO] Including org.checkerframework:checker-qual:jar:3.10.0 in the shaded jar.
[INFO] Including org.slf4j:slf4j-api:jar:2.0.9 in the shaded jar.
[INFO] Including com.fasterxml.jackson.core:jackson-core:jar:2.12.7 in the shaded jar.
[INFO] Including com.fasterxml.jackson.dataformat:jackson-dataformat-yaml:jar:2.12.7 in the shaded jar.
[INFO] Including com.google.uzaygezen:uzaygezen-core:jar:0.2 in the shaded jar.
[INFO] Including org.apache.calcite:calcite-babel:jar:1.30.0 in the shaded jar.
[INFO] Including com.google.guava:guava:jar:32.0.1-jre in the shaded jar.
[INFO] Including com.google.guava:failureaccess:jar:1.0.1 in the shaded jar.
[INFO] Including com.google.guava:listenablefuture:jar:9999.0-empty-to-avoid-conflict-with-guava in the shaded jar.
[INFO] Including com.google.j2objc:j2objc-annotations:jar:2.8 in the shaded jar.
[INFO] Including org.apache.thrift:libthrift:jar:0.15.0 in the shaded jar.
[INFO] Including javax.annotation:javax.annotation-api:jar:1.3.2 in the shaded jar.
[INFO] Including org.xerial.snappy:snappy-java:jar:1.1.10.4 in the shaded jar.
[INFO] Including com.github.luben:zstd-jni:jar:1.5.5-6 in the shaded jar.
[INFO] Including org.lz4:lz4-java:jar:1.8.0 in the shaded jar.
[INFO] Including org.apache.logging.log4j:log4j-slf4j2-impl:jar:2.20.0 in the shaded jar.
[INFO] Including org.apache.logging.log4j:log4j-api:jar:2.20.0 in the shaded jar.
[INFO] Including org.apache.logging.log4j:log4j-core:jar:2.20.0 in the shaded jar.
[INFO] Including org.apache.logging.log4j:log4j-1.2-api:jar:2.20.0 in the shaded jar.
[INFO] Including com.lmax:disruptor:jar:3.3.4 in the shaded jar.
[INFO] Including joda-time:joda-time:jar:2.12.5 in the shaded jar.
[INFO] Including commons-configuration:commons-configuration:jar:1.10 in the shaded jar.
[INFO] Including commons-io:commons-io:jar:2.11.0 in the shaded jar.
[INFO] Including org.apache.commons:commons-compress:jar:1.21 in the shaded jar.
[INFO] Including org.apache.helix:helix-core:jar:1.3.1 in the shaded jar.
[INFO] Including org.apache.helix:helix-common:jar:1.3.1 in the shaded jar.
[INFO] Including org.apache.helix:metrics-common:jar:1.3.1 in the shaded jar.
[INFO] Including org.apache.helix:zookeeper-api:jar:1.3.1 in the shaded jar.
[INFO] Including org.apache.helix:metadata-store-directory-common:jar:1.3.1 in the shaded jar.
[INFO] Including commons-cli:commons-cli:jar:1.5.0 in the shaded jar.
[INFO] Including org.apache.commons:commons-math:jar:2.1 in the shaded jar.
[INFO] Including io.dropwizard.metrics:metrics-core:jar:4.2.22 in the shaded jar.
[INFO] Including it.unimi.dsi:fastutil:jar:8.2.3 in the shaded jar.
[INFO] Including net.sf.jopt-simple:jopt-simple:jar:4.6 in the shaded jar.
[INFO] Including org.webjars:swagger-ui:jar:5.1.0 in the shaded jar.
[INFO] Including com.google.code.findbugs:jsr305:jar:3.0.2 in the shaded jar.
[INFO] Including com.fasterxml.jackson.core:jackson-annotations:jar:2.12.7 in the shaded jar.
[INFO] Including com.fasterxml.jackson.core:jackson-databind:jar:2.12.7.1 in the shaded jar.
[INFO] Including com.jayway.jsonpath:json-path:jar:2.8.0 in the shaded jar.
[INFO] Including net.minidev:json-smart:jar:2.5.0 in the shaded jar.
[INFO] Including net.minidev:accessors-smart:jar:2.5.0 in the shaded jar.
[INFO] Including org.slf4j:jcl-over-slf4j:jar:2.0.9 in the shaded jar.
[INFO] Including commons-lang:commons-lang:jar:2.6 in the shaded jar.
[INFO] Including org.apache.zookeeper:zookeeper:jar:3.6.3 in the shaded jar.
[INFO] Including org.apache.zookeeper:zookeeper-jute:jar:3.6.3 in the shaded jar.
[INFO] Including io.netty:netty-handler:jar:4.1.100.Final in the shaded jar.
[INFO] Including io.netty:netty-common:jar:4.1.100.Final in the shaded jar.
[INFO] Including io.netty:netty-resolver:jar:4.1.100.Final in the shaded jar.
[INFO] Including io.netty:netty-buffer:jar:4.1.100.Final in the shaded jar.
[INFO] Including io.netty:netty-transport:jar:4.1.100.Final in the shaded jar.
[INFO] Including io.netty:netty-transport-native-unix-common:jar:4.1.100.Final in the shaded jar.
[INFO] Including io.netty:netty-codec:jar:4.1.100.Final in the shaded jar.
[INFO] Including io.netty:netty-transport-native-epoll:jar:4.1.100.Final in the shaded jar.
[INFO] Including io.netty:netty-transport-classes-epoll:jar:4.1.100.Final in the shaded jar.
[INFO] Including javax.servlet:javax.servlet-api:jar:3.0.1 in the shaded jar.
[INFO] Including org.glassfish.jersey.core:jersey-server:jar:2.39 in the shaded jar.
[INFO] Including org.glassfish.jersey.core:jersey-common:jar:2.39 in the shaded jar.
[INFO] Including org.glassfish.hk2:osgi-resource-locator:jar:1.0.3 in the shaded jar.
[INFO] Including org.glassfish.jersey.core:jersey-client:jar:2.39 in the shaded jar.
[INFO] Including jakarta.ws.rs:jakarta.ws.rs-api:jar:2.1.6 in the shaded jar.
[INFO] Including jakarta.annotation:jakarta.annotation-api:jar:1.3.5 in the shaded jar.
[INFO] Including org.glassfish.hk2.external:jakarta.inject:jar:2.6.1 in the shaded jar.
[INFO] Including jakarta.validation:jakarta.validation-api:jar:2.0.2 in the shaded jar.
[INFO] Including org.reflections:reflections:jar:0.9.11 in the shaded jar.
[INFO] Including org.javassist:javassist:jar:3.19.0-GA in the shaded jar.
[INFO] Including com.google.protobuf:protobuf-java:jar:3.24.3 in the shaded jar.
[INFO] Including io.grpc:grpc-netty-shaded:jar:1.59.0 in the shaded jar.
[INFO] Including com.google.errorprone:error_prone_annotations:jar:2.20.0 in the shaded jar.
[INFO] Including io.perfmark:perfmark-api:jar:0.26.0 in the shaded jar.
[INFO] Including io.grpc:grpc-core:jar:1.59.0 in the shaded jar.
[INFO] Including com.google.code.gson:gson:jar:2.10.1 in the shaded jar.
[INFO] Including com.google.android:annotations:jar:4.1.1.4 in the shaded jar.
[INFO] Including org.codehaus.mojo:animal-sniffer-annotations:jar:1.23 in the shaded jar.
[INFO] Including io.grpc:grpc-context:jar:1.59.0 in the shaded jar.
[INFO] Including io.grpc:grpc-util:jar:1.59.0 in the shaded jar.
[INFO] Including io.grpc:grpc-protobuf:jar:1.59.0 in the shaded jar.
[INFO] Including io.grpc:grpc-api:jar:1.59.0 in the shaded jar.
[INFO] Including com.google.api.grpc:proto-google-common-protos:jar:2.9.6 in the shaded jar.
[INFO] Including io.grpc:grpc-protobuf-lite:jar:1.59.0 in the shaded jar.
[INFO] Including io.grpc:grpc-stub:jar:1.59.0 in the shaded jar.
[INFO] Including org.apache.yetus:audience-annotations:jar:0.13.0 in the shaded jar.
[INFO] Including org.mindrot:jbcrypt:jar:0.4 in the shaded jar.
[INFO] Including com.github.seancfoley:ipaddress:jar:5.3.4 in the shaded jar.
[WARNING] helix-core-1.3.1.jar, metrics-common-1.3.1.jar, helix-common-1.3.1.jar define 9 overlapping classes: 
[WARNING]   - org.apache.helix.monitoring.mbeans.exception.MetricException
[WARNING]   - org.apache.helix.monitoring.mbeans.dynamicMBeans.SimpleDynamicMetric
[WARNING]   - org.apache.helix.monitoring.mbeans.MonitorDomainNames
[WARNING]   - org.apache.helix.monitoring.SensorNameProvider
[WARNING]   - org.apache.helix.monitoring.mbeans.dynamicMBeans.DynamicMetric
[WARNING]   - org.apache.helix.monitoring.mbeans.MBeanRegistrar
[WARNING]   - org.apache.helix.monitoring.mbeans.dynamicMBeans.DynamicMBeanProvider
[WARNING]   - org.apache.helix.monitoring.mbeans.dynamicMBeans.HistogramDynamicMetric$SnapshotAttribute
[WARNING]   - org.apache.helix.monitoring.mbeans.dynamicMBeans.HistogramDynamicMetric
[WARNING] helix-core-1.3.1.jar, metadata-store-directory-common-1.3.1.jar, helix-common-1.3.1.jar define 9 overlapping classes: 
[WARNING]   - org.apache.helix.msdcommon.datamodel.MetadataStoreRoutingData
[WARNING]   - org.apache.helix.msdcommon.mock.MockMetadataStoreDirectoryServer
[WARNING]   - org.apache.helix.msdcommon.util.ZkValidationUtil
[WARNING]   - org.apache.helix.msdcommon.datamodel.TrieRoutingData$TrieNode
[WARNING]   - org.apache.helix.msdcommon.constant.MetadataStoreRoutingConstants
[WARNING]   - org.apache.helix.msdcommon.callback.RoutingDataListener
[WARNING]   - org.apache.helix.msdcommon.datamodel.TrieRoutingData
[WARNING]   - org.apache.helix.msdcommon.mock.MockMetadataStoreDirectoryServer$SupportedHttpVerbs
[WARNING]   - org.apache.helix.msdcommon.exception.InvalidRoutingDataException
[WARNING] helix-core-1.3.1.jar, helix-common-1.3.1.jar define 10 overlapping classes: 
[WARNING]   - org.apache.helix.manager.zk.serializer.PayloadSerializer
[WARNING]   - org.apache.helix.SystemPropertyKeys
[WARNING]   - org.apache.helix.ZNRecord
[WARNING]   - org.apache.helix.constants.InstanceConstants$InstanceDisabledType
[WARNING]   - org.apache.helix.HelixException
[WARNING]   - org.apache.helix.constants.InstanceConstants$InstanceOperation
[WARNING]   - org.apache.helix.datamodel.Snapshot
[WARNING]   - org.apache.helix.constants.InstanceConstants
[WARNING]   - org.apache.helix.manager.zk.serializer.JacksonPayloadSerializer
[WARNING]   - org.apache.helix.ZNRecordDelta
[WARNING] jakarta.annotation-api-1.3.5.jar, javax.annotation-api-1.3.2.jar define 15 overlapping classes: 
[WARNING]   - javax.annotation.ManagedBean
[WARNING]   - javax.annotation.PreDestroy
[WARNING]   - javax.annotation.Resource$AuthenticationType
[WARNING]   - javax.annotation.Generated
[WARNING]   - javax.annotation.security.DeclareRoles
[WARNING]   - javax.annotation.Priority
[WARNING]   - javax.annotation.Resource
[WARNING]   - javax.annotation.security.DenyAll
[WARNING]   - javax.annotation.security.RunAs
[WARNING]   - javax.annotation.sql.DataSourceDefinitions
[WARNING]   - 5 more...
[WARNING] helix-core-1.3.1.jar, zookeeper-api-1.3.1.jar, helix-common-1.3.1.jar define 138 overlapping classes: 
[WARNING]   - org.apache.helix.zookeeper.api.client.ZkClientType
[WARNING]   - org.apache.helix.zookeeper.zkclient.metric.ZkClientPathMonitor$PredefinedPath
[WARNING]   - org.apache.helix.zookeeper.datamodel.ZNRecordUpdater
[WARNING]   - org.apache.helix.zookeeper.zkclient.ZkClient$2
[WARNING]   - org.apache.helix.zookeeper.zkclient.serialize.BasicZkSerializer
[WARNING]   - org.apache.helix.zookeeper.zkclient.callback.ZkAsyncCallbacks$SyncCallbackHandler
[WARNING]   - org.apache.helix.zookeeper.zkclient.ZkClient$21
[WARNING]   - org.apache.helix.zookeeper.zkclient.callback.ZkAsyncCallbacks$DeleteCallbackHandler
[WARNING]   - org.apache.helix.zookeeper.zkclient.RecursivePersistListener
[WARNING]   - org.apache.helix.zookeeper.zkclient.callback.ZkAsyncCallbacks$SetDataCallbackHandler
[WARNING]   - 128 more...
[WARNING] gson-2.10.1.jar, snakeyaml-2.2.jar, slf4j-api-2.0.9.jar, log4j-api-2.20.0.jar, jcl-over-slf4j-2.0.9.jar define 1 overlapping classes: 
[WARNING]   - META-INF.versions.9.module-info
[WARNING] maven-shade-plugin has detected that some class files are
[WARNING] present in two or more JARs. When this happens, only one
[WARNING] single version of the class is copied to the uber jar.
[WARNING] Usually this is not harmful and you can skip these warnings,
[WARNING] otherwise try to manually exclude artifacts based on
[WARNING] mvn dependency:tree -Ddetail=true and the above output.
[WARNING] See http://maven.apache.org/plugins/maven-shade-plugin/
[INFO] Attaching shaded artifact.
[INFO] 
[INFO] --- maven-site-plugin:3.7.1:attach-descriptor (attach-descriptor) @ pinot-common ---
[INFO] Skipping because packaging 'jar' is not pom.
[INFO] 
[INFO] --- maven-jar-plugin:3.3.0:test-jar (default) @ pinot-common ---
[INFO] Building jar: /home/srafi/after-cam-ready/compare_/compile_repair_output/work/8be17d30ea63/pinot-common/target/pinot-common-1.1.0-SNAPSHOT-tests.jar
[INFO] 
[INFO] --- maven-surefire-plugin:3.0.0-M8-SNAPSHOT:test (integration-tests) @ pinot-common ---
[INFO] Tests are skipped.
[WARNING] Could not extract goal execution properties.
[INFO] Using auto detected provider org.apache.maven.surefire.testng.TestNGProvider
[INFO] Tests are skipped.
[INFO] 
[INFO] --- spotless-maven-plugin:2.28.0:check (default) @ pinot-common ---
[INFO] 
[INFO] --- maven-install-plugin:2.5.2:install (default-install) @ pinot-common ---
[INFO] Installing /home/srafi/after-cam-ready/compare_/compile_repair_output/work/8be17d30ea63/pinot-common/target/pinot-common-1.1.0-SNAPSHOT.jar to /home/srafi/.m2/repository/org/apache/pinot/pinot-common/1.1.0-SNAPSHOT/pinot-common-1.1.0-SNAPSHOT.jar
[INFO] Installing /home/srafi/after-cam-ready/compare_/compile_repair_output/work/8be17d30ea63/pinot-common/pom.xml to /home/srafi/.m2/repository/org/apache/pinot/pinot-common/1.1.0-SNAPSHOT/pinot-common-1.1.0-SNAPSHOT.pom
[INFO] Installing /home/srafi/after-cam-ready/compare_/compile_repair_output/work/8be17d30ea63/pinot-common/target/pinot-common-1.1.0-SNAPSHOT-shaded.jar to /home/srafi/.m2/repository/org/apache/pinot/pinot-common/1.1.0-SNAPSHOT/pinot-common-1.1.0-SNAPSHOT-shaded.jar
[INFO] Installing /home/srafi/after-cam-ready/compare_/compile_repair_output/work/8be17d30ea63/pinot-common/target/pinot-common-1.1.0-SNAPSHOT-tests.jar to /home/srafi/.m2/repository/org/apache/pinot/pinot-common/1.1.0-SNAPSHOT/pinot-common-1.1.0-SNAPSHOT-tests.jar
[INFO] ------------------------------------------------------------------------
[INFO] Reactor Summary for Pinot 1.1.0-SNAPSHOT:
[INFO] 
[INFO] Pinot .............................................. SUCCESS [  4.211 s]
[INFO] Pinot Service Provider Interface ................... SUCCESS [  8.285 s]
[INFO] Pinot Segment Service Provider Interface ........... SUCCESS [  8.879 s]
[INFO] Pinot Plugins ...................................... SUCCESS [  0.140 s]
[INFO] Pinot Metrics ...................................... SUCCESS [  0.084 s]
[INFO] Pinot Yammer Metrics ............................... SUCCESS [  5.552 s]
[INFO] Pinot FMPP plugin .................................. SUCCESS [  2.256 s]
[INFO] Pinot Common ....................................... SUCCESS [ 31.538 s]
[INFO] ------------------------------------------------------------------------
[INFO] BUILD SUCCESS
[INFO] ------------------------------------------------------------------------
[INFO] Total time:  01:02 min
[INFO] Finished at: 2026-08-15T15:59:28-04:00
[INFO] ------------------------------------------------------------------------
[INFO] 121 goals, 121 executed
Aug 15, 2026 3:59:28 PM com.gradle.maven.extension.internal.dep.org.apache.http.impl.execchain.RetryExec execute
INFO: I/O exception (java.net.SocketException) caught when processing request to {s}->https://ge.apache.org:443: Connection reset
Aug 15, 2026 3:59:28 PM com.gradle.maven.extension.internal.dep.org.apache.http.impl.execchain.RetryExec execute
INFO: Retrying request to {s}->https://ge.apache.org:443
Aug 15, 2026 3:59:28 PM com.gradle.maven.extension.internal.dep.org.apache.http.impl.execchain.RetryExec execute
INFO: I/O exception (java.net.SocketException) caught when processing request to {s}->https://ge.apache.org:443: Connection reset
Aug 15, 2026 3:59:28 PM com.gradle.maven.extension.internal.dep.org.apache.http.impl.execchain.RetryExec execute
INFO: Retrying request to {s}->https://ge.apache.org:443
Aug 15, 2026 3:59:28 PM com.gradle.maven.extension.internal.dep.org.apache.http.impl.execchain.RetryExec execute
INFO: I/O exception (java.net.SocketException) caught when processing request to {s}->https://ge.apache.org:443: Connection reset
Aug 15, 2026 3:59:28 PM com.gradle.maven.extension.internal.dep.org.apache.http.impl.execchain.RetryExec execute
INFO: Retrying request to {s}->https://ge.apache.org:443
[WARNING] Unexpected error while contacting Gradle Enterprise server at https://ge.apache.org/
[WARNING] No build scan will be published: Gradle Enterprise features were not enabled due to an unexpected error while contacting Gradle Enterprise.
