JAVA_HOME=/usr/lib/jvm/java-17-openjdk-amd64
COMMAND=mvn -B clean install -DskipTests -U -pl drools-beliefs -am -Ddependency-check.skip=true -Dgpg.skip=true -DfailIfNoTests=false -Dskip.installnodenpm=true -Dskip.npm=true -Dskip.yarn=true -Dlicense.skip=true -Dcheckstyle.skip=true -Drat.skip=true -Denforcer.skip=true -Danimal.sniffer.skip=true -Dmaven.javadoc.skip=true -Dfindbugs.skip=true -Dspotbugs.skip=true -Dwarbucks.skip=true -Dmodernizer.skip=true -Dimpsort.skip=true -Dmdep.analyze.skip=true -Dpgpverify.skip=true -Dxml.skip=true -Dcobertura.skip=true

[INFO] Scanning for projects...
[WARNING] 
[WARNING] Some problems were encountered while building the effective model for org.kie:kie-dmn-validation:jar:999-SNAPSHOT
[WARNING] 'build.plugins.plugin.version' for org.codehaus.mojo:properties-maven-plugin is missing. @ line 235, column 15
[WARNING] 
[WARNING] It is highly recommended to fix these problems because they threaten the stability of your build.
[WARNING] 
[WARNING] For this reason, future Maven versions might no longer support building such malformed projects.
[WARNING] 
Warning: KebabPizza disabling incompatible org.apache.maven.plugins:maven-enforcer-plugin from drools-parent
Warning: KebabPizza disabling incompatible org.apache.maven.plugins:maven-enforcer-plugin from drools-build-parent
Warning: KebabPizza disabling incompatible org.apache.maven.plugins:maven-enforcer-plugin from kie-api
Warning: KebabPizza disabling incompatible org.apache.maven.plugins:maven-enforcer-plugin from kie-internal
Warning: KebabPizza disabling incompatible org.apache.maven.plugins:maven-enforcer-plugin from kie-util
Warning: KebabPizza disabling incompatible org.apache.maven.plugins:maven-enforcer-plugin from kie-util-maven-support
Warning: KebabPizza disabling incompatible org.apache.maven.plugins:maven-enforcer-plugin from kie-util-xml
Warning: KebabPizza disabling incompatible org.apache.maven.plugins:maven-enforcer-plugin from drools-util
Warning: KebabPizza disabling incompatible org.apache.maven.plugins:maven-enforcer-plugin from kie-memory-compiler
Warning: KebabPizza disabling incompatible org.apache.maven.plugins:maven-enforcer-plugin from drools-wiring
Warning: KebabPizza disabling incompatible org.apache.maven.plugins:maven-enforcer-plugin from drools-wiring-api
Warning: KebabPizza disabling incompatible org.apache.maven.plugins:maven-enforcer-plugin from drools-base
Warning: KebabPizza disabling incompatible org.apache.maven.plugins:maven-enforcer-plugin from drools-wiring-static
Warning: KebabPizza disabling incompatible org.apache.maven.plugins:maven-enforcer-plugin from drools-io
Warning: KebabPizza disabling incompatible org.apache.maven.plugins:maven-enforcer-plugin from drools-core
Warning: KebabPizza disabling incompatible org.apache.maven.plugins:maven-enforcer-plugin from drools-drl
Warning: KebabPizza disabling incompatible org.apache.maven.plugins:maven-enforcer-plugin from drools-drl-ast
Warning: KebabPizza disabling incompatible org.apache.maven.plugins:maven-enforcer-plugin from drools-drl-parser
Warning: KebabPizza disabling incompatible org.apache.maven.plugins:maven-enforcer-plugin from drools-drl-extensions
Warning: KebabPizza disabling incompatible org.apache.maven.plugins:maven-enforcer-plugin from drools-wiring-dynamic
Warning: KebabPizza disabling incompatible org.apache.maven.plugins:maven-enforcer-plugin from drools-kiesession
Warning: KebabPizza disabling incompatible org.apache.maven.plugins:maven-enforcer-plugin from drools-ecj
Warning: KebabPizza disabling incompatible org.apache.maven.plugins:maven-enforcer-plugin from kie-test-util
Warning: KebabPizza disabling incompatible org.apache.maven.plugins:maven-enforcer-plugin from drools-compiler
Warning: KebabPizza disabling incompatible org.apache.maven.plugins:maven-enforcer-plugin from drools-tms
Warning: KebabPizza disabling incompatible org.apache.maven.plugins:maven-enforcer-plugin from drools-mvel
Warning: KebabPizza disabling incompatible org.apache.maven.plugins:maven-enforcer-plugin from drools-beliefs
[INFO] ------------------------------------------------------------------------
[INFO] Reactor Build Order:
[INFO] 
[INFO] Drools :: Parent                                                   [pom]
[INFO] Drools :: Build Parent                                             [pom]
[INFO] KIE :: Public API                                                  [jar]
[INFO] KIE :: Internal                                                    [jar]
[INFO] KIE :: Util                                                        [pom]
[INFO] KIE :: Util :: Maven Support                                       [jar]
[INFO] KIE :: Util :: XML supposrt                                        [jar]
[INFO] Drools :: Util                                                     [jar]
[INFO] KIE :: Memory Compiler                                             [jar]
[INFO] Drools :: Wiring :: Parent                                         [pom]
[INFO] Drools :: Wiring :: API                                            [jar]
[INFO] Drools :: base                                                     [jar]
[INFO] Drools :: Wiring :: Static                                         [jar]
[INFO] Drools :: IO                                                       [jar]
[INFO] Drools :: Core                                                     [jar]
[INFO] Drools :: DRL :: Parent                                            [pom]
[INFO] Drools :: DRL AST                                                  [jar]
[INFO] Drools :: DRL :: Parser                                            [jar]
[INFO] Drools :: DRL :: Extensions                                        [jar]
[INFO] Drools :: Wiring :: Dynamic                                        [jar]
[INFO] Drools :: KieSession                                               [jar]
[INFO] Drools :: ECJ                                                      [jar]
[INFO] KIE :: Test Utility Classes                                        [jar]
[INFO] Drools :: Compiler                                                 [jar]
[INFO] Drools :: Truth Maintenance System                                 [jar]
[INFO] Drools :: MVEL                                                     [jar]
[INFO] Drools :: Beliefs                                                  [jar]
[INFO] 
[INFO] -----------------------< org.kie:drools-parent >------------------------
[INFO] Building Drools :: Parent 999-SNAPSHOT                            [1/27]
[INFO] --------------------------------[ pom ]---------------------------------
[INFO] 
[INFO] --- maven-clean-plugin:3.3.2:clean (default-clean) @ drools-parent ---
[INFO] 
[INFO] --- maven-remote-resources-plugin:3.2.0:process (process-resource-bundles) @ drools-parent ---
[INFO] Preparing remote bundle org.apache.apache.resources:apache-jar-resource-bundle:1.5
[INFO] Copying 3 resources from 1 bundle.
[INFO] 
[INFO] --- maven-install-plugin:3.1.1:install (default-install) @ drools-parent ---
[INFO] Installing /home/srafi/after-cam-ready/compare_/compile_repair_output/work/2293113fddae/pom.xml to /home/srafi/.m2/repository/org/kie/drools-parent/999-SNAPSHOT/drools-parent-999-SNAPSHOT.pom
[INFO] 
[INFO] --------------------< org.kie:drools-build-parent >---------------------
[INFO] Building Drools :: Build Parent 999-SNAPSHOT                      [2/27]
[INFO] --------------------------------[ pom ]---------------------------------
[INFO] Downloading from apache.snapshots: https://repository.apache.org/snapshots/org/apache/maven/plugins/maven-failsafe-plugin/3.0.0-M8-SNAPSHOT/maven-metadata.xml
[INFO] Downloading from apache.snapshots: https://repository.apache.org/snapshots/org/apache/maven/surefire/surefire/3.0.0-M8-SNAPSHOT/maven-metadata.xml
[INFO] 
[INFO] --- maven-clean-plugin:3.3.2:clean (default-clean) @ drools-build-parent ---
[INFO] 
[INFO] --- maven-checkstyle-plugin:3.3.0:check (validate) @ drools-build-parent ---
[INFO] 
[INFO] --- build-helper-maven-plugin:3.4.0:add-source (default) @ drools-build-parent ---
[INFO] Source directory: /home/srafi/after-cam-ready/compare_/compile_repair_output/work/2293113fddae/build-parent/target/generated-sources/annotations added.
[INFO] 
[INFO] --- build-helper-maven-plugin:3.4.0:parse-version (default) @ drools-build-parent ---
[INFO] 
[INFO] --- maven-remote-resources-plugin:3.2.0:process (process-resource-bundles) @ drools-build-parent ---
[INFO] Preparing remote bundle org.apache.apache.resources:apache-jar-resource-bundle:1.5
[INFO] Copying 3 resources from 1 bundle.
[INFO] 
[INFO] --- maven-source-plugin:3.3.1:jar-no-fork (attach-sources) @ drools-build-parent ---
[INFO] 
[INFO] --- maven-source-plugin:3.3.1:test-jar-no-fork (attach-test-sources) @ drools-build-parent ---
[INFO] 
[INFO] --- maven-jar-plugin:3.4.0:test-jar (test-jar) @ drools-build-parent ---
[INFO] Skipping packaging of the test-jar
[INFO] 
[INFO] --- maven-failsafe-plugin:3.0.0-M8-SNAPSHOT:integration-test (default) @ drools-build-parent ---
[INFO] Downloading from apache.snapshots: https://repository.apache.org/snapshots/org/apache/maven/surefire/maven-surefire-common/3.0.0-M8-SNAPSHOT/maven-metadata.xml
[INFO] Downloading from apache.snapshots: https://repository.apache.org/snapshots/org/apache/maven/surefire/surefire-api/3.0.0-M8-SNAPSHOT/maven-metadata.xml
[INFO] Downloading from apache.snapshots: https://repository.apache.org/snapshots/org/apache/maven/surefire/surefire-logger-api/3.0.0-M8-SNAPSHOT/maven-metadata.xml
[INFO] Downloading from apache.snapshots: https://repository.apache.org/snapshots/org/apache/maven/surefire/surefire-shared-utils/3.0.0-M8-SNAPSHOT/maven-metadata.xml
[INFO] Downloading from apache.snapshots: https://repository.apache.org/snapshots/org/apache/maven/surefire/surefire-extensions-api/3.0.0-M8-SNAPSHOT/maven-metadata.xml
[INFO] Downloading from apache.snapshots: https://repository.apache.org/snapshots/org/apache/maven/surefire/surefire-booter/3.0.0-M8-SNAPSHOT/maven-metadata.xml
[INFO] Downloading from apache.snapshots: https://repository.apache.org/snapshots/org/apache/maven/surefire/surefire-extensions-spi/3.0.0-M8-SNAPSHOT/maven-metadata.xml
[INFO] Tests are skipped.
[INFO] 
[INFO] --- maven-failsafe-plugin:3.0.0-M8-SNAPSHOT:verify (default) @ drools-build-parent ---
[INFO] Tests are skipped.
[INFO] 
[INFO] --- maven-install-plugin:3.1.1:install (default-install) @ drools-build-parent ---
[INFO] Installing /home/srafi/after-cam-ready/compare_/compile_repair_output/work/2293113fddae/build-parent/pom.xml to /home/srafi/.m2/repository/org/kie/drools-build-parent/999-SNAPSHOT/drools-build-parent-999-SNAPSHOT.pom
[INFO] 
[INFO] --------------------------< org.kie:kie-api >---------------------------
[INFO] Building KIE :: Public API 999-SNAPSHOT                           [3/27]
[INFO] --------------------------------[ jar ]---------------------------------
[INFO] Downloading from apache.snapshots: https://repository.apache.org/snapshots/org/apache/maven/plugins/maven-surefire-plugin/3.0.0-M8-SNAPSHOT/maven-metadata.xml
[INFO] 
[INFO] --- maven-clean-plugin:3.3.2:clean (default-clean) @ kie-api ---
[INFO] 
[INFO] --- maven-checkstyle-plugin:3.3.0:check (validate) @ kie-api ---
[INFO] 
[INFO] --- build-helper-maven-plugin:3.4.0:add-source (default) @ kie-api ---
[INFO] Source directory: /home/srafi/after-cam-ready/compare_/compile_repair_output/work/2293113fddae/kie-api/target/generated-sources/annotations added.
[INFO] 
[INFO] --- build-helper-maven-plugin:3.4.0:parse-version (default) @ kie-api ---
[INFO] 
[INFO] --- maven-remote-resources-plugin:3.2.0:process (process-resource-bundles) @ kie-api ---
[INFO] Preparing remote bundle org.apache.apache.resources:apache-jar-resource-bundle:1.5
[INFO] Copying 3 resources from 1 bundle.
[INFO] 
[INFO] --- maven-resources-plugin:3.3.1:resources (default-resources) @ kie-api ---
[INFO] Copying 6 resources from src/main/resources to target/classes
[INFO] Copying 3 resources from target/maven-shared-archive-resources to target/classes
[INFO] 
[INFO] --- maven-compiler-plugin:3.8.1:compile (default-compile) @ kie-api ---
[INFO] Changes detected - recompiling the module!
[INFO] Compiling 296 source files to /home/srafi/after-cam-ready/compare_/compile_repair_output/work/2293113fddae/kie-api/target/classes
[INFO] /home/srafi/after-cam-ready/compare_/compile_repair_output/work/2293113fddae/kie-api/src/main/java/org/kie/api/conf/EqualityBehaviorOption.java: Some input files use or override a deprecated API.
[INFO] /home/srafi/after-cam-ready/compare_/compile_repair_output/work/2293113fddae/kie-api/src/main/java/org/kie/api/conf/EqualityBehaviorOption.java: Recompile with -Xlint:deprecation for details.
[INFO] /home/srafi/after-cam-ready/compare_/compile_repair_output/work/2293113fddae/kie-api/src/main/java/org/kie/api/runtime/rule/EntryPoint.java: Some input files use unchecked or unsafe operations.
[INFO] /home/srafi/after-cam-ready/compare_/compile_repair_output/work/2293113fddae/kie-api/src/main/java/org/kie/api/runtime/rule/EntryPoint.java: Recompile with -Xlint:unchecked for details.
[INFO] 
[INFO] --- maven-resources-plugin:3.3.1:testResources (default-testResources) @ kie-api ---
[INFO] Copying 5 resources from src/test/resources to target/test-classes
[INFO] Copying 3 resources from target/maven-shared-archive-resources to target/test-classes
[INFO] 
[INFO] --- maven-compiler-plugin:3.8.1:testCompile (default-testCompile) @ kie-api ---
[INFO] Changes detected - recompiling the module!
[INFO] Compiling 5 source files to /home/srafi/after-cam-ready/compare_/compile_repair_output/work/2293113fddae/kie-api/target/test-classes
[INFO] /home/srafi/after-cam-ready/compare_/compile_repair_output/work/2293113fddae/kie-api/src/test/java/org/kie/api/internal/utils/MockAssemblersImpl.java: /home/srafi/after-cam-ready/compare_/compile_repair_output/work/2293113fddae/kie-api/src/test/java/org/kie/api/internal/utils/MockAssemblersImpl.java uses unchecked or unsafe operations.
[INFO] /home/srafi/after-cam-ready/compare_/compile_repair_output/work/2293113fddae/kie-api/src/test/java/org/kie/api/internal/utils/MockAssemblersImpl.java: Recompile with -Xlint:unchecked for details.
[INFO] 
[INFO] --- maven-surefire-plugin:3.0.0-M8-SNAPSHOT:test (default-test) @ kie-api ---
[INFO] Tests are skipped.
[INFO] 
[INFO] --- maven-jar-plugin:3.4.0:jar (default-jar) @ kie-api ---
[INFO] Building jar: /home/srafi/after-cam-ready/compare_/compile_repair_output/work/2293113fddae/kie-api/target/kie-api-999-SNAPSHOT.jar
[INFO] 
[INFO] --- maven-source-plugin:3.3.1:jar-no-fork (attach-sources) @ kie-api ---
[INFO] Building jar: /home/srafi/after-cam-ready/compare_/compile_repair_output/work/2293113fddae/kie-api/target/kie-api-999-SNAPSHOT-sources.jar
[INFO] 
[INFO] --- maven-source-plugin:3.3.1:test-jar-no-fork (attach-test-sources) @ kie-api ---
[INFO] Building jar: /home/srafi/after-cam-ready/compare_/compile_repair_output/work/2293113fddae/kie-api/target/kie-api-999-SNAPSHOT-test-sources.jar
[INFO] 
[INFO] --- maven-jar-plugin:3.4.0:test-jar (test-jar) @ kie-api ---
[INFO] Building jar: /home/srafi/after-cam-ready/compare_/compile_repair_output/work/2293113fddae/kie-api/target/kie-api-999-SNAPSHOT-tests.jar
[INFO] 
[INFO] --- maven-javadoc-plugin:3.6.2:jar (default) @ kie-api ---
[INFO] Skipping javadoc generation
[INFO] 
[INFO] --- maven-failsafe-plugin:3.0.0-M8-SNAPSHOT:integration-test (default) @ kie-api ---
[INFO] Tests are skipped.
[INFO] 
[INFO] --- maven-failsafe-plugin:3.0.0-M8-SNAPSHOT:verify (default) @ kie-api ---
[INFO] Tests are skipped.
[INFO] 
[INFO] --- maven-install-plugin:3.1.1:install (default-install) @ kie-api ---
[INFO] Installing /home/srafi/after-cam-ready/compare_/compile_repair_output/work/2293113fddae/kie-api/pom.xml to /home/srafi/.m2/repository/org/kie/kie-api/999-SNAPSHOT/kie-api-999-SNAPSHOT.pom
[INFO] Installing /home/srafi/after-cam-ready/compare_/compile_repair_output/work/2293113fddae/kie-api/target/kie-api-999-SNAPSHOT.jar to /home/srafi/.m2/repository/org/kie/kie-api/999-SNAPSHOT/kie-api-999-SNAPSHOT.jar
[INFO] Installing /home/srafi/after-cam-ready/compare_/compile_repair_output/work/2293113fddae/kie-api/target/kie-api-999-SNAPSHOT-sources.jar to /home/srafi/.m2/repository/org/kie/kie-api/999-SNAPSHOT/kie-api-999-SNAPSHOT-sources.jar
[INFO] Installing /home/srafi/after-cam-ready/compare_/compile_repair_output/work/2293113fddae/kie-api/target/kie-api-999-SNAPSHOT-test-sources.jar to /home/srafi/.m2/repository/org/kie/kie-api/999-SNAPSHOT/kie-api-999-SNAPSHOT-test-sources.jar
[INFO] Installing /home/srafi/after-cam-ready/compare_/compile_repair_output/work/2293113fddae/kie-api/target/kie-api-999-SNAPSHOT-tests.jar to /home/srafi/.m2/repository/org/kie/kie-api/999-SNAPSHOT/kie-api-999-SNAPSHOT-tests.jar
[INFO] 
[INFO] ------------------------< org.kie:kie-internal >------------------------
[INFO] Building KIE :: Internal 999-SNAPSHOT                             [4/27]
[INFO] --------------------------------[ jar ]---------------------------------
[INFO] Downloading from central: https://repo.maven.apache.org/maven2/com/sun/xml/bind/jaxb-xjc/4.0.4/jaxb-xjc-4.0.4.pom
[INFO] Downloaded from central: https://repo.maven.apache.org/maven2/com/sun/xml/bind/jaxb-xjc/4.0.4/jaxb-xjc-4.0.4.pom (17 kB at 178 kB/s)
[INFO] Downloading from central: https://repo.maven.apache.org/maven2/com/sun/xml/bind/mvn/jaxb-bundles/4.0.4/jaxb-bundles-4.0.4.pom
[INFO] Downloaded from central: https://repo.maven.apache.org/maven2/com/sun/xml/bind/mvn/jaxb-bundles/4.0.4/jaxb-bundles-4.0.4.pom (1.3 kB at 26 kB/s)
[INFO] Downloading from central: https://repo.maven.apache.org/maven2/com/sun/xml/bind/mvn/jaxb-parent/4.0.4/jaxb-parent-4.0.4.pom
[INFO] Downloaded from central: https://repo.maven.apache.org/maven2/com/sun/xml/bind/mvn/jaxb-parent/4.0.4/jaxb-parent-4.0.4.pom (35 kB at 593 kB/s)
[INFO] Downloading from central: https://repo.maven.apache.org/maven2/com/sun/xml/bind/jaxb-bom-ext/4.0.4/jaxb-bom-ext-4.0.4.pom
[INFO] Downloaded from central: https://repo.maven.apache.org/maven2/com/sun/xml/bind/jaxb-bom-ext/4.0.4/jaxb-bom-ext-4.0.4.pom (3.5 kB at 85 kB/s)
[INFO] Downloading from central: https://repo.maven.apache.org/maven2/org/glassfish/jaxb/jaxb-runtime/4.0.4/jaxb-runtime-4.0.4.pom
[INFO] Downloaded from central: https://repo.maven.apache.org/maven2/org/glassfish/jaxb/jaxb-runtime/4.0.4/jaxb-runtime-4.0.4.pom (11 kB at 226 kB/s)
[INFO] Downloading from central: https://repo.maven.apache.org/maven2/com/sun/xml/bind/mvn/jaxb-runtime-parent/4.0.4/jaxb-runtime-parent-4.0.4.pom
[INFO] Downloaded from central: https://repo.maven.apache.org/maven2/com/sun/xml/bind/mvn/jaxb-runtime-parent/4.0.4/jaxb-runtime-parent-4.0.4.pom (1.2 kB at 24 kB/s)
[INFO] Downloading from central: https://repo.maven.apache.org/maven2/org/glassfish/jaxb/jaxb-core/4.0.4/jaxb-core-4.0.4.pom
[INFO] Downloaded from central: https://repo.maven.apache.org/maven2/org/glassfish/jaxb/jaxb-core/4.0.4/jaxb-core-4.0.4.pom (3.7 kB at 72 kB/s)
[INFO] Downloading from central: https://repo.maven.apache.org/maven2/org/eclipse/angus/angus-activation/2.0.1/angus-activation-2.0.1.pom
[INFO] Downloaded from central: https://repo.maven.apache.org/maven2/org/eclipse/angus/angus-activation/2.0.1/angus-activation-2.0.1.pom (4.0 kB at 93 kB/s)
[INFO] Downloading from central: https://repo.maven.apache.org/maven2/org/eclipse/angus/angus-activation-project/2.0.1/angus-activation-project-2.0.1.pom
[INFO] Downloaded from central: https://repo.maven.apache.org/maven2/org/eclipse/angus/angus-activation-project/2.0.1/angus-activation-project-2.0.1.pom (20 kB at 376 kB/s)
[INFO] Downloading from central: https://repo.maven.apache.org/maven2/org/glassfish/jaxb/txw2/4.0.4/txw2-4.0.4.pom
[INFO] Downloaded from central: https://repo.maven.apache.org/maven2/org/glassfish/jaxb/txw2/4.0.4/txw2-4.0.4.pom (1.8 kB at 32 kB/s)
[INFO] Downloading from central: https://repo.maven.apache.org/maven2/com/sun/xml/bind/mvn/jaxb-txw-parent/4.0.4/jaxb-txw-parent-4.0.4.pom
[INFO] Downloaded from central: https://repo.maven.apache.org/maven2/com/sun/xml/bind/mvn/jaxb-txw-parent/4.0.4/jaxb-txw-parent-4.0.4.pom (1.2 kB at 23 kB/s)
[INFO] Downloading from central: https://repo.maven.apache.org/maven2/com/sun/istack/istack-commons-runtime/4.1.2/istack-commons-runtime-4.1.2.pom
[INFO] Downloaded from central: https://repo.maven.apache.org/maven2/com/sun/istack/istack-commons-runtime/4.1.2/istack-commons-runtime-4.1.2.pom (1.6 kB at 28 kB/s)
[INFO] Downloading from central: https://repo.maven.apache.org/maven2/com/sun/istack/istack-commons/4.1.2/istack-commons-4.1.2.pom
[INFO] Downloaded from central: https://repo.maven.apache.org/maven2/com/sun/istack/istack-commons/4.1.2/istack-commons-4.1.2.pom (26 kB at 506 kB/s)
[INFO] Downloading from central: https://repo.maven.apache.org/maven2/ch/qos/logback/logback-classic/1.4.14/logback-classic-1.4.14.pom
[INFO] Downloaded from central: https://repo.maven.apache.org/maven2/ch/qos/logback/logback-classic/1.4.14/logback-classic-1.4.14.pom (13 kB at 252 kB/s)
[INFO] Downloading from central: https://repo.maven.apache.org/maven2/ch/qos/logback/logback-parent/1.4.14/logback-parent-1.4.14.pom
[INFO] Downloaded from central: https://repo.maven.apache.org/maven2/ch/qos/logback/logback-parent/1.4.14/logback-parent-1.4.14.pom (20 kB at 372 kB/s)
[INFO] Downloading from central: https://repo.maven.apache.org/maven2/ch/qos/logback/logback-core/1.4.14/logback-core-1.4.14.pom
[INFO] Downloaded from central: https://repo.maven.apache.org/maven2/ch/qos/logback/logback-core/1.4.14/logback-core-1.4.14.pom (5.0 kB at 115 kB/s)
[INFO] Downloading from central: https://repo.maven.apache.org/maven2/com/sun/xml/bind/jaxb-xjc/4.0.4/jaxb-xjc-4.0.4.jar
[INFO] Downloading from central: https://repo.maven.apache.org/maven2/org/glassfish/jaxb/jaxb-runtime/4.0.4/jaxb-runtime-4.0.4.jar
[INFO] Downloading from central: https://repo.maven.apache.org/maven2/org/glassfish/jaxb/jaxb-core/4.0.4/jaxb-core-4.0.4.jar
[INFO] Downloading from central: https://repo.maven.apache.org/maven2/org/eclipse/angus/angus-activation/2.0.1/angus-activation-2.0.1.jar
[INFO] Downloading from central: https://repo.maven.apache.org/maven2/org/glassfish/jaxb/txw2/4.0.4/txw2-4.0.4.jar
[INFO] Downloaded from central: https://repo.maven.apache.org/maven2/org/eclipse/angus/angus-activation/2.0.1/angus-activation-2.0.1.jar (27 kB at 559 kB/s)
[INFO] Downloading from central: https://repo.maven.apache.org/maven2/com/sun/istack/istack-commons-runtime/4.1.2/istack-commons-runtime-4.1.2.jar
[INFO] Downloaded from central: https://repo.maven.apache.org/maven2/org/glassfish/jaxb/txw2/4.0.4/txw2-4.0.4.jar (73 kB at 1.3 MB/s)
[INFO] Downloading from central: https://repo.maven.apache.org/maven2/ch/qos/logback/logback-classic/1.4.14/logback-classic-1.4.14.jar
[INFO] Downloaded from central: https://repo.maven.apache.org/maven2/org/glassfish/jaxb/jaxb-core/4.0.4/jaxb-core-4.0.4.jar (139 kB at 2.2 MB/s)
[INFO] Downloading from central: https://repo.maven.apache.org/maven2/ch/qos/logback/logback-core/1.4.14/logback-core-1.4.14.jar
[INFO] Downloaded from central: https://repo.maven.apache.org/maven2/org/glassfish/jaxb/jaxb-runtime/4.0.4/jaxb-runtime-4.0.4.jar (920 kB at 12 MB/s)
[INFO] Downloaded from central: https://repo.maven.apache.org/maven2/com/sun/istack/istack-commons-runtime/4.1.2/istack-commons-runtime-4.1.2.jar (26 kB at 311 kB/s)
[INFO] Downloaded from central: https://repo.maven.apache.org/maven2/com/sun/xml/bind/jaxb-xjc/4.0.4/jaxb-xjc-4.0.4.jar (1.9 MB at 20 MB/s)
[INFO] Downloaded from central: https://repo.maven.apache.org/maven2/ch/qos/logback/logback-classic/1.4.14/logback-classic-1.4.14.jar (284 kB at 2.9 MB/s)
[INFO] Downloaded from central: https://repo.maven.apache.org/maven2/ch/qos/logback/logback-core/1.4.14/logback-core-1.4.14.jar (597 kB at 5.5 MB/s)
[INFO] 
[INFO] --- maven-clean-plugin:3.3.2:clean (default-clean) @ kie-internal ---
[INFO] 
[INFO] --- maven-checkstyle-plugin:3.3.0:check (validate) @ kie-internal ---
[INFO] 
[INFO] --- build-helper-maven-plugin:3.4.0:add-source (default) @ kie-internal ---
[INFO] Source directory: /home/srafi/after-cam-ready/compare_/compile_repair_output/work/2293113fddae/kie-internal/target/generated-sources/annotations added.
[INFO] 
[INFO] --- build-helper-maven-plugin:3.4.0:parse-version (default) @ kie-internal ---
[INFO] 
[INFO] --- maven-remote-resources-plugin:3.2.0:process (process-resource-bundles) @ kie-internal ---
[INFO] Preparing remote bundle org.apache.apache.resources:apache-jar-resource-bundle:1.5
[INFO] Copying 3 resources from 1 bundle.
[INFO] 
[INFO] --- maven-resources-plugin:3.3.1:resources (default-resources) @ kie-internal ---
[INFO] Copying 4 resources from src/main/resources to target/classes
[INFO] skip non existing resourceDirectory /home/srafi/after-cam-ready/compare_/compile_repair_output/work/2293113fddae/kie-internal/src/main/filtered-resources
[INFO] Copying 3 resources from target/maven-shared-archive-resources to target/classes
[INFO] 
[INFO] --- maven-compiler-plugin:3.8.1:compile (default-compile) @ kie-internal ---
[INFO] Changes detected - recompiling the module!
[INFO] Compiling 170 source files to /home/srafi/after-cam-ready/compare_/compile_repair_output/work/2293113fddae/kie-internal/target/classes
[INFO] /home/srafi/after-cam-ready/compare_/compile_repair_output/work/2293113fddae/kie-internal/src/main/java/org/kie/internal/builder/conf/LanguageLevelOption.java: Some input files use or override a deprecated API.
[INFO] /home/srafi/after-cam-ready/compare_/compile_repair_output/work/2293113fddae/kie-internal/src/main/java/org/kie/internal/builder/conf/LanguageLevelOption.java: Recompile with -Xlint:deprecation for details.
[INFO] /home/srafi/after-cam-ready/compare_/compile_repair_output/work/2293113fddae/kie-internal/src/main/java/org/kie/internal/utils/NoDepsClassLoaderResolver.java: Some input files use or override a deprecated API that is marked for removal.
[INFO] /home/srafi/after-cam-ready/compare_/compile_repair_output/work/2293113fddae/kie-internal/src/main/java/org/kie/internal/utils/NoDepsClassLoaderResolver.java: Recompile with -Xlint:removal for details.
[INFO] /home/srafi/after-cam-ready/compare_/compile_repair_output/work/2293113fddae/kie-internal/src/main/java/org/kie/internal/conf/CompositeConfiguration.java: Some input files use unchecked or unsafe operations.
[INFO] /home/srafi/after-cam-ready/compare_/compile_repair_output/work/2293113fddae/kie-internal/src/main/java/org/kie/internal/conf/CompositeConfiguration.java: Recompile with -Xlint:unchecked for details.
[INFO] 
[INFO] --- maven-resources-plugin:3.3.1:testResources (default-testResources) @ kie-internal ---
[INFO] Copying 5 resources from src/test/resources to target/test-classes
[INFO] Copying 3 resources from target/maven-shared-archive-resources to target/test-classes
[INFO] 
[INFO] --- maven-compiler-plugin:3.8.1:testCompile (default-testCompile) @ kie-internal ---
[INFO] Changes detected - recompiling the module!
[INFO] Compiling 3 source files to /home/srafi/after-cam-ready/compare_/compile_repair_output/work/2293113fddae/kie-internal/target/test-classes
[INFO] 
[INFO] --- maven-surefire-plugin:3.0.0-M8-SNAPSHOT:test (default-test) @ kie-internal ---
[INFO] Tests are skipped.
[INFO] 
[INFO] --- maven-jar-plugin:3.4.0:jar (default-jar) @ kie-internal ---
[INFO] Building jar: /home/srafi/after-cam-ready/compare_/compile_repair_output/work/2293113fddae/kie-internal/target/kie-internal-999-SNAPSHOT.jar
[INFO] 
[INFO] --- maven-source-plugin:3.3.1:jar-no-fork (attach-sources) @ kie-internal ---
[INFO] Building jar: /home/srafi/after-cam-ready/compare_/compile_repair_output/work/2293113fddae/kie-internal/target/kie-internal-999-SNAPSHOT-sources.jar
[INFO] 
[INFO] --- maven-source-plugin:3.3.1:test-jar-no-fork (attach-test-sources) @ kie-internal ---
[INFO] Building jar: /home/srafi/after-cam-ready/compare_/compile_repair_output/work/2293113fddae/kie-internal/target/kie-internal-999-SNAPSHOT-test-sources.jar
[INFO] 
[INFO] --- maven-jar-plugin:3.4.0:test-jar (test-jar) @ kie-internal ---
[INFO] Building jar: /home/srafi/after-cam-ready/compare_/compile_repair_output/work/2293113fddae/kie-internal/target/kie-internal-999-SNAPSHOT-tests.jar
[INFO] 
[INFO] --- maven-javadoc-plugin:3.6.2:jar (default) @ kie-internal ---
[INFO] Skipping javadoc generation
[INFO] 
[INFO] --- maven-failsafe-plugin:3.0.0-M8-SNAPSHOT:integration-test (default) @ kie-internal ---
[INFO] Tests are skipped.
[INFO] 
[INFO] --- maven-failsafe-plugin:3.0.0-M8-SNAPSHOT:verify (default) @ kie-internal ---
[INFO] Tests are skipped.
[INFO] 
[INFO] --- maven-install-plugin:3.1.1:install (default-install) @ kie-internal ---
[INFO] Installing /home/srafi/after-cam-ready/compare_/compile_repair_output/work/2293113fddae/kie-internal/pom.xml to /home/srafi/.m2/repository/org/kie/kie-internal/999-SNAPSHOT/kie-internal-999-SNAPSHOT.pom
[INFO] Installing /home/srafi/after-cam-ready/compare_/compile_repair_output/work/2293113fddae/kie-internal/target/kie-internal-999-SNAPSHOT.jar to /home/srafi/.m2/repository/org/kie/kie-internal/999-SNAPSHOT/kie-internal-999-SNAPSHOT.jar
[INFO] Installing /home/srafi/after-cam-ready/compare_/compile_repair_output/work/2293113fddae/kie-internal/target/kie-internal-999-SNAPSHOT-sources.jar to /home/srafi/.m2/repository/org/kie/kie-internal/999-SNAPSHOT/kie-internal-999-SNAPSHOT-sources.jar
[INFO] Installing /home/srafi/after-cam-ready/compare_/compile_repair_output/work/2293113fddae/kie-internal/target/kie-internal-999-SNAPSHOT-test-sources.jar to /home/srafi/.m2/repository/org/kie/kie-internal/999-SNAPSHOT/kie-internal-999-SNAPSHOT-test-sources.jar
[INFO] Installing /home/srafi/after-cam-ready/compare_/compile_repair_output/work/2293113fddae/kie-internal/target/kie-internal-999-SNAPSHOT-tests.jar to /home/srafi/.m2/repository/org/kie/kie-internal/999-SNAPSHOT/kie-internal-999-SNAPSHOT-tests.jar
[INFO] 
[INFO] --------------------------< org.kie:kie-util >--------------------------
[INFO] Building KIE :: Util 999-SNAPSHOT                                 [5/27]
[INFO] --------------------------------[ pom ]---------------------------------
[INFO] 
[INFO] --- maven-clean-plugin:3.3.2:clean (default-clean) @ kie-util ---
[INFO] 
[INFO] --- maven-checkstyle-plugin:3.3.0:check (validate) @ kie-util ---
[INFO] 
[INFO] --- build-helper-maven-plugin:3.4.0:add-source (default) @ kie-util ---
[INFO] Source directory: /home/srafi/after-cam-ready/compare_/compile_repair_output/work/2293113fddae/kie-util/target/generated-sources/annotations added.
[INFO] 
[INFO] --- build-helper-maven-plugin:3.4.0:parse-version (default) @ kie-util ---
[INFO] 
[INFO] --- maven-remote-resources-plugin:3.2.0:process (process-resource-bundles) @ kie-util ---
[INFO] Preparing remote bundle org.apache.apache.resources:apache-jar-resource-bundle:1.5
[INFO] Copying 3 resources from 1 bundle.
[INFO] 
[INFO] --- maven-source-plugin:3.3.1:jar-no-fork (attach-sources) @ kie-util ---
[INFO] 
[INFO] --- maven-source-plugin:3.3.1:test-jar-no-fork (attach-test-sources) @ kie-util ---
[INFO] 
[INFO] --- maven-jar-plugin:3.4.0:test-jar (test-jar) @ kie-util ---
[INFO] Skipping packaging of the test-jar
[INFO] 
[INFO] --- maven-failsafe-plugin:3.0.0-M8-SNAPSHOT:integration-test (default) @ kie-util ---
[INFO] Tests are skipped.
[INFO] 
[INFO] --- maven-failsafe-plugin:3.0.0-M8-SNAPSHOT:verify (default) @ kie-util ---
[INFO] Tests are skipped.
[INFO] 
[INFO] --- maven-install-plugin:3.1.1:install (default-install) @ kie-util ---
[INFO] Installing /home/srafi/after-cam-ready/compare_/compile_repair_output/work/2293113fddae/kie-util/pom.xml to /home/srafi/.m2/repository/org/kie/kie-util/999-SNAPSHOT/kie-util-999-SNAPSHOT.pom
[INFO] 
[INFO] -------------------< org.kie:kie-util-maven-support >-------------------
[INFO] Building KIE :: Util :: Maven Support 999-SNAPSHOT                [6/27]
[INFO] --------------------------------[ jar ]---------------------------------
[INFO] 
[INFO] --- maven-clean-plugin:3.3.2:clean (default-clean) @ kie-util-maven-support ---
[INFO] 
[INFO] --- maven-checkstyle-plugin:3.3.0:check (validate) @ kie-util-maven-support ---
[INFO] 
[INFO] --- build-helper-maven-plugin:3.4.0:add-source (default) @ kie-util-maven-support ---
[INFO] Source directory: /home/srafi/after-cam-ready/compare_/compile_repair_output/work/2293113fddae/kie-util/kie-util-maven-support/target/generated-sources/annotations added.
[INFO] 
[INFO] --- build-helper-maven-plugin:3.4.0:parse-version (default) @ kie-util-maven-support ---
[INFO] 
[INFO] --- maven-remote-resources-plugin:3.2.0:process (process-resource-bundles) @ kie-util-maven-support ---
[INFO] Preparing remote bundle org.apache.apache.resources:apache-jar-resource-bundle:1.5
[INFO] Copying 3 resources from 1 bundle.
[INFO] 
[INFO] --- maven-resources-plugin:3.3.1:resources (default-resources) @ kie-util-maven-support ---
[INFO] skip non existing resourceDirectory /home/srafi/after-cam-ready/compare_/compile_repair_output/work/2293113fddae/kie-util/kie-util-maven-support/src/main/resources
[INFO] Copying 3 resources from target/maven-shared-archive-resources to target/classes
[INFO] 
[INFO] --- maven-compiler-plugin:3.8.1:compile (default-compile) @ kie-util-maven-support ---
[INFO] Changes detected - recompiling the module!
[INFO] Compiling 5 source files to /home/srafi/after-cam-ready/compare_/compile_repair_output/work/2293113fddae/kie-util/kie-util-maven-support/target/classes
[INFO] /home/srafi/after-cam-ready/compare_/compile_repair_output/work/2293113fddae/kie-util/kie-util-maven-support/src/main/java/org/kie/util/maven/support/PomModel.java: /home/srafi/after-cam-ready/compare_/compile_repair_output/work/2293113fddae/kie-util/kie-util-maven-support/src/main/java/org/kie/util/maven/support/PomModel.java uses or overrides a deprecated API.
[INFO] /home/srafi/after-cam-ready/compare_/compile_repair_output/work/2293113fddae/kie-util/kie-util-maven-support/src/main/java/org/kie/util/maven/support/PomModel.java: Recompile with -Xlint:deprecation for details.
[INFO] 
[INFO] --- maven-resources-plugin:3.3.1:testResources (default-testResources) @ kie-util-maven-support ---
[INFO] skip non existing resourceDirectory /home/srafi/after-cam-ready/compare_/compile_repair_output/work/2293113fddae/kie-util/kie-util-maven-support/src/test/resources
[INFO] Copying 3 resources from target/maven-shared-archive-resources to target/test-classes
[INFO] 
[INFO] --- maven-compiler-plugin:3.8.1:testCompile (default-testCompile) @ kie-util-maven-support ---
[INFO] No sources to compile
[INFO] 
[INFO] --- maven-surefire-plugin:3.0.0-M8-SNAPSHOT:test (default-test) @ kie-util-maven-support ---
[INFO] Tests are skipped.
[INFO] 
[INFO] --- maven-jar-plugin:3.4.0:jar (default-jar) @ kie-util-maven-support ---
[INFO] Building jar: /home/srafi/after-cam-ready/compare_/compile_repair_output/work/2293113fddae/kie-util/kie-util-maven-support/target/kie-util-maven-support-999-SNAPSHOT.jar
[INFO] 
[INFO] --- maven-source-plugin:3.3.1:jar-no-fork (attach-sources) @ kie-util-maven-support ---
[INFO] Building jar: /home/srafi/after-cam-ready/compare_/compile_repair_output/work/2293113fddae/kie-util/kie-util-maven-support/target/kie-util-maven-support-999-SNAPSHOT-sources.jar
[INFO] 
[INFO] --- maven-source-plugin:3.3.1:test-jar-no-fork (attach-test-sources) @ kie-util-maven-support ---
[INFO] Building jar: /home/srafi/after-cam-ready/compare_/compile_repair_output/work/2293113fddae/kie-util/kie-util-maven-support/target/kie-util-maven-support-999-SNAPSHOT-test-sources.jar
[INFO] 
[INFO] --- maven-jar-plugin:3.4.0:test-jar (test-jar) @ kie-util-maven-support ---
[INFO] Building jar: /home/srafi/after-cam-ready/compare_/compile_repair_output/work/2293113fddae/kie-util/kie-util-maven-support/target/kie-util-maven-support-999-SNAPSHOT-tests.jar
[INFO] 
[INFO] --- maven-failsafe-plugin:3.0.0-M8-SNAPSHOT:integration-test (default) @ kie-util-maven-support ---
[INFO] Tests are skipped.
[INFO] 
[INFO] --- maven-failsafe-plugin:3.0.0-M8-SNAPSHOT:verify (default) @ kie-util-maven-support ---
[INFO] Tests are skipped.
[INFO] 
[INFO] --- maven-install-plugin:3.1.1:install (default-install) @ kie-util-maven-support ---
[INFO] Installing /home/srafi/after-cam-ready/compare_/compile_repair_output/work/2293113fddae/kie-util/kie-util-maven-support/pom.xml to /home/srafi/.m2/repository/org/kie/kie-util-maven-support/999-SNAPSHOT/kie-util-maven-support-999-SNAPSHOT.pom
[INFO] Installing /home/srafi/after-cam-ready/compare_/compile_repair_output/work/2293113fddae/kie-util/kie-util-maven-support/target/kie-util-maven-support-999-SNAPSHOT.jar to /home/srafi/.m2/repository/org/kie/kie-util-maven-support/999-SNAPSHOT/kie-util-maven-support-999-SNAPSHOT.jar
[INFO] Installing /home/srafi/after-cam-ready/compare_/compile_repair_output/work/2293113fddae/kie-util/kie-util-maven-support/target/kie-util-maven-support-999-SNAPSHOT-sources.jar to /home/srafi/.m2/repository/org/kie/kie-util-maven-support/999-SNAPSHOT/kie-util-maven-support-999-SNAPSHOT-sources.jar
[INFO] Installing /home/srafi/after-cam-ready/compare_/compile_repair_output/work/2293113fddae/kie-util/kie-util-maven-support/target/kie-util-maven-support-999-SNAPSHOT-test-sources.jar to /home/srafi/.m2/repository/org/kie/kie-util-maven-support/999-SNAPSHOT/kie-util-maven-support-999-SNAPSHOT-test-sources.jar
[INFO] Installing /home/srafi/after-cam-ready/compare_/compile_repair_output/work/2293113fddae/kie-util/kie-util-maven-support/target/kie-util-maven-support-999-SNAPSHOT-tests.jar to /home/srafi/.m2/repository/org/kie/kie-util-maven-support/999-SNAPSHOT/kie-util-maven-support-999-SNAPSHOT-tests.jar
[INFO] 
[INFO] ------------------------< org.kie:kie-util-xml >------------------------
[INFO] Building KIE :: Util :: XML supposrt 999-SNAPSHOT                 [7/27]
[INFO] --------------------------------[ jar ]---------------------------------
[INFO] 
[INFO] --- maven-clean-plugin:3.3.2:clean (default-clean) @ kie-util-xml ---
[INFO] 
[INFO] --- maven-checkstyle-plugin:3.3.0:check (validate) @ kie-util-xml ---
[INFO] 
[INFO] --- build-helper-maven-plugin:3.4.0:add-source (default) @ kie-util-xml ---
[INFO] Source directory: /home/srafi/after-cam-ready/compare_/compile_repair_output/work/2293113fddae/kie-util/kie-util-xml/target/generated-sources/annotations added.
[INFO] 
[INFO] --- build-helper-maven-plugin:3.4.0:parse-version (default) @ kie-util-xml ---
[INFO] 
[INFO] --- maven-remote-resources-plugin:3.2.0:process (process-resource-bundles) @ kie-util-xml ---
[INFO] Preparing remote bundle org.apache.apache.resources:apache-jar-resource-bundle:1.5
[INFO] Copying 3 resources from 1 bundle.
[INFO] 
[INFO] --- maven-resources-plugin:3.3.1:resources (default-resources) @ kie-util-xml ---
[INFO] skip non existing resourceDirectory /home/srafi/after-cam-ready/compare_/compile_repair_output/work/2293113fddae/kie-util/kie-util-xml/src/main/resources
[INFO] Copying 3 resources from target/maven-shared-archive-resources to target/classes
[INFO] 
[INFO] --- maven-compiler-plugin:3.8.1:compile (default-compile) @ kie-util-xml ---
[INFO] Changes detected - recompiling the module!
[INFO] Compiling 6 source files to /home/srafi/after-cam-ready/compare_/compile_repair_output/work/2293113fddae/kie-util/kie-util-xml/target/classes
[INFO] /home/srafi/after-cam-ready/compare_/compile_repair_output/work/2293113fddae/kie-util/kie-util-xml/src/main/java/org/kie/utll/xml/XStreamUtils.java: /home/srafi/after-cam-ready/compare_/compile_repair_output/work/2293113fddae/kie-util/kie-util-xml/src/main/java/org/kie/utll/xml/XStreamUtils.java uses or overrides a deprecated API.
[INFO] /home/srafi/after-cam-ready/compare_/compile_repair_output/work/2293113fddae/kie-util/kie-util-xml/src/main/java/org/kie/utll/xml/XStreamUtils.java: Recompile with -Xlint:deprecation for details.
[INFO] /home/srafi/after-cam-ready/compare_/compile_repair_output/work/2293113fddae/kie-util/kie-util-xml/src/main/java/org/kie/utll/xml/AnyAnnotationTypePermission.java: /home/srafi/after-cam-ready/compare_/compile_repair_output/work/2293113fddae/kie-util/kie-util-xml/src/main/java/org/kie/utll/xml/AnyAnnotationTypePermission.java uses unchecked or unsafe operations.
[INFO] /home/srafi/after-cam-ready/compare_/compile_repair_output/work/2293113fddae/kie-util/kie-util-xml/src/main/java/org/kie/utll/xml/AnyAnnotationTypePermission.java: Recompile with -Xlint:unchecked for details.
[INFO] 
[INFO] --- maven-resources-plugin:3.3.1:testResources (default-testResources) @ kie-util-xml ---
[INFO] skip non existing resourceDirectory /home/srafi/after-cam-ready/compare_/compile_repair_output/work/2293113fddae/kie-util/kie-util-xml/src/test/resources
[INFO] Copying 3 resources from target/maven-shared-archive-resources to target/test-classes
[INFO] 
[INFO] --- maven-compiler-plugin:3.8.1:testCompile (default-testCompile) @ kie-util-xml ---
[INFO] No sources to compile
[INFO] 
[INFO] --- maven-surefire-plugin:3.0.0-M8-SNAPSHOT:test (default-test) @ kie-util-xml ---
[INFO] Tests are skipped.
[INFO] 
[INFO] --- maven-jar-plugin:3.4.0:jar (default-jar) @ kie-util-xml ---
[INFO] Building jar: /home/srafi/after-cam-ready/compare_/compile_repair_output/work/2293113fddae/kie-util/kie-util-xml/target/kie-util-xml-999-SNAPSHOT.jar
[INFO] 
[INFO] --- maven-source-plugin:3.3.1:jar-no-fork (attach-sources) @ kie-util-xml ---
[INFO] Building jar: /home/srafi/after-cam-ready/compare_/compile_repair_output/work/2293113fddae/kie-util/kie-util-xml/target/kie-util-xml-999-SNAPSHOT-sources.jar
[INFO] 
[INFO] --- maven-source-plugin:3.3.1:test-jar-no-fork (attach-test-sources) @ kie-util-xml ---
[INFO] Building jar: /home/srafi/after-cam-ready/compare_/compile_repair_output/work/2293113fddae/kie-util/kie-util-xml/target/kie-util-xml-999-SNAPSHOT-test-sources.jar
[INFO] 
[INFO] --- maven-jar-plugin:3.4.0:test-jar (test-jar) @ kie-util-xml ---
[INFO] Building jar: /home/srafi/after-cam-ready/compare_/compile_repair_output/work/2293113fddae/kie-util/kie-util-xml/target/kie-util-xml-999-SNAPSHOT-tests.jar
[INFO] 
[INFO] --- maven-failsafe-plugin:3.0.0-M8-SNAPSHOT:integration-test (default) @ kie-util-xml ---
[INFO] Tests are skipped.
[INFO] 
[INFO] --- maven-failsafe-plugin:3.0.0-M8-SNAPSHOT:verify (default) @ kie-util-xml ---
[INFO] Tests are skipped.
[INFO] 
[INFO] --- maven-install-plugin:3.1.1:install (default-install) @ kie-util-xml ---
[INFO] Installing /home/srafi/after-cam-ready/compare_/compile_repair_output/work/2293113fddae/kie-util/kie-util-xml/pom.xml to /home/srafi/.m2/repository/org/kie/kie-util-xml/999-SNAPSHOT/kie-util-xml-999-SNAPSHOT.pom
[INFO] Installing /home/srafi/after-cam-ready/compare_/compile_repair_output/work/2293113fddae/kie-util/kie-util-xml/target/kie-util-xml-999-SNAPSHOT.jar to /home/srafi/.m2/repository/org/kie/kie-util-xml/999-SNAPSHOT/kie-util-xml-999-SNAPSHOT.jar
[INFO] Installing /home/srafi/after-cam-ready/compare_/compile_repair_output/work/2293113fddae/kie-util/kie-util-xml/target/kie-util-xml-999-SNAPSHOT-sources.jar to /home/srafi/.m2/repository/org/kie/kie-util-xml/999-SNAPSHOT/kie-util-xml-999-SNAPSHOT-sources.jar
[INFO] Installing /home/srafi/after-cam-ready/compare_/compile_repair_output/work/2293113fddae/kie-util/kie-util-xml/target/kie-util-xml-999-SNAPSHOT-test-sources.jar to /home/srafi/.m2/repository/org/kie/kie-util-xml/999-SNAPSHOT/kie-util-xml-999-SNAPSHOT-test-sources.jar
[INFO] Installing /home/srafi/after-cam-ready/compare_/compile_repair_output/work/2293113fddae/kie-util/kie-util-xml/target/kie-util-xml-999-SNAPSHOT-tests.jar to /home/srafi/.m2/repository/org/kie/kie-util-xml/999-SNAPSHOT/kie-util-xml-999-SNAPSHOT-tests.jar
[INFO] 
[INFO] -----------------------< org.drools:drools-util >-----------------------
[INFO] Building Drools :: Util 999-SNAPSHOT                              [8/27]
[INFO] --------------------------------[ jar ]---------------------------------
[INFO] Downloading from central: https://repo.maven.apache.org/maven2/org/eclipse/microprofile/config/microprofile-config-api/3.1/microprofile-config-api-3.1.pom
[INFO] Downloaded from central: https://repo.maven.apache.org/maven2/org/eclipse/microprofile/config/microprofile-config-api/3.1/microprofile-config-api-3.1.pom (1.7 kB at 51 kB/s)
[INFO] Downloading from central: https://repo.maven.apache.org/maven2/org/eclipse/microprofile/config/microprofile-config-parent/3.1/microprofile-config-parent-3.1.pom
[INFO] Downloaded from central: https://repo.maven.apache.org/maven2/org/eclipse/microprofile/config/microprofile-config-parent/3.1/microprofile-config-parent-3.1.pom (4.2 kB at 132 kB/s)
[INFO] Downloading from central: https://repo.maven.apache.org/maven2/org/eclipse/microprofile/microprofile-parent/2.8/microprofile-parent-2.8.pom
[INFO] Downloaded from central: https://repo.maven.apache.org/maven2/org/eclipse/microprofile/microprofile-parent/2.8/microprofile-parent-2.8.pom (50 kB at 1.5 MB/s)
[INFO] Downloading from central: https://repo.maven.apache.org/maven2/org/eclipse/microprofile/config/microprofile-config-api/3.1/microprofile-config-api-3.1.jar
[INFO] Downloaded from central: https://repo.maven.apache.org/maven2/org/eclipse/microprofile/config/microprofile-config-api/3.1/microprofile-config-api-3.1.jar (18 kB at 633 kB/s)
[INFO] 
[INFO] --- maven-clean-plugin:3.3.2:clean (default-clean) @ drools-util ---
[INFO] 
[INFO] --- maven-checkstyle-plugin:3.3.0:check (validate) @ drools-util ---
[INFO] 
[INFO] --- build-helper-maven-plugin:3.4.0:add-source (default) @ drools-util ---
[INFO] Source directory: /home/srafi/after-cam-ready/compare_/compile_repair_output/work/2293113fddae/drools-util/target/generated-sources/annotations added.
[INFO] 
[INFO] --- build-helper-maven-plugin:3.4.0:parse-version (default) @ drools-util ---
[INFO] 
[INFO] --- maven-remote-resources-plugin:3.2.0:process (process-resource-bundles) @ drools-util ---
[INFO] Preparing remote bundle org.apache.apache.resources:apache-jar-resource-bundle:1.5
[INFO] Copying 3 resources from 1 bundle.
[INFO] 
[INFO] --- maven-resources-plugin:3.3.1:resources (default-resources) @ drools-util ---
[INFO] skip non existing resourceDirectory /home/srafi/after-cam-ready/compare_/compile_repair_output/work/2293113fddae/drools-util/src/main/resources
[INFO] Copying 3 resources from target/maven-shared-archive-resources to target/classes
[INFO] 
[INFO] --- maven-compiler-plugin:3.8.1:compile (default-compile) @ drools-util ---
[INFO] Changes detected - recompiling the module!
[INFO] Compiling 30 source files to /home/srafi/after-cam-ready/compare_/compile_repair_output/work/2293113fddae/drools-util/target/classes
[INFO] /home/srafi/after-cam-ready/compare_/compile_repair_output/work/2293113fddae/drools-util/src/main/java/org/drools/util/ClassUtils.java: /home/srafi/after-cam-ready/compare_/compile_repair_output/work/2293113fddae/drools-util/src/main/java/org/drools/util/ClassUtils.java uses or overrides a deprecated API.
[INFO] /home/srafi/after-cam-ready/compare_/compile_repair_output/work/2293113fddae/drools-util/src/main/java/org/drools/util/ClassUtils.java: Recompile with -Xlint:deprecation for details.
[INFO] /home/srafi/after-cam-ready/compare_/compile_repair_output/work/2293113fddae/drools-util/src/main/java/org/drools/util/StringUtils.java: Some input files use unchecked or unsafe operations.
[INFO] /home/srafi/after-cam-ready/compare_/compile_repair_output/work/2293113fddae/drools-util/src/main/java/org/drools/util/StringUtils.java: Recompile with -Xlint:unchecked for details.
[INFO] 
[INFO] --- maven-resources-plugin:3.3.1:testResources (default-testResources) @ drools-util ---
[INFO] Copying 3 resources from src/test/resources to target/test-classes
[INFO] Copying 3 resources from target/maven-shared-archive-resources to target/test-classes
[INFO] 
[INFO] --- maven-compiler-plugin:3.8.1:testCompile (default-testCompile) @ drools-util ---
[INFO] Changes detected - recompiling the module!
[INFO] Compiling 7 source files to /home/srafi/after-cam-ready/compare_/compile_repair_output/work/2293113fddae/drools-util/target/test-classes
[INFO] /home/srafi/after-cam-ready/compare_/compile_repair_output/work/2293113fddae/drools-util/src/test/java/org/drools/util/bitmask/LongBitMaskTest.java: /home/srafi/after-cam-ready/compare_/compile_repair_output/work/2293113fddae/drools-util/src/test/java/org/drools/util/bitmask/LongBitMaskTest.java uses or overrides a deprecated API.
[INFO] /home/srafi/after-cam-ready/compare_/compile_repair_output/work/2293113fddae/drools-util/src/test/java/org/drools/util/bitmask/LongBitMaskTest.java: Recompile with -Xlint:deprecation for details.
[INFO] /home/srafi/after-cam-ready/compare_/compile_repair_output/work/2293113fddae/drools-util/src/test/java/org/drools/util/TypeResolverTest.java: /home/srafi/after-cam-ready/compare_/compile_repair_output/work/2293113fddae/drools-util/src/test/java/org/drools/util/TypeResolverTest.java uses unchecked or unsafe operations.
[INFO] /home/srafi/after-cam-ready/compare_/compile_repair_output/work/2293113fddae/drools-util/src/test/java/org/drools/util/TypeResolverTest.java: Recompile with -Xlint:unchecked for details.
[INFO] 
[INFO] --- maven-surefire-plugin:3.0.0-M8-SNAPSHOT:test (default-test) @ drools-util ---
[INFO] Tests are skipped.
[INFO] 
[INFO] --- maven-jar-plugin:3.4.0:jar (default-jar) @ drools-util ---
[INFO] Building jar: /home/srafi/after-cam-ready/compare_/compile_repair_output/work/2293113fddae/drools-util/target/drools-util-999-SNAPSHOT.jar
[INFO] 
[INFO] --- maven-source-plugin:3.3.1:jar-no-fork (attach-sources) @ drools-util ---
[INFO] Building jar: /home/srafi/after-cam-ready/compare_/compile_repair_output/work/2293113fddae/drools-util/target/drools-util-999-SNAPSHOT-sources.jar
[INFO] 
[INFO] --- maven-source-plugin:3.3.1:test-jar-no-fork (attach-test-sources) @ drools-util ---
[INFO] Building jar: /home/srafi/after-cam-ready/compare_/compile_repair_output/work/2293113fddae/drools-util/target/drools-util-999-SNAPSHOT-test-sources.jar
[INFO] 
[INFO] --- maven-jar-plugin:3.4.0:test-jar (test-jar) @ drools-util ---
[INFO] Building jar: /home/srafi/after-cam-ready/compare_/compile_repair_output/work/2293113fddae/drools-util/target/drools-util-999-SNAPSHOT-tests.jar
[INFO] 
[INFO] --- maven-failsafe-plugin:3.0.0-M8-SNAPSHOT:integration-test (default) @ drools-util ---
[INFO] Tests are skipped.
[INFO] 
[INFO] --- maven-failsafe-plugin:3.0.0-M8-SNAPSHOT:verify (default) @ drools-util ---
[INFO] Tests are skipped.
[INFO] 
[INFO] --- maven-install-plugin:3.1.1:install (default-install) @ drools-util ---
[INFO] Installing /home/srafi/after-cam-ready/compare_/compile_repair_output/work/2293113fddae/drools-util/pom.xml to /home/srafi/.m2/repository/org/drools/drools-util/999-SNAPSHOT/drools-util-999-SNAPSHOT.pom
[INFO] Installing /home/srafi/after-cam-ready/compare_/compile_repair_output/work/2293113fddae/drools-util/target/drools-util-999-SNAPSHOT.jar to /home/srafi/.m2/repository/org/drools/drools-util/999-SNAPSHOT/drools-util-999-SNAPSHOT.jar
[INFO] Installing /home/srafi/after-cam-ready/compare_/compile_repair_output/work/2293113fddae/drools-util/target/drools-util-999-SNAPSHOT-sources.jar to /home/srafi/.m2/repository/org/drools/drools-util/999-SNAPSHOT/drools-util-999-SNAPSHOT-sources.jar
[INFO] Installing /home/srafi/after-cam-ready/compare_/compile_repair_output/work/2293113fddae/drools-util/target/drools-util-999-SNAPSHOT-test-sources.jar to /home/srafi/.m2/repository/org/drools/drools-util/999-SNAPSHOT/drools-util-999-SNAPSHOT-test-sources.jar
[INFO] Installing /home/srafi/after-cam-ready/compare_/compile_repair_output/work/2293113fddae/drools-util/target/drools-util-999-SNAPSHOT-tests.jar to /home/srafi/.m2/repository/org/drools/drools-util/999-SNAPSHOT/drools-util-999-SNAPSHOT-tests.jar
[INFO] 
[INFO] --------------------< org.kie:kie-memory-compiler >---------------------
[INFO] Building KIE :: Memory Compiler 999-SNAPSHOT                      [9/27]
[INFO] --------------------------------[ jar ]---------------------------------
[INFO] 
[INFO] --- maven-clean-plugin:3.3.2:clean (default-clean) @ kie-memory-compiler ---
[INFO] 
[INFO] --- maven-checkstyle-plugin:3.3.0:check (validate) @ kie-memory-compiler ---
[INFO] 
[INFO] --- build-helper-maven-plugin:3.4.0:add-source (default) @ kie-memory-compiler ---
[INFO] Source directory: /home/srafi/after-cam-ready/compare_/compile_repair_output/work/2293113fddae/kie-memory-compiler/target/generated-sources/annotations added.
[INFO] 
[INFO] --- build-helper-maven-plugin:3.4.0:parse-version (default) @ kie-memory-compiler ---
[INFO] 
[INFO] --- maven-remote-resources-plugin:3.2.0:process (process-resource-bundles) @ kie-memory-compiler ---
[INFO] Preparing remote bundle org.apache.apache.resources:apache-jar-resource-bundle:1.5
[INFO] Copying 3 resources from 1 bundle.
[INFO] 
[INFO] --- maven-resources-plugin:3.3.1:resources (default-resources) @ kie-memory-compiler ---
[INFO] skip non existing resourceDirectory /home/srafi/after-cam-ready/compare_/compile_repair_output/work/2293113fddae/kie-memory-compiler/src/main/resources
[INFO] Copying 3 resources from target/maven-shared-archive-resources to target/classes
[INFO] 
[INFO] --- maven-compiler-plugin:3.8.1:compile (default-compile) @ kie-memory-compiler ---
[INFO] Changes detected - recompiling the module!
[INFO] Compiling 20 source files to /home/srafi/after-cam-ready/compare_/compile_repair_output/work/2293113fddae/kie-memory-compiler/target/classes
[INFO] /home/srafi/after-cam-ready/compare_/compile_repair_output/work/2293113fddae/kie-memory-compiler/src/main/java/org/kie/memorycompiler/jdknative/NativeJavaCompiler.java: Some input files use unchecked or unsafe operations.
[INFO] /home/srafi/after-cam-ready/compare_/compile_repair_output/work/2293113fddae/kie-memory-compiler/src/main/java/org/kie/memorycompiler/jdknative/NativeJavaCompiler.java: Recompile with -Xlint:unchecked for details.
[INFO] 
[INFO] --- maven-resources-plugin:3.3.1:testResources (default-testResources) @ kie-memory-compiler ---
[INFO] skip non existing resourceDirectory /home/srafi/after-cam-ready/compare_/compile_repair_output/work/2293113fddae/kie-memory-compiler/src/test/resources
[INFO] Copying 3 resources from target/maven-shared-archive-resources to target/test-classes
[INFO] 
[INFO] --- maven-compiler-plugin:3.8.1:testCompile (default-testCompile) @ kie-memory-compiler ---
[INFO] Changes detected - recompiling the module!
[INFO] Compiling 2 source files to /home/srafi/after-cam-ready/compare_/compile_repair_output/work/2293113fddae/kie-memory-compiler/target/test-classes
[INFO] 
[INFO] --- maven-surefire-plugin:3.0.0-M8-SNAPSHOT:test (default-test) @ kie-memory-compiler ---
[INFO] Tests are skipped.
[INFO] 
[INFO] --- maven-jar-plugin:3.4.0:jar (default-jar) @ kie-memory-compiler ---
[INFO] Building jar: /home/srafi/after-cam-ready/compare_/compile_repair_output/work/2293113fddae/kie-memory-compiler/target/kie-memory-compiler-999-SNAPSHOT.jar
[INFO] 
[INFO] --- maven-source-plugin:3.3.1:jar-no-fork (attach-sources) @ kie-memory-compiler ---
[INFO] Building jar: /home/srafi/after-cam-ready/compare_/compile_repair_output/work/2293113fddae/kie-memory-compiler/target/kie-memory-compiler-999-SNAPSHOT-sources.jar
[INFO] 
[INFO] --- maven-source-plugin:3.3.1:test-jar-no-fork (attach-test-sources) @ kie-memory-compiler ---
[INFO] Building jar: /home/srafi/after-cam-ready/compare_/compile_repair_output/work/2293113fddae/kie-memory-compiler/target/kie-memory-compiler-999-SNAPSHOT-test-sources.jar
[INFO] 
[INFO] --- maven-jar-plugin:3.4.0:test-jar (test-jar) @ kie-memory-compiler ---
[INFO] Building jar: /home/srafi/after-cam-ready/compare_/compile_repair_output/work/2293113fddae/kie-memory-compiler/target/kie-memory-compiler-999-SNAPSHOT-tests.jar
[INFO] 
[INFO] --- maven-failsafe-plugin:3.0.0-M8-SNAPSHOT:integration-test (default) @ kie-memory-compiler ---
[INFO] Tests are skipped.
[INFO] 
[INFO] --- maven-failsafe-plugin:3.0.0-M8-SNAPSHOT:verify (default) @ kie-memory-compiler ---
[INFO] Tests are skipped.
[INFO] 
[INFO] --- maven-install-plugin:3.1.1:install (default-install) @ kie-memory-compiler ---
[INFO] Installing /home/srafi/after-cam-ready/compare_/compile_repair_output/work/2293113fddae/kie-memory-compiler/pom.xml to /home/srafi/.m2/repository/org/kie/kie-memory-compiler/999-SNAPSHOT/kie-memory-compiler-999-SNAPSHOT.pom
[INFO] Installing /home/srafi/after-cam-ready/compare_/compile_repair_output/work/2293113fddae/kie-memory-compiler/target/kie-memory-compiler-999-SNAPSHOT.jar to /home/srafi/.m2/repository/org/kie/kie-memory-compiler/999-SNAPSHOT/kie-memory-compiler-999-SNAPSHOT.jar
[INFO] Installing /home/srafi/after-cam-ready/compare_/compile_repair_output/work/2293113fddae/kie-memory-compiler/target/kie-memory-compiler-999-SNAPSHOT-sources.jar to /home/srafi/.m2/repository/org/kie/kie-memory-compiler/999-SNAPSHOT/kie-memory-compiler-999-SNAPSHOT-sources.jar
[INFO] Installing /home/srafi/after-cam-ready/compare_/compile_repair_output/work/2293113fddae/kie-memory-compiler/target/kie-memory-compiler-999-SNAPSHOT-test-sources.jar to /home/srafi/.m2/repository/org/kie/kie-memory-compiler/999-SNAPSHOT/kie-memory-compiler-999-SNAPSHOT-test-sources.jar
[INFO] Installing /home/srafi/after-cam-ready/compare_/compile_repair_output/work/2293113fddae/kie-memory-compiler/target/kie-memory-compiler-999-SNAPSHOT-tests.jar to /home/srafi/.m2/repository/org/kie/kie-memory-compiler/999-SNAPSHOT/kie-memory-compiler-999-SNAPSHOT-tests.jar
[INFO] 
[INFO] ----------------------< org.drools:drools-wiring >----------------------
[INFO] Building Drools :: Wiring :: Parent 999-SNAPSHOT                 [10/27]
[INFO] --------------------------------[ pom ]---------------------------------
[INFO] 
[INFO] --- maven-clean-plugin:3.3.2:clean (default-clean) @ drools-wiring ---
[INFO] 
[INFO] --- maven-checkstyle-plugin:3.3.0:check (validate) @ drools-wiring ---
[INFO] 
[INFO] --- build-helper-maven-plugin:3.4.0:add-source (default) @ drools-wiring ---
[INFO] Source directory: /home/srafi/after-cam-ready/compare_/compile_repair_output/work/2293113fddae/drools-wiring/target/generated-sources/annotations added.
[INFO] 
[INFO] --- build-helper-maven-plugin:3.4.0:parse-version (default) @ drools-wiring ---
[INFO] 
[INFO] --- maven-remote-resources-plugin:3.2.0:process (process-resource-bundles) @ drools-wiring ---
[INFO] Preparing remote bundle org.apache.apache.resources:apache-jar-resource-bundle:1.5
[INFO] Copying 3 resources from 1 bundle.
[INFO] 
[INFO] --- maven-source-plugin:3.3.1:jar-no-fork (attach-sources) @ drools-wiring ---
[INFO] 
[INFO] --- maven-source-plugin:3.3.1:test-jar-no-fork (attach-test-sources) @ drools-wiring ---
[INFO] 
[INFO] --- maven-jar-plugin:3.4.0:test-jar (test-jar) @ drools-wiring ---
[INFO] Skipping packaging of the test-jar
[INFO] 
[INFO] --- maven-failsafe-plugin:3.0.0-M8-SNAPSHOT:integration-test (default) @ drools-wiring ---
[INFO] Tests are skipped.
[INFO] 
[INFO] --- maven-failsafe-plugin:3.0.0-M8-SNAPSHOT:verify (default) @ drools-wiring ---
[INFO] Tests are skipped.
[INFO] 
[INFO] --- maven-install-plugin:3.1.1:install (default-install) @ drools-wiring ---
[INFO] Installing /home/srafi/after-cam-ready/compare_/compile_repair_output/work/2293113fddae/drools-wiring/pom.xml to /home/srafi/.m2/repository/org/drools/drools-wiring/999-SNAPSHOT/drools-wiring-999-SNAPSHOT.pom
[INFO] 
[INFO] --------------------< org.drools:drools-wiring-api >--------------------
[INFO] Building Drools :: Wiring :: API 999-SNAPSHOT                    [11/27]
[INFO] --------------------------------[ jar ]---------------------------------
[INFO] Downloading from central: https://repo.maven.apache.org/maven2/org/junit/jupiter/junit-jupiter/5.10.2/junit-jupiter-5.10.2.pom
[INFO] Downloaded from central: https://repo.maven.apache.org/maven2/org/junit/jupiter/junit-jupiter/5.10.2/junit-jupiter-5.10.2.pom (3.2 kB at 92 kB/s)
[INFO] Downloading from central: https://repo.maven.apache.org/maven2/org/junit/jupiter/junit-jupiter/5.10.2/junit-jupiter-5.10.2.jar
[INFO] Downloaded from central: https://repo.maven.apache.org/maven2/org/junit/jupiter/junit-jupiter/5.10.2/junit-jupiter-5.10.2.jar (6.4 kB at 227 kB/s)
[INFO] 
[INFO] --- maven-clean-plugin:3.3.2:clean (default-clean) @ drools-wiring-api ---
[INFO] 
[INFO] --- maven-checkstyle-plugin:3.3.0:check (validate) @ drools-wiring-api ---
[INFO] 
[INFO] --- build-helper-maven-plugin:3.4.0:add-source (default) @ drools-wiring-api ---
[INFO] Source directory: /home/srafi/after-cam-ready/compare_/compile_repair_output/work/2293113fddae/drools-wiring/drools-wiring-api/target/generated-sources/annotations added.
[INFO] 
[INFO] --- build-helper-maven-plugin:3.4.0:parse-version (default) @ drools-wiring-api ---
[INFO] 
[INFO] --- maven-remote-resources-plugin:3.2.0:process (process-resource-bundles) @ drools-wiring-api ---
[INFO] Preparing remote bundle org.apache.apache.resources:apache-jar-resource-bundle:1.5
[INFO] Copying 3 resources from 1 bundle.
[INFO] 
[INFO] --- maven-resources-plugin:3.3.1:resources (default-resources) @ drools-wiring-api ---
[INFO] skip non existing resourceDirectory /home/srafi/after-cam-ready/compare_/compile_repair_output/work/2293113fddae/drools-wiring/drools-wiring-api/src/main/resources
[INFO] Copying 3 resources from target/maven-shared-archive-resources to target/classes
[INFO] 
[INFO] --- maven-compiler-plugin:3.8.1:compile (default-compile) @ drools-wiring-api ---
[INFO] Changes detected - recompiling the module!
[INFO] Compiling 6 source files to /home/srafi/after-cam-ready/compare_/compile_repair_output/work/2293113fddae/drools-wiring/drools-wiring-api/target/classes
[INFO] /home/srafi/after-cam-ready/compare_/compile_repair_output/work/2293113fddae/drools-wiring/drools-wiring-api/src/main/java/org/drools/wiring/api/util/ClassUtils.java: /home/srafi/after-cam-ready/compare_/compile_repair_output/work/2293113fddae/drools-wiring/drools-wiring-api/src/main/java/org/drools/wiring/api/util/ClassUtils.java uses or overrides a deprecated API.
[INFO] /home/srafi/after-cam-ready/compare_/compile_repair_output/work/2293113fddae/drools-wiring/drools-wiring-api/src/main/java/org/drools/wiring/api/util/ClassUtils.java: Recompile with -Xlint:deprecation for details.
[INFO] /home/srafi/after-cam-ready/compare_/compile_repair_output/work/2293113fddae/drools-wiring/drools-wiring-api/src/main/java/org/drools/wiring/api/util/ClassUtils.java: /home/srafi/after-cam-ready/compare_/compile_repair_output/work/2293113fddae/drools-wiring/drools-wiring-api/src/main/java/org/drools/wiring/api/util/ClassUtils.java uses or overrides a deprecated API that is marked for removal.
[INFO] /home/srafi/after-cam-ready/compare_/compile_repair_output/work/2293113fddae/drools-wiring/drools-wiring-api/src/main/java/org/drools/wiring/api/util/ClassUtils.java: Recompile with -Xlint:removal for details.
[INFO] /home/srafi/after-cam-ready/compare_/compile_repair_output/work/2293113fddae/drools-wiring/drools-wiring-api/src/main/java/org/drools/wiring/api/util/ClassUtils.java: /home/srafi/after-cam-ready/compare_/compile_repair_output/work/2293113fddae/drools-wiring/drools-wiring-api/src/main/java/org/drools/wiring/api/util/ClassUtils.java uses unchecked or unsafe operations.
[INFO] /home/srafi/after-cam-ready/compare_/compile_repair_output/work/2293113fddae/drools-wiring/drools-wiring-api/src/main/java/org/drools/wiring/api/util/ClassUtils.java: Recompile with -Xlint:unchecked for details.
[INFO] 
[INFO] --- maven-resources-plugin:3.3.1:testResources (default-testResources) @ drools-wiring-api ---
[INFO] skip non existing resourceDirectory /home/srafi/after-cam-ready/compare_/compile_repair_output/work/2293113fddae/drools-wiring/drools-wiring-api/src/test/resources
[INFO] Copying 3 resources from target/maven-shared-archive-resources to target/test-classes
[INFO] 
[INFO] --- maven-compiler-plugin:3.8.1:testCompile (default-testCompile) @ drools-wiring-api ---
[INFO] Changes detected - recompiling the module!
[INFO] Compiling 1 source file to /home/srafi/after-cam-ready/compare_/compile_repair_output/work/2293113fddae/drools-wiring/drools-wiring-api/target/test-classes
[INFO] 
[INFO] --- maven-surefire-plugin:3.0.0-M8-SNAPSHOT:test (default-test) @ drools-wiring-api ---
[INFO] Tests are skipped.
[INFO] 
[INFO] --- maven-jar-plugin:3.4.0:jar (default-jar) @ drools-wiring-api ---
[INFO] Building jar: /home/srafi/after-cam-ready/compare_/compile_repair_output/work/2293113fddae/drools-wiring/drools-wiring-api/target/drools-wiring-api-999-SNAPSHOT.jar
[INFO] 
[INFO] --- maven-source-plugin:3.3.1:jar-no-fork (attach-sources) @ drools-wiring-api ---
[INFO] Building jar: /home/srafi/after-cam-ready/compare_/compile_repair_output/work/2293113fddae/drools-wiring/drools-wiring-api/target/drools-wiring-api-999-SNAPSHOT-sources.jar
[INFO] 
[INFO] --- maven-source-plugin:3.3.1:test-jar-no-fork (attach-test-sources) @ drools-wiring-api ---
[INFO] Building jar: /home/srafi/after-cam-ready/compare_/compile_repair_output/work/2293113fddae/drools-wiring/drools-wiring-api/target/drools-wiring-api-999-SNAPSHOT-test-sources.jar
[INFO] 
[INFO] --- maven-jar-plugin:3.4.0:test-jar (test-jar) @ drools-wiring-api ---
[INFO] Building jar: /home/srafi/after-cam-ready/compare_/compile_repair_output/work/2293113fddae/drools-wiring/drools-wiring-api/target/drools-wiring-api-999-SNAPSHOT-tests.jar
[INFO] 
[INFO] --- maven-failsafe-plugin:3.0.0-M8-SNAPSHOT:integration-test (default) @ drools-wiring-api ---
[INFO] Tests are skipped.
[INFO] 
[INFO] --- maven-failsafe-plugin:3.0.0-M8-SNAPSHOT:verify (default) @ drools-wiring-api ---
[INFO] Tests are skipped.
[INFO] 
[INFO] --- maven-install-plugin:3.1.1:install (default-install) @ drools-wiring-api ---
[INFO] Installing /home/srafi/after-cam-ready/compare_/compile_repair_output/work/2293113fddae/drools-wiring/drools-wiring-api/pom.xml to /home/srafi/.m2/repository/org/drools/drools-wiring-api/999-SNAPSHOT/drools-wiring-api-999-SNAPSHOT.pom
[INFO] Installing /home/srafi/after-cam-ready/compare_/compile_repair_output/work/2293113fddae/drools-wiring/drools-wiring-api/target/drools-wiring-api-999-SNAPSHOT.jar to /home/srafi/.m2/repository/org/drools/drools-wiring-api/999-SNAPSHOT/drools-wiring-api-999-SNAPSHOT.jar
[INFO] Installing /home/srafi/after-cam-ready/compare_/compile_repair_output/work/2293113fddae/drools-wiring/drools-wiring-api/target/drools-wiring-api-999-SNAPSHOT-sources.jar to /home/srafi/.m2/repository/org/drools/drools-wiring-api/999-SNAPSHOT/drools-wiring-api-999-SNAPSHOT-sources.jar
[INFO] Installing /home/srafi/after-cam-ready/compare_/compile_repair_output/work/2293113fddae/drools-wiring/drools-wiring-api/target/drools-wiring-api-999-SNAPSHOT-test-sources.jar to /home/srafi/.m2/repository/org/drools/drools-wiring-api/999-SNAPSHOT/drools-wiring-api-999-SNAPSHOT-test-sources.jar
[INFO] Installing /home/srafi/after-cam-ready/compare_/compile_repair_output/work/2293113fddae/drools-wiring/drools-wiring-api/target/drools-wiring-api-999-SNAPSHOT-tests.jar to /home/srafi/.m2/repository/org/drools/drools-wiring-api/999-SNAPSHOT/drools-wiring-api-999-SNAPSHOT-tests.jar
[INFO] 
[INFO] -----------------------< org.drools:drools-base >-----------------------
[INFO] Building Drools :: base 999-SNAPSHOT                             [12/27]
[INFO] --------------------------------[ jar ]---------------------------------
[INFO] Downloading from central: https://repo.maven.apache.org/maven2/com/sun/xml/bind/jaxb-core/4.0.4/jaxb-core-4.0.4.pom
[INFO] Downloaded from central: https://repo.maven.apache.org/maven2/com/sun/xml/bind/jaxb-core/4.0.4/jaxb-core-4.0.4.pom (11 kB at 333 kB/s)
[INFO] Downloading from central: https://repo.maven.apache.org/maven2/org/mockito/mockito-core/5.2.0/mockito-core-5.2.0.pom
[INFO] Downloaded from central: https://repo.maven.apache.org/maven2/org/mockito/mockito-core/5.2.0/mockito-core-5.2.0.pom (2.5 kB at 76 kB/s)
[INFO] Downloading from central: https://repo.maven.apache.org/maven2/net/bytebuddy/byte-buddy-agent/1.14.1/byte-buddy-agent-1.14.1.pom
[INFO] Downloaded from central: https://repo.maven.apache.org/maven2/net/bytebuddy/byte-buddy-agent/1.14.1/byte-buddy-agent-1.14.1.pom (10 kB at 316 kB/s)
[INFO] Downloading from central: https://repo.maven.apache.org/maven2/net/bytebuddy/byte-buddy-parent/1.14.1/byte-buddy-parent-1.14.1.pom
[INFO] Downloaded from central: https://repo.maven.apache.org/maven2/net/bytebuddy/byte-buddy-parent/1.14.1/byte-buddy-parent-1.14.1.pom (58 kB at 1.8 MB/s)
[INFO] Downloading from central: https://repo.maven.apache.org/maven2/com/sun/xml/bind/jaxb-core/4.0.4/jaxb-core-4.0.4.jar
[INFO] Downloading from central: https://repo.maven.apache.org/maven2/org/mockito/mockito-core/5.2.0/mockito-core-5.2.0.jar
[INFO] Downloading from central: https://repo.maven.apache.org/maven2/net/bytebuddy/byte-buddy-agent/1.14.1/byte-buddy-agent-1.14.1.jar
[INFO] Downloaded from central: https://repo.maven.apache.org/maven2/com/sun/xml/bind/jaxb-core/4.0.4/jaxb-core-4.0.4.jar (235 kB at 6.4 MB/s)
[INFO] Downloaded from central: https://repo.maven.apache.org/maven2/net/bytebuddy/byte-buddy-agent/1.14.1/byte-buddy-agent-1.14.1.jar (257 kB at 6.4 MB/s)
[INFO] Downloaded from central: https://repo.maven.apache.org/maven2/org/mockito/mockito-core/5.2.0/mockito-core-5.2.0.jar (687 kB at 12 MB/s)
[INFO] 
[INFO] --- maven-clean-plugin:3.3.2:clean (default-clean) @ drools-base ---
[INFO] 
[INFO] --- maven-checkstyle-plugin:3.3.0:check (validate) @ drools-base ---
[INFO] 
[INFO] --- build-helper-maven-plugin:3.4.0:add-source (default) @ drools-base ---
[INFO] Source directory: /home/srafi/after-cam-ready/compare_/compile_repair_output/work/2293113fddae/drools-base/target/generated-sources/annotations added.
[INFO] 
[INFO] --- build-helper-maven-plugin:3.4.0:parse-version (default) @ drools-base ---
[INFO] 
[INFO] --- maven-remote-resources-plugin:3.2.0:process (process-resource-bundles) @ drools-base ---
[INFO] Preparing remote bundle org.apache.apache.resources:apache-jar-resource-bundle:1.5
[INFO] Copying 3 resources from 1 bundle.
[INFO] 
[INFO] --- maven-resources-plugin:3.3.1:resources (default-resources) @ drools-base ---
[INFO] skip non existing resourceDirectory /home/srafi/after-cam-ready/compare_/compile_repair_output/work/2293113fddae/drools-base/src/main/resources
[INFO] skip non existing resourceDirectory /home/srafi/after-cam-ready/compare_/compile_repair_output/work/2293113fddae/drools-base/src/main/filtered-resources
[INFO] Copying 3 resources from target/maven-shared-archive-resources to target/classes
[INFO] 
[INFO] --- maven-compiler-plugin:3.8.1:compile (default-compile) @ drools-base ---
[INFO] Changes detected - recompiling the module!
[INFO] Compiling 170 source files to /home/srafi/after-cam-ready/compare_/compile_repair_output/work/2293113fddae/drools-base/target/classes
[INFO] /home/srafi/after-cam-ready/compare_/compile_repair_output/work/2293113fddae/drools-base/src/main/java/org/drools/base/definitions/impl/KnowledgePackageImpl.java: Some input files use or override a deprecated API.
[INFO] /home/srafi/after-cam-ready/compare_/compile_repair_output/work/2293113fddae/drools-base/src/main/java/org/drools/base/definitions/impl/KnowledgePackageImpl.java: Recompile with -Xlint:deprecation for details.
[INFO] /home/srafi/after-cam-ready/compare_/compile_repair_output/work/2293113fddae/drools-base/src/main/java/org/drools/base/rule/MapBackedClassLoader.java: /home/srafi/after-cam-ready/compare_/compile_repair_output/work/2293113fddae/drools-base/src/main/java/org/drools/base/rule/MapBackedClassLoader.java uses or overrides a deprecated API that is marked for removal.
[INFO] /home/srafi/after-cam-ready/compare_/compile_repair_output/work/2293113fddae/drools-base/src/main/java/org/drools/base/rule/MapBackedClassLoader.java: Recompile with -Xlint:removal for details.
[INFO] /home/srafi/after-cam-ready/compare_/compile_repair_output/work/2293113fddae/drools-base/src/main/java/org/drools/base/rule/GroupElement.java: Some input files use unchecked or unsafe operations.
[INFO] /home/srafi/after-cam-ready/compare_/compile_repair_output/work/2293113fddae/drools-base/src/main/java/org/drools/base/rule/GroupElement.java: Recompile with -Xlint:unchecked for details.
[INFO] 
[INFO] --- maven-resources-plugin:3.3.1:testResources (default-testResources) @ drools-base ---
[INFO] Copying 1 resource from src/test/resources to target/test-classes
[INFO] Copying 3 resources from target/maven-shared-archive-resources to target/test-classes
[INFO] 
[INFO] --- maven-compiler-plugin:3.8.1:testCompile (default-testCompile) @ drools-base ---
[INFO] No sources to compile
[INFO] 
[INFO] --- maven-surefire-plugin:3.0.0-M8-SNAPSHOT:test (default-test) @ drools-base ---
[INFO] Tests are skipped.
[INFO] 
[INFO] --- maven-jar-plugin:3.4.0:jar (default-jar) @ drools-base ---
[INFO] Building jar: /home/srafi/after-cam-ready/compare_/compile_repair_output/work/2293113fddae/drools-base/target/drools-base-999-SNAPSHOT.jar
[INFO] 
[INFO] --- maven-source-plugin:3.3.1:jar-no-fork (attach-sources) @ drools-base ---
[INFO] Building jar: /home/srafi/after-cam-ready/compare_/compile_repair_output/work/2293113fddae/drools-base/target/drools-base-999-SNAPSHOT-sources.jar
[INFO] 
[INFO] --- maven-source-plugin:3.3.1:test-jar-no-fork (attach-test-sources) @ drools-base ---
[INFO] Building jar: /home/srafi/after-cam-ready/compare_/compile_repair_output/work/2293113fddae/drools-base/target/drools-base-999-SNAPSHOT-test-sources.jar
[INFO] 
[INFO] --- maven-jar-plugin:3.4.0:test-jar (test-jar) @ drools-base ---
[INFO] Building jar: /home/srafi/after-cam-ready/compare_/compile_repair_output/work/2293113fddae/drools-base/target/drools-base-999-SNAPSHOT-tests.jar
[INFO] 
[INFO] --- maven-failsafe-plugin:3.0.0-M8-SNAPSHOT:integration-test (default) @ drools-base ---
[INFO] Tests are skipped.
[INFO] 
[INFO] --- maven-failsafe-plugin:3.0.0-M8-SNAPSHOT:verify (default) @ drools-base ---
[INFO] Tests are skipped.
[INFO] 
[INFO] --- maven-install-plugin:3.1.1:install (default-install) @ drools-base ---
[INFO] Installing /home/srafi/after-cam-ready/compare_/compile_repair_output/work/2293113fddae/drools-base/pom.xml to /home/srafi/.m2/repository/org/drools/drools-base/999-SNAPSHOT/drools-base-999-SNAPSHOT.pom
[INFO] Installing /home/srafi/after-cam-ready/compare_/compile_repair_output/work/2293113fddae/drools-base/target/drools-base-999-SNAPSHOT.jar to /home/srafi/.m2/repository/org/drools/drools-base/999-SNAPSHOT/drools-base-999-SNAPSHOT.jar
[INFO] Installing /home/srafi/after-cam-ready/compare_/compile_repair_output/work/2293113fddae/drools-base/target/drools-base-999-SNAPSHOT-sources.jar to /home/srafi/.m2/repository/org/drools/drools-base/999-SNAPSHOT/drools-base-999-SNAPSHOT-sources.jar
[INFO] Installing /home/srafi/after-cam-ready/compare_/compile_repair_output/work/2293113fddae/drools-base/target/drools-base-999-SNAPSHOT-test-sources.jar to /home/srafi/.m2/repository/org/drools/drools-base/999-SNAPSHOT/drools-base-999-SNAPSHOT-test-sources.jar
[INFO] Installing /home/srafi/after-cam-ready/compare_/compile_repair_output/work/2293113fddae/drools-base/target/drools-base-999-SNAPSHOT-tests.jar to /home/srafi/.m2/repository/org/drools/drools-base/999-SNAPSHOT/drools-base-999-SNAPSHOT-tests.jar
[INFO] 
[INFO] ------------------< org.drools:drools-wiring-static >-------------------
[INFO] Building Drools :: Wiring :: Static 999-SNAPSHOT                 [13/27]
[INFO] --------------------------------[ jar ]---------------------------------
[INFO] 
[INFO] --- maven-clean-plugin:3.3.2:clean (default-clean) @ drools-wiring-static ---
[INFO] 
[INFO] --- maven-checkstyle-plugin:3.3.0:check (validate) @ drools-wiring-static ---
[INFO] 
[INFO] --- build-helper-maven-plugin:3.4.0:add-source (default) @ drools-wiring-static ---
[INFO] Source directory: /home/srafi/after-cam-ready/compare_/compile_repair_output/work/2293113fddae/drools-wiring/drools-wiring-static/target/generated-sources/annotations added.
[INFO] 
[INFO] --- build-helper-maven-plugin:3.4.0:parse-version (default) @ drools-wiring-static ---
[INFO] 
[INFO] --- maven-remote-resources-plugin:3.2.0:process (process-resource-bundles) @ drools-wiring-static ---
[INFO] Preparing remote bundle org.apache.apache.resources:apache-jar-resource-bundle:1.5
[INFO] Copying 3 resources from 1 bundle.
[INFO] 
[INFO] --- maven-resources-plugin:3.3.1:resources (default-resources) @ drools-wiring-static ---
[INFO] Copying 1 resource from src/main/resources to target/classes
[INFO] Copying 3 resources from target/maven-shared-archive-resources to target/classes
[INFO] 
[INFO] --- maven-compiler-plugin:3.8.1:compile (default-compile) @ drools-wiring-static ---
[INFO] Changes detected - recompiling the module!
[INFO] Compiling 2 source files to /home/srafi/after-cam-ready/compare_/compile_repair_output/work/2293113fddae/drools-wiring/drools-wiring-static/target/classes
[INFO] 
[INFO] --- maven-resources-plugin:3.3.1:testResources (default-testResources) @ drools-wiring-static ---
[INFO] skip non existing resourceDirectory /home/srafi/after-cam-ready/compare_/compile_repair_output/work/2293113fddae/drools-wiring/drools-wiring-static/src/test/resources
[INFO] Copying 3 resources from target/maven-shared-archive-resources to target/test-classes
[INFO] 
[INFO] --- maven-compiler-plugin:3.8.1:testCompile (default-testCompile) @ drools-wiring-static ---
[INFO] Changes detected - recompiling the module!
[INFO] Compiling 1 source file to /home/srafi/after-cam-ready/compare_/compile_repair_output/work/2293113fddae/drools-wiring/drools-wiring-static/target/test-classes
[INFO] 
[INFO] --- maven-surefire-plugin:3.0.0-M8-SNAPSHOT:test (default-test) @ drools-wiring-static ---
[INFO] Tests are skipped.
[INFO] 
[INFO] --- maven-jar-plugin:3.4.0:jar (default-jar) @ drools-wiring-static ---
[INFO] Building jar: /home/srafi/after-cam-ready/compare_/compile_repair_output/work/2293113fddae/drools-wiring/drools-wiring-static/target/drools-wiring-static-999-SNAPSHOT.jar
[INFO] 
[INFO] --- maven-source-plugin:3.3.1:jar-no-fork (attach-sources) @ drools-wiring-static ---
[INFO] Building jar: /home/srafi/after-cam-ready/compare_/compile_repair_output/work/2293113fddae/drools-wiring/drools-wiring-static/target/drools-wiring-static-999-SNAPSHOT-sources.jar
[INFO] 
[INFO] --- maven-source-plugin:3.3.1:test-jar-no-fork (attach-test-sources) @ drools-wiring-static ---
[INFO] Building jar: /home/srafi/after-cam-ready/compare_/compile_repair_output/work/2293113fddae/drools-wiring/drools-wiring-static/target/drools-wiring-static-999-SNAPSHOT-test-sources.jar
[INFO] 
[INFO] --- maven-jar-plugin:3.4.0:test-jar (test-jar) @ drools-wiring-static ---
[INFO] Building jar: /home/srafi/after-cam-ready/compare_/compile_repair_output/work/2293113fddae/drools-wiring/drools-wiring-static/target/drools-wiring-static-999-SNAPSHOT-tests.jar
[INFO] 
[INFO] --- maven-failsafe-plugin:3.0.0-M8-SNAPSHOT:integration-test (default) @ drools-wiring-static ---
[INFO] Tests are skipped.
[INFO] 
[INFO] --- maven-failsafe-plugin:3.0.0-M8-SNAPSHOT:verify (default) @ drools-wiring-static ---
[INFO] Tests are skipped.
[INFO] 
[INFO] --- maven-install-plugin:3.1.1:install (default-install) @ drools-wiring-static ---
[INFO] Installing /home/srafi/after-cam-ready/compare_/compile_repair_output/work/2293113fddae/drools-wiring/drools-wiring-static/pom.xml to /home/srafi/.m2/repository/org/drools/drools-wiring-static/999-SNAPSHOT/drools-wiring-static-999-SNAPSHOT.pom
[INFO] Installing /home/srafi/after-cam-ready/compare_/compile_repair_output/work/2293113fddae/drools-wiring/drools-wiring-static/target/drools-wiring-static-999-SNAPSHOT.jar to /home/srafi/.m2/repository/org/drools/drools-wiring-static/999-SNAPSHOT/drools-wiring-static-999-SNAPSHOT.jar
[INFO] Installing /home/srafi/after-cam-ready/compare_/compile_repair_output/work/2293113fddae/drools-wiring/drools-wiring-static/target/drools-wiring-static-999-SNAPSHOT-sources.jar to /home/srafi/.m2/repository/org/drools/drools-wiring-static/999-SNAPSHOT/drools-wiring-static-999-SNAPSHOT-sources.jar
[INFO] Installing /home/srafi/after-cam-ready/compare_/compile_repair_output/work/2293113fddae/drools-wiring/drools-wiring-static/target/drools-wiring-static-999-SNAPSHOT-test-sources.jar to /home/srafi/.m2/repository/org/drools/drools-wiring-static/999-SNAPSHOT/drools-wiring-static-999-SNAPSHOT-test-sources.jar
[INFO] Installing /home/srafi/after-cam-ready/compare_/compile_repair_output/work/2293113fddae/drools-wiring/drools-wiring-static/target/drools-wiring-static-999-SNAPSHOT-tests.jar to /home/srafi/.m2/repository/org/drools/drools-wiring-static/999-SNAPSHOT/drools-wiring-static-999-SNAPSHOT-tests.jar
[INFO] 
[INFO] ------------------------< org.drools:drools-io >------------------------
[INFO] Building Drools :: IO 999-SNAPSHOT                               [14/27]
[INFO] --------------------------------[ jar ]---------------------------------
[INFO] 
[INFO] --- maven-clean-plugin:3.3.2:clean (default-clean) @ drools-io ---
[INFO] 
[INFO] --- maven-checkstyle-plugin:3.3.0:check (validate) @ drools-io ---
[INFO] 
[INFO] --- build-helper-maven-plugin:3.4.0:add-source (default) @ drools-io ---
[INFO] Source directory: /home/srafi/after-cam-ready/compare_/compile_repair_output/work/2293113fddae/drools-io/target/generated-sources/annotations added.
[INFO] 
[INFO] --- build-helper-maven-plugin:3.4.0:parse-version (default) @ drools-io ---
[INFO] 
[INFO] --- maven-remote-resources-plugin:3.2.0:process (process-resource-bundles) @ drools-io ---
[INFO] Preparing remote bundle org.apache.apache.resources:apache-jar-resource-bundle:1.5
[INFO] Copying 3 resources from 1 bundle.
[INFO] 
[INFO] --- maven-resources-plugin:3.3.1:resources (default-resources) @ drools-io ---
[INFO] Copying 1 resource from src/main/resources to target/classes
[INFO] Copying 3 resources from target/maven-shared-archive-resources to target/classes
[INFO] 
[INFO] --- maven-compiler-plugin:3.8.1:compile (default-compile) @ drools-io ---
[INFO] Changes detected - recompiling the module!
[INFO] Compiling 12 source files to /home/srafi/after-cam-ready/compare_/compile_repair_output/work/2293113fddae/drools-io/target/classes
[INFO] /home/srafi/after-cam-ready/compare_/compile_repair_output/work/2293113fddae/drools-io/src/main/java/org/drools/io/BaseResource.java: /home/srafi/after-cam-ready/compare_/compile_repair_output/work/2293113fddae/drools-io/src/main/java/org/drools/io/BaseResource.java uses unchecked or unsafe operations.
[INFO] /home/srafi/after-cam-ready/compare_/compile_repair_output/work/2293113fddae/drools-io/src/main/java/org/drools/io/BaseResource.java: Recompile with -Xlint:unchecked for details.
[INFO] 
[INFO] --- maven-resources-plugin:3.3.1:testResources (default-testResources) @ drools-io ---
[INFO] skip non existing resourceDirectory /home/srafi/after-cam-ready/compare_/compile_repair_output/work/2293113fddae/drools-io/src/test/resources
[INFO] Copying 3 resources from target/maven-shared-archive-resources to target/test-classes
[INFO] 
[INFO] --- maven-compiler-plugin:3.8.1:testCompile (default-testCompile) @ drools-io ---
[INFO] No sources to compile
[INFO] 
[INFO] --- maven-surefire-plugin:3.0.0-M8-SNAPSHOT:test (default-test) @ drools-io ---
[INFO] Tests are skipped.
[INFO] 
[INFO] --- maven-jar-plugin:3.4.0:jar (default-jar) @ drools-io ---
[INFO] Building jar: /home/srafi/after-cam-ready/compare_/compile_repair_output/work/2293113fddae/drools-io/target/drools-io-999-SNAPSHOT.jar
[INFO] 
[INFO] --- maven-source-plugin:3.3.1:jar-no-fork (attach-sources) @ drools-io ---
[INFO] Building jar: /home/srafi/after-cam-ready/compare_/compile_repair_output/work/2293113fddae/drools-io/target/drools-io-999-SNAPSHOT-sources.jar
[INFO] 
[INFO] --- maven-source-plugin:3.3.1:test-jar-no-fork (attach-test-sources) @ drools-io ---
[INFO] Building jar: /home/srafi/after-cam-ready/compare_/compile_repair_output/work/2293113fddae/drools-io/target/drools-io-999-SNAPSHOT-test-sources.jar
[INFO] 
[INFO] --- maven-jar-plugin:3.4.0:test-jar (test-jar) @ drools-io ---
[INFO] Building jar: /home/srafi/after-cam-ready/compare_/compile_repair_output/work/2293113fddae/drools-io/target/drools-io-999-SNAPSHOT-tests.jar
[INFO] 
[INFO] --- maven-failsafe-plugin:3.0.0-M8-SNAPSHOT:integration-test (default) @ drools-io ---
[INFO] Tests are skipped.
[INFO] 
[INFO] --- maven-failsafe-plugin:3.0.0-M8-SNAPSHOT:verify (default) @ drools-io ---
[INFO] Tests are skipped.
[INFO] 
[INFO] --- maven-install-plugin:3.1.1:install (default-install) @ drools-io ---
[INFO] Installing /home/srafi/after-cam-ready/compare_/compile_repair_output/work/2293113fddae/drools-io/pom.xml to /home/srafi/.m2/repository/org/drools/drools-io/999-SNAPSHOT/drools-io-999-SNAPSHOT.pom
[INFO] Installing /home/srafi/after-cam-ready/compare_/compile_repair_output/work/2293113fddae/drools-io/target/drools-io-999-SNAPSHOT.jar to /home/srafi/.m2/repository/org/drools/drools-io/999-SNAPSHOT/drools-io-999-SNAPSHOT.jar
[INFO] Installing /home/srafi/after-cam-ready/compare_/compile_repair_output/work/2293113fddae/drools-io/target/drools-io-999-SNAPSHOT-sources.jar to /home/srafi/.m2/repository/org/drools/drools-io/999-SNAPSHOT/drools-io-999-SNAPSHOT-sources.jar
[INFO] Installing /home/srafi/after-cam-ready/compare_/compile_repair_output/work/2293113fddae/drools-io/target/drools-io-999-SNAPSHOT-test-sources.jar to /home/srafi/.m2/repository/org/drools/drools-io/999-SNAPSHOT/drools-io-999-SNAPSHOT-test-sources.jar
[INFO] Installing /home/srafi/after-cam-ready/compare_/compile_repair_output/work/2293113fddae/drools-io/target/drools-io-999-SNAPSHOT-tests.jar to /home/srafi/.m2/repository/org/drools/drools-io/999-SNAPSHOT/drools-io-999-SNAPSHOT-tests.jar
[INFO] 
[INFO] -----------------------< org.drools:drools-core >-----------------------
[INFO] Building Drools :: Core 999-SNAPSHOT                             [15/27]
[INFO] --------------------------------[ jar ]---------------------------------
[INFO] 
[INFO] --- maven-clean-plugin:3.3.2:clean (default-clean) @ drools-core ---
[INFO] 
[INFO] --- maven-checkstyle-plugin:3.3.0:check (validate) @ drools-core ---
[INFO] 
[INFO] --- build-helper-maven-plugin:3.4.0:add-source (default) @ drools-core ---
[INFO] Source directory: /home/srafi/after-cam-ready/compare_/compile_repair_output/work/2293113fddae/drools-core/target/generated-sources/annotations added.
[INFO] 
[INFO] --- build-helper-maven-plugin:3.4.0:parse-version (default) @ drools-core ---
[INFO] 
[INFO] --- maven-remote-resources-plugin:3.2.0:process (process-resource-bundles) @ drools-core ---
[INFO] Preparing remote bundle org.apache.apache.resources:apache-jar-resource-bundle:1.5
[INFO] Copying 3 resources from 1 bundle.
[INFO] 
[INFO] --- maven-resources-plugin:3.3.1:resources (default-resources) @ drools-core ---
[INFO] Copying 6 resources from src/main/resources to target/classes
[INFO] Copying 1 resource from src/main/filtered-resources to target/classes
[INFO] Copying 3 resources from target/maven-shared-archive-resources to target/classes
[INFO] The encoding used to copy filtered properties files have not been set. This means that the same encoding will be used to copy filtered properties files as when copying other filtered resources. This might not be what you want! Run your build with --debug to see which files might be affected. Read more at https://maven.apache.org/plugins/maven-resources-plugin/examples/filtering-properties-files.html
[INFO] 
[INFO] --- maven-compiler-plugin:3.8.1:compile (default-compile) @ drools-core ---
[INFO] Changes detected - recompiling the module!
[INFO] Compiling 474 source files to /home/srafi/after-cam-ready/compare_/compile_repair_output/work/2293113fddae/drools-core/target/classes
[INFO] /home/srafi/after-cam-ready/compare_/compile_repair_output/work/2293113fddae/drools-core/src/main/java/org/drools/core/TimerJobFactoryType.java: Some input files use or override a deprecated API.
[INFO] /home/srafi/after-cam-ready/compare_/compile_repair_output/work/2293113fddae/drools-core/src/main/java/org/drools/core/TimerJobFactoryType.java: Recompile with -Xlint:deprecation for details.
[INFO] /home/srafi/after-cam-ready/compare_/compile_repair_output/work/2293113fddae/drools-core/src/main/java/org/drools/core/base/ClassFieldAccessorCache.java: /home/srafi/after-cam-ready/compare_/compile_repair_output/work/2293113fddae/drools-core/src/main/java/org/drools/core/base/ClassFieldAccessorCache.java uses or overrides a deprecated API that is marked for removal.
[INFO] /home/srafi/after-cam-ready/compare_/compile_repair_output/work/2293113fddae/drools-core/src/main/java/org/drools/core/base/ClassFieldAccessorCache.java: Recompile with -Xlint:removal for details.
[INFO] /home/srafi/after-cam-ready/compare_/compile_repair_output/work/2293113fddae/drools-core/src/main/java/org/drools/core/common/SingleBetaConstraints.java: Some input files use unchecked or unsafe operations.
[INFO] /home/srafi/after-cam-ready/compare_/compile_repair_output/work/2293113fddae/drools-core/src/main/java/org/drools/core/common/SingleBetaConstraints.java: Recompile with -Xlint:unchecked for details.
[INFO] 
[INFO] --- maven-resources-plugin:3.3.1:testResources (default-testResources) @ drools-core ---
[INFO] Copying 49 resources from src/test/resources to target/test-classes
[INFO] Copying 3 resources from target/maven-shared-archive-resources to target/test-classes
[INFO] 
[INFO] --- maven-compiler-plugin:3.8.1:testCompile (default-testCompile) @ drools-core ---
[INFO] Changes detected - recompiling the module!
[INFO] Compiling 88 source files to /home/srafi/after-cam-ready/compare_/compile_repair_output/work/2293113fddae/drools-core/target/test-classes
[INFO] /home/srafi/after-cam-ready/compare_/compile_repair_output/work/2293113fddae/drools-core/src/test/java/org/drools/core/util/asm/TestBean.java: /home/srafi/after-cam-ready/compare_/compile_repair_output/work/2293113fddae/drools-core/src/test/java/org/drools/core/util/asm/TestBean.java uses or overrides a deprecated API that is marked for removal.
[INFO] /home/srafi/after-cam-ready/compare_/compile_repair_output/work/2293113fddae/drools-core/src/test/java/org/drools/core/util/asm/TestBean.java: Recompile with -Xlint:removal for details.
[INFO] /home/srafi/after-cam-ready/compare_/compile_repair_output/work/2293113fddae/drools-core/src/test/java/org/drools/core/reteoo/MockObjectSink.java: Some input files use unchecked or unsafe operations.
[INFO] /home/srafi/after-cam-ready/compare_/compile_repair_output/work/2293113fddae/drools-core/src/test/java/org/drools/core/reteoo/MockObjectSink.java: Recompile with -Xlint:unchecked for details.
[INFO] 
[INFO] --- maven-surefire-plugin:3.0.0-M8-SNAPSHOT:test (default-test) @ drools-core ---
[INFO] Tests are skipped.
[INFO] 
[INFO] --- maven-jar-plugin:3.4.0:jar (default-jar) @ drools-core ---
[INFO] Building jar: /home/srafi/after-cam-ready/compare_/compile_repair_output/work/2293113fddae/drools-core/target/drools-core-999-SNAPSHOT.jar
[INFO] 
[INFO] --- maven-source-plugin:3.3.1:jar-no-fork (attach-sources) @ drools-core ---
[INFO] Building jar: /home/srafi/after-cam-ready/compare_/compile_repair_output/work/2293113fddae/drools-core/target/drools-core-999-SNAPSHOT-sources.jar
[INFO] 
[INFO] --- maven-source-plugin:3.3.1:test-jar-no-fork (attach-test-sources) @ drools-core ---
[INFO] Building jar: /home/srafi/after-cam-ready/compare_/compile_repair_output/work/2293113fddae/drools-core/target/drools-core-999-SNAPSHOT-test-sources.jar
[INFO] 
[INFO] --- maven-jar-plugin:3.4.0:test-jar (test-jar) @ drools-core ---
[INFO] Building jar: /home/srafi/after-cam-ready/compare_/compile_repair_output/work/2293113fddae/drools-core/target/drools-core-999-SNAPSHOT-tests.jar
[INFO] 
[INFO] --- maven-failsafe-plugin:3.0.0-M8-SNAPSHOT:integration-test (default) @ drools-core ---
[INFO] Tests are skipped.
[INFO] 
[INFO] --- maven-failsafe-plugin:3.0.0-M8-SNAPSHOT:verify (default) @ drools-core ---
[INFO] Tests are skipped.
[INFO] 
[INFO] --- maven-install-plugin:3.1.1:install (default-install) @ drools-core ---
[INFO] Installing /home/srafi/after-cam-ready/compare_/compile_repair_output/work/2293113fddae/drools-core/pom.xml to /home/srafi/.m2/repository/org/drools/drools-core/999-SNAPSHOT/drools-core-999-SNAPSHOT.pom
[INFO] Installing /home/srafi/after-cam-ready/compare_/compile_repair_output/work/2293113fddae/drools-core/target/drools-core-999-SNAPSHOT.jar to /home/srafi/.m2/repository/org/drools/drools-core/999-SNAPSHOT/drools-core-999-SNAPSHOT.jar
[INFO] Installing /home/srafi/after-cam-ready/compare_/compile_repair_output/work/2293113fddae/drools-core/target/drools-core-999-SNAPSHOT-sources.jar to /home/srafi/.m2/repository/org/drools/drools-core/999-SNAPSHOT/drools-core-999-SNAPSHOT-sources.jar
[INFO] Installing /home/srafi/after-cam-ready/compare_/compile_repair_output/work/2293113fddae/drools-core/target/drools-core-999-SNAPSHOT-test-sources.jar to /home/srafi/.m2/repository/org/drools/drools-core/999-SNAPSHOT/drools-core-999-SNAPSHOT-test-sources.jar
[INFO] Installing /home/srafi/after-cam-ready/compare_/compile_repair_output/work/2293113fddae/drools-core/target/drools-core-999-SNAPSHOT-tests.jar to /home/srafi/.m2/repository/org/drools/drools-core/999-SNAPSHOT/drools-core-999-SNAPSHOT-tests.jar
[INFO] 
[INFO] -----------------------< org.drools:drools-drl >------------------------
[INFO] Building Drools :: DRL :: Parent 999-SNAPSHOT                    [16/27]
[INFO] --------------------------------[ pom ]---------------------------------
[INFO] 
[INFO] --- maven-clean-plugin:3.3.2:clean (default-clean) @ drools-drl ---
[INFO] 
[INFO] --- maven-checkstyle-plugin:3.3.0:check (validate) @ drools-drl ---
[INFO] 
[INFO] --- build-helper-maven-plugin:3.4.0:add-source (default) @ drools-drl ---
[INFO] Source directory: /home/srafi/after-cam-ready/compare_/compile_repair_output/work/2293113fddae/drools-drl/target/generated-sources/annotations added.
[INFO] 
[INFO] --- build-helper-maven-plugin:3.4.0:parse-version (default) @ drools-drl ---
[INFO] 
[INFO] --- maven-remote-resources-plugin:3.2.0:process (process-resource-bundles) @ drools-drl ---
[INFO] Preparing remote bundle org.apache.apache.resources:apache-jar-resource-bundle:1.5
[INFO] Copying 3 resources from 1 bundle.
[INFO] 
[INFO] --- maven-source-plugin:3.3.1:jar-no-fork (attach-sources) @ drools-drl ---
[INFO] 
[INFO] --- maven-source-plugin:3.3.1:test-jar-no-fork (attach-test-sources) @ drools-drl ---
[INFO] 
[INFO] --- maven-jar-plugin:3.4.0:test-jar (test-jar) @ drools-drl ---
[INFO] Skipping packaging of the test-jar
[INFO] 
[INFO] --- maven-failsafe-plugin:3.0.0-M8-SNAPSHOT:integration-test (default) @ drools-drl ---
[INFO] Tests are skipped.
[INFO] 
[INFO] --- maven-failsafe-plugin:3.0.0-M8-SNAPSHOT:verify (default) @ drools-drl ---
[INFO] Tests are skipped.
[INFO] 
[INFO] --- maven-install-plugin:3.1.1:install (default-install) @ drools-drl ---
[INFO] Installing /home/srafi/after-cam-ready/compare_/compile_repair_output/work/2293113fddae/drools-drl/pom.xml to /home/srafi/.m2/repository/org/drools/drools-drl/999-SNAPSHOT/drools-drl-999-SNAPSHOT.pom
[INFO] 
[INFO] ---------------------< org.drools:drools-drl-ast >----------------------
[INFO] Building Drools :: DRL AST 999-SNAPSHOT                          [17/27]
[INFO] --------------------------------[ jar ]---------------------------------
[INFO] 
[INFO] --- maven-clean-plugin:3.3.2:clean (default-clean) @ drools-drl-ast ---
[INFO] 
[INFO] --- maven-checkstyle-plugin:3.3.0:check (validate) @ drools-drl-ast ---
[INFO] 
[INFO] --- build-helper-maven-plugin:3.4.0:add-source (default) @ drools-drl-ast ---
[INFO] Source directory: /home/srafi/after-cam-ready/compare_/compile_repair_output/work/2293113fddae/drools-drl/drools-drl-ast/target/generated-sources/annotations added.
[INFO] 
[INFO] --- build-helper-maven-plugin:3.4.0:parse-version (default) @ drools-drl-ast ---
[INFO] 
[INFO] --- maven-remote-resources-plugin:3.2.0:process (process-resource-bundles) @ drools-drl-ast ---
[INFO] Preparing remote bundle org.apache.apache.resources:apache-jar-resource-bundle:1.5
[INFO] Copying 3 resources from 1 bundle.
[INFO] 
[INFO] --- maven-resources-plugin:3.3.1:resources (default-resources) @ drools-drl-ast ---
[INFO] skip non existing resourceDirectory /home/srafi/after-cam-ready/compare_/compile_repair_output/work/2293113fddae/drools-drl/drools-drl-ast/src/main/resources
[INFO] Copying 3 resources from target/maven-shared-archive-resources to target/classes
[INFO] 
[INFO] --- maven-compiler-plugin:3.8.1:compile (default-compile) @ drools-drl-ast ---
[INFO] Changes detected - recompiling the module!
[INFO] Compiling 138 source files to /home/srafi/after-cam-ready/compare_/compile_repair_output/work/2293113fddae/drools-drl/drools-drl-ast/target/classes
[INFO] /home/srafi/after-cam-ready/compare_/compile_repair_output/work/2293113fddae/drools-drl/drools-drl-ast/src/main/java/org/drools/drl/ast/descr/ExistsDescr.java: Some input files use unchecked or unsafe operations.
[INFO] /home/srafi/after-cam-ready/compare_/compile_repair_output/work/2293113fddae/drools-drl/drools-drl-ast/src/main/java/org/drools/drl/ast/descr/ExistsDescr.java: Recompile with -Xlint:unchecked for details.
[INFO] 
[INFO] --- maven-resources-plugin:3.3.1:testResources (default-testResources) @ drools-drl-ast ---
[INFO] skip non existing resourceDirectory /home/srafi/after-cam-ready/compare_/compile_repair_output/work/2293113fddae/drools-drl/drools-drl-ast/src/test/resources
[INFO] Copying 3 resources from target/maven-shared-archive-resources to target/test-classes
[INFO] 
[INFO] --- maven-compiler-plugin:3.8.1:testCompile (default-testCompile) @ drools-drl-ast ---
[INFO] No sources to compile
[INFO] 
[INFO] --- maven-surefire-plugin:3.0.0-M8-SNAPSHOT:test (default-test) @ drools-drl-ast ---
[INFO] Tests are skipped.
[INFO] 
[INFO] --- maven-jar-plugin:3.4.0:jar (default-jar) @ drools-drl-ast ---
[INFO] Building jar: /home/srafi/after-cam-ready/compare_/compile_repair_output/work/2293113fddae/drools-drl/drools-drl-ast/target/drools-drl-ast-999-SNAPSHOT.jar
[INFO] 
[INFO] --- maven-source-plugin:3.3.1:jar-no-fork (attach-sources) @ drools-drl-ast ---
[INFO] Building jar: /home/srafi/after-cam-ready/compare_/compile_repair_output/work/2293113fddae/drools-drl/drools-drl-ast/target/drools-drl-ast-999-SNAPSHOT-sources.jar
[INFO] 
[INFO] --- maven-source-plugin:3.3.1:test-jar-no-fork (attach-test-sources) @ drools-drl-ast ---
[INFO] Building jar: /home/srafi/after-cam-ready/compare_/compile_repair_output/work/2293113fddae/drools-drl/drools-drl-ast/target/drools-drl-ast-999-SNAPSHOT-test-sources.jar
[INFO] 
[INFO] --- maven-jar-plugin:3.4.0:test-jar (test-jar) @ drools-drl-ast ---
[INFO] Building jar: /home/srafi/after-cam-ready/compare_/compile_repair_output/work/2293113fddae/drools-drl/drools-drl-ast/target/drools-drl-ast-999-SNAPSHOT-tests.jar
[INFO] 
[INFO] --- maven-failsafe-plugin:3.0.0-M8-SNAPSHOT:integration-test (default) @ drools-drl-ast ---
[INFO] Tests are skipped.
[INFO] 
[INFO] --- maven-failsafe-plugin:3.0.0-M8-SNAPSHOT:verify (default) @ drools-drl-ast ---
[INFO] Tests are skipped.
[INFO] 
[INFO] --- maven-install-plugin:3.1.1:install (default-install) @ drools-drl-ast ---
[INFO] Installing /home/srafi/after-cam-ready/compare_/compile_repair_output/work/2293113fddae/drools-drl/drools-drl-ast/pom.xml to /home/srafi/.m2/repository/org/drools/drools-drl-ast/999-SNAPSHOT/drools-drl-ast-999-SNAPSHOT.pom
[INFO] Installing /home/srafi/after-cam-ready/compare_/compile_repair_output/work/2293113fddae/drools-drl/drools-drl-ast/target/drools-drl-ast-999-SNAPSHOT.jar to /home/srafi/.m2/repository/org/drools/drools-drl-ast/999-SNAPSHOT/drools-drl-ast-999-SNAPSHOT.jar
[INFO] Installing /home/srafi/after-cam-ready/compare_/compile_repair_output/work/2293113fddae/drools-drl/drools-drl-ast/target/drools-drl-ast-999-SNAPSHOT-sources.jar to /home/srafi/.m2/repository/org/drools/drools-drl-ast/999-SNAPSHOT/drools-drl-ast-999-SNAPSHOT-sources.jar
[INFO] Installing /home/srafi/after-cam-ready/compare_/compile_repair_output/work/2293113fddae/drools-drl/drools-drl-ast/target/drools-drl-ast-999-SNAPSHOT-test-sources.jar to /home/srafi/.m2/repository/org/drools/drools-drl-ast/999-SNAPSHOT/drools-drl-ast-999-SNAPSHOT-test-sources.jar
[INFO] Installing /home/srafi/after-cam-ready/compare_/compile_repair_output/work/2293113fddae/drools-drl/drools-drl-ast/target/drools-drl-ast-999-SNAPSHOT-tests.jar to /home/srafi/.m2/repository/org/drools/drools-drl-ast/999-SNAPSHOT/drools-drl-ast-999-SNAPSHOT-tests.jar
[INFO] 
[INFO] --------------------< org.drools:drools-drl-parser >--------------------
[INFO] Building Drools :: DRL :: Parser 999-SNAPSHOT                    [18/27]
[INFO] --------------------------------[ jar ]---------------------------------
[INFO] Downloading from central: https://repo.maven.apache.org/maven2/org/antlr/antlr4-maven-plugin/4.10.1/antlr4-maven-plugin-4.10.1.pom
[INFO] Downloaded from central: https://repo.maven.apache.org/maven2/org/antlr/antlr4-maven-plugin/4.10.1/antlr4-maven-plugin-4.10.1.pom (6.2 kB at 129 kB/s)
[INFO] Downloading from central: https://repo.maven.apache.org/maven2/org/antlr/antlr4-master/4.10.1/antlr4-master-4.10.1.pom
[INFO] Downloaded from central: https://repo.maven.apache.org/maven2/org/antlr/antlr4-master/4.10.1/antlr4-master-4.10.1.pom (4.4 kB at 95 kB/s)
[INFO] Downloading from central: https://repo.maven.apache.org/maven2/org/antlr/antlr4-maven-plugin/4.10.1/antlr4-maven-plugin-4.10.1.jar
[INFO] Downloaded from central: https://repo.maven.apache.org/maven2/org/antlr/antlr4-maven-plugin/4.10.1/antlr4-maven-plugin-4.10.1.jar (31 kB at 765 kB/s)
[INFO] Downloading from central: https://repo.maven.apache.org/maven2/org/antlr/antlr4-runtime/4.10.1/antlr4-runtime-4.10.1.pom
[INFO] Downloaded from central: https://repo.maven.apache.org/maven2/org/antlr/antlr4-runtime/4.10.1/antlr4-runtime-4.10.1.pom (3.5 kB at 77 kB/s)
[INFO] Downloading from central: https://repo.maven.apache.org/maven2/org/antlr/antlr4-runtime/4.10.1/antlr4-runtime-4.10.1.jar
[INFO] Downloaded from central: https://repo.maven.apache.org/maven2/org/antlr/antlr4-runtime/4.10.1/antlr4-runtime-4.10.1.jar (322 kB at 6.4 MB/s)
[INFO] 
[INFO] --- maven-clean-plugin:3.3.2:clean (default-clean) @ drools-drl-parser ---
[INFO] 
[INFO] --- maven-checkstyle-plugin:3.3.0:check (validate) @ drools-drl-parser ---
[INFO] 
[INFO] --- build-helper-maven-plugin:3.4.0:add-source (default) @ drools-drl-parser ---
[INFO] Source directory: /home/srafi/after-cam-ready/compare_/compile_repair_output/work/2293113fddae/drools-drl/drools-drl-parser/target/generated-sources/annotations added.
[INFO] 
[INFO] --- build-helper-maven-plugin:3.4.0:parse-version (default) @ drools-drl-parser ---
[INFO] 
[INFO] --- antlr4-maven-plugin:4.10.1:antlr4 (default) @ drools-drl-parser ---
[INFO] Downloading from central: https://repo.maven.apache.org/maven2/org/codehaus/plexus/plexus-compiler-api/2.9.0/plexus-compiler-api-2.9.0.pom
[INFO] Downloaded from central: https://repo.maven.apache.org/maven2/org/codehaus/plexus/plexus-compiler-api/2.9.0/plexus-compiler-api-2.9.0.pom (891 B at 18 kB/s)
[INFO] Downloading from central: https://repo.maven.apache.org/maven2/org/codehaus/plexus/plexus-compiler/2.9.0/plexus-compiler-2.9.0.pom
[INFO] Downloaded from central: https://repo.maven.apache.org/maven2/org/codehaus/plexus/plexus-compiler/2.9.0/plexus-compiler-2.9.0.pom (7.7 kB at 179 kB/s)
[INFO] Downloading from central: https://repo.maven.apache.org/maven2/org/antlr/antlr4/4.10.1/antlr4-4.10.1.pom
[INFO] Downloaded from central: https://repo.maven.apache.org/maven2/org/antlr/antlr4/4.10.1/antlr4-4.10.1.pom (6.3 kB at 131 kB/s)
[INFO] Downloading from central: https://repo.maven.apache.org/maven2/org/antlr/antlr-runtime/3.5.3/antlr-runtime-3.5.3.pom
[INFO] Downloaded from central: https://repo.maven.apache.org/maven2/org/antlr/antlr-runtime/3.5.3/antlr-runtime-3.5.3.pom (2.9 kB at 65 kB/s)
[INFO] Downloading from central: https://repo.maven.apache.org/maven2/org/antlr/antlr-master/3.5.3/antlr-master-3.5.3.pom
[INFO] Downloaded from central: https://repo.maven.apache.org/maven2/org/antlr/antlr-master/3.5.3/antlr-master-3.5.3.pom (11 kB at 264 kB/s)
[INFO] Downloading from central: https://repo.maven.apache.org/maven2/org/antlr/ST4/4.3.3/ST4-4.3.3.pom
[INFO] Downloaded from central: https://repo.maven.apache.org/maven2/org/antlr/ST4/4.3.3/ST4-4.3.3.pom (4.6 kB at 103 kB/s)
[INFO] Downloading from central: https://repo.maven.apache.org/maven2/org/abego/treelayout/org.abego.treelayout.core/1.0.3/org.abego.treelayout.core-1.0.3.pom
[INFO] Downloaded from central: https://repo.maven.apache.org/maven2/org/abego/treelayout/org.abego.treelayout.core/1.0.3/org.abego.treelayout.core-1.0.3.pom (5.2 kB at 108 kB/s)
[INFO] Downloading from central: https://repo.maven.apache.org/maven2/com/ibm/icu/icu4j/69.1/icu4j-69.1.pom
[INFO] Downloaded from central: https://repo.maven.apache.org/maven2/com/ibm/icu/icu4j/69.1/icu4j-69.1.pom (4.9 kB at 110 kB/s)
[INFO] Downloading from central: https://repo.maven.apache.org/maven2/org/codehaus/plexus/plexus-compiler-api/2.9.0/plexus-compiler-api-2.9.0.jar
[INFO] Downloading from central: https://repo.maven.apache.org/maven2/org/antlr/antlr4/4.10.1/antlr4-4.10.1.jar
[INFO] Downloading from central: https://repo.maven.apache.org/maven2/org/antlr/antlr-runtime/3.5.3/antlr-runtime-3.5.3.jar
[INFO] Downloading from central: https://repo.maven.apache.org/maven2/org/antlr/ST4/4.3.3/ST4-4.3.3.jar
[INFO] Downloading from central: https://repo.maven.apache.org/maven2/org/abego/treelayout/org.abego.treelayout.core/1.0.3/org.abego.treelayout.core-1.0.3.jar
[INFO] Downloaded from central: https://repo.maven.apache.org/maven2/org/antlr/antlr-runtime/3.5.3/antlr-runtime-3.5.3.jar (173 kB at 4.2 MB/s)
[INFO] Downloading from central: https://repo.maven.apache.org/maven2/com/ibm/icu/icu4j/69.1/icu4j-69.1.jar
[INFO] Downloaded from central: https://repo.maven.apache.org/maven2/org/abego/treelayout/org.abego.treelayout.core/1.0.3/org.abego.treelayout.core-1.0.3.jar (27 kB at 669 kB/s)
[INFO] Downloaded from central: https://repo.maven.apache.org/maven2/org/codehaus/plexus/plexus-compiler-api/2.9.0/plexus-compiler-api-2.9.0.jar (27 kB at 624 kB/s)
[INFO] Downloaded from central: https://repo.maven.apache.org/maven2/org/antlr/ST4/4.3.3/ST4-4.3.3.jar (251 kB at 5.6 MB/s)
[INFO] Downloaded from central: https://repo.maven.apache.org/maven2/org/antlr/antlr4/4.10.1/antlr4-4.10.1.jar (2.6 MB at 27 MB/s)
[INFO] Downloaded from central: https://repo.maven.apache.org/maven2/com/ibm/icu/icu4j/69.1/icu4j-69.1.jar (13 MB at 71 MB/s)
[INFO] ANTLR 4: Processing source directory /home/srafi/after-cam-ready/compare_/compile_repair_output/work/2293113fddae/drools-drl/drools-drl-parser/src/main/antlr4
[INFO] Processing grammar: org/drools/drl/parser/antlr4/DRLLexer.g4
[INFO] Processing grammar: org/drools/drl/parser/antlr4/DRL6Expressions.g4
[INFO] Processing grammar: org/drools/drl/parser/antlr4/DRLParser.g4
[WARNING] warning(109): DRL6Expressions.g4:21:0: options ignored in imported grammar DRL6Expressions
[WARNING] /home/srafi/after-cam-ready/compare_/compile_repair_output/work/2293113fddae/drools-drl/drools-drl-parser/src/main/antlr4/org/drools/drl/parser/antlr4/DRL6Expressions.g4 [21:0]: options ignored in imported grammar DRL6Expressions
[WARNING] warning(109): JavaParser.g4:36:0: options ignored in imported grammar JavaParser
[WARNING] /home/srafi/after-cam-ready/compare_/compile_repair_output/work/2293113fddae/drools-drl/drools-drl-parser/src/main/antlr4/org/drools/drl/parser/antlr4/JavaParser.g4 [36:0]: options ignored in imported grammar JavaParser
[INFO] Processing grammar: org/drools/drl/parser/antlr4/JavaLexer.g4
[INFO] Processing grammar: org/drools/drl/parser/antlr4/JavaParser.g4
[INFO] 
[INFO] --- maven-remote-resources-plugin:3.2.0:process (process-resource-bundles) @ drools-drl-parser ---
[INFO] Preparing remote bundle org.apache.apache.resources:apache-jar-resource-bundle:1.5
[INFO] Copying 3 resources from 1 bundle.
[INFO] 
[INFO] --- maven-resources-plugin:3.3.1:resources (default-resources) @ drools-drl-parser ---
[INFO] Copying 7 resources from src/main/resources to target/classes
[INFO] Copying 3 resources from target/maven-shared-archive-resources to target/classes
[INFO] 
[INFO] --- maven-compiler-plugin:3.8.1:compile (default-compile) @ drools-drl-parser ---
[INFO] Changes detected - recompiling the module!
[INFO] Compiling 83 source files to /home/srafi/after-cam-ready/compare_/compile_repair_output/work/2293113fddae/drools-drl/drools-drl-parser/target/classes
[INFO] /home/srafi/after-cam-ready/compare_/compile_repair_output/work/2293113fddae/drools-drl/drools-drl-parser/src/main/java/org/drools/drl/parser/lang/DRL6Expressions.java: Some input files use unchecked or unsafe operations.
[INFO] /home/srafi/after-cam-ready/compare_/compile_repair_output/work/2293113fddae/drools-drl/drools-drl-parser/src/main/java/org/drools/drl/parser/lang/DRL6Expressions.java: Recompile with -Xlint:unchecked for details.
[INFO] 
[INFO] --- maven-resources-plugin:3.3.1:testResources (default-testResources) @ drools-drl-parser ---
[INFO] skip non existing resourceDirectory /home/srafi/after-cam-ready/compare_/compile_repair_output/work/2293113fddae/drools-drl/drools-drl-parser/src/test/resources
[INFO] Copying 3 resources from target/maven-shared-archive-resources to target/test-classes
[INFO] 
[INFO] --- maven-compiler-plugin:3.8.1:testCompile (default-testCompile) @ drools-drl-parser ---
[INFO] Changes detected - recompiling the module!
[INFO] Compiling 1 source file to /home/srafi/after-cam-ready/compare_/compile_repair_output/work/2293113fddae/drools-drl/drools-drl-parser/target/test-classes
[INFO] 
[INFO] --- maven-surefire-plugin:3.0.0-M8-SNAPSHOT:test (default-test) @ drools-drl-parser ---
[INFO] Tests are skipped.
[INFO] 
[INFO] --- maven-jar-plugin:3.4.0:jar (default-jar) @ drools-drl-parser ---
[INFO] Building jar: /home/srafi/after-cam-ready/compare_/compile_repair_output/work/2293113fddae/drools-drl/drools-drl-parser/target/drools-drl-parser-999-SNAPSHOT.jar
[INFO] 
[INFO] --- maven-source-plugin:3.3.1:jar-no-fork (attach-sources) @ drools-drl-parser ---
[INFO] Building jar: /home/srafi/after-cam-ready/compare_/compile_repair_output/work/2293113fddae/drools-drl/drools-drl-parser/target/drools-drl-parser-999-SNAPSHOT-sources.jar
[INFO] 
[INFO] --- maven-source-plugin:3.3.1:test-jar-no-fork (attach-test-sources) @ drools-drl-parser ---
[INFO] Building jar: /home/srafi/after-cam-ready/compare_/compile_repair_output/work/2293113fddae/drools-drl/drools-drl-parser/target/drools-drl-parser-999-SNAPSHOT-test-sources.jar
[INFO] 
[INFO] --- maven-jar-plugin:3.4.0:test-jar (test-jar) @ drools-drl-parser ---
[INFO] Building jar: /home/srafi/after-cam-ready/compare_/compile_repair_output/work/2293113fddae/drools-drl/drools-drl-parser/target/drools-drl-parser-999-SNAPSHOT-tests.jar
[INFO] 
[INFO] --- maven-failsafe-plugin:3.0.0-M8-SNAPSHOT:integration-test (default) @ drools-drl-parser ---
[INFO] Tests are skipped.
[INFO] 
[INFO] --- maven-failsafe-plugin:3.0.0-M8-SNAPSHOT:verify (default) @ drools-drl-parser ---
[INFO] Tests are skipped.
[INFO] 
[INFO] --- maven-install-plugin:3.1.1:install (default-install) @ drools-drl-parser ---
[INFO] Installing /home/srafi/after-cam-ready/compare_/compile_repair_output/work/2293113fddae/drools-drl/drools-drl-parser/pom.xml to /home/srafi/.m2/repository/org/drools/drools-drl-parser/999-SNAPSHOT/drools-drl-parser-999-SNAPSHOT.pom
[INFO] Installing /home/srafi/after-cam-ready/compare_/compile_repair_output/work/2293113fddae/drools-drl/drools-drl-parser/target/drools-drl-parser-999-SNAPSHOT.jar to /home/srafi/.m2/repository/org/drools/drools-drl-parser/999-SNAPSHOT/drools-drl-parser-999-SNAPSHOT.jar
[INFO] Installing /home/srafi/after-cam-ready/compare_/compile_repair_output/work/2293113fddae/drools-drl/drools-drl-parser/target/drools-drl-parser-999-SNAPSHOT-sources.jar to /home/srafi/.m2/repository/org/drools/drools-drl-parser/999-SNAPSHOT/drools-drl-parser-999-SNAPSHOT-sources.jar
[INFO] Installing /home/srafi/after-cam-ready/compare_/compile_repair_output/work/2293113fddae/drools-drl/drools-drl-parser/target/drools-drl-parser-999-SNAPSHOT-test-sources.jar to /home/srafi/.m2/repository/org/drools/drools-drl-parser/999-SNAPSHOT/drools-drl-parser-999-SNAPSHOT-test-sources.jar
[INFO] Installing /home/srafi/after-cam-ready/compare_/compile_repair_output/work/2293113fddae/drools-drl/drools-drl-parser/target/drools-drl-parser-999-SNAPSHOT-tests.jar to /home/srafi/.m2/repository/org/drools/drools-drl-parser/999-SNAPSHOT/drools-drl-parser-999-SNAPSHOT-tests.jar
[INFO] 
[INFO] ------------------< org.drools:drools-drl-extensions >------------------
[INFO] Building Drools :: DRL :: Extensions 999-SNAPSHOT                [19/27]
[INFO] --------------------------------[ jar ]---------------------------------
[INFO] 
[INFO] --- maven-clean-plugin:3.3.2:clean (default-clean) @ drools-drl-extensions ---
[INFO] 
[INFO] --- maven-checkstyle-plugin:3.3.0:check (validate) @ drools-drl-extensions ---
[INFO] 
[INFO] --- build-helper-maven-plugin:3.4.0:add-source (default) @ drools-drl-extensions ---
[INFO] Source directory: /home/srafi/after-cam-ready/compare_/compile_repair_output/work/2293113fddae/drools-drl/drools-drl-extensions/target/generated-sources/annotations added.
[INFO] 
[INFO] --- build-helper-maven-plugin:3.4.0:parse-version (default) @ drools-drl-extensions ---
[INFO] 
[INFO] --- maven-remote-resources-plugin:3.2.0:process (process-resource-bundles) @ drools-drl-extensions ---
[INFO] Preparing remote bundle org.apache.apache.resources:apache-jar-resource-bundle:1.5
[INFO] Copying 3 resources from 1 bundle.
[INFO] 
[INFO] --- maven-resources-plugin:3.3.1:resources (default-resources) @ drools-drl-extensions ---
[INFO] skip non existing resourceDirectory /home/srafi/after-cam-ready/compare_/compile_repair_output/work/2293113fddae/drools-drl/drools-drl-extensions/src/main/resources
[INFO] Copying 3 resources from target/maven-shared-archive-resources to target/classes
[INFO] 
[INFO] --- maven-compiler-plugin:3.8.1:compile (default-compile) @ drools-drl-extensions ---
[INFO] Changes detected - recompiling the module!
[INFO] Compiling 7 source files to /home/srafi/after-cam-ready/compare_/compile_repair_output/work/2293113fddae/drools-drl/drools-drl-extensions/target/classes
[INFO] 
[INFO] --- maven-resources-plugin:3.3.1:testResources (default-testResources) @ drools-drl-extensions ---
[INFO] skip non existing resourceDirectory /home/srafi/after-cam-ready/compare_/compile_repair_output/work/2293113fddae/drools-drl/drools-drl-extensions/src/test/resources
[INFO] Copying 3 resources from target/maven-shared-archive-resources to target/test-classes
[INFO] 
[INFO] --- maven-compiler-plugin:3.8.1:testCompile (default-testCompile) @ drools-drl-extensions ---
[INFO] No sources to compile
[INFO] 
[INFO] --- maven-surefire-plugin:3.0.0-M8-SNAPSHOT:test (default-test) @ drools-drl-extensions ---
[INFO] Tests are skipped.
[INFO] 
[INFO] --- maven-jar-plugin:3.4.0:jar (default-jar) @ drools-drl-extensions ---
[INFO] Building jar: /home/srafi/after-cam-ready/compare_/compile_repair_output/work/2293113fddae/drools-drl/drools-drl-extensions/target/drools-drl-extensions-999-SNAPSHOT.jar
[INFO] 
[INFO] --- maven-source-plugin:3.3.1:jar-no-fork (attach-sources) @ drools-drl-extensions ---
[INFO] Building jar: /home/srafi/after-cam-ready/compare_/compile_repair_output/work/2293113fddae/drools-drl/drools-drl-extensions/target/drools-drl-extensions-999-SNAPSHOT-sources.jar
[INFO] 
[INFO] --- maven-source-plugin:3.3.1:test-jar-no-fork (attach-test-sources) @ drools-drl-extensions ---
[INFO] Building jar: /home/srafi/after-cam-ready/compare_/compile_repair_output/work/2293113fddae/drools-drl/drools-drl-extensions/target/drools-drl-extensions-999-SNAPSHOT-test-sources.jar
[INFO] 
[INFO] --- maven-jar-plugin:3.4.0:test-jar (test-jar) @ drools-drl-extensions ---
[INFO] Building jar: /home/srafi/after-cam-ready/compare_/compile_repair_output/work/2293113fddae/drools-drl/drools-drl-extensions/target/drools-drl-extensions-999-SNAPSHOT-tests.jar
[INFO] 
[INFO] --- maven-failsafe-plugin:3.0.0-M8-SNAPSHOT:integration-test (default) @ drools-drl-extensions ---
[INFO] Tests are skipped.
[INFO] 
[INFO] --- maven-failsafe-plugin:3.0.0-M8-SNAPSHOT:verify (default) @ drools-drl-extensions ---
[INFO] Tests are skipped.
[INFO] 
[INFO] --- maven-install-plugin:3.1.1:install (default-install) @ drools-drl-extensions ---
[INFO] Installing /home/srafi/after-cam-ready/compare_/compile_repair_output/work/2293113fddae/drools-drl/drools-drl-extensions/pom.xml to /home/srafi/.m2/repository/org/drools/drools-drl-extensions/999-SNAPSHOT/drools-drl-extensions-999-SNAPSHOT.pom
[INFO] Installing /home/srafi/after-cam-ready/compare_/compile_repair_output/work/2293113fddae/drools-drl/drools-drl-extensions/target/drools-drl-extensions-999-SNAPSHOT.jar to /home/srafi/.m2/repository/org/drools/drools-drl-extensions/999-SNAPSHOT/drools-drl-extensions-999-SNAPSHOT.jar
[INFO] Installing /home/srafi/after-cam-ready/compare_/compile_repair_output/work/2293113fddae/drools-drl/drools-drl-extensions/target/drools-drl-extensions-999-SNAPSHOT-sources.jar to /home/srafi/.m2/repository/org/drools/drools-drl-extensions/999-SNAPSHOT/drools-drl-extensions-999-SNAPSHOT-sources.jar
[INFO] Installing /home/srafi/after-cam-ready/compare_/compile_repair_output/work/2293113fddae/drools-drl/drools-drl-extensions/target/drools-drl-extensions-999-SNAPSHOT-test-sources.jar to /home/srafi/.m2/repository/org/drools/drools-drl-extensions/999-SNAPSHOT/drools-drl-extensions-999-SNAPSHOT-test-sources.jar
[INFO] Installing /home/srafi/after-cam-ready/compare_/compile_repair_output/work/2293113fddae/drools-drl/drools-drl-extensions/target/drools-drl-extensions-999-SNAPSHOT-tests.jar to /home/srafi/.m2/repository/org/drools/drools-drl-extensions/999-SNAPSHOT/drools-drl-extensions-999-SNAPSHOT-tests.jar
[INFO] 
[INFO] ------------------< org.drools:drools-wiring-dynamic >------------------
[INFO] Building Drools :: Wiring :: Dynamic 999-SNAPSHOT                [20/27]
[INFO] --------------------------------[ jar ]---------------------------------
[INFO] 
[INFO] --- maven-clean-plugin:3.3.2:clean (default-clean) @ drools-wiring-dynamic ---
[INFO] 
[INFO] --- maven-checkstyle-plugin:3.3.0:check (validate) @ drools-wiring-dynamic ---
[INFO] 
[INFO] --- build-helper-maven-plugin:3.4.0:add-source (default) @ drools-wiring-dynamic ---
[INFO] Source directory: /home/srafi/after-cam-ready/compare_/compile_repair_output/work/2293113fddae/drools-wiring/drools-wiring-dynamic/target/generated-sources/annotations added.
[INFO] 
[INFO] --- build-helper-maven-plugin:3.4.0:parse-version (default) @ drools-wiring-dynamic ---
[INFO] 
[INFO] --- maven-remote-resources-plugin:3.2.0:process (process-resource-bundles) @ drools-wiring-dynamic ---
[INFO] Preparing remote bundle org.apache.apache.resources:apache-jar-resource-bundle:1.5
[INFO] Copying 3 resources from 1 bundle.
[INFO] 
[INFO] --- maven-resources-plugin:3.3.1:resources (default-resources) @ drools-wiring-dynamic ---
[INFO] Copying 1 resource from src/main/resources to target/classes
[INFO] Copying 3 resources from target/maven-shared-archive-resources to target/classes
[INFO] 
[INFO] --- maven-compiler-plugin:3.8.1:compile (default-compile) @ drools-wiring-dynamic ---
[INFO] Changes detected - recompiling the module!
[INFO] Compiling 3 source files to /home/srafi/after-cam-ready/compare_/compile_repair_output/work/2293113fddae/drools-wiring/drools-wiring-dynamic/target/classes
[INFO] /home/srafi/after-cam-ready/compare_/compile_repair_output/work/2293113fddae/drools-wiring/drools-wiring-dynamic/src/main/java/org/drools/wiring/dynamic/PackageClassLoader.java: Some input files use or override a deprecated API.
[INFO] /home/srafi/after-cam-ready/compare_/compile_repair_output/work/2293113fddae/drools-wiring/drools-wiring-dynamic/src/main/java/org/drools/wiring/dynamic/PackageClassLoader.java: Recompile with -Xlint:deprecation for details.
[INFO] /home/srafi/after-cam-ready/compare_/compile_repair_output/work/2293113fddae/drools-wiring/drools-wiring-dynamic/src/main/java/org/drools/wiring/dynamic/PackageClassLoader.java: Some input files use or override a deprecated API that is marked for removal.
[INFO] /home/srafi/after-cam-ready/compare_/compile_repair_output/work/2293113fddae/drools-wiring/drools-wiring-dynamic/src/main/java/org/drools/wiring/dynamic/PackageClassLoader.java: Recompile with -Xlint:removal for details.
[INFO] /home/srafi/after-cam-ready/compare_/compile_repair_output/work/2293113fddae/drools-wiring/drools-wiring-dynamic/src/main/java/org/drools/wiring/dynamic/PackageClassLoader.java: /home/srafi/after-cam-ready/compare_/compile_repair_output/work/2293113fddae/drools-wiring/drools-wiring-dynamic/src/main/java/org/drools/wiring/dynamic/PackageClassLoader.java uses unchecked or unsafe operations.
[INFO] /home/srafi/after-cam-ready/compare_/compile_repair_output/work/2293113fddae/drools-wiring/drools-wiring-dynamic/src/main/java/org/drools/wiring/dynamic/PackageClassLoader.java: Recompile with -Xlint:unchecked for details.
[INFO] 
[INFO] --- maven-resources-plugin:3.3.1:testResources (default-testResources) @ drools-wiring-dynamic ---
[INFO] skip non existing resourceDirectory /home/srafi/after-cam-ready/compare_/compile_repair_output/work/2293113fddae/drools-wiring/drools-wiring-dynamic/src/test/resources
[INFO] Copying 3 resources from target/maven-shared-archive-resources to target/test-classes
[INFO] 
[INFO] --- maven-compiler-plugin:3.8.1:testCompile (default-testCompile) @ drools-wiring-dynamic ---
[INFO] Changes detected - recompiling the module!
[INFO] Compiling 1 source file to /home/srafi/after-cam-ready/compare_/compile_repair_output/work/2293113fddae/drools-wiring/drools-wiring-dynamic/target/test-classes
[INFO] 
[INFO] --- maven-surefire-plugin:3.0.0-M8-SNAPSHOT:test (default-test) @ drools-wiring-dynamic ---
[INFO] Tests are skipped.
[INFO] 
[INFO] --- maven-jar-plugin:3.4.0:jar (default-jar) @ drools-wiring-dynamic ---
[INFO] Building jar: /home/srafi/after-cam-ready/compare_/compile_repair_output/work/2293113fddae/drools-wiring/drools-wiring-dynamic/target/drools-wiring-dynamic-999-SNAPSHOT.jar
[INFO] 
[INFO] --- maven-source-plugin:3.3.1:jar-no-fork (attach-sources) @ drools-wiring-dynamic ---
[INFO] Building jar: /home/srafi/after-cam-ready/compare_/compile_repair_output/work/2293113fddae/drools-wiring/drools-wiring-dynamic/target/drools-wiring-dynamic-999-SNAPSHOT-sources.jar
[INFO] 
[INFO] --- maven-source-plugin:3.3.1:test-jar-no-fork (attach-test-sources) @ drools-wiring-dynamic ---
[INFO] Building jar: /home/srafi/after-cam-ready/compare_/compile_repair_output/work/2293113fddae/drools-wiring/drools-wiring-dynamic/target/drools-wiring-dynamic-999-SNAPSHOT-test-sources.jar
[INFO] 
[INFO] --- maven-jar-plugin:3.4.0:test-jar (test-jar) @ drools-wiring-dynamic ---
[INFO] Building jar: /home/srafi/after-cam-ready/compare_/compile_repair_output/work/2293113fddae/drools-wiring/drools-wiring-dynamic/target/drools-wiring-dynamic-999-SNAPSHOT-tests.jar
[INFO] 
[INFO] --- maven-failsafe-plugin:3.0.0-M8-SNAPSHOT:integration-test (default) @ drools-wiring-dynamic ---
[INFO] Tests are skipped.
[INFO] 
[INFO] --- maven-failsafe-plugin:3.0.0-M8-SNAPSHOT:verify (default) @ drools-wiring-dynamic ---
[INFO] Tests are skipped.
[INFO] 
[INFO] --- maven-install-plugin:3.1.1:install (default-install) @ drools-wiring-dynamic ---
[INFO] Installing /home/srafi/after-cam-ready/compare_/compile_repair_output/work/2293113fddae/drools-wiring/drools-wiring-dynamic/pom.xml to /home/srafi/.m2/repository/org/drools/drools-wiring-dynamic/999-SNAPSHOT/drools-wiring-dynamic-999-SNAPSHOT.pom
[INFO] Installing /home/srafi/after-cam-ready/compare_/compile_repair_output/work/2293113fddae/drools-wiring/drools-wiring-dynamic/target/drools-wiring-dynamic-999-SNAPSHOT.jar to /home/srafi/.m2/repository/org/drools/drools-wiring-dynamic/999-SNAPSHOT/drools-wiring-dynamic-999-SNAPSHOT.jar
[INFO] Installing /home/srafi/after-cam-ready/compare_/compile_repair_output/work/2293113fddae/drools-wiring/drools-wiring-dynamic/target/drools-wiring-dynamic-999-SNAPSHOT-sources.jar to /home/srafi/.m2/repository/org/drools/drools-wiring-dynamic/999-SNAPSHOT/drools-wiring-dynamic-999-SNAPSHOT-sources.jar
[INFO] Installing /home/srafi/after-cam-ready/compare_/compile_repair_output/work/2293113fddae/drools-wiring/drools-wiring-dynamic/target/drools-wiring-dynamic-999-SNAPSHOT-test-sources.jar to /home/srafi/.m2/repository/org/drools/drools-wiring-dynamic/999-SNAPSHOT/drools-wiring-dynamic-999-SNAPSHOT-test-sources.jar
[INFO] Installing /home/srafi/after-cam-ready/compare_/compile_repair_output/work/2293113fddae/drools-wiring/drools-wiring-dynamic/target/drools-wiring-dynamic-999-SNAPSHOT-tests.jar to /home/srafi/.m2/repository/org/drools/drools-wiring-dynamic/999-SNAPSHOT/drools-wiring-dynamic-999-SNAPSHOT-tests.jar
[INFO] 
[INFO] --------------------< org.drools:drools-kiesession >--------------------
[INFO] Building Drools :: KieSession 999-SNAPSHOT                       [21/27]
[INFO] --------------------------------[ jar ]---------------------------------
[INFO] 
[INFO] --- maven-clean-plugin:3.3.2:clean (default-clean) @ drools-kiesession ---
[INFO] 
[INFO] --- maven-checkstyle-plugin:3.3.0:check (validate) @ drools-kiesession ---
[INFO] 
[INFO] --- build-helper-maven-plugin:3.4.0:add-source (default) @ drools-kiesession ---
[INFO] Source directory: /home/srafi/after-cam-ready/compare_/compile_repair_output/work/2293113fddae/drools-kiesession/target/generated-sources/annotations added.
[INFO] 
[INFO] --- build-helper-maven-plugin:3.4.0:parse-version (default) @ drools-kiesession ---
[INFO] 
[INFO] --- maven-remote-resources-plugin:3.2.0:process (process-resource-bundles) @ drools-kiesession ---
[INFO] Preparing remote bundle org.apache.apache.resources:apache-jar-resource-bundle:1.5
[INFO] Copying 3 resources from 1 bundle.
[INFO] 
[INFO] --- maven-resources-plugin:3.3.1:resources (default-resources) @ drools-kiesession ---
[INFO] Copying 1 resource from src/main/resources to target/classes
[INFO] Copying 3 resources from target/maven-shared-archive-resources to target/classes
[INFO] 
[INFO] --- maven-compiler-plugin:3.8.1:compile (default-compile) @ drools-kiesession ---
[INFO] Changes detected - recompiling the module!
[INFO] Compiling 63 source files to /home/srafi/after-cam-ready/compare_/compile_repair_output/work/2293113fddae/drools-kiesession/target/classes
[INFO] /home/srafi/after-cam-ready/compare_/compile_repair_output/work/2293113fddae/drools-kiesession/src/main/java/org/drools/kiesession/session/StatefulKnowledgeSessionImpl.java: Some input files use or override a deprecated API.
[INFO] /home/srafi/after-cam-ready/compare_/compile_repair_output/work/2293113fddae/drools-kiesession/src/main/java/org/drools/kiesession/session/StatefulKnowledgeSessionImpl.java: Recompile with -Xlint:deprecation for details.
[INFO] /home/srafi/after-cam-ready/compare_/compile_repair_output/work/2293113fddae/drools-kiesession/src/main/java/org/drools/kiesession/session/StatefulKnowledgeSessionImpl.java: Some input files use unchecked or unsafe operations.
[INFO] /home/srafi/after-cam-ready/compare_/compile_repair_output/work/2293113fddae/drools-kiesession/src/main/java/org/drools/kiesession/session/StatefulKnowledgeSessionImpl.java: Recompile with -Xlint:unchecked for details.
[INFO] 
[INFO] --- maven-resources-plugin:3.3.1:testResources (default-testResources) @ drools-kiesession ---
[INFO] skip non existing resourceDirectory /home/srafi/after-cam-ready/compare_/compile_repair_output/work/2293113fddae/drools-kiesession/src/test/resources
[INFO] Copying 3 resources from target/maven-shared-archive-resources to target/test-classes
[INFO] 
[INFO] --- maven-compiler-plugin:3.8.1:testCompile (default-testCompile) @ drools-kiesession ---
[INFO] Changes detected - recompiling the module!
[INFO] Compiling 20 source files to /home/srafi/after-cam-ready/compare_/compile_repair_output/work/2293113fddae/drools-kiesession/target/test-classes
[INFO] /home/srafi/after-cam-ready/compare_/compile_repair_output/work/2293113fddae/drools-kiesession/src/test/java/org/drools/kiesession/ReteooWorkingMemoryTest.java: Some input files use or override a deprecated API.
[INFO] /home/srafi/after-cam-ready/compare_/compile_repair_output/work/2293113fddae/drools-kiesession/src/test/java/org/drools/kiesession/ReteooWorkingMemoryTest.java: Recompile with -Xlint:deprecation for details.
[INFO] /home/srafi/after-cam-ready/compare_/compile_repair_output/work/2293113fddae/drools-kiesession/src/test/java/org/drools/kiesession/QueryElementNodeTest.java: /home/srafi/after-cam-ready/compare_/compile_repair_output/work/2293113fddae/drools-kiesession/src/test/java/org/drools/kiesession/QueryElementNodeTest.java uses or overrides a deprecated API that is marked for removal.
[INFO] /home/srafi/after-cam-ready/compare_/compile_repair_output/work/2293113fddae/drools-kiesession/src/test/java/org/drools/kiesession/QueryElementNodeTest.java: Recompile with -Xlint:removal for details.
[INFO] /home/srafi/after-cam-ready/compare_/compile_repair_output/work/2293113fddae/drools-kiesession/src/test/java/org/drools/kiesession/InternalRuleBaseConfigurationTest.java: Some input files use unchecked or unsafe operations.
[INFO] /home/srafi/after-cam-ready/compare_/compile_repair_output/work/2293113fddae/drools-kiesession/src/test/java/org/drools/kiesession/InternalRuleBaseConfigurationTest.java: Recompile with -Xlint:unchecked for details.
[INFO] 
[INFO] --- maven-surefire-plugin:3.0.0-M8-SNAPSHOT:test (default-test) @ drools-kiesession ---
[INFO] Tests are skipped.
[INFO] 
[INFO] --- maven-jar-plugin:3.4.0:jar (default-jar) @ drools-kiesession ---
[INFO] Building jar: /home/srafi/after-cam-ready/compare_/compile_repair_output/work/2293113fddae/drools-kiesession/target/drools-kiesession-999-SNAPSHOT.jar
[INFO] 
[INFO] --- maven-source-plugin:3.3.1:jar-no-fork (attach-sources) @ drools-kiesession ---
[INFO] Building jar: /home/srafi/after-cam-ready/compare_/compile_repair_output/work/2293113fddae/drools-kiesession/target/drools-kiesession-999-SNAPSHOT-sources.jar
[INFO] 
[INFO] --- maven-source-plugin:3.3.1:test-jar-no-fork (attach-test-sources) @ drools-kiesession ---
[INFO] Building jar: /home/srafi/after-cam-ready/compare_/compile_repair_output/work/2293113fddae/drools-kiesession/target/drools-kiesession-999-SNAPSHOT-test-sources.jar
[INFO] 
[INFO] --- maven-jar-plugin:3.4.0:test-jar (test-jar) @ drools-kiesession ---
[INFO] Building jar: /home/srafi/after-cam-ready/compare_/compile_repair_output/work/2293113fddae/drools-kiesession/target/drools-kiesession-999-SNAPSHOT-tests.jar
[INFO] 
[INFO] --- maven-failsafe-plugin:3.0.0-M8-SNAPSHOT:integration-test (default) @ drools-kiesession ---
[INFO] Tests are skipped.
[INFO] 
[INFO] --- maven-failsafe-plugin:3.0.0-M8-SNAPSHOT:verify (default) @ drools-kiesession ---
[INFO] Tests are skipped.
[INFO] 
[INFO] --- maven-install-plugin:3.1.1:install (default-install) @ drools-kiesession ---
[INFO] Installing /home/srafi/after-cam-ready/compare_/compile_repair_output/work/2293113fddae/drools-kiesession/pom.xml to /home/srafi/.m2/repository/org/drools/drools-kiesession/999-SNAPSHOT/drools-kiesession-999-SNAPSHOT.pom
[INFO] Installing /home/srafi/after-cam-ready/compare_/compile_repair_output/work/2293113fddae/drools-kiesession/target/drools-kiesession-999-SNAPSHOT.jar to /home/srafi/.m2/repository/org/drools/drools-kiesession/999-SNAPSHOT/drools-kiesession-999-SNAPSHOT.jar
[INFO] Installing /home/srafi/after-cam-ready/compare_/compile_repair_output/work/2293113fddae/drools-kiesession/target/drools-kiesession-999-SNAPSHOT-sources.jar to /home/srafi/.m2/repository/org/drools/drools-kiesession/999-SNAPSHOT/drools-kiesession-999-SNAPSHOT-sources.jar
[INFO] Installing /home/srafi/after-cam-ready/compare_/compile_repair_output/work/2293113fddae/drools-kiesession/target/drools-kiesession-999-SNAPSHOT-test-sources.jar to /home/srafi/.m2/repository/org/drools/drools-kiesession/999-SNAPSHOT/drools-kiesession-999-SNAPSHOT-test-sources.jar
[INFO] Installing /home/srafi/after-cam-ready/compare_/compile_repair_output/work/2293113fddae/drools-kiesession/target/drools-kiesession-999-SNAPSHOT-tests.jar to /home/srafi/.m2/repository/org/drools/drools-kiesession/999-SNAPSHOT/drools-kiesession-999-SNAPSHOT-tests.jar
[INFO] 
[INFO] -----------------------< org.drools:drools-ecj >------------------------
[INFO] Building Drools :: ECJ 999-SNAPSHOT                              [22/27]
[INFO] --------------------------------[ jar ]---------------------------------
[INFO] Downloading from central: https://repo.maven.apache.org/maven2/org/eclipse/jdt/ecj/3.33.0/ecj-3.33.0.pom
[INFO] Downloaded from central: https://repo.maven.apache.org/maven2/org/eclipse/jdt/ecj/3.33.0/ecj-3.33.0.pom (1.3 kB at 41 kB/s)
[INFO] Downloading from central: https://repo.maven.apache.org/maven2/org/eclipse/jdt/ecj/3.33.0/ecj-3.33.0.jar
[INFO] Downloaded from central: https://repo.maven.apache.org/maven2/org/eclipse/jdt/ecj/3.33.0/ecj-3.33.0.jar (3.2 MB at 55 MB/s)
[INFO] 
[INFO] --- maven-clean-plugin:3.3.2:clean (default-clean) @ drools-ecj ---
[INFO] 
[INFO] --- maven-checkstyle-plugin:3.3.0:check (validate) @ drools-ecj ---
[INFO] 
[INFO] --- build-helper-maven-plugin:3.4.0:add-source (default) @ drools-ecj ---
[INFO] Source directory: /home/srafi/after-cam-ready/compare_/compile_repair_output/work/2293113fddae/drools-ecj/target/generated-sources/annotations added.
[INFO] 
[INFO] --- build-helper-maven-plugin:3.4.0:parse-version (default) @ drools-ecj ---
[INFO] 
[INFO] --- maven-remote-resources-plugin:3.2.0:process (process-resource-bundles) @ drools-ecj ---
[INFO] Preparing remote bundle org.apache.apache.resources:apache-jar-resource-bundle:1.5
[INFO] Copying 3 resources from 1 bundle.
[INFO] 
[INFO] --- maven-resources-plugin:3.3.1:resources (default-resources) @ drools-ecj ---
[INFO] skip non existing resourceDirectory /home/srafi/after-cam-ready/compare_/compile_repair_output/work/2293113fddae/drools-ecj/src/main/resources
[INFO] Copying 3 resources from target/maven-shared-archive-resources to target/classes
[INFO] 
[INFO] --- maven-compiler-plugin:3.8.1:compile (default-compile) @ drools-ecj ---
[INFO] Changes detected - recompiling the module!
[INFO] Compiling 3 source files to /home/srafi/after-cam-ready/compare_/compile_repair_output/work/2293113fddae/drools-ecj/target/classes
[INFO] /home/srafi/after-cam-ready/compare_/compile_repair_output/work/2293113fddae/drools-ecj/src/main/java/org/drools/ecj/EclipseJavaCompilerSettings.java: Some input files use unchecked or unsafe operations.
[INFO] /home/srafi/after-cam-ready/compare_/compile_repair_output/work/2293113fddae/drools-ecj/src/main/java/org/drools/ecj/EclipseJavaCompilerSettings.java: Recompile with -Xlint:unchecked for details.
[INFO] 
[INFO] --- maven-resources-plugin:3.3.1:testResources (default-testResources) @ drools-ecj ---
[INFO] skip non existing resourceDirectory /home/srafi/after-cam-ready/compare_/compile_repair_output/work/2293113fddae/drools-ecj/src/test/resources
[INFO] Copying 3 resources from target/maven-shared-archive-resources to target/test-classes
[INFO] 
[INFO] --- maven-compiler-plugin:3.8.1:testCompile (default-testCompile) @ drools-ecj ---
[INFO] Changes detected - recompiling the module!
[INFO] Compiling 1 source file to /home/srafi/after-cam-ready/compare_/compile_repair_output/work/2293113fddae/drools-ecj/target/test-classes
[INFO] 
[INFO] --- maven-surefire-plugin:3.0.0-M8-SNAPSHOT:test (default-test) @ drools-ecj ---
[INFO] Tests are skipped.
[INFO] 
[INFO] --- maven-jar-plugin:3.4.0:jar (default-jar) @ drools-ecj ---
[INFO] Building jar: /home/srafi/after-cam-ready/compare_/compile_repair_output/work/2293113fddae/drools-ecj/target/drools-ecj-999-SNAPSHOT.jar
[INFO] 
[INFO] --- maven-source-plugin:3.3.1:jar-no-fork (attach-sources) @ drools-ecj ---
[INFO] Building jar: /home/srafi/after-cam-ready/compare_/compile_repair_output/work/2293113fddae/drools-ecj/target/drools-ecj-999-SNAPSHOT-sources.jar
[INFO] 
[INFO] --- maven-source-plugin:3.3.1:test-jar-no-fork (attach-test-sources) @ drools-ecj ---
[INFO] Building jar: /home/srafi/after-cam-ready/compare_/compile_repair_output/work/2293113fddae/drools-ecj/target/drools-ecj-999-SNAPSHOT-test-sources.jar
[INFO] 
[INFO] --- maven-jar-plugin:3.4.0:test-jar (test-jar) @ drools-ecj ---
[INFO] Building jar: /home/srafi/after-cam-ready/compare_/compile_repair_output/work/2293113fddae/drools-ecj/target/drools-ecj-999-SNAPSHOT-tests.jar
[INFO] 
[INFO] --- maven-failsafe-plugin:3.0.0-M8-SNAPSHOT:integration-test (default) @ drools-ecj ---
[INFO] Tests are skipped.
[INFO] 
[INFO] --- maven-failsafe-plugin:3.0.0-M8-SNAPSHOT:verify (default) @ drools-ecj ---
[INFO] Tests are skipped.
[INFO] 
[INFO] --- maven-install-plugin:3.1.1:install (default-install) @ drools-ecj ---
[INFO] Installing /home/srafi/after-cam-ready/compare_/compile_repair_output/work/2293113fddae/drools-ecj/pom.xml to /home/srafi/.m2/repository/org/drools/drools-ecj/999-SNAPSHOT/drools-ecj-999-SNAPSHOT.pom
[INFO] Installing /home/srafi/after-cam-ready/compare_/compile_repair_output/work/2293113fddae/drools-ecj/target/drools-ecj-999-SNAPSHOT.jar to /home/srafi/.m2/repository/org/drools/drools-ecj/999-SNAPSHOT/drools-ecj-999-SNAPSHOT.jar
[INFO] Installing /home/srafi/after-cam-ready/compare_/compile_repair_output/work/2293113fddae/drools-ecj/target/drools-ecj-999-SNAPSHOT-sources.jar to /home/srafi/.m2/repository/org/drools/drools-ecj/999-SNAPSHOT/drools-ecj-999-SNAPSHOT-sources.jar
[INFO] Installing /home/srafi/after-cam-ready/compare_/compile_repair_output/work/2293113fddae/drools-ecj/target/drools-ecj-999-SNAPSHOT-test-sources.jar to /home/srafi/.m2/repository/org/drools/drools-ecj/999-SNAPSHOT/drools-ecj-999-SNAPSHOT-test-sources.jar
[INFO] Installing /home/srafi/after-cam-ready/compare_/compile_repair_output/work/2293113fddae/drools-ecj/target/drools-ecj-999-SNAPSHOT-tests.jar to /home/srafi/.m2/repository/org/drools/drools-ecj/999-SNAPSHOT/drools-ecj-999-SNAPSHOT-tests.jar
[INFO] 
[INFO] -----------------------< org.kie:kie-test-util >------------------------
[INFO] Building KIE :: Test Utility Classes 999-SNAPSHOT                [23/27]
[INFO] --------------------------------[ jar ]---------------------------------
[INFO] Downloading from central: https://repo.maven.apache.org/maven2/jakarta/persistence/jakarta.persistence-api/3.1.0/jakarta.persistence-api-3.1.0.pom
[INFO] Downloaded from central: https://repo.maven.apache.org/maven2/jakarta/persistence/jakarta.persistence-api/3.1.0/jakarta.persistence-api-3.1.0.pom (16 kB at 485 kB/s)
[INFO] Downloading from central: https://repo.maven.apache.org/maven2/org/jboss/narayana/jta/narayana-jta/7.0.2.Final/narayana-jta-7.0.2.Final.pom
[INFO] Downloaded from central: https://repo.maven.apache.org/maven2/org/jboss/narayana/jta/narayana-jta/7.0.2.Final/narayana-jta-7.0.2.Final.pom (13 kB at 379 kB/s)
[INFO] Downloading from central: https://repo.maven.apache.org/maven2/org/jboss/narayana/jta/narayana-jta-all/7.0.2.Final/narayana-jta-all-7.0.2.Final.pom
[INFO] Downloaded from central: https://repo.maven.apache.org/maven2/org/jboss/narayana/jta/narayana-jta-all/7.0.2.Final/narayana-jta-all-7.0.2.Final.pom (2.0 kB at 65 kB/s)
[INFO] Downloading from central: https://repo.maven.apache.org/maven2/org/jboss/narayana/narayana-all/7.0.2.Final/narayana-all-7.0.2.Final.pom
[INFO] Downloaded from central: https://repo.maven.apache.org/maven2/org/jboss/narayana/narayana-all/7.0.2.Final/narayana-all-7.0.2.Final.pom (30 kB at 932 kB/s)
[INFO] Downloading from central: https://repo.maven.apache.org/maven2/org/jboss/narayana/narayana-bom/7.0.2.Final/narayana-bom-7.0.2.Final.pom
[INFO] Downloaded from central: https://repo.maven.apache.org/maven2/org/jboss/narayana/narayana-bom/7.0.2.Final/narayana-bom-7.0.2.Final.pom (28 kB at 758 kB/s)
[INFO] Downloading from central: https://repo.maven.apache.org/maven2/jakarta/enterprise/jakarta.enterprise.cdi-api/4.0.1/jakarta.enterprise.cdi-api-4.0.1.pom
[INFO] Downloaded from central: https://repo.maven.apache.org/maven2/jakarta/enterprise/jakarta.enterprise.cdi-api/4.0.1/jakarta.enterprise.cdi-api-4.0.1.pom (12 kB at 364 kB/s)
[INFO] Downloading from central: https://repo.maven.apache.org/maven2/jakarta/enterprise/jakarta.enterprise.cdi-parent/4.0.1/jakarta.enterprise.cdi-parent-4.0.1.pom
[INFO] Downloaded from central: https://repo.maven.apache.org/maven2/jakarta/enterprise/jakarta.enterprise.cdi-parent/4.0.1/jakarta.enterprise.cdi-parent-4.0.1.pom (2.3 kB at 69 kB/s)
[INFO] Downloading from central: https://repo.maven.apache.org/maven2/jakarta/enterprise/jakarta.enterprise.lang-model/4.0.1/jakarta.enterprise.lang-model-4.0.1.pom
[INFO] Downloaded from central: https://repo.maven.apache.org/maven2/jakarta/enterprise/jakarta.enterprise.lang-model/4.0.1/jakarta.enterprise.lang-model-4.0.1.pom (3.6 kB at 83 kB/s)
[INFO] Downloading from central: https://repo.maven.apache.org/maven2/jakarta/el/jakarta.el-api/5.0.0/jakarta.el-api-5.0.0.pom
[INFO] Downloaded from central: https://repo.maven.apache.org/maven2/jakarta/el/jakarta.el-api/5.0.0/jakarta.el-api-5.0.0.pom (11 kB at 335 kB/s)
[INFO] Downloading from central: https://repo.maven.apache.org/maven2/jakarta/interceptor/jakarta.interceptor-api/2.1.0/jakarta.interceptor-api-2.1.0.pom
[INFO] Downloaded from central: https://repo.maven.apache.org/maven2/jakarta/interceptor/jakarta.interceptor-api/2.1.0/jakarta.interceptor-api-2.1.0.pom (12 kB at 402 kB/s)
[INFO] Downloading from central: https://repo.maven.apache.org/maven2/jakarta/enterprise/jakarta.enterprise.lang-model/4.0.0/jakarta.enterprise.lang-model-4.0.0.pom
[INFO] Downloaded from central: https://repo.maven.apache.org/maven2/jakarta/enterprise/jakarta.enterprise.lang-model/4.0.0/jakarta.enterprise.lang-model-4.0.0.pom (3.6 kB at 96 kB/s)
[INFO] Downloading from central: https://repo.maven.apache.org/maven2/jakarta/enterprise/jakarta.enterprise.cdi-parent/4.0.0/jakarta.enterprise.cdi-parent-4.0.0.pom
[INFO] Downloaded from central: https://repo.maven.apache.org/maven2/jakarta/enterprise/jakarta.enterprise.cdi-parent/4.0.0/jakarta.enterprise.cdi-parent-4.0.0.pom (2.3 kB at 84 kB/s)
[INFO] Downloading from central: https://repo.maven.apache.org/maven2/jakarta/resource/jakarta.resource-api/2.0.0/jakarta.resource-api-2.0.0.pom
[INFO] Downloaded from central: https://repo.maven.apache.org/maven2/jakarta/resource/jakarta.resource-api/2.0.0/jakarta.resource-api-2.0.0.pom (13 kB at 341 kB/s)
[INFO] Downloading from central: https://repo.maven.apache.org/maven2/org/jboss/invocation/jboss-invocation/2.0.0.Final/jboss-invocation-2.0.0.Final.pom
[INFO] Downloaded from central: https://repo.maven.apache.org/maven2/org/jboss/invocation/jboss-invocation/2.0.0.Final/jboss-invocation-2.0.0.Final.pom (6.9 kB at 210 kB/s)
[INFO] Downloading from central: https://repo.maven.apache.org/maven2/org/eclipse/microprofile/reactive-streams-operators/microprofile-reactive-streams-operators-api/3.0/microprofile-reactive-streams-operators-api-3.0.pom
[INFO] Downloaded from central: https://repo.maven.apache.org/maven2/org/eclipse/microprofile/reactive-streams-operators/microprofile-reactive-streams-operators-api/3.0/microprofile-reactive-streams-operators-api-3.0.pom (4.8 kB at 144 kB/s)
[INFO] Downloading from central: https://repo.maven.apache.org/maven2/org/eclipse/microprofile/reactive-streams-operators/microprofile-reactive-streams-operators-parent/3.0/microprofile-reactive-streams-operators-parent-3.0.pom
[INFO] Downloaded from central: https://repo.maven.apache.org/maven2/org/eclipse/microprofile/reactive-streams-operators/microprofile-reactive-streams-operators-parent/3.0/microprofile-reactive-streams-operators-parent-3.0.pom (3.6 kB at 112 kB/s)
[INFO] Downloading from central: https://repo.maven.apache.org/maven2/org/eclipse/microprofile/microprofile-parent/2.5/microprofile-parent-2.5.pom
[INFO] Downloaded from central: https://repo.maven.apache.org/maven2/org/eclipse/microprofile/microprofile-parent/2.5/microprofile-parent-2.5.pom (51 kB at 1.4 MB/s)
[INFO] Downloading from central: https://repo.maven.apache.org/maven2/org/jboss/arquillian/arquillian-bom/1.7.0.Alpha9/arquillian-bom-1.7.0.Alpha9.pom
[INFO] Downloaded from central: https://repo.maven.apache.org/maven2/org/jboss/arquillian/arquillian-bom/1.7.0.Alpha9/arquillian-bom-1.7.0.Alpha9.pom (10 kB at 274 kB/s)
[INFO] Downloading from central: https://repo.maven.apache.org/maven2/org/jboss/jboss-transaction-spi/8.0.0.Final/jboss-transaction-spi-8.0.0.Final.pom
[INFO] Downloaded from central: https://repo.maven.apache.org/maven2/org/jboss/jboss-transaction-spi/8.0.0.Final/jboss-transaction-spi-8.0.0.Final.pom (4.6 kB at 140 kB/s)
[INFO] Downloading from central: https://repo.maven.apache.org/maven2/org/apache/tomcat/tomcat-dbcp/10.1.7/tomcat-dbcp-10.1.7.pom
[INFO] Downloaded from central: https://repo.maven.apache.org/maven2/org/apache/tomcat/tomcat-dbcp/10.1.7/tomcat-dbcp-10.1.7.pom (1.8 kB at 48 kB/s)
[INFO] Downloading from central: https://repo.maven.apache.org/maven2/org/apache/tomcat/tomcat-juli/10.1.7/tomcat-juli-10.1.7.pom
[INFO] Downloaded from central: https://repo.maven.apache.org/maven2/org/apache/tomcat/tomcat-juli/10.1.7/tomcat-juli-10.1.7.pom (1.5 kB at 51 kB/s)
[INFO] Downloading from central: https://repo.maven.apache.org/maven2/simple-jndi/simple-jndi/0.11.4.1/simple-jndi-0.11.4.1.pom
[INFO] Downloaded from central: https://repo.maven.apache.org/maven2/simple-jndi/simple-jndi/0.11.4.1/simple-jndi-0.11.4.1.pom (4.1 kB at 122 kB/s)
[INFO] Downloading from central: https://repo.maven.apache.org/maven2/com/h2database/h2/2.2.220/h2-2.2.220.pom
[INFO] Downloaded from central: https://repo.maven.apache.org/maven2/com/h2database/h2/2.2.220/h2-2.2.220.pom (1.1 kB at 37 kB/s)
[INFO] Downloading from central: https://repo.maven.apache.org/maven2/jakarta/persistence/jakarta.persistence-api/3.1.0/jakarta.persistence-api-3.1.0.jar
[INFO] Downloading from central: https://repo.maven.apache.org/maven2/jakarta/enterprise/jakarta.enterprise.cdi-api/4.0.1/jakarta.enterprise.cdi-api-4.0.1.jar
[INFO] Downloading from central: https://repo.maven.apache.org/maven2/org/jboss/narayana/jta/narayana-jta/7.0.2.Final/narayana-jta-7.0.2.Final.jar
[INFO] Downloading from central: https://repo.maven.apache.org/maven2/jakarta/el/jakarta.el-api/5.0.0/jakarta.el-api-5.0.0.jar
[INFO] Downloading from central: https://repo.maven.apache.org/maven2/jakarta/enterprise/jakarta.enterprise.lang-model/4.0.0/jakarta.enterprise.lang-model-4.0.0.jar
[INFO] Downloaded from central: https://repo.maven.apache.org/maven2/jakarta/enterprise/jakarta.enterprise.lang-model/4.0.0/jakarta.enterprise.lang-model-4.0.0.jar (26 kB at 846 kB/s)
[INFO] Downloading from central: https://repo.maven.apache.org/maven2/jakarta/interceptor/jakarta.interceptor-api/2.1.0/jakarta.interceptor-api-2.1.0.jar
[INFO] Downloaded from central: https://repo.maven.apache.org/maven2/jakarta/persistence/jakarta.persistence-api/3.1.0/jakarta.persistence-api-3.1.0.jar (165 kB at 5.3 MB/s)
[INFO] Downloading from central: https://repo.maven.apache.org/maven2/jakarta/resource/jakarta.resource-api/2.0.0/jakarta.resource-api-2.0.0.jar
[INFO] Downloaded from central: https://repo.maven.apache.org/maven2/jakarta/enterprise/jakarta.enterprise.cdi-api/4.0.1/jakarta.enterprise.cdi-api-4.0.1.jar (151 kB at 4.1 MB/s)
[INFO] Downloading from central: https://repo.maven.apache.org/maven2/org/jboss/invocation/jboss-invocation/2.0.0.Final/jboss-invocation-2.0.0.Final.jar
[INFO] Downloaded from central: https://repo.maven.apache.org/maven2/org/jboss/narayana/jta/narayana-jta/7.0.2.Final/narayana-jta-7.0.2.Final.jar (1.1 MB at 23 MB/s)
[INFO] Downloading from central: https://repo.maven.apache.org/maven2/org/eclipse/microprofile/reactive-streams-operators/microprofile-reactive-streams-operators-api/3.0/microprofile-reactive-streams-operators-api-3.0.jar
[INFO] Downloaded from central: https://repo.maven.apache.org/maven2/jakarta/el/jakarta.el-api/5.0.0/jakarta.el-api-5.0.0.jar (88 kB at 1.7 MB/s)
[INFO] Downloading from central: https://repo.maven.apache.org/maven2/org/jboss/jboss-transaction-spi/8.0.0.Final/jboss-transaction-spi-8.0.0.Final.jar
[INFO] Downloaded from central: https://repo.maven.apache.org/maven2/jakarta/interceptor/jakarta.interceptor-api/2.1.0/jakarta.interceptor-api-2.1.0.jar (25 kB at 436 kB/s)
[INFO] Downloading from central: https://repo.maven.apache.org/maven2/org/apache/tomcat/tomcat-dbcp/10.1.7/tomcat-dbcp-10.1.7.jar
[INFO] Downloaded from central: https://repo.maven.apache.org/maven2/org/jboss/invocation/jboss-invocation/2.0.0.Final/jboss-invocation-2.0.0.Final.jar (76 kB at 1.1 MB/s)
[INFO] Downloading from central: https://repo.maven.apache.org/maven2/org/apache/tomcat/tomcat-juli/10.1.7/tomcat-juli-10.1.7.jar
[INFO] Downloaded from central: https://repo.maven.apache.org/maven2/jakarta/resource/jakarta.resource-api/2.0.0/jakarta.resource-api-2.0.0.jar (68 kB at 951 kB/s)
[INFO] Downloading from central: https://repo.maven.apache.org/maven2/simple-jndi/simple-jndi/0.11.4.1/simple-jndi-0.11.4.1.jar
[INFO] Downloaded from central: https://repo.maven.apache.org/maven2/org/eclipse/microprofile/reactive-streams-operators/microprofile-reactive-streams-operators-api/3.0/microprofile-reactive-streams-operators-api-3.0.jar (42 kB at 509 kB/s)
[INFO] Downloading from central: https://repo.maven.apache.org/maven2/com/h2database/h2/2.2.220/h2-2.2.220.jar
[INFO] Downloaded from central: https://repo.maven.apache.org/maven2/org/apache/tomcat/tomcat-dbcp/10.1.7/tomcat-dbcp-10.1.7.jar (336 kB at 3.7 MB/s)
[INFO] Downloaded from central: https://repo.maven.apache.org/maven2/org/jboss/jboss-transaction-spi/8.0.0.Final/jboss-transaction-spi-8.0.0.Final.jar (32 kB at 321 kB/s)
[INFO] Downloaded from central: https://repo.maven.apache.org/maven2/simple-jndi/simple-jndi/0.11.4.1/simple-jndi-0.11.4.1.jar (43 kB at 409 kB/s)
[INFO] Downloaded from central: https://repo.maven.apache.org/maven2/org/apache/tomcat/tomcat-juli/10.1.7/tomcat-juli-10.1.7.jar (48 kB at 431 kB/s)
[INFO] Downloaded from central: https://repo.maven.apache.org/maven2/com/h2database/h2/2.2.220/h2-2.2.220.jar (2.6 MB at 18 MB/s)
[INFO] 
[INFO] --- maven-clean-plugin:3.3.2:clean (default-clean) @ kie-test-util ---
[INFO] 
[INFO] --- maven-checkstyle-plugin:3.3.0:check (validate) @ kie-test-util ---
[INFO] 
[INFO] --- build-helper-maven-plugin:3.4.0:add-source (default) @ kie-test-util ---
[INFO] Source directory: /home/srafi/after-cam-ready/compare_/compile_repair_output/work/2293113fddae/kie-test-util/target/generated-sources/annotations added.
[INFO] 
[INFO] --- build-helper-maven-plugin:3.4.0:parse-version (default) @ kie-test-util ---
[INFO] 
[INFO] --- maven-remote-resources-plugin:3.2.0:process (process-resource-bundles) @ kie-test-util ---
[INFO] Preparing remote bundle org.apache.apache.resources:apache-jar-resource-bundle:1.5
[INFO] Copying 3 resources from 1 bundle.
[INFO] 
[INFO] --- maven-resources-plugin:3.3.1:resources (default-resources) @ kie-test-util ---
[INFO] skip non existing resourceDirectory /home/srafi/after-cam-ready/compare_/compile_repair_output/work/2293113fddae/kie-test-util/src/main/resources
[INFO] Copying 3 resources from target/maven-shared-archive-resources to target/classes
[INFO] 
[INFO] --- maven-compiler-plugin:3.8.1:compile (default-compile) @ kie-test-util ---
[INFO] Changes detected - recompiling the module!
[INFO] Compiling 12 source files to /home/srafi/after-cam-ready/compare_/compile_repair_output/work/2293113fddae/kie-test-util/target/classes
[INFO] /home/srafi/after-cam-ready/compare_/compile_repair_output/work/2293113fddae/kie-test-util/src/main/java/org/kie/test/util/db/PersistenceUtil.java: Some input files use or override a deprecated API.
[INFO] /home/srafi/after-cam-ready/compare_/compile_repair_output/work/2293113fddae/kie-test-util/src/main/java/org/kie/test/util/db/PersistenceUtil.java: Recompile with -Xlint:deprecation for details.
[INFO] /home/srafi/after-cam-ready/compare_/compile_repair_output/work/2293113fddae/kie-test-util/src/main/java/org/kie/test/util/db/CloseSafeMemoryContextFactory.java: /home/srafi/after-cam-ready/compare_/compile_repair_output/work/2293113fddae/kie-test-util/src/main/java/org/kie/test/util/db/CloseSafeMemoryContextFactory.java uses unchecked or unsafe operations.
[INFO] /home/srafi/after-cam-ready/compare_/compile_repair_output/work/2293113fddae/kie-test-util/src/main/java/org/kie/test/util/db/CloseSafeMemoryContextFactory.java: Recompile with -Xlint:unchecked for details.
[INFO] 
[INFO] --- maven-resources-plugin:3.3.1:testResources (default-testResources) @ kie-test-util ---
[INFO] Copying 1 resource from src/test/resources to target/test-classes
[INFO] Copying 3 resources from target/maven-shared-archive-resources to target/test-classes
[INFO] 
[INFO] --- maven-compiler-plugin:3.8.1:testCompile (default-testCompile) @ kie-test-util ---
[INFO] Changes detected - recompiling the module!
[INFO] Compiling 1 source file to /home/srafi/after-cam-ready/compare_/compile_repair_output/work/2293113fddae/kie-test-util/target/test-classes
[INFO] 
[INFO] --- maven-surefire-plugin:3.0.0-M8-SNAPSHOT:test (default-test) @ kie-test-util ---
[INFO] Tests are skipped.
[INFO] 
[INFO] --- maven-jar-plugin:3.4.0:jar (default-jar) @ kie-test-util ---
[INFO] Building jar: /home/srafi/after-cam-ready/compare_/compile_repair_output/work/2293113fddae/kie-test-util/target/kie-test-util-999-SNAPSHOT.jar
[INFO] 
[INFO] --- maven-source-plugin:3.3.1:jar-no-fork (attach-sources) @ kie-test-util ---
[INFO] Building jar: /home/srafi/after-cam-ready/compare_/compile_repair_output/work/2293113fddae/kie-test-util/target/kie-test-util-999-SNAPSHOT-sources.jar
[INFO] 
[INFO] --- maven-source-plugin:3.3.1:test-jar-no-fork (attach-test-sources) @ kie-test-util ---
[INFO] Building jar: /home/srafi/after-cam-ready/compare_/compile_repair_output/work/2293113fddae/kie-test-util/target/kie-test-util-999-SNAPSHOT-test-sources.jar
[INFO] 
[INFO] --- maven-jar-plugin:3.4.0:test-jar (test-jar) @ kie-test-util ---
[INFO] Building jar: /home/srafi/after-cam-ready/compare_/compile_repair_output/work/2293113fddae/kie-test-util/target/kie-test-util-999-SNAPSHOT-tests.jar
[INFO] 
[INFO] --- maven-failsafe-plugin:3.0.0-M8-SNAPSHOT:integration-test (default) @ kie-test-util ---
[INFO] Tests are skipped.
[INFO] 
[INFO] --- maven-failsafe-plugin:3.0.0-M8-SNAPSHOT:verify (default) @ kie-test-util ---
[INFO] Tests are skipped.
[INFO] 
[INFO] --- maven-install-plugin:3.1.1:install (default-install) @ kie-test-util ---
[INFO] Installing /home/srafi/after-cam-ready/compare_/compile_repair_output/work/2293113fddae/kie-test-util/pom.xml to /home/srafi/.m2/repository/org/kie/kie-test-util/999-SNAPSHOT/kie-test-util-999-SNAPSHOT.pom
[INFO] Installing /home/srafi/after-cam-ready/compare_/compile_repair_output/work/2293113fddae/kie-test-util/target/kie-test-util-999-SNAPSHOT.jar to /home/srafi/.m2/repository/org/kie/kie-test-util/999-SNAPSHOT/kie-test-util-999-SNAPSHOT.jar
[INFO] Installing /home/srafi/after-cam-ready/compare_/compile_repair_output/work/2293113fddae/kie-test-util/target/kie-test-util-999-SNAPSHOT-sources.jar to /home/srafi/.m2/repository/org/kie/kie-test-util/999-SNAPSHOT/kie-test-util-999-SNAPSHOT-sources.jar
[INFO] Installing /home/srafi/after-cam-ready/compare_/compile_repair_output/work/2293113fddae/kie-test-util/target/kie-test-util-999-SNAPSHOT-test-sources.jar to /home/srafi/.m2/repository/org/kie/kie-test-util/999-SNAPSHOT/kie-test-util-999-SNAPSHOT-test-sources.jar
[INFO] Installing /home/srafi/after-cam-ready/compare_/compile_repair_output/work/2293113fddae/kie-test-util/target/kie-test-util-999-SNAPSHOT-tests.jar to /home/srafi/.m2/repository/org/kie/kie-test-util/999-SNAPSHOT/kie-test-util-999-SNAPSHOT-tests.jar
[INFO] 
[INFO] ---------------------< org.drools:drools-compiler >---------------------
[INFO] Building Drools :: Compiler 999-SNAPSHOT                         [24/27]
[INFO] --------------------------------[ jar ]---------------------------------
[INFO] Downloading from central: https://repo.maven.apache.org/maven2/org/antlr/gunit/3.5.2/gunit-3.5.2.pom
[INFO] Downloaded from central: https://repo.maven.apache.org/maven2/org/antlr/gunit/3.5.2/gunit-3.5.2.pom (2.5 kB at 65 kB/s)
[INFO] Downloading from central: https://repo.maven.apache.org/maven2/org/antlr/gunit/3.5.2/gunit-3.5.2.jar
[INFO] Downloaded from central: https://repo.maven.apache.org/maven2/org/antlr/gunit/3.5.2/gunit-3.5.2.jar (287 kB at 9.3 MB/s)
[INFO] 
[INFO] --- maven-clean-plugin:3.3.2:clean (default-clean) @ drools-compiler ---
[INFO] 
[INFO] --- maven-checkstyle-plugin:3.3.0:check (validate) @ drools-compiler ---
[INFO] 
[INFO] --- build-helper-maven-plugin:3.4.0:add-source (default) @ drools-compiler ---
[INFO] Source directory: /home/srafi/after-cam-ready/compare_/compile_repair_output/work/2293113fddae/drools-compiler/target/generated-sources/annotations added.
[INFO] 
[INFO] --- build-helper-maven-plugin:3.4.0:parse-version (default) @ drools-compiler ---
[INFO] 
[INFO] --- maven-remote-resources-plugin:3.2.0:process (process-resource-bundles) @ drools-compiler ---
[INFO] Preparing remote bundle org.apache.apache.resources:apache-jar-resource-bundle:1.5
[INFO] Copying 3 resources from 1 bundle.
[INFO] 
[INFO] --- maven-resources-plugin:3.3.1:resources (default-resources) @ drools-compiler ---
[INFO] Copying 11 resources from src/main/resources to target/classes
[INFO] Copying 3 resources from target/maven-shared-archive-resources to target/classes
[INFO] 
[INFO] --- maven-compiler-plugin:3.8.1:compile (default-compile) @ drools-compiler ---
[INFO] Changes detected - recompiling the module!
[INFO] Compiling 269 source files to /home/srafi/after-cam-ready/compare_/compile_repair_output/work/2293113fddae/drools-compiler/target/classes
[INFO] /home/srafi/after-cam-ready/compare_/compile_repair_output/work/2293113fddae/drools-compiler/src/main/java/org/drools/compiler/builder/impl/KnowledgeBuilderImpl.java: Some input files use or override a deprecated API.
[INFO] /home/srafi/after-cam-ready/compare_/compile_repair_output/work/2293113fddae/drools-compiler/src/main/java/org/drools/compiler/builder/impl/KnowledgeBuilderImpl.java: Recompile with -Xlint:deprecation for details.
[INFO] /home/srafi/after-cam-ready/compare_/compile_repair_output/work/2293113fddae/drools-compiler/src/main/java/org/drools/compiler/testframework/TestingEventListener.java: Some input files use unchecked or unsafe operations.
[INFO] /home/srafi/after-cam-ready/compare_/compile_repair_output/work/2293113fddae/drools-compiler/src/main/java/org/drools/compiler/testframework/TestingEventListener.java: Recompile with -Xlint:unchecked for details.
[INFO] 
[INFO] --- maven-resources-plugin:3.3.1:testResources (default-testResources) @ drools-compiler ---
[INFO] Copying 7 resources from src/test/resources to target/test-classes
[INFO] Copying 3 resources from target/maven-shared-archive-resources to target/test-classes
[INFO] 
[INFO] --- maven-compiler-plugin:3.8.1:testCompile (default-testCompile) @ drools-compiler ---
[INFO] Changes detected - recompiling the module!
[INFO] Compiling 10 source files to /home/srafi/after-cam-ready/compare_/compile_repair_output/work/2293113fddae/drools-compiler/target/test-classes
[INFO] /home/srafi/after-cam-ready/compare_/compile_repair_output/work/2293113fddae/drools-compiler/src/test/java/org/acme/insurance/Driver.java: /home/srafi/after-cam-ready/compare_/compile_repair_output/work/2293113fddae/drools-compiler/src/test/java/org/acme/insurance/Driver.java uses or overrides a deprecated API that is marked for removal.
[INFO] /home/srafi/after-cam-ready/compare_/compile_repair_output/work/2293113fddae/drools-compiler/src/test/java/org/acme/insurance/Driver.java: Recompile with -Xlint:removal for details.
[INFO] 
[INFO] --- maven-surefire-plugin:3.0.0-M8-SNAPSHOT:test (default-test) @ drools-compiler ---
[INFO] Tests are skipped.
[INFO] 
[INFO] --- maven-jar-plugin:3.4.0:jar (default-jar) @ drools-compiler ---
[INFO] Building jar: /home/srafi/after-cam-ready/compare_/compile_repair_output/work/2293113fddae/drools-compiler/target/drools-compiler-999-SNAPSHOT.jar
[INFO] 
[INFO] --- maven-source-plugin:3.3.1:jar-no-fork (attach-sources) @ drools-compiler ---
[INFO] Building jar: /home/srafi/after-cam-ready/compare_/compile_repair_output/work/2293113fddae/drools-compiler/target/drools-compiler-999-SNAPSHOT-sources.jar
[INFO] 
[INFO] --- maven-source-plugin:3.3.1:test-jar-no-fork (attach-test-sources) @ drools-compiler ---
[INFO] Building jar: /home/srafi/after-cam-ready/compare_/compile_repair_output/work/2293113fddae/drools-compiler/target/drools-compiler-999-SNAPSHOT-test-sources.jar
[INFO] 
[INFO] --- maven-jar-plugin:3.4.0:test-jar (test-jar) @ drools-compiler ---
[INFO] Building jar: /home/srafi/after-cam-ready/compare_/compile_repair_output/work/2293113fddae/drools-compiler/target/drools-compiler-999-SNAPSHOT-tests.jar
[INFO] 
[INFO] --- maven-failsafe-plugin:3.0.0-M8-SNAPSHOT:integration-test (default) @ drools-compiler ---
[INFO] Tests are skipped.
[INFO] 
[INFO] --- maven-failsafe-plugin:3.0.0-M8-SNAPSHOT:verify (default) @ drools-compiler ---
[INFO] Tests are skipped.
[INFO] 
[INFO] --- maven-install-plugin:3.1.1:install (default-install) @ drools-compiler ---
[INFO] Installing /home/srafi/after-cam-ready/compare_/compile_repair_output/work/2293113fddae/drools-compiler/pom.xml to /home/srafi/.m2/repository/org/drools/drools-compiler/999-SNAPSHOT/drools-compiler-999-SNAPSHOT.pom
[INFO] Installing /home/srafi/after-cam-ready/compare_/compile_repair_output/work/2293113fddae/drools-compiler/target/drools-compiler-999-SNAPSHOT.jar to /home/srafi/.m2/repository/org/drools/drools-compiler/999-SNAPSHOT/drools-compiler-999-SNAPSHOT.jar
[INFO] Installing /home/srafi/after-cam-ready/compare_/compile_repair_output/work/2293113fddae/drools-compiler/target/drools-compiler-999-SNAPSHOT-sources.jar to /home/srafi/.m2/repository/org/drools/drools-compiler/999-SNAPSHOT/drools-compiler-999-SNAPSHOT-sources.jar
[INFO] Installing /home/srafi/after-cam-ready/compare_/compile_repair_output/work/2293113fddae/drools-compiler/target/drools-compiler-999-SNAPSHOT-test-sources.jar to /home/srafi/.m2/repository/org/drools/drools-compiler/999-SNAPSHOT/drools-compiler-999-SNAPSHOT-test-sources.jar
[INFO] Installing /home/srafi/after-cam-ready/compare_/compile_repair_output/work/2293113fddae/drools-compiler/target/drools-compiler-999-SNAPSHOT-tests.jar to /home/srafi/.m2/repository/org/drools/drools-compiler/999-SNAPSHOT/drools-compiler-999-SNAPSHOT-tests.jar
[INFO] 
[INFO] -----------------------< org.drools:drools-tms >------------------------
[INFO] Building Drools :: Truth Maintenance System 999-SNAPSHOT         [25/27]
[INFO] --------------------------------[ jar ]---------------------------------
[INFO] 
[INFO] --- maven-clean-plugin:3.3.2:clean (default-clean) @ drools-tms ---
[INFO] 
[INFO] --- maven-checkstyle-plugin:3.3.0:check (validate) @ drools-tms ---
[INFO] 
[INFO] --- build-helper-maven-plugin:3.4.0:add-source (default) @ drools-tms ---
[INFO] Source directory: /home/srafi/after-cam-ready/compare_/compile_repair_output/work/2293113fddae/drools-tms/target/generated-sources/annotations added.
[INFO] 
[INFO] --- build-helper-maven-plugin:3.4.0:parse-version (default) @ drools-tms ---
[INFO] 
[INFO] --- maven-remote-resources-plugin:3.2.0:process (process-resource-bundles) @ drools-tms ---
[INFO] Preparing remote bundle org.apache.apache.resources:apache-jar-resource-bundle:1.5
[INFO] Copying 3 resources from 1 bundle.
[INFO] 
[INFO] --- maven-resources-plugin:3.3.1:resources (default-resources) @ drools-tms ---
[INFO] Copying 3 resources from src/main/resources to target/classes
[INFO] Copying 3 resources from target/maven-shared-archive-resources to target/classes
[INFO] 
[INFO] --- maven-compiler-plugin:3.8.1:compile (default-compile) @ drools-tms ---
[INFO] Changes detected - recompiling the module!
[INFO] Compiling 38 source files to /home/srafi/after-cam-ready/compare_/compile_repair_output/work/2293113fddae/drools-tms/target/classes
[INFO] /home/srafi/after-cam-ready/compare_/compile_repair_output/work/2293113fddae/drools-tms/src/main/java/org/drools/tms/beliefsystem/jtms/JTMSMode.java: Some input files use unchecked or unsafe operations.
[INFO] /home/srafi/after-cam-ready/compare_/compile_repair_output/work/2293113fddae/drools-tms/src/main/java/org/drools/tms/beliefsystem/jtms/JTMSMode.java: Recompile with -Xlint:unchecked for details.
[INFO] 
[INFO] --- maven-resources-plugin:3.3.1:testResources (default-testResources) @ drools-tms ---
[INFO] skip non existing resourceDirectory /home/srafi/after-cam-ready/compare_/compile_repair_output/work/2293113fddae/drools-tms/src/test/resources
[INFO] Copying 3 resources from target/maven-shared-archive-resources to target/test-classes
[INFO] 
[INFO] --- maven-compiler-plugin:3.8.1:testCompile (default-testCompile) @ drools-tms ---
[INFO] Changes detected - recompiling the module!
[INFO] Compiling 3 source files to /home/srafi/after-cam-ready/compare_/compile_repair_output/work/2293113fddae/drools-tms/target/test-classes
[INFO] 
[INFO] --- maven-surefire-plugin:3.0.0-M8-SNAPSHOT:test (default-test) @ drools-tms ---
[INFO] Tests are skipped.
[INFO] 
[INFO] --- maven-jar-plugin:3.4.0:jar (default-jar) @ drools-tms ---
[INFO] Building jar: /home/srafi/after-cam-ready/compare_/compile_repair_output/work/2293113fddae/drools-tms/target/drools-tms-999-SNAPSHOT.jar
[INFO] 
[INFO] --- maven-source-plugin:3.3.1:jar-no-fork (attach-sources) @ drools-tms ---
[INFO] Building jar: /home/srafi/after-cam-ready/compare_/compile_repair_output/work/2293113fddae/drools-tms/target/drools-tms-999-SNAPSHOT-sources.jar
[INFO] 
[INFO] --- maven-source-plugin:3.3.1:test-jar-no-fork (attach-test-sources) @ drools-tms ---
[INFO] Building jar: /home/srafi/after-cam-ready/compare_/compile_repair_output/work/2293113fddae/drools-tms/target/drools-tms-999-SNAPSHOT-test-sources.jar
[INFO] 
[INFO] --- maven-jar-plugin:3.4.0:test-jar (test-jar) @ drools-tms ---
[INFO] Building jar: /home/srafi/after-cam-ready/compare_/compile_repair_output/work/2293113fddae/drools-tms/target/drools-tms-999-SNAPSHOT-tests.jar
[INFO] 
[INFO] --- maven-failsafe-plugin:3.0.0-M8-SNAPSHOT:integration-test (default) @ drools-tms ---
[INFO] Tests are skipped.
[INFO] 
[INFO] --- maven-failsafe-plugin:3.0.0-M8-SNAPSHOT:verify (default) @ drools-tms ---
[INFO] Tests are skipped.
[INFO] 
[INFO] --- maven-install-plugin:3.1.1:install (default-install) @ drools-tms ---
[INFO] Installing /home/srafi/after-cam-ready/compare_/compile_repair_output/work/2293113fddae/drools-tms/pom.xml to /home/srafi/.m2/repository/org/drools/drools-tms/999-SNAPSHOT/drools-tms-999-SNAPSHOT.pom
[INFO] Installing /home/srafi/after-cam-ready/compare_/compile_repair_output/work/2293113fddae/drools-tms/target/drools-tms-999-SNAPSHOT.jar to /home/srafi/.m2/repository/org/drools/drools-tms/999-SNAPSHOT/drools-tms-999-SNAPSHOT.jar
[INFO] Installing /home/srafi/after-cam-ready/compare_/compile_repair_output/work/2293113fddae/drools-tms/target/drools-tms-999-SNAPSHOT-sources.jar to /home/srafi/.m2/repository/org/drools/drools-tms/999-SNAPSHOT/drools-tms-999-SNAPSHOT-sources.jar
[INFO] Installing /home/srafi/after-cam-ready/compare_/compile_repair_output/work/2293113fddae/drools-tms/target/drools-tms-999-SNAPSHOT-test-sources.jar to /home/srafi/.m2/repository/org/drools/drools-tms/999-SNAPSHOT/drools-tms-999-SNAPSHOT-test-sources.jar
[INFO] Installing /home/srafi/after-cam-ready/compare_/compile_repair_output/work/2293113fddae/drools-tms/target/drools-tms-999-SNAPSHOT-tests.jar to /home/srafi/.m2/repository/org/drools/drools-tms/999-SNAPSHOT/drools-tms-999-SNAPSHOT-tests.jar
[INFO] 
[INFO] -----------------------< org.drools:drools-mvel >-----------------------
[INFO] Building Drools :: MVEL 999-SNAPSHOT                             [26/27]
[INFO] --------------------------------[ jar ]---------------------------------
[INFO] Downloading from central: https://repo.maven.apache.org/maven2/org/mvel/mvel2/2.5.1.Final/mvel2-2.5.1.Final.pom
[INFO] Downloaded from central: https://repo.maven.apache.org/maven2/org/mvel/mvel2/2.5.1.Final/mvel2-2.5.1.Final.pom (9.7 kB at 335 kB/s)
[INFO] Downloading from central: https://repo.maven.apache.org/maven2/net/java/dev/glazedlists/glazedlists_java15/1.8.0/glazedlists_java15-1.8.0.pom
[INFO] Downloaded from central: https://repo.maven.apache.org/maven2/net/java/dev/glazedlists/glazedlists_java15/1.8.0/glazedlists_java15-1.8.0.pom (5.2 kB at 157 kB/s)
[INFO] Downloading from central: https://repo.maven.apache.org/maven2/org/mvel/mvel2/2.5.1.Final/mvel2-2.5.1.Final.jar
[INFO] Downloading from central: https://repo.maven.apache.org/maven2/net/java/dev/glazedlists/glazedlists_java15/1.8.0/glazedlists_java15-1.8.0.jar
[INFO] Downloaded from central: https://repo.maven.apache.org/maven2/org/mvel/mvel2/2.5.1.Final/mvel2-2.5.1.Final.jar (822 kB at 23 MB/s)
[INFO] Downloaded from central: https://repo.maven.apache.org/maven2/net/java/dev/glazedlists/glazedlists_java15/1.8.0/glazedlists_java15-1.8.0.jar (839 kB at 19 MB/s)
[INFO] 
[INFO] --- maven-clean-plugin:3.3.2:clean (default-clean) @ drools-mvel ---
[INFO] 
[INFO] --- maven-checkstyle-plugin:3.3.0:check (validate) @ drools-mvel ---
[INFO] 
[INFO] --- build-helper-maven-plugin:3.4.0:add-source (default) @ drools-mvel ---
[INFO] Source directory: /home/srafi/after-cam-ready/compare_/compile_repair_output/work/2293113fddae/drools-mvel/target/generated-sources/annotations added.
[INFO] 
[INFO] --- build-helper-maven-plugin:3.4.0:parse-version (default) @ drools-mvel ---
[INFO] 
[INFO] --- maven-remote-resources-plugin:3.2.0:process (process-resource-bundles) @ drools-mvel ---
[INFO] Preparing remote bundle org.apache.apache.resources:apache-jar-resource-bundle:1.5
[INFO] Copying 3 resources from 1 bundle.
[INFO] 
[INFO] --- maven-resources-plugin:3.3.1:resources (default-resources) @ drools-mvel ---
[INFO] Copying 12 resources from src/main/resources to target/classes
[INFO] Copying 3 resources from target/maven-shared-archive-resources to target/classes
[INFO] 
[INFO] --- maven-compiler-plugin:3.8.1:compile (default-compile) @ drools-mvel ---
[INFO] Changes detected - recompiling the module!
[INFO] Compiling 149 source files to /home/srafi/after-cam-ready/compare_/compile_repair_output/work/2293113fddae/drools-mvel/target/classes
[INFO] /home/srafi/after-cam-ready/compare_/compile_repair_output/work/2293113fddae/drools-mvel/src/main/java/org/drools/mvel/asm/ClassGenerator.java: Some input files use or override a deprecated API.
[INFO] /home/srafi/after-cam-ready/compare_/compile_repair_output/work/2293113fddae/drools-mvel/src/main/java/org/drools/mvel/asm/ClassGenerator.java: Recompile with -Xlint:deprecation for details.
[INFO] /home/srafi/after-cam-ready/compare_/compile_repair_output/work/2293113fddae/drools-mvel/src/main/java/org/drools/mvel/asm/ClassFieldAccessorFactory.java: /home/srafi/after-cam-ready/compare_/compile_repair_output/work/2293113fddae/drools-mvel/src/main/java/org/drools/mvel/asm/ClassFieldAccessorFactory.java uses or overrides a deprecated API that is marked for removal.
[INFO] /home/srafi/after-cam-ready/compare_/compile_repair_output/work/2293113fddae/drools-mvel/src/main/java/org/drools/mvel/asm/ClassFieldAccessorFactory.java: Recompile with -Xlint:removal for details.
[INFO] /home/srafi/after-cam-ready/compare_/compile_repair_output/work/2293113fddae/drools-mvel/src/main/java/org/drools/mvel/evaluators/AfterEvaluatorDefinition.java: Some input files use unchecked or unsafe operations.
[INFO] /home/srafi/after-cam-ready/compare_/compile_repair_output/work/2293113fddae/drools-mvel/src/main/java/org/drools/mvel/evaluators/AfterEvaluatorDefinition.java: Recompile with -Xlint:unchecked for details.
[INFO] 
[INFO] --- maven-resources-plugin:3.3.1:testResources (default-testResources) @ drools-mvel ---
[INFO] Copying 2 resources from src/test/resources to target/test-classes
[INFO] Copying 3 resources from target/maven-shared-archive-resources to target/test-classes
[INFO] 
[INFO] --- maven-compiler-plugin:3.8.1:testCompile (default-testCompile) @ drools-mvel ---
[INFO] Changes detected - recompiling the module!
[INFO] Compiling 35 source files to /home/srafi/after-cam-ready/compare_/compile_repair_output/work/2293113fddae/drools-mvel/target/test-classes
[INFO] /home/srafi/after-cam-ready/compare_/compile_repair_output/work/2293113fddae/drools-mvel/src/test/java/org/drools/mvel/integrationtests/LogicTransformerTest.java: Some input files use unchecked or unsafe operations.
[INFO] /home/srafi/after-cam-ready/compare_/compile_repair_output/work/2293113fddae/drools-mvel/src/test/java/org/drools/mvel/integrationtests/LogicTransformerTest.java: Recompile with -Xlint:unchecked for details.
[INFO] 
[INFO] --- maven-surefire-plugin:3.0.0-M8-SNAPSHOT:test (default-test) @ drools-mvel ---
[INFO] Tests are skipped.
[INFO] 
[INFO] --- maven-jar-plugin:3.4.0:jar (default-jar) @ drools-mvel ---
[INFO] Building jar: /home/srafi/after-cam-ready/compare_/compile_repair_output/work/2293113fddae/drools-mvel/target/drools-mvel-999-SNAPSHOT.jar
[INFO] 
[INFO] --- maven-source-plugin:3.3.1:jar-no-fork (attach-sources) @ drools-mvel ---
[INFO] Building jar: /home/srafi/after-cam-ready/compare_/compile_repair_output/work/2293113fddae/drools-mvel/target/drools-mvel-999-SNAPSHOT-sources.jar
[INFO] 
[INFO] --- maven-source-plugin:3.3.1:test-jar-no-fork (attach-test-sources) @ drools-mvel ---
[INFO] Building jar: /home/srafi/after-cam-ready/compare_/compile_repair_output/work/2293113fddae/drools-mvel/target/drools-mvel-999-SNAPSHOT-test-sources.jar
[INFO] 
[INFO] --- maven-jar-plugin:3.4.0:test-jar (test-jar) @ drools-mvel ---
[INFO] Building jar: /home/srafi/after-cam-ready/compare_/compile_repair_output/work/2293113fddae/drools-mvel/target/drools-mvel-999-SNAPSHOT-tests.jar
[INFO] 
[INFO] --- maven-failsafe-plugin:3.0.0-M8-SNAPSHOT:integration-test (default) @ drools-mvel ---
[INFO] Tests are skipped.
[INFO] 
[INFO] --- maven-failsafe-plugin:3.0.0-M8-SNAPSHOT:verify (default) @ drools-mvel ---
[INFO] Tests are skipped.
[INFO] 
[INFO] --- maven-install-plugin:3.1.1:install (default-install) @ drools-mvel ---
[INFO] Installing /home/srafi/after-cam-ready/compare_/compile_repair_output/work/2293113fddae/drools-mvel/pom.xml to /home/srafi/.m2/repository/org/drools/drools-mvel/999-SNAPSHOT/drools-mvel-999-SNAPSHOT.pom
[INFO] Installing /home/srafi/after-cam-ready/compare_/compile_repair_output/work/2293113fddae/drools-mvel/target/drools-mvel-999-SNAPSHOT.jar to /home/srafi/.m2/repository/org/drools/drools-mvel/999-SNAPSHOT/drools-mvel-999-SNAPSHOT.jar
[INFO] Installing /home/srafi/after-cam-ready/compare_/compile_repair_output/work/2293113fddae/drools-mvel/target/drools-mvel-999-SNAPSHOT-sources.jar to /home/srafi/.m2/repository/org/drools/drools-mvel/999-SNAPSHOT/drools-mvel-999-SNAPSHOT-sources.jar
[INFO] Installing /home/srafi/after-cam-ready/compare_/compile_repair_output/work/2293113fddae/drools-mvel/target/drools-mvel-999-SNAPSHOT-test-sources.jar to /home/srafi/.m2/repository/org/drools/drools-mvel/999-SNAPSHOT/drools-mvel-999-SNAPSHOT-test-sources.jar
[INFO] Installing /home/srafi/after-cam-ready/compare_/compile_repair_output/work/2293113fddae/drools-mvel/target/drools-mvel-999-SNAPSHOT-tests.jar to /home/srafi/.m2/repository/org/drools/drools-mvel/999-SNAPSHOT/drools-mvel-999-SNAPSHOT-tests.jar
[INFO] 
[INFO] ---------------------< org.drools:drools-beliefs >----------------------
[INFO] Building Drools :: Beliefs 999-SNAPSHOT                          [27/27]
[INFO] --------------------------------[ jar ]---------------------------------
[INFO] 
[INFO] --- maven-clean-plugin:3.3.2:clean (default-clean) @ drools-beliefs ---
[INFO] 
[INFO] --- maven-checkstyle-plugin:3.3.0:check (validate) @ drools-beliefs ---
[INFO] 
[INFO] --- build-helper-maven-plugin:3.4.0:add-source (default) @ drools-beliefs ---
[INFO] Source directory: /home/srafi/after-cam-ready/compare_/compile_repair_output/work/2293113fddae/drools-beliefs/target/generated-sources/annotations added.
[INFO] 
[INFO] --- build-helper-maven-plugin:3.4.0:parse-version (default) @ drools-beliefs ---
[INFO] 
[INFO] --- maven-remote-resources-plugin:3.2.0:process (process-resource-bundles) @ drools-beliefs ---
[INFO] Preparing remote bundle org.apache.apache.resources:apache-jar-resource-bundle:1.5
[INFO] Copying 3 resources from 1 bundle.
[INFO] 
[INFO] --- maven-resources-plugin:3.3.1:resources (default-resources) @ drools-beliefs ---
[INFO] Copying 3 resources from src/main/resources to target/classes
[INFO] Copying 3 resources from target/maven-shared-archive-resources to target/classes
[INFO] 
[INFO] --- maven-compiler-plugin:3.8.1:compile (default-compile) @ drools-beliefs ---
[INFO] Changes detected - recompiling the module!
[INFO] Compiling 55 source files to /home/srafi/after-cam-ready/compare_/compile_repair_output/work/2293113fddae/drools-beliefs/target/classes
[INFO] /home/srafi/after-cam-ready/compare_/compile_repair_output/work/2293113fddae/drools-beliefs/src/main/java/org/drools/beliefs/bayes/JunctionTreeClique.java: Some input files use unchecked or unsafe operations.
[INFO] /home/srafi/after-cam-ready/compare_/compile_repair_output/work/2293113fddae/drools-beliefs/src/main/java/org/drools/beliefs/bayes/JunctionTreeClique.java: Recompile with -Xlint:unchecked for details.
[INFO] 
[INFO] --- maven-resources-plugin:3.3.1:testResources (default-testResources) @ drools-beliefs ---
[INFO] Copying 2 resources from src/test/resources to target/test-classes
[INFO] Copying 3 resources from target/maven-shared-archive-resources to target/test-classes
[INFO] 
[INFO] --- maven-compiler-plugin:3.8.1:testCompile (default-testCompile) @ drools-beliefs ---
[INFO] Changes detected - recompiling the module!
[INFO] Compiling 16 source files to /home/srafi/after-cam-ready/compare_/compile_repair_output/work/2293113fddae/drools-beliefs/target/test-classes
[INFO] /home/srafi/after-cam-ready/compare_/compile_repair_output/work/2293113fddae/drools-beliefs/src/test/java/org/drools/beliefs/bayes/JunctionTreeTest.java: /home/srafi/after-cam-ready/compare_/compile_repair_output/work/2293113fddae/drools-beliefs/src/test/java/org/drools/beliefs/bayes/JunctionTreeTest.java uses or overrides a deprecated API.
[INFO] /home/srafi/after-cam-ready/compare_/compile_repair_output/work/2293113fddae/drools-beliefs/src/test/java/org/drools/beliefs/bayes/JunctionTreeTest.java: Recompile with -Xlint:deprecation for details.
[INFO] /home/srafi/after-cam-ready/compare_/compile_repair_output/work/2293113fddae/drools-beliefs/src/test/java/org/drools/beliefs/bayes/JunctionTreeTest.java: Some input files use unchecked or unsafe operations.
[INFO] /home/srafi/after-cam-ready/compare_/compile_repair_output/work/2293113fddae/drools-beliefs/src/test/java/org/drools/beliefs/bayes/JunctionTreeTest.java: Recompile with -Xlint:unchecked for details.
[INFO] 
[INFO] --- maven-surefire-plugin:3.0.0-M8-SNAPSHOT:test (default-test) @ drools-beliefs ---
[INFO] Tests are skipped.
[INFO] 
[INFO] --- maven-jar-plugin:3.4.0:jar (default-jar) @ drools-beliefs ---
[INFO] Building jar: /home/srafi/after-cam-ready/compare_/compile_repair_output/work/2293113fddae/drools-beliefs/target/drools-beliefs-999-SNAPSHOT.jar
[INFO] 
[INFO] --- maven-source-plugin:3.3.1:jar-no-fork (attach-sources) @ drools-beliefs ---
[INFO] Building jar: /home/srafi/after-cam-ready/compare_/compile_repair_output/work/2293113fddae/drools-beliefs/target/drools-beliefs-999-SNAPSHOT-sources.jar
[INFO] 
[INFO] --- maven-source-plugin:3.3.1:test-jar-no-fork (attach-test-sources) @ drools-beliefs ---
[INFO] Building jar: /home/srafi/after-cam-ready/compare_/compile_repair_output/work/2293113fddae/drools-beliefs/target/drools-beliefs-999-SNAPSHOT-test-sources.jar
[INFO] 
[INFO] --- maven-jar-plugin:3.4.0:test-jar (test-jar) @ drools-beliefs ---
[INFO] Building jar: /home/srafi/after-cam-ready/compare_/compile_repair_output/work/2293113fddae/drools-beliefs/target/drools-beliefs-999-SNAPSHOT-tests.jar
[INFO] 
[INFO] --- maven-failsafe-plugin:3.0.0-M8-SNAPSHOT:integration-test (default) @ drools-beliefs ---
[INFO] Tests are skipped.
[INFO] 
[INFO] --- maven-failsafe-plugin:3.0.0-M8-SNAPSHOT:verify (default) @ drools-beliefs ---
[INFO] Tests are skipped.
[INFO] 
[INFO] --- maven-install-plugin:3.1.1:install (default-install) @ drools-beliefs ---
[INFO] Installing /home/srafi/after-cam-ready/compare_/compile_repair_output/work/2293113fddae/drools-beliefs/pom.xml to /home/srafi/.m2/repository/org/drools/drools-beliefs/999-SNAPSHOT/drools-beliefs-999-SNAPSHOT.pom
[INFO] Installing /home/srafi/after-cam-ready/compare_/compile_repair_output/work/2293113fddae/drools-beliefs/target/drools-beliefs-999-SNAPSHOT.jar to /home/srafi/.m2/repository/org/drools/drools-beliefs/999-SNAPSHOT/drools-beliefs-999-SNAPSHOT.jar
[INFO] Installing /home/srafi/after-cam-ready/compare_/compile_repair_output/work/2293113fddae/drools-beliefs/target/drools-beliefs-999-SNAPSHOT-sources.jar to /home/srafi/.m2/repository/org/drools/drools-beliefs/999-SNAPSHOT/drools-beliefs-999-SNAPSHOT-sources.jar
[INFO] Installing /home/srafi/after-cam-ready/compare_/compile_repair_output/work/2293113fddae/drools-beliefs/target/drools-beliefs-999-SNAPSHOT-test-sources.jar to /home/srafi/.m2/repository/org/drools/drools-beliefs/999-SNAPSHOT/drools-beliefs-999-SNAPSHOT-test-sources.jar
[INFO] Installing /home/srafi/after-cam-ready/compare_/compile_repair_output/work/2293113fddae/drools-beliefs/target/drools-beliefs-999-SNAPSHOT-tests.jar to /home/srafi/.m2/repository/org/drools/drools-beliefs/999-SNAPSHOT/drools-beliefs-999-SNAPSHOT-tests.jar
[INFO] ------------------------------------------------------------------------
[INFO] Reactor Summary for Drools :: Parent 999-SNAPSHOT:
[INFO] 
[INFO] Drools :: Parent ................................... SUCCESS [  0.350 s]
[INFO] Drools :: Build Parent ............................. SUCCESS [  4.003 s]
[INFO] KIE :: Public API .................................. SUCCESS [  2.345 s]
[INFO] KIE :: Internal .................................... SUCCESS [  2.265 s]
[INFO] KIE :: Util ........................................ SUCCESS [  0.016 s]
[INFO] KIE :: Util :: Maven Support ....................... SUCCESS [  0.128 s]
[INFO] KIE :: Util :: XML supposrt ........................ SUCCESS [  0.123 s]
[INFO] Drools :: Util ..................................... SUCCESS [  0.889 s]
[INFO] KIE :: Memory Compiler ............................. SUCCESS [  0.239 s]
[INFO] Drools :: Wiring :: Parent ......................... SUCCESS [  0.018 s]
[INFO] Drools :: Wiring :: API ............................ SUCCESS [  0.330 s]
[INFO] Drools :: base ..................................... SUCCESS [  0.831 s]
[INFO] Drools :: Wiring :: Static ......................... SUCCESS [  0.135 s]
[INFO] Drools :: IO ....................................... SUCCESS [  0.118 s]
[INFO] Drools :: Core ..................................... SUCCESS [  2.648 s]
[INFO] Drools :: DRL :: Parent ............................ SUCCESS [  0.017 s]
[INFO] Drools :: DRL AST .................................. SUCCESS [  0.298 s]
[INFO] Drools :: DRL :: Parser ............................ SUCCESS [  4.184 s]
[INFO] Drools :: DRL :: Extensions ........................ SUCCESS [  0.154 s]
[INFO] Drools :: Wiring :: Dynamic ........................ SUCCESS [  0.184 s]
[INFO] Drools :: KieSession ............................... SUCCESS [  0.928 s]
[INFO] Drools :: ECJ ...................................... SUCCESS [  0.318 s]
[INFO] KIE :: Test Utility Classes ........................ SUCCESS [  1.239 s]
[INFO] Drools :: Compiler ................................. SUCCESS [  1.302 s]
[INFO] Drools :: Truth Maintenance System ................. SUCCESS [  0.305 s]
[INFO] Drools :: MVEL ..................................... SUCCESS [  1.392 s]
[INFO] Drools :: Beliefs .................................. SUCCESS [  0.607 s]
[INFO] ------------------------------------------------------------------------
[INFO] BUILD SUCCESS
[INFO] ------------------------------------------------------------------------
[INFO] Total time:  26.217 s
[INFO] Finished at: 2026-08-15T15:19:44-04:00
[INFO] ------------------------------------------------------------------------
