JAVA_HOME=/usr/lib/jvm/java-11-openjdk-amd64
COMMAND=mvn -B clean install -DskipTests -U -pl modules/cli -am -Ddependency-check.skip=true -Dgpg.skip=true -DfailIfNoTests=false -Dskip.installnodenpm=true -Dskip.npm=true -Dskip.yarn=true -Dlicense.skip=true -Dcheckstyle.skip=true -Drat.skip=true -Denforcer.skip=true -Danimal.sniffer.skip=true -Dmaven.javadoc.skip=true -Dfindbugs.skip=true -Dspotbugs.skip=true -Dwarbucks.skip=true -Dmodernizer.skip=true -Dimpsort.skip=true -Dmdep.analyze.skip=true -Dpgpverify.skip=true -Dxml.skip=true -Dcobertura.skip=true

[INFO] Scanning for projects...
Warning: KebabPizza disabling incompatible org.apache.maven.plugins:maven-enforcer-plugin from ignite-bytecode
Warning: KebabPizza disabling incompatible org.apache.rat:apache-rat-plugin from ignite-bytecode
Warning: KebabPizza disabling incompatible org.apache.maven.plugins:maven-enforcer-plugin from ignite-core
Warning: KebabPizza disabling incompatible org.apache.rat:apache-rat-plugin from ignite-core
Warning: KebabPizza disabling incompatible org.apache.maven.plugins:maven-enforcer-plugin from ignite-configuration-api
Warning: KebabPizza disabling incompatible org.apache.rat:apache-rat-plugin from ignite-configuration-api
Warning: KebabPizza disabling incompatible org.apache.maven.plugins:maven-enforcer-plugin from ignite-configuration-annotation-processor
Warning: KebabPizza disabling incompatible org.apache.rat:apache-rat-plugin from ignite-configuration-annotation-processor
Warning: KebabPizza disabling incompatible org.apache.maven.plugins:maven-enforcer-plugin from ignite-api
Warning: KebabPizza disabling incompatible org.apache.rat:apache-rat-plugin from ignite-api
Warning: KebabPizza disabling incompatible org.apache.maven.plugins:maven-enforcer-plugin from ignite-rest-api
Warning: KebabPizza disabling incompatible org.apache.rat:apache-rat-plugin from ignite-rest-api
Warning: KebabPizza disabling incompatible org.apache.maven.plugins:maven-enforcer-plugin from ignite-configuration
Warning: KebabPizza disabling incompatible org.apache.rat:apache-rat-plugin from ignite-configuration
Warning: KebabPizza disabling incompatible org.apache.maven.plugins:maven-enforcer-plugin from ignite-network-api
Warning: KebabPizza disabling incompatible org.apache.rat:apache-rat-plugin from ignite-network-api
Warning: KebabPizza disabling incompatible org.apache.maven.plugins:maven-enforcer-plugin from ignite-network-annotation-processor
Warning: KebabPizza disabling incompatible org.apache.rat:apache-rat-plugin from ignite-network-annotation-processor
Warning: KebabPizza disabling incompatible org.apache.maven.plugins:maven-enforcer-plugin from ignite-raft-client
Warning: KebabPizza disabling incompatible org.apache.rat:apache-rat-plugin from ignite-raft-client
Warning: KebabPizza disabling incompatible org.apache.maven.plugins:maven-enforcer-plugin from ignite-network
Warning: KebabPizza disabling incompatible org.apache.rat:apache-rat-plugin from ignite-network
Warning: KebabPizza disabling incompatible org.apache.maven.plugins:maven-enforcer-plugin from ignite-raft
Warning: KebabPizza disabling incompatible org.apache.rat:apache-rat-plugin from ignite-raft
Warning: KebabPizza disabling incompatible org.apache.maven.plugins:maven-enforcer-plugin from ignite-rocksdb-common
Warning: KebabPizza disabling incompatible org.apache.rat:apache-rat-plugin from ignite-rocksdb-common
Warning: KebabPizza disabling incompatible org.apache.maven.plugins:maven-enforcer-plugin from ignite-vault
Warning: KebabPizza disabling incompatible org.apache.rat:apache-rat-plugin from ignite-vault
Warning: KebabPizza disabling incompatible org.apache.maven.plugins:maven-enforcer-plugin from ignite-cluster-management
Warning: KebabPizza disabling incompatible org.apache.rat:apache-rat-plugin from ignite-cluster-management
Warning: KebabPizza disabling incompatible org.apache.maven.plugins:maven-enforcer-plugin from ignite-rest
Warning: KebabPizza disabling incompatible org.apache.rat:apache-rat-plugin from ignite-rest
Warning: KebabPizza disabling incompatible org.apache.maven.plugins:maven-enforcer-plugin from ignite-metastorage-common
Warning: KebabPizza disabling incompatible org.apache.rat:apache-rat-plugin from ignite-metastorage-common
Warning: KebabPizza disabling incompatible org.apache.maven.plugins:maven-enforcer-plugin from ignite-metastorage-server
Warning: KebabPizza disabling incompatible org.apache.rat:apache-rat-plugin from ignite-metastorage-server
Warning: KebabPizza disabling incompatible org.apache.maven.plugins:maven-enforcer-plugin from ignite-metastorage-client
Warning: KebabPizza disabling incompatible org.apache.rat:apache-rat-plugin from ignite-metastorage-client
Warning: KebabPizza disabling incompatible org.apache.maven.plugins:maven-enforcer-plugin from ignite-metastorage
Warning: KebabPizza disabling incompatible org.apache.rat:apache-rat-plugin from ignite-metastorage
Warning: KebabPizza disabling incompatible org.apache.maven.plugins:maven-enforcer-plugin from ignite-baseline
Warning: KebabPizza disabling incompatible org.apache.rat:apache-rat-plugin from ignite-baseline
Warning: KebabPizza disabling incompatible org.apache.maven.plugins:maven-enforcer-plugin from ignite-affinity
Warning: KebabPizza disabling incompatible org.apache.rat:apache-rat-plugin from ignite-affinity
Warning: KebabPizza disabling incompatible org.apache.maven.plugins:maven-enforcer-plugin from ignite-extended-api
Warning: KebabPizza disabling incompatible org.apache.rat:apache-rat-plugin from ignite-extended-api
Warning: KebabPizza disabling incompatible org.apache.maven.plugins:maven-enforcer-plugin from ignite-schema
Warning: KebabPizza disabling incompatible org.apache.rat:apache-rat-plugin from ignite-schema
Warning: KebabPizza disabling incompatible org.apache.maven.plugins:maven-enforcer-plugin from ignite-transactions
Warning: KebabPizza disabling incompatible org.apache.rat:apache-rat-plugin from ignite-transactions
Warning: KebabPizza disabling incompatible org.apache.maven.plugins:maven-enforcer-plugin from ignite-storage-api
Warning: KebabPizza disabling incompatible org.apache.rat:apache-rat-plugin from ignite-storage-api
Warning: KebabPizza disabling incompatible org.apache.maven.plugins:maven-enforcer-plugin from ignite-file-io
Warning: KebabPizza disabling incompatible org.apache.rat:apache-rat-plugin from ignite-file-io
Warning: KebabPizza disabling incompatible org.apache.maven.plugins:maven-enforcer-plugin from ignite-page-memory
Warning: KebabPizza disabling incompatible org.apache.rat:apache-rat-plugin from ignite-page-memory
Warning: KebabPizza disabling incompatible org.apache.maven.plugins:maven-enforcer-plugin from ignite-storage-page-memory
Warning: KebabPizza disabling incompatible org.apache.rat:apache-rat-plugin from ignite-storage-page-memory
Warning: KebabPizza disabling incompatible org.apache.maven.plugins:maven-enforcer-plugin from ignite-table
Warning: KebabPizza disabling incompatible org.apache.rat:apache-rat-plugin from ignite-table
Warning: KebabPizza disabling incompatible org.apache.maven.plugins:maven-enforcer-plugin from ignite-storage-rocksdb
Warning: KebabPizza disabling incompatible org.apache.rat:apache-rat-plugin from ignite-storage-rocksdb
Warning: KebabPizza disabling incompatible org.apache.maven.plugins:maven-enforcer-plugin from ignite-sql-engine
Warning: KebabPizza disabling incompatible org.apache.rat:apache-rat-plugin from ignite-sql-engine
Warning: KebabPizza disabling incompatible org.apache.maven.plugins:maven-enforcer-plugin from ignite-client-common
Warning: KebabPizza disabling incompatible org.apache.rat:apache-rat-plugin from ignite-client-common
Warning: KebabPizza disabling incompatible org.apache.maven.plugins:maven-enforcer-plugin from ignite-client-handler
Warning: KebabPizza disabling incompatible org.apache.rat:apache-rat-plugin from ignite-client-handler
Warning: KebabPizza disabling incompatible org.apache.maven.plugins:maven-enforcer-plugin from ignite-compute
Warning: KebabPizza disabling incompatible org.apache.rat:apache-rat-plugin from ignite-compute
Warning: KebabPizza disabling incompatible org.apache.maven.plugins:maven-enforcer-plugin from ignite-marshaller-common
Warning: KebabPizza disabling incompatible org.apache.rat:apache-rat-plugin from ignite-marshaller-common
Warning: KebabPizza disabling incompatible org.apache.maven.plugins:maven-enforcer-plugin from ignite-client
Warning: KebabPizza disabling incompatible org.apache.rat:apache-rat-plugin from ignite-client
Warning: KebabPizza disabling incompatible org.apache.maven.plugins:maven-enforcer-plugin from ignite-runner
Warning: KebabPizza disabling incompatible org.apache.rat:apache-rat-plugin from ignite-runner
Warning: KebabPizza disabling incompatible org.apache.maven.plugins:maven-enforcer-plugin from ignite-cli-common
Warning: KebabPizza disabling incompatible org.apache.rat:apache-rat-plugin from ignite-cli-common
Warning: KebabPizza disabling incompatible org.apache.maven.plugins:maven-enforcer-plugin from ignite-cli
Warning: KebabPizza disabling incompatible org.apache.rat:apache-rat-plugin from ignite-cli
[INFO] ------------------------------------------------------------------------
[INFO] Reactor Build Order:
[INFO] 
[INFO] ignite-bytecode                                                    [jar]
[INFO] ignite-core                                                        [jar]
[INFO] ignite-configuration-api                                           [jar]
[INFO] ignite-configuration-annotation-processor                          [jar]
[INFO] ignite-api                                                         [jar]
[INFO] ignite-rest-api                                                    [jar]
[INFO] ignite-configuration                                               [jar]
[INFO] ignite-network-api                                                 [jar]
[INFO] ignite-network-annotation-processor                                [jar]
[INFO] ignite-raft-client                                                 [jar]
[INFO] ignite-network                                                     [jar]
[INFO] ignite-raft                                                        [jar]
[INFO] ignite-rocksdb-common                                              [jar]
[INFO] ignite-vault                                                       [jar]
[INFO] ignite-cluster-management                                          [jar]
[INFO] ignite-rest                                                        [jar]
[INFO] ignite-metastorage-common                                          [jar]
[INFO] ignite-metastorage-server                                          [jar]
[INFO] ignite-metastorage-client                                          [jar]
[INFO] ignite-metastorage                                                 [jar]
[INFO] ignite-baseline                                                    [jar]
[INFO] ignite-affinity                                                    [jar]
[INFO] ignite-extended-api                                                [jar]
[INFO] ignite-schema                                                      [jar]
[INFO] ignite-transactions                                                [jar]
[INFO] ignite-storage-api                                                 [jar]
[INFO] ignite-file-io                                                     [jar]
[INFO] ignite-page-memory                                                 [jar]
[INFO] ignite-storage-page-memory                                         [jar]
[INFO] ignite-table                                                       [jar]
[INFO] ignite-storage-rocksdb                                             [jar]
[INFO] ignite-sql-engine                                                  [jar]
[INFO] ignite-client-common                                               [jar]
[INFO] ignite-client-handler                                              [jar]
[INFO] ignite-compute                                                     [jar]
[INFO] ignite-marshaller-common                                           [jar]
[INFO] ignite-client                                                      [jar]
[INFO] ignite-runner                                                      [jar]
[INFO] ignite-cli-common                                                  [jar]
[INFO] ignite-cli                                                         [jar]
[INFO] 
[INFO] -----------------< org.apache.ignite:ignite-bytecode >------------------
[INFO] Building ignite-bytecode 3.0.0-SNAPSHOT                           [1/40]
[INFO] --------------------------------[ jar ]---------------------------------
[INFO] Downloading from apache.snapshots: https://repository.apache.org/snapshots/org/apache/maven/plugins/maven-surefire-plugin/3.0.0-M8-SNAPSHOT/maven-metadata.xml
[INFO] Downloading from apache.snapshots: https://repository.apache.org/snapshots/org/apache/maven/surefire/surefire/3.0.0-M8-SNAPSHOT/maven-metadata.xml
[INFO] Downloading from apache.snapshots: https://repository.apache.org/snapshots/org/apache/maven/plugins/maven-failsafe-plugin/3.0.0-M8-SNAPSHOT/maven-metadata.xml
[INFO] 
[INFO] --- maven-clean-plugin:3.1.0:clean (default-clean) @ ignite-bytecode ---
[INFO] 
[INFO] --- flatten-maven-plugin:1.2.2:clean (flatten.clean.before) @ ignite-bytecode ---
[INFO] 
[INFO] --- build-helper-maven-plugin:3.2.0:add-test-source (add-test-source) @ ignite-bytecode ---
[INFO] Test Source directory: /home/srafi/after-cam-ready/compare_/compile_repair_output/work/a18505f443aa/modules/bytecode/src/integrationTest/java added.
[INFO] 
[INFO] --- build-helper-maven-plugin:3.2.0:add-test-resource (add-test-resource) @ ignite-bytecode ---
[INFO] 
[INFO] --- maven-remote-resources-plugin:1.7.0:process (process-resource-bundles) @ ignite-bytecode ---
[INFO] Preparing remote bundle org.apache:apache-jar-resource-bundle:1.4
[INFO] Copying 3 resources from 1 bundle.
[INFO] 
[INFO] --- maven-resources-plugin:3.2.0:resources (default-resources) @ ignite-bytecode ---
[INFO] Using 'UTF-8' encoding to copy filtered resources.
[INFO] Using 'UTF-8' encoding to copy filtered properties files.
[INFO] skip non existing resourceDirectory /home/srafi/after-cam-ready/compare_/compile_repair_output/work/a18505f443aa/modules/bytecode/src/main/resources
[INFO] Copying 3 resources
[INFO] 
[INFO] --- flatten-maven-plugin:1.2.2:flatten (flatten) @ ignite-bytecode ---
[INFO] Generating flattened POM of project org.apache.ignite:ignite-bytecode:jar:3.0.0-SNAPSHOT...
[INFO] 
[INFO] --- maven-compiler-plugin:3.8.1:compile (default-compile) @ ignite-bytecode ---
[INFO] Changes detected - recompiling the module!
[INFO] Compiling 68 source files to /home/srafi/after-cam-ready/compare_/compile_repair_output/work/a18505f443aa/modules/bytecode/target/classes
[INFO] /home/srafi/after-cam-ready/compare_/compile_repair_output/work/a18505f443aa/modules/bytecode/src/main/java/com/facebook/presto/bytecode/BytecodeUtils.java: Some input files use unchecked or unsafe operations.
[INFO] /home/srafi/after-cam-ready/compare_/compile_repair_output/work/a18505f443aa/modules/bytecode/src/main/java/com/facebook/presto/bytecode/BytecodeUtils.java: Recompile with -Xlint:unchecked for details.
[INFO] 
[INFO] --- maven-resources-plugin:3.2.0:testResources (default-testResources) @ ignite-bytecode ---
[INFO] Using 'UTF-8' encoding to copy filtered resources.
[INFO] Using 'UTF-8' encoding to copy filtered properties files.
[INFO] skip non existing resourceDirectory /home/srafi/after-cam-ready/compare_/compile_repair_output/work/a18505f443aa/modules/bytecode/src/test/resources
[INFO] skip non existing resourceDirectory /home/srafi/after-cam-ready/compare_/compile_repair_output/work/a18505f443aa/modules/bytecode/src/integrationTest/resources
[INFO] Copying 3 resources
[INFO] 
[INFO] --- maven-compiler-plugin:3.8.1:testCompile (default-testCompile) @ ignite-bytecode ---
[INFO] Changes detected - recompiling the module!
[INFO] Compiling 17 source files to /home/srafi/after-cam-ready/compare_/compile_repair_output/work/a18505f443aa/modules/bytecode/target/test-classes
[INFO] 
[INFO] --- modernizer-maven-plugin:2.3.0:modernizer (modernizer) @ ignite-bytecode ---
[INFO] Downloading from central: https://repo.maven.apache.org/maven2/org/gaul/modernizer-maven-annotations/2.3.0/modernizer-maven-annotations-2.3.0.pom
[INFO] Downloaded from central: https://repo.maven.apache.org/maven2/org/gaul/modernizer-maven-annotations/2.3.0/modernizer-maven-annotations-2.3.0.pom (2.0 kB at 27 kB/s)
[INFO] Downloading from central: https://repo.maven.apache.org/maven2/org/gaul/modernizer-maven-annotations/2.3.0/modernizer-maven-annotations-2.3.0.jar
[INFO] Downloaded from central: https://repo.maven.apache.org/maven2/org/gaul/modernizer-maven-annotations/2.3.0/modernizer-maven-annotations-2.3.0.jar (3.2 kB at 76 kB/s)
[INFO] Skipping modernizer execution!
[INFO] 
[INFO] --- maven-surefire-plugin:3.0.0-M8-SNAPSHOT:test (default-test) @ ignite-bytecode ---
[INFO] Downloading from apache.snapshots: https://repository.apache.org/snapshots/org/apache/maven/surefire/maven-surefire-common/3.0.0-M8-SNAPSHOT/maven-metadata.xml
[INFO] Downloading from apache.snapshots: https://repository.apache.org/snapshots/org/apache/maven/surefire/surefire-api/3.0.0-M8-SNAPSHOT/maven-metadata.xml
[INFO] Downloading from apache.snapshots: https://repository.apache.org/snapshots/org/apache/maven/surefire/surefire-logger-api/3.0.0-M8-SNAPSHOT/maven-metadata.xml
[INFO] Downloading from apache.snapshots: https://repository.apache.org/snapshots/org/apache/maven/surefire/surefire-shared-utils/3.0.0-M8-SNAPSHOT/maven-metadata.xml
[INFO] Downloading from apache.snapshots: https://repository.apache.org/snapshots/org/apache/maven/surefire/surefire-extensions-api/3.0.0-M8-SNAPSHOT/maven-metadata.xml
[INFO] Downloading from apache.snapshots: https://repository.apache.org/snapshots/org/apache/maven/surefire/surefire-booter/3.0.0-M8-SNAPSHOT/maven-metadata.xml
[INFO] Downloading from apache.snapshots: https://repository.apache.org/snapshots/org/apache/maven/surefire/surefire-extensions-spi/3.0.0-M8-SNAPSHOT/maven-metadata.xml
[INFO] Tests are skipped.
[INFO] 
[INFO] --- maven-jar-plugin:3.2.0:jar (default-jar) @ ignite-bytecode ---
[INFO] Building jar: /home/srafi/after-cam-ready/compare_/compile_repair_output/work/a18505f443aa/modules/bytecode/target/ignite-bytecode-3.0.0-SNAPSHOT.jar
[INFO] 
[INFO] --- maven-site-plugin:3.7.1:attach-descriptor (attach-descriptor) @ ignite-bytecode ---
[INFO] Skipping because packaging 'jar' is not pom.
[INFO] 
[INFO] --- maven-dependency-plugin:3.2.0:purge-local-repository (purge-local-repository) @ ignite-bytecode ---
[INFO] Deleting 1 manual dependency from /home/srafi/.m2/repository
[INFO] 
[INFO] --- maven-failsafe-plugin:3.0.0-M8-SNAPSHOT:integration-test (default) @ ignite-bytecode ---
[INFO] Tests are skipped.
[INFO] 
[INFO] --- maven-failsafe-plugin:3.0.0-M8-SNAPSHOT:verify (default) @ ignite-bytecode ---
[INFO] Tests are skipped.
[INFO] 
[INFO] --- maven-install-plugin:2.5.2:install (default-install) @ ignite-bytecode ---
[INFO] Installing /home/srafi/after-cam-ready/compare_/compile_repair_output/work/a18505f443aa/modules/bytecode/target/ignite-bytecode-3.0.0-SNAPSHOT.jar to /home/srafi/.m2/repository/org/apache/ignite/ignite-bytecode/3.0.0-SNAPSHOT/ignite-bytecode-3.0.0-SNAPSHOT.jar
[INFO] Installing /home/srafi/after-cam-ready/compare_/compile_repair_output/work/a18505f443aa/modules/bytecode/.flattened-pom.xml to /home/srafi/.m2/repository/org/apache/ignite/ignite-bytecode/3.0.0-SNAPSHOT/ignite-bytecode-3.0.0-SNAPSHOT.pom
[INFO] 
[INFO] -------------------< org.apache.ignite:ignite-core >--------------------
[INFO] Building ignite-core 3.0.0-SNAPSHOT                               [2/40]
[INFO] --------------------------------[ jar ]---------------------------------
[INFO] Downloading from central: https://repo.maven.apache.org/maven2/it/unimi/dsi/fastutil-core/8.5.6/fastutil-core-8.5.6.pom
[INFO] Downloaded from central: https://repo.maven.apache.org/maven2/it/unimi/dsi/fastutil-core/8.5.6/fastutil-core-8.5.6.pom (1.6 kB at 37 kB/s)
[INFO] Downloading from central: https://repo.maven.apache.org/maven2/org/junit/platform/junit-platform-testkit/1.8.1/junit-platform-testkit-1.8.1.pom
[INFO] Downloaded from central: https://repo.maven.apache.org/maven2/org/junit/platform/junit-platform-testkit/1.8.1/junit-platform-testkit-1.8.1.pom (3.4 kB at 113 kB/s)
[INFO] Downloading from central: https://repo.maven.apache.org/maven2/it/unimi/dsi/fastutil-core/8.5.6/fastutil-core-8.5.6.jar
[INFO] Downloading from central: https://repo.maven.apache.org/maven2/org/junit/platform/junit-platform-testkit/1.8.1/junit-platform-testkit-1.8.1.jar
[INFO] Downloaded from central: https://repo.maven.apache.org/maven2/org/junit/platform/junit-platform-testkit/1.8.1/junit-platform-testkit-1.8.1.jar (46 kB at 919 kB/s)
[INFO] Downloaded from central: https://repo.maven.apache.org/maven2/it/unimi/dsi/fastutil-core/8.5.6/fastutil-core-8.5.6.jar (6.1 MB at 32 MB/s)
[INFO] 
[INFO] --- maven-clean-plugin:3.1.0:clean (default-clean) @ ignite-core ---
[INFO] 
[INFO] --- flatten-maven-plugin:1.2.2:clean (flatten.clean.before) @ ignite-core ---
[INFO] 
[INFO] --- build-helper-maven-plugin:3.2.0:add-test-source (add-test-source) @ ignite-core ---
[INFO] Test Source directory: /home/srafi/after-cam-ready/compare_/compile_repair_output/work/a18505f443aa/modules/core/src/integrationTest/java added.
[INFO] 
[INFO] --- build-helper-maven-plugin:3.2.0:add-test-resource (add-test-resource) @ ignite-core ---
[INFO] 
[INFO] --- maven-remote-resources-plugin:1.7.0:process (process-resource-bundles) @ ignite-core ---
[INFO] Preparing remote bundle org.apache:apache-jar-resource-bundle:1.4
[INFO] Copying 3 resources from 1 bundle.
[INFO] 
[INFO] --- maven-resources-plugin:3.2.0:resources (default-resources) @ ignite-core ---
[INFO] Using 'UTF-8' encoding to copy filtered resources.
[INFO] Using 'UTF-8' encoding to copy filtered properties files.
[INFO] Copying 1 resource
[INFO] Copying 3 resources
[INFO] The encoding used to copy filtered properties files have not been set. This means that the same encoding will be used to copy filtered properties files as when copying other filtered resources. This might not be what you want! Run your build with --debug to see which files might be affected. Read more at https://maven.apache.org/plugins/maven-resources-plugin/examples/filtering-properties-files.html
[INFO] 
[INFO] --- flatten-maven-plugin:1.2.2:flatten (flatten) @ ignite-core ---
[INFO] Generating flattened POM of project org.apache.ignite:ignite-core:jar:3.0.0-SNAPSHOT...
[INFO] 
[INFO] --- maven-compiler-plugin:3.8.1:compile (default-compile) @ ignite-core ---
[INFO] Changes detected - recompiling the module!
[INFO] Compiling 75 source files to /home/srafi/after-cam-ready/compare_/compile_repair_output/work/a18505f443aa/modules/core/target/classes
[WARNING] /home/srafi/after-cam-ready/compare_/compile_repair_output/work/a18505f443aa/modules/core/src/main/java/org/apache/ignite/internal/util/GridUnsafe.java:[39,16] sun.misc.Unsafe is internal proprietary API and may be removed in a future release
[WARNING] /home/srafi/after-cam-ready/compare_/compile_repair_output/work/a18505f443aa/modules/core/src/main/java/org/apache/ignite/internal/util/GridUnsafe.java:[62,26] sun.misc.Unsafe is internal proprietary API and may be removed in a future release
[WARNING] /home/srafi/after-cam-ready/compare_/compile_repair_output/work/a18505f443aa/modules/core/src/main/java/org/apache/ignite/internal/util/GridUnsafe.java:[1580,20] sun.misc.Unsafe is internal proprietary API and may be removed in a future release
[WARNING] /home/srafi/after-cam-ready/compare_/compile_repair_output/work/a18505f443aa/modules/core/src/main/java/org/apache/ignite/internal/util/GridUnsafe.java:[1582,20] sun.misc.Unsafe is internal proprietary API and may be removed in a future release
[WARNING] /home/srafi/after-cam-ready/compare_/compile_repair_output/work/a18505f443aa/modules/core/src/main/java/org/apache/ignite/internal/util/GridUnsafe.java:[1586,55] sun.misc.Unsafe is internal proprietary API and may be removed in a future release
[WARNING] /home/srafi/after-cam-ready/compare_/compile_repair_output/work/a18505f443aa/modules/core/src/main/java/org/apache/ignite/internal/util/GridUnsafe.java:[1588,36] sun.misc.Unsafe is internal proprietary API and may be removed in a future release
[WARNING] /home/srafi/after-cam-ready/compare_/compile_repair_output/work/a18505f443aa/modules/core/src/main/java/org/apache/ignite/internal/util/GridUnsafe.java:[1589,43] sun.misc.Unsafe is internal proprietary API and may be removed in a future release
[WARNING] /home/srafi/after-cam-ready/compare_/compile_repair_output/work/a18505f443aa/modules/core/src/main/java/org/apache/ignite/internal/util/GridUnsafe.java:[1593,41] sun.misc.Unsafe is internal proprietary API and may be removed in a future release
[INFO] /home/srafi/after-cam-ready/compare_/compile_repair_output/work/a18505f443aa/modules/core/src/main/java/org/apache/ignite/internal/tostring/IgniteToStringBuilder.java: Some input files use unchecked or unsafe operations.
[INFO] /home/srafi/after-cam-ready/compare_/compile_repair_output/work/a18505f443aa/modules/core/src/main/java/org/apache/ignite/internal/tostring/IgniteToStringBuilder.java: Recompile with -Xlint:unchecked for details.
[INFO] 
[INFO] --- maven-resources-plugin:3.2.0:testResources (default-testResources) @ ignite-core ---
[INFO] Using 'UTF-8' encoding to copy filtered resources.
[INFO] Using 'UTF-8' encoding to copy filtered properties files.
[INFO] skip non existing resourceDirectory /home/srafi/after-cam-ready/compare_/compile_repair_output/work/a18505f443aa/modules/core/src/test/resources
[INFO] skip non existing resourceDirectory /home/srafi/after-cam-ready/compare_/compile_repair_output/work/a18505f443aa/modules/core/src/integrationTest/resources
[INFO] Copying 3 resources
[INFO] 
[INFO] --- maven-compiler-plugin:3.8.1:testCompile (default-testCompile) @ ignite-core ---
[INFO] Changes detected - recompiling the module!
[INFO] Compiling 38 source files to /home/srafi/after-cam-ready/compare_/compile_repair_output/work/a18505f443aa/modules/core/target/test-classes
[INFO] /home/srafi/after-cam-ready/compare_/compile_repair_output/work/a18505f443aa/modules/core/src/test/java/org/apache/ignite/internal/testframework/IgniteTestUtils.java: /home/srafi/after-cam-ready/compare_/compile_repair_output/work/a18505f443aa/modules/core/src/test/java/org/apache/ignite/internal/testframework/IgniteTestUtils.java uses or overrides a deprecated API.
[INFO] /home/srafi/after-cam-ready/compare_/compile_repair_output/work/a18505f443aa/modules/core/src/test/java/org/apache/ignite/internal/testframework/IgniteTestUtils.java: Recompile with -Xlint:deprecation for details.
[INFO] /home/srafi/after-cam-ready/compare_/compile_repair_output/work/a18505f443aa/modules/core/src/test/java/org/apache/ignite/internal/testframework/IgniteTestUtils.java: Some input files use unchecked or unsafe operations.
[INFO] /home/srafi/after-cam-ready/compare_/compile_repair_output/work/a18505f443aa/modules/core/src/test/java/org/apache/ignite/internal/testframework/IgniteTestUtils.java: Recompile with -Xlint:unchecked for details.
[INFO] 
[INFO] --- modernizer-maven-plugin:2.3.0:modernizer (modernizer) @ ignite-core ---
[INFO] Skipping modernizer execution!
[INFO] 
[INFO] --- maven-surefire-plugin:3.0.0-M8-SNAPSHOT:test (default-test) @ ignite-core ---
[INFO] Tests are skipped.
[INFO] 
[INFO] --- maven-jar-plugin:3.2.0:jar (default-jar) @ ignite-core ---
[INFO] Building jar: /home/srafi/after-cam-ready/compare_/compile_repair_output/work/a18505f443aa/modules/core/target/ignite-core-3.0.0-SNAPSHOT.jar
[INFO] 
[INFO] --- maven-site-plugin:3.7.1:attach-descriptor (attach-descriptor) @ ignite-core ---
[INFO] Skipping because packaging 'jar' is not pom.
[INFO] 
[INFO] --- maven-dependency-plugin:3.2.0:purge-local-repository (purge-local-repository) @ ignite-core ---
[INFO] Deleting 1 manual dependency from /home/srafi/.m2/repository
[INFO] 
[INFO] --- maven-jar-plugin:3.2.0:test-jar (default-testJar) @ ignite-core ---
[INFO] Building jar: /home/srafi/after-cam-ready/compare_/compile_repair_output/work/a18505f443aa/modules/core/target/ignite-core-3.0.0-SNAPSHOT-tests.jar
[INFO] 
[INFO] --- maven-shade-plugin:3.2.4:shade (default) @ ignite-core ---
[INFO] Including org.jetbrains:annotations:jar:20.1.0 in the shaded jar.
[INFO] Including it.unimi.dsi:fastutil-core:jar:8.5.6 in the shaded jar.
[WARNING] annotations-20.1.0.jar, ignite-core-3.0.0-SNAPSHOT.jar define 1 overlapping resource: 
[WARNING]   - META-INF/MANIFEST.MF
[WARNING] maven-shade-plugin has detected that some class files are
[WARNING] present in two or more JARs. When this happens, only one
[WARNING] single version of the class is copied to the uber jar.
[WARNING] Usually this is not harmful and you can skip these warnings,
[WARNING] otherwise try to manually exclude artifacts based on
[WARNING] mvn dependency:tree -Ddetail=true and the above output.
[WARNING] See http://maven.apache.org/plugins/maven-shade-plugin/
[INFO] Replacing /home/srafi/after-cam-ready/compare_/compile_repair_output/work/a18505f443aa/modules/core/target/ignite-core-shaded-3.0.0-SNAPSHOT.jar with /home/srafi/after-cam-ready/compare_/compile_repair_output/work/a18505f443aa/modules/core/target/ignite-core-3.0.0-SNAPSHOT-shaded.jar
[INFO] 
[INFO] --- maven-failsafe-plugin:3.0.0-M8-SNAPSHOT:integration-test (default) @ ignite-core ---
[INFO] Tests are skipped.
[INFO] 
[INFO] --- maven-failsafe-plugin:3.0.0-M8-SNAPSHOT:verify (default) @ ignite-core ---
[INFO] Tests are skipped.
[INFO] 
[INFO] --- maven-install-plugin:2.5.2:install (default-install) @ ignite-core ---
[INFO] Installing /home/srafi/after-cam-ready/compare_/compile_repair_output/work/a18505f443aa/modules/core/target/ignite-core-3.0.0-SNAPSHOT.jar to /home/srafi/.m2/repository/org/apache/ignite/ignite-core/3.0.0-SNAPSHOT/ignite-core-3.0.0-SNAPSHOT.jar
[INFO] Installing /home/srafi/after-cam-ready/compare_/compile_repair_output/work/a18505f443aa/modules/core/.flattened-pom.xml to /home/srafi/.m2/repository/org/apache/ignite/ignite-core/3.0.0-SNAPSHOT/ignite-core-3.0.0-SNAPSHOT.pom
[INFO] Installing /home/srafi/after-cam-ready/compare_/compile_repair_output/work/a18505f443aa/modules/core/target/ignite-core-3.0.0-SNAPSHOT-tests.jar to /home/srafi/.m2/repository/org/apache/ignite/ignite-core/3.0.0-SNAPSHOT/ignite-core-3.0.0-SNAPSHOT-tests.jar
[INFO] 
[INFO] -------------< org.apache.ignite:ignite-configuration-api >-------------
[INFO] Building ignite-configuration-api 3.0.0-SNAPSHOT                  [3/40]
[INFO] --------------------------------[ jar ]---------------------------------
[INFO] 
[INFO] --- maven-clean-plugin:3.1.0:clean (default-clean) @ ignite-configuration-api ---
[INFO] 
[INFO] --- flatten-maven-plugin:1.2.2:clean (flatten.clean.before) @ ignite-configuration-api ---
[INFO] 
[INFO] --- build-helper-maven-plugin:3.2.0:add-test-source (add-test-source) @ ignite-configuration-api ---
[INFO] Test Source directory: /home/srafi/after-cam-ready/compare_/compile_repair_output/work/a18505f443aa/modules/configuration-api/src/integrationTest/java added.
[INFO] 
[INFO] --- build-helper-maven-plugin:3.2.0:add-test-resource (add-test-resource) @ ignite-configuration-api ---
[INFO] 
[INFO] --- maven-remote-resources-plugin:1.7.0:process (process-resource-bundles) @ ignite-configuration-api ---
[INFO] Preparing remote bundle org.apache:apache-jar-resource-bundle:1.4
[INFO] Copying 3 resources from 1 bundle.
[INFO] 
[INFO] --- maven-resources-plugin:3.2.0:resources (default-resources) @ ignite-configuration-api ---
[INFO] Using 'UTF-8' encoding to copy filtered resources.
[INFO] Using 'UTF-8' encoding to copy filtered properties files.
[INFO] skip non existing resourceDirectory /home/srafi/after-cam-ready/compare_/compile_repair_output/work/a18505f443aa/modules/configuration-api/src/main/resources
[INFO] Copying 3 resources
[INFO] 
[INFO] --- flatten-maven-plugin:1.2.2:flatten (flatten) @ ignite-configuration-api ---
[INFO] Generating flattened POM of project org.apache.ignite:ignite-configuration-api:jar:3.0.0-SNAPSHOT...
[INFO] 
[INFO] --- maven-compiler-plugin:3.8.1:compile (default-compile) @ ignite-configuration-api ---
[INFO] Changes detected - recompiling the module!
[INFO] Compiling 41 source files to /home/srafi/after-cam-ready/compare_/compile_repair_output/work/a18505f443aa/modules/configuration-api/target/classes
[INFO] 
[INFO] --- maven-resources-plugin:3.2.0:testResources (default-testResources) @ ignite-configuration-api ---
[INFO] Using 'UTF-8' encoding to copy filtered resources.
[INFO] Using 'UTF-8' encoding to copy filtered properties files.
[INFO] skip non existing resourceDirectory /home/srafi/after-cam-ready/compare_/compile_repair_output/work/a18505f443aa/modules/configuration-api/src/test/resources
[INFO] skip non existing resourceDirectory /home/srafi/after-cam-ready/compare_/compile_repair_output/work/a18505f443aa/modules/configuration-api/src/integrationTest/resources
[INFO] Copying 3 resources
[INFO] 
[INFO] --- maven-compiler-plugin:3.8.1:testCompile (default-testCompile) @ ignite-configuration-api ---
[INFO] No sources to compile
[INFO] 
[INFO] --- modernizer-maven-plugin:2.3.0:modernizer (modernizer) @ ignite-configuration-api ---
[INFO] Skipping modernizer execution!
[INFO] 
[INFO] --- maven-surefire-plugin:3.0.0-M8-SNAPSHOT:test (default-test) @ ignite-configuration-api ---
[INFO] Tests are skipped.
[INFO] 
[INFO] --- maven-jar-plugin:3.2.0:jar (default-jar) @ ignite-configuration-api ---
[INFO] Building jar: /home/srafi/after-cam-ready/compare_/compile_repair_output/work/a18505f443aa/modules/configuration-api/target/ignite-configuration-api-3.0.0-SNAPSHOT.jar
[INFO] 
[INFO] --- maven-site-plugin:3.7.1:attach-descriptor (attach-descriptor) @ ignite-configuration-api ---
[INFO] Skipping because packaging 'jar' is not pom.
[INFO] 
[INFO] --- maven-dependency-plugin:3.2.0:purge-local-repository (purge-local-repository) @ ignite-configuration-api ---
[INFO] Deleting 1 manual dependency from /home/srafi/.m2/repository
[INFO] 
[INFO] --- maven-failsafe-plugin:3.0.0-M8-SNAPSHOT:integration-test (default) @ ignite-configuration-api ---
[INFO] Tests are skipped.
[INFO] 
[INFO] --- maven-failsafe-plugin:3.0.0-M8-SNAPSHOT:verify (default) @ ignite-configuration-api ---
[INFO] Tests are skipped.
[INFO] 
[INFO] --- maven-install-plugin:2.5.2:install (default-install) @ ignite-configuration-api ---
[INFO] Installing /home/srafi/after-cam-ready/compare_/compile_repair_output/work/a18505f443aa/modules/configuration-api/target/ignite-configuration-api-3.0.0-SNAPSHOT.jar to /home/srafi/.m2/repository/org/apache/ignite/ignite-configuration-api/3.0.0-SNAPSHOT/ignite-configuration-api-3.0.0-SNAPSHOT.jar
[INFO] Installing /home/srafi/after-cam-ready/compare_/compile_repair_output/work/a18505f443aa/modules/configuration-api/.flattened-pom.xml to /home/srafi/.m2/repository/org/apache/ignite/ignite-configuration-api/3.0.0-SNAPSHOT/ignite-configuration-api-3.0.0-SNAPSHOT.pom
[INFO] 
[INFO] ----< org.apache.ignite:ignite-configuration-annotation-processor >-----
[INFO] Building ignite-configuration-annotation-processor 3.0.0-SNAPSHOT [4/40]
[INFO] --------------------------------[ jar ]---------------------------------
[INFO] Downloading from central: https://repo.maven.apache.org/maven2/com/google/testing/compile/compile-testing/0.19/compile-testing-0.19.pom
[INFO] Downloaded from central: https://repo.maven.apache.org/maven2/com/google/testing/compile/compile-testing/0.19/compile-testing-0.19.pom (6.7 kB at 186 kB/s)
[INFO] Downloading from central: https://repo.maven.apache.org/maven2/com/google/truth/truth/1.1/truth-1.1.pom
[INFO] Downloaded from central: https://repo.maven.apache.org/maven2/com/google/truth/truth/1.1/truth-1.1.pom (6.4 kB at 207 kB/s)
[INFO] Downloading from central: https://repo.maven.apache.org/maven2/com/google/truth/truth-parent/1.1/truth-parent-1.1.pom
[INFO] Downloaded from central: https://repo.maven.apache.org/maven2/com/google/truth/truth-parent/1.1/truth-parent-1.1.pom (17 kB at 468 kB/s)
[INFO] Downloading from central: https://repo.maven.apache.org/maven2/com/google/guava/guava/30.0-android/guava-30.0-android.pom
[INFO] Downloaded from central: https://repo.maven.apache.org/maven2/com/google/guava/guava/30.0-android/guava-30.0-android.pom (11 kB at 312 kB/s)
[INFO] Downloading from central: https://repo.maven.apache.org/maven2/com/google/guava/guava-parent/30.0-android/guava-parent-30.0-android.pom
[INFO] Downloaded from central: https://repo.maven.apache.org/maven2/com/google/guava/guava-parent/30.0-android/guava-parent-30.0-android.pom (13 kB at 405 kB/s)
[INFO] Downloading from central: https://repo.maven.apache.org/maven2/com/google/auto/value/auto-value-annotations/1.7.4/auto-value-annotations-1.7.4.pom
[INFO] Downloaded from central: https://repo.maven.apache.org/maven2/com/google/auto/value/auto-value-annotations/1.7.4/auto-value-annotations-1.7.4.pom (2.7 kB at 77 kB/s)
[INFO] Downloading from central: https://repo.maven.apache.org/maven2/com/google/auto/value/auto-value-parent/1.7.4/auto-value-parent-1.7.4.pom
[INFO] Downloaded from central: https://repo.maven.apache.org/maven2/com/google/auto/value/auto-value-parent/1.7.4/auto-value-parent-1.7.4.pom (6.1 kB at 185 kB/s)
[INFO] Downloading from central: https://repo.maven.apache.org/maven2/com/google/auto/value/auto-value/1.7.4/auto-value-1.7.4.pom
[INFO] Downloaded from central: https://repo.maven.apache.org/maven2/com/google/auto/value/auto-value/1.7.4/auto-value-1.7.4.pom (8.2 kB at 248 kB/s)
[INFO] Downloading from central: https://repo.maven.apache.org/maven2/com/google/auto/auto-common/0.11/auto-common-0.11.pom
[INFO] Downloaded from central: https://repo.maven.apache.org/maven2/com/google/auto/auto-common/0.11/auto-common-0.11.pom (4.4 kB at 134 kB/s)
[INFO] Downloading from central: https://repo.maven.apache.org/maven2/fr/inria/gforge/spoon/spoon-core/8.4.0-beta-18/spoon-core-8.4.0-beta-18.pom
[INFO] Downloaded from central: https://repo.maven.apache.org/maven2/fr/inria/gforge/spoon/spoon-core/8.4.0-beta-18/spoon-core-8.4.0-beta-18.pom (10.0 kB at 73 kB/s)
[INFO] Downloading from central: https://repo.maven.apache.org/maven2/fr/inria/gforge/spoon/spoon-pom/1.0/spoon-pom-1.0.pom
[INFO] Downloaded from central: https://repo.maven.apache.org/maven2/fr/inria/gforge/spoon/spoon-pom/1.0/spoon-pom-1.0.pom (21 kB at 506 kB/s)
[INFO] Downloading from central: https://repo.maven.apache.org/maven2/org/eclipse/jdt/org.eclipse.jdt.core/3.24.0/org.eclipse.jdt.core-3.24.0.pom
[INFO] Downloaded from central: https://repo.maven.apache.org/maven2/org/eclipse/jdt/org.eclipse.jdt.core/3.24.0/org.eclipse.jdt.core-3.24.0.pom (2.7 kB at 68 kB/s)
[INFO] Downloading from central: https://repo.maven.apache.org/maven2/org/apache/maven/shared/maven-invoker/3.1.0/maven-invoker-3.1.0.pom
[INFO] Downloaded from central: https://repo.maven.apache.org/maven2/org/apache/maven/shared/maven-invoker/3.1.0/maven-invoker-3.1.0.pom (6.9 kB at 172 kB/s)
[INFO] Downloading from central: https://repo.maven.apache.org/maven2/com/google/testing/compile/compile-testing/0.19/compile-testing-0.19.jar
[INFO] Downloading from central: https://repo.maven.apache.org/maven2/com/google/truth/truth/1.1/truth-1.1.jar
[INFO] Downloading from central: https://repo.maven.apache.org/maven2/com/google/auto/value/auto-value-annotations/1.7.4/auto-value-annotations-1.7.4.jar
[INFO] Downloading from central: https://repo.maven.apache.org/maven2/com/google/auto/value/auto-value/1.7.4/auto-value-1.7.4.jar
[INFO] Downloading from central: https://repo.maven.apache.org/maven2/com/google/auto/auto-common/0.11/auto-common-0.11.jar
[INFO] Downloaded from central: https://repo.maven.apache.org/maven2/com/google/testing/compile/compile-testing/0.19/compile-testing-0.19.jar (136 kB at 3.7 MB/s)
[INFO] Downloading from central: https://repo.maven.apache.org/maven2/fr/inria/gforge/spoon/spoon-core/8.4.0-beta-18/spoon-core-8.4.0-beta-18.jar
[INFO] Downloaded from central: https://repo.maven.apache.org/maven2/com/google/truth/truth/1.1/truth-1.1.jar (241 kB at 5.5 MB/s)
[INFO] Downloading from central: https://repo.maven.apache.org/maven2/org/eclipse/jdt/org.eclipse.jdt.core/3.24.0/org.eclipse.jdt.core-3.24.0.jar
[INFO] Downloaded from central: https://repo.maven.apache.org/maven2/com/google/auto/value/auto-value-annotations/1.7.4/auto-value-annotations-1.7.4.jar (6.6 kB at 134 kB/s)
[INFO] Downloading from central: https://repo.maven.apache.org/maven2/org/apache/maven/shared/maven-invoker/3.1.0/maven-invoker-3.1.0.jar
[INFO] Downloaded from central: https://repo.maven.apache.org/maven2/com/google/auto/auto-common/0.11/auto-common-0.11.jar (103 kB at 1.2 MB/s)
[INFO] Downloaded from central: https://repo.maven.apache.org/maven2/org/apache/maven/shared/maven-invoker/3.1.0/maven-invoker-3.1.0.jar (33 kB at 367 kB/s)
[INFO] Downloaded from central: https://repo.maven.apache.org/maven2/com/google/auto/value/auto-value/1.7.4/auto-value-1.7.4.jar (1.8 MB at 18 MB/s)
[INFO] Downloaded from central: https://repo.maven.apache.org/maven2/org/eclipse/jdt/org.eclipse.jdt.core/3.24.0/org.eclipse.jdt.core-3.24.0.jar (7.2 MB at 45 MB/s)
[INFO] Downloaded from central: https://repo.maven.apache.org/maven2/fr/inria/gforge/spoon/spoon-core/8.4.0-beta-18/spoon-core-8.4.0-beta-18.jar (1.8 MB at 8.8 MB/s)
[INFO] 
[INFO] --- maven-clean-plugin:3.1.0:clean (default-clean) @ ignite-configuration-annotation-processor ---
[INFO] 
[INFO] --- flatten-maven-plugin:1.2.2:clean (flatten.clean.before) @ ignite-configuration-annotation-processor ---
[INFO] 
[INFO] --- build-helper-maven-plugin:3.2.0:add-test-source (add-test-source) @ ignite-configuration-annotation-processor ---
[INFO] Test Source directory: /home/srafi/after-cam-ready/compare_/compile_repair_output/work/a18505f443aa/modules/configuration-annotation-processor/src/integrationTest/java added.
[INFO] 
[INFO] --- build-helper-maven-plugin:3.2.0:add-test-resource (add-test-resource) @ ignite-configuration-annotation-processor ---
[INFO] 
[INFO] --- maven-remote-resources-plugin:1.7.0:process (process-resource-bundles) @ ignite-configuration-annotation-processor ---
[INFO] Preparing remote bundle org.apache:apache-jar-resource-bundle:1.4
[INFO] Copying 3 resources from 1 bundle.
[INFO] 
[INFO] --- maven-resources-plugin:3.2.0:resources (default-resources) @ ignite-configuration-annotation-processor ---
[INFO] Using 'UTF-8' encoding to copy filtered resources.
[INFO] Using 'UTF-8' encoding to copy filtered properties files.
[INFO] Copying 1 resource
[INFO] Copying 3 resources
[INFO] 
[INFO] --- flatten-maven-plugin:1.2.2:flatten (flatten) @ ignite-configuration-annotation-processor ---
[INFO] Generating flattened POM of project org.apache.ignite:ignite-configuration-annotation-processor:jar:3.0.0-SNAPSHOT...
[INFO] 
[INFO] --- maven-compiler-plugin:3.8.1:compile (default-compile) @ ignite-configuration-annotation-processor ---
[INFO] Changes detected - recompiling the module!
[INFO] Compiling 3 source files to /home/srafi/after-cam-ready/compare_/compile_repair_output/work/a18505f443aa/modules/configuration-annotation-processor/target/classes
[INFO] 
[INFO] --- maven-compiler-plugin:3.8.1:compile (compile-project) @ ignite-configuration-annotation-processor ---
[INFO] Changes detected - recompiling the module!
[INFO] Compiling 3 source files to /home/srafi/after-cam-ready/compare_/compile_repair_output/work/a18505f443aa/modules/configuration-annotation-processor/target/classes
[INFO] 
[INFO] --- maven-resources-plugin:3.2.0:testResources (default-testResources) @ ignite-configuration-annotation-processor ---
[INFO] Using 'UTF-8' encoding to copy filtered resources.
[INFO] Using 'UTF-8' encoding to copy filtered properties files.
[INFO] skip non existing resourceDirectory /home/srafi/after-cam-ready/compare_/compile_repair_output/work/a18505f443aa/modules/configuration-annotation-processor/src/test/resources
[INFO] Copying 46 resources
[INFO] Copying 3 resources
[INFO] 
[INFO] --- maven-compiler-plugin:3.8.1:testCompile (default-testCompile) @ ignite-configuration-annotation-processor ---
[INFO] Changes detected - recompiling the module!
[INFO] Compiling 7 source files to /home/srafi/after-cam-ready/compare_/compile_repair_output/work/a18505f443aa/modules/configuration-annotation-processor/target/test-classes
[INFO] 
[INFO] --- modernizer-maven-plugin:2.3.0:modernizer (modernizer) @ ignite-configuration-annotation-processor ---
[INFO] Skipping modernizer execution!
[INFO] 
[INFO] --- maven-surefire-plugin:3.0.0-M8-SNAPSHOT:test (default-test) @ ignite-configuration-annotation-processor ---
[INFO] Tests are skipped.
[INFO] 
[INFO] --- maven-jar-plugin:3.2.0:jar (default-jar) @ ignite-configuration-annotation-processor ---
[INFO] Building jar: /home/srafi/after-cam-ready/compare_/compile_repair_output/work/a18505f443aa/modules/configuration-annotation-processor/target/ignite-configuration-annotation-processor-3.0.0-SNAPSHOT.jar
[INFO] 
[INFO] --- maven-site-plugin:3.7.1:attach-descriptor (attach-descriptor) @ ignite-configuration-annotation-processor ---
[INFO] Skipping because packaging 'jar' is not pom.
[INFO] 
[INFO] --- maven-dependency-plugin:3.2.0:purge-local-repository (purge-local-repository) @ ignite-configuration-annotation-processor ---
[INFO] Deleting 1 manual dependency from /home/srafi/.m2/repository
[INFO] 
[INFO] --- maven-failsafe-plugin:3.0.0-M8-SNAPSHOT:integration-test (default) @ ignite-configuration-annotation-processor ---
[INFO] Tests are skipped.
[INFO] 
[INFO] --- maven-failsafe-plugin:3.0.0-M8-SNAPSHOT:verify (default) @ ignite-configuration-annotation-processor ---
[INFO] Tests are skipped.
[INFO] 
[INFO] --- maven-install-plugin:2.5.2:install (default-install) @ ignite-configuration-annotation-processor ---
[INFO] Installing /home/srafi/after-cam-ready/compare_/compile_repair_output/work/a18505f443aa/modules/configuration-annotation-processor/target/ignite-configuration-annotation-processor-3.0.0-SNAPSHOT.jar to /home/srafi/.m2/repository/org/apache/ignite/ignite-configuration-annotation-processor/3.0.0-SNAPSHOT/ignite-configuration-annotation-processor-3.0.0-SNAPSHOT.jar
[INFO] Installing /home/srafi/after-cam-ready/compare_/compile_repair_output/work/a18505f443aa/modules/configuration-annotation-processor/.flattened-pom.xml to /home/srafi/.m2/repository/org/apache/ignite/ignite-configuration-annotation-processor/3.0.0-SNAPSHOT/ignite-configuration-annotation-processor-3.0.0-SNAPSHOT.pom
[INFO] 
[INFO] --------------------< org.apache.ignite:ignite-api >--------------------
[INFO] Building ignite-api 3.0.0-SNAPSHOT                                [5/40]
[INFO] --------------------------------[ jar ]---------------------------------
[INFO] Downloading from central: https://repo.maven.apache.org/maven2/com/github/npathai/hamcrest-optional/2.0.0/hamcrest-optional-2.0.0.pom
[INFO] Downloaded from central: https://repo.maven.apache.org/maven2/com/github/npathai/hamcrest-optional/2.0.0/hamcrest-optional-2.0.0.pom (2.1 kB at 63 kB/s)
[INFO] Downloading from central: https://repo.maven.apache.org/maven2/com/github/npathai/hamcrest-optional/2.0.0/hamcrest-optional-2.0.0.jar
[INFO] Downloaded from central: https://repo.maven.apache.org/maven2/com/github/npathai/hamcrest-optional/2.0.0/hamcrest-optional-2.0.0.jar (6.9 kB at 257 kB/s)
[INFO] 
[INFO] --- maven-clean-plugin:3.1.0:clean (default-clean) @ ignite-api ---
[INFO] 
[INFO] --- flatten-maven-plugin:1.2.2:clean (flatten.clean.before) @ ignite-api ---
[INFO] 
[INFO] --- build-helper-maven-plugin:3.2.0:add-test-source (add-test-source) @ ignite-api ---
[INFO] Test Source directory: /home/srafi/after-cam-ready/compare_/compile_repair_output/work/a18505f443aa/modules/api/src/integrationTest/java added.
[INFO] 
[INFO] --- build-helper-maven-plugin:3.2.0:add-test-resource (add-test-resource) @ ignite-api ---
[INFO] 
[INFO] --- maven-remote-resources-plugin:1.7.0:process (process-resource-bundles) @ ignite-api ---
[INFO] Preparing remote bundle org.apache:apache-jar-resource-bundle:1.4
[INFO] Copying 3 resources from 1 bundle.
[INFO] 
[INFO] --- maven-resources-plugin:3.2.0:resources (default-resources) @ ignite-api ---
[INFO] Using 'UTF-8' encoding to copy filtered resources.
[INFO] Using 'UTF-8' encoding to copy filtered properties files.
[INFO] skip non existing resourceDirectory /home/srafi/after-cam-ready/compare_/compile_repair_output/work/a18505f443aa/modules/api/src/main/resources
[INFO] Copying 3 resources
[INFO] 
[INFO] --- flatten-maven-plugin:1.2.2:flatten (flatten) @ ignite-api ---
[INFO] Generating flattened POM of project org.apache.ignite:ignite-api:jar:3.0.0-SNAPSHOT...
[INFO] 
[INFO] --- maven-compiler-plugin:3.8.1:compile (default-compile) @ ignite-api ---
[INFO] Changes detected - recompiling the module!
[INFO] Compiling 120 source files to /home/srafi/after-cam-ready/compare_/compile_repair_output/work/a18505f443aa/modules/api/target/classes
[INFO] /home/srafi/after-cam-ready/compare_/compile_repair_output/work/a18505f443aa/modules/api/src/main/java/org/apache/ignite/lang/NullableValue.java: Some input files use unchecked or unsafe operations.
[INFO] /home/srafi/after-cam-ready/compare_/compile_repair_output/work/a18505f443aa/modules/api/src/main/java/org/apache/ignite/lang/NullableValue.java: Recompile with -Xlint:unchecked for details.
[INFO] 
[INFO] --- maven-resources-plugin:3.2.0:testResources (default-testResources) @ ignite-api ---
[INFO] Using 'UTF-8' encoding to copy filtered resources.
[INFO] Using 'UTF-8' encoding to copy filtered properties files.
[INFO] skip non existing resourceDirectory /home/srafi/after-cam-ready/compare_/compile_repair_output/work/a18505f443aa/modules/api/src/test/resources
[INFO] skip non existing resourceDirectory /home/srafi/after-cam-ready/compare_/compile_repair_output/work/a18505f443aa/modules/api/src/integrationTest/resources
[INFO] Copying 3 resources
[INFO] 
[INFO] --- maven-compiler-plugin:3.8.1:testCompile (default-testCompile) @ ignite-api ---
[INFO] No sources to compile
[INFO] 
[INFO] --- modernizer-maven-plugin:2.3.0:modernizer (modernizer) @ ignite-api ---
[INFO] Skipping modernizer execution!
[INFO] 
[INFO] --- maven-surefire-plugin:3.0.0-M8-SNAPSHOT:test (default-test) @ ignite-api ---
[INFO] Tests are skipped.
[INFO] 
[INFO] --- maven-jar-plugin:3.2.0:jar (default-jar) @ ignite-api ---
[INFO] Building jar: /home/srafi/after-cam-ready/compare_/compile_repair_output/work/a18505f443aa/modules/api/target/ignite-api-3.0.0-SNAPSHOT.jar
[INFO] 
[INFO] --- maven-site-plugin:3.7.1:attach-descriptor (attach-descriptor) @ ignite-api ---
[INFO] Skipping because packaging 'jar' is not pom.
[INFO] 
[INFO] --- maven-dependency-plugin:3.2.0:purge-local-repository (purge-local-repository) @ ignite-api ---
[INFO] Deleting 1 manual dependency from /home/srafi/.m2/repository
[INFO] 
[INFO] --- maven-failsafe-plugin:3.0.0-M8-SNAPSHOT:integration-test (default) @ ignite-api ---
[INFO] Tests are skipped.
[INFO] 
[INFO] --- maven-failsafe-plugin:3.0.0-M8-SNAPSHOT:verify (default) @ ignite-api ---
[INFO] Tests are skipped.
[INFO] 
[INFO] --- maven-install-plugin:2.5.2:install (default-install) @ ignite-api ---
[INFO] Installing /home/srafi/after-cam-ready/compare_/compile_repair_output/work/a18505f443aa/modules/api/target/ignite-api-3.0.0-SNAPSHOT.jar to /home/srafi/.m2/repository/org/apache/ignite/ignite-api/3.0.0-SNAPSHOT/ignite-api-3.0.0-SNAPSHOT.jar
[INFO] Installing /home/srafi/after-cam-ready/compare_/compile_repair_output/work/a18505f443aa/modules/api/.flattened-pom.xml to /home/srafi/.m2/repository/org/apache/ignite/ignite-api/3.0.0-SNAPSHOT/ignite-api-3.0.0-SNAPSHOT.pom
[INFO] 
[INFO] -----------------< org.apache.ignite:ignite-rest-api >------------------
[INFO] Building ignite-rest-api 3.0.0-SNAPSHOT                           [6/40]
[INFO] --------------------------------[ jar ]---------------------------------
[INFO] Downloading from central: https://repo.maven.apache.org/maven2/jakarta/inject/jakarta.inject-api/2.0.0/jakarta.inject-api-2.0.0.pom
[INFO] Downloaded from central: https://repo.maven.apache.org/maven2/jakarta/inject/jakarta.inject-api/2.0.0/jakarta.inject-api-2.0.0.pom (5.3 kB at 156 kB/s)
[INFO] Downloading from central: https://repo.maven.apache.org/maven2/io/swagger/core/v3/swagger-annotations/2.1.12/swagger-annotations-2.1.12.pom
[INFO] Downloaded from central: https://repo.maven.apache.org/maven2/io/swagger/core/v3/swagger-annotations/2.1.12/swagger-annotations-2.1.12.pom (5.4 kB at 150 kB/s)
[INFO] Downloading from central: https://repo.maven.apache.org/maven2/io/swagger/core/v3/swagger-project/2.1.12/swagger-project-2.1.12.pom
[INFO] Downloaded from central: https://repo.maven.apache.org/maven2/io/swagger/core/v3/swagger-project/2.1.12/swagger-project-2.1.12.pom (29 kB at 923 kB/s)
[INFO] Downloading from central: https://repo.maven.apache.org/maven2/jakarta/inject/jakarta.inject-api/2.0.0/jakarta.inject-api-2.0.0.jar
[INFO] Downloading from central: https://repo.maven.apache.org/maven2/io/swagger/core/v3/swagger-annotations/2.1.12/swagger-annotations-2.1.12.jar
[INFO] Downloaded from central: https://repo.maven.apache.org/maven2/jakarta/inject/jakarta.inject-api/2.0.0/jakarta.inject-api-2.0.0.jar (10 kB at 298 kB/s)
[INFO] Downloaded from central: https://repo.maven.apache.org/maven2/io/swagger/core/v3/swagger-annotations/2.1.12/swagger-annotations-2.1.12.jar (34 kB at 1.0 MB/s)
[INFO] 
[INFO] --- maven-clean-plugin:3.1.0:clean (default-clean) @ ignite-rest-api ---
[INFO] 
[INFO] --- flatten-maven-plugin:1.2.2:clean (flatten.clean.before) @ ignite-rest-api ---
[INFO] 
[INFO] --- build-helper-maven-plugin:3.2.0:add-test-source (add-test-source) @ ignite-rest-api ---
[INFO] Test Source directory: /home/srafi/after-cam-ready/compare_/compile_repair_output/work/a18505f443aa/modules/rest-api/src/integrationTest/java added.
[INFO] 
[INFO] --- build-helper-maven-plugin:3.2.0:add-test-resource (add-test-resource) @ ignite-rest-api ---
[INFO] 
[INFO] --- maven-remote-resources-plugin:1.7.0:process (process-resource-bundles) @ ignite-rest-api ---
[INFO] Preparing remote bundle org.apache:apache-jar-resource-bundle:1.4
[INFO] Copying 3 resources from 1 bundle.
[INFO] 
[INFO] --- maven-resources-plugin:3.2.0:resources (default-resources) @ ignite-rest-api ---
[INFO] Using 'UTF-8' encoding to copy filtered resources.
[INFO] Using 'UTF-8' encoding to copy filtered properties files.
[INFO] skip non existing resourceDirectory /home/srafi/after-cam-ready/compare_/compile_repair_output/work/a18505f443aa/modules/rest-api/src/main/resources
[INFO] Copying 3 resources
[INFO] 
[INFO] --- flatten-maven-plugin:1.2.2:flatten (flatten) @ ignite-rest-api ---
[INFO] Generating flattened POM of project org.apache.ignite:ignite-rest-api:jar:3.0.0-SNAPSHOT...
[INFO] 
[INFO] --- maven-compiler-plugin:3.8.1:compile (default-compile) @ ignite-rest-api ---
[INFO] Changes detected - recompiling the module!
[INFO] Compiling 3 source files to /home/srafi/after-cam-ready/compare_/compile_repair_output/work/a18505f443aa/modules/rest-api/target/classes
[INFO] 
[INFO] --- maven-resources-plugin:3.2.0:testResources (default-testResources) @ ignite-rest-api ---
[INFO] Using 'UTF-8' encoding to copy filtered resources.
[INFO] Using 'UTF-8' encoding to copy filtered properties files.
[INFO] skip non existing resourceDirectory /home/srafi/after-cam-ready/compare_/compile_repair_output/work/a18505f443aa/modules/rest-api/src/test/resources
[INFO] skip non existing resourceDirectory /home/srafi/after-cam-ready/compare_/compile_repair_output/work/a18505f443aa/modules/rest-api/src/integrationTest/resources
[INFO] Copying 3 resources
[INFO] 
[INFO] --- maven-compiler-plugin:3.8.1:testCompile (default-testCompile) @ ignite-rest-api ---
[INFO] No sources to compile
[INFO] 
[INFO] --- modernizer-maven-plugin:2.3.0:modernizer (modernizer) @ ignite-rest-api ---
[INFO] Skipping modernizer execution!
[INFO] 
[INFO] --- maven-surefire-plugin:3.0.0-M8-SNAPSHOT:test (default-test) @ ignite-rest-api ---
[INFO] Tests are skipped.
[INFO] 
[INFO] --- maven-jar-plugin:3.2.0:jar (default-jar) @ ignite-rest-api ---
[INFO] Building jar: /home/srafi/after-cam-ready/compare_/compile_repair_output/work/a18505f443aa/modules/rest-api/target/ignite-rest-api-3.0.0-SNAPSHOT.jar
[INFO] 
[INFO] --- maven-site-plugin:3.7.1:attach-descriptor (attach-descriptor) @ ignite-rest-api ---
[INFO] Skipping because packaging 'jar' is not pom.
[INFO] 
[INFO] --- maven-dependency-plugin:3.2.0:purge-local-repository (purge-local-repository) @ ignite-rest-api ---
[INFO] Deleting 1 manual dependency from /home/srafi/.m2/repository
[INFO] 
[INFO] --- maven-failsafe-plugin:3.0.0-M8-SNAPSHOT:integration-test (default) @ ignite-rest-api ---
[INFO] Tests are skipped.
[INFO] 
[INFO] --- maven-failsafe-plugin:3.0.0-M8-SNAPSHOT:verify (default) @ ignite-rest-api ---
[INFO] Tests are skipped.
[INFO] 
[INFO] --- maven-install-plugin:2.5.2:install (default-install) @ ignite-rest-api ---
[INFO] Installing /home/srafi/after-cam-ready/compare_/compile_repair_output/work/a18505f443aa/modules/rest-api/target/ignite-rest-api-3.0.0-SNAPSHOT.jar to /home/srafi/.m2/repository/org/apache/ignite/ignite-rest-api/3.0.0-SNAPSHOT/ignite-rest-api-3.0.0-SNAPSHOT.jar
[INFO] Installing /home/srafi/after-cam-ready/compare_/compile_repair_output/work/a18505f443aa/modules/rest-api/.flattened-pom.xml to /home/srafi/.m2/repository/org/apache/ignite/ignite-rest-api/3.0.0-SNAPSHOT/ignite-rest-api-3.0.0-SNAPSHOT.pom
[INFO] 
[INFO] ---------------< org.apache.ignite:ignite-configuration >---------------
[INFO] Building ignite-configuration 3.0.0-SNAPSHOT                      [7/40]
[INFO] --------------------------------[ jar ]---------------------------------
[INFO] Downloading from central: https://repo.maven.apache.org/maven2/io/micronaut/micronaut-http/3.4.1/micronaut-http-3.4.1.pom
[INFO] Downloaded from central: https://repo.maven.apache.org/maven2/io/micronaut/micronaut-http/3.4.1/micronaut-http-3.4.1.pom (2.2 kB at 10 kB/s)
[INFO] Downloading from central: https://repo.maven.apache.org/maven2/io/micronaut/micronaut-inject/3.4.1/micronaut-inject-3.4.1.pom
[INFO] Downloaded from central: https://repo.maven.apache.org/maven2/io/micronaut/micronaut-inject/3.4.1/micronaut-inject-3.4.1.pom (2.3 kB at 9.8 kB/s)
[INFO] Downloading from central: https://repo.maven.apache.org/maven2/io/micronaut/micronaut-core/3.4.1/micronaut-core-3.4.1.pom
[INFO] Downloaded from central: https://repo.maven.apache.org/maven2/io/micronaut/micronaut-core/3.4.1/micronaut-core-3.4.1.pom (1.3 kB at 4.5 kB/s)
[INFO] Downloading from central: https://repo.maven.apache.org/maven2/io/micronaut/micronaut-core-reactive/3.4.1/micronaut-core-reactive-3.4.1.pom
[INFO] Downloaded from central: https://repo.maven.apache.org/maven2/io/micronaut/micronaut-core-reactive/3.4.1/micronaut-core-reactive-3.4.1.pom (2.1 kB at 8.7 kB/s)
[INFO] Downloading from central: https://repo.maven.apache.org/maven2/io/projectreactor/reactor-core/3.4.14/reactor-core-3.4.14.pom
[INFO] Downloaded from central: https://repo.maven.apache.org/maven2/io/projectreactor/reactor-core/3.4.14/reactor-core-3.4.14.pom (2.1 kB at 63 kB/s)
[INFO] Downloading from central: https://repo.maven.apache.org/maven2/io/micronaut/micronaut-http-server/3.4.1/micronaut-http-server-3.4.1.pom
[INFO] Downloaded from central: https://repo.maven.apache.org/maven2/io/micronaut/micronaut-http-server/3.4.1/micronaut-http-server-3.4.1.pom (2.4 kB at 12 kB/s)
[INFO] Downloading from central: https://repo.maven.apache.org/maven2/io/micronaut/micronaut-websocket/3.4.1/micronaut-websocket-3.4.1.pom
[INFO] Downloaded from central: https://repo.maven.apache.org/maven2/io/micronaut/micronaut-websocket/3.4.1/micronaut-websocket-3.4.1.pom (2.6 kB at 11 kB/s)
[INFO] Downloading from central: https://repo.maven.apache.org/maven2/io/micronaut/micronaut-http-client-core/3.4.1/micronaut-http-client-core-3.4.1.pom
[INFO] Downloaded from central: https://repo.maven.apache.org/maven2/io/micronaut/micronaut-http-client-core/3.4.1/micronaut-http-client-core-3.4.1.pom (2.1 kB at 7.6 kB/s)
[INFO] Downloading from central: https://repo.maven.apache.org/maven2/io/micronaut/micronaut-runtime/3.4.1/micronaut-runtime-3.4.1.pom
[INFO] Downloaded from central: https://repo.maven.apache.org/maven2/io/micronaut/micronaut-runtime/3.4.1/micronaut-runtime-3.4.1.pom (2.8 kB at 9.1 kB/s)
[INFO] Downloading from central: https://repo.maven.apache.org/maven2/io/micronaut/micronaut-aop/3.4.1/micronaut-aop-3.4.1.pom
[INFO] Downloaded from central: https://repo.maven.apache.org/maven2/io/micronaut/micronaut-aop/3.4.1/micronaut-aop-3.4.1.pom (1.7 kB at 6.3 kB/s)
[INFO] Downloading from central: https://repo.maven.apache.org/maven2/io/micronaut/micronaut-context/3.4.1/micronaut-context-3.4.1.pom
[INFO] Downloaded from central: https://repo.maven.apache.org/maven2/io/micronaut/micronaut-context/3.4.1/micronaut-context-3.4.1.pom (2.2 kB at 6.7 kB/s)
[INFO] Downloading from central: https://repo.maven.apache.org/maven2/io/micronaut/micronaut-jackson-databind/3.4.1/micronaut-jackson-databind-3.4.1.pom
[INFO] Downloaded from central: https://repo.maven.apache.org/maven2/io/micronaut/micronaut-jackson-databind/3.4.1/micronaut-jackson-databind-3.4.1.pom (2.5 kB at 9.4 kB/s)
[INFO] Downloading from central: https://repo.maven.apache.org/maven2/io/micronaut/micronaut-jackson-core/3.4.1/micronaut-jackson-core-3.4.1.pom
[INFO] Downloaded from central: https://repo.maven.apache.org/maven2/io/micronaut/micronaut-jackson-core/3.4.1/micronaut-jackson-core-3.4.1.pom (2.3 kB at 6.6 kB/s)
[INFO] Downloading from central: https://repo.maven.apache.org/maven2/io/micronaut/micronaut-json-core/3.4.1/micronaut-json-core-3.4.1.pom
[INFO] Downloaded from central: https://repo.maven.apache.org/maven2/io/micronaut/micronaut-json-core/3.4.1/micronaut-json-core-3.4.1.pom (2.1 kB at 8.3 kB/s)
[INFO] Downloading from central: https://repo.maven.apache.org/maven2/com/fasterxml/jackson/datatype/jackson-datatype-jdk8/2.13.1/jackson-datatype-jdk8-2.13.1.pom
[INFO] Downloaded from central: https://repo.maven.apache.org/maven2/com/fasterxml/jackson/datatype/jackson-datatype-jdk8/2.13.1/jackson-datatype-jdk8-2.13.1.pom (2.6 kB at 78 kB/s)
[INFO] Downloading from central: https://repo.maven.apache.org/maven2/com/fasterxml/jackson/module/jackson-modules-java8/2.13.1/jackson-modules-java8-2.13.1.pom
[INFO] Downloaded from central: https://repo.maven.apache.org/maven2/com/fasterxml/jackson/module/jackson-modules-java8/2.13.1/jackson-modules-java8-2.13.1.pom (3.2 kB at 89 kB/s)
[INFO] Downloading from central: https://repo.maven.apache.org/maven2/com/fasterxml/jackson/datatype/jackson-datatype-jsr310/2.13.1/jackson-datatype-jsr310-2.13.1.pom
[INFO] Downloaded from central: https://repo.maven.apache.org/maven2/com/fasterxml/jackson/datatype/jackson-datatype-jsr310/2.13.1/jackson-datatype-jsr310-2.13.1.pom (4.9 kB at 144 kB/s)
[INFO] Downloading from central: https://repo.maven.apache.org/maven2/io/micronaut/micronaut-router/3.4.1/micronaut-router-3.4.1.pom
[INFO] Downloaded from central: https://repo.maven.apache.org/maven2/io/micronaut/micronaut-router/3.4.1/micronaut-router-3.4.1.pom (2.1 kB at 9.0 kB/s)
[INFO] Downloading from central: https://repo.maven.apache.org/maven2/io/micronaut/test/micronaut-test-junit5/3.3.0/micronaut-test-junit5-3.3.0.pom
[INFO] Downloaded from central: https://repo.maven.apache.org/maven2/io/micronaut/test/micronaut-test-junit5/3.3.0/micronaut-test-junit5-3.3.0.pom (2.6 kB at 9.0 kB/s)
[INFO] Downloading from central: https://repo.maven.apache.org/maven2/io/micronaut/micronaut-bom/3.4.4/micronaut-bom-3.4.4.pom
[INFO] Downloaded from central: https://repo.maven.apache.org/maven2/io/micronaut/micronaut-bom/3.4.4/micronaut-bom-3.4.4.pom (50 kB at 226 kB/s)
[INFO] Downloading from central: https://repo.maven.apache.org/maven2/io/grpc/grpc-bom/1.39.0/grpc-bom-1.39.0.pom
[INFO] Downloaded from central: https://repo.maven.apache.org/maven2/io/grpc/grpc-bom/1.39.0/grpc-bom-1.39.0.pom (4.7 kB at 148 kB/s)
[INFO] Downloading from central: https://repo.maven.apache.org/maven2/org/jetbrains/kotlinx/kotlinx-coroutines-bom/1.5.1/kotlinx-coroutines-bom-1.5.1.pom
[INFO] Downloaded from central: https://repo.maven.apache.org/maven2/org/jetbrains/kotlinx/kotlinx-coroutines-bom/1.5.1/kotlinx-coroutines-bom-1.5.1.pom (4.1 kB at 114 kB/s)
[INFO] Downloading from central: https://repo.maven.apache.org/maven2/io/ktor/ktor-bom/1.6.8/ktor-bom-1.6.8.pom
[INFO] Downloaded from central: https://repo.maven.apache.org/maven2/io/ktor/ktor-bom/1.6.8/ktor-bom-1.6.8.pom (23 kB at 740 kB/s)
[INFO] Downloading from central: https://repo.maven.apache.org/maven2/io/micrometer/micrometer-bom/1.8.3/micrometer-bom-1.8.3.pom
[INFO] Downloaded from central: https://repo.maven.apache.org/maven2/io/micrometer/micrometer-bom/1.8.3/micrometer-bom-1.8.3.pom (6.9 kB at 202 kB/s)
[INFO] Downloading from central: https://repo.maven.apache.org/maven2/io/micronaut/aws/micronaut-aws-bom/3.2.3/micronaut-aws-bom-3.2.3.pom
[INFO] Downloaded from central: https://repo.maven.apache.org/maven2/io/micronaut/aws/micronaut-aws-bom/3.2.3/micronaut-aws-bom-3.2.3.pom (4.9 kB at 104 kB/s)
[INFO] Downloading from central: https://repo.maven.apache.org/maven2/io/micronaut/azure/micronaut-azure-bom/3.2.3/micronaut-azure-bom-3.2.3.pom
[INFO] Downloaded from central: https://repo.maven.apache.org/maven2/io/micronaut/azure/micronaut-azure-bom/3.2.3/micronaut-azure-bom-3.2.3.pom (2.9 kB at 70 kB/s)
[INFO] Downloading from central: https://repo.maven.apache.org/maven2/com/azure/azure-sdk-bom/1.1.1/azure-sdk-bom-1.1.1.pom
[INFO] Downloaded from central: https://repo.maven.apache.org/maven2/com/azure/azure-sdk-bom/1.1.1/azure-sdk-bom-1.1.1.pom (11 kB at 261 kB/s)
[INFO] Downloading from central: https://repo.maven.apache.org/maven2/io/micronaut/cache/micronaut-cache-bom/3.3.0/micronaut-cache-bom-3.3.0.pom
[INFO] Downloaded from central: https://repo.maven.apache.org/maven2/io/micronaut/cache/micronaut-cache-bom/3.3.0/micronaut-cache-bom-3.3.0.pom (4.1 kB at 106 kB/s)
[INFO] Downloading from central: https://repo.maven.apache.org/maven2/io/micronaut/coherence/micronaut-coherence-bom/3.0.1/micronaut-coherence-bom-3.0.1.pom
[INFO] Downloaded from central: https://repo.maven.apache.org/maven2/io/micronaut/coherence/micronaut-coherence-bom/3.0.1/micronaut-coherence-bom-3.0.1.pom (3.2 kB at 85 kB/s)
[INFO] Downloading from central: https://repo.maven.apache.org/maven2/io/micronaut/data/micronaut-data-bom/3.3.0/micronaut-data-bom-3.3.0.pom
[INFO] Downloaded from central: https://repo.maven.apache.org/maven2/io/micronaut/data/micronaut-data-bom/3.3.0/micronaut-data-bom-3.3.0.pom (4.6 kB at 116 kB/s)
[INFO] Downloading from central: https://repo.maven.apache.org/maven2/io/micronaut/email/micronaut-email-bom/1.2.1/micronaut-email-bom-1.2.1.pom
[INFO] Downloaded from central: https://repo.maven.apache.org/maven2/io/micronaut/email/micronaut-email-bom/1.2.1/micronaut-email-bom-1.2.1.pom (4.0 kB at 90 kB/s)
[INFO] Downloading from central: https://repo.maven.apache.org/maven2/io/micronaut/flyway/micronaut-flyway-bom/5.2.0/micronaut-flyway-bom-5.2.0.pom
[INFO] Downloaded from central: https://repo.maven.apache.org/maven2/io/micronaut/flyway/micronaut-flyway-bom/5.2.0/micronaut-flyway-bom-5.2.0.pom (2.4 kB at 67 kB/s)
[INFO] Downloading from central: https://repo.maven.apache.org/maven2/io/micronaut/gcp/micronaut-gcp-bom/4.1.1/micronaut-gcp-bom-4.1.1.pom
[INFO] Downloaded from central: https://repo.maven.apache.org/maven2/io/micronaut/gcp/micronaut-gcp-bom/4.1.1/micronaut-gcp-bom-4.1.1.pom (4.4 kB at 121 kB/s)
[INFO] Downloading from central: https://repo.maven.apache.org/maven2/io/micronaut/groovy/micronaut-groovy-bom/3.1.0/micronaut-groovy-bom-3.1.0.pom
[INFO] Downloaded from central: https://repo.maven.apache.org/maven2/io/micronaut/groovy/micronaut-groovy-bom/3.1.0/micronaut-groovy-bom-3.1.0.pom (3.6 kB at 94 kB/s)
[INFO] Downloading from central: https://repo.maven.apache.org/maven2/io/micronaut/kotlin/micronaut-kotlin-bom/3.2.2/micronaut-kotlin-bom-3.2.2.pom
[INFO] Downloaded from central: https://repo.maven.apache.org/maven2/io/micronaut/kotlin/micronaut-kotlin-bom/3.2.2/micronaut-kotlin-bom-3.2.2.pom (2.4 kB at 69 kB/s)
[INFO] Downloading from central: https://repo.maven.apache.org/maven2/io/micronaut/kubernetes/micronaut-kubernetes-bom/3.4.0/micronaut-kubernetes-bom-3.4.0.pom
[INFO] Downloaded from central: https://repo.maven.apache.org/maven2/io/micronaut/kubernetes/micronaut-kubernetes-bom/3.4.0/micronaut-kubernetes-bom-3.4.0.pom (3.6 kB at 117 kB/s)
[INFO] Downloading from central: https://repo.maven.apache.org/maven2/io/micronaut/micrometer/micronaut-micrometer-bom/4.2.1/micronaut-micrometer-bom-4.2.1.pom
[INFO] Downloaded from central: https://repo.maven.apache.org/maven2/io/micronaut/micrometer/micronaut-micrometer-bom/4.2.1/micronaut-micrometer-bom-4.2.1.pom (6.6 kB at 221 kB/s)
[INFO] Downloading from central: https://repo.maven.apache.org/maven2/io/micronaut/mongodb/micronaut-mongo-bom/4.1.0/micronaut-mongo-bom-4.1.0.pom
[INFO] Downloaded from central: https://repo.maven.apache.org/maven2/io/micronaut/mongodb/micronaut-mongo-bom/4.1.0/micronaut-mongo-bom-4.1.0.pom (3.0 kB at 94 kB/s)
[INFO] Downloading from central: https://repo.maven.apache.org/maven2/io/micronaut/mqtt/micronaut-mqtt-bom/2.1.1/micronaut-mqtt-bom-2.1.1.pom
[INFO] Downloaded from central: https://repo.maven.apache.org/maven2/io/micronaut/mqtt/micronaut-mqtt-bom/2.1.1/micronaut-mqtt-bom-2.1.1.pom (2.8 kB at 81 kB/s)
[INFO] Downloading from central: https://repo.maven.apache.org/maven2/io/micronaut/oraclecloud/micronaut-oraclecloud-bom/2.1.3/micronaut-oraclecloud-bom-2.1.3.pom
[INFO] Downloaded from central: https://repo.maven.apache.org/maven2/io/micronaut/oraclecloud/micronaut-oraclecloud-bom/2.1.3/micronaut-oraclecloud-bom-2.1.3.pom (21 kB at 596 kB/s)
[INFO] Downloading from central: https://repo.maven.apache.org/maven2/io/micronaut/problem/micronaut-problem-json-bom/2.2.3/micronaut-problem-json-bom-2.2.3.pom
[INFO] Downloaded from central: https://repo.maven.apache.org/maven2/io/micronaut/problem/micronaut-problem-json-bom/2.2.3/micronaut-problem-json-bom-2.2.3.pom (2.2 kB at 59 kB/s)
[INFO] Downloading from central: https://repo.maven.apache.org/maven2/io/micronaut/r2dbc/micronaut-r2dbc-bom/2.1.0/micronaut-r2dbc-bom-2.1.0.pom
[INFO] Downloaded from central: https://repo.maven.apache.org/maven2/io/micronaut/r2dbc/micronaut-r2dbc-bom/2.1.0/micronaut-r2dbc-bom-2.1.0.pom (2.5 kB at 60 kB/s)
[INFO] Downloading from central: https://repo.maven.apache.org/maven2/io/r2dbc/r2dbc-bom/Arabba-SR11/r2dbc-bom-Arabba-SR11.pom
[INFO] Downloaded from central: https://repo.maven.apache.org/maven2/io/r2dbc/r2dbc-bom/Arabba-SR11/r2dbc-bom-Arabba-SR11.pom (4.3 kB at 96 kB/s)
[INFO] Downloading from central: https://repo.maven.apache.org/maven2/io/micronaut/reactor/micronaut-reactor-bom/2.2.2/micronaut-reactor-bom-2.2.2.pom
[INFO] Downloaded from central: https://repo.maven.apache.org/maven2/io/micronaut/reactor/micronaut-reactor-bom/2.2.2/micronaut-reactor-bom-2.2.2.pom (2.3 kB at 63 kB/s)
[INFO] Downloading from central: https://repo.maven.apache.org/maven2/io/micronaut/redis/micronaut-redis-bom/5.2.0/micronaut-redis-bom-5.2.0.pom
[INFO] Downloaded from central: https://repo.maven.apache.org/maven2/io/micronaut/redis/micronaut-redis-bom/5.2.0/micronaut-redis-bom-5.2.0.pom (2.1 kB at 57 kB/s)
[INFO] Downloading from central: https://repo.maven.apache.org/maven2/io/micronaut/rxjava2/micronaut-rxjava2-bom/1.2.1/micronaut-rxjava2-bom-1.2.1.pom
[INFO] Downloaded from central: https://repo.maven.apache.org/maven2/io/micronaut/rxjava2/micronaut-rxjava2-bom/1.2.1/micronaut-rxjava2-bom-1.2.1.pom (2.5 kB at 65 kB/s)
[INFO] Downloading from central: https://repo.maven.apache.org/maven2/io/micronaut/rxjava3/micronaut-rxjava3-bom/2.2.1/micronaut-rxjava3-bom-2.2.1.pom
[INFO] Downloaded from central: https://repo.maven.apache.org/maven2/io/micronaut/rxjava3/micronaut-rxjava3-bom/2.2.1/micronaut-rxjava3-bom-2.2.1.pom (2.3 kB at 59 kB/s)
[INFO] Downloading from central: https://repo.maven.apache.org/maven2/io/micronaut/security/micronaut-security-bom/3.5.0/micronaut-security-bom-3.5.0.pom
[INFO] Downloaded from central: https://repo.maven.apache.org/maven2/io/micronaut/security/micronaut-security-bom/3.5.0/micronaut-security-bom-3.5.0.pom (3.2 kB at 85 kB/s)
[INFO] Downloading from central: https://repo.maven.apache.org/maven2/io/micronaut/serde/micronaut-serde-bom/1.0.1/micronaut-serde-bom-1.0.1.pom
[INFO] Downloaded from central: https://repo.maven.apache.org/maven2/io/micronaut/serde/micronaut-serde-bom/1.0.1/micronaut-serde-bom-1.0.1.pom (3.5 kB at 89 kB/s)
[INFO] Downloading from central: https://repo.maven.apache.org/maven2/io/micronaut/servlet/micronaut-servlet-bom/3.2.2/micronaut-servlet-bom-3.2.2.pom
[INFO] Downloaded from central: https://repo.maven.apache.org/maven2/io/micronaut/servlet/micronaut-servlet-bom/3.2.2/micronaut-servlet-bom-3.2.2.pom (3.0 kB at 76 kB/s)
[INFO] Downloading from central: https://repo.maven.apache.org/maven2/io/micronaut/sql/micronaut-sql-bom/4.2.3/micronaut-sql-bom-4.2.3.pom
[INFO] Downloaded from central: https://repo.maven.apache.org/maven2/io/micronaut/sql/micronaut-sql-bom/4.2.3/micronaut-sql-bom-4.2.3.pom (7.3 kB at 198 kB/s)
[INFO] Downloading from central: https://repo.maven.apache.org/maven2/org/jdbi/jdbi3-bom/3.20.1/jdbi3-bom-3.20.1.pom
[INFO] Downloaded from central: https://repo.maven.apache.org/maven2/org/jdbi/jdbi3-bom/3.20.1/jdbi3-bom-3.20.1.pom (7.3 kB at 192 kB/s)
[INFO] Downloading from central: https://repo.maven.apache.org/maven2/io/micronaut/test/micronaut-test-bom/3.1.1/micronaut-test-bom-3.1.1.pom
[INFO] Downloaded from central: https://repo.maven.apache.org/maven2/io/micronaut/test/micronaut-test-bom/3.1.1/micronaut-test-bom-3.1.1.pom (4.0 kB at 123 kB/s)
[INFO] Downloading from central: https://repo.maven.apache.org/maven2/org/spockframework/spock-bom/2.0-groovy-3.0/spock-bom-2.0-groovy-3.0.pom
[INFO] Downloaded from central: https://repo.maven.apache.org/maven2/org/spockframework/spock-bom/2.0-groovy-3.0/spock-bom-2.0-groovy-3.0.pom (2.7 kB at 83 kB/s)
[INFO] Downloading from central: https://repo.maven.apache.org/maven2/io/micronaut/tracing/micronaut-tracing-bom/4.1.1/micronaut-tracing-bom-4.1.1.pom
[INFO] Downloaded from central: https://repo.maven.apache.org/maven2/io/micronaut/tracing/micronaut-tracing-bom/4.1.1/micronaut-tracing-bom-4.1.1.pom (2.3 kB at 65 kB/s)
[INFO] Downloading from central: https://repo.maven.apache.org/maven2/io/micronaut/views/micronaut-views-bom/3.2.0/micronaut-views-bom-3.2.0.pom
[INFO] Downloaded from central: https://repo.maven.apache.org/maven2/io/micronaut/views/micronaut-views-bom/3.2.0/micronaut-views-bom-3.2.0.pom (4.6 kB at 108 kB/s)
[INFO] Downloading from central: https://repo.maven.apache.org/maven2/com/google/protobuf/protobuf-bom/3.17.2/protobuf-bom-3.17.2.pom
[INFO] Downloaded from central: https://repo.maven.apache.org/maven2/com/google/protobuf/protobuf-bom/3.17.2/protobuf-bom-3.17.2.pom (3.5 kB at 75 kB/s)
[INFO] Downloading from central: https://repo.maven.apache.org/maven2/io/micronaut/test/micronaut-test-core/3.3.0/micronaut-test-core-3.3.0.pom
[INFO] Downloaded from central: https://repo.maven.apache.org/maven2/io/micronaut/test/micronaut-test-core/3.3.0/micronaut-test-core-3.3.0.pom (2.2 kB at 35 kB/s)
[INFO] Downloading from central: https://repo.maven.apache.org/maven2/io/micronaut/micronaut-http-client/3.4.1/micronaut-http-client-3.4.1.pom
[INFO] Downloaded from central: https://repo.maven.apache.org/maven2/io/micronaut/micronaut-http-client/3.4.1/micronaut-http-client-3.4.1.pom (2.8 kB at 13 kB/s)
[INFO] Downloading from central: https://repo.maven.apache.org/maven2/io/micronaut/micronaut-http-netty/3.4.1/micronaut-http-netty-3.4.1.pom
[INFO] Downloaded from central: https://repo.maven.apache.org/maven2/io/micronaut/micronaut-http-netty/3.4.1/micronaut-http-netty-3.4.1.pom (3.0 kB at 11 kB/s)
[INFO] Downloading from central: https://repo.maven.apache.org/maven2/io/micronaut/micronaut-buffer-netty/3.4.1/micronaut-buffer-netty-3.4.1.pom
[INFO] Downloaded from central: https://repo.maven.apache.org/maven2/io/micronaut/micronaut-buffer-netty/3.4.1/micronaut-buffer-netty-3.4.1.pom (2.2 kB at 9.7 kB/s)
[INFO] Downloading from central: https://repo.maven.apache.org/maven2/io/netty/netty-buffer/4.1.70.Final/netty-buffer-4.1.70.Final.pom
[INFO] Downloaded from central: https://repo.maven.apache.org/maven2/io/netty/netty-buffer/4.1.70.Final/netty-buffer-4.1.70.Final.pom (1.6 kB at 43 kB/s)
[INFO] Downloading from central: https://repo.maven.apache.org/maven2/io/netty/netty-parent/4.1.70.Final/netty-parent-4.1.70.Final.pom
[INFO] Downloaded from central: https://repo.maven.apache.org/maven2/io/netty/netty-parent/4.1.70.Final/netty-parent-4.1.70.Final.pom (69 kB at 1.7 MB/s)
[INFO] Downloading from central: https://repo.maven.apache.org/maven2/io/netty/netty-common/4.1.70.Final/netty-common-4.1.70.Final.pom
[INFO] Downloaded from central: https://repo.maven.apache.org/maven2/io/netty/netty-common/4.1.70.Final/netty-common-4.1.70.Final.pom (12 kB at 368 kB/s)
[INFO] Downloading from central: https://repo.maven.apache.org/maven2/io/netty/netty-codec-http/4.1.70.Final/netty-codec-http-4.1.70.Final.pom
[INFO] Downloaded from central: https://repo.maven.apache.org/maven2/io/netty/netty-codec-http/4.1.70.Final/netty-codec-http-4.1.70.Final.pom (3.3 kB at 87 kB/s)
[INFO] Downloading from central: https://repo.maven.apache.org/maven2/io/netty/netty-transport/4.1.70.Final/netty-transport-4.1.70.Final.pom
[INFO] Downloaded from central: https://repo.maven.apache.org/maven2/io/netty/netty-transport/4.1.70.Final/netty-transport-4.1.70.Final.pom (1.9 kB at 58 kB/s)
[INFO] Downloading from central: https://repo.maven.apache.org/maven2/io/netty/netty-resolver/4.1.70.Final/netty-resolver-4.1.70.Final.pom
[INFO] Downloaded from central: https://repo.maven.apache.org/maven2/io/netty/netty-resolver/4.1.70.Final/netty-resolver-4.1.70.Final.pom (1.6 kB at 43 kB/s)
[INFO] Downloading from central: https://repo.maven.apache.org/maven2/io/netty/netty-codec/4.1.70.Final/netty-codec-4.1.70.Final.pom
[INFO] Downloaded from central: https://repo.maven.apache.org/maven2/io/netty/netty-codec/4.1.70.Final/netty-codec-4.1.70.Final.pom (4.4 kB at 119 kB/s)
[INFO] Downloading from central: https://repo.maven.apache.org/maven2/io/netty/netty-handler/4.1.70.Final/netty-handler-4.1.70.Final.pom
[INFO] Downloaded from central: https://repo.maven.apache.org/maven2/io/netty/netty-handler/4.1.70.Final/netty-handler-4.1.70.Final.pom (3.6 kB at 115 kB/s)
[INFO] Downloading from central: https://repo.maven.apache.org/maven2/io/netty/netty-codec-http2/4.1.70.Final/netty-codec-http2-4.1.70.Final.pom
[INFO] Downloaded from central: https://repo.maven.apache.org/maven2/io/netty/netty-codec-http2/4.1.70.Final/netty-codec-http2-4.1.70.Final.pom (3.6 kB at 119 kB/s)
[INFO] Downloading from central: https://repo.maven.apache.org/maven2/io/netty/netty-handler-proxy/4.1.70.Final/netty-handler-proxy-4.1.70.Final.pom
[INFO] Downloaded from central: https://repo.maven.apache.org/maven2/io/netty/netty-handler-proxy/4.1.70.Final/netty-handler-proxy-4.1.70.Final.pom (2.8 kB at 85 kB/s)
[INFO] Downloading from central: https://repo.maven.apache.org/maven2/io/netty/netty-codec-socks/4.1.70.Final/netty-codec-socks-4.1.70.Final.pom
[INFO] Downloaded from central: https://repo.maven.apache.org/maven2/io/netty/netty-codec-socks/4.1.70.Final/netty-codec-socks-4.1.70.Final.pom (2.0 kB at 62 kB/s)
[INFO] Downloading from central: https://repo.maven.apache.org/maven2/io/micronaut/micronaut-http-server-netty/3.4.1/micronaut-http-server-netty-3.4.1.pom
[INFO] Downloaded from central: https://repo.maven.apache.org/maven2/io/micronaut/micronaut-http-server-netty/3.4.1/micronaut-http-server-netty-3.4.1.pom (2.6 kB at 12 kB/s)
[INFO] Downloading from central: https://repo.maven.apache.org/maven2/io/micronaut/micronaut-http/3.4.1/micronaut-http-3.4.1.jar
[INFO] Downloading from central: https://repo.maven.apache.org/maven2/io/micronaut/micronaut-inject/3.4.1/micronaut-inject-3.4.1.jar
[INFO] Downloading from central: https://repo.maven.apache.org/maven2/io/micronaut/micronaut-core-reactive/3.4.1/micronaut-core-reactive-3.4.1.jar
[INFO] Downloading from central: https://repo.maven.apache.org/maven2/io/micronaut/micronaut-http-server/3.4.1/micronaut-http-server-3.4.1.jar
[INFO] Downloading from central: https://repo.maven.apache.org/maven2/io/projectreactor/reactor-core/3.4.14/reactor-core-3.4.14.jar
[INFO] Downloaded from central: https://repo.maven.apache.org/maven2/io/projectreactor/reactor-core/3.4.14/reactor-core-3.4.14.jar (1.7 MB at 17 MB/s)
[INFO] Downloading from central: https://repo.maven.apache.org/maven2/io/micronaut/micronaut-websocket/3.4.1/micronaut-websocket-3.4.1.jar
[INFO] Downloaded from central: https://repo.maven.apache.org/maven2/io/micronaut/micronaut-http-server/3.4.1/micronaut-http-server-3.4.1.jar (221 kB at 1.1 MB/s)
[INFO] Downloaded from central: https://repo.maven.apache.org/maven2/io/micronaut/micronaut-core-reactive/3.4.1/micronaut-core-reactive-3.4.1.jar (44 kB at 219 kB/s)
[INFO] Downloading from central: https://repo.maven.apache.org/maven2/io/micronaut/micronaut-runtime/3.4.1/micronaut-runtime-3.4.1.jar
[INFO] Downloading from central: https://repo.maven.apache.org/maven2/io/micronaut/micronaut-aop/3.4.1/micronaut-aop-3.4.1.jar
[INFO] Downloaded from central: https://repo.maven.apache.org/maven2/io/micronaut/micronaut-inject/3.4.1/micronaut-inject-3.4.1.jar (950 kB at 4.4 MB/s)
[INFO] Downloading from central: https://repo.maven.apache.org/maven2/io/micronaut/micronaut-context/3.4.1/micronaut-context-3.4.1.jar
[INFO] Downloaded from central: https://repo.maven.apache.org/maven2/io/micronaut/micronaut-http/3.4.1/micronaut-http-3.4.1.jar (359 kB at 1.1 MB/s)
[INFO] Downloading from central: https://repo.maven.apache.org/maven2/io/micronaut/micronaut-jackson-databind/3.4.1/micronaut-jackson-databind-3.4.1.jar
[INFO] Downloaded from central: https://repo.maven.apache.org/maven2/io/micronaut/micronaut-websocket/3.4.1/micronaut-websocket-3.4.1.jar (38 kB at 111 kB/s)
[INFO] Downloading from central: https://repo.maven.apache.org/maven2/io/micronaut/micronaut-jackson-core/3.4.1/micronaut-jackson-core-3.4.1.jar
[INFO] Downloaded from central: https://repo.maven.apache.org/maven2/io/micronaut/micronaut-runtime/3.4.1/micronaut-runtime-3.4.1.jar (184 kB at 463 kB/s)
[INFO] Downloading from central: https://repo.maven.apache.org/maven2/io/micronaut/micronaut-json-core/3.4.1/micronaut-json-core-3.4.1.jar
[INFO] Downloaded from central: https://repo.maven.apache.org/maven2/io/micronaut/micronaut-aop/3.4.1/micronaut-aop-3.4.1.jar (88 kB at 207 kB/s)
[INFO] Downloading from central: https://repo.maven.apache.org/maven2/com/fasterxml/jackson/datatype/jackson-datatype-jdk8/2.13.1/jackson-datatype-jdk8-2.13.1.jar
[INFO] Downloaded from central: https://repo.maven.apache.org/maven2/com/fasterxml/jackson/datatype/jackson-datatype-jdk8/2.13.1/jackson-datatype-jdk8-2.13.1.jar (35 kB at 75 kB/s)
[INFO] Downloading from central: https://repo.maven.apache.org/maven2/com/fasterxml/jackson/datatype/jackson-datatype-jsr310/2.13.1/jackson-datatype-jsr310-2.13.1.jar
[INFO] Downloaded from central: https://repo.maven.apache.org/maven2/com/fasterxml/jackson/datatype/jackson-datatype-jsr310/2.13.1/jackson-datatype-jsr310-2.13.1.jar (121 kB at 243 kB/s)
[INFO] Downloading from central: https://repo.maven.apache.org/maven2/io/micronaut/micronaut-router/3.4.1/micronaut-router-3.4.1.jar
[INFO] Downloaded from central: https://repo.maven.apache.org/maven2/io/micronaut/micronaut-context/3.4.1/micronaut-context-3.4.1.jar (221 kB at 433 kB/s)
[INFO] Downloading from central: https://repo.maven.apache.org/maven2/com/typesafe/config/1.4.1/config-1.4.1.jar
[INFO] Downloaded from central: https://repo.maven.apache.org/maven2/com/typesafe/config/1.4.1/config-1.4.1.jar (295 kB at 536 kB/s)
[INFO] Downloading from central: https://repo.maven.apache.org/maven2/io/micronaut/test/micronaut-test-junit5/3.3.0/micronaut-test-junit5-3.3.0.jar
[INFO] Downloaded from central: https://repo.maven.apache.org/maven2/io/micronaut/micronaut-jackson-databind/3.4.1/micronaut-jackson-databind-3.4.1.jar (143 kB at 240 kB/s)
[INFO] Downloading from central: https://repo.maven.apache.org/maven2/io/micronaut/test/micronaut-test-core/3.3.0/micronaut-test-core-3.3.0.jar
[INFO] Downloaded from central: https://repo.maven.apache.org/maven2/io/micronaut/micronaut-jackson-core/3.4.1/micronaut-jackson-core-3.4.1.jar (38 kB at 64 kB/s)
[INFO] Downloading from central: https://repo.maven.apache.org/maven2/io/micronaut/micronaut-http-client/3.4.1/micronaut-http-client-3.4.1.jar
[INFO] Downloaded from central: https://repo.maven.apache.org/maven2/io/micronaut/micronaut-json-core/3.4.1/micronaut-json-core-3.4.1.jar (51 kB at 83 kB/s)
[INFO] Downloading from central: https://repo.maven.apache.org/maven2/io/micronaut/micronaut-http-client-core/3.4.1/micronaut-http-client-core-3.4.1.jar
[INFO] Downloaded from central: https://repo.maven.apache.org/maven2/io/micronaut/test/micronaut-test-junit5/3.3.0/micronaut-test-junit5-3.3.0.jar (13 kB at 21 kB/s)
[INFO] Downloading from central: https://repo.maven.apache.org/maven2/io/micronaut/micronaut-http-netty/3.4.1/micronaut-http-netty-3.4.1.jar
[INFO] Downloaded from central: https://repo.maven.apache.org/maven2/io/micronaut/test/micronaut-test-core/3.3.0/micronaut-test-core-3.3.0.jar (36 kB at 55 kB/s)
[INFO] Downloading from central: https://repo.maven.apache.org/maven2/io/micronaut/micronaut-buffer-netty/3.4.1/micronaut-buffer-netty-3.4.1.jar
[INFO] Downloaded from central: https://repo.maven.apache.org/maven2/io/micronaut/micronaut-router/3.4.1/micronaut-router-3.4.1.jar (181 kB at 267 kB/s)
[INFO] Downloading from central: https://repo.maven.apache.org/maven2/io/netty/netty-codec-http2/4.1.70.Final/netty-codec-http2-4.1.70.Final.jar
[INFO] Downloaded from central: https://repo.maven.apache.org/maven2/io/netty/netty-codec-http2/4.1.70.Final/netty-codec-http2-4.1.70.Final.jar (471 kB at 656 kB/s)
[INFO] Downloading from central: https://repo.maven.apache.org/maven2/io/netty/netty-handler/4.1.70.Final/netty-handler-4.1.70.Final.jar
[INFO] Downloaded from central: https://repo.maven.apache.org/maven2/io/netty/netty-handler/4.1.70.Final/netty-handler-4.1.70.Final.jar (523 kB at 694 kB/s)
[INFO] Downloading from central: https://repo.maven.apache.org/maven2/io/netty/netty-resolver/4.1.70.Final/netty-resolver-4.1.70.Final.jar
[INFO] Downloaded from central: https://repo.maven.apache.org/maven2/io/netty/netty-resolver/4.1.70.Final/netty-resolver-4.1.70.Final.jar (37 kB at 47 kB/s)
[INFO] Downloading from central: https://repo.maven.apache.org/maven2/io/netty/netty-handler-proxy/4.1.70.Final/netty-handler-proxy-4.1.70.Final.jar
[INFO] Downloaded from central: https://repo.maven.apache.org/maven2/io/micronaut/micronaut-http-client-core/3.4.1/micronaut-http-client-core-3.4.1.jar (189 kB at 237 kB/s)
[INFO] Downloading from central: https://repo.maven.apache.org/maven2/io/netty/netty-common/4.1.70.Final/netty-common-4.1.70.Final.jar
[INFO] Downloaded from central: https://repo.maven.apache.org/maven2/io/netty/netty-handler-proxy/4.1.70.Final/netty-handler-proxy-4.1.70.Final.jar (24 kB at 29 kB/s)
[INFO] Downloading from central: https://repo.maven.apache.org/maven2/io/netty/netty-buffer/4.1.70.Final/netty-buffer-4.1.70.Final.jar
[INFO] Downloaded from central: https://repo.maven.apache.org/maven2/io/micronaut/micronaut-http-netty/3.4.1/micronaut-http-netty-3.4.1.jar (194 kB at 231 kB/s)
[INFO] Downloading from central: https://repo.maven.apache.org/maven2/io/netty/netty-transport/4.1.70.Final/netty-transport-4.1.70.Final.jar
[INFO] Downloaded from central: https://repo.maven.apache.org/maven2/io/netty/netty-common/4.1.70.Final/netty-common-4.1.70.Final.jar (653 kB at 777 kB/s)
[INFO] Downloading from central: https://repo.maven.apache.org/maven2/io/netty/netty-codec/4.1.70.Final/netty-codec-4.1.70.Final.jar
[INFO] Downloaded from central: https://repo.maven.apache.org/maven2/io/netty/netty-buffer/4.1.70.Final/netty-buffer-4.1.70.Final.jar (302 kB at 354 kB/s)
[INFO] Downloading from central: https://repo.maven.apache.org/maven2/io/netty/netty-codec-socks/4.1.70.Final/netty-codec-socks-4.1.70.Final.jar
[INFO] Downloaded from central: https://repo.maven.apache.org/maven2/io/netty/netty-transport/4.1.70.Final/netty-transport-4.1.70.Final.jar (481 kB at 549 kB/s)
[INFO] Downloading from central: https://repo.maven.apache.org/maven2/io/micronaut/micronaut-http-server-netty/3.4.1/micronaut-http-server-netty-3.4.1.jar
[INFO] Downloaded from central: https://repo.maven.apache.org/maven2/io/netty/netty-codec/4.1.70.Final/netty-codec-4.1.70.Final.jar (337 kB at 384 kB/s)
[INFO] Downloading from central: https://repo.maven.apache.org/maven2/io/micronaut/micronaut-core/3.4.1/micronaut-core-3.4.1.jar
[INFO] Downloaded from central: https://repo.maven.apache.org/maven2/io/netty/netty-codec-socks/4.1.70.Final/netty-codec-socks-4.1.70.Final.jar (119 kB at 134 kB/s)
[INFO] Downloading from central: https://repo.maven.apache.org/maven2/io/netty/netty-codec-http/4.1.70.Final/netty-codec-http-4.1.70.Final.jar
[INFO] Downloaded from central: https://repo.maven.apache.org/maven2/io/micronaut/micronaut-http-client/3.4.1/micronaut-http-client-3.4.1.jar (155 kB at 169 kB/s)
[INFO] Downloaded from central: https://repo.maven.apache.org/maven2/io/micronaut/micronaut-buffer-netty/3.4.1/micronaut-buffer-netty-3.4.1.jar (19 kB at 20 kB/s)
[INFO] Downloaded from central: https://repo.maven.apache.org/maven2/io/netty/netty-codec-http/4.1.70.Final/netty-codec-http-4.1.70.Final.jar (635 kB at 683 kB/s)
[INFO] Downloaded from central: https://repo.maven.apache.org/maven2/io/micronaut/micronaut-http-server-netty/3.4.1/micronaut-http-server-netty-3.4.1.jar (409 kB at 365 kB/s)
[INFO] Downloaded from central: https://repo.maven.apache.org/maven2/io/micronaut/micronaut-core/3.4.1/micronaut-core-3.4.1.jar (1.6 MB at 1.4 MB/s)
[INFO] 
[INFO] --- maven-clean-plugin:3.1.0:clean (default-clean) @ ignite-configuration ---
[INFO] 
[INFO] --- flatten-maven-plugin:1.2.2:clean (flatten.clean.before) @ ignite-configuration ---
[INFO] 
[INFO] --- build-helper-maven-plugin:3.2.0:add-test-source (add-test-source) @ ignite-configuration ---
[INFO] Test Source directory: /home/srafi/after-cam-ready/compare_/compile_repair_output/work/a18505f443aa/modules/configuration/src/integrationTest/java added.
[INFO] 
[INFO] --- build-helper-maven-plugin:3.2.0:add-test-resource (add-test-resource) @ ignite-configuration ---
[INFO] 
[INFO] --- maven-remote-resources-plugin:1.7.0:process (process-resource-bundles) @ ignite-configuration ---
[INFO] Preparing remote bundle org.apache:apache-jar-resource-bundle:1.4
[INFO] Copying 3 resources from 1 bundle.
[INFO] 
[INFO] --- maven-resources-plugin:3.2.0:resources (default-resources) @ ignite-configuration ---
[INFO] Using 'UTF-8' encoding to copy filtered resources.
[INFO] Using 'UTF-8' encoding to copy filtered properties files.
[INFO] skip non existing resourceDirectory /home/srafi/after-cam-ready/compare_/compile_repair_output/work/a18505f443aa/modules/configuration/src/main/resources
[INFO] Copying 3 resources
[INFO] 
[INFO] --- flatten-maven-plugin:1.2.2:flatten (flatten) @ ignite-configuration ---
[INFO] Generating flattened POM of project org.apache.ignite:ignite-configuration:jar:3.0.0-SNAPSHOT...
[INFO] 
[INFO] --- maven-compiler-plugin:3.8.1:compile (default-compile) @ ignite-configuration ---
[INFO] Downloading from central: https://repo.maven.apache.org/maven2/io/micronaut/micronaut-inject-java/3.4.1/micronaut-inject-java-3.4.1.pom
[INFO] Downloaded from central: https://repo.maven.apache.org/maven2/io/micronaut/micronaut-inject-java/3.4.1/micronaut-inject-java-3.4.1.pom (2.1 kB at 8.3 kB/s)
[INFO] Downloading from central: https://repo.maven.apache.org/maven2/io/micronaut/micronaut-inject-java/3.4.1/micronaut-inject-java-3.4.1.jar
[INFO] Downloaded from central: https://repo.maven.apache.org/maven2/io/micronaut/micronaut-inject-java/3.4.1/micronaut-inject-java-3.4.1.jar (220 kB at 674 kB/s)
[INFO] Changes detected - recompiling the module!
[INFO] Compiling 78 source files to /home/srafi/after-cam-ready/compare_/compile_repair_output/work/a18505f443aa/modules/configuration/target/classes
[INFO] /home/srafi/after-cam-ready/compare_/compile_repair_output/work/a18505f443aa/modules/configuration/src/main/java/org/apache/ignite/internal/configuration/tree/ConverterToMapVisitor.java: Some input files use unchecked or unsafe operations.
[INFO] /home/srafi/after-cam-ready/compare_/compile_repair_output/work/a18505f443aa/modules/configuration/src/main/java/org/apache/ignite/internal/configuration/tree/ConverterToMapVisitor.java: Recompile with -Xlint:unchecked for details.
[INFO] 
[INFO] --- maven-resources-plugin:3.2.0:testResources (default-testResources) @ ignite-configuration ---
[INFO] Using 'UTF-8' encoding to copy filtered resources.
[INFO] Using 'UTF-8' encoding to copy filtered properties files.
[INFO] skip non existing resourceDirectory /home/srafi/after-cam-ready/compare_/compile_repair_output/work/a18505f443aa/modules/configuration/src/test/resources
[INFO] skip non existing resourceDirectory /home/srafi/after-cam-ready/compare_/compile_repair_output/work/a18505f443aa/modules/configuration/src/integrationTest/resources
[INFO] Copying 3 resources
[INFO] 
[INFO] --- maven-compiler-plugin:3.8.1:testCompile (default-testCompile) @ ignite-configuration ---
[INFO] Changes detected - recompiling the module!
[INFO] Compiling 48 source files to /home/srafi/after-cam-ready/compare_/compile_repair_output/work/a18505f443aa/modules/configuration/target/test-classes
[INFO] /home/srafi/after-cam-ready/compare_/compile_repair_output/work/a18505f443aa/modules/configuration/src/test/java/org/apache/ignite/internal/configuration/util/ConfigurationUtilTest.java: Some input files use unchecked or unsafe operations.
[INFO] /home/srafi/after-cam-ready/compare_/compile_repair_output/work/a18505f443aa/modules/configuration/src/test/java/org/apache/ignite/internal/configuration/util/ConfigurationUtilTest.java: Recompile with -Xlint:unchecked for details.
[INFO] 
[INFO] --- modernizer-maven-plugin:2.3.0:modernizer (modernizer) @ ignite-configuration ---
[INFO] Skipping modernizer execution!
[INFO] 
[INFO] --- maven-surefire-plugin:3.0.0-M8-SNAPSHOT:test (default-test) @ ignite-configuration ---
[INFO] Tests are skipped.
[INFO] 
[INFO] --- maven-jar-plugin:3.2.0:jar (default-jar) @ ignite-configuration ---
[INFO] Building jar: /home/srafi/after-cam-ready/compare_/compile_repair_output/work/a18505f443aa/modules/configuration/target/ignite-configuration-3.0.0-SNAPSHOT.jar
[INFO] 
[INFO] --- maven-site-plugin:3.7.1:attach-descriptor (attach-descriptor) @ ignite-configuration ---
[INFO] Skipping because packaging 'jar' is not pom.
[INFO] 
[INFO] --- maven-dependency-plugin:3.2.0:purge-local-repository (purge-local-repository) @ ignite-configuration ---
[INFO] Deleting 1 manual dependency from /home/srafi/.m2/repository
[INFO] 
[INFO] --- maven-jar-plugin:3.2.0:test-jar (default-testJar) @ ignite-configuration ---
[INFO] Building jar: /home/srafi/after-cam-ready/compare_/compile_repair_output/work/a18505f443aa/modules/configuration/target/ignite-configuration-3.0.0-SNAPSHOT-tests.jar
[INFO] 
[INFO] --- maven-failsafe-plugin:3.0.0-M8-SNAPSHOT:integration-test (default) @ ignite-configuration ---
[INFO] Tests are skipped.
[INFO] 
[INFO] --- maven-failsafe-plugin:3.0.0-M8-SNAPSHOT:verify (default) @ ignite-configuration ---
[INFO] Tests are skipped.
[INFO] 
[INFO] --- maven-install-plugin:2.5.2:install (default-install) @ ignite-configuration ---
[INFO] Installing /home/srafi/after-cam-ready/compare_/compile_repair_output/work/a18505f443aa/modules/configuration/target/ignite-configuration-3.0.0-SNAPSHOT.jar to /home/srafi/.m2/repository/org/apache/ignite/ignite-configuration/3.0.0-SNAPSHOT/ignite-configuration-3.0.0-SNAPSHOT.jar
[INFO] Installing /home/srafi/after-cam-ready/compare_/compile_repair_output/work/a18505f443aa/modules/configuration/.flattened-pom.xml to /home/srafi/.m2/repository/org/apache/ignite/ignite-configuration/3.0.0-SNAPSHOT/ignite-configuration-3.0.0-SNAPSHOT.pom
[INFO] Installing /home/srafi/after-cam-ready/compare_/compile_repair_output/work/a18505f443aa/modules/configuration/target/ignite-configuration-3.0.0-SNAPSHOT-tests.jar to /home/srafi/.m2/repository/org/apache/ignite/ignite-configuration/3.0.0-SNAPSHOT/ignite-configuration-3.0.0-SNAPSHOT-tests.jar
[INFO] 
[INFO] ----------------< org.apache.ignite:ignite-network-api >----------------
[INFO] Building ignite-network-api 3.0.0-SNAPSHOT                        [8/40]
[INFO] --------------------------------[ jar ]---------------------------------
[INFO] 
[INFO] --- maven-clean-plugin:3.1.0:clean (default-clean) @ ignite-network-api ---
[INFO] 
[INFO] --- flatten-maven-plugin:1.2.2:clean (flatten.clean.before) @ ignite-network-api ---
[INFO] 
[INFO] --- build-helper-maven-plugin:3.2.0:add-test-source (add-test-source) @ ignite-network-api ---
[INFO] Test Source directory: /home/srafi/after-cam-ready/compare_/compile_repair_output/work/a18505f443aa/modules/network-api/src/integrationTest/java added.
[INFO] 
[INFO] --- build-helper-maven-plugin:3.2.0:add-test-resource (add-test-resource) @ ignite-network-api ---
[INFO] 
[INFO] --- maven-remote-resources-plugin:1.7.0:process (process-resource-bundles) @ ignite-network-api ---
[INFO] Preparing remote bundle org.apache:apache-jar-resource-bundle:1.4
[INFO] Copying 3 resources from 1 bundle.
[INFO] 
[INFO] --- maven-resources-plugin:3.2.0:resources (default-resources) @ ignite-network-api ---
[INFO] Using 'UTF-8' encoding to copy filtered resources.
[INFO] Using 'UTF-8' encoding to copy filtered properties files.
[INFO] skip non existing resourceDirectory /home/srafi/after-cam-ready/compare_/compile_repair_output/work/a18505f443aa/modules/network-api/src/main/resources
[INFO] Copying 3 resources
[INFO] 
[INFO] --- flatten-maven-plugin:1.2.2:flatten (flatten) @ ignite-network-api ---
[INFO] Generating flattened POM of project org.apache.ignite:ignite-network-api:jar:3.0.0-SNAPSHOT...
[INFO] 
[INFO] --- maven-compiler-plugin:3.8.1:compile (default-compile) @ ignite-network-api ---
[INFO] Changes detected - recompiling the module!
[INFO] Compiling 25 source files to /home/srafi/after-cam-ready/compare_/compile_repair_output/work/a18505f443aa/modules/network-api/target/classes
[INFO] 
[INFO] --- maven-resources-plugin:3.2.0:testResources (default-testResources) @ ignite-network-api ---
[INFO] Using 'UTF-8' encoding to copy filtered resources.
[INFO] Using 'UTF-8' encoding to copy filtered properties files.
[INFO] skip non existing resourceDirectory /home/srafi/after-cam-ready/compare_/compile_repair_output/work/a18505f443aa/modules/network-api/src/test/resources
[INFO] skip non existing resourceDirectory /home/srafi/after-cam-ready/compare_/compile_repair_output/work/a18505f443aa/modules/network-api/src/integrationTest/resources
[INFO] Copying 3 resources
[INFO] 
[INFO] --- maven-compiler-plugin:3.8.1:testCompile (default-testCompile) @ ignite-network-api ---
[INFO] Changes detected - recompiling the module!
[INFO] Compiling 1 source file to /home/srafi/after-cam-ready/compare_/compile_repair_output/work/a18505f443aa/modules/network-api/target/test-classes
[INFO] 
[INFO] --- modernizer-maven-plugin:2.3.0:modernizer (modernizer) @ ignite-network-api ---
[INFO] Skipping modernizer execution!
[INFO] 
[INFO] --- maven-surefire-plugin:3.0.0-M8-SNAPSHOT:test (default-test) @ ignite-network-api ---
[INFO] Tests are skipped.
[INFO] 
[INFO] --- maven-jar-plugin:3.2.0:jar (default-jar) @ ignite-network-api ---
[INFO] Building jar: /home/srafi/after-cam-ready/compare_/compile_repair_output/work/a18505f443aa/modules/network-api/target/ignite-network-api-3.0.0-SNAPSHOT.jar
[INFO] 
[INFO] --- maven-site-plugin:3.7.1:attach-descriptor (attach-descriptor) @ ignite-network-api ---
[INFO] Skipping because packaging 'jar' is not pom.
[INFO] 
[INFO] --- maven-dependency-plugin:3.2.0:purge-local-repository (purge-local-repository) @ ignite-network-api ---
[INFO] Deleting 1 manual dependency from /home/srafi/.m2/repository
[INFO] 
[INFO] --- maven-failsafe-plugin:3.0.0-M8-SNAPSHOT:integration-test (default) @ ignite-network-api ---
[INFO] Tests are skipped.
[INFO] 
[INFO] --- maven-failsafe-plugin:3.0.0-M8-SNAPSHOT:verify (default) @ ignite-network-api ---
[INFO] Tests are skipped.
[INFO] 
[INFO] --- maven-install-plugin:2.5.2:install (default-install) @ ignite-network-api ---
[INFO] Installing /home/srafi/after-cam-ready/compare_/compile_repair_output/work/a18505f443aa/modules/network-api/target/ignite-network-api-3.0.0-SNAPSHOT.jar to /home/srafi/.m2/repository/org/apache/ignite/ignite-network-api/3.0.0-SNAPSHOT/ignite-network-api-3.0.0-SNAPSHOT.jar
[INFO] Installing /home/srafi/after-cam-ready/compare_/compile_repair_output/work/a18505f443aa/modules/network-api/.flattened-pom.xml to /home/srafi/.m2/repository/org/apache/ignite/ignite-network-api/3.0.0-SNAPSHOT/ignite-network-api-3.0.0-SNAPSHOT.pom
[INFO] 
[INFO] -------< org.apache.ignite:ignite-network-annotation-processor >--------
[INFO] Building ignite-network-annotation-processor 3.0.0-SNAPSHOT       [9/40]
[INFO] --------------------------------[ jar ]---------------------------------
[INFO] 
[INFO] --- maven-clean-plugin:3.1.0:clean (default-clean) @ ignite-network-annotation-processor ---
[INFO] 
[INFO] --- flatten-maven-plugin:1.2.2:clean (flatten.clean.before) @ ignite-network-annotation-processor ---
[INFO] 
[INFO] --- build-helper-maven-plugin:3.2.0:add-test-source (add-test-source) @ ignite-network-annotation-processor ---
[INFO] Test Source directory: /home/srafi/after-cam-ready/compare_/compile_repair_output/work/a18505f443aa/modules/network-annotation-processor/src/integrationTest/java added.
[INFO] 
[INFO] --- build-helper-maven-plugin:3.2.0:add-test-resource (add-test-resource) @ ignite-network-annotation-processor ---
[INFO] 
[INFO] --- maven-remote-resources-plugin:1.7.0:process (process-resource-bundles) @ ignite-network-annotation-processor ---
[INFO] Preparing remote bundle org.apache:apache-jar-resource-bundle:1.4
[INFO] Copying 3 resources from 1 bundle.
[INFO] 
[INFO] --- maven-resources-plugin:3.2.0:resources (default-resources) @ ignite-network-annotation-processor ---
[INFO] Using 'UTF-8' encoding to copy filtered resources.
[INFO] Using 'UTF-8' encoding to copy filtered properties files.
[INFO] Copying 1 resource
[INFO] Copying 3 resources
[INFO] 
[INFO] --- flatten-maven-plugin:1.2.2:flatten (flatten) @ ignite-network-annotation-processor ---
[INFO] Generating flattened POM of project org.apache.ignite:ignite-network-annotation-processor:jar:3.0.0-SNAPSHOT...
[INFO] 
[INFO] --- maven-compiler-plugin:3.8.1:compile (default-compile) @ ignite-network-annotation-processor ---
[INFO] Changes detected - recompiling the module!
[INFO] Compiling 17 source files to /home/srafi/after-cam-ready/compare_/compile_repair_output/work/a18505f443aa/modules/network-annotation-processor/target/classes
[INFO] 
[INFO] --- maven-compiler-plugin:3.8.1:compile (compile-project) @ ignite-network-annotation-processor ---
[INFO] Changes detected - recompiling the module!
[INFO] Compiling 17 source files to /home/srafi/after-cam-ready/compare_/compile_repair_output/work/a18505f443aa/modules/network-annotation-processor/target/classes
[INFO] 
[INFO] --- maven-resources-plugin:3.2.0:testResources (default-testResources) @ ignite-network-annotation-processor ---
[INFO] Using 'UTF-8' encoding to copy filtered resources.
[INFO] Using 'UTF-8' encoding to copy filtered properties files.
[INFO] skip non existing resourceDirectory /home/srafi/after-cam-ready/compare_/compile_repair_output/work/a18505f443aa/modules/network-annotation-processor/src/test/resources
[INFO] skip non existing resourceDirectory /home/srafi/after-cam-ready/compare_/compile_repair_output/work/a18505f443aa/modules/network-annotation-processor/src/integrationTest/resources
[INFO] Copying 3 resources
[INFO] 
[INFO] --- maven-compiler-plugin:3.8.1:testCompile (default-testCompile) @ ignite-network-annotation-processor ---
[INFO] No sources to compile
[INFO] 
[INFO] --- modernizer-maven-plugin:2.3.0:modernizer (modernizer) @ ignite-network-annotation-processor ---
[INFO] Skipping modernizer execution!
[INFO] 
[INFO] --- maven-surefire-plugin:3.0.0-M8-SNAPSHOT:test (default-test) @ ignite-network-annotation-processor ---
[INFO] Tests are skipped.
[INFO] 
[INFO] --- maven-jar-plugin:3.2.0:jar (default-jar) @ ignite-network-annotation-processor ---
[INFO] Building jar: /home/srafi/after-cam-ready/compare_/compile_repair_output/work/a18505f443aa/modules/network-annotation-processor/target/ignite-network-annotation-processor-3.0.0-SNAPSHOT.jar
[INFO] 
[INFO] --- maven-site-plugin:3.7.1:attach-descriptor (attach-descriptor) @ ignite-network-annotation-processor ---
[INFO] Skipping because packaging 'jar' is not pom.
[INFO] 
[INFO] --- maven-dependency-plugin:3.2.0:purge-local-repository (purge-local-repository) @ ignite-network-annotation-processor ---
[INFO] Deleting 1 manual dependency from /home/srafi/.m2/repository
[INFO] 
[INFO] --- maven-failsafe-plugin:3.0.0-M8-SNAPSHOT:integration-test (default) @ ignite-network-annotation-processor ---
[INFO] Tests are skipped.
[INFO] 
[INFO] --- maven-failsafe-plugin:3.0.0-M8-SNAPSHOT:verify (default) @ ignite-network-annotation-processor ---
[INFO] Tests are skipped.
[INFO] 
[INFO] --- maven-install-plugin:2.5.2:install (default-install) @ ignite-network-annotation-processor ---
[INFO] Installing /home/srafi/after-cam-ready/compare_/compile_repair_output/work/a18505f443aa/modules/network-annotation-processor/target/ignite-network-annotation-processor-3.0.0-SNAPSHOT.jar to /home/srafi/.m2/repository/org/apache/ignite/ignite-network-annotation-processor/3.0.0-SNAPSHOT/ignite-network-annotation-processor-3.0.0-SNAPSHOT.jar
[INFO] Installing /home/srafi/after-cam-ready/compare_/compile_repair_output/work/a18505f443aa/modules/network-annotation-processor/.flattened-pom.xml to /home/srafi/.m2/repository/org/apache/ignite/ignite-network-annotation-processor/3.0.0-SNAPSHOT/ignite-network-annotation-processor-3.0.0-SNAPSHOT.pom
[INFO] 
[INFO] ----------------< org.apache.ignite:ignite-raft-client >----------------
[INFO] Building ignite-raft-client 3.0.0-SNAPSHOT                       [10/40]
[INFO] --------------------------------[ jar ]---------------------------------
[INFO] Downloading from central: https://repo.maven.apache.org/maven2/org/mockito/mockito-junit-jupiter/4.3.1/mockito-junit-jupiter-4.3.1.pom
[INFO] Downloaded from central: https://repo.maven.apache.org/maven2/org/mockito/mockito-junit-jupiter/4.3.1/mockito-junit-jupiter-4.3.1.pom (2.3 kB at 55 kB/s)
[INFO] Downloading from central: https://repo.maven.apache.org/maven2/org/mockito/mockito-junit-jupiter/4.3.1/mockito-junit-jupiter-4.3.1.jar
[INFO] Downloaded from central: https://repo.maven.apache.org/maven2/org/mockito/mockito-junit-jupiter/4.3.1/mockito-junit-jupiter-4.3.1.jar (5.4 kB at 143 kB/s)
[INFO] 
[INFO] --- maven-clean-plugin:3.1.0:clean (default-clean) @ ignite-raft-client ---
[INFO] 
[INFO] --- flatten-maven-plugin:1.2.2:clean (flatten.clean.before) @ ignite-raft-client ---
[INFO] 
[INFO] --- build-helper-maven-plugin:3.2.0:add-test-source (add-test-source) @ ignite-raft-client ---
[INFO] Test Source directory: /home/srafi/after-cam-ready/compare_/compile_repair_output/work/a18505f443aa/modules/raft-client/src/integrationTest/java added.
[INFO] 
[INFO] --- build-helper-maven-plugin:3.2.0:add-test-resource (add-test-resource) @ ignite-raft-client ---
[INFO] 
[INFO] --- maven-remote-resources-plugin:1.7.0:process (process-resource-bundles) @ ignite-raft-client ---
[INFO] Preparing remote bundle org.apache:apache-jar-resource-bundle:1.4
[INFO] Copying 3 resources from 1 bundle.
[INFO] 
[INFO] --- maven-resources-plugin:3.2.0:resources (default-resources) @ ignite-raft-client ---
[INFO] Using 'UTF-8' encoding to copy filtered resources.
[INFO] Using 'UTF-8' encoding to copy filtered properties files.
[INFO] skip non existing resourceDirectory /home/srafi/after-cam-ready/compare_/compile_repair_output/work/a18505f443aa/modules/raft-client/src/main/resources
[INFO] Copying 3 resources
[INFO] 
[INFO] --- flatten-maven-plugin:1.2.2:flatten (flatten) @ ignite-raft-client ---
[INFO] Generating flattened POM of project org.apache.ignite:ignite-raft-client:jar:3.0.0-SNAPSHOT...
[INFO] 
[INFO] --- maven-compiler-plugin:3.8.1:compile (default-compile) @ ignite-raft-client ---
[INFO] Changes detected - recompiling the module!
[INFO] Compiling 8 source files to /home/srafi/after-cam-ready/compare_/compile_repair_output/work/a18505f443aa/modules/raft-client/target/classes
[INFO] 
[INFO] --- maven-resources-plugin:3.2.0:testResources (default-testResources) @ ignite-raft-client ---
[INFO] Using 'UTF-8' encoding to copy filtered resources.
[INFO] Using 'UTF-8' encoding to copy filtered properties files.
[INFO] skip non existing resourceDirectory /home/srafi/after-cam-ready/compare_/compile_repair_output/work/a18505f443aa/modules/raft-client/src/test/resources
[INFO] skip non existing resourceDirectory /home/srafi/after-cam-ready/compare_/compile_repair_output/work/a18505f443aa/modules/raft-client/src/integrationTest/resources
[INFO] Copying 3 resources
[INFO] 
[INFO] --- maven-compiler-plugin:3.8.1:testCompile (default-testCompile) @ ignite-raft-client ---
[INFO] No sources to compile
[INFO] 
[INFO] --- modernizer-maven-plugin:2.3.0:modernizer (modernizer) @ ignite-raft-client ---
[INFO] Skipping modernizer execution!
[INFO] 
[INFO] --- maven-surefire-plugin:3.0.0-M8-SNAPSHOT:test (default-test) @ ignite-raft-client ---
[INFO] Tests are skipped.
[INFO] 
[INFO] --- maven-jar-plugin:3.2.0:jar (default-jar) @ ignite-raft-client ---
[INFO] Building jar: /home/srafi/after-cam-ready/compare_/compile_repair_output/work/a18505f443aa/modules/raft-client/target/ignite-raft-client-3.0.0-SNAPSHOT.jar
[INFO] 
[INFO] --- maven-site-plugin:3.7.1:attach-descriptor (attach-descriptor) @ ignite-raft-client ---
[INFO] Skipping because packaging 'jar' is not pom.
[INFO] 
[INFO] --- maven-dependency-plugin:3.2.0:purge-local-repository (purge-local-repository) @ ignite-raft-client ---
[INFO] Deleting 1 manual dependency from /home/srafi/.m2/repository
[INFO] 
[INFO] --- maven-failsafe-plugin:3.0.0-M8-SNAPSHOT:integration-test (default) @ ignite-raft-client ---
[INFO] Tests are skipped.
[INFO] 
[INFO] --- maven-failsafe-plugin:3.0.0-M8-SNAPSHOT:verify (default) @ ignite-raft-client ---
[INFO] Tests are skipped.
[INFO] 
[INFO] --- maven-install-plugin:2.5.2:install (default-install) @ ignite-raft-client ---
[INFO] Installing /home/srafi/after-cam-ready/compare_/compile_repair_output/work/a18505f443aa/modules/raft-client/target/ignite-raft-client-3.0.0-SNAPSHOT.jar to /home/srafi/.m2/repository/org/apache/ignite/ignite-raft-client/3.0.0-SNAPSHOT/ignite-raft-client-3.0.0-SNAPSHOT.jar
[INFO] Installing /home/srafi/after-cam-ready/compare_/compile_repair_output/work/a18505f443aa/modules/raft-client/.flattened-pom.xml to /home/srafi/.m2/repository/org/apache/ignite/ignite-raft-client/3.0.0-SNAPSHOT/ignite-raft-client-3.0.0-SNAPSHOT.pom
[INFO] 
[INFO] ------------------< org.apache.ignite:ignite-network >------------------
[INFO] Building ignite-network 3.0.0-SNAPSHOT                           [11/40]
[INFO] --------------------------------[ jar ]---------------------------------
[INFO] Downloading from central: https://repo.maven.apache.org/maven2/io/scalecube/scalecube-cluster/2.6.12/scalecube-cluster-2.6.12.pom
[INFO] Downloaded from central: https://repo.maven.apache.org/maven2/io/scalecube/scalecube-cluster/2.6.12/scalecube-cluster-2.6.12.pom (1.8 kB at 15 kB/s)
[INFO] Downloading from central: https://repo.maven.apache.org/maven2/io/scalecube/scalecube-cluster-parent/2.6.12/scalecube-cluster-parent-2.6.12.pom
[INFO] Downloaded from central: https://repo.maven.apache.org/maven2/io/scalecube/scalecube-cluster-parent/2.6.12/scalecube-cluster-parent-2.6.12.pom (5.4 kB at 46 kB/s)
[INFO] Downloading from central: https://repo.maven.apache.org/maven2/io/scalecube/scalecube-parent-pom/0.2.19/scalecube-parent-pom-0.2.19.pom
[INFO] Downloaded from central: https://repo.maven.apache.org/maven2/io/scalecube/scalecube-parent-pom/0.2.19/scalecube-parent-pom-0.2.19.pom (16 kB at 118 kB/s)
[INFO] Downloading from central: https://repo.maven.apache.org/maven2/org/apache/logging/log4j/log4j-bom/2.13.2/log4j-bom-2.13.2.pom
[INFO] Downloaded from central: https://repo.maven.apache.org/maven2/org/apache/logging/log4j/log4j-bom/2.13.2/log4j-bom-2.13.2.pom (7.6 kB at 150 kB/s)
[INFO] Downloading from central: https://repo.maven.apache.org/maven2/io/projectreactor/reactor-bom/2020.0.10/reactor-bom-2020.0.10.pom
[INFO] Downloaded from central: https://repo.maven.apache.org/maven2/io/projectreactor/reactor-bom/2020.0.10/reactor-bom-2020.0.10.pom (4.2 kB at 96 kB/s)
[INFO] Downloading from central: https://repo.maven.apache.org/maven2/io/scalecube/scalecube-commons/1.0.18/scalecube-commons-1.0.18.pom
[INFO] Downloaded from central: https://repo.maven.apache.org/maven2/io/scalecube/scalecube-commons/1.0.18/scalecube-commons-1.0.18.pom (2.8 kB at 22 kB/s)
[INFO] Downloading from central: https://repo.maven.apache.org/maven2/io/scalecube/scalecube-transport-api/2.6.12/scalecube-transport-api-2.6.12.pom
[INFO] Downloaded from central: https://repo.maven.apache.org/maven2/io/scalecube/scalecube-transport-api/2.6.12/scalecube-transport-api-2.6.12.pom (693 B at 5.7 kB/s)
[INFO] Downloading from central: https://repo.maven.apache.org/maven2/io/scalecube/scalecube-transport-parent/2.6.12/scalecube-transport-parent-2.6.12.pom
[INFO] Downloaded from central: https://repo.maven.apache.org/maven2/io/scalecube/scalecube-transport-parent/2.6.12/scalecube-transport-parent-2.6.12.pom (1.3 kB at 10 kB/s)
[INFO] Downloading from central: https://repo.maven.apache.org/maven2/io/scalecube/scalecube-cluster-api/2.6.12/scalecube-cluster-api-2.6.12.pom
[INFO] Downloaded from central: https://repo.maven.apache.org/maven2/io/scalecube/scalecube-cluster-api/2.6.12/scalecube-cluster-api-2.6.12.pom (859 B at 7.0 kB/s)
[INFO] Downloading from central: https://repo.maven.apache.org/maven2/org/openjdk/jmh/jmh-core/1.35/jmh-core-1.35.pom
[INFO] Downloaded from central: https://repo.maven.apache.org/maven2/org/openjdk/jmh/jmh-core/1.35/jmh-core-1.35.pom (9.6 kB at 196 kB/s)
[INFO] Downloading from central: https://repo.maven.apache.org/maven2/org/openjdk/jmh/jmh-parent/1.35/jmh-parent-1.35.pom
[INFO] Downloaded from central: https://repo.maven.apache.org/maven2/org/openjdk/jmh/jmh-parent/1.35/jmh-parent-1.35.pom (11 kB at 235 kB/s)
[INFO] Downloading from central: https://repo.maven.apache.org/maven2/org/openjdk/jmh/jmh-generator-annprocess/1.35/jmh-generator-annprocess-1.35.pom
[INFO] Downloaded from central: https://repo.maven.apache.org/maven2/org/openjdk/jmh/jmh-generator-annprocess/1.35/jmh-generator-annprocess-1.35.pom (3.8 kB at 89 kB/s)
[INFO] Downloading from central: https://repo.maven.apache.org/maven2/io/github/classgraph/classgraph/4.8.110/classgraph-4.8.110.pom
[INFO] Downloaded from central: https://repo.maven.apache.org/maven2/io/github/classgraph/classgraph/4.8.110/classgraph-4.8.110.pom (28 kB at 219 kB/s)
[INFO] Downloading from central: https://repo.maven.apache.org/maven2/io/scalecube/scalecube-cluster/2.6.12/scalecube-cluster-2.6.12.jar
[INFO] Downloading from central: https://repo.maven.apache.org/maven2/io/scalecube/scalecube-commons/1.0.18/scalecube-commons-1.0.18.jar
[INFO] Downloading from central: https://repo.maven.apache.org/maven2/io/scalecube/scalecube-transport-api/2.6.12/scalecube-transport-api-2.6.12.jar
[INFO] Downloading from central: https://repo.maven.apache.org/maven2/org/openjdk/jmh/jmh-core/1.35/jmh-core-1.35.jar
[INFO] Downloading from central: https://repo.maven.apache.org/maven2/io/scalecube/scalecube-cluster-api/2.6.12/scalecube-cluster-api-2.6.12.jar
[INFO] Downloaded from central: https://repo.maven.apache.org/maven2/org/openjdk/jmh/jmh-core/1.35/jmh-core-1.35.jar (541 kB at 13 MB/s)
[INFO] Downloading from central: https://repo.maven.apache.org/maven2/org/openjdk/jmh/jmh-generator-annprocess/1.35/jmh-generator-annprocess-1.35.jar
[INFO] Downloaded from central: https://repo.maven.apache.org/maven2/org/openjdk/jmh/jmh-generator-annprocess/1.35/jmh-generator-annprocess-1.35.jar (31 kB at 428 kB/s)
[INFO] Downloading from central: https://repo.maven.apache.org/maven2/io/github/classgraph/classgraph/4.8.110/classgraph-4.8.110.jar
[INFO] Downloaded from central: https://repo.maven.apache.org/maven2/io/scalecube/scalecube-cluster-api/2.6.12/scalecube-cluster-api-2.6.12.jar (19 kB at 183 kB/s)
[INFO] Downloaded from central: https://repo.maven.apache.org/maven2/io/scalecube/scalecube-transport-api/2.6.12/scalecube-transport-api-2.6.12.jar (12 kB at 106 kB/s)
[INFO] Downloaded from central: https://repo.maven.apache.org/maven2/io/scalecube/scalecube-commons/1.0.18/scalecube-commons-1.0.18.jar (12 kB at 98 kB/s)
[INFO] Downloaded from central: https://repo.maven.apache.org/maven2/io/scalecube/scalecube-cluster/2.6.12/scalecube-cluster-2.6.12.jar (78 kB at 537 kB/s)
[INFO] Downloaded from central: https://repo.maven.apache.org/maven2/io/github/classgraph/classgraph/4.8.110/classgraph-4.8.110.jar (535 kB at 2.8 MB/s)
[INFO] 
[INFO] --- maven-clean-plugin:3.1.0:clean (default-clean) @ ignite-network ---
[INFO] 
[INFO] --- flatten-maven-plugin:1.2.2:clean (flatten.clean.before) @ ignite-network ---
[INFO] 
[INFO] --- build-helper-maven-plugin:3.2.0:add-test-source (add-test-source) @ ignite-network ---
[INFO] Test Source directory: /home/srafi/after-cam-ready/compare_/compile_repair_output/work/a18505f443aa/modules/network/src/integrationTest/java added.
[INFO] 
[INFO] --- build-helper-maven-plugin:3.2.0:add-test-resource (add-test-resource) @ ignite-network ---
[INFO] 
[INFO] --- maven-remote-resources-plugin:1.7.0:process (process-resource-bundles) @ ignite-network ---
[INFO] Preparing remote bundle org.apache:apache-jar-resource-bundle:1.4
[INFO] Copying 3 resources from 1 bundle.
[INFO] 
[INFO] --- maven-resources-plugin:3.2.0:resources (default-resources) @ ignite-network ---
[INFO] Using 'UTF-8' encoding to copy filtered resources.
[INFO] Using 'UTF-8' encoding to copy filtered properties files.
[INFO] skip non existing resourceDirectory /home/srafi/after-cam-ready/compare_/compile_repair_output/work/a18505f443aa/modules/network/src/main/resources
[INFO] Copying 3 resources
[INFO] 
[INFO] --- flatten-maven-plugin:1.2.2:flatten (flatten) @ ignite-network ---
[INFO] Generating flattened POM of project org.apache.ignite:ignite-network:jar:3.0.0-SNAPSHOT...
[INFO] 
[INFO] --- maven-compiler-plugin:3.8.1:compile (default-compile) @ ignite-network ---
[INFO] Changes detected - recompiling the module!
[INFO] Compiling 136 source files to /home/srafi/after-cam-ready/compare_/compile_repair_output/work/a18505f443aa/modules/network/target/classes
[INFO] /home/srafi/after-cam-ready/compare_/compile_repair_output/work/a18505f443aa/modules/network/src/main/java/org/apache/ignite/internal/network/serialization/marshal/UosObjectOutputStream.java: Some input files use or override a deprecated API.
[INFO] /home/srafi/after-cam-ready/compare_/compile_repair_output/work/a18505f443aa/modules/network/src/main/java/org/apache/ignite/internal/network/serialization/marshal/UosObjectOutputStream.java: Recompile with -Xlint:deprecation for details.
[INFO] /home/srafi/after-cam-ready/compare_/compile_repair_output/work/a18505f443aa/modules/network/src/main/java/org/apache/ignite/internal/network/serialization/ClassDescriptorFactory.java: Some input files use unchecked or unsafe operations.
[INFO] /home/srafi/after-cam-ready/compare_/compile_repair_output/work/a18505f443aa/modules/network/src/main/java/org/apache/ignite/internal/network/serialization/ClassDescriptorFactory.java: Recompile with -Xlint:unchecked for details.
[INFO] 
[INFO] --- maven-resources-plugin:3.2.0:testResources (default-testResources) @ ignite-network ---
[INFO] Using 'UTF-8' encoding to copy filtered resources.
[INFO] Using 'UTF-8' encoding to copy filtered properties files.
[INFO] skip non existing resourceDirectory /home/srafi/after-cam-ready/compare_/compile_repair_output/work/a18505f443aa/modules/network/src/test/resources
[INFO] Copying 11 resources
[INFO] Copying 3 resources
[INFO] 
[INFO] --- maven-compiler-plugin:3.8.1:testCompile (default-testCompile) @ ignite-network ---
[INFO] Changes detected - recompiling the module!
[INFO] Compiling 71 source files to /home/srafi/after-cam-ready/compare_/compile_repair_output/work/a18505f443aa/modules/network/target/test-classes
[INFO] /home/srafi/after-cam-ready/compare_/compile_repair_output/work/a18505f443aa/modules/network/src/test/java/org/apache/ignite/internal/network/serialization/marshal/DefaultUserObjectMarshallerWithSerializableTest.java: /home/srafi/after-cam-ready/compare_/compile_repair_output/work/a18505f443aa/modules/network/src/test/java/org/apache/ignite/internal/network/serialization/marshal/DefaultUserObjectMarshallerWithSerializableTest.java uses or overrides a deprecated API.
[INFO] /home/srafi/after-cam-ready/compare_/compile_repair_output/work/a18505f443aa/modules/network/src/test/java/org/apache/ignite/internal/network/serialization/marshal/DefaultUserObjectMarshallerWithSerializableTest.java: Recompile with -Xlint:deprecation for details.
[INFO] /home/srafi/after-cam-ready/compare_/compile_repair_output/work/a18505f443aa/modules/network/src/test/java/org/apache/ignite/network/AbstractMessagingServiceTest.java: Some input files use unchecked or unsafe operations.
[INFO] /home/srafi/after-cam-ready/compare_/compile_repair_output/work/a18505f443aa/modules/network/src/test/java/org/apache/ignite/network/AbstractMessagingServiceTest.java: Recompile with -Xlint:unchecked for details.
[INFO] 
[INFO] --- modernizer-maven-plugin:2.3.0:modernizer (modernizer) @ ignite-network ---
[INFO] Skipping modernizer execution!
[INFO] 
[INFO] --- maven-surefire-plugin:3.0.0-M8-SNAPSHOT:test (default-test) @ ignite-network ---
[INFO] Tests are skipped.
[INFO] 
[INFO] --- maven-jar-plugin:3.2.0:jar (default-jar) @ ignite-network ---
[INFO] Building jar: /home/srafi/after-cam-ready/compare_/compile_repair_output/work/a18505f443aa/modules/network/target/ignite-network-3.0.0-SNAPSHOT.jar
[INFO] 
[INFO] --- maven-site-plugin:3.7.1:attach-descriptor (attach-descriptor) @ ignite-network ---
[INFO] Skipping because packaging 'jar' is not pom.
[INFO] 
[INFO] --- maven-dependency-plugin:3.2.0:purge-local-repository (purge-local-repository) @ ignite-network ---
[INFO] Deleting 1 manual dependency from /home/srafi/.m2/repository
[INFO] 
[INFO] --- maven-jar-plugin:3.2.0:test-jar (default-testJar) @ ignite-network ---
[INFO] Building jar: /home/srafi/after-cam-ready/compare_/compile_repair_output/work/a18505f443aa/modules/network/target/ignite-network-3.0.0-SNAPSHOT-tests.jar
[INFO] 
[INFO] --- maven-failsafe-plugin:3.0.0-M8-SNAPSHOT:integration-test (default) @ ignite-network ---
[INFO] Tests are skipped.
[INFO] 
[INFO] --- maven-failsafe-plugin:3.0.0-M8-SNAPSHOT:verify (default) @ ignite-network ---
[INFO] Tests are skipped.
[INFO] 
[INFO] --- maven-install-plugin:2.5.2:install (default-install) @ ignite-network ---
[INFO] Installing /home/srafi/after-cam-ready/compare_/compile_repair_output/work/a18505f443aa/modules/network/target/ignite-network-3.0.0-SNAPSHOT.jar to /home/srafi/.m2/repository/org/apache/ignite/ignite-network/3.0.0-SNAPSHOT/ignite-network-3.0.0-SNAPSHOT.jar
[INFO] Installing /home/srafi/after-cam-ready/compare_/compile_repair_output/work/a18505f443aa/modules/network/.flattened-pom.xml to /home/srafi/.m2/repository/org/apache/ignite/ignite-network/3.0.0-SNAPSHOT/ignite-network-3.0.0-SNAPSHOT.pom
[INFO] Installing /home/srafi/after-cam-ready/compare_/compile_repair_output/work/a18505f443aa/modules/network/target/ignite-network-3.0.0-SNAPSHOT-tests.jar to /home/srafi/.m2/repository/org/apache/ignite/ignite-network/3.0.0-SNAPSHOT/ignite-network-3.0.0-SNAPSHOT-tests.jar
[INFO] 
[INFO] -------------------< org.apache.ignite:ignite-raft >--------------------
[INFO] Building ignite-raft 3.0.0-SNAPSHOT                              [12/40]
[INFO] --------------------------------[ jar ]---------------------------------
[INFO] Downloading from central: https://repo.maven.apache.org/maven2/org/rocksdb/rocksdbjni/6.20.3/rocksdbjni-6.20.3.pom
[INFO] Downloaded from central: https://repo.maven.apache.org/maven2/org/rocksdb/rocksdbjni/6.20.3/rocksdbjni-6.20.3.pom (7.4 kB at 205 kB/s)
[INFO] Downloading from central: https://repo.maven.apache.org/maven2/io/dropwizard/metrics/metrics-core/4.0.2/metrics-core-4.0.2.pom
[INFO] Downloaded from central: https://repo.maven.apache.org/maven2/io/dropwizard/metrics/metrics-core/4.0.2/metrics-core-4.0.2.pom (846 B at 25 kB/s)
[INFO] Downloading from central: https://repo.maven.apache.org/maven2/io/dropwizard/metrics/metrics-parent/4.0.2/metrics-parent-4.0.2.pom
[INFO] Downloaded from central: https://repo.maven.apache.org/maven2/io/dropwizard/metrics/metrics-parent/4.0.2/metrics-parent-4.0.2.pom (13 kB at 400 kB/s)
[INFO] Downloading from central: https://repo.maven.apache.org/maven2/org/jctools/jctools-core/3.3.0/jctools-core-3.3.0.pom
[INFO] Downloaded from central: https://repo.maven.apache.org/maven2/org/jctools/jctools-core/3.3.0/jctools-core-3.3.0.pom (5.0 kB at 153 kB/s)
[INFO] Downloading from central: https://repo.maven.apache.org/maven2/org/rocksdb/rocksdbjni/6.20.3/rocksdbjni-6.20.3.jar
[INFO] Downloading from central: https://repo.maven.apache.org/maven2/io/dropwizard/metrics/metrics-core/4.0.2/metrics-core-4.0.2.jar
[INFO] Downloading from central: https://repo.maven.apache.org/maven2/org/jctools/jctools-core/3.3.0/jctools-core-3.3.0.jar
[INFO] Downloaded from central: https://repo.maven.apache.org/maven2/org/jctools/jctools-core/3.3.0/jctools-core-3.3.0.jar (336 kB at 8.2 MB/s)
[INFO] Downloaded from central: https://repo.maven.apache.org/maven2/io/dropwizard/metrics/metrics-core/4.0.2/metrics-core-4.0.2.jar (98 kB at 2.0 MB/s)
[INFO] Downloaded from central: https://repo.maven.apache.org/maven2/org/rocksdb/rocksdbjni/6.20.3/rocksdbjni-6.20.3.jar (36 MB at 99 MB/s)
[INFO] 
[INFO] --- maven-clean-plugin:3.1.0:clean (default-clean) @ ignite-raft ---
[INFO] 
[INFO] --- flatten-maven-plugin:1.2.2:clean (flatten.clean.before) @ ignite-raft ---
[INFO] 
[INFO] --- build-helper-maven-plugin:3.2.0:add-test-source (add-test-source) @ ignite-raft ---
[INFO] Test Source directory: /home/srafi/after-cam-ready/compare_/compile_repair_output/work/a18505f443aa/modules/raft/src/integrationTest/java added.
[INFO] 
[INFO] --- build-helper-maven-plugin:3.2.0:add-test-resource (add-test-resource) @ ignite-raft ---
[INFO] 
[INFO] --- maven-remote-resources-plugin:1.7.0:process (process-resource-bundles) @ ignite-raft ---
[INFO] Preparing remote bundle org.apache:apache-jar-resource-bundle:1.4
[INFO] Copying 3 resources from 1 bundle.
[INFO] 
[INFO] --- maven-resources-plugin:3.2.0:resources (default-resources) @ ignite-raft ---
[INFO] Using 'UTF-8' encoding to copy filtered resources.
[INFO] Using 'UTF-8' encoding to copy filtered properties files.
[INFO] skip non existing resourceDirectory /home/srafi/after-cam-ready/compare_/compile_repair_output/work/a18505f443aa/modules/raft/src/main/resources
[INFO] Copying 3 resources
[INFO] 
[INFO] --- flatten-maven-plugin:1.2.2:flatten (flatten) @ ignite-raft ---
[INFO] Generating flattened POM of project org.apache.ignite:ignite-raft:jar:3.0.0-SNAPSHOT...
[INFO] 
[INFO] --- maven-compiler-plugin:3.8.1:compile (default-compile) @ ignite-raft ---
[INFO] Changes detected - recompiling the module!
[INFO] Compiling 275 source files to /home/srafi/after-cam-ready/compare_/compile_repair_output/work/a18505f443aa/modules/raft/target/classes
[INFO] /home/srafi/after-cam-ready/compare_/compile_repair_output/work/a18505f443aa/modules/raft/src/main/java/org/apache/ignite/raft/jraft/storage/impl/RocksDBLogStorage.java: Some input files use or override a deprecated API.
[INFO] /home/srafi/after-cam-ready/compare_/compile_repair_output/work/a18505f443aa/modules/raft/src/main/java/org/apache/ignite/raft/jraft/storage/impl/RocksDBLogStorage.java: Recompile with -Xlint:deprecation for details.
[INFO] /home/srafi/after-cam-ready/compare_/compile_repair_output/work/a18505f443aa/modules/raft/src/main/java/org/apache/ignite/raft/jraft/util/Recyclers.java: Some input files use unchecked or unsafe operations.
[INFO] /home/srafi/after-cam-ready/compare_/compile_repair_output/work/a18505f443aa/modules/raft/src/main/java/org/apache/ignite/raft/jraft/util/Recyclers.java: Recompile with -Xlint:unchecked for details.
[INFO] 
[INFO] --- maven-resources-plugin:3.2.0:testResources (default-testResources) @ ignite-raft ---
[INFO] Using 'UTF-8' encoding to copy filtered resources.
[INFO] Using 'UTF-8' encoding to copy filtered properties files.
[INFO] skip non existing resourceDirectory /home/srafi/after-cam-ready/compare_/compile_repair_output/work/a18505f443aa/modules/raft/src/test/resources
[INFO] skip non existing resourceDirectory /home/srafi/after-cam-ready/compare_/compile_repair_output/work/a18505f443aa/modules/raft/src/integrationTest/resources
[INFO] Copying 3 resources
[INFO] 
[INFO] --- maven-compiler-plugin:3.8.1:testCompile (default-testCompile) @ ignite-raft ---
[INFO] Changes detected - recompiling the module!
[INFO] Compiling 120 source files to /home/srafi/after-cam-ready/compare_/compile_repair_output/work/a18505f443aa/modules/raft/target/test-classes
[INFO] /home/srafi/after-cam-ready/compare_/compile_repair_output/work/a18505f443aa/modules/raft/src/test/java/org/apache/ignite/raft/jraft/storage/impl/BaseLogStorageTest.java: Some input files use or override a deprecated API.
[INFO] /home/srafi/after-cam-ready/compare_/compile_repair_output/work/a18505f443aa/modules/raft/src/test/java/org/apache/ignite/raft/jraft/storage/impl/BaseLogStorageTest.java: Recompile with -Xlint:deprecation for details.
[INFO] /home/srafi/after-cam-ready/compare_/compile_repair_output/work/a18505f443aa/modules/raft/src/test/java/org/apache/ignite/raft/jraft/storage/SnapshotExecutorTest.java: Some input files use unchecked or unsafe operations.
[INFO] /home/srafi/after-cam-ready/compare_/compile_repair_output/work/a18505f443aa/modules/raft/src/test/java/org/apache/ignite/raft/jraft/storage/SnapshotExecutorTest.java: Recompile with -Xlint:unchecked for details.
[INFO] 
[INFO] --- modernizer-maven-plugin:2.3.0:modernizer (modernizer) @ ignite-raft ---
[INFO] Skipping modernizer execution!
[INFO] 
[INFO] --- maven-surefire-plugin:3.0.0-M8-SNAPSHOT:test (default-test) @ ignite-raft ---
[INFO] Tests are skipped.
[INFO] 
[INFO] --- maven-jar-plugin:3.2.0:jar (default-jar) @ ignite-raft ---
[INFO] Building jar: /home/srafi/after-cam-ready/compare_/compile_repair_output/work/a18505f443aa/modules/raft/target/ignite-raft-3.0.0-SNAPSHOT.jar
[INFO] 
[INFO] --- maven-site-plugin:3.7.1:attach-descriptor (attach-descriptor) @ ignite-raft ---
[INFO] Skipping because packaging 'jar' is not pom.
[INFO] 
[INFO] --- maven-dependency-plugin:3.2.0:purge-local-repository (purge-local-repository) @ ignite-raft ---
[INFO] Deleting 1 manual dependency from /home/srafi/.m2/repository
[INFO] 
[INFO] --- maven-jar-plugin:3.2.0:test-jar (default-testJar) @ ignite-raft ---
[INFO] Building jar: /home/srafi/after-cam-ready/compare_/compile_repair_output/work/a18505f443aa/modules/raft/target/ignite-raft-3.0.0-SNAPSHOT-tests.jar
[INFO] 
[INFO] --- maven-failsafe-plugin:3.0.0-M8-SNAPSHOT:integration-test (default) @ ignite-raft ---
[INFO] Tests are skipped.
[INFO] 
[INFO] --- maven-failsafe-plugin:3.0.0-M8-SNAPSHOT:verify (default) @ ignite-raft ---
[INFO] Tests are skipped.
[INFO] 
[INFO] --- maven-install-plugin:2.5.2:install (default-install) @ ignite-raft ---
[INFO] Installing /home/srafi/after-cam-ready/compare_/compile_repair_output/work/a18505f443aa/modules/raft/target/ignite-raft-3.0.0-SNAPSHOT.jar to /home/srafi/.m2/repository/org/apache/ignite/ignite-raft/3.0.0-SNAPSHOT/ignite-raft-3.0.0-SNAPSHOT.jar
[INFO] Installing /home/srafi/after-cam-ready/compare_/compile_repair_output/work/a18505f443aa/modules/raft/.flattened-pom.xml to /home/srafi/.m2/repository/org/apache/ignite/ignite-raft/3.0.0-SNAPSHOT/ignite-raft-3.0.0-SNAPSHOT.pom
[INFO] Installing /home/srafi/after-cam-ready/compare_/compile_repair_output/work/a18505f443aa/modules/raft/target/ignite-raft-3.0.0-SNAPSHOT-tests.jar to /home/srafi/.m2/repository/org/apache/ignite/ignite-raft/3.0.0-SNAPSHOT/ignite-raft-3.0.0-SNAPSHOT-tests.jar
[INFO] 
[INFO] --------------< org.apache.ignite:ignite-rocksdb-common >---------------
[INFO] Building ignite-rocksdb-common 3.0.0-SNAPSHOT                    [13/40]
[INFO] --------------------------------[ jar ]---------------------------------
[INFO] 
[INFO] --- maven-clean-plugin:3.1.0:clean (default-clean) @ ignite-rocksdb-common ---
[INFO] 
[INFO] --- flatten-maven-plugin:1.2.2:clean (flatten.clean.before) @ ignite-rocksdb-common ---
[INFO] 
[INFO] --- build-helper-maven-plugin:3.2.0:add-test-source (add-test-source) @ ignite-rocksdb-common ---
[INFO] Test Source directory: /home/srafi/after-cam-ready/compare_/compile_repair_output/work/a18505f443aa/modules/rocksdb-common/src/integrationTest/java added.
[INFO] 
[INFO] --- build-helper-maven-plugin:3.2.0:add-test-resource (add-test-resource) @ ignite-rocksdb-common ---
[INFO] 
[INFO] --- maven-remote-resources-plugin:1.7.0:process (process-resource-bundles) @ ignite-rocksdb-common ---
[INFO] Preparing remote bundle org.apache:apache-jar-resource-bundle:1.4
[INFO] Copying 3 resources from 1 bundle.
[INFO] 
[INFO] --- maven-resources-plugin:3.2.0:resources (default-resources) @ ignite-rocksdb-common ---
[INFO] Using 'UTF-8' encoding to copy filtered resources.
[INFO] Using 'UTF-8' encoding to copy filtered properties files.
[INFO] skip non existing resourceDirectory /home/srafi/after-cam-ready/compare_/compile_repair_output/work/a18505f443aa/modules/rocksdb-common/src/main/resources
[INFO] Copying 3 resources
[INFO] 
[INFO] --- flatten-maven-plugin:1.2.2:flatten (flatten) @ ignite-rocksdb-common ---
[INFO] Generating flattened POM of project org.apache.ignite:ignite-rocksdb-common:jar:3.0.0-SNAPSHOT...
[INFO] 
[INFO] --- maven-compiler-plugin:3.8.1:compile (default-compile) @ ignite-rocksdb-common ---
[INFO] Changes detected - recompiling the module!
[INFO] Compiling 7 source files to /home/srafi/after-cam-ready/compare_/compile_repair_output/work/a18505f443aa/modules/rocksdb-common/target/classes
[INFO] 
[INFO] --- maven-resources-plugin:3.2.0:testResources (default-testResources) @ ignite-rocksdb-common ---
[INFO] Using 'UTF-8' encoding to copy filtered resources.
[INFO] Using 'UTF-8' encoding to copy filtered properties files.
[INFO] skip non existing resourceDirectory /home/srafi/after-cam-ready/compare_/compile_repair_output/work/a18505f443aa/modules/rocksdb-common/src/test/resources
[INFO] skip non existing resourceDirectory /home/srafi/after-cam-ready/compare_/compile_repair_output/work/a18505f443aa/modules/rocksdb-common/src/integrationTest/resources
[INFO] Copying 3 resources
[INFO] 
[INFO] --- maven-compiler-plugin:3.8.1:testCompile (default-testCompile) @ ignite-rocksdb-common ---
[INFO] No sources to compile
[INFO] 
[INFO] --- modernizer-maven-plugin:2.3.0:modernizer (modernizer) @ ignite-rocksdb-common ---
[INFO] Skipping modernizer execution!
[INFO] 
[INFO] --- maven-surefire-plugin:3.0.0-M8-SNAPSHOT:test (default-test) @ ignite-rocksdb-common ---
[INFO] Tests are skipped.
[INFO] 
[INFO] --- maven-jar-plugin:3.2.0:jar (default-jar) @ ignite-rocksdb-common ---
[INFO] Building jar: /home/srafi/after-cam-ready/compare_/compile_repair_output/work/a18505f443aa/modules/rocksdb-common/target/ignite-rocksdb-common-3.0.0-SNAPSHOT.jar
[INFO] 
[INFO] --- maven-site-plugin:3.7.1:attach-descriptor (attach-descriptor) @ ignite-rocksdb-common ---
[INFO] Skipping because packaging 'jar' is not pom.
[INFO] 
[INFO] --- maven-dependency-plugin:3.2.0:purge-local-repository (purge-local-repository) @ ignite-rocksdb-common ---
[INFO] Deleting 1 manual dependency from /home/srafi/.m2/repository
[INFO] 
[INFO] --- maven-failsafe-plugin:3.0.0-M8-SNAPSHOT:integration-test (default) @ ignite-rocksdb-common ---
[INFO] Tests are skipped.
[INFO] 
[INFO] --- maven-failsafe-plugin:3.0.0-M8-SNAPSHOT:verify (default) @ ignite-rocksdb-common ---
[INFO] Tests are skipped.
[INFO] 
[INFO] --- maven-install-plugin:2.5.2:install (default-install) @ ignite-rocksdb-common ---
[INFO] Installing /home/srafi/after-cam-ready/compare_/compile_repair_output/work/a18505f443aa/modules/rocksdb-common/target/ignite-rocksdb-common-3.0.0-SNAPSHOT.jar to /home/srafi/.m2/repository/org/apache/ignite/ignite-rocksdb-common/3.0.0-SNAPSHOT/ignite-rocksdb-common-3.0.0-SNAPSHOT.jar
[INFO] Installing /home/srafi/after-cam-ready/compare_/compile_repair_output/work/a18505f443aa/modules/rocksdb-common/.flattened-pom.xml to /home/srafi/.m2/repository/org/apache/ignite/ignite-rocksdb-common/3.0.0-SNAPSHOT/ignite-rocksdb-common-3.0.0-SNAPSHOT.pom
[INFO] 
[INFO] -------------------< org.apache.ignite:ignite-vault >-------------------
[INFO] Building ignite-vault 3.0.0-SNAPSHOT                             [14/40]
[INFO] --------------------------------[ jar ]---------------------------------
[INFO] 
[INFO] --- maven-clean-plugin:3.1.0:clean (default-clean) @ ignite-vault ---
[INFO] 
[INFO] --- flatten-maven-plugin:1.2.2:clean (flatten.clean.before) @ ignite-vault ---
[INFO] 
[INFO] --- build-helper-maven-plugin:3.2.0:add-test-source (add-test-source) @ ignite-vault ---
[INFO] Test Source directory: /home/srafi/after-cam-ready/compare_/compile_repair_output/work/a18505f443aa/modules/vault/src/integrationTest/java added.
[INFO] 
[INFO] --- build-helper-maven-plugin:3.2.0:add-test-resource (add-test-resource) @ ignite-vault ---
[INFO] 
[INFO] --- maven-remote-resources-plugin:1.7.0:process (process-resource-bundles) @ ignite-vault ---
[INFO] Preparing remote bundle org.apache:apache-jar-resource-bundle:1.4
[INFO] Copying 3 resources from 1 bundle.
[INFO] 
[INFO] --- maven-resources-plugin:3.2.0:resources (default-resources) @ ignite-vault ---
[INFO] Using 'UTF-8' encoding to copy filtered resources.
[INFO] Using 'UTF-8' encoding to copy filtered properties files.
[INFO] skip non existing resourceDirectory /home/srafi/after-cam-ready/compare_/compile_repair_output/work/a18505f443aa/modules/vault/src/main/resources
[INFO] Copying 3 resources
[INFO] 
[INFO] --- flatten-maven-plugin:1.2.2:flatten (flatten) @ ignite-vault ---
[INFO] Generating flattened POM of project org.apache.ignite:ignite-vault:jar:3.0.0-SNAPSHOT...
[INFO] 
[INFO] --- maven-compiler-plugin:3.8.1:compile (default-compile) @ ignite-vault ---
[INFO] Changes detected - recompiling the module!
[INFO] Compiling 4 source files to /home/srafi/after-cam-ready/compare_/compile_repair_output/work/a18505f443aa/modules/vault/target/classes
[INFO] 
[INFO] --- maven-resources-plugin:3.2.0:testResources (default-testResources) @ ignite-vault ---
[INFO] Using 'UTF-8' encoding to copy filtered resources.
[INFO] Using 'UTF-8' encoding to copy filtered properties files.
[INFO] skip non existing resourceDirectory /home/srafi/after-cam-ready/compare_/compile_repair_output/work/a18505f443aa/modules/vault/src/test/resources
[INFO] skip non existing resourceDirectory /home/srafi/after-cam-ready/compare_/compile_repair_output/work/a18505f443aa/modules/vault/src/integrationTest/resources
[INFO] Copying 3 resources
[INFO] 
[INFO] --- maven-compiler-plugin:3.8.1:testCompile (default-testCompile) @ ignite-vault ---
[INFO] Changes detected - recompiling the module!
[INFO] Compiling 6 source files to /home/srafi/after-cam-ready/compare_/compile_repair_output/work/a18505f443aa/modules/vault/target/test-classes
[INFO] 
[INFO] --- modernizer-maven-plugin:2.3.0:modernizer (modernizer) @ ignite-vault ---
[INFO] Skipping modernizer execution!
[INFO] 
[INFO] --- maven-surefire-plugin:3.0.0-M8-SNAPSHOT:test (default-test) @ ignite-vault ---
[INFO] Tests are skipped.
[INFO] 
[INFO] --- maven-jar-plugin:3.2.0:jar (default-jar) @ ignite-vault ---
[INFO] Building jar: /home/srafi/after-cam-ready/compare_/compile_repair_output/work/a18505f443aa/modules/vault/target/ignite-vault-3.0.0-SNAPSHOT.jar
[INFO] 
[INFO] --- maven-site-plugin:3.7.1:attach-descriptor (attach-descriptor) @ ignite-vault ---
[INFO] Skipping because packaging 'jar' is not pom.
[INFO] 
[INFO] --- maven-dependency-plugin:3.2.0:purge-local-repository (purge-local-repository) @ ignite-vault ---
[INFO] Deleting 1 manual dependency from /home/srafi/.m2/repository
[INFO] 
[INFO] --- maven-jar-plugin:3.2.0:test-jar (default-testJar) @ ignite-vault ---
[INFO] Building jar: /home/srafi/after-cam-ready/compare_/compile_repair_output/work/a18505f443aa/modules/vault/target/ignite-vault-3.0.0-SNAPSHOT-tests.jar
[INFO] 
[INFO] --- maven-failsafe-plugin:3.0.0-M8-SNAPSHOT:integration-test (default) @ ignite-vault ---
[INFO] Tests are skipped.
[INFO] 
[INFO] --- maven-failsafe-plugin:3.0.0-M8-SNAPSHOT:verify (default) @ ignite-vault ---
[INFO] Tests are skipped.
[INFO] 
[INFO] --- maven-install-plugin:2.5.2:install (default-install) @ ignite-vault ---
[INFO] Installing /home/srafi/after-cam-ready/compare_/compile_repair_output/work/a18505f443aa/modules/vault/target/ignite-vault-3.0.0-SNAPSHOT.jar to /home/srafi/.m2/repository/org/apache/ignite/ignite-vault/3.0.0-SNAPSHOT/ignite-vault-3.0.0-SNAPSHOT.jar
[INFO] Installing /home/srafi/after-cam-ready/compare_/compile_repair_output/work/a18505f443aa/modules/vault/.flattened-pom.xml to /home/srafi/.m2/repository/org/apache/ignite/ignite-vault/3.0.0-SNAPSHOT/ignite-vault-3.0.0-SNAPSHOT.pom
[INFO] Installing /home/srafi/after-cam-ready/compare_/compile_repair_output/work/a18505f443aa/modules/vault/target/ignite-vault-3.0.0-SNAPSHOT-tests.jar to /home/srafi/.m2/repository/org/apache/ignite/ignite-vault/3.0.0-SNAPSHOT/ignite-vault-3.0.0-SNAPSHOT-tests.jar
[INFO] 
[INFO] ------------< org.apache.ignite:ignite-cluster-management >-------------
[INFO] Building ignite-cluster-management 3.0.0-SNAPSHOT                [15/40]
[INFO] --------------------------------[ jar ]---------------------------------
[INFO] 
[INFO] --- maven-clean-plugin:3.1.0:clean (default-clean) @ ignite-cluster-management ---
[INFO] 
[INFO] --- flatten-maven-plugin:1.2.2:clean (flatten.clean.before) @ ignite-cluster-management ---
[INFO] 
[INFO] --- build-helper-maven-plugin:3.2.0:add-test-source (add-test-source) @ ignite-cluster-management ---
[INFO] Test Source directory: /home/srafi/after-cam-ready/compare_/compile_repair_output/work/a18505f443aa/modules/cluster-management/src/integrationTest/java added.
[INFO] 
[INFO] --- build-helper-maven-plugin:3.2.0:add-test-resource (add-test-resource) @ ignite-cluster-management ---
[INFO] 
[INFO] --- maven-remote-resources-plugin:1.7.0:process (process-resource-bundles) @ ignite-cluster-management ---
[INFO] Preparing remote bundle org.apache:apache-jar-resource-bundle:1.4
[INFO] Copying 3 resources from 1 bundle.
[INFO] 
[INFO] --- maven-resources-plugin:3.2.0:resources (default-resources) @ ignite-cluster-management ---
[INFO] Using 'UTF-8' encoding to copy filtered resources.
[INFO] Using 'UTF-8' encoding to copy filtered properties files.
[INFO] skip non existing resourceDirectory /home/srafi/after-cam-ready/compare_/compile_repair_output/work/a18505f443aa/modules/cluster-management/src/main/resources
[INFO] Copying 3 resources
[INFO] 
[INFO] --- flatten-maven-plugin:1.2.2:flatten (flatten) @ ignite-cluster-management ---
[INFO] Generating flattened POM of project org.apache.ignite:ignite-cluster-management:jar:3.0.0-SNAPSHOT...
[INFO] 
[INFO] --- maven-compiler-plugin:3.8.1:compile (default-compile) @ ignite-cluster-management ---
[INFO] Changes detected - recompiling the module!
[INFO] Compiling 38 source files to /home/srafi/after-cam-ready/compare_/compile_repair_output/work/a18505f443aa/modules/cluster-management/target/classes
[INFO] 
[INFO] --- maven-resources-plugin:3.2.0:testResources (default-testResources) @ ignite-cluster-management ---
[INFO] Using 'UTF-8' encoding to copy filtered resources.
[INFO] Using 'UTF-8' encoding to copy filtered properties files.
[INFO] skip non existing resourceDirectory /home/srafi/after-cam-ready/compare_/compile_repair_output/work/a18505f443aa/modules/cluster-management/src/test/resources
[INFO] skip non existing resourceDirectory /home/srafi/after-cam-ready/compare_/compile_repair_output/work/a18505f443aa/modules/cluster-management/src/integrationTest/resources
[INFO] Copying 3 resources
[INFO] 
[INFO] --- maven-compiler-plugin:3.8.1:testCompile (default-testCompile) @ ignite-cluster-management ---
[INFO] Changes detected - recompiling the module!
[INFO] Compiling 13 source files to /home/srafi/after-cam-ready/compare_/compile_repair_output/work/a18505f443aa/modules/cluster-management/target/test-classes
[INFO] /home/srafi/after-cam-ready/compare_/compile_repair_output/work/a18505f443aa/modules/cluster-management/src/test/java/org/apache/ignite/internal/cluster/management/raft/ConcurrentMapClusterStateStorage.java: /home/srafi/after-cam-ready/compare_/compile_repair_output/work/a18505f443aa/modules/cluster-management/src/test/java/org/apache/ignite/internal/cluster/management/raft/ConcurrentMapClusterStateStorage.java uses unchecked or unsafe operations.
[INFO] /home/srafi/after-cam-ready/compare_/compile_repair_output/work/a18505f443aa/modules/cluster-management/src/test/java/org/apache/ignite/internal/cluster/management/raft/ConcurrentMapClusterStateStorage.java: Recompile with -Xlint:unchecked for details.
[INFO] 
[INFO] --- modernizer-maven-plugin:2.3.0:modernizer (modernizer) @ ignite-cluster-management ---
[INFO] Skipping modernizer execution!
[INFO] 
[INFO] --- maven-surefire-plugin:3.0.0-M8-SNAPSHOT:test (default-test) @ ignite-cluster-management ---
[INFO] Tests are skipped.
[INFO] 
[INFO] --- maven-jar-plugin:3.2.0:jar (default-jar) @ ignite-cluster-management ---
[INFO] Building jar: /home/srafi/after-cam-ready/compare_/compile_repair_output/work/a18505f443aa/modules/cluster-management/target/ignite-cluster-management-3.0.0-SNAPSHOT.jar
[INFO] 
[INFO] --- maven-site-plugin:3.7.1:attach-descriptor (attach-descriptor) @ ignite-cluster-management ---
[INFO] Skipping because packaging 'jar' is not pom.
[INFO] 
[INFO] --- maven-dependency-plugin:3.2.0:purge-local-repository (purge-local-repository) @ ignite-cluster-management ---
[INFO] Deleting 1 manual dependency from /home/srafi/.m2/repository
[INFO] 
[INFO] --- maven-jar-plugin:3.2.0:test-jar (default-testJar) @ ignite-cluster-management ---
[INFO] Building jar: /home/srafi/after-cam-ready/compare_/compile_repair_output/work/a18505f443aa/modules/cluster-management/target/ignite-cluster-management-3.0.0-SNAPSHOT-tests.jar
[INFO] 
[INFO] --- maven-failsafe-plugin:3.0.0-M8-SNAPSHOT:integration-test (default) @ ignite-cluster-management ---
[INFO] Tests are skipped.
[INFO] 
[INFO] --- maven-failsafe-plugin:3.0.0-M8-SNAPSHOT:verify (default) @ ignite-cluster-management ---
[INFO] Tests are skipped.
[INFO] 
[INFO] --- maven-install-plugin:2.5.2:install (default-install) @ ignite-cluster-management ---
[INFO] Installing /home/srafi/after-cam-ready/compare_/compile_repair_output/work/a18505f443aa/modules/cluster-management/target/ignite-cluster-management-3.0.0-SNAPSHOT.jar to /home/srafi/.m2/repository/org/apache/ignite/ignite-cluster-management/3.0.0-SNAPSHOT/ignite-cluster-management-3.0.0-SNAPSHOT.jar
[INFO] Installing /home/srafi/after-cam-ready/compare_/compile_repair_output/work/a18505f443aa/modules/cluster-management/.flattened-pom.xml to /home/srafi/.m2/repository/org/apache/ignite/ignite-cluster-management/3.0.0-SNAPSHOT/ignite-cluster-management-3.0.0-SNAPSHOT.pom
[INFO] Installing /home/srafi/after-cam-ready/compare_/compile_repair_output/work/a18505f443aa/modules/cluster-management/target/ignite-cluster-management-3.0.0-SNAPSHOT-tests.jar to /home/srafi/.m2/repository/org/apache/ignite/ignite-cluster-management/3.0.0-SNAPSHOT/ignite-cluster-management-3.0.0-SNAPSHOT-tests.jar
[INFO] 
[INFO] -------------------< org.apache.ignite:ignite-rest >--------------------
[INFO] Building ignite-rest 3.0.0-SNAPSHOT                              [16/40]
[INFO] --------------------------------[ jar ]---------------------------------
[INFO] Downloading from central: https://repo.maven.apache.org/maven2/io/micronaut/openapi/micronaut-openapi/3.2.0/micronaut-openapi-3.2.0.pom
[INFO] Downloaded from central: https://repo.maven.apache.org/maven2/io/micronaut/openapi/micronaut-openapi/3.2.0/micronaut-openapi-3.2.0.pom (3.2 kB at 28 kB/s)
[INFO] Downloading from central: https://repo.maven.apache.org/maven2/io/micronaut/micronaut-bom/3.1.3/micronaut-bom-3.1.3.pom
[INFO] Downloaded from central: https://repo.maven.apache.org/maven2/io/micronaut/micronaut-bom/3.1.3/micronaut-bom-3.1.3.pom (61 kB at 1.7 MB/s)
[INFO] Downloading from central: https://repo.maven.apache.org/maven2/io/grpc/grpc-bom/1.38.0/grpc-bom-1.38.0.pom
[INFO] Downloaded from central: https://repo.maven.apache.org/maven2/io/grpc/grpc-bom/1.38.0/grpc-bom-1.38.0.pom (4.7 kB at 158 kB/s)
[INFO] Downloading from central: https://repo.maven.apache.org/maven2/org/jetbrains/kotlin/kotlin-bom/1.5.21/kotlin-bom-1.5.21.pom
[INFO] Downloaded from central: https://repo.maven.apache.org/maven2/org/jetbrains/kotlin/kotlin-bom/1.5.21/kotlin-bom-1.5.21.pom (9.3 kB at 252 kB/s)
[INFO] Downloading from central: https://repo.maven.apache.org/maven2/io/ktor/ktor-bom/1.6.1/ktor-bom-1.6.1.pom
[INFO] Downloaded from central: https://repo.maven.apache.org/maven2/io/ktor/ktor-bom/1.6.1/ktor-bom-1.6.1.pom (20 kB at 563 kB/s)
[INFO] Downloading from central: https://repo.maven.apache.org/maven2/io/micrometer/micrometer-bom/1.7.5/micrometer-bom-1.7.5.pom
[INFO] Downloaded from central: https://repo.maven.apache.org/maven2/io/micrometer/micrometer-bom/1.7.5/micrometer-bom-1.7.5.pom (6.9 kB at 208 kB/s)
[INFO] Downloading from central: https://repo.maven.apache.org/maven2/io/micronaut/aws/micronaut-aws-bom/3.0.3/micronaut-aws-bom-3.0.3.pom
[INFO] Downloaded from central: https://repo.maven.apache.org/maven2/io/micronaut/aws/micronaut-aws-bom/3.0.3/micronaut-aws-bom-3.0.3.pom (5.0 kB at 43 kB/s)
[INFO] Downloading from central: https://repo.maven.apache.org/maven2/io/micronaut/cache/micronaut-cache-bom/3.0.0/micronaut-cache-bom-3.0.0.pom
[INFO] Downloaded from central: https://repo.maven.apache.org/maven2/io/micronaut/cache/micronaut-cache-bom/3.0.0/micronaut-cache-bom-3.0.0.pom (3.9 kB at 122 kB/s)
[INFO] Downloading from central: https://repo.maven.apache.org/maven2/io/micronaut/data/micronaut-data-bom/3.1.1/micronaut-data-bom-3.1.1.pom
[INFO] Downloaded from central: https://repo.maven.apache.org/maven2/io/micronaut/data/micronaut-data-bom/3.1.1/micronaut-data-bom-3.1.1.pom (3.5 kB at 101 kB/s)
[INFO] Downloading from central: https://repo.maven.apache.org/maven2/io/micronaut/groovy/micronaut-groovy-bom/3.0.0/micronaut-groovy-bom-3.0.0.pom
[INFO] Downloaded from central: https://repo.maven.apache.org/maven2/io/micronaut/groovy/micronaut-groovy-bom/3.0.0/micronaut-groovy-bom-3.0.0.pom (3.3 kB at 114 kB/s)
[INFO] Downloading from central: https://repo.maven.apache.org/maven2/org/codehaus/groovy/groovy-bom/3.0.8/groovy-bom-3.0.8.pom
[INFO] Downloaded from central: https://repo.maven.apache.org/maven2/org/codehaus/groovy/groovy-bom/3.0.8/groovy-bom-3.0.8.pom (26 kB at 800 kB/s)
[INFO] Downloading from central: https://repo.maven.apache.org/maven2/io/micronaut/micrometer/micronaut-micrometer-bom/4.0.1/micronaut-micrometer-bom-4.0.1.pom
[INFO] Downloaded from central: https://repo.maven.apache.org/maven2/io/micronaut/micrometer/micronaut-micrometer-bom/4.0.1/micronaut-micrometer-bom-4.0.1.pom (6.3 kB at 192 kB/s)
[INFO] Downloading from central: https://repo.maven.apache.org/maven2/io/micronaut/oraclecloud/micronaut-oraclecloud-bom/2.0.3/micronaut-oraclecloud-bom-2.0.3.pom
[INFO] Downloaded from central: https://repo.maven.apache.org/maven2/io/micronaut/oraclecloud/micronaut-oraclecloud-bom/2.0.3/micronaut-oraclecloud-bom-2.0.3.pom (19 kB at 528 kB/s)
[INFO] Downloading from central: https://repo.maven.apache.org/maven2/io/micronaut/r2dbc/micronaut-r2dbc-bom/2.0.0/micronaut-r2dbc-bom-2.0.0.pom
[INFO] Downloaded from central: https://repo.maven.apache.org/maven2/io/micronaut/r2dbc/micronaut-r2dbc-bom/2.0.0/micronaut-r2dbc-bom-2.0.0.pom (2.4 kB at 71 kB/s)
[INFO] Downloading from central: https://repo.maven.apache.org/maven2/io/r2dbc/r2dbc-bom/Arabba-SR9/r2dbc-bom-Arabba-SR9.pom
[INFO] Downloaded from central: https://repo.maven.apache.org/maven2/io/r2dbc/r2dbc-bom/Arabba-SR9/r2dbc-bom-Arabba-SR9.pom (4.1 kB at 124 kB/s)
[INFO] Downloading from central: https://repo.maven.apache.org/maven2/io/micronaut/sql/micronaut-sql-bom/4.0.4/micronaut-sql-bom-4.0.4.pom
[INFO] Downloaded from central: https://repo.maven.apache.org/maven2/io/micronaut/sql/micronaut-sql-bom/4.0.4/micronaut-sql-bom-4.0.4.pom (7.0 kB at 178 kB/s)
[INFO] Downloading from central: https://repo.maven.apache.org/maven2/io/micronaut/test/micronaut-test-bom/3.0.2/micronaut-test-bom-3.0.2.pom
[INFO] Downloaded from central: https://repo.maven.apache.org/maven2/io/micronaut/test/micronaut-test-bom/3.0.2/micronaut-test-bom-3.0.2.pom (3.9 kB at 129 kB/s)
[INFO] Downloading from central: https://repo.maven.apache.org/maven2/io/micronaut/views/micronaut-views-bom/3.0.1/micronaut-views-bom-3.0.1.pom
[INFO] Downloaded from central: https://repo.maven.apache.org/maven2/io/micronaut/views/micronaut-views-bom/3.0.1/micronaut-views-bom-3.0.1.pom (4.6 kB at 148 kB/s)
[INFO] Downloading from central: https://repo.maven.apache.org/maven2/io/netty/netty-bom/4.1.69.Final/netty-bom-4.1.69.Final.pom
[INFO] Downloaded from central: https://repo.maven.apache.org/maven2/io/netty/netty-bom/4.1.69.Final/netty-bom-4.1.69.Final.pom (12 kB at 345 kB/s)
[INFO] Downloading from central: https://repo.maven.apache.org/maven2/org/testcontainers/testcontainers-bom/1.15.3/testcontainers-bom-1.15.3.pom
[INFO] Downloaded from central: https://repo.maven.apache.org/maven2/org/testcontainers/testcontainers-bom/1.15.3/testcontainers-bom-1.15.3.pom (7.1 kB at 196 kB/s)
[INFO] Downloading from central: https://repo.maven.apache.org/maven2/io/swagger/core/v3/swagger-core/2.1.10/swagger-core-2.1.10.pom
[INFO] Downloaded from central: https://repo.maven.apache.org/maven2/io/swagger/core/v3/swagger-core/2.1.10/swagger-core-2.1.10.pom (7.2 kB at 205 kB/s)
[INFO] Downloading from central: https://repo.maven.apache.org/maven2/io/swagger/core/v3/swagger-project/2.1.10/swagger-project-2.1.10.pom
[INFO] Downloaded from central: https://repo.maven.apache.org/maven2/io/swagger/core/v3/swagger-project/2.1.10/swagger-project-2.1.10.pom (29 kB at 817 kB/s)
[INFO] Downloading from central: https://repo.maven.apache.org/maven2/com/fasterxml/jackson/dataformat/jackson-dataformat-yaml/2.13.1/jackson-dataformat-yaml-2.13.1.pom
[INFO] Downloaded from central: https://repo.maven.apache.org/maven2/com/fasterxml/jackson/dataformat/jackson-dataformat-yaml/2.13.1/jackson-dataformat-yaml-2.13.1.pom (2.6 kB at 60 kB/s)
[INFO] Downloading from central: https://repo.maven.apache.org/maven2/com/fasterxml/jackson/dataformat/jackson-dataformats-text/2.13.1/jackson-dataformats-text-2.13.1.pom
[INFO] Downloaded from central: https://repo.maven.apache.org/maven2/com/fasterxml/jackson/dataformat/jackson-dataformats-text/2.13.1/jackson-dataformats-text-2.13.1.pom (3.1 kB at 100 kB/s)
[INFO] Downloading from central: https://repo.maven.apache.org/maven2/io/swagger/core/v3/swagger-models/2.1.10/swagger-models-2.1.10.pom
[INFO] Downloaded from central: https://repo.maven.apache.org/maven2/io/swagger/core/v3/swagger-models/2.1.10/swagger-models-2.1.10.pom (4.1 kB at 119 kB/s)
[INFO] Downloading from central: https://repo.maven.apache.org/maven2/io/projectreactor/reactor-core/3.4.8/reactor-core-3.4.8.pom
[INFO] Downloaded from central: https://repo.maven.apache.org/maven2/io/projectreactor/reactor-core/3.4.8/reactor-core-3.4.8.pom (2.1 kB at 74 kB/s)
[INFO] Downloading from central: https://repo.maven.apache.org/maven2/io/micronaut/openapi/micronaut-openapi/3.2.0/micronaut-openapi-3.2.0.jar
[INFO] Downloading from central: https://repo.maven.apache.org/maven2/io/swagger/core/v3/swagger-core/2.1.10/swagger-core-2.1.10.jar
[INFO] Downloading from central: https://repo.maven.apache.org/maven2/com/fasterxml/jackson/dataformat/jackson-dataformat-yaml/2.13.1/jackson-dataformat-yaml-2.13.1.jar
[INFO] Downloading from central: https://repo.maven.apache.org/maven2/io/swagger/core/v3/swagger-models/2.1.10/swagger-models-2.1.10.jar
[INFO] Downloaded from central: https://repo.maven.apache.org/maven2/io/micronaut/openapi/micronaut-openapi/3.2.0/micronaut-openapi-3.2.0.jar (425 kB at 13 MB/s)
[INFO] Downloaded from central: https://repo.maven.apache.org/maven2/io/swagger/core/v3/swagger-models/2.1.10/swagger-models-2.1.10.jar (118 kB at 3.1 MB/s)
[INFO] Downloaded from central: https://repo.maven.apache.org/maven2/com/fasterxml/jackson/dataformat/jackson-dataformat-yaml/2.13.1/jackson-dataformat-yaml-2.13.1.jar (52 kB at 1.2 MB/s)
[INFO] Downloaded from central: https://repo.maven.apache.org/maven2/io/swagger/core/v3/swagger-core/2.1.10/swagger-core-2.1.10.jar (172 kB at 2.5 MB/s)
[INFO] 
[INFO] --- maven-clean-plugin:3.1.0:clean (default-clean) @ ignite-rest ---
[INFO] 
[INFO] --- flatten-maven-plugin:1.2.2:clean (flatten.clean.before) @ ignite-rest ---
[INFO] 
[INFO] --- build-helper-maven-plugin:3.2.0:add-test-source (add-test-source) @ ignite-rest ---
[INFO] Test Source directory: /home/srafi/after-cam-ready/compare_/compile_repair_output/work/a18505f443aa/modules/rest/src/integrationTest/java added.
[INFO] 
[INFO] --- build-helper-maven-plugin:3.2.0:add-test-resource (add-test-resource) @ ignite-rest ---
[INFO] 
[INFO] --- maven-remote-resources-plugin:1.7.0:process (process-resource-bundles) @ ignite-rest ---
[INFO] Preparing remote bundle org.apache:apache-jar-resource-bundle:1.4
[INFO] Copying 3 resources from 1 bundle.
[INFO] Downloading from central: https://repo.maven.apache.org/maven2/io/projectreactor/reactor-core/3.4.8/reactor-core-3.4.8.jar
[INFO] Downloaded from central: https://repo.maven.apache.org/maven2/io/projectreactor/reactor-core/3.4.8/reactor-core-3.4.8.jar (1.7 MB at 32 MB/s)
[INFO] 
[INFO] --- maven-resources-plugin:3.2.0:resources (default-resources) @ ignite-rest ---
[INFO] Using 'UTF-8' encoding to copy filtered resources.
[INFO] Using 'UTF-8' encoding to copy filtered properties files.
[INFO] skip non existing resourceDirectory /home/srafi/after-cam-ready/compare_/compile_repair_output/work/a18505f443aa/modules/rest/src/main/resources
[INFO] Copying 3 resources
[INFO] 
[INFO] --- flatten-maven-plugin:1.2.2:flatten (flatten) @ ignite-rest ---
[INFO] Generating flattened POM of project org.apache.ignite:ignite-rest:jar:3.0.0-SNAPSHOT...
[INFO] 
[INFO] --- maven-compiler-plugin:3.8.1:compile (default-compile) @ ignite-rest ---
[INFO] Changes detected - recompiling the module!
[INFO] Compiling 2 source files to /home/srafi/after-cam-ready/compare_/compile_repair_output/work/a18505f443aa/modules/rest/target/classes
[INFO] 
[INFO] --- maven-resources-plugin:3.2.0:testResources (default-testResources) @ ignite-rest ---
[INFO] Using 'UTF-8' encoding to copy filtered resources.
[INFO] Using 'UTF-8' encoding to copy filtered properties files.
[INFO] skip non existing resourceDirectory /home/srafi/after-cam-ready/compare_/compile_repair_output/work/a18505f443aa/modules/rest/src/test/resources
[INFO] skip non existing resourceDirectory /home/srafi/after-cam-ready/compare_/compile_repair_output/work/a18505f443aa/modules/rest/src/integrationTest/resources
[INFO] Copying 3 resources
[INFO] 
[INFO] --- maven-compiler-plugin:3.8.1:testCompile (default-testCompile) @ ignite-rest ---
[INFO] No sources to compile
[INFO] 
[INFO] --- modernizer-maven-plugin:2.3.0:modernizer (modernizer) @ ignite-rest ---
[INFO] Skipping modernizer execution!
[INFO] 
[INFO] --- maven-surefire-plugin:3.0.0-M8-SNAPSHOT:test (default-test) @ ignite-rest ---
[INFO] Tests are skipped.
[INFO] 
[INFO] --- maven-jar-plugin:3.2.0:jar (default-jar) @ ignite-rest ---
[INFO] Building jar: /home/srafi/after-cam-ready/compare_/compile_repair_output/work/a18505f443aa/modules/rest/target/ignite-rest-3.0.0-SNAPSHOT.jar
[INFO] 
[INFO] --- maven-site-plugin:3.7.1:attach-descriptor (attach-descriptor) @ ignite-rest ---
[INFO] Skipping because packaging 'jar' is not pom.
[INFO] 
[INFO] --- maven-dependency-plugin:3.2.0:purge-local-repository (purge-local-repository) @ ignite-rest ---
[INFO] Deleting 1 manual dependency from /home/srafi/.m2/repository
[INFO] 
[INFO] --- maven-failsafe-plugin:3.0.0-M8-SNAPSHOT:integration-test (default) @ ignite-rest ---
[INFO] Tests are skipped.
[INFO] 
[INFO] --- maven-failsafe-plugin:3.0.0-M8-SNAPSHOT:verify (default) @ ignite-rest ---
[INFO] Tests are skipped.
[INFO] 
[INFO] --- maven-install-plugin:2.5.2:install (default-install) @ ignite-rest ---
[INFO] Installing /home/srafi/after-cam-ready/compare_/compile_repair_output/work/a18505f443aa/modules/rest/target/ignite-rest-3.0.0-SNAPSHOT.jar to /home/srafi/.m2/repository/org/apache/ignite/ignite-rest/3.0.0-SNAPSHOT/ignite-rest-3.0.0-SNAPSHOT.jar
[INFO] Installing /home/srafi/after-cam-ready/compare_/compile_repair_output/work/a18505f443aa/modules/rest/.flattened-pom.xml to /home/srafi/.m2/repository/org/apache/ignite/ignite-rest/3.0.0-SNAPSHOT/ignite-rest-3.0.0-SNAPSHOT.pom
[INFO] 
[INFO] ------------< org.apache.ignite:ignite-metastorage-common >-------------
[INFO] Building ignite-metastorage-common 3.0.0-SNAPSHOT                [17/40]
[INFO] --------------------------------[ jar ]---------------------------------
[INFO] 
[INFO] --- maven-clean-plugin:3.1.0:clean (default-clean) @ ignite-metastorage-common ---
[INFO] 
[INFO] --- flatten-maven-plugin:1.2.2:clean (flatten.clean.before) @ ignite-metastorage-common ---
[INFO] 
[INFO] --- build-helper-maven-plugin:3.2.0:add-test-source (add-test-source) @ ignite-metastorage-common ---
[INFO] Test Source directory: /home/srafi/after-cam-ready/compare_/compile_repair_output/work/a18505f443aa/modules/metastorage-common/src/integrationTest/java added.
[INFO] 
[INFO] --- build-helper-maven-plugin:3.2.0:add-test-resource (add-test-resource) @ ignite-metastorage-common ---
[INFO] 
[INFO] --- maven-remote-resources-plugin:1.7.0:process (process-resource-bundles) @ ignite-metastorage-common ---
[INFO] Preparing remote bundle org.apache:apache-jar-resource-bundle:1.4
[INFO] Copying 3 resources from 1 bundle.
[INFO] 
[INFO] --- maven-resources-plugin:3.2.0:resources (default-resources) @ ignite-metastorage-common ---
[INFO] Using 'UTF-8' encoding to copy filtered resources.
[INFO] Using 'UTF-8' encoding to copy filtered properties files.
[INFO] skip non existing resourceDirectory /home/srafi/after-cam-ready/compare_/compile_repair_output/work/a18505f443aa/modules/metastorage-common/src/main/resources
[INFO] Copying 3 resources
[INFO] 
[INFO] --- flatten-maven-plugin:1.2.2:flatten (flatten) @ ignite-metastorage-common ---
[INFO] Generating flattened POM of project org.apache.ignite:ignite-metastorage-common:jar:3.0.0-SNAPSHOT...
[INFO] 
[INFO] --- maven-compiler-plugin:3.8.1:compile (default-compile) @ ignite-metastorage-common ---
[INFO] Changes detected - recompiling the module!
[INFO] Compiling 34 source files to /home/srafi/after-cam-ready/compare_/compile_repair_output/work/a18505f443aa/modules/metastorage-common/target/classes
[INFO] 
[INFO] --- maven-resources-plugin:3.2.0:testResources (default-testResources) @ ignite-metastorage-common ---
[INFO] Using 'UTF-8' encoding to copy filtered resources.
[INFO] Using 'UTF-8' encoding to copy filtered properties files.
[INFO] skip non existing resourceDirectory /home/srafi/after-cam-ready/compare_/compile_repair_output/work/a18505f443aa/modules/metastorage-common/src/test/resources
[INFO] skip non existing resourceDirectory /home/srafi/after-cam-ready/compare_/compile_repair_output/work/a18505f443aa/modules/metastorage-common/src/integrationTest/resources
[INFO] Copying 3 resources
[INFO] 
[INFO] --- maven-compiler-plugin:3.8.1:testCompile (default-testCompile) @ ignite-metastorage-common ---
[INFO] No sources to compile
[INFO] 
[INFO] --- modernizer-maven-plugin:2.3.0:modernizer (modernizer) @ ignite-metastorage-common ---
[INFO] Skipping modernizer execution!
[INFO] 
[INFO] --- maven-surefire-plugin:3.0.0-M8-SNAPSHOT:test (default-test) @ ignite-metastorage-common ---
[INFO] Tests are skipped.
[INFO] 
[INFO] --- maven-jar-plugin:3.2.0:jar (default-jar) @ ignite-metastorage-common ---
[INFO] Building jar: /home/srafi/after-cam-ready/compare_/compile_repair_output/work/a18505f443aa/modules/metastorage-common/target/ignite-metastorage-common-3.0.0-SNAPSHOT.jar
[INFO] 
[INFO] --- maven-site-plugin:3.7.1:attach-descriptor (attach-descriptor) @ ignite-metastorage-common ---
[INFO] Skipping because packaging 'jar' is not pom.
[INFO] 
[INFO] --- maven-dependency-plugin:3.2.0:purge-local-repository (purge-local-repository) @ ignite-metastorage-common ---
[INFO] Deleting 1 manual dependency from /home/srafi/.m2/repository
[INFO] 
[INFO] --- maven-failsafe-plugin:3.0.0-M8-SNAPSHOT:integration-test (default) @ ignite-metastorage-common ---
[INFO] Tests are skipped.
[INFO] 
[INFO] --- maven-failsafe-plugin:3.0.0-M8-SNAPSHOT:verify (default) @ ignite-metastorage-common ---
[INFO] Tests are skipped.
[INFO] 
[INFO] --- maven-install-plugin:2.5.2:install (default-install) @ ignite-metastorage-common ---
[INFO] Installing /home/srafi/after-cam-ready/compare_/compile_repair_output/work/a18505f443aa/modules/metastorage-common/target/ignite-metastorage-common-3.0.0-SNAPSHOT.jar to /home/srafi/.m2/repository/org/apache/ignite/ignite-metastorage-common/3.0.0-SNAPSHOT/ignite-metastorage-common-3.0.0-SNAPSHOT.jar
[INFO] Installing /home/srafi/after-cam-ready/compare_/compile_repair_output/work/a18505f443aa/modules/metastorage-common/.flattened-pom.xml to /home/srafi/.m2/repository/org/apache/ignite/ignite-metastorage-common/3.0.0-SNAPSHOT/ignite-metastorage-common-3.0.0-SNAPSHOT.pom
[INFO] 
[INFO] ------------< org.apache.ignite:ignite-metastorage-server >-------------
[INFO] Building ignite-metastorage-server 3.0.0-SNAPSHOT                [18/40]
[INFO] --------------------------------[ jar ]---------------------------------
[INFO] 
[INFO] --- maven-clean-plugin:3.1.0:clean (default-clean) @ ignite-metastorage-server ---
[INFO] 
[INFO] --- flatten-maven-plugin:1.2.2:clean (flatten.clean.before) @ ignite-metastorage-server ---
[INFO] 
[INFO] --- build-helper-maven-plugin:3.2.0:add-test-source (add-test-source) @ ignite-metastorage-server ---
[INFO] Test Source directory: /home/srafi/after-cam-ready/compare_/compile_repair_output/work/a18505f443aa/modules/metastorage-server/src/integrationTest/java added.
[INFO] 
[INFO] --- build-helper-maven-plugin:3.2.0:add-test-resource (add-test-resource) @ ignite-metastorage-server ---
[INFO] 
[INFO] --- maven-remote-resources-plugin:1.7.0:process (process-resource-bundles) @ ignite-metastorage-server ---
[INFO] Preparing remote bundle org.apache:apache-jar-resource-bundle:1.4
[INFO] Copying 3 resources from 1 bundle.
[INFO] 
[INFO] --- maven-resources-plugin:3.2.0:resources (default-resources) @ ignite-metastorage-server ---
[INFO] Using 'UTF-8' encoding to copy filtered resources.
[INFO] Using 'UTF-8' encoding to copy filtered properties files.
[INFO] skip non existing resourceDirectory /home/srafi/after-cam-ready/compare_/compile_repair_output/work/a18505f443aa/modules/metastorage-server/src/main/resources
[INFO] Copying 3 resources
[INFO] 
[INFO] --- flatten-maven-plugin:1.2.2:flatten (flatten) @ ignite-metastorage-server ---
[INFO] Generating flattened POM of project org.apache.ignite:ignite-metastorage-server:jar:3.0.0-SNAPSHOT...
[INFO] 
[INFO] --- maven-compiler-plugin:3.8.1:compile (default-compile) @ ignite-metastorage-server ---
[INFO] Changes detected - recompiling the module!
[INFO] Compiling 26 source files to /home/srafi/after-cam-ready/compare_/compile_repair_output/work/a18505f443aa/modules/metastorage-server/target/classes
[INFO] 
[INFO] --- maven-resources-plugin:3.2.0:testResources (default-testResources) @ ignite-metastorage-server ---
[INFO] Using 'UTF-8' encoding to copy filtered resources.
[INFO] Using 'UTF-8' encoding to copy filtered properties files.
[INFO] skip non existing resourceDirectory /home/srafi/after-cam-ready/compare_/compile_repair_output/work/a18505f443aa/modules/metastorage-server/src/test/resources
[INFO] skip non existing resourceDirectory /home/srafi/after-cam-ready/compare_/compile_repair_output/work/a18505f443aa/modules/metastorage-server/src/integrationTest/resources
[INFO] Copying 3 resources
[INFO] 
[INFO] --- maven-compiler-plugin:3.8.1:testCompile (default-testCompile) @ ignite-metastorage-server ---
[INFO] Changes detected - recompiling the module!
[INFO] Compiling 10 source files to /home/srafi/after-cam-ready/compare_/compile_repair_output/work/a18505f443aa/modules/metastorage-server/target/test-classes
[INFO] 
[INFO] --- modernizer-maven-plugin:2.3.0:modernizer (modernizer) @ ignite-metastorage-server ---
[INFO] Skipping modernizer execution!
[INFO] 
[INFO] --- maven-surefire-plugin:3.0.0-M8-SNAPSHOT:test (default-test) @ ignite-metastorage-server ---
[INFO] Tests are skipped.
[INFO] 
[INFO] --- maven-jar-plugin:3.2.0:jar (default-jar) @ ignite-metastorage-server ---
[INFO] Building jar: /home/srafi/after-cam-ready/compare_/compile_repair_output/work/a18505f443aa/modules/metastorage-server/target/ignite-metastorage-server-3.0.0-SNAPSHOT.jar
[INFO] 
[INFO] --- maven-site-plugin:3.7.1:attach-descriptor (attach-descriptor) @ ignite-metastorage-server ---
[INFO] Skipping because packaging 'jar' is not pom.
[INFO] 
[INFO] --- maven-dependency-plugin:3.2.0:purge-local-repository (purge-local-repository) @ ignite-metastorage-server ---
[INFO] Deleting 1 manual dependency from /home/srafi/.m2/repository
[INFO] 
[INFO] --- maven-jar-plugin:3.2.0:test-jar (default-testJar) @ ignite-metastorage-server ---
[INFO] Building jar: /home/srafi/after-cam-ready/compare_/compile_repair_output/work/a18505f443aa/modules/metastorage-server/target/ignite-metastorage-server-3.0.0-SNAPSHOT-tests.jar
[INFO] 
[INFO] --- maven-failsafe-plugin:3.0.0-M8-SNAPSHOT:integration-test (default) @ ignite-metastorage-server ---
[INFO] Tests are skipped.
[INFO] 
[INFO] --- maven-failsafe-plugin:3.0.0-M8-SNAPSHOT:verify (default) @ ignite-metastorage-server ---
[INFO] Tests are skipped.
[INFO] 
[INFO] --- maven-install-plugin:2.5.2:install (default-install) @ ignite-metastorage-server ---
[INFO] Installing /home/srafi/after-cam-ready/compare_/compile_repair_output/work/a18505f443aa/modules/metastorage-server/target/ignite-metastorage-server-3.0.0-SNAPSHOT.jar to /home/srafi/.m2/repository/org/apache/ignite/ignite-metastorage-server/3.0.0-SNAPSHOT/ignite-metastorage-server-3.0.0-SNAPSHOT.jar
[INFO] Installing /home/srafi/after-cam-ready/compare_/compile_repair_output/work/a18505f443aa/modules/metastorage-server/.flattened-pom.xml to /home/srafi/.m2/repository/org/apache/ignite/ignite-metastorage-server/3.0.0-SNAPSHOT/ignite-metastorage-server-3.0.0-SNAPSHOT.pom
[INFO] Installing /home/srafi/after-cam-ready/compare_/compile_repair_output/work/a18505f443aa/modules/metastorage-server/target/ignite-metastorage-server-3.0.0-SNAPSHOT-tests.jar to /home/srafi/.m2/repository/org/apache/ignite/ignite-metastorage-server/3.0.0-SNAPSHOT/ignite-metastorage-server-3.0.0-SNAPSHOT-tests.jar
[INFO] 
[INFO] ------------< org.apache.ignite:ignite-metastorage-client >-------------
[INFO] Building ignite-metastorage-client 3.0.0-SNAPSHOT                [19/40]
[INFO] --------------------------------[ jar ]---------------------------------
[INFO] 
[INFO] --- maven-clean-plugin:3.1.0:clean (default-clean) @ ignite-metastorage-client ---
[INFO] 
[INFO] --- flatten-maven-plugin:1.2.2:clean (flatten.clean.before) @ ignite-metastorage-client ---
[INFO] 
[INFO] --- build-helper-maven-plugin:3.2.0:add-test-source (add-test-source) @ ignite-metastorage-client ---
[INFO] Test Source directory: /home/srafi/after-cam-ready/compare_/compile_repair_output/work/a18505f443aa/modules/metastorage-client/src/integrationTest/java added.
[INFO] 
[INFO] --- build-helper-maven-plugin:3.2.0:add-test-resource (add-test-resource) @ ignite-metastorage-client ---
[INFO] 
[INFO] --- maven-remote-resources-plugin:1.7.0:process (process-resource-bundles) @ ignite-metastorage-client ---
[INFO] Preparing remote bundle org.apache:apache-jar-resource-bundle:1.4
[INFO] Copying 3 resources from 1 bundle.
[INFO] 
[INFO] --- maven-resources-plugin:3.2.0:resources (default-resources) @ ignite-metastorage-client ---
[INFO] Using 'UTF-8' encoding to copy filtered resources.
[INFO] Using 'UTF-8' encoding to copy filtered properties files.
[INFO] skip non existing resourceDirectory /home/srafi/after-cam-ready/compare_/compile_repair_output/work/a18505f443aa/modules/metastorage-client/src/main/resources
[INFO] Copying 3 resources
[INFO] 
[INFO] --- flatten-maven-plugin:1.2.2:flatten (flatten) @ ignite-metastorage-client ---
[INFO] Generating flattened POM of project org.apache.ignite:ignite-metastorage-client:jar:3.0.0-SNAPSHOT...
[INFO] 
[INFO] --- maven-compiler-plugin:3.8.1:compile (default-compile) @ ignite-metastorage-client ---
[INFO] Changes detected - recompiling the module!
[INFO] Compiling 21 source files to /home/srafi/after-cam-ready/compare_/compile_repair_output/work/a18505f443aa/modules/metastorage-client/target/classes
[INFO] 
[INFO] --- maven-resources-plugin:3.2.0:testResources (default-testResources) @ ignite-metastorage-client ---
[INFO] Using 'UTF-8' encoding to copy filtered resources.
[INFO] Using 'UTF-8' encoding to copy filtered properties files.
[INFO] skip non existing resourceDirectory /home/srafi/after-cam-ready/compare_/compile_repair_output/work/a18505f443aa/modules/metastorage-client/src/test/resources
[INFO] skip non existing resourceDirectory /home/srafi/after-cam-ready/compare_/compile_repair_output/work/a18505f443aa/modules/metastorage-client/src/integrationTest/resources
[INFO] Copying 3 resources
[INFO] 
[INFO] --- maven-compiler-plugin:3.8.1:testCompile (default-testCompile) @ ignite-metastorage-client ---
[INFO] Changes detected - recompiling the module!
[INFO] Compiling 3 source files to /home/srafi/after-cam-ready/compare_/compile_repair_output/work/a18505f443aa/modules/metastorage-client/target/test-classes
[INFO] /home/srafi/after-cam-ready/compare_/compile_repair_output/work/a18505f443aa/modules/metastorage-client/src/integrationTest/java/org/apache/ignite/internal/metastorage/client/ItMetaStorageServiceTest.java: /home/srafi/after-cam-ready/compare_/compile_repair_output/work/a18505f443aa/modules/metastorage-client/src/integrationTest/java/org/apache/ignite/internal/metastorage/client/ItMetaStorageServiceTest.java uses unchecked or unsafe operations.
[INFO] /home/srafi/after-cam-ready/compare_/compile_repair_output/work/a18505f443aa/modules/metastorage-client/src/integrationTest/java/org/apache/ignite/internal/metastorage/client/ItMetaStorageServiceTest.java: Recompile with -Xlint:unchecked for details.
[INFO] 
[INFO] --- modernizer-maven-plugin:2.3.0:modernizer (modernizer) @ ignite-metastorage-client ---
[INFO] Skipping modernizer execution!
[INFO] 
[INFO] --- maven-surefire-plugin:3.0.0-M8-SNAPSHOT:test (default-test) @ ignite-metastorage-client ---
[INFO] Tests are skipped.
[INFO] 
[INFO] --- maven-jar-plugin:3.2.0:jar (default-jar) @ ignite-metastorage-client ---
[INFO] Building jar: /home/srafi/after-cam-ready/compare_/compile_repair_output/work/a18505f443aa/modules/metastorage-client/target/ignite-metastorage-client-3.0.0-SNAPSHOT.jar
[INFO] 
[INFO] --- maven-site-plugin:3.7.1:attach-descriptor (attach-descriptor) @ ignite-metastorage-client ---
[INFO] Skipping because packaging 'jar' is not pom.
[INFO] 
[INFO] --- maven-dependency-plugin:3.2.0:purge-local-repository (purge-local-repository) @ ignite-metastorage-client ---
[INFO] Deleting 1 manual dependency from /home/srafi/.m2/repository
[INFO] 
[INFO] --- maven-failsafe-plugin:3.0.0-M8-SNAPSHOT:integration-test (default) @ ignite-metastorage-client ---
[INFO] Tests are skipped.
[INFO] 
[INFO] --- maven-failsafe-plugin:3.0.0-M8-SNAPSHOT:verify (default) @ ignite-metastorage-client ---
[INFO] Tests are skipped.
[INFO] 
[INFO] --- maven-install-plugin:2.5.2:install (default-install) @ ignite-metastorage-client ---
[INFO] Installing /home/srafi/after-cam-ready/compare_/compile_repair_output/work/a18505f443aa/modules/metastorage-client/target/ignite-metastorage-client-3.0.0-SNAPSHOT.jar to /home/srafi/.m2/repository/org/apache/ignite/ignite-metastorage-client/3.0.0-SNAPSHOT/ignite-metastorage-client-3.0.0-SNAPSHOT.jar
[INFO] Installing /home/srafi/after-cam-ready/compare_/compile_repair_output/work/a18505f443aa/modules/metastorage-client/.flattened-pom.xml to /home/srafi/.m2/repository/org/apache/ignite/ignite-metastorage-client/3.0.0-SNAPSHOT/ignite-metastorage-client-3.0.0-SNAPSHOT.pom
[INFO] 
[INFO] ----------------< org.apache.ignite:ignite-metastorage >----------------
[INFO] Building ignite-metastorage 3.0.0-SNAPSHOT                       [20/40]
[INFO] --------------------------------[ jar ]---------------------------------
[INFO] 
[INFO] --- maven-clean-plugin:3.1.0:clean (default-clean) @ ignite-metastorage ---
[INFO] 
[INFO] --- flatten-maven-plugin:1.2.2:clean (flatten.clean.before) @ ignite-metastorage ---
[INFO] 
[INFO] --- build-helper-maven-plugin:3.2.0:add-test-source (add-test-source) @ ignite-metastorage ---
[INFO] Test Source directory: /home/srafi/after-cam-ready/compare_/compile_repair_output/work/a18505f443aa/modules/metastorage/src/integrationTest/java added.
[INFO] 
[INFO] --- build-helper-maven-plugin:3.2.0:add-test-resource (add-test-resource) @ ignite-metastorage ---
[INFO] 
[INFO] --- maven-remote-resources-plugin:1.7.0:process (process-resource-bundles) @ ignite-metastorage ---
[INFO] Preparing remote bundle org.apache:apache-jar-resource-bundle:1.4
[INFO] Copying 3 resources from 1 bundle.
[INFO] 
[INFO] --- maven-resources-plugin:3.2.0:resources (default-resources) @ ignite-metastorage ---
[INFO] Using 'UTF-8' encoding to copy filtered resources.
[INFO] Using 'UTF-8' encoding to copy filtered properties files.
[INFO] skip non existing resourceDirectory /home/srafi/after-cam-ready/compare_/compile_repair_output/work/a18505f443aa/modules/metastorage/src/main/resources
[INFO] Copying 3 resources
[INFO] 
[INFO] --- flatten-maven-plugin:1.2.2:flatten (flatten) @ ignite-metastorage ---
[INFO] Generating flattened POM of project org.apache.ignite:ignite-metastorage:jar:3.0.0-SNAPSHOT...
[INFO] 
[INFO] --- maven-compiler-plugin:3.8.1:compile (default-compile) @ ignite-metastorage ---
[INFO] Changes detected - recompiling the module!
[INFO] Compiling 4 source files to /home/srafi/after-cam-ready/compare_/compile_repair_output/work/a18505f443aa/modules/metastorage/target/classes
[INFO] 
[INFO] --- maven-resources-plugin:3.2.0:testResources (default-testResources) @ ignite-metastorage ---
[INFO] Using 'UTF-8' encoding to copy filtered resources.
[INFO] Using 'UTF-8' encoding to copy filtered properties files.
[INFO] skip non existing resourceDirectory /home/srafi/after-cam-ready/compare_/compile_repair_output/work/a18505f443aa/modules/metastorage/src/test/resources
[INFO] skip non existing resourceDirectory /home/srafi/after-cam-ready/compare_/compile_repair_output/work/a18505f443aa/modules/metastorage/src/integrationTest/resources
[INFO] Copying 3 resources
[INFO] 
[INFO] --- maven-compiler-plugin:3.8.1:testCompile (default-testCompile) @ ignite-metastorage ---
[INFO] Changes detected - recompiling the module!
[INFO] Compiling 1 source file to /home/srafi/after-cam-ready/compare_/compile_repair_output/work/a18505f443aa/modules/metastorage/target/test-classes
[INFO] 
[INFO] --- modernizer-maven-plugin:2.3.0:modernizer (modernizer) @ ignite-metastorage ---
[INFO] Skipping modernizer execution!
[INFO] 
[INFO] --- maven-surefire-plugin:3.0.0-M8-SNAPSHOT:test (default-test) @ ignite-metastorage ---
[INFO] Tests are skipped.
[INFO] 
[INFO] --- maven-jar-plugin:3.2.0:jar (default-jar) @ ignite-metastorage ---
[INFO] Building jar: /home/srafi/after-cam-ready/compare_/compile_repair_output/work/a18505f443aa/modules/metastorage/target/ignite-metastorage-3.0.0-SNAPSHOT.jar
[INFO] 
[INFO] --- maven-site-plugin:3.7.1:attach-descriptor (attach-descriptor) @ ignite-metastorage ---
[INFO] Skipping because packaging 'jar' is not pom.
[INFO] 
[INFO] --- maven-dependency-plugin:3.2.0:purge-local-repository (purge-local-repository) @ ignite-metastorage ---
[INFO] Deleting 1 manual dependency from /home/srafi/.m2/repository
[INFO] 
[INFO] --- maven-failsafe-plugin:3.0.0-M8-SNAPSHOT:integration-test (default) @ ignite-metastorage ---
[INFO] Tests are skipped.
[INFO] 
[INFO] --- maven-failsafe-plugin:3.0.0-M8-SNAPSHOT:verify (default) @ ignite-metastorage ---
[INFO] Tests are skipped.
[INFO] 
[INFO] --- maven-install-plugin:2.5.2:install (default-install) @ ignite-metastorage ---
[INFO] Installing /home/srafi/after-cam-ready/compare_/compile_repair_output/work/a18505f443aa/modules/metastorage/target/ignite-metastorage-3.0.0-SNAPSHOT.jar to /home/srafi/.m2/repository/org/apache/ignite/ignite-metastorage/3.0.0-SNAPSHOT/ignite-metastorage-3.0.0-SNAPSHOT.jar
[INFO] Installing /home/srafi/after-cam-ready/compare_/compile_repair_output/work/a18505f443aa/modules/metastorage/.flattened-pom.xml to /home/srafi/.m2/repository/org/apache/ignite/ignite-metastorage/3.0.0-SNAPSHOT/ignite-metastorage-3.0.0-SNAPSHOT.pom
[INFO] 
[INFO] -----------------< org.apache.ignite:ignite-baseline >------------------
[INFO] Building ignite-baseline 3.0.0-SNAPSHOT                          [21/40]
[INFO] --------------------------------[ jar ]---------------------------------
[INFO] 
[INFO] --- maven-clean-plugin:3.1.0:clean (default-clean) @ ignite-baseline ---
[INFO] 
[INFO] --- flatten-maven-plugin:1.2.2:clean (flatten.clean.before) @ ignite-baseline ---
[INFO] 
[INFO] --- build-helper-maven-plugin:3.2.0:add-test-source (add-test-source) @ ignite-baseline ---
[INFO] Test Source directory: /home/srafi/after-cam-ready/compare_/compile_repair_output/work/a18505f443aa/modules/baseline/src/integrationTest/java added.
[INFO] 
[INFO] --- build-helper-maven-plugin:3.2.0:add-test-resource (add-test-resource) @ ignite-baseline ---
[INFO] 
[INFO] --- maven-remote-resources-plugin:1.7.0:process (process-resource-bundles) @ ignite-baseline ---
[INFO] Preparing remote bundle org.apache:apache-jar-resource-bundle:1.4
[INFO] Copying 3 resources from 1 bundle.
[INFO] 
[INFO] --- maven-resources-plugin:3.2.0:resources (default-resources) @ ignite-baseline ---
[INFO] Using 'UTF-8' encoding to copy filtered resources.
[INFO] Using 'UTF-8' encoding to copy filtered properties files.
[INFO] skip non existing resourceDirectory /home/srafi/after-cam-ready/compare_/compile_repair_output/work/a18505f443aa/modules/baseline/src/main/resources
[INFO] Copying 3 resources
[INFO] 
[INFO] --- flatten-maven-plugin:1.2.2:flatten (flatten) @ ignite-baseline ---
[INFO] Generating flattened POM of project org.apache.ignite:ignite-baseline:jar:3.0.0-SNAPSHOT...
[INFO] 
[INFO] --- maven-compiler-plugin:3.8.1:compile (default-compile) @ ignite-baseline ---
[INFO] Changes detected - recompiling the module!
[INFO] Compiling 1 source file to /home/srafi/after-cam-ready/compare_/compile_repair_output/work/a18505f443aa/modules/baseline/target/classes
[INFO] 
[INFO] --- maven-resources-plugin:3.2.0:testResources (default-testResources) @ ignite-baseline ---
[INFO] Using 'UTF-8' encoding to copy filtered resources.
[INFO] Using 'UTF-8' encoding to copy filtered properties files.
[INFO] skip non existing resourceDirectory /home/srafi/after-cam-ready/compare_/compile_repair_output/work/a18505f443aa/modules/baseline/src/test/resources
[INFO] skip non existing resourceDirectory /home/srafi/after-cam-ready/compare_/compile_repair_output/work/a18505f443aa/modules/baseline/src/integrationTest/resources
[INFO] Copying 3 resources
[INFO] 
[INFO] --- maven-compiler-plugin:3.8.1:testCompile (default-testCompile) @ ignite-baseline ---
[INFO] No sources to compile
[INFO] 
[INFO] --- modernizer-maven-plugin:2.3.0:modernizer (modernizer) @ ignite-baseline ---
[INFO] Skipping modernizer execution!
[INFO] 
[INFO] --- maven-surefire-plugin:3.0.0-M8-SNAPSHOT:test (default-test) @ ignite-baseline ---
[INFO] Tests are skipped.
[INFO] 
[INFO] --- maven-jar-plugin:3.2.0:jar (default-jar) @ ignite-baseline ---
[INFO] Building jar: /home/srafi/after-cam-ready/compare_/compile_repair_output/work/a18505f443aa/modules/baseline/target/ignite-baseline-3.0.0-SNAPSHOT.jar
[INFO] 
[INFO] --- maven-site-plugin:3.7.1:attach-descriptor (attach-descriptor) @ ignite-baseline ---
[INFO] Skipping because packaging 'jar' is not pom.
[INFO] 
[INFO] --- maven-dependency-plugin:3.2.0:purge-local-repository (purge-local-repository) @ ignite-baseline ---
[INFO] Deleting 1 manual dependency from /home/srafi/.m2/repository
[INFO] 
[INFO] --- maven-failsafe-plugin:3.0.0-M8-SNAPSHOT:integration-test (default) @ ignite-baseline ---
[INFO] Tests are skipped.
[INFO] 
[INFO] --- maven-failsafe-plugin:3.0.0-M8-SNAPSHOT:verify (default) @ ignite-baseline ---
[INFO] Tests are skipped.
[INFO] 
[INFO] --- maven-install-plugin:2.5.2:install (default-install) @ ignite-baseline ---
[INFO] Installing /home/srafi/after-cam-ready/compare_/compile_repair_output/work/a18505f443aa/modules/baseline/target/ignite-baseline-3.0.0-SNAPSHOT.jar to /home/srafi/.m2/repository/org/apache/ignite/ignite-baseline/3.0.0-SNAPSHOT/ignite-baseline-3.0.0-SNAPSHOT.jar
[INFO] Installing /home/srafi/after-cam-ready/compare_/compile_repair_output/work/a18505f443aa/modules/baseline/.flattened-pom.xml to /home/srafi/.m2/repository/org/apache/ignite/ignite-baseline/3.0.0-SNAPSHOT/ignite-baseline-3.0.0-SNAPSHOT.pom
[INFO] 
[INFO] -----------------< org.apache.ignite:ignite-affinity >------------------
[INFO] Building ignite-affinity 3.0.0-SNAPSHOT                          [22/40]
[INFO] --------------------------------[ jar ]---------------------------------
[INFO] 
[INFO] --- maven-clean-plugin:3.1.0:clean (default-clean) @ ignite-affinity ---
[INFO] 
[INFO] --- flatten-maven-plugin:1.2.2:clean (flatten.clean.before) @ ignite-affinity ---
[INFO] 
[INFO] --- build-helper-maven-plugin:3.2.0:add-test-source (add-test-source) @ ignite-affinity ---
[INFO] Test Source directory: /home/srafi/after-cam-ready/compare_/compile_repair_output/work/a18505f443aa/modules/affinity/src/integrationTest/java added.
[INFO] 
[INFO] --- build-helper-maven-plugin:3.2.0:add-test-resource (add-test-resource) @ ignite-affinity ---
[INFO] 
[INFO] --- maven-remote-resources-plugin:1.7.0:process (process-resource-bundles) @ ignite-affinity ---
[INFO] Preparing remote bundle org.apache:apache-jar-resource-bundle:1.4
[INFO] Copying 3 resources from 1 bundle.
[INFO] 
[INFO] --- maven-resources-plugin:3.2.0:resources (default-resources) @ ignite-affinity ---
[INFO] Using 'UTF-8' encoding to copy filtered resources.
[INFO] Using 'UTF-8' encoding to copy filtered properties files.
[INFO] skip non existing resourceDirectory /home/srafi/after-cam-ready/compare_/compile_repair_output/work/a18505f443aa/modules/affinity/src/main/resources
[INFO] Copying 3 resources
[INFO] 
[INFO] --- flatten-maven-plugin:1.2.2:flatten (flatten) @ ignite-affinity ---
[INFO] Generating flattened POM of project org.apache.ignite:ignite-affinity:jar:3.0.0-SNAPSHOT...
[INFO] 
[INFO] --- maven-compiler-plugin:3.8.1:compile (default-compile) @ ignite-affinity ---
[INFO] Changes detected - recompiling the module!
[INFO] Compiling 2 source files to /home/srafi/after-cam-ready/compare_/compile_repair_output/work/a18505f443aa/modules/affinity/target/classes
[INFO] /home/srafi/after-cam-ready/compare_/compile_repair_output/work/a18505f443aa/modules/affinity/src/main/java/org/apache/ignite/internal/affinity/RendezvousAffinityFunction.java: /home/srafi/after-cam-ready/compare_/compile_repair_output/work/a18505f443aa/modules/affinity/src/main/java/org/apache/ignite/internal/affinity/RendezvousAffinityFunction.java uses unchecked or unsafe operations.
[INFO] /home/srafi/after-cam-ready/compare_/compile_repair_output/work/a18505f443aa/modules/affinity/src/main/java/org/apache/ignite/internal/affinity/RendezvousAffinityFunction.java: Recompile with -Xlint:unchecked for details.
[INFO] 
[INFO] --- maven-resources-plugin:3.2.0:testResources (default-testResources) @ ignite-affinity ---
[INFO] Using 'UTF-8' encoding to copy filtered resources.
[INFO] Using 'UTF-8' encoding to copy filtered properties files.
[INFO] skip non existing resourceDirectory /home/srafi/after-cam-ready/compare_/compile_repair_output/work/a18505f443aa/modules/affinity/src/test/resources
[INFO] skip non existing resourceDirectory /home/srafi/after-cam-ready/compare_/compile_repair_output/work/a18505f443aa/modules/affinity/src/integrationTest/resources
[INFO] Copying 3 resources
[INFO] 
[INFO] --- maven-compiler-plugin:3.8.1:testCompile (default-testCompile) @ ignite-affinity ---
[INFO] Changes detected - recompiling the module!
[INFO] Compiling 2 source files to /home/srafi/after-cam-ready/compare_/compile_repair_output/work/a18505f443aa/modules/affinity/target/test-classes
[INFO] /home/srafi/after-cam-ready/compare_/compile_repair_output/work/a18505f443aa/modules/affinity/src/test/java/org/apache/ignite/internal/affinity/RendezvousAffinityFunctionTest.java: /home/srafi/after-cam-ready/compare_/compile_repair_output/work/a18505f443aa/modules/affinity/src/test/java/org/apache/ignite/internal/affinity/RendezvousAffinityFunctionTest.java uses unchecked or unsafe operations.
[INFO] /home/srafi/after-cam-ready/compare_/compile_repair_output/work/a18505f443aa/modules/affinity/src/test/java/org/apache/ignite/internal/affinity/RendezvousAffinityFunctionTest.java: Recompile with -Xlint:unchecked for details.
[INFO] 
[INFO] --- modernizer-maven-plugin:2.3.0:modernizer (modernizer) @ ignite-affinity ---
[INFO] Skipping modernizer execution!
[INFO] 
[INFO] --- maven-surefire-plugin:3.0.0-M8-SNAPSHOT:test (default-test) @ ignite-affinity ---
[INFO] Tests are skipped.
[INFO] 
[INFO] --- maven-jar-plugin:3.2.0:jar (default-jar) @ ignite-affinity ---
[INFO] Building jar: /home/srafi/after-cam-ready/compare_/compile_repair_output/work/a18505f443aa/modules/affinity/target/ignite-affinity-3.0.0-SNAPSHOT.jar
[INFO] 
[INFO] --- maven-site-plugin:3.7.1:attach-descriptor (attach-descriptor) @ ignite-affinity ---
[INFO] Skipping because packaging 'jar' is not pom.
[INFO] 
[INFO] --- maven-dependency-plugin:3.2.0:purge-local-repository (purge-local-repository) @ ignite-affinity ---
[INFO] Deleting 1 manual dependency from /home/srafi/.m2/repository
[INFO] 
[INFO] --- maven-failsafe-plugin:3.0.0-M8-SNAPSHOT:integration-test (default) @ ignite-affinity ---
[INFO] Tests are skipped.
[INFO] 
[INFO] --- maven-failsafe-plugin:3.0.0-M8-SNAPSHOT:verify (default) @ ignite-affinity ---
[INFO] Tests are skipped.
[INFO] 
[INFO] --- maven-install-plugin:2.5.2:install (default-install) @ ignite-affinity ---
[INFO] Installing /home/srafi/after-cam-ready/compare_/compile_repair_output/work/a18505f443aa/modules/affinity/target/ignite-affinity-3.0.0-SNAPSHOT.jar to /home/srafi/.m2/repository/org/apache/ignite/ignite-affinity/3.0.0-SNAPSHOT/ignite-affinity-3.0.0-SNAPSHOT.jar
[INFO] Installing /home/srafi/after-cam-ready/compare_/compile_repair_output/work/a18505f443aa/modules/affinity/.flattened-pom.xml to /home/srafi/.m2/repository/org/apache/ignite/ignite-affinity/3.0.0-SNAPSHOT/ignite-affinity-3.0.0-SNAPSHOT.pom
[INFO] 
[INFO] ---------------< org.apache.ignite:ignite-extended-api >----------------
[INFO] Building ignite-extended-api 3.0.0-SNAPSHOT                      [23/40]
[INFO] --------------------------------[ jar ]---------------------------------
[INFO] 
[INFO] --- maven-clean-plugin:3.1.0:clean (default-clean) @ ignite-extended-api ---
[INFO] 
[INFO] --- flatten-maven-plugin:1.2.2:clean (flatten.clean.before) @ ignite-extended-api ---
[INFO] 
[INFO] --- build-helper-maven-plugin:3.2.0:add-test-source (add-test-source) @ ignite-extended-api ---
[INFO] Test Source directory: /home/srafi/after-cam-ready/compare_/compile_repair_output/work/a18505f443aa/modules/extended-api/src/integrationTest/java added.
[INFO] 
[INFO] --- build-helper-maven-plugin:3.2.0:add-test-resource (add-test-resource) @ ignite-extended-api ---
[INFO] 
[INFO] --- maven-remote-resources-plugin:1.7.0:process (process-resource-bundles) @ ignite-extended-api ---
[INFO] Preparing remote bundle org.apache:apache-jar-resource-bundle:1.4
[INFO] Copying 3 resources from 1 bundle.
[INFO] 
[INFO] --- maven-resources-plugin:3.2.0:resources (default-resources) @ ignite-extended-api ---
[INFO] Using 'UTF-8' encoding to copy filtered resources.
[INFO] Using 'UTF-8' encoding to copy filtered properties files.
[INFO] skip non existing resourceDirectory /home/srafi/after-cam-ready/compare_/compile_repair_output/work/a18505f443aa/modules/extended-api/src/main/resources
[INFO] Copying 3 resources
[INFO] 
[INFO] --- flatten-maven-plugin:1.2.2:flatten (flatten) @ ignite-extended-api ---
[INFO] Generating flattened POM of project org.apache.ignite:ignite-extended-api:jar:3.0.0-SNAPSHOT...
[INFO] 
[INFO] --- maven-compiler-plugin:3.8.1:compile (default-compile) @ ignite-extended-api ---
[INFO] Changes detected - recompiling the module!
[INFO] Compiling 2 source files to /home/srafi/after-cam-ready/compare_/compile_repair_output/work/a18505f443aa/modules/extended-api/target/classes
[INFO] 
[INFO] --- maven-resources-plugin:3.2.0:testResources (default-testResources) @ ignite-extended-api ---
[INFO] Using 'UTF-8' encoding to copy filtered resources.
[INFO] Using 'UTF-8' encoding to copy filtered properties files.
[INFO] skip non existing resourceDirectory /home/srafi/after-cam-ready/compare_/compile_repair_output/work/a18505f443aa/modules/extended-api/src/test/resources
[INFO] skip non existing resourceDirectory /home/srafi/after-cam-ready/compare_/compile_repair_output/work/a18505f443aa/modules/extended-api/src/integrationTest/resources
[INFO] Copying 3 resources
[INFO] 
[INFO] --- maven-compiler-plugin:3.8.1:testCompile (default-testCompile) @ ignite-extended-api ---
[INFO] No sources to compile
[INFO] 
[INFO] --- modernizer-maven-plugin:2.3.0:modernizer (modernizer) @ ignite-extended-api ---
[INFO] Skipping modernizer execution!
[INFO] 
[INFO] --- maven-surefire-plugin:3.0.0-M8-SNAPSHOT:test (default-test) @ ignite-extended-api ---
[INFO] Tests are skipped.
[INFO] 
[INFO] --- maven-jar-plugin:3.2.0:jar (default-jar) @ ignite-extended-api ---
[INFO] Building jar: /home/srafi/after-cam-ready/compare_/compile_repair_output/work/a18505f443aa/modules/extended-api/target/ignite-extended-api-3.0.0-SNAPSHOT.jar
[INFO] 
[INFO] --- maven-site-plugin:3.7.1:attach-descriptor (attach-descriptor) @ ignite-extended-api ---
[INFO] Skipping because packaging 'jar' is not pom.
[INFO] 
[INFO] --- maven-dependency-plugin:3.2.0:purge-local-repository (purge-local-repository) @ ignite-extended-api ---
[INFO] Deleting 1 manual dependency from /home/srafi/.m2/repository
[INFO] 
[INFO] --- maven-failsafe-plugin:3.0.0-M8-SNAPSHOT:integration-test (default) @ ignite-extended-api ---
[INFO] Tests are skipped.
[INFO] 
[INFO] --- maven-failsafe-plugin:3.0.0-M8-SNAPSHOT:verify (default) @ ignite-extended-api ---
[INFO] Tests are skipped.
[INFO] 
[INFO] --- maven-install-plugin:2.5.2:install (default-install) @ ignite-extended-api ---
[INFO] Installing /home/srafi/after-cam-ready/compare_/compile_repair_output/work/a18505f443aa/modules/extended-api/target/ignite-extended-api-3.0.0-SNAPSHOT.jar to /home/srafi/.m2/repository/org/apache/ignite/ignite-extended-api/3.0.0-SNAPSHOT/ignite-extended-api-3.0.0-SNAPSHOT.jar
[INFO] Installing /home/srafi/after-cam-ready/compare_/compile_repair_output/work/a18505f443aa/modules/extended-api/.flattened-pom.xml to /home/srafi/.m2/repository/org/apache/ignite/ignite-extended-api/3.0.0-SNAPSHOT/ignite-extended-api-3.0.0-SNAPSHOT.pom
[INFO] 
[INFO] ------------------< org.apache.ignite:ignite-schema >-------------------
[INFO] Building ignite-schema 3.0.0-SNAPSHOT                            [24/40]
[INFO] --------------------------------[ jar ]---------------------------------
[INFO] 
[INFO] --- maven-clean-plugin:3.1.0:clean (default-clean) @ ignite-schema ---
[INFO] 
[INFO] --- flatten-maven-plugin:1.2.2:clean (flatten.clean.before) @ ignite-schema ---
[INFO] 
[INFO] --- build-helper-maven-plugin:3.2.0:add-test-source (add-test-source) @ ignite-schema ---
[INFO] Test Source directory: /home/srafi/after-cam-ready/compare_/compile_repair_output/work/a18505f443aa/modules/schema/src/integrationTest/java added.
[INFO] 
[INFO] --- build-helper-maven-plugin:3.2.0:add-test-resource (add-test-resource) @ ignite-schema ---
[INFO] 
[INFO] --- maven-remote-resources-plugin:1.7.0:process (process-resource-bundles) @ ignite-schema ---
[INFO] Preparing remote bundle org.apache:apache-jar-resource-bundle:1.4
[INFO] Copying 3 resources from 1 bundle.
[INFO] 
[INFO] --- maven-resources-plugin:3.2.0:resources (default-resources) @ ignite-schema ---
[INFO] Using 'UTF-8' encoding to copy filtered resources.
[INFO] Using 'UTF-8' encoding to copy filtered properties files.
[INFO] Copying 1 resource
[INFO] Copying 3 resources
[INFO] 
[INFO] --- flatten-maven-plugin:1.2.2:flatten (flatten) @ ignite-schema ---
[INFO] Generating flattened POM of project org.apache.ignite:ignite-schema:jar:3.0.0-SNAPSHOT...
[INFO] 
[INFO] --- maven-compiler-plugin:3.8.1:compile (default-compile) @ ignite-schema ---
[INFO] Changes detected - recompiling the module!
[INFO] Compiling 89 source files to /home/srafi/after-cam-ready/compare_/compile_repair_output/work/a18505f443aa/modules/schema/target/classes
[INFO] /home/srafi/after-cam-ready/compare_/compile_repair_output/work/a18505f443aa/modules/schema/src/main/java/org/apache/ignite/internal/schema/marshaller/reflection/RecordMarshallerImpl.java: Some input files use unchecked or unsafe operations.
[INFO] /home/srafi/after-cam-ready/compare_/compile_repair_output/work/a18505f443aa/modules/schema/src/main/java/org/apache/ignite/internal/schema/marshaller/reflection/RecordMarshallerImpl.java: Recompile with -Xlint:unchecked for details.
[INFO] 
[INFO] --- maven-resources-plugin:3.2.0:testResources (default-testResources) @ ignite-schema ---
[INFO] Using 'UTF-8' encoding to copy filtered resources.
[INFO] Using 'UTF-8' encoding to copy filtered properties files.
[INFO] skip non existing resourceDirectory /home/srafi/after-cam-ready/compare_/compile_repair_output/work/a18505f443aa/modules/schema/src/test/resources
[INFO] skip non existing resourceDirectory /home/srafi/after-cam-ready/compare_/compile_repair_output/work/a18505f443aa/modules/schema/src/integrationTest/resources
[INFO] Copying 3 resources
[INFO] 
[INFO] --- maven-compiler-plugin:3.8.1:testCompile (default-testCompile) @ ignite-schema ---
[INFO] Changes detected - recompiling the module!
[INFO] Compiling 38 source files to /home/srafi/after-cam-ready/compare_/compile_repair_output/work/a18505f443aa/modules/schema/target/test-classes
[INFO] /home/srafi/after-cam-ready/compare_/compile_repair_output/work/a18505f443aa/modules/schema/src/test/java/org/apache/ignite/internal/benchmarks/SerializerBenchmarkTest.java: Some input files use unchecked or unsafe operations.
[INFO] /home/srafi/after-cam-ready/compare_/compile_repair_output/work/a18505f443aa/modules/schema/src/test/java/org/apache/ignite/internal/benchmarks/SerializerBenchmarkTest.java: Recompile with -Xlint:unchecked for details.
[INFO] 
[INFO] --- modernizer-maven-plugin:2.3.0:modernizer (modernizer) @ ignite-schema ---
[INFO] Skipping modernizer execution!
[INFO] 
[INFO] --- maven-surefire-plugin:3.0.0-M8-SNAPSHOT:test (default-test) @ ignite-schema ---
[INFO] Tests are skipped.
[INFO] 
[INFO] --- maven-jar-plugin:3.2.0:jar (default-jar) @ ignite-schema ---
[INFO] Building jar: /home/srafi/after-cam-ready/compare_/compile_repair_output/work/a18505f443aa/modules/schema/target/ignite-schema-3.0.0-SNAPSHOT.jar
[INFO] 
[INFO] --- maven-site-plugin:3.7.1:attach-descriptor (attach-descriptor) @ ignite-schema ---
[INFO] Skipping because packaging 'jar' is not pom.
[INFO] 
[INFO] --- maven-dependency-plugin:3.2.0:purge-local-repository (purge-local-repository) @ ignite-schema ---
[INFO] Deleting 1 manual dependency from /home/srafi/.m2/repository
[INFO] 
[INFO] --- maven-jar-plugin:3.2.0:test-jar (default-testJar) @ ignite-schema ---
[INFO] Building jar: /home/srafi/after-cam-ready/compare_/compile_repair_output/work/a18505f443aa/modules/schema/target/ignite-schema-3.0.0-SNAPSHOT-tests.jar
[INFO] 
[INFO] --- maven-failsafe-plugin:3.0.0-M8-SNAPSHOT:integration-test (default) @ ignite-schema ---
[INFO] Tests are skipped.
[INFO] 
[INFO] --- maven-failsafe-plugin:3.0.0-M8-SNAPSHOT:verify (default) @ ignite-schema ---
[INFO] Tests are skipped.
[INFO] 
[INFO] --- maven-install-plugin:2.5.2:install (default-install) @ ignite-schema ---
[INFO] Installing /home/srafi/after-cam-ready/compare_/compile_repair_output/work/a18505f443aa/modules/schema/target/ignite-schema-3.0.0-SNAPSHOT.jar to /home/srafi/.m2/repository/org/apache/ignite/ignite-schema/3.0.0-SNAPSHOT/ignite-schema-3.0.0-SNAPSHOT.jar
[INFO] Installing /home/srafi/after-cam-ready/compare_/compile_repair_output/work/a18505f443aa/modules/schema/.flattened-pom.xml to /home/srafi/.m2/repository/org/apache/ignite/ignite-schema/3.0.0-SNAPSHOT/ignite-schema-3.0.0-SNAPSHOT.pom
[INFO] Installing /home/srafi/after-cam-ready/compare_/compile_repair_output/work/a18505f443aa/modules/schema/target/ignite-schema-3.0.0-SNAPSHOT-tests.jar to /home/srafi/.m2/repository/org/apache/ignite/ignite-schema/3.0.0-SNAPSHOT/ignite-schema-3.0.0-SNAPSHOT-tests.jar
[INFO] 
[INFO] ---------------< org.apache.ignite:ignite-transactions >----------------
[INFO] Building ignite-transactions 3.0.0-SNAPSHOT                      [25/40]
[INFO] --------------------------------[ jar ]---------------------------------
[INFO] 
[INFO] --- maven-clean-plugin:3.1.0:clean (default-clean) @ ignite-transactions ---
[INFO] 
[INFO] --- flatten-maven-plugin:1.2.2:clean (flatten.clean.before) @ ignite-transactions ---
[INFO] 
[INFO] --- build-helper-maven-plugin:3.2.0:add-test-source (add-test-source) @ ignite-transactions ---
[INFO] Test Source directory: /home/srafi/after-cam-ready/compare_/compile_repair_output/work/a18505f443aa/modules/transactions/src/integrationTest/java added.
[INFO] 
[INFO] --- build-helper-maven-plugin:3.2.0:add-test-resource (add-test-resource) @ ignite-transactions ---
[INFO] 
[INFO] --- maven-remote-resources-plugin:1.7.0:process (process-resource-bundles) @ ignite-transactions ---
[INFO] Preparing remote bundle org.apache:apache-jar-resource-bundle:1.4
[INFO] Copying 3 resources from 1 bundle.
[INFO] 
[INFO] --- maven-resources-plugin:3.2.0:resources (default-resources) @ ignite-transactions ---
[INFO] Using 'UTF-8' encoding to copy filtered resources.
[INFO] Using 'UTF-8' encoding to copy filtered properties files.
[INFO] skip non existing resourceDirectory /home/srafi/after-cam-ready/compare_/compile_repair_output/work/a18505f443aa/modules/transactions/src/main/resources
[INFO] Copying 3 resources
[INFO] 
[INFO] --- flatten-maven-plugin:1.2.2:flatten (flatten) @ ignite-transactions ---
[INFO] Generating flattened POM of project org.apache.ignite:ignite-transactions:jar:3.0.0-SNAPSHOT...
[INFO] 
[INFO] --- maven-compiler-plugin:3.8.1:compile (default-compile) @ ignite-transactions ---
[INFO] Changes detected - recompiling the module!
[INFO] Compiling 14 source files to /home/srafi/after-cam-ready/compare_/compile_repair_output/work/a18505f443aa/modules/transactions/target/classes
[INFO] 
[INFO] --- maven-resources-plugin:3.2.0:testResources (default-testResources) @ ignite-transactions ---
[INFO] Using 'UTF-8' encoding to copy filtered resources.
[INFO] Using 'UTF-8' encoding to copy filtered properties files.
[INFO] skip non existing resourceDirectory /home/srafi/after-cam-ready/compare_/compile_repair_output/work/a18505f443aa/modules/transactions/src/test/resources
[INFO] skip non existing resourceDirectory /home/srafi/after-cam-ready/compare_/compile_repair_output/work/a18505f443aa/modules/transactions/src/integrationTest/resources
[INFO] Copying 3 resources
[INFO] 
[INFO] --- maven-compiler-plugin:3.8.1:testCompile (default-testCompile) @ ignite-transactions ---
[INFO] Changes detected - recompiling the module!
[INFO] Compiling 3 source files to /home/srafi/after-cam-ready/compare_/compile_repair_output/work/a18505f443aa/modules/transactions/target/test-classes
[INFO] 
[INFO] --- modernizer-maven-plugin:2.3.0:modernizer (modernizer) @ ignite-transactions ---
[INFO] Skipping modernizer execution!
[INFO] 
[INFO] --- maven-surefire-plugin:3.0.0-M8-SNAPSHOT:test (default-test) @ ignite-transactions ---
[INFO] Tests are skipped.
[INFO] 
[INFO] --- maven-jar-plugin:3.2.0:jar (default-jar) @ ignite-transactions ---
[INFO] Building jar: /home/srafi/after-cam-ready/compare_/compile_repair_output/work/a18505f443aa/modules/transactions/target/ignite-transactions-3.0.0-SNAPSHOT.jar
[INFO] 
[INFO] --- maven-site-plugin:3.7.1:attach-descriptor (attach-descriptor) @ ignite-transactions ---
[INFO] Skipping because packaging 'jar' is not pom.
[INFO] 
[INFO] --- maven-dependency-plugin:3.2.0:purge-local-repository (purge-local-repository) @ ignite-transactions ---
[INFO] Deleting 1 manual dependency from /home/srafi/.m2/repository
[INFO] 
[INFO] --- maven-failsafe-plugin:3.0.0-M8-SNAPSHOT:integration-test (default) @ ignite-transactions ---
[INFO] Tests are skipped.
[INFO] 
[INFO] --- maven-failsafe-plugin:3.0.0-M8-SNAPSHOT:verify (default) @ ignite-transactions ---
[INFO] Tests are skipped.
[INFO] 
[INFO] --- maven-install-plugin:2.5.2:install (default-install) @ ignite-transactions ---
[INFO] Installing /home/srafi/after-cam-ready/compare_/compile_repair_output/work/a18505f443aa/modules/transactions/target/ignite-transactions-3.0.0-SNAPSHOT.jar to /home/srafi/.m2/repository/org/apache/ignite/ignite-transactions/3.0.0-SNAPSHOT/ignite-transactions-3.0.0-SNAPSHOT.jar
[INFO] Installing /home/srafi/after-cam-ready/compare_/compile_repair_output/work/a18505f443aa/modules/transactions/.flattened-pom.xml to /home/srafi/.m2/repository/org/apache/ignite/ignite-transactions/3.0.0-SNAPSHOT/ignite-transactions-3.0.0-SNAPSHOT.pom
[INFO] 
[INFO] ----------------< org.apache.ignite:ignite-storage-api >----------------
[INFO] Building ignite-storage-api 3.0.0-SNAPSHOT                       [26/40]
[INFO] --------------------------------[ jar ]---------------------------------
[INFO] 
[INFO] --- maven-clean-plugin:3.1.0:clean (default-clean) @ ignite-storage-api ---
[INFO] 
[INFO] --- flatten-maven-plugin:1.2.2:clean (flatten.clean.before) @ ignite-storage-api ---
[INFO] 
[INFO] --- build-helper-maven-plugin:3.2.0:add-test-source (add-test-source) @ ignite-storage-api ---
[INFO] Test Source directory: /home/srafi/after-cam-ready/compare_/compile_repair_output/work/a18505f443aa/modules/storage-api/src/integrationTest/java added.
[INFO] 
[INFO] --- build-helper-maven-plugin:3.2.0:add-test-resource (add-test-resource) @ ignite-storage-api ---
[INFO] 
[INFO] --- maven-remote-resources-plugin:1.7.0:process (process-resource-bundles) @ ignite-storage-api ---
[INFO] Preparing remote bundle org.apache:apache-jar-resource-bundle:1.4
[INFO] Copying 3 resources from 1 bundle.
[INFO] 
[INFO] --- maven-resources-plugin:3.2.0:resources (default-resources) @ ignite-storage-api ---
[INFO] Using 'UTF-8' encoding to copy filtered resources.
[INFO] Using 'UTF-8' encoding to copy filtered properties files.
[INFO] Copying 1 resource
[INFO] Copying 3 resources
[INFO] 
[INFO] --- flatten-maven-plugin:1.2.2:flatten (flatten) @ ignite-storage-api ---
[INFO] Generating flattened POM of project org.apache.ignite:ignite-storage-api:jar:3.0.0-SNAPSHOT...
[INFO] 
[INFO] --- maven-compiler-plugin:3.8.1:compile (default-compile) @ ignite-storage-api ---
[INFO] Changes detected - recompiling the module!
[INFO] Compiling 38 source files to /home/srafi/after-cam-ready/compare_/compile_repair_output/work/a18505f443aa/modules/storage-api/target/classes
[INFO] /home/srafi/after-cam-ready/compare_/compile_repair_output/work/a18505f443aa/modules/storage-api/src/main/java/org/apache/ignite/internal/storage/DataStorageModules.java: Some input files use unchecked or unsafe operations.
[INFO] /home/srafi/after-cam-ready/compare_/compile_repair_output/work/a18505f443aa/modules/storage-api/src/main/java/org/apache/ignite/internal/storage/DataStorageModules.java: Recompile with -Xlint:unchecked for details.
[INFO] 
[INFO] --- maven-resources-plugin:3.2.0:testResources (default-testResources) @ ignite-storage-api ---
[INFO] Using 'UTF-8' encoding to copy filtered resources.
[INFO] Using 'UTF-8' encoding to copy filtered properties files.
[INFO] Copying 2 resources
[INFO] skip non existing resourceDirectory /home/srafi/after-cam-ready/compare_/compile_repair_output/work/a18505f443aa/modules/storage-api/src/integrationTest/resources
[INFO] Copying 3 resources
[INFO] 
[INFO] --- maven-compiler-plugin:3.8.1:testCompile (default-testCompile) @ ignite-storage-api ---
[INFO] Changes detected - recompiling the module!
[INFO] Compiling 19 source files to /home/srafi/after-cam-ready/compare_/compile_repair_output/work/a18505f443aa/modules/storage-api/target/test-classes
[INFO] /home/srafi/after-cam-ready/compare_/compile_repair_output/work/a18505f443aa/modules/storage-api/src/test/java/org/apache/ignite/internal/storage/chm/TestConcurrentHashMapPartitionStorage.java: /home/srafi/after-cam-ready/compare_/compile_repair_output/work/a18505f443aa/modules/storage-api/src/test/java/org/apache/ignite/internal/storage/chm/TestConcurrentHashMapPartitionStorage.java uses unchecked or unsafe operations.
[INFO] /home/srafi/after-cam-ready/compare_/compile_repair_output/work/a18505f443aa/modules/storage-api/src/test/java/org/apache/ignite/internal/storage/chm/TestConcurrentHashMapPartitionStorage.java: Recompile with -Xlint:unchecked for details.
[INFO] 
[INFO] --- modernizer-maven-plugin:2.3.0:modernizer (modernizer) @ ignite-storage-api ---
[INFO] Skipping modernizer execution!
[INFO] 
[INFO] --- maven-surefire-plugin:3.0.0-M8-SNAPSHOT:test (default-test) @ ignite-storage-api ---
[INFO] Tests are skipped.
[INFO] 
[INFO] --- maven-jar-plugin:3.2.0:jar (default-jar) @ ignite-storage-api ---
[INFO] Building jar: /home/srafi/after-cam-ready/compare_/compile_repair_output/work/a18505f443aa/modules/storage-api/target/ignite-storage-api-3.0.0-SNAPSHOT.jar
[INFO] 
[INFO] --- maven-site-plugin:3.7.1:attach-descriptor (attach-descriptor) @ ignite-storage-api ---
[INFO] Skipping because packaging 'jar' is not pom.
[INFO] 
[INFO] --- maven-dependency-plugin:3.2.0:purge-local-repository (purge-local-repository) @ ignite-storage-api ---
[INFO] Deleting 1 manual dependency from /home/srafi/.m2/repository
[INFO] 
[INFO] --- maven-jar-plugin:3.2.0:test-jar (default-testJar) @ ignite-storage-api ---
[INFO] Building jar: /home/srafi/after-cam-ready/compare_/compile_repair_output/work/a18505f443aa/modules/storage-api/target/ignite-storage-api-3.0.0-SNAPSHOT-tests.jar
[INFO] 
[INFO] --- maven-failsafe-plugin:3.0.0-M8-SNAPSHOT:integration-test (default) @ ignite-storage-api ---
[INFO] Tests are skipped.
[INFO] 
[INFO] --- maven-failsafe-plugin:3.0.0-M8-SNAPSHOT:verify (default) @ ignite-storage-api ---
[INFO] Tests are skipped.
[INFO] 
[INFO] --- maven-install-plugin:2.5.2:install (default-install) @ ignite-storage-api ---
[INFO] Installing /home/srafi/after-cam-ready/compare_/compile_repair_output/work/a18505f443aa/modules/storage-api/target/ignite-storage-api-3.0.0-SNAPSHOT.jar to /home/srafi/.m2/repository/org/apache/ignite/ignite-storage-api/3.0.0-SNAPSHOT/ignite-storage-api-3.0.0-SNAPSHOT.jar
[INFO] Installing /home/srafi/after-cam-ready/compare_/compile_repair_output/work/a18505f443aa/modules/storage-api/.flattened-pom.xml to /home/srafi/.m2/repository/org/apache/ignite/ignite-storage-api/3.0.0-SNAPSHOT/ignite-storage-api-3.0.0-SNAPSHOT.pom
[INFO] Installing /home/srafi/after-cam-ready/compare_/compile_repair_output/work/a18505f443aa/modules/storage-api/target/ignite-storage-api-3.0.0-SNAPSHOT-tests.jar to /home/srafi/.m2/repository/org/apache/ignite/ignite-storage-api/3.0.0-SNAPSHOT/ignite-storage-api-3.0.0-SNAPSHOT-tests.jar
[INFO] 
[INFO] ------------------< org.apache.ignite:ignite-file-io >------------------
[INFO] Building ignite-file-io 3.0.0-SNAPSHOT                           [27/40]
[INFO] --------------------------------[ jar ]---------------------------------
[INFO] 
[INFO] --- maven-clean-plugin:3.1.0:clean (default-clean) @ ignite-file-io ---
[INFO] 
[INFO] --- flatten-maven-plugin:1.2.2:clean (flatten.clean.before) @ ignite-file-io ---
[INFO] 
[INFO] --- build-helper-maven-plugin:3.2.0:add-test-source (add-test-source) @ ignite-file-io ---
[INFO] Test Source directory: /home/srafi/after-cam-ready/compare_/compile_repair_output/work/a18505f443aa/modules/file-io/src/integrationTest/java added.
[INFO] 
[INFO] --- build-helper-maven-plugin:3.2.0:add-test-resource (add-test-resource) @ ignite-file-io ---
[INFO] 
[INFO] --- maven-remote-resources-plugin:1.7.0:process (process-resource-bundles) @ ignite-file-io ---
[INFO] Preparing remote bundle org.apache:apache-jar-resource-bundle:1.4
[INFO] Copying 3 resources from 1 bundle.
[INFO] 
[INFO] --- maven-resources-plugin:3.2.0:resources (default-resources) @ ignite-file-io ---
[INFO] Using 'UTF-8' encoding to copy filtered resources.
[INFO] Using 'UTF-8' encoding to copy filtered properties files.
[INFO] skip non existing resourceDirectory /home/srafi/after-cam-ready/compare_/compile_repair_output/work/a18505f443aa/modules/file-io/src/main/resources
[INFO] Copying 3 resources
[INFO] 
[INFO] --- flatten-maven-plugin:1.2.2:flatten (flatten) @ ignite-file-io ---
[INFO] Generating flattened POM of project org.apache.ignite:ignite-file-io:jar:3.0.0-SNAPSHOT...
[INFO] 
[INFO] --- maven-compiler-plugin:3.8.1:compile (default-compile) @ ignite-file-io ---
[INFO] Changes detected - recompiling the module!
[INFO] Compiling 8 source files to /home/srafi/after-cam-ready/compare_/compile_repair_output/work/a18505f443aa/modules/file-io/target/classes
[INFO] 
[INFO] --- maven-resources-plugin:3.2.0:testResources (default-testResources) @ ignite-file-io ---
[INFO] Using 'UTF-8' encoding to copy filtered resources.
[INFO] Using 'UTF-8' encoding to copy filtered properties files.
[INFO] skip non existing resourceDirectory /home/srafi/after-cam-ready/compare_/compile_repair_output/work/a18505f443aa/modules/file-io/src/test/resources
[INFO] skip non existing resourceDirectory /home/srafi/after-cam-ready/compare_/compile_repair_output/work/a18505f443aa/modules/file-io/src/integrationTest/resources
[INFO] Copying 3 resources
[INFO] 
[INFO] --- maven-compiler-plugin:3.8.1:testCompile (default-testCompile) @ ignite-file-io ---
[INFO] Changes detected - recompiling the module!
[INFO] Compiling 4 source files to /home/srafi/after-cam-ready/compare_/compile_repair_output/work/a18505f443aa/modules/file-io/target/test-classes
[INFO] 
[INFO] --- modernizer-maven-plugin:2.3.0:modernizer (modernizer) @ ignite-file-io ---
[INFO] Skipping modernizer execution!
[INFO] 
[INFO] --- maven-surefire-plugin:3.0.0-M8-SNAPSHOT:test (default-test) @ ignite-file-io ---
[INFO] Tests are skipped.
[INFO] 
[INFO] --- maven-jar-plugin:3.2.0:jar (default-jar) @ ignite-file-io ---
[INFO] Building jar: /home/srafi/after-cam-ready/compare_/compile_repair_output/work/a18505f443aa/modules/file-io/target/ignite-file-io-3.0.0-SNAPSHOT.jar
[INFO] 
[INFO] --- maven-site-plugin:3.7.1:attach-descriptor (attach-descriptor) @ ignite-file-io ---
[INFO] Skipping because packaging 'jar' is not pom.
[INFO] 
[INFO] --- maven-dependency-plugin:3.2.0:purge-local-repository (purge-local-repository) @ ignite-file-io ---
[INFO] Deleting 1 manual dependency from /home/srafi/.m2/repository
[INFO] 
[INFO] --- maven-failsafe-plugin:3.0.0-M8-SNAPSHOT:integration-test (default) @ ignite-file-io ---
[INFO] Tests are skipped.
[INFO] 
[INFO] --- maven-failsafe-plugin:3.0.0-M8-SNAPSHOT:verify (default) @ ignite-file-io ---
[INFO] Tests are skipped.
[INFO] 
[INFO] --- maven-install-plugin:2.5.2:install (default-install) @ ignite-file-io ---
[INFO] Installing /home/srafi/after-cam-ready/compare_/compile_repair_output/work/a18505f443aa/modules/file-io/target/ignite-file-io-3.0.0-SNAPSHOT.jar to /home/srafi/.m2/repository/org/apache/ignite/ignite-file-io/3.0.0-SNAPSHOT/ignite-file-io-3.0.0-SNAPSHOT.jar
[INFO] Installing /home/srafi/after-cam-ready/compare_/compile_repair_output/work/a18505f443aa/modules/file-io/.flattened-pom.xml to /home/srafi/.m2/repository/org/apache/ignite/ignite-file-io/3.0.0-SNAPSHOT/ignite-file-io-3.0.0-SNAPSHOT.pom
[INFO] 
[INFO] ----------------< org.apache.ignite:ignite-page-memory >----------------
[INFO] Building ignite-page-memory 3.0.0-SNAPSHOT                       [28/40]
[INFO] --------------------------------[ jar ]---------------------------------
[INFO] 
[INFO] --- maven-clean-plugin:3.1.0:clean (default-clean) @ ignite-page-memory ---
[INFO] 
[INFO] --- flatten-maven-plugin:1.2.2:clean (flatten.clean.before) @ ignite-page-memory ---
[INFO] 
[INFO] --- build-helper-maven-plugin:3.2.0:add-test-source (add-test-source) @ ignite-page-memory ---
[INFO] Test Source directory: /home/srafi/after-cam-ready/compare_/compile_repair_output/work/a18505f443aa/modules/page-memory/src/integrationTest/java added.
[INFO] 
[INFO] --- build-helper-maven-plugin:3.2.0:add-test-resource (add-test-resource) @ ignite-page-memory ---
[INFO] 
[INFO] --- maven-remote-resources-plugin:1.7.0:process (process-resource-bundles) @ ignite-page-memory ---
[INFO] Preparing remote bundle org.apache:apache-jar-resource-bundle:1.4
[INFO] Copying 3 resources from 1 bundle.
[INFO] 
[INFO] --- maven-resources-plugin:3.2.0:resources (default-resources) @ ignite-page-memory ---
[INFO] Using 'UTF-8' encoding to copy filtered resources.
[INFO] Using 'UTF-8' encoding to copy filtered properties files.
[INFO] Copying 1 resource
[INFO] Copying 3 resources
[INFO] 
[INFO] --- flatten-maven-plugin:1.2.2:flatten (flatten) @ ignite-page-memory ---
[INFO] Generating flattened POM of project org.apache.ignite:ignite-page-memory:jar:3.0.0-SNAPSHOT...
[INFO] 
[INFO] --- maven-compiler-plugin:3.8.1:compile (default-compile) @ ignite-page-memory ---
[INFO] Changes detected - recompiling the module!
[INFO] Compiling 112 source files to /home/srafi/after-cam-ready/compare_/compile_repair_output/work/a18505f443aa/modules/page-memory/target/classes
[INFO] /home/srafi/after-cam-ready/compare_/compile_repair_output/work/a18505f443aa/modules/page-memory/src/main/java/org/apache/ignite/internal/pagememory/persistence/PageMemoryImpl.java: Some input files use unchecked or unsafe operations.
[INFO] /home/srafi/after-cam-ready/compare_/compile_repair_output/work/a18505f443aa/modules/page-memory/src/main/java/org/apache/ignite/internal/pagememory/persistence/PageMemoryImpl.java: Recompile with -Xlint:unchecked for details.
[INFO] 
[INFO] --- maven-resources-plugin:3.2.0:testResources (default-testResources) @ ignite-page-memory ---
[INFO] Using 'UTF-8' encoding to copy filtered resources.
[INFO] Using 'UTF-8' encoding to copy filtered properties files.
[INFO] Copying 1 resource
[INFO] skip non existing resourceDirectory /home/srafi/after-cam-ready/compare_/compile_repair_output/work/a18505f443aa/modules/page-memory/src/integrationTest/resources
[INFO] Copying 3 resources
[INFO] 
[INFO] --- maven-compiler-plugin:3.8.1:testCompile (default-testCompile) @ ignite-page-memory ---
[INFO] Changes detected - recompiling the module!
[INFO] Compiling 40 source files to /home/srafi/after-cam-ready/compare_/compile_repair_output/work/a18505f443aa/modules/page-memory/target/test-classes
[INFO] /home/srafi/after-cam-ready/compare_/compile_repair_output/work/a18505f443aa/modules/page-memory/src/test/java/org/apache/ignite/internal/pagememory/persistence/checkpoint/CheckpointPagesWriterTest.java: Some input files use unchecked or unsafe operations.
[INFO] /home/srafi/after-cam-ready/compare_/compile_repair_output/work/a18505f443aa/modules/page-memory/src/test/java/org/apache/ignite/internal/pagememory/persistence/checkpoint/CheckpointPagesWriterTest.java: Recompile with -Xlint:unchecked for details.
[INFO] 
[INFO] --- modernizer-maven-plugin:2.3.0:modernizer (modernizer) @ ignite-page-memory ---
[INFO] Skipping modernizer execution!
[INFO] 
[INFO] --- maven-surefire-plugin:3.0.0-M8-SNAPSHOT:test (default-test) @ ignite-page-memory ---
[INFO] Tests are skipped.
[INFO] 
[INFO] --- maven-jar-plugin:3.2.0:jar (default-jar) @ ignite-page-memory ---
[INFO] Building jar: /home/srafi/after-cam-ready/compare_/compile_repair_output/work/a18505f443aa/modules/page-memory/target/ignite-page-memory-3.0.0-SNAPSHOT.jar
[INFO] 
[INFO] --- maven-site-plugin:3.7.1:attach-descriptor (attach-descriptor) @ ignite-page-memory ---
[INFO] Skipping because packaging 'jar' is not pom.
[INFO] 
[INFO] --- maven-dependency-plugin:3.2.0:purge-local-repository (purge-local-repository) @ ignite-page-memory ---
[INFO] Deleting 1 manual dependency from /home/srafi/.m2/repository
[INFO] 
[INFO] --- maven-failsafe-plugin:3.0.0-M8-SNAPSHOT:integration-test (default) @ ignite-page-memory ---
[INFO] Tests are skipped.
[INFO] 
[INFO] --- maven-failsafe-plugin:3.0.0-M8-SNAPSHOT:verify (default) @ ignite-page-memory ---
[INFO] Tests are skipped.
[INFO] 
[INFO] --- maven-install-plugin:2.5.2:install (default-install) @ ignite-page-memory ---
[INFO] Installing /home/srafi/after-cam-ready/compare_/compile_repair_output/work/a18505f443aa/modules/page-memory/target/ignite-page-memory-3.0.0-SNAPSHOT.jar to /home/srafi/.m2/repository/org/apache/ignite/ignite-page-memory/3.0.0-SNAPSHOT/ignite-page-memory-3.0.0-SNAPSHOT.jar
[INFO] Installing /home/srafi/after-cam-ready/compare_/compile_repair_output/work/a18505f443aa/modules/page-memory/.flattened-pom.xml to /home/srafi/.m2/repository/org/apache/ignite/ignite-page-memory/3.0.0-SNAPSHOT/ignite-page-memory-3.0.0-SNAPSHOT.pom
[INFO] 
[INFO] ------------< org.apache.ignite:ignite-storage-page-memory >------------
[INFO] Building ignite-storage-page-memory 3.0.0-SNAPSHOT               [29/40]
[INFO] --------------------------------[ jar ]---------------------------------
[INFO] 
[INFO] --- maven-clean-plugin:3.1.0:clean (default-clean) @ ignite-storage-page-memory ---
[INFO] 
[INFO] --- flatten-maven-plugin:1.2.2:clean (flatten.clean.before) @ ignite-storage-page-memory ---
[INFO] 
[INFO] --- build-helper-maven-plugin:3.2.0:add-test-source (add-test-source) @ ignite-storage-page-memory ---
[INFO] Test Source directory: /home/srafi/after-cam-ready/compare_/compile_repair_output/work/a18505f443aa/modules/storage-page-memory/src/integrationTest/java added.
[INFO] 
[INFO] --- build-helper-maven-plugin:3.2.0:add-test-resource (add-test-resource) @ ignite-storage-page-memory ---
[INFO] 
[INFO] --- maven-remote-resources-plugin:1.7.0:process (process-resource-bundles) @ ignite-storage-page-memory ---
[INFO] Preparing remote bundle org.apache:apache-jar-resource-bundle:1.4
[INFO] Copying 3 resources from 1 bundle.
[INFO] 
[INFO] --- maven-resources-plugin:3.2.0:resources (default-resources) @ ignite-storage-page-memory ---
[INFO] Using 'UTF-8' encoding to copy filtered resources.
[INFO] Using 'UTF-8' encoding to copy filtered properties files.
[INFO] Copying 3 resources
[INFO] Copying 3 resources
[INFO] 
[INFO] --- flatten-maven-plugin:1.2.2:flatten (flatten) @ ignite-storage-page-memory ---
[INFO] Generating flattened POM of project org.apache.ignite:ignite-storage-page-memory:jar:3.0.0-SNAPSHOT...
[INFO] 
[INFO] --- maven-compiler-plugin:3.8.1:compile (default-compile) @ ignite-storage-page-memory ---
[INFO] Changes detected - recompiling the module!
[INFO] Compiling 52 source files to /home/srafi/after-cam-ready/compare_/compile_repair_output/work/a18505f443aa/modules/storage-page-memory/target/classes
[INFO] /home/srafi/after-cam-ready/compare_/compile_repair_output/work/a18505f443aa/modules/storage-page-memory/target/generated-sources/annotations/org/apache/ignite/internal/storage/pagememory/configuration/schema/PageMemoryStorageEngineConfiguration.java: /home/srafi/after-cam-ready/compare_/compile_repair_output/work/a18505f443aa/modules/storage-page-memory/target/generated-sources/annotations/org/apache/ignite/internal/storage/pagememory/configuration/schema/PageMemoryStorageEngineConfiguration.java uses unchecked or unsafe operations.
[INFO] /home/srafi/after-cam-ready/compare_/compile_repair_output/work/a18505f443aa/modules/storage-page-memory/target/generated-sources/annotations/org/apache/ignite/internal/storage/pagememory/configuration/schema/PageMemoryStorageEngineConfiguration.java: Recompile with -Xlint:unchecked for details.
[INFO] 
[INFO] --- maven-resources-plugin:3.2.0:testResources (default-testResources) @ ignite-storage-page-memory ---
[INFO] Using 'UTF-8' encoding to copy filtered resources.
[INFO] Using 'UTF-8' encoding to copy filtered properties files.
[INFO] skip non existing resourceDirectory /home/srafi/after-cam-ready/compare_/compile_repair_output/work/a18505f443aa/modules/storage-page-memory/src/test/resources
[INFO] skip non existing resourceDirectory /home/srafi/after-cam-ready/compare_/compile_repair_output/work/a18505f443aa/modules/storage-page-memory/src/integrationTest/resources
[INFO] Copying 3 resources
[INFO] 
[INFO] --- maven-compiler-plugin:3.8.1:testCompile (default-testCompile) @ ignite-storage-page-memory ---
[INFO] Changes detected - recompiling the module!
[INFO] Compiling 6 source files to /home/srafi/after-cam-ready/compare_/compile_repair_output/work/a18505f443aa/modules/storage-page-memory/target/test-classes
[INFO] /home/srafi/after-cam-ready/compare_/compile_repair_output/work/a18505f443aa/modules/storage-page-memory/src/test/java/org/apache/ignite/internal/storage/pagememory/configuration/PageMemoryDataRegionValidatorImplTest.java: /home/srafi/after-cam-ready/compare_/compile_repair_output/work/a18505f443aa/modules/storage-page-memory/src/test/java/org/apache/ignite/internal/storage/pagememory/configuration/PageMemoryDataRegionValidatorImplTest.java uses unchecked or unsafe operations.
[INFO] /home/srafi/after-cam-ready/compare_/compile_repair_output/work/a18505f443aa/modules/storage-page-memory/src/test/java/org/apache/ignite/internal/storage/pagememory/configuration/PageMemoryDataRegionValidatorImplTest.java: Recompile with -Xlint:unchecked for details.
[INFO] 
[INFO] --- modernizer-maven-plugin:2.3.0:modernizer (modernizer) @ ignite-storage-page-memory ---
[INFO] Skipping modernizer execution!
[INFO] 
[INFO] --- maven-surefire-plugin:3.0.0-M8-SNAPSHOT:test (default-test) @ ignite-storage-page-memory ---
[INFO] Tests are skipped.
[INFO] 
[INFO] --- maven-jar-plugin:3.2.0:jar (default-jar) @ ignite-storage-page-memory ---
[INFO] Building jar: /home/srafi/after-cam-ready/compare_/compile_repair_output/work/a18505f443aa/modules/storage-page-memory/target/ignite-storage-page-memory-3.0.0-SNAPSHOT.jar
[INFO] 
[INFO] --- maven-site-plugin:3.7.1:attach-descriptor (attach-descriptor) @ ignite-storage-page-memory ---
[INFO] Skipping because packaging 'jar' is not pom.
[INFO] 
[INFO] --- maven-dependency-plugin:3.2.0:purge-local-repository (purge-local-repository) @ ignite-storage-page-memory ---
[INFO] Deleting 1 manual dependency from /home/srafi/.m2/repository
[INFO] 
[INFO] --- maven-failsafe-plugin:3.0.0-M8-SNAPSHOT:integration-test (default) @ ignite-storage-page-memory ---
[INFO] Tests are skipped.
[INFO] 
[INFO] --- maven-failsafe-plugin:3.0.0-M8-SNAPSHOT:verify (default) @ ignite-storage-page-memory ---
[INFO] Tests are skipped.
[INFO] 
[INFO] --- maven-install-plugin:2.5.2:install (default-install) @ ignite-storage-page-memory ---
[INFO] Installing /home/srafi/after-cam-ready/compare_/compile_repair_output/work/a18505f443aa/modules/storage-page-memory/target/ignite-storage-page-memory-3.0.0-SNAPSHOT.jar to /home/srafi/.m2/repository/org/apache/ignite/ignite-storage-page-memory/3.0.0-SNAPSHOT/ignite-storage-page-memory-3.0.0-SNAPSHOT.jar
[INFO] Installing /home/srafi/after-cam-ready/compare_/compile_repair_output/work/a18505f443aa/modules/storage-page-memory/.flattened-pom.xml to /home/srafi/.m2/repository/org/apache/ignite/ignite-storage-page-memory/3.0.0-SNAPSHOT/ignite-storage-page-memory-3.0.0-SNAPSHOT.pom
[INFO] 
[INFO] -------------------< org.apache.ignite:ignite-table >-------------------
[INFO] Building ignite-table 3.0.0-SNAPSHOT                             [30/40]
[INFO] --------------------------------[ jar ]---------------------------------
[INFO] Downloading from central: https://repo.maven.apache.org/maven2/org/mockito/mockito-inline/4.3.1/mockito-inline-4.3.1.pom
[INFO] Downloaded from central: https://repo.maven.apache.org/maven2/org/mockito/mockito-inline/4.3.1/mockito-inline-4.3.1.pom (0 B at 0 B/s)
[INFO] Downloading from central: https://repo.maven.apache.org/maven2/org/mockito/mockito-inline/4.3.1/mockito-inline-4.3.1.jar
[INFO] Downloaded from central: https://repo.maven.apache.org/maven2/org/mockito/mockito-inline/4.3.1/mockito-inline-4.3.1.jar (0 B at 0 B/s)
[INFO] 
[INFO] --- maven-clean-plugin:3.1.0:clean (default-clean) @ ignite-table ---
[INFO] 
[INFO] --- flatten-maven-plugin:1.2.2:clean (flatten.clean.before) @ ignite-table ---
[INFO] 
[INFO] --- build-helper-maven-plugin:3.2.0:add-test-source (add-test-source) @ ignite-table ---
[INFO] Test Source directory: /home/srafi/after-cam-ready/compare_/compile_repair_output/work/a18505f443aa/modules/table/src/integrationTest/java added.
[INFO] 
[INFO] --- build-helper-maven-plugin:3.2.0:add-test-resource (add-test-resource) @ ignite-table ---
[INFO] 
[INFO] --- maven-remote-resources-plugin:1.7.0:process (process-resource-bundles) @ ignite-table ---
[INFO] Preparing remote bundle org.apache:apache-jar-resource-bundle:1.4
[INFO] Copying 3 resources from 1 bundle.
[INFO] 
[INFO] --- maven-resources-plugin:3.2.0:resources (default-resources) @ ignite-table ---
[INFO] Using 'UTF-8' encoding to copy filtered resources.
[INFO] Using 'UTF-8' encoding to copy filtered properties files.
[INFO] Copying 1 resource
[INFO] Copying 3 resources
[INFO] 
[INFO] --- flatten-maven-plugin:1.2.2:flatten (flatten) @ ignite-table ---
[INFO] Generating flattened POM of project org.apache.ignite:ignite-table:jar:3.0.0-SNAPSHOT...
[INFO] 
[INFO] --- maven-compiler-plugin:3.8.1:compile (default-compile) @ ignite-table ---
[INFO] Changes detected - recompiling the module!
[INFO] Compiling 52 source files to /home/srafi/after-cam-ready/compare_/compile_repair_output/work/a18505f443aa/modules/table/target/classes
[INFO] /home/srafi/after-cam-ready/compare_/compile_repair_output/work/a18505f443aa/modules/table/src/main/java/org/apache/ignite/internal/table/distributed/raft/PartitionListener.java: Some input files use unchecked or unsafe operations.
[INFO] /home/srafi/after-cam-ready/compare_/compile_repair_output/work/a18505f443aa/modules/table/src/main/java/org/apache/ignite/internal/table/distributed/raft/PartitionListener.java: Recompile with -Xlint:unchecked for details.
[INFO] 
[INFO] --- maven-resources-plugin:3.2.0:testResources (default-testResources) @ ignite-table ---
[INFO] Using 'UTF-8' encoding to copy filtered resources.
[INFO] Using 'UTF-8' encoding to copy filtered properties files.
[INFO] skip non existing resourceDirectory /home/srafi/after-cam-ready/compare_/compile_repair_output/work/a18505f443aa/modules/table/src/test/resources
[INFO] skip non existing resourceDirectory /home/srafi/after-cam-ready/compare_/compile_repair_output/work/a18505f443aa/modules/table/src/integrationTest/resources
[INFO] Copying 3 resources
[INFO] 
[INFO] --- maven-compiler-plugin:3.8.1:testCompile (default-testCompile) @ ignite-table ---
[INFO] Changes detected - recompiling the module!
[INFO] Compiling 30 source files to /home/srafi/after-cam-ready/compare_/compile_repair_output/work/a18505f443aa/modules/table/target/test-classes
[INFO] /home/srafi/after-cam-ready/compare_/compile_repair_output/work/a18505f443aa/modules/table/src/integrationTest/java/org/apache/ignite/internal/table/ItColocationTest.java: /home/srafi/after-cam-ready/compare_/compile_repair_output/work/a18505f443aa/modules/table/src/integrationTest/java/org/apache/ignite/internal/table/ItColocationTest.java uses or overrides a deprecated API.
[INFO] /home/srafi/after-cam-ready/compare_/compile_repair_output/work/a18505f443aa/modules/table/src/integrationTest/java/org/apache/ignite/internal/table/ItColocationTest.java: Recompile with -Xlint:deprecation for details.
[INFO] /home/srafi/after-cam-ready/compare_/compile_repair_output/work/a18505f443aa/modules/table/src/test/java/org/apache/ignite/internal/table/impl/TestTupleBuilder.java: Some input files use unchecked or unsafe operations.
[INFO] /home/srafi/after-cam-ready/compare_/compile_repair_output/work/a18505f443aa/modules/table/src/test/java/org/apache/ignite/internal/table/impl/TestTupleBuilder.java: Recompile with -Xlint:unchecked for details.
[INFO] 
[INFO] --- modernizer-maven-plugin:2.3.0:modernizer (modernizer) @ ignite-table ---
[INFO] Skipping modernizer execution!
[INFO] 
[INFO] --- maven-surefire-plugin:3.0.0-M8-SNAPSHOT:test (default-test) @ ignite-table ---
[INFO] Tests are skipped.
[INFO] 
[INFO] --- maven-jar-plugin:3.2.0:jar (default-jar) @ ignite-table ---
[INFO] Building jar: /home/srafi/after-cam-ready/compare_/compile_repair_output/work/a18505f443aa/modules/table/target/ignite-table-3.0.0-SNAPSHOT.jar
[INFO] 
[INFO] --- maven-site-plugin:3.7.1:attach-descriptor (attach-descriptor) @ ignite-table ---
[INFO] Skipping because packaging 'jar' is not pom.
[INFO] 
[INFO] --- maven-dependency-plugin:3.2.0:purge-local-repository (purge-local-repository) @ ignite-table ---
[INFO] Deleting 1 manual dependency from /home/srafi/.m2/repository
[INFO] 
[INFO] --- maven-failsafe-plugin:3.0.0-M8-SNAPSHOT:integration-test (default) @ ignite-table ---
[INFO] Tests are skipped.
[INFO] 
[INFO] --- maven-failsafe-plugin:3.0.0-M8-SNAPSHOT:verify (default) @ ignite-table ---
[INFO] Tests are skipped.
[INFO] 
[INFO] --- maven-install-plugin:2.5.2:install (default-install) @ ignite-table ---
[INFO] Installing /home/srafi/after-cam-ready/compare_/compile_repair_output/work/a18505f443aa/modules/table/target/ignite-table-3.0.0-SNAPSHOT.jar to /home/srafi/.m2/repository/org/apache/ignite/ignite-table/3.0.0-SNAPSHOT/ignite-table-3.0.0-SNAPSHOT.jar
[INFO] Installing /home/srafi/after-cam-ready/compare_/compile_repair_output/work/a18505f443aa/modules/table/.flattened-pom.xml to /home/srafi/.m2/repository/org/apache/ignite/ignite-table/3.0.0-SNAPSHOT/ignite-table-3.0.0-SNAPSHOT.pom
[INFO] 
[INFO] --------------< org.apache.ignite:ignite-storage-rocksdb >--------------
[INFO] Building ignite-storage-rocksdb 3.0.0-SNAPSHOT                   [31/40]
[INFO] --------------------------------[ jar ]---------------------------------
[INFO] 
[INFO] --- maven-clean-plugin:3.1.0:clean (default-clean) @ ignite-storage-rocksdb ---
[INFO] 
[INFO] --- flatten-maven-plugin:1.2.2:clean (flatten.clean.before) @ ignite-storage-rocksdb ---
[INFO] 
[INFO] --- build-helper-maven-plugin:3.2.0:add-test-source (add-test-source) @ ignite-storage-rocksdb ---
[INFO] Test Source directory: /home/srafi/after-cam-ready/compare_/compile_repair_output/work/a18505f443aa/modules/storage-rocksdb/src/integrationTest/java added.
[INFO] 
[INFO] --- build-helper-maven-plugin:3.2.0:add-test-resource (add-test-resource) @ ignite-storage-rocksdb ---
[INFO] 
[INFO] --- maven-remote-resources-plugin:1.7.0:process (process-resource-bundles) @ ignite-storage-rocksdb ---
[INFO] Preparing remote bundle org.apache:apache-jar-resource-bundle:1.4
[INFO] Copying 3 resources from 1 bundle.
[INFO] 
[INFO] --- maven-resources-plugin:3.2.0:resources (default-resources) @ ignite-storage-rocksdb ---
[INFO] Using 'UTF-8' encoding to copy filtered resources.
[INFO] Using 'UTF-8' encoding to copy filtered properties files.
[INFO] Copying 2 resources
[INFO] Copying 3 resources
[INFO] 
[INFO] --- flatten-maven-plugin:1.2.2:flatten (flatten) @ ignite-storage-rocksdb ---
[INFO] Generating flattened POM of project org.apache.ignite:ignite-storage-rocksdb:jar:3.0.0-SNAPSHOT...
[INFO] 
[INFO] --- maven-compiler-plugin:3.8.1:compile (default-compile) @ ignite-storage-rocksdb ---
[INFO] Changes detected - recompiling the module!
[INFO] Compiling 22 source files to /home/srafi/after-cam-ready/compare_/compile_repair_output/work/a18505f443aa/modules/storage-rocksdb/target/classes
[INFO] /home/srafi/after-cam-ready/compare_/compile_repair_output/work/a18505f443aa/modules/storage-rocksdb/target/generated-sources/annotations/org/apache/ignite/internal/storage/rocksdb/configuration/schema/RocksDbStorageEngineConfiguration.java: Some input files use unchecked or unsafe operations.
[INFO] /home/srafi/after-cam-ready/compare_/compile_repair_output/work/a18505f443aa/modules/storage-rocksdb/target/generated-sources/annotations/org/apache/ignite/internal/storage/rocksdb/configuration/schema/RocksDbStorageEngineConfiguration.java: Recompile with -Xlint:unchecked for details.
[INFO] 
[INFO] --- maven-resources-plugin:3.2.0:testResources (default-testResources) @ ignite-storage-rocksdb ---
[INFO] Using 'UTF-8' encoding to copy filtered resources.
[INFO] Using 'UTF-8' encoding to copy filtered properties files.
[INFO] skip non existing resourceDirectory /home/srafi/after-cam-ready/compare_/compile_repair_output/work/a18505f443aa/modules/storage-rocksdb/src/test/resources
[INFO] skip non existing resourceDirectory /home/srafi/after-cam-ready/compare_/compile_repair_output/work/a18505f443aa/modules/storage-rocksdb/src/integrationTest/resources
[INFO] Copying 3 resources
[INFO] 
[INFO] --- maven-compiler-plugin:3.8.1:testCompile (default-testCompile) @ ignite-storage-rocksdb ---
[INFO] Changes detected - recompiling the module!
[INFO] Compiling 7 source files to /home/srafi/after-cam-ready/compare_/compile_repair_output/work/a18505f443aa/modules/storage-rocksdb/target/test-classes
[INFO] /home/srafi/after-cam-ready/compare_/compile_repair_output/work/a18505f443aa/modules/storage-rocksdb/src/test/java/org/apache/ignite/internal/storage/rocksdb/index/IndexRowWrapper.java: Some input files use unchecked or unsafe operations.
[INFO] /home/srafi/after-cam-ready/compare_/compile_repair_output/work/a18505f443aa/modules/storage-rocksdb/src/test/java/org/apache/ignite/internal/storage/rocksdb/index/IndexRowWrapper.java: Recompile with -Xlint:unchecked for details.
[INFO] 
[INFO] --- modernizer-maven-plugin:2.3.0:modernizer (modernizer) @ ignite-storage-rocksdb ---
[INFO] Skipping modernizer execution!
[INFO] 
[INFO] --- maven-surefire-plugin:3.0.0-M8-SNAPSHOT:test (default-test) @ ignite-storage-rocksdb ---
[INFO] Tests are skipped.
[INFO] 
[INFO] --- maven-jar-plugin:3.2.0:jar (default-jar) @ ignite-storage-rocksdb ---
[INFO] Building jar: /home/srafi/after-cam-ready/compare_/compile_repair_output/work/a18505f443aa/modules/storage-rocksdb/target/ignite-storage-rocksdb-3.0.0-SNAPSHOT.jar
[INFO] 
[INFO] --- maven-site-plugin:3.7.1:attach-descriptor (attach-descriptor) @ ignite-storage-rocksdb ---
[INFO] Skipping because packaging 'jar' is not pom.
[INFO] 
[INFO] --- maven-dependency-plugin:3.2.0:purge-local-repository (purge-local-repository) @ ignite-storage-rocksdb ---
[INFO] Deleting 1 manual dependency from /home/srafi/.m2/repository
[INFO] 
[INFO] --- maven-failsafe-plugin:3.0.0-M8-SNAPSHOT:integration-test (default) @ ignite-storage-rocksdb ---
[INFO] Tests are skipped.
[INFO] 
[INFO] --- maven-failsafe-plugin:3.0.0-M8-SNAPSHOT:verify (default) @ ignite-storage-rocksdb ---
[INFO] Tests are skipped.
[INFO] 
[INFO] --- maven-install-plugin:2.5.2:install (default-install) @ ignite-storage-rocksdb ---
[INFO] Installing /home/srafi/after-cam-ready/compare_/compile_repair_output/work/a18505f443aa/modules/storage-rocksdb/target/ignite-storage-rocksdb-3.0.0-SNAPSHOT.jar to /home/srafi/.m2/repository/org/apache/ignite/ignite-storage-rocksdb/3.0.0-SNAPSHOT/ignite-storage-rocksdb-3.0.0-SNAPSHOT.jar
[INFO] Installing /home/srafi/after-cam-ready/compare_/compile_repair_output/work/a18505f443aa/modules/storage-rocksdb/.flattened-pom.xml to /home/srafi/.m2/repository/org/apache/ignite/ignite-storage-rocksdb/3.0.0-SNAPSHOT/ignite-storage-rocksdb-3.0.0-SNAPSHOT.pom
[INFO] 
[INFO] ----------------< org.apache.ignite:ignite-sql-engine >-----------------
[INFO] Building ignite-sql-engine 3.0.0-SNAPSHOT                        [32/40]
[INFO] --------------------------------[ jar ]---------------------------------
[INFO] Downloading from central: https://repo.maven.apache.org/maven2/com/github/ben-manes/caffeine/caffeine/3.0.4/caffeine-3.0.4.pom
[INFO] Downloaded from central: https://repo.maven.apache.org/maven2/com/github/ben-manes/caffeine/caffeine/3.0.4/caffeine-3.0.4.pom (2.4 kB at 43 kB/s)
[INFO] Downloading from central: https://repo.maven.apache.org/maven2/org/apache/calcite/calcite-core/1.30.0/calcite-core-1.30.0.pom
[INFO] Downloaded from central: https://repo.maven.apache.org/maven2/org/apache/calcite/calcite-core/1.30.0/calcite-core-1.30.0.pom (5.6 kB at 137 kB/s)
[INFO] Downloading from central: https://repo.maven.apache.org/maven2/org/apache/calcite/calcite-linq4j/1.30.0/calcite-linq4j-1.30.0.pom
[INFO] Downloaded from central: https://repo.maven.apache.org/maven2/org/apache/calcite/calcite-linq4j/1.30.0/calcite-linq4j-1.30.0.pom (2.3 kB at 53 kB/s)
[INFO] Downloading from central: https://repo.maven.apache.org/maven2/org/apache/calcite/avatica/avatica-core/1.20.0/avatica-core-1.20.0.pom
[INFO] Downloaded from central: https://repo.maven.apache.org/maven2/org/apache/calcite/avatica/avatica-core/1.20.0/avatica-core-1.20.0.pom (3.1 kB at 61 kB/s)
[INFO] Downloading from central: https://repo.maven.apache.org/maven2/org/apache/calcite/avatica/avatica-metrics/1.20.0/avatica-metrics-1.20.0.pom
[INFO] Downloaded from central: https://repo.maven.apache.org/maven2/org/apache/calcite/avatica/avatica-metrics/1.20.0/avatica-metrics-1.20.0.pom (1.9 kB at 41 kB/s)
[INFO] Downloading from central: https://repo.maven.apache.org/maven2/com/google/protobuf/protobuf-java/3.17.1/protobuf-java-3.17.1.pom
[INFO] Downloaded from central: https://repo.maven.apache.org/maven2/com/google/protobuf/protobuf-java/3.17.1/protobuf-java-3.17.1.pom (5.6 kB at 98 kB/s)
[INFO] Downloading from central: https://repo.maven.apache.org/maven2/com/google/protobuf/protobuf-parent/3.17.1/protobuf-parent-3.17.1.pom
[INFO] Downloaded from central: https://repo.maven.apache.org/maven2/com/google/protobuf/protobuf-parent/3.17.1/protobuf-parent-3.17.1.pom (7.7 kB at 172 kB/s)
[INFO] Downloading from central: https://repo.maven.apache.org/maven2/com/google/protobuf/protobuf-bom/3.17.1/protobuf-bom-3.17.1.pom
[INFO] Downloaded from central: https://repo.maven.apache.org/maven2/com/google/protobuf/protobuf-bom/3.17.1/protobuf-bom-3.17.1.pom (3.5 kB at 72 kB/s)
[INFO] Downloading from central: https://repo.maven.apache.org/maven2/org/apache/httpcomponents/httpclient/4.5.9/httpclient-4.5.9.pom
[INFO] Downloaded from central: https://repo.maven.apache.org/maven2/org/apache/httpcomponents/httpclient/4.5.9/httpclient-4.5.9.pom (6.6 kB at 135 kB/s)
[INFO] Downloading from central: https://repo.maven.apache.org/maven2/org/apache/httpcomponents/httpcomponents-client/4.5.9/httpcomponents-client-4.5.9.pom
[INFO] Downloaded from central: https://repo.maven.apache.org/maven2/org/apache/httpcomponents/httpcomponents-client/4.5.9/httpcomponents-client-4.5.9.pom (16 kB at 328 kB/s)
[INFO] Downloading from central: https://repo.maven.apache.org/maven2/org/slf4j/slf4j-api/1.7.33/slf4j-api-1.7.33.pom
[INFO] Downloaded from central: https://repo.maven.apache.org/maven2/org/slf4j/slf4j-api/1.7.33/slf4j-api-1.7.33.pom (3.8 kB at 70 kB/s)
[INFO] Downloading from central: https://repo.maven.apache.org/maven2/org/slf4j/slf4j-parent/1.7.33/slf4j-parent-1.7.33.pom
[INFO] Downloaded from central: https://repo.maven.apache.org/maven2/org/slf4j/slf4j-parent/1.7.33/slf4j-parent-1.7.33.pom (14 kB at 306 kB/s)
[INFO] Downloading from central: https://repo.maven.apache.org/maven2/com/google/uzaygezen/uzaygezen-core/0.2/uzaygezen-core-0.2.pom
[INFO] Downloaded from central: https://repo.maven.apache.org/maven2/com/google/uzaygezen/uzaygezen-core/0.2/uzaygezen-core-0.2.pom (0 B at 0 B/s)
[INFO] Downloading from central: https://repo.maven.apache.org/maven2/com/google/uzaygezen/uzaygezen/0.2/uzaygezen-0.2.pom
[INFO] Downloaded from central: https://repo.maven.apache.org/maven2/com/google/uzaygezen/uzaygezen/0.2/uzaygezen-0.2.pom (0 B at 0 B/s)
[INFO] Downloading from central: https://repo.maven.apache.org/maven2/com/google/guava/guava/14.0-rc1/guava-14.0-rc1.pom
[INFO] Downloaded from central: https://repo.maven.apache.org/maven2/com/google/guava/guava/14.0-rc1/guava-14.0-rc1.pom (5.3 kB at 107 kB/s)
[INFO] Downloading from central: https://repo.maven.apache.org/maven2/com/google/guava/guava-parent/14.0-rc1/guava-parent-14.0-rc1.pom
[INFO] Downloaded from central: https://repo.maven.apache.org/maven2/com/google/guava/guava-parent/14.0-rc1/guava-parent-14.0-rc1.pom (2.6 kB at 59 kB/s)
[INFO] Downloading from central: https://repo.maven.apache.org/maven2/org/immutables/value-annotations/2.8.8/value-annotations-2.8.8.pom
[INFO] Downloaded from central: https://repo.maven.apache.org/maven2/org/immutables/value-annotations/2.8.8/value-annotations-2.8.8.pom (0 B at 0 B/s)
[INFO] Downloading from central: https://repo.maven.apache.org/maven2/org/immutables/immutables/2.8.8/immutables-2.8.8.pom
[INFO] Downloaded from central: https://repo.maven.apache.org/maven2/org/immutables/immutables/2.8.8/immutables-2.8.8.pom (0 B at 0 B/s)
[INFO] Downloading from central: https://repo.maven.apache.org/maven2/com/github/ben-manes/caffeine/caffeine/3.0.4/caffeine-3.0.4.jar
[INFO] Downloading from central: https://repo.maven.apache.org/maven2/org/apache/calcite/calcite-core/1.30.0/calcite-core-1.30.0.jar
[INFO] Downloading from central: https://repo.maven.apache.org/maven2/org/slf4j/slf4j-api/1.7.33/slf4j-api-1.7.33.jar
[INFO] Downloading from central: https://repo.maven.apache.org/maven2/com/google/uzaygezen/uzaygezen-core/0.2/uzaygezen-core-0.2.jar
[INFO] Downloading from central: https://repo.maven.apache.org/maven2/org/apache/calcite/calcite-linq4j/1.30.0/calcite-linq4j-1.30.0.jar
[INFO] Downloaded from central: https://repo.maven.apache.org/maven2/com/google/uzaygezen/uzaygezen-core/0.2/uzaygezen-core-0.2.jar (0 B at 0 B/s)
[INFO] Downloading from central: https://repo.maven.apache.org/maven2/org/immutables/value-annotations/2.8.8/value-annotations-2.8.8.jar
[INFO] Downloaded from central: https://repo.maven.apache.org/maven2/org/slf4j/slf4j-api/1.7.33/slf4j-api-1.7.33.jar (41 kB at 1.5 MB/s)
[INFO] Downloading from central: https://repo.maven.apache.org/maven2/org/apache/calcite/avatica/avatica-core/1.20.0/avatica-core-1.20.0.jar
[INFO] Downloaded from central: https://repo.maven.apache.org/maven2/org/immutables/value-annotations/2.8.8/value-annotations-2.8.8.jar (0 B at 0 B/s)
[INFO] Downloading from central: https://repo.maven.apache.org/maven2/org/apache/calcite/avatica/avatica-metrics/1.20.0/avatica-metrics-1.20.0.jar
[INFO] Downloaded from central: https://repo.maven.apache.org/maven2/org/apache/calcite/calcite-linq4j/1.30.0/calcite-linq4j-1.30.0.jar (508 kB at 11 MB/s)
[INFO] Downloading from central: https://repo.maven.apache.org/maven2/com/google/protobuf/protobuf-java/3.17.1/protobuf-java-3.17.1.jar
[INFO] Downloaded from central: https://repo.maven.apache.org/maven2/com/github/ben-manes/caffeine/caffeine/3.0.4/caffeine-3.0.4.jar (890 kB at 11 MB/s)
[INFO] Downloading from central: https://repo.maven.apache.org/maven2/org/apache/httpcomponents/httpclient/4.5.9/httpclient-4.5.9.jar
[INFO] Downloaded from central: https://repo.maven.apache.org/maven2/org/apache/calcite/avatica/avatica-core/1.20.0/avatica-core-1.20.0.jar (1.3 MB at 14 MB/s)
[INFO] Downloaded from central: https://repo.maven.apache.org/maven2/org/apache/calcite/avatica/avatica-metrics/1.20.0/avatica-metrics-1.20.0.jar (16 kB at 169 kB/s)
[INFO] Downloaded from central: https://repo.maven.apache.org/maven2/com/google/protobuf/protobuf-java/3.17.1/protobuf-java-3.17.1.jar (1.7 MB at 14 MB/s)
[INFO] Downloaded from central: https://repo.maven.apache.org/maven2/org/apache/calcite/calcite-core/1.30.0/calcite-core-1.30.0.jar (7.4 MB at 53 MB/s)
[INFO] Downloaded from central: https://repo.maven.apache.org/maven2/org/apache/httpcomponents/httpclient/4.5.9/httpclient-4.5.9.jar (774 kB at 5.4 MB/s)
[INFO] 
[INFO] --- maven-clean-plugin:3.1.0:clean (default-clean) @ ignite-sql-engine ---
[INFO] 
[INFO] --- flatten-maven-plugin:1.2.2:clean (flatten.clean.before) @ ignite-sql-engine ---
[INFO] 
[INFO] --- build-helper-maven-plugin:3.2.0:add-test-source (add-test-source) @ ignite-sql-engine ---
[INFO] Test Source directory: /home/srafi/after-cam-ready/compare_/compile_repair_output/work/a18505f443aa/modules/sql-engine/src/integrationTest/java added.
[INFO] 
[INFO] --- build-helper-maven-plugin:3.2.0:add-test-resource (add-test-resource) @ ignite-sql-engine ---
[INFO] 
[INFO] --- maven-resources-plugin:3.2.0:copy-resources (copy-fmpp-resources) @ ignite-sql-engine ---
[INFO] Using 'UTF-8' encoding to copy filtered resources.
[INFO] Using 'UTF-8' encoding to copy filtered properties files.
[INFO] Copying 2 resources
[INFO] 
[INFO] --- maven-dependency-plugin:3.2.0:unpack (unpack-parser-template) @ ignite-sql-engine ---
[INFO] Configured Artifact: org.apache.calcite:calcite-core:?:jar
[INFO] Unpacking /home/srafi/.m2/repository/org/apache/calcite/calcite-core/1.30.0/calcite-core-1.30.0.jar to /home/srafi/after-cam-ready/compare_/compile_repair_output/work/a18505f443aa/modules/sql-engine/target with includes "codegen/templates/Parser.jj" and excludes ""
[INFO] 
[INFO] --- maven-remote-resources-plugin:1.7.0:process (process-resource-bundles) @ ignite-sql-engine ---
[INFO] Preparing remote bundle org.apache:apache-jar-resource-bundle:1.4
[INFO] Copying 3 resources from 1 bundle.
[INFO] 
[INFO] --- fmpp-maven-plugin:1.0:generate (generate-fmpp-sources) @ ignite-sql-engine ---
[INFO] Downloading from apache.snapshots: https://repository.apache.org/snapshots/org/freemarker/freemarker/maven-metadata.xml
[INFO] Downloading from central: https://repo.maven.apache.org/maven2/org/freemarker/freemarker/maven-metadata.xml
[INFO] Downloading from sonatype-nexus-snapshots: https://oss.sonatype.org/content/repositories/snapshots/org/freemarker/freemarker/maven-metadata.xml
[INFO] Downloaded from central: https://repo.maven.apache.org/maven2/org/freemarker/freemarker/maven-metadata.xml (698 B at 16 kB/s)
[INFO] Downloaded from apache.snapshots: https://repository.apache.org/snapshots/org/freemarker/freemarker/maven-metadata.xml (406 B at 867 B/s)
[INFO] Downloading from apache.snapshots: https://repository.apache.org/snapshots/org/freemarker/freemarker/2.3.24-SNAPSHOT/maven-metadata.xml
[INFO] Downloading from sonatype-nexus-snapshots: https://oss.sonatype.org/content/repositories/snapshots/org/freemarker/freemarker/2.3.24-SNAPSHOT/maven-metadata.xml
[INFO] Downloaded from apache.snapshots: https://repository.apache.org/snapshots/org/freemarker/freemarker/2.3.24-SNAPSHOT/maven-metadata.xml (818 B at 3.5 kB/s)
[INFO] Downloading from apache.snapshots: https://repository.apache.org/snapshots/org/freemarker/freemarker/2.3.28-incubating-SNAPSHOT/maven-metadata.xml
[INFO] Downloading from sonatype-nexus-snapshots: https://oss.sonatype.org/content/repositories/snapshots/org/freemarker/freemarker/2.3.28-incubating-SNAPSHOT/maven-metadata.xml
[INFO] Downloaded from apache.snapshots: https://repository.apache.org/snapshots/org/freemarker/freemarker/2.3.28-incubating-SNAPSHOT/maven-metadata.xml (1.3 kB at 5.4 kB/s)
[INFO] Downloading from apache.snapshots: https://repository.apache.org/snapshots/oro/oro/maven-metadata.xml
[INFO] Downloading from sonatype-nexus-snapshots: https://oss.sonatype.org/content/repositories/snapshots/oro/oro/maven-metadata.xml
[INFO] Downloading from central: https://repo.maven.apache.org/maven2/oro/oro/maven-metadata.xml
[INFO] Downloaded from central: https://repo.maven.apache.org/maven2/oro/oro/maven-metadata.xml (260 B at 5.3 kB/s)
[INFO] Downloading from apache.snapshots: https://repository.apache.org/snapshots/org/beanshell/bsh/maven-metadata.xml
[INFO] Downloading from central: https://repo.maven.apache.org/maven2/org/beanshell/bsh/maven-metadata.xml
[INFO] Downloading from sonatype-nexus-snapshots: https://oss.sonatype.org/content/repositories/snapshots/org/beanshell/bsh/maven-metadata.xml
[INFO] Downloaded from central: https://repo.maven.apache.org/maven2/org/beanshell/bsh/maven-metadata.xml (323 B at 7.5 kB/s)
[INFO] Downloading from apache.snapshots: https://repository.apache.org/snapshots/xml-resolver/xml-resolver/maven-metadata.xml
[INFO] Downloading from sonatype-nexus-snapshots: https://oss.sonatype.org/content/repositories/snapshots/xml-resolver/xml-resolver/maven-metadata.xml
[INFO] Downloading from central: https://repo.maven.apache.org/maven2/xml-resolver/xml-resolver/maven-metadata.xml
[INFO] Downloaded from central: https://repo.maven.apache.org/maven2/xml-resolver/xml-resolver/maven-metadata.xml (375 B at 7.8 kB/s)
[INFO] Downloading from central: https://repo.maven.apache.org/maven2/org/freemarker/freemarker/2.3.34/freemarker-2.3.34.jar
[INFO] Downloaded from central: https://repo.maven.apache.org/maven2/org/freemarker/freemarker/2.3.34/freemarker-2.3.34.jar (0 B at 0 B/s)
- Executing: Parser.jj
log4j:WARN No appenders could be found for logger (freemarker.cache).
log4j:WARN Please initialize the log4j system properly.
[INFO] Done
[INFO] 
[INFO] --- javacc-maven-plugin:2.6:javacc (javacc) @ ignite-sql-engine ---
Java Compiler Compiler Version 5.0 (Parser Generator)
(type "javacc" with no arguments for help)
Reading from file /home/srafi/after-cam-ready/compare_/compile_repair_output/work/a18505f443aa/modules/sql-engine/target/generated-sources/fmpp/javacc/Parser.jj . . .
Note: UNICODE_INPUT option is specified. Please make sure you create the parser/lexer using a Reader with the correct character encoding.
Warning: Lookahead adequacy checking not being performed since option LOOKAHEAD is more than 1.  Set option FORCE_LA_CHECK to true to force checking.
File "TokenMgrError.java" does not exist.  Will create one.
File "ParseException.java" does not exist.  Will create one.
File "Token.java" does not exist.  Will create one.
File "SimpleCharStream.java" does not exist.  Will create one.
Parser generated with 0 errors and 1 warnings.
[INFO] Processed 1 grammar
[INFO] 
[INFO] --- maven-resources-plugin:3.2.0:resources (default-resources) @ ignite-sql-engine ---
[INFO] Using 'UTF-8' encoding to copy filtered resources.
[INFO] Using 'UTF-8' encoding to copy filtered properties files.
[INFO] skip non existing resourceDirectory /home/srafi/after-cam-ready/compare_/compile_repair_output/work/a18505f443aa/modules/sql-engine/src/main/resources
[INFO] Copying 3 resources
[INFO] 
[INFO] --- flatten-maven-plugin:1.2.2:flatten (flatten) @ ignite-sql-engine ---
[INFO] Generating flattened POM of project org.apache.ignite:ignite-sql-engine:jar:3.0.0-SNAPSHOT...
[INFO] 
[INFO] --- maven-compiler-plugin:3.8.1:compile (default-compile) @ ignite-sql-engine ---
[INFO] Downloading from central: https://repo.maven.apache.org/maven2/org/immutables/value/2.8.8/value-2.8.8.pom
[INFO] Downloaded from central: https://repo.maven.apache.org/maven2/org/immutables/value/2.8.8/value-2.8.8.pom (5.4 kB at 101 kB/s)
[INFO] Downloading from central: https://repo.maven.apache.org/maven2/org/immutables/value/2.8.8/value-2.8.8.jar
[INFO] Downloaded from central: https://repo.maven.apache.org/maven2/org/immutables/value/2.8.8/value-2.8.8.jar (3.0 MB at 41 MB/s)
[INFO] Changes detected - recompiling the module!
[INFO] Compiling 324 source files to /home/srafi/after-cam-ready/compare_/compile_repair_output/work/a18505f443aa/modules/sql-engine/target/classes
[WARNING] /home/srafi/after-cam-ready/compare_/compile_repair_output/work/a18505f443aa/modules/sql-engine/src/main/java/org/apache/ignite/internal/sql/engine/rule/logical/FilterScanMergeRule.java:[43,17] (immutables:incompat) 'singleton' or 'intern' features are automatically turned off when a type have generic parameters
[WARNING] /home/srafi/after-cam-ready/compare_/compile_repair_output/work/a18505f443aa/modules/sql-engine/src/main/java/org/apache/ignite/internal/sql/engine/rule/logical/ProjectScanMergeRule.java:[47,17] (immutables:incompat) 'singleton' or 'intern' features are automatically turned off when a type have generic parameters
[INFO] /home/srafi/after-cam-ready/compare_/compile_repair_output/work/a18505f443aa/modules/sql-engine/src/main/java/org/apache/ignite/internal/sql/engine/util/BaseQueryContext.java: Some input files use or override a deprecated API.
[INFO] /home/srafi/after-cam-ready/compare_/compile_repair_output/work/a18505f443aa/modules/sql-engine/src/main/java/org/apache/ignite/internal/sql/engine/util/BaseQueryContext.java: Recompile with -Xlint:deprecation for details.
[INFO] /home/srafi/after-cam-ready/compare_/compile_repair_output/work/a18505f443aa/modules/sql-engine/src/main/java/org/apache/ignite/internal/sql/engine/trait/IgniteDistribution.java: Some input files use unchecked or unsafe operations.
[INFO] /home/srafi/after-cam-ready/compare_/compile_repair_output/work/a18505f443aa/modules/sql-engine/src/main/java/org/apache/ignite/internal/sql/engine/trait/IgniteDistribution.java: Recompile with -Xlint:unchecked for details.
[INFO] 
[INFO] --- maven-resources-plugin:3.2.0:testResources (default-testResources) @ ignite-sql-engine ---
[INFO] Using 'UTF-8' encoding to copy filtered resources.
[INFO] Using 'UTF-8' encoding to copy filtered properties files.
[INFO] skip non existing resourceDirectory /home/srafi/after-cam-ready/compare_/compile_repair_output/work/a18505f443aa/modules/sql-engine/src/test/resources
[INFO] skip non existing resourceDirectory /home/srafi/after-cam-ready/compare_/compile_repair_output/work/a18505f443aa/modules/sql-engine/src/integrationTest/resources
[INFO] Copying 3 resources
[INFO] 
[INFO] --- maven-compiler-plugin:3.8.1:testCompile (default-testCompile) @ ignite-sql-engine ---
[INFO] Changes detected - recompiling the module!
[INFO] Compiling 50 source files to /home/srafi/after-cam-ready/compare_/compile_repair_output/work/a18505f443aa/modules/sql-engine/target/test-classes
[INFO] /home/srafi/after-cam-ready/compare_/compile_repair_output/work/a18505f443aa/modules/sql-engine/src/test/java/org/apache/ignite/internal/sql/engine/exec/rel/HashAggregateSingleGroupExecutionTest.java: Some input files use or override a deprecated API.
[INFO] /home/srafi/after-cam-ready/compare_/compile_repair_output/work/a18505f443aa/modules/sql-engine/src/test/java/org/apache/ignite/internal/sql/engine/exec/rel/HashAggregateSingleGroupExecutionTest.java: Recompile with -Xlint:deprecation for details.
[INFO] /home/srafi/after-cam-ready/compare_/compile_repair_output/work/a18505f443aa/modules/sql-engine/src/test/java/org/apache/ignite/internal/sql/engine/StopCalciteModuleTest.java: Some input files use unchecked or unsafe operations.
[INFO] /home/srafi/after-cam-ready/compare_/compile_repair_output/work/a18505f443aa/modules/sql-engine/src/test/java/org/apache/ignite/internal/sql/engine/StopCalciteModuleTest.java: Recompile with -Xlint:unchecked for details.
[INFO] 
[INFO] --- modernizer-maven-plugin:2.3.0:modernizer (modernizer) @ ignite-sql-engine ---
[INFO] Skipping modernizer execution!
[INFO] 
[INFO] --- maven-surefire-plugin:3.0.0-M8-SNAPSHOT:test (default-test) @ ignite-sql-engine ---
[INFO] Tests are skipped.
[INFO] 
[INFO] --- maven-jar-plugin:3.2.0:jar (default-jar) @ ignite-sql-engine ---
[INFO] Building jar: /home/srafi/after-cam-ready/compare_/compile_repair_output/work/a18505f443aa/modules/sql-engine/target/ignite-sql-engine-3.0.0-SNAPSHOT.jar
[INFO] 
[INFO] --- maven-site-plugin:3.7.1:attach-descriptor (attach-descriptor) @ ignite-sql-engine ---
[INFO] Skipping because packaging 'jar' is not pom.
[INFO] 
[INFO] --- maven-dependency-plugin:3.2.0:purge-local-repository (purge-local-repository) @ ignite-sql-engine ---
[INFO] Deleting 1 manual dependency from /home/srafi/.m2/repository
[INFO] 
[INFO] --- maven-failsafe-plugin:3.0.0-M8-SNAPSHOT:integration-test (default) @ ignite-sql-engine ---
[INFO] Tests are skipped.
[INFO] 
[INFO] --- maven-failsafe-plugin:3.0.0-M8-SNAPSHOT:verify (default) @ ignite-sql-engine ---
[INFO] Tests are skipped.
[INFO] 
[INFO] --- maven-install-plugin:2.5.2:install (default-install) @ ignite-sql-engine ---
[INFO] Installing /home/srafi/after-cam-ready/compare_/compile_repair_output/work/a18505f443aa/modules/sql-engine/target/ignite-sql-engine-3.0.0-SNAPSHOT.jar to /home/srafi/.m2/repository/org/apache/ignite/ignite-sql-engine/3.0.0-SNAPSHOT/ignite-sql-engine-3.0.0-SNAPSHOT.jar
[INFO] Installing /home/srafi/after-cam-ready/compare_/compile_repair_output/work/a18505f443aa/modules/sql-engine/.flattened-pom.xml to /home/srafi/.m2/repository/org/apache/ignite/ignite-sql-engine/3.0.0-SNAPSHOT/ignite-sql-engine-3.0.0-SNAPSHOT.pom
[INFO] 
[INFO] ---------------< org.apache.ignite:ignite-client-common >---------------
[INFO] Building ignite-client-common 3.0.0-SNAPSHOT                     [33/40]
[INFO] --------------------------------[ jar ]---------------------------------
[INFO] Downloading from central: https://repo.maven.apache.org/maven2/org/msgpack/jackson-dataformat-msgpack/0.8.21/jackson-dataformat-msgpack-0.8.21.pom
[INFO] Downloaded from central: https://repo.maven.apache.org/maven2/org/msgpack/jackson-dataformat-msgpack/0.8.21/jackson-dataformat-msgpack-0.8.21.pom (2.9 kB at 59 kB/s)
[INFO] Downloading from central: https://repo.maven.apache.org/maven2/org/msgpack/jackson-dataformat-msgpack/0.8.21/jackson-dataformat-msgpack-0.8.21.jar
[INFO] Downloaded from central: https://repo.maven.apache.org/maven2/org/msgpack/jackson-dataformat-msgpack/0.8.21/jackson-dataformat-msgpack-0.8.21.jar (31 kB at 411 kB/s)
[INFO] 
[INFO] --- maven-clean-plugin:3.1.0:clean (default-clean) @ ignite-client-common ---
[INFO] 
[INFO] --- flatten-maven-plugin:1.2.2:clean (flatten.clean.before) @ ignite-client-common ---
[INFO] 
[INFO] --- build-helper-maven-plugin:3.2.0:add-test-source (add-test-source) @ ignite-client-common ---
[INFO] Test Source directory: /home/srafi/after-cam-ready/compare_/compile_repair_output/work/a18505f443aa/modules/client-common/src/integrationTest/java added.
[INFO] 
[INFO] --- build-helper-maven-plugin:3.2.0:add-test-resource (add-test-resource) @ ignite-client-common ---
[INFO] 
[INFO] --- maven-remote-resources-plugin:1.7.0:process (process-resource-bundles) @ ignite-client-common ---
[INFO] Preparing remote bundle org.apache:apache-jar-resource-bundle:1.4
[INFO] Copying 3 resources from 1 bundle.
[INFO] 
[INFO] --- maven-resources-plugin:3.2.0:resources (default-resources) @ ignite-client-common ---
[INFO] Using 'UTF-8' encoding to copy filtered resources.
[INFO] Using 'UTF-8' encoding to copy filtered properties files.
[INFO] skip non existing resourceDirectory /home/srafi/after-cam-ready/compare_/compile_repair_output/work/a18505f443aa/modules/client-common/src/main/resources
[INFO] Copying 3 resources
[INFO] 
[INFO] --- flatten-maven-plugin:1.2.2:flatten (flatten) @ ignite-client-common ---
[INFO] Generating flattened POM of project org.apache.ignite:ignite-client-common:jar:3.0.0-SNAPSHOT...
[INFO] 
[INFO] --- maven-compiler-plugin:3.8.1:compile (default-compile) @ ignite-client-common ---
[INFO] Changes detected - recompiling the module!
[INFO] Compiling 43 source files to /home/srafi/after-cam-ready/compare_/compile_repair_output/work/a18505f443aa/modules/client-common/target/classes
[INFO] 
[INFO] --- maven-resources-plugin:3.2.0:testResources (default-testResources) @ ignite-client-common ---
[INFO] Using 'UTF-8' encoding to copy filtered resources.
[INFO] Using 'UTF-8' encoding to copy filtered properties files.
[INFO] skip non existing resourceDirectory /home/srafi/after-cam-ready/compare_/compile_repair_output/work/a18505f443aa/modules/client-common/src/test/resources
[INFO] skip non existing resourceDirectory /home/srafi/after-cam-ready/compare_/compile_repair_output/work/a18505f443aa/modules/client-common/src/integrationTest/resources
[INFO] Copying 3 resources
[INFO] 
[INFO] --- maven-compiler-plugin:3.8.1:testCompile (default-testCompile) @ ignite-client-common ---
[INFO] Changes detected - recompiling the module!
[INFO] Compiling 5 source files to /home/srafi/after-cam-ready/compare_/compile_repair_output/work/a18505f443aa/modules/client-common/target/test-classes
[INFO] 
[INFO] --- modernizer-maven-plugin:2.3.0:modernizer (modernizer) @ ignite-client-common ---
[INFO] Skipping modernizer execution!
[INFO] 
[INFO] --- maven-surefire-plugin:3.0.0-M8-SNAPSHOT:test (default-test) @ ignite-client-common ---
[INFO] Tests are skipped.
[INFO] 
[INFO] --- maven-jar-plugin:3.2.0:jar (default-jar) @ ignite-client-common ---
[INFO] Building jar: /home/srafi/after-cam-ready/compare_/compile_repair_output/work/a18505f443aa/modules/client-common/target/ignite-client-common-3.0.0-SNAPSHOT.jar
[INFO] 
[INFO] --- maven-site-plugin:3.7.1:attach-descriptor (attach-descriptor) @ ignite-client-common ---
[INFO] Skipping because packaging 'jar' is not pom.
[INFO] 
[INFO] --- maven-dependency-plugin:3.2.0:purge-local-repository (purge-local-repository) @ ignite-client-common ---
[INFO] Deleting 1 manual dependency from /home/srafi/.m2/repository
[INFO] 
[INFO] --- maven-failsafe-plugin:3.0.0-M8-SNAPSHOT:integration-test (default) @ ignite-client-common ---
[INFO] Tests are skipped.
[INFO] 
[INFO] --- maven-failsafe-plugin:3.0.0-M8-SNAPSHOT:verify (default) @ ignite-client-common ---
[INFO] Tests are skipped.
[INFO] 
[INFO] --- maven-install-plugin:2.5.2:install (default-install) @ ignite-client-common ---
[INFO] Installing /home/srafi/after-cam-ready/compare_/compile_repair_output/work/a18505f443aa/modules/client-common/target/ignite-client-common-3.0.0-SNAPSHOT.jar to /home/srafi/.m2/repository/org/apache/ignite/ignite-client-common/3.0.0-SNAPSHOT/ignite-client-common-3.0.0-SNAPSHOT.jar
[INFO] Installing /home/srafi/after-cam-ready/compare_/compile_repair_output/work/a18505f443aa/modules/client-common/.flattened-pom.xml to /home/srafi/.m2/repository/org/apache/ignite/ignite-client-common/3.0.0-SNAPSHOT/ignite-client-common-3.0.0-SNAPSHOT.pom
[INFO] 
[INFO] --------------< org.apache.ignite:ignite-client-handler >---------------
[INFO] Building ignite-client-handler 3.0.0-SNAPSHOT                    [34/40]
[INFO] --------------------------------[ jar ]---------------------------------
[INFO] 
[INFO] --- maven-clean-plugin:3.1.0:clean (default-clean) @ ignite-client-handler ---
[INFO] 
[INFO] --- flatten-maven-plugin:1.2.2:clean (flatten.clean.before) @ ignite-client-handler ---
[INFO] 
[INFO] --- build-helper-maven-plugin:3.2.0:add-test-source (add-test-source) @ ignite-client-handler ---
[INFO] Test Source directory: /home/srafi/after-cam-ready/compare_/compile_repair_output/work/a18505f443aa/modules/client-handler/src/integrationTest/java added.
[INFO] 
[INFO] --- build-helper-maven-plugin:3.2.0:add-test-resource (add-test-resource) @ ignite-client-handler ---
[INFO] 
[INFO] --- maven-remote-resources-plugin:1.7.0:process (process-resource-bundles) @ ignite-client-handler ---
[INFO] Preparing remote bundle org.apache:apache-jar-resource-bundle:1.4
[INFO] Copying 3 resources from 1 bundle.
[INFO] 
[INFO] --- maven-resources-plugin:3.2.0:resources (default-resources) @ ignite-client-handler ---
[INFO] Using 'UTF-8' encoding to copy filtered resources.
[INFO] Using 'UTF-8' encoding to copy filtered properties files.
[INFO] skip non existing resourceDirectory /home/srafi/after-cam-ready/compare_/compile_repair_output/work/a18505f443aa/modules/client-handler/src/main/resources
[INFO] Copying 3 resources
[INFO] 
[INFO] --- flatten-maven-plugin:1.2.2:flatten (flatten) @ ignite-client-handler ---
[INFO] Generating flattened POM of project org.apache.ignite:ignite-client-handler:jar:3.0.0-SNAPSHOT...
[INFO] 
[INFO] --- maven-compiler-plugin:3.8.1:compile (default-compile) @ ignite-client-handler ---
[INFO] Changes detected - recompiling the module!
[INFO] Compiling 52 source files to /home/srafi/after-cam-ready/compare_/compile_repair_output/work/a18505f443aa/modules/client-handler/target/classes
[INFO] /home/srafi/after-cam-ready/compare_/compile_repair_output/work/a18505f443aa/modules/client-handler/src/main/java/org/apache/ignite/client/handler/ClientResource.java: /home/srafi/after-cam-ready/compare_/compile_repair_output/work/a18505f443aa/modules/client-handler/src/main/java/org/apache/ignite/client/handler/ClientResource.java uses unchecked or unsafe operations.
[INFO] /home/srafi/after-cam-ready/compare_/compile_repair_output/work/a18505f443aa/modules/client-handler/src/main/java/org/apache/ignite/client/handler/ClientResource.java: Recompile with -Xlint:unchecked for details.
[INFO] 
[INFO] --- maven-resources-plugin:3.2.0:testResources (default-testResources) @ ignite-client-handler ---
[INFO] Using 'UTF-8' encoding to copy filtered resources.
[INFO] Using 'UTF-8' encoding to copy filtered properties files.
[INFO] skip non existing resourceDirectory /home/srafi/after-cam-ready/compare_/compile_repair_output/work/a18505f443aa/modules/client-handler/src/test/resources
[INFO] skip non existing resourceDirectory /home/srafi/after-cam-ready/compare_/compile_repair_output/work/a18505f443aa/modules/client-handler/src/integrationTest/resources
[INFO] Copying 3 resources
[INFO] 
[INFO] --- maven-compiler-plugin:3.8.1:testCompile (default-testCompile) @ ignite-client-handler ---
[INFO] Changes detected - recompiling the module!
[INFO] Compiling 2 source files to /home/srafi/after-cam-ready/compare_/compile_repair_output/work/a18505f443aa/modules/client-handler/target/test-classes
[INFO] 
[INFO] --- modernizer-maven-plugin:2.3.0:modernizer (modernizer) @ ignite-client-handler ---
[INFO] Skipping modernizer execution!
[INFO] 
[INFO] --- maven-surefire-plugin:3.0.0-M8-SNAPSHOT:test (default-test) @ ignite-client-handler ---
[INFO] Tests are skipped.
[INFO] 
[INFO] --- maven-jar-plugin:3.2.0:jar (default-jar) @ ignite-client-handler ---
[INFO] Building jar: /home/srafi/after-cam-ready/compare_/compile_repair_output/work/a18505f443aa/modules/client-handler/target/ignite-client-handler-3.0.0-SNAPSHOT.jar
[INFO] 
[INFO] --- maven-site-plugin:3.7.1:attach-descriptor (attach-descriptor) @ ignite-client-handler ---
[INFO] Skipping because packaging 'jar' is not pom.
[INFO] 
[INFO] --- maven-dependency-plugin:3.2.0:purge-local-repository (purge-local-repository) @ ignite-client-handler ---
[INFO] Deleting 1 manual dependency from /home/srafi/.m2/repository
[INFO] 
[INFO] --- maven-failsafe-plugin:3.0.0-M8-SNAPSHOT:integration-test (default) @ ignite-client-handler ---
[INFO] Tests are skipped.
[INFO] 
[INFO] --- maven-failsafe-plugin:3.0.0-M8-SNAPSHOT:verify (default) @ ignite-client-handler ---
[INFO] Tests are skipped.
[INFO] 
[INFO] --- maven-install-plugin:2.5.2:install (default-install) @ ignite-client-handler ---
[INFO] Installing /home/srafi/after-cam-ready/compare_/compile_repair_output/work/a18505f443aa/modules/client-handler/target/ignite-client-handler-3.0.0-SNAPSHOT.jar to /home/srafi/.m2/repository/org/apache/ignite/ignite-client-handler/3.0.0-SNAPSHOT/ignite-client-handler-3.0.0-SNAPSHOT.jar
[INFO] Installing /home/srafi/after-cam-ready/compare_/compile_repair_output/work/a18505f443aa/modules/client-handler/.flattened-pom.xml to /home/srafi/.m2/repository/org/apache/ignite/ignite-client-handler/3.0.0-SNAPSHOT/ignite-client-handler-3.0.0-SNAPSHOT.pom
[INFO] 
[INFO] ------------------< org.apache.ignite:ignite-compute >------------------
[INFO] Building ignite-compute 3.0.0-SNAPSHOT                           [35/40]
[INFO] --------------------------------[ jar ]---------------------------------
[INFO] 
[INFO] --- maven-clean-plugin:3.1.0:clean (default-clean) @ ignite-compute ---
[INFO] 
[INFO] --- flatten-maven-plugin:1.2.2:clean (flatten.clean.before) @ ignite-compute ---
[INFO] 
[INFO] --- build-helper-maven-plugin:3.2.0:add-test-source (add-test-source) @ ignite-compute ---
[INFO] Test Source directory: /home/srafi/after-cam-ready/compare_/compile_repair_output/work/a18505f443aa/modules/compute/src/integrationTest/java added.
[INFO] 
[INFO] --- build-helper-maven-plugin:3.2.0:add-test-resource (add-test-resource) @ ignite-compute ---
[INFO] 
[INFO] --- maven-remote-resources-plugin:1.7.0:process (process-resource-bundles) @ ignite-compute ---
[INFO] Preparing remote bundle org.apache:apache-jar-resource-bundle:1.4
[INFO] Copying 3 resources from 1 bundle.
[INFO] 
[INFO] --- maven-resources-plugin:3.2.0:resources (default-resources) @ ignite-compute ---
[INFO] Using 'UTF-8' encoding to copy filtered resources.
[INFO] Using 'UTF-8' encoding to copy filtered properties files.
[INFO] skip non existing resourceDirectory /home/srafi/after-cam-ready/compare_/compile_repair_output/work/a18505f443aa/modules/compute/src/main/resources
[INFO] Copying 3 resources
[INFO] 
[INFO] --- flatten-maven-plugin:1.2.2:flatten (flatten) @ ignite-compute ---
[INFO] Generating flattened POM of project org.apache.ignite:ignite-compute:jar:3.0.0-SNAPSHOT...
[INFO] 
[INFO] --- maven-compiler-plugin:3.8.1:compile (default-compile) @ ignite-compute ---
[INFO] Changes detected - recompiling the module!
[INFO] Compiling 7 source files to /home/srafi/after-cam-ready/compare_/compile_repair_output/work/a18505f443aa/modules/compute/target/classes
[INFO] 
[INFO] --- maven-resources-plugin:3.2.0:testResources (default-testResources) @ ignite-compute ---
[INFO] Using 'UTF-8' encoding to copy filtered resources.
[INFO] Using 'UTF-8' encoding to copy filtered properties files.
[INFO] skip non existing resourceDirectory /home/srafi/after-cam-ready/compare_/compile_repair_output/work/a18505f443aa/modules/compute/src/test/resources
[INFO] skip non existing resourceDirectory /home/srafi/after-cam-ready/compare_/compile_repair_output/work/a18505f443aa/modules/compute/src/integrationTest/resources
[INFO] Copying 3 resources
[INFO] 
[INFO] --- maven-compiler-plugin:3.8.1:testCompile (default-testCompile) @ ignite-compute ---
[INFO] Changes detected - recompiling the module!
[INFO] Compiling 3 source files to /home/srafi/after-cam-ready/compare_/compile_repair_output/work/a18505f443aa/modules/compute/target/test-classes
[INFO] 
[INFO] --- modernizer-maven-plugin:2.3.0:modernizer (modernizer) @ ignite-compute ---
[INFO] Skipping modernizer execution!
[INFO] 
[INFO] --- maven-surefire-plugin:3.0.0-M8-SNAPSHOT:test (default-test) @ ignite-compute ---
[INFO] Tests are skipped.
[INFO] 
[INFO] --- maven-jar-plugin:3.2.0:jar (default-jar) @ ignite-compute ---
[INFO] Building jar: /home/srafi/after-cam-ready/compare_/compile_repair_output/work/a18505f443aa/modules/compute/target/ignite-compute-3.0.0-SNAPSHOT.jar
[INFO] 
[INFO] --- maven-site-plugin:3.7.1:attach-descriptor (attach-descriptor) @ ignite-compute ---
[INFO] Skipping because packaging 'jar' is not pom.
[INFO] 
[INFO] --- maven-dependency-plugin:3.2.0:purge-local-repository (purge-local-repository) @ ignite-compute ---
[INFO] Deleting 1 manual dependency from /home/srafi/.m2/repository
[INFO] 
[INFO] --- maven-failsafe-plugin:3.0.0-M8-SNAPSHOT:integration-test (default) @ ignite-compute ---
[INFO] Tests are skipped.
[INFO] 
[INFO] --- maven-failsafe-plugin:3.0.0-M8-SNAPSHOT:verify (default) @ ignite-compute ---
[INFO] Tests are skipped.
[INFO] 
[INFO] --- maven-install-plugin:2.5.2:install (default-install) @ ignite-compute ---
[INFO] Installing /home/srafi/after-cam-ready/compare_/compile_repair_output/work/a18505f443aa/modules/compute/target/ignite-compute-3.0.0-SNAPSHOT.jar to /home/srafi/.m2/repository/org/apache/ignite/ignite-compute/3.0.0-SNAPSHOT/ignite-compute-3.0.0-SNAPSHOT.jar
[INFO] Installing /home/srafi/after-cam-ready/compare_/compile_repair_output/work/a18505f443aa/modules/compute/.flattened-pom.xml to /home/srafi/.m2/repository/org/apache/ignite/ignite-compute/3.0.0-SNAPSHOT/ignite-compute-3.0.0-SNAPSHOT.pom
[INFO] 
[INFO] -------------< org.apache.ignite:ignite-marshaller-common >-------------
[INFO] Building ignite-marshaller-common 3.0.0-SNAPSHOT                 [36/40]
[INFO] --------------------------------[ jar ]---------------------------------
[INFO] 
[INFO] --- maven-clean-plugin:3.1.0:clean (default-clean) @ ignite-marshaller-common ---
[INFO] 
[INFO] --- flatten-maven-plugin:1.2.2:clean (flatten.clean.before) @ ignite-marshaller-common ---
[INFO] 
[INFO] --- build-helper-maven-plugin:3.2.0:add-test-source (add-test-source) @ ignite-marshaller-common ---
[INFO] Test Source directory: /home/srafi/after-cam-ready/compare_/compile_repair_output/work/a18505f443aa/modules/marshaller-common/src/integrationTest/java added.
[INFO] 
[INFO] --- build-helper-maven-plugin:3.2.0:add-test-resource (add-test-resource) @ ignite-marshaller-common ---
[INFO] 
[INFO] --- maven-remote-resources-plugin:1.7.0:process (process-resource-bundles) @ ignite-marshaller-common ---
[INFO] Preparing remote bundle org.apache:apache-jar-resource-bundle:1.4
[INFO] Copying 3 resources from 1 bundle.
[INFO] 
[INFO] --- maven-resources-plugin:3.2.0:resources (default-resources) @ ignite-marshaller-common ---
[INFO] Using 'UTF-8' encoding to copy filtered resources.
[INFO] Using 'UTF-8' encoding to copy filtered properties files.
[INFO] skip non existing resourceDirectory /home/srafi/after-cam-ready/compare_/compile_repair_output/work/a18505f443aa/modules/marshaller-common/src/main/resources
[INFO] Copying 3 resources
[INFO] 
[INFO] --- flatten-maven-plugin:1.2.2:flatten (flatten) @ ignite-marshaller-common ---
[INFO] Generating flattened POM of project org.apache.ignite:ignite-marshaller-common:jar:3.0.0-SNAPSHOT...
[INFO] 
[INFO] --- maven-compiler-plugin:3.8.1:compile (default-compile) @ ignite-marshaller-common ---
[INFO] Changes detected - recompiling the module!
[INFO] Compiling 11 source files to /home/srafi/after-cam-ready/compare_/compile_repair_output/work/a18505f443aa/modules/marshaller-common/target/classes
[INFO] 
[INFO] --- maven-resources-plugin:3.2.0:testResources (default-testResources) @ ignite-marshaller-common ---
[INFO] Using 'UTF-8' encoding to copy filtered resources.
[INFO] Using 'UTF-8' encoding to copy filtered properties files.
[INFO] skip non existing resourceDirectory /home/srafi/after-cam-ready/compare_/compile_repair_output/work/a18505f443aa/modules/marshaller-common/src/test/resources
[INFO] skip non existing resourceDirectory /home/srafi/after-cam-ready/compare_/compile_repair_output/work/a18505f443aa/modules/marshaller-common/src/integrationTest/resources
[INFO] Copying 3 resources
[INFO] 
[INFO] --- maven-compiler-plugin:3.8.1:testCompile (default-testCompile) @ ignite-marshaller-common ---
[INFO] Changes detected - recompiling the module!
[INFO] Compiling 5 source files to /home/srafi/after-cam-ready/compare_/compile_repair_output/work/a18505f443aa/modules/marshaller-common/target/test-classes
[INFO] 
[INFO] --- modernizer-maven-plugin:2.3.0:modernizer (modernizer) @ ignite-marshaller-common ---
[INFO] Skipping modernizer execution!
[INFO] 
[INFO] --- maven-surefire-plugin:3.0.0-M8-SNAPSHOT:test (default-test) @ ignite-marshaller-common ---
[INFO] Tests are skipped.
[INFO] 
[INFO] --- maven-jar-plugin:3.2.0:jar (default-jar) @ ignite-marshaller-common ---
[INFO] Building jar: /home/srafi/after-cam-ready/compare_/compile_repair_output/work/a18505f443aa/modules/marshaller-common/target/ignite-marshaller-common-3.0.0-SNAPSHOT.jar
[INFO] 
[INFO] --- maven-site-plugin:3.7.1:attach-descriptor (attach-descriptor) @ ignite-marshaller-common ---
[INFO] Skipping because packaging 'jar' is not pom.
[INFO] 
[INFO] --- maven-dependency-plugin:3.2.0:purge-local-repository (purge-local-repository) @ ignite-marshaller-common ---
[INFO] Deleting 1 manual dependency from /home/srafi/.m2/repository
[INFO] 
[INFO] --- maven-failsafe-plugin:3.0.0-M8-SNAPSHOT:integration-test (default) @ ignite-marshaller-common ---
[INFO] Tests are skipped.
[INFO] 
[INFO] --- maven-failsafe-plugin:3.0.0-M8-SNAPSHOT:verify (default) @ ignite-marshaller-common ---
[INFO] Tests are skipped.
[INFO] 
[INFO] --- maven-install-plugin:2.5.2:install (default-install) @ ignite-marshaller-common ---
[INFO] Installing /home/srafi/after-cam-ready/compare_/compile_repair_output/work/a18505f443aa/modules/marshaller-common/target/ignite-marshaller-common-3.0.0-SNAPSHOT.jar to /home/srafi/.m2/repository/org/apache/ignite/ignite-marshaller-common/3.0.0-SNAPSHOT/ignite-marshaller-common-3.0.0-SNAPSHOT.jar
[INFO] Installing /home/srafi/after-cam-ready/compare_/compile_repair_output/work/a18505f443aa/modules/marshaller-common/.flattened-pom.xml to /home/srafi/.m2/repository/org/apache/ignite/ignite-marshaller-common/3.0.0-SNAPSHOT/ignite-marshaller-common-3.0.0-SNAPSHOT.pom
[INFO] 
[INFO] ------------------< org.apache.ignite:ignite-client >-------------------
[INFO] Building ignite-client 3.0.0-SNAPSHOT                            [37/40]
[INFO] --------------------------------[ jar ]---------------------------------
[INFO] 
[INFO] --- maven-clean-plugin:3.1.0:clean (default-clean) @ ignite-client ---
[INFO] 
[INFO] --- flatten-maven-plugin:1.2.2:clean (flatten.clean.before) @ ignite-client ---
[INFO] 
[INFO] --- build-helper-maven-plugin:3.2.0:add-test-source (add-test-source) @ ignite-client ---
[INFO] Test Source directory: /home/srafi/after-cam-ready/compare_/compile_repair_output/work/a18505f443aa/modules/client/src/integrationTest/java added.
[INFO] 
[INFO] --- build-helper-maven-plugin:3.2.0:add-test-resource (add-test-resource) @ ignite-client ---
[INFO] 
[INFO] --- maven-remote-resources-plugin:1.7.0:process (process-resource-bundles) @ ignite-client ---
[INFO] Preparing remote bundle org.apache:apache-jar-resource-bundle:1.4
[INFO] Copying 3 resources from 1 bundle.
[INFO] 
[INFO] --- maven-resources-plugin:3.2.0:resources (default-resources) @ ignite-client ---
[INFO] Using 'UTF-8' encoding to copy filtered resources.
[INFO] Using 'UTF-8' encoding to copy filtered properties files.
[INFO] Copying 1 resource
[INFO] Copying 3 resources
[INFO] 
[INFO] --- flatten-maven-plugin:1.2.2:flatten (flatten) @ ignite-client ---
[INFO] Generating flattened POM of project org.apache.ignite:ignite-client:jar:3.0.0-SNAPSHOT...
[INFO] 
[INFO] --- maven-compiler-plugin:3.8.1:compile (default-compile) @ ignite-client ---
[INFO] Changes detected - recompiling the module!
[INFO] Compiling 73 source files to /home/srafi/after-cam-ready/compare_/compile_repair_output/work/a18505f443aa/modules/client/target/classes
[INFO] /home/srafi/after-cam-ready/compare_/compile_repair_output/work/a18505f443aa/modules/client/src/main/java/org/apache/ignite/internal/jdbc/JdbcPreparedStatement.java: Some input files use or override a deprecated API.
[INFO] /home/srafi/after-cam-ready/compare_/compile_repair_output/work/a18505f443aa/modules/client/src/main/java/org/apache/ignite/internal/jdbc/JdbcPreparedStatement.java: Recompile with -Xlint:deprecation for details.
[INFO] /home/srafi/after-cam-ready/compare_/compile_repair_output/work/a18505f443aa/modules/client/src/main/java/org/apache/ignite/internal/client/table/ClientTable.java: Some input files use unchecked or unsafe operations.
[INFO] /home/srafi/after-cam-ready/compare_/compile_repair_output/work/a18505f443aa/modules/client/src/main/java/org/apache/ignite/internal/client/table/ClientTable.java: Recompile with -Xlint:unchecked for details.
[INFO] 
[INFO] --- maven-resources-plugin:3.2.0:testResources (default-testResources) @ ignite-client ---
[INFO] Using 'UTF-8' encoding to copy filtered resources.
[INFO] Using 'UTF-8' encoding to copy filtered properties files.
[INFO] skip non existing resourceDirectory /home/srafi/after-cam-ready/compare_/compile_repair_output/work/a18505f443aa/modules/client/src/test/resources
[INFO] skip non existing resourceDirectory /home/srafi/after-cam-ready/compare_/compile_repair_output/work/a18505f443aa/modules/client/src/integrationTest/resources
[INFO] Copying 3 resources
[INFO] 
[INFO] --- maven-compiler-plugin:3.8.1:testCompile (default-testCompile) @ ignite-client ---
[INFO] Changes detected - recompiling the module!
[INFO] Compiling 31 source files to /home/srafi/after-cam-ready/compare_/compile_repair_output/work/a18505f443aa/modules/client/target/test-classes
[INFO] /home/srafi/after-cam-ready/compare_/compile_repair_output/work/a18505f443aa/modules/client/src/test/java/org/apache/ignite/client/CustomTuple.java: /home/srafi/after-cam-ready/compare_/compile_repair_output/work/a18505f443aa/modules/client/src/test/java/org/apache/ignite/client/CustomTuple.java uses unchecked or unsafe operations.
[INFO] /home/srafi/after-cam-ready/compare_/compile_repair_output/work/a18505f443aa/modules/client/src/test/java/org/apache/ignite/client/CustomTuple.java: Recompile with -Xlint:unchecked for details.
[INFO] 
[INFO] --- modernizer-maven-plugin:2.3.0:modernizer (modernizer) @ ignite-client ---
[INFO] Skipping modernizer execution!
[INFO] 
[INFO] --- maven-surefire-plugin:3.0.0-M8-SNAPSHOT:test (default-test) @ ignite-client ---
[INFO] Tests are skipped.
[INFO] 
[INFO] --- maven-jar-plugin:3.2.0:jar (default-jar) @ ignite-client ---
[INFO] Building jar: /home/srafi/after-cam-ready/compare_/compile_repair_output/work/a18505f443aa/modules/client/target/ignite-client-3.0.0-SNAPSHOT.jar
[INFO] 
[INFO] --- maven-site-plugin:3.7.1:attach-descriptor (attach-descriptor) @ ignite-client ---
[INFO] Skipping because packaging 'jar' is not pom.
[INFO] 
[INFO] --- maven-dependency-plugin:3.2.0:purge-local-repository (purge-local-repository) @ ignite-client ---
[INFO] Deleting 1 manual dependency from /home/srafi/.m2/repository
[INFO] 
[INFO] --- maven-failsafe-plugin:3.0.0-M8-SNAPSHOT:integration-test (default) @ ignite-client ---
[INFO] Tests are skipped.
[INFO] 
[INFO] --- maven-failsafe-plugin:3.0.0-M8-SNAPSHOT:verify (default) @ ignite-client ---
[INFO] Tests are skipped.
[INFO] 
[INFO] --- maven-install-plugin:2.5.2:install (default-install) @ ignite-client ---
[INFO] Installing /home/srafi/after-cam-ready/compare_/compile_repair_output/work/a18505f443aa/modules/client/target/ignite-client-3.0.0-SNAPSHOT.jar to /home/srafi/.m2/repository/org/apache/ignite/ignite-client/3.0.0-SNAPSHOT/ignite-client-3.0.0-SNAPSHOT.jar
[INFO] Installing /home/srafi/after-cam-ready/compare_/compile_repair_output/work/a18505f443aa/modules/client/.flattened-pom.xml to /home/srafi/.m2/repository/org/apache/ignite/ignite-client/3.0.0-SNAPSHOT/ignite-client-3.0.0-SNAPSHOT.pom
[INFO] 
[INFO] ------------------< org.apache.ignite:ignite-runner >-------------------
[INFO] Building ignite-runner 3.0.0-SNAPSHOT                            [38/40]
[INFO] --------------------------------[ jar ]---------------------------------
[INFO] 
[INFO] --- maven-clean-plugin:3.1.0:clean (default-clean) @ ignite-runner ---
[INFO] 
[INFO] --- flatten-maven-plugin:1.2.2:clean (flatten.clean.before) @ ignite-runner ---
[INFO] 
[INFO] --- build-helper-maven-plugin:3.2.0:add-test-source (add-test-source) @ ignite-runner ---
[INFO] Test Source directory: /home/srafi/after-cam-ready/compare_/compile_repair_output/work/a18505f443aa/modules/runner/src/integrationTest/java added.
[INFO] 
[INFO] --- build-helper-maven-plugin:3.2.0:add-test-resource (add-test-resource) @ ignite-runner ---
[INFO] 
[INFO] --- maven-remote-resources-plugin:1.7.0:process (process-resource-bundles) @ ignite-runner ---
[INFO] Preparing remote bundle org.apache:apache-jar-resource-bundle:1.4
[INFO] Copying 3 resources from 1 bundle.
[INFO] 
[INFO] --- maven-resources-plugin:3.2.0:resources (default-resources) @ ignite-runner ---
[INFO] Using 'UTF-8' encoding to copy filtered resources.
[INFO] Using 'UTF-8' encoding to copy filtered properties files.
[INFO] Copying 3 resources
[INFO] Copying 3 resources
[INFO] 
[INFO] --- flatten-maven-plugin:1.2.2:flatten (flatten) @ ignite-runner ---
[INFO] Generating flattened POM of project org.apache.ignite:ignite-runner:jar:3.0.0-SNAPSHOT...
[INFO] 
[INFO] --- maven-compiler-plugin:3.8.1:compile (default-compile) @ ignite-runner ---
[INFO] Changes detected - recompiling the module!
[INFO] Compiling 13 source files to /home/srafi/after-cam-ready/compare_/compile_repair_output/work/a18505f443aa/modules/runner/target/classes
[INFO] 
[INFO] --- maven-resources-plugin:3.2.0:testResources (default-testResources) @ ignite-runner ---
[INFO] Using 'UTF-8' encoding to copy filtered resources.
[INFO] Using 'UTF-8' encoding to copy filtered properties files.
[INFO] Copying 1 resource
[INFO] Copying 1 resource
[INFO] Copying 3 resources
[INFO] 
[INFO] --- maven-compiler-plugin:3.8.1:testCompile (default-testCompile) @ ignite-runner ---
[INFO] Changes detected - recompiling the module!
[INFO] Compiling 80 source files to /home/srafi/after-cam-ready/compare_/compile_repair_output/work/a18505f443aa/modules/runner/target/test-classes
[INFO] /home/srafi/after-cam-ready/compare_/compile_repair_output/work/a18505f443aa/modules/runner/src/integrationTest/java/org/apache/ignite/internal/runner/app/jdbc/ItJdbcResultSetSelfTest.java: /home/srafi/after-cam-ready/compare_/compile_repair_output/work/a18505f443aa/modules/runner/src/integrationTest/java/org/apache/ignite/internal/runner/app/jdbc/ItJdbcResultSetSelfTest.java uses or overrides a deprecated API.
[INFO] /home/srafi/after-cam-ready/compare_/compile_repair_output/work/a18505f443aa/modules/runner/src/integrationTest/java/org/apache/ignite/internal/runner/app/jdbc/ItJdbcResultSetSelfTest.java: Recompile with -Xlint:deprecation for details.
[INFO] /home/srafi/after-cam-ready/compare_/compile_repair_output/work/a18505f443aa/modules/runner/src/integrationTest/java/org/apache/ignite/internal/test/WatchListenerInhibitor.java: Some input files use unchecked or unsafe operations.
[INFO] /home/srafi/after-cam-ready/compare_/compile_repair_output/work/a18505f443aa/modules/runner/src/integrationTest/java/org/apache/ignite/internal/test/WatchListenerInhibitor.java: Recompile with -Xlint:unchecked for details.
[INFO] 
[INFO] --- modernizer-maven-plugin:2.3.0:modernizer (modernizer) @ ignite-runner ---
[INFO] Skipping modernizer execution!
[INFO] 
[INFO] --- maven-surefire-plugin:3.0.0-M8-SNAPSHOT:test (default-test) @ ignite-runner ---
[INFO] Tests are skipped.
[INFO] 
[INFO] --- maven-jar-plugin:3.2.0:jar (default-jar) @ ignite-runner ---
[INFO] Building jar: /home/srafi/after-cam-ready/compare_/compile_repair_output/work/a18505f443aa/modules/runner/target/ignite-runner-3.0.0-SNAPSHOT.jar
[INFO] 
[INFO] --- maven-site-plugin:3.7.1:attach-descriptor (attach-descriptor) @ ignite-runner ---
[INFO] Skipping because packaging 'jar' is not pom.
[INFO] 
[INFO] --- maven-dependency-plugin:3.2.0:purge-local-repository (purge-local-repository) @ ignite-runner ---
[INFO] Deleting 1 manual dependency from /home/srafi/.m2/repository
[INFO] 
[INFO] --- maven-failsafe-plugin:3.0.0-M8-SNAPSHOT:integration-test (default) @ ignite-runner ---
[INFO] Tests are skipped.
[INFO] 
[INFO] --- maven-failsafe-plugin:3.0.0-M8-SNAPSHOT:verify (default) @ ignite-runner ---
[INFO] Tests are skipped.
[INFO] 
[INFO] --- maven-install-plugin:2.5.2:install (default-install) @ ignite-runner ---
[INFO] Installing /home/srafi/after-cam-ready/compare_/compile_repair_output/work/a18505f443aa/modules/runner/target/ignite-runner-3.0.0-SNAPSHOT.jar to /home/srafi/.m2/repository/org/apache/ignite/ignite-runner/3.0.0-SNAPSHOT/ignite-runner-3.0.0-SNAPSHOT.jar
[INFO] Installing /home/srafi/after-cam-ready/compare_/compile_repair_output/work/a18505f443aa/modules/runner/.flattened-pom.xml to /home/srafi/.m2/repository/org/apache/ignite/ignite-runner/3.0.0-SNAPSHOT/ignite-runner-3.0.0-SNAPSHOT.pom
[INFO] 
[INFO] ----------------< org.apache.ignite:ignite-cli-common >-----------------
[INFO] Building ignite-cli-common 3.0.0-SNAPSHOT                        [39/40]
[INFO] --------------------------------[ jar ]---------------------------------
[INFO] 
[INFO] --- maven-clean-plugin:3.1.0:clean (default-clean) @ ignite-cli-common ---
[INFO] 
[INFO] --- flatten-maven-plugin:1.2.2:clean (flatten.clean.before) @ ignite-cli-common ---
[INFO] 
[INFO] --- build-helper-maven-plugin:3.2.0:add-test-source (add-test-source) @ ignite-cli-common ---
[INFO] Test Source directory: /home/srafi/after-cam-ready/compare_/compile_repair_output/work/a18505f443aa/modules/cli-common/src/integrationTest/java added.
[INFO] 
[INFO] --- build-helper-maven-plugin:3.2.0:add-test-resource (add-test-resource) @ ignite-cli-common ---
[INFO] 
[INFO] --- maven-remote-resources-plugin:1.7.0:process (process-resource-bundles) @ ignite-cli-common ---
[INFO] Preparing remote bundle org.apache:apache-jar-resource-bundle:1.4
[INFO] Copying 3 resources from 1 bundle.
[INFO] 
[INFO] --- maven-resources-plugin:3.2.0:resources (default-resources) @ ignite-cli-common ---
[INFO] Using 'UTF-8' encoding to copy filtered resources.
[INFO] Using 'UTF-8' encoding to copy filtered properties files.
[INFO] skip non existing resourceDirectory /home/srafi/after-cam-ready/compare_/compile_repair_output/work/a18505f443aa/modules/cli-common/src/main/resources
[INFO] Copying 3 resources
[INFO] 
[INFO] --- flatten-maven-plugin:1.2.2:flatten (flatten) @ ignite-cli-common ---
[INFO] Generating flattened POM of project org.apache.ignite:ignite-cli-common:jar:3.0.0-SNAPSHOT...
[INFO] 
[INFO] --- maven-compiler-plugin:3.8.1:compile (default-compile) @ ignite-cli-common ---
[INFO] Changes detected - recompiling the module!
[INFO] Compiling 2 source files to /home/srafi/after-cam-ready/compare_/compile_repair_output/work/a18505f443aa/modules/cli-common/target/classes
[INFO] 
[INFO] --- maven-resources-plugin:3.2.0:testResources (default-testResources) @ ignite-cli-common ---
[INFO] Using 'UTF-8' encoding to copy filtered resources.
[INFO] Using 'UTF-8' encoding to copy filtered properties files.
[INFO] skip non existing resourceDirectory /home/srafi/after-cam-ready/compare_/compile_repair_output/work/a18505f443aa/modules/cli-common/src/test/resources
[INFO] skip non existing resourceDirectory /home/srafi/after-cam-ready/compare_/compile_repair_output/work/a18505f443aa/modules/cli-common/src/integrationTest/resources
[INFO] Copying 3 resources
[INFO] 
[INFO] --- maven-compiler-plugin:3.8.1:testCompile (default-testCompile) @ ignite-cli-common ---
[INFO] No sources to compile
[INFO] 
[INFO] --- modernizer-maven-plugin:2.3.0:modernizer (modernizer) @ ignite-cli-common ---
[INFO] Skipping modernizer execution!
[INFO] 
[INFO] --- maven-surefire-plugin:3.0.0-M8-SNAPSHOT:test (default-test) @ ignite-cli-common ---
[INFO] Tests are skipped.
[INFO] 
[INFO] --- maven-jar-plugin:3.2.0:jar (default-jar) @ ignite-cli-common ---
[INFO] Building jar: /home/srafi/after-cam-ready/compare_/compile_repair_output/work/a18505f443aa/modules/cli-common/target/ignite-cli-common-3.0.0-SNAPSHOT.jar
[INFO] 
[INFO] --- maven-site-plugin:3.7.1:attach-descriptor (attach-descriptor) @ ignite-cli-common ---
[INFO] Skipping because packaging 'jar' is not pom.
[INFO] 
[INFO] --- maven-dependency-plugin:3.2.0:purge-local-repository (purge-local-repository) @ ignite-cli-common ---
[INFO] Deleting 1 manual dependency from /home/srafi/.m2/repository
[INFO] 
[INFO] --- maven-failsafe-plugin:3.0.0-M8-SNAPSHOT:integration-test (default) @ ignite-cli-common ---
[INFO] Tests are skipped.
[INFO] 
[INFO] --- maven-failsafe-plugin:3.0.0-M8-SNAPSHOT:verify (default) @ ignite-cli-common ---
[INFO] Tests are skipped.
[INFO] 
[INFO] --- maven-install-plugin:2.5.2:install (default-install) @ ignite-cli-common ---
[INFO] Installing /home/srafi/after-cam-ready/compare_/compile_repair_output/work/a18505f443aa/modules/cli-common/target/ignite-cli-common-3.0.0-SNAPSHOT.jar to /home/srafi/.m2/repository/org/apache/ignite/ignite-cli-common/3.0.0-SNAPSHOT/ignite-cli-common-3.0.0-SNAPSHOT.jar
[INFO] Installing /home/srafi/after-cam-ready/compare_/compile_repair_output/work/a18505f443aa/modules/cli-common/.flattened-pom.xml to /home/srafi/.m2/repository/org/apache/ignite/ignite-cli-common/3.0.0-SNAPSHOT/ignite-cli-common-3.0.0-SNAPSHOT.pom
[INFO] 
[INFO] --------------------< org.apache.ignite:ignite-cli >--------------------
[INFO] Building ignite-cli 3.0.0-SNAPSHOT                               [40/40]
[INFO] --------------------------------[ jar ]---------------------------------
[INFO] Downloading from central: https://repo.maven.apache.org/maven2/org/openapitools/openapi-generator-maven-plugin/5.4.0/openapi-generator-maven-plugin-5.4.0.pom
[INFO] Downloaded from central: https://repo.maven.apache.org/maven2/org/openapitools/openapi-generator-maven-plugin/5.4.0/openapi-generator-maven-plugin-5.4.0.pom (7.4 kB at 137 kB/s)
[INFO] Downloading from central: https://repo.maven.apache.org/maven2/org/openapitools/openapi-generator-project/5.4.0/openapi-generator-project-5.4.0.pom
[INFO] Downloaded from central: https://repo.maven.apache.org/maven2/org/openapitools/openapi-generator-project/5.4.0/openapi-generator-project-5.4.0.pom (70 kB at 1.4 MB/s)
[INFO] Downloading from central: https://repo.maven.apache.org/maven2/org/openapitools/openapi-generator-maven-plugin/5.4.0/openapi-generator-maven-plugin-5.4.0.jar
[INFO] Downloaded from central: https://repo.maven.apache.org/maven2/org/openapitools/openapi-generator-maven-plugin/5.4.0/openapi-generator-maven-plugin-5.4.0.jar (29 kB at 450 kB/s)
[INFO] Downloading from central: https://repo.maven.apache.org/maven2/com/akathist/maven/plugins/launch4j/launch4j-maven-plugin/2.1.2/launch4j-maven-plugin-2.1.2.pom
[INFO] Downloaded from central: https://repo.maven.apache.org/maven2/com/akathist/maven/plugins/launch4j/launch4j-maven-plugin/2.1.2/launch4j-maven-plugin-2.1.2.pom (9.7 kB at 186 kB/s)
[INFO] Downloading from central: https://repo.maven.apache.org/maven2/com/akathist/maven/plugins/launch4j/launch4j-maven-plugin/2.1.2/launch4j-maven-plugin-2.1.2.jar
[INFO] Downloaded from central: https://repo.maven.apache.org/maven2/com/akathist/maven/plugins/launch4j/launch4j-maven-plugin/2.1.2/launch4j-maven-plugin-2.1.2.jar (40 kB at 1.1 MB/s)
[INFO] Downloading from central: https://repo.maven.apache.org/maven2/com/jakewharton/fliptables/fliptables/1.1.0/fliptables-1.1.0.pom
[INFO] Downloaded from central: https://repo.maven.apache.org/maven2/com/jakewharton/fliptables/fliptables/1.1.0/fliptables-1.1.0.pom (2.2 kB at 9.5 kB/s)
[INFO] Downloading from central: https://repo.maven.apache.org/maven2/org/jline/jline/3.21.0/jline-3.21.0.pom
[INFO] Downloaded from central: https://repo.maven.apache.org/maven2/org/jline/jline/3.21.0/jline-3.21.0.pom (18 kB at 376 kB/s)
[INFO] Downloading from central: https://repo.maven.apache.org/maven2/org/jline/jline-parent/3.21.0/jline-parent-3.21.0.pom
[INFO] Downloaded from central: https://repo.maven.apache.org/maven2/org/jline/jline-parent/3.21.0/jline-parent-3.21.0.pom (24 kB at 486 kB/s)
[INFO] Downloading from central: https://repo.maven.apache.org/maven2/org/jline/jline-console/3.21.0/jline-console-3.21.0.pom
[INFO] Downloaded from central: https://repo.maven.apache.org/maven2/org/jline/jline-console/3.21.0/jline-console-3.21.0.pom (3.4 kB at 66 kB/s)
[INFO] Downloading from central: https://repo.maven.apache.org/maven2/org/jline/jline-builtins/3.21.0/jline-builtins-3.21.0.pom
[INFO] Downloaded from central: https://repo.maven.apache.org/maven2/org/jline/jline-builtins/3.21.0/jline-builtins-3.21.0.pom (3.4 kB at 75 kB/s)
[INFO] Downloading from central: https://repo.maven.apache.org/maven2/org/jline/jline-reader/3.21.0/jline-reader-3.21.0.pom
[INFO] Downloaded from central: https://repo.maven.apache.org/maven2/org/jline/jline-reader/3.21.0/jline-reader-3.21.0.pom (1.2 kB at 23 kB/s)
[INFO] Downloading from central: https://repo.maven.apache.org/maven2/org/jline/jline-terminal/3.21.0/jline-terminal-3.21.0.pom
[INFO] Downloaded from central: https://repo.maven.apache.org/maven2/org/jline/jline-terminal/3.21.0/jline-terminal-3.21.0.pom (1.3 kB at 29 kB/s)
[INFO] Downloading from central: https://repo.maven.apache.org/maven2/org/jline/jline-style/3.21.0/jline-style-3.21.0.pom
[INFO] Downloaded from central: https://repo.maven.apache.org/maven2/org/jline/jline-style/3.21.0/jline-style-3.21.0.pom (1.4 kB at 33 kB/s)
[INFO] Downloading from central: https://repo.maven.apache.org/maven2/io/micronaut/micronaut-validation/3.4.1/micronaut-validation-3.4.1.pom
[INFO] Downloaded from central: https://repo.maven.apache.org/maven2/io/micronaut/micronaut-validation/3.4.1/micronaut-validation-3.4.1.pom (2.4 kB at 12 kB/s)
[INFO] Downloading from central: https://repo.maven.apache.org/maven2/info/picocli/picocli-shell-jline3/4.6.2/picocli-shell-jline3-4.6.2.pom
[INFO] Downloaded from central: https://repo.maven.apache.org/maven2/info/picocli/picocli-shell-jline3/4.6.2/picocli-shell-jline3-4.6.2.pom (1.9 kB at 7.5 kB/s)
[INFO] Downloading from central: https://repo.maven.apache.org/maven2/org/fusesource/jansi/jansi/1.18/jansi-1.18.pom
[INFO] Downloaded from central: https://repo.maven.apache.org/maven2/org/fusesource/jansi/jansi/1.18/jansi-1.18.pom (3.8 kB at 90 kB/s)
[INFO] Downloading from central: https://repo.maven.apache.org/maven2/org/fusesource/jansi/jansi-project/1.18/jansi-project-1.18.pom
[INFO] Downloaded from central: https://repo.maven.apache.org/maven2/org/fusesource/jansi/jansi-project/1.18/jansi-project-1.18.pom (10 kB at 243 kB/s)
[INFO] Downloading from central: https://repo.maven.apache.org/maven2/io/micronaut/picocli/micronaut-picocli/4.1.0/micronaut-picocli-4.1.0.pom
[INFO] Downloaded from central: https://repo.maven.apache.org/maven2/io/micronaut/picocli/micronaut-picocli/4.1.0/micronaut-picocli-4.1.0.pom (2.4 kB at 8.9 kB/s)
[INFO] Downloading from central: https://repo.maven.apache.org/maven2/io/micronaut/micronaut-bom/3.2.3/micronaut-bom-3.2.3.pom
[INFO] Downloaded from central: https://repo.maven.apache.org/maven2/io/micronaut/micronaut-bom/3.2.3/micronaut-bom-3.2.3.pom (61 kB at 1.3 MB/s)
[INFO] Downloading from central: https://repo.maven.apache.org/maven2/org/jetbrains/kotlin/kotlin-bom/1.6.0/kotlin-bom-1.6.0.pom
[INFO] Downloaded from central: https://repo.maven.apache.org/maven2/org/jetbrains/kotlin/kotlin-bom/1.6.0/kotlin-bom-1.6.0.pom (9.3 kB at 233 kB/s)
[INFO] Downloading from central: https://repo.maven.apache.org/maven2/io/micrometer/micrometer-bom/1.8.0/micrometer-bom-1.8.0.pom
[INFO] Downloaded from central: https://repo.maven.apache.org/maven2/io/micrometer/micrometer-bom/1.8.0/micrometer-bom-1.8.0.pom (6.9 kB at 117 kB/s)
[INFO] Downloading from central: https://repo.maven.apache.org/maven2/io/micronaut/aws/micronaut-aws-bom/3.0.4/micronaut-aws-bom-3.0.4.pom
[INFO] Downloaded from central: https://repo.maven.apache.org/maven2/io/micronaut/aws/micronaut-aws-bom/3.0.4/micronaut-aws-bom-3.0.4.pom (5.0 kB at 97 kB/s)
[INFO] Downloading from central: https://repo.maven.apache.org/maven2/io/micronaut/data/micronaut-data-bom/3.2.1/micronaut-data-bom-3.2.1.pom
[INFO] Downloaded from central: https://repo.maven.apache.org/maven2/io/micronaut/data/micronaut-data-bom/3.2.1/micronaut-data-bom-3.2.1.pom (3.5 kB at 47 kB/s)
[INFO] Downloading from central: https://repo.maven.apache.org/maven2/io/micronaut/micrometer/micronaut-micrometer-bom/4.1.1/micronaut-micrometer-bom-4.1.1.pom
[INFO] Downloaded from central: https://repo.maven.apache.org/maven2/io/micronaut/micrometer/micronaut-micrometer-bom/4.1.1/micronaut-micrometer-bom-4.1.1.pom (6.3 kB at 129 kB/s)
[INFO] Downloading from central: https://repo.maven.apache.org/maven2/io/micronaut/views/micronaut-views-bom/3.0.4/micronaut-views-bom-3.0.4.pom
[INFO] Downloaded from central: https://repo.maven.apache.org/maven2/io/micronaut/views/micronaut-views-bom/3.0.4/micronaut-views-bom-3.0.4.pom (4.9 kB at 103 kB/s)
[INFO] Downloading from central: https://repo.maven.apache.org/maven2/io/netty/netty-bom/4.1.72.Final/netty-bom-4.1.72.Final.pom
[INFO] Downloaded from central: https://repo.maven.apache.org/maven2/io/netty/netty-bom/4.1.72.Final/netty-bom-4.1.72.Final.pom (13 kB at 292 kB/s)
[INFO] Downloading from central: https://repo.maven.apache.org/maven2/com/squareup/okhttp3/okhttp/4.9.1/okhttp-4.9.1.pom
[INFO] Downloaded from central: https://repo.maven.apache.org/maven2/com/squareup/okhttp3/okhttp/4.9.1/okhttp-4.9.1.pom (1.8 kB at 39 kB/s)
[INFO] Downloading from central: https://repo.maven.apache.org/maven2/org/threeten/threetenbp/1.5.2/threetenbp-1.5.2.pom
[INFO] Downloaded from central: https://repo.maven.apache.org/maven2/org/threeten/threetenbp/1.5.2/threetenbp-1.5.2.pom (33 kB at 667 kB/s)
[INFO] Downloading from central: https://repo.maven.apache.org/maven2/com/squareup/okhttp3/logging-interceptor/4.9.1/logging-interceptor-4.9.1.pom
[INFO] Downloaded from central: https://repo.maven.apache.org/maven2/com/squareup/okhttp3/logging-interceptor/4.9.1/logging-interceptor-4.9.1.pom (1.9 kB at 42 kB/s)
[INFO] Downloading from central: https://repo.maven.apache.org/maven2/io/gsonfire/gson-fire/1.8.5/gson-fire-1.8.5.pom
[INFO] Downloaded from central: https://repo.maven.apache.org/maven2/io/gsonfire/gson-fire/1.8.5/gson-fire-1.8.5.pom (5.9 kB at 119 kB/s)
[INFO] Downloading from central: https://repo.maven.apache.org/maven2/io/swagger/swagger-annotations/1.6.4/swagger-annotations-1.6.4.pom
[INFO] Downloaded from central: https://repo.maven.apache.org/maven2/io/swagger/swagger-annotations/1.6.4/swagger-annotations-1.6.4.pom (6.2 kB at 122 kB/s)
[INFO] Downloading from central: https://repo.maven.apache.org/maven2/io/swagger/swagger-project/1.6.4/swagger-project-1.6.4.pom
[INFO] Downloaded from central: https://repo.maven.apache.org/maven2/io/swagger/swagger-project/1.6.4/swagger-project-1.6.4.pom (26 kB at 549 kB/s)
[INFO] Downloading from central: https://repo.maven.apache.org/maven2/com/jakewharton/fliptables/fliptables/1.1.0/fliptables-1.1.0.jar
[INFO] Downloading from central: https://repo.maven.apache.org/maven2/org/jline/jline/3.21.0/jline-3.21.0.jar
[INFO] Downloading from central: https://repo.maven.apache.org/maven2/org/jline/jline-console/3.21.0/jline-console-3.21.0.jar
[INFO] Downloading from central: https://repo.maven.apache.org/maven2/org/jline/jline-builtins/3.21.0/jline-builtins-3.21.0.jar
[INFO] Downloading from central: https://repo.maven.apache.org/maven2/org/jline/jline-reader/3.21.0/jline-reader-3.21.0.jar
[INFO] Downloaded from central: https://repo.maven.apache.org/maven2/org/jline/jline-console/3.21.0/jline-console-3.21.0.jar (151 kB at 4.0 MB/s)
[INFO] Downloading from central: https://repo.maven.apache.org/maven2/org/jline/jline-style/3.21.0/jline-style-3.21.0.jar
[INFO] Downloaded from central: https://repo.maven.apache.org/maven2/org/jline/jline-reader/3.21.0/jline-reader-3.21.0.jar (172 kB at 4.2 MB/s)
[INFO] Downloading from central: https://repo.maven.apache.org/maven2/org/jline/jline-terminal/3.21.0/jline-terminal-3.21.0.jar
[INFO] Downloaded from central: https://repo.maven.apache.org/maven2/org/jline/jline-builtins/3.21.0/jline-builtins-3.21.0.jar (263 kB at 5.8 MB/s)
[INFO] Downloading from central: https://repo.maven.apache.org/maven2/io/micronaut/micronaut-validation/3.4.1/micronaut-validation-3.4.1.jar
[INFO] Downloaded from central: https://repo.maven.apache.org/maven2/org/jline/jline/3.21.0/jline-3.21.0.jar (995 kB at 20 MB/s)
[INFO] Downloading from central: https://repo.maven.apache.org/maven2/info/picocli/picocli-shell-jline3/4.6.2/picocli-shell-jline3-4.6.2.jar
[INFO] Downloaded from central: https://repo.maven.apache.org/maven2/org/jline/jline-style/3.21.0/jline-style-3.21.0.jar (28 kB at 413 kB/s)
[INFO] Downloading from central: https://repo.maven.apache.org/maven2/org/fusesource/jansi/jansi/1.18/jansi-1.18.jar
[INFO] Downloaded from central: https://repo.maven.apache.org/maven2/org/jline/jline-terminal/3.21.0/jline-terminal-3.21.0.jar (229 kB at 3.0 MB/s)
[INFO] Downloading from central: https://repo.maven.apache.org/maven2/io/micronaut/picocli/micronaut-picocli/4.1.0/micronaut-picocli-4.1.0.jar
[INFO] Downloaded from central: https://repo.maven.apache.org/maven2/org/fusesource/jansi/jansi/1.18/jansi-1.18.jar (287 kB at 2.9 MB/s)
[INFO] Downloading from central: https://repo.maven.apache.org/maven2/com/squareup/okhttp3/okhttp/4.9.1/okhttp-4.9.1.jar
[INFO] Downloaded from central: https://repo.maven.apache.org/maven2/com/squareup/okhttp3/okhttp/4.9.1/okhttp-4.9.1.jar (791 kB at 5.9 MB/s)
[INFO] Downloading from central: https://repo.maven.apache.org/maven2/org/threeten/threetenbp/1.5.2/threetenbp-1.5.2.jar
[INFO] Downloaded from central: https://repo.maven.apache.org/maven2/org/threeten/threetenbp/1.5.2/threetenbp-1.5.2.jar (516 kB at 3.0 MB/s)
[INFO] Downloading from central: https://repo.maven.apache.org/maven2/com/squareup/okhttp3/logging-interceptor/4.9.1/logging-interceptor-4.9.1.jar
[INFO] Downloaded from central: https://repo.maven.apache.org/maven2/com/squareup/okhttp3/logging-interceptor/4.9.1/logging-interceptor-4.9.1.jar (16 kB at 75 kB/s)
[INFO] Downloading from central: https://repo.maven.apache.org/maven2/io/gsonfire/gson-fire/1.8.5/gson-fire-1.8.5.jar
[INFO] Downloaded from central: https://repo.maven.apache.org/maven2/io/gsonfire/gson-fire/1.8.5/gson-fire-1.8.5.jar (74 kB at 305 kB/s)
[INFO] Downloading from central: https://repo.maven.apache.org/maven2/io/swagger/swagger-annotations/1.6.4/swagger-annotations-1.6.4.jar
[INFO] Downloaded from central: https://repo.maven.apache.org/maven2/com/jakewharton/fliptables/fliptables/1.1.0/fliptables-1.1.0.jar (8.4 kB at 34 kB/s)
[INFO] Downloaded from central: https://repo.maven.apache.org/maven2/io/swagger/swagger-annotations/1.6.4/swagger-annotations-1.6.4.jar (22 kB at 78 kB/s)
[INFO] Downloaded from central: https://repo.maven.apache.org/maven2/info/picocli/picocli-shell-jline3/4.6.2/picocli-shell-jline3-4.6.2.jar (10 kB at 35 kB/s)
[INFO] Downloaded from central: https://repo.maven.apache.org/maven2/io/micronaut/micronaut-validation/3.4.1/micronaut-validation-3.4.1.jar (166 kB at 538 kB/s)
[INFO] Downloaded from central: https://repo.maven.apache.org/maven2/io/micronaut/picocli/micronaut-picocli/4.1.0/micronaut-picocli-4.1.0.jar (5.2 kB at 13 kB/s)
[INFO] 
[INFO] --- maven-clean-plugin:3.1.0:clean (default-clean) @ ignite-cli ---
[INFO] 
[INFO] --- flatten-maven-plugin:1.2.2:clean (flatten.clean.before) @ ignite-cli ---
[INFO] 
[INFO] --- build-helper-maven-plugin:3.2.0:add-test-source (add-test-source) @ ignite-cli ---
[INFO] Test Source directory: /home/srafi/after-cam-ready/compare_/compile_repair_output/work/a18505f443aa/modules/cli/src/integrationTest/java added.
[INFO] 
[INFO] --- build-helper-maven-plugin:3.2.0:add-test-resource (add-test-resource) @ ignite-cli ---
[INFO] 
[INFO] --- openapi-generator-maven-plugin:5.4.0:generate (default) @ ignite-cli ---
[INFO] Downloading from central: https://repo.maven.apache.org/maven2/org/apache/maven/maven-core/3.3.1/maven-core-3.3.1.pom
[INFO] Downloaded from central: https://repo.maven.apache.org/maven2/org/apache/maven/maven-core/3.3.1/maven-core-3.3.1.pom (8.5 kB at 207 kB/s)
[INFO] Downloading from central: https://repo.maven.apache.org/maven2/org/apache/maven/maven/3.3.1/maven-3.3.1.pom
[INFO] Downloaded from central: https://repo.maven.apache.org/maven2/org/apache/maven/maven/3.3.1/maven-3.3.1.pom (23 kB at 186 kB/s)
[INFO] Downloading from central: https://repo.maven.apache.org/maven2/org/apache/maven/maven-model/3.3.1/maven-model-3.3.1.pom
[INFO] Downloaded from central: https://repo.maven.apache.org/maven2/org/apache/maven/maven-model/3.3.1/maven-model-3.3.1.pom (4.2 kB at 106 kB/s)
[INFO] Downloading from central: https://repo.maven.apache.org/maven2/org/apache/maven/maven-settings/3.3.1/maven-settings-3.3.1.pom
[INFO] Downloaded from central: https://repo.maven.apache.org/maven2/org/apache/maven/maven-settings/3.3.1/maven-settings-3.3.1.pom (2.2 kB at 47 kB/s)
[INFO] Downloading from central: https://repo.maven.apache.org/maven2/org/apache/maven/maven-settings-builder/3.3.1/maven-settings-builder-3.3.1.pom
[INFO] Downloaded from central: https://repo.maven.apache.org/maven2/org/apache/maven/maven-settings-builder/3.3.1/maven-settings-builder-3.3.1.pom (2.7 kB at 80 kB/s)
[INFO] Downloading from central: https://repo.maven.apache.org/maven2/org/apache/maven/maven-builder-support/3.3.1/maven-builder-support-3.3.1.pom
[INFO] Downloaded from central: https://repo.maven.apache.org/maven2/org/apache/maven/maven-builder-support/3.3.1/maven-builder-support-3.3.1.pom (1.9 kB at 52 kB/s)
[INFO] Downloading from central: https://repo.maven.apache.org/maven2/org/apache/maven/maven-repository-metadata/3.3.1/maven-repository-metadata-3.3.1.pom
[INFO] Downloaded from central: https://repo.maven.apache.org/maven2/org/apache/maven/maven-repository-metadata/3.3.1/maven-repository-metadata-3.3.1.pom (2.2 kB at 70 kB/s)
[INFO] Downloading from central: https://repo.maven.apache.org/maven2/org/apache/maven/maven-artifact/3.3.1/maven-artifact-3.3.1.pom
[INFO] Downloaded from central: https://repo.maven.apache.org/maven2/org/apache/maven/maven-artifact/3.3.1/maven-artifact-3.3.1.pom (2.3 kB at 73 kB/s)
[INFO] Downloading from central: https://repo.maven.apache.org/maven2/org/apache/maven/maven-plugin-api/3.3.1/maven-plugin-api-3.3.1.pom
[INFO] Downloaded from central: https://repo.maven.apache.org/maven2/org/apache/maven/maven-plugin-api/3.3.1/maven-plugin-api-3.3.1.pom (3.0 kB at 92 kB/s)
[INFO] Downloading from central: https://repo.maven.apache.org/maven2/org/apache/maven/maven-model-builder/3.3.1/maven-model-builder-3.3.1.pom
[INFO] Downloaded from central: https://repo.maven.apache.org/maven2/org/apache/maven/maven-model-builder/3.3.1/maven-model-builder-3.3.1.pom (3.2 kB at 98 kB/s)
[INFO] Downloading from central: https://repo.maven.apache.org/maven2/org/apache/maven/maven-aether-provider/3.3.1/maven-aether-provider-3.3.1.pom
[INFO] Downloaded from central: https://repo.maven.apache.org/maven2/org/apache/maven/maven-aether-provider/3.3.1/maven-aether-provider-3.3.1.pom (4.2 kB at 112 kB/s)
[INFO] Downloading from central: https://repo.maven.apache.org/maven2/org/openapitools/openapi-generator/5.4.0/openapi-generator-5.4.0.pom
[INFO] Downloaded from central: https://repo.maven.apache.org/maven2/org/openapitools/openapi-generator/5.4.0/openapi-generator-5.4.0.pom (18 kB at 512 kB/s)
[INFO] Downloading from central: https://repo.maven.apache.org/maven2/com/fasterxml/jackson/dataformat/jackson-dataformat-yaml/2.10.1/jackson-dataformat-yaml-2.10.1.pom
[INFO] Downloaded from central: https://repo.maven.apache.org/maven2/com/fasterxml/jackson/dataformat/jackson-dataformat-yaml/2.10.1/jackson-dataformat-yaml-2.10.1.pom (2.3 kB at 77 kB/s)
[INFO] Downloading from central: https://repo.maven.apache.org/maven2/com/fasterxml/jackson/dataformat/jackson-dataformats-text/2.10.1/jackson-dataformats-text-2.10.1.pom
[INFO] Downloaded from central: https://repo.maven.apache.org/maven2/com/fasterxml/jackson/dataformat/jackson-dataformats-text/2.10.1/jackson-dataformats-text-2.10.1.pom (3.0 kB at 91 kB/s)
[INFO] Downloading from central: https://repo.maven.apache.org/maven2/io/swagger/parser/v3/swagger-parser/2.0.26/swagger-parser-2.0.26.pom
[INFO] Downloaded from central: https://repo.maven.apache.org/maven2/io/swagger/parser/v3/swagger-parser/2.0.26/swagger-parser-2.0.26.pom (3.4 kB at 89 kB/s)
[INFO] Downloading from central: https://repo.maven.apache.org/maven2/io/swagger/parser/v3/swagger-parser-project/2.0.26/swagger-parser-project-2.0.26.pom
[INFO] Downloaded from central: https://repo.maven.apache.org/maven2/io/swagger/parser/v3/swagger-parser-project/2.0.26/swagger-parser-project-2.0.26.pom (16 kB at 424 kB/s)
[INFO] Downloading from central: https://repo.maven.apache.org/maven2/io/swagger/parser/v3/swagger-parser-v2-converter/2.0.26/swagger-parser-v2-converter-2.0.26.pom
[INFO] Downloaded from central: https://repo.maven.apache.org/maven2/io/swagger/parser/v3/swagger-parser-v2-converter/2.0.26/swagger-parser-v2-converter-2.0.26.pom (3.3 kB at 91 kB/s)
[INFO] Downloading from central: https://repo.maven.apache.org/maven2/io/swagger/swagger-core/1.6.2/swagger-core-1.6.2.pom
[INFO] Downloaded from central: https://repo.maven.apache.org/maven2/io/swagger/swagger-core/1.6.2/swagger-core-1.6.2.pom (5.8 kB at 181 kB/s)
[INFO] Downloading from central: https://repo.maven.apache.org/maven2/io/swagger/swagger-project/1.6.2/swagger-project-1.6.2.pom
[INFO] Downloaded from central: https://repo.maven.apache.org/maven2/io/swagger/swagger-project/1.6.2/swagger-project-1.6.2.pom (0 B at 0 B/s)
[INFO] Downloading from central: https://repo.maven.apache.org/maven2/com/fasterxml/jackson/dataformat/jackson-dataformat-yaml/2.11.1/jackson-dataformat-yaml-2.11.1.pom
[INFO] Downloaded from central: https://repo.maven.apache.org/maven2/com/fasterxml/jackson/dataformat/jackson-dataformat-yaml/2.11.1/jackson-dataformat-yaml-2.11.1.pom (2.3 kB at 62 kB/s)
[INFO] Downloading from central: https://repo.maven.apache.org/maven2/com/fasterxml/jackson/dataformat/jackson-dataformats-text/2.11.1/jackson-dataformats-text-2.11.1.pom
[INFO] Downloaded from central: https://repo.maven.apache.org/maven2/com/fasterxml/jackson/dataformat/jackson-dataformats-text/2.11.1/jackson-dataformats-text-2.11.1.pom (3.0 kB at 91 kB/s)
[INFO] Downloading from central: https://repo.maven.apache.org/maven2/io/swagger/swagger-models/1.6.2/swagger-models-1.6.2.pom
[INFO] Downloaded from central: https://repo.maven.apache.org/maven2/io/swagger/swagger-models/1.6.2/swagger-models-1.6.2.pom (4.6 kB at 138 kB/s)
[INFO] Downloading from central: https://repo.maven.apache.org/maven2/io/swagger/swagger-annotations/1.6.2/swagger-annotations-1.6.2.pom
[INFO] Downloaded from central: https://repo.maven.apache.org/maven2/io/swagger/swagger-annotations/1.6.2/swagger-annotations-1.6.2.pom (0 B at 0 B/s)
[INFO] Downloading from central: https://repo.maven.apache.org/maven2/com/google/guava/guava/27.0.1-android/guava-27.0.1-android.pom
[INFO] Downloaded from central: https://repo.maven.apache.org/maven2/com/google/guava/guava/27.0.1-android/guava-27.0.1-android.pom (8.3 kB at 237 kB/s)
[INFO] Downloading from central: https://repo.maven.apache.org/maven2/com/google/guava/guava-parent/27.0.1-android/guava-parent-27.0.1-android.pom
[INFO] Downloaded from central: https://repo.maven.apache.org/maven2/com/google/guava/guava-parent/27.0.1-android/guava-parent-27.0.1-android.pom (10 kB at 291 kB/s)
[INFO] Downloading from central: https://repo.maven.apache.org/maven2/io/swagger/swagger-parser/1.0.55/swagger-parser-1.0.55.pom
[INFO] Downloaded from central: https://repo.maven.apache.org/maven2/io/swagger/swagger-parser/1.0.55/swagger-parser-1.0.55.pom (3.1 kB at 94 kB/s)
[INFO] Downloading from central: https://repo.maven.apache.org/maven2/io/swagger/swagger-parser-project/1.0.55/swagger-parser-project-1.0.55.pom
[INFO] Downloaded from central: https://repo.maven.apache.org/maven2/io/swagger/swagger-parser-project/1.0.55/swagger-parser-project-1.0.55.pom (15 kB at 427 kB/s)
[INFO] Downloading from central: https://repo.maven.apache.org/maven2/io/swagger/swagger-core/1.6.1/swagger-core-1.6.1.pom
[INFO] Downloaded from central: https://repo.maven.apache.org/maven2/io/swagger/swagger-core/1.6.1/swagger-core-1.6.1.pom (5.7 kB at 167 kB/s)
[INFO] Downloading from central: https://repo.maven.apache.org/maven2/io/swagger/swagger-project/1.6.1/swagger-project-1.6.1.pom
[INFO] Downloaded from central: https://repo.maven.apache.org/maven2/io/swagger/swagger-project/1.6.1/swagger-project-1.6.1.pom (26 kB at 599 kB/s)
[INFO] Downloading from central: https://repo.maven.apache.org/maven2/io/swagger/swagger-models/1.6.1/swagger-models-1.6.1.pom
[INFO] Downloaded from central: https://repo.maven.apache.org/maven2/io/swagger/swagger-models/1.6.1/swagger-models-1.6.1.pom (4.6 kB at 134 kB/s)
[INFO] Downloading from central: https://repo.maven.apache.org/maven2/io/swagger/swagger-annotations/1.6.1/swagger-annotations-1.6.1.pom
[INFO] Downloaded from central: https://repo.maven.apache.org/maven2/io/swagger/swagger-annotations/1.6.1/swagger-annotations-1.6.1.pom (6.2 kB at 164 kB/s)
[INFO] Downloading from central: https://repo.maven.apache.org/maven2/io/swagger/swagger-compat-spec-parser/1.0.55/swagger-compat-spec-parser-1.0.55.pom
[INFO] Downloaded from central: https://repo.maven.apache.org/maven2/io/swagger/swagger-compat-spec-parser/1.0.55/swagger-compat-spec-parser-1.0.55.pom (2.8 kB at 75 kB/s)
[INFO] Downloading from central: https://repo.maven.apache.org/maven2/com/github/java-json-tools/json-patch/1.13/json-patch-1.13.pom
[INFO] Downloaded from central: https://repo.maven.apache.org/maven2/com/github/java-json-tools/json-patch/1.13/json-patch-1.13.pom (3.3 kB at 101 kB/s)
[INFO] Downloading from central: https://repo.maven.apache.org/maven2/io/swagger/core/v3/swagger-models/2.1.7/swagger-models-2.1.7.pom
[INFO] Downloaded from central: https://repo.maven.apache.org/maven2/io/swagger/core/v3/swagger-models/2.1.7/swagger-models-2.1.7.pom (4.1 kB at 123 kB/s)
[INFO] Downloading from central: https://repo.maven.apache.org/maven2/io/swagger/core/v3/swagger-project/2.1.7/swagger-project-2.1.7.pom
[INFO] Downloaded from central: https://repo.maven.apache.org/maven2/io/swagger/core/v3/swagger-project/2.1.7/swagger-project-2.1.7.pom (29 kB at 773 kB/s)
[INFO] Downloading from central: https://repo.maven.apache.org/maven2/io/swagger/parser/v3/swagger-parser-core/2.0.26/swagger-parser-core-2.0.26.pom
[INFO] Downloaded from central: https://repo.maven.apache.org/maven2/io/swagger/parser/v3/swagger-parser-core/2.0.26/swagger-parser-core-2.0.26.pom (1.1 kB at 35 kB/s)
[INFO] Downloading from central: https://repo.maven.apache.org/maven2/io/swagger/parser/v3/swagger-parser-v3/2.0.26/swagger-parser-v3-2.0.26.pom
[INFO] Downloaded from central: https://repo.maven.apache.org/maven2/io/swagger/parser/v3/swagger-parser-v3/2.0.26/swagger-parser-v3-2.0.26.pom (3.3 kB at 97 kB/s)
[INFO] Downloading from central: https://repo.maven.apache.org/maven2/io/swagger/core/v3/swagger-core/2.1.7/swagger-core-2.1.7.pom
[INFO] Downloaded from central: https://repo.maven.apache.org/maven2/io/swagger/core/v3/swagger-core/2.1.7/swagger-core-2.1.7.pom (7.2 kB at 217 kB/s)
[INFO] Downloading from central: https://repo.maven.apache.org/maven2/com/fasterxml/jackson/dataformat/jackson-dataformat-yaml/2.12.1/jackson-dataformat-yaml-2.12.1.pom
[INFO] Downloaded from central: https://repo.maven.apache.org/maven2/com/fasterxml/jackson/dataformat/jackson-dataformat-yaml/2.12.1/jackson-dataformat-yaml-2.12.1.pom (2.6 kB at 80 kB/s)
[INFO] Downloading from central: https://repo.maven.apache.org/maven2/com/fasterxml/jackson/dataformat/jackson-dataformats-text/2.12.1/jackson-dataformats-text-2.12.1.pom
[INFO] Downloaded from central: https://repo.maven.apache.org/maven2/com/fasterxml/jackson/dataformat/jackson-dataformats-text/2.12.1/jackson-dataformats-text-2.12.1.pom (3.2 kB at 101 kB/s)
[INFO] Downloading from central: https://repo.maven.apache.org/maven2/com/fasterxml/jackson/datatype/jackson-datatype-jsr310/2.12.1/jackson-datatype-jsr310-2.12.1.pom
[INFO] Downloaded from central: https://repo.maven.apache.org/maven2/com/fasterxml/jackson/datatype/jackson-datatype-jsr310/2.12.1/jackson-datatype-jsr310-2.12.1.pom (4.9 kB at 164 kB/s)
[INFO] Downloading from central: https://repo.maven.apache.org/maven2/com/fasterxml/jackson/module/jackson-modules-java8/2.12.1/jackson-modules-java8-2.12.1.pom
[INFO] Downloaded from central: https://repo.maven.apache.org/maven2/com/fasterxml/jackson/module/jackson-modules-java8/2.12.1/jackson-modules-java8-2.12.1.pom (3.4 kB at 91 kB/s)
[INFO] Downloading from central: https://repo.maven.apache.org/maven2/io/swagger/core/v3/swagger-annotations/2.1.7/swagger-annotations-2.1.7.pom
[INFO] Downloaded from central: https://repo.maven.apache.org/maven2/io/swagger/core/v3/swagger-annotations/2.1.7/swagger-annotations-2.1.7.pom (5.4 kB at 164 kB/s)
[INFO] Downloading from central: https://repo.maven.apache.org/maven2/com/github/jknack/handlebars/4.2.1/handlebars-4.2.1.pom
[INFO] Downloaded from central: https://repo.maven.apache.org/maven2/com/github/jknack/handlebars/4.2.1/handlebars-4.2.1.pom (10 kB at 298 kB/s)
[INFO] Downloading from central: https://repo.maven.apache.org/maven2/com/github/jknack/handlebars.java/4.2.1/handlebars.java-4.2.1.pom
[INFO] Downloaded from central: https://repo.maven.apache.org/maven2/com/github/jknack/handlebars.java/4.2.1/handlebars.java-4.2.1.pom (13 kB at 394 kB/s)
[INFO] Downloading from central: https://repo.maven.apache.org/maven2/com/github/jknack/handlebars-jackson2/4.2.1/handlebars-jackson2-4.2.1.pom
[INFO] Downloaded from central: https://repo.maven.apache.org/maven2/com/github/jknack/handlebars-jackson2/4.2.1/handlebars-jackson2-4.2.1.pom (1.8 kB at 51 kB/s)
[INFO] Downloading from central: https://repo.maven.apache.org/maven2/org/slf4j/slf4j-ext/1.7.32/slf4j-ext-1.7.32.pom
[INFO] Downloaded from central: https://repo.maven.apache.org/maven2/org/slf4j/slf4j-ext/1.7.32/slf4j-ext-1.7.32.pom (2.8 kB at 99 kB/s)
[INFO] Downloading from central: https://repo.maven.apache.org/maven2/com/fasterxml/jackson/datatype/jackson-datatype-guava/2.10.2/jackson-datatype-guava-2.10.2.pom
[INFO] Downloaded from central: https://repo.maven.apache.org/maven2/com/fasterxml/jackson/datatype/jackson-datatype-guava/2.10.2/jackson-datatype-guava-2.10.2.pom (3.0 kB at 89 kB/s)
[INFO] Downloading from central: https://repo.maven.apache.org/maven2/com/fasterxml/jackson/datatype/jackson-datatypes-collections/2.10.2/jackson-datatypes-collections-2.10.2.pom
[INFO] Downloaded from central: https://repo.maven.apache.org/maven2/com/fasterxml/jackson/datatype/jackson-datatypes-collections/2.10.2/jackson-datatypes-collections-2.10.2.pom (2.1 kB at 65 kB/s)
[INFO] Downloading from central: https://repo.maven.apache.org/maven2/com/atlassian/commonmark/commonmark/0.11.0/commonmark-0.11.0.pom
[INFO] Downloaded from central: https://repo.maven.apache.org/maven2/com/atlassian/commonmark/commonmark/0.11.0/commonmark-0.11.0.pom (2.7 kB at 88 kB/s)
[INFO] Downloading from central: https://repo.maven.apache.org/maven2/com/atlassian/commonmark/commonmark-parent/0.11.0/commonmark-parent-0.11.0.pom
[INFO] Downloaded from central: https://repo.maven.apache.org/maven2/com/atlassian/commonmark/commonmark-parent/0.11.0/commonmark-parent-0.11.0.pom (7.9 kB at 255 kB/s)
[INFO] Downloading from central: https://repo.maven.apache.org/maven2/com/atlassian/pom/central-pom/5.0.13/central-pom-5.0.13.pom
[INFO] Downloaded from central: https://repo.maven.apache.org/maven2/com/atlassian/pom/central-pom/5.0.13/central-pom-5.0.13.pom (3.3 kB at 91 kB/s)
[INFO] Downloading from central: https://repo.maven.apache.org/maven2/com/atlassian/pom/base-pom/5.0.13/base-pom-5.0.13.pom
[INFO] Downloaded from central: https://repo.maven.apache.org/maven2/com/atlassian/pom/base-pom/5.0.13/base-pom-5.0.13.pom (32 kB at 917 kB/s)
[INFO] Downloading from central: https://repo.maven.apache.org/maven2/com/github/mifmif/generex/1.0.2/generex-1.0.2.pom
[INFO] Downloaded from central: https://repo.maven.apache.org/maven2/com/github/mifmif/generex/1.0.2/generex-1.0.2.pom (11 kB at 283 kB/s)
[INFO] Downloading from central: https://repo.maven.apache.org/maven2/dk/brics/automaton/automaton/1.11-8/automaton-1.11-8.pom
[INFO] Downloaded from central: https://repo.maven.apache.org/maven2/dk/brics/automaton/automaton/1.11-8/automaton-1.11-8.pom (1.1 kB at 29 kB/s)
[INFO] Downloading from central: https://repo.maven.apache.org/maven2/com/github/curious-odd-man/rgxgen/1.3/rgxgen-1.3.pom
[INFO] Downloaded from central: https://repo.maven.apache.org/maven2/com/github/curious-odd-man/rgxgen/1.3/rgxgen-1.3.pom (11 kB at 291 kB/s)
[INFO] Downloading from central: https://repo.maven.apache.org/maven2/com/fasterxml/jackson/datatype/jackson-datatype-joda/2.10.2/jackson-datatype-joda-2.10.2.pom
[INFO] Downloaded from central: https://repo.maven.apache.org/maven2/com/fasterxml/jackson/datatype/jackson-datatype-joda/2.10.2/jackson-datatype-joda-2.10.2.pom (3.5 kB at 98 kB/s)
[INFO] Downloading from central: https://repo.maven.apache.org/maven2/com/github/joschi/jackson/jackson-datatype-threetenbp/2.10.0/jackson-datatype-threetenbp-2.10.0.pom
[INFO] Downloaded from central: https://repo.maven.apache.org/maven2/com/github/joschi/jackson/jackson-datatype-threetenbp/2.10.0/jackson-datatype-threetenbp-2.10.0.pom (9.2 kB at 288 kB/s)
[INFO] Downloading from central: https://repo.maven.apache.org/maven2/org/threeten/threetenbp/1.4.0/threetenbp-1.4.0.pom
[INFO] Downloaded from central: https://repo.maven.apache.org/maven2/org/threeten/threetenbp/1.4.0/threetenbp-1.4.0.pom (32 kB at 940 kB/s)
[INFO] Downloading from central: https://repo.maven.apache.org/maven2/org/openapitools/openapi-generator-core/5.4.0/openapi-generator-core-5.4.0.pom
[INFO] Downloaded from central: https://repo.maven.apache.org/maven2/org/openapitools/openapi-generator-core/5.4.0/openapi-generator-core-5.4.0.pom (2.3 kB at 65 kB/s)
[INFO] Downloading from central: https://repo.maven.apache.org/maven2/org/apache/maven/maven-core/3.3.1/maven-core-3.3.1.jar
[INFO] Downloading from central: https://repo.maven.apache.org/maven2/org/apache/maven/maven-model/3.3.1/maven-model-3.3.1.jar
[INFO] Downloading from central: https://repo.maven.apache.org/maven2/org/apache/maven/maven-settings/3.3.1/maven-settings-3.3.1.jar
[INFO] Downloading from central: https://repo.maven.apache.org/maven2/org/apache/maven/maven-builder-support/3.3.1/maven-builder-support-3.3.1.jar
[INFO] Downloading from central: https://repo.maven.apache.org/maven2/org/apache/maven/maven-settings-builder/3.3.1/maven-settings-builder-3.3.1.jar
[INFO] Downloaded from central: https://repo.maven.apache.org/maven2/org/apache/maven/maven-settings/3.3.1/maven-settings-3.3.1.jar (43 kB at 1.3 MB/s)
[INFO] Downloading from central: https://repo.maven.apache.org/maven2/org/apache/maven/maven-repository-metadata/3.3.1/maven-repository-metadata-3.3.1.jar
[INFO] Downloaded from central: https://repo.maven.apache.org/maven2/org/apache/maven/maven-model/3.3.1/maven-model-3.3.1.jar (161 kB at 4.3 MB/s)
[INFO] Downloading from central: https://repo.maven.apache.org/maven2/org/apache/maven/maven-artifact/3.3.1/maven-artifact-3.3.1.jar
[INFO] Downloaded from central: https://repo.maven.apache.org/maven2/org/apache/maven/maven-builder-support/3.3.1/maven-builder-support-3.3.1.jar (15 kB at 405 kB/s)
[INFO] Downloading from central: https://repo.maven.apache.org/maven2/org/apache/maven/maven-model-builder/3.3.1/maven-model-builder-3.3.1.jar
[INFO] Downloaded from central: https://repo.maven.apache.org/maven2/org/apache/maven/maven-core/3.3.1/maven-core-3.3.1.jar (632 kB at 15 MB/s)
[INFO] Downloading from central: https://repo.maven.apache.org/maven2/org/apache/maven/maven-aether-provider/3.3.1/maven-aether-provider-3.3.1.jar
[INFO] Downloaded from central: https://repo.maven.apache.org/maven2/org/apache/maven/maven-settings-builder/3.3.1/maven-settings-builder-3.3.1.jar (43 kB at 810 kB/s)
[INFO] Downloading from central: https://repo.maven.apache.org/maven2/org/apache/maven/maven-plugin-api/3.3.1/maven-plugin-api-3.3.1.jar
[INFO] Downloaded from central: https://repo.maven.apache.org/maven2/org/apache/maven/maven-repository-metadata/3.3.1/maven-repository-metadata-3.3.1.jar (26 kB at 412 kB/s)
[INFO] Downloading from central: https://repo.maven.apache.org/maven2/org/openapitools/openapi-generator/5.4.0/openapi-generator-5.4.0.jar
[INFO] Downloaded from central: https://repo.maven.apache.org/maven2/org/apache/maven/maven-artifact/3.3.1/maven-artifact-3.3.1.jar (55 kB at 799 kB/s)
[INFO] Downloading from central: https://repo.maven.apache.org/maven2/com/fasterxml/jackson/dataformat/jackson-dataformat-yaml/2.10.1/jackson-dataformat-yaml-2.10.1.jar
[INFO] Downloaded from central: https://repo.maven.apache.org/maven2/org/apache/maven/maven-aether-provider/3.3.1/maven-aether-provider-3.3.1.jar (66 kB at 962 kB/s)
[INFO] Downloading from central: https://repo.maven.apache.org/maven2/io/swagger/parser/v3/swagger-parser/2.0.26/swagger-parser-2.0.26.jar
[INFO] Downloaded from central: https://repo.maven.apache.org/maven2/org/apache/maven/maven-model-builder/3.3.1/maven-model-builder-3.3.1.jar (176 kB at 2.5 MB/s)
[INFO] Downloading from central: https://repo.maven.apache.org/maven2/io/swagger/parser/v3/swagger-parser-v2-converter/2.0.26/swagger-parser-v2-converter-2.0.26.jar
[INFO] Downloaded from central: https://repo.maven.apache.org/maven2/io/swagger/parser/v3/swagger-parser/2.0.26/swagger-parser-2.0.26.jar (3.2 kB at 32 kB/s)
[INFO] Downloading from central: https://repo.maven.apache.org/maven2/io/swagger/swagger-core/1.6.2/swagger-core-1.6.2.jar
[INFO] Downloaded from central: https://repo.maven.apache.org/maven2/org/apache/maven/maven-plugin-api/3.3.1/maven-plugin-api-3.3.1.jar (46 kB at 452 kB/s)
[INFO] Downloading from central: https://repo.maven.apache.org/maven2/io/swagger/swagger-models/1.6.2/swagger-models-1.6.2.jar
[INFO] Downloaded from central: https://repo.maven.apache.org/maven2/com/fasterxml/jackson/dataformat/jackson-dataformat-yaml/2.10.1/jackson-dataformat-yaml-2.10.1.jar (47 kB at 448 kB/s)
[INFO] Downloading from central: https://repo.maven.apache.org/maven2/io/swagger/swagger-annotations/1.6.2/swagger-annotations-1.6.2.jar
[INFO] Downloaded from central: https://repo.maven.apache.org/maven2/io/swagger/parser/v3/swagger-parser-v2-converter/2.0.26/swagger-parser-v2-converter-2.0.26.jar (26 kB at 236 kB/s)
[INFO] Downloading from central: https://repo.maven.apache.org/maven2/io/swagger/swagger-parser/1.0.55/swagger-parser-1.0.55.jar
[INFO] Downloaded from central: https://repo.maven.apache.org/maven2/io/swagger/swagger-annotations/1.6.2/swagger-annotations-1.6.2.jar (0 B at 0 B/s)
[INFO] Downloading from central: https://repo.maven.apache.org/maven2/io/swagger/swagger-compat-spec-parser/1.0.55/swagger-compat-spec-parser-1.0.55.jar
[INFO] Downloaded from central: https://repo.maven.apache.org/maven2/io/swagger/swagger-models/1.6.2/swagger-models-1.6.2.jar (155 kB at 1.2 MB/s)
[INFO] Downloading from central: https://repo.maven.apache.org/maven2/com/github/java-json-tools/json-patch/1.13/json-patch-1.13.jar
[INFO] Downloaded from central: https://repo.maven.apache.org/maven2/io/swagger/swagger-core/1.6.2/swagger-core-1.6.2.jar (117 kB at 803 kB/s)
[INFO] Downloading from central: https://repo.maven.apache.org/maven2/io/swagger/parser/v3/swagger-parser-core/2.0.26/swagger-parser-core-2.0.26.jar
[INFO] Downloaded from central: https://repo.maven.apache.org/maven2/io/swagger/swagger-parser/1.0.55/swagger-parser-1.0.55.jar (95 kB at 650 kB/s)
[INFO] Downloading from central: https://repo.maven.apache.org/maven2/io/swagger/parser/v3/swagger-parser-v3/2.0.26/swagger-parser-v3-2.0.26.jar
[INFO] Downloaded from central: https://repo.maven.apache.org/maven2/com/github/java-json-tools/json-patch/1.13/json-patch-1.13.jar (44 kB at 271 kB/s)
[INFO] Downloading from central: https://repo.maven.apache.org/maven2/com/github/jknack/handlebars/4.2.1/handlebars-4.2.1.jar
[INFO] Downloaded from central: https://repo.maven.apache.org/maven2/io/swagger/parser/v3/swagger-parser-core/2.0.26/swagger-parser-core-2.0.26.jar (6.7 kB at 38 kB/s)
[INFO] Downloading from central: https://repo.maven.apache.org/maven2/com/github/jknack/handlebars-jackson2/4.2.1/handlebars-jackson2-4.2.1.jar
[INFO] Downloaded from central: https://repo.maven.apache.org/maven2/io/swagger/swagger-compat-spec-parser/1.0.55/swagger-compat-spec-parser-1.0.55.jar (149 kB at 855 kB/s)
[INFO] Downloading from central: https://repo.maven.apache.org/maven2/org/slf4j/slf4j-ext/1.7.32/slf4j-ext-1.7.32.jar
[INFO] Downloaded from central: https://repo.maven.apache.org/maven2/org/openapitools/openapi-generator/5.4.0/openapi-generator-5.4.0.jar (5.6 MB at 31 MB/s)
[INFO] Downloading from central: https://repo.maven.apache.org/maven2/com/fasterxml/jackson/datatype/jackson-datatype-guava/2.10.2/jackson-datatype-guava-2.10.2.jar
[INFO] Downloaded from central: https://repo.maven.apache.org/maven2/io/swagger/parser/v3/swagger-parser-v3/2.0.26/swagger-parser-v3-2.0.26.jar (139 kB at 733 kB/s)
[INFO] Downloading from central: https://repo.maven.apache.org/maven2/com/atlassian/commonmark/commonmark/0.11.0/commonmark-0.11.0.jar
[INFO] Downloaded from central: https://repo.maven.apache.org/maven2/com/github/jknack/handlebars-jackson2/4.2.1/handlebars-jackson2-4.2.1.jar (9.3 kB at 45 kB/s)
[INFO] Downloading from central: https://repo.maven.apache.org/maven2/com/github/mifmif/generex/1.0.2/generex-1.0.2.jar
[INFO] Downloaded from central: https://repo.maven.apache.org/maven2/com/github/jknack/handlebars/4.2.1/handlebars-4.2.1.jar (945 kB at 4.6 MB/s)
[INFO] Downloading from central: https://repo.maven.apache.org/maven2/dk/brics/automaton/automaton/1.11-8/automaton-1.11-8.jar
[INFO] Downloaded from central: https://repo.maven.apache.org/maven2/com/fasterxml/jackson/datatype/jackson-datatype-guava/2.10.2/jackson-datatype-guava-2.10.2.jar (84 kB at 401 kB/s)
[INFO] Downloading from central: https://repo.maven.apache.org/maven2/com/github/curious-odd-man/rgxgen/1.3/rgxgen-1.3.jar
[INFO] Downloaded from central: https://repo.maven.apache.org/maven2/org/slf4j/slf4j-ext/1.7.32/slf4j-ext-1.7.32.jar (38 kB at 175 kB/s)
[INFO] Downloading from central: https://repo.maven.apache.org/maven2/com/fasterxml/jackson/datatype/jackson-datatype-joda/2.10.2/jackson-datatype-joda-2.10.2.jar
[INFO] Downloaded from central: https://repo.maven.apache.org/maven2/com/atlassian/commonmark/commonmark/0.11.0/commonmark-0.11.0.jar (134 kB at 610 kB/s)
[INFO] Downloading from central: https://repo.maven.apache.org/maven2/com/github/joschi/jackson/jackson-datatype-threetenbp/2.10.0/jackson-datatype-threetenbp-2.10.0.jar
[INFO] Downloaded from central: https://repo.maven.apache.org/maven2/com/github/mifmif/generex/1.0.2/generex-1.0.2.jar (14 kB at 62 kB/s)
[INFO] Downloading from central: https://repo.maven.apache.org/maven2/org/threeten/threetenbp/1.4.0/threetenbp-1.4.0.jar
[INFO] Downloaded from central: https://repo.maven.apache.org/maven2/dk/brics/automaton/automaton/1.11-8/automaton-1.11-8.jar (176 kB at 744 kB/s)
[INFO] Downloading from central: https://repo.maven.apache.org/maven2/org/openapitools/openapi-generator-core/5.4.0/openapi-generator-core-5.4.0.jar
[INFO] Downloaded from central: https://repo.maven.apache.org/maven2/com/github/curious-odd-man/rgxgen/1.3/rgxgen-1.3.jar (73 kB at 303 kB/s)
[INFO] Downloaded from central: https://repo.maven.apache.org/maven2/com/github/joschi/jackson/jackson-datatype-threetenbp/2.10.0/jackson-datatype-threetenbp-2.10.0.jar (123 kB at 487 kB/s)
[INFO] Downloaded from central: https://repo.maven.apache.org/maven2/org/threeten/threetenbp/1.4.0/threetenbp-1.4.0.jar (514 kB at 1.9 MB/s)
[INFO] Downloaded from central: https://repo.maven.apache.org/maven2/org/openapitools/openapi-generator-core/5.4.0/openapi-generator-core-5.4.0.jar (61 kB at 226 kB/s)
[INFO] Downloaded from central: https://repo.maven.apache.org/maven2/com/fasterxml/jackson/datatype/jackson-datatype-joda/2.10.2/jackson-datatype-joda-2.10.2.jar (72 kB at 265 kB/s)
[INFO] Generating with dryRun=false
[INFO] Output directory (/home/srafi/after-cam-ready/compare_/compile_repair_output/work/a18505f443aa/modules/cli/target/generated-sources/openapi) does not exist, or is inaccessible. No file (.openapi-generator-ignore) will be evaluated.
[INFO] OpenAPI Generator: java (client)
[INFO] Generator 'java' is considered stable.
[INFO] Environment variable JAVA_POST_PROCESS_FILE not defined so the Java code may not be properly formatted. To define it, try 'export JAVA_POST_PROCESS_FILE="/usr/local/bin/clang-format -i"' (Linux/Mac)
[INFO] NOTE: To enable file post-processing, 'enablePostProcessFile' must be set to `true` (--enable-post-process-file for CLI).
[INFO] Processing operation init
[INFO] Processing operation getClusterConfiguration
[INFO] Processing operation updateClusterConfiguration
[INFO] Processing operation getClusterConfigurationByPath
[INFO] Processing operation getNodeConfiguration
[INFO] Processing operation updateNodeConfiguration
[INFO] Processing operation getNodeConfigurationByPath
[INFO] 'host' (OAS 2.0) or 'servers' (OAS 3.0) not defined in the spec. Default to [http://localhost] for server URL [http://localhost/]
[INFO] 'host' (OAS 2.0) or 'servers' (OAS 3.0) not defined in the spec. Default to [http://localhost] for server URL [http://localhost/]
[INFO] Model Void not generated since it's a free-form object
[INFO] writing file /home/srafi/after-cam-ready/compare_/compile_repair_output/work/a18505f443aa/modules/cli/target/generated-sources/openapi/src/main/java/org/apache/ignite/rest/client/model/InitCommand.java
[INFO] writing file /home/srafi/after-cam-ready/compare_/compile_repair_output/work/a18505f443aa/modules/cli/target/generated-sources/openapi/docs/InitCommand.md
[INFO] 'host' (OAS 2.0) or 'servers' (OAS 3.0) not defined in the spec. Default to [http://localhost] for server URL [http://localhost/]
[INFO] writing file /home/srafi/after-cam-ready/compare_/compile_repair_output/work/a18505f443aa/modules/cli/target/generated-sources/openapi/src/main/java/org/apache/ignite/rest/client/api/ClusterConfigurationApi.java
[INFO] Skipped /home/srafi/after-cam-ready/compare_/compile_repair_output/work/a18505f443aa/modules/cli/target/generated-sources/openapi/src/test/java/org/apache/ignite/rest/client/api/ClusterConfigurationApiTest.java (Skipped by apiTests options supplied by user.)
[INFO] writing file /home/srafi/after-cam-ready/compare_/compile_repair_output/work/a18505f443aa/modules/cli/target/generated-sources/openapi/docs/ClusterConfigurationApi.md
[INFO] 'host' (OAS 2.0) or 'servers' (OAS 3.0) not defined in the spec. Default to [http://localhost] for server URL [http://localhost/]
[INFO] writing file /home/srafi/after-cam-ready/compare_/compile_repair_output/work/a18505f443aa/modules/cli/target/generated-sources/openapi/src/main/java/org/apache/ignite/rest/client/api/ClusterManagementApi.java
[INFO] Skipped /home/srafi/after-cam-ready/compare_/compile_repair_output/work/a18505f443aa/modules/cli/target/generated-sources/openapi/src/test/java/org/apache/ignite/rest/client/api/ClusterManagementApiTest.java (Skipped by apiTests options supplied by user.)
[INFO] writing file /home/srafi/after-cam-ready/compare_/compile_repair_output/work/a18505f443aa/modules/cli/target/generated-sources/openapi/docs/ClusterManagementApi.md
[INFO] 'host' (OAS 2.0) or 'servers' (OAS 3.0) not defined in the spec. Default to [http://localhost] for server URL [http://localhost/]
[INFO] writing file /home/srafi/after-cam-ready/compare_/compile_repair_output/work/a18505f443aa/modules/cli/target/generated-sources/openapi/src/main/java/org/apache/ignite/rest/client/api/NodeConfigurationApi.java
[INFO] Skipped /home/srafi/after-cam-ready/compare_/compile_repair_output/work/a18505f443aa/modules/cli/target/generated-sources/openapi/src/test/java/org/apache/ignite/rest/client/api/NodeConfigurationApiTest.java (Skipped by apiTests options supplied by user.)
[INFO] writing file /home/srafi/after-cam-ready/compare_/compile_repair_output/work/a18505f443aa/modules/cli/target/generated-sources/openapi/docs/NodeConfigurationApi.md
[INFO] 'host' (OAS 2.0) or 'servers' (OAS 3.0) not defined in the spec. Default to [http://localhost] for server URL [http://localhost/]
[INFO] writing file /home/srafi/after-cam-ready/compare_/compile_repair_output/work/a18505f443aa/modules/cli/target/generated-sources/openapi/pom.xml
[INFO] writing file /home/srafi/after-cam-ready/compare_/compile_repair_output/work/a18505f443aa/modules/cli/target/generated-sources/openapi/README.md
[INFO] writing file /home/srafi/after-cam-ready/compare_/compile_repair_output/work/a18505f443aa/modules/cli/target/generated-sources/openapi/build.gradle
[INFO] writing file /home/srafi/after-cam-ready/compare_/compile_repair_output/work/a18505f443aa/modules/cli/target/generated-sources/openapi/build.sbt
[INFO] writing file /home/srafi/after-cam-ready/compare_/compile_repair_output/work/a18505f443aa/modules/cli/target/generated-sources/openapi/settings.gradle
[INFO] writing file /home/srafi/after-cam-ready/compare_/compile_repair_output/work/a18505f443aa/modules/cli/target/generated-sources/openapi/gradle.properties
[INFO] writing file /home/srafi/after-cam-ready/compare_/compile_repair_output/work/a18505f443aa/modules/cli/target/generated-sources/openapi/src/main/AndroidManifest.xml
[INFO] writing file /home/srafi/after-cam-ready/compare_/compile_repair_output/work/a18505f443aa/modules/cli/target/generated-sources/openapi/.travis.yml
[INFO] writing file /home/srafi/after-cam-ready/compare_/compile_repair_output/work/a18505f443aa/modules/cli/target/generated-sources/openapi/src/main/java/org/apache/ignite/rest/client/invoker/ApiClient.java
[INFO] writing file /home/srafi/after-cam-ready/compare_/compile_repair_output/work/a18505f443aa/modules/cli/target/generated-sources/openapi/src/main/java/org/apache/ignite/rest/client/invoker/ServerConfiguration.java
[INFO] writing file /home/srafi/after-cam-ready/compare_/compile_repair_output/work/a18505f443aa/modules/cli/target/generated-sources/openapi/src/main/java/org/apache/ignite/rest/client/invoker/ServerVariable.java
[INFO] writing file /home/srafi/after-cam-ready/compare_/compile_repair_output/work/a18505f443aa/modules/cli/target/generated-sources/openapi/api/openapi.yaml
[INFO] writing file /home/srafi/after-cam-ready/compare_/compile_repair_output/work/a18505f443aa/modules/cli/target/generated-sources/openapi/src/main/java/org/apache/ignite/rest/client/invoker/StringUtil.java
[INFO] writing file /home/srafi/after-cam-ready/compare_/compile_repair_output/work/a18505f443aa/modules/cli/target/generated-sources/openapi/src/main/java/org/apache/ignite/rest/client/invoker/auth/HttpBasicAuth.java
[INFO] writing file /home/srafi/after-cam-ready/compare_/compile_repair_output/work/a18505f443aa/modules/cli/target/generated-sources/openapi/src/main/java/org/apache/ignite/rest/client/invoker/auth/HttpBearerAuth.java
[INFO] writing file /home/srafi/after-cam-ready/compare_/compile_repair_output/work/a18505f443aa/modules/cli/target/generated-sources/openapi/src/main/java/org/apache/ignite/rest/client/invoker/auth/ApiKeyAuth.java
[INFO] writing file /home/srafi/after-cam-ready/compare_/compile_repair_output/work/a18505f443aa/modules/cli/target/generated-sources/openapi/gradlew
[INFO] writing file /home/srafi/after-cam-ready/compare_/compile_repair_output/work/a18505f443aa/modules/cli/target/generated-sources/openapi/gradlew.bat
[INFO] writing file /home/srafi/after-cam-ready/compare_/compile_repair_output/work/a18505f443aa/modules/cli/target/generated-sources/openapi/gradle/wrapper/gradle-wrapper.properties
[INFO] writing file /home/srafi/after-cam-ready/compare_/compile_repair_output/work/a18505f443aa/modules/cli/target/generated-sources/openapi/gradle/wrapper/gradle-wrapper.jar
[INFO] writing file /home/srafi/after-cam-ready/compare_/compile_repair_output/work/a18505f443aa/modules/cli/target/generated-sources/openapi/git_push.sh
[INFO] writing file /home/srafi/after-cam-ready/compare_/compile_repair_output/work/a18505f443aa/modules/cli/target/generated-sources/openapi/.gitignore
[INFO] writing file /home/srafi/after-cam-ready/compare_/compile_repair_output/work/a18505f443aa/modules/cli/target/generated-sources/openapi/src/main/java/org/apache/ignite/rest/client/invoker/ApiException.java
[INFO] writing file /home/srafi/after-cam-ready/compare_/compile_repair_output/work/a18505f443aa/modules/cli/target/generated-sources/openapi/src/main/java/org/apache/ignite/rest/client/invoker/Configuration.java
[INFO] writing file /home/srafi/after-cam-ready/compare_/compile_repair_output/work/a18505f443aa/modules/cli/target/generated-sources/openapi/src/main/java/org/apache/ignite/rest/client/invoker/Pair.java
[INFO] writing file /home/srafi/after-cam-ready/compare_/compile_repair_output/work/a18505f443aa/modules/cli/target/generated-sources/openapi/src/main/java/org/apache/ignite/rest/client/invoker/auth/Authentication.java
[INFO] writing file /home/srafi/after-cam-ready/compare_/compile_repair_output/work/a18505f443aa/modules/cli/target/generated-sources/openapi/src/main/java/org/apache/ignite/rest/client/invoker/ApiCallback.java
[INFO] writing file /home/srafi/after-cam-ready/compare_/compile_repair_output/work/a18505f443aa/modules/cli/target/generated-sources/openapi/src/main/java/org/apache/ignite/rest/client/invoker/ApiResponse.java
[INFO] writing file /home/srafi/after-cam-ready/compare_/compile_repair_output/work/a18505f443aa/modules/cli/target/generated-sources/openapi/src/main/java/org/apache/ignite/rest/client/invoker/JSON.java
[INFO] writing file /home/srafi/after-cam-ready/compare_/compile_repair_output/work/a18505f443aa/modules/cli/target/generated-sources/openapi/src/main/java/org/apache/ignite/rest/client/invoker/ProgressRequestBody.java
[INFO] writing file /home/srafi/after-cam-ready/compare_/compile_repair_output/work/a18505f443aa/modules/cli/target/generated-sources/openapi/src/main/java/org/apache/ignite/rest/client/invoker/ProgressResponseBody.java
[INFO] writing file /home/srafi/after-cam-ready/compare_/compile_repair_output/work/a18505f443aa/modules/cli/target/generated-sources/openapi/src/main/java/org/apache/ignite/rest/client/invoker/GzipRequestInterceptor.java
[INFO] writing file /home/srafi/after-cam-ready/compare_/compile_repair_output/work/a18505f443aa/modules/cli/target/generated-sources/openapi/.openapi-generator-ignore
[INFO] writing file /home/srafi/after-cam-ready/compare_/compile_repair_output/work/a18505f443aa/modules/cli/target/generated-sources/openapi/.openapi-generator/VERSION
[INFO] writing file /home/srafi/after-cam-ready/compare_/compile_repair_output/work/a18505f443aa/modules/cli/target/generated-sources/openapi/.openapi-generator/FILES
################################################################################
# Thanks for using OpenAPI Generator.                                          #
# Please consider donation to help us maintain this project 🙏                 #
# https://opencollective.com/openapi_generator/donate                          #
################################################################################
[INFO] 
[INFO] --- maven-remote-resources-plugin:1.7.0:process (process-resource-bundles) @ ignite-cli ---
[INFO] Preparing remote bundle org.apache:apache-jar-resource-bundle:1.4
[INFO] Copying 3 resources from 1 bundle.
[INFO] 
[INFO] --- maven-resources-plugin:3.2.0:resources (default-resources) @ ignite-cli ---
[INFO] Using 'UTF-8' encoding to copy filtered resources.
[INFO] Using 'UTF-8' encoding to copy filtered properties files.
[INFO] Copying 6 resources
[INFO] Copying 3 resources
[INFO] The encoding used to copy filtered properties files have not been set. This means that the same encoding will be used to copy filtered properties files as when copying other filtered resources. This might not be what you want! Run your build with --debug to see which files might be affected. Read more at https://maven.apache.org/plugins/maven-resources-plugin/examples/filtering-properties-files.html
[INFO] 
[INFO] --- flatten-maven-plugin:1.2.2:flatten (flatten) @ ignite-cli ---
[INFO] Generating flattened POM of project org.apache.ignite:ignite-cli:jar:3.0.0-SNAPSHOT...
[INFO] 
[INFO] --- maven-compiler-plugin:3.8.1:compile (default-compile) @ ignite-cli ---
[INFO] Downloading from central: https://repo.maven.apache.org/maven2/info/picocli/picocli-codegen/4.6.2/picocli-codegen-4.6.2.jar
[INFO] Downloaded from central: https://repo.maven.apache.org/maven2/info/picocli/picocli-codegen/4.6.2/picocli-codegen-4.6.2.jar (128 kB at 3.1 MB/s)
[INFO] Downloading from central: https://repo.maven.apache.org/maven2/info/picocli/picocli-codegen/4.6.2/picocli-codegen-4.6.2.pom
[INFO] Downloaded from central: https://repo.maven.apache.org/maven2/info/picocli/picocli-codegen/4.6.2/picocli-codegen-4.6.2.pom (1.5 kB at 13 kB/s)
[INFO] Changes detected - recompiling the module!
[INFO] Compiling 171 source files to /home/srafi/after-cam-ready/compare_/compile_repair_output/work/a18505f443aa/modules/cli/target/classes
[INFO] 
[INFO] --- maven-resources-plugin:3.2.0:testResources (default-testResources) @ ignite-cli ---
[INFO] Using 'UTF-8' encoding to copy filtered resources.
[INFO] Using 'UTF-8' encoding to copy filtered properties files.
[INFO] Copying 2 resources
[INFO] Copying 1 resource
[INFO] Copying 3 resources
[INFO] 
[INFO] --- maven-compiler-plugin:3.8.1:testCompile (default-testCompile) @ ignite-cli ---
[INFO] Changes detected - recompiling the module!
[INFO] Compiling 35 source files to /home/srafi/after-cam-ready/compare_/compile_repair_output/work/a18505f443aa/modules/cli/target/test-classes
[INFO] /home/srafi/after-cam-ready/compare_/compile_repair_output/work/a18505f443aa/modules/cli/src/test/java/org/apache/ignite/cli/commands/sql/SqlCompleterTest.java: /home/srafi/after-cam-ready/compare_/compile_repair_output/work/a18505f443aa/modules/cli/src/test/java/org/apache/ignite/cli/commands/sql/SqlCompleterTest.java uses or overrides a deprecated API.
[INFO] /home/srafi/after-cam-ready/compare_/compile_repair_output/work/a18505f443aa/modules/cli/src/test/java/org/apache/ignite/cli/commands/sql/SqlCompleterTest.java: Recompile with -Xlint:deprecation for details.
[INFO] 
[INFO] --- modernizer-maven-plugin:2.3.0:modernizer (modernizer) @ ignite-cli ---
[INFO] Skipping modernizer execution!
[INFO] 
[INFO] --- maven-surefire-plugin:3.0.0-M8-SNAPSHOT:test (default-test) @ ignite-cli ---
[INFO] Tests are skipped.
[INFO] 
[INFO] --- micronaut-maven-plugin:3.1.0:graalvm-resources (default-graalvm-resources) @ ignite-cli ---
[INFO] Generating /home/srafi/after-cam-ready/compare_/compile_repair_output/work/a18505f443aa/modules/cli/target/classes/META-INF/native-image/org.apache.ignite/ignite-cli/resource-config.json
[INFO] 
[INFO] --- maven-jar-plugin:3.2.0:jar (default-jar) @ ignite-cli ---
[INFO] Building jar: /home/srafi/after-cam-ready/compare_/compile_repair_output/work/a18505f443aa/modules/cli/target/ignite-cli-3.0.0-SNAPSHOT.jar
[INFO] 
[INFO] --- maven-shade-plugin:3.2.4:shade (default-shade) @ ignite-cli ---
[INFO] Including com.jakewharton.fliptables:fliptables:jar:1.1.0 in the shaded jar.
[INFO] Including org.jline:jline:jar:3.21.0 in the shaded jar.
[INFO] Including org.jline:jline-console:jar:3.21.0 in the shaded jar.
[INFO] Including org.jline:jline-builtins:jar:3.21.0 in the shaded jar.
[INFO] Including org.jline:jline-reader:jar:3.21.0 in the shaded jar.
[INFO] Including org.jline:jline-style:jar:3.21.0 in the shaded jar.
[INFO] Including org.jline:jline-terminal:jar:3.21.0 in the shaded jar.
[INFO] Including org.apache.ignite:ignite-cli-common:jar:3.0.0-SNAPSHOT in the shaded jar.
[INFO] Including org.apache.ignite:ignite-core:jar:3.0.0-SNAPSHOT in the shaded jar.
[INFO] Including org.jetbrains:annotations:jar:20.1.0 in the shaded jar.
[INFO] Including it.unimi.dsi:fastutil-core:jar:8.5.6 in the shaded jar.
[INFO] Including org.apache.ignite:ignite-api:jar:3.0.0-SNAPSHOT in the shaded jar.
[INFO] Including org.apache.ignite:ignite-configuration-api:jar:3.0.0-SNAPSHOT in the shaded jar.
[INFO] Including org.apache.ignite:ignite-client:jar:3.0.0-SNAPSHOT in the shaded jar.
[INFO] Including org.apache.ignite:ignite-client-common:jar:3.0.0-SNAPSHOT in the shaded jar.
[INFO] Including org.apache.ignite:ignite-marshaller-common:jar:3.0.0-SNAPSHOT in the shaded jar.
[INFO] Including org.msgpack:msgpack-core:jar:0.8.21 in the shaded jar.
[INFO] Including org.msgpack:jackson-dataformat-msgpack:jar:0.8.21 in the shaded jar.
[INFO] Including io.netty:netty-common:jar:4.1.70.Final in the shaded jar.
[INFO] Including io.netty:netty-buffer:jar:4.1.70.Final in the shaded jar.
[INFO] Including io.netty:netty-codec:jar:4.1.70.Final in the shaded jar.
[INFO] Including io.netty:netty-transport:jar:4.1.70.Final in the shaded jar.
[INFO] Including io.netty:netty-resolver:jar:4.1.70.Final in the shaded jar.
[INFO] Including io.micronaut:micronaut-inject:jar:3.4.1 in the shaded jar.
[INFO] Including org.slf4j:slf4j-api:jar:1.7.29 in the shaded jar.
[INFO] Including javax.annotation:javax.annotation-api:jar:1.3.2 in the shaded jar.
[INFO] Including jakarta.inject:jakarta.inject-api:jar:2.0.0 in the shaded jar.
[INFO] Including jakarta.annotation:jakarta.annotation-api:jar:2.0.0 in the shaded jar.
[INFO] Including io.micronaut:micronaut-core:jar:3.4.1 in the shaded jar.
[INFO] Including org.yaml:snakeyaml:jar:1.30 in the shaded jar.
[INFO] Including io.micronaut:micronaut-validation:jar:3.4.1 in the shaded jar.
[INFO] Including io.micronaut:micronaut-core-reactive:jar:3.4.1 in the shaded jar.
[INFO] Including org.reactivestreams:reactive-streams:jar:1.0.3 in the shaded jar.
[INFO] Including javax.validation:validation-api:jar:2.0.1.Final in the shaded jar.
[INFO] Including io.projectreactor:reactor-core:jar:3.4.14 in the shaded jar.
[INFO] Including info.picocli:picocli-shell-jline3:jar:4.6.2 in the shaded jar.
[INFO] Including org.fusesource.jansi:jansi:jar:1.18 in the shaded jar.
[INFO] Including info.picocli:picocli:jar:4.6.2 in the shaded jar.
[INFO] Including io.micronaut:micronaut-runtime:jar:3.4.1 in the shaded jar.
[INFO] Including io.micronaut:micronaut-http:jar:3.4.1 in the shaded jar.
[INFO] Including io.micronaut:micronaut-aop:jar:3.4.1 in the shaded jar.
[INFO] Including io.micronaut:micronaut-context:jar:3.4.1 in the shaded jar.
[INFO] Including io.micronaut:micronaut-jackson-databind:jar:3.4.1 in the shaded jar.
[INFO] Including io.micronaut:micronaut-jackson-core:jar:3.4.1 in the shaded jar.
[INFO] Including io.micronaut:micronaut-json-core:jar:3.4.1 in the shaded jar.
[INFO] Including com.fasterxml.jackson.datatype:jackson-datatype-jdk8:jar:2.13.1 in the shaded jar.
[INFO] Including com.fasterxml.jackson.datatype:jackson-datatype-jsr310:jar:2.13.1 in the shaded jar.
[INFO] Including io.micronaut.picocli:micronaut-picocli:jar:4.1.0 in the shaded jar.
[INFO] Including com.fasterxml.jackson.core:jackson-databind:jar:2.13.1 in the shaded jar.
[INFO] Including com.fasterxml.jackson.core:jackson-annotations:jar:2.13.1 in the shaded jar.
[INFO] Including com.fasterxml.jackson.core:jackson-core:jar:2.13.1 in the shaded jar.
[INFO] Including org.apache.ivy:ivy:jar:2.5.0 in the shaded jar.
[INFO] Including com.typesafe:config:jar:1.4.1 in the shaded jar.
[INFO] Including org.slf4j:slf4j-jdk14:jar:1.7.32 in the shaded jar.
[INFO] Including com.google.code.gson:gson:jar:2.8.9 in the shaded jar.
[INFO] Including com.google.code.findbugs:jsr305:jar:3.0.2 in the shaded jar.
[INFO] Including com.squareup.okhttp3:okhttp:jar:4.9.1 in the shaded jar.
[INFO] Including com.squareup.okio:okio:jar:2.8.0 in the shaded jar.
[INFO] Including org.jetbrains.kotlin:kotlin-stdlib-common:jar:1.4.0 in the shaded jar.
[INFO] Including org.jetbrains.kotlin:kotlin-stdlib:jar:1.4.10 in the shaded jar.
[INFO] Including org.threeten:threetenbp:jar:1.5.2 in the shaded jar.
[INFO] Including com.squareup.okhttp3:logging-interceptor:jar:4.9.1 in the shaded jar.
[INFO] Including org.jetbrains.kotlin:kotlin-stdlib-jdk8:jar:1.4.10 in the shaded jar.
[INFO] Including org.jetbrains.kotlin:kotlin-stdlib-jdk7:jar:1.4.10 in the shaded jar.
[INFO] Including io.gsonfire:gson-fire:jar:1.8.5 in the shaded jar.
[INFO] Including io.swagger:swagger-annotations:jar:1.6.4 in the shaded jar.
[WARNING] annotations-20.1.0.jar, config-1.4.1.jar, fastutil-core-8.5.6.jar, fliptables-1.1.0.jar, gson-2.8.9.jar, gson-fire-1.8.5.jar, ignite-api-3.0.0-SNAPSHOT.jar, ignite-cli-3.0.0-SNAPSHOT.jar, ignite-cli-common-3.0.0-SNAPSHOT.jar, ignite-client-3.0.0-SNAPSHOT.jar, ignite-client-common-3.0.0-SNAPSHOT.jar, ignite-configuration-api-3.0.0-SNAPSHOT.jar, ignite-core-3.0.0-SNAPSHOT.jar, ignite-marshaller-common-3.0.0-SNAPSHOT.jar, ivy-2.5.0.jar, jackson-annotations-2.13.1.jar, jackson-core-2.13.1.jar, jackson-databind-2.13.1.jar, jackson-dataformat-msgpack-0.8.21.jar, jackson-datatype-jdk8-2.13.1.jar, jackson-datatype-jsr310-2.13.1.jar, jakarta.annotation-api-2.0.0.jar, jakarta.inject-api-2.0.0.jar, jansi-1.18.jar, javax.annotation-api-1.3.2.jar, jline-3.21.0.jar, jline-builtins-3.21.0.jar, jline-console-3.21.0.jar, jline-reader-3.21.0.jar, jline-style-3.21.0.jar, jline-terminal-3.21.0.jar, jsr305-3.0.2.jar, kotlin-stdlib-1.4.10.jar, kotlin-stdlib-common-1.4.0.jar, kotlin-stdlib-jdk7-1.4.10.jar, kotlin-stdlib-jdk8-1.4.10.jar, logging-interceptor-4.9.1.jar, micronaut-aop-3.4.1.jar, micronaut-context-3.4.1.jar, micronaut-core-3.4.1.jar, micronaut-core-reactive-3.4.1.jar, micronaut-http-3.4.1.jar, micronaut-inject-3.4.1.jar, micronaut-jackson-core-3.4.1.jar, micronaut-jackson-databind-3.4.1.jar, micronaut-json-core-3.4.1.jar, micronaut-picocli-4.1.0.jar, micronaut-runtime-3.4.1.jar, micronaut-validation-3.4.1.jar, msgpack-core-0.8.21.jar, netty-buffer-4.1.70.Final.jar, netty-codec-4.1.70.Final.jar, netty-common-4.1.70.Final.jar, netty-resolver-4.1.70.Final.jar, netty-transport-4.1.70.Final.jar, okhttp-4.9.1.jar, okio-2.8.0.jar, picocli-4.6.2.jar, picocli-shell-jline3-4.6.2.jar, reactive-streams-1.0.3.jar, reactor-core-3.4.14.jar, slf4j-api-1.7.29.jar, slf4j-jdk14-1.7.32.jar, snakeyaml-1.30.jar, swagger-annotations-1.6.4.jar, threetenbp-1.5.2.jar, validation-api-2.0.1.Final.jar define 1 overlapping resource: 
[WARNING]   - META-INF/MANIFEST.MF
[WARNING] ignite-api-3.0.0-SNAPSHOT.jar, ignite-cli-3.0.0-SNAPSHOT.jar, ignite-cli-common-3.0.0-SNAPSHOT.jar, ignite-client-3.0.0-SNAPSHOT.jar, ignite-client-common-3.0.0-SNAPSHOT.jar, ignite-configuration-api-3.0.0-SNAPSHOT.jar, ignite-core-3.0.0-SNAPSHOT.jar, ignite-marshaller-common-3.0.0-SNAPSHOT.jar define 1 overlapping resource: 
[WARNING]   - META-INF/DEPENDENCIES
[WARNING] ignite-api-3.0.0-SNAPSHOT.jar, ignite-cli-3.0.0-SNAPSHOT.jar, ignite-cli-common-3.0.0-SNAPSHOT.jar, ignite-client-3.0.0-SNAPSHOT.jar, ignite-client-common-3.0.0-SNAPSHOT.jar, ignite-configuration-api-3.0.0-SNAPSHOT.jar, ignite-core-3.0.0-SNAPSHOT.jar, ignite-marshaller-common-3.0.0-SNAPSHOT.jar, ivy-2.5.0.jar, jackson-annotations-2.13.1.jar, jackson-core-2.13.1.jar, jackson-databind-2.13.1.jar, jackson-datatype-jsr310-2.13.1.jar, micronaut-core-3.4.1.jar define 1 overlapping resource: 
[WARNING]   - META-INF/LICENSE
[WARNING] ignite-api-3.0.0-SNAPSHOT.jar, ignite-cli-3.0.0-SNAPSHOT.jar, ignite-cli-common-3.0.0-SNAPSHOT.jar, ignite-client-3.0.0-SNAPSHOT.jar, ignite-client-common-3.0.0-SNAPSHOT.jar, ignite-configuration-api-3.0.0-SNAPSHOT.jar, ignite-core-3.0.0-SNAPSHOT.jar, ignite-marshaller-common-3.0.0-SNAPSHOT.jar, ivy-2.5.0.jar, jackson-core-2.13.1.jar, jackson-databind-2.13.1.jar define 1 overlapping resource: 
[WARNING]   - META-INF/NOTICE
[WARNING] jline-3.21.0.jar, jline-builtins-3.21.0.jar define 83 overlapping classes and resources: 
[WARNING]   - META-INF/maven/org.jline/jline-builtins/pom.properties
[WARNING]   - META-INF/maven/org.jline/jline-builtins/pom.xml
[WARNING]   - org.jline.builtins.Commands
[WARNING]   - org.jline.builtins.Commands$Colors
[WARNING]   - org.jline.builtins.Commands$ReExecute
[WARNING]   - org.jline.builtins.Completers
[WARNING]   - org.jline.builtins.Completers$AnyCompleter
[WARNING]   - org.jline.builtins.Completers$Completer
[WARNING]   - org.jline.builtins.Completers$CompletionData
[WARNING]   - org.jline.builtins.Completers$CompletionEnvironment
[WARNING]   - 73 more...
[WARNING] jline-3.21.0.jar, jline-reader-3.21.0.jar define 71 overlapping classes and resources: 
[WARNING]   - META-INF/maven/org.jline/jline-reader/pom.properties
[WARNING]   - META-INF/maven/org.jline/jline-reader/pom.xml
[WARNING]   - org.jline.keymap.BindingReader
[WARNING]   - org.jline.keymap.KeyMap
[WARNING]   - org.jline.reader.Binding
[WARNING]   - org.jline.reader.Buffer
[WARNING]   - org.jline.reader.Candidate
[WARNING]   - org.jline.reader.Completer
[WARNING]   - org.jline.reader.CompletingParsedLine
[WARNING]   - org.jline.reader.CompletionMatcher
[WARNING]   - 61 more...
[WARNING] jline-3.21.0.jar, jline-style-3.21.0.jar define 20 overlapping classes and resources: 
[WARNING]   - META-INF/maven/org.jline/jline-style/pom.properties
[WARNING]   - META-INF/maven/org.jline/jline-style/pom.xml
[WARNING]   - org.jline.style.InterpolationHelper
[WARNING]   - org.jline.style.MemoryStyleSource
[WARNING]   - org.jline.style.NopStyleSource
[WARNING]   - org.jline.style.StyleBundle
[WARNING]   - org.jline.style.StyleBundle$DefaultStyle
[WARNING]   - org.jline.style.StyleBundle$StyleGroup
[WARNING]   - org.jline.style.StyleBundle$StyleName
[WARNING]   - org.jline.style.StyleBundleInvocationHandler
[WARNING]   - 10 more...
[WARNING] jline-3.21.0.jar, jline-terminal-3.21.0.jar define 113 overlapping classes and resources: 
[WARNING]   - META-INF/maven/org.jline/jline-terminal/pom.properties
[WARNING]   - META-INF/maven/org.jline/jline-terminal/pom.xml
[WARNING]   - META-INF/native-image/jline/resource-config.json
[WARNING]   - org.jline.terminal.Attributes
[WARNING]   - org.jline.terminal.Attributes$ControlChar
[WARNING]   - org.jline.terminal.Attributes$ControlFlag
[WARNING]   - org.jline.terminal.Attributes$InputFlag
[WARNING]   - org.jline.terminal.Attributes$LocalFlag
[WARNING]   - org.jline.terminal.Attributes$OutputFlag
[WARNING]   - org.jline.terminal.Cursor
[WARNING]   - 103 more...
[WARNING] jline-3.21.0.jar, jline-console-3.21.0.jar define 52 overlapping classes: 
[WARNING]   - org.jline.console.ArgDesc
[WARNING]   - org.jline.console.CmdDesc
[WARNING]   - org.jline.console.CmdLine
[WARNING]   - org.jline.console.CmdLine$DescriptionType
[WARNING]   - org.jline.console.CommandInput
[WARNING]   - org.jline.console.CommandMethods
[WARNING]   - org.jline.console.CommandRegistry
[WARNING]   - org.jline.console.CommandRegistry$CommandSession
[WARNING]   - org.jline.console.ConsoleEngine
[WARNING]   - org.jline.console.ConsoleEngine$ExecutionResult
[WARNING]   - 42 more...
[WARNING] netty-buffer-4.1.70.Final.jar, netty-codec-4.1.70.Final.jar, netty-common-4.1.70.Final.jar, netty-resolver-4.1.70.Final.jar, netty-transport-4.1.70.Final.jar define 1 overlapping resource: 
[WARNING]   - META-INF/io.netty.versions.properties
[WARNING] jakarta.inject-api-2.0.0.jar, javax.annotation-api-1.3.2.jar, threetenbp-1.5.2.jar define 1 overlapping resource: 
[WARNING]   - META-INF/LICENSE.txt
[WARNING] jakarta.annotation-api-2.0.0.jar, jakarta.inject-api-2.0.0.jar define 1 overlapping resource: 
[WARNING]   - META-INF/NOTICE.md
[WARNING] micronaut-context-3.4.1.jar, micronaut-http-3.4.1.jar, micronaut-jackson-databind-3.4.1.jar, micronaut-runtime-3.4.1.jar, micronaut-validation-3.4.1.jar define 2 overlapping resources: 
[WARNING]   - META-INF/config-properties.adoc
[WARNING]   - META-INF/spring-configuration-metadata.json
[WARNING] kotlin-stdlib-1.4.10.jar, kotlin-stdlib-jdk7-1.4.10.jar, kotlin-stdlib-jdk8-1.4.10.jar, picocli-4.6.2.jar define 1 overlapping classes: 
[WARNING]   - META-INF.versions.9.module-info
[WARNING] jackson-core-2.13.1.jar, jackson-databind-2.13.1.jar, jackson-datatype-jdk8-2.13.1.jar, jackson-datatype-jsr310-2.13.1.jar define 1 overlapping classes: 
[WARNING]   - META-INF.versions.11.module-info
[WARNING] maven-shade-plugin has detected that some class files are
[WARNING] present in two or more JARs. When this happens, only one
[WARNING] single version of the class is copied to the uber jar.
[WARNING] Usually this is not harmful and you can skip these warnings,
[WARNING] otherwise try to manually exclude artifacts based on
[WARNING] mvn dependency:tree -Ddetail=true and the above output.
[WARNING] See http://maven.apache.org/plugins/maven-shade-plugin/
[INFO] Replacing /home/srafi/after-cam-ready/compare_/compile_repair_output/work/a18505f443aa/modules/cli/target/ignite.jar with /home/srafi/after-cam-ready/compare_/compile_repair_output/work/a18505f443aa/modules/cli/target/ignite-cli-3.0.0-SNAPSHOT-shaded.jar
[INFO] 
[INFO] --- maven-site-plugin:3.7.1:attach-descriptor (attach-descriptor) @ ignite-cli ---
[INFO] Skipping because packaging 'jar' is not pom.
[INFO] 
[INFO] --- maven-dependency-plugin:3.2.0:purge-local-repository (purge-local-repository) @ ignite-cli ---
[INFO] Deleting 1 manual dependency from /home/srafi/.m2/repository
[INFO] 
[INFO] --- maven-antrun-plugin:3.0.0:run (default) @ ignite-cli ---
[INFO] Executing tasks
[INFO] Executed tasks
[INFO] 
[INFO] --- launch4j-maven-plugin:2.1.2:launch4j (l4j-clui) @ ignite-cli ---
[INFO] Downloading from central: https://repo.maven.apache.org/maven2/net/sf/launch4j/launch4j/3.14/launch4j-3.14.pom
[INFO] Downloaded from central: https://repo.maven.apache.org/maven2/net/sf/launch4j/launch4j/3.14/launch4j-3.14.pom (15 kB at 270 kB/s)
[INFO] Downloading from central: https://repo.maven.apache.org/maven2/foxtrot/foxtrot/2.0/foxtrot-2.0.pom
[INFO] Downloaded from central: https://repo.maven.apache.org/maven2/foxtrot/foxtrot/2.0/foxtrot-2.0.pom (146 B at 3.2 kB/s)
[INFO] Downloading from central: https://repo.maven.apache.org/maven2/com/jgoodies/jgoodies-common/1.7.0/jgoodies-common-1.7.0.pom
[INFO] Downloaded from central: https://repo.maven.apache.org/maven2/com/jgoodies/jgoodies-common/1.7.0/jgoodies-common-1.7.0.pom (2.6 kB at 62 kB/s)
[INFO] Downloading from central: https://repo.maven.apache.org/maven2/com/jgoodies/forms/1.2.1/forms-1.2.1.pom
[INFO] Downloaded from central: https://repo.maven.apache.org/maven2/com/jgoodies/forms/1.2.1/forms-1.2.1.pom (3.2 kB at 73 kB/s)
[INFO] Downloading from central: https://repo.maven.apache.org/maven2/com/formdev/flatlaf/1.0/flatlaf-1.0.pom
[INFO] Downloaded from central: https://repo.maven.apache.org/maven2/com/formdev/flatlaf/1.0/flatlaf-1.0.pom (1.5 kB at 32 kB/s)
[INFO] Downloading from central: https://repo.maven.apache.org/maven2/com/thoughtworks/xstream/xstream/1.4.15/xstream-1.4.15.pom
[INFO] Downloaded from central: https://repo.maven.apache.org/maven2/com/thoughtworks/xstream/xstream/1.4.15/xstream-1.4.15.pom (22 kB at 429 kB/s)
[INFO] Downloading from central: https://repo.maven.apache.org/maven2/com/thoughtworks/xstream/xstream-parent/1.4.15/xstream-parent-1.4.15.pom
[INFO] Downloaded from central: https://repo.maven.apache.org/maven2/com/thoughtworks/xstream/xstream-parent/1.4.15/xstream-parent-1.4.15.pom (43 kB at 782 kB/s)
[INFO] Downloading from central: https://repo.maven.apache.org/maven2/net/sf/launch4j/launch4j/3.14/launch4j-3.14-core.jar
[INFO] Downloading from central: https://repo.maven.apache.org/maven2/foxtrot/foxtrot/2.0/foxtrot-2.0.jar
[INFO] Downloading from central: https://repo.maven.apache.org/maven2/com/jgoodies/jgoodies-common/1.7.0/jgoodies-common-1.7.0.jar
[INFO] Downloading from central: https://repo.maven.apache.org/maven2/com/jgoodies/forms/1.2.1/forms-1.2.1.jar
[INFO] Downloading from central: https://repo.maven.apache.org/maven2/com/formdev/flatlaf/1.0/flatlaf-1.0.jar
[INFO] Downloaded from central: https://repo.maven.apache.org/maven2/foxtrot/foxtrot/2.0/foxtrot-2.0.jar (26 kB at 828 kB/s)
[INFO] Downloading from central: https://repo.maven.apache.org/maven2/com/thoughtworks/xstream/xstream/1.4.15/xstream-1.4.15.jar
[INFO] Downloaded from central: https://repo.maven.apache.org/maven2/com/jgoodies/jgoodies-common/1.7.0/jgoodies-common-1.7.0.jar (34 kB at 1.1 MB/s)
[INFO] Downloaded from central: https://repo.maven.apache.org/maven2/com/formdev/flatlaf/1.0/flatlaf-1.0.jar (498 kB at 13 MB/s)
[INFO] Downloaded from central: https://repo.maven.apache.org/maven2/com/jgoodies/forms/1.2.1/forms-1.2.1.jar (118 kB at 3.0 MB/s)
[INFO] Downloaded from central: https://repo.maven.apache.org/maven2/net/sf/launch4j/launch4j/3.14/launch4j-3.14-core.jar (178 kB at 4.0 MB/s)
[INFO] Downloaded from central: https://repo.maven.apache.org/maven2/com/thoughtworks/xstream/xstream/1.4.15/xstream-1.4.15.jar (628 kB at 9.7 MB/s)
[INFO] Downloading from central: https://repo.maven.apache.org/maven2/net/sf/launch4j/launch4j/3.14/launch4j-3.14-workdir-linux64.jar
[INFO] Downloaded from central: https://repo.maven.apache.org/maven2/net/sf/launch4j/launch4j/3.14/launch4j-3.14-workdir-linux64.jar (3.9 MB at 61 MB/s)
[INFO] launch4j: Compiling resources
[INFO] launch4j: Linking
[INFO] launch4j: Wrapping
WARNING: Sign the executable to minimize antivirus false positives or use launching instead of wrapping.
[INFO] launch4j: Successfully created /home/srafi/after-cam-ready/compare_/compile_repair_output/work/a18505f443aa/modules/cli/target/ignite.exe
[INFO] 
[INFO] --- exec-maven-plugin:3.0.0:java (generate-autocompletion-script) @ ignite-cli ---
[INFO] 
[INFO] --- maven-failsafe-plugin:3.0.0-M8-SNAPSHOT:integration-test (default) @ ignite-cli ---
[INFO] Tests are skipped.
[INFO] 
[INFO] --- maven-failsafe-plugin:3.0.0-M8-SNAPSHOT:verify (default) @ ignite-cli ---
[INFO] Tests are skipped.
[INFO] 
[INFO] --- maven-install-plugin:2.5.2:install (default-install) @ ignite-cli ---
[INFO] Installing /home/srafi/after-cam-ready/compare_/compile_repair_output/work/a18505f443aa/modules/cli/target/ignite-cli-3.0.0-SNAPSHOT.jar to /home/srafi/.m2/repository/org/apache/ignite/ignite-cli/3.0.0-SNAPSHOT/ignite-cli-3.0.0-SNAPSHOT.jar
[INFO] Installing /home/srafi/after-cam-ready/compare_/compile_repair_output/work/a18505f443aa/modules/cli/.flattened-pom.xml to /home/srafi/.m2/repository/org/apache/ignite/ignite-cli/3.0.0-SNAPSHOT/ignite-cli-3.0.0-SNAPSHOT.pom
[INFO] ------------------------------------------------------------------------
[INFO] Reactor Summary for ignite-bytecode 3.0.0-SNAPSHOT:
[INFO] 
[INFO] ignite-bytecode .................................... SUCCESS [  6.686 s]
[INFO] ignite-core ........................................ SUCCESS [  2.997 s]
[INFO] ignite-configuration-api ........................... SUCCESS [  0.106 s]
[INFO] ignite-configuration-annotation-processor .......... SUCCESS [  1.365 s]
[INFO] ignite-api ......................................... SUCCESS [  0.594 s]
[INFO] ignite-rest-api .................................... SUCCESS [  0.277 s]
[INFO] ignite-configuration ............................... SUCCESS [ 12.334 s]
[INFO] ignite-network-api ................................. SUCCESS [  0.115 s]
[INFO] ignite-network-annotation-processor ................ SUCCESS [  0.277 s]
[INFO] ignite-raft-client ................................. SUCCESS [  0.186 s]
[INFO] ignite-network ..................................... SUCCESS [  3.578 s]
[INFO] ignite-raft ........................................ SUCCESS [  3.539 s]
[INFO] ignite-rocksdb-common .............................. SUCCESS [  0.070 s]
[INFO] ignite-vault ....................................... SUCCESS [  0.143 s]
[INFO] ignite-cluster-management .......................... SUCCESS [  0.994 s]
[INFO] ignite-rest ........................................ SUCCESS [  1.915 s]
[INFO] ignite-metastorage-common .......................... SUCCESS [  0.071 s]
[INFO] ignite-metastorage-server .......................... SUCCESS [  0.336 s]
[INFO] ignite-metastorage-client .......................... SUCCESS [  0.235 s]
[INFO] ignite-metastorage ................................. SUCCESS [  0.231 s]
[INFO] ignite-baseline .................................... SUCCESS [  0.120 s]
[INFO] ignite-affinity .................................... SUCCESS [  0.213 s]
[INFO] ignite-extended-api ................................ SUCCESS [  0.089 s]
[INFO] ignite-schema ...................................... SUCCESS [  0.818 s]
[INFO] ignite-transactions ................................ SUCCESS [  0.285 s]
[INFO] ignite-storage-api ................................. SUCCESS [  0.481 s]
[INFO] ignite-file-io ..................................... SUCCESS [  0.103 s]
[INFO] ignite-page-memory ................................. SUCCESS [  1.099 s]
[INFO] ignite-storage-page-memory ......................... SUCCESS [  0.396 s]
[INFO] ignite-table ....................................... SUCCESS [  0.977 s]
[INFO] ignite-storage-rocksdb ............................. SUCCESS [  0.419 s]
[INFO] ignite-sql-engine .................................. SUCCESS [  7.844 s]
[INFO] ignite-client-common ............................... SUCCESS [  0.436 s]
[INFO] ignite-client-handler .............................. SUCCESS [  0.437 s]
[INFO] ignite-compute ..................................... SUCCESS [  0.340 s]
[INFO] ignite-marshaller-common ........................... SUCCESS [  0.108 s]
[INFO] ignite-client ...................................... SUCCESS [  0.712 s]
[INFO] ignite-runner ...................................... SUCCESS [  1.234 s]
[INFO] ignite-cli-common .................................. SUCCESS [  0.029 s]
[INFO] ignite-cli ......................................... SUCCESS [ 12.016 s]
[INFO] ------------------------------------------------------------------------
[INFO] BUILD SUCCESS
[INFO] ------------------------------------------------------------------------
[INFO] Total time:  01:05 min
[INFO] Finished at: 2026-08-15T15:18:16-04:00
[INFO] ------------------------------------------------------------------------
