JAVA_HOME=/usr/lib/jvm/java-8-openjdk-amd64
COMMAND=mvn -B clean install -DskipTests -U -Ddependency-check.skip=true -Dgpg.skip=true -DfailIfNoTests=false -Dskip.installnodenpm=true -Dskip.npm=true -Dskip.yarn=true -Dlicense.skip=true -Dcheckstyle.skip=true -Drat.skip=true -Denforcer.skip=true -Danimal.sniffer.skip=true -Dmaven.javadoc.skip=true -Dfindbugs.skip=true -Dspotbugs.skip=true -Dwarbucks.skip=true -Dmodernizer.skip=true -Dimpsort.skip=true -Dmdep.analyze.skip=true -Dpgpverify.skip=true -Dxml.skip=true -Dcobertura.skip=true

[INFO] Scanning for projects...
[INFO] Downloading from central: https://repo.maven.apache.org/maven2/org/apache/beam/beam-sdks-java-bom/2.34.0/beam-sdks-java-bom-2.34.0.pom
[INFO] Downloaded from central: https://repo.maven.apache.org/maven2/org/apache/beam/beam-sdks-java-bom/2.34.0/beam-sdks-java-bom-2.34.0.pom (22 kB at 86 kB/s)
Warning: KebabPizza disabling incompatible org.apache.maven.plugins:maven-enforcer-plugin from google-cloud-teleport-java
[INFO] ------------------------------------------------------------------------
[INFO] Detecting the operating system and CPU architecture
[INFO] ------------------------------------------------------------------------
[INFO] os.detected.name: linux
[INFO] os.detected.arch: x86_64
[INFO] os.detected.version: 6.8
[INFO] os.detected.version.major: 6
[INFO] os.detected.version.minor: 8
[INFO] os.detected.release: ubuntu
[INFO] os.detected.release.version: 22.04
[INFO] os.detected.release.like.ubuntu: true
[INFO] os.detected.release.like.debian: true
[INFO] os.detected.classifier: linux-x86_64
[INFO] 
[INFO] --------< com.google.cloud.teleport:google-cloud-teleport-java >--------
[INFO] Building Google Cloud Teleport 0.1-SNAPSHOT
[INFO] --------------------------------[ jar ]---------------------------------
[INFO] Downloading from central: https://repo.maven.apache.org/maven2/com/diffplug/spotless/spotless-maven-plugin/2.12.1/spotless-maven-plugin-2.12.1.pom
[INFO] Downloaded from central: https://repo.maven.apache.org/maven2/com/diffplug/spotless/spotless-maven-plugin/2.12.1/spotless-maven-plugin-2.12.1.pom (3.2 kB at 97 kB/s)
[INFO] Downloading from central: https://repo.maven.apache.org/maven2/com/diffplug/spotless/spotless-maven-plugin/2.12.1/spotless-maven-plugin-2.12.1.jar
[INFO] Downloaded from central: https://repo.maven.apache.org/maven2/com/diffplug/spotless/spotless-maven-plugin/2.12.1/spotless-maven-plugin-2.12.1.jar (65 kB at 1.6 MB/s)
[INFO] Downloading from central: https://repo.maven.apache.org/maven2/org/apache/maven/plugins/maven-compiler-plugin/3.6.2/maven-compiler-plugin-3.6.2.pom
[INFO] Downloaded from central: https://repo.maven.apache.org/maven2/org/apache/maven/plugins/maven-compiler-plugin/3.6.2/maven-compiler-plugin-3.6.2.pom (11 kB at 320 kB/s)
[INFO] Downloading from central: https://repo.maven.apache.org/maven2/org/apache/maven/plugins/maven-compiler-plugin/3.6.2/maven-compiler-plugin-3.6.2.jar
[INFO] Downloaded from central: https://repo.maven.apache.org/maven2/org/apache/maven/plugins/maven-compiler-plugin/3.6.2/maven-compiler-plugin-3.6.2.jar (75 kB at 2.0 MB/s)
[INFO] Downloading from central: https://repo.maven.apache.org/maven2/org/apache/beam/beam-sdks-java-core/2.34.0/beam-sdks-java-core-2.34.0.pom
[INFO] Downloaded from central: https://repo.maven.apache.org/maven2/org/apache/beam/beam-sdks-java-core/2.34.0/beam-sdks-java-core-2.34.0.pom (20 kB at 539 kB/s)
[INFO] Downloading from central: https://repo.maven.apache.org/maven2/org/apache/beam/beam-model-pipeline/2.34.0/beam-model-pipeline-2.34.0.pom
[INFO] Downloaded from central: https://repo.maven.apache.org/maven2/org/apache/beam/beam-model-pipeline/2.34.0/beam-model-pipeline-2.34.0.pom (5.8 kB at 183 kB/s)
[INFO] Downloading from central: https://repo.maven.apache.org/maven2/org/apache/beam/beam-vendor-grpc-1_36_0/0.2/beam-vendor-grpc-1_36_0-0.2.pom
[INFO] Downloaded from central: https://repo.maven.apache.org/maven2/org/apache/beam/beam-vendor-grpc-1_36_0/0.2/beam-vendor-grpc-1_36_0-0.2.pom (3.8 kB at 136 kB/s)
[INFO] Downloading from central: https://repo.maven.apache.org/maven2/org/apache/beam/beam-model-job-management/2.34.0/beam-model-job-management-2.34.0.pom
[INFO] Downloaded from central: https://repo.maven.apache.org/maven2/org/apache/beam/beam-model-job-management/2.34.0/beam-model-job-management-2.34.0.pom (5.9 kB at 189 kB/s)
[INFO] Downloading from central: https://repo.maven.apache.org/maven2/org/apache/beam/beam-vendor-bytebuddy-1_11_0/0.1/beam-vendor-bytebuddy-1_11_0-0.1.pom
[INFO] Downloaded from central: https://repo.maven.apache.org/maven2/org/apache/beam/beam-vendor-bytebuddy-1_11_0/0.1/beam-vendor-bytebuddy-1_11_0-0.1.pom (3.3 kB at 102 kB/s)
[INFO] Downloading from central: https://repo.maven.apache.org/maven2/org/apache/beam/beam-vendor-guava-26_0-jre/0.1/beam-vendor-guava-26_0-jre-0.1.pom
[INFO] Downloaded from central: https://repo.maven.apache.org/maven2/org/apache/beam/beam-vendor-guava-26_0-jre/0.1/beam-vendor-guava-26_0-jre-0.1.pom (3.2 kB at 105 kB/s)
[INFO] Downloading from central: https://repo.maven.apache.org/maven2/org/apache/beam/beam-sdks-java-io-google-cloud-platform/2.34.0/beam-sdks-java-io-google-cloud-platform-2.34.0.pom
[INFO] Downloaded from central: https://repo.maven.apache.org/maven2/org/apache/beam/beam-sdks-java-io-google-cloud-platform/2.34.0/beam-sdks-java-io-google-cloud-platform-2.34.0.pom (72 kB at 1.8 MB/s)
[INFO] Downloading from central: https://repo.maven.apache.org/maven2/com/google/protobuf/protobuf-bom/3.17.3/protobuf-bom-3.17.3.pom
[INFO] Downloaded from central: https://repo.maven.apache.org/maven2/com/google/protobuf/protobuf-bom/3.17.3/protobuf-bom-3.17.3.pom (0 B at 0 B/s)
[INFO] Downloading from central: https://repo.maven.apache.org/maven2/com/google/cloud/google-cloud-bom/0.160.0/google-cloud-bom-0.160.0.pom
[INFO] Downloaded from central: https://repo.maven.apache.org/maven2/com/google/cloud/google-cloud-bom/0.160.0/google-cloud-bom-0.160.0.pom (0 B at 0 B/s)
[INFO] Downloading from central: https://repo.maven.apache.org/maven2/com/google/cloud/google-cloud-accessapproval-bom/2.0.4/google-cloud-accessapproval-bom-2.0.4.pom
[INFO] Downloaded from central: https://repo.maven.apache.org/maven2/com/google/cloud/google-cloud-accessapproval-bom/2.0.4/google-cloud-accessapproval-bom-2.0.4.pom (0 B at 0 B/s)
[INFO] Downloading from central: https://repo.maven.apache.org/maven2/com/google/cloud/google-cloud-shared-config/1.0.1/google-cloud-shared-config-1.0.1.pom
[INFO] Downloaded from central: https://repo.maven.apache.org/maven2/com/google/cloud/google-cloud-shared-config/1.0.1/google-cloud-shared-config-1.0.1.pom (0 B at 0 B/s)
[INFO] Downloading from central: https://repo.maven.apache.org/maven2/com/google/cloud/google-cloud-aiplatform-bom/2.0.2/google-cloud-aiplatform-bom-2.0.2.pom
[INFO] Downloaded from central: https://repo.maven.apache.org/maven2/com/google/cloud/google-cloud-aiplatform-bom/2.0.2/google-cloud-aiplatform-bom-2.0.2.pom (0 B at 0 B/s)
[INFO] Downloading from central: https://repo.maven.apache.org/maven2/com/google/cloud/google-cloud-api-gateway-bom/2.0.2/google-cloud-api-gateway-bom-2.0.2.pom
[INFO] Downloaded from central: https://repo.maven.apache.org/maven2/com/google/cloud/google-cloud-api-gateway-bom/2.0.2/google-cloud-api-gateway-bom-2.0.2.pom (0 B at 0 B/s)
[INFO] Downloading from central: https://repo.maven.apache.org/maven2/com/google/cloud/google-cloud-asset-bom/3.1.0/google-cloud-asset-bom-3.1.0.pom
[INFO] Downloaded from central: https://repo.maven.apache.org/maven2/com/google/cloud/google-cloud-asset-bom/3.1.0/google-cloud-asset-bom-3.1.0.pom (0 B at 0 B/s)
[INFO] Downloading from central: https://repo.maven.apache.org/maven2/com/google/cloud/google-cloud-automl-bom/2.0.2/google-cloud-automl-bom-2.0.2.pom
[INFO] Downloaded from central: https://repo.maven.apache.org/maven2/com/google/cloud/google-cloud-automl-bom/2.0.2/google-cloud-automl-bom-2.0.2.pom (0 B at 0 B/s)
[INFO] Downloading from central: https://repo.maven.apache.org/maven2/com/google/cloud/google-cloud-bigquerydatatransfer-bom/2.0.6/google-cloud-bigquerydatatransfer-bom-2.0.6.pom
[INFO] Downloaded from central: https://repo.maven.apache.org/maven2/com/google/cloud/google-cloud-bigquerydatatransfer-bom/2.0.6/google-cloud-bigquerydatatransfer-bom-2.0.6.pom (0 B at 0 B/s)
[INFO] Downloading from central: https://repo.maven.apache.org/maven2/com/google/cloud/google-cloud-bigquerystorage-bom/2.1.0/google-cloud-bigquerystorage-bom-2.1.0.pom
[INFO] Downloaded from central: https://repo.maven.apache.org/maven2/com/google/cloud/google-cloud-bigquerystorage-bom/2.1.0/google-cloud-bigquerystorage-bom-2.1.0.pom (0 B at 0 B/s)
[INFO] Downloading from central: https://repo.maven.apache.org/maven2/com/google/cloud/google-cloud-bigqueryconnection-bom/2.0.2/google-cloud-bigqueryconnection-bom-2.0.2.pom
[INFO] Downloaded from central: https://repo.maven.apache.org/maven2/com/google/cloud/google-cloud-bigqueryconnection-bom/2.0.2/google-cloud-bigqueryconnection-bom-2.0.2.pom (0 B at 0 B/s)
[INFO] Downloading from central: https://repo.maven.apache.org/maven2/com/google/cloud/google-cloud-bigqueryreservation-bom/2.0.2/google-cloud-bigqueryreservation-bom-2.0.2.pom
[INFO] Downloaded from central: https://repo.maven.apache.org/maven2/com/google/cloud/google-cloud-bigqueryreservation-bom/2.0.2/google-cloud-bigqueryreservation-bom-2.0.2.pom (0 B at 0 B/s)
[INFO] Downloading from central: https://repo.maven.apache.org/maven2/com/google/cloud/google-cloud-bigtable-bom/2.1.0/google-cloud-bigtable-bom-2.1.0.pom
[INFO] Downloaded from central: https://repo.maven.apache.org/maven2/com/google/cloud/google-cloud-bigtable-bom/2.1.0/google-cloud-bigtable-bom-2.1.0.pom (0 B at 0 B/s)
[INFO] Downloading from central: https://repo.maven.apache.org/maven2/com/google/cloud/google-cloud-billing-bom/2.0.2/google-cloud-billing-bom-2.0.2.pom
[INFO] Downloaded from central: https://repo.maven.apache.org/maven2/com/google/cloud/google-cloud-billing-bom/2.0.2/google-cloud-billing-bom-2.0.2.pom (0 B at 0 B/s)
[INFO] Downloading from central: https://repo.maven.apache.org/maven2/com/google/cloud/google-cloud-billingbudgets-bom/2.0.2/google-cloud-billingbudgets-bom-2.0.2.pom
[INFO] Downloaded from central: https://repo.maven.apache.org/maven2/com/google/cloud/google-cloud-billingbudgets-bom/2.0.2/google-cloud-billingbudgets-bom-2.0.2.pom (0 B at 0 B/s)
[INFO] Downloading from central: https://repo.maven.apache.org/maven2/com/google/cloud/google-cloud-build-bom/3.1.0/google-cloud-build-bom-3.1.0.pom
[INFO] Downloaded from central: https://repo.maven.apache.org/maven2/com/google/cloud/google-cloud-build-bom/3.1.0/google-cloud-build-bom-3.1.0.pom (0 B at 0 B/s)
[INFO] Downloading from central: https://repo.maven.apache.org/maven2/com/google/cloud/google-cloud-channel-bom/3.0.2/google-cloud-channel-bom-3.0.2.pom
[INFO] Downloaded from central: https://repo.maven.apache.org/maven2/com/google/cloud/google-cloud-channel-bom/3.0.2/google-cloud-channel-bom-3.0.2.pom (0 B at 0 B/s)
[INFO] Downloading from central: https://repo.maven.apache.org/maven2/com/google/cloud/google-cloud-compute-bom/1.4.1-alpha/google-cloud-compute-bom-1.4.1-alpha.pom
[INFO] Downloaded from central: https://repo.maven.apache.org/maven2/com/google/cloud/google-cloud-compute-bom/1.4.1-alpha/google-cloud-compute-bom-1.4.1-alpha.pom (0 B at 0 B/s)
[INFO] Downloading from central: https://repo.maven.apache.org/maven2/com/google/cloud/google-cloud-container-bom/2.0.2/google-cloud-container-bom-2.0.2.pom
[INFO] Downloaded from central: https://repo.maven.apache.org/maven2/com/google/cloud/google-cloud-container-bom/2.0.2/google-cloud-container-bom-2.0.2.pom (0 B at 0 B/s)
[INFO] Downloading from central: https://repo.maven.apache.org/maven2/com/google/cloud/google-cloud-containeranalysis-bom/2.1.2/google-cloud-containeranalysis-bom-2.1.2.pom
[INFO] Downloaded from central: https://repo.maven.apache.org/maven2/com/google/cloud/google-cloud-containeranalysis-bom/2.1.2/google-cloud-containeranalysis-bom-2.1.2.pom (0 B at 0 B/s)
[INFO] Downloading from central: https://repo.maven.apache.org/maven2/com/google/cloud/google-cloud-datacatalog-bom/1.5.3/google-cloud-datacatalog-bom-1.5.3.pom
[INFO] Downloaded from central: https://repo.maven.apache.org/maven2/com/google/cloud/google-cloud-datacatalog-bom/1.5.3/google-cloud-datacatalog-bom-1.5.3.pom (0 B at 0 B/s)
[INFO] Downloading from central: https://repo.maven.apache.org/maven2/com/google/cloud/google-cloud-datalabeling-bom/0.121.2/google-cloud-datalabeling-bom-0.121.2.pom
[INFO] Downloaded from central: https://repo.maven.apache.org/maven2/com/google/cloud/google-cloud-datalabeling-bom/0.121.2/google-cloud-datalabeling-bom-0.121.2.pom (0 B at 0 B/s)
[INFO] Downloading from central: https://repo.maven.apache.org/maven2/com/google/cloud/google-cloud-dataproc-bom/2.0.2/google-cloud-dataproc-bom-2.0.2.pom
[INFO] Downloaded from central: https://repo.maven.apache.org/maven2/com/google/cloud/google-cloud-dataproc-bom/2.0.2/google-cloud-dataproc-bom-2.0.2.pom (0 B at 0 B/s)
[INFO] Downloading from central: https://repo.maven.apache.org/maven2/com/google/cloud/google-cloud-dataproc-metastore-bom/2.0.2/google-cloud-dataproc-metastore-bom-2.0.2.pom
[INFO] Downloaded from central: https://repo.maven.apache.org/maven2/com/google/cloud/google-cloud-dataproc-metastore-bom/2.0.2/google-cloud-dataproc-metastore-bom-2.0.2.pom (0 B at 0 B/s)
[INFO] Downloading from central: https://repo.maven.apache.org/maven2/com/google/cloud/google-cloud-datastore-bom/2.0.3/google-cloud-datastore-bom-2.0.3.pom
[INFO] Downloaded from central: https://repo.maven.apache.org/maven2/com/google/cloud/google-cloud-datastore-bom/2.0.3/google-cloud-datastore-bom-2.0.3.pom (0 B at 0 B/s)
[INFO] Downloading from central: https://repo.maven.apache.org/maven2/com/google/cloud/google-cloud-dlp-bom/3.0.2/google-cloud-dlp-bom-3.0.2.pom
[INFO] Downloaded from central: https://repo.maven.apache.org/maven2/com/google/cloud/google-cloud-dlp-bom/3.0.2/google-cloud-dlp-bom-3.0.2.pom (0 B at 0 B/s)
[INFO] Downloading from central: https://repo.maven.apache.org/maven2/com/google/cloud/google-cloud-dialogflow-bom/4.1.1/google-cloud-dialogflow-bom-4.1.1.pom
[INFO] Downloaded from central: https://repo.maven.apache.org/maven2/com/google/cloud/google-cloud-dialogflow-bom/4.1.1/google-cloud-dialogflow-bom-4.1.1.pom (0 B at 0 B/s)
[INFO] Downloading from central: https://repo.maven.apache.org/maven2/com/google/cloud/google-cloud-dms-bom/2.0.2/google-cloud-dms-bom-2.0.2.pom
[INFO] Downloaded from central: https://repo.maven.apache.org/maven2/com/google/cloud/google-cloud-dms-bom/2.0.2/google-cloud-dms-bom-2.0.2.pom (0 B at 0 B/s)
[INFO] Downloading from central: https://repo.maven.apache.org/maven2/com/google/cloud/google-cloud-document-ai-bom/2.0.3/google-cloud-document-ai-bom-2.0.3.pom
[INFO] Downloaded from central: https://repo.maven.apache.org/maven2/com/google/cloud/google-cloud-document-ai-bom/2.0.3/google-cloud-document-ai-bom-2.0.3.pom (0 B at 0 B/s)
[INFO] Downloading from central: https://repo.maven.apache.org/maven2/com/google/cloud/google-cloud-errorreporting-bom/0.122.3-beta/google-cloud-errorreporting-bom-0.122.3-beta.pom
[INFO] Downloaded from central: https://repo.maven.apache.org/maven2/com/google/cloud/google-cloud-errorreporting-bom/0.122.3-beta/google-cloud-errorreporting-bom-0.122.3-beta.pom (0 B at 0 B/s)
[INFO] Downloading from central: https://repo.maven.apache.org/maven2/com/google/cloud/google-cloud-essential-contacts-bom/2.0.2/google-cloud-essential-contacts-bom-2.0.2.pom
[INFO] Downloaded from central: https://repo.maven.apache.org/maven2/com/google/cloud/google-cloud-essential-contacts-bom/2.0.2/google-cloud-essential-contacts-bom-2.0.2.pom (0 B at 0 B/s)
[INFO] Downloading from central: https://repo.maven.apache.org/maven2/com/google/cloud/google-cloud-firestore-bom/3.0.2/google-cloud-firestore-bom-3.0.2.pom
[INFO] Downloaded from central: https://repo.maven.apache.org/maven2/com/google/cloud/google-cloud-firestore-bom/3.0.2/google-cloud-firestore-bom-3.0.2.pom (0 B at 0 B/s)
[INFO] Downloading from central: https://repo.maven.apache.org/maven2/com/google/cloud/google-cloud-functions-bom/2.0.3/google-cloud-functions-bom-2.0.3.pom
[INFO] Downloaded from central: https://repo.maven.apache.org/maven2/com/google/cloud/google-cloud-functions-bom/2.0.3/google-cloud-functions-bom-2.0.3.pom (0 B at 0 B/s)
[INFO] Downloading from central: https://repo.maven.apache.org/maven2/com/google/cloud/google-cloud-game-servers-bom/2.0.3/google-cloud-game-servers-bom-2.0.3.pom
[INFO] Downloaded from central: https://repo.maven.apache.org/maven2/com/google/cloud/google-cloud-game-servers-bom/2.0.3/google-cloud-game-servers-bom-2.0.3.pom (0 B at 0 B/s)
[INFO] Downloading from central: https://repo.maven.apache.org/maven2/com/google/cloud/google-cloud-gsuite-addons-bom/2.0.1/google-cloud-gsuite-addons-bom-2.0.1.pom
[INFO] Downloaded from central: https://repo.maven.apache.org/maven2/com/google/cloud/google-cloud-gsuite-addons-bom/2.0.1/google-cloud-gsuite-addons-bom-2.0.1.pom (0 B at 0 B/s)
[INFO] Downloading from central: https://repo.maven.apache.org/maven2/com/google/cloud/google-cloud-iamcredentials-bom/2.0.2/google-cloud-iamcredentials-bom-2.0.2.pom
[INFO] Downloaded from central: https://repo.maven.apache.org/maven2/com/google/cloud/google-cloud-iamcredentials-bom/2.0.2/google-cloud-iamcredentials-bom-2.0.2.pom (0 B at 0 B/s)
[INFO] Downloading from central: https://repo.maven.apache.org/maven2/com/google/cloud/google-cloud-iot-bom/2.0.2/google-cloud-iot-bom-2.0.2.pom
[INFO] Downloaded from central: https://repo.maven.apache.org/maven2/com/google/cloud/google-cloud-iot-bom/2.0.2/google-cloud-iot-bom-2.0.2.pom (0 B at 0 B/s)
[INFO] Downloading from central: https://repo.maven.apache.org/maven2/com/google/cloud/google-cloud-kms-bom/2.0.2/google-cloud-kms-bom-2.0.2.pom
[INFO] Downloaded from central: https://repo.maven.apache.org/maven2/com/google/cloud/google-cloud-kms-bom/2.0.2/google-cloud-kms-bom-2.0.2.pom (0 B at 0 B/s)
[INFO] Downloading from central: https://repo.maven.apache.org/maven2/com/google/cloud/google-cloud-language-bom/2.0.2/google-cloud-language-bom-2.0.2.pom
[INFO] Downloaded from central: https://repo.maven.apache.org/maven2/com/google/cloud/google-cloud-language-bom/2.0.2/google-cloud-language-bom-2.0.2.pom (0 B at 0 B/s)
[INFO] Downloading from central: https://repo.maven.apache.org/maven2/com/google/cloud/google-cloud-logging-bom/3.1.0/google-cloud-logging-bom-3.1.0.pom
[INFO] Downloaded from central: https://repo.maven.apache.org/maven2/com/google/cloud/google-cloud-logging-bom/3.1.0/google-cloud-logging-bom-3.1.0.pom (0 B at 0 B/s)
[INFO] Downloading from central: https://repo.maven.apache.org/maven2/com/google/cloud/google-cloud-mediatranslation-bom/0.6.2/google-cloud-mediatranslation-bom-0.6.2.pom
[INFO] Downloaded from central: https://repo.maven.apache.org/maven2/com/google/cloud/google-cloud-mediatranslation-bom/0.6.2/google-cloud-mediatranslation-bom-0.6.2.pom (0 B at 0 B/s)
[INFO] Downloading from central: https://repo.maven.apache.org/maven2/com/google/cloud/google-cloud-memcache-bom/2.0.2/google-cloud-memcache-bom-2.0.2.pom
[INFO] Downloaded from central: https://repo.maven.apache.org/maven2/com/google/cloud/google-cloud-memcache-bom/2.0.2/google-cloud-memcache-bom-2.0.2.pom (0 B at 0 B/s)
[INFO] Downloading from central: https://repo.maven.apache.org/maven2/com/google/cloud/google-cloud-monitoring-bom/3.0.2/google-cloud-monitoring-bom-3.0.2.pom
[INFO] Downloaded from central: https://repo.maven.apache.org/maven2/com/google/cloud/google-cloud-monitoring-bom/3.0.2/google-cloud-monitoring-bom-3.0.2.pom (0 B at 0 B/s)
[INFO] Downloading from central: https://repo.maven.apache.org/maven2/com/google/cloud/google-cloud-monitoring-dashboard-bom/2.0.2/google-cloud-monitoring-dashboard-bom-2.0.2.pom
[INFO] Downloaded from central: https://repo.maven.apache.org/maven2/com/google/cloud/google-cloud-monitoring-dashboard-bom/2.0.2/google-cloud-monitoring-dashboard-bom-2.0.2.pom (0 B at 0 B/s)
[INFO] Downloading from central: https://repo.maven.apache.org/maven2/com/google/cloud/google-cloud-orgpolicy-bom/2.0.2/google-cloud-orgpolicy-bom-2.0.2.pom
[INFO] Downloaded from central: https://repo.maven.apache.org/maven2/com/google/cloud/google-cloud-orgpolicy-bom/2.0.2/google-cloud-orgpolicy-bom-2.0.2.pom (0 B at 0 B/s)
[INFO] Downloading from central: https://repo.maven.apache.org/maven2/com/google/cloud/google-cloud-os-config-bom/2.0.2/google-cloud-os-config-bom-2.0.2.pom
[INFO] Downloaded from central: https://repo.maven.apache.org/maven2/com/google/cloud/google-cloud-os-config-bom/2.0.2/google-cloud-os-config-bom-2.0.2.pom (0 B at 0 B/s)
[INFO] Downloading from central: https://repo.maven.apache.org/maven2/com/google/cloud/google-cloud-os-login-bom/2.0.2/google-cloud-os-login-bom-2.0.2.pom
[INFO] Downloaded from central: https://repo.maven.apache.org/maven2/com/google/cloud/google-cloud-os-login-bom/2.0.2/google-cloud-os-login-bom-2.0.2.pom (0 B at 0 B/s)
[INFO] Downloading from central: https://repo.maven.apache.org/maven2/com/google/cloud/google-cloud-phishingprotection-bom/0.31.2/google-cloud-phishingprotection-bom-0.31.2.pom
[INFO] Downloaded from central: https://repo.maven.apache.org/maven2/com/google/cloud/google-cloud-phishingprotection-bom/0.31.2/google-cloud-phishingprotection-bom-0.31.2.pom (0 B at 0 B/s)
[INFO] Downloading from central: https://repo.maven.apache.org/maven2/com/google/cloud/google-cloud-profiler-bom/2.0.2/google-cloud-profiler-bom-2.0.2.pom
[INFO] Downloaded from central: https://repo.maven.apache.org/maven2/com/google/cloud/google-cloud-profiler-bom/2.0.2/google-cloud-profiler-bom-2.0.2.pom (0 B at 0 B/s)
[INFO] Downloading from central: https://repo.maven.apache.org/maven2/com/google/cloud/google-cloud-pubsub-bom/1.114.2/google-cloud-pubsub-bom-1.114.2.pom
[INFO] Downloaded from central: https://repo.maven.apache.org/maven2/com/google/cloud/google-cloud-pubsub-bom/1.114.2/google-cloud-pubsub-bom-1.114.2.pom (0 B at 0 B/s)
[INFO] Downloading from central: https://repo.maven.apache.org/maven2/com/google/cloud/google-cloud-recaptchaenterprise-bom/2.0.2/google-cloud-recaptchaenterprise-bom-2.0.2.pom
[INFO] Downloaded from central: https://repo.maven.apache.org/maven2/com/google/cloud/google-cloud-recaptchaenterprise-bom/2.0.2/google-cloud-recaptchaenterprise-bom-2.0.2.pom (0 B at 0 B/s)
[INFO] Downloading from central: https://repo.maven.apache.org/maven2/com/google/cloud/google-cloud-recommender-bom/2.0.1/google-cloud-recommender-bom-2.0.1.pom
[INFO] Downloaded from central: https://repo.maven.apache.org/maven2/com/google/cloud/google-cloud-recommender-bom/2.0.1/google-cloud-recommender-bom-2.0.1.pom (0 B at 0 B/s)
[INFO] Downloading from central: https://repo.maven.apache.org/maven2/com/google/cloud/google-cloud-redis-bom/2.0.2/google-cloud-redis-bom-2.0.2.pom
[INFO] Downloaded from central: https://repo.maven.apache.org/maven2/com/google/cloud/google-cloud-redis-bom/2.0.2/google-cloud-redis-bom-2.0.2.pom (0 B at 0 B/s)
[INFO] Downloading from central: https://repo.maven.apache.org/maven2/com/google/cloud/google-cloud-resourcemanager-bom/1.0.4/google-cloud-resourcemanager-bom-1.0.4.pom
[INFO] Downloaded from central: https://repo.maven.apache.org/maven2/com/google/cloud/google-cloud-resourcemanager-bom/1.0.4/google-cloud-resourcemanager-bom-1.0.4.pom (0 B at 0 B/s)
[INFO] Downloading from central: https://repo.maven.apache.org/maven2/com/google/cloud/google-cloud-retail-bom/2.0.1/google-cloud-retail-bom-2.0.1.pom
[INFO] Downloaded from central: https://repo.maven.apache.org/maven2/com/google/cloud/google-cloud-retail-bom/2.0.1/google-cloud-retail-bom-2.0.1.pom (0 B at 0 B/s)
[INFO] Downloading from central: https://repo.maven.apache.org/maven2/com/google/cloud/google-cloud-scheduler-bom/2.0.2/google-cloud-scheduler-bom-2.0.2.pom
[INFO] Downloaded from central: https://repo.maven.apache.org/maven2/com/google/cloud/google-cloud-scheduler-bom/2.0.2/google-cloud-scheduler-bom-2.0.2.pom (0 B at 0 B/s)
[INFO] Downloading from central: https://repo.maven.apache.org/maven2/com/google/cloud/google-cloud-secretmanager-bom/1.7.2/google-cloud-secretmanager-bom-1.7.2.pom
[INFO] Downloaded from central: https://repo.maven.apache.org/maven2/com/google/cloud/google-cloud-secretmanager-bom/1.7.2/google-cloud-secretmanager-bom-1.7.2.pom (0 B at 0 B/s)
[INFO] Downloading from central: https://repo.maven.apache.org/maven2/com/google/cloud/google-cloud-securitycenter-bom/2.0.2/google-cloud-securitycenter-bom-2.0.2.pom
[INFO] Downloaded from central: https://repo.maven.apache.org/maven2/com/google/cloud/google-cloud-securitycenter-bom/2.0.2/google-cloud-securitycenter-bom-2.0.2.pom (0 B at 0 B/s)
[INFO] Downloading from central: https://repo.maven.apache.org/maven2/com/google/cloud/google-cloud-security-private-ca-bom/2.0.2/google-cloud-security-private-ca-bom-2.0.2.pom
[INFO] Downloaded from central: https://repo.maven.apache.org/maven2/com/google/cloud/google-cloud-security-private-ca-bom/2.0.2/google-cloud-security-private-ca-bom-2.0.2.pom (0 B at 0 B/s)
[INFO] Downloading from central: https://repo.maven.apache.org/maven2/com/google/cloud/google-cloud-servicedirectory-bom/2.0.2/google-cloud-servicedirectory-bom-2.0.2.pom
[INFO] Downloaded from central: https://repo.maven.apache.org/maven2/com/google/cloud/google-cloud-servicedirectory-bom/2.0.2/google-cloud-servicedirectory-bom-2.0.2.pom (0 B at 0 B/s)
[INFO] Downloading from central: https://repo.maven.apache.org/maven2/com/google/cloud/google-cloud-service-management-bom/2.0.2/google-cloud-service-management-bom-2.0.2.pom
[INFO] Downloaded from central: https://repo.maven.apache.org/maven2/com/google/cloud/google-cloud-service-management-bom/2.0.2/google-cloud-service-management-bom-2.0.2.pom (0 B at 0 B/s)
[INFO] Downloading from central: https://repo.maven.apache.org/maven2/com/google/cloud/google-cloud-service-usage-bom/2.0.2/google-cloud-service-usage-bom-2.0.2.pom
[INFO] Downloaded from central: https://repo.maven.apache.org/maven2/com/google/cloud/google-cloud-service-usage-bom/2.0.2/google-cloud-service-usage-bom-2.0.2.pom (0 B at 0 B/s)
[INFO] Downloading from central: https://repo.maven.apache.org/maven2/com/google/cloud/google-cloud-shell-bom/2.0.2/google-cloud-shell-bom-2.0.2.pom
[INFO] Downloaded from central: https://repo.maven.apache.org/maven2/com/google/cloud/google-cloud-shell-bom/2.0.2/google-cloud-shell-bom-2.0.2.pom (0 B at 0 B/s)
[INFO] Downloading from central: https://repo.maven.apache.org/maven2/com/google/cloud/google-cloud-spanner-bom/6.12.1/google-cloud-spanner-bom-6.12.1.pom
[INFO] Downloaded from central: https://repo.maven.apache.org/maven2/com/google/cloud/google-cloud-spanner-bom/6.12.1/google-cloud-spanner-bom-6.12.1.pom (0 B at 0 B/s)
[INFO] Downloading from central: https://repo.maven.apache.org/maven2/com/google/cloud/google-cloud-speech-bom/1.30.5/google-cloud-speech-bom-1.30.5.pom
[INFO] Downloaded from central: https://repo.maven.apache.org/maven2/com/google/cloud/google-cloud-speech-bom/1.30.5/google-cloud-speech-bom-1.30.5.pom (0 B at 0 B/s)
[INFO] Downloading from central: https://repo.maven.apache.org/maven2/com/google/cloud/google-cloud-talent-bom/2.0.2/google-cloud-talent-bom-2.0.2.pom
[INFO] Downloaded from central: https://repo.maven.apache.org/maven2/com/google/cloud/google-cloud-talent-bom/2.0.2/google-cloud-talent-bom-2.0.2.pom (0 B at 0 B/s)
[INFO] Downloading from central: https://repo.maven.apache.org/maven2/com/google/cloud/google-cloud-tasks-bom/2.0.2/google-cloud-tasks-bom-2.0.2.pom
[INFO] Downloaded from central: https://repo.maven.apache.org/maven2/com/google/cloud/google-cloud-tasks-bom/2.0.2/google-cloud-tasks-bom-2.0.2.pom (0 B at 0 B/s)
[INFO] Downloading from central: https://repo.maven.apache.org/maven2/com/google/cloud/google-cloud-texttospeech-bom/2.0.2/google-cloud-texttospeech-bom-2.0.2.pom
[INFO] Downloaded from central: https://repo.maven.apache.org/maven2/com/google/cloud/google-cloud-texttospeech-bom/2.0.2/google-cloud-texttospeech-bom-2.0.2.pom (0 B at 0 B/s)
[INFO] Downloading from central: https://repo.maven.apache.org/maven2/com/google/cloud/google-cloud-tpu-bom/2.0.2/google-cloud-tpu-bom-2.0.2.pom
[INFO] Downloaded from central: https://repo.maven.apache.org/maven2/com/google/cloud/google-cloud-tpu-bom/2.0.2/google-cloud-tpu-bom-2.0.2.pom (0 B at 0 B/s)
[INFO] Downloading from central: https://repo.maven.apache.org/maven2/com/google/cloud/google-cloud-trace-bom/2.0.2/google-cloud-trace-bom-2.0.2.pom
[INFO] Downloaded from central: https://repo.maven.apache.org/maven2/com/google/cloud/google-cloud-trace-bom/2.0.2/google-cloud-trace-bom-2.0.2.pom (0 B at 0 B/s)
[INFO] Downloading from central: https://repo.maven.apache.org/maven2/com/google/cloud/google-cloud-translate-bom/2.0.5/google-cloud-translate-bom-2.0.5.pom
[INFO] Downloaded from central: https://repo.maven.apache.org/maven2/com/google/cloud/google-cloud-translate-bom/2.0.5/google-cloud-translate-bom-2.0.5.pom (0 B at 0 B/s)
[INFO] Downloading from central: https://repo.maven.apache.org/maven2/com/google/cloud/google-cloud-video-intelligence-bom/2.0.4/google-cloud-video-intelligence-bom-2.0.4.pom
[INFO] Downloaded from central: https://repo.maven.apache.org/maven2/com/google/cloud/google-cloud-video-intelligence-bom/2.0.4/google-cloud-video-intelligence-bom-2.0.4.pom (0 B at 0 B/s)
[INFO] Downloading from central: https://repo.maven.apache.org/maven2/com/google/cloud/google-cloud-vision-bom/2.0.5/google-cloud-vision-bom-2.0.5.pom
[INFO] Downloaded from central: https://repo.maven.apache.org/maven2/com/google/cloud/google-cloud-vision-bom/2.0.5/google-cloud-vision-bom-2.0.5.pom (0 B at 0 B/s)
[INFO] Downloading from central: https://repo.maven.apache.org/maven2/com/google/cloud/google-cloud-vpcaccess-bom/2.0.2/google-cloud-vpcaccess-bom-2.0.2.pom
[INFO] Downloaded from central: https://repo.maven.apache.org/maven2/com/google/cloud/google-cloud-vpcaccess-bom/2.0.2/google-cloud-vpcaccess-bom-2.0.2.pom (0 B at 0 B/s)
[INFO] Downloading from central: https://repo.maven.apache.org/maven2/com/google/cloud/google-cloud-websecurityscanner-bom/2.0.2/google-cloud-websecurityscanner-bom-2.0.2.pom
[INFO] Downloaded from central: https://repo.maven.apache.org/maven2/com/google/cloud/google-cloud-websecurityscanner-bom/2.0.2/google-cloud-websecurityscanner-bom-2.0.2.pom (0 B at 0 B/s)
[INFO] Downloading from central: https://repo.maven.apache.org/maven2/com/google/cloud/google-cloud-webrisk-bom/2.0.2/google-cloud-webrisk-bom-2.0.2.pom
[INFO] Downloaded from central: https://repo.maven.apache.org/maven2/com/google/cloud/google-cloud-webrisk-bom/2.0.2/google-cloud-webrisk-bom-2.0.2.pom (0 B at 0 B/s)
[INFO] Downloading from central: https://repo.maven.apache.org/maven2/com/google/cloud/google-cloud-workflow-executions-bom/2.0.2/google-cloud-workflow-executions-bom-2.0.2.pom
[INFO] Downloaded from central: https://repo.maven.apache.org/maven2/com/google/cloud/google-cloud-workflow-executions-bom/2.0.2/google-cloud-workflow-executions-bom-2.0.2.pom (0 B at 0 B/s)
[INFO] Downloading from central: https://repo.maven.apache.org/maven2/com/google/cloud/google-cloud-workflows-bom/2.0.2/google-cloud-workflows-bom-2.0.2.pom
[INFO] Downloaded from central: https://repo.maven.apache.org/maven2/com/google/cloud/google-cloud-workflows-bom/2.0.2/google-cloud-workflows-bom-2.0.2.pom (0 B at 0 B/s)
[INFO] Downloading from central: https://repo.maven.apache.org/maven2/com/google/auth/google-auth-library-bom/1.1.0/google-auth-library-bom-1.1.0.pom
[INFO] Downloaded from central: https://repo.maven.apache.org/maven2/com/google/auth/google-auth-library-bom/1.1.0/google-auth-library-bom-1.1.0.pom (0 B at 0 B/s)
[INFO] Downloading from central: https://repo.maven.apache.org/maven2/com/google/cloud/google-cloud-core-bom/2.1.0/google-cloud-core-bom-2.1.0.pom
[INFO] Downloaded from central: https://repo.maven.apache.org/maven2/com/google/cloud/google-cloud-core-bom/2.1.0/google-cloud-core-bom-2.1.0.pom (0 B at 0 B/s)
[INFO] Downloading from central: https://repo.maven.apache.org/maven2/org/apache/beam/beam-runners-core-java/2.34.0/beam-runners-core-java-2.34.0.pom
[INFO] Downloaded from central: https://repo.maven.apache.org/maven2/org/apache/beam/beam-runners-core-java/2.34.0/beam-runners-core-java-2.34.0.pom (12 kB at 388 kB/s)
[INFO] Downloading from central: https://repo.maven.apache.org/maven2/org/apache/beam/beam-runners-core-construction-java/2.34.0/beam-runners-core-construction-java-2.34.0.pom
[INFO] Downloaded from central: https://repo.maven.apache.org/maven2/org/apache/beam/beam-runners-core-construction-java/2.34.0/beam-runners-core-construction-java-2.34.0.pom (16 kB at 362 kB/s)
[INFO] Downloading from central: https://repo.maven.apache.org/maven2/org/apache/beam/beam-sdks-java-fn-execution/2.34.0/beam-sdks-java-fn-execution-2.34.0.pom
[INFO] Downloaded from central: https://repo.maven.apache.org/maven2/org/apache/beam/beam-sdks-java-fn-execution/2.34.0/beam-sdks-java-fn-execution-2.34.0.pom (11 kB at 253 kB/s)
[INFO] Downloading from central: https://repo.maven.apache.org/maven2/org/apache/beam/beam-model-fn-execution/2.34.0/beam-model-fn-execution-2.34.0.pom
[INFO] Downloaded from central: https://repo.maven.apache.org/maven2/org/apache/beam/beam-model-fn-execution/2.34.0/beam-model-fn-execution-2.34.0.pom (5.8 kB at 150 kB/s)
[INFO] Downloading from central: https://repo.maven.apache.org/maven2/io/github/classgraph/classgraph/4.8.104/classgraph-4.8.104.pom
[INFO] Downloaded from central: https://repo.maven.apache.org/maven2/io/github/classgraph/classgraph/4.8.104/classgraph-4.8.104.pom (28 kB at 746 kB/s)
[INFO] Downloading from central: https://repo.maven.apache.org/maven2/org/apache/beam/beam-sdks-java-expansion-service/2.34.0/beam-sdks-java-expansion-service-2.34.0.pom
[INFO] Downloaded from central: https://repo.maven.apache.org/maven2/org/apache/beam/beam-sdks-java-expansion-service/2.34.0/beam-sdks-java-expansion-service-2.34.0.pom (14 kB at 434 kB/s)
[INFO] Downloading from central: https://repo.maven.apache.org/maven2/org/apache/beam/beam-runners-java-fn-execution/2.34.0/beam-runners-java-fn-execution-2.34.0.pom
[INFO] Downloaded from central: https://repo.maven.apache.org/maven2/org/apache/beam/beam-runners-java-fn-execution/2.34.0/beam-runners-java-fn-execution-2.34.0.pom (14 kB at 419 kB/s)
[INFO] Downloading from central: https://repo.maven.apache.org/maven2/com/fasterxml/jackson/dataformat/jackson-dataformat-yaml/2.12.4/jackson-dataformat-yaml-2.12.4.pom
[INFO] Downloaded from central: https://repo.maven.apache.org/maven2/com/fasterxml/jackson/dataformat/jackson-dataformat-yaml/2.12.4/jackson-dataformat-yaml-2.12.4.pom (2.6 kB at 64 kB/s)
[INFO] Downloading from central: https://repo.maven.apache.org/maven2/com/fasterxml/jackson/dataformat/jackson-dataformats-text/2.12.4/jackson-dataformats-text-2.12.4.pom
[INFO] Downloaded from central: https://repo.maven.apache.org/maven2/com/fasterxml/jackson/dataformat/jackson-dataformats-text/2.12.4/jackson-dataformats-text-2.12.4.pom (3.3 kB at 82 kB/s)
[INFO] Downloading from central: https://repo.maven.apache.org/maven2/org/apache/beam/beam-sdks-java-extensions-google-cloud-platform-core/2.34.0/beam-sdks-java-extensions-google-cloud-platform-core-2.34.0.pom
[INFO] Downloaded from central: https://repo.maven.apache.org/maven2/org/apache/beam/beam-sdks-java-extensions-google-cloud-platform-core/2.34.0/beam-sdks-java-extensions-google-cloud-platform-core-2.34.0.pom (22 kB at 483 kB/s)
[INFO] Downloading from central: https://repo.maven.apache.org/maven2/com/google/http-client/google-http-client-jackson2/1.39.2/google-http-client-jackson2-1.39.2.pom
[INFO] Downloaded from central: https://repo.maven.apache.org/maven2/com/google/http-client/google-http-client-jackson2/1.39.2/google-http-client-jackson2-1.39.2.pom (3.0 kB at 89 kB/s)
[INFO] Downloading from central: https://repo.maven.apache.org/maven2/io/grpc/grpc-context/1.27.2/grpc-context-1.27.2.pom
[INFO] Downloaded from central: https://repo.maven.apache.org/maven2/io/grpc/grpc-context/1.27.2/grpc-context-1.27.2.pom (1.2 kB at 39 kB/s)
[INFO] Downloading from central: https://repo.maven.apache.org/maven2/com/google/api-client/google-api-client/1.32.1/google-api-client-1.32.1.pom
[INFO] Downloaded from central: https://repo.maven.apache.org/maven2/com/google/api-client/google-api-client/1.32.1/google-api-client-1.32.1.pom (5.8 kB at 167 kB/s)
[INFO] Downloading from central: https://repo.maven.apache.org/maven2/com/google/api-client/google-api-client-parent/1.32.1/google-api-client-parent-1.32.1.pom
[INFO] Downloaded from central: https://repo.maven.apache.org/maven2/com/google/api-client/google-api-client-parent/1.32.1/google-api-client-parent-1.32.1.pom (25 kB at 732 kB/s)
[INFO] Downloading from central: https://repo.maven.apache.org/maven2/com/google/oauth-client/google-oauth-client-bom/1.31.5/google-oauth-client-bom-1.31.5.pom
[INFO] Downloaded from central: https://repo.maven.apache.org/maven2/com/google/oauth-client/google-oauth-client-bom/1.31.5/google-oauth-client-bom-1.31.5.pom (5.9 kB at 148 kB/s)
[INFO] Downloading from central: https://repo.maven.apache.org/maven2/com/google/oauth-client/google-oauth-client/1.31.5/google-oauth-client-1.31.5.pom
[INFO] Downloaded from central: https://repo.maven.apache.org/maven2/com/google/oauth-client/google-oauth-client/1.31.5/google-oauth-client-1.31.5.pom (3.5 kB at 115 kB/s)
[INFO] Downloading from central: https://repo.maven.apache.org/maven2/com/google/oauth-client/google-oauth-client-parent/1.31.5/google-oauth-client-parent-1.31.5.pom
[INFO] Downloaded from central: https://repo.maven.apache.org/maven2/com/google/oauth-client/google-oauth-client-parent/1.31.5/google-oauth-client-parent-1.31.5.pom (18 kB at 541 kB/s)
[INFO] Downloading from central: https://repo.maven.apache.org/maven2/com/google/http-client/google-http-client-apache-v2/1.39.2/google-http-client-apache-v2-1.39.2.pom
[INFO] Downloaded from central: https://repo.maven.apache.org/maven2/com/google/http-client/google-http-client-apache-v2/1.39.2/google-http-client-apache-v2-1.39.2.pom (3.6 kB at 117 kB/s)
[INFO] Downloading from central: https://repo.maven.apache.org/maven2/com/google/cloud/bigdataoss/gcsio/2.2.2/gcsio-2.2.2.pom
[INFO] Downloaded from central: https://repo.maven.apache.org/maven2/com/google/cloud/bigdataoss/gcsio/2.2.2/gcsio-2.2.2.pom (6.3 kB at 192 kB/s)
[INFO] Downloading from central: https://repo.maven.apache.org/maven2/com/google/cloud/bigdataoss/bigdataoss-parent/2.2.2/bigdataoss-parent-2.2.2.pom
[INFO] Downloaded from central: https://repo.maven.apache.org/maven2/com/google/cloud/bigdataoss/bigdataoss-parent/2.2.2/bigdataoss-parent-2.2.2.pom (22 kB at 709 kB/s)
[INFO] Downloading from central: https://repo.maven.apache.org/maven2/com/google/http-client/google-http-client-jackson2/1.38.0/google-http-client-jackson2-1.38.0.pom
[INFO] Downloaded from central: https://repo.maven.apache.org/maven2/com/google/http-client/google-http-client-jackson2/1.38.0/google-http-client-jackson2-1.38.0.pom (3.1 kB at 98 kB/s)
[INFO] Downloading from central: https://repo.maven.apache.org/maven2/com/google/http-client/google-http-client-parent/1.38.0/google-http-client-parent-1.38.0.pom
[INFO] Downloaded from central: https://repo.maven.apache.org/maven2/com/google/http-client/google-http-client-parent/1.38.0/google-http-client-parent-1.38.0.pom (25 kB at 763 kB/s)
[INFO] Downloading from central: https://repo.maven.apache.org/maven2/com/google/http-client/google-http-client/1.38.0/google-http-client-1.38.0.pom
[INFO] Downloaded from central: https://repo.maven.apache.org/maven2/com/google/http-client/google-http-client/1.38.0/google-http-client-1.38.0.pom (5.9 kB at 197 kB/s)
[INFO] Downloading from central: https://repo.maven.apache.org/maven2/com/google/api-client/google-api-client-jackson2/1.31.3/google-api-client-jackson2-1.31.3.pom
[INFO] Downloaded from central: https://repo.maven.apache.org/maven2/com/google/api-client/google-api-client-jackson2/1.31.3/google-api-client-jackson2-1.31.3.pom (3.3 kB at 104 kB/s)
[INFO] Downloading from central: https://repo.maven.apache.org/maven2/com/google/api-client/google-api-client-parent/1.31.3/google-api-client-parent-1.31.3.pom
[INFO] Downloaded from central: https://repo.maven.apache.org/maven2/com/google/api-client/google-api-client-parent/1.31.3/google-api-client-parent-1.31.3.pom (21 kB at 597 kB/s)
[INFO] Downloading from central: https://repo.maven.apache.org/maven2/com/google/http-client/google-http-client-bom/1.39.0/google-http-client-bom-1.39.0.pom
[INFO] Downloaded from central: https://repo.maven.apache.org/maven2/com/google/http-client/google-http-client-bom/1.39.0/google-http-client-bom-1.39.0.pom (7.1 kB at 186 kB/s)
[INFO] Downloading from central: https://repo.maven.apache.org/maven2/com/google/oauth-client/google-oauth-client-bom/1.31.4/google-oauth-client-bom-1.31.4.pom
[INFO] Downloaded from central: https://repo.maven.apache.org/maven2/com/google/oauth-client/google-oauth-client-bom/1.31.4/google-oauth-client-bom-1.31.4.pom (5.9 kB at 191 kB/s)
[INFO] Downloading from central: https://repo.maven.apache.org/maven2/com/google/api-client/google-api-client/1.31.3/google-api-client-1.31.3.pom
[INFO] Downloaded from central: https://repo.maven.apache.org/maven2/com/google/api-client/google-api-client/1.31.3/google-api-client-1.31.3.pom (5.8 kB at 172 kB/s)
[INFO] Downloading from central: https://repo.maven.apache.org/maven2/com/google/oauth-client/google-oauth-client/1.31.4/google-oauth-client-1.31.4.pom
[INFO] Downloaded from central: https://repo.maven.apache.org/maven2/com/google/oauth-client/google-oauth-client/1.31.4/google-oauth-client-1.31.4.pom (3.5 kB at 105 kB/s)
[INFO] Downloading from central: https://repo.maven.apache.org/maven2/com/google/oauth-client/google-oauth-client-parent/1.31.4/google-oauth-client-parent-1.31.4.pom
[INFO] Downloaded from central: https://repo.maven.apache.org/maven2/com/google/oauth-client/google-oauth-client-parent/1.31.4/google-oauth-client-parent-1.31.4.pom (18 kB at 486 kB/s)
[INFO] Downloading from central: https://repo.maven.apache.org/maven2/com/google/http-client/google-http-client-bom/1.38.0/google-http-client-bom-1.38.0.pom
[INFO] Downloaded from central: https://repo.maven.apache.org/maven2/com/google/http-client/google-http-client-bom/1.38.0/google-http-client-bom-1.38.0.pom (7.1 kB at 208 kB/s)
[INFO] Downloading from central: https://repo.maven.apache.org/maven2/com/google/http-client/google-http-client-gson/1.39.0/google-http-client-gson-1.39.0.pom
[INFO] Downloaded from central: https://repo.maven.apache.org/maven2/com/google/http-client/google-http-client-gson/1.39.0/google-http-client-gson-1.39.0.pom (3.1 kB at 75 kB/s)
[INFO] Downloading from central: https://repo.maven.apache.org/maven2/com/google/http-client/google-http-client-parent/1.39.0/google-http-client-parent-1.39.0.pom
[INFO] Downloaded from central: https://repo.maven.apache.org/maven2/com/google/http-client/google-http-client-parent/1.39.0/google-http-client-parent-1.39.0.pom (25 kB at 599 kB/s)
[INFO] Downloading from central: https://repo.maven.apache.org/maven2/com/google/http-client/google-http-client/1.39.0/google-http-client-1.39.0.pom
[INFO] Downloaded from central: https://repo.maven.apache.org/maven2/com/google/http-client/google-http-client/1.39.0/google-http-client-1.39.0.pom (5.9 kB at 140 kB/s)
[INFO] Downloading from central: https://repo.maven.apache.org/maven2/com/google/http-client/google-http-client-apache-v2/1.39.0/google-http-client-apache-v2-1.39.0.pom
[INFO] Downloaded from central: https://repo.maven.apache.org/maven2/com/google/http-client/google-http-client-apache-v2/1.39.0/google-http-client-apache-v2-1.39.0.pom (3.6 kB at 103 kB/s)
[INFO] Downloading from central: https://repo.maven.apache.org/maven2/com/google/apis/google-api-services-storage/v1-rev20201112-1.31.0/google-api-services-storage-v1-rev20201112-1.31.0.pom
[INFO] Downloaded from central: https://repo.maven.apache.org/maven2/com/google/apis/google-api-services-storage/v1-rev20201112-1.31.0/google-api-services-storage-v1-rev20201112-1.31.0.pom (5.3 kB at 133 kB/s)
[INFO] Downloading from central: https://repo.maven.apache.org/maven2/com/google/api-client/google-api-client/1.31.1/google-api-client-1.31.1.pom
[INFO] Downloaded from central: https://repo.maven.apache.org/maven2/com/google/api-client/google-api-client/1.31.1/google-api-client-1.31.1.pom (5.6 kB at 148 kB/s)
[INFO] Downloading from central: https://repo.maven.apache.org/maven2/com/google/api-client/google-api-client-parent/1.31.1/google-api-client-parent-1.31.1.pom
[INFO] Downloaded from central: https://repo.maven.apache.org/maven2/com/google/api-client/google-api-client-parent/1.31.1/google-api-client-parent-1.31.1.pom (20 kB at 439 kB/s)
[INFO] Downloading from central: https://repo.maven.apache.org/maven2/com/google/oauth-client/google-oauth-client-bom/1.31.2/google-oauth-client-bom-1.31.2.pom
[INFO] Downloaded from central: https://repo.maven.apache.org/maven2/com/google/oauth-client/google-oauth-client-bom/1.31.2/google-oauth-client-bom-1.31.2.pom (5.4 kB at 129 kB/s)
[INFO] Downloading from central: https://repo.maven.apache.org/maven2/com/google/oauth-client/google-oauth-client/1.31.2/google-oauth-client-1.31.2.pom
[INFO] Downloaded from central: https://repo.maven.apache.org/maven2/com/google/oauth-client/google-oauth-client/1.31.2/google-oauth-client-1.31.2.pom (3.6 kB at 105 kB/s)
[INFO] Downloading from central: https://repo.maven.apache.org/maven2/com/google/oauth-client/google-oauth-client-parent/1.31.2/google-oauth-client-parent-1.31.2.pom
[INFO] Downloaded from central: https://repo.maven.apache.org/maven2/com/google/oauth-client/google-oauth-client-parent/1.31.2/google-oauth-client-parent-1.31.2.pom (18 kB at 462 kB/s)
[INFO] Downloading from central: https://repo.maven.apache.org/maven2/com/google/http-client/google-http-client-apache-v2/1.38.0/google-http-client-apache-v2-1.38.0.pom
[INFO] Downloaded from central: https://repo.maven.apache.org/maven2/com/google/http-client/google-http-client-apache-v2/1.38.0/google-http-client-apache-v2-1.38.0.pom (3.6 kB at 113 kB/s)
[INFO] Downloading from central: https://repo.maven.apache.org/maven2/io/grpc/grpc-api/1.37.0/grpc-api-1.37.0.pom
[INFO] Downloaded from central: https://repo.maven.apache.org/maven2/io/grpc/grpc-api/1.37.0/grpc-api-1.37.0.pom (2.6 kB at 82 kB/s)
[INFO] Downloading from central: https://repo.maven.apache.org/maven2/io/grpc/grpc-context/1.37.0/grpc-context-1.37.0.pom
[INFO] Downloaded from central: https://repo.maven.apache.org/maven2/io/grpc/grpc-context/1.37.0/grpc-context-1.37.0.pom (1.2 kB at 40 kB/s)
[INFO] Downloading from central: https://repo.maven.apache.org/maven2/io/grpc/grpc-alts/1.37.0/grpc-alts-1.37.0.pom
[INFO] Downloaded from central: https://repo.maven.apache.org/maven2/io/grpc/grpc-alts/1.37.0/grpc-alts-1.37.0.pom (3.1 kB at 92 kB/s)
[INFO] Downloading from central: https://repo.maven.apache.org/maven2/io/grpc/grpc-auth/1.37.0/grpc-auth-1.37.0.pom
[INFO] Downloaded from central: https://repo.maven.apache.org/maven2/io/grpc/grpc-auth/1.37.0/grpc-auth-1.37.0.pom (3.6 kB at 93 kB/s)
[INFO] Downloading from central: https://repo.maven.apache.org/maven2/io/grpc/grpc-api/maven-metadata.xml
[INFO] Downloaded from central: https://repo.maven.apache.org/maven2/io/grpc/grpc-api/maven-metadata.xml (5.0 kB at 156 kB/s)
[INFO] Downloading from central: https://repo.maven.apache.org/maven2/com/google/auth/google-auth-library-credentials/0.22.2/google-auth-library-credentials-0.22.2.pom
[INFO] Downloaded from central: https://repo.maven.apache.org/maven2/com/google/auth/google-auth-library-credentials/0.22.2/google-auth-library-credentials-0.22.2.pom (2.0 kB at 63 kB/s)
[INFO] Downloading from central: https://repo.maven.apache.org/maven2/com/google/auth/google-auth-library-parent/0.22.2/google-auth-library-parent-0.22.2.pom
[INFO] Downloaded from central: https://repo.maven.apache.org/maven2/com/google/auth/google-auth-library-parent/0.22.2/google-auth-library-parent-0.22.2.pom (18 kB at 395 kB/s)
[INFO] Downloading from central: https://repo.maven.apache.org/maven2/io/grpc/grpc-grpclb/1.37.0/grpc-grpclb-1.37.0.pom
[INFO] Downloaded from central: https://repo.maven.apache.org/maven2/io/grpc/grpc-grpclb/1.37.0/grpc-grpclb-1.37.0.pom (3.7 kB at 106 kB/s)
[INFO] Downloading from central: https://repo.maven.apache.org/maven2/io/grpc/grpc-core/maven-metadata.xml
[INFO] Downloaded from central: https://repo.maven.apache.org/maven2/io/grpc/grpc-core/maven-metadata.xml (6.6 kB at 183 kB/s)
[INFO] Downloading from central: https://repo.maven.apache.org/maven2/io/grpc/grpc-core/1.37.0/grpc-core-1.37.0.pom
[INFO] Downloaded from central: https://repo.maven.apache.org/maven2/io/grpc/grpc-core/1.37.0/grpc-core-1.37.0.pom (3.4 kB at 89 kB/s)
[INFO] Downloading from central: https://repo.maven.apache.org/maven2/io/grpc/grpc-protobuf/1.37.0/grpc-protobuf-1.37.0.pom
[INFO] Downloaded from central: https://repo.maven.apache.org/maven2/io/grpc/grpc-protobuf/1.37.0/grpc-protobuf-1.37.0.pom (3.7 kB at 103 kB/s)
[INFO] Downloading from central: https://repo.maven.apache.org/maven2/io/grpc/grpc-protobuf-lite/1.37.0/grpc-protobuf-lite-1.37.0.pom
[INFO] Downloaded from central: https://repo.maven.apache.org/maven2/io/grpc/grpc-protobuf-lite/1.37.0/grpc-protobuf-lite-1.37.0.pom (2.9 kB at 73 kB/s)
[INFO] Downloading from central: https://repo.maven.apache.org/maven2/io/grpc/grpc-stub/1.37.0/grpc-stub-1.37.0.pom
[INFO] Downloaded from central: https://repo.maven.apache.org/maven2/io/grpc/grpc-stub/1.37.0/grpc-stub-1.37.0.pom (2.6 kB at 71 kB/s)
[INFO] Downloading from central: https://repo.maven.apache.org/maven2/com/google/auth/google-auth-library-oauth2-http/0.22.2/google-auth-library-oauth2-http-0.22.2.pom
[INFO] Downloaded from central: https://repo.maven.apache.org/maven2/com/google/auth/google-auth-library-oauth2-http/0.22.2/google-auth-library-oauth2-http-0.22.2.pom (3.2 kB at 99 kB/s)
[INFO] Downloading from central: https://repo.maven.apache.org/maven2/io/grpc/grpc-netty-shaded/maven-metadata.xml
[INFO] Downloaded from central: https://repo.maven.apache.org/maven2/io/grpc/grpc-netty-shaded/maven-metadata.xml (5.6 kB at 47 kB/s)
[INFO] Downloading from central: https://repo.maven.apache.org/maven2/io/grpc/grpc-netty-shaded/1.37.0/grpc-netty-shaded-1.37.0.pom
[INFO] Downloaded from central: https://repo.maven.apache.org/maven2/io/grpc/grpc-netty-shaded/1.37.0/grpc-netty-shaded-1.37.0.pom (1.4 kB at 43 kB/s)
[INFO] Downloading from central: https://repo.maven.apache.org/maven2/com/google/api/grpc/proto-google-iam-v1/1.0.5/proto-google-iam-v1-1.0.5.pom
[INFO] Downloaded from central: https://repo.maven.apache.org/maven2/com/google/api/grpc/proto-google-iam-v1/1.0.5/proto-google-iam-v1-1.0.5.pom (2.5 kB at 59 kB/s)
[INFO] Downloading from central: https://repo.maven.apache.org/maven2/com/google/protobuf/protobuf-java-util/3.14.0/protobuf-java-util-3.14.0.pom
[INFO] Downloaded from central: https://repo.maven.apache.org/maven2/com/google/protobuf/protobuf-java-util/3.14.0/protobuf-java-util-3.14.0.pom (4.8 kB at 145 kB/s)
[INFO] Downloading from central: https://repo.maven.apache.org/maven2/com/google/flogger/flogger/0.5.1/flogger-0.5.1.pom
[INFO] Downloaded from central: https://repo.maven.apache.org/maven2/com/google/flogger/flogger/0.5.1/flogger-0.5.1.pom (2.2 kB at 61 kB/s)
[INFO] Downloading from central: https://repo.maven.apache.org/maven2/org/checkerframework/checker-compat-qual/2.5.3/checker-compat-qual-2.5.3.pom
[INFO] Downloaded from central: https://repo.maven.apache.org/maven2/org/checkerframework/checker-compat-qual/2.5.3/checker-compat-qual-2.5.3.pom (2.7 kB at 83 kB/s)
[INFO] Downloading from central: https://repo.maven.apache.org/maven2/com/google/flogger/google-extensions/0.5.1/google-extensions-0.5.1.pom
[INFO] Downloaded from central: https://repo.maven.apache.org/maven2/com/google/flogger/google-extensions/0.5.1/google-extensions-0.5.1.pom (2.1 kB at 65 kB/s)
[INFO] Downloading from central: https://repo.maven.apache.org/maven2/com/google/flogger/flogger-system-backend/0.5.1/flogger-system-backend-0.5.1.pom
[INFO] Downloaded from central: https://repo.maven.apache.org/maven2/com/google/flogger/flogger-system-backend/0.5.1/flogger-system-backend-0.5.1.pom (2.2 kB at 75 kB/s)
[INFO] Downloading from central: https://repo.maven.apache.org/maven2/com/google/cloud/bigdataoss/util/2.2.2/util-2.2.2.pom
[INFO] Downloaded from central: https://repo.maven.apache.org/maven2/com/google/cloud/bigdataoss/util/2.2.2/util-2.2.2.pom (3.0 kB at 94 kB/s)
[INFO] Downloading from central: https://repo.maven.apache.org/maven2/com/google/apis/google-api-services-iamcredentials/v1-rev20201022-1.31.0/google-api-services-iamcredentials-v1-rev20201022-1.31.0.pom
[INFO] Downloaded from central: https://repo.maven.apache.org/maven2/com/google/apis/google-api-services-iamcredentials/v1-rev20201022-1.31.0/google-api-services-iamcredentials-v1-rev20201022-1.31.0.pom (5.4 kB at 173 kB/s)
[INFO] Downloading from central: https://repo.maven.apache.org/maven2/com/google/apis/google-api-services-cloudresourcemanager/v1-rev20210815-1.32.1/google-api-services-cloudresourcemanager-v1-rev20210815-1.32.1.pom
[INFO] Downloaded from central: https://repo.maven.apache.org/maven2/com/google/apis/google-api-services-cloudresourcemanager/v1-rev20210815-1.32.1/google-api-services-cloudresourcemanager-v1-rev20210815-1.32.1.pom (5.4 kB at 141 kB/s)
[INFO] Downloading from central: https://repo.maven.apache.org/maven2/com/google/apis/google-api-services-storage/v1-rev20210127-1.32.1/google-api-services-storage-v1-rev20210127-1.32.1.pom
[INFO] Downloaded from central: https://repo.maven.apache.org/maven2/com/google/apis/google-api-services-storage/v1-rev20210127-1.32.1/google-api-services-storage-v1-rev20210127-1.32.1.pom (5.3 kB at 172 kB/s)
[INFO] Downloading from central: https://repo.maven.apache.org/maven2/org/apache/beam/beam-sdks-java-extensions-protobuf/2.34.0/beam-sdks-java-extensions-protobuf-2.34.0.pom
[INFO] Downloaded from central: https://repo.maven.apache.org/maven2/org/apache/beam/beam-sdks-java-extensions-protobuf/2.34.0/beam-sdks-java-extensions-protobuf-2.34.0.pom (7.6 kB at 224 kB/s)
[INFO] Downloading from central: https://repo.maven.apache.org/maven2/org/apache/beam/beam-sdks-java-extensions-arrow/2.34.0/beam-sdks-java-extensions-arrow-2.34.0.pom
[INFO] Downloaded from central: https://repo.maven.apache.org/maven2/org/apache/beam/beam-sdks-java-extensions-arrow/2.34.0/beam-sdks-java-extensions-arrow-2.34.0.pom (8.5 kB at 197 kB/s)
[INFO] Downloading from central: https://repo.maven.apache.org/maven2/org/apache/arrow/arrow-vector/5.0.0/arrow-vector-5.0.0.pom
[INFO] Downloaded from central: https://repo.maven.apache.org/maven2/org/apache/arrow/arrow-vector/5.0.0/arrow-vector-5.0.0.pom (11 kB at 353 kB/s)
[INFO] Downloading from central: https://repo.maven.apache.org/maven2/org/apache/arrow/arrow-java-root/5.0.0/arrow-java-root-5.0.0.pom
[INFO] Downloaded from central: https://repo.maven.apache.org/maven2/org/apache/arrow/arrow-java-root/5.0.0/arrow-java-root-5.0.0.pom (27 kB at 932 kB/s)
[INFO] Downloading from central: https://repo.maven.apache.org/maven2/org/apache/arrow/arrow-format/5.0.0/arrow-format-5.0.0.pom
[INFO] Downloaded from central: https://repo.maven.apache.org/maven2/org/apache/arrow/arrow-format/5.0.0/arrow-format-5.0.0.pom (1.8 kB at 49 kB/s)
[INFO] Downloading from central: https://repo.maven.apache.org/maven2/com/google/flatbuffers/flatbuffers-java/1.12.0/flatbuffers-java-1.12.0.pom
[INFO] Downloaded from central: https://repo.maven.apache.org/maven2/com/google/flatbuffers/flatbuffers-java/1.12.0/flatbuffers-java-1.12.0.pom (4.6 kB at 152 kB/s)
[INFO] Downloading from central: https://repo.maven.apache.org/maven2/org/apache/arrow/arrow-memory-core/5.0.0/arrow-memory-core-5.0.0.pom
[INFO] Downloaded from central: https://repo.maven.apache.org/maven2/org/apache/arrow/arrow-memory-core/5.0.0/arrow-memory-core-5.0.0.pom (2.4 kB at 79 kB/s)
[INFO] Downloading from central: https://repo.maven.apache.org/maven2/org/apache/arrow/arrow-memory/5.0.0/arrow-memory-5.0.0.pom
[INFO] Downloaded from central: https://repo.maven.apache.org/maven2/org/apache/arrow/arrow-memory/5.0.0/arrow-memory-5.0.0.pom (1.4 kB at 47 kB/s)
[INFO] Downloading from central: https://repo.maven.apache.org/maven2/io/netty/netty-common/4.1.48.Final/netty-common-4.1.48.Final.pom
[INFO] Downloaded from central: https://repo.maven.apache.org/maven2/io/netty/netty-common/4.1.48.Final/netty-common-4.1.48.Final.pom (10 kB at 347 kB/s)
[INFO] Downloading from central: https://repo.maven.apache.org/maven2/io/netty/netty-parent/4.1.48.Final/netty-parent-4.1.48.Final.pom
[INFO] Downloaded from central: https://repo.maven.apache.org/maven2/io/netty/netty-parent/4.1.48.Final/netty-parent-4.1.48.Final.pom (57 kB at 1.8 MB/s)
[INFO] Downloading from central: https://repo.maven.apache.org/maven2/com/google/flogger/flogger-system-backend/0.6/flogger-system-backend-0.6.pom
[INFO] Downloaded from central: https://repo.maven.apache.org/maven2/com/google/flogger/flogger-system-backend/0.6/flogger-system-backend-0.6.pom (2.2 kB at 80 kB/s)
[INFO] Downloading from central: https://repo.maven.apache.org/maven2/com/google/flogger/flogger/0.6/flogger-0.6.pom
[INFO] Downloaded from central: https://repo.maven.apache.org/maven2/com/google/flogger/flogger/0.6/flogger-0.6.pom (2.1 kB at 71 kB/s)
[INFO] Downloading from central: https://repo.maven.apache.org/maven2/org/threeten/threetenbp/1.5.0/threetenbp-1.5.0.pom
[INFO] Downloaded from central: https://repo.maven.apache.org/maven2/org/threeten/threetenbp/1.5.0/threetenbp-1.5.0.pom (32 kB at 1.0 MB/s)
[INFO] Downloading from central: https://repo.maven.apache.org/maven2/com/google/auth/google-auth-library-oauth2-http/0.27.0/google-auth-library-oauth2-http-0.27.0.pom
[INFO] Downloaded from central: https://repo.maven.apache.org/maven2/com/google/auth/google-auth-library-oauth2-http/0.27.0/google-auth-library-oauth2-http-0.27.0.pom (5.2 kB at 173 kB/s)
[INFO] Downloading from central: https://repo.maven.apache.org/maven2/com/google/auth/google-auth-library-parent/0.27.0/google-auth-library-parent-0.27.0.pom
[INFO] Downloaded from central: https://repo.maven.apache.org/maven2/com/google/auth/google-auth-library-parent/0.27.0/google-auth-library-parent-0.27.0.pom (20 kB at 664 kB/s)
[INFO] Downloading from central: https://repo.maven.apache.org/maven2/com/google/auto/value/auto-value-annotations/1.8.1/auto-value-annotations-1.8.1.pom
[INFO] Downloaded from central: https://repo.maven.apache.org/maven2/com/google/auto/value/auto-value-annotations/1.8.1/auto-value-annotations-1.8.1.pom (2.8 kB at 82 kB/s)
[INFO] Downloading from central: https://repo.maven.apache.org/maven2/com/google/auto/value/auto-value-parent/1.8.1/auto-value-parent-1.8.1.pom
[INFO] Downloaded from central: https://repo.maven.apache.org/maven2/com/google/auto/value/auto-value-parent/1.8.1/auto-value-parent-1.8.1.pom (6.1 kB at 197 kB/s)
[INFO] Downloading from central: https://repo.maven.apache.org/maven2/com/google/auth/google-auth-library-credentials/0.27.0/google-auth-library-credentials-0.27.0.pom
[INFO] Downloaded from central: https://repo.maven.apache.org/maven2/com/google/auth/google-auth-library-credentials/0.27.0/google-auth-library-credentials-0.27.0.pom (2.0 kB at 55 kB/s)
[INFO] Downloading from central: https://repo.maven.apache.org/maven2/com/google/auth/google-auth-library-credentials/1.0.0/google-auth-library-credentials-1.0.0.pom
[INFO] Downloaded from central: https://repo.maven.apache.org/maven2/com/google/auth/google-auth-library-credentials/1.0.0/google-auth-library-credentials-1.0.0.pom (2.0 kB at 53 kB/s)
[INFO] Downloading from central: https://repo.maven.apache.org/maven2/com/google/auth/google-auth-library-parent/1.0.0/google-auth-library-parent-1.0.0.pom
[INFO] Downloaded from central: https://repo.maven.apache.org/maven2/com/google/auth/google-auth-library-parent/1.0.0/google-auth-library-parent-1.0.0.pom (19 kB at 600 kB/s)
[INFO] Downloading from central: https://repo.maven.apache.org/maven2/com/google/api/gax-httpjson/0.88.0/gax-httpjson-0.88.0.pom
[INFO] Downloaded from central: https://repo.maven.apache.org/maven2/com/google/api/gax-httpjson/0.88.0/gax-httpjson-0.88.0.pom (3.5 kB at 106 kB/s)
[INFO] Downloading from central: https://repo.maven.apache.org/maven2/com/google/protobuf/protobuf-java/3.15.2/protobuf-java-3.15.2.pom
[INFO] Downloaded from central: https://repo.maven.apache.org/maven2/com/google/protobuf/protobuf-java/3.15.2/protobuf-java-3.15.2.pom (5.6 kB at 169 kB/s)
[INFO] Downloading from central: https://repo.maven.apache.org/maven2/com/google/protobuf/protobuf-parent/3.15.2/protobuf-parent-3.15.2.pom
[INFO] Downloaded from central: https://repo.maven.apache.org/maven2/com/google/protobuf/protobuf-parent/3.15.2/protobuf-parent-3.15.2.pom (7.7 kB at 208 kB/s)
[INFO] Downloading from central: https://repo.maven.apache.org/maven2/com/google/protobuf/protobuf-bom/3.15.2/protobuf-bom-3.15.2.pom
[INFO] Downloaded from central: https://repo.maven.apache.org/maven2/com/google/protobuf/protobuf-bom/3.15.2/protobuf-bom-3.15.2.pom (3.5 kB at 118 kB/s)
[INFO] Downloading from central: https://repo.maven.apache.org/maven2/com/google/protobuf/protobuf-java-util/3.15.2/protobuf-java-util-3.15.2.pom
[INFO] Downloaded from central: https://repo.maven.apache.org/maven2/com/google/protobuf/protobuf-java-util/3.15.2/protobuf-java-util-3.15.2.pom (4.8 kB at 116 kB/s)
[INFO] Downloading from central: https://repo.maven.apache.org/maven2/com/google/apis/google-api-services-bigquery/v2-rev20210813-1.32.1/google-api-services-bigquery-v2-rev20210813-1.32.1.pom
[INFO] Downloaded from central: https://repo.maven.apache.org/maven2/com/google/apis/google-api-services-bigquery/v2-rev20210813-1.32.1/google-api-services-bigquery-v2-rev20210813-1.32.1.pom (5.3 kB at 143 kB/s)
[INFO] Downloading from central: https://repo.maven.apache.org/maven2/com/google/apis/google-api-services-healthcare/v1-rev20210806-1.32.1/google-api-services-healthcare-v1-rev20210806-1.32.1.pom
[INFO] Downloaded from central: https://repo.maven.apache.org/maven2/com/google/apis/google-api-services-healthcare/v1-rev20210806-1.32.1/google-api-services-healthcare-v1-rev20210806-1.32.1.pom (5.3 kB at 85 kB/s)
[INFO] Downloading from central: https://repo.maven.apache.org/maven2/com/google/apis/google-api-services-pubsub/v1-rev20210809-1.32.1/google-api-services-pubsub-v1-rev20210809-1.32.1.pom
[INFO] Downloaded from central: https://repo.maven.apache.org/maven2/com/google/apis/google-api-services-pubsub/v1-rev20210809-1.32.1/google-api-services-pubsub-v1-rev20210809-1.32.1.pom (5.3 kB at 161 kB/s)
[INFO] Downloading from central: https://repo.maven.apache.org/maven2/com/google/cloud/google-cloud-bigquerystorage/2.1.0/google-cloud-bigquerystorage-2.1.0.pom
[INFO] Downloaded from central: https://repo.maven.apache.org/maven2/com/google/cloud/google-cloud-bigquerystorage/2.1.0/google-cloud-bigquerystorage-2.1.0.pom (49 kB at 1.5 MB/s)
[INFO] Downloading from central: https://repo.maven.apache.org/maven2/com/google/api/grpc/proto-google-cloud-bigquerystorage-v1beta1/0.125.0/proto-google-cloud-bigquerystorage-v1beta1-0.125.0.pom
[INFO] Downloaded from central: https://repo.maven.apache.org/maven2/com/google/api/grpc/proto-google-cloud-bigquerystorage-v1beta1/0.125.0/proto-google-cloud-bigquerystorage-v1beta1-0.125.0.pom (6.6 kB at 194 kB/s)
[INFO] Downloading from central: https://repo.maven.apache.org/maven2/com/google/api/grpc/proto-google-cloud-bigquerystorage-v1beta2/0.125.0/proto-google-cloud-bigquerystorage-v1beta2-0.125.0.pom
[INFO] Downloaded from central: https://repo.maven.apache.org/maven2/com/google/api/grpc/proto-google-cloud-bigquerystorage-v1beta2/0.125.0/proto-google-cloud-bigquerystorage-v1beta2-0.125.0.pom (6.6 kB at 169 kB/s)
[INFO] Downloading from central: https://repo.maven.apache.org/maven2/com/google/api/grpc/proto-google-cloud-bigquerystorage-v1/2.1.0/proto-google-cloud-bigquerystorage-v1-2.1.0.pom
[INFO] Downloaded from central: https://repo.maven.apache.org/maven2/com/google/api/grpc/proto-google-cloud-bigquerystorage-v1/2.1.0/proto-google-cloud-bigquerystorage-v1-2.1.0.pom (6.6 kB at 187 kB/s)
[INFO] Downloading from central: https://repo.maven.apache.org/maven2/com/google/cloud/google-cloud-bigquery/2.1.2/google-cloud-bigquery-2.1.2.pom
[INFO] Downloaded from central: https://repo.maven.apache.org/maven2/com/google/cloud/google-cloud-bigquery/2.1.2/google-cloud-bigquery-2.1.2.pom (26 kB at 870 kB/s)
[INFO] Downloading from central: https://repo.maven.apache.org/maven2/com/google/cloud/google-cloud-core-http/2.1.0/google-cloud-core-http-2.1.0.pom
[INFO] Downloaded from central: https://repo.maven.apache.org/maven2/com/google/cloud/google-cloud-core-http/2.1.0/google-cloud-core-http-2.1.0.pom (3.1 kB at 85 kB/s)
[INFO] Downloading from central: https://repo.maven.apache.org/maven2/com/google/cloud/google-cloud-core-parent/2.1.0/google-cloud-core-parent-2.1.0.pom
[INFO] Downloaded from central: https://repo.maven.apache.org/maven2/com/google/cloud/google-cloud-core-parent/2.1.0/google-cloud-core-parent-2.1.0.pom (13 kB at 365 kB/s)
[INFO] Downloading from central: https://repo.maven.apache.org/maven2/com/google/api/gax-bom/2.3.0/gax-bom-2.3.0.pom
[INFO] Downloaded from central: https://repo.maven.apache.org/maven2/com/google/api/gax-bom/2.3.0/gax-bom-2.3.0.pom (2.7 kB at 76 kB/s)
[INFO] Downloading from central: https://repo.maven.apache.org/maven2/com/google/api-client/google-api-client-bom/1.32.1/google-api-client-bom-1.32.1.pom
[INFO] Downloaded from central: https://repo.maven.apache.org/maven2/com/google/api-client/google-api-client-bom/1.32.1/google-api-client-bom-1.32.1.pom (7.0 kB at 195 kB/s)
[INFO] Downloading from central: https://repo.maven.apache.org/maven2/io/grpc/grpc-bom/1.40.0/grpc-bom-1.40.0.pom
[INFO] Downloaded from central: https://repo.maven.apache.org/maven2/io/grpc/grpc-bom/1.40.0/grpc-bom-1.40.0.pom (4.7 kB at 131 kB/s)
[INFO] Downloading from central: https://repo.maven.apache.org/maven2/com/google/guava/guava-bom/30.1.1-jre/guava-bom-30.1.1-jre.pom
[INFO] Downloaded from central: https://repo.maven.apache.org/maven2/com/google/guava/guava-bom/30.1.1-jre/guava-bom-30.1.1-jre.pom (1.7 kB at 34 kB/s)
[INFO] Downloading from central: https://repo.maven.apache.org/maven2/com/google/http-client/google-http-client-appengine/1.39.2/google-http-client-appengine-1.39.2.pom
[INFO] Downloaded from central: https://repo.maven.apache.org/maven2/com/google/http-client/google-http-client-appengine/1.39.2/google-http-client-appengine-1.39.2.pom (3.7 kB at 109 kB/s)
[INFO] Downloading from central: https://repo.maven.apache.org/maven2/com/google/apis/google-api-services-bigquery/v2-rev20210726-1.32.1/google-api-services-bigquery-v2-rev20210726-1.32.1.pom
[INFO] Downloaded from central: https://repo.maven.apache.org/maven2/com/google/apis/google-api-services-bigquery/v2-rev20210726-1.32.1/google-api-services-bigquery-v2-rev20210726-1.32.1.pom (5.3 kB at 183 kB/s)
[INFO] Downloading from central: https://repo.maven.apache.org/maven2/com/google/cloud/google-cloud-core/2.1.0/google-cloud-core-2.1.0.pom
[INFO] Downloaded from central: https://repo.maven.apache.org/maven2/com/google/cloud/google-cloud-core/2.1.0/google-cloud-core-2.1.0.pom (3.3 kB at 107 kB/s)
[INFO] Downloading from central: https://repo.maven.apache.org/maven2/com/google/api/grpc/grpc-google-cloud-bigquerystorage-v1beta1/0.125.0/grpc-google-cloud-bigquerystorage-v1beta1-0.125.0.pom
[INFO] Downloaded from central: https://repo.maven.apache.org/maven2/com/google/api/grpc/grpc-google-cloud-bigquerystorage-v1beta1/0.125.0/grpc-google-cloud-bigquerystorage-v1beta1-0.125.0.pom (11 kB at 385 kB/s)
[INFO] Downloading from central: https://repo.maven.apache.org/maven2/com/google/api/grpc/grpc-google-cloud-bigquerystorage-v1beta2/0.125.0/grpc-google-cloud-bigquerystorage-v1beta2-0.125.0.pom
[INFO] Downloaded from central: https://repo.maven.apache.org/maven2/com/google/api/grpc/grpc-google-cloud-bigquerystorage-v1beta2/0.125.0/grpc-google-cloud-bigquerystorage-v1beta2-0.125.0.pom (11 kB at 325 kB/s)
[INFO] Downloading from central: https://repo.maven.apache.org/maven2/com/google/api/grpc/grpc-google-cloud-bigquerystorage-v1/2.1.0/grpc-google-cloud-bigquerystorage-v1-2.1.0.pom
[INFO] Downloaded from central: https://repo.maven.apache.org/maven2/com/google/api/grpc/grpc-google-cloud-bigquerystorage-v1/2.1.0/grpc-google-cloud-bigquerystorage-v1-2.1.0.pom (11 kB at 297 kB/s)
[INFO] Downloading from central: https://repo.maven.apache.org/maven2/com/google/cloud/bigtable/bigtable-client-core/1.23.1/bigtable-client-core-1.23.1.pom
[INFO] Downloaded from central: https://repo.maven.apache.org/maven2/com/google/cloud/bigtable/bigtable-client-core/1.23.1/bigtable-client-core-1.23.1.pom (8.8 kB at 239 kB/s)
[INFO] Downloading from central: https://repo.maven.apache.org/maven2/com/google/cloud/bigtable/bigtable-client-core-parent/1.23.1/bigtable-client-core-parent-1.23.1.pom
[INFO] Downloaded from central: https://repo.maven.apache.org/maven2/com/google/cloud/bigtable/bigtable-client-core-parent/1.23.1/bigtable-client-core-parent-1.23.1.pom (1.6 kB at 45 kB/s)
[INFO] Downloading from central: https://repo.maven.apache.org/maven2/com/google/cloud/bigtable/bigtable-client-parent/1.23.1/bigtable-client-parent-1.23.1.pom
[INFO] Downloaded from central: https://repo.maven.apache.org/maven2/com/google/cloud/bigtable/bigtable-client-parent/1.23.1/bigtable-client-parent-1.23.1.pom (10 kB at 298 kB/s)
[INFO] Downloading from central: https://repo.maven.apache.org/maven2/com/google/cloud/google-cloud-shared-config/0.12.0/google-cloud-shared-config-0.12.0.pom
[INFO] Downloaded from central: https://repo.maven.apache.org/maven2/com/google/cloud/google-cloud-shared-config/0.12.0/google-cloud-shared-config-0.12.0.pom (28 kB at 797 kB/s)
[INFO] Downloading from central: https://repo.maven.apache.org/maven2/com/google/cloud/google-cloud-bigtable-bom/1.27.1/google-cloud-bigtable-bom-1.27.1.pom
[INFO] Downloaded from central: https://repo.maven.apache.org/maven2/com/google/cloud/google-cloud-bigtable-bom/1.27.1/google-cloud-bigtable-bom-1.27.1.pom (5.0 kB at 136 kB/s)
[INFO] Downloading from central: https://repo.maven.apache.org/maven2/com/google/cloud/google-cloud-bigtable-deps-bom/1.27.1/google-cloud-bigtable-deps-bom-1.27.1.pom
[INFO] Downloaded from central: https://repo.maven.apache.org/maven2/com/google/cloud/google-cloud-bigtable-deps-bom/1.27.1/google-cloud-bigtable-deps-bom-1.27.1.pom (3.2 kB at 87 kB/s)
[INFO] Downloading from central: https://repo.maven.apache.org/maven2/com/google/cloud/google-cloud-shared-dependencies/1.4.0/google-cloud-shared-dependencies-1.4.0.pom
[INFO] Downloaded from central: https://repo.maven.apache.org/maven2/com/google/cloud/google-cloud-shared-dependencies/1.4.0/google-cloud-shared-dependencies-1.4.0.pom (11 kB at 306 kB/s)
[INFO] Downloading from central: https://repo.maven.apache.org/maven2/com/google/api/gax-bom/1.66.0/gax-bom-1.66.0.pom
[INFO] Downloaded from central: https://repo.maven.apache.org/maven2/com/google/api/gax-bom/1.66.0/gax-bom-1.66.0.pom (2.7 kB at 81 kB/s)
[INFO] Downloading from central: https://repo.maven.apache.org/maven2/com/google/guava/guava-bom/30.1.1-android/guava-bom-30.1.1-android.pom
[INFO] Downloaded from central: https://repo.maven.apache.org/maven2/com/google/guava/guava-bom/30.1.1-android/guava-bom-30.1.1-android.pom (1.5 kB at 55 kB/s)
[INFO] Downloading from central: https://repo.maven.apache.org/maven2/com/google/cloud/google-cloud-core-bom/1.95.4/google-cloud-core-bom-1.95.4.pom
[INFO] Downloaded from central: https://repo.maven.apache.org/maven2/com/google/cloud/google-cloud-core-bom/1.95.4/google-cloud-core-bom-1.95.4.pom (3.0 kB at 99 kB/s)
[INFO] Downloading from central: https://repo.maven.apache.org/maven2/com/google/auth/google-auth-library-bom/0.26.0/google-auth-library-bom-0.26.0.pom
[INFO] Downloaded from central: https://repo.maven.apache.org/maven2/com/google/auth/google-auth-library-bom/0.26.0/google-auth-library-bom-0.26.0.pom (4.8 kB at 123 kB/s)
[INFO] Downloading from central: https://repo.maven.apache.org/maven2/com/google/cloud/google-cloud-bigtable/1.27.1/google-cloud-bigtable-1.27.1.pom
[INFO] Downloaded from central: https://repo.maven.apache.org/maven2/com/google/cloud/google-cloud-bigtable/1.27.1/google-cloud-bigtable-1.27.1.pom (34 kB at 998 kB/s)
[INFO] Downloading from central: https://repo.maven.apache.org/maven2/com/google/api/api-common/1.10.4/api-common-1.10.4.pom
[INFO] Downloaded from central: https://repo.maven.apache.org/maven2/com/google/api/api-common/1.10.4/api-common-1.10.4.pom (2.0 kB at 64 kB/s)
[INFO] Downloading from central: https://repo.maven.apache.org/maven2/com/google/api/gax-grpc/1.66.0/gax-grpc-1.66.0.pom
[INFO] Downloaded from central: https://repo.maven.apache.org/maven2/com/google/api/gax-grpc/1.66.0/gax-grpc-1.66.0.pom (3.6 kB at 116 kB/s)
[INFO] Downloading from central: https://repo.maven.apache.org/maven2/com/google/api/gax/1.66.0/gax-1.66.0.pom
[INFO] Downloaded from central: https://repo.maven.apache.org/maven2/com/google/api/gax/1.66.0/gax-1.66.0.pom (2.3 kB at 75 kB/s)
[INFO] Downloading from central: https://repo.maven.apache.org/maven2/com/google/api/grpc/grpc-google-cloud-bigtable-v2/1.27.1/grpc-google-cloud-bigtable-v2-1.27.1.pom
[INFO] Downloaded from central: https://repo.maven.apache.org/maven2/com/google/api/grpc/grpc-google-cloud-bigtable-v2/1.27.1/grpc-google-cloud-bigtable-v2-1.27.1.pom (13 kB at 378 kB/s)
[INFO] Downloading from central: https://repo.maven.apache.org/maven2/io/grpc/grpc-context/1.39.0/grpc-context-1.39.0.pom
[INFO] Downloaded from central: https://repo.maven.apache.org/maven2/io/grpc/grpc-context/1.39.0/grpc-context-1.39.0.pom (1.2 kB at 36 kB/s)
[INFO] Downloading from central: https://repo.maven.apache.org/maven2/io/grpc/grpc-protobuf-lite/1.39.0/grpc-protobuf-lite-1.39.0.pom
[INFO] Downloaded from central: https://repo.maven.apache.org/maven2/io/grpc/grpc-protobuf-lite/1.39.0/grpc-protobuf-lite-1.39.0.pom (2.0 kB at 57 kB/s)
[INFO] Downloading from central: https://repo.maven.apache.org/maven2/com/google/api/grpc/proto-google-cloud-bigtable-v2/1.27.1/proto-google-cloud-bigtable-v2-1.27.1.pom
[INFO] Downloaded from central: https://repo.maven.apache.org/maven2/com/google/api/grpc/proto-google-cloud-bigtable-v2/1.27.1/proto-google-cloud-bigtable-v2-1.27.1.pom (8.7 kB at 281 kB/s)
[INFO] Downloading from central: https://repo.maven.apache.org/maven2/com/google/api/grpc/proto-google-cloud-bigtable-admin-v2/1.27.1/proto-google-cloud-bigtable-admin-v2-1.27.1.pom
[INFO] Downloaded from central: https://repo.maven.apache.org/maven2/com/google/api/grpc/proto-google-cloud-bigtable-admin-v2/1.27.1/proto-google-cloud-bigtable-admin-v2-1.27.1.pom (9.3 kB at 266 kB/s)
[INFO] Downloading from central: https://repo.maven.apache.org/maven2/com/google/auth/google-auth-library-credentials/0.26.0/google-auth-library-credentials-0.26.0.pom
[INFO] Downloaded from central: https://repo.maven.apache.org/maven2/com/google/auth/google-auth-library-credentials/0.26.0/google-auth-library-credentials-0.26.0.pom (2.0 kB at 63 kB/s)
[INFO] Downloading from central: https://repo.maven.apache.org/maven2/com/google/auth/google-auth-library-parent/0.26.0/google-auth-library-parent-0.26.0.pom
[INFO] Downloaded from central: https://repo.maven.apache.org/maven2/com/google/auth/google-auth-library-parent/0.26.0/google-auth-library-parent-0.26.0.pom (20 kB at 664 kB/s)
[INFO] Downloading from central: https://repo.maven.apache.org/maven2/com/google/auth/google-auth-library-oauth2-http/0.26.0/google-auth-library-oauth2-http-0.26.0.pom
[INFO] Downloaded from central: https://repo.maven.apache.org/maven2/com/google/auth/google-auth-library-oauth2-http/0.26.0/google-auth-library-oauth2-http-0.26.0.pom (5.1 kB at 130 kB/s)
[INFO] Downloading from central: https://repo.maven.apache.org/maven2/com/google/cloud/google-cloud-core/1.95.4/google-cloud-core-1.95.4.pom
[INFO] Downloaded from central: https://repo.maven.apache.org/maven2/com/google/cloud/google-cloud-core/1.95.4/google-cloud-core-1.95.4.pom (3.3 kB at 100 kB/s)
[INFO] Downloading from central: https://repo.maven.apache.org/maven2/com/google/cloud/google-cloud-core-parent/1.95.4/google-cloud-core-parent-1.95.4.pom
[INFO] Downloaded from central: https://repo.maven.apache.org/maven2/com/google/cloud/google-cloud-core-parent/1.95.4/google-cloud-core-parent-1.95.4.pom (13 kB at 352 kB/s)
[INFO] Downloading from central: https://repo.maven.apache.org/maven2/com/google/api/gax-bom/1.65.1/gax-bom-1.65.1.pom
[INFO] Downloaded from central: https://repo.maven.apache.org/maven2/com/google/api/gax-bom/1.65.1/gax-bom-1.65.1.pom (2.7 kB at 67 kB/s)
[INFO] Downloading from central: https://repo.maven.apache.org/maven2/io/grpc/grpc-bom/1.38.1/grpc-bom-1.38.1.pom
[INFO] Downloaded from central: https://repo.maven.apache.org/maven2/io/grpc/grpc-bom/1.38.1/grpc-bom-1.38.1.pom (4.7 kB at 163 kB/s)
[INFO] Downloading from central: https://repo.maven.apache.org/maven2/io/grpc/grpc-alts/1.39.0/grpc-alts-1.39.0.pom
[INFO] Downloaded from central: https://repo.maven.apache.org/maven2/io/grpc/grpc-alts/1.39.0/grpc-alts-1.39.0.pom (2.9 kB at 98 kB/s)
[INFO] Downloading from central: https://repo.maven.apache.org/maven2/io/grpc/grpc-stub/1.39.0/grpc-stub-1.39.0.pom
[INFO] Downloaded from central: https://repo.maven.apache.org/maven2/io/grpc/grpc-stub/1.39.0/grpc-stub-1.39.0.pom (1.6 kB at 50 kB/s)
[INFO] Downloading from central: https://repo.maven.apache.org/maven2/io/grpc/grpc-api/1.39.0/grpc-api-1.39.0.pom
[INFO] Downloaded from central: https://repo.maven.apache.org/maven2/io/grpc/grpc-api/1.39.0/grpc-api-1.39.0.pom (2.0 kB at 58 kB/s)
[INFO] Downloading from central: https://repo.maven.apache.org/maven2/io/grpc/grpc-auth/1.39.0/grpc-auth-1.39.0.pom
[INFO] Downloaded from central: https://repo.maven.apache.org/maven2/io/grpc/grpc-auth/1.39.0/grpc-auth-1.39.0.pom (1.8 kB at 33 kB/s)
[INFO] Downloading from central: https://repo.maven.apache.org/maven2/io/grpc/grpc-netty-shaded/1.39.0/grpc-netty-shaded-1.39.0.pom
[INFO] Downloaded from central: https://repo.maven.apache.org/maven2/io/grpc/grpc-netty-shaded/1.39.0/grpc-netty-shaded-1.39.0.pom (2.0 kB at 64 kB/s)
[INFO] Downloading from central: https://repo.maven.apache.org/maven2/io/grpc/grpc-protobuf/1.39.0/grpc-protobuf-1.39.0.pom
[INFO] Downloaded from central: https://repo.maven.apache.org/maven2/io/grpc/grpc-protobuf/1.39.0/grpc-protobuf-1.39.0.pom (2.7 kB at 71 kB/s)
[INFO] Downloading from central: https://repo.maven.apache.org/maven2/com/google/protobuf/protobuf-java/3.17.2/protobuf-java-3.17.2.pom
[INFO] Downloaded from central: https://repo.maven.apache.org/maven2/com/google/protobuf/protobuf-java/3.17.2/protobuf-java-3.17.2.pom (5.6 kB at 155 kB/s)
[INFO] Downloading from central: https://repo.maven.apache.org/maven2/com/google/protobuf/protobuf-parent/3.17.2/protobuf-parent-3.17.2.pom
[INFO] Downloaded from central: https://repo.maven.apache.org/maven2/com/google/protobuf/protobuf-parent/3.17.2/protobuf-parent-3.17.2.pom (8.2 kB at 227 kB/s)
[INFO] Downloading from central: https://repo.maven.apache.org/maven2/com/google/api/grpc/grpc-google-common-protos/2.3.2/grpc-google-common-protos-2.3.2.pom
[INFO] Downloaded from central: https://repo.maven.apache.org/maven2/com/google/api/grpc/grpc-google-common-protos/2.3.2/grpc-google-common-protos-2.3.2.pom (10 kB at 272 kB/s)
[INFO] Downloading from central: https://repo.maven.apache.org/maven2/io/grpc/grpc-api/1.38.0/grpc-api-1.38.0.pom
[INFO] Downloaded from central: https://repo.maven.apache.org/maven2/io/grpc/grpc-api/1.38.0/grpc-api-1.38.0.pom (2.6 kB at 88 kB/s)
[INFO] Downloading from central: https://repo.maven.apache.org/maven2/io/grpc/grpc-context/1.38.0/grpc-context-1.38.0.pom
[INFO] Downloaded from central: https://repo.maven.apache.org/maven2/io/grpc/grpc-context/1.38.0/grpc-context-1.38.0.pom (1.2 kB at 34 kB/s)
[INFO] Downloading from central: https://repo.maven.apache.org/maven2/io/grpc/grpc-stub/1.38.0/grpc-stub-1.38.0.pom
[INFO] Downloaded from central: https://repo.maven.apache.org/maven2/io/grpc/grpc-stub/1.38.0/grpc-stub-1.38.0.pom (2.6 kB at 71 kB/s)
[INFO] Downloading from central: https://repo.maven.apache.org/maven2/io/grpc/grpc-protobuf/1.38.0/grpc-protobuf-1.38.0.pom
[INFO] Downloaded from central: https://repo.maven.apache.org/maven2/io/grpc/grpc-protobuf/1.38.0/grpc-protobuf-1.38.0.pom (3.7 kB at 120 kB/s)
[INFO] Downloading from central: https://repo.maven.apache.org/maven2/io/grpc/grpc-protobuf-lite/1.38.0/grpc-protobuf-lite-1.38.0.pom
[INFO] Downloaded from central: https://repo.maven.apache.org/maven2/io/grpc/grpc-protobuf-lite/1.38.0/grpc-protobuf-lite-1.38.0.pom (2.9 kB at 89 kB/s)
[INFO] Downloading from central: https://repo.maven.apache.org/maven2/com/google/api/grpc/grpc-google-cloud-bigtable-admin-v2/1.27.1/grpc-google-cloud-bigtable-admin-v2-1.27.1.pom
[INFO] Downloaded from central: https://repo.maven.apache.org/maven2/com/google/api/grpc/grpc-google-cloud-bigtable-admin-v2/1.27.1/grpc-google-cloud-bigtable-admin-v2-1.27.1.pom (14 kB at 425 kB/s)
[INFO] Downloading from central: https://repo.maven.apache.org/maven2/com/google/protobuf/protobuf-java/3.16.0/protobuf-java-3.16.0.pom
[INFO] Downloaded from central: https://repo.maven.apache.org/maven2/com/google/protobuf/protobuf-java/3.16.0/protobuf-java-3.16.0.pom (5.6 kB at 174 kB/s)
[INFO] Downloading from central: https://repo.maven.apache.org/maven2/com/google/protobuf/protobuf-parent/3.16.0/protobuf-parent-3.16.0.pom
[INFO] Downloaded from central: https://repo.maven.apache.org/maven2/com/google/protobuf/protobuf-parent/3.16.0/protobuf-parent-3.16.0.pom (7.7 kB at 226 kB/s)
[INFO] Downloading from central: https://repo.maven.apache.org/maven2/com/google/protobuf/protobuf-bom/3.16.0/protobuf-bom-3.16.0.pom
[INFO] Downloaded from central: https://repo.maven.apache.org/maven2/com/google/protobuf/protobuf-bom/3.16.0/protobuf-bom-3.16.0.pom (3.5 kB at 98 kB/s)
[INFO] Downloading from central: https://repo.maven.apache.org/maven2/com/google/api/grpc/proto-google-common-protos/2.1.0/proto-google-common-protos-2.1.0.pom
[INFO] Downloaded from central: https://repo.maven.apache.org/maven2/com/google/api/grpc/proto-google-common-protos/2.1.0/proto-google-common-protos-2.1.0.pom (2.2 kB at 64 kB/s)
[INFO] Downloading from central: https://repo.maven.apache.org/maven2/com/google/auth/google-auth-library-oauth2-http/0.24.0/google-auth-library-oauth2-http-0.24.0.pom
[INFO] Downloaded from central: https://repo.maven.apache.org/maven2/com/google/auth/google-auth-library-oauth2-http/0.24.0/google-auth-library-oauth2-http-0.24.0.pom (3.2 kB at 78 kB/s)
[INFO] Downloading from central: https://repo.maven.apache.org/maven2/com/google/auth/google-auth-library-parent/0.24.0/google-auth-library-parent-0.24.0.pom
[INFO] Downloaded from central: https://repo.maven.apache.org/maven2/com/google/auth/google-auth-library-parent/0.24.0/google-auth-library-parent-0.24.0.pom (18 kB at 444 kB/s)
[INFO] Downloading from central: https://repo.maven.apache.org/maven2/com/google/http-client/google-http-client-bom/1.38.1/google-http-client-bom-1.38.1.pom
[INFO] Downloaded from central: https://repo.maven.apache.org/maven2/com/google/http-client/google-http-client-bom/1.38.1/google-http-client-bom-1.38.1.pom (7.1 kB at 118 kB/s)
[INFO] Downloading from central: https://repo.maven.apache.org/maven2/com/google/auth/google-auth-library-credentials/0.24.0/google-auth-library-credentials-0.24.0.pom
[INFO] Downloaded from central: https://repo.maven.apache.org/maven2/com/google/auth/google-auth-library-credentials/0.24.0/google-auth-library-credentials-0.24.0.pom (2.0 kB at 58 kB/s)
[INFO] Downloading from central: https://repo.maven.apache.org/maven2/com/google/http-client/google-http-client/1.38.1/google-http-client-1.38.1.pom
[INFO] Downloaded from central: https://repo.maven.apache.org/maven2/com/google/http-client/google-http-client/1.38.1/google-http-client-1.38.1.pom (5.9 kB at 159 kB/s)
[INFO] Downloading from central: https://repo.maven.apache.org/maven2/com/google/http-client/google-http-client-parent/1.38.1/google-http-client-parent-1.38.1.pom
[INFO] Downloaded from central: https://repo.maven.apache.org/maven2/com/google/http-client/google-http-client-parent/1.38.1/google-http-client-parent-1.38.1.pom (25 kB at 643 kB/s)
[INFO] Downloading from central: https://repo.maven.apache.org/maven2/com/google/http-client/google-http-client-gson/1.38.1/google-http-client-gson-1.38.1.pom
[INFO] Downloaded from central: https://repo.maven.apache.org/maven2/com/google/http-client/google-http-client-gson/1.38.1/google-http-client-gson-1.38.1.pom (3.1 kB at 88 kB/s)
[INFO] Downloading from central: https://repo.maven.apache.org/maven2/com/google/api/api-common/1.10.1/api-common-1.10.1.pom
[INFO] Downloaded from central: https://repo.maven.apache.org/maven2/com/google/api/api-common/1.10.1/api-common-1.10.1.pom (2.0 kB at 64 kB/s)
[INFO] Downloading from central: https://repo.maven.apache.org/maven2/com/google/api/gax/1.65.1/gax-1.65.1.pom
[INFO] Downloaded from central: https://repo.maven.apache.org/maven2/com/google/api/gax/1.65.1/gax-1.65.1.pom (2.3 kB at 63 kB/s)
[INFO] Downloading from central: https://repo.maven.apache.org/maven2/com/google/cloud/google-cloud-core-http/1.95.4/google-cloud-core-http-1.95.4.pom
[INFO] Downloaded from central: https://repo.maven.apache.org/maven2/com/google/cloud/google-cloud-core-http/1.95.4/google-cloud-core-http-1.95.4.pom (3.1 kB at 63 kB/s)
[INFO] Downloading from central: https://repo.maven.apache.org/maven2/com/google/api/gax-httpjson/0.82.1/gax-httpjson-0.82.1.pom
[INFO] Downloaded from central: https://repo.maven.apache.org/maven2/com/google/api/gax-httpjson/0.82.1/gax-httpjson-0.82.1.pom (3.5 kB at 94 kB/s)
[INFO] Downloading from central: https://repo.maven.apache.org/maven2/com/google/cloud/bigtable/bigtable-metrics-api/1.23.1/bigtable-metrics-api-1.23.1.pom
[INFO] Downloaded from central: https://repo.maven.apache.org/maven2/com/google/cloud/bigtable/bigtable-metrics-api/1.23.1/bigtable-metrics-api-1.23.1.pom (1.6 kB at 33 kB/s)
[INFO] Downloading from central: https://repo.maven.apache.org/maven2/io/opencensus/opencensus-contrib-grpc-util/0.28.0/opencensus-contrib-grpc-util-0.28.0.pom
[INFO] Downloaded from central: https://repo.maven.apache.org/maven2/io/opencensus/opencensus-contrib-grpc-util/0.28.0/opencensus-contrib-grpc-util-0.28.0.pom (2.9 kB at 69 kB/s)
[INFO] Downloading from central: https://repo.maven.apache.org/maven2/com/google/cloud/google-cloud-core-grpc/2.1.0/google-cloud-core-grpc-2.1.0.pom
[INFO] Downloaded from central: https://repo.maven.apache.org/maven2/com/google/cloud/google-cloud-core-grpc/2.1.0/google-cloud-core-grpc-2.1.0.pom (2.3 kB at 54 kB/s)
[INFO] Downloading from central: https://repo.maven.apache.org/maven2/com/google/cloud/datastore/datastore-v1-proto-client/1.6.3/datastore-v1-proto-client-1.6.3.pom
[INFO] Downloaded from central: https://repo.maven.apache.org/maven2/com/google/cloud/datastore/datastore-v1-proto-client/1.6.3/datastore-v1-proto-client-1.6.3.pom (3.2 kB at 76 kB/s)
[INFO] Downloading from central: https://repo.maven.apache.org/maven2/com/google/cloud/datastore/datastore-v1-proto-client-parent/1.6.3/datastore-v1-proto-client-parent-1.6.3.pom
[INFO] Downloaded from central: https://repo.maven.apache.org/maven2/com/google/cloud/datastore/datastore-v1-proto-client-parent/1.6.3/datastore-v1-proto-client-parent-1.6.3.pom (6.6 kB at 199 kB/s)
[INFO] Downloading from central: https://repo.maven.apache.org/maven2/com/google/http-client/google-http-client-bom/1.33.0/google-http-client-bom-1.33.0.pom
[INFO] Downloaded from central: https://repo.maven.apache.org/maven2/com/google/http-client/google-http-client-bom/1.33.0/google-http-client-bom-1.33.0.pom (6.6 kB at 193 kB/s)
[INFO] Downloading from central: https://repo.maven.apache.org/maven2/com/google/api/grpc/proto-google-cloud-datastore-v1/0.1.27/proto-google-cloud-datastore-v1-0.1.27.pom
[INFO] Downloaded from central: https://repo.maven.apache.org/maven2/com/google/api/grpc/proto-google-cloud-datastore-v1/0.1.27/proto-google-cloud-datastore-v1-0.1.27.pom (3.0 kB at 70 kB/s)
[INFO] Downloading from central: https://repo.maven.apache.org/maven2/com/google/api/grpc/proto-google-common-protos/1.0.3/proto-google-common-protos-1.0.3.pom
[INFO] Downloaded from central: https://repo.maven.apache.org/maven2/com/google/api/grpc/proto-google-common-protos/1.0.3/proto-google-common-protos-1.0.3.pom (2.6 kB at 73 kB/s)
[INFO] Downloading from central: https://repo.maven.apache.org/maven2/com/google/api/api-common/1.2.0/api-common-1.2.0.pom
[INFO] Downloaded from central: https://repo.maven.apache.org/maven2/com/google/api/api-common/1.2.0/api-common-1.2.0.pom (2.3 kB at 66 kB/s)
[INFO] Downloading from central: https://repo.maven.apache.org/maven2/com/google/http-client/google-http-client/1.33.0/google-http-client-1.33.0.pom
[INFO] Downloaded from central: https://repo.maven.apache.org/maven2/com/google/http-client/google-http-client/1.33.0/google-http-client-1.33.0.pom (5.4 kB at 149 kB/s)
[INFO] Downloading from central: https://repo.maven.apache.org/maven2/com/google/http-client/google-http-client-parent/1.33.0/google-http-client-parent-1.33.0.pom
[INFO] Downloaded from central: https://repo.maven.apache.org/maven2/com/google/http-client/google-http-client-parent/1.33.0/google-http-client-parent-1.33.0.pom (24 kB at 676 kB/s)
[INFO] Downloading from central: https://repo.maven.apache.org/maven2/com/google/http-client/google-http-client-protobuf/1.33.0/google-http-client-protobuf-1.33.0.pom
[INFO] Downloaded from central: https://repo.maven.apache.org/maven2/com/google/http-client/google-http-client-protobuf/1.33.0/google-http-client-protobuf-1.33.0.pom (3.0 kB at 64 kB/s)
[INFO] Downloading from central: https://repo.maven.apache.org/maven2/com/google/protobuf/protobuf-java/3.10.0/protobuf-java-3.10.0.pom
[INFO] Downloaded from central: https://repo.maven.apache.org/maven2/com/google/protobuf/protobuf-java/3.10.0/protobuf-java-3.10.0.pom (5.4 kB at 187 kB/s)
[INFO] Downloading from central: https://repo.maven.apache.org/maven2/com/google/protobuf/protobuf-parent/3.10.0/protobuf-parent-3.10.0.pom
[INFO] Downloaded from central: https://repo.maven.apache.org/maven2/com/google/protobuf/protobuf-parent/3.10.0/protobuf-parent-3.10.0.pom (7.7 kB at 213 kB/s)
[INFO] Downloading from central: https://repo.maven.apache.org/maven2/com/google/protobuf/protobuf-bom/3.10.0/protobuf-bom-3.10.0.pom
[INFO] Downloaded from central: https://repo.maven.apache.org/maven2/com/google/protobuf/protobuf-bom/3.10.0/protobuf-bom-3.10.0.pom (3.6 kB at 115 kB/s)
[INFO] Downloading from central: https://repo.maven.apache.org/maven2/com/google/http-client/google-http-client-jackson2/1.33.0/google-http-client-jackson2-1.33.0.pom
[INFO] Downloaded from central: https://repo.maven.apache.org/maven2/com/google/http-client/google-http-client-jackson2/1.33.0/google-http-client-jackson2-1.33.0.pom (3.1 kB at 101 kB/s)
[INFO] Downloading from central: https://repo.maven.apache.org/maven2/com/google/oauth-client/google-oauth-client/1.30.4/google-oauth-client-1.30.4.pom
[INFO] Downloaded from central: https://repo.maven.apache.org/maven2/com/google/oauth-client/google-oauth-client/1.30.4/google-oauth-client-1.30.4.pom (3.6 kB at 112 kB/s)
[INFO] Downloading from central: https://repo.maven.apache.org/maven2/com/google/oauth-client/google-oauth-client-parent/1.30.4/google-oauth-client-parent-1.30.4.pom
[INFO] Downloaded from central: https://repo.maven.apache.org/maven2/com/google/oauth-client/google-oauth-client-parent/1.30.4/google-oauth-client-parent-1.30.4.pom (19 kB at 465 kB/s)
[INFO] Downloading from central: https://repo.maven.apache.org/maven2/com/google/api-client/google-api-client/1.30.5/google-api-client-1.30.5.pom
[INFO] Downloaded from central: https://repo.maven.apache.org/maven2/com/google/api-client/google-api-client/1.30.5/google-api-client-1.30.5.pom (5.0 kB at 160 kB/s)
[INFO] Downloading from central: https://repo.maven.apache.org/maven2/com/google/api-client/google-api-client-parent/1.30.5/google-api-client-parent-1.30.5.pom
[INFO] Downloaded from central: https://repo.maven.apache.org/maven2/com/google/api-client/google-api-client-parent/1.30.5/google-api-client-parent-1.30.5.pom (20 kB at 679 kB/s)
[INFO] Downloading from central: https://repo.maven.apache.org/maven2/com/google/oauth-client/google-oauth-client-bom/1.30.4/google-oauth-client-bom-1.30.4.pom
[INFO] Downloaded from central: https://repo.maven.apache.org/maven2/com/google/oauth-client/google-oauth-client-bom/1.30.4/google-oauth-client-bom-1.30.4.pom (5.4 kB at 164 kB/s)
[INFO] Downloading from central: https://repo.maven.apache.org/maven2/com/google/cloud/google-cloud-firestore/3.0.2/google-cloud-firestore-3.0.2.pom
[INFO] Downloaded from central: https://repo.maven.apache.org/maven2/com/google/cloud/google-cloud-firestore/3.0.2/google-cloud-firestore-3.0.2.pom (35 kB at 1.2 MB/s)
[INFO] Downloading from central: https://repo.maven.apache.org/maven2/com/google/api/grpc/proto-google-cloud-firestore-v1/3.0.2/proto-google-cloud-firestore-v1-3.0.2.pom
[INFO] Downloaded from central: https://repo.maven.apache.org/maven2/com/google/api/grpc/proto-google-cloud-firestore-v1/3.0.2/proto-google-cloud-firestore-v1-3.0.2.pom (9.2 kB at 286 kB/s)
[INFO] Downloading from central: https://repo.maven.apache.org/maven2/com/google/cloud/proto-google-cloud-firestore-bundle-v1/3.0.2/proto-google-cloud-firestore-bundle-v1-3.0.2.pom
[INFO] Downloaded from central: https://repo.maven.apache.org/maven2/com/google/cloud/proto-google-cloud-firestore-bundle-v1/3.0.2/proto-google-cloud-firestore-bundle-v1-3.0.2.pom (10 kB at 295 kB/s)
[INFO] Downloading from central: https://repo.maven.apache.org/maven2/com/google/cloud/google-cloud-pubsublite/1.2.0/google-cloud-pubsublite-1.2.0.pom
[INFO] Downloaded from central: https://repo.maven.apache.org/maven2/com/google/cloud/google-cloud-pubsublite/1.2.0/google-cloud-pubsublite-1.2.0.pom (38 kB at 959 kB/s)
[INFO] Downloading from central: https://repo.maven.apache.org/maven2/io/grpc/grpc-api/1.40.1/grpc-api-1.40.1.pom
[INFO] Downloaded from central: https://repo.maven.apache.org/maven2/io/grpc/grpc-api/1.40.1/grpc-api-1.40.1.pom (2.0 kB at 68 kB/s)
[INFO] Downloading from central: https://repo.maven.apache.org/maven2/io/grpc/grpc-context/1.40.1/grpc-context-1.40.1.pom
[INFO] Downloaded from central: https://repo.maven.apache.org/maven2/io/grpc/grpc-context/1.40.1/grpc-context-1.40.1.pom (1.2 kB at 39 kB/s)
[INFO] Downloading from central: https://repo.maven.apache.org/maven2/io/grpc/grpc-stub/1.40.1/grpc-stub-1.40.1.pom
[INFO] Downloaded from central: https://repo.maven.apache.org/maven2/io/grpc/grpc-stub/1.40.1/grpc-stub-1.40.1.pom (1.6 kB at 47 kB/s)
[INFO] Downloading from central: https://repo.maven.apache.org/maven2/com/google/api/gax/2.4.1/gax-2.4.1.pom
[INFO] Downloaded from central: https://repo.maven.apache.org/maven2/com/google/api/gax/2.4.1/gax-2.4.1.pom (2.3 kB at 70 kB/s)
[INFO] Downloading from central: https://repo.maven.apache.org/maven2/com/google/cloud/google-cloud-pubsub/1.113.5/google-cloud-pubsub-1.113.5.pom
[INFO] Downloaded from central: https://repo.maven.apache.org/maven2/com/google/cloud/google-cloud-pubsub/1.113.5/google-cloud-pubsub-1.113.5.pom (28 kB at 794 kB/s)
[INFO] Downloading from central: https://repo.maven.apache.org/maven2/io/grpc/grpc-protobuf-lite/1.40.1/grpc-protobuf-lite-1.40.1.pom
[INFO] Downloaded from central: https://repo.maven.apache.org/maven2/io/grpc/grpc-protobuf-lite/1.40.1/grpc-protobuf-lite-1.40.1.pom (2.0 kB at 62 kB/s)
[INFO] Downloading from central: https://repo.maven.apache.org/maven2/com/google/api/grpc/proto-google-iam-v1/1.1.0/proto-google-iam-v1-1.1.0.pom
[INFO] Downloaded from central: https://repo.maven.apache.org/maven2/com/google/api/grpc/proto-google-iam-v1/1.1.0/proto-google-iam-v1-1.1.0.pom (2.5 kB at 68 kB/s)
[INFO] Downloading from central: https://repo.maven.apache.org/maven2/com/google/http-client/google-http-client-gson/1.40.0/google-http-client-gson-1.40.0.pom
[INFO] Downloaded from central: https://repo.maven.apache.org/maven2/com/google/http-client/google-http-client-gson/1.40.0/google-http-client-gson-1.40.0.pom (2.9 kB at 76 kB/s)
[INFO] Downloading from central: https://repo.maven.apache.org/maven2/com/google/http-client/google-http-client-parent/1.40.0/google-http-client-parent-1.40.0.pom
[INFO] Downloaded from central: https://repo.maven.apache.org/maven2/com/google/http-client/google-http-client-parent/1.40.0/google-http-client-parent-1.40.0.pom (26 kB at 852 kB/s)
[INFO] Downloading from central: https://repo.maven.apache.org/maven2/io/grpc/grpc-auth/1.40.1/grpc-auth-1.40.1.pom
[INFO] Downloaded from central: https://repo.maven.apache.org/maven2/io/grpc/grpc-auth/1.40.1/grpc-auth-1.40.1.pom (1.8 kB at 36 kB/s)
[INFO] Downloading from central: https://repo.maven.apache.org/maven2/io/grpc/grpc-netty-shaded/1.40.1/grpc-netty-shaded-1.40.1.pom
[INFO] Downloaded from central: https://repo.maven.apache.org/maven2/io/grpc/grpc-netty-shaded/1.40.1/grpc-netty-shaded-1.40.1.pom (2.0 kB at 62 kB/s)
[INFO] Downloading from central: https://repo.maven.apache.org/maven2/io/grpc/grpc-alts/1.40.1/grpc-alts-1.40.1.pom
[INFO] Downloaded from central: https://repo.maven.apache.org/maven2/io/grpc/grpc-alts/1.40.1/grpc-alts-1.40.1.pom (2.9 kB at 86 kB/s)
[INFO] Downloading from central: https://repo.maven.apache.org/maven2/io/grpc/grpc-grpclb/1.40.1/grpc-grpclb-1.40.1.pom
[INFO] Downloaded from central: https://repo.maven.apache.org/maven2/io/grpc/grpc-grpclb/1.40.1/grpc-grpclb-1.40.1.pom (2.5 kB at 79 kB/s)
[INFO] Downloading from central: https://repo.maven.apache.org/maven2/io/grpc/grpc-core/1.40.1/grpc-core-1.40.1.pom
[INFO] Downloaded from central: https://repo.maven.apache.org/maven2/io/grpc/grpc-core/1.40.1/grpc-core-1.40.1.pom (2.5 kB at 87 kB/s)
[INFO] Downloading from central: https://repo.maven.apache.org/maven2/com/google/http-client/google-http-client/1.40.0/google-http-client-1.40.0.pom
[INFO] Downloaded from central: https://repo.maven.apache.org/maven2/com/google/http-client/google-http-client/1.40.0/google-http-client-1.40.0.pom (6.1 kB at 210 kB/s)
[INFO] Downloading from central: https://repo.maven.apache.org/maven2/com/google/api/grpc/proto-google-cloud-pubsub-v1/1.95.5/proto-google-cloud-pubsub-v1-1.95.5.pom
[INFO] Downloaded from central: https://repo.maven.apache.org/maven2/com/google/api/grpc/proto-google-cloud-pubsub-v1/1.95.5/proto-google-cloud-pubsub-v1-1.95.5.pom (6.5 kB at 190 kB/s)
[INFO] Downloading from central: https://repo.maven.apache.org/maven2/com/google/api/grpc/proto-google-cloud-pubsublite-v1/1.2.0/proto-google-cloud-pubsublite-v1-1.2.0.pom
[INFO] Downloaded from central: https://repo.maven.apache.org/maven2/com/google/api/grpc/proto-google-cloud-pubsublite-v1/1.2.0/proto-google-cloud-pubsublite-v1-1.2.0.pom (6.6 kB at 165 kB/s)
[INFO] Downloading from central: https://repo.maven.apache.org/maven2/org/checkerframework/checker-qual/3.18.0/checker-qual-3.18.0.pom
[INFO] Downloaded from central: https://repo.maven.apache.org/maven2/org/checkerframework/checker-qual/3.18.0/checker-qual-3.18.0.pom (2.1 kB at 54 kB/s)
[INFO] Downloading from central: https://repo.maven.apache.org/maven2/com/google/api/grpc/grpc-google-cloud-pubsublite-v1/1.2.0/grpc-google-cloud-pubsublite-v1-1.2.0.pom
[INFO] Downloaded from central: https://repo.maven.apache.org/maven2/com/google/api/grpc/grpc-google-cloud-pubsublite-v1/1.2.0/grpc-google-cloud-pubsublite-v1-1.2.0.pom (11 kB at 298 kB/s)
[INFO] Downloading from central: https://repo.maven.apache.org/maven2/com/google/api/api-common/2.0.2/api-common-2.0.2.pom
[INFO] Downloaded from central: https://repo.maven.apache.org/maven2/com/google/api/api-common/2.0.2/api-common-2.0.2.pom (2.0 kB at 62 kB/s)
[INFO] Downloading from central: https://repo.maven.apache.org/maven2/com/google/flogger/google-extensions/0.6/google-extensions-0.6.pom
[INFO] Downloaded from central: https://repo.maven.apache.org/maven2/com/google/flogger/google-extensions/0.6/google-extensions-0.6.pom (2.2 kB at 83 kB/s)
[INFO] Downloading from central: https://repo.maven.apache.org/maven2/com/google/api/grpc/proto-google-common-protos/2.5.0/proto-google-common-protos-2.5.0.pom
[INFO] Downloaded from central: https://repo.maven.apache.org/maven2/com/google/api/grpc/proto-google-common-protos/2.5.0/proto-google-common-protos-2.5.0.pom (2.2 kB at 77 kB/s)
[INFO] Downloading from central: https://repo.maven.apache.org/maven2/com/google/api/gax-grpc/2.4.1/gax-grpc-2.4.1.pom
[INFO] Downloaded from central: https://repo.maven.apache.org/maven2/com/google/api/gax-grpc/2.4.1/gax-grpc-2.4.1.pom (3.6 kB at 128 kB/s)
[INFO] Downloading from central: https://repo.maven.apache.org/maven2/io/grpc/grpc-protobuf/1.40.1/grpc-protobuf-1.40.1.pom
[INFO] Downloaded from central: https://repo.maven.apache.org/maven2/io/grpc/grpc-protobuf/1.40.1/grpc-protobuf-1.40.1.pom (2.7 kB at 87 kB/s)
[INFO] Downloading from central: https://repo.maven.apache.org/maven2/com/google/cloud/google-cloud-pubsub/1.114.2/google-cloud-pubsub-1.114.2.pom
[INFO] Downloaded from central: https://repo.maven.apache.org/maven2/com/google/cloud/google-cloud-pubsub/1.114.2/google-cloud-pubsub-1.114.2.pom (28 kB at 731 kB/s)
[INFO] Downloading from central: https://repo.maven.apache.org/maven2/com/google/api/grpc/proto-google-cloud-pubsub-v1/1.96.2/proto-google-cloud-pubsub-v1-1.96.2.pom
[INFO] Downloaded from central: https://repo.maven.apache.org/maven2/com/google/api/grpc/proto-google-cloud-pubsub-v1/1.96.2/proto-google-cloud-pubsub-v1-1.96.2.pom (6.4 kB at 184 kB/s)
[INFO] Downloading from central: https://repo.maven.apache.org/maven2/com/google/cloud/google-cloud-spanner/6.12.1/google-cloud-spanner-6.12.1.pom
[INFO] Downloaded from central: https://repo.maven.apache.org/maven2/com/google/cloud/google-cloud-spanner/6.12.1/google-cloud-spanner-6.12.1.pom (42 kB at 1.2 MB/s)
[INFO] Downloading from central: https://repo.maven.apache.org/maven2/com/google/cloud/grpc-gcp/1.1.0/grpc-gcp-1.1.0.pom
[INFO] Downloaded from central: https://repo.maven.apache.org/maven2/com/google/cloud/grpc-gcp/1.1.0/grpc-gcp-1.1.0.pom (2.4 kB at 76 kB/s)
[INFO] Downloading from central: https://repo.maven.apache.org/maven2/com/google/api/grpc/proto-google-cloud-spanner-admin-instance-v1/6.12.1/proto-google-cloud-spanner-admin-instance-v1-6.12.1.pom
[INFO] Downloaded from central: https://repo.maven.apache.org/maven2/com/google/api/grpc/proto-google-cloud-spanner-admin-instance-v1/6.12.1/proto-google-cloud-spanner-admin-instance-v1-6.12.1.pom (7.1 kB at 209 kB/s)
[INFO] Downloading from central: https://repo.maven.apache.org/maven2/com/google/api/grpc/proto-google-cloud-spanner-v1/6.12.1/proto-google-cloud-spanner-v1-6.12.1.pom
[INFO] Downloaded from central: https://repo.maven.apache.org/maven2/com/google/api/grpc/proto-google-cloud-spanner-v1/6.12.1/proto-google-cloud-spanner-v1-6.12.1.pom (6.5 kB at 208 kB/s)
[INFO] Downloading from central: https://repo.maven.apache.org/maven2/com/google/api/grpc/proto-google-cloud-spanner-admin-database-v1/6.12.1/proto-google-cloud-spanner-admin-database-v1-6.12.1.pom
[INFO] Downloaded from central: https://repo.maven.apache.org/maven2/com/google/api/grpc/proto-google-cloud-spanner-admin-database-v1/6.12.1/proto-google-cloud-spanner-admin-database-v1-6.12.1.pom (7.1 kB at 166 kB/s)
[INFO] Downloading from central: https://repo.maven.apache.org/maven2/com/google/api/grpc/grpc-google-cloud-spanner-admin-instance-v1/6.12.1/grpc-google-cloud-spanner-admin-instance-v1-6.12.1.pom
[INFO] Downloaded from central: https://repo.maven.apache.org/maven2/com/google/api/grpc/grpc-google-cloud-spanner-admin-instance-v1/6.12.1/grpc-google-cloud-spanner-admin-instance-v1-6.12.1.pom (12 kB at 370 kB/s)
[INFO] Downloading from central: https://repo.maven.apache.org/maven2/com/google/api/grpc/grpc-google-cloud-spanner-v1/6.12.1/grpc-google-cloud-spanner-v1-6.12.1.pom
[INFO] Downloaded from central: https://repo.maven.apache.org/maven2/com/google/api/grpc/grpc-google-cloud-spanner-v1/6.12.1/grpc-google-cloud-spanner-v1-6.12.1.pom (11 kB at 356 kB/s)
[INFO] Downloading from central: https://repo.maven.apache.org/maven2/com/google/api/grpc/grpc-google-cloud-spanner-admin-database-v1/6.12.1/grpc-google-cloud-spanner-admin-database-v1-6.12.1.pom
[INFO] Downloaded from central: https://repo.maven.apache.org/maven2/com/google/api/grpc/grpc-google-cloud-spanner-admin-database-v1/6.12.1/grpc-google-cloud-spanner-admin-database-v1-6.12.1.pom (12 kB at 338 kB/s)
[INFO] Downloading from central: https://repo.maven.apache.org/maven2/com/google/protobuf/protobuf-java-util/3.17.2/protobuf-java-util-3.17.2.pom
[INFO] Downloaded from central: https://repo.maven.apache.org/maven2/com/google/protobuf/protobuf-java-util/3.17.2/protobuf-java-util-3.17.2.pom (4.8 kB at 159 kB/s)
[INFO] Downloading from central: https://repo.maven.apache.org/maven2/io/grpc/grpc-netty/1.40.0/grpc-netty-1.40.0.pom
[INFO] Downloaded from central: https://repo.maven.apache.org/maven2/io/grpc/grpc-netty/1.40.0/grpc-netty-1.40.0.pom (2.3 kB at 75 kB/s)
[INFO] Downloading from central: https://repo.maven.apache.org/maven2/io/netty/netty-codec-http2/4.1.52.Final/netty-codec-http2-4.1.52.Final.pom
[INFO] Downloaded from central: https://repo.maven.apache.org/maven2/io/netty/netty-codec-http2/4.1.52.Final/netty-codec-http2-4.1.52.Final.pom (2.7 kB at 93 kB/s)
[INFO] Downloading from central: https://repo.maven.apache.org/maven2/io/netty/netty-handler-proxy/4.1.52.Final/netty-handler-proxy-4.1.52.Final.pom
[INFO] Downloaded from central: https://repo.maven.apache.org/maven2/io/netty/netty-handler-proxy/4.1.52.Final/netty-handler-proxy-4.1.52.Final.pom (2.8 kB at 96 kB/s)
[INFO] Downloading from central: https://repo.maven.apache.org/maven2/io/netty/netty-codec-socks/4.1.52.Final/netty-codec-socks-4.1.52.Final.pom
[INFO] Downloaded from central: https://repo.maven.apache.org/maven2/io/netty/netty-codec-socks/4.1.52.Final/netty-codec-socks-4.1.52.Final.pom (2.0 kB at 71 kB/s)
[INFO] Downloading from central: https://repo.maven.apache.org/maven2/com/google/api/grpc/grpc-google-cloud-pubsub-v1/1.96.2/grpc-google-cloud-pubsub-v1-1.96.2.pom
[INFO] Downloaded from central: https://repo.maven.apache.org/maven2/com/google/api/grpc/grpc-google-cloud-pubsub-v1/1.96.2/grpc-google-cloud-pubsub-v1-1.96.2.pom (11 kB at 380 kB/s)
[INFO] Downloading from central: https://repo.maven.apache.org/maven2/io/netty/netty-tcnative-boringssl-static/2.0.33.Final/netty-tcnative-boringssl-static-2.0.33.Final.pom
[INFO] Downloaded from central: https://repo.maven.apache.org/maven2/io/netty/netty-tcnative-boringssl-static/2.0.33.Final/netty-tcnative-boringssl-static-2.0.33.Final.pom (46 kB at 1.5 MB/s)
[INFO] Downloading from central: https://repo.maven.apache.org/maven2/io/netty/netty-tcnative-parent/2.0.33.Final/netty-tcnative-parent-2.0.33.Final.pom
[INFO] Downloaded from central: https://repo.maven.apache.org/maven2/io/netty/netty-tcnative-parent/2.0.33.Final/netty-tcnative-parent-2.0.33.Final.pom (27 kB at 807 kB/s)
[INFO] Downloading from central: https://repo.maven.apache.org/maven2/com/google/api/grpc/proto-google-cloud-bigtable-admin-v2/2.1.0/proto-google-cloud-bigtable-admin-v2-2.1.0.pom
[INFO] Downloaded from central: https://repo.maven.apache.org/maven2/com/google/api/grpc/proto-google-cloud-bigtable-admin-v2/2.1.0/proto-google-cloud-bigtable-admin-v2-2.1.0.pom (9.3 kB at 321 kB/s)
[INFO] Downloading from central: https://repo.maven.apache.org/maven2/com/google/api/grpc/proto-google-cloud-bigtable-v2/2.1.0/proto-google-cloud-bigtable-v2-2.1.0.pom
[INFO] Downloaded from central: https://repo.maven.apache.org/maven2/com/google/api/grpc/proto-google-cloud-bigtable-v2/2.1.0/proto-google-cloud-bigtable-v2-2.1.0.pom (8.7 kB at 311 kB/s)
[INFO] Downloading from central: https://repo.maven.apache.org/maven2/com/google/api/grpc/proto-google-cloud-datastore-v1/0.91.3/proto-google-cloud-datastore-v1-0.91.3.pom
[INFO] Downloaded from central: https://repo.maven.apache.org/maven2/com/google/api/grpc/proto-google-cloud-datastore-v1/0.91.3/proto-google-cloud-datastore-v1-0.91.3.pom (5.3 kB at 50 kB/s)
[INFO] Downloading from central: https://repo.maven.apache.org/maven2/org/threeten/threetenbp/1.4.4/threetenbp-1.4.4.pom
[INFO] Downloaded from central: https://repo.maven.apache.org/maven2/org/threeten/threetenbp/1.4.4/threetenbp-1.4.4.pom (32 kB at 1.1 MB/s)
[INFO] Downloading from central: https://repo.maven.apache.org/maven2/org/apache/beam/beam-runners-google-cloud-dataflow-java/2.34.0/beam-runners-google-cloud-dataflow-java-2.34.0.pom
[INFO] Downloaded from central: https://repo.maven.apache.org/maven2/org/apache/beam/beam-runners-google-cloud-dataflow-java/2.34.0/beam-runners-google-cloud-dataflow-java-2.34.0.pom (28 kB at 920 kB/s)
[INFO] Downloading from central: https://repo.maven.apache.org/maven2/org/apache/beam/beam-sdks-java-io-kafka/2.34.0/beam-sdks-java-io-kafka-2.34.0.pom
[INFO] Downloaded from central: https://repo.maven.apache.org/maven2/org/apache/beam/beam-sdks-java-io-kafka/2.34.0/beam-sdks-java-io-kafka-2.34.0.pom (17 kB at 76 kB/s)
[INFO] Downloading from central: https://repo.maven.apache.org/maven2/org/springframework/spring-expression/4.3.18.RELEASE/spring-expression-4.3.18.RELEASE.pom
[INFO] Downloaded from central: https://repo.maven.apache.org/maven2/org/springframework/spring-expression/4.3.18.RELEASE/spring-expression-4.3.18.RELEASE.pom (1.7 kB at 53 kB/s)
[INFO] Downloading from central: https://repo.maven.apache.org/maven2/org/springframework/spring-core/4.3.18.RELEASE/spring-core-4.3.18.RELEASE.pom
[INFO] Downloaded from central: https://repo.maven.apache.org/maven2/org/springframework/spring-core/4.3.18.RELEASE/spring-core-4.3.18.RELEASE.pom (2.5 kB at 75 kB/s)
[INFO] Downloading from central: https://repo.maven.apache.org/maven2/io/confluent/kafka-avro-serializer/5.3.2/kafka-avro-serializer-5.3.2.pom
[INFO] Downloading from io.confluent: https://packages.confluent.io/maven/io/confluent/kafka-avro-serializer/5.3.2/kafka-avro-serializer-5.3.2.pom
[INFO] Downloaded from io.confluent: https://packages.confluent.io/maven/io/confluent/kafka-avro-serializer/5.3.2/kafka-avro-serializer-5.3.2.pom (2.3 kB at 22 kB/s)
[INFO] Downloading from central: https://repo.maven.apache.org/maven2/io/confluent/kafka-schema-registry-parent/5.3.2/kafka-schema-registry-parent-5.3.2.pom
[INFO] Downloading from io.confluent: https://packages.confluent.io/maven/io/confluent/kafka-schema-registry-parent/5.3.2/kafka-schema-registry-parent-5.3.2.pom
[INFO] Downloaded from io.confluent: https://packages.confluent.io/maven/io/confluent/kafka-schema-registry-parent/5.3.2/kafka-schema-registry-parent-5.3.2.pom (7.3 kB at 918 kB/s)
[INFO] Downloading from central: https://repo.maven.apache.org/maven2/io/confluent/rest-utils-parent/5.3.2/rest-utils-parent-5.3.2.pom
[INFO] Downloading from io.confluent: https://packages.confluent.io/maven/io/confluent/rest-utils-parent/5.3.2/rest-utils-parent-5.3.2.pom
[INFO] Downloaded from io.confluent: https://packages.confluent.io/maven/io/confluent/rest-utils-parent/5.3.2/rest-utils-parent-5.3.2.pom (8.2 kB at 825 kB/s)
[INFO] Downloading from central: https://repo.maven.apache.org/maven2/io/confluent/common/5.3.2/common-5.3.2.pom
[INFO] Downloading from io.confluent: https://packages.confluent.io/maven/io/confluent/common/5.3.2/common-5.3.2.pom
[INFO] Downloaded from io.confluent: https://packages.confluent.io/maven/io/confluent/common/5.3.2/common-5.3.2.pom (1.3 kB at 134 kB/s)
[INFO] Downloading from central: https://repo.maven.apache.org/maven2/io/confluent/common-parent/5.3.2/common-parent-5.3.2.pom
[INFO] Downloading from io.confluent: https://packages.confluent.io/maven/io/confluent/common-parent/5.3.2/common-parent-5.3.2.pom
[INFO] Downloaded from io.confluent: https://packages.confluent.io/maven/io/confluent/common-parent/5.3.2/common-parent-5.3.2.pom (44 kB at 4.9 MB/s)
[INFO] Downloading from central: https://repo.maven.apache.org/maven2/com/fasterxml/jackson/jackson-bom/2.9.10.20191020/jackson-bom-2.9.10.20191020.pom
[INFO] Downloaded from central: https://repo.maven.apache.org/maven2/com/fasterxml/jackson/jackson-bom/2.9.10.20191020/jackson-bom-2.9.10.20191020.pom (13 kB at 293 kB/s)
[INFO] Downloading from central: https://repo.maven.apache.org/maven2/io/confluent/kafka-schema-registry-client/5.3.2/kafka-schema-registry-client-5.3.2.pom
[INFO] Downloading from io.confluent: https://packages.confluent.io/maven/io/confluent/kafka-schema-registry-client/5.3.2/kafka-schema-registry-client-5.3.2.pom
[INFO] Downloaded from io.confluent: https://packages.confluent.io/maven/io/confluent/kafka-schema-registry-client/5.3.2/kafka-schema-registry-client-5.3.2.pom (2.1 kB at 299 kB/s)
[INFO] Downloading from central: https://repo.maven.apache.org/maven2/io/confluent/common-config/5.3.2/common-config-5.3.2.pom
[INFO] Downloading from io.confluent: https://packages.confluent.io/maven/io/confluent/common-config/5.3.2/common-config-5.3.2.pom
[INFO] Downloaded from io.confluent: https://packages.confluent.io/maven/io/confluent/common-config/5.3.2/common-config-5.3.2.pom (1.8 kB at 220 kB/s)
[INFO] Downloading from central: https://repo.maven.apache.org/maven2/io/confluent/common-utils/5.3.2/common-utils-5.3.2.pom
[INFO] Downloading from io.confluent: https://packages.confluent.io/maven/io/confluent/common-utils/5.3.2/common-utils-5.3.2.pom
[INFO] Downloaded from io.confluent: https://packages.confluent.io/maven/io/confluent/common-utils/5.3.2/common-utils-5.3.2.pom (2.0 kB at 253 kB/s)
[INFO] Downloading from central: https://repo.maven.apache.org/maven2/com/google/apis/google-api-services-clouddebugger/v2-rev20210813-1.32.1/google-api-services-clouddebugger-v2-rev20210813-1.32.1.pom
[INFO] Downloaded from central: https://repo.maven.apache.org/maven2/com/google/apis/google-api-services-clouddebugger/v2-rev20210813-1.32.1/google-api-services-clouddebugger-v2-rev20210813-1.32.1.pom (5.3 kB at 118 kB/s)
[INFO] Downloading from central: https://repo.maven.apache.org/maven2/com/google/apis/google-api-services-dataflow/v1b3-rev20210818-1.32.1/google-api-services-dataflow-v1b3-rev20210818-1.32.1.pom
[INFO] Downloaded from central: https://repo.maven.apache.org/maven2/com/google/apis/google-api-services-dataflow/v1b3-rev20210818-1.32.1/google-api-services-dataflow-v1b3-rev20210818-1.32.1.pom (5.3 kB at 171 kB/s)
[INFO] Downloading from central: https://repo.maven.apache.org/maven2/org/apache/beam/beam-runners-direct-java/2.34.0/beam-runners-direct-java-2.34.0.pom
[INFO] Downloaded from central: https://repo.maven.apache.org/maven2/org/apache/beam/beam-runners-direct-java/2.34.0/beam-runners-direct-java-2.34.0.pom (11 kB at 300 kB/s)
[INFO] Downloading from central: https://repo.maven.apache.org/maven2/org/apache/beam/beam-sdks-java-io-jdbc/2.34.0/beam-sdks-java-io-jdbc-2.34.0.pom
[INFO] Downloaded from central: https://repo.maven.apache.org/maven2/org/apache/beam/beam-sdks-java-io-jdbc/2.34.0/beam-sdks-java-io-jdbc-2.34.0.pom (9.3 kB at 312 kB/s)
[INFO] Downloading from central: https://repo.maven.apache.org/maven2/org/apache/beam/beam-sdks-java-io-cassandra/2.34.0/beam-sdks-java-io-cassandra-2.34.0.pom
[INFO] Downloaded from central: https://repo.maven.apache.org/maven2/org/apache/beam/beam-sdks-java-io-cassandra/2.34.0/beam-sdks-java-io-cassandra-2.34.0.pom (8.5 kB at 266 kB/s)
[INFO] Downloading from central: https://repo.maven.apache.org/maven2/com/datastax/cassandra/cassandra-driver-mapping/3.10.2/cassandra-driver-mapping-3.10.2.pom
[INFO] Downloaded from central: https://repo.maven.apache.org/maven2/com/datastax/cassandra/cassandra-driver-mapping/3.10.2/cassandra-driver-mapping-3.10.2.pom (4.8 kB at 119 kB/s)
[INFO] Downloading from central: https://repo.maven.apache.org/maven2/org/apache/hadoop/hadoop-mapreduce-client-core/2.8.5/hadoop-mapreduce-client-core-2.8.5.pom
[INFO] Downloaded from central: https://repo.maven.apache.org/maven2/org/apache/hadoop/hadoop-mapreduce-client-core/2.8.5/hadoop-mapreduce-client-core-2.8.5.pom (4.2 kB at 131 kB/s)
[INFO] Downloading from central: https://repo.maven.apache.org/maven2/org/apache/hadoop/hadoop-mapreduce-client/2.8.5/hadoop-mapreduce-client-2.8.5.pom
[INFO] Downloaded from central: https://repo.maven.apache.org/maven2/org/apache/hadoop/hadoop-mapreduce-client/2.8.5/hadoop-mapreduce-client-2.8.5.pom (12 kB at 378 kB/s)
[INFO] Downloading from central: https://repo.maven.apache.org/maven2/org/apache/hadoop/hadoop-project/2.8.5/hadoop-project-2.8.5.pom
[INFO] Downloaded from central: https://repo.maven.apache.org/maven2/org/apache/hadoop/hadoop-project/2.8.5/hadoop-project-2.8.5.pom (49 kB at 1.4 MB/s)
[INFO] Downloading from central: https://repo.maven.apache.org/maven2/org/apache/hadoop/hadoop-main/2.8.5/hadoop-main-2.8.5.pom
[INFO] Downloaded from central: https://repo.maven.apache.org/maven2/org/apache/hadoop/hadoop-main/2.8.5/hadoop-main-2.8.5.pom (20 kB at 619 kB/s)
[INFO] Downloading from central: https://repo.maven.apache.org/maven2/org/apache/hadoop/hadoop-yarn-common/2.8.5/hadoop-yarn-common-2.8.5.pom
[INFO] Downloaded from central: https://repo.maven.apache.org/maven2/org/apache/hadoop/hadoop-yarn-common/2.8.5/hadoop-yarn-common-2.8.5.pom (11 kB at 355 kB/s)
[INFO] Downloading from central: https://repo.maven.apache.org/maven2/org/apache/hadoop/hadoop-yarn/2.8.5/hadoop-yarn-2.8.5.pom
[INFO] Downloaded from central: https://repo.maven.apache.org/maven2/org/apache/hadoop/hadoop-yarn/2.8.5/hadoop-yarn-2.8.5.pom (9.9 kB at 291 kB/s)
[INFO] Downloading from central: https://repo.maven.apache.org/maven2/org/apache/hadoop/hadoop-yarn-api/2.8.5/hadoop-yarn-api-2.8.5.pom
[INFO] Downloaded from central: https://repo.maven.apache.org/maven2/org/apache/hadoop/hadoop-yarn-api/2.8.5/hadoop-yarn-api-2.8.5.pom (5.2 kB at 130 kB/s)
[INFO] Downloading from central: https://repo.maven.apache.org/maven2/org/apache/hadoop/hadoop-annotations/2.8.5/hadoop-annotations-2.8.5.pom
[INFO] Downloaded from central: https://repo.maven.apache.org/maven2/org/apache/hadoop/hadoop-annotations/2.8.5/hadoop-annotations-2.8.5.pom (2.4 kB at 69 kB/s)
[INFO] Downloading from central: https://repo.maven.apache.org/maven2/org/apache/hadoop/hadoop-common/2.8.5/hadoop-common-2.8.5.pom
[INFO] Downloaded from central: https://repo.maven.apache.org/maven2/org/apache/hadoop/hadoop-common/2.8.5/hadoop-common-2.8.5.pom (35 kB at 933 kB/s)
[INFO] Downloading from central: https://repo.maven.apache.org/maven2/org/apache/hadoop/hadoop-project-dist/2.8.5/hadoop-project-dist-2.8.5.pom
[INFO] Downloaded from central: https://repo.maven.apache.org/maven2/org/apache/hadoop/hadoop-project-dist/2.8.5/hadoop-project-dist-2.8.5.pom (18 kB at 519 kB/s)
[INFO] Downloading from central: https://repo.maven.apache.org/maven2/org/apache/hadoop/hadoop-auth/2.8.5/hadoop-auth-2.8.5.pom
[INFO] Downloaded from central: https://repo.maven.apache.org/maven2/org/apache/hadoop/hadoop-auth/2.8.5/hadoop-auth-2.8.5.pom (8.8 kB at 266 kB/s)
[INFO] Downloading from central: https://repo.maven.apache.org/maven2/net/minidev/json-smart/maven-metadata.xml
[INFO] Downloading from apache.snapshots.https: https://repository.apache.org/content/repositories/snapshots/net/minidev/json-smart/maven-metadata.xml
[INFO] Downloading from repository.jboss.org: http://repository.jboss.org/nexus/content/groups/public/net/minidev/json-smart/maven-metadata.xml
[INFO] Downloaded from central: https://repo.maven.apache.org/maven2/net/minidev/json-smart/maven-metadata.xml (1.4 kB at 45 kB/s)
[INFO] Downloading from central: https://repo.maven.apache.org/maven2/org/apache/hbase/hbase-common/1.4.5/hbase-common-1.4.5.pom
[INFO] Downloaded from central: https://repo.maven.apache.org/maven2/org/apache/hbase/hbase-common/1.4.5/hbase-common-1.4.5.pom (23 kB at 629 kB/s)
[INFO] Downloading from central: https://repo.maven.apache.org/maven2/org/apache/hbase/hbase/1.4.5/hbase-1.4.5.pom
[INFO] Downloaded from central: https://repo.maven.apache.org/maven2/org/apache/hbase/hbase/1.4.5/hbase-1.4.5.pom (112 kB at 3.1 MB/s)
[INFO] Downloading from central: https://repo.maven.apache.org/maven2/org/apache/hbase/hbase-protocol/1.4.5/hbase-protocol-1.4.5.pom
[INFO] Downloaded from central: https://repo.maven.apache.org/maven2/org/apache/hbase/hbase-protocol/1.4.5/hbase-protocol-1.4.5.pom (11 kB at 374 kB/s)
[INFO] Downloading from central: https://repo.maven.apache.org/maven2/org/apache/hbase/hbase-annotations/1.4.5/hbase-annotations-1.4.5.pom
[INFO] Downloaded from central: https://repo.maven.apache.org/maven2/org/apache/hbase/hbase-annotations/1.4.5/hbase-annotations-1.4.5.pom (2.3 kB at 21 kB/s)
[INFO] Downloading from central: https://repo.maven.apache.org/maven2/org/apache/derby/derbyclient/10.14.2.0/derbyclient-10.14.2.0.pom
[INFO] Downloaded from central: https://repo.maven.apache.org/maven2/org/apache/derby/derbyclient/10.14.2.0/derbyclient-10.14.2.0.pom (0 B at 0 B/s)
[INFO] Downloading from central: https://repo.maven.apache.org/maven2/org/apache/derby/derbynet/10.14.2.0/derbynet-10.14.2.0.pom
[INFO] Downloaded from central: https://repo.maven.apache.org/maven2/org/apache/derby/derbynet/10.14.2.0/derbynet-10.14.2.0.pom (0 B at 0 B/s)
[INFO] Downloading from central: https://repo.maven.apache.org/maven2/org/junit/jupiter/junit-jupiter-api/5.5.2/junit-jupiter-api-5.5.2.pom
[INFO] Downloaded from central: https://repo.maven.apache.org/maven2/org/junit/jupiter/junit-jupiter-api/5.5.2/junit-jupiter-api-5.5.2.pom (2.4 kB at 66 kB/s)
[INFO] Downloading from central: https://repo.maven.apache.org/maven2/com/google/truth/truth/1.0.1/truth-1.0.1.pom
[INFO] Downloaded from central: https://repo.maven.apache.org/maven2/com/google/truth/truth/1.0.1/truth-1.0.1.pom (6.9 kB at 215 kB/s)
[INFO] Downloading from central: https://repo.maven.apache.org/maven2/com/google/truth/truth-parent/1.0.1/truth-parent-1.0.1.pom
[INFO] Downloaded from central: https://repo.maven.apache.org/maven2/com/google/truth/truth-parent/1.0.1/truth-parent-1.0.1.pom (17 kB at 460 kB/s)
[INFO] Downloading from central: https://repo.maven.apache.org/maven2/io/netty/netty-codec-http/4.1.50.Final/netty-codec-http-4.1.50.Final.pom
[INFO] Downloaded from central: https://repo.maven.apache.org/maven2/io/netty/netty-codec-http/4.1.50.Final/netty-codec-http-4.1.50.Final.pom (2.4 kB at 73 kB/s)
[INFO] Downloading from central: https://repo.maven.apache.org/maven2/io/swagger/parser/v3/swagger-parser-v2-converter/2.0.20/swagger-parser-v2-converter-2.0.20.pom
[INFO] Downloaded from central: https://repo.maven.apache.org/maven2/io/swagger/parser/v3/swagger-parser-v2-converter/2.0.20/swagger-parser-v2-converter-2.0.20.pom (3.3 kB at 94 kB/s)
[INFO] Downloading from central: https://repo.maven.apache.org/maven2/io/swagger/swagger-parser/1.0.51/swagger-parser-1.0.51.pom
[INFO] Downloaded from central: https://repo.maven.apache.org/maven2/io/swagger/swagger-parser/1.0.51/swagger-parser-1.0.51.pom (3.5 kB at 112 kB/s)
[INFO] Downloading from central: https://repo.maven.apache.org/maven2/io/swagger/swagger-parser-project/1.0.51/swagger-parser-project-1.0.51.pom
[INFO] Downloaded from central: https://repo.maven.apache.org/maven2/io/swagger/swagger-parser-project/1.0.51/swagger-parser-project-1.0.51.pom (11 kB at 311 kB/s)
[INFO] Downloading from central: https://repo.maven.apache.org/maven2/io/swagger/swagger-compat-spec-parser/1.0.51/swagger-compat-spec-parser-1.0.51.pom
[INFO] Downloaded from central: https://repo.maven.apache.org/maven2/io/swagger/swagger-compat-spec-parser/1.0.51/swagger-compat-spec-parser-1.0.51.pom (2.8 kB at 89 kB/s)
[INFO] Downloading from central: https://repo.maven.apache.org/maven2/com/fasterxml/jackson/dataformat/jackson-dataformat-yaml/2.10.2/jackson-dataformat-yaml-2.10.2.pom
[INFO] Downloaded from central: https://repo.maven.apache.org/maven2/com/fasterxml/jackson/dataformat/jackson-dataformat-yaml/2.10.2/jackson-dataformat-yaml-2.10.2.pom (2.3 kB at 72 kB/s)
[INFO] Downloading from central: https://repo.maven.apache.org/maven2/com/fasterxml/jackson/dataformat/jackson-dataformats-text/2.10.2/jackson-dataformats-text-2.10.2.pom
[INFO] Downloaded from central: https://repo.maven.apache.org/maven2/com/fasterxml/jackson/dataformat/jackson-dataformats-text/2.10.2/jackson-dataformats-text-2.10.2.pom (3.0 kB at 103 kB/s)
[INFO] Downloading from central: https://repo.maven.apache.org/maven2/org/mock-server/mockserver-junit-rule/5.11.1/mockserver-junit-rule-5.11.1.pom
[INFO] Downloaded from central: https://repo.maven.apache.org/maven2/org/mock-server/mockserver-junit-rule/5.11.1/mockserver-junit-rule-5.11.1.pom (2.1 kB at 57 kB/s)
[INFO] Downloading from central: https://repo.maven.apache.org/maven2/org/scassandra/java-client/1.1.2/java-client-1.1.2.pom
[INFO] Downloaded from central: https://repo.maven.apache.org/maven2/org/scassandra/java-client/1.1.2/java-client-1.1.2.pom (3.5 kB at 92 kB/s)
[INFO] Downloading from central: https://repo.maven.apache.org/maven2/org/apache/httpcomponents/httpclient/4.3.3/httpclient-4.3.3.pom
[INFO] Downloaded from central: https://repo.maven.apache.org/maven2/org/apache/httpcomponents/httpclient/4.3.3/httpclient-4.3.3.pom (5.4 kB at 117 kB/s)
[INFO] Downloading from central: https://repo.maven.apache.org/maven2/org/apache/httpcomponents/httpcomponents-client/4.3.3/httpcomponents-client-4.3.3.pom
[INFO] Downloaded from central: https://repo.maven.apache.org/maven2/org/apache/httpcomponents/httpcomponents-client/4.3.3/httpcomponents-client-4.3.3.pom (16 kB at 466 kB/s)
[INFO] Downloading from central: https://repo.maven.apache.org/maven2/org/scassandra/cql-antlr/1.1.2/cql-antlr-1.1.2.pom
[INFO] Downloaded from central: https://repo.maven.apache.org/maven2/org/scassandra/cql-antlr/1.1.2/cql-antlr-1.1.2.pom (2.4 kB at 72 kB/s)
[INFO] Downloading from central: https://repo.maven.apache.org/maven2/org/scassandra/scassandra-server_2.11/1.1.2/scassandra-server_2.11-1.1.2.pom
[INFO] Downloaded from central: https://repo.maven.apache.org/maven2/org/scassandra/scassandra-server_2.11/1.1.2/scassandra-server_2.11-1.1.2.pom (4.8 kB at 140 kB/s)
[INFO] Downloading from central: https://repo.maven.apache.org/maven2/io/spray/spray-can_2.11/1.3.3/spray-can_2.11-1.3.3.pom
[INFO] Downloaded from central: https://repo.maven.apache.org/maven2/io/spray/spray-can_2.11/1.3.3/spray-can_2.11-1.3.3.pom (2.8 kB at 77 kB/s)
[INFO] Downloading from central: https://repo.maven.apache.org/maven2/io/spray/spray-io_2.11/1.3.3/spray-io_2.11-1.3.3.pom
[INFO] Downloaded from central: https://repo.maven.apache.org/maven2/io/spray/spray-io_2.11/1.3.3/spray-io_2.11-1.3.3.pom (2.4 kB at 64 kB/s)
[INFO] Downloading from central: https://repo.maven.apache.org/maven2/io/spray/spray-util_2.11/1.3.3/spray-util_2.11-1.3.3.pom
[INFO] Downloaded from central: https://repo.maven.apache.org/maven2/io/spray/spray-util_2.11/1.3.3/spray-util_2.11-1.3.3.pom (2.5 kB at 80 kB/s)
[INFO] Downloading from central: https://repo.maven.apache.org/maven2/io/spray/spray-http_2.11/1.3.3/spray-http_2.11-1.3.3.pom
[INFO] Downloaded from central: https://repo.maven.apache.org/maven2/io/spray/spray-http_2.11/1.3.3/spray-http_2.11-1.3.3.pom (2.4 kB at 72 kB/s)
[INFO] Downloading from central: https://repo.maven.apache.org/maven2/org/parboiled/parboiled-scala_2.11/1.1.7/parboiled-scala_2.11-1.1.7.pom
[INFO] Downloaded from central: https://repo.maven.apache.org/maven2/org/parboiled/parboiled-scala_2.11/1.1.7/parboiled-scala_2.11-1.1.7.pom (2.1 kB at 65 kB/s)
[INFO] Downloading from central: https://repo.maven.apache.org/maven2/org/scala-lang/scala-library/2.11.5/scala-library-2.11.5.pom
[INFO] Downloaded from central: https://repo.maven.apache.org/maven2/org/scala-lang/scala-library/2.11.5/scala-library-2.11.5.pom (1.4 kB at 41 kB/s)
[INFO] Downloading from central: https://repo.maven.apache.org/maven2/com/typesafe/scala-logging/scala-logging_2.11/3.1.0/scala-logging_2.11-3.1.0.pom
[INFO] Downloaded from central: https://repo.maven.apache.org/maven2/com/typesafe/scala-logging/scala-logging_2.11/3.1.0/scala-logging_2.11-3.1.0.pom (2.5 kB at 62 kB/s)
[INFO] Downloading from central: https://repo.maven.apache.org/maven2/org/scala-lang/scala-library/2.11.1/scala-library-2.11.1.pom
[INFO] Downloaded from central: https://repo.maven.apache.org/maven2/org/scala-lang/scala-library/2.11.1/scala-library-2.11.1.pom (1.4 kB at 42 kB/s)
[INFO] Downloading from central: https://repo.maven.apache.org/maven2/org/scala-lang/scala-reflect/2.11.1/scala-reflect-2.11.1.pom
[INFO] Downloaded from central: https://repo.maven.apache.org/maven2/org/scala-lang/scala-reflect/2.11.1/scala-reflect-2.11.1.pom (1.6 kB at 51 kB/s)
[INFO] Downloading from central: https://repo.maven.apache.org/maven2/com/typesafe/akka/akka-actor_2.11/2.3.9/akka-actor_2.11-2.3.9.pom
[INFO] Downloaded from central: https://repo.maven.apache.org/maven2/com/typesafe/akka/akka-actor_2.11/2.3.9/akka-actor_2.11-2.3.9.pom (1.9 kB at 62 kB/s)
[INFO] Downloading from central: https://repo.maven.apache.org/maven2/com/typesafe/config/1.2.1/config-1.2.1.pom
[INFO] Downloaded from central: https://repo.maven.apache.org/maven2/com/typesafe/config/1.2.1/config-1.2.1.pom (0 B at 0 B/s)
[INFO] Downloading from central: https://repo.maven.apache.org/maven2/io/spray/spray-routing-shapeless23_2.11/1.3.3/spray-routing-shapeless23_2.11-1.3.3.pom
[INFO] Downloaded from central: https://repo.maven.apache.org/maven2/io/spray/spray-routing-shapeless23_2.11/1.3.3/spray-routing-shapeless23_2.11-1.3.3.pom (3.0 kB at 87 kB/s)
[INFO] Downloading from central: https://repo.maven.apache.org/maven2/io/spray/spray-httpx_2.11/1.3.3/spray-httpx_2.11-1.3.3.pom
[INFO] Downloaded from central: https://repo.maven.apache.org/maven2/io/spray/spray-httpx_2.11/1.3.3/spray-httpx_2.11-1.3.3.pom (4.2 kB at 125 kB/s)
[INFO] Downloading from central: https://repo.maven.apache.org/maven2/org/scala-lang/modules/scala-xml_2.11/1.0.3/scala-xml_2.11-1.0.3.pom
[INFO] Downloaded from central: https://repo.maven.apache.org/maven2/org/scala-lang/modules/scala-xml_2.11/1.0.3/scala-xml_2.11-1.0.3.pom (2.5 kB at 74 kB/s)
[INFO] Downloading from central: https://repo.maven.apache.org/maven2/org/scala-lang/scala-library/2.11.4/scala-library-2.11.4.pom
[INFO] Downloaded from central: https://repo.maven.apache.org/maven2/org/scala-lang/scala-library/2.11.4/scala-library-2.11.4.pom (1.4 kB at 44 kB/s)
[INFO] Downloading from central: https://repo.maven.apache.org/maven2/org/jvnet/mimepull/mimepull/1.9.5/mimepull-1.9.5.pom
[INFO] Downloaded from central: https://repo.maven.apache.org/maven2/org/jvnet/mimepull/mimepull/1.9.5/mimepull-1.9.5.pom (14 kB at 392 kB/s)
[INFO] Downloading from central: https://repo.maven.apache.org/maven2/com/chuusai/shapeless_2.11/2.3.0/shapeless_2.11-2.3.0.pom
[INFO] Downloaded from central: https://repo.maven.apache.org/maven2/com/chuusai/shapeless_2.11/2.3.0/shapeless_2.11-2.3.0.pom (2.3 kB at 52 kB/s)
[INFO] Downloading from central: https://repo.maven.apache.org/maven2/org/typelevel/macro-compat_2.11/1.1.1/macro-compat_2.11-1.1.1.pom
[INFO] Downloaded from central: https://repo.maven.apache.org/maven2/org/typelevel/macro-compat_2.11/1.1.1/macro-compat_2.11-1.1.1.pom (1.9 kB at 50 kB/s)
[INFO] Downloading from central: https://repo.maven.apache.org/maven2/io/spray/spray-json_2.11/1.3.2/spray-json_2.11-1.3.2.pom
[INFO] Downloaded from central: https://repo.maven.apache.org/maven2/io/spray/spray-json_2.11/1.3.2/spray-json_2.11-1.3.2.pom (2.2 kB at 69 kB/s)
[INFO] Downloading from central: https://repo.maven.apache.org/maven2/org/scassandra/scassandra-codec_2.11/1.1.2/scassandra-codec_2.11-1.1.2.pom
[INFO] Downloaded from central: https://repo.maven.apache.org/maven2/org/scassandra/scassandra-codec_2.11/1.1.2/scassandra-codec_2.11-1.1.2.pom (2.4 kB at 70 kB/s)
[INFO] Downloading from central: https://repo.maven.apache.org/maven2/org/scodec/scodec-core_2.11/1.10.2/scodec-core_2.11-1.10.2.pom
[INFO] Downloaded from central: https://repo.maven.apache.org/maven2/org/scodec/scodec-core_2.11/1.10.2/scodec-core_2.11-1.10.2.pom (2.1 kB at 57 kB/s)
[INFO] Downloading from central: https://repo.maven.apache.org/maven2/org/scodec/scodec-bits_2.11/1.1.0/scodec-bits_2.11-1.1.0.pom
[INFO] Downloaded from central: https://repo.maven.apache.org/maven2/org/scodec/scodec-bits_2.11/1.1.0/scodec-bits_2.11-1.1.0.pom (2.0 kB at 55 kB/s)
[INFO] Downloading from central: https://repo.maven.apache.org/maven2/com/chuusai/shapeless_2.11/2.3.1/shapeless_2.11-2.3.1.pom
[INFO] Downloaded from central: https://repo.maven.apache.org/maven2/com/chuusai/shapeless_2.11/2.3.1/shapeless_2.11-2.3.1.pom (2.3 kB at 69 kB/s)
[INFO] Downloading from central: https://repo.maven.apache.org/maven2/com/typesafe/akka/akka-remote_2.11/2.3.9/akka-remote_2.11-2.3.9.pom
[INFO] Downloaded from central: https://repo.maven.apache.org/maven2/com/typesafe/akka/akka-remote_2.11/2.3.9/akka-remote_2.11-2.3.9.pom (3.7 kB at 102 kB/s)
[INFO] Downloading from central: https://repo.maven.apache.org/maven2/io/netty/netty/3.8.0.Final/netty-3.8.0.Final.pom
[INFO] Downloaded from central: https://repo.maven.apache.org/maven2/io/netty/netty/3.8.0.Final/netty-3.8.0.Final.pom (26 kB at 690 kB/s)
[INFO] Downloading from central: https://repo.maven.apache.org/maven2/org/uncommons/maths/uncommons-maths/1.2.2a/uncommons-maths-1.2.2a.pom
[INFO] Downloaded from central: https://repo.maven.apache.org/maven2/org/uncommons/maths/uncommons-maths/1.2.2a/uncommons-maths-1.2.2a.pom (1.6 kB at 49 kB/s)
[INFO] Downloading from central: https://repo.maven.apache.org/maven2/com/typesafe/akka/akka-slf4j_2.11/2.3.9/akka-slf4j_2.11-2.3.9.pom
[INFO] Downloaded from central: https://repo.maven.apache.org/maven2/com/typesafe/akka/akka-slf4j_2.11/2.3.9/akka-slf4j_2.11-2.3.9.pom (2.5 kB at 82 kB/s)
[INFO] Downloading from central: https://repo.maven.apache.org/maven2/ch/qos/logback/logback-classic/1.1.1/logback-classic-1.1.1.pom
[INFO] Downloaded from central: https://repo.maven.apache.org/maven2/ch/qos/logback/logback-classic/1.1.1/logback-classic-1.1.1.pom (12 kB at 312 kB/s)
[INFO] Downloading from central: https://repo.maven.apache.org/maven2/ch/qos/logback/logback-parent/1.1.1/logback-parent-1.1.1.pom
[INFO] Downloaded from central: https://repo.maven.apache.org/maven2/ch/qos/logback/logback-parent/1.1.1/logback-parent-1.1.1.pom (15 kB at 414 kB/s)
[INFO] Downloading from central: https://repo.maven.apache.org/maven2/ch/qos/logback/logback-core/1.1.1/logback-core-1.1.1.pom
[INFO] Downloaded from central: https://repo.maven.apache.org/maven2/ch/qos/logback/logback-core/1.1.1/logback-core-1.1.1.pom (5.0 kB at 119 kB/s)
[INFO] Downloading from central: https://repo.maven.apache.org/maven2/com/google/re2j/re2j/1.4/re2j-1.4.pom
[INFO] Downloaded from central: https://repo.maven.apache.org/maven2/com/google/re2j/re2j/1.4/re2j-1.4.pom (933 B at 27 kB/s)
[INFO] Downloading from central: https://repo.maven.apache.org/maven2/com/google/cloud/google-cloud-bigquery/1.108.0/google-cloud-bigquery-1.108.0.pom
[INFO] Downloaded from central: https://repo.maven.apache.org/maven2/com/google/cloud/google-cloud-bigquery/1.108.0/google-cloud-bigquery-1.108.0.pom (5.0 kB at 147 kB/s)
[INFO] Downloading from central: https://repo.maven.apache.org/maven2/com/google/cloud/google-cloud-bigquery-parent/1.108.0/google-cloud-bigquery-parent-1.108.0.pom
[INFO] Downloaded from central: https://repo.maven.apache.org/maven2/com/google/cloud/google-cloud-bigquery-parent/1.108.0/google-cloud-bigquery-parent-1.108.0.pom (14 kB at 303 kB/s)
[INFO] Downloading from central: https://repo.maven.apache.org/maven2/com/google/cloud/google-cloud-shared-config/0.4.0/google-cloud-shared-config-0.4.0.pom
[INFO] Downloaded from central: https://repo.maven.apache.org/maven2/com/google/cloud/google-cloud-shared-config/0.4.0/google-cloud-shared-config-0.4.0.pom (0 B at 0 B/s)
[INFO] Downloading from central: https://repo.maven.apache.org/maven2/io/grpc/grpc-bom/1.27.2/grpc-bom-1.27.2.pom
[INFO] Downloaded from central: https://repo.maven.apache.org/maven2/io/grpc/grpc-bom/1.27.2/grpc-bom-1.27.2.pom (4.4 kB at 120 kB/s)
[INFO] Downloading from central: https://repo.maven.apache.org/maven2/com/google/api/gax-bom/1.54.0/gax-bom-1.54.0.pom
[INFO] Downloaded from central: https://repo.maven.apache.org/maven2/com/google/api/gax-bom/1.54.0/gax-bom-1.54.0.pom (2.7 kB at 76 kB/s)
[INFO] Downloading from central: https://repo.maven.apache.org/maven2/com/google/guava/guava-bom/28.2-android/guava-bom-28.2-android.pom
[INFO] Downloaded from central: https://repo.maven.apache.org/maven2/com/google/guava/guava-bom/28.2-android/guava-bom-28.2-android.pom (1.5 kB at 43 kB/s)
[INFO] Downloading from central: https://repo.maven.apache.org/maven2/com/google/cloud/google-cloud-core/1.93.0/google-cloud-core-1.93.0.pom
[INFO] Downloaded from central: https://repo.maven.apache.org/maven2/com/google/cloud/google-cloud-core/1.93.0/google-cloud-core-1.93.0.pom (3.5 kB at 79 kB/s)
[INFO] Downloading from central: https://repo.maven.apache.org/maven2/com/google/cloud/google-cloud-core-parent/1.93.0/google-cloud-core-parent-1.93.0.pom
[INFO] Downloaded from central: https://repo.maven.apache.org/maven2/com/google/cloud/google-cloud-core-parent/1.93.0/google-cloud-core-parent-1.93.0.pom (14 kB at 323 kB/s)
[INFO] Downloading from central: https://repo.maven.apache.org/maven2/com/google/auth/google-auth-library-bom/0.20.0/google-auth-library-bom-0.20.0.pom
[INFO] Downloaded from central: https://repo.maven.apache.org/maven2/com/google/auth/google-auth-library-bom/0.20.0/google-auth-library-bom-0.20.0.pom (0 B at 0 B/s)
[INFO] Downloading from central: https://repo.maven.apache.org/maven2/com/google/http-client/google-http-client-bom/1.34.2/google-http-client-bom-1.34.2.pom
[INFO] Downloaded from central: https://repo.maven.apache.org/maven2/com/google/http-client/google-http-client-bom/1.34.2/google-http-client-bom-1.34.2.pom (6.6 kB at 169 kB/s)
[INFO] Downloading from central: https://repo.maven.apache.org/maven2/com/google/api-client/google-api-client-bom/1.30.8/google-api-client-bom-1.30.8.pom
[INFO] Downloaded from central: https://repo.maven.apache.org/maven2/com/google/api-client/google-api-client-bom/1.30.8/google-api-client-bom-1.30.8.pom (6.5 kB at 166 kB/s)
[INFO] Downloading from central: https://repo.maven.apache.org/maven2/com/google/api/gax/1.54.0/gax-1.54.0.pom
[INFO] Downloaded from central: https://repo.maven.apache.org/maven2/com/google/api/gax/1.54.0/gax-1.54.0.pom (2.3 kB at 63 kB/s)
[INFO] Downloading from central: https://repo.maven.apache.org/maven2/com/google/api/api-common/1.8.1/api-common-1.8.1.pom
[INFO] Downloaded from central: https://repo.maven.apache.org/maven2/com/google/api/api-common/1.8.1/api-common-1.8.1.pom (2.5 kB at 90 kB/s)
[INFO] Downloading from central: https://repo.maven.apache.org/maven2/com/google/protobuf/protobuf-java-util/3.11.4/protobuf-java-util-3.11.4.pom
[INFO] Downloaded from central: https://repo.maven.apache.org/maven2/com/google/protobuf/protobuf-java-util/3.11.4/protobuf-java-util-3.11.4.pom (4.8 kB at 149 kB/s)
[INFO] Downloading from central: https://repo.maven.apache.org/maven2/com/google/api/grpc/proto-google-iam-v1/0.13.0/proto-google-iam-v1-0.13.0.pom
[INFO] Downloaded from central: https://repo.maven.apache.org/maven2/com/google/api/grpc/proto-google-iam-v1/0.13.0/proto-google-iam-v1-0.13.0.pom (2.5 kB at 84 kB/s)
[INFO] Downloading from central: https://repo.maven.apache.org/maven2/com/google/api/grpc/proto-google-common-protos/1.16.0/proto-google-common-protos-1.16.0.pom
[INFO] Downloaded from central: https://repo.maven.apache.org/maven2/com/google/api/grpc/proto-google-common-protos/1.16.0/proto-google-common-protos-1.16.0.pom (1.5 kB at 48 kB/s)
[INFO] Downloading from central: https://repo.maven.apache.org/maven2/org/threeten/threetenbp/1.4.1/threetenbp-1.4.1.pom
[INFO] Downloaded from central: https://repo.maven.apache.org/maven2/org/threeten/threetenbp/1.4.1/threetenbp-1.4.1.pom (32 kB at 888 kB/s)
[INFO] Downloading from central: https://repo.maven.apache.org/maven2/com/google/http-client/google-http-client/1.34.2/google-http-client-1.34.2.pom
[INFO] Downloaded from central: https://repo.maven.apache.org/maven2/com/google/http-client/google-http-client/1.34.2/google-http-client-1.34.2.pom (5.4 kB at 149 kB/s)
[INFO] Downloading from central: https://repo.maven.apache.org/maven2/com/google/http-client/google-http-client-parent/1.34.2/google-http-client-parent-1.34.2.pom
[INFO] Downloaded from central: https://repo.maven.apache.org/maven2/com/google/http-client/google-http-client-parent/1.34.2/google-http-client-parent-1.34.2.pom (24 kB at 691 kB/s)
[INFO] Downloading from central: https://repo.maven.apache.org/maven2/org/apache/httpcomponents/httpclient/4.5.11/httpclient-4.5.11.pom
[INFO] Downloaded from central: https://repo.maven.apache.org/maven2/org/apache/httpcomponents/httpclient/4.5.11/httpclient-4.5.11.pom (6.6 kB at 207 kB/s)
[INFO] Downloading from central: https://repo.maven.apache.org/maven2/org/apache/httpcomponents/httpcomponents-client/4.5.11/httpcomponents-client-4.5.11.pom
[INFO] Downloaded from central: https://repo.maven.apache.org/maven2/org/apache/httpcomponents/httpcomponents-client/4.5.11/httpcomponents-client-4.5.11.pom (16 kB at 528 kB/s)
[INFO] Downloading from central: https://repo.maven.apache.org/maven2/com/google/http-client/google-http-client-jackson2/1.34.2/google-http-client-jackson2-1.34.2.pom
[INFO] Downloaded from central: https://repo.maven.apache.org/maven2/com/google/http-client/google-http-client-jackson2/1.34.2/google-http-client-jackson2-1.34.2.pom (3.1 kB at 95 kB/s)
[INFO] Downloading from central: https://repo.maven.apache.org/maven2/com/google/cloud/google-cloud-core-http/1.93.0/google-cloud-core-http-1.93.0.pom
[INFO] Downloaded from central: https://repo.maven.apache.org/maven2/com/google/cloud/google-cloud-core-http/1.93.0/google-cloud-core-http-1.93.0.pom (3.2 kB at 87 kB/s)
[INFO] Downloading from central: https://repo.maven.apache.org/maven2/com/google/api-client/google-api-client/1.30.8/google-api-client-1.30.8.pom
[INFO] Downloaded from central: https://repo.maven.apache.org/maven2/com/google/api-client/google-api-client/1.30.8/google-api-client-1.30.8.pom (5.8 kB at 177 kB/s)
[INFO] Downloading from central: https://repo.maven.apache.org/maven2/com/google/api-client/google-api-client-parent/1.30.8/google-api-client-parent-1.30.8.pom
[INFO] Downloaded from central: https://repo.maven.apache.org/maven2/com/google/api-client/google-api-client-parent/1.30.8/google-api-client-parent-1.30.8.pom (21 kB at 701 kB/s)
[INFO] Downloading from central: https://repo.maven.apache.org/maven2/com/google/http-client/google-http-client-bom/1.34.1/google-http-client-bom-1.34.1.pom
[INFO] Downloaded from central: https://repo.maven.apache.org/maven2/com/google/http-client/google-http-client-bom/1.34.1/google-http-client-bom-1.34.1.pom (6.6 kB at 227 kB/s)
[INFO] Downloading from central: https://repo.maven.apache.org/maven2/com/google/oauth-client/google-oauth-client-bom/1.30.5/google-oauth-client-bom-1.30.5.pom
[INFO] Downloaded from central: https://repo.maven.apache.org/maven2/com/google/oauth-client/google-oauth-client-bom/1.30.5/google-oauth-client-bom-1.30.5.pom (5.4 kB at 193 kB/s)
[INFO] Downloading from central: https://repo.maven.apache.org/maven2/com/google/oauth-client/google-oauth-client/1.30.5/google-oauth-client-1.30.5.pom
[INFO] Downloaded from central: https://repo.maven.apache.org/maven2/com/google/oauth-client/google-oauth-client/1.30.5/google-oauth-client-1.30.5.pom (3.6 kB at 115 kB/s)
[INFO] Downloading from central: https://repo.maven.apache.org/maven2/com/google/oauth-client/google-oauth-client-parent/1.30.5/google-oauth-client-parent-1.30.5.pom
[INFO] Downloaded from central: https://repo.maven.apache.org/maven2/com/google/oauth-client/google-oauth-client-parent/1.30.5/google-oauth-client-parent-1.30.5.pom (19 kB at 547 kB/s)
[INFO] Downloading from central: https://repo.maven.apache.org/maven2/com/google/http-client/google-http-client-jackson2/1.34.1/google-http-client-jackson2-1.34.1.pom
[INFO] Downloaded from central: https://repo.maven.apache.org/maven2/com/google/http-client/google-http-client-jackson2/1.34.1/google-http-client-jackson2-1.34.1.pom (3.1 kB at 101 kB/s)
[INFO] Downloading from central: https://repo.maven.apache.org/maven2/com/google/http-client/google-http-client-parent/1.34.1/google-http-client-parent-1.34.1.pom
[INFO] Downloaded from central: https://repo.maven.apache.org/maven2/com/google/http-client/google-http-client-parent/1.34.1/google-http-client-parent-1.34.1.pom (24 kB at 620 kB/s)
[INFO] Downloading from central: https://repo.maven.apache.org/maven2/com/google/http-client/google-http-client/1.34.1/google-http-client-1.34.1.pom
[INFO] Downloaded from central: https://repo.maven.apache.org/maven2/com/google/http-client/google-http-client/1.34.1/google-http-client-1.34.1.pom (5.4 kB at 134 kB/s)
[INFO] Downloading from central: https://repo.maven.apache.org/maven2/androidx/annotation/annotation/1.1.0/annotation-1.1.0.pom
[INFO] Downloading from google: https://maven.google.com/androidx/annotation/annotation/1.1.0/annotation-1.1.0.pom
[INFO] Downloaded from google: https://maven.google.com/androidx/annotation/annotation/1.1.0/annotation-1.1.0.pom (1.3 kB at 4.4 kB/s)
[INFO] Downloading from central: https://repo.maven.apache.org/maven2/com/google/http-client/google-http-client-appengine/1.34.2/google-http-client-appengine-1.34.2.pom
[INFO] Downloaded from central: https://repo.maven.apache.org/maven2/com/google/http-client/google-http-client-appengine/1.34.2/google-http-client-appengine-1.34.2.pom (3.7 kB at 45 kB/s)
[INFO] Downloading from central: https://repo.maven.apache.org/maven2/com/google/api/gax-httpjson/0.71.0/gax-httpjson-0.71.0.pom
[INFO] Downloaded from central: https://repo.maven.apache.org/maven2/com/google/api/gax-httpjson/0.71.0/gax-httpjson-0.71.0.pom (2.9 kB at 48 kB/s)
[INFO] Downloading from central: https://repo.maven.apache.org/maven2/com/google/apis/google-api-services-bigquery/v2-rev20191211-1.30.8/google-api-services-bigquery-v2-rev20191211-1.30.8.pom
[INFO] Downloaded from central: https://repo.maven.apache.org/maven2/com/google/apis/google-api-services-bigquery/v2-rev20191211-1.30.8/google-api-services-bigquery-v2-rev20191211-1.30.8.pom (5.3 kB at 110 kB/s)
[INFO] Downloading from central: https://repo.maven.apache.org/maven2/com/google/cloud/bigtable/bigtable-beam-import/1.15.0/bigtable-beam-import-1.15.0.pom
[INFO] Downloaded from central: https://repo.maven.apache.org/maven2/com/google/cloud/bigtable/bigtable-beam-import/1.15.0/bigtable-beam-import-1.15.0.pom (12 kB at 211 kB/s)
[INFO] Downloading from central: https://repo.maven.apache.org/maven2/com/google/cloud/bigtable/bigtable-dataflow-parent/1.15.0/bigtable-dataflow-parent-1.15.0.pom
[INFO] Downloaded from central: https://repo.maven.apache.org/maven2/com/google/cloud/bigtable/bigtable-dataflow-parent/1.15.0/bigtable-dataflow-parent-1.15.0.pom (2.3 kB at 51 kB/s)
[INFO] Downloading from central: https://repo.maven.apache.org/maven2/com/google/cloud/bigtable/bigtable-client-parent/1.15.0/bigtable-client-parent-1.15.0.pom
[INFO] Downloaded from central: https://repo.maven.apache.org/maven2/com/google/cloud/bigtable/bigtable-client-parent/1.15.0/bigtable-client-parent-1.15.0.pom (11 kB at 220 kB/s)
[INFO] Downloading from central: https://repo.maven.apache.org/maven2/com/google/cloud/bigtable/bigtable-hbase-beam/1.15.0/bigtable-hbase-beam-1.15.0.pom
[INFO] Downloaded from central: https://repo.maven.apache.org/maven2/com/google/cloud/bigtable/bigtable-hbase-beam/1.15.0/bigtable-hbase-beam-1.15.0.pom (9.0 kB at 201 kB/s)
[INFO] Downloading from central: https://repo.maven.apache.org/maven2/org/apache/beam/beam-sdks-java-io-hbase/2.34.0/beam-sdks-java-io-hbase-2.34.0.pom
[INFO] Downloaded from central: https://repo.maven.apache.org/maven2/org/apache/beam/beam-sdks-java-io-hbase/2.34.0/beam-sdks-java-io-hbase-2.34.0.pom (8.5 kB at 154 kB/s)
[INFO] Downloading from central: https://repo.maven.apache.org/maven2/org/apache/beam/beam-sdks-java-io-hadoop-common/2.34.0/beam-sdks-java-io-hadoop-common-2.34.0.pom
[INFO] Downloaded from central: https://repo.maven.apache.org/maven2/org/apache/beam/beam-sdks-java-io-hadoop-common/2.34.0/beam-sdks-java-io-hadoop-common-2.34.0.pom (7.6 kB at 152 kB/s)
[INFO] Downloading from central: https://repo.maven.apache.org/maven2/com/google/cloud/bigtable/bigtable-hbase-1.x-shaded/1.15.0/bigtable-hbase-1.x-shaded-1.15.0.pom
[INFO] Downloaded from central: https://repo.maven.apache.org/maven2/com/google/cloud/bigtable/bigtable-hbase-1.x-shaded/1.15.0/bigtable-hbase-1.x-shaded-1.15.0.pom (9.7 kB at 194 kB/s)
[INFO] Downloading from central: https://repo.maven.apache.org/maven2/com/google/cloud/bigtable/bigtable-hbase-1.x-parent/1.15.0/bigtable-hbase-1.x-parent-1.15.0.pom
[INFO] Downloaded from central: https://repo.maven.apache.org/maven2/com/google/cloud/bigtable/bigtable-hbase-1.x-parent/1.15.0/bigtable-hbase-1.x-parent-1.15.0.pom (2.8 kB at 62 kB/s)
[INFO] Downloading from central: https://repo.maven.apache.org/maven2/com/google/cloud/google-cloud-bigtable-bom/1.11.0/google-cloud-bigtable-bom-1.11.0.pom
[INFO] Downloaded from central: https://repo.maven.apache.org/maven2/com/google/cloud/google-cloud-bigtable-bom/1.11.0/google-cloud-bigtable-bom-1.11.0.pom (0 B at 0 B/s)
[INFO] Downloading from central: https://repo.maven.apache.org/maven2/com/google/cloud/google-cloud-bigtable-deps-bom/1.11.0/google-cloud-bigtable-deps-bom-1.11.0.pom
[INFO] Downloaded from central: https://repo.maven.apache.org/maven2/com/google/cloud/google-cloud-bigtable-deps-bom/1.11.0/google-cloud-bigtable-deps-bom-1.11.0.pom (9.2 kB at 39 kB/s)
[INFO] Downloading from central: https://repo.maven.apache.org/maven2/com/google/cloud/google-cloud-core-bom/1.93.1/google-cloud-core-bom-1.93.1.pom
[INFO] Downloaded from central: https://repo.maven.apache.org/maven2/com/google/cloud/google-cloud-core-bom/1.93.1/google-cloud-core-bom-1.93.1.pom (3.0 kB at 62 kB/s)
[INFO] Downloading from central: https://repo.maven.apache.org/maven2/org/apache/hbase/hbase-shaded-client/1.4.12/hbase-shaded-client-1.4.12.pom
[INFO] Downloaded from central: https://repo.maven.apache.org/maven2/org/apache/hbase/hbase-shaded-client/1.4.12/hbase-shaded-client-1.4.12.pom (17 kB at 324 kB/s)
[INFO] Downloading from central: https://repo.maven.apache.org/maven2/org/apache/hbase/hbase-shaded/1.4.12/hbase-shaded-1.4.12.pom
[INFO] Downloaded from central: https://repo.maven.apache.org/maven2/org/apache/hbase/hbase-shaded/1.4.12/hbase-shaded-1.4.12.pom (26 kB at 461 kB/s)
[INFO] Downloading from central: https://repo.maven.apache.org/maven2/org/apache/hbase/hbase/1.4.12/hbase-1.4.12.pom
[INFO] Downloaded from central: https://repo.maven.apache.org/maven2/org/apache/hbase/hbase/1.4.12/hbase-1.4.12.pom (115 kB at 2.0 MB/s)
[INFO] Downloading from central: https://repo.maven.apache.org/maven2/com/google/cloud/bigtable/bigtable-client-core/1.15.0/bigtable-client-core-1.15.0.pom
[INFO] Downloaded from central: https://repo.maven.apache.org/maven2/com/google/cloud/bigtable/bigtable-client-core/1.15.0/bigtable-client-core-1.15.0.pom (9.0 kB at 167 kB/s)
[INFO] Downloading from central: https://repo.maven.apache.org/maven2/com/google/cloud/bigtable/bigtable-client-core-parent/1.15.0/bigtable-client-core-parent-1.15.0.pom
[INFO] Downloaded from central: https://repo.maven.apache.org/maven2/com/google/cloud/bigtable/bigtable-client-core-parent/1.15.0/bigtable-client-core-parent-1.15.0.pom (1.5 kB at 5.6 kB/s)
[INFO] Downloading from central: https://repo.maven.apache.org/maven2/com/google/cloud/google-cloud-bigtable/1.11.0/google-cloud-bigtable-1.11.0.pom
[INFO] Downloaded from central: https://repo.maven.apache.org/maven2/com/google/cloud/google-cloud-bigtable/1.11.0/google-cloud-bigtable-1.11.0.pom (15 kB at 63 kB/s)
[INFO] Downloading from central: https://repo.maven.apache.org/maven2/com/google/cloud/google-cloud-bigtable-parent/1.11.0/google-cloud-bigtable-parent-1.11.0.pom
[INFO] Downloaded from central: https://repo.maven.apache.org/maven2/com/google/cloud/google-cloud-bigtable-parent/1.11.0/google-cloud-bigtable-parent-1.11.0.pom (14 kB at 268 kB/s)
[INFO] Downloading from central: https://repo.maven.apache.org/maven2/com/google/api/gax-grpc/1.54.0/gax-grpc-1.54.0.pom
[INFO] Downloaded from central: https://repo.maven.apache.org/maven2/com/google/api/gax-grpc/1.54.0/gax-grpc-1.54.0.pom (3.6 kB at 90 kB/s)
[INFO] Downloading from central: https://repo.maven.apache.org/maven2/io/grpc/grpc-stub/1.27.2/grpc-stub-1.27.2.pom
[INFO] Downloaded from central: https://repo.maven.apache.org/maven2/io/grpc/grpc-stub/1.27.2/grpc-stub-1.27.2.pom (1.4 kB at 27 kB/s)
[INFO] Downloading from central: https://repo.maven.apache.org/maven2/io/grpc/grpc-api/1.27.2/grpc-api-1.27.2.pom
[INFO] Downloaded from central: https://repo.maven.apache.org/maven2/io/grpc/grpc-api/1.27.2/grpc-api-1.27.2.pom (2.6 kB at 59 kB/s)
[INFO] Downloading from central: https://repo.maven.apache.org/maven2/io/grpc/grpc-auth/1.27.2/grpc-auth-1.27.2.pom
[INFO] Downloaded from central: https://repo.maven.apache.org/maven2/io/grpc/grpc-auth/1.27.2/grpc-auth-1.27.2.pom (1.6 kB at 33 kB/s)
[INFO] Downloading from central: https://repo.maven.apache.org/maven2/com/google/auth/google-auth-library-credentials/0.19.0/google-auth-library-credentials-0.19.0.pom
[INFO] Downloaded from central: https://repo.maven.apache.org/maven2/com/google/auth/google-auth-library-credentials/0.19.0/google-auth-library-credentials-0.19.0.pom (2.0 kB at 38 kB/s)
[INFO] Downloading from central: https://repo.maven.apache.org/maven2/com/google/auth/google-auth-library-parent/0.19.0/google-auth-library-parent-0.19.0.pom
[INFO] Downloaded from central: https://repo.maven.apache.org/maven2/com/google/auth/google-auth-library-parent/0.19.0/google-auth-library-parent-0.19.0.pom (14 kB at 289 kB/s)
[INFO] Downloading from central: https://repo.maven.apache.org/maven2/io/grpc/grpc-protobuf/1.27.2/grpc-protobuf-1.27.2.pom
[INFO] Downloaded from central: https://repo.maven.apache.org/maven2/io/grpc/grpc-protobuf/1.27.2/grpc-protobuf-1.27.2.pom (3.1 kB at 61 kB/s)
[INFO] Downloading from central: https://repo.maven.apache.org/maven2/io/grpc/grpc-protobuf-lite/1.27.2/grpc-protobuf-lite-1.27.2.pom
[INFO] Downloaded from central: https://repo.maven.apache.org/maven2/io/grpc/grpc-protobuf-lite/1.27.2/grpc-protobuf-lite-1.27.2.pom (2.3 kB at 42 kB/s)
[INFO] Downloading from central: https://repo.maven.apache.org/maven2/io/grpc/grpc-netty-shaded/1.27.2/grpc-netty-shaded-1.27.2.pom
[INFO] Downloaded from central: https://repo.maven.apache.org/maven2/io/grpc/grpc-netty-shaded/1.27.2/grpc-netty-shaded-1.27.2.pom (1.4 kB at 32 kB/s)
[INFO] Downloading from central: https://repo.maven.apache.org/maven2/io/grpc/grpc-core/1.27.2/grpc-core-1.27.2.pom
[INFO] Downloaded from central: https://repo.maven.apache.org/maven2/io/grpc/grpc-core/1.27.2/grpc-core-1.27.2.pom (2.3 kB at 55 kB/s)
[INFO] Downloading from central: https://repo.maven.apache.org/maven2/io/grpc/grpc-alts/1.27.2/grpc-alts-1.27.2.pom
[INFO] Downloaded from central: https://repo.maven.apache.org/maven2/io/grpc/grpc-alts/1.27.2/grpc-alts-1.27.2.pom (3.3 kB at 71 kB/s)
[INFO] Downloading from central: https://repo.maven.apache.org/maven2/io/grpc/grpc-grpclb/1.27.2/grpc-grpclb-1.27.2.pom
[INFO] Downloaded from central: https://repo.maven.apache.org/maven2/io/grpc/grpc-grpclb/1.27.2/grpc-grpclb-1.27.2.pom (2.5 kB at 50 kB/s)
[INFO] Downloading from central: https://repo.maven.apache.org/maven2/org/conscrypt/conscrypt-openjdk-uber/2.2.1/conscrypt-openjdk-uber-2.2.1.pom
[INFO] Downloaded from central: https://repo.maven.apache.org/maven2/org/conscrypt/conscrypt-openjdk-uber/2.2.1/conscrypt-openjdk-uber-2.2.1.pom (1.3 kB at 27 kB/s)
[INFO] Downloading from central: https://repo.maven.apache.org/maven2/com/google/auth/google-auth-library-oauth2-http/0.19.0/google-auth-library-oauth2-http-0.19.0.pom
[INFO] Downloaded from central: https://repo.maven.apache.org/maven2/com/google/auth/google-auth-library-oauth2-http/0.19.0/google-auth-library-oauth2-http-0.19.0.pom (3.2 kB at 72 kB/s)
[INFO] Downloading from central: https://repo.maven.apache.org/maven2/com/google/api/grpc/proto-google-cloud-bigtable-v2/1.11.0/proto-google-cloud-bigtable-v2-1.11.0.pom
[INFO] Downloaded from central: https://repo.maven.apache.org/maven2/com/google/api/grpc/proto-google-cloud-bigtable-v2/1.11.0/proto-google-cloud-bigtable-v2-1.11.0.pom (2.1 kB at 48 kB/s)
[INFO] Downloading from central: https://repo.maven.apache.org/maven2/com/google/api/grpc/proto-google-cloud-bigtable-admin-v2/1.11.0/proto-google-cloud-bigtable-admin-v2-1.11.0.pom
[INFO] Downloaded from central: https://repo.maven.apache.org/maven2/com/google/api/grpc/proto-google-cloud-bigtable-admin-v2/1.11.0/proto-google-cloud-bigtable-admin-v2-1.11.0.pom (2.3 kB at 9.4 kB/s)
[INFO] Downloading from central: https://repo.maven.apache.org/maven2/com/google/cloud/google-cloud-core/1.93.1/google-cloud-core-1.93.1.pom
[INFO] Downloaded from central: https://repo.maven.apache.org/maven2/com/google/cloud/google-cloud-core/1.93.1/google-cloud-core-1.93.1.pom (3.5 kB at 66 kB/s)
[INFO] Downloading from central: https://repo.maven.apache.org/maven2/com/google/cloud/google-cloud-core-parent/1.93.1/google-cloud-core-parent-1.93.1.pom
[INFO] Downloaded from central: https://repo.maven.apache.org/maven2/com/google/cloud/google-cloud-core-parent/1.93.1/google-cloud-core-parent-1.93.1.pom (14 kB at 245 kB/s)
[INFO] Downloading from central: https://repo.maven.apache.org/maven2/com/google/api-client/google-api-client-bom/1.30.9/google-api-client-bom-1.30.9.pom
[INFO] Downloaded from central: https://repo.maven.apache.org/maven2/com/google/api-client/google-api-client-bom/1.30.9/google-api-client-bom-1.30.9.pom (6.5 kB at 99 kB/s)
[INFO] Downloading from central: https://repo.maven.apache.org/maven2/io/opencensus/opencensus-api/0.25.0/opencensus-api-0.25.0.pom
[INFO] Downloaded from central: https://repo.maven.apache.org/maven2/io/opencensus/opencensus-api/0.25.0/opencensus-api-0.25.0.pom (2.2 kB at 38 kB/s)
[INFO] Downloading from central: https://repo.maven.apache.org/maven2/io/grpc/grpc-context/1.25.0/grpc-context-1.25.0.pom
[INFO] Downloaded from central: https://repo.maven.apache.org/maven2/io/grpc/grpc-context/1.25.0/grpc-context-1.25.0.pom (1.2 kB at 23 kB/s)
[INFO] Downloading from central: https://repo.maven.apache.org/maven2/com/google/api/grpc/grpc-google-common-protos/1.17.0/grpc-google-common-protos-1.17.0.pom
[INFO] Downloaded from central: https://repo.maven.apache.org/maven2/com/google/api/grpc/grpc-google-common-protos/1.17.0/grpc-google-common-protos-1.17.0.pom (2.5 kB at 48 kB/s)
[INFO] Downloading from central: https://repo.maven.apache.org/maven2/io/grpc/grpc-stub/1.23.0/grpc-stub-1.23.0.pom
[INFO] Downloaded from central: https://repo.maven.apache.org/maven2/io/grpc/grpc-stub/1.23.0/grpc-stub-1.23.0.pom (1.4 kB at 31 kB/s)
[INFO] Downloading from central: https://repo.maven.apache.org/maven2/io/grpc/grpc-api/1.23.0/grpc-api-1.23.0.pom
[INFO] Downloaded from central: https://repo.maven.apache.org/maven2/io/grpc/grpc-api/1.23.0/grpc-api-1.23.0.pom (2.6 kB at 55 kB/s)
[INFO] Downloading from central: https://repo.maven.apache.org/maven2/io/grpc/grpc-context/1.23.0/grpc-context-1.23.0.pom
[INFO] Downloaded from central: https://repo.maven.apache.org/maven2/io/grpc/grpc-context/1.23.0/grpc-context-1.23.0.pom (1.2 kB at 25 kB/s)
[INFO] Downloading from central: https://repo.maven.apache.org/maven2/io/grpc/grpc-protobuf/1.23.0/grpc-protobuf-1.23.0.pom
[INFO] Downloaded from central: https://repo.maven.apache.org/maven2/io/grpc/grpc-protobuf/1.23.0/grpc-protobuf-1.23.0.pom (3.1 kB at 63 kB/s)
[INFO] Downloading from central: https://repo.maven.apache.org/maven2/com/google/protobuf/protobuf-java/3.9.0/protobuf-java-3.9.0.pom
[INFO] Downloaded from central: https://repo.maven.apache.org/maven2/com/google/protobuf/protobuf-java/3.9.0/protobuf-java-3.9.0.pom (5.3 kB at 111 kB/s)
[INFO] Downloading from central: https://repo.maven.apache.org/maven2/com/google/protobuf/protobuf-parent/3.9.0/protobuf-parent-3.9.0.pom
[INFO] Downloaded from central: https://repo.maven.apache.org/maven2/com/google/protobuf/protobuf-parent/3.9.0/protobuf-parent-3.9.0.pom (7.4 kB at 155 kB/s)
[INFO] Downloading from central: https://repo.maven.apache.org/maven2/com/google/protobuf/protobuf-bom/3.9.0/protobuf-bom-3.9.0.pom
[INFO] Downloaded from central: https://repo.maven.apache.org/maven2/com/google/protobuf/protobuf-bom/3.9.0/protobuf-bom-3.9.0.pom (3.6 kB at 74 kB/s)
[INFO] Downloading from central: https://repo.maven.apache.org/maven2/io/grpc/grpc-protobuf-lite/1.23.0/grpc-protobuf-lite-1.23.0.pom
[INFO] Downloaded from central: https://repo.maven.apache.org/maven2/io/grpc/grpc-protobuf-lite/1.23.0/grpc-protobuf-lite-1.23.0.pom (2.3 kB at 46 kB/s)
[INFO] Downloading from central: https://repo.maven.apache.org/maven2/com/google/api/grpc/grpc-google-cloud-bigtable-v2/1.11.0/grpc-google-cloud-bigtable-v2-1.11.0.pom
[INFO] Downloaded from central: https://repo.maven.apache.org/maven2/com/google/api/grpc/grpc-google-cloud-bigtable-v2/1.11.0/grpc-google-cloud-bigtable-v2-1.11.0.pom (3.0 kB at 59 kB/s)
[INFO] Downloading from central: https://repo.maven.apache.org/maven2/com/google/api/grpc/grpc-google-cloud-bigtable-admin-v2/1.11.0/grpc-google-cloud-bigtable-admin-v2-1.11.0.pom
[INFO] Downloaded from central: https://repo.maven.apache.org/maven2/com/google/api/grpc/grpc-google-cloud-bigtable-admin-v2/1.11.0/grpc-google-cloud-bigtable-admin-v2-1.11.0.pom (3.3 kB at 68 kB/s)
[INFO] Downloading from central: https://repo.maven.apache.org/maven2/com/google/cloud/google-cloud-core-http/1.93.1/google-cloud-core-http-1.93.1.pom
[INFO] Downloaded from central: https://repo.maven.apache.org/maven2/com/google/cloud/google-cloud-core-http/1.93.1/google-cloud-core-http-1.93.1.pom (3.2 kB at 49 kB/s)
[INFO] Downloading from central: https://repo.maven.apache.org/maven2/com/google/api-client/google-api-client/1.30.9/google-api-client-1.30.9.pom
[INFO] Downloaded from central: https://repo.maven.apache.org/maven2/com/google/api-client/google-api-client/1.30.9/google-api-client-1.30.9.pom (5.5 kB at 102 kB/s)
[INFO] Downloading from central: https://repo.maven.apache.org/maven2/com/google/api-client/google-api-client-parent/1.30.9/google-api-client-parent-1.30.9.pom
[INFO] Downloaded from central: https://repo.maven.apache.org/maven2/com/google/api-client/google-api-client-parent/1.30.9/google-api-client-parent-1.30.9.pom (21 kB at 405 kB/s)
[INFO] Downloading from central: https://repo.maven.apache.org/maven2/io/opencensus/opencensus-contrib-grpc-util/0.25.0/opencensus-contrib-grpc-util-0.25.0.pom
[INFO] Downloaded from central: https://repo.maven.apache.org/maven2/io/opencensus/opencensus-contrib-grpc-util/0.25.0/opencensus-contrib-grpc-util-0.25.0.pom (2.9 kB at 53 kB/s)
[INFO] Downloading from central: https://repo.maven.apache.org/maven2/io/grpc/grpc-core/1.25.0/grpc-core-1.25.0.pom
[INFO] Downloaded from central: https://repo.maven.apache.org/maven2/io/grpc/grpc-core/1.25.0/grpc-core-1.25.0.pom (3.2 kB at 71 kB/s)
[INFO] Downloading from central: https://repo.maven.apache.org/maven2/io/grpc/grpc-api/1.25.0/grpc-api-1.25.0.pom
[INFO] Downloaded from central: https://repo.maven.apache.org/maven2/io/grpc/grpc-api/1.25.0/grpc-api-1.25.0.pom (2.6 kB at 55 kB/s)
[INFO] Downloading from central: https://repo.maven.apache.org/maven2/org/apache/beam/beam-sdks-java-io-parquet/2.34.0/beam-sdks-java-io-parquet-2.34.0.pom
[INFO] Downloaded from central: https://repo.maven.apache.org/maven2/org/apache/beam/beam-sdks-java-io-parquet/2.34.0/beam-sdks-java-io-parquet-2.34.0.pom (13 kB at 248 kB/s)
[INFO] Downloading from central: https://repo.maven.apache.org/maven2/org/apache/parquet/parquet-avro/1.12.0/parquet-avro-1.12.0.pom
[INFO] Downloaded from central: https://repo.maven.apache.org/maven2/org/apache/parquet/parquet-avro/1.12.0/parquet-avro-1.12.0.pom (8.0 kB at 143 kB/s)
[INFO] Downloading from central: https://repo.maven.apache.org/maven2/org/apache/parquet/parquet/1.12.0/parquet-1.12.0.pom
[INFO] Downloaded from central: https://repo.maven.apache.org/maven2/org/apache/parquet/parquet/1.12.0/parquet-1.12.0.pom (22 kB at 402 kB/s)
[INFO] Downloading from central: https://repo.maven.apache.org/maven2/org/apache/parquet/parquet-column/1.12.0/parquet-column-1.12.0.pom
[INFO] Downloaded from central: https://repo.maven.apache.org/maven2/org/apache/parquet/parquet-column/1.12.0/parquet-column-1.12.0.pom (5.6 kB at 101 kB/s)
[INFO] Downloading from central: https://repo.maven.apache.org/maven2/org/apache/parquet/parquet-common/1.12.0/parquet-common-1.12.0.pom
[INFO] Downloaded from central: https://repo.maven.apache.org/maven2/org/apache/parquet/parquet-common/1.12.0/parquet-common-1.12.0.pom (3.6 kB at 73 kB/s)
[INFO] Downloading from central: https://repo.maven.apache.org/maven2/org/apache/parquet/parquet-format-structures/1.12.0/parquet-format-structures-1.12.0.pom
[INFO] Downloaded from central: https://repo.maven.apache.org/maven2/org/apache/parquet/parquet-format-structures/1.12.0/parquet-format-structures-1.12.0.pom (7.2 kB at 147 kB/s)
[INFO] Downloading from central: https://repo.maven.apache.org/maven2/org/apache/parquet/parquet-encoding/1.12.0/parquet-encoding-1.12.0.pom
[INFO] Downloaded from central: https://repo.maven.apache.org/maven2/org/apache/parquet/parquet-encoding/1.12.0/parquet-encoding-1.12.0.pom (3.1 kB at 59 kB/s)
[INFO] Downloading from central: https://repo.maven.apache.org/maven2/org/apache/parquet/parquet-hadoop/1.12.0/parquet-hadoop-1.12.0.pom
[INFO] Downloaded from central: https://repo.maven.apache.org/maven2/org/apache/parquet/parquet-hadoop/1.12.0/parquet-hadoop-1.12.0.pom (7.1 kB at 150 kB/s)
[INFO] Downloading from central: https://repo.maven.apache.org/maven2/org/apache/parquet/parquet-jackson/1.12.0/parquet-jackson-1.12.0.pom
[INFO] Downloaded from central: https://repo.maven.apache.org/maven2/org/apache/parquet/parquet-jackson/1.12.0/parquet-jackson-1.12.0.pom (2.9 kB at 57 kB/s)
[INFO] Downloading from central: https://repo.maven.apache.org/maven2/org/xerial/snappy/snappy-java/1.1.8/snappy-java-1.1.8.pom
[INFO] Downloaded from central: https://repo.maven.apache.org/maven2/org/xerial/snappy/snappy-java/1.1.8/snappy-java-1.1.8.pom (3.5 kB at 75 kB/s)
[INFO] Downloading from central: https://repo.maven.apache.org/maven2/com/github/luben/zstd-jni/1.4.9-1/zstd-jni-1.4.9-1.pom
[INFO] Downloaded from central: https://repo.maven.apache.org/maven2/com/github/luben/zstd-jni/1.4.9-1/zstd-jni-1.4.9-1.pom (1.9 kB at 42 kB/s)
[INFO] Downloading from central: https://repo.maven.apache.org/maven2/org/apache/avro/avro/1.10.1/avro-1.10.1.pom
[INFO] Downloaded from central: https://repo.maven.apache.org/maven2/org/apache/avro/avro/1.10.1/avro-1.10.1.pom (9.5 kB at 211 kB/s)
[INFO] Downloading from central: https://repo.maven.apache.org/maven2/org/apache/avro/avro-parent/1.10.1/avro-parent-1.10.1.pom
[INFO] Downloaded from central: https://repo.maven.apache.org/maven2/org/apache/avro/avro-parent/1.10.1/avro-parent-1.10.1.pom (24 kB at 487 kB/s)
[INFO] Downloading from central: https://repo.maven.apache.org/maven2/org/apache/avro/avro-toplevel/1.10.1/avro-toplevel-1.10.1.pom
[INFO] Downloaded from central: https://repo.maven.apache.org/maven2/org/apache/avro/avro-toplevel/1.10.1/avro-toplevel-1.10.1.pom (21 kB at 436 kB/s)
[INFO] Downloading from central: https://repo.maven.apache.org/maven2/org/apache/kafka/kafka-clients/1.0.0/kafka-clients-1.0.0.pom
[INFO] Downloaded from central: https://repo.maven.apache.org/maven2/org/apache/kafka/kafka-clients/1.0.0/kafka-clients-1.0.0.pom (0 B at 0 B/s)
[INFO] Downloading from central: https://repo.maven.apache.org/maven2/org/lz4/lz4-java/1.4/lz4-java-1.4.pom
[INFO] Downloaded from central: https://repo.maven.apache.org/maven2/org/lz4/lz4-java/1.4/lz4-java-1.4.pom (2.0 kB at 40 kB/s)
[INFO] Downloading from central: https://repo.maven.apache.org/maven2/com/google/cloud/google-cloud-dlp/2.1.0/google-cloud-dlp-2.1.0.pom
[INFO] Downloaded from central: https://repo.maven.apache.org/maven2/com/google/cloud/google-cloud-dlp/2.1.0/google-cloud-dlp-2.1.0.pom (30 kB at 554 kB/s)
[INFO] Downloading from central: https://repo.maven.apache.org/maven2/io/grpc/grpc-api/1.31.0/grpc-api-1.31.0.pom
[INFO] Downloaded from central: https://repo.maven.apache.org/maven2/io/grpc/grpc-api/1.31.0/grpc-api-1.31.0.pom (2.6 kB at 61 kB/s)
[INFO] Downloading from central: https://repo.maven.apache.org/maven2/io/grpc/grpc-context/1.31.0/grpc-context-1.31.0.pom
[INFO] Downloaded from central: https://repo.maven.apache.org/maven2/io/grpc/grpc-context/1.31.0/grpc-context-1.31.0.pom (1.2 kB at 18 kB/s)
[INFO] Downloading from central: https://repo.maven.apache.org/maven2/io/grpc/grpc-stub/1.31.0/grpc-stub-1.31.0.pom
[INFO] Downloaded from central: https://repo.maven.apache.org/maven2/io/grpc/grpc-stub/1.31.0/grpc-stub-1.31.0.pom (2.6 kB at 38 kB/s)
[INFO] Downloading from central: https://repo.maven.apache.org/maven2/io/grpc/grpc-protobuf/1.31.0/grpc-protobuf-1.31.0.pom
[INFO] Downloaded from central: https://repo.maven.apache.org/maven2/io/grpc/grpc-protobuf/1.31.0/grpc-protobuf-1.31.0.pom (3.7 kB at 46 kB/s)
[INFO] Downloading from central: https://repo.maven.apache.org/maven2/io/grpc/grpc-protobuf-lite/1.31.0/grpc-protobuf-lite-1.31.0.pom
[INFO] Downloaded from central: https://repo.maven.apache.org/maven2/io/grpc/grpc-protobuf-lite/1.31.0/grpc-protobuf-lite-1.31.0.pom (2.9 kB at 35 kB/s)
[INFO] Downloading from central: https://repo.maven.apache.org/maven2/com/google/api/api-common/1.10.0/api-common-1.10.0.pom
[INFO] Downloaded from central: https://repo.maven.apache.org/maven2/com/google/api/api-common/1.10.0/api-common-1.10.0.pom (2.3 kB at 41 kB/s)
[INFO] Downloading from central: https://repo.maven.apache.org/maven2/com/google/auto/value/auto-value-annotations/1.7.2/auto-value-annotations-1.7.2.pom
[INFO] Downloaded from central: https://repo.maven.apache.org/maven2/com/google/auto/value/auto-value-annotations/1.7.2/auto-value-annotations-1.7.2.pom (2.7 kB at 51 kB/s)
[INFO] Downloading from central: https://repo.maven.apache.org/maven2/com/google/auto/value/auto-value-parent/1.7.2/auto-value-parent-1.7.2.pom
[INFO] Downloaded from central: https://repo.maven.apache.org/maven2/com/google/auto/value/auto-value-parent/1.7.2/auto-value-parent-1.7.2.pom (6.1 kB at 125 kB/s)
[INFO] Downloading from central: https://repo.maven.apache.org/maven2/com/google/protobuf/protobuf-java/3.12.4/protobuf-java-3.12.4.pom
[INFO] Downloaded from central: https://repo.maven.apache.org/maven2/com/google/protobuf/protobuf-java/3.12.4/protobuf-java-3.12.4.pom (5.6 kB at 126 kB/s)
[INFO] Downloading from central: https://repo.maven.apache.org/maven2/com/google/protobuf/protobuf-parent/3.12.4/protobuf-parent-3.12.4.pom
[INFO] Downloaded from central: https://repo.maven.apache.org/maven2/com/google/protobuf/protobuf-parent/3.12.4/protobuf-parent-3.12.4.pom (7.7 kB at 167 kB/s)
[INFO] Downloading from central: https://repo.maven.apache.org/maven2/com/google/protobuf/protobuf-bom/3.12.4/protobuf-bom-3.12.4.pom
[INFO] Downloaded from central: https://repo.maven.apache.org/maven2/com/google/protobuf/protobuf-bom/3.12.4/protobuf-bom-3.12.4.pom (3.5 kB at 72 kB/s)
[INFO] Downloading from central: https://repo.maven.apache.org/maven2/com/google/api/grpc/proto-google-common-protos/1.18.0/proto-google-common-protos-1.18.0.pom
[INFO] Downloaded from central: https://repo.maven.apache.org/maven2/com/google/api/grpc/proto-google-common-protos/1.18.0/proto-google-common-protos-1.18.0.pom (2.2 kB at 46 kB/s)
[INFO] Downloading from central: https://repo.maven.apache.org/maven2/com/google/api/grpc/proto-google-cloud-dlp-v2/2.1.0/proto-google-cloud-dlp-v2-2.1.0.pom
[INFO] Downloaded from central: https://repo.maven.apache.org/maven2/com/google/api/grpc/proto-google-cloud-dlp-v2/2.1.0/proto-google-cloud-dlp-v2-2.1.0.pom (6.4 kB at 136 kB/s)
[INFO] Downloading from central: https://repo.maven.apache.org/maven2/com/google/api/gax/1.58.2/gax-1.58.2.pom
[INFO] Downloaded from central: https://repo.maven.apache.org/maven2/com/google/api/gax/1.58.2/gax-1.58.2.pom (2.3 kB at 48 kB/s)
[INFO] Downloading from central: https://repo.maven.apache.org/maven2/com/google/auth/google-auth-library-oauth2-http/0.21.1/google-auth-library-oauth2-http-0.21.1.pom
[INFO] Downloaded from central: https://repo.maven.apache.org/maven2/com/google/auth/google-auth-library-oauth2-http/0.21.1/google-auth-library-oauth2-http-0.21.1.pom (3.2 kB at 61 kB/s)
[INFO] Downloading from central: https://repo.maven.apache.org/maven2/com/google/auth/google-auth-library-parent/0.21.1/google-auth-library-parent-0.21.1.pom
[INFO] Downloaded from central: https://repo.maven.apache.org/maven2/com/google/auth/google-auth-library-parent/0.21.1/google-auth-library-parent-0.21.1.pom (15 kB at 283 kB/s)
[INFO] Downloading from central: https://repo.maven.apache.org/maven2/com/google/http-client/google-http-client-bom/1.36.0/google-http-client-bom-1.36.0.pom
[INFO] Downloaded from central: https://repo.maven.apache.org/maven2/com/google/http-client/google-http-client-bom/1.36.0/google-http-client-bom-1.36.0.pom (7.1 kB at 131 kB/s)
[INFO] Downloading from central: https://repo.maven.apache.org/maven2/com/google/http-client/google-http-client/1.36.0/google-http-client-1.36.0.pom
[INFO] Downloaded from central: https://repo.maven.apache.org/maven2/com/google/http-client/google-http-client/1.36.0/google-http-client-1.36.0.pom (5.9 kB at 118 kB/s)
[INFO] Downloading from central: https://repo.maven.apache.org/maven2/com/google/http-client/google-http-client-parent/1.36.0/google-http-client-parent-1.36.0.pom
[INFO] Downloaded from central: https://repo.maven.apache.org/maven2/com/google/http-client/google-http-client-parent/1.36.0/google-http-client-parent-1.36.0.pom (25 kB at 451 kB/s)
[INFO] Downloading from central: https://repo.maven.apache.org/maven2/com/google/http-client/google-http-client-jackson2/1.36.0/google-http-client-jackson2-1.36.0.pom
[INFO] Downloaded from central: https://repo.maven.apache.org/maven2/com/google/http-client/google-http-client-jackson2/1.36.0/google-http-client-jackson2-1.36.0.pom (3.1 kB at 65 kB/s)
[INFO] Downloading from central: https://repo.maven.apache.org/maven2/com/google/api/gax-grpc/1.58.2/gax-grpc-1.58.2.pom
[INFO] Downloaded from central: https://repo.maven.apache.org/maven2/com/google/api/gax-grpc/1.58.2/gax-grpc-1.58.2.pom (3.6 kB at 78 kB/s)
[INFO] Downloading from central: https://repo.maven.apache.org/maven2/io/grpc/grpc-auth/1.31.0/grpc-auth-1.31.0.pom
[INFO] Downloaded from central: https://repo.maven.apache.org/maven2/io/grpc/grpc-auth/1.31.0/grpc-auth-1.31.0.pom (2.8 kB at 60 kB/s)
[INFO] Downloading from central: https://repo.maven.apache.org/maven2/com/google/auth/google-auth-library-credentials/0.21.1/google-auth-library-credentials-0.21.1.pom
[INFO] Downloaded from central: https://repo.maven.apache.org/maven2/com/google/auth/google-auth-library-credentials/0.21.1/google-auth-library-credentials-0.21.1.pom (2.0 kB at 39 kB/s)
[INFO] Downloading from central: https://repo.maven.apache.org/maven2/io/grpc/grpc-netty-shaded/1.31.0/grpc-netty-shaded-1.31.0.pom
[INFO] Downloaded from central: https://repo.maven.apache.org/maven2/io/grpc/grpc-netty-shaded/1.31.0/grpc-netty-shaded-1.31.0.pom (1.4 kB at 31 kB/s)
[INFO] Downloading from central: https://repo.maven.apache.org/maven2/io/grpc/grpc-alts/1.31.0/grpc-alts-1.31.0.pom
[INFO] Downloaded from central: https://repo.maven.apache.org/maven2/io/grpc/grpc-alts/1.31.0/grpc-alts-1.31.0.pom (3.2 kB at 72 kB/s)
[INFO] Downloading from central: https://repo.maven.apache.org/maven2/io/grpc/grpc-grpclb/1.31.0/grpc-grpclb-1.31.0.pom
[INFO] Downloaded from central: https://repo.maven.apache.org/maven2/io/grpc/grpc-grpclb/1.31.0/grpc-grpclb-1.31.0.pom (3.7 kB at 66 kB/s)
[INFO] Downloading from central: https://repo.maven.apache.org/maven2/com/google/protobuf/protobuf-java-util/3.12.4/protobuf-java-util-3.12.4.pom
[INFO] Downloaded from central: https://repo.maven.apache.org/maven2/com/google/protobuf/protobuf-java-util/3.12.4/protobuf-java-util-3.12.4.pom (4.8 kB at 85 kB/s)
[INFO] Downloading from central: https://repo.maven.apache.org/maven2/com/google/cloud/google-cloud-kms/1.40.0/google-cloud-kms-1.40.0.pom
[INFO] Downloaded from central: https://repo.maven.apache.org/maven2/com/google/cloud/google-cloud-kms/1.40.0/google-cloud-kms-1.40.0.pom (31 kB at 625 kB/s)
[INFO] Downloading from central: https://repo.maven.apache.org/maven2/com/google/api/grpc/proto-google-cloud-kms-v1/0.87.0/proto-google-cloud-kms-v1-0.87.0.pom
[INFO] Downloaded from central: https://repo.maven.apache.org/maven2/com/google/api/grpc/proto-google-cloud-kms-v1/0.87.0/proto-google-cloud-kms-v1-0.87.0.pom (6.4 kB at 123 kB/s)
[INFO] Downloading from central: https://repo.maven.apache.org/maven2/io/grpc/grpc-core/1.31.0/grpc-core-1.31.0.pom
[INFO] Downloaded from central: https://repo.maven.apache.org/maven2/io/grpc/grpc-core/1.31.0/grpc-core-1.31.0.pom (3.4 kB at 53 kB/s)
[INFO] Downloading from central: https://repo.maven.apache.org/maven2/org/tensorflow/proto/1.15.0/proto-1.15.0.pom
[INFO] Downloaded from central: https://repo.maven.apache.org/maven2/org/tensorflow/proto/1.15.0/proto-1.15.0.pom (1.8 kB at 36 kB/s)
[INFO] Downloading from central: https://repo.maven.apache.org/maven2/org/tensorflow/parentpom/1.15.0/parentpom-1.15.0.pom
[INFO] Downloaded from central: https://repo.maven.apache.org/maven2/org/tensorflow/parentpom/1.15.0/parentpom-1.15.0.pom (3.6 kB at 68 kB/s)
[INFO] Downloading from central: https://repo.maven.apache.org/maven2/org/apache/beam/beam-sdks-java-core/2.34.0/beam-sdks-java-core-2.34.0.jar
[INFO] Downloading from central: https://repo.maven.apache.org/maven2/org/apache/beam/beam-model-job-management/2.34.0/beam-model-job-management-2.34.0.jar
[INFO] Downloading from central: https://repo.maven.apache.org/maven2/org/apache/beam/beam-model-pipeline/2.34.0/beam-model-pipeline-2.34.0.jar
[INFO] Downloading from central: https://repo.maven.apache.org/maven2/org/apache/beam/beam-vendor-bytebuddy-1_11_0/0.1/beam-vendor-bytebuddy-1_11_0-0.1.jar
[INFO] Downloading from central: https://repo.maven.apache.org/maven2/org/apache/beam/beam-vendor-grpc-1_36_0/0.2/beam-vendor-grpc-1_36_0-0.2.jar
[INFO] Downloaded from central: https://repo.maven.apache.org/maven2/org/apache/beam/beam-model-job-management/2.34.0/beam-model-job-management-2.34.0.jar (661 kB at 7.2 MB/s)
[INFO] Downloading from central: https://repo.maven.apache.org/maven2/org/apache/beam/beam-vendor-guava-26_0-jre/0.1/beam-vendor-guava-26_0-jre-0.1.jar
[INFO] Downloaded from central: https://repo.maven.apache.org/maven2/org/apache/beam/beam-model-pipeline/2.34.0/beam-model-pipeline-2.34.0.jar (1.7 MB at 10 MB/s)
[INFO] Downloading from central: https://repo.maven.apache.org/maven2/org/apache/beam/beam-sdks-java-io-google-cloud-platform/2.34.0/beam-sdks-java-io-google-cloud-platform-2.34.0.jar
[INFO] Downloaded from central: https://repo.maven.apache.org/maven2/org/apache/beam/beam-sdks-java-core/2.34.0/beam-sdks-java-core-2.34.0.jar (5.1 MB at 28 MB/s)
[INFO] Downloading from central: https://repo.maven.apache.org/maven2/org/apache/beam/beam-runners-core-java/2.34.0/beam-runners-core-java-2.34.0.jar
[INFO] Downloaded from central: https://repo.maven.apache.org/maven2/org/apache/beam/beam-vendor-bytebuddy-1_11_0/0.1/beam-vendor-bytebuddy-1_11_0-0.1.jar (3.9 MB at 17 MB/s)
[INFO] Downloading from central: https://repo.maven.apache.org/maven2/org/apache/beam/beam-sdks-java-fn-execution/2.34.0/beam-sdks-java-fn-execution-2.34.0.jar
[INFO] Downloaded from central: https://repo.maven.apache.org/maven2/org/apache/beam/beam-vendor-guava-26_0-jre/0.1/beam-vendor-guava-26_0-jre-0.1.jar (3.0 MB at 13 MB/s)
[INFO] Downloading from central: https://repo.maven.apache.org/maven2/org/apache/beam/beam-model-fn-execution/2.34.0/beam-model-fn-execution-2.34.0.jar
[INFO] Downloaded from central: https://repo.maven.apache.org/maven2/org/apache/beam/beam-runners-core-java/2.34.0/beam-runners-core-java-2.34.0.jar (441 kB at 1.9 MB/s)
[INFO] Downloading from central: https://repo.maven.apache.org/maven2/org/apache/beam/beam-sdks-java-expansion-service/2.34.0/beam-sdks-java-expansion-service-2.34.0.jar
[INFO] Downloaded from central: https://repo.maven.apache.org/maven2/org/apache/beam/beam-sdks-java-fn-execution/2.34.0/beam-sdks-java-fn-execution-2.34.0.jar (125 kB at 485 kB/s)
[INFO] Downloading from central: https://repo.maven.apache.org/maven2/org/apache/beam/beam-runners-java-fn-execution/2.34.0/beam-runners-java-fn-execution-2.34.0.jar
[INFO] Downloaded from central: https://repo.maven.apache.org/maven2/org/apache/beam/beam-sdks-java-io-google-cloud-platform/2.34.0/beam-sdks-java-io-google-cloud-platform-2.34.0.jar (1.5 MB at 5.7 MB/s)
[INFO] Downloading from central: https://repo.maven.apache.org/maven2/com/fasterxml/jackson/dataformat/jackson-dataformat-yaml/2.12.4/jackson-dataformat-yaml-2.12.4.jar
[INFO] Downloaded from central: https://repo.maven.apache.org/maven2/org/apache/beam/beam-sdks-java-expansion-service/2.34.0/beam-sdks-java-expansion-service-2.34.0.jar (49 kB at 169 kB/s)
[INFO] Downloading from central: https://repo.maven.apache.org/maven2/org/apache/beam/beam-runners-core-construction-java/2.34.0/beam-runners-core-construction-java-2.34.0.jar
[INFO] Downloaded from central: https://repo.maven.apache.org/maven2/org/apache/beam/beam-model-fn-execution/2.34.0/beam-model-fn-execution-2.34.0.jar (895 kB at 3.1 MB/s)
[INFO] Downloading from central: https://repo.maven.apache.org/maven2/io/github/classgraph/classgraph/4.8.104/classgraph-4.8.104.jar
[INFO] Downloaded from central: https://repo.maven.apache.org/maven2/com/fasterxml/jackson/dataformat/jackson-dataformat-yaml/2.12.4/jackson-dataformat-yaml-2.12.4.jar (51 kB at 170 kB/s)
[INFO] Downloading from central: https://repo.maven.apache.org/maven2/org/apache/beam/beam-sdks-java-extensions-arrow/2.34.0/beam-sdks-java-extensions-arrow-2.34.0.jar
[INFO] Downloaded from central: https://repo.maven.apache.org/maven2/org/apache/beam/beam-runners-java-fn-execution/2.34.0/beam-runners-java-fn-execution-2.34.0.jar (285 kB at 917 kB/s)
[INFO] Downloading from central: https://repo.maven.apache.org/maven2/com/google/cloud/bigdataoss/util/2.2.2/util-2.2.2.jar
[INFO] Downloaded from central: https://repo.maven.apache.org/maven2/org/apache/beam/beam-sdks-java-extensions-arrow/2.34.0/beam-sdks-java-extensions-arrow-2.34.0.jar (28 kB at 81 kB/s)
[INFO] Downloading from central: https://repo.maven.apache.org/maven2/com/google/api-client/google-api-client-jackson2/1.31.3/google-api-client-jackson2-1.31.3.jar
[INFO] Downloaded from central: https://repo.maven.apache.org/maven2/org/apache/beam/beam-runners-core-construction-java/2.34.0/beam-runners-core-construction-java-2.34.0.jar (487 kB at 1.4 MB/s)
[INFO] Downloading from central: https://repo.maven.apache.org/maven2/com/google/apis/google-api-services-iamcredentials/v1-rev20201022-1.31.0/google-api-services-iamcredentials-v1-rev20201022-1.31.0.jar
[INFO] Downloaded from central: https://repo.maven.apache.org/maven2/com/google/cloud/bigdataoss/util/2.2.2/util-2.2.2.jar (112 kB at 313 kB/s)
[INFO] Downloading from central: https://repo.maven.apache.org/maven2/com/google/oauth-client/google-oauth-client/1.31.2/google-oauth-client-1.31.2.jar
[INFO] Downloaded from central: https://repo.maven.apache.org/maven2/org/apache/beam/beam-vendor-grpc-1_36_0/0.2/beam-vendor-grpc-1_36_0-0.2.jar (17 MB at 46 MB/s)
[INFO] Downloading from central: https://repo.maven.apache.org/maven2/com/google/flogger/google-extensions/0.5.1/google-extensions-0.5.1.jar
[INFO] Downloaded from central: https://repo.maven.apache.org/maven2/io/github/classgraph/classgraph/4.8.104/classgraph-4.8.104.jar (533 kB at 1.5 MB/s)
[INFO] Downloading from central: https://repo.maven.apache.org/maven2/com/google/flogger/flogger-system-backend/0.6/flogger-system-backend-0.6.jar
[INFO] Downloaded from central: https://repo.maven.apache.org/maven2/com/google/api-client/google-api-client-jackson2/1.31.3/google-api-client-jackson2-1.31.3.jar (5.0 kB at 13 kB/s)
[INFO] Downloading from central: https://repo.maven.apache.org/maven2/com/google/flogger/flogger/0.6/flogger-0.6.jar
[INFO] Downloaded from central: https://repo.maven.apache.org/maven2/com/google/apis/google-api-services-iamcredentials/v1-rev20201022-1.31.0/google-api-services-iamcredentials-v1-rev20201022-1.31.0.jar (33 kB at 86 kB/s)
[INFO] Downloading from central: https://repo.maven.apache.org/maven2/com/google/api/gax-httpjson/0.88.0/gax-httpjson-0.88.0.jar
[INFO] Downloaded from central: https://repo.maven.apache.org/maven2/com/google/flogger/google-extensions/0.5.1/google-extensions-0.5.1.jar (6.1 kB at 16 kB/s)
[INFO] Downloading from central: https://repo.maven.apache.org/maven2/com/google/http-client/google-http-client-gson/1.39.0/google-http-client-gson-1.39.0.jar
[INFO] Downloaded from central: https://repo.maven.apache.org/maven2/com/google/flogger/flogger-system-backend/0.6/flogger-system-backend-0.6.jar (17 kB at 43 kB/s)
[INFO] Downloading from central: https://repo.maven.apache.org/maven2/com/google/api-client/google-api-client/1.32.1/google-api-client-1.32.1.jar
[INFO] Downloaded from central: https://repo.maven.apache.org/maven2/com/google/oauth-client/google-oauth-client/1.31.2/google-oauth-client-1.31.2.jar (70 kB at 170 kB/s)
[INFO] Downloading from central: https://repo.maven.apache.org/maven2/com/google/apis/google-api-services-bigquery/v2-rev20210813-1.32.1/google-api-services-bigquery-v2-rev20210813-1.32.1.jar
[INFO] Downloaded from central: https://repo.maven.apache.org/maven2/com/google/flogger/flogger/0.6/flogger-0.6.jar (173 kB at 422 kB/s)
[INFO] Downloading from central: https://repo.maven.apache.org/maven2/com/google/apis/google-api-services-healthcare/v1-rev20210806-1.32.1/google-api-services-healthcare-v1-rev20210806-1.32.1.jar
[INFO] Downloaded from central: https://repo.maven.apache.org/maven2/com/google/api/gax-httpjson/0.88.0/gax-httpjson-0.88.0.jar (128 kB at 307 kB/s)
[INFO] Downloading from central: https://repo.maven.apache.org/maven2/com/google/apis/google-api-services-pubsub/v1-rev20210809-1.32.1/google-api-services-pubsub-v1-rev20210809-1.32.1.jar
[INFO] Downloaded from central: https://repo.maven.apache.org/maven2/com/google/http-client/google-http-client-gson/1.39.0/google-http-client-gson-1.39.0.jar (10 kB at 24 kB/s)
[INFO] Downloading from central: https://repo.maven.apache.org/maven2/com/google/apis/google-api-services-storage/v1-rev20210127-1.32.1/google-api-services-storage-v1-rev20210127-1.32.1.jar
[INFO] Downloaded from central: https://repo.maven.apache.org/maven2/com/google/api-client/google-api-client/1.32.1/google-api-client-1.32.1.jar (295 kB at 660 kB/s)
[INFO] Downloading from central: https://repo.maven.apache.org/maven2/com/google/cloud/google-cloud-bigquerystorage/2.1.0/google-cloud-bigquerystorage-2.1.0.jar
[INFO] Downloaded from central: https://repo.maven.apache.org/maven2/com/google/apis/google-api-services-bigquery/v2-rev20210813-1.32.1/google-api-services-bigquery-v2-rev20210813-1.32.1.jar (317 kB at 696 kB/s)
[INFO] Downloaded from central: https://repo.maven.apache.org/maven2/com/google/apis/google-api-services-pubsub/v1-rev20210809-1.32.1/google-api-services-pubsub-v1-rev20210809-1.32.1.jar (169 kB at 370 kB/s)
[INFO] Downloading from central: https://repo.maven.apache.org/maven2/com/google/http-client/google-http-client-appengine/1.39.2/google-http-client-appengine-1.39.2.jar
[INFO] Downloading from central: https://repo.maven.apache.org/maven2/com/google/api/grpc/proto-google-cloud-bigquerystorage-v1beta1/0.125.0/proto-google-cloud-bigquerystorage-v1beta1-0.125.0.jar
[INFO] Downloaded from central: https://repo.maven.apache.org/maven2/com/google/apis/google-api-services-storage/v1-rev20210127-1.32.1/google-api-services-storage-v1-rev20210127-1.32.1.jar (187 kB at 405 kB/s)
[INFO] Downloading from central: https://repo.maven.apache.org/maven2/com/google/api/grpc/grpc-google-cloud-bigquerystorage-v1beta1/0.125.0/grpc-google-cloud-bigquerystorage-v1beta1-0.125.0.jar
[INFO] Downloaded from central: https://repo.maven.apache.org/maven2/com/google/apis/google-api-services-healthcare/v1-rev20210806-1.32.1/google-api-services-healthcare-v1-rev20210806-1.32.1.jar (496 kB at 1.1 MB/s)
[INFO] Downloading from central: https://repo.maven.apache.org/maven2/com/google/api/grpc/grpc-google-cloud-bigquerystorage-v1beta2/0.125.0/grpc-google-cloud-bigquerystorage-v1beta2-0.125.0.jar
[INFO] Downloaded from central: https://repo.maven.apache.org/maven2/com/google/http-client/google-http-client-appengine/1.39.2/google-http-client-appengine-1.39.2.jar (18 kB at 37 kB/s)
[INFO] Downloading from central: https://repo.maven.apache.org/maven2/com/google/api/grpc/grpc-google-cloud-bigquerystorage-v1/2.1.0/grpc-google-cloud-bigquerystorage-v1-2.1.0.jar
[INFO] Downloaded from central: https://repo.maven.apache.org/maven2/com/google/api/grpc/grpc-google-cloud-bigquerystorage-v1beta1/0.125.0/grpc-google-cloud-bigquerystorage-v1beta1-0.125.0.jar (20 kB at 40 kB/s)
[INFO] Downloading from central: https://repo.maven.apache.org/maven2/com/google/cloud/google-cloud-core/2.1.0/google-cloud-core-2.1.0.jar
[INFO] Downloaded from central: https://repo.maven.apache.org/maven2/com/google/api/grpc/proto-google-cloud-bigquerystorage-v1beta1/0.125.0/proto-google-cloud-bigquerystorage-v1beta1-0.125.0.jar (278 kB at 562 kB/s)
[INFO] Downloading from central: https://repo.maven.apache.org/maven2/com/google/cloud/google-cloud-core-grpc/2.1.0/google-cloud-core-grpc-2.1.0.jar
[INFO] Downloaded from central: https://repo.maven.apache.org/maven2/com/google/cloud/google-cloud-bigquerystorage/2.1.0/google-cloud-bigquerystorage-2.1.0.jar (240 kB at 485 kB/s)
[INFO] Downloading from central: https://repo.maven.apache.org/maven2/com/google/cloud/datastore/datastore-v1-proto-client/1.6.3/datastore-v1-proto-client-1.6.3.jar
[INFO] Downloaded from central: https://repo.maven.apache.org/maven2/com/google/api/grpc/grpc-google-cloud-bigquerystorage-v1beta2/0.125.0/grpc-google-cloud-bigquerystorage-v1beta2-0.125.0.jar (33 kB at 64 kB/s)
[INFO] Downloading from central: https://repo.maven.apache.org/maven2/com/google/http-client/google-http-client-protobuf/1.33.0/google-http-client-protobuf-1.33.0.jar
[INFO] Downloaded from central: https://repo.maven.apache.org/maven2/com/google/api/grpc/grpc-google-cloud-bigquerystorage-v1/2.1.0/grpc-google-cloud-bigquerystorage-v1-2.1.0.jar (17 kB at 33 kB/s)
[INFO] Downloading from central: https://repo.maven.apache.org/maven2/com/google/cloud/google-cloud-firestore/3.0.2/google-cloud-firestore-3.0.2.jar
[INFO] Downloaded from central: https://repo.maven.apache.org/maven2/com/google/cloud/google-cloud-core/2.1.0/google-cloud-core-2.1.0.jar (131 kB at 250 kB/s)
[INFO] Downloading from central: https://repo.maven.apache.org/maven2/com/google/cloud/proto-google-cloud-firestore-bundle-v1/3.0.2/proto-google-cloud-firestore-bundle-v1-3.0.2.jar
[INFO] Downloaded from central: https://repo.maven.apache.org/maven2/com/google/cloud/google-cloud-core-grpc/2.1.0/google-cloud-core-grpc-2.1.0.jar (10 kB at 19 kB/s)
[INFO] Downloading from central: https://repo.maven.apache.org/maven2/com/google/cloud/google-cloud-pubsublite/1.2.0/google-cloud-pubsublite-1.2.0.jar
[INFO] Downloaded from central: https://repo.maven.apache.org/maven2/com/google/cloud/datastore/datastore-v1-proto-client/1.6.3/datastore-v1-proto-client-1.6.3.jar (42 kB at 78 kB/s)
[INFO] Downloading from central: https://repo.maven.apache.org/maven2/com/google/cloud/google-cloud-pubsub/1.114.2/google-cloud-pubsub-1.114.2.jar
[INFO] Downloaded from central: https://repo.maven.apache.org/maven2/com/google/cloud/proto-google-cloud-firestore-bundle-v1/3.0.2/proto-google-cloud-firestore-bundle-v1-3.0.2.jar (78 kB at 140 kB/s)
[INFO] Downloading from central: https://repo.maven.apache.org/maven2/com/google/cloud/google-cloud-spanner/6.12.1/google-cloud-spanner-6.12.1.jar
[INFO] Downloaded from central: https://repo.maven.apache.org/maven2/com/google/http-client/google-http-client-protobuf/1.33.0/google-http-client-protobuf-1.33.0.jar (6.9 kB at 12 kB/s)
[INFO] Downloading from central: https://repo.maven.apache.org/maven2/com/google/cloud/grpc-gcp/1.1.0/grpc-gcp-1.1.0.jar
[INFO] Downloaded from central: https://repo.maven.apache.org/maven2/com/google/cloud/google-cloud-pubsublite/1.2.0/google-cloud-pubsublite-1.2.0.jar (484 kB at 855 kB/s)
[INFO] Downloading from central: https://repo.maven.apache.org/maven2/com/google/api/grpc/proto-google-cloud-spanner-admin-instance-v1/6.12.1/proto-google-cloud-spanner-admin-instance-v1-6.12.1.jar
[INFO] Downloaded from central: https://repo.maven.apache.org/maven2/com/google/cloud/google-cloud-firestore/3.0.2/google-cloud-firestore-3.0.2.jar (337 kB at 595 kB/s)
[INFO] Downloading from central: https://repo.maven.apache.org/maven2/com/google/api/grpc/grpc-google-cloud-spanner-admin-instance-v1/6.12.1/grpc-google-cloud-spanner-admin-instance-v1-6.12.1.jar
[INFO] Downloaded from central: https://repo.maven.apache.org/maven2/com/google/cloud/google-cloud-pubsub/1.114.2/google-cloud-pubsub-1.114.2.jar (257 kB at 437 kB/s)
[INFO] Downloading from central: https://repo.maven.apache.org/maven2/com/google/api/grpc/grpc-google-cloud-spanner-v1/6.12.1/grpc-google-cloud-spanner-v1-6.12.1.jar
[INFO] Downloaded from central: https://repo.maven.apache.org/maven2/com/google/api/grpc/grpc-google-cloud-spanner-admin-instance-v1/6.12.1/grpc-google-cloud-spanner-admin-instance-v1-6.12.1.jar (21 kB at 35 kB/s)
[INFO] Downloading from central: https://repo.maven.apache.org/maven2/com/google/api/grpc/grpc-google-cloud-spanner-admin-database-v1/6.12.1/grpc-google-cloud-spanner-admin-database-v1-6.12.1.jar
[INFO] Downloaded from central: https://repo.maven.apache.org/maven2/com/google/cloud/grpc-gcp/1.1.0/grpc-gcp-1.1.0.jar (137 kB at 226 kB/s)
[INFO] Downloading from central: https://repo.maven.apache.org/maven2/com/google/http-client/google-http-client-jackson2/1.39.2/google-http-client-jackson2-1.39.2.jar
[INFO] Downloaded from central: https://repo.maven.apache.org/maven2/com/google/cloud/google-cloud-spanner/6.12.1/google-cloud-spanner-6.12.1.jar (941 kB at 1.5 MB/s)
[INFO] Downloading from central: https://repo.maven.apache.org/maven2/io/grpc/grpc-netty/1.40.0/grpc-netty-1.40.0.jar
[INFO] Downloaded from central: https://repo.maven.apache.org/maven2/com/google/api/grpc/grpc-google-cloud-spanner-v1/6.12.1/grpc-google-cloud-spanner-v1-6.12.1.jar (23 kB at 37 kB/s)
[INFO] Downloading from central: https://repo.maven.apache.org/maven2/io/netty/netty-codec-http2/4.1.52.Final/netty-codec-http2-4.1.52.Final.jar
[INFO] Downloaded from central: https://repo.maven.apache.org/maven2/com/google/api/grpc/proto-google-cloud-spanner-admin-instance-v1/6.12.1/proto-google-cloud-spanner-admin-instance-v1-6.12.1.jar (202 kB at 327 kB/s)
[INFO] Downloading from central: https://repo.maven.apache.org/maven2/io/netty/netty-handler-proxy/4.1.52.Final/netty-handler-proxy-4.1.52.Final.jar
[INFO] Downloaded from central: https://repo.maven.apache.org/maven2/com/google/api/grpc/grpc-google-cloud-spanner-admin-database-v1/6.12.1/grpc-google-cloud-spanner-admin-database-v1-6.12.1.jar (25 kB at 39 kB/s)
[INFO] Downloading from central: https://repo.maven.apache.org/maven2/com/google/api/grpc/grpc-google-cloud-pubsub-v1/1.96.2/grpc-google-cloud-pubsub-v1-1.96.2.jar
[INFO] Downloaded from central: https://repo.maven.apache.org/maven2/io/grpc/grpc-netty/1.40.0/grpc-netty-1.40.0.jar (280 kB at 435 kB/s)
[INFO] Downloading from central: https://repo.maven.apache.org/maven2/com/google/api/grpc/grpc-google-cloud-pubsublite-v1/1.2.0/grpc-google-cloud-pubsublite-v1-1.2.0.jar
[INFO] Downloaded from central: https://repo.maven.apache.org/maven2/com/google/http-client/google-http-client-jackson2/1.39.2/google-http-client-jackson2-1.39.2.jar (8.4 kB at 13 kB/s)
[INFO] Downloading from central: https://repo.maven.apache.org/maven2/io/netty/netty-tcnative-boringssl-static/2.0.33.Final/netty-tcnative-boringssl-static-2.0.33.Final.jar
[INFO] Downloaded from central: https://repo.maven.apache.org/maven2/io/netty/netty-codec-http2/4.1.52.Final/netty-codec-http2-4.1.52.Final.jar (457 kB at 692 kB/s)
[INFO] Downloading from central: https://repo.maven.apache.org/maven2/com/google/api/grpc/proto-google-cloud-bigquerystorage-v1/2.1.0/proto-google-cloud-bigquerystorage-v1-2.1.0.jar
[INFO] Downloaded from central: https://repo.maven.apache.org/maven2/io/netty/netty-handler-proxy/4.1.52.Final/netty-handler-proxy-4.1.52.Final.jar (24 kB at 36 kB/s)
[INFO] Downloading from central: https://repo.maven.apache.org/maven2/com/google/api/grpc/proto-google-cloud-bigquerystorage-v1beta2/0.125.0/proto-google-cloud-bigquerystorage-v1beta2-0.125.0.jar
[INFO] Downloaded from central: https://repo.maven.apache.org/maven2/com/google/api/grpc/grpc-google-cloud-pubsub-v1/1.96.2/grpc-google-cloud-pubsub-v1-1.96.2.jar (53 kB at 80 kB/s)
[INFO] Downloading from central: https://repo.maven.apache.org/maven2/com/google/api/grpc/proto-google-cloud-bigtable-admin-v2/2.1.0/proto-google-cloud-bigtable-admin-v2-2.1.0.jar
[INFO] Downloaded from central: https://repo.maven.apache.org/maven2/com/google/api/grpc/grpc-google-cloud-pubsublite-v1/1.2.0/grpc-google-cloud-pubsublite-v1-1.2.0.jar (87 kB at 129 kB/s)
[INFO] Downloading from central: https://repo.maven.apache.org/maven2/com/google/api/grpc/proto-google-cloud-bigtable-v2/2.1.0/proto-google-cloud-bigtable-v2-2.1.0.jar
[INFO] Downloaded from central: https://repo.maven.apache.org/maven2/com/google/api/grpc/proto-google-cloud-bigquerystorage-v1/2.1.0/proto-google-cloud-bigquerystorage-v1-2.1.0.jar (230 kB at 326 kB/s)
[INFO] Downloading from central: https://repo.maven.apache.org/maven2/com/google/api/grpc/proto-google-cloud-datastore-v1/0.91.3/proto-google-cloud-datastore-v1-0.91.3.jar
[INFO] Downloaded from central: https://repo.maven.apache.org/maven2/com/google/api/grpc/proto-google-cloud-bigtable-v2/2.1.0/proto-google-cloud-bigtable-v2-2.1.0.jar (449 kB at 620 kB/s)
[INFO] Downloading from central: https://repo.maven.apache.org/maven2/com/google/api/grpc/proto-google-cloud-firestore-v1/3.0.2/proto-google-cloud-firestore-v1-3.0.2.jar
[INFO] Downloaded from central: https://repo.maven.apache.org/maven2/com/google/api/grpc/proto-google-cloud-bigquerystorage-v1beta2/0.125.0/proto-google-cloud-bigquerystorage-v1beta2-0.125.0.jar (470 kB at 644 kB/s)
[INFO] Downloading from central: https://repo.maven.apache.org/maven2/com/google/api/grpc/proto-google-cloud-pubsub-v1/1.96.2/proto-google-cloud-pubsub-v1-1.96.2.jar
[INFO] Downloaded from central: https://repo.maven.apache.org/maven2/com/google/api/grpc/proto-google-cloud-bigtable-admin-v2/2.1.0/proto-google-cloud-bigtable-admin-v2-2.1.0.jar (948 kB at 1.3 MB/s)
[INFO] Downloading from central: https://repo.maven.apache.org/maven2/com/google/api/grpc/proto-google-cloud-pubsublite-v1/1.2.0/proto-google-cloud-pubsublite-v1-1.2.0.jar
[INFO] Downloaded from central: https://repo.maven.apache.org/maven2/io/netty/netty-tcnative-boringssl-static/2.0.33.Final/netty-tcnative-boringssl-static-2.0.33.Final.jar (4.0 MB at 5.4 MB/s)
[INFO] Downloading from central: https://repo.maven.apache.org/maven2/com/google/api/grpc/proto-google-cloud-spanner-admin-database-v1/6.12.1/proto-google-cloud-spanner-admin-database-v1-6.12.1.jar
[INFO] Downloaded from central: https://repo.maven.apache.org/maven2/com/google/api/grpc/proto-google-cloud-datastore-v1/0.91.3/proto-google-cloud-datastore-v1-0.91.3.jar (518 kB at 694 kB/s)
[INFO] Downloading from central: https://repo.maven.apache.org/maven2/com/google/api/grpc/proto-google-cloud-spanner-v1/6.12.1/proto-google-cloud-spanner-v1-6.12.1.jar
[INFO] Downloaded from central: https://repo.maven.apache.org/maven2/com/google/api/grpc/proto-google-cloud-firestore-v1/3.0.2/proto-google-cloud-firestore-v1-3.0.2.jar (837 kB at 1.1 MB/s)
[INFO] Downloading from central: https://repo.maven.apache.org/maven2/org/apache/arrow/arrow-memory-core/5.0.0/arrow-memory-core-5.0.0.jar
[INFO] Downloaded from central: https://repo.maven.apache.org/maven2/com/google/api/grpc/proto-google-cloud-spanner-v1/6.12.1/proto-google-cloud-spanner-v1-6.12.1.jar (677 kB at 862 kB/s)
[INFO] Downloading from central: https://repo.maven.apache.org/maven2/org/apache/arrow/arrow-vector/5.0.0/arrow-vector-5.0.0.jar
[INFO] Downloaded from central: https://repo.maven.apache.org/maven2/com/google/api/grpc/proto-google-cloud-spanner-admin-database-v1/6.12.1/proto-google-cloud-spanner-admin-database-v1-6.12.1.jar (474 kB at 592 kB/s)
[INFO] Downloading from central: https://repo.maven.apache.org/maven2/org/apache/arrow/arrow-format/5.0.0/arrow-format-5.0.0.jar
[INFO] Downloaded from central: https://repo.maven.apache.org/maven2/com/google/api/grpc/proto-google-cloud-pubsublite-v1/1.2.0/proto-google-cloud-pubsublite-v1-1.2.0.jar (894 kB at 1.1 MB/s)
[INFO] Downloading from central: https://repo.maven.apache.org/maven2/com/google/flatbuffers/flatbuffers-java/1.12.0/flatbuffers-java-1.12.0.jar
[INFO] Downloaded from central: https://repo.maven.apache.org/maven2/org/apache/arrow/arrow-memory-core/5.0.0/arrow-memory-core-5.0.0.jar (108 kB at 134 kB/s)
[INFO] Downloading from central: https://repo.maven.apache.org/maven2/org/threeten/threetenbp/1.4.4/threetenbp-1.4.4.jar
[INFO] Downloaded from central: https://repo.maven.apache.org/maven2/com/google/api/grpc/proto-google-cloud-pubsub-v1/1.96.2/proto-google-cloud-pubsub-v1-1.96.2.jar (706 kB at 871 kB/s)
[INFO] Downloading from central: https://repo.maven.apache.org/maven2/org/apache/beam/beam-sdks-java-extensions-google-cloud-platform-core/2.34.0/beam-sdks-java-extensions-google-cloud-platform-core-2.34.0.jar
[INFO] Downloaded from central: https://repo.maven.apache.org/maven2/com/google/flatbuffers/flatbuffers-java/1.12.0/flatbuffers-java-1.12.0.jar (65 kB at 78 kB/s)
[INFO] Downloading from central: https://repo.maven.apache.org/maven2/com/google/cloud/bigdataoss/gcsio/2.2.2/gcsio-2.2.2.jar
[INFO] Downloaded from central: https://repo.maven.apache.org/maven2/org/apache/arrow/arrow-vector/5.0.0/arrow-vector-5.0.0.jar (1.8 MB at 2.1 MB/s)
[INFO] Downloading from central: https://repo.maven.apache.org/maven2/com/google/apis/google-api-services-cloudresourcemanager/v1-rev20210815-1.32.1/google-api-services-cloudresourcemanager-v1-rev20210815-1.32.1.jar
[INFO] Downloaded from central: https://repo.maven.apache.org/maven2/org/apache/arrow/arrow-format/5.0.0/arrow-format-5.0.0.jar (110 kB at 130 kB/s)
[INFO] Downloading from central: https://repo.maven.apache.org/maven2/org/apache/beam/beam-sdks-java-extensions-protobuf/2.34.0/beam-sdks-java-extensions-protobuf-2.34.0.jar
[INFO] Downloaded from central: https://repo.maven.apache.org/maven2/org/threeten/threetenbp/1.4.4/threetenbp-1.4.4.jar (514 kB at 608 kB/s)
[INFO] Downloading from central: https://repo.maven.apache.org/maven2/org/apache/beam/beam-runners-google-cloud-dataflow-java/2.34.0/beam-runners-google-cloud-dataflow-java-2.34.0.jar
[INFO] Downloaded from central: https://repo.maven.apache.org/maven2/org/apache/beam/beam-sdks-java-extensions-google-cloud-platform-core/2.34.0/beam-sdks-java-extensions-google-cloud-platform-core-2.34.0.jar (122 kB at 141 kB/s)
[INFO] Downloading from central: https://repo.maven.apache.org/maven2/org/apache/beam/beam-sdks-java-io-kafka/2.34.0/beam-sdks-java-io-kafka-2.34.0.jar
[INFO] Downloaded from central: https://repo.maven.apache.org/maven2/com/google/apis/google-api-services-cloudresourcemanager/v1-rev20210815-1.32.1/google-api-services-cloudresourcemanager-v1-rev20210815-1.32.1.jar (177 kB at 204 kB/s)
[INFO] Downloading from central: https://repo.maven.apache.org/maven2/io/confluent/kafka-avro-serializer/5.3.2/kafka-avro-serializer-5.3.2.jar
[INFO] Downloaded from central: https://repo.maven.apache.org/maven2/org/apache/beam/beam-sdks-java-extensions-protobuf/2.34.0/beam-sdks-java-extensions-protobuf-2.34.0.jar (127 kB at 144 kB/s)
[INFO] Downloading from central: https://repo.maven.apache.org/maven2/io/confluent/common-config/5.3.2/common-config-5.3.2.jar
[INFO] Downloaded from central: https://repo.maven.apache.org/maven2/com/google/cloud/bigdataoss/gcsio/2.2.2/gcsio-2.2.2.jar (1.5 MB at 1.7 MB/s)
[INFO] Downloading from central: https://repo.maven.apache.org/maven2/io/confluent/common-utils/5.3.2/common-utils-5.3.2.jar
[INFO] Downloaded from central: https://repo.maven.apache.org/maven2/org/apache/beam/beam-runners-google-cloud-dataflow-java/2.34.0/beam-runners-google-cloud-dataflow-java-2.34.0.jar (425 kB at 478 kB/s)
[INFO] Downloading from central: https://repo.maven.apache.org/maven2/io/confluent/kafka-schema-registry-client/5.3.2/kafka-schema-registry-client-5.3.2.jar
[INFO] Downloading from central: https://repo.maven.apache.org/maven2/com/google/apis/google-api-services-clouddebugger/v2-rev20210813-1.32.1/google-api-services-clouddebugger-v2-rev20210813-1.32.1.jar
[INFO] Downloaded from central: https://repo.maven.apache.org/maven2/org/apache/beam/beam-sdks-java-io-kafka/2.34.0/beam-sdks-java-io-kafka-2.34.0.jar (215 kB at 234 kB/s)
[INFO] Downloading from central: https://repo.maven.apache.org/maven2/com/google/apis/google-api-services-dataflow/v1b3-rev20210818-1.32.1/google-api-services-dataflow-v1b3-rev20210818-1.32.1.jar
[INFO] Downloading from central: https://repo.maven.apache.org/maven2/org/apache/beam/beam-runners-direct-java/2.34.0/beam-runners-direct-java-2.34.0.jar
[INFO] Downloading from central: https://repo.maven.apache.org/maven2/org/apache/beam/beam-sdks-java-io-jdbc/2.34.0/beam-sdks-java-io-jdbc-2.34.0.jar
[INFO] Downloading from central: https://repo.maven.apache.org/maven2/org/apache/beam/beam-sdks-java-io-cassandra/2.34.0/beam-sdks-java-io-cassandra-2.34.0.jar
[INFO] Downloaded from central: https://repo.maven.apache.org/maven2/com/google/apis/google-api-services-dataflow/v1b3-rev20210818-1.32.1/google-api-services-dataflow-v1b3-rev20210818-1.32.1.jar (349 kB at 358 kB/s)
[INFO] Downloading from central: https://repo.maven.apache.org/maven2/com/datastax/cassandra/cassandra-driver-mapping/3.10.2/cassandra-driver-mapping-3.10.2.jar
[INFO] Downloaded from central: https://repo.maven.apache.org/maven2/com/google/apis/google-api-services-clouddebugger/v2-rev20210813-1.32.1/google-api-services-clouddebugger-v2-rev20210813-1.32.1.jar (70 kB at 72 kB/s)
[INFO] Downloading from central: https://repo.maven.apache.org/maven2/org/apache/hadoop/hadoop-mapreduce-client-core/2.8.5/hadoop-mapreduce-client-core-2.8.5.jar
[INFO] Downloaded from central: https://repo.maven.apache.org/maven2/org/apache/beam/beam-runners-direct-java/2.34.0/beam-runners-direct-java-2.34.0.jar (1.8 MB at 1.8 MB/s)
[INFO] Downloading from central: https://repo.maven.apache.org/maven2/org/apache/hadoop/hadoop-yarn-common/2.8.5/hadoop-yarn-common-2.8.5.jar
[INFO] Downloaded from central: https://repo.maven.apache.org/maven2/org/apache/beam/beam-sdks-java-io-jdbc/2.34.0/beam-sdks-java-io-jdbc-2.34.0.jar (157 kB at 159 kB/s)
[INFO] Downloading from central: https://repo.maven.apache.org/maven2/org/apache/hadoop/hadoop-yarn-api/2.8.5/hadoop-yarn-api-2.8.5.jar
[INFO] Downloaded from central: https://repo.maven.apache.org/maven2/org/apache/hadoop/hadoop-yarn-common/2.8.5/hadoop-yarn-common-2.8.5.jar (1.8 MB at 1.7 MB/s)
[INFO] Downloading from central: https://repo.maven.apache.org/maven2/org/apache/hadoop/hadoop-annotations/2.8.5/hadoop-annotations-2.8.5.jar
[INFO] Downloaded from central: https://repo.maven.apache.org/maven2/com/datastax/cassandra/cassandra-driver-mapping/3.10.2/cassandra-driver-mapping-3.10.2.jar (113 kB at 107 kB/s)
[INFO] Downloading from central: https://repo.maven.apache.org/maven2/org/apache/hadoop/hadoop-common/2.8.5/hadoop-common-2.8.5.jar
[INFO] Downloaded from central: https://repo.maven.apache.org/maven2/org/apache/hadoop/hadoop-yarn-api/2.8.5/hadoop-yarn-api-2.8.5.jar (2.5 MB at 2.3 MB/s)
[INFO] Downloading from central: https://repo.maven.apache.org/maven2/org/apache/hadoop/hadoop-auth/2.8.5/hadoop-auth-2.8.5.jar
[INFO] Downloaded from central: https://repo.maven.apache.org/maven2/org/apache/hadoop/hadoop-mapreduce-client-core/2.8.5/hadoop-mapreduce-client-core-2.8.5.jar (1.6 MB at 1.5 MB/s)
[INFO] Downloading from central: https://repo.maven.apache.org/maven2/org/apache/hbase/hbase-common/1.4.5/hbase-common-1.4.5.jar
[INFO] Downloaded from central: https://repo.maven.apache.org/maven2/org/apache/hadoop/hadoop-auth/2.8.5/hadoop-auth-2.8.5.jar (123 kB at 112 kB/s)
[INFO] Downloading from central: https://repo.maven.apache.org/maven2/org/apache/hbase/hbase-protocol/1.4.5/hbase-protocol-1.4.5.jar
[INFO] Downloaded from central: https://repo.maven.apache.org/maven2/org/apache/hadoop/hadoop-annotations/2.8.5/hadoop-annotations-2.8.5.jar (46 kB at 41 kB/s)
[INFO] Downloading from central: https://repo.maven.apache.org/maven2/org/apache/hbase/hbase-annotations/1.4.5/hbase-annotations-1.4.5.jar
[INFO] Downloaded from central: https://repo.maven.apache.org/maven2/org/apache/hadoop/hadoop-common/2.8.5/hadoop-common-2.8.5.jar (4.0 MB at 3.5 MB/s)
[INFO] Downloading from central: https://repo.maven.apache.org/maven2/com/google/http-client/google-http-client-apache-v2/1.39.2/google-http-client-apache-v2-1.39.2.jar
[INFO] Downloaded from central: https://repo.maven.apache.org/maven2/org/apache/hbase/hbase-annotations/1.4.5/hbase-annotations-1.4.5.jar (21 kB at 18 kB/s)
[INFO] Downloading from central: https://repo.maven.apache.org/maven2/org/apache/derby/derbyclient/10.14.2.0/derbyclient-10.14.2.0.jar
[INFO] Downloaded from central: https://repo.maven.apache.org/maven2/org/apache/derby/derbyclient/10.14.2.0/derbyclient-10.14.2.0.jar (0 B at 0 B/s)
[INFO] Downloading from central: https://repo.maven.apache.org/maven2/org/apache/derby/derbynet/10.14.2.0/derbynet-10.14.2.0.jar
[INFO] Downloaded from central: https://repo.maven.apache.org/maven2/org/apache/beam/beam-sdks-java-io-cassandra/2.34.0/beam-sdks-java-io-cassandra-2.34.0.jar (64 kB at 54 kB/s)
[INFO] Downloading from central: https://repo.maven.apache.org/maven2/org/junit/jupiter/junit-jupiter-api/5.5.2/junit-jupiter-api-5.5.2.jar
[INFO] Downloaded from central: https://repo.maven.apache.org/maven2/org/apache/hbase/hbase-protocol/1.4.5/hbase-protocol-1.4.5.jar (4.9 MB at 4.1 MB/s)
[INFO] Downloading from central: https://repo.maven.apache.org/maven2/com/google/truth/truth/1.0.1/truth-1.0.1.jar
[INFO] Downloaded from central: https://repo.maven.apache.org/maven2/com/google/http-client/google-http-client-apache-v2/1.39.2/google-http-client-apache-v2-1.39.2.jar (10 kB at 8.6 kB/s)
[INFO] Downloading from central: https://repo.maven.apache.org/maven2/io/swagger/parser/v3/swagger-parser-v2-converter/2.0.20/swagger-parser-v2-converter-2.0.20.jar
[INFO] Downloaded from central: https://repo.maven.apache.org/maven2/org/apache/derby/derbynet/10.14.2.0/derbynet-10.14.2.0.jar (0 B at 0 B/s)
[INFO] Downloading from central: https://repo.maven.apache.org/maven2/io/swagger/swagger-core/1.6.1/swagger-core-1.6.1.jar
[INFO] Downloaded from central: https://repo.maven.apache.org/maven2/org/apache/hbase/hbase-common/1.4.5/hbase-common-1.4.5.jar (619 kB at 507 kB/s)
[INFO] Downloading from central: https://repo.maven.apache.org/maven2/io/swagger/swagger-models/1.6.1/swagger-models-1.6.1.jar
[INFO] Downloaded from central: https://repo.maven.apache.org/maven2/org/junit/jupiter/junit-jupiter-api/5.5.2/junit-jupiter-api-5.5.2.jar (142 kB at 116 kB/s)
[INFO] Downloading from central: https://repo.maven.apache.org/maven2/io/swagger/swagger-annotations/1.6.1/swagger-annotations-1.6.1.jar
[INFO] Downloaded from central: https://repo.maven.apache.org/maven2/com/google/truth/truth/1.0.1/truth-1.0.1.jar (242 kB at 198 kB/s)
[INFO] Downloading from central: https://repo.maven.apache.org/maven2/io/swagger/swagger-parser/1.0.51/swagger-parser-1.0.51.jar
[INFO] Downloaded from central: https://repo.maven.apache.org/maven2/io/swagger/swagger-core/1.6.1/swagger-core-1.6.1.jar (117 kB at 95 kB/s)
[INFO] Downloading from central: https://repo.maven.apache.org/maven2/io/swagger/swagger-compat-spec-parser/1.0.51/swagger-compat-spec-parser-1.0.51.jar
[INFO] Downloaded from central: https://repo.maven.apache.org/maven2/io/swagger/swagger-annotations/1.6.1/swagger-annotations-1.6.1.jar (22 kB at 17 kB/s)
[INFO] Downloading from central: https://repo.maven.apache.org/maven2/io/netty/netty-codec-http/4.1.50.Final/netty-codec-http-4.1.50.Final.jar
[INFO] Downloaded from central: https://repo.maven.apache.org/maven2/io/swagger/parser/v3/swagger-parser-v2-converter/2.0.20/swagger-parser-v2-converter-2.0.20.jar (25 kB at 20 kB/s)
[INFO] Downloading from central: https://repo.maven.apache.org/maven2/org/mock-server/mockserver-junit-rule/5.11.1/mockserver-junit-rule-5.11.1.jar
[INFO] Downloaded from central: https://repo.maven.apache.org/maven2/io/swagger/swagger-parser/1.0.51/swagger-parser-1.0.51.jar (85 kB at 68 kB/s)
[INFO] Downloading from central: https://repo.maven.apache.org/maven2/org/scassandra/java-client/1.1.2/java-client-1.1.2.jar
[INFO] Downloaded from central: https://repo.maven.apache.org/maven2/io/swagger/swagger-models/1.6.1/swagger-models-1.6.1.jar (155 kB at 122 kB/s)
[INFO] Downloading from central: https://repo.maven.apache.org/maven2/org/scassandra/scassandra-server_2.11/1.1.2/scassandra-server_2.11-1.1.2.jar
[INFO] Downloaded from central: https://repo.maven.apache.org/maven2/io/swagger/swagger-compat-spec-parser/1.0.51/swagger-compat-spec-parser-1.0.51.jar (149 kB at 117 kB/s)
[INFO] Downloading from central: https://repo.maven.apache.org/maven2/io/spray/spray-can_2.11/1.3.3/spray-can_2.11-1.3.3.jar
[INFO] Downloaded from central: https://repo.maven.apache.org/maven2/io/netty/netty-codec-http/4.1.50.Final/netty-codec-http-4.1.50.Final.jar (616 kB at 475 kB/s)
[INFO] Downloading from central: https://repo.maven.apache.org/maven2/io/spray/spray-io_2.11/1.3.3/spray-io_2.11-1.3.3.jar
[INFO] Downloaded from central: https://repo.maven.apache.org/maven2/org/scassandra/java-client/1.1.2/java-client-1.1.2.jar (136 kB at 105 kB/s)
[INFO] Downloading from central: https://repo.maven.apache.org/maven2/io/spray/spray-http_2.11/1.3.3/spray-http_2.11-1.3.3.jar
[INFO] Downloaded from central: https://repo.maven.apache.org/maven2/org/mock-server/mockserver-junit-rule/5.11.1/mockserver-junit-rule-5.11.1.jar (6.2 kB at 4.8 kB/s)
[INFO] Downloading from central: https://repo.maven.apache.org/maven2/org/parboiled/parboiled-scala_2.11/1.1.7/parboiled-scala_2.11-1.1.7.jar
[INFO] Downloaded from central: https://repo.maven.apache.org/maven2/io/spray/spray-can_2.11/1.3.3/spray-can_2.11-1.3.3.jar (721 kB at 544 kB/s)
[INFO] Downloading from central: https://repo.maven.apache.org/maven2/io/spray/spray-util_2.11/1.3.3/spray-util_2.11-1.3.3.jar
[INFO] Downloaded from central: https://repo.maven.apache.org/maven2/io/spray/spray-io_2.11/1.3.3/spray-io_2.11-1.3.3.jar (189 kB at 142 kB/s)
[INFO] Downloading from central: https://repo.maven.apache.org/maven2/com/typesafe/scala-logging/scala-logging_2.11/3.1.0/scala-logging_2.11-3.1.0.jar
[INFO] Downloaded from central: https://repo.maven.apache.org/maven2/io/spray/spray-http_2.11/1.3.3/spray-http_2.11-1.3.3.jar (1.5 MB at 1.1 MB/s)
[INFO] Downloading from central: https://repo.maven.apache.org/maven2/org/scala-lang/scala-reflect/2.11.1/scala-reflect-2.11.1.jar
[INFO] Downloaded from central: https://repo.maven.apache.org/maven2/org/scassandra/scassandra-server_2.11/1.1.2/scassandra-server_2.11-1.1.2.jar (873 kB at 646 kB/s)
[INFO] Downloading from central: https://repo.maven.apache.org/maven2/com/typesafe/akka/akka-actor_2.11/2.3.9/akka-actor_2.11-2.3.9.jar
[INFO] Downloaded from central: https://repo.maven.apache.org/maven2/io/spray/spray-util_2.11/1.3.3/spray-util_2.11-1.3.3.jar (129 kB at 95 kB/s)
[INFO] Downloading from central: https://repo.maven.apache.org/maven2/com/typesafe/config/1.2.1/config-1.2.1.jar
[INFO] Downloaded from central: https://repo.maven.apache.org/maven2/org/parboiled/parboiled-scala_2.11/1.1.7/parboiled-scala_2.11-1.1.7.jar (233 kB at 170 kB/s)
[INFO] Downloading from central: https://repo.maven.apache.org/maven2/io/spray/spray-routing-shapeless23_2.11/1.3.3/spray-routing-shapeless23_2.11-1.3.3.jar
[INFO] Downloaded from central: https://repo.maven.apache.org/maven2/com/typesafe/scala-logging/scala-logging_2.11/3.1.0/scala-logging_2.11-3.1.0.jar (34 kB at 25 kB/s)
[INFO] Downloading from central: https://repo.maven.apache.org/maven2/io/spray/spray-httpx_2.11/1.3.3/spray-httpx_2.11-1.3.3.jar
[INFO] Downloaded from central: https://repo.maven.apache.org/maven2/com/typesafe/config/1.2.1/config-1.2.1.jar (0 B at 0 B/s)
[INFO] Downloading from central: https://repo.maven.apache.org/maven2/org/scala-lang/modules/scala-xml_2.11/1.0.3/scala-xml_2.11-1.0.3.jar
[INFO] Downloaded from central: https://repo.maven.apache.org/maven2/org/scala-lang/modules/scala-xml_2.11/1.0.3/scala-xml_2.11-1.0.3.jar (648 kB at 454 kB/s)
[INFO] Downloading from central: https://repo.maven.apache.org/maven2/org/jvnet/mimepull/mimepull/1.9.5/mimepull-1.9.5.jar
[INFO] Downloaded from central: https://repo.maven.apache.org/maven2/io/spray/spray-httpx_2.11/1.3.3/spray-httpx_2.11-1.3.3.jar (437 kB at 303 kB/s)
[INFO] Downloading from central: https://repo.maven.apache.org/maven2/com/chuusai/shapeless_2.11/2.3.0/shapeless_2.11-2.3.0.jar
[INFO] Downloaded from central: https://repo.maven.apache.org/maven2/org/scala-lang/scala-reflect/2.11.1/scala-reflect-2.11.1.jar (4.4 MB at 3.0 MB/s)
[INFO] Downloading from central: https://repo.maven.apache.org/maven2/org/typelevel/macro-compat_2.11/1.1.1/macro-compat_2.11-1.1.1.jar
[INFO] Downloaded from central: https://repo.maven.apache.org/maven2/org/jvnet/mimepull/mimepull/1.9.5/mimepull-1.9.5.jar (64 kB at 44 kB/s)
[INFO] Downloading from central: https://repo.maven.apache.org/maven2/io/spray/spray-json_2.11/1.3.2/spray-json_2.11-1.3.2.jar
[INFO] Downloaded from central: https://repo.maven.apache.org/maven2/io/spray/spray-routing-shapeless23_2.11/1.3.3/spray-routing-shapeless23_2.11-1.3.3.jar (1.1 MB at 756 kB/s)
[INFO] Downloading from central: https://repo.maven.apache.org/maven2/org/scassandra/scassandra-codec_2.11/1.1.2/scassandra-codec_2.11-1.1.2.jar
[INFO] Downloaded from central: https://repo.maven.apache.org/maven2/com/typesafe/akka/akka-actor_2.11/2.3.9/akka-actor_2.11-2.3.9.jar (2.6 MB at 1.7 MB/s)
[INFO] Downloading from central: https://repo.maven.apache.org/maven2/org/scodec/scodec-core_2.11/1.10.2/scodec-core_2.11-1.10.2.jar
[INFO] Downloaded from central: https://repo.maven.apache.org/maven2/org/typelevel/macro-compat_2.11/1.1.1/macro-compat_2.11-1.1.1.jar (3.1 kB at 2.1 kB/s)
[INFO] Downloading from central: https://repo.maven.apache.org/maven2/org/scodec/scodec-bits_2.11/1.1.0/scodec-bits_2.11-1.1.0.jar
[INFO] Downloaded from central: https://repo.maven.apache.org/maven2/io/spray/spray-json_2.11/1.3.2/spray-json_2.11-1.3.2.jar (286 kB at 192 kB/s)
[INFO] Downloading from central: https://repo.maven.apache.org/maven2/com/typesafe/akka/akka-remote_2.11/2.3.9/akka-remote_2.11-2.3.9.jar
[INFO] Downloaded from central: https://repo.maven.apache.org/maven2/com/chuusai/shapeless_2.11/2.3.0/shapeless_2.11-2.3.0.jar (3.4 MB at 2.2 MB/s)
[INFO] Downloading from central: https://repo.maven.apache.org/maven2/org/uncommons/maths/uncommons-maths/1.2.2a/uncommons-maths-1.2.2a.jar
[INFO] Downloaded from central: https://repo.maven.apache.org/maven2/org/scodec/scodec-bits_2.11/1.1.0/scodec-bits_2.11-1.1.0.jar (282 kB at 185 kB/s)
[INFO] Downloading from central: https://repo.maven.apache.org/maven2/com/typesafe/akka/akka-slf4j_2.11/2.3.9/akka-slf4j_2.11-2.3.9.jar
[INFO] Downloaded from central: https://repo.maven.apache.org/maven2/org/uncommons/maths/uncommons-maths/1.2.2a/uncommons-maths-1.2.2a.jar (49 kB at 32 kB/s)
[INFO] Downloaded from central: https://repo.maven.apache.org/maven2/com/typesafe/akka/akka-remote_2.11/2.3.9/akka-remote_2.11-2.3.9.jar (1.3 MB at 864 kB/s)
[INFO] Downloaded from central: https://repo.maven.apache.org/maven2/org/scassandra/scassandra-codec_2.11/1.1.2/scassandra-codec_2.11-1.1.2.jar (633 kB at 410 kB/s)
[INFO] Downloading from central: https://repo.maven.apache.org/maven2/ch/qos/logback/logback-core/1.1.1/logback-core-1.1.1.jar
[INFO] Downloading from central: https://repo.maven.apache.org/maven2/ch/qos/logback/logback-classic/1.1.1/logback-classic-1.1.1.jar
[INFO] Downloading from central: https://repo.maven.apache.org/maven2/org/scala-lang/scala-library/2.11.8/scala-library-2.11.8.jar
[INFO] Downloaded from central: https://repo.maven.apache.org/maven2/org/scodec/scodec-core_2.11/1.10.2/scodec-core_2.11-1.10.2.jar (1.3 MB at 836 kB/s)
[INFO] Downloading from central: https://repo.maven.apache.org/maven2/org/scassandra/cql-antlr/1.1.2/cql-antlr-1.1.2.jar
[INFO] Downloaded from central: https://repo.maven.apache.org/maven2/com/typesafe/akka/akka-slf4j_2.11/2.3.9/akka-slf4j_2.11-2.3.9.jar (15 kB at 9.9 kB/s)
[INFO] Downloading from central: https://repo.maven.apache.org/maven2/com/google/re2j/re2j/1.4/re2j-1.4.jar
[INFO] Downloaded from central: https://repo.maven.apache.org/maven2/ch/qos/logback/logback-classic/1.1.1/logback-classic-1.1.1.jar (271 kB at 168 kB/s)
[INFO] Downloading from central: https://repo.maven.apache.org/maven2/com/google/cloud/google-cloud-bigquery/1.108.0/google-cloud-bigquery-1.108.0.jar
[INFO] Downloaded from central: https://repo.maven.apache.org/maven2/com/google/re2j/re2j/1.4/re2j-1.4.jar (109 kB at 68 kB/s)
[INFO] Downloading from central: https://repo.maven.apache.org/maven2/com/google/cloud/google-cloud-core-http/1.93.0/google-cloud-core-http-1.93.0.jar
[INFO] Downloaded from central: https://repo.maven.apache.org/maven2/org/scassandra/cql-antlr/1.1.2/cql-antlr-1.1.2.jar (45 kB at 28 kB/s)
[INFO] Downloading from central: https://repo.maven.apache.org/maven2/com/google/cloud/bigtable/bigtable-beam-import/1.15.0/bigtable-beam-import-1.15.0.jar
[INFO] Downloaded from central: https://repo.maven.apache.org/maven2/ch/qos/logback/logback-core/1.1.1/logback-core-1.1.1.jar (428 kB at 263 kB/s)
[INFO] Downloading from central: https://repo.maven.apache.org/maven2/com/google/cloud/bigtable/bigtable-hbase-beam/1.15.0/bigtable-hbase-beam-1.15.0.jar
[INFO] Downloaded from central: https://repo.maven.apache.org/maven2/com/google/cloud/google-cloud-core-http/1.93.0/google-cloud-core-http-1.93.0.jar (15 kB at 9.0 kB/s)
[INFO] Downloading from central: https://repo.maven.apache.org/maven2/org/apache/beam/beam-sdks-java-io-hbase/2.34.0/beam-sdks-java-io-hbase-2.34.0.jar
[INFO] Downloaded from central: https://repo.maven.apache.org/maven2/com/google/cloud/google-cloud-bigquery/1.108.0/google-cloud-bigquery-1.108.0.jar (482 kB at 292 kB/s)
[INFO] Downloading from central: https://repo.maven.apache.org/maven2/org/apache/beam/beam-sdks-java-io-hadoop-common/2.34.0/beam-sdks-java-io-hadoop-common-2.34.0.jar
[INFO] Downloaded from central: https://repo.maven.apache.org/maven2/org/scala-lang/scala-library/2.11.8/scala-library-2.11.8.jar (5.7 MB at 3.4 MB/s)
[INFO] Downloading from central: https://repo.maven.apache.org/maven2/org/apache/hbase/hbase-shaded-client/1.4.12/hbase-shaded-client-1.4.12.jar
[INFO] Downloaded from central: https://repo.maven.apache.org/maven2/org/apache/beam/beam-sdks-java-io-hbase/2.34.0/beam-sdks-java-io-hbase-2.34.0.jar (42 kB at 25 kB/s)
[INFO] Downloading from central: https://repo.maven.apache.org/maven2/com/google/cloud/bigtable/bigtable-hbase-1.x-shaded/1.15.0/bigtable-hbase-1.x-shaded-1.15.0.jar
[INFO] Downloaded from central: https://repo.maven.apache.org/maven2/com/google/cloud/bigtable/bigtable-beam-import/1.15.0/bigtable-beam-import-1.15.0.jar (63 kB at 38 kB/s)
[INFO] Downloading from central: https://repo.maven.apache.org/maven2/com/google/cloud/bigtable/bigtable-client-core/1.15.0/bigtable-client-core-1.15.0.jar
[INFO] Downloaded from central: https://repo.maven.apache.org/maven2/org/apache/beam/beam-sdks-java-io-hadoop-common/2.34.0/beam-sdks-java-io-hadoop-common-2.34.0.jar (18 kB at 11 kB/s)
[INFO] Downloading from central: https://repo.maven.apache.org/maven2/com/google/cloud/google-cloud-bigtable/1.11.0/google-cloud-bigtable-1.11.0.jar
[INFO] Downloaded from central: https://repo.maven.apache.org/maven2/com/google/cloud/bigtable/bigtable-hbase-beam/1.15.0/bigtable-hbase-beam-1.15.0.jar (49 kB at 29 kB/s)
[INFO] Downloading from central: https://repo.maven.apache.org/maven2/com/google/api/grpc/grpc-google-common-protos/1.17.0/grpc-google-common-protos-1.17.0.jar
[INFO] Downloaded from central: https://repo.maven.apache.org/maven2/com/google/api/grpc/grpc-google-common-protos/1.17.0/grpc-google-common-protos-1.17.0.jar (13 kB at 7.2 kB/s)
[INFO] Downloading from central: https://repo.maven.apache.org/maven2/com/google/api/grpc/grpc-google-cloud-bigtable-v2/1.11.0/grpc-google-cloud-bigtable-v2-1.11.0.jar
[INFO] Downloaded from central: https://repo.maven.apache.org/maven2/com/google/cloud/bigtable/bigtable-client-core/1.15.0/bigtable-client-core-1.15.0.jar (312 kB at 178 kB/s)
[INFO] Downloading from central: https://repo.maven.apache.org/maven2/com/google/api/grpc/grpc-google-cloud-bigtable-admin-v2/1.11.0/grpc-google-cloud-bigtable-admin-v2-1.11.0.jar
[INFO] Downloaded from central: https://repo.maven.apache.org/maven2/com/google/cloud/google-cloud-bigtable/1.11.0/google-cloud-bigtable-1.11.0.jar (451 kB at 255 kB/s)
[INFO] Downloading from central: https://repo.maven.apache.org/maven2/com/google/api/grpc/proto-google-iam-v1/0.13.0/proto-google-iam-v1-0.13.0.jar
[INFO] Downloaded from central: https://repo.maven.apache.org/maven2/com/google/api/grpc/grpc-google-cloud-bigtable-v2/1.11.0/grpc-google-cloud-bigtable-v2-1.11.0.jar (15 kB at 8.5 kB/s)
[INFO] Downloading from central: https://repo.maven.apache.org/maven2/io/opencensus/opencensus-contrib-grpc-util/0.25.0/opencensus-contrib-grpc-util-0.25.0.jar
[INFO] Downloaded from central: https://repo.maven.apache.org/maven2/com/google/api/grpc/grpc-google-cloud-bigtable-admin-v2/1.11.0/grpc-google-cloud-bigtable-admin-v2-1.11.0.jar (43 kB at 24 kB/s)
[INFO] Downloading from central: https://repo.maven.apache.org/maven2/org/apache/beam/beam-sdks-java-io-parquet/2.34.0/beam-sdks-java-io-parquet-2.34.0.jar
[INFO] Downloaded from central: https://repo.maven.apache.org/maven2/com/google/api/grpc/proto-google-iam-v1/0.13.0/proto-google-iam-v1-0.13.0.jar (146 kB at 80 kB/s)
[INFO] Downloading from central: https://repo.maven.apache.org/maven2/org/apache/parquet/parquet-avro/1.12.0/parquet-avro-1.12.0.jar
[INFO] Downloaded from central: https://repo.maven.apache.org/maven2/org/apache/beam/beam-sdks-java-io-parquet/2.34.0/beam-sdks-java-io-parquet-2.34.0.jar (72 kB at 38 kB/s)
[INFO] Downloading from central: https://repo.maven.apache.org/maven2/org/apache/parquet/parquet-format-structures/1.12.0/parquet-format-structures-1.12.0.jar
[INFO] Downloaded from central: https://repo.maven.apache.org/maven2/org/apache/parquet/parquet-avro/1.12.0/parquet-avro-1.12.0.jar (909 kB at 482 kB/s)
[INFO] Downloading from central: https://repo.maven.apache.org/maven2/org/apache/parquet/parquet-column/1.12.0/parquet-column-1.12.0.jar
[INFO] Downloaded from central: https://repo.maven.apache.org/maven2/io/opencensus/opencensus-contrib-grpc-util/0.25.0/opencensus-contrib-grpc-util-0.25.0.jar (4.3 kB at 2.3 kB/s)
[INFO] Downloading from central: https://repo.maven.apache.org/maven2/org/apache/parquet/parquet-encoding/1.12.0/parquet-encoding-1.12.0.jar
[INFO] Downloaded from central: https://repo.maven.apache.org/maven2/org/apache/parquet/parquet-format-structures/1.12.0/parquet-format-structures-1.12.0.jar (707 kB at 360 kB/s)
[INFO] Downloading from central: https://repo.maven.apache.org/maven2/org/apache/parquet/parquet-common/1.12.0/parquet-common-1.12.0.jar
[INFO] Downloaded from central: https://repo.maven.apache.org/maven2/org/apache/parquet/parquet-encoding/1.12.0/parquet-encoding-1.12.0.jar (849 kB at 426 kB/s)
[INFO] Downloading from central: https://repo.maven.apache.org/maven2/org/apache/parquet/parquet-hadoop/1.12.0/parquet-hadoop-1.12.0.jar
[INFO] Downloaded from central: https://repo.maven.apache.org/maven2/org/apache/parquet/parquet-column/1.12.0/parquet-column-1.12.0.jar (2.0 MB at 995 kB/s)
[INFO] Downloading from central: https://repo.maven.apache.org/maven2/org/apache/parquet/parquet-jackson/1.12.0/parquet-jackson-1.12.0.jar
[INFO] Downloaded from central: https://repo.maven.apache.org/maven2/org/apache/parquet/parquet-common/1.12.0/parquet-common-1.12.0.jar (97 kB at 48 kB/s)
[INFO] Downloading from central: https://repo.maven.apache.org/maven2/com/github/luben/zstd-jni/1.4.9-1/zstd-jni-1.4.9-1.jar
[INFO] Downloaded from central: https://repo.maven.apache.org/maven2/org/apache/parquet/parquet-hadoop/1.12.0/parquet-hadoop-1.12.0.jar (976 kB at 464 kB/s)
[INFO] Downloading from central: https://repo.maven.apache.org/maven2/org/apache/kafka/kafka-clients/1.0.0/kafka-clients-1.0.0.jar
[INFO] Downloaded from central: https://repo.maven.apache.org/maven2/org/apache/parquet/parquet-jackson/1.12.0/parquet-jackson-1.12.0.jar (1.9 MB at 885 kB/s)
[INFO] Downloading from central: https://repo.maven.apache.org/maven2/org/lz4/lz4-java/1.4/lz4-java-1.4.jar
[INFO] Downloaded from central: https://repo.maven.apache.org/maven2/org/apache/kafka/kafka-clients/1.0.0/kafka-clients-1.0.0.jar (0 B at 0 B/s)
[INFO] Downloading from central: https://repo.maven.apache.org/maven2/com/google/cloud/google-cloud-dlp/2.1.0/google-cloud-dlp-2.1.0.jar
[INFO] Downloaded from central: https://repo.maven.apache.org/maven2/org/lz4/lz4-java/1.4/lz4-java-1.4.jar (370 kB at 170 kB/s)
[INFO] Downloading from central: https://repo.maven.apache.org/maven2/io/grpc/grpc-protobuf-lite/1.31.0/grpc-protobuf-lite-1.31.0.jar
[INFO] Downloaded from central: https://repo.maven.apache.org/maven2/io/grpc/grpc-protobuf-lite/1.31.0/grpc-protobuf-lite-1.31.0.jar (7.6 kB at 3.4 kB/s)
[INFO] Downloading from central: https://repo.maven.apache.org/maven2/com/google/api/grpc/proto-google-cloud-dlp-v2/2.1.0/proto-google-cloud-dlp-v2-2.1.0.jar
[INFO] Downloaded from central: https://repo.maven.apache.org/maven2/com/google/cloud/google-cloud-dlp/2.1.0/google-cloud-dlp-2.1.0.jar (113 kB at 50 kB/s)
[INFO] Downloading from central: https://repo.maven.apache.org/maven2/org/conscrypt/conscrypt-openjdk-uber/2.2.1/conscrypt-openjdk-uber-2.2.1.jar
[INFO] Downloaded from central: https://repo.maven.apache.org/maven2/com/github/luben/zstd-jni/1.4.9-1/zstd-jni-1.4.9-1.jar (6.5 MB at 2.8 MB/s)
[INFO] Downloading from central: https://repo.maven.apache.org/maven2/com/google/cloud/google-cloud-kms/1.40.0/google-cloud-kms-1.40.0.jar
[INFO] Downloaded from central: https://repo.maven.apache.org/maven2/com/google/cloud/google-cloud-kms/1.40.0/google-cloud-kms-1.40.0.jar (94 kB at 39 kB/s)
[INFO] Downloading from central: https://repo.maven.apache.org/maven2/com/google/api/grpc/proto-google-cloud-kms-v1/0.87.0/proto-google-cloud-kms-v1-0.87.0.jar
[INFO] Downloaded from central: https://repo.maven.apache.org/maven2/com/google/api/grpc/proto-google-cloud-dlp-v2/2.1.0/proto-google-cloud-dlp-v2-2.1.0.jar (2.8 MB at 1.1 MB/s)
[INFO] Downloading from central: https://repo.maven.apache.org/maven2/org/tensorflow/proto/1.15.0/proto-1.15.0.jar
[INFO] Downloaded from central: https://repo.maven.apache.org/maven2/com/google/cloud/bigtable/bigtable-hbase-1.x-shaded/1.15.0/bigtable-hbase-1.x-shaded-1.15.0.jar (28 MB at 12 MB/s)
[INFO] Downloaded from central: https://repo.maven.apache.org/maven2/org/apache/hbase/hbase-shaded-client/1.4.12/hbase-shaded-client-1.4.12.jar (35 MB at 14 MB/s)
[INFO] Downloaded from central: https://repo.maven.apache.org/maven2/com/google/api/grpc/proto-google-cloud-kms-v1/0.87.0/proto-google-cloud-kms-v1-0.87.0.jar (581 kB at 237 kB/s)
[INFO] Downloaded from central: https://repo.maven.apache.org/maven2/org/conscrypt/conscrypt-openjdk-uber/2.2.1/conscrypt-openjdk-uber-2.2.1.jar (4.5 MB at 1.8 MB/s)
[INFO] Downloaded from central: https://repo.maven.apache.org/maven2/org/tensorflow/proto/1.15.0/proto-1.15.0.jar (2.9 MB at 1.2 MB/s)
[INFO] Downloading from io.confluent: https://packages.confluent.io/maven/io/confluent/kafka-avro-serializer/5.3.2/kafka-avro-serializer-5.3.2.jar
[INFO] Downloading from io.confluent: https://packages.confluent.io/maven/io/confluent/common-utils/5.3.2/common-utils-5.3.2.jar
[INFO] Downloading from io.confluent: https://packages.confluent.io/maven/io/confluent/common-config/5.3.2/common-config-5.3.2.jar
[INFO] Downloading from io.confluent: https://packages.confluent.io/maven/io/confluent/kafka-schema-registry-client/5.3.2/kafka-schema-registry-client-5.3.2.jar
[INFO] Downloaded from io.confluent: https://packages.confluent.io/maven/io/confluent/kafka-avro-serializer/5.3.2/kafka-avro-serializer-5.3.2.jar (36 kB at 3.0 MB/s)
[INFO] Downloaded from io.confluent: https://packages.confluent.io/maven/io/confluent/common-utils/5.3.2/common-utils-5.3.2.jar (21 kB at 950 kB/s)
[INFO] Downloaded from io.confluent: https://packages.confluent.io/maven/io/confluent/common-config/5.3.2/common-config-5.3.2.jar (24 kB at 912 kB/s)
[INFO] Downloaded from io.confluent: https://packages.confluent.io/maven/io/confluent/kafka-schema-registry-client/5.3.2/kafka-schema-registry-client-5.3.2.jar (65 kB at 2.4 MB/s)
[INFO] 
[INFO] --- maven-clean-plugin:2.5:clean (default-clean) @ google-cloud-teleport-java ---
[INFO] 
[INFO] --- protobuf-maven-plugin:0.5.1:compile (default) @ google-cloud-teleport-java ---
[INFO] Downloading from central: https://repo.maven.apache.org/maven2/com/google/protobuf/protoc/3.11.1/protoc-3.11.1.pom
[INFO] Downloaded from central: https://repo.maven.apache.org/maven2/com/google/protobuf/protoc/3.11.1/protoc-3.11.1.pom (5.4 kB at 168 kB/s)
[INFO] Downloading from central: https://repo.maven.apache.org/maven2/com/google/protobuf/protoc/3.11.1/protoc-3.11.1-linux-x86_64.exe
[INFO] Downloaded from central: https://repo.maven.apache.org/maven2/com/google/protobuf/protoc/3.11.1/protoc-3.11.1-linux-x86_64.exe (5.1 MB at 55 MB/s)
[INFO] Compiling 3 proto file(s) to /home/srafi/after-cam-ready/compare_/compile_repair_output/work/1a4483f87033/target/generated-sources/protobuf/java
[INFO] 
[INFO] --- protobuf-maven-plugin:0.5.1:compile-custom (default) @ google-cloud-teleport-java ---
[INFO] Downloading from central: https://repo.maven.apache.org/maven2/io/grpc/protoc-gen-grpc-java/1.13.1/protoc-gen-grpc-java-1.13.1.pom
[INFO] Downloaded from central: https://repo.maven.apache.org/maven2/io/grpc/protoc-gen-grpc-java/1.13.1/protoc-gen-grpc-java-1.13.1.pom (2.1 kB at 76 kB/s)
[INFO] Downloading from central: https://repo.maven.apache.org/maven2/io/grpc/protoc-gen-grpc-java/1.13.1/protoc-gen-grpc-java-1.13.1-linux-x86_64.exe
[INFO] Downloaded from central: https://repo.maven.apache.org/maven2/io/grpc/protoc-gen-grpc-java/1.13.1/protoc-gen-grpc-java-1.13.1-linux-x86_64.exe (2.7 MB at 52 MB/s)
[INFO] Compiling 3 proto file(s) to /home/srafi/after-cam-ready/compare_/compile_repair_output/work/1a4483f87033/target/generated-sources/protobuf/grpc-java
[INFO] 
[INFO] --- avro-maven-plugin:1.8.2:schema (default) @ google-cloud-teleport-java ---
[INFO] 
[INFO] --- maven-resources-plugin:2.6:resources (default-resources) @ google-cloud-teleport-java ---
[INFO] Using 'UTF-8' encoding to copy filtered resources.
[INFO] Copying 5 resources
[INFO] Copying 3 resources
[INFO] Copying 3 resources
[INFO] 
[INFO] --- maven-compiler-plugin:3.6.2:compile (default-compile) @ google-cloud-teleport-java ---
[INFO] Downloading from central: https://repo.maven.apache.org/maven2/com/thoughtworks/qdox/qdox/2.0-M6/qdox-2.0-M6.pom
[INFO] Downloaded from central: https://repo.maven.apache.org/maven2/com/thoughtworks/qdox/qdox/2.0-M6/qdox-2.0-M6.pom (16 kB at 520 kB/s)
[INFO] Downloading from central: https://repo.maven.apache.org/maven2/com/thoughtworks/qdox/qdox/2.0-M6/qdox-2.0-M6.jar
[INFO] Downloaded from central: https://repo.maven.apache.org/maven2/com/thoughtworks/qdox/qdox/2.0-M6/qdox-2.0-M6.jar (314 kB at 10 MB/s)
[INFO] Changes detected - recompiling the module!
[INFO] Compiling 155 source files to /home/srafi/after-cam-ready/compare_/compile_repair_output/work/1a4483f87033/target/classes
[INFO] /home/srafi/after-cam-ready/compare_/compile_repair_output/work/1a4483f87033/src/main/java/com/google/cloud/teleport/spanner/AvroTableFileAsMutations.java: Some input files use or override a deprecated API.
[INFO] /home/srafi/after-cam-ready/compare_/compile_repair_output/work/1a4483f87033/src/main/java/com/google/cloud/teleport/spanner/AvroTableFileAsMutations.java: Recompile with -Xlint:deprecation for details.
[INFO] /home/srafi/after-cam-ready/compare_/compile_repair_output/work/1a4483f87033/src/main/java/com/google/cloud/teleport/bigtable/AvroToBigtable.java: Some input files use unchecked or unsafe operations.
[INFO] /home/srafi/after-cam-ready/compare_/compile_repair_output/work/1a4483f87033/src/main/java/com/google/cloud/teleport/bigtable/AvroToBigtable.java: Recompile with -Xlint:unchecked for details.
[INFO] 
[INFO] --- maven-resources-plugin:2.6:testResources (default-testResources) @ google-cloud-teleport-java ---
[INFO] Using 'UTF-8' encoding to copy filtered resources.
[INFO] Copying 7 resources
[INFO] 
[INFO] --- maven-compiler-plugin:3.6.2:testCompile (default-testCompile) @ google-cloud-teleport-java ---
[INFO] Changes detected - recompiling the module!
[INFO] Compiling 72 source files to /home/srafi/after-cam-ready/compare_/compile_repair_output/work/1a4483f87033/target/test-classes
[INFO] /home/srafi/after-cam-ready/compare_/compile_repair_output/work/1a4483f87033/src/test/java/com/google/cloud/teleport/templates/common/DatastoreConvertersTest.java: Some input files use or override a deprecated API.
[INFO] /home/srafi/after-cam-ready/compare_/compile_repair_output/work/1a4483f87033/src/test/java/com/google/cloud/teleport/templates/common/DatastoreConvertersTest.java: Recompile with -Xlint:deprecation for details.
[INFO] /home/srafi/after-cam-ready/compare_/compile_repair_output/work/1a4483f87033/src/test/java/com/google/cloud/teleport/bigtable/CassandraKeyUtilsTest.java: Some input files use unchecked or unsafe operations.
[INFO] /home/srafi/after-cam-ready/compare_/compile_repair_output/work/1a4483f87033/src/test/java/com/google/cloud/teleport/bigtable/CassandraKeyUtilsTest.java: Recompile with -Xlint:unchecked for details.
[INFO] 
[INFO] --- maven-checkstyle-plugin:3.0.0:check (default) @ google-cloud-teleport-java ---
[INFO] Downloading from central: https://repo.maven.apache.org/maven2/com/puppycrawl/tools/checkstyle/8.7/checkstyle-8.7.pom
[INFO] Downloaded from central: https://repo.maven.apache.org/maven2/com/puppycrawl/tools/checkstyle/8.7/checkstyle-8.7.pom (99 kB at 2.7 MB/s)
[INFO] Downloading from central: https://repo.maven.apache.org/maven2/com/google/guava/guava/23.6-jre/guava-23.6-jre.pom
[INFO] Downloaded from central: https://repo.maven.apache.org/maven2/com/google/guava/guava/23.6-jre/guava-23.6-jre.pom (7.8 kB at 237 kB/s)
[INFO] Downloading from central: https://repo.maven.apache.org/maven2/com/google/guava/guava-parent/23.6-jre/guava-parent-23.6-jre.pom
[INFO] Downloaded from central: https://repo.maven.apache.org/maven2/com/google/guava/guava-parent/23.6-jre/guava-parent-23.6-jre.pom (10 kB at 298 kB/s)
[INFO] Downloading from central: https://repo.maven.apache.org/maven2/net/sf/saxon/Saxon-HE/9.8.0-7/Saxon-HE-9.8.0-7.pom
[INFO] Downloaded from central: https://repo.maven.apache.org/maven2/net/sf/saxon/Saxon-HE/9.8.0-7/Saxon-HE-9.8.0-7.pom (3.4 kB at 120 kB/s)
[INFO] Downloading from central: https://repo.maven.apache.org/maven2/com/puppycrawl/tools/checkstyle/8.7/checkstyle-8.7.jar
[INFO] Downloading from central: https://repo.maven.apache.org/maven2/com/google/guava/guava/23.6-jre/guava-23.6-jre.jar
[INFO] Downloading from central: https://repo.maven.apache.org/maven2/net/sf/saxon/Saxon-HE/9.8.0-7/Saxon-HE-9.8.0-7.jar
[INFO] Downloaded from central: https://repo.maven.apache.org/maven2/com/puppycrawl/tools/checkstyle/8.7/checkstyle-8.7.jar (1.3 MB at 28 MB/s)
[INFO] Downloaded from central: https://repo.maven.apache.org/maven2/com/google/guava/guava/23.6-jre/guava-23.6-jre.jar (2.7 MB at 34 MB/s)
[INFO] Downloaded from central: https://repo.maven.apache.org/maven2/net/sf/saxon/Saxon-HE/9.8.0-7/Saxon-HE-9.8.0-7.jar (5.0 MB at 42 MB/s)
[INFO] 
[INFO] --- maven-surefire-plugin:3.0.0-M8-SNAPSHOT:test (default-test) @ google-cloud-teleport-java ---
[INFO] Downloading from apache.snapshots: https://repository.apache.org/snapshots/org/apache/maven/surefire/maven-surefire-common/3.0.0-M8-SNAPSHOT/maven-metadata.xml
[INFO] Downloading from apache.snapshots: https://repository.apache.org/snapshots/org/apache/maven/surefire/surefire-api/3.0.0-M8-SNAPSHOT/maven-metadata.xml
[INFO] Downloading from apache.snapshots: https://repository.apache.org/snapshots/org/apache/maven/surefire/surefire-logger-api/3.0.0-M8-SNAPSHOT/maven-metadata.xml
[INFO] Downloading from apache.snapshots: https://repository.apache.org/snapshots/org/apache/maven/surefire/surefire-shared-utils/3.0.0-M8-SNAPSHOT/maven-metadata.xml
[INFO] Downloading from apache.snapshots: https://repository.apache.org/snapshots/org/apache/maven/surefire/surefire-extensions-api/3.0.0-M8-SNAPSHOT/maven-metadata.xml
[INFO] Downloading from apache.snapshots: https://repository.apache.org/snapshots/org/apache/maven/surefire/surefire-booter/3.0.0-M8-SNAPSHOT/maven-metadata.xml
[INFO] Downloading from apache.snapshots: https://repository.apache.org/snapshots/org/apache/maven/surefire/surefire-extensions-spi/3.0.0-M8-SNAPSHOT/maven-metadata.xml
[INFO] Tests are skipped.
[INFO] 
[INFO] --- maven-jar-plugin:3.0.2:jar (default-jar) @ google-cloud-teleport-java ---
[INFO] Building jar: /home/srafi/after-cam-ready/compare_/compile_repair_output/work/1a4483f87033/target/google-cloud-teleport-java-0.1-SNAPSHOT.jar
[INFO] 
[INFO] >>> maven-source-plugin:3.0.1:jar (attach-sources) > generate-sources @ google-cloud-teleport-java >>>
[INFO] 
[INFO] --- protobuf-maven-plugin:0.5.1:compile (default) @ google-cloud-teleport-java ---
[INFO] Compiling 3 proto file(s) to /home/srafi/after-cam-ready/compare_/compile_repair_output/work/1a4483f87033/target/generated-sources/protobuf/java
[INFO] 
[INFO] --- protobuf-maven-plugin:0.5.1:compile-custom (default) @ google-cloud-teleport-java ---
[INFO] Compiling 3 proto file(s) to /home/srafi/after-cam-ready/compare_/compile_repair_output/work/1a4483f87033/target/generated-sources/protobuf/grpc-java
[INFO] 
[INFO] --- avro-maven-plugin:1.8.2:schema (default) @ google-cloud-teleport-java ---
[INFO] 
[INFO] <<< maven-source-plugin:3.0.1:jar (attach-sources) < generate-sources @ google-cloud-teleport-java <<<
[INFO] 
[INFO] 
[INFO] --- maven-source-plugin:3.0.1:jar (attach-sources) @ google-cloud-teleport-java ---
[INFO] Building jar: /home/srafi/after-cam-ready/compare_/compile_repair_output/work/1a4483f87033/target/google-cloud-teleport-java-0.1-SNAPSHOT-sources.jar
[INFO] 
[INFO] --- maven-shade-plugin:3.0.0:shade (bundle-and-repackage) @ google-cloud-teleport-java ---
[INFO] Including org.apache.beam:beam-sdks-java-core:jar:2.34.0 in the shaded jar.
[INFO] Including org.apache.beam:beam-model-pipeline:jar:2.34.0 in the shaded jar.
[INFO] Including org.apache.beam:beam-model-job-management:jar:2.34.0 in the shaded jar.
[INFO] Including org.apache.beam:beam-vendor-bytebuddy-1_11_0:jar:0.1 in the shaded jar.
[INFO] Including org.apache.beam:beam-vendor-grpc-1_36_0:jar:0.2 in the shaded jar.
[INFO] Including org.apache.beam:beam-vendor-guava-26_0-jre:jar:0.1 in the shaded jar.
[INFO] Including com.google.code.findbugs:jsr305:jar:3.0.2 in the shaded jar.
[INFO] Including com.google.errorprone:error_prone_annotations:jar:2.3.4 in the shaded jar.
[INFO] Including com.fasterxml.jackson.core:jackson-core:jar:2.12.4 in the shaded jar.
[INFO] Including com.fasterxml.jackson.core:jackson-annotations:jar:2.12.4 in the shaded jar.
[INFO] Including com.fasterxml.jackson.core:jackson-databind:jar:2.12.4 in the shaded jar.
[INFO] Including org.slf4j:slf4j-api:jar:1.7.30 in the shaded jar.
[INFO] Including org.apache.avro:avro:jar:1.8.2 in the shaded jar.
[INFO] Including com.thoughtworks.paranamer:paranamer:jar:2.7 in the shaded jar.
[INFO] Including org.tukaani:xz:jar:1.5 in the shaded jar.
[INFO] Including org.xerial.snappy:snappy-java:jar:1.1.8.4 in the shaded jar.
[INFO] Including joda-time:joda-time:jar:2.10.10 in the shaded jar.
[INFO] Including org.apache.beam:beam-sdks-java-io-google-cloud-platform:jar:2.34.0 in the shaded jar.
[INFO] Including org.checkerframework:checker-qual:jar:3.10.0 in the shaded jar.
[INFO] Including org.apache.beam:beam-runners-core-java:jar:2.34.0 in the shaded jar.
[INFO] Including org.apache.beam:beam-sdks-java-fn-execution:jar:2.34.0 in the shaded jar.
[INFO] Including org.apache.beam:beam-model-fn-execution:jar:2.34.0 in the shaded jar.
[INFO] Including org.apache.beam:beam-sdks-java-expansion-service:jar:2.34.0 in the shaded jar.
[INFO] Including org.apache.beam:beam-runners-java-fn-execution:jar:2.34.0 in the shaded jar.
[INFO] Including com.fasterxml.jackson.dataformat:jackson-dataformat-yaml:jar:2.12.4 in the shaded jar.
[INFO] Including org.yaml:snakeyaml:jar:1.27 in the shaded jar.
[INFO] Including org.apache.beam:beam-runners-core-construction-java:jar:2.34.0 in the shaded jar.
[INFO] Including io.github.classgraph:classgraph:jar:4.8.104 in the shaded jar.
[INFO] Including org.apache.beam:beam-sdks-java-extensions-arrow:jar:2.34.0 in the shaded jar.
[INFO] Including com.google.cloud.bigdataoss:util:jar:2.2.2 in the shaded jar.
[INFO] Including com.google.api-client:google-api-client-jackson2:jar:1.31.3 in the shaded jar.
[INFO] Including com.google.apis:google-api-services-iamcredentials:jar:v1-rev20201022-1.31.0 in the shaded jar.
[INFO] Including com.google.oauth-client:google-oauth-client:jar:1.31.2 in the shaded jar.
[INFO] Including com.google.flogger:google-extensions:jar:0.5.1 in the shaded jar.
[INFO] Including com.google.flogger:flogger-system-backend:jar:0.6 in the shaded jar.
[INFO] Including com.google.flogger:flogger:jar:0.6 in the shaded jar.
[INFO] Including com.google.api:gax:jar:2.3.0 in the shaded jar.
[INFO] Including com.google.api:gax-grpc:jar:2.3.0 in the shaded jar.
[INFO] Including com.google.api:gax-httpjson:jar:0.88.0 in the shaded jar.
[INFO] Including com.google.http-client:google-http-client-gson:jar:1.39.0 in the shaded jar.
[INFO] Including com.google.api-client:google-api-client:jar:1.32.1 in the shaded jar.
[INFO] Including com.google.api:api-common:jar:2.0.1 in the shaded jar.
[INFO] Including com.google.apis:google-api-services-bigquery:jar:v2-rev20210813-1.32.1 in the shaded jar.
[INFO] Including com.google.apis:google-api-services-healthcare:jar:v1-rev20210806-1.32.1 in the shaded jar.
[INFO] Including com.google.apis:google-api-services-pubsub:jar:v1-rev20210809-1.32.1 in the shaded jar.
[INFO] Including com.google.apis:google-api-services-storage:jar:v1-rev20210127-1.32.1 in the shaded jar.
[INFO] Including com.google.auth:google-auth-library-credentials:jar:1.1.0 in the shaded jar.
[INFO] Including com.google.auth:google-auth-library-oauth2-http:jar:1.1.0 in the shaded jar.
[INFO] Including com.google.cloud:google-cloud-bigquerystorage:jar:2.1.0 in the shaded jar.
[INFO] Including com.google.api.grpc:proto-google-cloud-bigquerystorage-v1beta1:jar:0.125.0 in the shaded jar.
[INFO] Including com.google.http-client:google-http-client-appengine:jar:1.39.2 in the shaded jar.
[INFO] Including com.google.api.grpc:grpc-google-cloud-bigquerystorage-v1beta1:jar:0.125.0 in the shaded jar.
[INFO] Including com.google.api.grpc:grpc-google-cloud-bigquerystorage-v1beta2:jar:0.125.0 in the shaded jar.
[INFO] Including com.google.api.grpc:grpc-google-cloud-bigquerystorage-v1:jar:2.1.0 in the shaded jar.
[INFO] Including com.google.cloud:google-cloud-core:jar:2.1.0 in the shaded jar.
[INFO] Including com.google.cloud:google-cloud-core-grpc:jar:2.1.0 in the shaded jar.
[INFO] Including com.google.cloud.datastore:datastore-v1-proto-client:jar:1.6.3 in the shaded jar.
[INFO] Including com.google.http-client:google-http-client-protobuf:jar:1.33.0 in the shaded jar.
[INFO] Including com.google.cloud:google-cloud-firestore:jar:3.0.2 in the shaded jar.
[INFO] Including com.google.cloud:proto-google-cloud-firestore-bundle-v1:jar:3.0.2 in the shaded jar.
[INFO] Including com.google.cloud:google-cloud-pubsublite:jar:1.2.0 in the shaded jar.
[INFO] Including com.google.cloud:google-cloud-pubsub:jar:1.114.2 in the shaded jar.
[INFO] Including com.google.cloud:google-cloud-spanner:jar:6.12.1 in the shaded jar.
[INFO] Including com.google.cloud:grpc-gcp:jar:1.1.0 in the shaded jar.
[INFO] Including com.google.api.grpc:proto-google-cloud-spanner-admin-instance-v1:jar:6.12.1 in the shaded jar.
[INFO] Including com.google.api.grpc:grpc-google-cloud-spanner-admin-instance-v1:jar:6.12.1 in the shaded jar.
[INFO] Including com.google.api.grpc:grpc-google-cloud-spanner-v1:jar:6.12.1 in the shaded jar.
[INFO] Including com.google.api.grpc:grpc-google-cloud-spanner-admin-database-v1:jar:6.12.1 in the shaded jar.
[INFO] Including com.google.code.gson:gson:jar:2.8.6 in the shaded jar.
[INFO] Including com.google.http-client:google-http-client:jar:1.39.2 in the shaded jar.
[INFO] Including com.google.http-client:google-http-client-jackson2:jar:1.39.2 in the shaded jar.
[INFO] Including io.grpc:grpc-alts:jar:1.40.0 in the shaded jar.
[INFO] Including io.grpc:grpc-api:jar:1.40.0 in the shaded jar.
[INFO] Including io.grpc:grpc-auth:jar:1.40.0 in the shaded jar.
[INFO] Including io.grpc:grpc-core:jar:1.40.0 in the shaded jar.
[INFO] Including io.grpc:grpc-context:jar:1.40.0 in the shaded jar.
[INFO] Including io.grpc:grpc-grpclb:jar:1.40.0 in the shaded jar.
[INFO] Including io.grpc:grpc-netty:jar:1.40.0 in the shaded jar.
[INFO] Including io.netty:netty-codec-http2:jar:4.1.52.Final in the shaded jar.
[INFO] Including io.netty:netty-handler-proxy:jar:4.1.52.Final in the shaded jar.
[INFO] Including io.grpc:grpc-netty-shaded:jar:1.40.0 in the shaded jar.
[INFO] Including io.grpc:grpc-protobuf:jar:1.40.0 in the shaded jar.
[INFO] Including io.grpc:grpc-stub:jar:1.40.0 in the shaded jar.
[INFO] Including com.google.api.grpc:grpc-google-cloud-pubsub-v1:jar:1.96.2 in the shaded jar.
[INFO] Including com.google.api.grpc:grpc-google-cloud-pubsublite-v1:jar:1.2.0 in the shaded jar.
[INFO] Including com.google.guava:guava:jar:30.1.1-jre in the shaded jar.
[INFO] Including org.hamcrest:hamcrest:jar:2.1 in the shaded jar.
[INFO] Including org.apache.httpcomponents:httpclient:jar:4.5.13 in the shaded jar.
[INFO] Including org.apache.httpcomponents:httpcore:jar:4.4.14 in the shaded jar.
[INFO] Including io.netty:netty-handler:jar:4.1.52.Final in the shaded jar.
[INFO] Including io.netty:netty-resolver:jar:4.1.52.Final in the shaded jar.
[INFO] Including io.netty:netty-tcnative-boringssl-static:jar:2.0.33.Final in the shaded jar.
[INFO] Including com.google.api.grpc:proto-google-cloud-bigquerystorage-v1:jar:2.1.0 in the shaded jar.
[INFO] Including com.google.api.grpc:proto-google-cloud-bigquerystorage-v1beta2:jar:0.125.0 in the shaded jar.
[INFO] Including com.google.api.grpc:proto-google-cloud-bigtable-admin-v2:jar:2.1.0 in the shaded jar.
[INFO] Including com.google.api.grpc:proto-google-cloud-bigtable-v2:jar:2.1.0 in the shaded jar.
[INFO] Including com.google.api.grpc:proto-google-cloud-datastore-v1:jar:0.91.3 in the shaded jar.
[INFO] Including com.google.api.grpc:proto-google-cloud-firestore-v1:jar:3.0.2 in the shaded jar.
[INFO] Including com.google.api.grpc:proto-google-cloud-pubsub-v1:jar:1.96.2 in the shaded jar.
[INFO] Including com.google.api.grpc:proto-google-cloud-pubsublite-v1:jar:1.2.0 in the shaded jar.
[INFO] Including com.google.api.grpc:proto-google-cloud-spanner-admin-database-v1:jar:6.12.1 in the shaded jar.
[INFO] Including com.google.api.grpc:proto-google-cloud-spanner-v1:jar:6.12.1 in the shaded jar.
[INFO] Including com.google.api.grpc:proto-google-common-protos:jar:2.3.2 in the shaded jar.
[INFO] Including com.google.protobuf:protobuf-java:jar:3.17.3 in the shaded jar.
[INFO] Including com.google.protobuf:protobuf-java-util:jar:3.17.3 in the shaded jar.
[INFO] Including org.apache.arrow:arrow-memory-core:jar:5.0.0 in the shaded jar.
[INFO] Including org.apache.arrow:arrow-vector:jar:5.0.0 in the shaded jar.
[INFO] Including org.apache.arrow:arrow-format:jar:5.0.0 in the shaded jar.
[INFO] Including com.google.flatbuffers:flatbuffers-java:jar:1.12.0 in the shaded jar.
[INFO] Including org.threeten:threetenbp:jar:1.4.4 in the shaded jar.
[INFO] Including org.apache.beam:beam-sdks-java-extensions-google-cloud-platform-core:jar:2.34.0 in the shaded jar.
[INFO] Including com.google.cloud.bigdataoss:gcsio:jar:2.2.2 in the shaded jar.
[INFO] Including com.google.apis:google-api-services-cloudresourcemanager:jar:v1-rev20210815-1.32.1 in the shaded jar.
[INFO] Including org.apache.beam:beam-sdks-java-extensions-protobuf:jar:2.34.0 in the shaded jar.
[INFO] Including org.apache.beam:beam-runners-google-cloud-dataflow-java:jar:2.34.0 in the shaded jar.
[INFO] Including org.apache.beam:beam-sdks-java-io-kafka:jar:2.34.0 in the shaded jar.
[INFO] Including io.confluent:kafka-avro-serializer:jar:5.3.2 in the shaded jar.
[INFO] Including io.confluent:common-config:jar:5.3.2 in the shaded jar.
[INFO] Including io.confluent:common-utils:jar:5.3.2 in the shaded jar.
[INFO] Including com.101tec:zkclient:jar:0.10 in the shaded jar.
[INFO] Including io.confluent:kafka-schema-registry-client:jar:5.3.2 in the shaded jar.
[INFO] Including com.google.apis:google-api-services-clouddebugger:jar:v2-rev20210813-1.32.1 in the shaded jar.
[INFO] Including com.google.apis:google-api-services-dataflow:jar:v1b3-rev20210818-1.32.1 in the shaded jar.
[INFO] Including org.apache.beam:beam-runners-direct-java:jar:2.34.0 in the shaded jar.
[INFO] Including org.apache.beam:beam-sdks-java-io-jdbc:jar:2.34.0 in the shaded jar.
[INFO] Including org.apache.commons:commons-dbcp2:jar:2.8.0 in the shaded jar.
[INFO] Including org.apache.commons:commons-pool2:jar:2.8.1 in the shaded jar.
[INFO] Including org.apache.beam:beam-sdks-java-io-cassandra:jar:2.34.0 in the shaded jar.
[INFO] Including com.datastax.cassandra:cassandra-driver-mapping:jar:3.10.2 in the shaded jar.
[INFO] Including com.datastax.cassandra:cassandra-driver-core:jar:3.6.0 in the shaded jar.
[INFO] Including io.dropwizard.metrics:metrics-core:jar:3.2.2 in the shaded jar.
[INFO] Including com.github.jnr:jnr-ffi:jar:2.1.7 in the shaded jar.
[INFO] Including org.ow2.asm:asm:jar:5.0.3 in the shaded jar.
[INFO] Including org.ow2.asm:asm-commons:jar:5.0.3 in the shaded jar.
[INFO] Including org.ow2.asm:asm-analysis:jar:5.0.3 in the shaded jar.
[INFO] Including org.ow2.asm:asm-tree:jar:5.0.3 in the shaded jar.
[INFO] Including org.ow2.asm:asm-util:jar:5.0.3 in the shaded jar.
[INFO] Including com.github.jnr:jnr-x86asm:jar:1.0.2 in the shaded jar.
[INFO] Including com.github.jnr:jnr-posix:jar:3.0.44 in the shaded jar.
[INFO] Including com.github.jnr:jnr-constants:jar:0.9.9 in the shaded jar.
[INFO] Including org.apache.hadoop:hadoop-mapreduce-client-core:jar:2.8.5 in the shaded jar.
[INFO] Including org.apache.hadoop:hadoop-yarn-common:jar:2.8.5 in the shaded jar.
[INFO] Including org.apache.hadoop:hadoop-yarn-api:jar:2.8.5 in the shaded jar.
[INFO] Including javax.xml.bind:jaxb-api:jar:2.2.2 in the shaded jar.
[INFO] Including javax.xml.stream:stax-api:jar:1.0-2 in the shaded jar.
[INFO] Including javax.activation:activation:jar:1.1 in the shaded jar.
[INFO] Including com.sun.jersey:jersey-client:jar:1.9 in the shaded jar.
[INFO] Including com.google.inject:guice:jar:3.0 in the shaded jar.
[INFO] Including javax.inject:javax.inject:jar:1 in the shaded jar.
[INFO] Including aopalliance:aopalliance:jar:1.0 in the shaded jar.
[INFO] Including com.sun.jersey.contribs:jersey-guice:jar:1.9 in the shaded jar.
[INFO] Including org.slf4j:slf4j-log4j12:jar:1.7.10 in the shaded jar.
[INFO] Including org.apache.hadoop:hadoop-annotations:jar:2.8.5 in the shaded jar.
[INFO] Including com.google.inject.extensions:guice-servlet:jar:3.0 in the shaded jar.
[INFO] Including io.netty:netty:jar:3.6.2.Final in the shaded jar.
[INFO] Including org.apache.hadoop:hadoop-common:jar:2.8.5 in the shaded jar.
[INFO] Including commons-cli:commons-cli:jar:1.2 in the shaded jar.
[INFO] Including org.apache.commons:commons-math3:jar:3.1.1 in the shaded jar.
[INFO] Including xmlenc:xmlenc:jar:0.52 in the shaded jar.
[INFO] Including commons-net:commons-net:jar:3.1 in the shaded jar.
[INFO] Including commons-collections:commons-collections:jar:3.2.2 in the shaded jar.
[INFO] Including javax.servlet:servlet-api:jar:2.5 in the shaded jar.
[INFO] Including org.mortbay.jetty:jetty:jar:6.1.26 in the shaded jar.
[INFO] Including org.mortbay.jetty:jetty-util:jar:6.1.26 in the shaded jar.
[INFO] Including org.mortbay.jetty:jetty-sslengine:jar:6.1.26 in the shaded jar.
[INFO] Including javax.servlet.jsp:jsp-api:jar:2.1 in the shaded jar.
[INFO] Including com.sun.jersey:jersey-core:jar:1.9 in the shaded jar.
[INFO] Including com.sun.jersey:jersey-json:jar:1.9 in the shaded jar.
[INFO] Including org.codehaus.jettison:jettison:jar:1.1 in the shaded jar.
[INFO] Including com.sun.xml.bind:jaxb-impl:jar:2.2.3-1 in the shaded jar.
[INFO] Including com.sun.jersey:jersey-server:jar:1.9 in the shaded jar.
[INFO] Including asm:asm:jar:3.1 in the shaded jar.
[INFO] Including commons-logging:commons-logging:jar:1.1.3 in the shaded jar.
[INFO] Including log4j:log4j:jar:1.2.17 in the shaded jar.
[INFO] Including net.java.dev.jets3t:jets3t:jar:0.9.0 in the shaded jar.
[INFO] Including com.jamesmurty.utils:java-xmlbuilder:jar:0.4 in the shaded jar.
[INFO] Including commons-lang:commons-lang:jar:2.6 in the shaded jar.
[INFO] Including commons-configuration:commons-configuration:jar:1.6 in the shaded jar.
[INFO] Including commons-digester:commons-digester:jar:1.8 in the shaded jar.
[INFO] Including commons-beanutils:commons-beanutils:jar:1.7.0 in the shaded jar.
[INFO] Including commons-beanutils:commons-beanutils-core:jar:1.8.0 in the shaded jar.
[INFO] Including org.apache.hadoop:hadoop-auth:jar:2.8.5 in the shaded jar.
[INFO] Including com.nimbusds:nimbus-jose-jwt:jar:4.41.1 in the shaded jar.
[INFO] Including com.github.stephenc.jcip:jcip-annotations:jar:1.0-1 in the shaded jar.
[INFO] Including net.minidev:json-smart:jar:2.3 in the shaded jar.
[INFO] Including net.minidev:accessors-smart:jar:1.2 in the shaded jar.
[INFO] Including org.apache.directory.server:apacheds-kerberos-codec:jar:2.0.0-M15 in the shaded jar.
[INFO] Including org.apache.directory.server:apacheds-i18n:jar:2.0.0-M15 in the shaded jar.
[INFO] Including org.apache.directory.api:api-asn1-api:jar:1.0.0-M20 in the shaded jar.
[INFO] Including org.apache.directory.api:api-util:jar:1.0.0-M20 in the shaded jar.
[INFO] Including org.apache.curator:curator-framework:jar:2.7.1 in the shaded jar.
[INFO] Including com.jcraft:jsch:jar:0.1.54 in the shaded jar.
[INFO] Including org.apache.curator:curator-client:jar:2.7.1 in the shaded jar.
[INFO] Including org.apache.curator:curator-recipes:jar:2.7.1 in the shaded jar.
[INFO] Including org.apache.htrace:htrace-core4:jar:4.0.1-incubating in the shaded jar.
[INFO] Including org.apache.zookeeper:zookeeper:jar:3.4.6 in the shaded jar.
[INFO] Including org.apache.commons:commons-compress:jar:1.4.1 in the shaded jar.
[INFO] Including org.apache.htrace:htrace-core:jar:3.1.0-incubating in the shaded jar.
[INFO] Including com.github.stephenc.findbugs:findbugs-annotations:jar:1.3.9-1 in the shaded jar.
[INFO] Including com.google.http-client:google-http-client-apache-v2:jar:1.39.2 in the shaded jar.
[INFO] Including org.checkerframework:checker-compat-qual:jar:2.5.5 in the shaded jar.
[INFO] Including io.netty:netty-codec-socks:jar:4.1.50.Final in the shaded jar.
[INFO] Including io.netty:netty-buffer:jar:4.1.50.Final in the shaded jar.
[INFO] Including io.netty:netty-codec:jar:4.1.50.Final in the shaded jar.
[INFO] Including io.netty:netty-codec-http:jar:4.1.50.Final in the shaded jar.
[INFO] Including io.netty:netty-common:jar:4.1.50.Final in the shaded jar.
[INFO] Including io.netty:netty-transport:jar:4.1.50.Final in the shaded jar.
[INFO] Including com.google.re2j:re2j:jar:1.4 in the shaded jar.
[INFO] Including com.google.cloud:google-cloud-bigquery:jar:1.108.0 in the shaded jar.
[INFO] Including com.google.cloud:google-cloud-core-http:jar:1.93.0 in the shaded jar.
[INFO] Including com.google.cloud.bigtable:bigtable-beam-import:jar:1.15.0 in the shaded jar.
[INFO] Including com.google.cloud.bigtable:bigtable-hbase-beam:jar:1.15.0 in the shaded jar.
[INFO] Including org.apache.beam:beam-sdks-java-io-hbase:jar:2.34.0 in the shaded jar.
[INFO] Including org.apache.beam:beam-sdks-java-io-hadoop-common:jar:2.34.0 in the shaded jar.
[INFO] Including org.apache.hbase:hbase-shaded-client:jar:1.4.12 in the shaded jar.
[INFO] Including com.squareup.okhttp:okhttp:jar:2.7.5 in the shaded jar.
[INFO] Including com.squareup.okio:okio:jar:1.6.0 in the shaded jar.
[INFO] Including com.google.cloud.bigtable:bigtable-hbase-1.x-shaded:jar:1.15.0 in the shaded jar.
[INFO] Including com.google.cloud.bigtable:bigtable-client-core:jar:1.15.0 in the shaded jar.
[INFO] Including com.google.cloud:google-cloud-bigtable:jar:1.11.0 in the shaded jar.
[INFO] Including com.google.api.grpc:grpc-google-common-protos:jar:1.17.0 in the shaded jar.
[INFO] Including com.google.api.grpc:grpc-google-cloud-bigtable-v2:jar:1.11.0 in the shaded jar.
[INFO] Including com.google.api.grpc:grpc-google-cloud-bigtable-admin-v2:jar:1.11.0 in the shaded jar.
[INFO] Including com.google.api.grpc:proto-google-iam-v1:jar:0.13.0 in the shaded jar.
[INFO] Including io.opencensus:opencensus-contrib-grpc-util:jar:0.25.0 in the shaded jar.
[INFO] Including org.json:json:jar:20200518 in the shaded jar.
[INFO] Including com.google.auto.value:auto-value-annotations:jar:1.7.4 in the shaded jar.
[INFO] Including org.codehaus.jackson:jackson-core-asl:jar:1.9.13 in the shaded jar.
[INFO] Including org.codehaus.jackson:jackson-mapper-asl:jar:1.9.13 in the shaded jar.
[INFO] Including org.apache.commons:commons-csv:jar:1.8 in the shaded jar.
[INFO] Including org.apache.commons:commons-text:jar:1.9 in the shaded jar.
[INFO] Including org.apache.commons:commons-lang3:jar:3.11 in the shaded jar.
[INFO] Including commons-codec:commons-codec:jar:1.14 in the shaded jar.
[INFO] Including commons-io:commons-io:jar:2.4 in the shaded jar.
[INFO] Including org.apache.beam:beam-sdks-java-io-parquet:jar:2.34.0 in the shaded jar.
[INFO] Including org.apache.parquet:parquet-avro:jar:1.12.0 in the shaded jar.
[INFO] Including org.apache.parquet:parquet-format-structures:jar:1.12.0 in the shaded jar.
[INFO] Including org.apache.parquet:parquet-column:jar:1.12.0 in the shaded jar.
[INFO] Including org.apache.parquet:parquet-encoding:jar:1.12.0 in the shaded jar.
[INFO] Including org.apache.parquet:parquet-common:jar:1.12.0 in the shaded jar.
[INFO] Including org.apache.yetus:audience-annotations:jar:0.12.0 in the shaded jar.
[INFO] Including org.apache.parquet:parquet-hadoop:jar:1.12.0 in the shaded jar.
[INFO] Including org.apache.parquet:parquet-jackson:jar:1.12.0 in the shaded jar.
[INFO] Including commons-pool:commons-pool:jar:1.6 in the shaded jar.
[INFO] Including com.github.luben:zstd-jni:jar:1.4.9-1 in the shaded jar.
[INFO] Including org.apache.kafka:kafka-clients:jar:1.0.0 in the shaded jar.
[INFO] Including org.lz4:lz4-java:jar:1.4 in the shaded jar.
[INFO] Including org.springframework:spring-expression:jar:5.2.8.RELEASE in the shaded jar.
[INFO] Including org.springframework:spring-core:jar:5.2.8.RELEASE in the shaded jar.
[INFO] Including org.springframework:spring-jcl:jar:5.2.8.RELEASE in the shaded jar.
[INFO] Including io.opencensus:opencensus-api:jar:0.24.0 in the shaded jar.
[INFO] Including com.google.cloud:google-cloud-dlp:jar:2.1.0 in the shaded jar.
[INFO] Including org.codehaus.mojo:animal-sniffer-annotations:jar:1.19 in the shaded jar.
[INFO] Including io.grpc:grpc-protobuf-lite:jar:1.31.0 in the shaded jar.
[INFO] Including javax.annotation:javax.annotation-api:jar:1.3.2 in the shaded jar.
[INFO] Including com.google.api.grpc:proto-google-cloud-dlp-v2:jar:2.1.0 in the shaded jar.
[INFO] Including com.google.guava:failureaccess:jar:1.0.1 in the shaded jar.
[INFO] Including com.google.guava:listenablefuture:jar:9999.0-empty-to-avoid-conflict-with-guava in the shaded jar.
[INFO] Including com.google.j2objc:j2objc-annotations:jar:1.3 in the shaded jar.
[INFO] Including io.opencensus:opencensus-contrib-http-util:jar:0.24.0 in the shaded jar.
[INFO] Including com.google.android:annotations:jar:4.1.1.4 in the shaded jar.
[INFO] Including io.perfmark:perfmark-api:jar:0.19.0 in the shaded jar.
[INFO] Including org.conscrypt:conscrypt-openjdk-uber:jar:2.2.1 in the shaded jar.
[INFO] Including com.google.cloud:google-cloud-kms:jar:1.40.0 in the shaded jar.
[INFO] Including com.google.api.grpc:proto-google-cloud-kms-v1:jar:0.87.0 in the shaded jar.
[INFO] Including org.tensorflow:proto:jar:1.15.0 in the shaded jar.
[WARNING] asm-3.1.jar, asm-5.0.3.jar define 21 overlapping classes: 
[WARNING]   - org.objectweb.asm.Type
[WARNING]   - org.objectweb.asm.AnnotationVisitor
[WARNING]   - org.objectweb.asm.MethodVisitor
[WARNING]   - org.objectweb.asm.Attribute
[WARNING]   - org.objectweb.asm.FieldWriter
[WARNING]   - org.objectweb.asm.signature.SignatureWriter
[WARNING]   - org.objectweb.asm.MethodWriter
[WARNING]   - org.objectweb.asm.Edge
[WARNING]   - org.objectweb.asm.Handler
[WARNING]   - org.objectweb.asm.ByteVector
[WARNING]   - 11 more...
[WARNING] bigtable-hbase-1.x-shaded-1.15.0.jar, bigtable-client-core-1.15.0.jar define 18 overlapping classes: 
[WARNING]   - com.google.cloud.bigtable.metrics.DropwizardMetricRegistry$4
[WARNING]   - com.google.cloud.bigtable.metrics.MetricRegistry$1$2$1
[WARNING]   - com.google.cloud.bigtable.metrics.MetricRegistry$1$3
[WARNING]   - com.google.cloud.bigtable.metrics.Timer
[WARNING]   - com.google.cloud.bigtable.metrics.DropwizardMetricRegistry$2
[WARNING]   - com.google.cloud.bigtable.metrics.BigtableClientMetrics$MetricLevel
[WARNING]   - com.google.cloud.bigtable.metrics.MetricRegistry$1$2
[WARNING]   - com.google.cloud.bigtable.metrics.DropwizardMetricRegistry$3
[WARNING]   - com.google.cloud.bigtable.metrics.Meter
[WARNING]   - com.google.cloud.bigtable.metrics.DropwizardMetricRegistry
[WARNING]   - 8 more...
[WARNING] hbase-shaded-client-1.4.12.jar, hadoop-yarn-api-2.8.5.jar define 859 overlapping classes: 
[WARNING]   - org.apache.hadoop.yarn.proto.ApplicationHistoryServerProtos$ApplicationAttemptHistoryDataProto$1
[WARNING]   - org.apache.hadoop.yarn.proto.YarnServiceProtos$RegisterApplicationMasterRequestProtoOrBuilder
[WARNING]   - org.apache.hadoop.yarn.api.protocolrecords.StopContainersResponse
[WARNING]   - org.apache.hadoop.yarn.proto.YarnServiceProtos$ReservationUpdateRequestProto$Builder
[WARNING]   - org.apache.hadoop.yarn.proto.YarnServiceProtos$SubmitApplicationRequestProto
[WARNING]   - org.apache.hadoop.yarn.proto.ApplicationHistoryProtocol$1
[WARNING]   - org.apache.hadoop.yarn.api.records.timeline.TimelineDomains
[WARNING]   - org.apache.hadoop.yarn.proto.YarnProtos$ResourceBlacklistRequestProto
[WARNING]   - org.apache.hadoop.yarn.proto.YarnServiceProtos$ReservationDeleteResponseProtoOrBuilder
[WARNING]   - org.apache.hadoop.yarn.proto.YarnServerResourceManagerServiceProtos$RefreshUserToGroupsMappingsResponseProto$1
[WARNING]   - 849 more...
[WARNING] parquet-column-1.12.0.jar, parquet-hadoop-1.12.0.jar, parquet-avro-1.12.0.jar define 206 overlapping classes: 
[WARNING]   - shaded.parquet.it.unimi.dsi.fastutil.ints.IntArrays
[WARNING]   - shaded.parquet.it.unimi.dsi.fastutil.doubles.DoubleComparators$OppositeComparator
[WARNING]   - shaded.parquet.it.unimi.dsi.fastutil.ints.IntBigArrays$BigArrayHashStrategy
[WARNING]   - shaded.parquet.it.unimi.dsi.fastutil.bytes.ByteBigArrays$1
[WARNING]   - shaded.parquet.it.unimi.dsi.fastutil.bytes.ByteComparators$OppositeImplicitComparator
[WARNING]   - shaded.parquet.it.unimi.dsi.fastutil.doubles.DoubleBigArrays$BigArrayHashStrategy
[WARNING]   - shaded.parquet.it.unimi.dsi.fastutil.ints.IntArrays$ArrayHashStrategy
[WARNING]   - shaded.parquet.it.unimi.dsi.fastutil.ints.IntBigArrays$1
[WARNING]   - shaded.parquet.it.unimi.dsi.fastutil.shorts.ShortBigArrays$ForkJoinQuickSort
[WARNING]   - shaded.parquet.it.unimi.dsi.fastutil.booleans.BooleanComparators$OppositeComparator
[WARNING]   - 196 more...
[WARNING] bigtable-hbase-1.x-shaded-1.15.0.jar, perfmark-api-0.19.0.jar define 5 overlapping classes: 
[WARNING]   - io.perfmark.Tag
[WARNING]   - io.perfmark.PerfMark
[WARNING]   - io.perfmark.Impl
[WARNING]   - io.perfmark.Link
[WARNING]   - io.perfmark.package-info
[WARNING] google-cloud-teleport-java-0.1-SNAPSHOT.jar, beam-sdks-java-io-google-cloud-platform-2.34.0.jar define 30 overlapping classes: 
[WARNING]   - org.apache.beam.sdk.io.gcp.spanner.AutoValue_SpannerConfig$Builder
[WARNING]   - org.apache.beam.sdk.io.gcp.spanner.AutoValue_SpannerIO_CreateTransaction
[WARNING]   - org.apache.beam.sdk.io.gcp.spanner.AutoValue_SpannerIO_CreateTransaction$1
[WARNING]   - org.apache.beam.sdk.io.gcp.spanner.AutoValue_SpannerSchema
[WARNING]   - org.apache.beam.sdk.io.gcp.spanner.AutoValue_SpannerIO_Write$Builder
[WARNING]   - org.apache.beam.sdk.io.gcp.spanner.ReadOperation$Builder
[WARNING]   - org.apache.beam.sdk.io.gcp.spanner.AutoValue_SpannerIO_Read$Builder
[WARNING]   - org.apache.beam.sdk.io.gcp.spanner.AutoValue_SpannerIO_Read$1
[WARNING]   - org.apache.beam.sdk.io.gcp.spanner.AutoValue_ReadOperation
[WARNING]   - org.apache.beam.sdk.io.gcp.spanner.AutoValue_SpannerIO_Read
[WARNING]   - 20 more...
[WARNING] checker-compat-qual-2.5.5.jar, bigtable-hbase-1.x-shaded-1.15.0.jar define 10 overlapping classes: 
[WARNING]   - org.checkerframework.checker.nullness.compatqual.PolyNullDecl
[WARNING]   - org.checkerframework.checker.nullness.compatqual.NullableDecl
[WARNING]   - org.checkerframework.checker.nullness.compatqual.NonNullDecl
[WARNING]   - org.checkerframework.checker.nullness.compatqual.MonotonicNonNullDecl
[WARNING]   - org.checkerframework.checker.nullness.compatqual.NullableType
[WARNING]   - org.checkerframework.checker.nullness.compatqual.MonotonicNonNullType
[WARNING]   - org.checkerframework.checker.nullness.compatqual.KeyForDecl
[WARNING]   - org.checkerframework.checker.nullness.compatqual.PolyNullType
[WARNING]   - org.checkerframework.checker.nullness.compatqual.KeyForType
[WARNING]   - org.checkerframework.checker.nullness.compatqual.NonNullType
[WARNING] hadoop-mapreduce-client-core-2.8.5.jar, hbase-shaded-client-1.4.12.jar define 876 overlapping classes: 
[WARNING]   - org.apache.hadoop.mapred.pipes.PipesPartitioner
[WARNING]   - org.apache.hadoop.mapred.lib.InputSampler$SplitSampler
[WARNING]   - org.apache.hadoop.mapred.JobClient$14
[WARNING]   - org.apache.hadoop.mapred.ReduceTask$SkippingReduceValuesIterator
[WARNING]   - org.apache.hadoop.mapreduce.jobhistory.JobFinishedEvent
[WARNING]   - org.apache.hadoop.mapred.StatisticsCollector$1
[WARNING]   - org.apache.hadoop.mapred.join.ResetableIterator$EMPTY
[WARNING]   - org.apache.hadoop.mapred.pipes.BinaryProtocol$UplinkReaderThread
[WARNING]   - org.apache.hadoop.mapreduce.lib.input.InvalidInputException
[WARNING]   - org.apache.hadoop.mapreduce.lib.aggregate.StringValueMin
[WARNING]   - 866 more...
[WARNING] bigtable-hbase-1.x-shaded-1.15.0.jar, annotations-4.1.1.4.jar define 2 overlapping classes: 
[WARNING]   - android.annotation.SuppressLint
[WARNING]   - android.annotation.TargetApi
[WARNING] hbase-shaded-client-1.4.12.jar, hadoop-yarn-common-2.8.5.jar define 708 overlapping classes: 
[WARNING]   - org.apache.hadoop.yarn.proto.YarnSecurityTokenProtos$NMTokenIdentifierProto$Builder
[WARNING]   - org.apache.hadoop.yarn.api.records.impl.pb.ContainerLaunchContextPBImpl$4$1
[WARNING]   - org.apache.hadoop.yarn.api.protocolrecords.impl.pb.FinishApplicationMasterResponsePBImpl
[WARNING]   - org.apache.hadoop.yarn.nodelabels.event.NodeLabelsStoreEvent
[WARNING]   - org.apache.hadoop.yarn.api.protocolrecords.impl.pb.CancelDelegationTokenResponsePBImpl
[WARNING]   - org.apache.hadoop.yarn.util.FSDownload$4
[WARNING]   - org.apache.hadoop.yarn.webapp.hamlet.Hamlet$H6
[WARNING]   - org.apache.hadoop.yarn.webapp.MimeType
[WARNING]   - org.apache.hadoop.yarn.security.PrivilegedEntity$EntityType
[WARNING]   - org.apache.hadoop.yarn.api.records.impl.pb.ApplicationReportPBImpl
[WARNING]   - 698 more...
[WARNING] commons-beanutils-1.7.0.jar, commons-beanutils-core-1.8.0.jar define 82 overlapping classes: 
[WARNING]   - org.apache.commons.beanutils.ConvertUtilsBean
[WARNING]   - org.apache.commons.beanutils.converters.SqlTimeConverter
[WARNING]   - org.apache.commons.beanutils.Converter
[WARNING]   - org.apache.commons.beanutils.converters.FloatArrayConverter
[WARNING]   - org.apache.commons.beanutils.NestedNullException
[WARNING]   - org.apache.commons.beanutils.ConvertingWrapDynaBean
[WARNING]   - org.apache.commons.beanutils.converters.LongArrayConverter
[WARNING]   - org.apache.commons.beanutils.converters.SqlDateConverter
[WARNING]   - org.apache.commons.beanutils.converters.BooleanArrayConverter
[WARNING]   - org.apache.commons.beanutils.converters.StringConverter
[WARNING]   - 72 more...
[WARNING] parquet-column-1.12.0.jar, parquet-avro-1.12.0.jar define 110 overlapping classes: 
[WARNING]   - shaded.parquet.it.unimi.dsi.fastutil.booleans.BooleanIterators
[WARNING]   - shaded.parquet.it.unimi.dsi.fastutil.floats.FloatListIterator
[WARNING]   - shaded.parquet.it.unimi.dsi.fastutil.floats.FloatIterable
[WARNING]   - shaded.parquet.it.unimi.dsi.fastutil.longs.LongIterators$IteratorConcatenator
[WARNING]   - shaded.parquet.it.unimi.dsi.fastutil.floats.FloatIterators$SingletonIterator
[WARNING]   - shaded.parquet.it.unimi.dsi.fastutil.booleans.BooleanIterators$EmptyIterator
[WARNING]   - shaded.parquet.it.unimi.dsi.fastutil.floats.FloatStack
[WARNING]   - shaded.parquet.it.unimi.dsi.fastutil.booleans.AbstractBooleanList
[WARNING]   - shaded.parquet.it.unimi.dsi.fastutil.booleans.BooleanIterators$UnmodifiableListIterator
[WARNING]   - shaded.parquet.it.unimi.dsi.fastutil.booleans.AbstractBooleanCollection
[WARNING]   - 100 more...
[WARNING] hbase-shaded-client-1.4.12.jar, hadoop-auth-2.8.5.jar define 36 overlapping classes: 
[WARNING]   - org.apache.hadoop.security.authentication.server.PseudoAuthenticationHandler
[WARNING]   - org.apache.hadoop.security.authentication.client.AuthenticatedURL
[WARNING]   - org.apache.hadoop.security.authentication.client.AuthenticatedURL$Token
[WARNING]   - org.apache.hadoop.security.authentication.client.Authenticator
[WARNING]   - org.apache.hadoop.security.authentication.util.FileSignerSecretProvider
[WARNING]   - org.apache.hadoop.security.authentication.util.KerberosName$NoMatchingRule
[WARNING]   - org.apache.hadoop.security.authentication.util.KerberosName$Rule
[WARNING]   - org.apache.hadoop.security.authentication.server.AuthenticationHandler
[WARNING]   - org.apache.hadoop.security.authentication.util.RolloverSignerSecretProvider
[WARNING]   - org.apache.hadoop.security.authentication.util.KerberosName$BadFormatString
[WARNING]   - 26 more...
[WARNING] hbase-shaded-client-1.4.12.jar, hadoop-annotations-2.8.5.jar define 15 overlapping classes: 
[WARNING]   - org.apache.hadoop.classification.InterfaceStability
[WARNING]   - org.apache.hadoop.classification.tools.RootDocProcessor$ExcludeHandler
[WARNING]   - org.apache.hadoop.classification.InterfaceAudience$Private
[WARNING]   - org.apache.hadoop.classification.InterfaceAudience$LimitedPrivate
[WARNING]   - org.apache.hadoop.classification.tools.package-info
[WARNING]   - org.apache.hadoop.classification.tools.ExcludePrivateAnnotationsStandardDoclet
[WARNING]   - org.apache.hadoop.classification.InterfaceStability$Evolving
[WARNING]   - org.apache.hadoop.classification.tools.IncludePublicAnnotationsStandardDoclet
[WARNING]   - org.apache.hadoop.classification.InterfaceStability$Stable
[WARNING]   - org.apache.hadoop.classification.InterfaceAudience
[WARNING]   - 5 more...
[WARNING] htrace-core4-4.0.1-incubating.jar, htrace-core-3.1.0-incubating.jar define 717 overlapping classes: 
[WARNING]   - org.apache.htrace.fasterxml.jackson.databind.introspect.BasicBeanDescription
[WARNING]   - org.apache.htrace.fasterxml.jackson.databind.KeyDeserializer$None
[WARNING]   - org.apache.htrace.fasterxml.jackson.databind.PropertyNamingStrategy$LowerCaseWithUnderscoresStrategy
[WARNING]   - org.apache.htrace.fasterxml.jackson.databind.deser.DataFormatReaders
[WARNING]   - org.apache.htrace.fasterxml.jackson.databind.deser.std.EnumDeserializer
[WARNING]   - org.apache.htrace.fasterxml.jackson.databind.node.NumericNode
[WARNING]   - org.apache.htrace.fasterxml.jackson.databind.deser.std.PrimitiveArrayDeserializers$ShortDeser
[WARNING]   - org.apache.htrace.fasterxml.jackson.core.JsonPointer
[WARNING]   - org.apache.htrace.fasterxml.jackson.databind.introspect.VisibilityChecker
[WARNING]   - org.apache.htrace.fasterxml.jackson.databind.ser.impl.UnknownSerializer
[WARNING]   - 707 more...
[WARNING] commons-beanutils-1.7.0.jar, commons-beanutils-core-1.8.0.jar, commons-collections-3.2.2.jar define 10 overlapping classes: 
[WARNING]   - org.apache.commons.collections.FastHashMap$EntrySet
[WARNING]   - org.apache.commons.collections.FastHashMap$KeySet
[WARNING]   - org.apache.commons.collections.ArrayStack
[WARNING]   - org.apache.commons.collections.FastHashMap$CollectionView$CollectionViewIterator
[WARNING]   - org.apache.commons.collections.FastHashMap$Values
[WARNING]   - org.apache.commons.collections.FastHashMap$CollectionView
[WARNING]   - org.apache.commons.collections.FastHashMap$1
[WARNING]   - org.apache.commons.collections.Buffer
[WARNING]   - org.apache.commons.collections.FastHashMap
[WARNING]   - org.apache.commons.collections.BufferUnderflowException
[WARNING] commons-logging-1.1.3.jar, spring-jcl-5.2.8.RELEASE.jar define 5 overlapping classes: 
[WARNING]   - org.apache.commons.logging.Log
[WARNING]   - org.apache.commons.logging.impl.SimpleLog
[WARNING]   - org.apache.commons.logging.LogFactory$1
[WARNING]   - org.apache.commons.logging.impl.NoOpLog
[WARNING]   - org.apache.commons.logging.LogFactory
[WARNING] jackson-dataformat-yaml-2.12.4.jar, jackson-annotations-2.12.4.jar, jackson-databind-2.12.4.jar, jackson-core-2.12.4.jar, gson-2.8.6.jar define 1 overlapping classes: 
[WARNING]   - module-info
[WARNING] hadoop-common-2.8.5.jar, hbase-shaded-client-1.4.12.jar define 2003 overlapping classes: 
[WARNING]   - org.apache.hadoop.io.compress.DecompressorStream
[WARNING]   - org.apache.hadoop.metrics.spi.AbstractMetricsContext
[WARNING]   - org.apache.hadoop.crypto.key.kms.LoadBalancingKMSClientProvider$14
[WARNING]   - org.apache.hadoop.record.XmlRecordInput$Value
[WARNING]   - org.apache.hadoop.util.HeapSort
[WARNING]   - org.apache.hadoop.metrics.ganglia.GangliaContext31
[WARNING]   - org.apache.hadoop.ha.protocolPB.HAServiceProtocolClientSideTranslatorPB$1
[WARNING]   - org.apache.hadoop.util.ShutdownHookManager$2
[WARNING]   - org.apache.hadoop.fs.crypto.CryptoFSDataInputStream
[WARNING]   - org.apache.hadoop.io.compress.DirectDecompressionCodec
[WARNING]   - 1993 more...
[WARNING] maven-shade-plugin has detected that some class files are
[WARNING] present in two or more JARs. When this happens, only one
[WARNING] single version of the class is copied to the uber jar.
[WARNING] Usually this is not harmful and you can skip these warnings,
[WARNING] otherwise try to manually exclude artifacts based on
[WARNING] mvn dependency:tree -Ddetail=true and the above output.
[WARNING] See http://maven.apache.org/plugins/maven-shade-plugin/
[INFO] Replacing original artifact with shaded artifact.
[INFO] Replacing /home/srafi/after-cam-ready/compare_/compile_repair_output/work/1a4483f87033/target/google-cloud-teleport-java-0.1-SNAPSHOT.jar with /home/srafi/after-cam-ready/compare_/compile_repair_output/work/1a4483f87033/target/google-cloud-teleport-java-0.1-SNAPSHOT-shaded.jar
[INFO] Replacing original test artifact with shaded test artifact.
[INFO] Replacing /home/srafi/after-cam-ready/compare_/compile_repair_output/work/1a4483f87033/target/google-cloud-teleport-java-0.1-SNAPSHOT-tests.jar with /home/srafi/after-cam-ready/compare_/compile_repair_output/work/1a4483f87033/target/google-cloud-teleport-java-0.1-SNAPSHOT-shaded-tests.jar
[INFO] Dependency-reduced POM written at: /home/srafi/after-cam-ready/compare_/compile_repair_output/work/1a4483f87033/target/dependency-reduced-pom.xml
[INFO] Downloading from central: https://repo.maven.apache.org/maven2/com/fasterxml/jackson/dataformat/jackson-dataformat-yaml/2.10.2/jackson-dataformat-yaml-2.10.2.jar
[INFO] Downloading from central: https://repo.maven.apache.org/maven2/io/netty/netty/3.8.0.Final/netty-3.8.0.Final.jar
[INFO] Downloading from central: https://repo.maven.apache.org/maven2/org/apache/httpcomponents/httpclient/4.3.3/httpclient-4.3.3.jar
[INFO] Downloaded from central: https://repo.maven.apache.org/maven2/org/apache/httpcomponents/httpclient/4.3.3/httpclient-4.3.3.jar (590 kB at 16 MB/s)
[INFO] Downloaded from central: https://repo.maven.apache.org/maven2/com/fasterxml/jackson/dataformat/jackson-dataformat-yaml/2.10.2/jackson-dataformat-yaml-2.10.2.jar (47 kB at 1.2 MB/s)
[INFO] Downloaded from central: https://repo.maven.apache.org/maven2/io/netty/netty/3.8.0.Final/netty-3.8.0.Final.jar (1.2 MB at 19 MB/s)
[INFO] 
[INFO] --- maven-dependency-plugin:3.0.1:analyze-only (analyze-dependencies) @ google-cloud-teleport-java ---
[INFO] Skipping plugin execution
[INFO] 
[INFO] --- spotless-maven-plugin:2.12.1:check (default) @ google-cloud-teleport-java ---
[INFO] Downloading from central: https://repo.maven.apache.org/maven2/com/diffplug/spotless/spotless-lib/2.15.0/spotless-lib-2.15.0.pom
[INFO] Downloaded from central: https://repo.maven.apache.org/maven2/com/diffplug/spotless/spotless-lib/2.15.0/spotless-lib-2.15.0.pom (1.5 kB at 24 kB/s)
[INFO] Downloading from central: https://repo.maven.apache.org/maven2/com/diffplug/spotless/spotless-lib-extra/2.15.0/spotless-lib-extra-2.15.0.pom
[INFO] Downloaded from central: https://repo.maven.apache.org/maven2/com/diffplug/spotless/spotless-lib-extra/2.15.0/spotless-lib-extra-2.15.0.pom (2.7 kB at 53 kB/s)
[INFO] Downloading from central: https://repo.maven.apache.org/maven2/org/codehaus/groovy/groovy-xml/3.0.8/groovy-xml-3.0.8.pom
[INFO] Downloaded from central: https://repo.maven.apache.org/maven2/org/codehaus/groovy/groovy-xml/3.0.8/groovy-xml-3.0.8.pom (22 kB at 438 kB/s)
[INFO] Downloading from central: https://repo.maven.apache.org/maven2/org/codehaus/groovy/groovy/3.0.8/groovy-3.0.8.pom
[INFO] Downloaded from central: https://repo.maven.apache.org/maven2/org/codehaus/groovy/groovy/3.0.8/groovy-3.0.8.pom (24 kB at 493 kB/s)
[INFO] Downloading from central: https://repo.maven.apache.org/maven2/com/diffplug/spotless/spotless-lib/2.15.0/spotless-lib-2.15.0.jar
[INFO] Downloading from central: https://repo.maven.apache.org/maven2/com/diffplug/spotless/spotless-lib-extra/2.15.0/spotless-lib-extra-2.15.0.jar
[INFO] Downloading from central: https://repo.maven.apache.org/maven2/org/codehaus/groovy/groovy/3.0.8/groovy-3.0.8.jar
[INFO] Downloading from central: https://repo.maven.apache.org/maven2/org/codehaus/groovy/groovy-xml/3.0.8/groovy-xml-3.0.8.jar
[INFO] Downloaded from central: https://repo.maven.apache.org/maven2/com/diffplug/spotless/spotless-lib-extra/2.15.0/spotless-lib-extra-2.15.0.jar (71 kB at 1.5 MB/s)
[INFO] Downloaded from central: https://repo.maven.apache.org/maven2/org/codehaus/groovy/groovy-xml/3.0.8/groovy-xml-3.0.8.jar (293 kB at 6.2 MB/s)
[INFO] Downloaded from central: https://repo.maven.apache.org/maven2/com/diffplug/spotless/spotless-lib/2.15.0/spotless-lib-2.15.0.jar (265 kB at 4.9 MB/s)
[INFO] Downloaded from central: https://repo.maven.apache.org/maven2/org/codehaus/groovy/groovy/3.0.8/groovy-3.0.8.jar (8.0 MB at 73 MB/s)
[INFO] 
[INFO] --- maven-install-plugin:2.4:install (default-install) @ google-cloud-teleport-java ---
[INFO] Installing /home/srafi/after-cam-ready/compare_/compile_repair_output/work/1a4483f87033/target/google-cloud-teleport-java-0.1-SNAPSHOT.jar to /home/srafi/.m2/repository/com/google/cloud/teleport/google-cloud-teleport-java/0.1-SNAPSHOT/google-cloud-teleport-java-0.1-SNAPSHOT.jar
[INFO] Installing /home/srafi/after-cam-ready/compare_/compile_repair_output/work/1a4483f87033/target/dependency-reduced-pom.xml to /home/srafi/.m2/repository/com/google/cloud/teleport/google-cloud-teleport-java/0.1-SNAPSHOT/google-cloud-teleport-java-0.1-SNAPSHOT.pom
[INFO] Installing /home/srafi/after-cam-ready/compare_/compile_repair_output/work/1a4483f87033/target/google-cloud-teleport-java-0.1-SNAPSHOT-sources.jar to /home/srafi/.m2/repository/com/google/cloud/teleport/google-cloud-teleport-java/0.1-SNAPSHOT/google-cloud-teleport-java-0.1-SNAPSHOT-sources.jar
[INFO] Installing /home/srafi/after-cam-ready/compare_/compile_repair_output/work/1a4483f87033/target/google-cloud-teleport-java-0.1-SNAPSHOT-tests.jar to /home/srafi/.m2/repository/com/google/cloud/teleport/google-cloud-teleport-java/0.1-SNAPSHOT/google-cloud-teleport-java-0.1-SNAPSHOT-tests.jar
[INFO] ------------------------------------------------------------------------
[INFO] BUILD SUCCESS
[INFO] ------------------------------------------------------------------------
[INFO] Total time:  50.882 s
[INFO] Finished at: 2026-08-15T16:25:29-04:00
[INFO] ------------------------------------------------------------------------
