JAVA_HOME=/usr/lib/jvm/java-8-openjdk-amd64
COMMAND=bash /home/srafi/after-cam-ready/compare_/compile_repair_output/work/18dad1592217/mvnw -B clean install -DskipTests -U -Ddependency-check.skip=true -Dgpg.skip=true -DfailIfNoTests=false -Dskip.installnodenpm=true -Dskip.npm=true -Dskip.yarn=true -Dlicense.skip=true -Dcheckstyle.skip=true -Drat.skip=true -Denforcer.skip=true -Danimal.sniffer.skip=true -Dmaven.javadoc.skip=true -Dfindbugs.skip=true -Dspotbugs.skip=true -Dwarbucks.skip=true -Dmodernizer.skip=true -Dimpsort.skip=true -Dmdep.analyze.skip=true -Dpgpverify.skip=true -Dxml.skip=true -Dcobertura.skip=true

[INFO] Scanning for projects...
[INFO] Downloading from central: https://repo.maven.apache.org/maven2/org/springframework/boot/spring-boot-starter-parent/2.3.12.RELEASE/spring-boot-starter-parent-2.3.12.RELEASE.pom
[INFO] Downloaded from central: https://repo.maven.apache.org/maven2/org/springframework/boot/spring-boot-starter-parent/2.3.12.RELEASE/spring-boot-starter-parent-2.3.12.RELEASE.pom (8.6 kB at 82 kB/s)
[INFO] Downloading from central: https://repo.maven.apache.org/maven2/org/apache/dubbo/dubbo-dependencies-bom/3.0.2.1/dubbo-dependencies-bom-3.0.2.1.pom
[INFO] Downloaded from central: https://repo.maven.apache.org/maven2/org/apache/dubbo/dubbo-dependencies-bom/3.0.2.1/dubbo-dependencies-bom-3.0.2.1.pom (28 kB at 122 kB/s)
[INFO] ------------------------------------------------------------------------
[INFO] Reactor Build Order:
[INFO] 
[INFO] dubbo-admin                                                        [pom]
[INFO] dubbo-admin-ui                                                     [jar]
[INFO] dubbo-admin-server                                                 [jar]
[INFO] dubbo-admin-distribution                                           [jar]
[INFO] dubbo-admin-test                                                   [jar]
[INFO] 
[INFO] --------------------< org.apache.dubbo:dubbo-admin >--------------------
[INFO] Building dubbo-admin 0.4.0                                         [1/5]
[INFO] --------------------------------[ pom ]---------------------------------
[INFO] 
[INFO] --- maven-clean-plugin:3.0.0:clean (default-clean) @ dubbo-admin ---
[INFO] 
[INFO] --- flatten-maven-plugin:1.1.0:clean (flatten.clean) @ dubbo-admin ---
[INFO] 
[INFO] --- maven-enforcer-plugin:1.4.1:enforce (enforce-maven-version) @ dubbo-admin ---
[INFO] Skipping Rule Enforcement.
[INFO] 
[INFO] --- maven-checkstyle-plugin:3.0.0:check (checkstyle-validation) @ dubbo-admin ---
[INFO] 
[INFO] --- jacoco-maven-plugin:0.8.2:prepare-agent (default) @ dubbo-admin ---
[INFO] argLine set to -javaagent:/home/srafi/.m2/repository/org/jacoco/org.jacoco.agent/0.8.2/org.jacoco.agent-0.8.2-runtime.jar=destfile=/home/srafi/after-cam-ready/compare_/compile_repair_output/work/18dad1592217/target/jacoco.exec
[INFO] 
[INFO] --- maven-remote-resources-plugin:1.5:process (process-resource-bundles) @ dubbo-admin ---
[INFO] 
[INFO] --- flatten-maven-plugin:1.1.0:flatten (flatten) @ dubbo-admin ---
[INFO] Generating flattened POM of project org.apache.dubbo:dubbo-admin:pom:0.4.0...
[INFO] 
[INFO] --- jacoco-maven-plugin:0.8.2:report (report) @ dubbo-admin ---
[INFO] Skipping JaCoCo execution due to missing execution data file.
[INFO] 
[INFO] --- maven-site-plugin:3.7:attach-descriptor (attach-descriptor) @ dubbo-admin ---
[INFO] No site descriptor found: nothing to attach.
[INFO] 
[INFO] --- apache-rat-plugin:0.12:check (verify.rat) @ dubbo-admin ---
[INFO] RAT will not execute since it is configured to be skipped via system property 'rat.skip'.
[INFO] 
[INFO] --- maven-install-plugin:2.5.2:install (default-install) @ dubbo-admin ---
[INFO] Installing /home/srafi/after-cam-ready/compare_/compile_repair_output/work/18dad1592217/.flattened-pom.xml to /home/srafi/.m2/repository/org/apache/dubbo/dubbo-admin/0.4.0/dubbo-admin-0.4.0.pom
[INFO] 
[INFO] ------------------< org.apache.dubbo:dubbo-admin-ui >-------------------
[INFO] Building dubbo-admin-ui 0.4.0                                      [2/5]
[INFO] --------------------------------[ jar ]---------------------------------
[INFO] Downloading from central: https://repo.maven.apache.org/maven2/com/github/eirslett/frontend-maven-plugin/1.11.0/frontend-maven-plugin-1.11.0.pom
[INFO] Downloaded from central: https://repo.maven.apache.org/maven2/com/github/eirslett/frontend-maven-plugin/1.11.0/frontend-maven-plugin-1.11.0.pom (4.9 kB at 78 kB/s)
[INFO] Downloading from central: https://repo.maven.apache.org/maven2/com/github/eirslett/frontend-plugins/1.11.0/frontend-plugins-1.11.0.pom
[INFO] Downloaded from central: https://repo.maven.apache.org/maven2/com/github/eirslett/frontend-plugins/1.11.0/frontend-plugins-1.11.0.pom (7.2 kB at 109 kB/s)
[INFO] Downloading from central: https://repo.maven.apache.org/maven2/com/github/eirslett/frontend-maven-plugin/1.11.0/frontend-maven-plugin-1.11.0.jar
[INFO] Downloaded from central: https://repo.maven.apache.org/maven2/com/github/eirslett/frontend-maven-plugin/1.11.0/frontend-maven-plugin-1.11.0.jar (37 kB at 789 kB/s)
[INFO] 
[INFO] --- maven-clean-plugin:3.0.0:clean (default-clean) @ dubbo-admin-ui ---
[INFO] 
[INFO] --- flatten-maven-plugin:1.1.0:clean (flatten.clean) @ dubbo-admin-ui ---
[INFO] 
[INFO] --- maven-enforcer-plugin:1.4.1:enforce (enforce-maven-version) @ dubbo-admin-ui ---
[INFO] Skipping Rule Enforcement.
[INFO] 
[INFO] --- maven-checkstyle-plugin:3.0.0:check (checkstyle-validation) @ dubbo-admin-ui ---
[INFO] 
[INFO] --- jacoco-maven-plugin:0.8.2:prepare-agent (default) @ dubbo-admin-ui ---
[INFO] argLine set to -javaagent:/home/srafi/.m2/repository/org/jacoco/org.jacoco.agent/0.8.2/org.jacoco.agent-0.8.2-runtime.jar=destfile=/home/srafi/after-cam-ready/compare_/compile_repair_output/work/18dad1592217/dubbo-admin-ui/target/jacoco.exec
[INFO] 
[INFO] --- maven-remote-resources-plugin:1.5:process (process-resource-bundles) @ dubbo-admin-ui ---
[INFO] 
[INFO] --- frontend-maven-plugin:1.11.0:install-node-and-npm (install node and npm) @ dubbo-admin-ui ---
[INFO] Downloading from central: https://repo.maven.apache.org/maven2/com/github/eirslett/frontend-plugin-core/1.11.0/frontend-plugin-core-1.11.0.pom
[INFO] Downloaded from central: https://repo.maven.apache.org/maven2/com/github/eirslett/frontend-plugin-core/1.11.0/frontend-plugin-core-1.11.0.pom (3.5 kB at 72 kB/s)
[INFO] Downloading from central: https://repo.maven.apache.org/maven2/com/fasterxml/jackson/core/jackson-databind/2.9.10.5/jackson-databind-2.9.10.5.pom
[INFO] Downloaded from central: https://repo.maven.apache.org/maven2/com/fasterxml/jackson/core/jackson-databind/2.9.10.5/jackson-databind-2.9.10.5.pom (6.5 kB at 132 kB/s)
[INFO] Downloading from central: https://repo.maven.apache.org/maven2/com/fasterxml/jackson/jackson-base/2.9.10.20200621/jackson-base-2.9.10.20200621.pom
[INFO] Downloaded from central: https://repo.maven.apache.org/maven2/com/fasterxml/jackson/jackson-base/2.9.10.20200621/jackson-base-2.9.10.20200621.pom (5.5 kB at 131 kB/s)
[INFO] Downloading from central: https://repo.maven.apache.org/maven2/com/github/eirslett/frontend-plugin-core/1.11.0/frontend-plugin-core-1.11.0.jar
[INFO] Downloading from central: https://repo.maven.apache.org/maven2/com/fasterxml/jackson/core/jackson-databind/2.9.10.5/jackson-databind-2.9.10.5.jar
[INFO] Downloaded from central: https://repo.maven.apache.org/maven2/com/github/eirslett/frontend-plugin-core/1.11.0/frontend-plugin-core-1.11.0.jar (74 kB at 1.3 MB/s)
[INFO] Downloaded from central: https://repo.maven.apache.org/maven2/com/fasterxml/jackson/core/jackson-databind/2.9.10.5/jackson-databind-2.9.10.5.jar (1.3 MB at 13 MB/s)
[INFO] Skipping execution.
[INFO] 
[INFO] --- frontend-maven-plugin:1.11.0:npm (npm install) @ dubbo-admin-ui ---
[INFO] Skipping execution.
[INFO] 
[INFO] --- frontend-maven-plugin:1.11.0:npm (npm run build) @ dubbo-admin-ui ---
[INFO] Skipping execution.
[INFO] 
[INFO] --- maven-resources-plugin:3.0.2:resources (default-resources) @ dubbo-admin-ui ---
[INFO] Using 'UTF-8' encoding to copy filtered resources.
[INFO] Copying 1 resource to /home/srafi/after-cam-ready/compare_/compile_repair_output/work/18dad1592217/dubbo-admin-ui/target/dist
[INFO] Copying 1 resource to /home/srafi/after-cam-ready/compare_/compile_repair_output/work/18dad1592217/dubbo-admin-ui/public
[INFO] Copying 3 resources
[INFO] 
[INFO] --- flatten-maven-plugin:1.1.0:flatten (flatten) @ dubbo-admin-ui ---
[INFO] Generating flattened POM of project org.apache.dubbo:dubbo-admin-ui:jar:0.4.0...
[INFO] 
[INFO] --- maven-compiler-plugin:3.6.0:compile (default-compile) @ dubbo-admin-ui ---
[INFO] No sources to compile
[INFO] 
[INFO] --- maven-resources-plugin:3.0.2:testResources (default-testResources) @ dubbo-admin-ui ---
[INFO] Using 'UTF-8' encoding to copy filtered resources.
[INFO] skip non existing resourceDirectory /home/srafi/after-cam-ready/compare_/compile_repair_output/work/18dad1592217/dubbo-admin-ui/src/test/resources
[INFO] Copying 3 resources
[INFO] 
[INFO] --- maven-compiler-plugin:3.6.0:testCompile (default-testCompile) @ dubbo-admin-ui ---
[INFO] No sources to compile
[INFO] 
[INFO] --- maven-surefire-plugin:2.21.0:test (default-test) @ dubbo-admin-ui ---
[INFO] Tests are skipped.
[INFO] 
[INFO] --- jacoco-maven-plugin:0.8.2:report (report) @ dubbo-admin-ui ---
[INFO] Skipping JaCoCo execution due to missing execution data file.
[INFO] 
[INFO] --- maven-jar-plugin:3.0.2:jar (default-jar) @ dubbo-admin-ui ---
[INFO] Building jar: /home/srafi/after-cam-ready/compare_/compile_repair_output/work/18dad1592217/dubbo-admin-ui/target/dubbo-admin-ui-0.4.0.jar
[INFO] 
[INFO] --- maven-site-plugin:3.7:attach-descriptor (attach-descriptor) @ dubbo-admin-ui ---
[INFO] Skipping because packaging 'jar' is not pom.
[INFO] 
[INFO] --- apache-rat-plugin:0.12:check (verify.rat) @ dubbo-admin-ui ---
[INFO] RAT will not execute since it is configured to be skipped via system property 'rat.skip'.
[INFO] 
[INFO] --- maven-install-plugin:2.5.2:install (default-install) @ dubbo-admin-ui ---
[INFO] Installing /home/srafi/after-cam-ready/compare_/compile_repair_output/work/18dad1592217/dubbo-admin-ui/target/dubbo-admin-ui-0.4.0.jar to /home/srafi/.m2/repository/org/apache/dubbo/dubbo-admin-ui/0.4.0/dubbo-admin-ui-0.4.0.jar
[INFO] Installing /home/srafi/after-cam-ready/compare_/compile_repair_output/work/18dad1592217/dubbo-admin-ui/.flattened-pom.xml to /home/srafi/.m2/repository/org/apache/dubbo/dubbo-admin-ui/0.4.0/dubbo-admin-ui-0.4.0.pom
[INFO] 
[INFO] ----------------< org.apache.dubbo:dubbo-admin-server >-----------------
[INFO] Building dubbo-admin-server 0.4.0                                  [3/5]
[INFO] --------------------------------[ jar ]---------------------------------
[INFO] Downloading from central: https://repo.maven.apache.org/maven2/org/springframework/boot/spring-boot-maven-plugin/2.0.2.RELEASE/spring-boot-maven-plugin-2.0.2.RELEASE.pom
[INFO] Downloaded from central: https://repo.maven.apache.org/maven2/org/springframework/boot/spring-boot-maven-plugin/2.0.2.RELEASE/spring-boot-maven-plugin-2.0.2.RELEASE.pom (4.8 kB at 95 kB/s)
[INFO] Downloading from central: https://repo.maven.apache.org/maven2/org/springframework/boot/spring-boot-tools/2.0.2.RELEASE/spring-boot-tools-2.0.2.RELEASE.pom
[INFO] Downloaded from central: https://repo.maven.apache.org/maven2/org/springframework/boot/spring-boot-tools/2.0.2.RELEASE/spring-boot-tools-2.0.2.RELEASE.pom (1.8 kB at 44 kB/s)
[INFO] Downloading from central: https://repo.maven.apache.org/maven2/org/springframework/boot/spring-boot-parent/2.0.2.RELEASE/spring-boot-parent-2.0.2.RELEASE.pom
[INFO] Downloaded from central: https://repo.maven.apache.org/maven2/org/springframework/boot/spring-boot-parent/2.0.2.RELEASE/spring-boot-parent-2.0.2.RELEASE.pom (1.8 kB at 47 kB/s)
[INFO] Downloading from central: https://repo.maven.apache.org/maven2/org/springframework/boot/spring-boot-dependencies/2.0.2.RELEASE/spring-boot-dependencies-2.0.2.RELEASE.pom
[INFO] Downloaded from central: https://repo.maven.apache.org/maven2/org/springframework/boot/spring-boot-dependencies/2.0.2.RELEASE/spring-boot-dependencies-2.0.2.RELEASE.pom (136 kB at 2.9 MB/s)
[INFO] Downloading from central: https://repo.maven.apache.org/maven2/io/netty/netty-bom/4.1.24.Final/netty-bom-4.1.24.Final.pom
[INFO] Downloaded from central: https://repo.maven.apache.org/maven2/io/netty/netty-bom/4.1.24.Final/netty-bom-4.1.24.Final.pom (7.9 kB at 168 kB/s)
[INFO] Downloading from central: https://repo.maven.apache.org/maven2/io/projectreactor/reactor-bom/Bismuth-SR9/reactor-bom-Bismuth-SR9.pom
[INFO] Downloaded from central: https://repo.maven.apache.org/maven2/io/projectreactor/reactor-bom/Bismuth-SR9/reactor-bom-Bismuth-SR9.pom (3.6 kB at 77 kB/s)
[INFO] Downloading from central: https://repo.maven.apache.org/maven2/org/eclipse/jetty/jetty-bom/9.4.10.v20180503/jetty-bom-9.4.10.v20180503.pom
[INFO] Downloaded from central: https://repo.maven.apache.org/maven2/org/eclipse/jetty/jetty-bom/9.4.10.v20180503/jetty-bom-9.4.10.v20180503.pom (18 kB at 428 kB/s)
[INFO] Downloading from central: https://repo.maven.apache.org/maven2/org/springframework/spring-framework-bom/5.0.6.RELEASE/spring-framework-bom-5.0.6.RELEASE.pom
[INFO] Downloaded from central: https://repo.maven.apache.org/maven2/org/springframework/spring-framework-bom/5.0.6.RELEASE/spring-framework-bom-5.0.6.RELEASE.pom (5.3 kB at 125 kB/s)
[INFO] Downloading from central: https://repo.maven.apache.org/maven2/org/springframework/data/spring-data-releasetrain/Kay-SR7/spring-data-releasetrain-Kay-SR7.pom
[INFO] Downloaded from central: https://repo.maven.apache.org/maven2/org/springframework/data/spring-data-releasetrain/Kay-SR7/spring-data-releasetrain-Kay-SR7.pom (4.4 kB at 82 kB/s)
[INFO] Downloading from central: https://repo.maven.apache.org/maven2/org/springframework/data/build/spring-data-build/2.0.7.RELEASE/spring-data-build-2.0.7.RELEASE.pom
[INFO] Downloaded from central: https://repo.maven.apache.org/maven2/org/springframework/data/build/spring-data-build/2.0.7.RELEASE/spring-data-build-2.0.7.RELEASE.pom (6.6 kB at 96 kB/s)
[INFO] Downloading from central: https://repo.maven.apache.org/maven2/org/springframework/integration/spring-integration-bom/5.0.5.RELEASE/spring-integration-bom-5.0.5.RELEASE.pom
[INFO] Downloaded from central: https://repo.maven.apache.org/maven2/org/springframework/integration/spring-integration-bom/5.0.5.RELEASE/spring-integration-bom-5.0.5.RELEASE.pom (8.9 kB at 181 kB/s)
[INFO] Downloading from central: https://repo.maven.apache.org/maven2/org/springframework/security/spring-security-bom/5.0.5.RELEASE/spring-security-bom-5.0.5.RELEASE.pom
[INFO] Downloaded from central: https://repo.maven.apache.org/maven2/org/springframework/security/spring-security-bom/5.0.5.RELEASE/spring-security-bom-5.0.5.RELEASE.pom (4.8 kB at 93 kB/s)
[INFO] Downloading from central: https://repo.maven.apache.org/maven2/org/springframework/session/spring-session-bom/Apple-SR2/spring-session-bom-Apple-SR2.pom
[INFO] Downloaded from central: https://repo.maven.apache.org/maven2/org/springframework/session/spring-session-bom/Apple-SR2/spring-session-bom-Apple-SR2.pom (3.0 kB at 56 kB/s)
[INFO] Downloading from central: https://repo.maven.apache.org/maven2/org/springframework/boot/spring-boot-maven-plugin/2.0.2.RELEASE/spring-boot-maven-plugin-2.0.2.RELEASE.jar
[INFO] Downloaded from central: https://repo.maven.apache.org/maven2/org/springframework/boot/spring-boot-maven-plugin/2.0.2.RELEASE/spring-boot-maven-plugin-2.0.2.RELEASE.jar (64 kB at 1.5 MB/s)
[INFO] Downloading from central: https://repo.maven.apache.org/maven2/org/springframework/boot/spring-boot-starter-web/2.3.12.RELEASE/spring-boot-starter-web-2.3.12.RELEASE.pom
[INFO] Downloaded from central: https://repo.maven.apache.org/maven2/org/springframework/boot/spring-boot-starter-web/2.3.12.RELEASE/spring-boot-starter-web-2.3.12.RELEASE.pom (3.0 kB at 65 kB/s)
[INFO] Downloading from central: https://repo.maven.apache.org/maven2/org/springframework/boot/spring-boot-starter/2.3.12.RELEASE/spring-boot-starter-2.3.12.RELEASE.pom
[INFO] Downloaded from central: https://repo.maven.apache.org/maven2/org/springframework/boot/spring-boot-starter/2.3.12.RELEASE/spring-boot-starter-2.3.12.RELEASE.pom (3.1 kB at 68 kB/s)
[INFO] Downloading from central: https://repo.maven.apache.org/maven2/org/springframework/boot/spring-boot/2.3.12.RELEASE/spring-boot-2.3.12.RELEASE.pom
[INFO] Downloaded from central: https://repo.maven.apache.org/maven2/org/springframework/boot/spring-boot/2.3.12.RELEASE/spring-boot-2.3.12.RELEASE.pom (2.2 kB at 51 kB/s)
[INFO] Downloading from central: https://repo.maven.apache.org/maven2/org/springframework/spring-core/5.2.15.RELEASE/spring-core-5.2.15.RELEASE.pom
[INFO] Downloaded from central: https://repo.maven.apache.org/maven2/org/springframework/spring-core/5.2.15.RELEASE/spring-core-5.2.15.RELEASE.pom (1.7 kB at 34 kB/s)
[INFO] Downloading from central: https://repo.maven.apache.org/maven2/org/springframework/spring-jcl/5.2.15.RELEASE/spring-jcl-5.2.15.RELEASE.pom
[INFO] Downloaded from central: https://repo.maven.apache.org/maven2/org/springframework/spring-jcl/5.2.15.RELEASE/spring-jcl-5.2.15.RELEASE.pom (1.5 kB at 27 kB/s)
[INFO] Downloading from central: https://repo.maven.apache.org/maven2/org/springframework/spring-context/5.2.15.RELEASE/spring-context-5.2.15.RELEASE.pom
[INFO] Downloaded from central: https://repo.maven.apache.org/maven2/org/springframework/spring-context/5.2.15.RELEASE/spring-context-5.2.15.RELEASE.pom (2.3 kB at 44 kB/s)
[INFO] Downloading from central: https://repo.maven.apache.org/maven2/org/springframework/spring-aop/5.2.15.RELEASE/spring-aop-5.2.15.RELEASE.pom
[INFO] Downloaded from central: https://repo.maven.apache.org/maven2/org/springframework/spring-aop/5.2.15.RELEASE/spring-aop-5.2.15.RELEASE.pom (1.9 kB at 36 kB/s)
[INFO] Downloading from central: https://repo.maven.apache.org/maven2/org/springframework/spring-beans/5.2.15.RELEASE/spring-beans-5.2.15.RELEASE.pom
[INFO] Downloaded from central: https://repo.maven.apache.org/maven2/org/springframework/spring-beans/5.2.15.RELEASE/spring-beans-5.2.15.RELEASE.pom (1.7 kB at 30 kB/s)
[INFO] Downloading from central: https://repo.maven.apache.org/maven2/org/springframework/spring-expression/5.2.15.RELEASE/spring-expression-5.2.15.RELEASE.pom
[INFO] Downloaded from central: https://repo.maven.apache.org/maven2/org/springframework/spring-expression/5.2.15.RELEASE/spring-expression-5.2.15.RELEASE.pom (1.7 kB at 38 kB/s)
[INFO] Downloading from central: https://repo.maven.apache.org/maven2/org/springframework/boot/spring-boot-autoconfigure/2.3.12.RELEASE/spring-boot-autoconfigure-2.3.12.RELEASE.pom
[INFO] Downloaded from central: https://repo.maven.apache.org/maven2/org/springframework/boot/spring-boot-autoconfigure/2.3.12.RELEASE/spring-boot-autoconfigure-2.3.12.RELEASE.pom (2.1 kB at 41 kB/s)
[INFO] Downloading from central: https://repo.maven.apache.org/maven2/org/springframework/boot/spring-boot-starter-logging/2.3.12.RELEASE/spring-boot-starter-logging-2.3.12.RELEASE.pom
[INFO] Downloaded from central: https://repo.maven.apache.org/maven2/org/springframework/boot/spring-boot-starter-logging/2.3.12.RELEASE/spring-boot-starter-logging-2.3.12.RELEASE.pom (2.5 kB at 49 kB/s)
[INFO] Downloading from central: https://repo.maven.apache.org/maven2/org/apache/logging/log4j/log4j-to-slf4j/2.13.3/log4j-to-slf4j-2.13.3.pom
[INFO] Downloaded from central: https://repo.maven.apache.org/maven2/org/apache/logging/log4j/log4j-to-slf4j/2.13.3/log4j-to-slf4j-2.13.3.pom (7.2 kB at 138 kB/s)
[INFO] Downloading from central: https://repo.maven.apache.org/maven2/org/springframework/boot/spring-boot-starter-json/2.3.12.RELEASE/spring-boot-starter-json-2.3.12.RELEASE.pom
[INFO] Downloaded from central: https://repo.maven.apache.org/maven2/org/springframework/boot/spring-boot-starter-json/2.3.12.RELEASE/spring-boot-starter-json-2.3.12.RELEASE.pom (3.1 kB at 65 kB/s)
[INFO] Downloading from central: https://repo.maven.apache.org/maven2/org/springframework/spring-web/5.2.15.RELEASE/spring-web-5.2.15.RELEASE.pom
[INFO] Downloaded from central: https://repo.maven.apache.org/maven2/org/springframework/spring-web/5.2.15.RELEASE/spring-web-5.2.15.RELEASE.pom (1.9 kB at 44 kB/s)
[INFO] Downloading from central: https://repo.maven.apache.org/maven2/com/fasterxml/jackson/core/jackson-databind/2.11.4/jackson-databind-2.11.4.pom
[INFO] Downloaded from central: https://repo.maven.apache.org/maven2/com/fasterxml/jackson/core/jackson-databind/2.11.4/jackson-databind-2.11.4.pom (7.4 kB at 127 kB/s)
[INFO] Downloading from central: https://repo.maven.apache.org/maven2/com/fasterxml/jackson/jackson-base/2.11.4/jackson-base-2.11.4.pom
[INFO] Downloaded from central: https://repo.maven.apache.org/maven2/com/fasterxml/jackson/jackson-base/2.11.4/jackson-base-2.11.4.pom (7.5 kB at 144 kB/s)
[INFO] Downloading from central: https://repo.maven.apache.org/maven2/com/fasterxml/jackson/core/jackson-annotations/2.11.4/jackson-annotations-2.11.4.pom
[INFO] Downloaded from central: https://repo.maven.apache.org/maven2/com/fasterxml/jackson/core/jackson-annotations/2.11.4/jackson-annotations-2.11.4.pom (4.6 kB at 84 kB/s)
[INFO] Downloading from central: https://repo.maven.apache.org/maven2/com/fasterxml/jackson/core/jackson-core/2.11.4/jackson-core-2.11.4.pom
[INFO] Downloaded from central: https://repo.maven.apache.org/maven2/com/fasterxml/jackson/core/jackson-core/2.11.4/jackson-core-2.11.4.pom (4.9 kB at 116 kB/s)
[INFO] Downloading from central: https://repo.maven.apache.org/maven2/com/fasterxml/jackson/datatype/jackson-datatype-jdk8/2.11.4/jackson-datatype-jdk8-2.11.4.pom
[INFO] Downloaded from central: https://repo.maven.apache.org/maven2/com/fasterxml/jackson/datatype/jackson-datatype-jdk8/2.11.4/jackson-datatype-jdk8-2.11.4.pom (2.2 kB at 49 kB/s)
[INFO] Downloading from central: https://repo.maven.apache.org/maven2/com/fasterxml/jackson/module/jackson-modules-java8/2.11.4/jackson-modules-java8-2.11.4.pom
[INFO] Downloaded from central: https://repo.maven.apache.org/maven2/com/fasterxml/jackson/module/jackson-modules-java8/2.11.4/jackson-modules-java8-2.11.4.pom (3.2 kB at 78 kB/s)
[INFO] Downloading from central: https://repo.maven.apache.org/maven2/com/fasterxml/jackson/datatype/jackson-datatype-jsr310/2.11.4/jackson-datatype-jsr310-2.11.4.pom
[INFO] Downloaded from central: https://repo.maven.apache.org/maven2/com/fasterxml/jackson/datatype/jackson-datatype-jsr310/2.11.4/jackson-datatype-jsr310-2.11.4.pom (4.5 kB at 117 kB/s)
[INFO] Downloading from central: https://repo.maven.apache.org/maven2/com/fasterxml/jackson/module/jackson-module-parameter-names/2.11.4/jackson-module-parameter-names-2.11.4.pom
[INFO] Downloaded from central: https://repo.maven.apache.org/maven2/com/fasterxml/jackson/module/jackson-module-parameter-names/2.11.4/jackson-module-parameter-names-2.11.4.pom (4.0 kB at 89 kB/s)
[INFO] Downloading from central: https://repo.maven.apache.org/maven2/org/springframework/boot/spring-boot-starter-tomcat/2.3.12.RELEASE/spring-boot-starter-tomcat-2.3.12.RELEASE.pom
[INFO] Downloaded from central: https://repo.maven.apache.org/maven2/org/springframework/boot/spring-boot-starter-tomcat/2.3.12.RELEASE/spring-boot-starter-tomcat-2.3.12.RELEASE.pom (3.1 kB at 57 kB/s)
[INFO] Downloading from central: https://repo.maven.apache.org/maven2/org/apache/tomcat/embed/tomcat-embed-core/9.0.46/tomcat-embed-core-9.0.46.pom
[INFO] Downloaded from central: https://repo.maven.apache.org/maven2/org/apache/tomcat/embed/tomcat-embed-core/9.0.46/tomcat-embed-core-9.0.46.pom (1.8 kB at 30 kB/s)
[INFO] Downloading from central: https://repo.maven.apache.org/maven2/org/apache/tomcat/embed/tomcat-embed-websocket/9.0.46/tomcat-embed-websocket-9.0.46.pom
[INFO] Downloaded from central: https://repo.maven.apache.org/maven2/org/apache/tomcat/embed/tomcat-embed-websocket/9.0.46/tomcat-embed-websocket-9.0.46.pom (1.8 kB at 32 kB/s)
[INFO] Downloading from central: https://repo.maven.apache.org/maven2/org/springframework/spring-webmvc/5.2.15.RELEASE/spring-webmvc-5.2.15.RELEASE.pom
[INFO] Downloaded from central: https://repo.maven.apache.org/maven2/org/springframework/spring-webmvc/5.2.15.RELEASE/spring-webmvc-5.2.15.RELEASE.pom (2.7 kB at 45 kB/s)
[INFO] Downloading from central: https://repo.maven.apache.org/maven2/org/springframework/boot/spring-boot-starter-validation/2.3.12.RELEASE/spring-boot-starter-validation-2.3.12.RELEASE.pom
[INFO] Downloaded from central: https://repo.maven.apache.org/maven2/org/springframework/boot/spring-boot-starter-validation/2.3.12.RELEASE/spring-boot-starter-validation-2.3.12.RELEASE.pom (2.5 kB at 45 kB/s)
[INFO] Downloading from central: https://repo.maven.apache.org/maven2/org/springframework/boot/spring-boot-starter-data-jpa/2.3.12.RELEASE/spring-boot-starter-data-jpa-2.3.12.RELEASE.pom
[INFO] Downloaded from central: https://repo.maven.apache.org/maven2/org/springframework/boot/spring-boot-starter-data-jpa/2.3.12.RELEASE/spring-boot-starter-data-jpa-2.3.12.RELEASE.pom (4.1 kB at 66 kB/s)
[INFO] Downloading from central: https://repo.maven.apache.org/maven2/org/springframework/boot/spring-boot-starter-aop/2.3.12.RELEASE/spring-boot-starter-aop-2.3.12.RELEASE.pom
[INFO] Downloaded from central: https://repo.maven.apache.org/maven2/org/springframework/boot/spring-boot-starter-aop/2.3.12.RELEASE/spring-boot-starter-aop-2.3.12.RELEASE.pom (2.5 kB at 51 kB/s)
[INFO] Downloading from central: https://repo.maven.apache.org/maven2/org/springframework/boot/spring-boot-starter-jdbc/2.3.12.RELEASE/spring-boot-starter-jdbc-2.3.12.RELEASE.pom
[INFO] Downloaded from central: https://repo.maven.apache.org/maven2/org/springframework/boot/spring-boot-starter-jdbc/2.3.12.RELEASE/spring-boot-starter-jdbc-2.3.12.RELEASE.pom (2.5 kB at 48 kB/s)
[INFO] Downloading from central: https://repo.maven.apache.org/maven2/com/zaxxer/HikariCP/3.4.5/HikariCP-3.4.5.pom
[INFO] Downloaded from central: https://repo.maven.apache.org/maven2/com/zaxxer/HikariCP/3.4.5/HikariCP-3.4.5.pom (27 kB at 491 kB/s)
[INFO] Downloading from central: https://repo.maven.apache.org/maven2/org/springframework/spring-jdbc/5.2.15.RELEASE/spring-jdbc-5.2.15.RELEASE.pom
[INFO] Downloaded from central: https://repo.maven.apache.org/maven2/org/springframework/spring-jdbc/5.2.15.RELEASE/spring-jdbc-5.2.15.RELEASE.pom (2.1 kB at 36 kB/s)
[INFO] Downloading from central: https://repo.maven.apache.org/maven2/org/springframework/spring-tx/5.2.15.RELEASE/spring-tx-5.2.15.RELEASE.pom
[INFO] Downloaded from central: https://repo.maven.apache.org/maven2/org/springframework/spring-tx/5.2.15.RELEASE/spring-tx-5.2.15.RELEASE.pom (1.9 kB at 34 kB/s)
[INFO] Downloading from central: https://repo.maven.apache.org/maven2/jakarta/transaction/jakarta.transaction-api/1.3.3/jakarta.transaction-api-1.3.3.pom
[INFO] Downloaded from central: https://repo.maven.apache.org/maven2/jakarta/transaction/jakarta.transaction-api/1.3.3/jakarta.transaction-api-1.3.3.pom (13 kB at 235 kB/s)
[INFO] Downloading from central: https://repo.maven.apache.org/maven2/org/springframework/data/spring-data-jpa/2.3.9.RELEASE/spring-data-jpa-2.3.9.RELEASE.pom
[INFO] Downloaded from central: https://repo.maven.apache.org/maven2/org/springframework/data/spring-data-jpa/2.3.9.RELEASE/spring-data-jpa-2.3.9.RELEASE.pom (13 kB at 231 kB/s)
[INFO] Downloading from central: https://repo.maven.apache.org/maven2/org/springframework/data/build/spring-data-parent/2.3.9.RELEASE/spring-data-parent-2.3.9.RELEASE.pom
[INFO] Downloaded from central: https://repo.maven.apache.org/maven2/org/springframework/data/build/spring-data-parent/2.3.9.RELEASE/spring-data-parent-2.3.9.RELEASE.pom (39 kB at 731 kB/s)
[INFO] Downloading from central: https://repo.maven.apache.org/maven2/io/projectreactor/reactor-bom/Dysprosium-SR19/reactor-bom-Dysprosium-SR19.pom
[INFO] Downloaded from central: https://repo.maven.apache.org/maven2/io/projectreactor/reactor-bom/Dysprosium-SR19/reactor-bom-Dysprosium-SR19.pom (4.1 kB at 85 kB/s)
[INFO] Downloading from central: https://repo.maven.apache.org/maven2/org/springframework/spring-framework-bom/5.2.14.RELEASE/spring-framework-bom-5.2.14.RELEASE.pom
[INFO] Downloaded from central: https://repo.maven.apache.org/maven2/org/springframework/spring-framework-bom/5.2.14.RELEASE/spring-framework-bom-5.2.14.RELEASE.pom (5.3 kB at 121 kB/s)
[INFO] Downloading from central: https://repo.maven.apache.org/maven2/org/jetbrains/kotlinx/kotlinx-coroutines-bom/1.3.9/kotlinx-coroutines-bom-1.3.9.pom
[INFO] Downloaded from central: https://repo.maven.apache.org/maven2/org/jetbrains/kotlinx/kotlinx-coroutines-bom/1.3.9/kotlinx-coroutines-bom-1.3.9.pom (4.1 kB at 82 kB/s)
[INFO] Downloading from central: https://repo.maven.apache.org/maven2/org/springframework/data/spring-data-commons/2.3.9.RELEASE/spring-data-commons-2.3.9.RELEASE.pom
[INFO] Downloaded from central: https://repo.maven.apache.org/maven2/org/springframework/data/spring-data-commons/2.3.9.RELEASE/spring-data-commons-2.3.9.RELEASE.pom (9.8 kB at 209 kB/s)
[INFO] Downloading from central: https://repo.maven.apache.org/maven2/org/springframework/spring-orm/5.2.15.RELEASE/spring-orm-5.2.15.RELEASE.pom
[INFO] Downloaded from central: https://repo.maven.apache.org/maven2/org/springframework/spring-orm/5.2.15.RELEASE/spring-orm-5.2.15.RELEASE.pom (2.3 kB at 52 kB/s)
[INFO] Downloading from central: https://repo.maven.apache.org/maven2/org/springframework/spring-aspects/5.2.15.RELEASE/spring-aspects-5.2.15.RELEASE.pom
[INFO] Downloaded from central: https://repo.maven.apache.org/maven2/org/springframework/spring-aspects/5.2.15.RELEASE/spring-aspects-5.2.15.RELEASE.pom (1.7 kB at 39 kB/s)
[INFO] Downloading from central: https://repo.maven.apache.org/maven2/org/springframework/boot/spring-boot-starter-test/2.3.12.RELEASE/spring-boot-starter-test-2.3.12.RELEASE.pom
[INFO] Downloaded from central: https://repo.maven.apache.org/maven2/org/springframework/boot/spring-boot-starter-test/2.3.12.RELEASE/spring-boot-starter-test-2.3.12.RELEASE.pom (5.1 kB at 122 kB/s)
[INFO] Downloading from central: https://repo.maven.apache.org/maven2/org/springframework/boot/spring-boot-test/2.3.12.RELEASE/spring-boot-test-2.3.12.RELEASE.pom
[INFO] Downloaded from central: https://repo.maven.apache.org/maven2/org/springframework/boot/spring-boot-test/2.3.12.RELEASE/spring-boot-test-2.3.12.RELEASE.pom (2.1 kB at 43 kB/s)
[INFO] Downloading from central: https://repo.maven.apache.org/maven2/org/springframework/boot/spring-boot-test-autoconfigure/2.3.12.RELEASE/spring-boot-test-autoconfigure-2.3.12.RELEASE.pom
[INFO] Downloaded from central: https://repo.maven.apache.org/maven2/org/springframework/boot/spring-boot-test-autoconfigure/2.3.12.RELEASE/spring-boot-test-autoconfigure-2.3.12.RELEASE.pom (2.5 kB at 52 kB/s)
[INFO] Downloading from central: https://repo.maven.apache.org/maven2/org/assertj/assertj-core/3.16.1/assertj-core-3.16.1.pom
[INFO] Downloaded from central: https://repo.maven.apache.org/maven2/org/assertj/assertj-core/3.16.1/assertj-core-3.16.1.pom (20 kB at 388 kB/s)
[INFO] Downloading from central: https://repo.maven.apache.org/maven2/org/junit/jupiter/junit-jupiter/5.6.3/junit-jupiter-5.6.3.pom
[INFO] Downloaded from central: https://repo.maven.apache.org/maven2/org/junit/jupiter/junit-jupiter/5.6.3/junit-jupiter-5.6.3.pom (3.2 kB at 60 kB/s)
[INFO] Downloading from central: https://repo.maven.apache.org/maven2/org/junit/jupiter/junit-jupiter-api/5.6.3/junit-jupiter-api-5.6.3.pom
[INFO] Downloaded from central: https://repo.maven.apache.org/maven2/org/junit/jupiter/junit-jupiter-api/5.6.3/junit-jupiter-api-5.6.3.pom (3.2 kB at 64 kB/s)
[INFO] Downloading from central: https://repo.maven.apache.org/maven2/org/junit/platform/junit-platform-commons/1.6.3/junit-platform-commons-1.6.3.pom
[INFO] Downloaded from central: https://repo.maven.apache.org/maven2/org/junit/platform/junit-platform-commons/1.6.3/junit-platform-commons-1.6.3.pom (2.8 kB at 48 kB/s)
[INFO] Downloading from central: https://repo.maven.apache.org/maven2/org/junit/jupiter/junit-jupiter-params/5.6.3/junit-jupiter-params-5.6.3.pom
[INFO] Downloaded from central: https://repo.maven.apache.org/maven2/org/junit/jupiter/junit-jupiter-params/5.6.3/junit-jupiter-params-5.6.3.pom (3.0 kB at 63 kB/s)
[INFO] Downloading from central: https://repo.maven.apache.org/maven2/org/junit/jupiter/junit-jupiter-engine/5.6.3/junit-jupiter-engine-5.6.3.pom
[INFO] Downloaded from central: https://repo.maven.apache.org/maven2/org/junit/jupiter/junit-jupiter-engine/5.6.3/junit-jupiter-engine-5.6.3.pom (3.2 kB at 58 kB/s)
[INFO] Downloading from central: https://repo.maven.apache.org/maven2/org/junit/platform/junit-platform-engine/1.6.3/junit-platform-engine-1.6.3.pom
[INFO] Downloaded from central: https://repo.maven.apache.org/maven2/org/junit/platform/junit-platform-engine/1.6.3/junit-platform-engine-1.6.3.pom (3.2 kB at 56 kB/s)
[INFO] Downloading from central: https://repo.maven.apache.org/maven2/org/junit/vintage/junit-vintage-engine/5.6.3/junit-vintage-engine-5.6.3.pom
[INFO] Downloaded from central: https://repo.maven.apache.org/maven2/org/junit/vintage/junit-vintage-engine/5.6.3/junit-vintage-engine-5.6.3.pom (3.3 kB at 58 kB/s)
[INFO] Downloading from central: https://repo.maven.apache.org/maven2/org/springframework/spring-test/5.2.15.RELEASE/spring-test-5.2.15.RELEASE.pom
[INFO] Downloaded from central: https://repo.maven.apache.org/maven2/org/springframework/spring-test/5.2.15.RELEASE/spring-test-5.2.15.RELEASE.pom (1.7 kB at 30 kB/s)
[INFO] Downloading from central: https://repo.maven.apache.org/maven2/com/ctrip/framework/apollo/apollo-openapi/1.2.0/apollo-openapi-1.2.0.pom
[INFO] Downloaded from central: https://repo.maven.apache.org/maven2/com/ctrip/framework/apollo/apollo-openapi/1.2.0/apollo-openapi-1.2.0.pom (1.5 kB at 28 kB/s)
[INFO] Downloading from central: https://repo.maven.apache.org/maven2/com/ctrip/framework/apollo/apollo/1.2.0/apollo-1.2.0.pom
[INFO] Downloaded from central: https://repo.maven.apache.org/maven2/com/ctrip/framework/apollo/apollo/1.2.0/apollo-1.2.0.pom (28 kB at 530 kB/s)
[INFO] Downloading from central: https://repo.maven.apache.org/maven2/com/ctrip/framework/apollo/apollo-core/1.2.0/apollo-core-1.2.0.pom
[INFO] Downloaded from central: https://repo.maven.apache.org/maven2/com/ctrip/framework/apollo/apollo-core/1.2.0/apollo-core-1.2.0.pom (1.6 kB at 33 kB/s)
[INFO] Downloading from central: https://repo.maven.apache.org/maven2/com/google/code/gson/gson/2.8.7/gson-2.8.7.pom
[INFO] Downloaded from central: https://repo.maven.apache.org/maven2/com/google/code/gson/gson/2.8.7/gson-2.8.7.pom (2.4 kB at 48 kB/s)
[INFO] Downloading from central: https://repo.maven.apache.org/maven2/com/google/code/gson/gson-parent/2.8.7/gson-parent-2.8.7.pom
[INFO] Downloaded from central: https://repo.maven.apache.org/maven2/com/google/code/gson/gson-parent/2.8.7/gson-parent-2.8.7.pom (4.6 kB at 85 kB/s)
[INFO] Downloading from central: https://repo.maven.apache.org/maven2/com/alibaba/nacos/nacos-client/2.0.2/nacos-client-2.0.2.pom
[INFO] Downloaded from central: https://repo.maven.apache.org/maven2/com/alibaba/nacos/nacos-client/2.0.2/nacos-client-2.0.2.pom (15 kB at 285 kB/s)
[INFO] Downloading from central: https://repo.maven.apache.org/maven2/com/alibaba/nacos/nacos-all/2.0.2/nacos-all-2.0.2.pom
[INFO] Downloaded from central: https://repo.maven.apache.org/maven2/com/alibaba/nacos/nacos-all/2.0.2/nacos-all-2.0.2.pom (35 kB at 714 kB/s)
[INFO] Downloading from central: https://repo.maven.apache.org/maven2/org/apache/dubbo/dubbo/3.0.2.1/dubbo-3.0.2.1.pom
[INFO] Downloaded from central: https://repo.maven.apache.org/maven2/org/apache/dubbo/dubbo/3.0.2.1/dubbo-3.0.2.1.pom (36 kB at 278 kB/s)
[INFO] Downloading from central: https://repo.maven.apache.org/maven2/org/apache/dubbo/dubbo-parent/3.0.2.1/dubbo-parent-3.0.2.1.pom
[INFO] Downloaded from central: https://repo.maven.apache.org/maven2/org/apache/dubbo/dubbo-parent/3.0.2.1/dubbo-parent-3.0.2.1.pom (28 kB at 122 kB/s)
[INFO] Downloading from central: https://repo.maven.apache.org/maven2/com/alibaba/spring/spring-context-support/1.0.8/spring-context-support-1.0.8.pom
[INFO] Downloaded from central: https://repo.maven.apache.org/maven2/com/alibaba/spring/spring-context-support/1.0.8/spring-context-support-1.0.8.pom (6.0 kB at 119 kB/s)
[INFO] Downloading from central: https://repo.maven.apache.org/maven2/io/netty/netty-all/4.1.65.Final/netty-all-4.1.65.Final.pom
[INFO] Downloaded from central: https://repo.maven.apache.org/maven2/io/netty/netty-all/4.1.65.Final/netty-all-4.1.65.Final.pom (22 kB at 433 kB/s)
[INFO] Downloading from central: https://repo.maven.apache.org/maven2/io/netty/netty-parent/4.1.65.Final/netty-parent-4.1.65.Final.pom
[INFO] Downloaded from central: https://repo.maven.apache.org/maven2/io/netty/netty-parent/4.1.65.Final/netty-parent-4.1.65.Final.pom (67 kB at 1.0 MB/s)
[INFO] Downloading from central: https://repo.maven.apache.org/maven2/com/alibaba/fastjson/1.2.67/fastjson-1.2.67.pom
[INFO] Downloaded from central: https://repo.maven.apache.org/maven2/com/alibaba/fastjson/1.2.67/fastjson-1.2.67.pom (9.8 kB at 124 kB/s)
[INFO] Downloading from central: https://repo.maven.apache.org/maven2/org/roaringbitmap/RoaringBitmap/0.9.0/RoaringBitmap-0.9.0.pom
[INFO] Downloaded from central: https://repo.maven.apache.org/maven2/org/roaringbitmap/RoaringBitmap/0.9.0/RoaringBitmap-0.9.0.pom (0 B at 0 B/s)
[INFO] Downloading from central: https://repo.maven.apache.org/maven2/org/roaringbitmap/shims/0.9.0/shims-0.9.0.pom
[INFO] Downloaded from central: https://repo.maven.apache.org/maven2/org/roaringbitmap/shims/0.9.0/shims-0.9.0.pom (0 B at 0 B/s)
[INFO] Downloading from central: https://repo.maven.apache.org/maven2/net/sourceforge/nekohtml/nekohtml/1.9.22/nekohtml-1.9.22.pom
[INFO] Downloaded from central: https://repo.maven.apache.org/maven2/net/sourceforge/nekohtml/nekohtml/1.9.22/nekohtml-1.9.22.pom (1.4 kB at 25 kB/s)
[INFO] Downloading from central: https://repo.maven.apache.org/maven2/io/swagger/swagger-annotations/1.5.24/swagger-annotations-1.5.24.pom
[INFO] Downloaded from central: https://repo.maven.apache.org/maven2/io/swagger/swagger-annotations/1.5.24/swagger-annotations-1.5.24.pom (6.2 kB at 149 kB/s)
[INFO] Downloading from central: https://repo.maven.apache.org/maven2/io/swagger/swagger-project/1.5.24/swagger-project-1.5.24.pom
[INFO] Downloaded from central: https://repo.maven.apache.org/maven2/io/swagger/swagger-project/1.5.24/swagger-project-1.5.24.pom (26 kB at 613 kB/s)
[INFO] Downloading from central: https://repo.maven.apache.org/maven2/com/auth0/java-jwt/3.4.1/java-jwt-3.4.1.pom
[INFO] Downloaded from central: https://repo.maven.apache.org/maven2/com/auth0/java-jwt/3.4.1/java-jwt-3.4.1.pom (1.7 kB at 40 kB/s)
[INFO] Downloading from central: https://repo.maven.apache.org/maven2/io/jsonwebtoken/jjwt/0.6.0/jjwt-0.6.0.pom
[INFO] Downloaded from central: https://repo.maven.apache.org/maven2/io/jsonwebtoken/jjwt/0.6.0/jjwt-0.6.0.pom (18 kB at 367 kB/s)
[INFO] Downloading from central: https://repo.maven.apache.org/maven2/org/apache/dubbo/extensions/dubbo-mock-api/3.0.0/dubbo-mock-api-3.0.0.pom
[INFO] Downloaded from central: https://repo.maven.apache.org/maven2/org/apache/dubbo/extensions/dubbo-mock-api/3.0.0/dubbo-mock-api-3.0.0.pom (1.6 kB at 31 kB/s)
[INFO] Downloading from central: https://repo.maven.apache.org/maven2/org/apache/dubbo/extensions/dubbo-mock-extensions/3.0.0/dubbo-mock-extensions-3.0.0.pom
[INFO] Downloaded from central: https://repo.maven.apache.org/maven2/org/apache/dubbo/extensions/dubbo-mock-extensions/3.0.0/dubbo-mock-extensions-3.0.0.pom (3.0 kB at 67 kB/s)
[INFO] Downloading from central: https://repo.maven.apache.org/maven2/org/apache/dubbo/extensions/dubbo-extensions-dependencies-bom/1.0.0/dubbo-extensions-dependencies-bom-1.0.0.pom
[INFO] Downloaded from central: https://repo.maven.apache.org/maven2/org/apache/dubbo/extensions/dubbo-extensions-dependencies-bom/1.0.0/dubbo-extensions-dependencies-bom-1.0.0.pom (26 kB at 412 kB/s)
[INFO] Downloading from central: https://repo.maven.apache.org/maven2/org/springframework/boot/spring-boot-starter/2.4.1/spring-boot-starter-2.4.1.pom
[INFO] Downloaded from central: https://repo.maven.apache.org/maven2/org/springframework/boot/spring-boot-starter/2.4.1/spring-boot-starter-2.4.1.pom (3.1 kB at 61 kB/s)
[INFO] Downloading from central: https://repo.maven.apache.org/maven2/org/apache/dubbo/dubbo-bom/3.0.0/dubbo-bom-3.0.0.pom
[INFO] Downloaded from central: https://repo.maven.apache.org/maven2/org/apache/dubbo/dubbo-bom/3.0.0/dubbo-bom-3.0.0.pom (12 kB at 234 kB/s)
[INFO] Downloading from central: https://repo.maven.apache.org/maven2/org/apache/dubbo/dubbo-parent/3.0.0/dubbo-parent-3.0.0.pom
[INFO] Downloaded from central: https://repo.maven.apache.org/maven2/org/apache/dubbo/dubbo-parent/3.0.0/dubbo-parent-3.0.0.pom (28 kB at 437 kB/s)
[INFO] Downloading from central: https://repo.maven.apache.org/maven2/org/apache/dubbo/dubbo-dependencies-bom/3.0.0/dubbo-dependencies-bom-3.0.0.pom
[INFO] Downloaded from central: https://repo.maven.apache.org/maven2/org/apache/dubbo/dubbo-dependencies-bom/3.0.0/dubbo-dependencies-bom-3.0.0.pom (28 kB at 554 kB/s)
[INFO] Downloading from central: https://repo.maven.apache.org/maven2/org/apache/dubbo/dubbo-dependencies-zookeeper/3.0.0/dubbo-dependencies-zookeeper-3.0.0.pom
[INFO] Downloaded from central: https://repo.maven.apache.org/maven2/org/apache/dubbo/dubbo-dependencies-zookeeper/3.0.0/dubbo-dependencies-zookeeper-3.0.0.pom (4.2 kB at 96 kB/s)
[INFO] Downloading from central: https://repo.maven.apache.org/maven2/com/baomidou/mybatis-plus-boot-starter/3.4.2/mybatis-plus-boot-starter-3.4.2.pom
[INFO] Downloaded from central: https://repo.maven.apache.org/maven2/com/baomidou/mybatis-plus-boot-starter/3.4.2/mybatis-plus-boot-starter-3.4.2.pom (3.1 kB at 70 kB/s)
[INFO] Downloading from central: https://repo.maven.apache.org/maven2/com/baomidou/mybatis-plus/3.4.2/mybatis-plus-3.4.2.pom
[INFO] Downloaded from central: https://repo.maven.apache.org/maven2/com/baomidou/mybatis-plus/3.4.2/mybatis-plus-3.4.2.pom (1.4 kB at 29 kB/s)
[INFO] Downloading from central: https://repo.maven.apache.org/maven2/com/baomidou/mybatis-plus-extension/3.4.2/mybatis-plus-extension-3.4.2.pom
[INFO] Downloaded from central: https://repo.maven.apache.org/maven2/com/baomidou/mybatis-plus-extension/3.4.2/mybatis-plus-extension-3.4.2.pom (4.2 kB at 97 kB/s)
[INFO] Downloading from central: https://repo.maven.apache.org/maven2/com/baomidou/mybatis-plus-core/3.4.2/mybatis-plus-core-3.4.2.pom
[INFO] Downloaded from central: https://repo.maven.apache.org/maven2/com/baomidou/mybatis-plus-core/3.4.2/mybatis-plus-core-3.4.2.pom (2.8 kB at 62 kB/s)
[INFO] Downloading from central: https://repo.maven.apache.org/maven2/com/baomidou/mybatis-plus-annotation/3.4.2/mybatis-plus-annotation-3.4.2.pom
[INFO] Downloaded from central: https://repo.maven.apache.org/maven2/com/baomidou/mybatis-plus-annotation/3.4.2/mybatis-plus-annotation-3.4.2.pom (1.4 kB at 29 kB/s)
[INFO] Downloading from central: https://repo.maven.apache.org/maven2/com/github/jsqlparser/jsqlparser/4.0/jsqlparser-4.0.pom
[INFO] Downloaded from central: https://repo.maven.apache.org/maven2/com/github/jsqlparser/jsqlparser/4.0/jsqlparser-4.0.pom (20 kB at 345 kB/s)
[INFO] Downloading from central: https://repo.maven.apache.org/maven2/org/mybatis/mybatis/3.5.6/mybatis-3.5.6.pom
[INFO] Downloaded from central: https://repo.maven.apache.org/maven2/org/mybatis/mybatis/3.5.6/mybatis-3.5.6.pom (13 kB at 252 kB/s)
[INFO] Downloading from central: https://repo.maven.apache.org/maven2/org/mybatis/mybatis-parent/32/mybatis-parent-32.pom
[INFO] Downloaded from central: https://repo.maven.apache.org/maven2/org/mybatis/mybatis-parent/32/mybatis-parent-32.pom (48 kB at 859 kB/s)
[INFO] Downloading from central: https://repo.maven.apache.org/maven2/org/mybatis/mybatis-spring/2.0.5/mybatis-spring-2.0.5.pom
[INFO] Downloaded from central: https://repo.maven.apache.org/maven2/org/mybatis/mybatis-spring/2.0.5/mybatis-spring-2.0.5.pom (11 kB at 208 kB/s)
[INFO] Downloading from central: https://repo.maven.apache.org/maven2/org/springframework/boot/spring-boot-starter-web/2.3.12.RELEASE/spring-boot-starter-web-2.3.12.RELEASE.jar
[INFO] Downloading from central: https://repo.maven.apache.org/maven2/org/springframework/boot/spring-boot-starter/2.3.12.RELEASE/spring-boot-starter-2.3.12.RELEASE.jar
[INFO] Downloading from central: https://repo.maven.apache.org/maven2/org/apache/logging/log4j/log4j-to-slf4j/2.13.3/log4j-to-slf4j-2.13.3.jar
[INFO] Downloading from central: https://repo.maven.apache.org/maven2/org/springframework/boot/spring-boot-starter-logging/2.3.12.RELEASE/spring-boot-starter-logging-2.3.12.RELEASE.jar
[INFO] Downloading from central: https://repo.maven.apache.org/maven2/org/springframework/boot/spring-boot/2.3.12.RELEASE/spring-boot-2.3.12.RELEASE.jar
[INFO] Downloaded from central: https://repo.maven.apache.org/maven2/org/apache/logging/log4j/log4j-to-slf4j/2.13.3/log4j-to-slf4j-2.13.3.jar (17 kB at 372 kB/s)
[INFO] Downloading from central: https://repo.maven.apache.org/maven2/org/springframework/boot/spring-boot-starter-json/2.3.12.RELEASE/spring-boot-starter-json-2.3.12.RELEASE.jar
[INFO] Downloaded from central: https://repo.maven.apache.org/maven2/org/springframework/boot/spring-boot-starter/2.3.12.RELEASE/spring-boot-starter-2.3.12.RELEASE.jar (4.8 kB at 97 kB/s)
[INFO] Downloading from central: https://repo.maven.apache.org/maven2/com/fasterxml/jackson/datatype/jackson-datatype-jdk8/2.11.4/jackson-datatype-jdk8-2.11.4.jar
[INFO] Downloaded from central: https://repo.maven.apache.org/maven2/org/springframework/boot/spring-boot-starter-logging/2.3.12.RELEASE/spring-boot-starter-logging-2.3.12.RELEASE.jar (4.8 kB at 97 kB/s)
[INFO] Downloading from central: https://repo.maven.apache.org/maven2/com/fasterxml/jackson/datatype/jackson-datatype-jsr310/2.11.4/jackson-datatype-jsr310-2.11.4.jar
[INFO] Downloaded from central: https://repo.maven.apache.org/maven2/org/springframework/boot/spring-boot-starter-web/2.3.12.RELEASE/spring-boot-starter-web-2.3.12.RELEASE.jar (4.8 kB at 94 kB/s)
[INFO] Downloading from central: https://repo.maven.apache.org/maven2/com/fasterxml/jackson/module/jackson-module-parameter-names/2.11.4/jackson-module-parameter-names-2.11.4.jar
[INFO] Downloaded from central: https://repo.maven.apache.org/maven2/org/springframework/boot/spring-boot/2.3.12.RELEASE/spring-boot-2.3.12.RELEASE.jar (1.1 MB at 18 MB/s)
[INFO] Downloading from central: https://repo.maven.apache.org/maven2/org/springframework/boot/spring-boot-starter-tomcat/2.3.12.RELEASE/spring-boot-starter-tomcat-2.3.12.RELEASE.jar
[INFO] Downloaded from central: https://repo.maven.apache.org/maven2/org/springframework/boot/spring-boot-starter-json/2.3.12.RELEASE/spring-boot-starter-json-2.3.12.RELEASE.jar (4.7 kB at 66 kB/s)
[INFO] Downloading from central: https://repo.maven.apache.org/maven2/org/apache/tomcat/embed/tomcat-embed-core/9.0.46/tomcat-embed-core-9.0.46.jar
[INFO] Downloaded from central: https://repo.maven.apache.org/maven2/com/fasterxml/jackson/datatype/jackson-datatype-jsr310/2.11.4/jackson-datatype-jsr310-2.11.4.jar (111 kB at 1.4 MB/s)
[INFO] Downloading from central: https://repo.maven.apache.org/maven2/org/apache/tomcat/embed/tomcat-embed-websocket/9.0.46/tomcat-embed-websocket-9.0.46.jar
[INFO] Downloaded from central: https://repo.maven.apache.org/maven2/com/fasterxml/jackson/module/jackson-module-parameter-names/2.11.4/jackson-module-parameter-names-2.11.4.jar (9.3 kB at 105 kB/s)
[INFO] Downloading from central: https://repo.maven.apache.org/maven2/org/springframework/spring-web/5.2.15.RELEASE/spring-web-5.2.15.RELEASE.jar
[INFO] Downloaded from central: https://repo.maven.apache.org/maven2/com/fasterxml/jackson/datatype/jackson-datatype-jdk8/2.11.4/jackson-datatype-jdk8-2.11.4.jar (34 kB at 369 kB/s)
[INFO] Downloading from central: https://repo.maven.apache.org/maven2/org/springframework/spring-beans/5.2.15.RELEASE/spring-beans-5.2.15.RELEASE.jar
[INFO] Downloaded from central: https://repo.maven.apache.org/maven2/org/springframework/boot/spring-boot-starter-tomcat/2.3.12.RELEASE/spring-boot-starter-tomcat-2.3.12.RELEASE.jar (4.8 kB at 50 kB/s)
[INFO] Downloading from central: https://repo.maven.apache.org/maven2/org/springframework/spring-webmvc/5.2.15.RELEASE/spring-webmvc-5.2.15.RELEASE.jar
[INFO] Downloaded from central: https://repo.maven.apache.org/maven2/org/apache/tomcat/embed/tomcat-embed-websocket/9.0.46/tomcat-embed-websocket-9.0.46.jar (277 kB at 2.0 MB/s)
[INFO] Downloading from central: https://repo.maven.apache.org/maven2/org/springframework/spring-aop/5.2.15.RELEASE/spring-aop-5.2.15.RELEASE.jar
[INFO] Downloaded from central: https://repo.maven.apache.org/maven2/org/springframework/spring-webmvc/5.2.15.RELEASE/spring-webmvc-5.2.15.RELEASE.jar (957 kB at 6.0 MB/s)
[INFO] Downloading from central: https://repo.maven.apache.org/maven2/org/springframework/spring-expression/5.2.15.RELEASE/spring-expression-5.2.15.RELEASE.jar
[INFO] Downloaded from central: https://repo.maven.apache.org/maven2/org/apache/tomcat/embed/tomcat-embed-core/9.0.46/tomcat-embed-core-9.0.46.jar (3.4 MB at 21 MB/s)
[INFO] Downloading from central: https://repo.maven.apache.org/maven2/org/springframework/boot/spring-boot-starter-validation/2.3.12.RELEASE/spring-boot-starter-validation-2.3.12.RELEASE.jar
[INFO] Downloaded from central: https://repo.maven.apache.org/maven2/org/springframework/spring-beans/5.2.15.RELEASE/spring-beans-5.2.15.RELEASE.jar (689 kB at 4.0 MB/s)
[INFO] Downloading from central: https://repo.maven.apache.org/maven2/org/jboss/logging/jboss-logging/3.4.2.Final/jboss-logging-3.4.2.Final.jar
[INFO] Downloaded from central: https://repo.maven.apache.org/maven2/org/springframework/spring-aop/5.2.15.RELEASE/spring-aop-5.2.15.RELEASE.jar (373 kB at 2.1 MB/s)
[INFO] Downloading from central: https://repo.maven.apache.org/maven2/org/springframework/boot/spring-boot-starter-data-jpa/2.3.12.RELEASE/spring-boot-starter-data-jpa-2.3.12.RELEASE.jar
[INFO] Downloaded from central: https://repo.maven.apache.org/maven2/org/springframework/spring-web/5.2.15.RELEASE/spring-web-5.2.15.RELEASE.jar (1.4 MB at 8.2 MB/s)
[INFO] Downloading from central: https://repo.maven.apache.org/maven2/org/springframework/boot/spring-boot-starter-aop/2.3.12.RELEASE/spring-boot-starter-aop-2.3.12.RELEASE.jar
[INFO] Downloaded from central: https://repo.maven.apache.org/maven2/org/springframework/boot/spring-boot-starter-validation/2.3.12.RELEASE/spring-boot-starter-validation-2.3.12.RELEASE.jar (4.8 kB at 25 kB/s)
[INFO] Downloaded from central: https://repo.maven.apache.org/maven2/org/springframework/spring-expression/5.2.15.RELEASE/spring-expression-5.2.15.RELEASE.jar (282 kB at 1.5 MB/s)
[INFO] Downloading from central: https://repo.maven.apache.org/maven2/org/springframework/boot/spring-boot-starter-jdbc/2.3.12.RELEASE/spring-boot-starter-jdbc-2.3.12.RELEASE.jar
[INFO] Downloading from central: https://repo.maven.apache.org/maven2/com/zaxxer/HikariCP/3.4.5/HikariCP-3.4.5.jar
[INFO] Downloaded from central: https://repo.maven.apache.org/maven2/org/springframework/boot/spring-boot-starter-data-jpa/2.3.12.RELEASE/spring-boot-starter-data-jpa-2.3.12.RELEASE.jar (4.8 kB at 23 kB/s)
[INFO] Downloading from central: https://repo.maven.apache.org/maven2/org/springframework/spring-jdbc/5.2.15.RELEASE/spring-jdbc-5.2.15.RELEASE.jar
[INFO] Downloaded from central: https://repo.maven.apache.org/maven2/org/jboss/logging/jboss-logging/3.4.2.Final/jboss-logging-3.4.2.Final.jar (61 kB at 277 kB/s)
[INFO] Downloading from central: https://repo.maven.apache.org/maven2/jakarta/transaction/jakarta.transaction-api/1.3.3/jakarta.transaction-api-1.3.3.jar
[INFO] Downloaded from central: https://repo.maven.apache.org/maven2/org/springframework/boot/spring-boot-starter-aop/2.3.12.RELEASE/spring-boot-starter-aop-2.3.12.RELEASE.jar (4.8 kB at 21 kB/s)
[INFO] Downloading from central: https://repo.maven.apache.org/maven2/org/springframework/data/spring-data-jpa/2.3.9.RELEASE/spring-data-jpa-2.3.9.RELEASE.jar
[INFO] Downloaded from central: https://repo.maven.apache.org/maven2/org/springframework/boot/spring-boot-starter-jdbc/2.3.12.RELEASE/spring-boot-starter-jdbc-2.3.12.RELEASE.jar (4.8 kB at 21 kB/s)
[INFO] Downloading from central: https://repo.maven.apache.org/maven2/org/springframework/data/spring-data-commons/2.3.9.RELEASE/spring-data-commons-2.3.9.RELEASE.jar
[INFO] Downloaded from central: https://repo.maven.apache.org/maven2/com/zaxxer/HikariCP/3.4.5/HikariCP-3.4.5.jar (156 kB at 650 kB/s)
[INFO] Downloading from central: https://repo.maven.apache.org/maven2/org/springframework/spring-orm/5.2.15.RELEASE/spring-orm-5.2.15.RELEASE.jar
[INFO] Downloaded from central: https://repo.maven.apache.org/maven2/org/springframework/spring-jdbc/5.2.15.RELEASE/spring-jdbc-5.2.15.RELEASE.jar (409 kB at 1.4 MB/s)
[INFO] Downloaded from central: https://repo.maven.apache.org/maven2/jakarta/transaction/jakarta.transaction-api/1.3.3/jakarta.transaction-api-1.3.3.jar (15 kB at 54 kB/s)
[INFO] Downloading from central: https://repo.maven.apache.org/maven2/org/springframework/spring-tx/5.2.15.RELEASE/spring-tx-5.2.15.RELEASE.jar
[INFO] Downloading from central: https://repo.maven.apache.org/maven2/org/springframework/spring-aspects/5.2.15.RELEASE/spring-aspects-5.2.15.RELEASE.jar
[INFO] Downloaded from central: https://repo.maven.apache.org/maven2/org/springframework/spring-orm/5.2.15.RELEASE/spring-orm-5.2.15.RELEASE.jar (201 kB at 640 kB/s)
[INFO] Downloading from central: https://repo.maven.apache.org/maven2/org/springframework/boot/spring-boot-starter-test/2.3.12.RELEASE/spring-boot-starter-test-2.3.12.RELEASE.jar
[INFO] Downloaded from central: https://repo.maven.apache.org/maven2/org/springframework/data/spring-data-jpa/2.3.9.RELEASE/spring-data-jpa-2.3.9.RELEASE.jar (370 kB at 1.2 MB/s)
[INFO] Downloading from central: https://repo.maven.apache.org/maven2/org/springframework/boot/spring-boot-test/2.3.12.RELEASE/spring-boot-test-2.3.12.RELEASE.jar
[INFO] Downloaded from central: https://repo.maven.apache.org/maven2/org/springframework/spring-aspects/5.2.15.RELEASE/spring-aspects-5.2.15.RELEASE.jar (47 kB at 143 kB/s)
[INFO] Downloading from central: https://repo.maven.apache.org/maven2/org/springframework/boot/spring-boot-test-autoconfigure/2.3.12.RELEASE/spring-boot-test-autoconfigure-2.3.12.RELEASE.jar
[INFO] Downloaded from central: https://repo.maven.apache.org/maven2/org/springframework/data/spring-data-commons/2.3.9.RELEASE/spring-data-commons-2.3.9.RELEASE.jar (1.2 MB at 3.6 MB/s)
[INFO] Downloading from central: https://repo.maven.apache.org/maven2/net/minidev/json-smart/2.3.1/json-smart-2.3.1.jar
[INFO] Downloaded from central: https://repo.maven.apache.org/maven2/org/springframework/spring-tx/5.2.15.RELEASE/spring-tx-5.2.15.RELEASE.jar (315 kB at 923 kB/s)
[INFO] Downloading from central: https://repo.maven.apache.org/maven2/net/minidev/accessors-smart/2.3.1/accessors-smart-2.3.1.jar
[INFO] Downloaded from central: https://repo.maven.apache.org/maven2/org/springframework/boot/spring-boot-starter-test/2.3.12.RELEASE/spring-boot-starter-test-2.3.12.RELEASE.jar (4.8 kB at 14 kB/s)
[INFO] Downloading from central: https://repo.maven.apache.org/maven2/org/assertj/assertj-core/3.16.1/assertj-core-3.16.1.jar
[INFO] Downloaded from central: https://repo.maven.apache.org/maven2/org/springframework/boot/spring-boot-test-autoconfigure/2.3.12.RELEASE/spring-boot-test-autoconfigure-2.3.12.RELEASE.jar (176 kB at 484 kB/s)
[INFO] Downloading from central: https://repo.maven.apache.org/maven2/org/junit/jupiter/junit-jupiter/5.6.3/junit-jupiter-5.6.3.jar
[INFO] Downloaded from central: https://repo.maven.apache.org/maven2/net/minidev/json-smart/2.3.1/json-smart-2.3.1.jar (120 kB at 321 kB/s)
[INFO] Downloading from central: https://repo.maven.apache.org/maven2/org/junit/jupiter/junit-jupiter-api/5.6.3/junit-jupiter-api-5.6.3.jar
[INFO] Downloaded from central: https://repo.maven.apache.org/maven2/org/springframework/boot/spring-boot-test/2.3.12.RELEASE/spring-boot-test-2.3.12.RELEASE.jar (217 kB at 576 kB/s)
[INFO] Downloading from central: https://repo.maven.apache.org/maven2/org/junit/platform/junit-platform-commons/1.6.3/junit-platform-commons-1.6.3.jar
[INFO] Downloaded from central: https://repo.maven.apache.org/maven2/net/minidev/accessors-smart/2.3.1/accessors-smart-2.3.1.jar (30 kB at 77 kB/s)
[INFO] Downloading from central: https://repo.maven.apache.org/maven2/org/junit/jupiter/junit-jupiter-params/5.6.3/junit-jupiter-params-5.6.3.jar
[INFO] Downloaded from central: https://repo.maven.apache.org/maven2/org/junit/jupiter/junit-jupiter/5.6.3/junit-jupiter-5.6.3.jar (6.4 kB at 16 kB/s)
[INFO] Downloading from central: https://repo.maven.apache.org/maven2/org/junit/jupiter/junit-jupiter-engine/5.6.3/junit-jupiter-engine-5.6.3.jar
[INFO] Downloaded from central: https://repo.maven.apache.org/maven2/org/junit/jupiter/junit-jupiter-api/5.6.3/junit-jupiter-api-5.6.3.jar (154 kB at 376 kB/s)
[INFO] Downloading from central: https://repo.maven.apache.org/maven2/org/junit/vintage/junit-vintage-engine/5.6.3/junit-vintage-engine-5.6.3.jar
[INFO] Downloaded from central: https://repo.maven.apache.org/maven2/org/junit/platform/junit-platform-commons/1.6.3/junit-platform-commons-1.6.3.jar (97 kB at 228 kB/s)
[INFO] Downloading from central: https://repo.maven.apache.org/maven2/org/junit/platform/junit-platform-engine/1.6.3/junit-platform-engine-1.6.3.jar
[INFO] Downloaded from central: https://repo.maven.apache.org/maven2/org/junit/jupiter/junit-jupiter-engine/5.6.3/junit-jupiter-engine-5.6.3.jar (209 kB at 486 kB/s)
[INFO] Downloading from central: https://repo.maven.apache.org/maven2/org/springframework/spring-core/5.2.15.RELEASE/spring-core-5.2.15.RELEASE.jar
[INFO] Downloaded from central: https://repo.maven.apache.org/maven2/org/junit/jupiter/junit-jupiter-params/5.6.3/junit-jupiter-params-5.6.3.jar (562 kB at 1.3 MB/s)
[INFO] Downloading from central: https://repo.maven.apache.org/maven2/org/springframework/spring-jcl/5.2.15.RELEASE/spring-jcl-5.2.15.RELEASE.jar
[INFO] Downloaded from central: https://repo.maven.apache.org/maven2/org/assertj/assertj-core/3.16.1/assertj-core-3.16.1.jar (4.7 MB at 11 MB/s)
[INFO] Downloading from central: https://repo.maven.apache.org/maven2/org/springframework/spring-test/5.2.15.RELEASE/spring-test-5.2.15.RELEASE.jar
[INFO] Downloaded from central: https://repo.maven.apache.org/maven2/org/junit/vintage/junit-vintage-engine/5.6.3/junit-vintage-engine-5.6.3.jar (64 kB at 145 kB/s)
[INFO] Downloading from central: https://repo.maven.apache.org/maven2/com/ctrip/framework/apollo/apollo-openapi/1.2.0/apollo-openapi-1.2.0.jar
[INFO] Downloaded from central: https://repo.maven.apache.org/maven2/org/junit/platform/junit-platform-engine/1.6.3/junit-platform-engine-1.6.3.jar (174 kB at 369 kB/s)
[INFO] Downloading from central: https://repo.maven.apache.org/maven2/com/ctrip/framework/apollo/apollo-core/1.2.0/apollo-core-1.2.0.jar
[INFO] Downloaded from central: https://repo.maven.apache.org/maven2/org/springframework/spring-test/5.2.15.RELEASE/spring-test-5.2.15.RELEASE.jar (686 kB at 1.4 MB/s)
[INFO] Downloading from central: https://repo.maven.apache.org/maven2/com/alibaba/nacos/nacos-client/2.0.2/nacos-client-2.0.2.jar
[INFO] Downloaded from central: https://repo.maven.apache.org/maven2/com/ctrip/framework/apollo/apollo-openapi/1.2.0/apollo-openapi-1.2.0.jar (30 kB at 63 kB/s)
[INFO] Downloaded from central: https://repo.maven.apache.org/maven2/org/springframework/spring-jcl/5.2.15.RELEASE/spring-jcl-5.2.15.RELEASE.jar (24 kB at 50 kB/s)
[INFO] Downloading from central: https://repo.maven.apache.org/maven2/com/fasterxml/jackson/core/jackson-databind/2.11.4/jackson-databind-2.11.4.jar
[INFO] Downloading from central: https://repo.maven.apache.org/maven2/com/fasterxml/jackson/core/jackson-core/2.11.4/jackson-core-2.11.4.jar
[INFO] Downloaded from central: https://repo.maven.apache.org/maven2/org/springframework/spring-core/5.2.15.RELEASE/spring-core-5.2.15.RELEASE.jar (1.4 MB at 3.0 MB/s)
[INFO] Downloading from central: https://repo.maven.apache.org/maven2/com/fasterxml/jackson/core/jackson-annotations/2.11.4/jackson-annotations-2.11.4.jar
[INFO] Downloaded from central: https://repo.maven.apache.org/maven2/com/fasterxml/jackson/core/jackson-core/2.11.4/jackson-core-2.11.4.jar (352 kB at 658 kB/s)
[INFO] Downloading from central: https://repo.maven.apache.org/maven2/org/apache/dubbo/dubbo/3.0.2.1/dubbo-3.0.2.1.jar
[INFO] Downloaded from central: https://repo.maven.apache.org/maven2/com/fasterxml/jackson/core/jackson-annotations/2.11.4/jackson-annotations-2.11.4.jar (72 kB at 132 kB/s)
[INFO] Downloading from central: https://repo.maven.apache.org/maven2/org/springframework/spring-context/5.2.15.RELEASE/spring-context-5.2.15.RELEASE.jar
[INFO] Downloaded from central: https://repo.maven.apache.org/maven2/com/ctrip/framework/apollo/apollo-core/1.2.0/apollo-core-1.2.0.jar (77 kB at 139 kB/s)
[INFO] Downloading from central: https://repo.maven.apache.org/maven2/com/alibaba/spring/spring-context-support/1.0.8/spring-context-support-1.0.8.jar
[INFO] Downloaded from central: https://repo.maven.apache.org/maven2/com/fasterxml/jackson/core/jackson-databind/2.11.4/jackson-databind-2.11.4.jar (1.4 MB at 2.5 MB/s)
[INFO] Downloading from central: https://repo.maven.apache.org/maven2/com/google/code/gson/gson/2.8.7/gson-2.8.7.jar
[INFO] Downloaded from central: https://repo.maven.apache.org/maven2/com/alibaba/spring/spring-context-support/1.0.8/spring-context-support-1.0.8.jar (77 kB at 124 kB/s)
[INFO] Downloading from central: https://repo.maven.apache.org/maven2/org/roaringbitmap/RoaringBitmap/0.9.0/RoaringBitmap-0.9.0.jar
[INFO] Downloaded from central: https://repo.maven.apache.org/maven2/com/google/code/gson/gson/2.8.7/gson-2.8.7.jar (240 kB at 373 kB/s)
[INFO] Downloading from central: https://repo.maven.apache.org/maven2/org/roaringbitmap/shims/0.9.0/shims-0.9.0.jar
[INFO] Downloaded from central: https://repo.maven.apache.org/maven2/org/springframework/spring-context/5.2.15.RELEASE/spring-context-5.2.15.RELEASE.jar (1.2 MB at 1.9 MB/s)
[INFO] Downloading from central: https://repo.maven.apache.org/maven2/com/alibaba/fastjson/1.2.67/fastjson-1.2.67.jar
[INFO] Downloaded from central: https://repo.maven.apache.org/maven2/org/roaringbitmap/RoaringBitmap/0.9.0/RoaringBitmap-0.9.0.jar (0 B at 0 B/s)
[INFO] Downloading from central: https://repo.maven.apache.org/maven2/net/sourceforge/nekohtml/nekohtml/1.9.22/nekohtml-1.9.22.jar
[INFO] Downloaded from central: https://repo.maven.apache.org/maven2/org/roaringbitmap/shims/0.9.0/shims-0.9.0.jar (0 B at 0 B/s)
[INFO] Downloading from central: https://repo.maven.apache.org/maven2/io/swagger/swagger-annotations/1.5.24/swagger-annotations-1.5.24.jar
[INFO] Downloaded from central: https://repo.maven.apache.org/maven2/net/sourceforge/nekohtml/nekohtml/1.9.22/nekohtml-1.9.22.jar (125 kB at 181 kB/s)
[INFO] Downloading from central: https://repo.maven.apache.org/maven2/io/netty/netty-all/4.1.65.Final/netty-all-4.1.65.Final.jar
[INFO] Downloaded from central: https://repo.maven.apache.org/maven2/io/swagger/swagger-annotations/1.5.24/swagger-annotations-1.5.24.jar (22 kB at 31 kB/s)
[INFO] Downloading from central: https://repo.maven.apache.org/maven2/com/auth0/java-jwt/3.4.1/java-jwt-3.4.1.jar
[INFO] Downloaded from central: https://repo.maven.apache.org/maven2/com/alibaba/fastjson/1.2.67/fastjson-1.2.67.jar (662 kB at 942 kB/s)
[INFO] Downloading from central: https://repo.maven.apache.org/maven2/io/jsonwebtoken/jjwt/0.6.0/jjwt-0.6.0.jar
[INFO] Downloaded from central: https://repo.maven.apache.org/maven2/com/auth0/java-jwt/3.4.1/java-jwt-3.4.1.jar (50 kB at 68 kB/s)
[INFO] Downloading from central: https://repo.maven.apache.org/maven2/org/apache/dubbo/extensions/dubbo-mock-api/3.0.0/dubbo-mock-api-3.0.0.jar
[INFO] Downloaded from central: https://repo.maven.apache.org/maven2/com/alibaba/nacos/nacos-client/2.0.2/nacos-client-2.0.2.jar (14 MB at 19 MB/s)
[INFO] Downloading from central: https://repo.maven.apache.org/maven2/com/baomidou/mybatis-plus-boot-starter/3.4.2/mybatis-plus-boot-starter-3.4.2.jar
[INFO] Downloaded from central: https://repo.maven.apache.org/maven2/io/jsonwebtoken/jjwt/0.6.0/jjwt-0.6.0.jar (104 kB at 138 kB/s)
[INFO] Downloading from central: https://repo.maven.apache.org/maven2/com/baomidou/mybatis-plus/3.4.2/mybatis-plus-3.4.2.jar
[INFO] Downloaded from central: https://repo.maven.apache.org/maven2/org/apache/dubbo/extensions/dubbo-mock-api/3.0.0/dubbo-mock-api-3.0.0.jar (11 kB at 14 kB/s)
[INFO] Downloading from central: https://repo.maven.apache.org/maven2/com/baomidou/mybatis-plus-extension/3.4.2/mybatis-plus-extension-3.4.2.jar
[INFO] Downloaded from central: https://repo.maven.apache.org/maven2/com/baomidou/mybatis-plus-boot-starter/3.4.2/mybatis-plus-boot-starter-3.4.2.jar (34 kB at 44 kB/s)
[INFO] Downloading from central: https://repo.maven.apache.org/maven2/com/baomidou/mybatis-plus-core/3.4.2/mybatis-plus-core-3.4.2.jar
[INFO] Downloaded from central: https://repo.maven.apache.org/maven2/com/baomidou/mybatis-plus/3.4.2/mybatis-plus-3.4.2.jar (5.6 kB at 7.0 kB/s)
[INFO] Downloading from central: https://repo.maven.apache.org/maven2/com/baomidou/mybatis-plus-annotation/3.4.2/mybatis-plus-annotation-3.4.2.jar
[INFO] Downloaded from central: https://repo.maven.apache.org/maven2/com/baomidou/mybatis-plus-core/3.4.2/mybatis-plus-core-3.4.2.jar (299 kB at 364 kB/s)
[INFO] Downloading from central: https://repo.maven.apache.org/maven2/com/github/jsqlparser/jsqlparser/4.0/jsqlparser-4.0.jar
[INFO] Downloaded from central: https://repo.maven.apache.org/maven2/com/baomidou/mybatis-plus-extension/3.4.2/mybatis-plus-extension-3.4.2.jar (226 kB at 273 kB/s)
[INFO] Downloading from central: https://repo.maven.apache.org/maven2/org/mybatis/mybatis/3.5.6/mybatis-3.5.6.jar
[INFO] Downloaded from central: https://repo.maven.apache.org/maven2/com/baomidou/mybatis-plus-annotation/3.4.2/mybatis-plus-annotation-3.4.2.jar (17 kB at 21 kB/s)
[INFO] Downloading from central: https://repo.maven.apache.org/maven2/org/mybatis/mybatis-spring/2.0.5/mybatis-spring-2.0.5.jar
[INFO] Downloaded from central: https://repo.maven.apache.org/maven2/org/apache/dubbo/dubbo/3.0.2.1/dubbo-3.0.2.1.jar (3.1 MB at 3.7 MB/s)
[INFO] Downloading from central: https://repo.maven.apache.org/maven2/org/springframework/boot/spring-boot-autoconfigure/2.3.12.RELEASE/spring-boot-autoconfigure-2.3.12.RELEASE.jar
[INFO] Downloaded from central: https://repo.maven.apache.org/maven2/org/mybatis/mybatis-spring/2.0.5/mybatis-spring-2.0.5.jar (68 kB at 78 kB/s)
[INFO] Downloaded from central: https://repo.maven.apache.org/maven2/com/github/jsqlparser/jsqlparser/4.0/jsqlparser-4.0.jar (760 kB at 869 kB/s)
[INFO] Downloaded from central: https://repo.maven.apache.org/maven2/org/springframework/boot/spring-boot-autoconfigure/2.3.12.RELEASE/spring-boot-autoconfigure-2.3.12.RELEASE.jar (1.5 MB at 1.7 MB/s)
[INFO] Downloaded from central: https://repo.maven.apache.org/maven2/org/mybatis/mybatis/3.5.6/mybatis-3.5.6.jar (1.7 MB at 1.9 MB/s)
[INFO] Downloaded from central: https://repo.maven.apache.org/maven2/io/netty/netty-all/4.1.65.Final/netty-all-4.1.65.Final.jar (4.4 MB at 4.4 MB/s)
[INFO] 
[INFO] --- maven-clean-plugin:3.0.0:clean (default-clean) @ dubbo-admin-server ---
[INFO] 
[INFO] --- flatten-maven-plugin:1.1.0:clean (flatten.clean) @ dubbo-admin-server ---
[INFO] 
[INFO] --- maven-enforcer-plugin:1.4.1:enforce (enforce-maven-version) @ dubbo-admin-server ---
[INFO] Skipping Rule Enforcement.
[INFO] 
[INFO] --- maven-checkstyle-plugin:3.0.0:check (checkstyle-validation) @ dubbo-admin-server ---
[INFO] 
[INFO] --- jacoco-maven-plugin:0.8.2:prepare-agent (default) @ dubbo-admin-server ---
[INFO] argLine set to -javaagent:/home/srafi/.m2/repository/org/jacoco/org.jacoco.agent/0.8.2/org.jacoco.agent-0.8.2-runtime.jar=destfile=/home/srafi/after-cam-ready/compare_/compile_repair_output/work/18dad1592217/dubbo-admin-server/target/jacoco.exec
[INFO] 
[INFO] --- maven-remote-resources-plugin:1.5:process (process-resource-bundles) @ dubbo-admin-server ---
[INFO] 
[INFO] --- maven-resources-plugin:3.0.2:copy-resources (copy Vue.js frontend content) @ dubbo-admin-server ---
[INFO] Using 'UTF-8' encoding to copy filtered resources.
[INFO] Copying 1 resource
[INFO] 
[INFO] --- maven-resources-plugin:3.0.2:resources (default-resources) @ dubbo-admin-server ---
[INFO] Using 'UTF-8' encoding to copy filtered resources.
[INFO] Copying 10 resources
[INFO] Copying 3 resources
[INFO] 
[INFO] --- flatten-maven-plugin:1.1.0:flatten (flatten) @ dubbo-admin-server ---
[INFO] Generating flattened POM of project org.apache.dubbo:dubbo-admin-server:jar:0.4.0...
[INFO] 
[INFO] --- maven-compiler-plugin:3.6.0:compile (default-compile) @ dubbo-admin-server ---
[INFO] Changes detected - recompiling the module!
[INFO] Compiling 165 source files to /home/srafi/after-cam-ready/compare_/compile_repair_output/work/18dad1592217/dubbo-admin-server/target/classes
[INFO] /home/srafi/after-cam-ready/compare_/compile_repair_output/work/18dad1592217/dubbo-admin-server/src/main/java/org/apache/dubbo/admin/service/impl/MetrcisCollectServiceImpl.java: Some input files use or override a deprecated API.
[INFO] /home/srafi/after-cam-ready/compare_/compile_repair_output/work/18dad1592217/dubbo-admin-server/src/main/java/org/apache/dubbo/admin/service/impl/MetrcisCollectServiceImpl.java: Recompile with -Xlint:deprecation for details.
[INFO] /home/srafi/after-cam-ready/compare_/compile_repair_output/work/18dad1592217/dubbo-admin-server/src/main/java/org/apache/dubbo/admin/model/domain/MethodDefinition.java: Some input files use unchecked or unsafe operations.
[INFO] /home/srafi/after-cam-ready/compare_/compile_repair_output/work/18dad1592217/dubbo-admin-server/src/main/java/org/apache/dubbo/admin/model/domain/MethodDefinition.java: Recompile with -Xlint:unchecked for details.
[INFO] 
[INFO] --- maven-resources-plugin:3.0.2:testResources (default-testResources) @ dubbo-admin-server ---
[INFO] Using 'UTF-8' encoding to copy filtered resources.
[INFO] Copying 4 resources
[INFO] Copying 3 resources
[INFO] 
[INFO] --- maven-compiler-plugin:3.6.0:testCompile (default-testCompile) @ dubbo-admin-server ---
[INFO] Changes detected - recompiling the module!
[INFO] Compiling 17 source files to /home/srafi/after-cam-ready/compare_/compile_repair_output/work/18dad1592217/dubbo-admin-server/target/test-classes
[INFO] /home/srafi/after-cam-ready/compare_/compile_repair_output/work/18dad1592217/dubbo-admin-server/src/test/java/org/apache/dubbo/admin/common/util/CoderUtilTest.java: Some input files use or override a deprecated API.
[INFO] /home/srafi/after-cam-ready/compare_/compile_repair_output/work/18dad1592217/dubbo-admin-server/src/test/java/org/apache/dubbo/admin/common/util/CoderUtilTest.java: Recompile with -Xlint:deprecation for details.
[INFO] 
[INFO] --- maven-surefire-plugin:2.21.0:test (default-test) @ dubbo-admin-server ---
[INFO] Tests are skipped.
[INFO] 
[INFO] --- jacoco-maven-plugin:0.8.2:report (report) @ dubbo-admin-server ---
[INFO] Skipping JaCoCo execution due to missing execution data file.
[INFO] 
[INFO] --- maven-jar-plugin:3.0.2:jar (default-jar) @ dubbo-admin-server ---
[INFO] Building jar: /home/srafi/after-cam-ready/compare_/compile_repair_output/work/18dad1592217/dubbo-admin-server/target/dubbo-admin-server-0.4.0.jar
[INFO] 
[INFO] --- maven-site-plugin:3.7:attach-descriptor (attach-descriptor) @ dubbo-admin-server ---
[INFO] Skipping because packaging 'jar' is not pom.
[INFO] 
[INFO] --- spring-boot-maven-plugin:2.0.2.RELEASE:repackage (default) @ dubbo-admin-server ---
[INFO] Downloading from central: https://repo.maven.apache.org/maven2/org/springframework/boot/spring-boot-loader-tools/2.0.2.RELEASE/spring-boot-loader-tools-2.0.2.RELEASE.pom
[INFO] Downloaded from central: https://repo.maven.apache.org/maven2/org/springframework/boot/spring-boot-loader-tools/2.0.2.RELEASE/spring-boot-loader-tools-2.0.2.RELEASE.pom (2.7 kB at 51 kB/s)
[INFO] Downloading from central: https://repo.maven.apache.org/maven2/org/springframework/spring-core/5.0.6.RELEASE/spring-core-5.0.6.RELEASE.pom
[INFO] Downloaded from central: https://repo.maven.apache.org/maven2/org/springframework/spring-core/5.0.6.RELEASE/spring-core-5.0.6.RELEASE.pom (5.7 kB at 124 kB/s)
[INFO] Downloading from central: https://repo.maven.apache.org/maven2/org/springframework/spring-jcl/5.0.6.RELEASE/spring-jcl-5.0.6.RELEASE.pom
[INFO] Downloaded from central: https://repo.maven.apache.org/maven2/org/springframework/spring-jcl/5.0.6.RELEASE/spring-jcl-5.0.6.RELEASE.pom (2.3 kB at 54 kB/s)
[INFO] Downloading from central: https://repo.maven.apache.org/maven2/org/springframework/boot/spring-boot-loader-tools/2.0.2.RELEASE/spring-boot-loader-tools-2.0.2.RELEASE.jar
[INFO] Downloading from central: https://repo.maven.apache.org/maven2/org/springframework/spring-core/5.0.6.RELEASE/spring-core-5.0.6.RELEASE.jar
[INFO] Downloading from central: https://repo.maven.apache.org/maven2/org/springframework/spring-jcl/5.0.6.RELEASE/spring-jcl-5.0.6.RELEASE.jar
[INFO] Downloaded from central: https://repo.maven.apache.org/maven2/org/springframework/spring-jcl/5.0.6.RELEASE/spring-jcl-5.0.6.RELEASE.jar (22 kB at 723 kB/s)
[INFO] Downloaded from central: https://repo.maven.apache.org/maven2/org/springframework/boot/spring-boot-loader-tools/2.0.2.RELEASE/spring-boot-loader-tools-2.0.2.RELEASE.jar (148 kB at 2.8 MB/s)
[INFO] Downloaded from central: https://repo.maven.apache.org/maven2/org/springframework/spring-core/5.0.6.RELEASE/spring-core-5.0.6.RELEASE.jar (1.2 MB at 7.4 MB/s)
[INFO] Layout: ZIP
[INFO] 
[INFO] --- apache-rat-plugin:0.12:check (verify.rat) @ dubbo-admin-server ---
[INFO] RAT will not execute since it is configured to be skipped via system property 'rat.skip'.
[INFO] 
[INFO] --- maven-antrun-plugin:1.8:run (default) @ dubbo-admin-server ---
[WARNING] Parameter tasks is deprecated, use target instead
[INFO] Executing tasks

main:
     [copy] Copying 1 file to /home/srafi/after-cam-ready/compare_/compile_repair_output/work/18dad1592217/dubbo-admin-distribution/target
[INFO] Executed tasks
[INFO] 
[INFO] --- maven-install-plugin:2.5.2:install (default-install) @ dubbo-admin-server ---
[INFO] Installing /home/srafi/after-cam-ready/compare_/compile_repair_output/work/18dad1592217/dubbo-admin-server/target/dubbo-admin-server-0.4.0.jar to /home/srafi/.m2/repository/org/apache/dubbo/dubbo-admin-server/0.4.0/dubbo-admin-server-0.4.0.jar
[INFO] Installing /home/srafi/after-cam-ready/compare_/compile_repair_output/work/18dad1592217/dubbo-admin-server/.flattened-pom.xml to /home/srafi/.m2/repository/org/apache/dubbo/dubbo-admin-server/0.4.0/dubbo-admin-server-0.4.0.pom
[INFO] 
[INFO] -------------< org.apache.dubbo:dubbo-admin-distribution >--------------
[INFO] Building dubbo-admin-distribution 0.4.0                            [4/5]
[INFO] --------------------------------[ jar ]---------------------------------
[INFO] 
[INFO] --- maven-clean-plugin:3.0.0:clean (default-clean) @ dubbo-admin-distribution ---
[INFO] Deleting /home/srafi/after-cam-ready/compare_/compile_repair_output/work/18dad1592217/dubbo-admin-distribution/target
[INFO] 
[INFO] --- flatten-maven-plugin:1.1.0:clean (flatten.clean) @ dubbo-admin-distribution ---
[INFO] 
[INFO] --- maven-enforcer-plugin:1.4.1:enforce (enforce-maven-version) @ dubbo-admin-distribution ---
[INFO] Skipping Rule Enforcement.
[INFO] 
[INFO] --- maven-checkstyle-plugin:3.0.0:check (checkstyle-validation) @ dubbo-admin-distribution ---
[INFO] 
[INFO] --- jacoco-maven-plugin:0.8.2:prepare-agent (default) @ dubbo-admin-distribution ---
[INFO] argLine set to -javaagent:/home/srafi/.m2/repository/org/jacoco/org.jacoco.agent/0.8.2/org.jacoco.agent-0.8.2-runtime.jar=destfile=/home/srafi/after-cam-ready/compare_/compile_repair_output/work/18dad1592217/dubbo-admin-distribution/target/jacoco.exec
[INFO] 
[INFO] --- maven-remote-resources-plugin:1.5:process (process-resource-bundles) @ dubbo-admin-distribution ---
[INFO] 
[INFO] --- maven-resources-plugin:3.0.2:resources (default-resources) @ dubbo-admin-distribution ---
[INFO] Using 'UTF-8' encoding to copy filtered resources.
[INFO] skip non existing resourceDirectory /home/srafi/after-cam-ready/compare_/compile_repair_output/work/18dad1592217/dubbo-admin-distribution/src/main/resources
[INFO] Copying 3 resources
[INFO] 
[INFO] --- flatten-maven-plugin:1.1.0:flatten (flatten) @ dubbo-admin-distribution ---
[INFO] Generating flattened POM of project org.apache.dubbo:dubbo-admin-distribution:jar:0.4.0...
[INFO] 
[INFO] --- maven-compiler-plugin:3.6.0:compile (default-compile) @ dubbo-admin-distribution ---
[INFO] No sources to compile
[INFO] 
[INFO] --- maven-resources-plugin:3.0.2:testResources (default-testResources) @ dubbo-admin-distribution ---
[INFO] Using 'UTF-8' encoding to copy filtered resources.
[INFO] skip non existing resourceDirectory /home/srafi/after-cam-ready/compare_/compile_repair_output/work/18dad1592217/dubbo-admin-distribution/src/test/resources
[INFO] Copying 3 resources
[INFO] 
[INFO] --- maven-compiler-plugin:3.6.0:testCompile (default-testCompile) @ dubbo-admin-distribution ---
[INFO] No sources to compile
[INFO] 
[INFO] --- maven-surefire-plugin:2.21.0:test (default-test) @ dubbo-admin-distribution ---
[INFO] Tests are skipped.
[INFO] 
[INFO] --- jacoco-maven-plugin:0.8.2:report (report) @ dubbo-admin-distribution ---
[INFO] Skipping JaCoCo execution due to missing execution data file.
[INFO] 
[INFO] --- maven-jar-plugin:3.0.2:jar (default-jar) @ dubbo-admin-distribution ---
[INFO] Building jar: /home/srafi/after-cam-ready/compare_/compile_repair_output/work/18dad1592217/dubbo-admin-distribution/target/dubbo-admin-distribution-0.4.0.jar
[INFO] 
[INFO] --- maven-site-plugin:3.7:attach-descriptor (attach-descriptor) @ dubbo-admin-distribution ---
[INFO] Skipping because packaging 'jar' is not pom.
[INFO] 
[INFO] --- maven-antrun-plugin:1.8:run (default) @ dubbo-admin-distribution ---
[WARNING] Parameter tasks is deprecated, use target instead
[INFO] Executing tasks

main:
     [copy] Copying 1 file to /home/srafi/after-cam-ready/compare_/compile_repair_output/work/18dad1592217/dubbo-admin-distribution/target
     [copy] Copying 1 file to /home/srafi/after-cam-ready/compare_/compile_repair_output/work/18dad1592217/dubbo-admin-distribution/src/bin/config
[INFO] Executed tasks
[INFO] 
[INFO] --- apache-rat-plugin:0.12:check (verify.rat) @ dubbo-admin-distribution ---
[INFO] RAT will not execute since it is configured to be skipped via system property 'rat.skip'.
[INFO] 
[INFO] --- maven-install-plugin:2.5.2:install (default-install) @ dubbo-admin-distribution ---
[INFO] Installing /home/srafi/after-cam-ready/compare_/compile_repair_output/work/18dad1592217/dubbo-admin-distribution/target/dubbo-admin-distribution-0.4.0.jar to /home/srafi/.m2/repository/org/apache/dubbo/dubbo-admin-distribution/0.4.0/dubbo-admin-distribution-0.4.0.jar
[INFO] Installing /home/srafi/after-cam-ready/compare_/compile_repair_output/work/18dad1592217/dubbo-admin-distribution/.flattened-pom.xml to /home/srafi/.m2/repository/org/apache/dubbo/dubbo-admin-distribution/0.4.0/dubbo-admin-distribution-0.4.0.pom
[INFO] 
[INFO] -----------------< org.apache.dubbo:dubbo-admin-test >------------------
[INFO] Building dubbo-admin-test 0.4.0                                    [5/5]
[INFO] --------------------------------[ jar ]---------------------------------
[INFO] Downloading from central: https://repo.maven.apache.org/maven2/io/netty/netty-all/4.1.56.Final/netty-all-4.1.56.Final.pom
[INFO] Downloaded from central: https://repo.maven.apache.org/maven2/io/netty/netty-all/4.1.56.Final/netty-all-4.1.56.Final.pom (27 kB at 617 kB/s)
[INFO] Downloading from central: https://repo.maven.apache.org/maven2/io/netty/netty-parent/4.1.56.Final/netty-parent-4.1.56.Final.pom
[INFO] Downloaded from central: https://repo.maven.apache.org/maven2/io/netty/netty-parent/4.1.56.Final/netty-parent-4.1.56.Final.pom (62 kB at 1.3 MB/s)
[INFO] Downloading from central: https://repo.maven.apache.org/maven2/io/netty/netty-bom/4.1.56.Final/netty-bom-4.1.56.Final.pom
[INFO] Downloaded from central: https://repo.maven.apache.org/maven2/io/netty/netty-bom/4.1.56.Final/netty-bom-4.1.56.Final.pom (8.8 kB at 214 kB/s)
[INFO] Downloading from central: https://repo.maven.apache.org/maven2/org/apache/dubbo/dubbo-dependencies-zookeeper/3.0.2.1/dubbo-dependencies-zookeeper-3.0.2.1.pom
[INFO] Downloaded from central: https://repo.maven.apache.org/maven2/org/apache/dubbo/dubbo-dependencies-zookeeper/3.0.2.1/dubbo-dependencies-zookeeper-3.0.2.1.pom (4.2 kB at 31 kB/s)
[INFO] Downloading from central: https://repo.maven.apache.org/maven2/com/sun/jersey/jersey-json/1.19.4/jersey-json-1.19.4.pom
[INFO] Downloaded from central: https://repo.maven.apache.org/maven2/com/sun/jersey/jersey-json/1.19.4/jersey-json-1.19.4.pom (10 kB at 239 kB/s)
[INFO] Downloading from central: https://repo.maven.apache.org/maven2/com/sun/jersey/jersey-client/1.19.4/jersey-client-1.19.4.pom
[INFO] Downloaded from central: https://repo.maven.apache.org/maven2/com/sun/jersey/jersey-client/1.19.4/jersey-client-1.19.4.pom (0 B at 0 B/s)
[INFO] Downloading from central: https://repo.maven.apache.org/maven2/org/eclipse/jetty/aggregate/jetty-all-server/8.2.0.v20160908/jetty-all-server-8.2.0.v20160908.pom
[INFO] Downloaded from central: https://repo.maven.apache.org/maven2/org/eclipse/jetty/aggregate/jetty-all-server/8.2.0.v20160908/jetty-all-server-8.2.0.v20160908.pom (9.8 kB at 39 kB/s)
[INFO] Downloading from central: https://repo.maven.apache.org/maven2/org/eclipse/jetty/aggregate/jetty-aggregate-project/8.2.0.v20160908/jetty-aggregate-project-8.2.0.v20160908.pom
[INFO] Downloaded from central: https://repo.maven.apache.org/maven2/org/eclipse/jetty/aggregate/jetty-aggregate-project/8.2.0.v20160908/jetty-aggregate-project-8.2.0.v20160908.pom (1.5 kB at 10 kB/s)
[INFO] Downloading from central: https://repo.maven.apache.org/maven2/org/eclipse/jetty/orbit/javax.security.auth.message/1.0.0.v201108011116/javax.security.auth.message-1.0.0.v201108011116.pom
[INFO] Downloaded from central: https://repo.maven.apache.org/maven2/org/eclipse/jetty/orbit/javax.security.auth.message/1.0.0.v201108011116/javax.security.auth.message-1.0.0.v201108011116.pom (744 B at 15 kB/s)
[INFO] Downloading from central: https://repo.maven.apache.org/maven2/org/eclipse/jetty/orbit/javax.mail.glassfish/1.4.1.v201005082020/javax.mail.glassfish-1.4.1.v201005082020.pom
[INFO] Downloaded from central: https://repo.maven.apache.org/maven2/org/eclipse/jetty/orbit/javax.mail.glassfish/1.4.1.v201005082020/javax.mail.glassfish-1.4.1.v201005082020.pom (954 B at 22 kB/s)
[INFO] Downloading from central: https://repo.maven.apache.org/maven2/org/eclipse/jetty/orbit/javax.activation/1.1.0.v201105071233/javax.activation-1.1.0.v201105071233.pom
[INFO] Downloaded from central: https://repo.maven.apache.org/maven2/org/eclipse/jetty/orbit/javax.activation/1.1.0.v201105071233/javax.activation-1.1.0.v201105071233.pom (734 B at 16 kB/s)
[INFO] Downloading from central: https://repo.maven.apache.org/maven2/org/eclipse/jetty/orbit/javax.annotation/1.1.0.v201108011116/javax.annotation-1.1.0.v201108011116.pom
[INFO] Downloaded from central: https://repo.maven.apache.org/maven2/org/eclipse/jetty/orbit/javax.annotation/1.1.0.v201108011116/javax.annotation-1.1.0.v201108011116.pom (734 B at 15 kB/s)
[INFO] Downloading from central: https://repo.maven.apache.org/maven2/io/github/bonigarcia/webdrivermanager/3.4.0/webdrivermanager-3.4.0.pom
[INFO] Downloaded from central: https://repo.maven.apache.org/maven2/io/github/bonigarcia/webdrivermanager/3.4.0/webdrivermanager-3.4.0.pom (13 kB at 235 kB/s)
[INFO] Downloading from central: https://repo.maven.apache.org/maven2/org/rauschig/jarchivelib/1.0.0/jarchivelib-1.0.0.pom
[INFO] Downloaded from central: https://repo.maven.apache.org/maven2/org/rauschig/jarchivelib/1.0.0/jarchivelib-1.0.0.pom (4.9 kB at 103 kB/s)
[INFO] Downloading from central: https://repo.maven.apache.org/maven2/org/rauschig/oss-parent/1/oss-parent-1.pom
[INFO] Downloaded from central: https://repo.maven.apache.org/maven2/org/rauschig/oss-parent/1/oss-parent-1.pom (5.4 kB at 114 kB/s)
[INFO] Downloading from central: https://repo.maven.apache.org/maven2/org/fluentlenium/fluentlenium-junit/3.9.1/fluentlenium-junit-3.9.1.pom
[INFO] Downloaded from central: https://repo.maven.apache.org/maven2/org/fluentlenium/fluentlenium-junit/3.9.1/fluentlenium-junit-3.9.1.pom (2.5 kB at 12 kB/s)
[INFO] Downloading from central: https://repo.maven.apache.org/maven2/org/fluentlenium/fluentlenium-parent/3.9.1/fluentlenium-parent-3.9.1.pom
[INFO] Downloaded from central: https://repo.maven.apache.org/maven2/org/fluentlenium/fluentlenium-parent/3.9.1/fluentlenium-parent-3.9.1.pom (22 kB at 63 kB/s)
[INFO] Downloading from central: https://repo.maven.apache.org/maven2/org/fluentlenium/fluentlenium-core/3.9.1/fluentlenium-core-3.9.1.pom
[INFO] Downloaded from central: https://repo.maven.apache.org/maven2/org/fluentlenium/fluentlenium-core/3.9.1/fluentlenium-core-3.9.1.pom (5.7 kB at 25 kB/s)
[INFO] Downloading from central: https://repo.maven.apache.org/maven2/org/atteo/classindex/classindex/3.8/classindex-3.8.pom
[INFO] Downloaded from central: https://repo.maven.apache.org/maven2/org/atteo/classindex/classindex/3.8/classindex-3.8.pom (6.1 kB at 118 kB/s)
[INFO] Downloading from central: https://repo.maven.apache.org/maven2/org/atteo/classindex/parent/3.8/parent-3.8.pom
[INFO] Downloaded from central: https://repo.maven.apache.org/maven2/org/atteo/classindex/parent/3.8/parent-3.8.pom (1.5 kB at 30 kB/s)
[INFO] Downloading from central: https://repo.maven.apache.org/maven2/org/atteo/parent/1.16/parent-1.16.pom
[INFO] Downloaded from central: https://repo.maven.apache.org/maven2/org/atteo/parent/1.16/parent-1.16.pom (17 kB at 307 kB/s)
[INFO] Downloading from central: https://repo.maven.apache.org/maven2/org/apache/commons/commons-text/1.7/commons-text-1.7.pom
[INFO] Downloaded from central: https://repo.maven.apache.org/maven2/org/apache/commons/commons-text/1.7/commons-text-1.7.pom (16 kB at 375 kB/s)
[INFO] Downloading from central: https://repo.maven.apache.org/maven2/net/sourceforge/htmlunit/htmlunit/2.40.0/htmlunit-2.40.0.pom
[INFO] Downloaded from central: https://repo.maven.apache.org/maven2/net/sourceforge/htmlunit/htmlunit/2.40.0/htmlunit-2.40.0.pom (57 kB at 1.2 MB/s)
[INFO] Downloading from central: https://repo.maven.apache.org/maven2/net/sourceforge/htmlunit/htmlunit-core-js/2.40.0/htmlunit-core-js-2.40.0.pom
[INFO] Downloaded from central: https://repo.maven.apache.org/maven2/net/sourceforge/htmlunit/htmlunit-core-js/2.40.0/htmlunit-core-js-2.40.0.pom (1.7 kB at 38 kB/s)
[INFO] Downloading from central: https://repo.maven.apache.org/maven2/net/sourceforge/htmlunit/neko-htmlunit/2.40.0/neko-htmlunit-2.40.0.pom
[INFO] Downloaded from central: https://repo.maven.apache.org/maven2/net/sourceforge/htmlunit/neko-htmlunit/2.40.0/neko-htmlunit-2.40.0.pom (7.2 kB at 168 kB/s)
[INFO] Downloading from central: https://repo.maven.apache.org/maven2/com/shapesecurity/salvation/2.7.1/salvation-2.7.1.pom
[INFO] Downloaded from central: https://repo.maven.apache.org/maven2/com/shapesecurity/salvation/2.7.1/salvation-2.7.1.pom (10 kB at 210 kB/s)
[INFO] Downloading from central: https://repo.maven.apache.org/maven2/org/eclipse/jetty/websocket/websocket-client/9.4.42.v20210604/websocket-client-9.4.42.v20210604.pom
[INFO] Downloaded from central: https://repo.maven.apache.org/maven2/org/eclipse/jetty/websocket/websocket-client/9.4.42.v20210604/websocket-client-9.4.42.v20210604.pom (4.6 kB at 94 kB/s)
[INFO] Downloading from central: https://repo.maven.apache.org/maven2/org/eclipse/jetty/websocket/websocket-parent/9.4.42.v20210604/websocket-parent-9.4.42.v20210604.pom
[INFO] Downloaded from central: https://repo.maven.apache.org/maven2/org/eclipse/jetty/websocket/websocket-parent/9.4.42.v20210604/websocket-parent-9.4.42.v20210604.pom (1.4 kB at 31 kB/s)
[INFO] Downloading from central: https://repo.maven.apache.org/maven2/org/eclipse/jetty/jetty-project/9.4.42.v20210604/jetty-project-9.4.42.v20210604.pom
[INFO] Downloaded from central: https://repo.maven.apache.org/maven2/org/eclipse/jetty/jetty-project/9.4.42.v20210604/jetty-project-9.4.42.v20210604.pom (63 kB at 1.2 MB/s)
[INFO] Downloading from central: https://repo.maven.apache.org/maven2/org/eclipse/jetty/jetty-client/9.4.42.v20210604/jetty-client-9.4.42.v20210604.pom
[INFO] Downloaded from central: https://repo.maven.apache.org/maven2/org/eclipse/jetty/jetty-client/9.4.42.v20210604/jetty-client-9.4.42.v20210604.pom (5.0 kB at 121 kB/s)
[INFO] Downloading from central: https://repo.maven.apache.org/maven2/org/eclipse/jetty/jetty-http/9.4.42.v20210604/jetty-http-9.4.42.v20210604.pom
[INFO] Downloaded from central: https://repo.maven.apache.org/maven2/org/eclipse/jetty/jetty-http/9.4.42.v20210604/jetty-http-9.4.42.v20210604.pom (4.0 kB at 86 kB/s)
[INFO] Downloading from central: https://repo.maven.apache.org/maven2/org/eclipse/jetty/jetty-util/9.4.42.v20210604/jetty-util-9.4.42.v20210604.pom
[INFO] Downloaded from central: https://repo.maven.apache.org/maven2/org/eclipse/jetty/jetty-util/9.4.42.v20210604/jetty-util-9.4.42.v20210604.pom (3.9 kB at 78 kB/s)
[INFO] Downloading from central: https://repo.maven.apache.org/maven2/org/eclipse/jetty/jetty-io/9.4.42.v20210604/jetty-io-9.4.42.v20210604.pom
[INFO] Downloaded from central: https://repo.maven.apache.org/maven2/org/eclipse/jetty/jetty-io/9.4.42.v20210604/jetty-io-9.4.42.v20210604.pom (1.2 kB at 23 kB/s)
[INFO] Downloading from central: https://repo.maven.apache.org/maven2/org/eclipse/jetty/websocket/websocket-common/9.4.42.v20210604/websocket-common-9.4.42.v20210604.pom
[INFO] Downloaded from central: https://repo.maven.apache.org/maven2/org/eclipse/jetty/websocket/websocket-common/9.4.42.v20210604/websocket-common-9.4.42.v20210604.pom (3.6 kB at 70 kB/s)
[INFO] Downloading from central: https://repo.maven.apache.org/maven2/org/eclipse/jetty/websocket/websocket-api/9.4.42.v20210604/websocket-api-9.4.42.v20210604.pom
[INFO] Downloaded from central: https://repo.maven.apache.org/maven2/org/eclipse/jetty/websocket/websocket-api/9.4.42.v20210604/websocket-api-9.4.42.v20210604.pom (2.5 kB at 59 kB/s)
[INFO] Downloading from central: https://repo.maven.apache.org/maven2/io/appium/java-client/7.2.0/java-client-7.2.0.pom
[INFO] Downloaded from central: https://repo.maven.apache.org/maven2/io/appium/java-client/7.2.0/java-client-7.2.0.pom (4.4 kB at 89 kB/s)
[INFO] Downloading from central: https://repo.maven.apache.org/maven2/cglib/cglib/3.2.12/cglib-3.2.12.pom
[INFO] Downloaded from central: https://repo.maven.apache.org/maven2/cglib/cglib/3.2.12/cglib-3.2.12.pom (2.9 kB at 66 kB/s)
[INFO] Downloading from central: https://repo.maven.apache.org/maven2/cglib/cglib-parent/3.2.12/cglib-parent-3.2.12.pom
[INFO] Downloaded from central: https://repo.maven.apache.org/maven2/cglib/cglib-parent/3.2.12/cglib-parent-3.2.12.pom (10 kB at 216 kB/s)
[INFO] Downloading from central: https://repo.maven.apache.org/maven2/io/netty/netty-all/4.1.56.Final/netty-all-4.1.56.Final.jar
[INFO] Downloading from central: https://repo.maven.apache.org/maven2/com/sun/jersey/jersey-json/1.19.4/jersey-json-1.19.4.jar
[INFO] Downloading from central: https://repo.maven.apache.org/maven2/org/eclipse/jetty/aggregate/jetty-all-server/8.2.0.v20160908/jetty-all-server-8.2.0.v20160908.jar
[INFO] Downloading from central: https://repo.maven.apache.org/maven2/com/sun/jersey/jersey-client/1.19.4/jersey-client-1.19.4.jar
[INFO] Downloading from central: https://repo.maven.apache.org/maven2/org/eclipse/jetty/orbit/javax.security.auth.message/1.0.0.v201108011116/javax.security.auth.message-1.0.0.v201108011116.jar
[INFO] Downloaded from central: https://repo.maven.apache.org/maven2/com/sun/jersey/jersey-client/1.19.4/jersey-client-1.19.4.jar (0 B at 0 B/s)
[INFO] Downloading from central: https://repo.maven.apache.org/maven2/org/eclipse/jetty/orbit/javax.mail.glassfish/1.4.1.v201005082020/javax.mail.glassfish-1.4.1.v201005082020.jar
[INFO] Downloaded from central: https://repo.maven.apache.org/maven2/org/eclipse/jetty/orbit/javax.security.auth.message/1.0.0.v201108011116/javax.security.auth.message-1.0.0.v201108011116.jar (41 kB at 923 kB/s)
[INFO] Downloading from central: https://repo.maven.apache.org/maven2/org/eclipse/jetty/orbit/javax.activation/1.1.0.v201105071233/javax.activation-1.1.0.v201105071233.jar
[INFO] Downloaded from central: https://repo.maven.apache.org/maven2/com/sun/jersey/jersey-json/1.19.4/jersey-json-1.19.4.jar (165 kB at 2.8 MB/s)
[INFO] Downloading from central: https://repo.maven.apache.org/maven2/org/eclipse/jetty/orbit/javax.annotation/1.1.0.v201108011116/javax.annotation-1.1.0.v201108011116.jar
[INFO] Downloaded from central: https://repo.maven.apache.org/maven2/org/eclipse/jetty/orbit/javax.mail.glassfish/1.4.1.v201005082020/javax.mail.glassfish-1.4.1.v201005082020.jar (491 kB at 7.3 MB/s)
[INFO] Downloading from central: https://repo.maven.apache.org/maven2/io/github/bonigarcia/webdrivermanager/3.4.0/webdrivermanager-3.4.0.jar
[INFO] Downloaded from central: https://repo.maven.apache.org/maven2/org/eclipse/jetty/orbit/javax.activation/1.1.0.v201105071233/javax.activation-1.1.0.v201105071233.jar (54 kB at 726 kB/s)
[INFO] Downloading from central: https://repo.maven.apache.org/maven2/org/rauschig/jarchivelib/1.0.0/jarchivelib-1.0.0.jar
[INFO] Downloaded from central: https://repo.maven.apache.org/maven2/org/eclipse/jetty/orbit/javax.annotation/1.1.0.v201108011116/javax.annotation-1.1.0.v201108011116.jar (26 kB at 265 kB/s)
[INFO] Downloading from central: https://repo.maven.apache.org/maven2/org/fluentlenium/fluentlenium-junit/3.9.1/fluentlenium-junit-3.9.1.jar
[INFO] Downloaded from central: https://repo.maven.apache.org/maven2/io/netty/netty-all/4.1.56.Final/netty-all-4.1.56.Final.jar (4.3 MB at 41 MB/s)
[INFO] Downloading from central: https://repo.maven.apache.org/maven2/org/fluentlenium/fluentlenium-core/3.9.1/fluentlenium-core-3.9.1.jar
[INFO] Downloaded from central: https://repo.maven.apache.org/maven2/org/rauschig/jarchivelib/1.0.0/jarchivelib-1.0.0.jar (41 kB at 387 kB/s)
[INFO] Downloading from central: https://repo.maven.apache.org/maven2/org/atteo/classindex/classindex/3.8/classindex-3.8.jar
[INFO] Downloaded from central: https://repo.maven.apache.org/maven2/io/github/bonigarcia/webdrivermanager/3.4.0/webdrivermanager-3.4.0.jar (80 kB at 674 kB/s)
[INFO] Downloading from central: https://repo.maven.apache.org/maven2/org/apache/commons/commons-text/1.7/commons-text-1.7.jar
[INFO] Downloaded from central: https://repo.maven.apache.org/maven2/org/atteo/classindex/classindex/3.8/classindex-3.8.jar (34 kB at 246 kB/s)
[INFO] Downloading from central: https://repo.maven.apache.org/maven2/net/sourceforge/htmlunit/htmlunit/2.40.0/htmlunit-2.40.0.jar
[INFO] Downloaded from central: https://repo.maven.apache.org/maven2/org/apache/commons/commons-text/1.7/commons-text-1.7.jar (205 kB at 1.4 MB/s)
[INFO] Downloading from central: https://repo.maven.apache.org/maven2/net/sourceforge/htmlunit/htmlunit-core-js/2.40.0/htmlunit-core-js-2.40.0.jar
[INFO] Downloaded from central: https://repo.maven.apache.org/maven2/org/eclipse/jetty/aggregate/jetty-all-server/8.2.0.v20160908/jetty-all-server-8.2.0.v20160908.jar (1.9 MB at 12 MB/s)
[INFO] Downloading from central: https://repo.maven.apache.org/maven2/net/sourceforge/htmlunit/neko-htmlunit/2.40.0/neko-htmlunit-2.40.0.jar
[INFO] Downloaded from central: https://repo.maven.apache.org/maven2/net/sourceforge/htmlunit/htmlunit-core-js/2.40.0/htmlunit-core-js-2.40.0.jar (1.2 MB at 6.1 MB/s)
[INFO] Downloading from central: https://repo.maven.apache.org/maven2/com/shapesecurity/salvation/2.7.1/salvation-2.7.1.jar
[INFO] Downloaded from central: https://repo.maven.apache.org/maven2/net/sourceforge/htmlunit/htmlunit/2.40.0/htmlunit-2.40.0.jar (2.1 MB at 10 MB/s)
[INFO] Downloading from central: https://repo.maven.apache.org/maven2/org/eclipse/jetty/websocket/websocket-client/9.4.42.v20210604/websocket-client-9.4.42.v20210604.jar
[INFO] Downloaded from central: https://repo.maven.apache.org/maven2/net/sourceforge/htmlunit/neko-htmlunit/2.40.0/neko-htmlunit-2.40.0.jar (376 kB at 1.9 MB/s)
[INFO] Downloading from central: https://repo.maven.apache.org/maven2/org/eclipse/jetty/jetty-client/9.4.42.v20210604/jetty-client-9.4.42.v20210604.jar
[INFO] Downloaded from central: https://repo.maven.apache.org/maven2/com/shapesecurity/salvation/2.7.1/salvation-2.7.1.jar (112 kB at 487 kB/s)
[INFO] Downloading from central: https://repo.maven.apache.org/maven2/org/eclipse/jetty/jetty-http/9.4.42.v20210604/jetty-http-9.4.42.v20210604.jar
[INFO] Downloaded from central: https://repo.maven.apache.org/maven2/org/eclipse/jetty/websocket/websocket-client/9.4.42.v20210604/websocket-client-9.4.42.v20210604.jar (46 kB at 192 kB/s)
[INFO] Downloading from central: https://repo.maven.apache.org/maven2/org/eclipse/jetty/jetty-util/9.4.42.v20210604/jetty-util-9.4.42.v20210604.jar
[INFO] Downloaded from central: https://repo.maven.apache.org/maven2/org/eclipse/jetty/jetty-client/9.4.42.v20210604/jetty-client-9.4.42.v20210604.jar (324 kB at 1.4 MB/s)
[INFO] Downloading from central: https://repo.maven.apache.org/maven2/org/eclipse/jetty/jetty-io/9.4.42.v20210604/jetty-io-9.4.42.v20210604.jar
[INFO] Downloaded from central: https://repo.maven.apache.org/maven2/org/eclipse/jetty/jetty-http/9.4.42.v20210604/jetty-http-9.4.42.v20210604.jar (222 kB at 850 kB/s)
[INFO] Downloading from central: https://repo.maven.apache.org/maven2/org/eclipse/jetty/websocket/websocket-common/9.4.42.v20210604/websocket-common-9.4.42.v20210604.jar
[INFO] Downloaded from central: https://repo.maven.apache.org/maven2/org/eclipse/jetty/jetty-io/9.4.42.v20210604/jetty-io-9.4.42.v20210604.jar (179 kB at 653 kB/s)
[INFO] Downloading from central: https://repo.maven.apache.org/maven2/org/eclipse/jetty/websocket/websocket-api/9.4.42.v20210604/websocket-api-9.4.42.v20210604.jar
[INFO] Downloaded from central: https://repo.maven.apache.org/maven2/org/eclipse/jetty/jetty-util/9.4.42.v20210604/jetty-util-9.4.42.v20210604.jar (576 kB at 2.1 MB/s)
[INFO] Downloading from central: https://repo.maven.apache.org/maven2/io/appium/java-client/7.2.0/java-client-7.2.0.jar
[INFO] Downloaded from central: https://repo.maven.apache.org/maven2/org/eclipse/jetty/websocket/websocket-common/9.4.42.v20210604/websocket-common-9.4.42.v20210604.jar (214 kB at 727 kB/s)
[INFO] Downloading from central: https://repo.maven.apache.org/maven2/cglib/cglib/3.2.12/cglib-3.2.12.jar
[INFO] Downloaded from central: https://repo.maven.apache.org/maven2/org/eclipse/jetty/websocket/websocket-api/9.4.42.v20210604/websocket-api-9.4.42.v20210604.jar (52 kB at 169 kB/s)
[INFO] Downloaded from central: https://repo.maven.apache.org/maven2/io/appium/java-client/7.2.0/java-client-7.2.0.jar (364 kB at 1.2 MB/s)
[INFO] Downloaded from central: https://repo.maven.apache.org/maven2/cglib/cglib/3.2.12/cglib-3.2.12.jar (307 kB at 930 kB/s)
[INFO] Downloaded from central: https://repo.maven.apache.org/maven2/org/fluentlenium/fluentlenium-junit/3.9.1/fluentlenium-junit-3.9.1.jar (8.1 kB at 16 kB/s)
[INFO] Downloaded from central: https://repo.maven.apache.org/maven2/org/fluentlenium/fluentlenium-core/3.9.1/fluentlenium-core-3.9.1.jar (457 kB at 552 kB/s)
[INFO] 
[INFO] --- maven-clean-plugin:3.0.0:clean (default-clean) @ dubbo-admin-test ---
[INFO] 
[INFO] --- flatten-maven-plugin:1.1.0:clean (flatten.clean) @ dubbo-admin-test ---
[INFO] 
[INFO] --- maven-enforcer-plugin:1.4.1:enforce (enforce-maven-version) @ dubbo-admin-test ---
[INFO] Skipping Rule Enforcement.
[INFO] 
[INFO] --- maven-checkstyle-plugin:3.0.0:check (checkstyle-validation) @ dubbo-admin-test ---
[INFO] 
[INFO] --- jacoco-maven-plugin:0.8.2:prepare-agent (default) @ dubbo-admin-test ---
[INFO] argLine set to -javaagent:/home/srafi/.m2/repository/org/jacoco/org.jacoco.agent/0.8.2/org.jacoco.agent-0.8.2-runtime.jar=destfile=/home/srafi/after-cam-ready/compare_/compile_repair_output/work/18dad1592217/dubbo-admin-test/target/jacoco.exec
[INFO] 
[INFO] --- maven-remote-resources-plugin:1.5:process (process-resource-bundles) @ dubbo-admin-test ---
[INFO] 
[INFO] --- maven-resources-plugin:3.0.2:resources (default-resources) @ dubbo-admin-test ---
[INFO] Using 'UTF-8' encoding to copy filtered resources.
[INFO] Copying 2 resources
[INFO] Copying 3 resources
[INFO] 
[INFO] --- flatten-maven-plugin:1.1.0:flatten (flatten) @ dubbo-admin-test ---
[INFO] Generating flattened POM of project org.apache.dubbo:dubbo-admin-test:jar:0.4.0...
[INFO] 
[INFO] --- maven-compiler-plugin:3.7.0:compile (default-compile) @ dubbo-admin-test ---
[INFO] Changes detected - recompiling the module!
[INFO] Compiling 6 source files to /home/srafi/after-cam-ready/compare_/compile_repair_output/work/18dad1592217/dubbo-admin-test/target/classes
[INFO] 
[INFO] --- maven-resources-plugin:3.0.2:testResources (default-testResources) @ dubbo-admin-test ---
[INFO] Using 'UTF-8' encoding to copy filtered resources.
[INFO] skip non existing resourceDirectory /home/srafi/after-cam-ready/compare_/compile_repair_output/work/18dad1592217/dubbo-admin-test/src/test/resources
[INFO] Copying 3 resources
[INFO] 
[INFO] --- maven-compiler-plugin:3.7.0:testCompile (default-testCompile) @ dubbo-admin-test ---
[INFO] Changes detected - recompiling the module!
[INFO] Compiling 10 source files to /home/srafi/after-cam-ready/compare_/compile_repair_output/work/18dad1592217/dubbo-admin-test/target/test-classes
[INFO] 
[INFO] --- maven-surefire-plugin:2.21.0:test (default-test) @ dubbo-admin-test ---
[INFO] Tests are skipped.
[INFO] 
[INFO] --- jacoco-maven-plugin:0.8.2:report (report) @ dubbo-admin-test ---
[INFO] Skipping JaCoCo execution due to missing execution data file.
[INFO] 
[INFO] --- maven-jar-plugin:3.0.2:jar (default-jar) @ dubbo-admin-test ---
[INFO] Building jar: /home/srafi/after-cam-ready/compare_/compile_repair_output/work/18dad1592217/dubbo-admin-test/target/dubbo-admin-test-0.4.0.jar
[INFO] 
[INFO] --- maven-site-plugin:3.7:attach-descriptor (attach-descriptor) @ dubbo-admin-test ---
[INFO] Skipping because packaging 'jar' is not pom.
[INFO] 
[INFO] --- apache-rat-plugin:0.12:check (verify.rat) @ dubbo-admin-test ---
[INFO] RAT will not execute since it is configured to be skipped via system property 'rat.skip'.
[INFO] 
[INFO] --- maven-install-plugin:2.5.2:install (default-install) @ dubbo-admin-test ---
[INFO] Installing /home/srafi/after-cam-ready/compare_/compile_repair_output/work/18dad1592217/dubbo-admin-test/target/dubbo-admin-test-0.4.0.jar to /home/srafi/.m2/repository/org/apache/dubbo/dubbo-admin-test/0.4.0/dubbo-admin-test-0.4.0.jar
[INFO] Installing /home/srafi/after-cam-ready/compare_/compile_repair_output/work/18dad1592217/dubbo-admin-test/.flattened-pom.xml to /home/srafi/.m2/repository/org/apache/dubbo/dubbo-admin-test/0.4.0/dubbo-admin-test-0.4.0.pom
[INFO] ------------------------------------------------------------------------
[INFO] Reactor Summary for dubbo-admin 0.4.0:
[INFO] 
[INFO] dubbo-admin ........................................ SUCCESS [  1.181 s]
[INFO] dubbo-admin-ui ..................................... SUCCESS [  0.823 s]
[INFO] dubbo-admin-server ................................. SUCCESS [ 10.155 s]
[INFO] dubbo-admin-distribution ........................... SUCCESS [  0.397 s]
[INFO] dubbo-admin-test ................................... SUCCESS [  4.510 s]
[INFO] ------------------------------------------------------------------------
[INFO] BUILD SUCCESS
[INFO] ------------------------------------------------------------------------
[INFO] Total time:  17.710 s
[INFO] Finished at: 2026-08-15T14:27:20-04:00
[INFO] ------------------------------------------------------------------------
